Year,Adult_Mortality,infant_deaths,Alcohol,percentage_expenditure,Hepatitis_B,Measles,BMI,under_five_deaths,Polio,Total_expenditure,Diphtheria,HIV_AIDS,GDP,Population,thinness_1_19_years,thinness_5_9_years,Income_composition_of_resources,Schooling,Life_expectancy,Year_Anomaly_ZScore,Adult_Mortality_Anomaly_ZScore,infant_deaths_Anomaly_ZScore,Alcohol_Anomaly_ZScore,percentage_expenditure_Anomaly_ZScore,Hepatitis_B_Anomaly_ZScore,Measles_Anomaly_ZScore,BMI_Anomaly_ZScore,under_five_deaths_Anomaly_ZScore,Polio_Anomaly_ZScore,Total_expenditure_Anomaly_ZScore,Diphtheria_Anomaly_ZScore,HIV_AIDS_Anomaly_ZScore,GDP_Anomaly_ZScore,Population_Anomaly_ZScore,thinness_1_19_years_Anomaly_ZScore,thinness_5_9_years_Anomaly_ZScore,Income_composition_of_resources_Anomaly_ZScore,Schooling_Anomaly_ZScore,Life_expectancy_Anomaly_ZScore,Year_Anomaly_IQR,Adult_Mortality_Anomaly_IQR,infant_deaths_Anomaly_IQR,Alcohol_Anomaly_IQR,percentage_expenditure_Anomaly_IQR,Hepatitis_B_Anomaly_IQR,Measles_Anomaly_IQR,BMI_Anomaly_IQR,under_five_deaths_Anomaly_IQR,Polio_Anomaly_IQR,Total_expenditure_Anomaly_IQR,Diphtheria_Anomaly_IQR,HIV_AIDS_Anomaly_IQR,GDP_Anomaly_IQR,Population_Anomaly_IQR,thinness_1_19_years_Anomaly_IQR,thinness_5_9_years_Anomaly_IQR,Income_composition_of_resources_Anomaly_IQR,Schooling_Anomaly_IQR,Life_expectancy_Anomaly_IQR
2000,129,2,3.280000000000000000,47.81704183000000100,55,50,46.0000000000000000,2,81,6.9400000000000000,8,0.1000000000000000,691.9977109999999800,44183.0000000000,3.1000000000000000,3.1000000000000000,0E-17,11.4000000000000000,71.800000000000000,0,0,0,0,0,0,0,0,0,0,0,1,0,0,0,0,0,0,0,0,0,0,0,0,0,1,0,0,0,0,0,1,0,0,0,0,0,1,0,0
2004,86,3,11.830000000000000000,5842.37476499999960000,88,121,57.1000000000000000,3,96,1.3700000000000000,96,0.1000000000000000,34165.9343000000010000,8251626.0000000000,1.1000000000000001,1.1000000000000001,0.87700000000000000,16.3999999999999990,79.099999999999994,0,0,0,0,0,0,0,0,0,0,0,0,0,0,0,0,0,0,0,0,0,0,0,0,1,0,0,0,0,0,0,0,0,1,0,0,0,0,0,0
2000,182,0,9.400000000000000000,676.54538779999996000,92,0,37.7000000000000030,0,97,6.6200000000000000,97,0.1000000000000000,5117.5899230000005000,null,4.3000000000000000,4.2000000000000000,0E-17,14.1000000000000000,74.000000000000000,0,0,0,0,0,0,0,0,0,0,0,0,0,0,0,0,0,0,0,0,0,0,0,0,0,0,0,0,0,0,0,0,0,0,0,0,0,1,0,0
2014,299,27,0.010000000000000000,50.57976483000000200,51,175,22.7000000000000000,41,42,5.6400000000000000,51,0.5000000000000000,561.9973870000000000,118559.0000000000,7.5000000000000000,7.4000000000000000,0.41199999999999998,8.6000000000000000,58.100000000000000,0,0,0,0,0,0,0,0,0,0,0,0,0,0,0,0,0,0,0,0,0,0,0,0,0,1,0,0,0,1,0,0,0,0,0,0,0,0,0,0
2009,297,29,0.180000000000000000,24.84763561999999800,57,264,2.2999999999999998,46,6,3.8500000000000000,57,2.2999999999999998,436.6895539000000200,1556524.0000000000,8.4000000000000000,8.4000000000000000,0.37600000000000000,8.1000000000000000,57.300000000000000,0,0,0,0,0,0,0,0,0,1,0,0,0,0,0,0,0,0,0,0,0,0,0,0,0,1,0,0,0,1,0,0,1,0,0,0,0,0,0,0
2004,334,33,0.340000000000000000,18.93011259000000000,92,10,18.1000000000000010,53,65,3.1400000000000000,6,2.8000000000000000,386.3288283000000000,949229.0000000000,9.5000000000000000,9.5000000000000000,0.32500000000000001,5.0999999999999996,54.000000000000000,0,0,0,0,0,0,0,0,0,0,0,1,0,0,0,0,0,0,0,0,0,0,0,0,0,0,0,0,0,0,0,1,1,0,0,0,0,0,0,0
2012,285,4,0.010000000000000000,0.94852636599999995,87,0,24.3000000000000000,6,87,5.9600000000000000,87,5.3000000000000000,67.7518833000000030,1638139.0000000000,7.7000000000000000,7.5000000000000000,0.41599999999999998,9.1000000000000000,57.600000000000000,0,0,0,0,0,0,0,0,0,0,0,0,0,0,0,0,0,0,0,0,0,0,0,0,0,0,0,0,0,0,0,0,1,0,0,0,0,0,0,0
2008,297,5,2.640000000000000000,28.30191127000000200,92,12,21.9000000000000000,7,77,6.5000000000000000,77,6.0000000000000000,583.5445621999999700,148841.0000000000,8.5000000000000000,8.4000000000000000,0.39800000000000002,8.8000000000000007,55.600000000000000,0,0,0,0,0,0,0,0,0,0,0,0,0,0,0,0,0,0,0,0,0,0,0,0,0,0,0,0,0,0,0,0,1,0,0,0,0,0,0,0
2006,24,1,7.040000000000000000,170.63258420000000000,93,0,39.6000000000000000,1,92,4.6700000000000000,93,1.1000000000000001,1945.6395000000000000,74961.0000000000,5.7000000000000000,5.5000000000000000,0.62200000000000000,11.7000000000000000,65.200000000000000,0,0,0,0,0,0,0,0,0,0,0,0,0,0,0,0,0,0,0,0,0,0,0,0,0,0,0,0,0,0,0,0,0,0,0,0,0,0,0,0
2009,157,4,3.080000000000000000,286.12114459999998000,97,0,45.9000000000000000,5,97,8.8400000000000000,97,0.5000000000000000,1815.4894959999999000,83521.0000000000,2.2999999999999998,2.2000000000000002,0.60299999999999998,11.3000000000000000,73.400000000000006,0,0,0,0,0,0,0,0,0,0,0,0,0,0,0,0,0,0,0,0,0,0,0,0,0,0,0,0,0,0,0,0,0,0,0,0,0,0,0,0
2009,162,0,11.460000000000000000,1281.15594400000010000,92,1,61.1000000000000000,1,99,7.5500000000000000,99,0.1000000000000000,12967.1654299999990000,12265.0000000000,1.8000000000000000,1.8000000000000000,0.81599999999999995,15.3000000000000000,74.200000000000000,0,0,0,0,0,0,0,0,0,0,0,0,0,0,0,0,0,0,0,0,0,0,0,0,1,0,0,0,0,0,0,0,0,0,0,0,0,0,0,0
2000,224,1800,0.930000000000000000,19.26615743000000000,92,38835,11.4000000000000000,2500,57,4.2600000000000000,58,0.3000000000000000,438.8646340000000200,1535912.0000000000,27.7000000000000000,28.6000000000000000,0.48899999999999999,8.3000000000000007,62.500000000000000,0,0,1,0,0,0,1,0,1,0,0,0,0,0,0,1,1,0,0,0,0,0,1,0,0,0,1,0,1,0,0,0,0,0,0,1,1,0,0,0
2004,213,174,0.060000000000000000,55.36107206999999900,64,29171,18.2000000000000000,237,79,2.3700000000000000,71,0.1000000000000000,1148.5699600000000000,223614649.0000000000,1.9000000000000000,1.9000000000000000,0.62400000000000000,11.0000000000000000,65.300000000000000,0,0,0,0,0,0,0,0,0,0,0,0,0,0,1,0,0,0,0,0,0,0,1,0,0,0,1,0,1,0,0,0,0,0,1,0,0,0,0,0
2010,145,32,0.190000000000000000,21.82252494000000100,72,492,55.8000000000000000,39,74,3.8200000000000000,74,0.1000000000000000,452.7494800000000100,376271.0000000000,5.3000000000000000,5.0999999999999996,0.64600000000000002,10.4000000000000000,76.000000000000000,0,0,0,0,0,0,0,0,0,0,0,0,0,0,0,0,0,0,0,0,0,0,0,0,0,0,0,0,0,0,0,0,0,0,0,0,0,0,0,0
2006,249,31,0.030000000000000000,75.25799773000000000,59,474,53.2000000000000000,38,63,3.0000000000000000,59,0.1000000000000000,2351.8124290000001000,27697912.0000000000,5.4000000000000000,5.0999999999999996,0.63100000000000001,10.1999999999999990,64.700000000000000,0,0,0,0,0,0,0,0,0,0,0,0,0,0,0,0,0,0,0,0,0,0,0,0,0,1,0,0,0,0,0,0,0,0,1,0,0,0,0,0
2015,58,0,null,0E-17,96,80,64.9000000000000060,1,95,null,95,0.1000000000000000,35729.3725300000010000,8381.0000000000,1.2000000000000000,1.1000000000000001,0.89800000000000002,16.0000000000000000,82.500000000000000,0,0,0,0,0,0,0,0,0,0,0,0,0,0,0,0,0,0,0,0,0,0,0,0,0,0,0,0,0,0,0,0,0,1,0,0,0,0,0,0
2012,6,1,2.780000000000000000,3830.18458700000020000,97,211,63.8000000000000000,1,94,7.7300000000000000,94,0.1000000000000000,32569.5968299999990000,7915.0000000000,1.2000000000000000,1.1000000000000001,0.88900000000000001,15.9000000000000000,81.800000000000000,0,0,0,0,0,0,0,0,0,0,0,0,0,0,0,0,0,0,0,0,0,0,0,0,1,0,0,0,0,0,0,0,0,1,0,0,0,0,0,0
2009,63,1,2.549999999999999800,508.66454379999999000,98,5,62.6000000000000000,1,96,7.4600000000000000,96,0.1000000000000000,27795.8767100000000000,74856.0000000000,1.2000000000000000,1.1000000000000001,0.87600000000000000,15.6000000000000000,81.500000000000000,0,0,0,0,0,0,0,0,0,0,0,0,0,0,0,0,0,0,0,0,0,0,0,0,0,0,0,0,0,0,0,0,0,1,0,0,0,0,0,0
2006,68,1,2.230000000000000000,33.58620657000000200,96,9,61.1000000000000000,1,94,7.3800000000000000,95,0.1000000000000000,2195.1768999999999000,7537.0000000000,1.1000000000000001,1.1000000000000001,0.87000000000000000,15.7000000000000000,84.000000000000000,0,0,0,0,0,0,0,0,0,0,0,0,0,0,0,0,0,0,0,0,0,0,0,0,0,0,0,0,0,0,0,0,0,0,0,0,0,0,0,0
2005,71,1,2.410000000000000000,250.93433170000000000,96,2,6.6000000000000000,1,95,7.4400000000000000,93,0.1000000000000000,2611.1793100000000000,6931.0000000000,1.1000000000000001,1.1000000000000001,0.86599999999999999,15.8000000000000000,80.000000000000000,0,0,0,0,0,0,0,0,0,0,0,0,0,0,0,0,0,0,0,0,0,0,0,0,0,0,0,0,0,0,0,0,0,0,0,0,0,0,0,0
2010,62,3,6.900000000000000000,863.00614910000002000,92,450,26.9000000000000000,4,98,9.5800000000000000,97,0.1000000000000000,4457.6763899999996000,1287.0000000000,1.9000000000000000,1.6000000000000000,0.87900000000000000,15.1000000000000000,83.000000000000000,0,0,0,0,0,0,0,0,0,0,0,0,0,0,0,0,0,0,0,0,0,0,0,0,0,0,0,0,0,0,0,0,0,0,0,0,0,0,0,0
2000,74,4,7.970000000000000000,5926.29665399999980000,92,22497,22.2000000000000000,5,98,7.5300000000000000,85,0.1000000000000000,38532.4879999999980000,126843.0000000000,1.6000000000000000,1.4000000000000000,0.85199999999999998,14.5000000000000000,81.099999999999994,0,0,0,0,0,0,0,0,0,0,0,0,0,0,0,0,0,0,0,0,0,0,0,0,1,0,1,0,0,0,0,0,0,1,0,0,0,0,0,0
2008,119,4,0.610000000000000000,535.27864039999997000,97,2,6.1000000000000000,4,98,8.7799999999999994,97,0.1000000000000000,3385.6966499999999000,6489822.0000000000,3.8000000000000000,3.8000000000000000,0.73899999999999999,13.6000000000000000,73.099999999999994,0,0,0,0,0,0,0,0,0,0,0,0,0,0,0,0,0,0,0,0,0,0,0,0,0,0,0,0,0,0,0,0,0,0,0,0,0,0,0,0
2004,287,8,6.550000000000000000,33.91660182999999800,99,2204,45.8000000000000000,9,99,3.9500000000000000,82,0.1000000000000000,2874.2882909999998000,1512985.0000000000,2.5000000000000000,2.6000000000000000,0.72499999999999998,13.5000000000000000,64.700000000000000,0,0,0,0,0,0,0,0,0,0,0,0,0,0,0,0,0,0,0,0,0,0,0,0,0,0,1,0,0,0,0,0,0,0,0,0,0,0,0,0
2004,432,72,1.430000000000000000,36.29775249000000100,73,20,15.9000000000000000,112,73,4.2900000000000000,73,13.2000000000000000,458.8843550999999900,3574931.0000000000,8.6999999999999993,8.6000000000000000,0.46100000000000002,8.9000000000000000,53.000000000000000,0,0,0,0,0,0,0,0,0,0,0,0,0,0,0,0,0,0,0,0,0,0,1,0,0,0,0,0,1,0,0,0,1,0,0,0,0,0,0,0
2003,437,74,1.490000000000000000,35.85204668000000100,73,65,15.5000000000000000,115,75,4.4500000000000000,73,14.5000000000000000,436.6875357000000100,3413852.0000000000,8.8000000000000007,8.8000000000000007,0.45000000000000000,8.1999999999999993,52.400000000000000,0,0,0,0,0,0,0,0,0,0,0,0,0,0,0,0,0,0,0,0,0,0,1,0,0,0,0,0,1,0,0,0,1,0,0,0,0,0,0,0
2014,82,0,0.010000000000000000,2480.89696499999990000,96,55,7.8000000000000000,1,94,3.4000000000000000,95,0.1000000000000000,42996.4812000000020000,null,3.4000000000000000,3.4000000000000000,0.78700000000000003,13.0000000000000000,74.599999999999994,0,0,0,0,0,0,0,0,0,0,0,0,0,0,0,0,0,0,0,0,0,0,0,0,1,0,0,0,0,0,0,0,0,1,0,0,0,0,0,0
2002,265,13,3.330000000000000000,0E-17,92,2070,13.3000000000000000,18,55,4.4000000000000004,53,0.1000000000000000,null,null,1.3000000000000000,1.4000000000000000,0.46800000000000003,8.0000000000000000,59.300000000000000,0,0,0,0,0,0,0,0,0,0,0,0,0,0,0,0,0,0,0,0,0,0,0,0,0,0,1,0,0,0,0,0,0,0,0,0,0,0,0,0
2007,98,1,1.720000000000000000,8.90693116799999980,8,373,61.9000000000000000,1,75,8.9000000000000000,8,0.1000000000000000,614.2711150000000100,486466.0000000000,4.7000000000000000,4.5999999999999996,0.73099999999999998,12.9000000000000000,74.400000000000006,0,0,0,0,0,1,0,0,0,0,0,1,0,0,0,0,0,0,0,0,0,0,0,0,0,1,0,0,0,0,0,1,0,0,0,0,0,0,0,0
2003,42,13,4.210000000000000000,9.75844926599999950,92,142,21.1000000000000000,18,49,3.4400000000000000,35,3.2000000000000000,133.4945180000000000,3116233.0000000000,8.6999999999999993,8.6999999999999993,0.37300000000000000,10.3000000000000000,50.000000000000000,0,0,0,0,0,0,0,0,0,0,0,0,0,0,0,0,0,0,0,0,0,0,0,0,0,0,0,0,0,1,0,1,1,0,0,0,0,0,0,0
2012,176,0,15.140000000000000000,1807.07133600000000000,93,0,6.9000000000000000,0,93,6.6700000000000000,93,0.1000000000000000,14341.8359999999990000,2987773.0000000000,2.7000000000000000,2.7000000000000000,0.83000000000000000,16.5000000000000000,73.000000000000000,0,0,0,0,0,0,0,0,0,0,0,0,0,0,0,0,0,0,0,0,0,0,0,0,1,0,0,0,0,0,0,0,0,1,0,0,0,0,0,0
2000,2,0,9.869999999999999200,373.26055320000000000,98,19,56.9000000000000000,0,92,6.4600000000000000,94,0.1000000000000000,3297.3547100000001000,3499536.0000000000,3.4000000000000000,3.4000000000000000,0.74500000000000000,14.0000000000000000,71.599999999999994,0,0,0,0,0,0,0,0,0,0,0,0,0,0,0,0,0,0,0,0,0,0,0,0,0,0,0,0,0,0,0,0,0,0,0,0,0,0,0,0
2001,96,0,12.890000000000000000,7877.33655999999970000,86,0,54.6000000000000000,0,99,7.4000000000000000,99,0.1000000000000000,48179.4285000000020000,441525.0000000000,1.0000000000000000,1.0000000000000000,0.85399999999999998,13.4000000000000000,78.000000000000000,0,0,0,0,1,0,0,0,0,0,0,0,0,0,0,0,0,0,0,0,0,0,0,0,1,0,0,0,0,0,0,0,0,1,0,0,0,0,0,0
2001,276,42,1.050000000000000000,42.56331585000000200,92,9357,14.3000000000000000,65,6,5.1700000000000000,6,0.7000000000000000,278.5557319999999800,1626932.0000000000,8.6000000000000000,8.5000000000000000,0.45600000000000002,8.1999999999999993,58.700000000000000,0,0,0,0,0,0,0,0,0,1,0,1,0,0,0,0,0,0,0,0,0,0,0,0,0,0,1,0,0,1,0,1,0,0,0,0,0,0,0,0
2000,588,51,1.180000000000000000,13.76270195000000000,92,304,14.1000000000000000,84,73,6.7000000000000000,75,25.5000000000000000,153.2594872000000000,11376172.0000000000,8.0000000000000000,7.9000000000000000,0.39100000000000001,10.7000000000000000,43.100000000000000,0,1,0,0,0,0,0,0,0,0,0,0,1,0,0,0,0,0,0,0,0,1,0,0,0,0,0,0,1,0,0,0,1,0,0,0,0,0,0,1
2015,123,4,null,0E-17,99,1318,4.5999999999999996,4,99,null,99,0.1000000000000000,9643.6446830000004000,3723155.0000000000,7.5000000000000000,7.3000000000000000,0.78700000000000003,13.1000000000000000,75.000000000000000,0,0,0,0,0,0,0,0,0,0,0,0,0,0,0,0,0,0,0,0,0,0,0,0,0,0,1,0,0,0,0,0,0,0,0,0,0,0,0,0
2011,13,3,0.510000000000000000,9.23002632000000030,96,1569,36.2999999999999970,4,96,3.8900000000000000,96,0.1000000000000000,145.1262000000000100,28635128.0000000000,8.0000000000000000,7.8000000000000000,0.77400000000000002,13.0000000000000000,74.300000000000000,0,0,0,0,0,0,0,0,0,0,0,0,0,0,0,0,0,0,0,0,0,0,0,0,0,0,1,0,0,0,0,0,0,0,1,0,0,0,0,0
2009,276,55,0.590000000000000000,84.63438924999999800,71,2939,2.2000000000000002,93,77,6.8500000000000000,73,1.6000000000000000,697.1531240000000500,1466597.0000000000,9.0000000000000000,8.8000000000000007,0.38500000000000001,7.1000000000000000,56.000000000000000,0,0,0,0,0,0,0,0,0,0,0,0,0,0,0,0,0,0,0,0,0,0,1,0,0,0,1,0,1,0,0,0,1,0,0,0,0,0,0,0
2012,154,0,0.010000000000000000,915.18592049999995000,98,0,31.8000000000000000,0,98,4.7600000000000000,98,0.1000000000000000,9291.2276189999993000,1255882.0000000000,7.1000000000000000,7.0000000000000000,0.75600000000000001,14.3000000000000000,73.900000000000006,0,0,0,0,0,0,0,0,0,0,0,0,0,0,0,0,0,0,0,0,0,0,0,0,0,0,0,0,0,0,0,0,0,0,0,0,0,0,0,0
2003,174,0,4.080000000000000000,407.77926200000002000,97,777,26.9000000000000000,0,99,4.1500000000000004,99,0.1000000000000000,4623.3476419999997000,121337.0000000000,7.9000000000000000,7.8000000000000000,0.68700000000000006,12.6000000000000000,71.500000000000000,0,0,0,0,0,0,0,0,0,0,0,0,0,0,0,0,0,0,0,0,0,0,0,0,0,0,0,0,0,0,0,0,0,0,0,0,0,0,0,0
2000,129,55,4.990000000000000000,10.22840118000000100,97,30,52.4000000000000000,66,97,4.9800000000000004,97,0.1000000000000000,672.9211299999999500,11719673.0000000000,2.0000000000000000,1.9000000000000000,0.69399999999999995,11.4000000000000000,74.800000000000000,0,0,0,0,0,0,0,0,0,0,0,0,0,0,0,0,0,0,0,0,0,0,1,0,0,0,0,0,1,0,0,0,0,0,0,0,0,0,0,0
2015,166,0,null,0E-17,78,0,69.4000000000000060,0,71,null,72,0.1000000000000000,null,null,0.2000000000000000,0.2000000000000000,0.63700000000000001,11.7000000000000000,69.400000000000006,0,0,0,0,0,0,0,0,0,0,0,0,0,0,0,0,0,0,0,0,0,0,0,0,0,0,0,0,0,0,0,0,0,0,0,0,0,0,0,0
2004,142,23,0.560000000000000050,100.36383220000000000,95,6399,48.2000000000000000,27,97,5.2200000000000000,97,0.1000000000000000,1948.8122750000000000,3179285.0000000000,6.5000000000000000,6.4000000000000000,0.56100000000000005,9.6000000000000000,72.000000000000000,0,0,0,0,0,0,0,0,0,0,0,0,0,0,0,0,0,0,0,0,0,0,0,0,0,0,1,0,0,0,0,0,0,0,0,0,0,0,0,0
2001,155,26,0.460000000000000000,71.11645000000000000,84,2724,45.7000000000000000,30,93,4.4400000000000004,96,0.1000000000000000,1336.7753760000001000,29181832.0000000000,6.7000000000000000,6.5000000000000000,0.53000000000000000,8.5000000000000000,69.000000000000000,0,0,0,0,0,0,0,0,0,0,0,0,0,0,0,0,0,0,0,0,0,0,0,0,0,0,1,0,0,0,0,0,0,0,1,0,0,0,0,0
2012,48,64,1.190000000000000000,49.90987221000000300,76,145,21.3000000000000000,90,73,5.5800000000000000,76,6.9000000000000000,566.5138729999999900,2567666.0000000000,3.6000000000000000,3.5000000000000000,0.40000000000000000,9.1999999999999993,54.800000000000000,0,0,0,0,0,0,0,0,0,0,0,0,0,0,0,0,0,0,0,0,0,0,1,0,0,0,0,0,1,0,0,0,1,0,0,0,0,0,0,0
2003,424,85,1.680000000000000000,42.52689559000000200,76,28898,17.7000000000000000,124,67,6.3900000000000000,85,15.3000000000000000,283.8911588000000300,19716598.0000000000,4.0000000000000000,3.9000000000000000,0.31800000000000000,6.7000000000000000,51.000000000000000,0,0,0,0,0,0,0,0,0,0,0,0,0,0,0,0,0,0,0,0,0,0,1,0,0,0,1,0,1,0,0,0,1,0,1,0,0,0,0,0
2013,6,1,8.680000000000000000,1475.03039700000000000,51,2632,61.0000000000000000,1,97,11.4000000000000000,97,0.1000000000000000,51574.4894199999980000,1684432.0000000000,1.0000000000000000,0.9000000000000000,0.92200000000000004,18.1000000000000010,81.400000000000006,0,0,0,0,0,0,0,0,0,0,0,0,0,1,0,0,0,0,0,0,0,0,0,0,1,1,1,0,0,0,0,0,0,1,0,0,0,0,0,0
2008,75,0,9.490000000000000000,6761.28896600000010000,9,0,63.8000000000000000,0,89,1.7000000000000000,89,0.1000000000000000,31287.7786500000000000,null,0.3000000000000000,0.3000000000000000,0.89400000000000002,19.5000000000000000,81.000000000000000,0,0,0,0,1,1,0,0,0,0,0,0,0,0,0,0,0,0,0,0,0,0,0,0,1,1,0,0,0,0,0,0,0,1,0,0,0,0,0,0
2002,187,371,0.010000000000000000,22.39387584000000000,92,3903,17.3999999999999990,474,71,2.7600000000000000,68,0.1000000000000000,499.8632999999999800,144654143.0000000000,21.8000000000000000,22.2000000000000000,0.45700000000000002,5.5000000000000000,63.200000000000000,0,0,0,0,0,0,0,0,0,0,0,0,0,0,0,1,1,0,0,0,0,0,1,0,0,0,1,0,1,0,0,0,0,0,1,1,1,0,0,0
2001,189,377,0.010000000000000000,1.76666309699999990,92,3849,16.8999999999999990,483,68,2.6100000000000000,65,0.1000000000000000,51.6568157000000030,14161437.0000000000,22.0000000000000000,22.4000000000000000,0.45000000000000000,5.4000000000000000,63.000000000000000,0,0,0,0,0,0,0,0,0,0,0,0,0,0,0,1,1,0,0,0,0,0,1,0,0,0,1,0,1,0,0,0,0,0,0,1,1,0,0,0
2012,13,1,7.710000000000000000,158.25760249999999000,92,31,53.6000000000000000,1,93,8.5700000000000000,92,0.1000000000000000,4142.8691749999998000,3825.0000000000,2.6000000000000000,2.8000000000000000,0.74900000000000000,13.4000000000000000,74.200000000000000,0,0,0,0,0,0,0,0,0,0,0,0,0,0,0,0,0,0,0,0,0,0,0,0,0,0,0,0,0,0,0,0,0,0,0,0,0,0,0,0
2008,128,1,7.170000000000000000,151.76256699999999000,89,56,5.5000000000000000,1,9,8.9900000000000000,92,0.1000000000000000,3174.9490999999998000,43.0000000000,2.6000000000000000,2.8000000000000000,0.73499999999999999,13.1000000000000000,73.900000000000006,0,0,0,0,0,0,0,0,0,1,0,0,0,0,0,0,0,0,0,0,0,0,0,0,0,0,0,0,0,1,0,0,0,0,0,0,0,0,0,0
2015,68,2,null,0E-17,88,2464,62.3000000000000000,3,94,null,95,0.1000000000000000,41176.8815800000010000,81686611.0000000000,1.1000000000000001,1.1000000000000001,0.92400000000000004,17.1000000000000010,81.000000000000000,0,0,0,0,0,0,0,0,0,0,0,0,0,0,0,0,0,0,0,0,0,0,0,0,0,0,1,0,0,0,0,0,0,1,1,0,0,0,0,0
2014,69,2,11.030000000000000000,941.75629089999995000,88,443,61.9000000000000000,3,94,11.3000000000000000,95,0.1000000000000000,4792.6528799999996000,89825.0000000000,1.1000000000000001,1.1000000000000001,0.92000000000000000,17.0000000000000000,89.000000000000000,0,0,0,0,0,0,0,0,0,0,0,0,0,0,0,0,0,0,0,0,0,0,0,0,0,0,0,0,0,0,0,0,0,0,0,0,0,0,0,0
2007,28,41,1.250000000000000000,3.18137362899999990,94,6,23.6000000000000000,61,94,5.3000000000000000,94,2.6000000000000000,19.6867179999999990,227212.0000000000,7.7000000000000000,7.6000000000000000,0.51900000000000002,9.1000000000000000,59.900000000000000,0,0,0,0,0,0,0,0,0,0,0,0,0,0,0,0,0,0,0,0,0,0,0,0,0,0,0,0,0,0,0,0,1,0,0,0,0,0,0,0
2015,186,10,null,0E-17,74,0,5.6000000000000000,12,9,null,74,0.4000000000000000,3923.5733439999999000,16252429.0000000000,1.2000000000000000,1.2000000000000000,0.63700000000000001,10.7000000000000000,71.900000000000006,0,0,0,0,0,0,0,0,0,1,0,0,0,0,0,0,0,0,0,0,0,0,0,0,0,0,0,0,0,1,0,0,0,0,0,0,0,0,0,0
2004,21,15,2.400000000000000000,288.40162579999998000,92,0,43.1000000000000000,18,88,6.7700000000000000,87,0.4000000000000000,1872.7378300000000000,12796925.0000000000,1.4000000000000000,1.4000000000000000,0.56399999999999995,9.3000000000000007,69.599999999999994,0,0,0,0,0,0,0,0,0,0,0,0,0,0,0,0,0,0,0,0,0,0,0,0,0,0,0,0,0,0,0,0,0,0,0,0,0,0,0,0
2001,211,16,2.529999999999999800,225.06199559999999000,92,0,41.1000000000000000,20,78,6.7600000000000000,77,0.3000000000000000,1568.3762760000000000,11924946.0000000000,1.5000000000000000,1.5000000000000000,0.54600000000000004,8.5000000000000000,68.400000000000006,0,0,0,0,0,0,0,0,0,0,0,0,0,0,0,0,0,0,0,0,0,0,0,0,0,0,0,0,0,0,0,0,0,0,0,0,0,0,0,0
2013,218,0,7.560000000000000000,345.90442580000001000,98,0,45.0000000000000000,1,98,5.0999999999999996,98,0.3000000000000000,3944.1781729999998000,75881.0000000000,5.5000000000000000,5.3000000000000000,0.63300000000000001,10.3000000000000000,65.900000000000006,0,0,0,0,0,0,0,0,0,0,0,0,0,0,0,0,0,0,0,0,0,0,0,0,0,0,0,0,0,0,0,0,0,0,0,0,0,0,0,0
2003,65,0,6.610000000000000000,725.48531609999998000,92,0,55.9000000000000000,0,97,1.7000000000000000,97,0.1000000000000000,3944.9989999999998000,289521.0000000000,1.0000000000000000,0.9000000000000000,0.86599999999999999,17.6000000000000010,87.000000000000000,0,0,0,0,0,0,0,0,0,0,0,0,0,0,0,0,0,0,0,0,0,0,0,0,0,0,0,0,0,0,0,0,0,0,0,0,0,0,0,0
2000,74,0,6.170000000000000000,5809.12198999999960000,92,0,54.2000000000000000,0,98,9.2799999999999994,98,0.1000000000000000,31813.3734399999990000,28125.0000000000,1.0000000000000000,0.9000000000000000,0.84699999999999998,16.8000000000000000,79.700000000000000,0,0,0,0,0,0,0,0,0,0,0,0,0,0,0,0,0,0,0,0,0,0,0,0,1,0,0,0,0,0,0,0,0,1,0,0,0,0,0,0
2012,183,129,0.080000000000000000,254.46882570000000000,83,15489,24.7000000000000000,154,84,2.9000000000000000,83,0.3000000000000000,3687.9539960000002000,248883232.0000000000,1.5000000000000000,1.4000000000000000,0.66900000000000004,12.6000000000000000,68.500000000000000,0,0,0,0,0,0,0,0,0,0,0,0,0,0,1,0,0,0,0,0,0,0,1,0,0,0,1,0,1,0,0,0,0,0,1,0,0,0,0,0
2006,191,159,0.060000000000000000,72.01593160000000200,66,20422,19.7000000000000000,194,78,2.9100000000000000,72,0.1000000000000000,1586.2539999999999000,22983822.0000000000,1.8000000000000000,1.8000000000000000,0.63200000000000001,10.9000000000000000,67.300000000000000,0,0,0,0,0,0,0,0,0,0,0,0,0,0,0,0,0,0,0,0,0,0,1,0,0,0,1,0,1,0,0,0,0,0,1,0,0,0,0,0
2014,83,19,0.010000000000000000,0E-17,99,99,58.5000000000000000,22,99,6.8900000000000000,99,0.1000000000000000,null,null,8.3000000000000007,8.4000000000000000,0.77000000000000000,14.9000000000000000,75.400000000000006,0,0,0,0,0,0,0,0,0,0,0,0,0,0,0,0,0,0,0,0,0,0,0,0,0,0,0,0,0,0,0,0,0,0,0,0,0,0,0,0
2006,139,26,0.020000000000000000,0E-17,98,220,49.4000000000000000,30,99,5.9500000000000000,98,0.1000000000000000,null,null,7.4000000000000000,7.7000000000000000,0.69199999999999995,11.4000000000000000,72.200000000000000,0,0,0,0,0,0,0,0,0,0,0,0,0,0,0,0,0,0,0,0,0,0,0,0,0,0,0,0,0,0,0,0,0,0,0,0,0,0,0,0
2012,147,32,0.010000000000000000,429.66250830000001000,61,15,57.2000000000000000,39,7,5.2600000000000000,69,0.1000000000000000,6651.1224199999997000,32776571.0000000000,5.3000000000000000,5.0999999999999996,0.65600000000000003,10.5000000000000000,76.000000000000000,0,0,0,0,0,0,0,0,0,1,0,0,0,0,0,0,0,0,0,0,0,0,0,0,0,0,0,0,0,1,0,0,0,0,1,0,0,0,0,0
2006,78,0,13.440000000000000000,9126.93117800000070000,92,87,55.8000000000000000,0,91,7.2200000000000000,91,0.1000000000000000,54326.9712999999970000,4273591.0000000000,0.3000000000000000,0.2000000000000000,0.89600000000000002,17.6000000000000010,79.000000000000000,0,0,0,0,1,0,0,0,0,0,0,0,0,1,0,0,0,0,0,0,0,0,0,0,1,0,0,0,0,0,0,0,0,1,0,0,0,0,0,0
2013,58,2,7.350000000000000000,483.19168439999999000,96,0,62.6000000000000000,2,96,9.2200000000000006,96,0.1000000000000000,3537.2744100000000000,6233948.0000000000,0.5000000000000000,0.6000000000000000,0.87600000000000000,16.5000000000000000,82.300000000000000,0,0,0,0,0,0,0,0,0,0,0,0,0,0,0,0,0,0,0,0,0,0,0,0,0,0,0,0,0,0,0,0,0,0,0,0,0,0,0,0
2012,6,2,7.490000000000000000,4793.90492400000040000,96,376,62.1000000000000000,2,96,9.2799999999999994,97,0.1000000000000000,34814.1243600000020000,59539717.0000000000,0.5000000000000000,0.6000000000000000,0.87700000000000000,16.6000000000000010,82.000000000000000,0,0,0,0,0,0,0,0,0,0,0,0,0,0,0,0,0,0,0,0,0,0,0,0,1,0,0,0,0,0,0,0,0,1,1,0,0,0,0,0
2005,66,2,8.650000000000000000,4506.25596299999960000,96,135,58.2000000000000000,2,97,8.7100000000000009,95,0.1000000000000000,31959.2621499999990000,57969484.0000000000,0.5000000000000000,0.5000000000000000,0.85099999999999998,15.8000000000000000,88.000000000000000,0,0,0,0,0,0,0,0,0,0,0,0,0,0,0,0,0,0,0,0,0,0,0,0,1,0,0,0,0,0,0,0,0,1,1,0,0,0,0,0
2002,72,2,9.250000000000000000,2883.33491099999990000,95,9385,56.4000000000000000,3,96,8.2300000000000000,93,0.1000000000000000,22196.5736000000000000,57597.0000000000,0.5000000000000000,0.5000000000000000,0.83599999999999997,15.2000000000000000,80.000000000000000,0,0,0,0,0,0,0,0,0,0,0,0,0,0,0,0,0,0,0,0,0,0,0,0,1,0,1,0,0,0,0,0,0,1,0,0,0,0,0,0
2009,64,3,7.090000000000000000,899.17852849999997000,92,741,26.4000000000000000,4,99,9.5100000000000000,97,0.1000000000000000,4855.1756400000004000,12847.0000000000,1.8000000000000000,1.6000000000000000,0.88100000000000001,15.0000000000000000,83.000000000000000,0,0,0,0,0,0,0,0,0,0,0,0,0,0,0,0,0,0,0,0,0,0,0,0,0,0,0,0,0,0,0,0,0,0,0,0,0,0,0,0
2008,66,3,7.110000000000000000,7313.17541799999980000,92,11015,25.9000000000000000,4,98,8.6000000000000000,98,0.1000000000000000,39339.2975700000020000,12863.0000000000,1.8000000000000000,1.5000000000000000,0.88000000000000000,15.0000000000000000,82.700000000000000,0,0,0,0,1,0,0,0,0,0,0,0,0,0,0,0,0,0,0,0,0,0,0,0,1,0,1,0,0,0,0,0,0,1,0,0,0,0,0,0
2006,68,3,7.490000000000000000,6502.13697400000000000,92,520,24.9000000000000000,4,95,8.1900000000000000,98,0.1000000000000000,35433.9889600000020000,127854.0000000000,1.7000000000000000,1.5000000000000000,0.87300000000000000,14.9000000000000000,82.400000000000000,0,0,0,0,0,0,0,0,0,0,0,0,0,0,0,0,0,0,0,0,0,0,0,0,1,0,0,0,0,0,0,0,0,1,0,0,0,0,0,0
2004,68,3,7.700000000000000000,6746.28129900000020000,92,8752,23.8000000000000000,4,97,8.3000000000000007,99,0.1000000000000000,37688.7223400000000000,127761.0000000000,1.7000000000000000,1.4000000000000000,0.86599999999999999,14.8000000000000000,82.100000000000000,0,0,0,0,1,0,0,0,0,0,0,0,0,0,0,0,0,0,0,0,0,0,0,0,1,0,1,0,0,0,0,0,0,1,0,0,0,0,0,0
2015,198,4,null,0E-17,98,526,53.1000000000000000,5,98,null,98,0.1000000000000000,159.9816999999999900,17544126.0000000000,2.4000000000000000,2.5000000000000000,0.79300000000000004,15.0000000000000000,72.000000000000000,0,0,0,0,0,0,0,0,0,0,0,0,0,0,0,0,0,0,0,0,0,0,0,0,0,0,0,0,0,0,0,0,0,0,1,0,0,0,0,0
2012,263,59,1.810000000000000000,154.22696970000001000,94,0,2.1000000000000000,84,94,5.4900000000000000,94,3.0000000000000000,1155.2582000000000000,43646629.0000000000,8.0000000000000000,7.8000000000000000,0.53600000000000003,11.1000000000000000,62.100000000000000,0,0,0,0,0,0,0,0,0,0,0,0,0,0,0,0,0,0,0,0,0,0,1,0,0,0,0,0,1,0,0,0,1,0,1,0,0,0,0,0
2013,22,0,0.010000000000000000,137.25919429999999000,95,0,76.7000000000000000,0,91,1.1499999999999999,95,0.1000000000000000,1724.3617369999999000,18535.0000000000,0.1000000000000000,0.1000000000000000,0.58899999999999997,11.9000000000000000,65.800000000000000,0,0,0,0,0,0,0,0,0,0,0,0,0,0,0,0,0,0,0,0,0,0,0,0,0,0,0,0,0,0,0,0,0,0,0,0,0,0,0,0
2010,27,0,0.480000000000000000,18.21661422000000000,91,0,75.2000000000000000,0,95,1.5200000000000000,91,0.1000000000000000,1493.1650999999999000,12652.0000000000,0.1000000000000000,0.1000000000000000,0.58399999999999996,11.9000000000000000,65.300000000000000,0,0,0,0,0,0,0,0,0,0,0,0,0,0,0,0,0,0,0,0,0,0,0,0,0,0,0,0,0,0,0,0,0,0,0,0,0,0,0,0
2015,81,0,null,0E-17,99,18,71.4000000000000060,1,99,null,99,0.1000000000000000,28975.4180000000010000,null,3.5000000000000000,3.4000000000000000,0.79900000000000004,13.3000000000000000,74.700000000000000,0,0,0,0,0,0,0,0,0,0,0,0,0,0,0,0,0,0,0,0,0,0,0,0,0,0,0,0,0,0,0,0,0,1,0,0,0,0,0,0
2015,166,3,null,0E-17,97,17779,44.9000000000000000,3,97,null,97,0.1000000000000000,null,null,3.3000000000000000,3.4000000000000000,0.66200000000000003,13.0000000000000000,71.099999999999994,0,0,0,0,0,0,0,0,0,0,0,0,0,0,0,0,0,0,0,0,0,0,0,0,0,0,1,0,0,0,0,0,0,0,0,0,0,0,0,0
2007,221,0,12.120000000000000000,170.98841379999999000,91,0,57.7000000000000000,0,94,7.1000000000000000,94,0.1000000000000000,1444.1588999999999000,22325.0000000000,2.4000000000000000,2.4000000000000000,0.81399999999999995,16.2000000000000000,78.000000000000000,0,0,0,0,0,0,0,0,0,0,0,0,0,0,0,0,0,0,0,0,0,0,0,0,0,0,0,0,0,0,0,0,0,0,0,0,0,0,0,0
2004,13,1,2.100000000000000000,618.36148579999997000,75,213,6.2000000000000000,1,74,8.9100000000000000,75,0.1000000000000000,5424.2235600000004000,3863267.0000000000,4.7000000000000000,4.5999999999999996,0E-17,14.2000000000000000,73.700000000000000,0,0,0,0,0,0,0,0,0,0,0,0,0,0,0,0,0,0,0,0,0,0,0,0,0,0,0,0,0,0,0,0,0,0,0,0,0,1,0,0
2006,654,5,2.610000000000000000,71.15577609000000300,91,1,27.9000000000000000,6,88,7.1200000000000000,89,34.1000000000000000,915.7757540000000100,1965662.0000000000,8.8000000000000007,8.6999999999999993,0.43700000000000000,10.7000000000000000,45.300000000000000,0,1,0,0,0,0,0,0,0,0,0,0,1,0,0,0,0,0,0,0,0,1,0,0,0,0,0,0,0,0,0,0,1,0,0,0,0,0,0,0
2007,286,10,4.030000000000000000,3.68689928700000010,92,1,22.9000000000000000,14,67,1.2400000000000000,65,2.8000000000000000,21.3733292000000010,3512932.0000000000,7.9000000000000000,7.8000000000000000,0.38300000000000001,9.9000000000000000,57.900000000000000,0,0,0,0,0,0,0,0,0,0,0,0,0,0,0,0,0,0,0,0,0,0,0,0,0,0,0,0,0,0,0,0,1,0,0,0,0,0,0,0
2004,24,0,12.100000000000000000,76.36187737000000200,94,1,58.1000000000000000,0,9,5.6700000000000000,94,0.1000000000000000,676.9669979999999900,337775.0000000000,3.1000000000000000,3.1000000000000000,0.79200000000000004,16.3000000000000000,71.599999999999994,0,0,0,0,0,0,0,0,0,1,0,0,0,0,0,0,0,0,0,0,0,0,0,0,0,0,0,0,0,1,0,0,0,0,0,0,0,0,0,0
2001,21,0,10.199999999999999000,42.87208670999999800,95,7,57.2000000000000000,0,97,6.2600000000000000,95,0.1000000000000000,353.1473369999999900,347818.0000000000,3.3000000000000000,3.3000000000000000,0.75700000000000001,14.7000000000000000,71.200000000000000,0,0,0,0,0,0,0,0,0,0,0,0,0,0,0,0,0,0,0,0,0,0,0,0,0,0,0,0,0,0,0,0,0,0,0,0,0,0,0,0
2007,82,0,11.750000000000000000,267.05131200000000000,87,0,57.9000000000000000,0,96,6.8000000000000000,99,0.1000000000000000,1618.4928000000000000,479993.0000000000,0.9000000000000000,0.9000000000000000,0.87700000000000000,13.5000000000000000,79.700000000000000,0,0,0,0,0,0,0,0,0,0,0,0,0,0,0,0,0,0,0,0,0,0,0,0,0,0,0,0,0,0,0,0,0,0,0,0,0,0,0,0
2013,23,29,0.870000000000000000,79.50882493000000300,74,6,19.5000000000000000,40,73,4.1500000000000004,74,0.4000000000000000,461.7237220000000100,22961146.0000000000,7.3000000000000000,7.2000000000000000,0.50800000000000001,10.3000000000000000,64.700000000000000,0,0,0,0,0,0,0,0,0,0,0,0,0,0,0,0,0,0,0,0,0,0,0,0,0,0,0,0,0,0,0,0,0,0,1,0,0,0,0,0
2010,248,32,1.030000000000000000,76.60442168999999500,7,1,18.0000000000000000,45,7,4.8600000000000003,7,0.5000000000000000,412.7393410000000200,2115164.0000000000,7.6000000000000000,7.5000000000000000,0.50300000000000000,10.1999999999999990,63.300000000000000,0,0,0,0,0,1,0,0,0,1,0,1,0,0,0,0,0,0,0,0,0,0,0,0,0,1,0,0,0,1,0,1,0,0,0,0,0,0,0,0
2010,131,3,0.490000000000000000,65.56659661999999900,96,73,35.2999999999999970,4,96,3.9900000000000000,96,0.1000000000000000,971.3569870000000000,28112289.0000000000,8.1999999999999993,8.0000000000000000,0.76400000000000001,12.8000000000000000,74.099999999999994,0,0,0,0,0,0,0,0,0,0,0,0,0,0,0,0,0,0,0,0,0,0,0,0,0,0,0,0,0,0,0,0,0,0,1,0,0,0,0,0
2001,129,0,1.980000000000000000,41.30688803000000300,98,0,15.6000000000000000,0,97,5.8400000000000000,98,0.1000000000000000,298.6759799999999800,292.0000000000,14.7000000000000000,14.8000000000000000,0.58699999999999997,11.8000000000000000,78.000000000000000,0,0,0,0,0,0,0,0,0,0,0,0,0,0,0,0,0,0,0,0,0,0,0,0,0,0,0,0,0,0,0,0,0,0,0,0,0,0,0,0
2011,271,54,0.610000000000000000,101.81139960000000000,66,24,21.3000000000000000,90,72,6.5900000000000000,66,1.5000000000000000,835.8899800000000400,1554989.0000000000,8.5000000000000000,8.3000000000000007,0.40400000000000003,7.5000000000000000,56.800000000000000,0,0,0,0,0,0,0,0,0,0,0,0,0,0,0,0,0,0,0,0,0,0,1,0,0,0,0,0,1,0,0,0,0,0,0,0,0,0,0,0
2002,31,60,0.530000000000000000,3.67646576000000010,92,717,16.5000000000000000,108,65,6.3200000000000000,61,2.2999999999999998,334.2241599999999800,11638929.0000000000,1.5000000000000000,1.5000000000000000,0.30800000000000000,4.9000000000000004,51.200000000000000,0,0,0,0,0,0,0,0,0,0,0,0,0,0,0,0,0,0,0,0,0,0,1,0,0,0,0,0,1,0,0,0,1,0,0,0,0,0,0,0
2014,55,0,8.490000000000000000,409.60002480000003000,9,0,69.2000000000000000,0,99,9.7500000000000000,99,0.1000000000000000,2618.9259900000002000,427364.0000000000,0.8000000000000000,0.8000000000000000,0.84699999999999998,14.3000000000000000,81.400000000000006,0,0,0,0,0,1,0,0,0,0,0,0,0,0,0,0,0,0,0,0,0,0,0,0,0,1,0,0,0,0,0,0,0,0,0,0,0,0,0,0
2004,224,8,0.010000000000000000,5.00378288000000020,92,5039,23.6000000000000000,12,68,4.7000000000000000,7,1.3000000000000000,62.5472860000000000,342823.0000000000,1.0000000000000000,9.8000000000000007,0.45100000000000001,6.7000000000000000,64.000000000000000,0,0,0,0,0,0,0,0,0,0,0,1,0,0,0,0,0,0,0,0,0,0,0,0,0,0,1,0,0,0,0,1,0,0,0,0,0,0,0,0
2000,177,0,4.599999999999999600,336.32133260000001000,88,0,25.3000000000000000,0,88,3.7800000000000000,88,0.1000000000000000,3861.3241400000002000,1186873.0000000000,8.1000000000000000,8.1000000000000000,0.66700000000000004,12.1000000000000000,71.000000000000000,0,0,0,0,0,0,0,0,0,0,0,0,0,0,0,0,0,0,0,0,0,0,0,0,0,0,0,0,0,0,0,0,0,0,0,0,0,0,0,0
2014,122,31,5.260000000000000000,168.17375300000000000,84,3,62.8000000000000000,36,87,6.3000000000000000,87,0.1000000000000000,1452.2776600000000000,1242216.0000000000,1.6000000000000000,1.5000000000000000,0.75400000000000000,13.1000000000000000,76.599999999999994,0,0,0,0,0,0,0,0,0,0,0,0,0,0,0,0,0,0,0,0,0,0,0,0,0,0,0,0,0,0,0,0,0,0,0,0,0,0,0,0
2012,123,33,5.290000000000000000,112.69648599999999000,99,0,61.5000000000000000,38,99,6.2100000000000000,99,0.1000000000000000,982.5325719999999600,1282837.0000000000,1.6000000000000000,1.5000000000000000,0.74800000000000000,12.7000000000000000,76.300000000000000,0,0,0,0,0,0,0,0,0,0,0,0,0,0,0,0,0,0,0,0,0,0,0,0,0,0,0,0,0,0,0,0,0,0,0,0,0,0,0,0
2008,127,37,5.360000000000000000,159.87722640000001000,97,0,58.7000000000000000,43,96,6.6000000000000000,96,0.1000000000000000,9689.5288700000001000,11366189.0000000000,1.7000000000000000,1.6000000000000000,0.73499999999999999,12.3000000000000000,75.599999999999994,0,0,0,0,0,0,0,0,0,0,0,0,0,0,0,0,0,0,0,0,0,0,0,0,0,0,0,0,0,0,0,0,0,0,0,0,0,0,0,0
2010,11,20,0.560000000000000050,183.65921860000000000,98,633,53.6000000000000000,23,99,5.8600000000000000,99,0.1000000000000000,2834.2471999999998000,3249639.0000000000,6.3000000000000000,6.2000000000000000,0.60299999999999998,10.7000000000000000,72.800000000000000,0,0,0,0,0,0,0,0,0,0,0,0,0,0,0,0,0,0,0,0,0,0,0,0,0,0,0,0,0,0,0,0,0,0,0,0,0,0,0,0
2013,22,42,0.700000000000000000,38.33793461999999900,75,1010,22.1000000000000000,55,76,2.1600000000000000,75,0.4000000000000000,1168.8394699999999000,51448196.0000000000,12.9000000000000000,13.2000000000000000,0.54000000000000000,9.1000000000000000,66.200000000000000,0,0,0,0,0,0,0,0,0,0,0,0,0,0,0,0,0,0,0,0,0,0,0,0,0,0,1,0,0,0,0,0,0,0,1,0,0,0,0,0
2013,162,19,0.270000000000000000,80.15505125000000000,92,1861,18.0000000000000000,24,92,5.6900000000000000,92,0.1000000000000000,688.6172788000000100,2798531.0000000000,16.1000000000000010,16.5000000000000000,0.54500000000000004,12.3000000000000000,69.300000000000000,0,0,0,0,0,0,0,0,0,0,0,0,0,0,0,0,0,0,0,0,0,0,0,0,0,0,1,0,0,0,0,0,0,0,0,1,1,0,0,0
2011,172,22,0.270000000000000000,112.12290280000001000,92,2359,16.8999999999999990,27,92,6.7300000000000000,92,0.2000000000000000,692.1166842000000100,27327147.0000000000,16.5000000000000000,16.8999999999999990,0.52900000000000003,12.0000000000000000,68.400000000000006,0,0,0,0,0,0,0,0,0,0,0,0,0,0,0,0,0,0,0,0,0,0,0,0,0,0,1,0,0,0,0,0,0,0,1,1,1,0,0,0
2001,82,1,9.949999999999999300,3054.51558200000000000,92,0,52.6000000000000000,1,97,7.7900000000000000,97,0.1000000000000000,26584.1216900000000000,164618.0000000000,1.1000000000000001,1.1000000000000001,0.87800000000000000,16.7000000000000000,78.300000000000000,0,0,0,0,0,0,0,0,0,0,0,0,0,0,0,0,0,0,0,0,0,0,0,0,1,0,0,0,0,0,0,0,0,1,0,0,0,0,0,0
2012,7,0,9.199999999999999300,924.56536830000005000,93,68,65.9000000000000060,0,93,11.5300000000000000,93,0.1000000000000000,3997.2562400000002000,null,0.3000000000000000,0.3000000000000000,0.90400000000000003,19.5000000000000000,81.099999999999994,0,0,0,0,0,0,0,0,0,0,0,0,0,0,0,0,0,0,0,0,0,0,0,0,0,0,0,0,0,0,0,0,0,0,0,0,0,0,0,0
2001,83,0,8.750000000000000000,2205.98594999999980000,9,65,59.6000000000000000,0,82,7.5800000000000000,9,0.1000000000000000,13882.8568300000010000,null,0.3000000000000000,0.3000000000000000,0.86799999999999999,17.3999999999999990,78.500000000000000,0,0,0,0,0,1,0,0,0,0,0,1,0,0,0,0,0,0,0,0,0,0,0,0,1,1,0,0,0,0,0,1,0,1,0,0,0,0,0,0
2006,396,549,9.660000000000000000,10.35779424000000000,27,704,19.8999999999999990,879,46,3.6600000000000000,4,5.3000000000000000,119.7432860000000000,14261494.0000000000,12.6000000000000000,12.6000000000000000,0.46600000000000003,9.0000000000000000,49.800000000000000,0,0,1,0,0,0,0,0,1,0,0,1,0,0,0,0,0,0,0,0,0,0,1,0,0,1,0,0,1,1,0,1,1,0,0,0,0,0,0,0
2004,77,0,6.220000000000000000,1009.82501100000000000,92,7,55.9000000000000000,0,92,9.4400000000000000,92,0.1000000000000000,5757.2691599999998000,459191.0000000000,0.8000000000000000,0.7000000000000000,0.92400000000000004,17.5000000000000000,79.800000000000000,0,0,0,0,0,0,0,0,0,0,0,0,0,0,0,0,0,0,0,0,0,0,0,0,0,0,0,0,0,0,0,0,0,0,0,0,0,0,0,0
2012,14,1,0.510000000000000000,1055.83549300000000000,98,13,52.3000000000000000,1,99,2.5200000000000000,98,0.1000000000000000,22134.9160000000010000,null,7.0000000000000000,6.8000000000000000,0.79700000000000004,13.7000000000000000,76.000000000000000,0,0,0,0,0,0,0,0,0,0,0,0,0,0,0,0,0,0,0,0,0,0,0,0,0,0,0,0,0,0,0,0,0,1,0,0,0,0,0,0
2000,138,1,0.380000000000000000,62.86657507999999700,99,15,45.9000000000000000,1,99,3.7000000000000000,99,0.1000000000000000,861.1859600000000200,null,7.2000000000000000,6.9000000000000000,0E-17,10.4000000000000000,72.599999999999994,0,0,0,0,0,0,0,0,0,0,0,0,0,0,0,0,0,0,0,0,0,0,0,0,0,0,0,0,0,0,0,0,0,0,0,0,0,1,0,0
2007,178,367,0.030000000000000000,3.91274451700000010,75,2801,2.1000000000000000,459,75,3.3500000000000000,75,0.1000000000000000,95.4327930999999980,16332974.0000000000,2.8000000000000000,21.3000000000000000,0.50500000000000000,6.7000000000000000,64.400000000000006,0,0,0,0,0,0,0,0,0,0,0,0,0,0,0,0,1,0,0,0,0,0,1,0,0,0,1,0,1,0,0,0,0,0,0,0,1,0,0,0
2013,254,38,0.010000000000000000,28.66897828999999800,9,319,27.3000000000000000,55,91,4.6300000000000000,9,0.9000000000000000,1814.4922970000000000,26346251.0000000000,6.6000000000000000,6.4000000000000000,0.56999999999999995,11.5000000000000000,61.900000000000000,0,0,0,0,0,1,0,0,0,0,0,1,0,0,0,0,0,0,0,0,0,0,0,0,0,1,0,0,0,0,0,1,0,0,1,0,0,0,0,0
2011,76,0,8.020000000000000000,3192.88736299999980000,95,40,64.3000000000000000,0,99,9.7700000000000000,99,0.1000000000000000,25916.2935299999990000,1114899.0000000000,0.8000000000000000,0.7000000000000000,0.86000000000000000,16.7000000000000000,85.000000000000000,0,0,0,0,0,0,0,0,0,0,0,0,0,0,0,0,0,0,0,0,0,0,0,0,1,0,0,0,0,0,0,0,0,1,0,0,0,0,0,0
2006,77,0,9.420000000000000000,318.58066280000003000,94,0,61.2000000000000000,1,98,9.3400000000000000,98,0.1000000000000000,2481.1578100000002000,112362.0000000000,0.8000000000000000,0.7000000000000000,0.85000000000000000,16.3000000000000000,79.700000000000000,0,0,0,0,0,0,0,0,0,0,0,0,0,0,0,0,0,0,0,0,0,0,0,0,0,0,0,0,0,0,0,0,0,0,0,0,0,0,0,0
2005,81,0,9.949999999999999300,2785.13936400000010000,93,122,6.5000000000000000,1,96,9.3600000000000000,96,0.1000000000000000,22551.7357400000000000,1987314.0000000000,0.8000000000000000,0.7000000000000000,0.83899999999999997,15.6000000000000000,79.300000000000000,0,0,0,0,0,0,0,0,0,0,0,0,0,0,0,0,0,0,0,0,0,0,0,0,1,0,0,0,0,0,0,0,0,1,0,0,0,0,0,0
2003,24,15,2.450000000000000200,249.32629480000000000,92,0,42.4000000000000000,19,84,6.8800000000000000,84,0.4000000000000000,1753.3494710000000000,125478.0000000000,1.4000000000000000,1.4000000000000000,0.56000000000000005,9.0000000000000000,69.400000000000006,0,0,0,0,0,0,0,0,0,0,0,0,0,0,0,0,0,0,0,0,0,0,0,0,0,0,0,0,0,0,0,0,0,0,0,0,0,0,0,0
2002,244,1,7.730000000000000000,10.93633880000000000,91,0,37.1000000000000000,1,93,5.8400000000000000,91,2.2999999999999998,96.8674826999999960,751884.0000000000,5.9000000000000000,5.7000000000000000,0.60899999999999999,11.0000000000000000,65.300000000000000,0,0,0,0,0,0,0,0,0,0,0,0,0,0,0,0,0,0,0,0,0,0,0,0,0,0,0,0,0,0,0,0,1,0,0,0,0,0,0,0
2001,222,1800,1.000000000000000000,19.00340606000000000,92,51780,11.8000000000000000,2400,58,4.5000000000000000,59,0.3000000000000000,447.1389659999999800,171477855.0000000000,27.5000000000000000,28.5000000000000000,0.49399999999999999,8.3000000000000007,62.900000000000000,0,0,1,0,0,0,1,0,1,0,0,0,0,0,0,1,1,0,0,0,0,0,1,0,0,0,1,0,1,0,0,0,0,0,1,1,1,0,0,0
2008,189,149,0.070000000000000007,10.26341107999999900,82,15369,21.3000000000000000,181,83,2.8100000000000000,77,0.2000000000000000,216.5276600000000000,236159276.0000000000,1.7000000000000000,1.7000000000000000,0.64100000000000001,11.7000000000000000,67.700000000000000,0,0,0,0,0,0,0,0,0,0,0,0,0,0,1,0,0,0,0,0,0,0,1,0,0,0,1,0,1,0,0,0,0,0,1,0,0,0,0,0
2011,93,22,0.030000000000000000,0E-17,99,73,54.8000000000000000,25,99,7.1200000000000000,99,0.1000000000000000,null,null,7.9000000000000000,8.1000000000000000,0.74500000000000000,13.1000000000000000,74.700000000000000,0,0,0,0,0,0,0,0,0,0,0,0,0,0,0,0,0,0,0,0,0,0,0,0,0,0,0,0,0,0,0,0,0,0,0,0,0,0,0,0
2010,16,22,0.030000000000000000,0E-17,99,538,53.6000000000000000,26,99,8.1999999999999993,99,0.1000000000000000,null,null,7.8000000000000000,8.0000000000000000,0.73499999999999999,12.9000000000000000,74.099999999999994,0,0,0,0,0,0,0,0,0,0,0,0,0,0,0,0,0,0,0,0,0,0,0,0,0,0,0,0,0,0,0,0,0,0,0,0,0,0,0,0
2002,14,30,0.150000000000000000,0E-17,65,0,5.6000000000000000,37,76,null,77,0.1000000000000000,null,24939299.0000000000,5.5000000000000000,5.3000000000000000,0.61399999999999999,9.1000000000000000,74.000000000000000,0,0,0,0,0,0,0,0,0,0,0,0,0,0,0,0,0,0,0,0,0,0,0,0,0,0,0,0,0,0,0,0,0,0,1,0,0,0,0,0
2008,75,0,12.660000000000000000,9528.23057399999930000,92,57,57.4000000000000000,0,93,8.6400000000000000,93,0.1000000000000000,61235.4150000000010000,4489544.0000000000,0.3000000000000000,0.2000000000000000,0.90800000000000003,17.8999999999999990,79.800000000000000,0,0,0,0,1,0,0,0,0,0,0,0,0,1,0,0,0,0,0,0,0,0,0,0,1,0,0,0,0,0,0,0,0,1,0,0,0,0,0,0
2004,82,0,13.320000000000000000,8040.22044399999960000,92,334,54.4000000000000000,0,89,7.3400000000000000,89,0.1000000000000000,47631.6376999999990000,47262.0000000000,0.3000000000000000,0.2000000000000000,0.88000000000000000,17.1000000000000010,78.300000000000000,0,0,0,0,1,0,0,0,0,0,0,0,0,0,0,0,0,0,0,0,0,0,0,0,1,0,0,0,0,0,0,0,0,1,0,0,0,0,0,0
2002,7,3,7.870000000000000000,5250.24918799999980000,92,33812,22.9000000000000000,5,89,7.8500000000000000,96,0.1000000000000000,32289.3554000000000000,127445.0000000000,1.7000000000000000,1.4000000000000000,0.86000000000000000,14.7000000000000000,81.800000000000000,0,0,0,0,0,0,0,0,0,0,0,0,0,0,0,0,0,0,0,0,0,0,0,0,1,0,1,0,0,0,0,0,0,1,0,0,0,0,0,0
2010,236,7,6.830000000000000000,11.15162680000000100,99,4,49.2000000000000000,8,98,4.4200000000000000,99,0.1000000000000000,97.6499720000000050,16321581.0000000000,2.2999999999999998,2.5000000000000000,0.76300000000000001,14.5000000000000000,67.800000000000000,0,0,0,0,0,0,0,0,0,0,0,0,0,0,0,0,0,0,0,0,0,0,0,0,0,0,0,0,0,0,0,0,0,0,0,0,0,0,0,0
2002,437,76,1.660000000000000000,32.73674134000000200,84,766,15.1000000000000000,118,83,4.5400000000000000,84,15.7000000000000000,395.8493510999999800,332149.0000000000,8.9000000000000000,8.9000000000000000,0.45100000000000001,8.5000000000000000,52.100000000000000,0,0,0,0,0,0,0,0,0,0,0,0,0,0,0,0,0,0,0,0,0,0,1,0,0,0,0,0,1,0,0,0,1,0,0,0,0,0,0,0
2002,94,0,0.010000000000000000,1209.68054699999990000,99,0,65.0000000000000000,1,99,3.5600000000000000,99,0.1000000000000000,17789.4198099999990000,null,3.2000000000000000,3.0000000000000000,0.78500000000000003,13.9000000000000000,73.300000000000000,0,0,0,0,0,0,0,0,0,0,0,0,0,0,0,0,0,0,0,0,0,0,0,0,1,0,0,0,0,0,0,0,0,1,0,0,0,0,0,0
2009,21,4,2.390000000000000000,0E-17,96,1,4.0999999999999996,4,96,6.7900000000000000,95,0.1000000000000000,null,null,3.3000000000000000,3.4000000000000000,0.62900000000000000,12.4000000000000000,68.500000000000000,0,0,0,0,0,0,0,0,0,0,0,0,0,0,0,0,0,0,0,0,0,0,0,0,0,0,0,0,0,0,0,0,0,0,0,0,0,0,0,0
2005,246,11,3.680000000000000000,0E-17,49,295,14.9000000000000000,16,5,4.3200000000000000,49,0.2000000000000000,null,null,1.0000000000000000,1.1000000000000001,0.49399999999999999,8.6999999999999993,61.000000000000000,0,0,0,0,0,0,0,0,0,1,0,0,0,0,0,0,0,0,0,0,0,0,0,0,0,1,0,0,0,1,0,1,0,0,0,0,0,0,0,0
2011,169,0,10.140000000000000000,24.70841046000000000,89,1,59.4000000000000000,0,92,6.1000000000000000,92,0.1000000000000000,1372.6894700000000000,25979.0000000000,2.2000000000000002,2.2999999999999998,0.81000000000000000,15.8000000000000000,73.599999999999994,0,0,0,0,0,0,0,0,0,0,0,0,0,0,0,0,0,0,0,0,0,0,0,0,0,0,0,0,0,0,0,0,0,0,0,0,0,0,0,0
2012,93,1,1.530000000000000000,151.15268290000000000,81,9,64.4000000000000060,1,75,6.9900000000000000,81,0.1000000000000000,8787.9466799999991000,491644.0000000000,4.8000000000000000,4.8000000000000000,0.76300000000000001,13.3000000000000000,75.000000000000000,0,0,0,0,0,0,0,0,0,0,0,0,0,0,0,0,0,0,0,0,0,0,0,0,0,0,0,0,0,0,0,0,0,0,0,0,0,0,0,0
2000,543,5,3.100000000000000000,29.86616464000000100,92,660,24.9000000000000000,7,82,6.9200000000000000,83,29.8000000000000000,474.8197875999999800,1868699.0000000000,11.5000000000000000,11.6000000000000000,0.44500000000000001,9.6000000000000000,49.300000000000000,0,1,0,0,0,0,0,0,0,0,0,0,1,0,0,0,0,0,0,0,0,1,0,0,0,0,0,0,0,0,0,0,1,0,0,0,0,0,0,0
2009,132,2,0.010000000000000000,63.55170297000000100,98,329,59.0000000000000000,2,98,3.1600000000000000,98,0.1000000000000000,1296.9735300000000000,null,5.6000000000000000,5.4000000000000000,0.75700000000000001,14.6000000000000000,72.700000000000000,0,0,0,0,0,0,0,0,0,0,0,0,0,0,0,0,0,0,0,0,0,0,0,0,0,0,0,0,0,0,0,0,0,0,0,0,0,0,0,0
2008,132,2,0.010000000000000000,532.67000050000001000,98,8,58.2000000000000000,2,98,2.4000000000000000,98,0.1000000000000000,14396.4865000000010000,null,5.5000000000000000,5.4000000000000000,0.75700000000000001,14.8000000000000000,72.599999999999994,0,0,0,0,0,0,0,0,0,0,0,0,0,0,0,0,0,0,0,0,0,0,0,0,0,0,0,0,0,0,0,0,0,1,0,0,0,0,0,0
2008,525,36,1.270000000000000000,74.34482998999999400,91,20,16.8999999999999990,58,92,1.7000000000000000,91,16.8999999999999990,372.8426779999999800,14271234.0000000000,7.0000000000000000,6.9000000000000000,0.40000000000000000,9.6000000000000000,50.000000000000000,0,0,0,0,0,0,0,0,0,0,0,0,0,0,0,0,0,0,0,0,0,1,0,0,0,0,0,0,0,0,0,0,1,0,0,0,0,0,0,0
2014,126,4,0.520000000000000000,721.36554320000005000,96,221,39.5000000000000000,4,97,4.1700000000000000,97,0.1000000000000000,11183.9619100000000000,322817.0000000000,7.6000000000000000,7.4000000000000000,0.78300000000000003,13.0000000000000000,74.800000000000000,0,0,0,0,0,0,0,0,0,0,0,0,0,0,0,0,0,0,0,0,0,0,0,0,0,0,0,0,0,0,0,0,0,0,0,0,0,0,0,0
2004,137,3,0.490000000000000000,315.66393219999998000,94,5729,29.8000000000000000,4,95,3.7400000000000000,95,0.1000000000000000,4955.4777430000004000,2517419.0000000000,9.1999999999999993,8.9000000000000000,0.73099999999999998,12.7000000000000000,73.200000000000000,0,0,0,0,0,0,0,0,0,0,0,0,0,0,0,0,0,0,0,0,0,0,0,0,0,0,1,0,0,0,0,0,0,0,0,0,0,0,0,0
2001,144,4,0.530000000000000000,210.24170020000000000,95,2198,27.0000000000000000,5,95,3.4000000000000000,96,0.1000000000000000,3915.1154600000000000,2369897.0000000000,9.6999999999999993,9.4000000000000000,0.72499999999999998,11.9000000000000000,72.700000000000000,0,0,0,0,0,0,0,0,0,0,0,0,0,0,0,0,0,0,0,0,0,0,0,0,0,0,1,0,0,0,0,0,0,0,0,0,0,0,0,0
2014,62,0,0.010000000000000000,2051.74861500000000000,99,0,26.2000000000000000,0,99,13.7300000000000000,99,0.1000000000000000,7716.2415000000001000,41.0000000000,13.6000000000000000,13.7000000000000000,0.69299999999999995,12.7000000000000000,78.200000000000000,0,0,0,0,0,0,0,0,0,0,1,0,0,0,0,0,0,0,0,0,0,0,0,0,1,0,0,0,0,0,1,0,0,0,0,0,0,0,0,0
2013,64,0,0.010000000000000000,1626.59118600000010000,99,0,25.1000000000000000,0,99,11.1600000000000000,99,0.1000000000000000,7112.3357500000002000,393.0000000000,13.7000000000000000,13.8000000000000000,0.68300000000000005,12.4000000000000000,77.900000000000006,0,0,0,0,0,0,0,0,0,0,0,0,0,0,0,0,0,0,0,0,0,0,0,0,1,0,0,0,0,0,0,0,0,0,0,0,0,0,0,0
2007,65,0,7.450000000000000000,2578.88831399999980000,82,2,66.0999999999999940,0,76,8.3600000000000000,74,0.1000000000000000,19375.5695999999990000,46724.0000000000,0.7000000000000000,0.7000000000000000,0.80800000000000005,14.4000000000000000,79.599999999999994,0,0,0,0,0,0,0,0,0,0,0,0,0,0,0,0,0,0,0,0,0,0,0,0,1,0,0,0,0,0,0,0,0,1,0,0,0,0,0,0
2015,25,8,null,0E-17,73,1,3.8000000000000000,12,67,null,73,0.9000000000000000,1158.2564689999999000,4182341.0000000000,7.8000000000000000,7.5000000000000000,0.51300000000000001,8.5000000000000000,63.100000000000000,0,0,0,0,0,0,0,0,0,0,0,0,0,0,0,0,0,0,0,0,0,0,0,0,0,0,0,0,0,0,0,0,0,0,0,0,0,0,0,0
2003,226,8,0.010000000000000000,29.65370898999999800,92,3611,22.9000000000000000,12,75,4.5300000000000000,76,1.3000000000000000,528.5866130000000600,2957117.0000000000,1.3000000000000000,1.1000000000000001,0.44700000000000001,6.6000000000000000,63.000000000000000,0,0,0,0,0,0,0,0,0,0,0,0,0,0,0,0,0,0,0,0,0,0,0,0,0,0,1,0,0,0,0,0,0,0,0,0,0,0,0,0
2007,161,0,3.240000000000000000,582.51437429999999000,97,13,29.1000000000000000,0,96,4.2400000000000000,97,0.1000000000000000,6574.6543380000003000,123963.0000000000,7.5000000000000000,7.4000000000000000,0.72000000000000000,13.5000000000000000,72.900000000000006,0,0,0,0,0,0,0,0,0,0,0,0,0,0,0,0,0,0,0,0,0,0,0,0,0,0,0,0,0,0,0,0,0,0,0,0,0,0,0,0
2005,168,0,3.940000000000000000,479.92340769999998000,97,7,28.0000000000000000,0,97,4.4700000000000000,97,0.1000000000000000,5116.4542400000000000,1228254.0000000000,7.7000000000000000,7.6000000000000000,0.70399999999999996,13.0000000000000000,72.099999999999994,0,0,0,0,0,0,0,0,0,0,0,0,0,0,0,0,0,0,0,0,0,0,0,0,0,0,0,0,0,0,0,0,0,0,0,0,0,0,0,0
2013,12,32,5.230000000000000000,150.40887499999999000,82,0,62.1000000000000000,37,83,6.3000000000000000,83,0.1000000000000000,1298.8676599999999000,122535969.0000000000,1.6000000000000000,1.5000000000000000,0.75300000000000000,12.9000000000000000,76.599999999999994,0,0,0,0,0,0,0,0,0,0,0,0,0,0,0,0,0,0,0,0,0,0,0,0,0,0,0,0,0,0,0,0,0,0,1,0,0,0,0,0
2008,174,0,1.970000000000000000,0E-17,89,0,65.2000000000000000,0,88,12.9400000000000000,85,0.1000000000000000,null,null,0.2000000000000000,0.2000000000000000,0.62800000000000000,11.2000000000000000,68.400000000000006,0,0,0,0,0,0,0,0,0,0,0,0,0,0,0,0,0,0,0,0,0,0,0,0,0,0,0,0,0,0,1,0,0,0,0,0,0,0,0,0
2001,183,0,2.820000000000000000,0E-17,81,0,62.0000000000000000,0,79,8.5800000000000000,75,0.1000000000000000,null,null,0.3000000000000000,0.2000000000000000,0.60399999999999998,10.1000000000000000,67.200000000000000,0,0,0,0,0,0,0,0,0,0,0,0,0,0,0,0,0,0,0,0,0,0,0,0,0,0,0,0,0,0,0,0,0,0,0,0,0,0,0,0
2011,235,1,0.010000000000000000,257.84031540000001000,99,0,48.0000000000000000,2,99,4.4500000000000000,99,0.1000000000000000,3769.5952550000002000,2761516.0000000000,2.2000000000000002,2.2999999999999998,0.70099999999999996,14.6000000000000000,67.300000000000000,0,0,0,0,0,0,0,0,0,0,0,0,0,0,0,0,0,0,0,0,0,0,0,0,0,0,0,0,0,0,0,0,0,0,0,0,0,0,0,0
2008,225,2,4.260000000000000000,181.01232840000000000,96,31,44.9000000000000000,2,95,5.5800000000000000,96,0.1000000000000000,2139.6256309999999000,2628131.0000000000,2.2000000000000002,2.2999999999999998,0.67300000000000004,13.4000000000000000,67.400000000000006,0,0,0,0,0,0,0,0,0,0,0,0,0,0,0,0,0,0,0,0,0,0,0,0,0,0,0,0,0,0,0,0,0,0,0,0,0,0,0,0
2014,17,0,0.010000000000000000,726.02917639999998000,87,0,61.3000000000000000,0,91,6.4200000000000000,91,0.1000000000000000,7378.3452889999999000,62181.0000000000,1.8000000000000000,1.9000000000000000,0.80300000000000005,15.1000000000000000,75.900000000000006,0,0,0,0,0,0,0,0,0,0,0,0,0,0,0,0,0,0,0,0,0,0,0,0,0,0,0,0,0,0,0,0,0,0,0,0,0,0,0,0
2011,113,0,6.560000000000000000,666.73743709999997000,91,5,59.7000000000000000,0,95,6.9200000000000000,95,0.1000000000000000,7318.7424490000003000,6279.0000000000,1.9000000000000000,2.0000000000000000,0.79200000000000004,15.1000000000000000,75.400000000000006,0,0,0,0,0,0,0,0,0,0,0,0,0,0,0,0,0,0,0,0,0,0,0,0,0,0,0,0,0,0,0,0,0,0,0,0,0,0,0,0
2001,136,0,0.010000000000000000,33.66981355000000100,92,0,52.7000000000000000,0,93,8.2300000000000000,93,0.1000000000000000,199.5839570000000000,67389.0000000000,2.5000000000000000,2.6000000000000000,0E-17,0E-16,73.300000000000000,0,0,0,0,0,0,0,0,0,0,0,0,0,0,0,0,0,0,1,0,0,0,0,0,0,0,0,0,0,0,0,0,0,0,0,0,0,1,1,0
2015,95,17,null,0E-17,99,17,58.5000000000000000,20,99,null,99,0.1000000000000000,2847.2855690000001000,3483322.0000000000,6.4000000000000000,6.2000000000000000,0.64500000000000002,12.1000000000000000,74.300000000000000,0,0,0,0,0,0,0,0,0,0,0,0,0,0,0,0,0,0,0,0,0,0,0,0,0,0,0,0,0,0,0,0,0,0,0,0,0,0,0,0
2011,14,19,0.540000000000000000,22.09455039999999900,98,982,54.6000000000000000,22,98,5.9900000000000000,99,0.1000000000000000,339.9161599999999900,32858823.0000000000,6.3000000000000000,6.2000000000000000,0.61199999999999999,11.2000000000000000,73.300000000000000,0,0,0,0,0,0,0,0,0,0,0,0,0,0,0,0,0,0,0,0,0,0,0,0,0,0,1,0,0,0,0,0,0,0,1,0,0,0,0,0
2003,146,24,0.579999999999999960,88.16506178999999600,9,10841,47.3000000000000000,28,91,5.2500000000000000,91,0.1000000000000000,1721.9738629999999000,29843937.0000000000,6.6000000000000000,6.4000000000000000,0.55100000000000005,9.3000000000000007,69.900000000000006,0,0,0,0,0,1,0,0,0,0,0,0,0,0,0,0,0,0,0,0,0,0,0,0,0,1,1,0,0,0,0,0,0,0,1,0,0,0,0,0
2015,355,60,null,0E-17,8,79,22.6000000000000000,81,8,null,8,3.9000000000000000,528.3125596999999500,281691.0000000000,3.6000000000000000,3.5000000000000000,0.41399999999999998,9.1000000000000000,57.600000000000000,0,0,0,0,0,1,0,0,0,1,0,1,0,0,0,0,0,0,0,0,0,0,1,0,0,1,0,0,1,1,0,1,1,0,0,0,0,0,0,0
2012,25,44,0.550000000000000040,38.42790829999999900,58,2175,21.3000000000000000,58,87,2.2200000000000002,84,0.5000000000000000,1171.5825700000000000,5986514.0000000000,13.0000000000000000,13.2000000000000000,0.53300000000000003,9.1000000000000000,65.900000000000006,0,0,0,0,0,0,0,0,0,0,0,0,0,0,0,0,0,0,0,0,0,0,0,0,0,1,1,0,0,0,0,0,0,0,0,0,0,0,0,0
2002,235,71,0.410000000000000000,3.42188093800000010,92,736,14.6000000000000000,96,84,2.5000000000000000,79,0.4000000000000000,143.7765100000000000,471422.0000000000,13.3000000000000000,13.7000000000000000,0.43500000000000000,7.6000000000000000,62.800000000000000,0,0,0,0,0,0,0,0,0,0,0,0,0,0,0,0,0,0,0,0,0,0,1,0,0,0,0,0,1,0,0,0,0,0,0,0,0,0,0,0
2009,183,25,0.220000000000000000,6.19357029000000030,89,189,15.9000000000000000,32,93,6.4100000000000000,89,0.2000000000000000,48.7299000000000010,2674113.0000000000,16.8999999999999990,17.3999999999999990,0.50200000000000000,10.5000000000000000,67.500000000000000,0,0,0,0,0,0,0,0,0,0,0,0,0,0,0,0,0,0,0,0,0,0,0,0,0,0,0,0,0,0,0,0,0,0,0,1,1,0,0,0
2002,238,40,0.190000000000000000,23.18394594000000100,92,6749,12.4000000000000000,54,72,5.6000000000000000,72,0.1000000000000000,246.3756210000000000,24566342.0000000000,18.2000000000000000,18.8000000000000000,0.44700000000000001,8.6000000000000000,63.100000000000000,0,0,0,0,0,0,0,0,0,0,0,0,0,0,0,1,1,0,0,0,0,0,0,0,0,0,1,0,0,0,0,0,0,0,1,1,1,0,0,0
2004,77,1,9.560000000000000000,5170.13070299999980000,92,11,55.0000000000000000,1,98,8.5200000000000000,98,0.1000000000000000,39954.6422200000020000,16281779.0000000000,1.0000000000000000,1.0000000000000000,0.88500000000000001,16.5000000000000000,79.200000000000000,0,0,0,0,0,0,0,0,0,0,0,0,0,0,0,0,0,0,0,0,0,0,0,0,1,0,0,0,0,0,0,0,0,1,0,0,0,0,0,0
2002,197,4,3.500000000000000000,2.09234389299999980,85,0,44.2000000000000000,5,85,5.7100000000000000,85,0.4000000000000000,11.1472770000000010,5171734.0000000000,2.2000000000000002,2.1000000000000000,0.57699999999999996,10.7000000000000000,75.000000000000000,0,0,0,0,0,0,0,0,0,0,0,0,0,0,0,0,0,0,0,0,0,0,0,0,0,0,0,0,0,0,0,0,0,0,0,0,0,0,0,0
2011,375,513,8.750000000000000000,187.57331869999999000,46,18843,22.8000000000000000,802,48,3.6900000000000000,48,4.7000000000000000,2527.9423000000002000,16287776.0000000000,11.0000000000000000,1.9000000000000000,0.50000000000000000,9.6000000000000000,52.300000000000000,0,0,1,0,0,0,0,0,1,0,0,0,0,0,0,0,0,0,0,0,0,0,1,0,0,1,1,0,1,1,0,1,1,0,0,0,0,0,0,0
2013,62,0,6.210000000000000000,234.78288300000000000,92,8,6.3000000000000000,0,94,9.3900000000000000,94,0.1000000000000000,1291.4349999999999000,579623.0000000000,0.8000000000000000,0.7000000000000000,0.94199999999999995,17.5000000000000000,81.500000000000000,0,0,0,0,0,0,0,0,0,0,0,0,0,0,0,0,0,0,0,0,0,0,0,0,0,0,0,0,0,0,0,0,0,0,0,0,0,0,0,0
2007,67,0,6.600000000000000000,14829.41215000000000000,92,0,57.5000000000000000,0,93,8.5800000000000000,93,0.1000000000000000,85128.6575900000030000,479153.0000000000,0.7000000000000000,0.7000000000000000,0.93400000000000005,17.6000000000000010,85.000000000000000,0,0,0,0,1,0,0,0,0,0,0,0,0,1,0,0,0,0,0,0,0,0,0,0,1,0,0,0,0,0,0,0,0,1,0,0,0,0,0,0
2004,183,364,0.010000000000000000,28.98323119000000100,65,4248,18.3999999999999990,461,65,2.5600000000000000,65,0.1000000000000000,649.8482330000000500,15783.0000000000,21.4000000000000000,21.8000000000000000,0.47399999999999998,5.6000000000000000,63.700000000000000,0,0,0,0,0,0,0,0,0,0,0,0,0,0,0,1,1,0,0,0,0,0,1,0,0,0,1,0,1,0,0,0,0,0,0,1,1,0,0,0
2009,79,2,11.220000000000000000,7641.27064499999960000,88,574,59.5000000000000000,3,95,11.4000000000000000,96,0.1000000000000000,41732.7724999999990000,819237.0000000000,1.1000000000000001,1.1000000000000001,0.90600000000000003,16.7000000000000000,80.000000000000000,0,0,0,0,1,0,0,0,0,0,0,0,0,0,0,0,0,0,0,0,0,0,0,0,1,0,0,0,0,0,0,0,0,1,0,0,0,0,0,0
2011,263,40,1.640000000000000000,225.22194740000000000,91,120,26.1000000000000000,58,91,4.8099999999999996,91,1.3000000000000000,1574.9786529999999000,25121796.0000000000,6.9000000000000000,6.8000000000000000,0.55400000000000005,10.9000000000000000,61.200000000000000,0,0,0,0,0,0,0,0,0,0,0,0,0,0,0,0,0,0,0,0,0,0,0,0,0,0,0,0,0,0,0,0,0,0,1,0,0,0,0,0
2004,34,41,1.460000000000000000,53.23775976999999700,8,60,21.8000000000000000,62,81,3.9600000000000000,8,3.2000000000000000,423.1936389000000000,2986536.0000000000,8.4000000000000000,8.3000000000000007,0.49099999999999999,7.7000000000000000,58.300000000000000,0,0,0,0,0,1,0,0,0,0,0,1,0,0,0,0,0,0,0,0,0,0,0,0,0,1,0,0,0,0,0,1,1,0,0,0,0,0,0,0
2013,144,0,8.250000000000000000,780.44592809999995000,97,0,46.5000000000000000,0,98,6.1500000000000000,97,0.1000000000000000,7955.6159850000004000,null,3.8000000000000000,3.8000000000000000,0.74600000000000000,15.8000000000000000,73.300000000000000,0,0,0,0,0,0,0,0,0,0,0,0,0,0,0,0,0,0,0,0,0,0,0,0,0,0,0,0,0,0,0,0,0,0,0,0,0,0,0,0
2013,189,11,1.930000000000000000,582.14695830000005000,85,0,49.3000000000000000,13,84,6.3000000000000000,85,0.4000000000000000,3452.8289340000001000,15596214.0000000000,1.2000000000000000,1.2000000000000000,0.61099999999999999,10.7000000000000000,71.400000000000006,0,0,0,0,0,0,0,0,0,0,0,0,0,0,0,0,0,0,0,0,0,0,0,0,0,0,0,0,0,0,0,0,0,0,0,0,0,0,0,0
2009,198,12,2.140000000000000000,445.44233709999997000,92,0,46.5000000000000000,15,92,6.7900000000000000,92,0.4000000000000000,2635.7534740000001000,1431628.0000000000,1.3000000000000000,1.3000000000000000,0.59599999999999997,10.4000000000000000,76.000000000000000,0,0,0,0,0,0,0,0,0,0,0,0,0,0,0,0,0,0,0,0,0,0,0,0,0,0,0,0,0,0,0,0,0,0,0,0,0,0,0,0
2001,32,5,2.549999999999999800,0.86870847799999995,92,126,17.8999999999999990,9,56,5.4000000000000000,53,3.6000000000000000,39.4867490000000030,1267512.0000000000,1.0000000000000000,1.0000000000000000,0E-17,6.7000000000000000,52.500000000000000,0,0,0,0,0,0,0,0,0,0,0,0,0,0,0,0,0,0,0,0,0,0,0,0,0,0,0,0,0,0,0,0,1,0,0,0,0,1,0,0
2007,266,17,6.080000000000000000,56.77858733000000100,92,0,4.7000000000000000,23,62,5.5600000000000000,63,2.7000000000000000,615.8198191999999800,9556889.0000000000,4.2000000000000000,4.2000000000000000,0.45800000000000002,8.4000000000000000,61.800000000000000,0,0,0,0,0,0,0,0,0,0,0,0,0,0,0,0,0,0,0,0,0,0,0,0,0,0,0,0,0,0,0,0,1,0,0,0,0,0,0,0
2006,161,5,3.230000000000000000,192.92978289999999000,94,0,43.5000000000000000,6,94,7.6300000000000000,95,0.8000000000000000,1437.6287850000001000,754146.0000000000,2.4000000000000000,2.4000000000000000,0.58299999999999996,10.8000000000000000,72.800000000000000,0,0,0,0,0,0,0,0,0,0,0,0,0,0,0,0,0,0,0,0,0,0,0,0,0,0,0,0,0,0,0,0,0,0,0,0,0,0,0,0
2014,137,0,0.010000000000000000,160.94493420000001000,92,0,64.2000000000000000,0,99,7.4000000000000000,99,0.1000000000000000,14117.9766800000000000,9866468.0000000000,1.7000000000000000,1.6000000000000000,0.83399999999999996,15.8000000000000000,75.599999999999994,0,0,0,0,0,0,0,0,0,0,0,0,0,0,0,0,0,0,0,0,0,0,0,0,0,0,0,0,0,0,0,0,0,1,0,0,0,0,0,0
2010,156,0,10.780000000000000000,19.22023996000000100,92,0,61.7000000000000000,1,99,7.8500000000000000,99,0.1000000000000000,1325.5337900000000000,123.0000000000,1.8000000000000000,1.8000000000000000,0.81699999999999995,15.3000000000000000,74.500000000000000,0,0,0,0,0,0,0,0,0,0,0,0,0,0,0,0,0,0,0,0,0,0,0,0,0,0,0,0,0,0,0,0,0,0,0,0,0,0,0,0
2003,216,1700,1.190000000000000000,19.48086820000000000,92,47147,12.6000000000000000,2200,57,4.3000000000000000,61,0.3000000000000000,541.1352279000000200,11827848.0000000000,27.3000000000000000,28.3000000000000000,0.50500000000000000,8.6000000000000000,63.700000000000000,0,0,1,0,0,0,1,0,1,0,0,0,0,0,0,1,1,0,0,0,0,0,1,0,0,0,1,0,1,0,0,0,0,0,0,1,1,0,0,0
2015,182,32,null,0E-17,56,1433,59.1000000000000000,38,63,null,58,0.1000000000000000,4974.2692999999999000,36115649.0000000000,5.3000000000000000,5.0999999999999996,0.64900000000000002,10.1000000000000000,68.900000000000006,0,0,0,0,0,0,0,0,0,0,0,0,0,0,0,0,0,0,0,0,0,0,0,0,0,1,1,0,0,0,0,0,0,0,1,0,0,0,0,0
2013,17,32,0.010000000000000000,447.36950009999998000,66,669,57.8000000000000000,39,7,5.9200000000000000,68,0.1000000000000000,6925.2244600000004000,33883145.0000000000,5.3000000000000000,5.0999999999999996,0.65900000000000003,10.3000000000000000,69.500000000000000,0,0,0,0,0,0,0,0,0,1,0,0,0,0,0,0,0,0,0,0,0,0,0,0,0,0,0,0,0,1,0,0,0,0,1,0,0,0,0,0
2013,67,0,10.490000000000000000,703.55273320000003000,95,51,61.3000000000000000,0,96,8.1000000000000000,96,0.1000000000000000,5234.7673599999998000,4598294.0000000000,0.3000000000000000,0.2000000000000000,0.90200000000000002,18.6000000000000010,81.000000000000000,0,0,0,0,0,0,0,0,0,0,0,0,0,0,0,0,0,0,0,0,0,0,0,0,0,0,0,0,0,0,0,0,0,0,0,0,0,0,0,0
2005,78,0,13.310000000000000000,973.68133300000000000,92,95,55.1000000000000000,0,9,7.2700000000000000,9,0.1000000000000000,5886.8278899999996000,4159914.0000000000,0.3000000000000000,0.2000000000000000,0.88900000000000001,17.5000000000000000,78.700000000000000,0,0,0,0,0,0,0,0,0,1,0,1,0,0,0,0,0,0,0,0,0,0,0,0,0,0,0,0,0,1,0,1,0,0,0,0,0,0,0,0
2003,82,0,13.240000000000000000,675.21347249999997000,92,584,53.6000000000000000,0,86,7.5000000000000000,86,0.1000000000000000,4117.1553199999998000,3996521.0000000000,0.3000000000000000,0.2000000000000000,0.87000000000000000,16.8000000000000000,78.000000000000000,0,0,0,0,0,0,0,0,0,0,0,0,0,0,0,0,0,0,0,0,0,0,0,0,0,0,0,0,0,0,0,0,0,0,0,0,0,0,0,0
2007,68,1,2.330000000000000000,4.34510159999999960,99,539,61.6000000000000000,1,95,7.3700000000000000,95,0.1000000000000000,258.6370000000000000,7181.0000000000,1.1000000000000001,1.1000000000000001,0.87200000000000000,15.7000000000000000,84.000000000000000,0,0,0,0,0,0,0,0,0,0,0,0,0,0,0,0,0,0,0,0,0,0,0,0,0,0,0,0,0,0,0,0,0,0,0,0,0,0,0,0
2003,71,1,2.319999999999999800,1731.75574699999990000,98,124,59.6000000000000000,1,93,7.4400000000000000,93,0.1000000000000000,18946.9994200000000000,66897.0000000000,1.1000000000000001,1.1000000000000001,0.86299999999999999,16.0000000000000000,79.700000000000000,0,0,0,0,0,0,0,0,0,0,0,0,0,0,0,0,0,0,0,0,0,0,0,0,1,0,0,0,0,0,0,0,0,1,0,0,0,0,0,0
2007,63,2,8.369999999999999200,5228.82158100000020000,97,321,59.4000000000000000,2,97,8.4800000000000000,97,0.1000000000000000,37698.7857300000030000,5843831.0000000000,0.5000000000000000,0.5000000000000000,0.86199999999999999,16.1000000000000010,81.300000000000000,0,0,0,0,0,0,0,0,0,0,0,0,0,0,0,0,0,0,0,0,0,0,0,0,1,0,0,0,0,0,0,0,0,1,0,0,0,0,0,0
2010,138,1,3.550000000000000000,396.62709749999999000,94,0,5.5000000000000000,1,94,5.3000000000000000,94,0.5000000000000000,4682.7284239999999000,281721.0000000000,1.8000000000000000,1.7000000000000000,0.72099999999999997,12.7000000000000000,75.000000000000000,0,0,0,0,0,0,0,0,0,0,0,0,0,0,0,0,0,0,0,0,0,0,0,0,0,0,0,0,0,0,0,0,0,0,0,0,0,0,0,0
2009,142,1,3.330000000000000000,235.70674170000001000,9,0,49.7000000000000000,1,9,5.1600000000000000,9,0.6000000000000000,4293.3832739999998000,28482.0000000000,1.9000000000000000,1.7000000000000000,0.72099999999999997,12.7000000000000000,74.700000000000000,0,0,0,0,0,1,0,0,0,1,0,1,0,0,0,0,0,0,0,0,0,0,0,0,0,1,0,0,0,1,0,1,0,0,0,0,0,0,0,0
2015,55,2,null,0E-17,92,35,29.0000000000000000,3,99,null,96,0.1000000000000000,34474.1373600000010000,127141.0000000000,2.1000000000000000,1.8000000000000000,0.90200000000000002,15.3000000000000000,83.700000000000000,0,0,0,0,0,0,0,0,0,0,0,0,0,0,0,0,0,0,0,0,0,0,0,0,0,0,0,0,0,0,0,0,0,1,0,0,0,0,0,0
2006,295,8,7.080000000000000000,76.19868936000000300,99,109,46.8000000000000000,9,99,3.7300000000000000,99,0.1000000000000000,5291.5756499999998000,153884.0000000000,2.4000000000000000,2.5000000000000000,0.74700000000000000,14.3000000000000000,65.000000000000000,0,0,0,0,0,0,0,0,0,0,0,0,0,0,0,0,0,0,0,0,0,0,0,0,0,0,0,0,0,0,0,0,0,0,0,0,0,0,0,0
2003,282,8,6.580000000000000000,23.43400761999999900,99,24,45.3000000000000000,9,99,3.7000000000000000,99,0.1000000000000000,268.1236569999999800,149918.0000000000,2.5000000000000000,2.6000000000000000,0.71399999999999997,13.1000000000000000,64.400000000000006,0,0,0,0,0,0,0,0,0,0,0,0,0,0,0,0,0,0,0,0,0,0,0,0,0,0,0,0,0,0,0,0,0,0,0,0,0,0,0,0
2013,258,58,1.840000000000000000,165.93049769999999000,93,190,2.7000000000000000,81,94,5.5700000000000000,87,3.0000000000000000,1229.1147980000001000,44826849.0000000000,7.9000000000000000,7.7000000000000000,0.54100000000000004,11.1000000000000000,62.600000000000000,0,0,0,0,0,0,0,0,0,0,0,0,0,0,0,0,0,0,0,0,0,0,1,0,0,0,0,0,1,0,0,0,1,0,1,0,0,0,0,0
2010,294,61,1.730000000000000000,56.58984221000000000,9,95,18.8999999999999990,89,9,3.9700000000000000,9,4.3000000000000000,967.3477299999999600,4135152.0000000000,8.1999999999999993,8.0000000000000000,0.52300000000000002,11.1000000000000000,63.000000000000000,0,0,0,0,0,1,0,0,0,1,0,1,0,0,0,0,0,0,0,0,0,0,1,0,0,1,0,0,1,1,0,1,1,0,0,0,0,0,0,0
2012,84,1,0.010000000000000000,2957.97396299999990000,98,27,69.5000000000000000,1,98,2.5700000000000000,98,0.1000000000000000,51264.7134000000010000,null,3.4000000000000000,3.3000000000000000,0.79400000000000004,13.2000000000000000,74.300000000000000,0,0,0,0,0,0,0,0,0,0,0,0,0,1,0,0,0,0,0,0,0,0,0,0,1,0,0,0,0,0,0,0,0,1,0,0,0,0,0,0
2003,93,0,0.030000000000000000,159.00987269999999000,99,0,65.5000000000000000,1,99,3.2300000000000000,99,0.1000000000000000,2271.5696100000000000,null,3.2000000000000000,3.0000000000000000,0.78800000000000003,14.1000000000000000,73.400000000000006,0,0,0,0,0,0,0,0,0,0,0,0,0,0,0,0,0,0,0,0,0,0,0,0,0,0,0,0,0,0,0,0,0,0,0,0,0,0,0,0
2012,163,0,10.210000000000001000,1356.02216400000000000,9,3,59.8000000000000000,0,91,5.9100000000000000,91,0.1000000000000000,13822.8559000000000000,234319.0000000000,2.2000000000000002,2.2000000000000002,0.81200000000000006,15.5000000000000000,73.800000000000000,0,0,0,0,0,1,0,0,0,0,0,0,0,0,0,0,0,0,0,0,0,0,0,0,1,1,0,0,0,0,0,0,0,1,0,0,0,0,0,0
2006,229,0,10.400000000000000000,1099.24883700000010000,94,7,57.4000000000000000,0,96,6.8000000000000000,96,0.1000000000000000,9667.9757000000009000,2218357.0000000000,2.4000000000000000,2.5000000000000000,0.80700000000000005,16.2000000000000000,75.000000000000000,0,0,0,0,0,0,0,0,0,0,0,0,0,0,0,0,0,0,0,0,0,0,0,0,1,0,0,0,0,0,0,0,0,0,0,0,0,0,0,0
2007,633,4,2.690000000000000000,9.18432716999999950,9,2,28.3000000000000000,6,87,8.4700000000000006,88,30.0000000000000000,918.4327170000000300,1982287.0000000000,8.4000000000000000,8.3000000000000007,0.44000000000000000,10.6000000000000000,46.200000000000000,0,1,0,0,0,1,0,0,0,0,0,0,1,0,0,0,0,0,0,0,0,1,0,0,0,1,0,0,0,0,0,0,1,0,0,0,0,0,0,0
2011,266,9,3.720000000000000000,60.44658161000000300,77,279,25.0000000000000000,12,77,11.2300000000000000,77,1.5000000000000000,379.6895830000000300,47167.0000000000,7.2000000000000000,7.0000000000000000,0.40600000000000003,9.5000000000000000,62.000000000000000,0,0,0,0,0,0,0,0,0,0,0,0,0,0,0,0,0,0,0,0,0,0,0,0,0,0,0,0,0,0,0,0,0,0,0,0,0,0,0,0
2011,161,2,0.010000000000000000,36.11567365999999900,98,0,6.9000000000000000,2,98,4.7699999999999996,98,0.1000000000000000,562.5494340000000200,null,5.6000000000000000,5.4000000000000000,0.75600000000000001,14.0000000000000000,71.300000000000000,0,0,0,0,0,0,0,0,0,0,0,0,0,0,0,0,0,0,0,0,0,0,0,0,0,0,0,0,0,0,0,0,0,0,0,0,0,0,0,0
2011,72,0,11.500000000000000000,17028.52797999999900000,95,6,59.6000000000000000,0,96,7.3400000000000000,99,0.1000000000000000,115761.5770000000000000,518347.0000000000,0.9000000000000000,0.9000000000000000,0.89400000000000002,13.9000000000000000,88.000000000000000,0,0,0,0,1,0,0,0,0,0,0,0,0,1,0,0,0,0,0,0,0,0,0,0,1,0,0,0,0,0,0,0,0,1,0,0,0,0,0,0
2007,261,35,0.710000000000000000,55.43034455000000100,84,0,16.7000000000000000,51,83,4.9800000000000004,84,0.6000000000000000,377.8482928000000200,19433523.0000000000,7.9000000000000000,7.8000000000000000,0.48299999999999998,9.1000000000000000,61.900000000000000,0,0,0,0,0,0,0,0,0,0,0,0,0,0,0,0,0,0,0,0,0,0,0,0,0,0,0,0,0,0,0,0,0,0,1,0,0,0,0,0
2005,265,37,0.720000000000000000,33.74786198000000300,81,0,15.8000000000000000,56,8,5.3000000000000000,85,0.6000000000000000,274.8197230000000100,18336724.0000000000,8.1000000000000000,8.0000000000000000,0.47299999999999998,8.9000000000000000,69.000000000000000,0,0,0,0,0,0,0,0,0,1,0,0,0,0,0,0,0,0,0,0,0,0,0,0,0,0,0,0,0,1,0,0,0,0,1,0,0,0,0,0
2014,377,27,0.010000000000000000,59.48744892999999900,91,3,19.2000000000000000,40,87,11.3800000000000000,91,5.0999999999999996,354.7253961000000100,1768838.0000000000,6.5000000000000000,6.3000000000000000,0.46600000000000003,10.7000000000000000,57.600000000000000,0,0,0,0,0,0,0,0,0,0,0,0,0,0,0,0,0,0,0,0,0,0,0,0,0,0,0,0,0,0,0,0,1,0,0,0,0,0,0,0
2002,67,46,1.100000000000000100,3.88539474199999990,64,92,14.8000000000000000,75,79,4.8200000000000000,64,24.7000000000000000,29.9798976999999990,1213711.0000000000,7.7000000000000000,7.6000000000000000,0.38800000000000001,10.4000000000000000,44.000000000000000,0,0,0,0,0,0,0,0,0,0,0,0,1,0,0,0,0,0,0,0,0,0,0,0,0,0,0,0,1,0,0,0,1,0,0,0,0,0,0,1
2007,133,3,0.430000000000000000,409.98125229999999000,96,394,32.5000000000000000,4,97,3.6100000000000000,97,0.1000000000000000,7269.1711400000004000,26625845.0000000000,8.6999999999999993,8.5000000000000000,0.73599999999999999,12.3000000000000000,73.700000000000000,0,0,0,0,0,0,0,0,0,0,0,0,0,0,0,0,0,0,0,0,0,0,0,0,0,0,0,0,0,0,0,0,0,0,1,0,0,0,0,0
2008,81,0,1.760000000000000000,1077.71209200000000000,98,0,2.2999999999999998,0,98,9.3000000000000007,98,0.1000000000000000,5828.6213740000003000,362.0000000000,14.2000000000000000,14.3000000000000000,0.64100000000000001,11.8000000000000000,75.900000000000006,0,0,0,0,0,0,0,0,0,0,0,0,0,0,0,0,0,0,0,0,0,0,0,0,1,0,0,0,0,0,0,0,0,0,0,0,0,0,0,0
2005,29,57,0.550000000000000040,60.21211140999999900,83,33,18.0000000000000000,101,78,6.3400000000000000,77,1.9000000000000000,487.9425560000000200,12798763.0000000000,9.9000000000000000,9.6999999999999993,0.33800000000000002,5.8000000000000000,53.600000000000000,0,0,0,0,0,0,0,0,0,0,0,0,0,0,0,0,0,0,0,0,0,0,1,0,0,0,0,0,1,0,0,0,1,0,0,0,0,0,0,0
2003,71,0,6.700000000000000000,1678.39277300000000000,89,4,63.9000000000000000,0,94,8.6000000000000000,94,0.1000000000000000,13689.9899900000000000,398582.0000000000,0.7000000000000000,0.7000000000000000,0.79000000000000000,13.8000000000000000,78.500000000000000,0,0,0,0,0,0,0,0,0,0,0,0,0,0,0,0,0,0,0,0,0,0,0,0,1,0,0,0,0,0,0,0,0,1,0,0,0,0,0,0
2014,26,8,0.010000000000000000,80.92679802000000700,84,14,3.1000000000000000,12,84,3.7700000000000000,84,0.9000000000000000,1326.6688200000001000,46392.0000000000,8.0000000000000000,7.7000000000000000,0.50900000000000001,8.5000000000000000,63.000000000000000,0,0,0,0,0,0,0,0,0,0,0,0,0,0,0,0,0,0,0,0,0,0,0,0,0,0,0,0,0,0,0,0,0,0,0,0,0,0,0,0
2009,215,8,0.010000000000000000,11.14504291000000100,64,322,26.8000000000000000,12,63,3.7900000000000000,64,1.2000000000000000,146.8385100000000100,356288.0000000000,8.9000000000000000,8.6999999999999993,0.47599999999999998,7.1000000000000000,61.700000000000000,0,0,0,0,0,0,0,0,0,0,0,0,0,0,0,0,0,0,0,0,0,0,0,0,0,0,0,0,0,0,0,0,0,0,0,0,0,0,0,0
2007,219,8,0.020000000000000000,7.35400072000000020,74,11,25.5000000000000000,12,75,3.5400000000000000,75,1.3000000000000000,113.3128000000000000,3312665.0000000000,9.4000000000000000,9.1000000000000000,0.47499999999999998,7.4000000000000000,61.200000000000000,0,0,0,0,0,0,0,0,0,0,0,0,0,0,0,0,0,0,0,0,0,0,0,0,0,0,0,0,0,0,0,0,0,0,0,0,0,0,0,0
2015,146,0,null,0E-17,97,0,33.2999999999999970,0,98,null,97,0.1000000000000000,9252.1172399999996000,126265.0000000000,6.9000000000000000,6.8000000000000000,0.77900000000000003,15.2000000000000000,74.599999999999994,0,0,0,0,0,0,0,0,0,0,0,0,0,0,0,0,0,0,0,0,0,0,0,0,0,0,0,0,0,0,0,0,0,0,0,0,0,0,0,0
2008,166,0,2.490000000000000200,6.64898249999999980,99,12,29.7000000000000000,0,99,4.5999999999999996,99,0.1000000000000000,83.6350000000000050,1244121.0000000000,7.4000000000000000,7.3000000000000000,0.72799999999999998,13.6000000000000000,72.700000000000000,0,0,0,0,0,0,0,0,0,0,0,0,0,0,0,0,0,0,0,0,0,0,0,0,0,0,0,0,0,0,0,0,0,0,0,0,0,0,0,0
2008,121,0,6.170000000000000000,709.13112279999996000,93,0,57.8000000000000000,0,95,6.1300000000000000,95,0.1000000000000000,7325.7347399999999000,616969.0000000000,2.1000000000000000,2.1000000000000000,0.77400000000000002,14.2000000000000000,74.599999999999994,0,0,0,0,0,0,0,0,0,0,0,0,0,0,0,0,0,0,0,0,0,0,0,0,0,0,0,0,0,0,0,0,0,0,0,0,0,0,0,0
2004,134,0,0.010000000000000000,57.12190145999999700,92,0,55.0000000000000000,0,93,8.4499999999999993,93,0.1000000000000000,338.1995350000000300,613353.0000000000,2.2999999999999998,2.4000000000000000,0.74000000000000000,12.6000000000000000,73.500000000000000,0,0,0,0,0,0,0,0,0,0,0,0,0,0,0,0,0,0,0,0,0,0,0,0,0,0,0,0,0,0,0,0,0,0,0,0,0,0,0,0
2006,133,22,0.579999999999999960,127.76320050000000000,95,1217,49.9000000000000000,25,97,5.2300000000000000,97,0.1000000000000000,2191.4785670000001000,3869346.0000000000,6.4000000000000000,6.3000000000000000,0.57499999999999996,10.0000000000000000,71.000000000000000,0,0,0,0,0,0,0,0,0,0,0,0,0,0,0,0,0,0,0,0,0,0,0,0,0,0,1,0,0,0,0,0,0,0,0,0,0,0,0,0
2014,375,61,0.010000000000000000,54.91159474999999900,79,9,22.2000000000000000,84,79,6.9800000000000000,79,4.0999999999999996,623.2871141000000500,27212382.0000000000,3.6000000000000000,3.5000000000000000,0.40899999999999997,9.1000000000000000,56.700000000000000,0,0,0,0,0,0,0,0,0,0,0,0,0,0,0,0,0,0,0,0,0,0,1,0,0,0,0,0,1,0,0,0,1,0,1,0,0,0,0,0
2002,416,87,2.160000000000000000,40.82597076999999800,76,7155,17.3000000000000000,127,76,6.4500000000000000,76,14.5000000000000000,262.8845509999999900,19139658.0000000000,4.0000000000000000,4.0000000000000000,0.31100000000000000,6.2000000000000000,49.800000000000000,0,0,0,0,0,0,0,0,0,0,0,0,0,0,0,0,0,0,0,0,0,0,1,0,0,0,1,0,1,0,0,0,1,0,1,0,0,0,0,0
2010,29,49,0.300000000000000000,17.48293752000000000,92,190,19.8000000000000000,65,9,1.9200000000000000,9,0.5000000000000000,987.7365832000000400,5155896.0000000000,13.1000000000000000,13.3000000000000000,0.51500000000000001,8.8000000000000007,65.400000000000006,0,0,0,0,0,0,0,0,0,1,0,1,0,0,0,0,0,0,0,0,0,0,0,0,0,0,0,0,0,1,0,1,0,0,0,0,0,0,0,0
2004,228,66,0.440000000000000000,4.15451614000000010,39,1329,15.7000000000000000,90,92,1.9700000000000000,82,0.5000000000000000,219.8156688000000000,487377.0000000000,13.3000000000000000,13.6000000000000000,0.45500000000000002,7.8000000000000000,63.500000000000000,0,0,0,0,0,0,0,0,0,0,0,0,0,0,0,0,0,0,0,0,0,0,1,0,0,1,1,0,1,0,0,0,0,0,0,0,0,0,0,0
2007,356,3,5.120000000000000000,62.11039295999999900,92,21,29.4000000000000000,4,81,6.9900000000000000,86,15.2000000000000000,422.5196799999999900,279915.0000000000,12.0000000000000000,12.0000000000000000,0.57799999999999996,11.3000000000000000,60.000000000000000,0,0,0,0,0,0,0,0,0,0,0,0,0,0,0,0,0,0,0,0,0,0,0,0,0,0,0,0,0,0,0,0,1,0,0,0,0,0,0,0
2008,189,27,0.210000000000000000,70.27113178999999800,82,2089,15.4000000000000000,35,82,6.4400000000000000,82,0.2000000000000000,473.8444490000000000,26475859.0000000000,17.0000000000000000,17.6000000000000010,0.49199999999999999,10.1000000000000000,67.000000000000000,0,0,0,0,0,0,0,0,0,0,0,0,0,0,0,0,0,0,0,0,0,0,0,0,0,0,1,0,0,0,0,0,0,0,1,1,1,0,0,0
2015,57,1,null,0E-17,94,7,62.1000000000000000,1,95,null,95,0.1000000000000000,44292.8847299999980000,16939923.0000000000,1.0000000000000000,0.9000000000000000,0.92300000000000004,18.1000000000000010,81.900000000000006,0,0,0,0,0,0,0,0,0,0,0,0,0,0,0,0,0,0,0,0,0,0,0,0,0,0,0,0,0,0,0,0,0,1,0,0,0,0,0,0
2010,71,0,9.619999999999999200,6664.14870799999970000,9,43,64.8000000000000000,0,93,11.2000000000000000,93,0.1000000000000000,33691.3483700000000000,null,0.3000000000000000,0.3000000000000000,0.89900000000000002,20.3000000000000000,89.000000000000000,0,0,0,0,0,1,0,0,0,0,0,0,0,0,0,0,0,0,0,0,0,0,0,0,1,1,0,0,0,0,0,0,0,1,0,0,0,0,0,0
2007,76,0,9.190000000000000000,606.31065609999996000,88,25,63.2000000000000000,0,88,8.3500000000000000,88,0.1000000000000000,3259.7347100000002000,null,0.3000000000000000,0.3000000000000000,0.89100000000000001,19.2000000000000000,81.000000000000000,0,0,0,0,0,0,0,0,0,0,0,0,0,0,0,0,0,0,0,0,0,0,0,0,0,0,0,0,0,0,0,0,0,0,0,0,0,0,0,0
2014,148,2,3.550000000000000000,473.12381240000002000,98,0,53.2000000000000000,3,99,9.4000000000000000,98,0.1000000000000000,1975.4647700000000000,613997.0000000000,1.8000000000000000,1.7000000000000000,0.63600000000000001,11.6000000000000000,74.500000000000000,0,0,0,0,0,0,0,0,0,0,0,0,0,0,0,0,0,0,0,0,0,0,0,0,0,0,0,0,0,0,0,0,0,0,0,0,0,0,0,0
2012,157,2,3.630000000000000000,334.81742459999998000,98,0,51.7000000000000000,3,99,8.4000000000000000,98,0.1000000000000000,1792.3844999999999000,587718.0000000000,1.8000000000000000,1.7000000000000000,0.62500000000000000,11.5000000000000000,73.900000000000006,0,0,0,0,0,0,0,0,0,0,0,0,0,0,0,0,0,0,0,0,0,0,0,0,0,0,0,0,0,0,0,0,0,0,0,0,0,0,0,0
2010,252,50,0.120000000000000000,5.88376053599999960,7,372,17.3000000000000000,95,75,6.3600000000000000,7,0.9000000000000000,348.1515110000000300,16425578.0000000000,1.7000000000000000,1.6000000000000000,0.31200000000000000,4.5000000000000000,58.200000000000000,0,0,0,0,0,1,0,0,0,0,0,1,0,0,0,0,0,0,0,0,0,0,0,0,0,1,0,0,1,0,0,1,0,0,0,0,0,0,0,0
2003,28,56,0.100000000000000000,20.26876572000000100,92,54190,14.6000000000000000,121,44,6.2300000000000000,41,1.6000000000000000,215.8548000000000100,1265687.0000000000,12.3000000000000000,12.2000000000000000,0.26600000000000001,3.0000000000000000,52.100000000000000,0,0,0,0,0,0,1,0,0,0,0,0,0,0,0,0,0,0,0,0,0,0,1,0,0,0,1,0,1,1,0,1,1,0,0,0,0,0,1,0
2001,283,57,0.110000000000000000,1.81782971700000000,92,61208,13.9000000000000000,127,42,7.1000000000000000,36,1.6000000000000000,165.2572470000000100,11771976.0000000000,12.7000000000000000,12.7000000000000000,0.25500000000000000,2.9000000000000000,56.000000000000000,0,0,0,0,0,0,1,0,0,0,0,0,0,0,0,0,0,0,0,0,0,0,1,0,0,0,1,0,1,1,0,1,1,0,0,0,0,0,1,0
2002,81,0,5.890000000000000000,749.68233820000000000,92,5,54.6000000000000000,0,93,9.6199999999999992,93,0.1000000000000000,4361.1538000000000000,4538159.0000000000,0.8000000000000000,0.7000000000000000,0.91600000000000004,17.1000000000000010,78.900000000000006,0,0,0,0,0,0,0,0,0,0,0,0,0,0,0,0,0,0,0,0,0,0,0,0,0,0,0,0,0,0,0,0,0,0,0,0,0,0,0,0
2013,12,1,0.460000000000000000,1154.89347300000010000,98,0,52.8000000000000000,1,99,2.7600000000000000,98,0.1000000000000000,21268.7563999999980000,null,7.0000000000000000,6.8000000000000000,0.79600000000000004,13.7000000000000000,76.200000000000000,0,0,0,0,0,0,0,0,0,0,0,0,0,0,0,0,0,0,0,0,0,0,0,0,1,0,0,0,0,0,0,0,0,1,0,0,0,0,0,0
2002,13,1,0.540000000000000000,585.91709449999996000,99,5,47.3000000000000000,1,99,3.1800000000000000,99,0.1000000000000000,8629.1177399999997000,null,7.1000000000000000,6.8000000000000000,0.71599999999999997,11.0000000000000000,73.300000000000000,0,0,0,0,0,0,0,0,0,0,0,0,0,0,0,0,0,0,0,0,0,0,0,0,0,0,0,0,0,0,0,0,0,0,0,0,0,0,0,0
2013,163,365,0.040000000000000000,60.18648815000000200,72,8749,23.9000000000000000,450,72,2.7000000000000000,72,0.1000000000000000,1272.4416100000001000,181712595.0000000000,19.6000000000000010,2.0000000000000000,0.53800000000000003,7.7000000000000000,66.000000000000000,0,0,0,0,0,0,0,0,0,0,0,0,0,0,0,1,0,0,0,0,0,0,1,0,0,0,1,0,1,0,0,0,0,0,1,1,0,0,0,0
2010,172,372,0.040000000000000000,0.66751505000000000,82,4321,21.9000000000000000,461,82,3.2000000000000000,82,0.1000000000000000,14.1422680000000000,1756182.0000000000,2.2000000000000002,2.7000000000000000,0.52100000000000002,7.5000000000000000,65.099999999999994,0,0,0,0,0,0,0,0,0,0,0,0,0,0,0,0,0,0,0,0,0,0,1,0,0,0,1,0,1,0,0,0,0,0,0,0,0,0,0,0
2010,76,2,11.200000000000000000,7584.07857900000000000,88,780,59.9000000000000000,3,94,11.2500000000000000,95,0.1000000000000000,41785.5569099999990000,8177693.0000000000,1.1000000000000001,1.1000000000000001,0.90700000000000003,16.7000000000000000,81.000000000000000,0,0,0,0,1,0,0,0,0,0,0,0,0,0,0,0,0,0,0,0,0,0,0,0,1,0,0,0,0,0,0,0,0,1,0,0,0,0,0,0
2007,82,3,11.500000000000000000,7777.55635299999990000,86,567,58.5000000000000000,3,95,1.1800000000000000,96,0.1000000000000000,41814.8191000000010000,82266372.0000000000,1.1000000000000001,1.1000000000000001,0.89800000000000002,16.6000000000000010,79.800000000000000,0,0,0,0,1,0,0,0,0,0,0,0,0,0,0,0,0,0,0,0,0,0,0,0,1,0,0,0,0,0,0,0,0,1,1,0,0,0,0,0
2009,271,41,1.760000000000000000,30.72290501000000200,94,101,24.9000000000000000,60,94,5.1700000000000000,94,2.1000000000000000,186.7653799999999900,2393831.0000000000,7.3000000000000000,7.2000000000000000,0.54200000000000004,10.4000000000000000,66.000000000000000,0,0,0,0,0,0,0,0,0,0,0,0,0,0,0,0,0,0,0,0,0,0,0,0,0,0,0,0,0,0,0,0,1,0,0,0,0,0,0,0
2002,31,42,1.600000000000000000,3.33643796899999990,8,12289,2.7000000000000000,63,8,3.7000000000000000,78,3.5000000000000000,39.4844730000000010,19924522.0000000000,8.8000000000000007,8.8000000000000007,0.48399999999999999,7.6000000000000000,57.600000000000000,0,0,0,0,0,1,0,0,0,1,0,0,0,0,0,0,0,0,0,0,0,0,0,0,0,1,1,0,0,1,0,0,1,0,1,0,0,0,0,0
2012,76,0,8.199999999999999300,2528.99293500000020000,98,3,64.9000000000000060,0,99,9.2400000000000000,99,0.1000000000000000,22242.6819299999990000,114511.0000000000,0.8000000000000000,0.7000000000000000,0.85799999999999998,16.8000000000000000,84.000000000000000,0,0,0,0,0,0,0,0,0,0,0,0,0,0,0,0,0,0,0,0,0,0,0,0,1,0,0,0,0,0,0,0,0,1,0,0,0,0,0,0
2008,77,0,9.510000000000000000,3682.88717000000000000,95,1,62.4000000000000000,0,99,9.7600000000000000,99,0.1000000000000000,31997.2821000000000000,1177841.0000000000,0.8000000000000000,0.7000000000000000,0.85299999999999998,15.9000000000000000,79.900000000000006,0,0,0,0,0,0,0,0,0,0,0,0,0,0,0,0,0,0,0,0,0,0,0,0,1,0,0,0,0,0,0,0,0,1,0,0,0,0,0,0
2008,162,0,8.920000000000000000,754.95971290000000000,99,0,42.4000000000000000,0,99,5.7600000000000000,99,0.1000000000000000,7946.9443460000002000,null,3.8000000000000000,3.9000000000000000,0E-17,15.4000000000000000,72.099999999999994,0,0,0,0,0,0,0,0,0,0,0,0,0,0,0,0,0,0,0,0,0,0,0,0,0,0,0,0,0,0,0,0,0,0,0,0,0,1,0,0
2004,32,18,6.100000000000000000,64.39853343999999400,92,0,37.5000000000000000,24,58,5.6100000000000000,55,4.3000000000000000,387.9429725000000000,9119178.0000000000,4.5000000000000000,4.5000000000000000,0.45000000000000000,8.1000000000000000,58.700000000000000,0,0,0,0,0,0,0,0,0,0,0,0,0,0,0,0,0,0,0,0,0,0,0,0,0,0,0,0,0,0,0,0,1,0,0,0,0,0,0,0
2012,146,0,11.270000000000000000,164.27934070000001000,92,2,63.0000000000000000,1,99,7.7400000000000000,99,0.1000000000000000,12834.3234900000010000,992362.0000000000,1.7000000000000000,1.7000000000000000,0.82299999999999995,15.4000000000000000,75.000000000000000,0,0,0,0,0,0,0,0,0,0,0,0,0,0,0,0,0,0,0,0,0,0,0,0,0,0,0,0,0,0,0,0,0,0,0,0,0,0,0,0
2004,18,1,13.280000000000000000,146.86080160000000000,92,0,58.2000000000000000,1,99,8.8000000000000007,99,0.1000000000000000,1259.5265999999999000,117146.0000000000,2.1000000000000000,2.1000000000000000,0.79300000000000004,15.3000000000000000,72.900000000000006,0,0,0,0,0,0,0,0,0,0,0,0,0,0,0,0,0,0,0,0,0,0,0,0,0,0,0,0,0,0,0,0,0,0,0,0,0,0,0,0
2012,5,0,7.810000000000000000,6818.54640699999980000,92,0,59.7000000000000000,0,89,8.6800000000000000,89,0.1000000000000000,44333.8517999999970000,32716.0000000000,1.0000000000000000,0.9000000000000000,0.90100000000000002,18.7000000000000000,82.500000000000000,0,0,0,0,1,0,0,0,0,0,0,0,0,0,0,0,0,0,0,0,0,0,0,0,1,0,0,0,0,0,0,0,0,1,0,0,0,0,0,0
2007,26,1400,1.590000000000000000,5.23477032400000030,6,41144,14.4000000000000000,1900,67,4.2300000000000004,64,0.3000000000000000,118.1663729999999900,1179681239.0000000000,27.1000000000000000,28.0000000000000000,0.54600000000000004,9.9000000000000000,65.200000000000000,0,0,1,0,0,1,1,0,1,0,0,0,0,0,1,1,1,0,0,0,0,0,1,0,0,1,1,0,1,0,0,0,0,0,1,1,1,0,0,0
2005,19,163,0.060000000000000000,5.38178256199999970,65,15853,19.0000000000000000,201,79,2.7900000000000000,72,0.1000000000000000,126.9288339999999900,22671273.0000000000,1.9000000000000000,1.9000000000000000,0.62900000000000000,11.1000000000000000,67.200000000000000,0,0,0,0,0,0,0,0,0,0,0,0,0,0,0,0,0,0,0,0,0,0,1,0,0,0,1,0,1,0,0,0,0,0,1,0,0,0,0,0
2003,213,30,0.070000000000000007,0E-17,63,0,51.3000000000000000,37,73,4.3600000000000003,75,0.1000000000000000,null,25627626.0000000000,5.5000000000000000,5.2000000000000000,0.61599999999999999,9.4000000000000000,66.500000000000000,0,0,0,0,0,0,0,0,0,0,0,0,0,0,0,0,0,0,0,0,0,0,0,0,0,0,0,0,0,0,0,0,0,0,1,0,0,0,0,0
2007,75,0,13.590000000000000000,9797.55266099999970000,92,64,56.6000000000000000,0,92,7.5700000000000000,92,0.1000000000000000,61388.1745700000030000,4398942.0000000000,0.3000000000000000,0.2000000000000000,0.90200000000000002,17.6000000000000010,79.500000000000000,0,0,0,0,1,0,0,0,0,0,0,0,0,1,0,0,0,0,0,0,0,0,0,0,1,0,0,0,0,0,0,0,0,1,0,0,0,0,0,0
2014,57,2,7.560000000000000000,4831.64479599999960000,95,0,63.1000000000000000,2,95,9.2500000000000000,95,0.1000000000000000,35396.6651700000000000,678914.0000000000,0.6000000000000000,0.6000000000000000,0.87700000000000000,16.3000000000000000,82.500000000000000,0,0,0,0,0,0,0,0,0,0,0,0,0,0,0,0,0,0,0,0,0,0,0,0,1,0,0,0,0,0,0,0,0,1,0,0,0,0,0,0
2003,72,2,9.300000000000000700,3519.25851500000000000,95,10982,57.0000000000000000,3,97,8.1700000000000000,96,0.1000000000000000,27387.2258000000000000,5731323.0000000000,0.5000000000000000,0.5000000000000000,0.84099999999999997,15.4000000000000000,79.900000000000006,0,0,0,0,0,0,0,0,0,0,0,0,0,0,0,0,0,0,0,0,0,0,0,0,1,0,1,0,0,0,0,0,0,1,0,0,0,0,0,0
2014,57,2,0.010000000000000000,88.83362243000000500,92,462,28.6000000000000000,3,99,1.2300000000000000,96,0.1000000000000000,3896.2115100000001000,127276.0000000000,2.0000000000000000,1.7000000000000000,0.89900000000000002,15.3000000000000000,83.500000000000000,0,0,0,0,0,0,0,0,0,0,0,0,0,0,0,0,0,0,0,0,0,0,0,0,0,0,0,0,0,0,0,0,0,0,0,0,0,0,0,0
2012,58,2,7.390000000000000000,121.58691630000000000,92,228,27.8000000000000000,3,99,1.1700000000000000,97,0.1000000000000000,4863.4766499999996000,127629.0000000000,1.9000000000000000,1.7000000000000000,0.88900000000000001,15.3000000000000000,83.300000000000000,0,0,0,0,0,0,0,0,0,0,0,0,0,0,0,0,0,0,0,0,0,0,0,0,0,0,0,0,0,0,0,0,0,0,0,0,0,0,0,0
2003,7,3,7.830000000000000000,578.72542729999998000,92,8286,23.4000000000000000,5,97,8.0000000000000000,97,0.1000000000000000,3488.3991999999998000,127718.0000000000,1.7000000000000000,1.4000000000000000,0.86299999999999999,14.8000000000000000,81.900000000000006,0,0,0,0,0,0,0,0,0,0,0,0,0,0,0,0,0,0,0,0,0,0,0,0,0,0,1,0,0,0,0,0,0,0,0,0,0,0,0,0
2002,129,4,0.540000000000000000,259.15723750000001000,95,19,55.5000000000000000,4,95,9.6800000000000000,95,0.1000000000000000,1812.2883740000000000,5287488.0000000000,3.9000000000000000,3.9000000000000000,0.71199999999999997,13.0000000000000000,72.099999999999994,0,0,0,0,0,0,0,0,0,0,0,0,0,0,0,0,0,0,0,0,0,0,0,0,0,0,0,0,0,0,0,0,0,0,0,0,0,0,0,0
2001,131,4,0.550000000000000040,248.69746300000000000,97,61,54.8000000000000000,4,97,9.9000000000000000,99,0.1000000000000000,1728.2659000000001000,5193482.0000000000,4.0000000000000000,3.9000000000000000,0.70599999999999996,12.7000000000000000,71.900000000000006,0,0,0,0,0,0,0,0,0,0,0,0,0,0,0,0,0,0,0,0,0,0,0,0,0,0,0,0,0,0,0,0,0,0,0,0,0,0,0,0
2000,222,0,0.460000000000000000,11.07543330999999900,9,0,67.9000000000000060,0,9,8.1199999999999992,9,0.1000000000000000,796.7937633999999900,8446.0000000000,0.2000000000000000,0.2000000000000000,0E-17,10.0000000000000000,64.099999999999994,0,0,0,0,0,1,0,0,0,1,0,1,0,0,0,0,0,0,0,0,0,0,0,0,0,1,0,0,0,1,0,1,0,0,0,0,0,1,0,0
2008,88,1,0.030000000000000000,2078.39274800000020000,99,0,67.5000000000000000,1,99,1.9300000000000000,99,0.1000000000000000,55571.9985999999990000,null,3.3000000000000000,3.1000000000000000,0.78700000000000003,13.8000000000000000,73.800000000000000,0,0,0,0,0,0,0,0,0,0,0,0,0,1,0,0,0,0,0,0,0,0,0,0,1,0,0,0,0,0,0,0,0,1,0,0,0,0,0,0
2006,89,1,0.010000000000000000,2443.44427499999980000,99,0,66.7000000000000000,1,99,2.2500000000000000,99,0.1000000000000000,42717.5572499999980000,null,3.2000000000000000,3.1000000000000000,0.78700000000000003,14.1000000000000000,73.599999999999994,0,0,0,0,0,0,0,0,0,0,0,0,0,0,0,0,0,0,0,0,0,0,0,0,1,0,0,0,0,0,0,0,0,1,0,0,0,0,0,0
2007,229,4,2.770000000000000000,0E-17,94,40,39.0000000000000000,4,94,6.8700000000000000,94,0.1000000000000000,null,null,3.3000000000000000,3.4000000000000000,0.61799999999999999,12.6000000000000000,67.200000000000000,0,0,0,0,0,0,0,0,0,0,0,0,0,0,0,0,0,0,0,0,0,0,0,0,0,0,0,0,0,0,0,0,0,0,0,0,0,0,0,0
2006,24,11,3.690000000000000000,0E-17,57,58,15.5000000000000000,15,56,4.1399999999999997,57,0.2000000000000000,null,null,9.9000000000000000,9.9000000000000000,0.50300000000000000,9.0000000000000000,61.500000000000000,0,0,0,0,0,0,0,0,0,0,0,0,0,0,0,0,0,0,0,0,0,0,0,0,0,1,0,0,0,0,0,0,0,0,0,0,0,0,0,0
2005,216,0,9.920000000000000000,86.92553990000000400,99,2,57.0000000000000000,0,99,6.3700000000000000,99,0.1000000000000000,7558.7425999999996000,2238799.0000000000,2.5000000000000000,2.5000000000000000,0.79100000000000004,15.9000000000000000,76.000000000000000,0,0,0,0,0,0,0,0,0,0,0,0,0,0,0,0,0,0,0,0,0,0,0,0,0,0,0,0,0,0,0,0,0,0,0,0,0,0,0,0
2013,134,2,0.010000000000000000,0E-17,96,0,62.8000000000000000,2,96,4.3300000000000000,96,0.1000000000000000,null,null,5.7000000000000000,5.5000000000000000,0.73499999999999999,13.4000000000000000,72.900000000000006,0,0,0,0,0,0,0,0,0,0,0,0,0,0,0,0,0,0,0,0,0,0,0,0,0,0,0,0,0,0,0,0,0,0,0,0,0,0,0,0
2004,141,2,0.010000000000000000,31.80653287999999900,99,2771,55.3000000000000000,3,97,3.4600000000000000,97,0.1000000000000000,586.8364000000000300,null,5.5000000000000000,5.4000000000000000,0.74700000000000000,15.9000000000000000,71.500000000000000,0,0,0,0,0,0,0,0,0,0,0,0,0,0,0,0,0,0,0,0,0,0,0,0,0,0,1,0,0,0,0,0,0,0,0,0,0,0,0,0
2006,66,0,8.840000000000000000,2380.69979599999990000,86,1,65.5999999999999940,0,83,8.9300000000000000,85,0.1000000000000000,16671.5672000000010000,4538.0000000000,0.7000000000000000,0.7000000000000000,0.80900000000000005,14.8000000000000000,79.300000000000000,0,0,0,0,0,0,0,0,0,0,0,0,0,0,0,0,0,0,0,0,0,0,0,0,1,0,0,0,0,0,0,0,0,1,0,0,0,0,0,0
2012,29,8,0.010000000000000000,62.48419552000000000,8,35,28.8000000000000000,12,8,3.3600000000000000,8,1.2000000000000000,1364.2837450000000000,383239.0000000000,8.3000000000000007,8.1000000000000000,0.49099999999999999,7.8000000000000000,62.500000000000000,0,0,0,0,0,1,0,0,0,1,0,1,0,0,0,0,0,0,0,0,0,0,0,0,0,1,0,0,0,1,0,1,0,0,0,0,0,0,0,0
2008,217,8,0.020000000000000000,61.76263794999999800,74,4,26.1000000000000000,12,73,3.2300000000000000,74,1.3000000000000000,1167.5356890000000000,347541.0000000000,9.1999999999999993,8.9000000000000000,0.47499999999999998,7.2000000000000000,61.400000000000000,0,0,0,0,0,0,0,0,0,0,0,0,0,0,0,0,0,0,0,0,0,0,0,0,0,0,0,0,0,0,0,0,0,0,0,0,0,0,0,0
2006,221,8,0.010000000000000000,55.79836969000000100,68,22,24.8000000000000000,12,68,3.2100000000000000,68,1.3000000000000000,944.1348510000000300,322653.0000000000,9.6000000000000000,9.4000000000000000,0.46600000000000003,7.2000000000000000,69.000000000000000,0,0,0,0,0,0,0,0,0,0,0,0,0,0,0,0,0,0,0,0,0,0,0,0,0,0,0,0,0,0,0,0,0,0,0,0,0,0,0,0
2011,169,0,1.890000000000000000,0E-17,83,0,67.0000000000000000,0,83,13.7600000000000000,84,0.1000000000000000,null,null,0.2000000000000000,0.2000000000000000,0.63800000000000001,11.7000000000000000,68.900000000000006,0,0,0,0,0,0,0,0,0,0,1,0,0,0,0,0,0,0,0,0,0,0,0,0,0,0,0,0,0,0,1,0,0,0,0,0,0,0,0,0
2006,176,0,1.730000000000000000,0E-17,84,0,64.0999999999999940,0,81,11.9200000000000000,67,0.1000000000000000,null,null,0.2000000000000000,0.2000000000000000,0.62200000000000000,10.9000000000000000,68.000000000000000,0,0,0,0,0,0,0,0,0,0,0,0,0,0,0,0,0,0,0,0,0,0,0,0,0,0,0,0,0,0,0,0,0,0,0,0,0,0,0,0
2005,178,0,1.900000000000000000,0E-17,91,0,63.6000000000000000,0,94,12.1100000000000000,94,0.1000000000000000,null,null,0.2000000000000000,0.2000000000000000,0.61699999999999999,10.7000000000000000,67.900000000000006,0,0,0,0,0,0,0,0,0,0,0,0,0,0,0,0,0,0,0,0,0,0,0,0,0,0,0,0,0,0,0,0,0,0,0,0,0,0,0,0
2000,185,0,2.230000000000000000,0E-17,87,0,61.5000000000000000,0,85,7.8800000000000000,85,0.1000000000000000,null,null,0.3000000000000000,0.3000000000000000,0E-17,0E-16,67.000000000000000,0,0,0,0,0,0,0,0,0,0,0,0,0,0,0,0,0,0,1,0,0,0,0,0,0,0,0,0,0,0,0,0,0,0,0,0,0,1,1,0
2013,227,1,0.010000000000000000,241.19586450000000000,98,0,5.4000000000000000,1,98,4.2100000000000000,98,0.1000000000000000,4385.3793550000000000,286917.0000000000,2.2000000000000002,2.2999999999999998,0.72000000000000000,14.7000000000000000,68.099999999999994,0,0,0,0,0,0,0,0,0,0,0,0,0,0,0,0,0,0,0,0,0,0,0,0,0,0,0,0,0,0,0,0,0,0,0,0,0,0,0,0
2007,26,2,3.790000000000000000,126.69810900000000000,98,12,43.9000000000000000,2,99,5.6000000000000000,95,0.1000000000000000,1634.8143100000000000,259167.0000000000,2.2000000000000002,2.4000000000000000,0.66100000000000003,13.0000000000000000,65.900000000000006,0,0,0,0,0,0,0,0,0,0,0,0,0,0,0,0,0,0,0,0,0,0,0,0,0,0,0,0,0,0,0,0,0,0,0,0,0,0,0,0
2005,274,2,2.750000000000000000,98.68367951000000500,98,0,42.1000000000000000,2,99,5.9000000000000000,99,0.1000000000000000,998.8226670999999900,2526446.0000000000,2.2999999999999998,2.4000000000000000,0.63700000000000001,11.8000000000000000,64.500000000000000,0,0,0,0,0,0,0,0,0,0,0,0,0,0,0,0,0,0,0,0,0,0,0,0,0,0,0,0,0,0,0,0,0,0,0,0,0,0,0,0
2014,96,18,0.430000000000000000,198.73434950000001000,99,10,57.5000000000000000,21,99,5.9100000000000000,99,0.1000000000000000,3154.5134840000001000,3431882.0000000000,6.4000000000000000,6.2000000000000000,0.64000000000000000,12.1000000000000000,74.099999999999994,0,0,0,0,0,0,0,0,0,0,0,0,0,0,0,0,0,0,0,0,0,0,0,0,0,0,0,0,0,0,0,0,0,0,0,0,0,0,0,0
2009,4,70,1.180000000000000000,39.75216936000000300,74,60,2.1000000000000000,101,74,5.4300000000000000,74,11.3000000000000000,463.8526180000000100,2352463.0000000000,3.7000000000000000,3.6000000000000000,0.38200000000000001,9.1999999999999993,53.800000000000000,0,0,0,0,0,0,0,0,0,0,0,0,0,0,0,0,0,0,0,0,0,0,1,0,0,0,0,0,1,0,0,0,1,0,0,0,0,0,0,0
2009,211,52,0.280000000000000030,11.05247903000000100,91,329,19.1000000000000010,69,9,2.5000000000000000,9,0.6000000000000000,741.7771159999999800,49869.0000000000,13.1000000000000000,13.4000000000000000,0.50400000000000000,8.5000000000000000,65.200000000000000,0,0,0,0,0,0,0,0,0,1,0,1,0,0,0,0,0,0,0,0,0,0,0,0,0,0,0,0,1,1,0,1,0,0,0,0,0,0,0,0
2000,41,3,5.730000000000000000,35.80978512000000100,92,469,24.5000000000000000,4,8,6.1100000000000000,79,22.8000000000000000,257.9955699999999900,1899257.0000000000,15.7000000000000000,15.9000000000000000,0.55900000000000005,11.5000000000000000,57.400000000000000,0,0,0,0,0,0,0,0,0,1,0,0,1,0,0,0,0,0,0,0,0,0,0,0,0,0,0,0,0,1,0,0,1,0,0,1,1,0,0,0
2014,158,18,0.010000000000000000,8.52348640299999970,92,1279,18.5000000000000000,22,92,5.8000000000000000,92,0.1000000000000000,76.2386977000000030,28323241.0000000000,15.9000000000000000,16.3000000000000000,0.55100000000000005,12.4000000000000000,69.599999999999994,0,0,0,0,0,0,0,0,0,0,0,0,0,0,0,0,0,0,0,0,0,0,0,0,0,0,1,0,0,0,0,0,0,0,1,1,1,0,0,0
2000,84,1,10.060000000000000000,2944.64013400000020000,92,1019,51.8000000000000000,1,97,7.4200000000000000,97,0.1000000000000000,25921.1279399999980000,15925513.0000000000,1.1000000000000001,1.1000000000000001,0.87300000000000000,16.5000000000000000,78.099999999999994,0,0,0,0,0,0,0,0,0,0,0,0,0,0,0,0,0,0,0,0,0,0,0,0,1,0,1,0,0,0,0,0,0,1,0,0,0,0,0,0
2015,66,0,8.699999999999999300,0E-17,92,10,67.5000000000000000,0,92,null,92,0.1000000000000000,3821.8937000000001000,null,0.4000000000000000,0.3000000000000000,0.91300000000000003,19.2000000000000000,81.599999999999994,0,0,0,0,0,0,0,0,0,0,0,0,0,0,0,0,0,0,0,0,0,0,0,0,0,0,0,0,0,0,0,0,0,0,0,0,0,0,0,0
2004,194,4,3.810000000000000000,36.81621175000000100,79,0,45.7000000000000000,4,8,6.1300000000000000,79,0.3000000000000000,191.5515700000000000,53973.0000000000,2.1000000000000000,2.0000000000000000,0.58699999999999997,11.0000000000000000,71.000000000000000,0,0,0,0,0,0,0,0,0,1,0,0,0,0,0,0,0,0,0,0,0,0,0,0,0,0,0,0,0,1,0,0,0,0,0,0,0,0,0,0
2000,192,4,3.610000000000000000,15.25518815999999900,83,0,42.8000000000000000,5,85,5.3900000000000000,83,0.4000000000000000,116.2743000000000000,526796.0000000000,2.2000000000000002,2.1000000000000000,0.56200000000000006,10.1000000000000000,73.000000000000000,0,0,0,0,0,0,0,0,0,0,0,0,0,0,0,0,0,0,0,0,0,0,0,0,0,0,0,0,0,0,0,0,0,0,0,0,0,0,0,0
2009,263,51,0.110000000000000000,5.66540506599999990,71,801,16.8999999999999990,99,71,6.9800000000000000,71,1.1000000000000001,341.2894618000000300,15813913.0000000000,11.0000000000000000,1.8000000000000000,0.30700000000000000,4.2000000000000000,57.100000000000000,0,0,0,0,0,0,0,0,0,0,0,0,0,0,0,0,0,0,0,0,0,0,0,0,0,0,0,0,1,0,0,0,0,0,0,0,0,0,0,0
2007,276,53,0.100000000000000000,35.80929748999999900,92,282,16.1000000000000010,106,57,6.9400000000000000,57,1.4000000000000000,292.5596200000000000,14668338.0000000000,11.4000000000000000,11.3000000000000000,0.29299999999999998,3.8000000000000000,55.200000000000000,0,0,0,0,0,0,0,0,0,0,0,0,0,0,0,0,0,0,0,0,0,0,1,0,0,0,0,0,1,0,0,0,0,0,0,0,0,0,0,0
2013,367,498,8.300000000000000700,194.20328789999999000,46,52852,24.1000000000000000,773,46,3.7000000000000000,46,3.9000000000000000,2996.9643200000000000,17182933.0000000000,1.4000000000000000,1.2000000000000000,0.51400000000000001,9.8000000000000007,53.200000000000000,0,0,1,0,0,0,1,0,1,0,0,0,0,0,0,0,0,0,0,0,0,0,1,0,0,1,1,0,1,1,0,1,1,0,1,0,0,0,0,0
2004,47,563,9.760000000000000000,57.22555814999999800,92,31521,18.8000000000000000,907,43,4.3300000000000000,33,5.4000000000000000,648.8158519999999500,135393616.0000000000,13.2000000000000000,13.2000000000000000,0.44500000000000001,8.5000000000000000,48.500000000000000,0,0,1,0,0,0,0,0,1,0,0,0,0,0,0,0,0,0,0,0,0,0,1,0,0,0,1,0,1,1,0,1,1,0,1,0,0,0,0,0
2012,61,0,6.210000000000000000,2094.19095999999990000,92,4,59.8000000000000000,0,95,9.1600000000000000,95,0.1000000000000000,11563.7270000000010000,518573.0000000000,0.7000000000000000,0.7000000000000000,0.94099999999999995,17.6000000000000010,81.300000000000000,0,0,0,0,0,0,0,0,0,0,0,0,0,0,0,0,0,0,0,0,0,0,0,0,1,0,0,0,0,0,0,0,0,0,0,0,0,0,0,0
2001,134,1,0.550000000000000040,564.54256629999998000,99,15,46.5000000000000000,1,99,3.8000000000000000,99,0.1000000000000000,8476.6151100000006000,null,7.1000000000000000,6.9000000000000000,0.70499999999999996,10.7000000000000000,72.900000000000006,0,0,0,0,0,0,0,0,0,0,0,0,0,0,0,0,0,0,0,0,0,0,0,0,0,0,0,0,0,0,0,0,0,0,0,0,0,0,0,0
2009,175,371,0.030000000000000000,0.69721558100000003,78,863,21.3000000000000000,460,7,2.9400000000000000,71,0.1000000000000000,16.6399900000000010,1674958.0000000000,2.5000000000000000,2.9000000000000000,0.51400000000000001,7.3000000000000000,64.800000000000000,0,0,0,0,0,0,0,0,0,1,0,0,0,0,0,0,0,0,0,0,0,0,1,0,0,0,1,0,1,1,0,0,0,0,0,0,0,0,0,0
2008,177,369,0.030000000000000000,5.44713360799999970,65,1129,2.6000000000000000,460,7,3.2600000000000000,62,0.1000000000000000,139.3128800000000100,16364463.0000000000,2.7000000000000000,21.1000000000000000,0.51300000000000001,7.3000000000000000,64.599999999999994,0,0,0,0,0,0,0,0,0,1,0,0,0,0,0,0,1,0,0,0,0,0,1,0,0,0,1,0,1,1,0,0,0,0,0,0,1,0,0,0
2006,126,1,6.180000000000000000,110.11382860000001000,84,334,49.2000000000000000,1,89,8.3900000000000000,88,0.1000000000000000,1872.6841600000000000,4136.0000000000,2.7000000000000000,2.9000000000000000,0.71399999999999997,12.6000000000000000,73.900000000000006,0,0,0,0,0,0,0,0,0,0,0,0,0,0,0,0,0,0,0,0,0,0,0,0,0,0,0,0,0,0,0,0,0,0,0,0,0,0,0,0
2001,92,3,12.460000000000000000,4057.63738300000020000,86,6024,55.6000000000000000,4,96,1.1499999999999999,93,0.1000000000000000,23687.3168899999980000,82349925.0000000000,1.2000000000000000,1.1000000000000001,0.86000000000000000,16.2000000000000000,78.300000000000000,0,0,0,0,0,0,0,0,0,0,0,0,0,0,0,0,0,0,0,0,0,0,0,0,1,0,1,0,0,0,0,0,0,1,1,0,0,0,0,0
2014,143,0,8.420000000000000000,789.27646149999998000,97,0,47.4000000000000000,0,81,6.1000000000000000,97,0.1000000000000000,8569.7769979999994000,null,3.8000000000000000,3.8000000000000000,0.74900000000000000,15.8000000000000000,73.500000000000000,0,0,0,0,0,0,0,0,0,0,0,0,0,0,0,0,0,0,0,0,0,0,0,0,0,0,0,0,0,0,0,0,0,0,0,0,0,0,0,0
2012,146,0,8.070000000000000000,865.99997819999999000,97,0,45.6000000000000000,0,98,6.3600000000000000,97,0.1000000000000000,7583.1872000000003000,null,3.8000000000000000,3.8000000000000000,0.74399999999999999,15.8000000000000000,73.099999999999994,0,0,0,0,0,0,0,0,0,0,0,0,0,0,0,0,0,0,0,0,0,0,0,0,0,0,0,0,0,0,0,0,0,0,0,0,0,0,0,0
2005,169,0,8.800000000000000700,119.55486940000000000,99,0,4.5000000000000000,0,99,5.5000000000000000,99,0.1000000000000000,6754.5123930000000000,null,3.9000000000000000,4.0000000000000000,0E-17,14.9000000000000000,71.500000000000000,0,0,0,0,0,0,0,0,0,0,0,0,0,0,0,0,0,0,0,0,0,0,0,0,0,0,0,0,0,0,0,0,0,0,0,0,0,1,0,0
2001,178,0,9.610000000000000000,81.11355953999999700,96,0,38.2000000000000030,0,96,7.6700000000000000,96,0.1000000000000000,519.9587149999999800,null,4.2000000000000000,4.2000000000000000,0E-17,14.3000000000000000,77.000000000000000,0,0,0,0,0,0,0,0,0,0,0,0,0,0,0,0,0,0,0,0,0,0,0,0,0,0,0,0,0,0,0,0,0,0,0,0,0,1,0,0
2014,187,10,1.880000000000000000,657.52827969999998000,73,0,49.9000000000000000,13,65,6.2000000000000000,73,0.4000000000000000,3687.7637669999999000,15923559.0000000000,1.2000000000000000,1.2000000000000000,0.61399999999999999,10.7000000000000000,71.700000000000000,0,0,0,0,0,0,0,0,0,0,0,0,0,0,0,0,0,0,0,0,0,0,0,0,0,0,0,0,0,0,0,0,0,0,0,0,0,0,0,0
2011,193,11,2.160000000000000000,457.77458450000000000,88,0,47.9000000000000000,14,88,6.2800000000000000,88,0.4000000000000000,3187.8452960000000000,14948919.0000000000,1.2000000000000000,1.2000000000000000,0.60899999999999999,10.5000000000000000,71.099999999999994,0,0,0,0,0,0,0,0,0,0,0,0,0,0,0,0,0,0,0,0,0,0,0,0,0,0,0,0,0,0,0,0,0,0,0,0,0,0,0,0
2008,19,13,2.210000000000000000,472.22349939999998000,95,0,45.9000000000000000,15,96,6.6500000000000000,95,0.4000000000000000,2794.2218899999998000,146366.0000000000,1.3000000000000000,1.3000000000000000,0.58899999999999997,10.4000000000000000,79.000000000000000,0,0,0,0,0,0,0,0,0,0,0,0,0,0,0,0,0,0,0,0,0,0,0,0,0,0,0,0,0,0,0,0,0,0,0,0,0,0,0,0
2012,288,28,0.010000000000000000,4.34493086200000000,62,6,21.7000000000000000,42,63,5.3900000000000000,62,1.9000000000000000,52.3485646000000030,11281469.0000000000,7.8000000000000000,7.8000000000000000,0.39600000000000002,8.5000000000000000,58.400000000000000,0,0,0,0,0,0,0,0,0,0,0,0,0,0,0,0,0,0,0,0,0,0,0,0,0,0,0,0,0,0,0,0,1,0,0,0,0,0,0,0
2010,291,29,0.200000000000000000,29.74734048999999900,64,45,2.8000000000000000,44,62,4.5500000000000000,64,2.2000000000000002,438.7513346000000100,179417.0000000000,8.1999999999999993,8.1999999999999993,0.38000000000000000,8.3000000000000007,57.800000000000000,0,0,0,0,0,0,0,0,0,0,0,0,0,0,0,0,0,0,0,0,0,0,0,0,0,0,0,0,0,0,0,0,1,0,0,0,0,0,0,0
2008,33,30,0.210000000000000000,19.68510257000000200,57,89,19.8000000000000000,47,59,3.2100000000000000,6,2.2999999999999998,437.4467237999999700,1323142.0000000000,8.6000000000000000,8.6000000000000000,0.37100000000000000,7.9000000000000000,56.800000000000000,0,0,0,0,0,0,0,0,0,0,0,1,0,0,0,0,0,0,0,0,0,0,0,0,0,1,0,0,0,0,0,1,1,0,0,0,0,0,0,0
2013,279,4,0.010000000000000000,8.20063741999999960,87,0,25.0000000000000000,6,87,6.1400000000000000,87,4.5000000000000000,61.5663470000000000,1681495.0000000000,7.5000000000000000,7.3000000000000000,0.41499999999999998,9.1000000000000000,58.100000000000000,0,0,0,0,0,0,0,0,0,0,0,0,0,0,0,0,0,0,0,0,0,0,0,0,0,0,0,0,0,0,0,0,1,0,0,0,0,0,0,0
2015,215,0,null,0E-17,95,0,46.7000000000000000,1,92,null,95,0.3000000000000000,4136.6899190000004000,768514.0000000000,5.5000000000000000,5.3000000000000000,0.63800000000000001,10.3000000000000000,66.200000000000000,0,0,0,0,0,0,0,0,0,0,0,0,0,0,0,0,0,0,0,0,0,0,0,0,0,0,0,0,0,0,0,0,0,0,0,0,0,0,0,0
2012,22,0,7.570000000000000000,497.47194639999998000,97,0,44.1000000000000000,1,97,6.5700000000000000,97,0.3000000000000000,3785.9356650000000000,75391.0000000000,5.6000000000000000,5.3000000000000000,0.63000000000000000,10.6000000000000000,65.800000000000000,0,0,0,0,0,0,0,0,0,0,0,0,0,0,0,0,0,0,0,0,0,0,0,0,0,0,0,0,0,0,0,0,0,0,0,0,0,0,0,0
2010,221,0,7.520000000000000000,48.02859440999999700,95,0,42.4000000000000000,1,95,6.6000000000000000,95,0.4000000000000000,326.2812119999999800,746556.0000000000,5.6000000000000000,5.3000000000000000,0.61799999999999999,10.1999999999999990,65.900000000000006,0,0,0,0,0,0,0,0,0,0,0,0,0,0,0,0,0,0,0,0,0,0,0,0,0,0,0,0,0,0,0,0,0,0,0,0,0,0,0,0
2005,238,1,7.350000000000000000,17.46405901000000000,93,0,39.0000000000000000,1,93,5.8300000000000000,93,1.8000000000000000,198.4552160000000100,75946.0000000000,5.7000000000000000,5.5000000000000000,0.61899999999999999,11.4000000000000000,65.000000000000000,0,0,0,0,0,0,0,0,0,0,0,0,0,0,0,0,0,0,0,0,0,0,0,0,0,0,0,0,0,0,0,0,1,0,0,0,0,0,0,0
2001,247,1,6.710000000000000000,15.54978677000000100,85,0,36.4000000000000000,1,9,5.8200000000000000,85,1.7000000000000000,925.5825459999999800,752263.0000000000,5.9000000000000000,5.7000000000000000,0.60599999999999998,10.9000000000000000,65.400000000000006,0,0,0,0,0,0,0,0,0,1,0,0,0,0,0,0,0,0,0,0,0,0,0,0,0,0,0,0,0,1,0,0,1,0,0,0,0,0,0,0
2000,35,20,4.790000000000000000,74.46033036000000000,92,992,34.0000000000000000,28,5,6.6000000000000000,41,5.0999999999999996,462.4865239999999700,85492.0000000000,4.8000000000000000,4.8000000000000000,0.43900000000000000,7.8000000000000000,58.600000000000000,0,0,0,0,0,0,0,0,0,1,0,0,0,0,0,0,0,0,0,0,0,0,0,0,0,0,1,0,0,1,0,1,1,0,0,0,0,0,0,0
2015,147,3,null,0E-17,97,0,51.0000000000000000,4,97,null,97,0.3000000000000000,2326.1585599999999000,896829.0000000000,2.1000000000000000,2.1000000000000000,0.62300000000000000,11.2000000000000000,74.599999999999994,0,0,0,0,0,0,0,0,0,0,0,0,0,0,0,0,0,0,0,0,0,0,0,0,0,0,0,0,0,0,0,0,0,0,0,0,0,0,0,0
2011,15,0,11.510000000000000000,17.82121882999999900,92,5,62.4000000000000000,1,99,7.8400000000000000,99,0.1000000000000000,1448.8795800000000000,9971727.0000000000,1.7000000000000000,1.7000000000000000,0.82099999999999995,15.4000000000000000,74.800000000000000,0,0,0,0,0,0,0,0,0,0,0,0,0,0,0,0,0,0,0,0,0,0,0,0,0,0,0,0,0,0,0,0,0,0,0,0,0,0,0,0
2007,176,1,12.550000000000000000,163.34332780000000000,92,0,59.9000000000000000,1,99,7.5100000000000000,99,0.1000000000000000,13842.6549000000000000,15578.0000000000,1.9000000000000000,1.9000000000000000,0.80900000000000005,15.3000000000000000,73.500000000000000,0,0,0,0,0,0,0,0,0,0,0,0,0,0,0,0,0,0,0,0,0,0,0,0,0,0,0,0,0,0,0,0,0,1,0,0,0,0,0,0
2009,55,0,10.220000000000001000,687.57763580000005000,92,0,58.5000000000000000,0,96,9.1199999999999992,96,0.1000000000000000,4461.8925099999997000,318499.0000000000,0.9000000000000000,0.9000000000000000,0.89400000000000002,18.3999999999999990,81.599999999999994,0,0,0,0,0,0,0,0,0,0,0,0,0,0,0,0,0,0,0,0,0,0,0,0,0,0,0,0,0,0,0,0,0,0,0,0,0,0,0,0
2014,184,957,3.070000000000000000,86.52153894999999300,79,79563,18.1000000000000010,1200,84,4.6900000000000004,85,0.2000000000000000,1573.1188900000000000,1293859294.0000000000,26.8000000000000000,27.4000000000000000,0.60699999999999998,11.6000000000000000,68.000000000000000,0,0,1,0,0,0,1,0,1,0,0,0,0,0,1,1,1,0,0,0,0,0,1,0,0,0,1,0,1,0,0,0,0,0,1,1,1,0,0,0
2005,211,1500,1.270000000000000000,3.50963689999999980,8,36711,13.5000000000000000,2000,65,4.2800000000000000,65,0.3000000000000000,77.8190000000000030,1144118674.0000000000,27.2000000000000000,28.1000000000000000,0.52600000000000002,9.4000000000000000,64.400000000000006,0,0,1,0,0,1,0,0,1,0,0,0,0,0,1,1,1,0,0,0,0,0,1,0,0,1,1,0,1,0,0,0,0,0,1,1,1,0,0,0
2009,189,143,0.080000000000000000,125.79806780000000000,82,20818,22.1000000000000000,174,85,2.8300000000000000,78,0.3000000000000000,2254.4456599999999000,23934478.0000000000,1.7000000000000000,1.6000000000000000,0.64500000000000002,11.7000000000000000,67.900000000000006,0,0,0,0,0,0,0,0,0,0,0,0,0,0,0,0,0,0,0,0,0,0,1,0,0,0,1,0,1,0,0,0,0,0,1,0,0,0,0,0
2002,189,177,0.050000000000000000,43.17867291000000300,63,14492,16.7000000000000000,222,8,2.2700000000000000,7,0.1000000000000000,899.5556857000000300,2175859.0000000000,11.0000000000000000,11.1000000000000000,0.60799999999999998,10.6000000000000000,66.700000000000000,0,0,0,0,0,0,0,0,0,1,0,1,0,0,0,0,0,0,0,0,0,0,1,0,0,0,1,0,1,1,0,1,0,0,0,0,0,0,0,0
2007,227,31,0.140000000000000010,146.76064880000001000,56,230,53.8000000000000000,38,74,3.6900000000000000,57,0.1000000000000000,3129.2249219999999000,2839433.0000000000,5.4000000000000000,5.0999999999999996,0.63600000000000001,10.1999999999999990,65.900000000000006,0,0,0,0,0,0,0,0,0,0,0,0,0,0,0,0,0,0,0,0,0,0,0,0,0,1,0,0,0,0,0,0,0,0,0,0,0,0,0,0
2011,7,0,11.720000000000000000,6386.95437000000040000,95,285,59.7000000000000000,0,95,8.1500000000000000,95,0.1000000000000000,52567.5256799999990000,4576794.0000000000,0.3000000000000000,0.2000000000000000,0.90900000000000003,18.5000000000000000,84.000000000000000,0,0,0,0,0,0,0,0,0,0,0,0,0,1,0,0,0,0,0,0,0,0,0,0,1,0,0,0,0,0,0,0,0,1,0,0,0,0,0,0
2009,77,0,11.410000000000000000,7620.82345600000010000,92,164,58.2000000000000000,0,94,9.5299999999999994,94,0.1000000000000000,51983.7889199999990000,4535375.0000000000,0.3000000000000000,0.2000000000000000,0.90900000000000003,17.8999999999999990,79.700000000000000,0,0,0,0,1,0,0,0,0,0,0,0,0,1,0,0,0,0,0,0,0,0,0,0,1,0,0,0,0,0,0,0,0,1,0,0,0,0,0,0
2010,86,1,0.010000000000000000,2009.57560500000000000,99,13,68.4000000000000060,1,98,2.7600000000000000,98,0.1000000000000000,38497.6169599999990000,null,3.3000000000000000,3.2000000000000000,0.79000000000000000,13.5000000000000000,74.000000000000000,0,0,0,0,0,0,0,0,0,0,0,0,0,0,0,0,0,0,0,0,0,0,0,0,1,0,0,0,0,0,0,0,0,1,0,0,0,0,0,0
2012,28,9,0.010000000000000000,0E-17,79,32,19.3999999999999990,12,78,2.1200000000000000,79,0.3000000000000000,null,null,9.1000000000000000,9.1999999999999993,0.55400000000000005,10.1999999999999990,64.400000000000006,0,0,0,0,0,0,0,0,0,0,0,0,0,0,0,0,0,0,0,0,0,0,0,0,0,0,0,0,0,0,0,0,0,0,0,0,0,0,0,0
2010,218,10,5.950000000000000000,0E-17,74,153,18.0000000000000000,13,76,2.7500000000000000,74,0.3000000000000000,null,null,9.3000000000000007,9.5000000000000000,0.53500000000000003,9.6000000000000000,63.600000000000000,0,0,0,0,0,0,0,0,0,0,0,0,0,0,0,0,0,0,0,0,0,0,0,0,0,0,0,0,0,0,0,0,0,0,0,0,0,0,0,0
2009,95,1,1.620000000000000000,8.14037361499999970,81,22,63.0000000000000000,1,75,7.4200000000000000,81,0.1000000000000000,84.2688780000000010,4183156.0000000000,4.7000000000000000,4.7000000000000000,0.74600000000000000,13.2000000000000000,74.700000000000000,0,0,0,0,0,0,0,0,0,0,0,0,0,0,0,0,0,0,0,0,0,0,0,0,0,0,0,0,0,0,0,0,0,0,0,0,0,0,0,0
2003,15,1,2.190000000000000000,527.91766180000002000,74,526,59.7000000000000000,1,74,9.3000000000000007,74,0.1000000000000000,5425.6697000000004000,371464.0000000000,4.8000000000000000,4.7000000000000000,0E-17,14.8000000000000000,73.500000000000000,0,0,0,0,0,0,0,0,0,0,0,0,0,0,0,0,0,0,0,0,0,0,0,0,0,0,0,0,0,0,0,0,0,0,0,0,0,1,0,0
2015,484,4,null,0E-17,93,0,32.6000000000000000,6,9,null,93,9.3000000000000007,173.8289300000000100,2174645.0000000000,5.5000000000000000,5.3000000000000000,0.49500000000000000,10.7000000000000000,53.700000000000000,0,0,0,0,0,0,0,0,0,1,0,0,0,0,0,0,0,0,0,0,0,1,0,0,0,0,0,0,0,1,0,0,1,0,0,0,0,0,0,0
2011,52,4,2.390000000000000000,195.82525100000001000,96,172,3.2000000000000000,6,95,11.7900000000000000,96,10.5000000000000000,1352.3843300000001000,264166.0000000000,6.8000000000000000,6.6000000000000000,0.46899999999999997,11.0000000000000000,52.300000000000000,0,0,0,0,0,0,0,0,0,0,0,0,0,0,0,0,0,0,0,0,0,0,0,0,0,0,0,0,0,0,0,0,1,0,0,0,0,0,0,0
2004,666,5,1.800000000000000000,67.91361818000000000,6,31,26.9000000000000000,7,89,6.9600000000000000,9,34.6000000000000000,781.5145936000000100,1933728.0000000000,9.6999999999999993,9.6999999999999993,0.43900000000000000,10.7000000000000000,44.800000000000000,0,1,0,0,0,1,0,0,0,0,0,1,1,0,0,0,0,0,0,0,0,1,0,0,0,1,0,0,0,0,0,1,1,0,0,0,0,0,0,0
2004,329,12,4.240000000000000000,17.85870796000000000,92,4,21.5000000000000000,17,47,8.7700000000000000,31,3.2000000000000000,149.4452549000000100,3176414.0000000000,8.5000000000000000,8.5000000000000000,0.33500000000000002,10.1999999999999990,54.000000000000000,0,0,0,0,0,0,0,0,0,0,0,0,0,0,0,0,0,0,0,0,0,0,0,0,0,0,0,0,0,1,0,1,1,0,0,0,0,0,0,0
2015,165,0,null,0E-17,94,50,62.4000000000000000,0,93,null,93,0.1000000000000000,14252.4285299999990000,29491.0000000000,2.6000000000000000,2.6000000000000000,0.84599999999999997,16.5000000000000000,73.599999999999994,0,0,0,0,0,0,0,0,0,0,0,0,0,0,0,0,0,0,0,0,0,0,0,0,0,0,0,0,0,0,0,0,0,1,0,0,0,0,0,0
2014,169,0,15.190000000000000000,2211.74417799999990000,94,11,61.9000000000000000,0,93,6.5500000000000000,93,0.1000000000000000,16554.9713899999990000,2932367.0000000000,2.6000000000000000,2.7000000000000000,0.84099999999999997,16.5000000000000000,73.400000000000006,0,0,0,0,0,0,0,0,0,0,0,0,0,0,0,0,0,0,0,0,0,0,0,0,1,0,0,0,0,0,0,0,0,1,0,0,0,0,0,0
2008,224,0,13.300000000000000000,1888.14990400000010000,96,1,59.3000000000000000,0,96,6.6100000000000000,96,0.1000000000000000,14961.5681800000000000,3198231.0000000000,2.9000000000000000,2.9000000000000000,0.82000000000000000,16.5000000000000000,71.099999999999994,0,0,0,0,0,0,0,0,0,0,0,0,0,0,0,0,0,0,0,0,0,0,0,0,1,0,0,0,0,0,0,0,0,1,0,0,0,0,0,0
2003,92,0,12.610000000000000000,10111.38927999999900000,95,1,55.8000000000000000,0,99,7.6700000000000000,98,0.1000000000000000,65445.8853000000020000,45163.0000000000,1.0000000000000000,0.9000000000000000,0.86499999999999999,13.6000000000000000,78.599999999999994,0,0,0,0,1,0,0,0,0,0,0,0,0,1,0,0,0,0,0,0,0,0,0,0,1,0,0,0,0,0,0,0,0,1,0,0,0,0,0,0
2000,283,44,1.159999999999999900,35.66125055999999900,92,35256,13.9000000000000000,68,58,5.8000000000000000,57,0.6000000000000000,245.9396590000000100,1576686.0000000000,8.6999999999999993,8.6000000000000000,0E-17,8.0000000000000000,57.900000000000000,0,0,0,0,0,0,0,0,0,0,0,0,0,0,0,0,0,0,0,0,0,0,0,0,0,0,1,0,1,0,0,0,0,0,0,0,0,1,0,0
2009,491,36,1.159999999999999900,7.91507124800000030,93,21,17.3000000000000000,56,93,1.1800000000000000,93,14.9000000000000000,42.7379656999999970,1471462.0000000000,6.9000000000000000,6.8000000000000000,0.41499999999999998,9.9000000000000000,51.500000000000000,0,0,0,0,0,0,0,0,0,0,0,0,0,0,0,0,0,0,0,0,0,1,0,0,0,0,0,0,0,0,0,0,1,0,0,0,0,0,0,0
2005,66,39,1.040000000000000000,5.67064010200000010,93,184,15.9000000000000000,62,94,8.1999999999999993,93,22.4000000000000000,28.3673842000000000,1339711.0000000000,7.4000000000000000,7.2000000000000000,0.37100000000000000,9.6999999999999993,46.000000000000000,0,0,0,0,0,0,0,0,0,0,0,0,1,0,0,0,0,0,0,0,0,0,0,0,0,0,0,0,0,0,0,0,1,0,0,0,0,0,0,0
2005,135,3,0.460000000000000000,297.59138330000002000,96,1407,3.7000000000000000,4,96,3.2900000000000000,96,0.1000000000000000,5593.8229950000004000,25659393.0000000000,9.0000000000000000,8.8000000000000007,0.73399999999999999,12.9000000000000000,73.400000000000006,0,0,0,0,0,0,0,0,0,0,0,0,0,0,0,0,0,0,0,0,0,0,0,0,0,0,1,0,0,0,0,0,0,0,1,0,0,0,0,0
2007,82,0,1.780000000000000000,6.49148859800000010,98,20,19.5000000000000000,0,98,6.6400000000000000,98,0.1000000000000000,52.8622850000000000,349.0000000000,14.3000000000000000,14.4000000000000000,0.63200000000000001,11.9000000000000000,75.400000000000006,0,0,0,0,0,0,0,0,0,0,0,0,0,0,0,0,0,0,0,0,0,0,0,0,0,0,0,0,0,0,0,0,0,0,0,0,0,0,0,0
2004,296,58,0.490000000000000000,57.11644800999999900,73,172,17.5000000000000000,103,7,6.2800000000000000,69,2.0000000000000000,439.3572924000000100,1239196.0000000000,1.1000000000000001,1.0000000000000000,0.33300000000000002,5.5000000000000000,52.800000000000000,0,0,0,0,0,0,0,0,0,1,0,0,0,0,0,0,0,0,0,0,0,0,1,0,0,0,0,0,1,1,0,0,1,0,0,0,0,0,0,0
2010,62,0,7.910000000000000000,278.06870509999999000,75,0,67.5999999999999940,0,76,8.3000000000000007,76,0.1000000000000000,2187.7946900000002000,41458.0000000000,0.8000000000000000,0.7000000000000000,0.81899999999999995,14.6000000000000000,83.000000000000000,0,0,0,0,0,0,0,0,0,0,0,0,0,0,0,0,0,0,0,0,0,0,0,0,0,0,0,0,0,0,0,0,0,0,0,0,0,0,0,0
2001,177,0,4.380000000000000000,70.15536980999999600,92,0,25.8000000000000000,0,93,3.8700000000000000,92,0.1000000000000000,3792.1821519999999000,1196287.0000000000,8.0000000000000000,8.0000000000000000,0.67300000000000004,12.2000000000000000,71.500000000000000,0,0,0,0,0,0,0,0,0,0,0,0,0,0,0,0,0,0,0,0,0,0,0,0,0,0,0,0,0,0,0,0,0,0,0,0,0,0,0,0
2001,126,52,4.860000000000000300,13.31109532000000000,97,3,53.2000000000000000,62,97,5.3500000000000000,97,0.1000000000000000,731.3788640000000200,136768.0000000000,1.9000000000000000,1.9000000000000000,0.70000000000000000,11.6000000000000000,75.000000000000000,0,0,0,0,0,0,0,0,0,0,0,0,0,0,0,0,0,0,0,0,0,0,0,0,0,0,0,0,0,0,0,0,0,0,0,0,0,0,0,0
2012,168,0,2.980000000000000000,0E-17,82,0,67.5000000000000000,0,81,12.7700000000000000,81,0.1000000000000000,null,null,0.2000000000000000,0.2000000000000000,0.64000000000000000,11.7000000000000000,69.000000000000000,0,0,0,0,0,0,0,0,0,0,0,0,0,0,0,0,0,0,0,0,0,0,0,0,0,0,0,0,0,0,1,0,0,0,0,0,0,0,0,0
2007,175,0,1.640000000000000000,0E-17,9,0,64.7000000000000000,0,79,11.9900000000000000,79,0.1000000000000000,null,null,0.2000000000000000,0.2000000000000000,0.62500000000000000,11.0000000000000000,68.200000000000000,0,0,0,0,0,1,0,0,0,0,0,0,0,0,0,0,0,0,0,0,0,0,0,0,0,1,0,0,0,0,0,0,0,0,0,0,0,0,0,0
2009,117,0,6.450000000000000000,489.68186989999998000,87,0,58.5000000000000000,0,91,6.7000000000000000,92,0.1000000000000000,6698.7943900000000000,618294.0000000000,2.0000000000000000,2.1000000000000000,0.78500000000000003,14.6000000000000000,75.000000000000000,0,0,0,0,0,0,0,0,0,0,0,0,0,0,0,0,0,0,0,0,0,0,0,0,0,0,0,0,0,0,0,0,0,0,0,0,0,0,0,0
2005,133,0,null,527.30767209999999000,92,0,55.7000000000000000,0,93,8.4600000000000009,93,0.1000000000000000,3674.6179240000001000,614261.0000000000,2.2999999999999998,2.2999999999999998,0.74600000000000000,12.8000000000000000,73.599999999999994,0,0,0,0,0,0,0,0,0,0,0,0,0,0,0,0,0,0,0,0,0,0,0,0,0,0,0,0,0,0,0,0,0,0,0,0,0,0,0,0
2008,123,21,0.510000000000000000,171.36589690000000000,97,1455,51.7000000000000000,24,99,5.4100000000000000,99,0.1000000000000000,2884.9477600000000000,31596855.0000000000,6.4000000000000000,6.3000000000000000,0.58899999999999997,10.3000000000000000,71.800000000000000,0,0,0,0,0,0,0,0,0,0,0,0,0,0,0,0,0,0,0,0,0,0,0,0,0,0,1,0,0,0,0,0,0,0,1,0,0,0,0,0
2010,47,69,0.960000000000000000,5.74339366400000010,74,2321,2.5000000000000000,98,73,5.3800000000000000,74,10.8000000000000000,419.2258148999999900,2422145.0000000000,3.7000000000000000,3.6000000000000000,0.39000000000000000,9.3000000000000007,54.000000000000000,0,0,0,0,0,0,0,0,0,0,0,0,0,0,0,0,0,0,0,0,0,0,1,0,0,0,1,0,1,0,0,0,1,0,0,0,0,0,0,0
2001,48,90,2.090000000000000000,37.82511936000000200,25,7085,16.8999999999999990,132,72,5.6400000000000000,73,13.4000000000000000,256.4414871999999800,18588758.0000000000,4.0999999999999996,4.0000000000000000,0.29799999999999999,5.8000000000000000,49.500000000000000,0,0,0,0,0,0,0,0,0,0,0,0,0,0,0,0,0,0,0,0,0,0,1,0,0,1,1,0,1,0,0,0,1,0,1,0,0,0,0,0
2000,43,93,1.139999999999999900,47.17250717999999700,92,7375,16.5000000000000000,136,69,6.1600000000000000,7,12.2000000000000000,277.6486590999999700,1867687.0000000000,4.2000000000000000,4.0999999999999996,0.29099999999999998,5.4000000000000000,49.000000000000000,0,0,0,0,0,0,0,0,0,0,0,1,0,0,0,0,0,0,0,0,0,0,1,0,0,0,1,0,1,0,0,1,1,0,0,0,0,0,0,0
2015,199,39,null,0E-17,89,6,23.8000000000000000,50,89,null,89,0.3000000000000000,1194.5913700000001000,5243669.0000000000,12.8000000000000000,13.0000000000000000,0.55200000000000005,9.1000000000000000,66.599999999999994,0,0,0,0,0,0,0,0,0,0,0,0,0,0,0,0,0,0,0,0,0,0,0,0,0,0,0,0,0,0,0,0,0,0,0,0,0,0,0,0
2007,217,58,0.260000000000000000,0.53057279999999996,85,1088,17.6000000000000010,78,84,1.6800000000000000,86,0.6000000000000000,41.4510000000000010,49171586.0000000000,13.2000000000000000,13.5000000000000000,0.48399999999999999,8.1000000000000000,64.500000000000000,0,0,0,0,0,0,0,0,0,0,0,0,0,0,0,0,0,0,0,0,0,0,1,0,0,0,1,0,1,0,0,0,0,0,1,0,0,0,0,0
2010,299,3,7.580000000000000000,719.55351610000002000,83,3138,31.8000000000000000,4,83,7.8900000000000000,83,6.2000000000000000,5191.5838100000001000,217317.0000000000,1.4000000000000000,1.4000000000000000,0.60399999999999998,11.4000000000000000,63.000000000000000,0,0,0,0,0,0,0,0,0,0,0,0,0,0,0,0,0,0,0,0,0,0,0,0,0,0,1,0,0,0,0,0,1,0,0,0,0,0,0,0
2006,431,3,4.940000000000000400,459.15723989999998000,92,3,28.7000000000000000,4,74,7.2000000000000000,86,19.2000000000000000,3881.2953499999999000,255734.0000000000,12.6000000000000000,12.6000000000000000,0.56999999999999995,11.4000000000000000,57.000000000000000,0,0,0,0,0,0,0,0,0,0,0,0,1,0,0,0,0,0,0,0,0,0,0,0,0,0,0,0,0,0,0,0,1,0,0,0,0,0,0,0
2004,218,35,0.210000000000000000,31.93187315999999900,27,12074,13.4000000000000000,47,8,5.8200000000000000,8,0.2000000000000000,287.4155999999999800,2539449.0000000000,17.8000000000000000,18.3999999999999990,0.46300000000000002,9.3000000000000007,64.700000000000000,0,0,0,0,0,0,0,0,0,1,0,1,0,0,0,0,1,0,0,0,0,0,0,0,0,1,1,0,0,1,0,1,0,0,0,1,1,0,0,0
2013,157,2,3.580000000000000000,366.48418040000001000,98,0,52.4000000000000000,3,99,8.4300000000000000,98,0.1000000000000000,1847.1984900000000000,5945747.0000000000,1.8000000000000000,1.7000000000000000,0.63000000000000000,11.5000000000000000,73.900000000000006,0,0,0,0,0,0,0,0,0,0,0,0,0,0,0,0,0,0,0,0,0,0,0,0,0,0,0,0,0,0,0,0,0,0,0,0,0,0,0,0
2006,17,3,3.690000000000000000,21.41123529000000000,88,0,47.1000000000000000,4,88,6.3300000000000000,88,0.3000000000000000,124.9926170000000000,545211.0000000000,2.0000000000000000,1.9000000000000000,0.59699999999999998,11.0000000000000000,73.000000000000000,0,0,0,0,0,0,0,0,0,0,0,0,0,0,0,0,0,0,0,0,0,0,0,0,0,0,0,0,0,0,0,0,0,0,0,0,0,0,0,0
2002,282,57,0.100000000000000000,17.58722717999999900,92,31584,14.3000000000000000,124,43,6.5500000000000000,39,1.6000000000000000,177.8283840000000000,12262.0000000000,12.5000000000000000,12.5000000000000000,0.26100000000000001,2.9000000000000000,51.400000000000000,0,0,0,0,0,0,0,0,0,0,0,0,0,0,0,0,0,0,0,0,0,0,1,0,0,0,1,0,1,1,0,1,1,0,0,0,0,0,1,0
2008,386,536,9.300000000000000700,105.59106290000000000,41,9960,21.0000000000000000,848,6,4.0000000000000000,53,5.0000000000000000,1383.8933540000000000,1534739.0000000000,12.0000000000000000,11.9000000000000000,0.48099999999999998,9.1999999999999993,59.000000000000000,0,0,1,0,0,0,0,0,1,1,0,0,0,0,0,0,0,0,0,0,0,0,1,0,0,1,1,0,1,1,0,0,1,0,0,0,0,0,0,0
2000,45,576,9.230000000000000000,22.48177606000000100,92,212183,16.8999999999999990,943,31,2.8400000000000000,29,4.9000000000000004,379.1193263999999800,1223529.0000000000,14.3000000000000000,14.4000000000000000,0E-17,7.6000000000000000,47.100000000000000,0,0,1,0,0,0,1,0,1,0,0,0,0,0,0,0,0,0,0,0,0,0,1,0,0,0,1,0,1,1,0,1,1,0,0,0,0,1,0,0
2006,7,0,6.470000000000000000,12829.25408000000100000,92,0,57.0000000000000000,0,94,8.4300000000000000,94,0.1000000000000000,74114.6971500000070000,466677.0000000000,0.8000000000000000,0.7000000000000000,0.93100000000000005,17.5000000000000000,84.000000000000000,0,0,0,0,1,0,0,0,0,0,0,0,0,1,0,0,0,0,0,0,0,0,0,0,1,0,0,0,0,0,0,0,0,1,0,0,0,0,0,0
2011,15,1,0.540000000000000000,158.27708000000001000,99,5,52.0000000000000000,1,99,2.4900000000000002,99,0.1000000000000000,2986.3600000000000000,null,6.9000000000000000,6.8000000000000000,0.79700000000000004,13.6000000000000000,75.800000000000000,0,0,0,0,0,0,0,0,0,0,0,0,0,0,0,0,0,0,0,0,0,0,0,0,0,0,0,0,0,0,0,0,0,0,0,0,0,0,0,0
2011,167,371,0.040000000000000000,57.87736282000000200,74,4386,22.5000000000000000,459,75,3.1000000000000000,74,0.1000000000000000,1226.2153140000000000,174184265.0000000000,2.0000000000000000,2.4000000000000000,0.52500000000000002,7.5000000000000000,65.500000000000000,0,0,0,0,0,0,0,0,0,0,0,0,0,0,0,0,0,0,0,0,0,0,1,0,0,0,1,0,1,0,0,0,0,0,1,0,0,0,0,0
2004,134,1,3.740000000000000000,7.13256476799999990,64,6847,48.1000000000000000,1,66,8.5299999999999994,78,0.1000000000000000,127.3672280000000000,4245.0000000000,2.8000000000000000,3.0000000000000000,0.69399999999999995,12.0000000000000000,72.300000000000000,0,0,0,0,0,0,0,0,0,0,0,0,0,0,0,0,0,0,0,0,0,0,0,0,0,0,1,0,0,0,0,0,0,0,0,0,0,0,0,0
2006,288,41,1.700000000000000000,129.02633639999999000,84,420,23.0000000000000000,62,84,4.6399999999999997,84,2.9000000000000000,922.9351676999999700,22113425.0000000000,7.9000000000000000,7.9000000000000000,0.51000000000000000,8.6999999999999993,59.400000000000000,0,0,0,0,0,0,0,0,0,0,0,0,0,0,0,0,0,0,0,0,0,0,0,0,0,0,0,0,0,0,0,0,1,0,1,0,0,0,0,0
2014,73,0,7.530000000000000000,2163.04341400000020000,96,1,66.0000000000000000,0,99,8.8000000000000007,99,0.1000000000000000,21673.7817000000000000,1892413.0000000000,0.8000000000000000,0.7000000000000000,0.86199999999999999,17.2000000000000000,88.000000000000000,0,0,0,0,0,0,0,0,0,0,0,0,0,0,0,0,0,0,0,0,0,0,0,0,1,0,0,0,0,0,0,0,0,1,0,0,0,0,0,0
2004,81,0,9.560000000000000000,287.61245190000000000,92,1,59.9000000000000000,1,95,8.3000000000000007,95,0.1000000000000000,21955.1490000000010000,1955141.0000000000,0.8000000000000000,0.8000000000000000,0.83000000000000000,15.3000000000000000,79.200000000000000,0,0,0,0,0,0,0,0,0,0,0,0,0,0,0,0,0,0,0,0,0,0,0,0,0,0,0,0,0,0,0,0,0,1,0,0,0,0,0,0
2011,229,0,7.560000000000000000,536.23325230000000000,93,0,43.2000000000000000,1,93,6.8000000000000000,93,0.4000000000000000,3439.5975130000002000,7491.0000000000,5.6000000000000000,5.3000000000000000,0.62400000000000000,10.3000000000000000,65.599999999999994,0,0,0,0,0,0,0,0,0,0,0,0,0,0,0,0,0,0,0,0,0,0,0,0,0,0,0,0,0,0,0,0,0,0,0,0,0,0,0,0
2007,16,5,3.160000000000000000,222.48233379999999000,93,0,44.3000000000000000,6,94,7.8900000000000000,94,0.7000000000000000,1592.5721820000001000,777972.0000000000,2.4000000000000000,2.2999999999999998,0.59000000000000000,10.9000000000000000,73.000000000000000,0,0,0,0,0,0,0,0,0,0,0,0,0,0,0,0,0,0,0,0,0,0,0,0,0,0,0,0,0,0,0,0,0,0,0,0,0,0,0,0
2005,163,5,3.230000000000000000,203.71348820000000000,97,0,42.8000000000000000,6,98,7.8100000000000000,98,0.9000000000000000,1311.7417140000000000,737343.0000000000,2.5000000000000000,2.4000000000000000,0.57699999999999996,10.6000000000000000,72.500000000000000,0,0,0,0,0,0,0,0,0,0,0,0,0,0,0,0,0,0,0,0,0,0,0,0,0,0,0,0,0,0,0,0,0,0,0,0,0,0,0,0
2004,165,5,3.020000000000000000,188.24992080000001000,93,0,42.0000000000000000,7,94,7.8900000000000000,94,1.2000000000000000,1217.6579609999999000,724153.0000000000,2.6000000000000000,2.5000000000000000,0.57099999999999995,10.4000000000000000,72.200000000000000,0,0,0,0,0,0,0,0,0,0,0,0,0,0,0,0,0,0,0,0,0,0,0,0,0,0,0,0,0,0,0,0,0,0,0,0,0,0,0,0
2002,169,6,3.090000000000000000,154.86361610000000000,94,0,4.4000000000000004,7,95,7.2800000000000000,95,1.5000000000000000,1132.8721000000000000,6863157.0000000000,2.7000000000000000,2.6000000000000000,0.56100000000000005,10.1000000000000000,71.599999999999994,0,0,0,0,0,0,0,0,0,0,0,0,0,0,0,0,0,0,0,0,0,0,0,0,0,0,0,0,0,0,0,0,0,0,0,0,0,0,0,0
2000,174,6,2.610000000000000000,28.80831098000000200,93,0,38.7999999999999970,8,88,6.6300000000000000,94,1.7000000000000000,188.7831650000000000,6524283.0000000000,2.8000000000000000,2.7000000000000000,0.55100000000000005,9.8000000000000007,71.000000000000000,0,0,0,0,0,0,0,0,0,0,0,0,0,0,0,0,0,0,0,0,0,0,0,0,0,0,0,0,0,0,0,0,1,0,0,0,0,0,0,0
2000,15,35,0.010000000000000000,0E-17,99,11874,44.9000000000000000,43,99,4.4700000000000000,99,0.1000000000000000,null,null,7.8000000000000000,7.9000000000000000,0.66000000000000000,11.6000000000000000,73.000000000000000,0,0,0,0,0,0,0,0,0,0,0,0,0,0,0,0,0,0,0,0,0,0,0,0,0,0,1,0,0,0,0,0,0,0,0,0,0,0,0,0
2004,21,30,0.320000000000000000,44.12059646000000200,62,9081,51.9000000000000000,37,69,5.6100000000000000,74,0.1000000000000000,1391.8169230000001000,2631669.0000000000,5.4000000000000000,5.2000000000000000,0.60299999999999998,9.8000000000000007,67.200000000000000,0,0,0,0,0,0,0,0,0,0,0,0,0,0,0,0,0,0,0,0,0,0,0,0,0,0,1,0,0,0,0,0,0,0,0,0,0,0,0,0
2012,69,0,11.490000000000000000,6616.69512500000020000,95,107,6.5000000000000000,0,95,8.3200000000000000,95,0.1000000000000000,49231.3625400000020000,4586897.0000000000,0.3000000000000000,0.2000000000000000,0.89500000000000002,18.5000000000000000,85.000000000000000,0,0,0,0,0,0,0,0,0,0,0,0,0,0,0,0,0,0,0,0,0,0,0,0,1,0,0,0,0,0,0,0,0,1,0,0,0,0,0,0
2000,76,1,2.529999999999999800,199.93410330000000000,98,36,58.3000000000000000,1,93,7.1300000000000000,93,0.1000000000000000,2152.1432000000000000,6289.0000000000,1.1000000000000001,1.1000000000000001,0.84499999999999997,15.2000000000000000,78.900000000000006,0,0,0,0,0,0,0,0,0,0,0,0,0,0,0,0,0,0,0,0,0,0,0,0,0,0,0,0,0,0,0,0,0,0,0,0,0,0,0,0
2004,66,2,8.980000000000000000,4270.91488200000000000,96,599,57.6000000000000000,3,97,8.4900000000000000,94,0.1000000000000000,31174.5611800000010000,57685327.0000000000,0.5000000000000000,0.5000000000000000,0.84599999999999997,15.6000000000000000,89.000000000000000,0,0,0,0,0,0,0,0,0,0,0,0,0,0,0,0,0,0,0,0,0,0,0,0,1,0,0,0,0,0,0,0,0,1,1,0,0,0,0,0
2000,171,1,3.460000000000000000,24.82762853999999900,92,0,41.6000000000000000,1,95,5.8100000000000000,93,2.2000000000000002,336.8741999999999700,2656864.0000000000,2.0000000000000000,1.9000000000000000,0.68200000000000005,11.4000000000000000,72.599999999999994,0,0,0,0,0,0,0,0,0,0,0,0,0,0,0,0,0,0,0,0,0,0,0,0,0,0,0,0,0,0,0,0,1,0,0,0,0,0,0,0
2007,67,3,7.290000000000000000,6599.99523899999990000,92,0,25.4000000000000000,4,97,8.2500000000000000,98,0.1000000000000000,35275.2284300000030000,1281.0000000000,1.8000000000000000,1.5000000000000000,0.87700000000000000,15.0000000000000000,82.600000000000000,0,0,0,0,0,0,0,0,0,0,0,0,0,0,0,0,0,0,0,0,0,0,0,0,1,0,0,0,0,0,0,0,0,1,0,0,0,0,0,0
2001,72,4,8.029999999999999400,5486.51208000000040000,92,22552,22.5000000000000000,5,81,7.7500000000000000,95,0.1000000000000000,33846.4656400000020000,127149.0000000000,1.7000000000000000,1.4000000000000000,0.85599999999999998,14.6000000000000000,81.500000000000000,0,0,0,0,0,0,0,0,0,0,0,0,0,0,0,0,0,0,0,0,0,0,0,0,1,0,1,0,0,0,0,0,0,1,0,0,0,0,0,0
2011,116,4,0.430000000000000000,68.86623298000000700,98,0,62.4000000000000000,4,98,8.3900000000000000,98,0.1000000000000000,387.3241449999999900,7574943.0000000000,3.8000000000000000,3.9000000000000000,0.73699999999999999,13.1000000000000000,73.599999999999994,0,0,0,0,0,0,0,0,0,0,0,0,0,0,0,0,0,0,0,0,0,0,0,0,0,0,0,0,0,0,0,0,0,0,0,0,0,0,0,0
2007,12,4,0.600000000000000000,373.26286429999999000,98,41,59.3000000000000000,4,98,8.3500000000000000,98,0.1000000000000000,2762.8635399999998000,6193191.0000000000,3.8000000000000000,3.8000000000000000,0.73599999999999999,13.6000000000000000,73.000000000000000,0,0,0,0,0,0,0,0,0,0,0,0,0,0,0,0,0,0,0,0,0,0,0,0,0,0,0,0,0,0,0,0,0,0,0,0,0,0,0,0
2008,258,8,7.600000000000000000,708.32857850000005000,99,20,47.9000000000000000,9,99,3.6500000000000000,99,0.1000000000000000,8513.5646450000004000,15674.0000000000,2.4000000000000000,2.5000000000000000,0.75800000000000001,14.6000000000000000,66.599999999999994,0,0,0,0,0,0,0,0,0,0,0,0,0,0,0,0,0,0,0,0,0,0,0,0,0,0,0,0,0,0,0,0,0,0,0,0,0,0,0,0
2007,288,8,7.440000000000000000,499.73041200000000000,94,13,47.3000000000000000,9,94,3.1900000000000000,93,0.1000000000000000,6771.4147970000004000,15484192.0000000000,2.4000000000000000,2.5000000000000000,0.75400000000000000,14.7000000000000000,65.300000000000000,0,0,0,0,0,0,0,0,0,0,0,0,0,0,0,0,0,0,0,0,0,0,0,0,0,0,0,0,0,0,0,0,0,0,0,0,0,0,0,0
2009,28,0,0.540000000000000000,162.29037109999999000,86,0,74.5999999999999940,0,84,12.2400000000000000,86,0.1000000000000000,1297.2851410000001000,1568.0000000000,0.1000000000000000,0.1000000000000000,0.57599999999999996,11.9000000000000000,65.200000000000000,0,0,0,0,0,0,0,0,0,0,0,0,0,0,0,0,0,0,0,0,0,0,0,0,0,0,0,0,0,0,0,0,0,0,0,0,0,0,0,0
2008,21,0,0.460000000000000000,167.62015520000000000,83,0,74.0999999999999940,0,74,12.2300000000000000,82,0.1000000000000000,1413.3234000000000000,9844.0000000000,0.2000000000000000,0.1000000000000000,0.57199999999999995,11.6000000000000000,65.099999999999994,0,0,0,0,0,0,0,0,0,0,0,0,0,0,0,0,0,0,0,0,0,0,0,0,0,0,0,0,0,0,0,0,0,0,0,0,0,0,0,0
2004,214,0,0.480000000000000000,10.62427409999999900,67,0,71.4000000000000060,0,61,1.3900000000000000,62,0.1000000000000000,113.6286000000000100,9542.0000000000,0.2000000000000000,0.2000000000000000,0E-17,12.4000000000000000,64.800000000000000,0,0,0,0,0,0,0,0,0,0,0,0,0,0,0,0,0,0,0,0,0,0,0,0,0,0,0,0,0,0,0,0,0,0,0,0,0,1,0,0
2013,23,9,0.010000000000000000,0E-17,87,71,2.1000000000000000,12,86,2.0000000000000000,87,0.3000000000000000,null,null,9.0000000000000000,9.1000000000000000,0.56299999999999994,10.4000000000000000,64.900000000000006,0,0,0,0,0,0,0,0,0,0,0,0,0,0,0,0,0,0,0,0,0,0,0,0,0,0,0,0,0,0,0,0,0,0,0,0,0,0,0,0
2003,648,5,1.990000000000000000,5.30090204099999960,17,1,26.4000000000000000,7,9,7.1300000000000000,9,33.7999999999999970,63.6362790000000020,191897.0000000000,1.2000000000000000,1.1000000000000001,0.44000000000000000,10.5000000000000000,45.500000000000000,0,1,0,0,0,0,0,0,0,1,0,1,1,0,0,0,0,0,0,0,0,1,0,0,0,1,0,0,0,1,0,1,1,0,0,0,0,0,0,0
2012,133,2,0.010000000000000000,0E-17,98,320,61.8000000000000000,2,98,4.3000000000000000,98,0.1000000000000000,null,null,5.6000000000000000,5.4000000000000000,0.70599999999999996,13.7000000000000000,72.900000000000006,0,0,0,0,0,0,0,0,0,0,0,0,0,0,0,0,0,0,0,0,0,0,0,0,0,0,0,0,0,0,0,0,0,0,0,0,0,0,0,0
2010,132,2,0.010000000000000000,52.50394195999999900,98,0,59.9000000000000000,2,98,3.5000000000000000,98,0.1000000000000000,1212.5621699999999000,null,5.6000000000000000,5.4000000000000000,0.75500000000000000,14.3000000000000000,72.800000000000000,0,0,0,0,0,0,0,0,0,0,0,0,0,0,0,0,0,0,0,0,0,0,0,0,0,0,0,0,0,0,0,0,0,0,0,0,0,0,0,0
2013,178,0,15.040000000000000000,1968.81681699999990000,93,35,61.4000000000000000,0,93,6.5900000000000000,93,0.1000000000000000,15712.8237599999990000,2957689.0000000000,2.7000000000000000,2.7000000000000000,0.83399999999999996,16.3999999999999990,73.000000000000000,0,0,0,0,0,0,0,0,0,0,0,0,0,0,0,0,0,0,0,0,0,0,0,0,1,0,0,0,0,0,0,0,0,1,0,0,0,0,0,0
2009,76,0,11.420000000000000000,2052.39307599999980000,95,0,58.8000000000000000,0,96,8.1100000000000000,99,0.1000000000000000,13198.6693000000000000,497783.0000000000,0.9000000000000000,0.9000000000000000,0.88800000000000001,13.5000000000000000,83.000000000000000,0,0,0,0,0,0,0,0,0,0,0,0,0,0,0,0,0,0,0,0,0,0,0,0,1,0,0,0,0,0,0,0,0,0,0,0,0,0,0,0
2008,8,0,11.530000000000000000,18961.34860000000100000,94,1,58.4000000000000000,0,96,7.3400000000000000,99,0.1000000000000000,114293.8432999999900000,48865.0000000000,0.9000000000000000,0.9000000000000000,0.88700000000000001,13.5000000000000000,80.000000000000000,0,0,0,0,1,0,0,0,0,0,0,0,0,1,0,0,0,0,0,0,0,0,0,0,1,0,0,0,0,0,0,0,0,1,0,0,0,0,0,0
2001,599,48,1.149999999999999900,12.79760626000000000,92,150,14.4000000000000000,80,86,5.7000000000000000,9,25.1000000000000000,146.7615396999999900,11695863.0000000000,7.9000000000000000,7.7000000000000000,0.38700000000000001,10.1000000000000000,43.500000000000000,0,1,0,0,0,0,0,0,0,0,0,1,1,0,0,0,0,0,0,0,0,1,0,0,0,0,0,0,1,0,0,1,1,0,0,0,0,0,0,1
2010,73,0,1.830000000000000000,91.13971811999999800,97,0,22.1000000000000000,0,97,7.9300000000000000,96,0.1000000000000000,633.7949800000000100,367.0000000000,14.0000000000000000,14.1000000000000000,0.65300000000000002,11.6000000000000000,76.700000000000000,0,0,0,0,0,0,0,0,0,0,0,0,0,0,0,0,0,0,0,0,0,0,0,0,0,0,0,0,0,0,0,0,0,0,0,0,0,0,0,0
2005,93,0,1.470000000000000000,620.95189089999997000,98,1395,18.0000000000000000,0,98,9.5200000000000000,98,0.1000000000000000,3488.4937690000002000,321.0000000000,14.4000000000000000,14.5000000000000000,0.62500000000000000,12.1000000000000000,74.300000000000000,0,0,0,0,0,0,0,0,0,0,0,0,0,0,0,0,0,0,0,0,0,0,0,0,0,0,1,0,0,0,0,0,0,0,0,0,0,0,0,0
2003,299,59,0.540000000000000000,6.66045177699999960,79,232,17.0000000000000000,106,67,6.2500000000000000,63,2.2000000000000002,391.7912810000000300,125128.0000000000,1.3000000000000000,1.2000000000000000,0.31800000000000000,5.2000000000000000,52.000000000000000,0,0,0,0,0,0,0,0,0,0,0,0,0,0,0,0,0,0,0,0,0,0,1,0,0,0,0,0,1,0,0,0,1,0,0,0,0,0,0,0
2004,124,44,4.900000000000000400,920.82841150000002000,98,64,55.7000000000000000,52,98,6.1100000000000000,98,0.1000000000000000,7199.5966500000004000,16995583.0000000000,1.8000000000000000,1.8000000000000000,0.71399999999999997,12.1000000000000000,75.400000000000006,0,0,0,0,0,0,0,0,0,0,0,0,0,0,0,0,0,0,0,0,0,0,0,0,0,0,0,0,0,0,0,0,0,0,0,0,0,0,0,0
2014,225,1,0.010000000000000000,281.00239920000001000,99,0,51.5000000000000000,1,99,4.7300000000000004,99,0.1000000000000000,4181.5833210000001000,2923896.0000000000,2.2000000000000002,2.2999999999999998,0.72899999999999998,14.8000000000000000,68.400000000000006,0,0,0,0,0,0,0,0,0,0,0,0,0,0,0,0,0,0,0,0,0,0,0,0,0,0,0,0,0,0,0,0,0,0,0,0,0,0,0,0
2002,263,2,2.430000000000000200,55.60878215999999700,98,1205,39.7999999999999970,2,98,5.8100000000000000,98,0.1000000000000000,571.5188299999999800,2443659.0000000000,2.4000000000000000,2.5000000000000000,0.59899999999999998,10.1000000000000000,63.800000000000000,0,0,0,0,0,0,0,0,0,0,0,0,0,0,0,0,0,0,0,0,0,0,0,0,0,0,1,0,0,0,0,0,0,0,0,0,0,0,0,0
2013,19,0,0.010000000000000000,707.14469099999997000,9,0,6.7000000000000000,0,94,6.4300000000000000,94,0.1000000000000000,7186.4297870000000000,62127.0000000000,1.8000000000000000,1.9000000000000000,0.79900000000000004,15.1000000000000000,75.800000000000000,0,0,0,0,0,1,0,0,0,0,0,0,0,0,0,0,0,0,0,0,0,0,0,0,0,1,0,0,0,0,0,0,0,0,0,0,0,0,0,0
2011,268,3,7.840000000000000000,7.89623493100000040,82,79,32.5000000000000000,4,85,8.7799999999999994,82,4.7000000000000000,56.9713920000000020,2215621.0000000000,9.9000000000000000,9.9000000000000000,0.61199999999999999,11.5000000000000000,64.300000000000000,0,0,0,0,0,0,0,0,0,0,0,0,0,0,0,0,0,0,0,0,0,0,0,0,0,0,0,0,0,0,0,0,1,0,0,0,0,0,0,0
2013,142,0,0.010000000000000000,15.60659587000000000,87,0,87.3000000000000000,0,87,4.6500000000000004,87,0.1000000000000000,136.1832100000000000,null,0.1000000000000000,0.1000000000000000,null,9.6000000000000000,null,0,0,0,0,0,0,0,0,0,0,0,0,0,0,0,0,0,0,0,0,0,0,0,0,0,0,0,0,0,0,0,0,0,0,0,0,0,0,0,0
2007,68,1,9.529999999999999400,9689.73278399999980000,92,10,57.3000000000000000,1,97,9.3600000000000000,97,0.1000000000000000,51241.3156200000010000,16381696.0000000000,1.0000000000000000,1.0000000000000000,0.89900000000000002,16.6000000000000010,82.000000000000000,0,0,0,0,1,0,0,0,0,0,0,0,0,1,0,0,0,0,0,0,0,0,0,0,1,0,0,0,0,0,0,0,0,1,0,0,0,0,0,0
2011,147,3,3.390000000000000000,321.61325929999998000,98,0,5.9000000000000000,3,99,6.3900000000000000,98,0.1000000000000000,1682.9579240000000000,58782.0000000000,1.8000000000000000,1.8000000000000000,0.62000000000000000,11.5000000000000000,74.500000000000000,0,0,0,0,0,0,0,0,0,0,0,0,0,0,0,0,0,0,0,0,0,0,0,0,0,0,0,0,0,0,0,0,0,0,0,0,0,0,0,0
2004,279,56,0.110000000000000000,20.86118432000000000,92,63057,15.0000000000000000,118,45,6.6100000000000000,43,1.6000000000000000,232.5661574000000100,1312712.0000000000,12.1000000000000000,12.0000000000000000,0.27000000000000000,3.1000000000000000,52.900000000000000,0,0,0,0,0,0,1,0,0,0,0,0,0,0,0,0,0,0,0,0,0,0,1,0,0,0,1,0,1,1,0,1,1,0,0,0,0,0,1,0
2010,374,521,8.900000000000000000,133.12308719999999000,49,8491,22.2000000000000000,817,54,3.4700000000000000,54,4.8000000000000000,2327.3267000000001000,158578261.0000000000,11.3000000000000000,11.2000000000000000,0.49199999999999999,9.5000000000000000,52.000000000000000,0,0,1,0,0,0,0,0,1,0,0,0,0,0,0,0,0,0,0,0,0,0,1,0,0,1,1,0,1,0,0,0,1,0,1,0,0,0,0,0
2011,67,0,6.530000000000000000,277.35505219999999000,92,39,59.4000000000000000,0,94,9.1400000000000000,94,0.1000000000000000,1574.9861000000001000,495388.0000000000,0.7000000000000000,0.7000000000000000,0.93899999999999995,17.6000000000000010,81.099999999999994,0,0,0,0,0,0,0,0,0,0,0,0,0,0,0,0,0,0,0,0,0,0,0,0,0,0,0,0,0,0,0,0,0,0,0,0,0,0,0,0
2000,19,385,0.020000000000000000,18.84534311999999900,92,2064,16.3999999999999990,495,65,2.7900000000000000,62,0.1000000000000000,533.8624114000000400,138523285.0000000000,22.2000000000000000,22.6000000000000000,0.44500000000000001,5.3000000000000000,62.800000000000000,0,0,1,0,0,0,0,0,0,0,0,0,0,0,0,1,1,0,0,0,0,0,1,0,0,0,1,0,1,0,0,0,0,0,1,1,1,0,0,0
2011,127,1,8.140000000000000000,198.94875999999999000,89,64,52.8000000000000000,1,88,9.3800000000000008,94,0.1000000000000000,3725.6322100000002000,3875.0000000000,2.6000000000000000,2.8000000000000000,0.74199999999999999,13.3000000000000000,73.900000000000006,0,0,0,0,0,0,0,0,0,0,0,0,0,0,0,0,0,0,0,0,0,0,0,0,0,0,0,0,0,0,0,0,0,0,0,0,0,0,0,0
2010,132,1,7.240000000000000000,194.17326580000000000,95,22,52.0000000000000000,1,88,1.5000000000000000,92,0.1000000000000000,2964.4773399999999000,3926.0000000000,2.6000000000000000,2.8000000000000000,0.73799999999999999,13.3000000000000000,73.800000000000000,0,0,0,0,0,0,0,0,0,0,0,0,0,0,0,0,0,0,0,0,0,0,0,0,0,0,0,0,0,0,0,0,0,0,0,0,0,0,0,0
2015,284,26,null,0E-17,54,243,23.3000000000000000,40,42,null,54,0.5000000000000000,554.4876600000000100,1291533.0000000000,7.3000000000000000,7.3000000000000000,0.41399999999999998,8.8000000000000007,59.000000000000000,0,0,0,0,0,0,0,0,0,0,0,0,0,0,0,0,0,0,0,0,0,0,0,0,0,1,0,0,0,1,0,0,0,0,0,0,0,0,0,0
2011,29,28,0.220000000000000000,42.25479039999999700,63,11,21.2000000000000000,43,63,4.7300000000000004,63,2.0000000000000000,459.2912000000000000,113517.0000000000,8.0000000000000000,8.0000000000000000,0.38500000000000001,8.4000000000000000,58.100000000000000,0,0,0,0,0,0,0,0,0,0,0,0,0,0,0,0,0,0,0,0,0,0,0,0,0,0,0,0,0,0,0,0,1,0,0,0,0,0,0,0
2011,289,4,3.570000000000000000,40.45367358000000000,86,0,23.7000000000000000,7,85,5.4600000000000000,86,5.7000000000000000,692.6998899999999800,1596154.0000000000,7.8000000000000000,7.7000000000000000,0.41000000000000000,9.0000000000000000,57.100000000000000,0,0,0,0,0,0,0,0,0,0,0,0,0,0,0,0,0,0,0,0,0,0,0,0,0,0,0,0,0,0,0,0,1,0,0,0,0,0,0,0
2014,217,0,7.640000000000000000,4.14129334500000020,98,0,45.9000000000000000,1,97,5.2500000000000000,98,0.3000000000000000,43.8232100000000030,763393.0000000000,5.5000000000000000,5.3000000000000000,0.63600000000000001,10.3000000000000000,66.000000000000000,0,0,0,0,0,0,0,0,0,0,0,0,0,0,0,0,0,0,0,0,0,0,0,0,0,0,0,0,0,0,0,0,0,0,0,0,0,0,0,0
2001,171,6,2.740000000000000000,15.36175283999999900,95,0,39.6000000000000000,8,99,6.8800000000000000,96,1.6000000000000000,113.4546000000000000,669361.0000000000,2.7000000000000000,2.7000000000000000,0.55700000000000005,9.9000000000000000,71.300000000000000,0,0,0,0,0,0,0,0,0,0,0,0,0,0,0,0,0,0,0,0,0,0,0,0,0,0,0,0,0,0,0,0,1,0,0,0,0,0,0,0
2004,65,0,6.790000000000000000,8506.10144299999960000,92,0,56.5000000000000000,0,99,9.5900000000000000,99,0.1000000000000000,46917.2721600000000000,29274.0000000000,1.0000000000000000,0.9000000000000000,0.87300000000000000,18.3000000000000000,88.000000000000000,0,0,0,0,1,0,0,0,0,0,0,0,0,0,0,0,0,0,0,0,0,0,0,0,1,0,0,0,0,0,0,0,0,1,0,0,0,0,0,0
2015,176,114,null,0E-17,78,15099,27.4000000000000000,136,8,null,78,0.3000000000000000,3336.1668599999998000,258162113.0000000000,1.4000000000000000,1.2000000000000000,0.68600000000000005,12.9000000000000000,69.099999999999994,0,0,0,0,0,0,0,0,0,1,0,0,0,0,1,0,0,0,0,0,0,0,1,0,0,0,1,0,1,1,0,0,0,0,1,0,0,0,0,0
2015,83,18,null,0E-17,98,615,59.7000000000000000,21,98,null,98,0.1000000000000000,null,null,8.5000000000000000,8.6000000000000000,0.77400000000000002,14.8000000000000000,75.500000000000000,0,0,0,0,0,0,0,0,0,0,0,0,0,0,0,0,0,0,0,0,0,0,0,0,0,0,0,0,0,0,0,0,0,0,0,0,0,0,0,0
2004,139,28,0.010000000000000000,0E-17,95,3,47.6000000000000000,33,98,5.8900000000000000,99,0.1000000000000000,null,null,7.4000000000000000,7.7000000000000000,0.68600000000000005,11.8000000000000000,71.800000000000000,0,0,0,0,0,0,0,0,0,0,0,0,0,0,0,0,0,0,0,0,0,0,0,0,0,0,0,0,0,0,0,0,0,0,0,0,0,0,0,0
2000,94,0,14.070000000000000000,3794.58146300000000000,92,0,51.5000000000000000,0,86,6.3000000000000000,86,0.1000000000000000,26241.9188299999990000,385174.0000000000,0.3000000000000000,0.3000000000000000,0.84799999999999998,16.2000000000000000,76.400000000000006,0,0,0,0,0,0,0,0,0,0,0,0,0,0,0,0,0,0,0,0,0,0,0,0,1,0,0,0,0,0,0,0,0,1,0,0,0,0,0,0
2015,125,1,null,0E-17,91,0,54.2000000000000000,1,91,null,91,0.5000000000000000,4965.9898569999996000,2871934.0000000000,1.8000000000000000,1.7000000000000000,0.72899999999999998,12.8000000000000000,76.200000000000000,0,0,0,0,0,0,0,0,0,0,0,0,0,0,0,0,0,0,0,0,0,0,0,0,0,0,0,0,0,0,0,0,0,0,0,0,0,0,0,0
2008,145,1,3.510000000000000000,31.76575838000000100,92,2,48.9000000000000000,1,91,5.4000000000000000,91,0.4000000000000000,492.4923779999999700,279122.0000000000,1.9000000000000000,1.7000000000000000,0.71799999999999997,12.6000000000000000,74.500000000000000,0,0,0,0,0,0,0,0,0,0,0,0,0,0,0,0,0,0,0,0,0,0,0,0,0,0,0,0,0,0,0,0,0,0,0,0,0,0,0,0
2013,56,2,7.550000000000000000,94.43428615000000500,92,229,28.2000000000000000,3,99,1.2500000000000000,96,0.1000000000000000,4454.4474600000003000,127445.0000000000,2.0000000000000000,1.7000000000000000,0.89400000000000002,15.3000000000000000,83.500000000000000,0,0,0,0,0,0,0,0,0,0,0,0,0,0,0,0,0,0,0,0,0,0,0,0,0,0,0,0,0,0,0,0,0,0,0,0,0,0,0,0
2003,127,4,0.540000000000000000,228.78381080000000000,97,76,56.3000000000000000,4,97,9.1500000000000000,97,0.1000000000000000,1889.2139620000000000,5396774.0000000000,3.9000000000000000,3.9000000000000000,0.71699999999999997,13.2000000000000000,72.300000000000000,0,0,0,0,0,0,0,0,0,0,0,0,0,0,0,0,0,0,0,0,0,0,0,0,0,0,0,0,0,0,0,0,0,0,0,0,0,0,0,0
2001,434,77,1.630000000000000000,3.84760286700000000,92,11304,14.7000000000000000,120,77,4.6200000000000000,8,16.8999999999999990,41.7763611999999970,32321482.0000000000,9.0000000000000000,9.0000000000000000,0.44700000000000001,8.4000000000000000,51.900000000000000,0,0,0,0,0,0,0,0,0,0,0,1,0,0,0,0,0,0,0,0,0,0,1,0,0,0,1,0,1,0,0,1,1,0,1,0,0,0,0,0
2002,217,0,0.490000000000000000,70.75572221999999600,79,0,69.7000000000000000,0,96,9.1000000000000000,77,0.1000000000000000,826.5855400000000400,87343.0000000000,0.2000000000000000,0.2000000000000000,0E-17,11.7000000000000000,64.599999999999994,0,0,0,0,0,0,0,0,0,0,0,0,0,0,0,0,0,0,0,0,0,0,0,0,0,0,0,0,0,0,0,0,0,0,0,0,0,1,0,0
2007,89,1,0.030000000000000000,2555.30386899999980000,99,0,67.0999999999999940,1,99,2.1300000000000000,99,0.1000000000000000,45793.9761399999990000,null,3.2000000000000000,3.1000000000000000,0.78700000000000003,13.9000000000000000,73.700000000000000,0,0,0,0,0,0,0,0,0,0,0,0,0,0,0,0,0,0,0,0,0,0,0,0,1,0,0,0,0,0,0,0,0,1,0,0,0,0,0,0
2012,18,3,0.010000000000000000,0E-17,96,0,42.2000000000000000,4,94,6.9700000000000000,96,0.1000000000000000,null,null,3.2000000000000000,3.3000000000000000,0.63800000000000001,12.3000000000000000,69.900000000000006,0,0,0,0,0,0,0,0,0,0,0,0,0,0,0,0,0,0,0,0,0,0,0,0,0,0,0,0,0,0,0,0,0,0,0,0,0,0,0,0
2006,234,4,2.480000000000000000,0E-17,9,27,38.5000000000000000,4,93,6.7300000000000000,92,0.1000000000000000,null,null,3.3000000000000000,3.4000000000000000,0.61299999999999999,12.5000000000000000,66.700000000000000,0,0,0,0,0,1,0,0,0,0,0,0,0,0,0,0,0,0,0,0,0,0,0,0,0,1,0,0,0,0,0,0,0,0,0,0,0,0,0,0
2001,217,4,2.620000000000000000,0E-17,57,17,36.0000000000000000,5,99,4.7900000000000000,99,0.1000000000000000,null,null,3.6000000000000000,3.6000000000000000,0.59299999999999997,11.8000000000000000,67.200000000000000,0,0,0,0,0,0,0,0,0,0,0,0,0,0,0,0,0,0,0,0,0,0,0,0,0,1,0,0,0,0,0,0,0,0,0,0,0,0,0,0
2010,18,0,9.800000000000000700,1109.96950799999990000,91,0,58.9000000000000000,0,92,6.5500000000000000,92,0.1000000000000000,11326.2194700000000000,297555.0000000000,2.2000000000000002,2.2999999999999998,0.81499999999999995,16.0000000000000000,72.800000000000000,0,0,0,0,0,0,0,0,0,0,0,0,0,0,0,0,0,0,0,0,0,0,0,0,1,0,0,0,0,0,0,0,0,0,0,0,0,0,0,0
2009,184,0,9.850000000000000000,1137.62370000000010000,92,0,58.5000000000000000,0,94,6.8400000000000000,94,0.1000000000000000,12219.3737900000000000,2141669.0000000000,2.2999999999999998,2.2999999999999998,0.82099999999999995,16.3999999999999990,72.599999999999994,0,0,0,0,0,0,0,0,0,0,0,0,0,0,0,0,0,0,0,0,0,0,0,0,1,0,0,0,0,0,0,0,0,0,0,0,0,0,0,0
2014,99,1,1.320000000000000000,140.37713610000000000,81,112,65.4000000000000060,1,75,6.3900000000000000,81,0.1000000000000000,8161.4614000000001000,563279.0000000000,4.8000000000000000,4.9000000000000004,0.76300000000000001,13.3000000000000000,74.800000000000000,0,0,0,0,0,0,0,0,0,0,0,0,0,0,0,0,0,0,0,0,0,0,0,0,0,0,0,0,0,0,0,0,0,0,0,0,0,0,0,0
2011,93,1,1.570000000000000000,835.06268269999998000,81,9,64.0000000000000000,1,75,7.1200000000000000,81,0.1000000000000000,8734.9652999999998000,4588368.0000000000,4.7000000000000000,4.7000000000000000,0.75800000000000001,13.2000000000000000,75.000000000000000,0,0,0,0,0,0,0,0,0,0,0,0,0,0,0,0,0,0,0,0,0,0,0,0,0,0,0,0,0,0,0,0,0,0,0,0,0,0,0,0
2014,522,4,0.010000000000000000,162.12781150000001000,93,0,32.0000000000000000,6,9,1.6200000000000000,93,9.4000000000000000,1174.8392140000001000,2145785.0000000000,5.8000000000000000,5.6000000000000000,0.49099999999999999,10.8000000000000000,52.100000000000000,0,0,0,0,0,0,0,0,0,1,0,0,0,0,0,0,0,0,0,0,0,1,0,0,0,0,0,0,0,1,0,0,1,0,0,0,0,0,0,0
2015,138,1,null,0E-17,97,82,64.8000000000000000,2,97,null,97,0.1000000000000000,null,null,5.8000000000000000,5.5000000000000000,0.71899999999999997,13.4000000000000000,72.700000000000000,0,0,0,0,0,0,0,0,0,0,0,0,0,0,0,0,0,0,0,0,0,0,0,0,0,0,0,0,0,0,0,0,0,0,0,0,0,0,0,0
2003,144,3,0.010000000000000000,295.11665110000001000,96,0,54.6000000000000000,3,95,4.5999999999999996,95,0.1000000000000000,4676.9675299999999000,null,5.6000000000000000,5.4000000000000000,0.74000000000000000,16.0000000000000000,71.300000000000000,0,0,0,0,0,0,0,0,0,0,0,0,0,0,0,0,0,0,0,0,0,0,0,0,0,0,0,0,0,0,0,0,0,0,0,0,0,0,0,0
2000,148,3,0.010000000000000000,457.32022360000002000,92,0,52.8000000000000000,3,94,3.4100000000000000,94,0.1000000000000000,7145.6284939999996000,null,5.7000000000000000,5.5000000000000000,0.72699999999999998,15.5000000000000000,78.000000000000000,0,0,0,0,0,0,0,0,0,0,0,0,0,0,0,0,0,0,0,0,0,0,0,0,0,0,0,0,0,0,0,0,0,0,0,0,0,0,0,0
2011,18,0,12.660000000000000000,1758.82275699999990000,95,7,6.5000000000000000,0,92,6.8600000000000000,92,0.1000000000000000,14357.7367900000010000,328115.0000000000,2.7000000000000000,2.8000000000000000,0.82599999999999996,16.7000000000000000,72.800000000000000,0,0,0,0,0,0,0,0,0,0,0,0,0,0,0,0,0,0,0,0,0,0,0,0,1,0,0,0,0,0,0,0,0,1,0,0,0,0,0,0
2010,188,0,12.900000000000000000,1423.80238600000010000,94,2,6.0000000000000000,0,95,7.9000000000000000,95,0.1000000000000000,11984.8685700000010000,397282.0000000000,2.8000000000000000,2.8000000000000000,0.82399999999999995,16.8000000000000000,72.400000000000006,0,0,0,0,0,0,0,0,0,0,0,0,0,0,0,0,0,0,0,0,0,0,0,0,1,0,0,0,0,0,0,0,0,0,0,0,0,0,0,0
2014,225,29,0.010000000000000000,5.33906567300000030,73,3,2.0000000000000000,39,73,3.4000000000000000,73,0.3000000000000000,452.4631926000000100,2358981.0000000000,7.2000000000000000,7.1000000000000000,0.50900000000000001,10.3000000000000000,65.099999999999994,0,0,0,0,0,0,0,0,0,0,0,0,0,0,0,0,0,0,0,0,0,0,0,0,0,0,0,0,0,0,0,0,0,0,0,0,0,0,0,0
2013,128,3,0.530000000000000000,110.67797109999999000,96,195,38.5000000000000000,4,97,4.2000000000000000,97,0.1000000000000000,1882.2784200000001000,2976724.0000000000,7.8000000000000000,7.6000000000000000,0.77900000000000003,12.9000000000000000,74.599999999999994,0,0,0,0,0,0,0,0,0,0,0,0,0,0,0,0,0,0,0,0,0,0,0,0,0,0,0,0,0,0,0,0,0,0,0,0,0,0,0,0
2006,134,3,0.420000000000000000,365.91139779999997000,95,564,31.6000000000000000,4,95,3.6500000000000000,95,0.1000000000000000,6222.9829550000004000,26143566.0000000000,8.8000000000000007,8.6000000000000000,0.73199999999999998,12.7000000000000000,73.599999999999994,0,0,0,0,0,0,0,0,0,0,0,0,0,0,0,0,0,0,0,0,0,0,0,0,0,0,0,0,0,0,0,0,0,0,1,0,0,0,0,0
2015,61,0,null,0E-17,99,0,27.4000000000000000,0,99,null,99,0.1000000000000000,8395.7851979999996000,49163.0000000000,13.6000000000000000,13.6000000000000000,0.70099999999999996,12.7000000000000000,78.500000000000000,0,0,0,0,0,0,0,0,0,0,0,0,0,0,0,0,0,0,0,0,0,0,0,0,0,0,0,0,0,0,0,0,0,0,0,0,0,0,0,0
2009,75,0,1.590000000000000000,100.50302100000000000,98,6,21.2000000000000000,0,98,9.2200000000000006,98,0.1000000000000000,597.1658999999999700,36.0000000000,14.1000000000000000,14.2000000000000000,0.65100000000000002,11.8000000000000000,76.300000000000000,0,0,0,0,0,0,0,0,0,0,0,0,0,0,0,0,0,0,0,0,0,0,0,0,0,0,0,0,0,0,0,0,0,0,0,0,0,0,0,0
2012,27,53,0.010000000000000000,96.54658270000000200,66,341,21.9000000000000000,88,72,6.4700000000000000,66,1.5000000000000000,777.3476868000000200,16667.0000000000,8.3000000000000007,8.1000000000000000,0.41099999999999998,7.7000000000000000,57.200000000000000,0,0,0,0,0,0,0,0,0,0,0,0,0,0,0,0,0,0,0,0,0,0,1,0,0,0,0,0,1,0,0,0,0,0,0,0,0,0,0,0
2010,273,54,0.600000000000000000,9.58558439399999960,72,1719,2.7000000000000000,91,77,6.3500000000000000,73,1.5000000000000000,78.3776320000000060,157585.0000000000,8.8000000000000007,8.5000000000000000,0.39600000000000002,7.3000000000000000,56.500000000000000,0,0,0,0,0,0,0,0,0,0,0,0,0,0,0,0,0,0,0,0,0,0,1,0,0,0,1,0,1,0,0,0,0,0,0,0,0,0,0,0
2001,34,60,0.510000000000000000,4.39588571699999960,92,4464,16.1000000000000010,110,56,6.3900000000000000,49,2.4000000000000000,36.8473236999999970,11293258.0000000000,1.8000000000000000,1.7000000000000000,0.29699999999999999,4.5999999999999996,55.000000000000000,0,0,0,0,0,0,0,0,0,0,0,0,0,0,0,0,0,0,0,0,0,0,1,0,0,0,1,0,1,0,0,1,1,0,0,0,0,0,0,0
2008,64,0,7.140000000000000000,2655.57368400000000000,86,1,66.5999999999999940,0,72,8.1500000000000000,72,0.1000000000000000,21928.7670000000000000,49379.0000000000,0.7000000000000000,0.7000000000000000,0.81299999999999994,14.6000000000000000,80.000000000000000,0,0,0,0,0,0,0,0,0,0,0,0,0,0,0,0,0,0,0,0,0,0,0,0,1,0,0,0,0,0,0,0,0,1,0,0,0,0,0,0
2001,79,0,5.620000000000000000,130.01503910000000000,92,2,62.8000000000000000,0,95,7.1100000000000000,95,0.1000000000000000,1121.7863600000001000,39328.0000000000,0.7000000000000000,0.7000000000000000,0.78300000000000003,13.7000000000000000,77.800000000000000,0,0,0,0,0,0,0,0,0,0,0,0,0,0,0,0,0,0,0,0,0,0,0,0,0,0,0,0,0,0,0,0,0,0,0,0,0,0,0,0
2011,212,8,0.010000000000000000,79.27658463999999600,75,234,28.1000000000000000,12,73,2.8700000000000000,75,1.2000000000000000,1393.2615929999999000,3717672.0000000000,8.5000000000000000,8.3000000000000007,0.48699999999999999,7.7000000000000000,62.200000000000000,0,0,0,0,0,0,0,0,0,0,0,0,0,0,0,0,0,0,0,0,0,0,0,0,0,0,0,0,0,0,0,0,0,0,0,0,0,0,0,0
2010,214,8,0.010000000000000000,8.35307479799999970,64,1292,27.4000000000000000,12,52,3.2800000000000000,64,1.2000000000000000,123.3836750000000000,369543.0000000000,8.6999999999999993,8.5000000000000000,0.48399999999999999,7.6000000000000000,62.000000000000000,0,0,0,0,0,0,0,0,0,0,0,0,0,0,0,0,0,0,0,0,0,0,0,0,0,0,1,0,0,0,0,0,0,0,0,0,0,0,0,0
2011,124,34,5.300000000000000000,1117.19609700000000000,98,3,6.8000000000000000,39,97,6.4000000000000000,97,0.1000000000000000,9834.4726890000002000,119917.0000000000,1.6000000000000000,1.6000000000000000,0.74500000000000000,12.6000000000000000,76.099999999999994,0,0,0,0,0,0,0,0,0,0,0,0,0,0,0,0,0,0,0,0,0,0,0,0,1,0,0,0,0,0,0,0,0,0,0,0,0,0,0,0
2006,125,40,5.110000000000000300,980.25374439999996000,98,23,57.2000000000000000,47,98,5.8300000000000000,98,0.1000000000000000,8767.9225800000004000,1192378.0000000000,1.8000000000000000,1.7000000000000000,0.72299999999999998,12.2000000000000000,75.800000000000000,0,0,0,0,0,0,0,0,0,0,0,0,0,0,0,0,0,0,0,0,0,0,0,0,0,0,0,0,0,0,0,0,0,0,0,0,0,0,0,0
2003,18,0,3.150000000000000000,0E-17,89,0,62.8000000000000000,0,88,9.6900000000000000,92,0.1000000000000000,null,null,0.2000000000000000,0.2000000000000000,0.61199999999999999,10.4000000000000000,67.500000000000000,0,0,0,0,0,0,0,0,0,0,0,0,0,0,0,0,0,0,0,0,0,0,0,0,0,0,0,0,0,0,0,0,0,0,0,0,0,0,0,0
2012,231,1,0.010000000000000000,253.82858610000000000,99,0,49.2000000000000000,2,99,4.2200000000000000,99,0.1000000000000000,4368.8224799999998000,2814226.0000000000,2.2000000000000002,2.2999999999999998,0.71199999999999997,14.7000000000000000,67.800000000000000,0,0,0,0,0,0,0,0,0,0,0,0,0,0,0,0,0,0,0,0,0,0,0,0,0,0,0,0,0,0,0,0,0,0,0,0,0,0,0,0
2006,13,0,5.380000000000000000,595.73069229999999000,9,0,56.5000000000000000,0,9,8.1000000000000000,9,0.1000000000000000,4383.5959700000003000,61525.0000000000,2.2000000000000002,2.2000000000000002,0.75100000000000000,13.2000000000000000,73.800000000000000,0,0,0,0,0,1,0,0,0,1,0,1,0,0,0,0,0,0,0,0,0,0,0,0,0,1,0,0,0,1,0,1,0,0,0,0,0,0,0,0
2003,231,69,0.400000000000000000,3.82421247200000010,8,830,15.2000000000000000,93,86,1.9700000000000000,78,0.5000000000000000,219.7823260000000100,47624894.0000000000,13.3000000000000000,13.6000000000000000,0.44500000000000001,7.7000000000000000,63.200000000000000,0,0,0,0,0,1,0,0,0,0,0,0,0,0,0,0,0,0,0,0,0,0,1,0,0,1,0,0,1,0,0,0,0,0,1,0,0,0,0,0
2008,317,3,6.280000000000000000,59.55033545999999900,92,0,3.2000000000000000,4,83,7.1500000000000000,83,11.7000000000000000,429.6560999999999800,216375.0000000000,11.5000000000000000,11.4000000000000000,0.58899999999999997,11.3000000000000000,61.700000000000000,0,0,0,0,0,0,0,0,0,0,0,0,0,0,0,0,0,0,0,0,0,0,0,0,0,0,0,0,0,0,0,0,1,0,0,0,0,0,0,0
2010,64,1,9.330000000000000000,1035.62143700000000000,92,15,59.3000000000000000,1,97,1.4800000000000000,97,0.1000000000000000,5338.2548299999999000,16615394.0000000000,1.0000000000000000,0.9000000000000000,0.90600000000000003,17.0000000000000000,88.000000000000000,0,0,0,0,0,0,0,0,0,0,0,0,0,0,0,0,0,0,0,0,0,0,0,0,0,0,0,0,0,0,0,0,0,0,0,0,0,0,0,0
2006,76,0,9.340000000000000000,496.22280069999999000,87,20,62.6000000000000000,0,89,8.6500000000000000,89,0.1000000000000000,2667.8645200000001000,null,0.3000000000000000,0.3000000000000000,0.88800000000000001,19.1000000000000010,79.900000000000006,0,0,0,0,0,0,0,0,0,0,0,0,0,0,0,0,0,0,0,0,0,0,0,0,0,0,0,0,0,0,0,0,0,0,0,0,0,0,0,0
2003,82,0,8.910000000000000000,3661.79292200000010000,89,66,6.9000000000000000,0,86,7.7100000000000000,9,0.1000000000000000,21913.7817000000000000,null,0.3000000000000000,0.3000000000000000,0.88100000000000001,18.2000000000000000,79.099999999999994,0,0,0,0,0,0,0,0,0,0,0,1,0,0,0,0,0,0,0,0,0,0,0,0,1,0,0,0,0,0,0,1,0,1,0,0,0,0,0,0
2006,277,54,0.110000000000000000,43.42193066000000100,92,59,15.7000000000000000,110,52,7.3900000000000000,51,1.5000000000000000,258.4638729999999800,1413264.0000000000,11.6000000000000000,11.5000000000000000,0.28599999999999998,3.7000000000000000,54.500000000000000,0,0,0,0,0,0,0,0,0,0,0,0,0,0,0,0,0,0,0,0,0,0,1,0,0,0,0,0,1,0,0,0,0,0,0,0,0,0,1,0
2014,362,490,0.010000000000000000,263.21110310000000000,49,6855,24.7000000000000000,759,49,3.6700000000000000,49,3.9000000000000000,3221.6781280000000000,1764652.0000000000,1.1000000000000001,9.9000000000000000,0.52100000000000002,10.0000000000000000,53.600000000000000,0,0,1,0,0,0,0,0,1,0,0,0,0,0,0,0,0,0,0,0,0,0,1,0,0,1,1,0,1,1,0,1,1,0,0,0,0,0,0,0
2001,82,0,5.490000000000000000,6356.82728200000020000,92,4,54.0000000000000000,0,91,8.6500000000000000,91,0.1000000000000000,38549.5893399999990000,4513751.0000000000,0.8000000000000000,0.7000000000000000,0.91700000000000004,17.5000000000000000,78.800000000000000,0,0,0,0,0,0,0,0,0,0,0,0,0,0,0,0,0,0,0,0,0,0,0,0,1,0,0,0,0,0,0,0,0,1,0,0,0,0,0,0
2015,99,1,null,0E-17,99,0,54.6000000000000000,1,99,null,99,0.1000000000000000,16627.3643300000000000,null,7.1000000000000000,6.9000000000000000,0.79500000000000004,13.7000000000000000,76.599999999999994,0,0,0,0,0,0,0,0,0,0,0,0,0,0,0,0,0,0,0,0,0,0,0,0,0,0,0,0,0,0,0,0,0,1,0,0,0,0,0,0
2013,128,1,5.910000000000000000,180.37870340000001000,96,7872,54.4000000000000000,1,94,7.2500000000000000,93,0.1000000000000000,4274.3768570000002000,3776.0000000000,2.7000000000000000,2.8000000000000000,0.75500000000000000,13.5000000000000000,74.500000000000000,0,0,0,0,0,0,0,0,0,0,0,0,0,0,0,0,0,0,0,0,0,0,0,0,0,0,1,0,0,0,0,0,0,0,0,0,0,0,0,0
2007,12,1,8.650000000000000000,106.16468600000000000,94,44,49.9000000000000000,1,88,8.1700000000000000,98,0.1000000000000000,2492.1287800000000000,482.0000000000,2.7000000000000000,2.9000000000000000,0.72199999999999998,12.5000000000000000,74.400000000000006,0,0,0,0,0,0,0,0,0,0,0,0,0,0,0,0,0,0,0,0,0,0,0,0,0,0,0,0,0,0,0,0,0,0,0,0,0,0,0,0
2015,249,37,null,0E-17,88,23,28.6000000000000000,52,88,null,88,0.7000000000000000,1361.1139499999999000,27582821.0000000000,6.2000000000000000,6.1000000000000000,0.57499999999999996,11.4000000000000000,62.400000000000000,0,0,0,0,0,0,0,0,0,0,0,0,0,0,0,0,0,0,0,0,0,0,0,0,0,0,0,0,0,0,0,0,0,0,1,0,0,0,0,0
2015,72,0,null,0E-17,96,1,66.5000000000000000,0,99,null,99,0.1000000000000000,187.7899099999999900,182883.0000000000,0.8000000000000000,0.7000000000000000,0.86499999999999999,17.2000000000000000,81.000000000000000,0,0,0,0,0,0,0,0,0,0,0,0,0,0,0,0,0,0,0,0,0,0,0,0,0,0,0,0,0,0,0,0,0,0,0,0,0,0,0,0
2013,74,0,7.460000000000000000,2183.10698599999980000,98,3,65.4000000000000060,0,99,9.2600000000000000,99,0.1000000000000000,21874.8195000000010000,1965211.0000000000,0.8000000000000000,0.7000000000000000,0.86000000000000000,17.1000000000000010,86.000000000000000,0,0,0,0,0,0,0,0,0,0,0,0,0,0,0,0,0,0,0,0,0,0,0,0,1,0,0,0,0,0,0,0,0,1,0,0,0,0,0,0
2009,78,0,9.080000000000000000,372.68541420000003000,95,2,63.1000000000000000,0,99,9.7600000000000000,99,0.1000000000000000,2971.9730000000000000,111717.0000000000,0.8000000000000000,0.7000000000000000,0.85699999999999998,16.2000000000000000,80.000000000000000,0,0,0,0,0,0,0,0,0,0,0,0,0,0,0,0,0,0,0,0,0,0,0,0,0,0,0,0,0,0,0,0,0,0,0,0,0,0,0,0
2009,158,0,8.420000000000000000,146.43844880000000000,99,0,43.1000000000000000,0,99,6.2400000000000000,99,0.1000000000000000,7395.8812500000004000,null,3.8000000000000000,3.8000000000000000,0E-17,15.6000000000000000,72.400000000000006,0,0,0,0,0,0,0,0,0,0,0,0,0,0,0,0,0,0,0,0,0,0,0,0,0,0,0,0,0,0,0,0,0,0,0,0,0,1,0,0
2003,173,0,9.750000000000000000,77.94543290000000000,97,0,39.4000000000000000,0,98,5.8900000000000000,97,0.1000000000000000,5773.7357700000002000,null,4.0000000000000000,4.0999999999999996,0E-17,14.6000000000000000,71.099999999999994,0,0,0,0,0,0,0,0,0,0,0,0,0,0,0,0,0,0,0,0,0,0,0,0,0,0,0,0,0,0,0,0,0,0,0,0,0,1,0,0
2006,24,14,2.380000000000000000,352.02448939999999000,89,0,44.5000000000000000,17,9,7.7000000000000000,89,0.4000000000000000,2256.5672399999999000,133978.0000000000,1.4000000000000000,1.4000000000000000,0.56999999999999995,9.8000000000000007,69.700000000000000,0,0,0,0,0,0,0,0,0,1,0,0,0,0,0,0,0,0,0,0,0,0,0,0,0,0,0,0,0,1,0,0,0,0,0,0,0,0,0,0
2005,327,32,0.210000000000000000,1.09966598400000000,92,99,18.5000000000000000,51,59,2.8200000000000000,59,2.7000000000000000,33.4244980000000000,9679745.0000000000,9.3000000000000007,9.3000000000000007,0.34599999999999997,6.6000000000000000,54.700000000000000,0,0,0,0,0,0,0,0,0,0,0,0,0,0,0,0,0,0,0,0,0,0,0,0,0,0,0,0,0,0,0,0,1,0,0,0,0,0,0,0
2000,328,37,0.170000000000000000,2.21598613600000020,92,11294,16.6000000000000010,60,47,3.4600000000000000,46,3.0000000000000000,34.5169179999999970,888546.0000000000,1.3000000000000000,1.3000000000000000,0.31600000000000000,4.8000000000000000,52.500000000000000,0,0,0,0,0,0,0,0,0,0,0,0,0,0,0,0,0,0,0,0,0,0,0,0,0,0,1,0,0,1,0,1,1,0,0,0,0,0,0,0
2014,282,4,0.010000000000000000,50.06053544000000200,87,1,25.6000000000000000,6,87,5.5900000000000000,87,3.4000000000000000,642.6256154000000200,1725744.0000000000,7.3000000000000000,7.1000000000000000,0.41899999999999998,9.1999999999999993,58.400000000000000,0,0,0,0,0,0,0,0,0,0,0,0,0,0,0,0,0,0,0,0,0,0,0,0,0,0,0,0,0,0,0,0,1,0,0,0,0,0,0,0
2005,37,5,3.100000000000000000,22.09757984000000200,92,0,2.1000000000000000,8,73,5.7200000000000000,68,5.4000000000000000,424.9534585000000100,138838.0000000000,9.1999999999999993,9.0000000000000000,0E-17,8.0000000000000000,53.900000000000000,0,0,0,0,0,0,0,0,0,0,0,0,0,0,0,0,0,0,0,0,0,0,0,0,0,0,0,0,0,0,0,0,1,0,0,0,0,1,0,0
2004,38,5,2.580000000000000000,13.52999556000000000,92,3526,19.6000000000000010,8,69,5.4100000000000000,64,5.0000000000000000,393.3138243999999900,135345.0000000000,9.4000000000000000,9.3000000000000007,0E-17,7.7000000000000000,53.500000000000000,0,0,0,0,0,0,0,0,0,0,0,0,0,0,0,0,0,0,0,0,0,0,0,0,0,0,1,0,0,0,0,0,1,0,0,0,0,1,0,0
2003,38,5,2.160000000000000000,2.52711542200000010,92,1158,19.0000000000000000,8,65,5.6200000000000000,6,4.5999999999999996,36.5718584999999980,132122.0000000000,9.6000000000000000,9.5000000000000000,0E-17,7.4000000000000000,53.000000000000000,0,0,0,0,0,0,0,0,0,0,0,1,0,0,0,0,0,0,0,0,0,0,0,0,0,0,1,0,0,0,0,1,1,0,0,0,0,1,0,0
2000,3,5,2.840000000000000000,6.69941874700000020,92,0,17.3999999999999990,9,52,4.9400000000000004,49,3.1000000000000000,297.7519442999999900,1243229.0000000000,1.2000000000000000,1.2000000000000000,0E-17,6.4000000000000000,52.100000000000000,0,0,0,0,0,0,0,0,0,0,0,0,0,0,0,0,0,0,0,0,0,0,0,0,0,0,0,0,0,0,0,1,1,0,0,0,0,1,0,0
2003,237,1,7.930000000000000000,16.47949015000000000,9,0,37.7999999999999970,1,91,5.9700000000000000,9,2.1000000000000000,986.7958172999999500,751857.0000000000,5.8000000000000000,5.6000000000000000,0.61099999999999999,11.1000000000000000,65.300000000000000,0,0,0,0,0,1,0,0,0,0,0,1,0,0,0,0,0,0,0,0,0,0,0,0,0,1,0,0,0,0,0,1,1,0,0,0,0,0,0,0
2006,28,17,6.180000000000000000,6.99555638599999960,92,0,39.6000000000000000,23,61,5.7000000000000000,6,3.3000000000000000,55.4762600000000030,949457.0000000000,4.3000000000000000,4.3000000000000000,0.45500000000000002,8.3000000000000007,61.100000000000000,0,0,0,0,0,0,0,0,0,0,0,1,0,0,0,0,0,0,0,0,0,0,0,0,0,0,0,0,0,0,0,1,1,0,0,0,0,0,0,0
2011,51,0,8.130000000000000800,7.04809250000000010,92,0,59.3000000000000000,0,95,8.6500000000000000,95,0.1000000000000000,46.2169999999999990,31914.0000000000,0.9000000000000000,0.9000000000000000,0.89400000000000002,18.6000000000000010,82.100000000000000,0,0,0,0,0,0,0,0,0,0,0,0,0,0,0,0,0,0,0,0,0,0,0,0,0,0,0,0,0,0,0,0,0,0,0,0,0,0,0,0
2006,61,0,7.200000000000000000,1003.13980400000000000,92,0,57.4000000000000000,0,97,8.9600000000000009,97,0.1000000000000000,5613.5411500000000000,33782.0000000000,0.9000000000000000,0.9000000000000000,0.88400000000000001,18.1000000000000010,81.099999999999994,0,0,0,0,0,0,0,0,0,0,0,0,0,0,0,0,0,0,0,0,0,0,0,0,0,0,0,0,0,0,0,0,0,0,0,0,0,0,0,0
2011,185,134,0.080000000000000000,211.87834040000001000,81,21893,23.8000000000000000,161,81,2.7100000000000000,81,0.3000000000000000,3634.2768500000002000,24577511.0000000000,1.6000000000000000,1.5000000000000000,0.66200000000000003,12.3000000000000000,68.300000000000000,0,0,0,0,0,0,0,0,0,0,0,0,0,0,0,0,0,0,0,0,0,0,1,0,0,0,1,0,1,0,0,0,0,0,1,0,0,0,0,0
2012,85,21,0.010000000000000000,0E-17,98,332,56.0000000000000000,24,99,6.9800000000000000,99,0.1000000000000000,null,null,8.0000000000000000,8.1999999999999993,0.75500000000000000,13.6000000000000000,75.099999999999994,0,0,0,0,0,0,0,0,0,0,0,0,0,0,0,0,0,0,0,0,0,0,0,0,0,0,0,0,0,0,0,0,0,0,0,0,0,0,0,0
2011,144,32,0.170000000000000000,285.11972600000001000,77,15,56.5000000000000000,39,8,3.3200000000000000,79,0.1000000000000000,5854.6144969999996000,3172753.0000000000,5.3000000000000000,5.0999999999999996,0.64900000000000002,10.4000000000000000,77.000000000000000,0,0,0,0,0,0,0,0,0,1,0,0,0,0,0,0,0,0,0,0,0,0,0,0,0,0,0,0,0,1,0,0,0,0,0,0,0,0,0,0
2014,66,0,10.750000000000000000,746.36704529999997000,95,33,62.1000000000000000,0,96,7.7800000000000000,96,0.1000000000000000,5553.3262299999997000,4617225.0000000000,0.3000000000000000,0.2000000000000000,0.91000000000000000,18.6000000000000010,81.200000000000000,0,0,0,0,0,0,0,0,0,0,0,0,0,0,0,0,0,0,0,0,0,0,0,0,0,0,0,0,0,0,0,0,0,0,0,0,0,0,0,0
2011,61,1,2.670000000000000000,3793.16162399999980000,98,70,63.4000000000000000,1,94,7.3900000000000000,94,0.1000000000000000,33657.1572700000030000,77658.0000000000,1.2000000000000000,1.1000000000000001,0.88300000000000001,15.8000000000000000,81.800000000000000,0,0,0,0,0,0,0,0,0,0,0,0,0,0,0,0,0,0,0,0,0,0,0,0,1,0,0,0,0,0,0,0,0,1,0,0,0,0,0,0
2007,148,1,3.640000000000000000,25.62349237999999800,92,0,48.1000000000000000,1,94,4.8700000000000000,92,0.9000000000000000,462.5179130000000200,2775467.0000000000,1.9000000000000000,1.7000000000000000,0.71399999999999997,12.5000000000000000,74.200000000000000,0,0,0,0,0,0,0,0,0,0,0,0,0,0,0,0,0,0,0,0,0,0,0,0,0,0,0,0,0,0,0,0,0,0,0,0,0,0,0,0
2015,112,4,null,0E-17,99,0,65.5999999999999940,4,99,null,99,0.1000000000000000,496.9927500000000000,915932.0000000000,4.0000000000000000,4.0000000000000000,0.74099999999999999,13.1000000000000000,74.099999999999994,0,0,0,0,0,0,0,0,0,0,0,0,0,0,0,0,0,0,0,0,0,0,0,0,0,0,0,0,0,0,0,0,0,0,0,0,0,0,0,0
2006,121,4,0.590000000000000000,313.36260149999998000,98,1,58.6000000000000000,4,98,8.8000000000000007,98,0.1000000000000000,2537.3490000000002000,5934232.0000000000,3.9000000000000000,3.8000000000000000,0.73299999999999998,13.7000000000000000,72.800000000000000,0,0,0,0,0,0,0,0,0,0,0,0,0,0,0,0,0,0,0,0,0,0,0,0,0,0,0,0,0,0,0,0,0,0,0,0,0,0,0,0
2013,28,5,6.480000000000000000,26.40726589999999900,99,73,51.4000000000000000,6,98,4.3000000000000000,98,0.1000000000000000,1389.8561000000000000,1735275.0000000000,2.4000000000000000,2.5000000000000000,0.78200000000000003,15.0000000000000000,69.500000000000000,0,0,0,0,0,0,0,0,0,0,0,0,0,0,0,0,0,0,0,0,0,0,0,0,0,0,0,0,0,0,0,0,0,0,0,0,0,0,0,0
2012,214,6,6.820000000000000000,235.35660659999999000,95,55,5.6000000000000000,7,98,4.3200000000000000,99,0.1000000000000000,12387.1898200000000000,16791425.0000000000,2.4000000000000000,2.5000000000000000,0.77400000000000002,14.7000000000000000,69.099999999999994,0,0,0,0,0,0,0,0,0,0,0,0,0,0,0,0,0,0,0,0,0,0,0,0,0,0,0,0,0,0,0,0,0,0,0,0,0,0,0,0
2002,276,8,5.990000000000000000,145.10225280000000000,95,18,44.8000000000000000,9,95,3.6100000000000000,95,0.1000000000000000,1658.3114599999999000,14858948.0000000000,2.6000000000000000,2.6000000000000000,0.70000000000000000,12.7000000000000000,64.700000000000000,0,0,0,0,0,0,0,0,0,0,0,0,0,0,0,0,0,0,0,0,0,0,0,0,0,0,0,0,0,0,0,0,0,0,0,0,0,0,0,0
2008,339,64,1.710000000000000000,60.51535059999999800,88,1282,17.8999999999999990,95,88,3.9000000000000000,88,6.4000000000000000,916.8992514999999900,39148416.0000000000,8.3000000000000007,8.1999999999999993,0.50600000000000001,10.4000000000000000,57.900000000000000,0,0,0,0,0,0,0,0,0,0,0,0,0,0,0,0,0,0,0,0,0,0,1,0,0,0,1,0,1,0,0,0,1,0,1,0,0,0,0,0
2007,356,66,1.970000000000000000,59.83361364000000300,81,1516,17.3000000000000000,100,76,4.8000000000000000,81,9.1000000000000000,839.1811169999999700,388599.0000000000,8.4000000000000000,8.3000000000000007,0.49399999999999999,10.1000000000000000,56.800000000000000,0,0,0,0,0,0,0,0,0,0,0,0,0,0,0,0,0,0,0,0,0,0,1,0,0,0,1,0,1,0,0,0,1,0,0,0,0,0,0,0
2005,9,0,0.010000000000000000,239.57513910000000000,99,10,66.3000000000000000,1,99,2.3800000000000000,99,0.1000000000000000,3549.2613200000001000,null,3.2000000000000000,3.1000000000000000,0.78900000000000003,14.2000000000000000,73.599999999999994,0,0,0,0,0,0,0,0,0,0,0,0,0,0,0,0,0,0,0,0,0,0,0,0,0,0,0,0,0,0,0,0,0,0,0,0,0,0,0,0
2010,199,4,2.730000000000000000,0E-17,96,0,4.7000000000000000,4,88,6.6600000000000000,96,0.1000000000000000,null,null,3.2000000000000000,3.3000000000000000,0.63100000000000001,12.2000000000000000,68.800000000000000,0,0,0,0,0,0,0,0,0,0,0,0,0,0,0,0,0,0,0,0,0,0,0,0,0,0,0,0,0,0,0,0,0,0,0,0,0,0,0,0
2008,217,4,2.529999999999999800,0E-17,97,16,39.5000000000000000,4,95,6.7000000000000000,95,0.2000000000000000,null,null,3.3000000000000000,3.4000000000000000,0.62400000000000000,12.6000000000000000,67.599999999999994,0,0,0,0,0,0,0,0,0,0,0,0,0,0,0,0,0,0,0,0,0,0,0,0,0,0,0,0,0,0,0,0,0,0,0,0,0,0,0,0
2004,218,4,3.410000000000000000,0E-17,99,8,37.5000000000000000,4,98,5.5700000000000000,99,0.1000000000000000,null,null,3.4000000000000000,3.4000000000000000,0.60899999999999999,12.5000000000000000,67.099999999999994,0,0,0,0,0,0,0,0,0,0,0,0,0,0,0,0,0,0,0,0,0,0,0,0,0,0,0,0,0,0,0,0,0,0,0,0,0,0,0,0
2011,213,9,5.390000000000000000,0E-17,78,113,18.7000000000000000,13,79,2.2000000000000002,78,0.3000000000000000,null,null,9.1999999999999993,9.4000000000000000,0.54200000000000004,9.9000000000000000,64.000000000000000,0,0,0,0,0,0,0,0,0,0,0,0,0,0,0,0,0,0,0,0,0,0,0,0,0,0,0,0,0,0,0,0,0,0,0,0,0,0,0,0
2014,156,0,0.010000000000000000,1542.63597899999990000,92,36,6.7000000000000000,0,92,5.8800000000000000,92,0.1000000000000000,15725.1374000000000000,1993782.0000000000,2.2000000000000002,2.2000000000000002,0.82199999999999995,16.0000000000000000,74.400000000000006,0,0,0,0,0,0,0,0,0,0,0,0,0,0,0,0,0,0,0,0,0,0,0,0,1,0,0,0,0,0,0,0,0,1,0,0,0,0,0,0
2008,199,0,11.840000000000000000,253.40223380000000000,93,3,58.1000000000000000,0,94,6.6300000000000000,94,0.1000000000000000,16348.5312099999990000,2177322.0000000000,2.2999999999999998,2.4000000000000000,0.81899999999999995,16.3000000000000000,71.900000000000006,0,0,0,0,0,0,0,0,0,0,0,0,0,0,0,0,0,0,0,0,0,0,0,0,0,0,0,0,0,0,0,0,0,1,0,0,0,0,0,0
2008,98,1,1.670000000000000000,69.13924862000000400,81,24,62.5000000000000000,1,75,8.6999999999999993,81,0.1000000000000000,712.7757589999999900,411147.0000000000,4.7000000000000000,4.7000000000000000,0.74000000000000000,13.1000000000000000,74.500000000000000,0,0,0,0,0,0,0,0,0,0,0,0,0,0,0,0,0,0,0,0,0,0,0,0,0,0,0,0,0,0,0,0,0,0,0,0,0,0,0,0
2000,112,1,2.259999999999999800,404.38794339999998000,83,5,57.9000000000000000,1,83,1.8600000000000000,83,0.1000000000000000,5334.9332899999999000,3235366.0000000000,4.9000000000000004,4.8000000000000000,0E-17,14.9000000000000000,72.700000000000000,0,0,0,0,0,0,0,0,0,0,0,0,0,0,0,0,0,0,0,0,0,0,0,0,0,0,0,0,0,0,0,0,0,0,0,0,0,1,0,0
2002,622,5,2.950000000000000000,3.53457351000000000,92,0,25.9000000000000000,7,84,6.9100000000000000,84,32.5000000000000000,47.8939499999999970,192312.0000000000,1.6000000000000000,1.6000000000000000,0.44600000000000001,10.4000000000000000,46.400000000000000,0,1,0,0,0,0,0,0,0,0,0,0,1,0,0,0,0,0,0,0,0,1,0,0,0,0,0,0,0,0,0,0,1,0,0,0,0,0,0,0
2001,586,5,2.860000000000000000,38.57187010999999900,92,217,25.4000000000000000,7,78,7.5300000000000000,78,31.2000000000000000,437.8191840000000100,1885955.0000000000,11.1000000000000000,11.1000000000000000,0.44300000000000000,10.3000000000000000,47.800000000000000,0,1,0,0,0,0,0,0,0,0,0,0,1,0,0,0,0,0,0,0,0,1,0,0,0,0,0,0,0,0,0,0,1,0,0,0,0,0,0,0
2006,32,11,4.050000000000000000,15.79934152000000000,92,20,22.4000000000000000,15,66,1.9000000000000000,6,3.0000000000000000,178.9279899999999900,3375838.0000000000,8.1000000000000000,8.1000000000000000,0.37700000000000000,10.0000000000000000,56.700000000000000,0,0,0,0,0,0,0,0,0,0,0,1,0,0,0,0,0,0,0,0,0,0,0,0,0,0,0,0,0,0,0,1,1,0,0,0,0,0,0,0
2001,333,14,4.400000000000000400,16.72142854000000200,92,1379,2.4000000000000000,20,54,6.4100000000000000,42,3.1000000000000000,174.1815473000000100,2991132.0000000000,9.0000000000000000,9.0000000000000000,0.38600000000000001,10.5000000000000000,51.500000000000000,0,0,0,0,0,0,0,0,0,0,0,0,0,0,0,0,0,0,0,0,0,0,0,0,0,0,1,0,0,0,0,1,1,0,0,0,0,0,0,0
2009,192,0,12.400000000000000000,1446.52921700000000000,95,0,59.7000000000000000,0,98,7.5300000000000000,98,0.1000000000000000,11837.3912999999990000,3162916.0000000000,2.8000000000000000,2.9000000000000000,0.82499999999999996,16.6000000000000010,72.200000000000000,0,0,0,0,0,0,0,0,0,0,0,0,0,0,0,0,0,0,0,0,0,0,0,0,1,0,0,0,0,0,0,0,0,0,0,0,0,0,0,0
2002,22,0,11.000000000000000000,561.91686419999996000,94,103,57.5000000000000000,0,97,6.4000000000000000,95,0.1000000000000000,4146.9879279999996000,344367.0000000000,3.3000000000000000,3.3000000000000000,0.77000000000000000,15.3000000000000000,71.400000000000006,0,0,0,0,0,0,0,0,0,0,0,0,0,0,0,0,0,0,0,0,0,0,0,0,0,0,0,0,0,0,0,0,0,0,0,0,0,0,0,0
2015,63,0,null,0E-17,94,0,61.3000000000000000,0,99,null,99,0.1000000000000000,1199.8223000000000000,56964.0000000000,1.0000000000000000,0.9000000000000000,0.89600000000000002,13.9000000000000000,82.000000000000000,0,0,0,0,0,0,0,0,0,0,0,0,0,0,0,0,0,0,0,0,0,0,0,0,0,0,0,0,0,0,0,0,0,0,0,0,0,0,0,0
2006,85,0,11.980000000000000000,15345.49070000000000000,95,8,57.5000000000000000,0,99,7.7500000000000000,99,0.1000000000000000,89739.7117000000000000,472637.0000000000,0.9000000000000000,0.9000000000000000,0.88000000000000000,13.5000000000000000,79.400000000000006,0,0,0,0,1,0,0,0,0,0,0,0,0,1,0,0,0,0,0,0,0,0,0,0,1,0,0,0,0,0,0,0,0,1,0,0,0,0,0,0
2005,9,0,11.840000000000000000,1346.24669700000000000,95,0,57.0000000000000000,0,99,7.9500000000000000,99,0.1000000000000000,8289.6964100000005000,465158.0000000000,1.0000000000000000,0.9000000000000000,0.87400000000000000,13.5000000000000000,78.800000000000000,0,0,0,0,0,0,0,0,0,0,0,0,0,0,0,0,0,0,0,0,0,0,0,0,1,0,0,0,0,0,0,0,0,0,0,0,0,0,0,0
2006,587,38,1.180000000000000000,6.84703378499999980,99,1,16.2000000000000000,61,99,8.9900000000000000,99,21.1000000000000000,297.6971211000000000,13429262.0000000000,7.3000000000000000,7.1000000000000000,0.37700000000000000,9.6000000000000000,47.100000000000000,0,1,0,0,0,0,0,0,0,0,0,0,1,0,0,0,0,0,0,0,0,1,0,0,0,0,0,0,0,0,0,0,1,0,0,0,0,0,0,0
2012,129,3,0.530000000000000000,101.60924500000000000,97,1868,37.4000000000000000,4,97,4.0999999999999996,97,0.1000000000000000,1779.4964100000000000,2917456.0000000000,7.9000000000000000,7.7000000000000000,0.77600000000000002,12.9000000000000000,74.500000000000000,0,0,0,0,0,0,0,0,0,0,0,0,0,0,0,0,0,0,0,0,0,0,0,0,0,0,1,0,0,0,0,0,0,0,0,0,0,0,0,0
2002,14,4,0.490000000000000000,216.70294809999999000,95,408,27.9000000000000000,4,94,3.4000000000000000,94,0.1000000000000000,4167.3643869999996000,24198811.0000000000,9.5000000000000000,9.3000000000000007,0.72299999999999998,12.0000000000000000,72.900000000000006,0,0,0,0,0,0,0,0,0,0,0,0,0,0,0,0,0,0,0,0,0,0,0,0,0,0,0,0,0,0,0,0,0,0,1,0,0,0,0,0
2003,112,0,1.750000000000000000,491.49789079999999000,98,75,16.7000000000000000,0,98,5.9000000000000000,98,0.1000000000000000,3432.2478409999999000,34.0000000000,14.6000000000000000,14.7000000000000000,0.60099999999999998,11.8000000000000000,72.700000000000000,0,0,0,0,0,0,0,0,0,0,0,0,0,0,0,0,0,0,0,0,0,0,0,0,0,0,0,0,0,0,0,0,0,0,0,0,0,0,0,0
2006,288,57,0.530000000000000000,67.70920682999999900,9,128,18.5000000000000000,98,79,6.5600000000000000,78,1.8000000000000000,521.6425795999999800,1322764.0000000000,9.6999999999999993,9.5000000000000000,0.35000000000000000,6.1000000000000000,54.300000000000000,0,0,0,0,0,1,0,0,0,0,0,0,0,0,0,0,0,0,0,0,0,0,1,0,0,1,0,0,1,0,0,0,1,0,0,0,0,0,0,0
2015,54,0,null,0E-17,95,2,69.5999999999999940,0,97,null,97,0.1000000000000000,23819.4635999999990000,431874.0000000000,0.8000000000000000,0.8000000000000000,0.85299999999999998,14.6000000000000000,81.700000000000000,0,0,0,0,0,0,0,0,0,0,0,0,0,0,0,0,0,0,0,0,0,0,0,0,0,0,0,0,0,0,0,0,0,1,0,0,0,0,0,0
2011,59,0,6.910000000000000000,3601.28745699999990000,82,3,68.0000000000000000,0,96,9.6000000000000000,96,0.1000000000000000,22821.8470000000020000,416268.0000000000,0.8000000000000000,0.7000000000000000,0.82599999999999996,14.8000000000000000,87.000000000000000,0,0,0,0,0,0,0,0,0,0,0,0,0,0,0,0,0,0,0,0,0,0,0,0,1,0,0,0,0,0,0,0,0,1,0,0,0,0,0,0
2013,28,8,0.010000000000000000,8.88028118000000080,8,62,29.4000000000000000,12,8,3.6300000000000000,8,1.1000000000000001,145.5783800000000100,394617.0000000000,8.1000000000000000,7.9000000000000000,0.50100000000000000,8.1999999999999993,62.700000000000000,0,0,0,0,0,1,0,0,0,1,0,1,0,0,0,0,0,0,0,0,0,0,0,0,0,1,0,0,0,1,0,1,0,0,0,0,0,0,0,0
2015,122,30,null,0E-17,82,0,63.5000000000000000,35,87,null,87,0.1000000000000000,9143.1284940000005000,12589949.0000000000,1.5000000000000000,1.5000000000000000,0.75800000000000001,13.3000000000000000,76.700000000000000,0,0,0,0,0,0,0,0,0,0,0,0,0,0,0,0,0,0,0,0,0,0,0,0,0,0,0,0,0,0,0,0,0,0,0,0,0,0,0,0
2005,126,42,4.930000000000000000,998.34980489999998000,98,6,56.4000000000000000,49,98,6.4000000000000000,98,0.1000000000000000,7986.7984390000001000,18472228.0000000000,1.8000000000000000,1.7000000000000000,0.71899999999999997,12.2000000000000000,75.300000000000000,0,0,0,0,0,0,0,0,0,0,0,0,0,0,0,0,0,0,0,0,0,0,0,0,0,0,0,0,0,0,0,0,0,0,1,0,0,0,0,0
2002,127,49,4.769999999999999600,12.18597230000000000,97,0,54.1000000000000000,58,98,5.5200000000000000,97,0.1000000000000000,716.8219000000000300,1435568.0000000000,1.9000000000000000,1.8000000000000000,0.70299999999999996,11.6000000000000000,75.000000000000000,0,0,0,0,0,0,0,0,0,0,0,0,0,0,0,0,0,0,0,0,0,0,0,0,0,0,0,0,0,0,0,0,0,0,0,0,0,0,0,0
2012,99,19,0.550000000000000040,19.15853732000000100,99,668,55.5000000000000000,22,99,6.1500000000000000,99,0.1000000000000000,294.7467280000000200,33333789.0000000000,6.3000000000000000,6.2000000000000000,0.62300000000000000,11.6000000000000000,73.599999999999994,0,0,0,0,0,0,0,0,0,0,0,0,0,0,0,0,0,0,0,0,0,0,0,0,0,0,0,0,0,0,0,0,0,0,1,0,0,0,0,0
2009,116,20,0.620000000000000000,188.29028610000000000,98,834,52.7000000000000000,23,99,5.6700000000000000,99,0.1000000000000000,2861.5545000000002000,31989897.0000000000,6.4000000000000000,6.2000000000000000,0.59599999999999997,10.5000000000000000,72.300000000000000,0,0,0,0,0,0,0,0,0,0,0,0,0,0,0,0,0,0,0,0,0,0,0,0,0,0,0,0,0,0,0,0,0,0,1,0,0,0,0,0
2004,429,82,1.540000000000000000,46.58195631000000200,76,9396,18.1000000000000010,120,69,5.9100000000000000,83,15.9000000000000000,336.3318145000000100,231275.0000000000,3.9000000000000000,3.8000000000000000,0.33200000000000002,7.0000000000000000,54.000000000000000,0,0,0,0,0,0,0,0,0,0,0,0,0,0,0,0,0,0,0,0,0,0,1,0,0,0,1,0,1,0,0,0,1,0,0,0,0,0,0,0
2005,28,33,0.200000000000000000,4.25975253200000030,41,5023,13.9000000000000000,44,78,5.7200000000000000,75,0.2000000000000000,317.8919799999999900,2564287.0000000000,17.6000000000000010,18.2000000000000000,0.46899999999999997,9.4000000000000000,65.400000000000006,0,0,0,0,0,0,0,0,0,0,0,0,0,0,0,0,0,0,0,0,0,0,0,0,0,1,1,0,0,0,0,0,0,0,0,1,1,0,0,0
2011,63,1,8.960000000000000900,1047.37024400000000000,2,51,59.9000000000000000,1,97,1.5300000000000000,97,0.1000000000000000,5354.6535999999996000,1669374.0000000000,1.0000000000000000,0.9000000000000000,0.91100000000000003,17.2000000000000000,81.099999999999994,0,0,0,0,0,1,0,0,0,0,0,0,0,0,0,0,0,0,0,0,0,0,0,0,0,1,0,0,0,0,0,0,0,0,0,0,0,0,0,0
2008,68,1,9.619999999999999200,10873.40554000000000000,92,109,57.9000000000000000,1,97,9.5700000000000000,97,0.1000000000000000,56928.8248000000020000,16445593.0000000000,1.0000000000000000,0.9000000000000000,0.90500000000000003,16.8000000000000000,83.000000000000000,0,0,0,0,1,0,0,0,0,0,0,0,0,1,0,0,0,0,0,0,0,0,0,0,1,0,0,0,0,0,0,0,0,1,0,0,0,0,0,0
2010,154,3,3.380000000000000000,302.70454109999997000,98,0,5.2000000000000000,3,99,6.5800000000000000,98,0.1000000000000000,1526.4979380000000000,5737723.0000000000,1.9000000000000000,1.8000000000000000,0.61399999999999999,11.4000000000000000,73.200000000000000,0,0,0,0,0,0,0,0,0,0,0,0,0,0,0,0,0,0,0,0,0,0,0,0,0,0,0,0,0,0,0,0,0,0,0,0,0,0,0,0
2005,278,55,0.110000000000000000,3.75171544200000010,92,2183,15.4000000000000000,114,46,7.1500000000000000,45,1.6000000000000000,25.3837310000000010,13618449.0000000000,11.9000000000000000,11.8000000000000000,0.27800000000000002,3.5000000000000000,53.700000000000000,0,0,0,0,0,0,0,0,0,0,0,0,0,0,0,0,0,0,0,0,0,0,1,0,0,0,1,0,1,1,0,1,1,0,0,0,0,0,1,0
2015,344,483,null,0E-17,49,12423,25.4000000000000000,747,49,null,49,3.7000000000000000,2655.1579769999998000,181181744.0000000000,9.8000000000000007,9.6999999999999993,0.52500000000000002,10.0000000000000000,54.500000000000000,0,0,1,0,0,0,0,0,1,0,0,0,0,0,0,0,0,0,0,0,0,0,1,0,0,1,1,0,1,1,0,1,1,0,1,0,0,0,0,0
2000,85,0,5.670000000000000000,6191.21190800000020000,92,0,53.3000000000000000,0,91,8.2700000000000000,9,0.1000000000000000,38146.7153899999980000,449967.0000000000,0.8000000000000000,0.7000000000000000,0.91100000000000003,17.1000000000000010,78.500000000000000,0,0,0,0,0,0,0,0,0,0,0,1,0,0,0,0,0,0,0,0,0,0,0,0,1,0,0,0,0,0,0,1,0,1,0,0,0,0,0,0
2014,162,359,0.010000000000000000,62.29361091999999900,72,1370,24.7000000000000000,442,72,2.6100000000000000,72,0.1000000000000000,1316.9896600000000000,185546257.0000000000,19.3999999999999990,19.8000000000000000,0.54200000000000004,7.8000000000000000,66.200000000000000,0,0,0,0,0,0,0,0,0,0,0,0,0,0,0,1,1,0,0,0,0,0,1,0,0,0,1,0,1,0,0,0,0,0,1,1,1,0,0,0
2012,165,369,0.040000000000000000,59.65900139000000000,72,8046,23.2000000000000000,456,72,2.7600000000000000,72,0.1000000000000000,1261.2896699999999000,177911533.0000000000,19.8000000000000000,2.2000000000000002,0.52900000000000003,7.6000000000000000,65.700000000000000,0,0,0,0,0,0,0,0,0,0,0,0,0,0,0,1,0,0,0,0,0,0,1,0,0,0,1,0,1,0,0,0,0,0,1,1,0,0,0,0
2006,179,365,0.030000000000000000,40.36829998999999700,78,7641,19.5000000000000000,458,77,3.4000000000000000,78,0.1000000000000000,873.7727270000000300,15793993.0000000000,21.0000000000000000,21.5000000000000000,0.50100000000000000,6.5000000000000000,64.200000000000000,0,0,0,0,0,0,0,0,0,0,0,0,0,0,0,1,1,0,0,0,0,0,1,0,0,0,1,0,1,0,0,0,0,0,0,1,1,0,0,0
2005,2,364,0.040000000000000000,30.59320769000000000,7,2981,18.8999999999999990,459,78,2.9100000000000000,77,0.1000000000000000,711.4699462999999500,15399667.0000000000,21.2000000000000000,21.7000000000000000,0.48699999999999999,6.1000000000000000,62.900000000000000,0,0,0,0,0,1,0,0,0,0,0,0,0,0,0,1,1,0,0,0,0,0,1,0,0,1,1,0,1,0,0,0,0,0,0,1,1,0,0,0
2003,132,1,3.360000000000000000,70.54185252000000600,48,216,47.5000000000000000,2,74,8.4900000000000000,75,0.1000000000000000,928.1822700000000200,431.0000000000,2.9000000000000000,3.0000000000000000,0.68400000000000005,11.8000000000000000,72.700000000000000,0,0,0,0,0,0,0,0,0,0,0,0,0,0,0,0,0,0,0,0,0,0,0,0,0,1,0,0,0,0,0,0,0,0,0,0,0,0,0,0
2012,71,2,11.180000000000000000,839.91332000000000000,88,166,6.9000000000000000,3,94,1.9900000000000000,95,0.1000000000000000,4465.2489100000003000,8425823.0000000000,1.1000000000000001,1.1000000000000001,0.91600000000000004,16.8999999999999990,86.000000000000000,0,0,0,0,0,0,0,0,0,0,0,0,0,0,0,0,0,0,0,0,0,0,0,0,0,0,0,0,0,0,0,0,0,0,0,0,0,0,0,0
2000,95,3,12.910000000000000000,4238.54003500000000000,84,0,55.1000000000000000,4,94,1.1000000000000001,9,0.1000000000000000,23718.7467000000000000,8221158.0000000000,1.2000000000000000,1.2000000000000000,0.85499999999999998,16.2000000000000000,78.000000000000000,0,0,0,0,0,0,0,0,0,0,0,1,0,0,0,0,0,0,0,0,0,0,0,0,1,0,0,0,0,0,0,1,0,1,0,0,0,0,0,0
2015,142,0,null,0E-17,92,0,48.4000000000000000,0,99,null,92,0.1000000000000000,9212.1928239999997000,null,3.8000000000000000,3.8000000000000000,0.75100000000000000,15.8000000000000000,73.599999999999994,0,0,0,0,0,0,0,0,0,0,0,0,0,0,0,0,0,0,0,0,0,0,0,0,0,0,0,0,0,0,0,0,0,0,0,0,0,0,0,0
2003,338,34,0.180000000000000000,2.39524067000000020,92,2497,17.7000000000000000,55,61,3.4500000000000000,57,2.9000000000000000,37.1931780999999970,939848.0000000000,9.6999999999999993,9.6999999999999993,0.33800000000000002,5.9000000000000000,53.300000000000000,0,0,0,0,0,0,0,0,0,0,0,0,0,0,0,0,0,0,0,0,0,0,0,0,0,0,1,0,0,0,0,0,1,0,0,0,0,0,0,0
2015,275,4,null,0E-17,87,153,26.3000000000000000,6,87,null,87,3.2000000000000000,596.8717189000000200,177526.0000000000,7.1000000000000000,7.0000000000000000,0.42099999999999999,9.1999999999999993,58.900000000000000,0,0,0,0,0,0,0,0,0,0,0,0,0,0,0,0,0,0,0,0,0,0,0,0,0,0,0,0,0,0,0,0,1,0,0,0,0,0,0,0
2015,24,14,null,0E-17,6,0,49.9000000000000000,18,56,null,6,0.5000000000000000,814.5463952000000100,171161.0000000000,3.9000000000000000,3.9000000000000000,0.49000000000000000,9.1000000000000000,63.500000000000000,0,0,0,0,0,1,0,0,0,0,0,1,0,0,0,0,0,0,0,0,0,0,0,0,0,1,0,0,0,0,0,1,0,0,0,0,0,0,0,0
2011,259,15,5.680000000000000000,4.10648431699999960,92,0,45.3000000000000000,20,67,1.4100000000000000,68,1.5000000000000000,74.9358452000000030,114554.0000000000,4.0000000000000000,4.0000000000000000,0.47000000000000000,8.6999999999999993,62.300000000000000,0,0,0,0,0,0,0,0,0,0,0,0,0,0,0,0,0,0,0,0,0,0,0,0,0,0,0,0,0,0,0,0,0,0,0,0,0,0,0,0
2002,33,19,6.100000000000000000,50.28558223000000300,92,0,35.6000000000000000,26,54,5.4700000000000000,48,4.8000000000000000,393.1632700000000100,8834733.0000000000,4.5999999999999996,4.7000000000000000,0.44400000000000001,8.0000000000000000,59.300000000000000,0,0,0,0,0,0,0,0,0,0,0,0,0,0,0,0,0,0,0,0,0,0,0,0,0,0,0,0,0,0,0,1,1,0,0,0,0,0,0,0
2014,149,3,2.870000000000000000,345.37763439999998000,97,0,5.2000000000000000,4,97,8.7200000000000006,97,0.3000000000000000,2242.7119120000002000,889216.0000000000,2.1000000000000000,2.1000000000000000,0.61799999999999999,11.4000000000000000,74.500000000000000,0,0,0,0,0,0,0,0,0,0,0,0,0,0,0,0,0,0,0,0,0,0,0,0,0,0,0,0,0,0,0,0,0,0,0,0,0,0,0,0
2013,15,4,3.110000000000000000,311.75531930000000000,97,0,49.3000000000000000,4,97,9.1500000000000000,97,0.4000000000000000,2136.7739499999998000,8657785.0000000000,2.2000000000000002,2.1000000000000000,0.61399999999999999,11.6000000000000000,74.300000000000000,0,0,0,0,0,0,0,0,0,0,0,0,0,0,0,0,0,0,0,0,0,0,0,0,0,0,0,0,0,0,0,0,0,0,0,0,0,0,0,0
2000,193,1,12.220000000000000000,75.36251405999999500,92,1,56.1000000000000000,1,99,7.6000000000000000,99,0.1000000000000000,4623.4671200000003000,121971.0000000000,2.2999999999999998,2.2999999999999998,0.76100000000000001,13.9000000000000000,71.700000000000000,0,0,0,0,0,0,0,0,0,0,0,0,0,0,0,0,0,0,0,0,0,0,0,0,0,0,0,0,0,0,0,0,0,0,0,0,0,0,0,0
2014,49,0,7.450000000000000000,8254.02076300000040000,92,0,6.6000000000000000,0,9,8.8600000000000000,9,0.1000000000000000,52473.1135599999980000,327386.0000000000,1.0000000000000000,0.9000000000000000,0.91500000000000004,19.0000000000000000,82.500000000000000,0,0,0,0,1,0,0,0,0,1,0,1,0,1,0,0,0,0,0,0,0,0,0,0,1,0,0,0,0,1,0,1,0,1,0,0,0,0,0,0
2005,62,0,7.050000000000000000,10631.20379000000000000,92,0,56.9000000000000000,0,95,9.2100000000000009,95,0.1000000000000000,56249.7554999999990000,296734.0000000000,0.9000000000000000,0.9000000000000000,0.87900000000000000,17.8999999999999990,81.000000000000000,0,0,0,0,1,0,0,0,0,0,0,0,0,1,0,0,0,0,0,0,0,0,0,0,1,0,0,0,0,0,0,0,0,1,0,0,0,0,0,0
2002,7,0,6.610000000000000000,5948.09677699999970000,92,0,55.4000000000000000,0,95,9.8600000000000000,95,0.1000000000000000,31996.2171999999990000,287523.0000000000,1.0000000000000000,0.9000000000000000,0.85899999999999999,17.2000000000000000,84.000000000000000,0,0,0,0,0,0,0,0,0,0,0,0,0,0,0,0,0,0,0,0,0,0,0,0,1,0,0,0,0,0,0,0,0,1,0,0,0,0,0,0
2002,219,1700,1.100000000000000100,17.81205643999999900,92,40044,12.2000000000000000,2300,58,4.4000000000000004,59,0.3000000000000000,466.2842000000000000,18987112.0000000000,27.4000000000000000,28.4000000000000000,0.49900000000000000,8.4000000000000000,63.300000000000000,0,0,1,0,0,0,1,0,1,0,0,0,0,0,0,1,1,0,0,0,0,0,1,0,0,0,1,0,1,0,0,0,0,0,1,1,1,0,0,0
2013,83,20,0.010000000000000000,0E-17,99,189,57.2000000000000000,23,98,6.4900000000000000,98,0.1000000000000000,null,null,8.1999999999999993,8.3000000000000007,0.76900000000000002,15.0000000000000000,75.300000000000000,0,0,0,0,0,0,0,0,0,0,0,0,0,0,0,0,0,0,0,0,0,0,0,0,0,0,0,0,0,0,0,0,0,0,0,0,0,0,0,0
2001,89,0,14.270000000000000000,4264.57920300000020000,92,241,52.2000000000000000,0,84,6.6000000000000000,84,0.1000000000000000,28223.5552800000000000,3866243.0000000000,0.3000000000000000,0.3000000000000000,0.85699999999999998,16.3999999999999990,77.000000000000000,0,0,0,0,0,0,0,0,0,0,0,0,0,0,0,0,0,0,0,0,0,0,0,0,1,0,0,0,0,0,0,0,0,1,0,0,0,0,0,0
2005,161,1,3.590000000000000000,16.97511622000000000,99,0,46.3000000000000000,1,99,4.7000000000000000,99,1.9000000000000000,482.2476199999999800,2744673.0000000000,1.9000000000000000,1.7000000000000000,0.70599999999999996,12.4000000000000000,73.500000000000000,0,0,0,0,0,0,0,0,0,0,0,0,0,0,0,0,0,0,0,0,0,0,0,0,0,0,0,0,0,0,0,0,1,0,0,0,0,0,0,0
2001,171,1,3.890000000000000000,160.23824160000001000,92,0,42.5000000000000000,1,99,5.3400000000000000,99,2.2000000000000002,3394.8780000000002000,267711.0000000000,2.0000000000000000,1.8000000000000000,0.68000000000000000,10.9000000000000000,72.700000000000000,0,0,0,0,0,0,0,0,0,0,0,0,0,0,0,0,0,0,0,0,0,0,0,0,0,0,0,0,0,0,0,0,1,0,0,0,0,0,0,0
2005,69,3,7.990000000000000000,6799.66442300000020000,92,0,24.4000000000000000,4,95,8.1800000000000000,98,0.1000000000000000,37217.6487300000010000,127773.0000000000,1.7000000000000000,1.5000000000000000,0.87000000000000000,14.9000000000000000,82.000000000000000,0,0,0,0,1,0,0,0,0,0,0,0,0,0,0,0,0,0,0,0,0,0,0,0,1,0,0,0,0,0,0,0,0,1,0,0,0,0,0,0
2012,115,4,0.410000000000000000,67.70171064000000200,98,3,63.2000000000000000,4,98,8.0000000000000000,98,0.1000000000000000,387.7532110000000200,7992573.0000000000,3.9000000000000000,3.9000000000000000,0.73499999999999999,12.9000000000000000,73.700000000000000,0,0,0,0,0,0,0,0,0,0,0,0,0,0,0,0,0,0,0,0,0,0,0,0,0,0,0,0,0,0,0,0,0,0,0,0,0,0,0,0
2001,284,8,5.750000000000000000,12.60883976000000000,95,94,44.4000000000000000,10,95,3.4700000000000000,95,0.1000000000000000,149.9267510000000000,14858335.0000000000,2.6000000000000000,2.7000000000000000,0.68500000000000005,12.3000000000000000,64.400000000000006,0,0,0,0,0,0,0,0,0,0,0,0,0,0,0,0,0,0,0,0,0,0,0,0,0,0,0,0,0,0,0,0,0,0,0,0,0,0,0,0
2014,255,56,0.010000000000000000,170.96266240000000000,92,354,21.3000000000000000,79,93,5.7200000000000000,92,2.9000000000000000,1335.6458000000000000,462425.0000000000,7.8000000000000000,7.7000000000000000,0.54600000000000004,11.1000000000000000,62.900000000000000,0,0,0,0,0,0,0,0,0,0,0,0,0,0,0,0,0,0,0,0,0,0,1,0,0,0,0,0,1,0,0,0,1,0,0,0,0,0,0,0
2006,212,0,0.760000000000000000,18.19457875999999900,88,0,72.8000000000000000,0,86,1.9300000000000000,86,0.1000000000000000,1151.5556180000001000,9426.0000000000,0.2000000000000000,0.1000000000000000,0.57599999999999996,12.1000000000000000,65.000000000000000,0,0,0,0,0,0,0,0,0,0,0,0,0,0,0,0,0,0,0,0,0,0,0,0,0,0,0,0,0,0,0,0,0,0,0,0,0,0,0,0
2001,219,0,0.600000000000000000,59.97185848000000200,85,0,68.8000000000000000,0,88,9.0000000000000000,85,0.1000000000000000,734.9492460999999800,85858.0000000000,0.2000000000000000,0.2000000000000000,0E-17,10.4000000000000000,64.300000000000000,0,0,0,0,0,0,0,0,0,0,0,0,0,0,0,0,0,0,0,0,0,0,0,0,0,0,0,0,0,0,0,0,0,0,0,0,0,1,0,0
2000,225,4,2.130000000000000000,0E-17,44,16,35.6000000000000000,5,99,4.6800000000000000,99,0.1000000000000000,null,null,3.6000000000000000,3.6000000000000000,0.58599999999999997,11.4000000000000000,66.599999999999994,0,0,0,0,0,0,0,0,0,0,0,0,0,0,0,0,0,0,0,0,0,0,0,0,0,1,0,0,0,0,0,0,0,0,0,0,0,0,0,0
2007,234,11,5.000000000000000000,0E-17,5,1678,16.1000000000000010,15,46,4.1399999999999997,5,0.2000000000000000,null,null,9.6999999999999993,9.8000000000000007,0.50900000000000001,9.0000000000000000,62.100000000000000,0,0,0,0,0,1,0,0,0,0,0,1,0,0,0,0,0,0,0,0,0,0,0,0,0,1,1,0,0,1,0,1,0,0,0,0,0,0,0,0
2001,228,0,6.680000000000000000,332.27517089999998000,96,1,55.7000000000000000,0,97,6.1700000000000000,97,0.1000000000000000,3572.8512999999998000,233717.0000000000,2.8000000000000000,2.8000000000000000,0.72799999999999998,14.2000000000000000,69.900000000000006,0,0,0,0,0,0,0,0,0,0,0,0,0,0,0,0,0,0,0,0,0,0,0,0,0,0,0,0,0,0,0,0,0,0,0,0,0,0,0,0
2013,97,1,1.290000000000000000,14.55610463000000000,81,1761,64.9000000000000060,1,75,6.6300000000000000,81,0.1000000000000000,846.2851530000000400,527612.0000000000,4.8000000000000000,4.8000000000000000,0.76600000000000001,13.3000000000000000,74.900000000000006,0,0,0,0,0,0,0,0,0,0,0,0,0,0,0,0,0,0,0,0,0,0,0,0,0,0,1,0,0,0,0,0,0,0,0,0,0,0,0,0
2008,592,5,2.750000000000000000,91.85432774000000200,88,0,28.8000000000000000,6,86,8.8500000000000000,88,27.3000000000000000,934.4285630000000500,199993.0000000000,8.0000000000000000,7.8000000000000000,0.44700000000000001,10.7000000000000000,47.800000000000000,0,1,0,0,0,0,0,0,0,0,0,0,1,0,0,0,0,0,0,0,0,1,0,0,0,0,0,0,0,0,0,0,1,0,0,0,0,0,0,0
2009,277,10,3.750000000000000000,5.59217025500000010,64,6,24.0000000000000000,13,84,14.3900000000000000,81,2.1000000000000000,33.6674909999999980,3811528.0000000000,7.6000000000000000,7.4000000000000000,0.40000000000000000,9.6999999999999993,59.200000000000000,0,0,0,0,0,0,0,0,0,0,1,0,0,0,0,0,0,0,0,0,0,0,0,0,0,0,0,0,0,0,1,0,1,0,0,0,0,0,0,0
2008,281,10,3.880000000000000000,40.03344076999999900,64,1,23.4000000000000000,14,79,11.8300000000000000,75,2.4000000000000000,232.6173200000000100,3662993.0000000000,7.7000000000000000,7.6000000000000000,0.39400000000000002,9.8000000000000007,58.600000000000000,0,0,0,0,0,0,0,0,0,0,0,0,0,0,0,0,0,0,0,0,0,0,0,0,0,0,0,0,0,0,0,0,1,0,0,0,0,0,0,0
2000,39,14,4.460000000000000000,12.19709744000000000,92,5977,2.2000000000000002,20,56,5.9100000000000000,46,3.1000000000000000,183.4149990999999900,2884522.0000000000,9.1999999999999993,9.1999999999999993,0.33800000000000002,8.6999999999999993,51.900000000000000,0,0,0,0,0,0,0,0,0,0,0,0,0,0,0,0,0,0,0,0,0,0,0,0,0,0,1,0,0,0,0,1,1,0,0,0,0,0,0,0
2000,98,0,13.140000000000000000,8246.13043699999980000,77,0,54.0000000000000000,0,99,7.4800000000000000,99,0.1000000000000000,48735.9954900000010000,4363.0000000000,1.0000000000000000,1.0000000000000000,0.84799999999999998,13.5000000000000000,77.800000000000000,0,0,0,0,1,0,0,0,0,0,0,0,0,0,0,0,0,0,0,0,0,0,0,0,1,0,0,0,0,0,0,0,0,1,0,0,0,0,0,0
2012,235,30,0.870000000000000000,59.97914460999999900,7,2,19.0000000000000000,42,71,3.4600000000000000,7,0.4000000000000000,443.9610999999999900,22346573.0000000000,7.4000000000000000,7.3000000000000000,0.50600000000000001,10.1999999999999990,64.300000000000000,0,0,0,0,0,1,0,0,0,0,0,1,0,0,0,0,0,0,0,0,0,0,0,0,0,1,0,0,0,0,0,1,0,0,1,0,0,0,0,0
2012,42,31,0.010000000000000000,82.76865922000000400,96,11,18.3999999999999990,46,95,12.6000000000000000,96,8.3000000000000007,374.5188200000000100,169735.0000000000,6.6000000000000000,6.5000000000000000,0.45400000000000001,10.7000000000000000,55.300000000000000,0,0,0,0,0,0,0,0,0,0,0,0,0,0,0,0,0,0,0,0,0,0,0,0,0,0,0,0,0,0,1,0,1,0,0,0,0,0,0,0
2011,441,32,1.230000000000000000,13.77617463000000000,97,26,18.0000000000000000,50,97,11.6700000000000000,97,11.2000000000000000,512.1254510000000000,15627618.0000000000,6.7000000000000000,6.6000000000000000,0.44400000000000001,10.6000000000000000,54.100000000000000,0,0,0,0,0,0,0,0,0,0,0,0,0,0,0,0,0,0,0,0,0,0,0,0,0,0,0,0,0,0,0,0,1,0,0,0,0,0,0,0
2000,149,4,0.540000000000000000,23.37167227999999900,97,6187,26.0000000000000000,5,98,3.4000000000000000,98,0.1000000000000000,445.1747100000000000,2318568.0000000000,9.8000000000000007,9.6000000000000000,0.71499999999999997,11.6000000000000000,72.400000000000006,0,0,0,0,0,0,0,0,0,0,0,0,0,0,0,0,0,0,0,0,0,0,0,0,0,0,1,0,0,0,0,0,0,0,0,0,0,0,0,0
2004,16,0,1.600000000000000000,611.90935660000002000,97,37,17.3000000000000000,0,96,5.8900000000000000,96,0.1000000000000000,3853.3334799999998000,312.0000000000,14.5000000000000000,14.6000000000000000,0.61699999999999999,12.2000000000000000,73.400000000000006,0,0,0,0,0,0,0,0,0,0,0,0,0,0,0,0,0,0,0,0,0,0,0,0,0,0,0,0,0,0,0,0,0,0,0,0,0,0,0,0
2013,275,53,0.010000000000000000,36.86104318999999700,69,221,22.5000000000000000,86,7,6.5800000000000000,69,1.6000000000000000,777.6591389999999800,16477818.0000000000,8.1000000000000000,7.9000000000000000,0.42099999999999999,8.0000000000000000,57.300000000000000,0,0,0,0,0,0,0,0,0,1,0,0,0,0,0,0,0,0,0,0,0,0,1,0,0,0,0,0,1,1,0,0,1,0,0,0,0,0,0,0
2000,8,0,5.590000000000000000,134.35472530000001000,92,2,62.3000000000000000,0,94,6.8300000000000000,94,0.1000000000000000,1139.5651000000000000,3987.0000000000,0.8000000000000000,0.7000000000000000,0.77900000000000003,13.8000000000000000,77.500000000000000,0,0,0,0,0,0,0,0,0,0,0,0,0,0,0,0,0,0,0,0,0,0,0,0,0,0,0,0,0,0,0,0,0,0,0,0,0,0,0,0
2002,179,0,4.139999999999999700,369.63171050000000000,88,0,26.4000000000000000,0,88,4.2400000000000000,88,0.1000000000000000,3957.5129600000000000,124621.0000000000,7.9000000000000000,7.9000000000000000,0.68300000000000005,12.5000000000000000,71.500000000000000,0,0,0,0,0,0,0,0,0,0,0,0,0,0,0,0,0,0,0,0,0,0,0,0,0,0,0,0,0,0,0,0,0,0,0,0,0,0,0,0
2013,166,0,1.670000000000000000,0E-17,83,0,68.0999999999999940,0,81,13.3800000000000000,81,0.1000000000000000,null,null,0.2000000000000000,0.2000000000000000,0.64100000000000001,11.7000000000000000,69.200000000000000,0,0,0,0,0,0,0,0,0,0,0,0,0,0,0,0,0,0,0,0,0,0,0,0,0,0,0,0,0,0,1,0,0,0,0,0,0,0,0,0
2002,21,0,2.780000000000000000,0E-17,85,0,62.4000000000000000,0,84,8.1999999999999993,84,0.1000000000000000,null,null,0.2000000000000000,0.2000000000000000,0.60799999999999998,10.1999999999999990,66.200000000000000,0,0,0,0,0,0,0,0,0,0,0,0,0,0,0,0,0,0,0,0,0,0,0,0,0,0,0,0,0,0,0,0,0,0,0,0,0,0,0,0
2004,284,2,1.750000000000000000,73.24150482999999700,98,0,41.3000000000000000,2,99,5.9900000000000000,99,0.1000000000000000,797.8377431999999800,2496832.0000000000,2.2999999999999998,2.4000000000000000,0.62100000000000000,11.2000000000000000,64.000000000000000,0,0,0,0,0,0,0,0,0,0,0,0,0,0,0,0,0,0,0,0,0,0,0,0,0,0,0,0,0,0,0,0,0,0,0,0,0,0,0,0
2007,128,21,0.560000000000000050,157.64314450000001000,95,2248,5.8000000000000000,25,95,5.4800000000000000,95,0.1000000000000000,2494.3535520000000000,31225881.0000000000,6.4000000000000000,6.3000000000000000,0.58099999999999996,10.0000000000000000,71.400000000000006,0,0,0,0,0,0,0,0,0,0,0,0,0,0,0,0,0,0,0,0,0,0,0,0,0,0,1,0,0,0,0,0,0,0,1,0,0,0,0,0
2011,27,47,0.330000000000000000,21.23698847000000000,4,2046,2.5000000000000000,61,9,1.8700000000000000,84,0.5000000000000000,1186.4239370000000000,555331.0000000000,13.0000000000000000,13.3000000000000000,0.52600000000000002,9.1000000000000000,65.599999999999994,0,0,0,0,0,1,0,0,0,1,0,0,0,0,0,0,0,0,0,0,0,0,0,0,0,1,1,0,0,1,0,0,0,0,0,0,0,0,0,0
2006,22,61,0.280000000000000030,4.63277630400000010,75,760,17.0000000000000000,83,82,1.7800000000000000,82,0.6000000000000000,296.9728400000000200,48846474.0000000000,13.2000000000000000,13.5000000000000000,0.47399999999999998,8.0000000000000000,64.200000000000000,0,0,0,0,0,0,0,0,0,0,0,0,0,0,0,0,0,0,0,0,0,0,1,0,0,0,0,0,1,0,0,0,0,0,1,0,0,0,0,0
2015,248,2,null,0E-17,92,212,35.7000000000000030,3,92,null,92,2.1000000000000000,4737.6699600000002000,2425561.0000000000,8.1999999999999993,8.1000000000000000,0.63700000000000001,11.7000000000000000,65.800000000000000,0,0,0,0,0,0,0,0,0,0,0,0,0,0,0,0,0,0,0,0,0,0,0,0,0,0,0,0,0,0,0,0,1,0,0,0,0,0,0,0
2003,471,3,5.280000000000000000,294.65715519999998000,92,262,26.5000000000000000,4,82,6.5200000000000000,79,24.7000000000000000,2482.3686200000002000,1986535.0000000000,14.2000000000000000,14.3000000000000000,0.55400000000000005,11.7000000000000000,55.000000000000000,0,0,0,0,0,0,0,0,0,0,0,0,1,0,0,0,0,0,0,0,0,1,0,0,0,0,0,0,0,0,0,0,1,0,0,0,0,0,0,0
2015,165,17,null,0E-17,91,1599,19.1000000000000010,21,9,null,91,0.1000000000000000,743.7653489000000500,28656282.0000000000,15.7000000000000000,16.1000000000000010,0.55500000000000005,12.2000000000000000,69.200000000000000,0,0,0,0,0,0,0,0,0,1,0,0,0,0,0,0,0,0,0,0,0,0,0,0,0,0,1,0,0,1,0,0,0,0,1,1,1,0,0,0
2012,167,20,0.260000000000000000,80.58788375999999700,9,3362,17.3999999999999990,25,9,5.8900000000000000,9,0.2000000000000000,681.7925867999999800,27649925.0000000000,16.3000000000000000,16.7000000000000000,0.53800000000000003,12.3000000000000000,68.900000000000006,0,0,0,0,0,1,0,0,0,1,0,1,0,0,0,0,0,0,0,0,0,0,0,0,0,1,1,0,0,1,0,1,0,0,1,1,1,0,0,0
2003,8,1,9.560000000000000000,4472.61139999999980000,92,4,54.2000000000000000,1,98,8.4600000000000009,98,0.1000000000000000,35245.1647000000010000,1622532.0000000000,1.1000000000000001,1.0000000000000000,0.88100000000000001,16.5000000000000000,78.700000000000000,0,0,0,0,0,0,0,0,0,0,0,0,0,0,0,0,0,0,0,0,0,0,0,0,1,0,0,0,0,0,0,0,0,1,0,0,0,0,0,0
2014,67,0,9.070000000000000000,1040.27843600000010000,93,280,66.9000000000000060,0,93,11.3000000000000000,93,0.1000000000000000,4453.2467299999998000,null,0.4000000000000000,0.3000000000000000,0.91000000000000000,19.2000000000000000,81.500000000000000,0,0,0,0,0,0,0,0,0,0,0,0,0,0,0,0,0,0,0,0,0,0,0,0,0,0,0,0,0,0,0,0,0,0,0,0,0,0,0,0
2011,72,0,9.470000000000000600,8342.40576399999920000,95,597,65.3000000000000000,0,95,11.2400000000000000,95,0.1000000000000000,38426.5581000000020000,null,0.3000000000000000,0.3000000000000000,0.90100000000000002,19.7000000000000000,86.000000000000000,0,0,0,0,1,0,0,0,0,0,0,0,0,0,0,0,0,0,0,0,0,0,0,0,1,0,0,0,0,0,0,0,0,1,0,0,0,0,0,0
2009,73,0,9.240000000000000000,63.57705167000000300,93,198,64.3000000000000000,0,92,11.2100000000000000,92,0.1000000000000000,282.9419300000000100,null,0.3000000000000000,0.3000000000000000,0.89500000000000002,19.3000000000000000,85.000000000000000,0,0,0,0,0,0,0,0,0,0,0,0,0,0,0,0,0,0,0,0,0,0,0,0,0,0,0,0,0,0,0,0,0,0,0,0,0,0,0,0
2003,198,4,3.770000000000000000,2.54243690800000000,86,0,44.9000000000000000,5,86,6.1200000000000000,86,0.3000000000000000,115.5653140000000000,524879.0000000000,2.1000000000000000,2.0000000000000000,0.58299999999999996,11.0000000000000000,76.000000000000000,0,0,0,0,0,0,0,0,0,0,0,0,0,0,0,0,0,0,0,0,0,0,0,0,0,0,0,0,0,0,0,0,0,0,0,0,0,0,0,0
2013,227,49,0.010000000000000000,31.50243237000000100,67,1224,18.5000000000000000,89,56,5.9000000000000000,67,0.6000000000000000,416.1483799999999700,18426372.0000000000,1.0000000000000000,9.9000000000000000,0.34100000000000003,5.3000000000000000,69.000000000000000,0,0,0,0,0,0,0,0,0,0,0,0,0,0,0,0,0,0,0,0,0,0,0,0,0,0,1,0,1,0,0,0,0,0,1,0,0,0,0,0
2008,272,52,0.120000000000000000,40.37835666000000100,92,1317,16.5000000000000000,102,68,6.7600000000000000,67,1.3000000000000000,354.8185998000000200,15228525.0000000000,11.2000000000000000,11.0000000000000000,0.29799999999999999,4.0000000000000000,56.000000000000000,0,0,0,0,0,0,0,0,0,0,0,0,0,0,0,0,0,0,0,0,0,0,0,0,0,0,1,0,1,0,0,0,0,0,0,0,0,0,0,0
2003,41,567,9.750000000000000000,30.19550849000000200,92,141258,18.3000000000000000,918,42,4.5000000000000000,29,5.4000000000000000,512.6571900000000100,131972533.0000000000,13.5000000000000000,13.6000000000000000,0E-17,8.1000000000000000,48.100000000000000,0,0,1,0,0,0,1,0,1,0,0,0,0,0,0,0,0,0,0,0,0,0,1,0,0,0,1,0,1,1,0,1,1,0,1,0,0,1,0,0
2010,16,1,0.560000000000000050,129.22607510000000000,99,3,51.8000000000000000,1,99,2.7400000000000000,99,0.1000000000000000,1928.7473900000000000,null,6.9000000000000000,6.8000000000000000,0.79700000000000004,13.5000000000000000,75.599999999999994,0,0,0,0,0,0,0,0,0,0,0,0,0,0,0,0,0,0,0,0,0,0,0,0,0,0,0,0,0,0,0,0,0,0,0,0,0,0,0,0
2005,85,3,11.670000000000000000,6012.92583999999990000,9,778,57.6000000000000000,3,95,1.5200000000000000,96,0.1000000000000000,34696.6292000000030000,82469422.0000000000,1.1000000000000001,1.1000000000000001,0.88400000000000001,16.3999999999999990,79.200000000000000,0,0,0,0,0,1,0,0,0,0,0,0,0,0,0,0,0,0,0,0,0,0,0,0,1,1,0,0,0,0,0,0,0,1,1,0,0,0,0,0
2014,253,37,0.010000000000000000,97.67794571000000300,98,124,28.0000000000000000,54,93,3.5600000000000000,98,0.8000000000000000,1432.2279430000001000,26962563.0000000000,6.4000000000000000,6.3000000000000000,0.57599999999999996,11.7000000000000000,62.100000000000000,0,0,0,0,0,0,0,0,0,0,0,0,0,0,0,0,0,0,0,0,0,0,0,0,0,0,0,0,0,0,0,0,0,0,1,0,0,0,0,0
2012,257,39,0.010000000000000000,151.89942900000000000,92,1613,26.7000000000000000,56,91,4.7900000000000000,92,0.9000000000000000,1629.8222000000001000,2573349.0000000000,6.7000000000000000,6.6000000000000000,0.56299999999999994,11.2000000000000000,61.600000000000000,0,0,0,0,0,0,0,0,0,0,0,0,0,0,0,0,0,0,0,0,0,0,0,0,0,0,1,0,0,0,0,0,0,0,0,0,0,0,0,0
2002,337,35,0.210000000000000000,21.33781840000000000,92,2151,17.3000000000000000,56,56,3.7600000000000000,53,3.0000000000000000,322.8111710000000000,9137345.0000000000,9.9000000000000000,9.9000000000000000,0.32900000000000001,5.5000000000000000,52.900000000000000,0,0,0,0,0,0,0,0,0,0,0,0,0,0,0,0,0,0,0,0,0,0,0,0,0,0,1,0,0,0,0,0,1,0,0,0,0,0,0,0
2004,237,1,7.840000000000000000,1.77618104199999990,91,0,38.4000000000000000,1,91,5.7300000000000000,91,1.9000000000000000,145.5886099999999900,751652.0000000000,5.8000000000000000,5.6000000000000000,0.61299999999999999,11.2000000000000000,65.099999999999994,0,0,0,0,0,0,0,0,0,0,0,0,0,0,0,0,0,0,0,0,0,0,0,0,0,0,0,0,0,0,0,0,1,0,0,0,0,0,0,0
2005,29,17,5.570000000000000000,38.10904263999999800,92,0,38.5000000000000000,24,6,4.4100000000000000,6,3.9000000000000000,465.3118759999999800,926344.0000000000,4.4000000000000004,4.4000000000000004,0.45200000000000001,8.1999999999999993,65.000000000000000,0,0,0,0,0,0,0,0,0,1,0,1,0,0,0,0,0,0,0,0,0,0,0,0,0,0,0,0,0,1,0,1,1,0,0,0,0,0,0,0
2012,151,4,3.110000000000000000,363.57216440000002000,97,0,48.4000000000000000,4,97,9.7799999999999994,97,0.4000000000000000,2178.3832499999999000,855646.0000000000,2.2000000000000002,2.1000000000000000,0.61399999999999999,11.6000000000000000,74.099999999999994,0,0,0,0,0,0,0,0,0,0,0,0,0,0,0,0,0,0,0,0,0,0,0,0,0,0,0,0,0,0,0,0,0,0,0,0,0,0,0,0
2015,49,0,null,0E-17,92,0,61.0000000000000000,0,92,null,92,0.1000000000000000,5734.4435999999996000,33815.0000000000,1.0000000000000000,0.9000000000000000,0.91900000000000004,19.0000000000000000,82.700000000000000,0,0,0,0,0,0,0,0,0,0,0,0,0,0,0,0,0,0,0,0,0,0,0,0,0,0,0,0,0,0,0,0,0,0,0,0,0,0,0,0
2010,53,0,8.250000000000000000,6005.57576299999980000,92,0,58.9000000000000000,0,96,8.8600000000000000,96,0.1000000000000000,41676.4452699999970000,31841.0000000000,0.9000000000000000,0.9000000000000000,0.89400000000000002,18.3999999999999990,81.800000000000000,0,0,0,0,0,0,0,0,0,0,0,0,0,0,0,0,0,0,0,0,0,0,0,0,1,0,0,0,0,0,0,0,0,1,0,0,0,0,0,0
2001,72,0,6.370000000000000000,5048.27442599999990000,92,0,54.8000000000000000,0,92,9.1199999999999992,92,0.1000000000000000,28585.9254000000000000,284968.0000000000,1.0000000000000000,0.9000000000000000,0.85399999999999998,17.1000000000000010,80.000000000000000,0,0,0,0,0,0,0,0,0,0,0,0,0,0,0,0,0,0,0,0,0,0,0,0,1,0,0,0,0,0,0,0,0,1,0,0,0,0,0,0
2012,19,1100,3.100000000000000000,64.96964491000000000,73,18668,17.0000000000000000,1400,79,4.3899999999999997,82,0.2000000000000000,1446.9854100000000000,126365852.0000000000,26.9000000000000000,27.6000000000000000,0.59000000000000000,11.3000000000000000,67.300000000000000,0,0,1,0,0,0,0,0,1,0,0,0,0,0,0,1,1,0,0,0,0,0,1,0,0,0,1,0,1,0,0,0,0,0,1,1,1,0,0,0
2011,193,1100,3.000000000000000000,64.60590050000000400,44,33634,16.3999999999999990,1500,79,4.3300000000000000,82,0.2000000000000000,1461.6719570000000000,124723629.0000000000,26.9000000000000000,27.7000000000000000,0.57999999999999996,10.8000000000000000,66.800000000000000,0,0,1,0,0,0,0,0,1,0,0,0,0,0,0,1,1,0,0,0,0,0,1,0,0,1,1,0,1,0,0,0,0,0,1,1,1,0,0,0
2010,196,1200,2.770000000000000000,57.73359863999999700,38,31458,15.9000000000000000,1600,76,4.2800000000000000,79,0.2000000000000000,1345.7715300000000000,12398691.0000000000,27.0000000000000000,27.8000000000000000,0.56899999999999995,10.4000000000000000,66.400000000000006,0,0,1,0,0,0,0,0,1,0,0,0,0,0,0,1,1,0,0,0,0,0,1,0,0,1,1,0,1,0,0,0,0,0,0,1,1,0,0,0
2008,23,1300,1.930000000000000000,43.03043311999999800,29,44258,14.9000000000000000,1800,69,4.3400000000000000,7,0.3000000000000000,991.4846340000000300,119714696.0000000000,27.0000000000000000,27.9000000000000000,0.55600000000000005,10.1999999999999990,65.500000000000000,0,0,1,0,0,0,1,0,1,0,0,1,0,0,0,1,1,0,0,0,0,0,1,0,0,1,1,0,1,0,0,1,0,0,1,1,1,0,0,0
2013,181,124,0.090000000000000000,22.84783080000000100,85,8419,25.6000000000000000,148,86,2.9300000000000000,85,0.3000000000000000,362.6639809999999800,25232263.0000000000,1.5000000000000000,1.3000000000000000,0.67700000000000005,12.9000000000000000,68.700000000000000,0,0,0,0,0,0,0,0,0,0,0,0,0,0,0,0,0,0,0,0,0,0,1,0,0,0,1,0,1,0,0,0,0,0,1,0,0,0,0,0
2007,19,154,0.060000000000000000,102.63343500000001000,76,19456,2.5000000000000000,188,77,3.1000000000000000,73,0.2000000000000000,1855.9391499999999000,232989141.0000000000,1.8000000000000000,1.7000000000000000,0.63800000000000001,11.0000000000000000,67.500000000000000,0,0,0,0,0,0,0,0,0,0,0,0,0,0,1,0,0,0,0,0,0,0,1,0,0,0,1,0,1,0,0,0,0,0,1,0,0,0,0,0
2000,188,187,0.060000000000000000,3.43334363999999990,65,3344,15.4000000000000000,237,72,1.9800000000000000,75,0.1000000000000000,78.9274400000000040,21154429.0000000000,11.0000000000000000,11.2000000000000000,0.59699999999999998,10.7000000000000000,66.300000000000000,0,0,0,0,0,0,0,0,0,0,0,0,0,0,0,0,0,0,0,0,0,0,1,0,0,0,1,0,1,0,0,0,0,0,1,0,0,0,0,0
2009,122,23,0.030000000000000000,0E-17,99,262,52.5000000000000000,27,99,7.6300000000000000,99,0.1000000000000000,null,null,7.7000000000000000,7.9000000000000000,0.72799999999999998,12.8000000000000000,73.300000000000000,0,0,0,0,0,0,0,0,0,0,0,0,0,0,0,0,0,0,0,0,0,0,0,0,0,0,0,0,0,0,0,0,0,0,0,0,0,0,0,0
2009,148,32,0.200000000000000000,185.63669830000001000,75,30328,55.2000000000000000,39,78,4.6500000000000004,78,0.1000000000000000,3735.1448359999999000,29894652.0000000000,5.4000000000000000,5.0999999999999996,0.64300000000000002,10.3000000000000000,74.000000000000000,0,0,0,0,0,0,0,0,0,0,0,0,0,0,0,0,0,0,0,0,0,0,0,0,0,0,1,0,0,0,0,0,0,0,1,0,0,0,0,0
2002,88,0,14.170000000000000000,5092.38381399999980000,92,243,52.9000000000000000,0,83,6.8500000000000000,83,0.1000000000000000,32539.1937000000000000,3931947.0000000000,0.3000000000000000,0.3000000000000000,0.86199999999999999,16.5000000000000000,77.400000000000006,0,0,0,0,0,0,0,0,0,0,0,0,0,0,0,0,0,0,0,0,0,0,0,0,1,0,0,0,0,0,0,0,0,1,0,0,0,0,0,0
2009,61,2,7.250000000000000000,5243.31663800000020000,96,351,6.5000000000000000,2,96,9.4100000000000000,96,0.1000000000000000,36976.8451199999980000,5995365.0000000000,0.5000000000000000,0.5000000000000000,0.86799999999999999,16.3000000000000000,81.599999999999994,0,0,0,0,0,0,0,0,0,0,0,0,0,0,0,0,0,0,0,0,0,0,0,0,1,0,0,0,0,0,0,0,0,1,0,0,0,0,0,0
2000,77,3,9.779999999999999400,31.50582204000000200,94,1457,55.0000000000000000,3,97,7.9100000000000000,87,0.1000000000000000,251.2426000000000100,5694218.0000000000,0.5000000000000000,0.5000000000000000,0.82299999999999995,14.8000000000000000,79.400000000000006,0,0,0,0,0,0,0,0,0,0,0,0,0,0,0,0,0,0,0,0,0,0,0,0,0,0,1,0,0,0,0,0,0,0,0,0,0,0,0,0
2014,133,1,3.830000000000000000,427.30545339999998000,92,0,53.5000000000000000,1,93,5.3600000000000000,92,0.5000000000000000,4855.7437890000001000,286287.0000000000,1.8000000000000000,1.7000000000000000,0.72699999999999998,12.8000000000000000,75.800000000000000,0,0,0,0,0,0,0,0,0,0,0,0,0,0,0,0,0,0,0,0,0,0,0,0,0,0,0,0,0,0,0,0,0,0,0,0,0,0,0,0
2011,139,1,3.580000000000000000,33.17529686000000300,92,1,51.2000000000000000,1,93,5.2100000000000000,92,0.6000000000000000,513.5494870000000000,2829493.0000000000,1.8000000000000000,1.7000000000000000,0.72199999999999998,12.8000000000000000,75.200000000000000,0,0,0,0,0,0,0,0,0,0,0,0,0,0,0,0,0,0,0,0,0,0,0,0,0,0,0,0,0,0,0,0,0,0,0,0,0,0,0,0
2004,165,1,3.670000000000000000,192.32263050000000000,98,0,45.4000000000000000,1,97,4.8000000000000000,98,2.2999999999999998,3719.9735099999998000,2728777.0000000000,1.9000000000000000,1.8000000000000000,0.68899999999999995,11.1000000000000000,73.300000000000000,0,0,0,0,0,0,0,0,0,0,0,0,0,0,0,0,0,0,0,0,0,0,0,0,0,0,0,0,0,0,0,0,1,0,0,0,0,0,0,0
2003,166,1,3.480000000000000000,155.58846770000000000,36,0,44.5000000000000000,1,99,4.5599999999999996,96,2.2999999999999998,3465.2219980000000000,2712511.0000000000,1.9000000000000000,1.8000000000000000,0.69399999999999995,11.9000000000000000,73.099999999999994,0,0,0,0,0,0,0,0,0,0,0,0,0,0,0,0,0,0,0,0,0,0,0,0,0,1,0,0,0,0,0,0,1,0,0,0,0,0,0,0
2014,113,4,0.410000000000000000,63.87845219999999800,98,20,64.8000000000000000,4,98,7.4500000000000000,98,0.1000000000000000,466.9477499999999800,88936.0000000000,3.9000000000000000,3.9000000000000000,0.73699999999999999,13.1000000000000000,74.000000000000000,0,0,0,0,0,0,0,0,0,0,0,0,0,0,0,0,0,0,0,0,0,0,0,0,0,0,0,0,0,0,0,0,0,0,0,0,0,0,0,0
2009,118,4,0.590000000000000000,668.74473339999997000,98,0,6.9000000000000000,4,98,9.5399999999999991,98,0.1000000000000000,3492.1396000000000000,6821116.0000000000,3.8000000000000000,3.8000000000000000,0.74199999999999999,13.6000000000000000,73.300000000000000,0,0,0,0,0,0,0,0,0,0,0,0,0,0,0,0,0,0,0,0,0,0,0,0,0,0,0,0,0,0,0,0,0,0,0,0,0,0,0,0
2011,224,7,6.630000000000000000,179.17013299999999000,99,127,49.9000000000000000,7,99,4.5999999999999996,99,0.1000000000000000,11634.4242200000010000,165566.0000000000,2.2999999999999998,2.5000000000000000,0.76600000000000001,14.4000000000000000,68.500000000000000,0,0,0,0,0,0,0,0,0,0,0,0,0,0,0,0,0,0,0,0,0,0,0,0,0,0,0,0,0,0,0,0,0,0,0,0,0,0,0,0
2012,24,0,0.010000000000000000,147.45497549999999000,94,0,76.2000000000000000,0,92,1.3700000000000000,94,0.1000000000000000,1763.8154970000001000,16613.0000000000,0.1000000000000000,0.1000000000000000,0.58099999999999996,11.9000000000000000,65.700000000000000,0,0,0,0,0,0,0,0,0,0,0,0,0,0,0,0,0,0,0,0,0,0,0,0,0,0,0,0,0,0,0,0,0,0,0,0,0,0,0,0
2015,194,8,null,0E-17,89,56,21.7000000000000000,11,89,null,89,0.2000000000000000,null,null,8.8000000000000007,8.9000000000000000,0.58199999999999996,10.8000000000000000,65.700000000000000,0,0,0,0,0,0,0,0,0,0,0,0,0,0,0,0,0,0,0,0,0,0,0,0,0,0,0,0,0,0,0,0,0,0,0,0,0,0,0,0
2002,219,0,7.440000000000000000,376.45701850000000000,98,0,56.0000000000000000,0,98,6.2900000000000000,97,0.1000000000000000,4132.3492699999997000,231173.0000000000,2.7000000000000000,2.7000000000000000,0.74600000000000000,14.8000000000000000,73.000000000000000,0,0,0,0,0,0,0,0,0,0,0,0,0,0,0,0,0,0,0,0,0,0,0,0,0,0,0,0,0,0,0,0,0,0,0,0,0,0,0,0
2010,94,1,1.580000000000000000,805.39563459999999000,81,12,63.5000000000000000,1,75,7.1900000000000000,81,0.1000000000000000,8763.8262739999991000,4337141.0000000000,4.7000000000000000,4.7000000000000000,0.75200000000000000,13.3000000000000000,74.900000000000006,0,0,0,0,0,0,0,0,0,0,0,0,0,0,0,0,0,0,0,0,0,0,0,0,0,0,0,0,0,0,0,0,0,0,0,0,0,0,0,0
2013,518,4,0.010000000000000000,153.34431470000001000,93,516,31.4000000000000000,6,9,11.7000000000000000,93,9.6000000000000000,1196.1334999999999000,2117361.0000000000,6.1000000000000000,5.9000000000000000,0.48399999999999999,11.1000000000000000,52.100000000000000,0,0,0,0,0,0,0,0,0,1,0,0,0,0,0,0,0,0,0,0,0,1,0,0,0,0,0,0,0,1,0,0,1,0,0,0,0,0,0,0
2015,259,8,null,0E-17,52,1060,27.3000000000000000,11,52,null,52,0.9000000000000000,452.3871700000000300,4499621.0000000000,6.5000000000000000,6.4000000000000000,0.42699999999999999,9.9000000000000000,61.400000000000000,0,0,0,0,0,0,0,0,0,0,0,0,0,0,0,0,0,0,0,0,0,0,0,0,0,1,1,0,0,0,0,0,0,0,0,0,0,0,0,0
2012,261,9,0.010000000000000000,48.09891473999999800,8,43,25.6000000000000000,12,8,1.1900000000000000,8,1.2000000000000000,415.3619580000000200,4181563.0000000000,7.0000000000000000,6.9000000000000000,0.41599999999999998,9.6000000000000000,67.000000000000000,0,0,0,0,0,1,0,0,0,1,0,1,0,0,0,0,0,0,0,0,0,0,0,0,0,1,0,0,0,1,0,1,0,0,0,0,0,0,0,0
2010,272,9,3.640000000000000000,41.91052416000000100,47,2200,24.5000000000000000,13,71,11.8700000000000000,7,1.8000000000000000,327.4259700000000100,3948125.0000000000,7.4000000000000000,7.2000000000000000,0.40300000000000002,9.6000000000000000,59.700000000000000,0,0,0,0,0,0,0,0,0,0,0,1,0,0,0,0,0,0,0,0,0,0,0,0,0,1,1,0,0,0,0,1,1,0,0,0,0,0,0,0
2014,65,0,11.120000000000000000,16255.16198000000100000,94,0,6.9000000000000000,0,99,6.9400000000000000,99,0.1000000000000000,119172.7418000000000000,556319.0000000000,1.0000000000000000,0.9000000000000000,0.89200000000000002,13.9000000000000000,81.700000000000000,0,0,0,0,1,0,0,0,0,0,0,0,0,1,0,0,0,0,0,0,0,0,0,0,1,0,0,0,0,0,0,0,0,1,0,0,0,0,0,0
2003,268,40,0.930000000000000000,37.12894786999999800,61,62233,15.0000000000000000,60,65,4.8099999999999996,66,0.7000000000000000,316.7998964999999900,17279141.0000000000,8.3000000000000007,8.3000000000000007,0.45700000000000002,8.5000000000000000,59.900000000000000,0,0,0,0,0,0,1,0,0,0,0,0,0,0,0,0,0,0,0,0,0,0,0,0,0,0,1,0,0,0,0,0,0,0,1,0,0,0,0,0
2007,559,37,1.180000000000000000,4.26951138100000000,87,143,16.6000000000000010,59,88,9.3100000000000000,87,19.3000000000000000,32.2227273999999970,1384969.0000000000,7.1000000000000000,7.0000000000000000,0.38700000000000001,9.6999999999999993,48.500000000000000,0,1,0,0,0,0,0,0,0,0,0,0,1,0,0,0,0,0,0,0,0,1,0,0,0,0,0,0,0,0,0,0,1,0,0,0,0,0,0,0
2008,132,3,0.470000000000000000,438.45192140000000000,97,334,33.4000000000000000,4,97,3.4700000000000000,97,0.1000000000000000,8513.6295410000002000,2711169.0000000000,8.5000000000000000,8.3000000000000007,0.74700000000000000,12.5000000000000000,73.800000000000000,0,0,0,0,0,0,0,0,0,0,0,0,0,0,0,0,0,0,0,0,0,0,0,0,0,0,0,0,0,0,0,0,0,0,0,0,0,0,0,0
2006,88,0,1.620000000000000000,659.84991179999997000,98,47,18.7000000000000000,0,98,7.3700000000000000,98,0.1000000000000000,4428.5228980000002000,333.0000000000,14.3000000000000000,14.5000000000000000,0.62200000000000000,12.0000000000000000,75.000000000000000,0,0,0,0,0,0,0,0,0,0,0,0,0,0,0,0,0,0,0,0,0,0,0,0,0,0,0,0,0,0,0,0,0,0,0,0,0,0,0,0
2009,63,0,7.380000000000000000,335.51805680000001000,86,1,67.0999999999999940,0,73,8.3300000000000000,73,0.1000000000000000,2675.5825900000000000,412477.0000000000,0.8000000000000000,0.7000000000000000,0.81499999999999995,14.4000000000000000,82.000000000000000,0,0,0,0,0,0,0,0,0,0,0,0,0,0,0,0,0,0,0,0,0,0,0,0,0,0,0,0,0,0,0,0,0,0,0,0,0,0,0,0
2002,75,0,5.730000000000000000,1552.74042899999990000,92,7,63.4000000000000000,0,95,7.8600000000000000,95,0.1000000000000000,11843.9392000000010000,395969.0000000000,0.7000000000000000,0.7000000000000000,0.78600000000000003,13.8000000000000000,78.200000000000000,0,0,0,0,0,0,0,0,0,0,0,0,0,0,0,0,0,0,0,0,0,0,0,0,1,0,0,0,0,0,0,0,0,0,0,0,0,0,0,0
2013,142,0,0.010000000000000000,871.87831730000005000,8,0,81.5999999999999940,0,79,17.2399999999999980,79,0.1000000000000000,3617.7523540000002000,null,0.1000000000000000,0.1000000000000000,null,0E-16,null,0,0,0,0,0,1,0,0,0,0,1,0,0,0,0,0,0,0,1,0,0,0,0,0,0,1,0,0,0,0,1,0,0,0,0,0,0,0,1,0
2014,148,0,0.010000000000000000,115.27842819999999000,97,0,32.7999999999999970,0,98,4.8099999999999996,97,0.1000000000000000,1153.9382200000000000,126934.0000000000,7.0000000000000000,6.9000000000000000,0.76900000000000002,14.7000000000000000,74.200000000000000,0,0,0,0,0,0,0,0,0,0,0,0,0,0,0,0,0,0,0,0,0,0,0,0,0,0,0,0,0,0,0,0,0,0,0,0,0,0,0,0
2009,166,0,2.830000000000000000,624.23618280000005000,99,15,3.2000000000000000,0,99,4.9700000000000000,99,0.1000000000000000,7318.1264099999999000,1247429.0000000000,7.3000000000000000,7.3000000000000000,0.73399999999999999,13.8000000000000000,72.800000000000000,0,0,0,0,0,0,0,0,0,0,0,0,0,0,0,0,0,0,0,0,0,0,0,0,0,0,0,0,0,0,0,0,0,0,0,0,0,0,0,0
2009,13,36,5.270000000000000000,881.73643270000002000,95,0,59.4000000000000000,42,95,6.6000000000000000,95,0.1000000000000000,7748.1233099999999000,11555228.0000000000,1.7000000000000000,1.6000000000000000,0.73799999999999999,12.5000000000000000,75.700000000000000,0,0,0,0,0,0,0,0,0,0,0,0,0,0,0,0,0,0,0,0,0,0,0,0,0,0,0,0,0,0,0,0,0,0,0,0,0,0,0,0
2003,127,46,4.880000000000000000,781.20628280000005000,98,44,54.9000000000000000,55,98,6.2000000000000000,98,0.1000000000000000,6751.9989869999999000,1564453.0000000000,1.9000000000000000,1.8000000000000000,0.70799999999999996,11.9000000000000000,75.000000000000000,0,0,0,0,0,0,0,0,0,0,0,0,0,0,0,0,0,0,0,0,0,0,0,0,0,0,0,0,0,0,0,0,0,0,0,0,0,0,0,0
2006,271,2,2.910000000000000000,122.12064850000000000,98,26,43.0000000000000000,2,98,4.6800000000000000,99,0.1000000000000000,1334.6518960000001000,255812.0000000000,2.2000000000000002,2.4000000000000000,0.64900000000000002,12.7000000000000000,65.000000000000000,0,0,0,0,0,0,0,0,0,0,0,0,0,0,0,0,0,0,0,0,0,0,0,0,0,0,0,0,0,0,0,0,0,0,0,0,0,0,0,0
2001,266,2,2.870000000000000000,61.84921903000000000,95,10677,39.1000000000000000,3,95,5.4500000000000000,95,0.1000000000000000,524.1459240000000400,2419776.0000000000,2.5000000000000000,2.6000000000000000,0.58799999999999997,9.4000000000000000,63.200000000000000,0,0,0,0,0,0,0,0,0,0,0,0,0,0,0,0,0,0,0,0,0,0,0,0,0,0,1,0,0,0,0,0,0,0,0,0,0,0,0,0
2002,15,25,0.460000000000000000,66.72933870999999300,92,6000,46.5000000000000000,29,94,5.3100000000000000,94,0.1000000000000000,1413.7571760000001000,29512368.0000000000,6.6000000000000000,6.5000000000000000,0.54000000000000000,8.8000000000000007,69.500000000000000,0,0,0,0,0,0,0,0,0,0,0,0,0,0,0,0,0,0,0,0,0,0,0,0,0,0,1,0,0,0,0,0,0,0,1,0,0,0,0,0
2000,16,27,0.450000000000000000,63.42140023999999700,43,7368,44.8000000000000000,32,95,4.1800000000000000,95,0.1000000000000000,1332.3823580000001000,28849621.0000000000,6.7000000000000000,6.6000000000000000,0.51900000000000002,8.0000000000000000,68.599999999999994,0,0,0,0,0,0,0,0,0,0,0,0,0,0,0,0,0,0,0,0,0,0,0,0,0,1,1,0,0,0,0,0,0,0,1,0,0,0,0,0
2014,21,40,0.010000000000000000,45.33788676999999700,88,122,22.9000000000000000,52,88,2.2799999999999998,88,0.3000000000000000,1262.8937820000001000,51924182.0000000000,12.9000000000000000,13.1000000000000000,0.54700000000000004,9.1000000000000000,66.400000000000006,0,0,0,0,0,0,0,0,0,0,0,0,0,0,0,0,0,0,0,0,0,0,0,0,0,0,0,0,0,0,0,0,0,0,1,0,0,0,0,0
2005,477,3,4.889999999999999700,457.72005220000000000,92,4,27.9000000000000000,4,86,7.3200000000000000,86,22.1000000000000000,3573.1463869999998000,232196.0000000000,13.1000000000000000,13.1000000000000000,0.56499999999999995,11.6000000000000000,55.100000000000000,0,0,0,0,0,0,0,0,0,0,0,0,1,0,0,0,0,0,0,0,0,1,0,0,0,0,0,0,0,0,0,0,1,0,0,0,0,0,0,0
2002,452,3,5.090000000000000000,203.73228929999999000,92,1278,25.8000000000000000,4,78,6.1700000000000000,77,24.6000000000000000,1713.4759400000000000,1962147.0000000000,14.7000000000000000,14.8000000000000000,0.55600000000000005,11.8000000000000000,55.700000000000000,0,0,0,0,0,0,0,0,0,0,0,0,1,0,0,0,0,0,0,0,0,1,0,0,0,0,1,0,0,0,0,0,1,0,0,0,0,0,0,0
2010,178,23,0.240000000000000000,84.62302524000000400,82,190,16.3999999999999990,30,83,6.4300000000000000,82,0.2000000000000000,592.1835215999999500,2723137.0000000000,16.7000000000000000,17.2000000000000000,0.51500000000000001,11.1000000000000000,68.000000000000000,0,0,0,0,0,0,0,0,0,0,0,0,0,0,0,0,0,0,0,0,0,0,0,0,0,0,0,0,0,0,0,0,0,0,0,1,1,0,0,0
2015,145,2,null,0E-17,98,0,54.0000000000000000,2,99,null,98,0.1000000000000000,295.9664880000000300,68235.0000000000,1.8000000000000000,1.7000000000000000,0.64200000000000002,11.7000000000000000,74.800000000000000,0,0,0,0,0,0,0,0,0,0,0,0,0,0,0,0,0,0,0,0,0,0,0,0,0,0,0,0,0,0,0,0,0,0,0,0,0,0,0,0
2000,284,58,0.100000000000000000,13.35783844000000000,92,21319,13.6000000000000000,128,41,6.1000000000000000,34,1.5000000000000000,158.4559720000000000,11352973.0000000000,12.8000000000000000,12.9000000000000000,0.25300000000000000,2.8000000000000000,50.000000000000000,0,0,0,0,0,0,0,0,0,0,0,0,0,0,0,0,0,0,0,0,0,0,1,0,0,0,1,0,1,1,0,1,0,0,0,0,0,0,1,0
2007,388,542,9.550000000000000700,104.47464440000000000,42,2613,2.4000000000000000,863,54,4.4700000000000000,42,5.2000000000000000,1136.8296450000000000,14641724.0000000000,12.3000000000000000,12.3000000000000000,0.47699999999999998,9.1000000000000000,55.000000000000000,0,0,1,0,0,0,0,0,1,0,0,0,0,0,0,0,0,0,0,0,0,0,1,0,0,1,1,0,1,0,0,1,1,0,0,0,0,0,0,0
2001,48,574,9.580000000000000000,15.83098500000000000,92,168107,17.3000000000000000,936,36,3.2500000000000000,27,5.0999999999999996,351.7996666000000200,125463434.0000000000,14.1000000000000000,14.1000000000000000,0E-17,8.0000000000000000,47.400000000000000,0,0,1,0,0,0,1,0,1,0,0,0,0,0,0,0,0,0,0,0,0,0,1,0,0,0,1,0,1,1,0,1,1,0,1,0,0,1,0,0
2003,78,0,6.040000000000000000,880.73806170000000000,92,8,55.3000000000000000,0,92,9.8500000000000000,92,0.1000000000000000,5111.6544500000000000,4564855.0000000000,0.8000000000000000,0.7000000000000000,0.91800000000000004,17.1000000000000010,79.400000000000006,0,0,0,0,0,0,0,0,0,0,0,0,0,0,0,0,0,0,0,0,0,0,0,0,0,0,0,0,0,0,0,0,0,0,0,0,0,0,0,0
2006,115,1,0.579999999999999960,78.51140999999999800,99,13,5.0999999999999996,1,98,2.3100000000000000,98,0.1000000000000000,1448.5500000000000000,null,7.0000000000000000,6.8000000000000000,0.74800000000000000,11.6000000000000000,74.700000000000000,0,0,0,0,0,0,0,0,0,0,0,0,0,0,0,0,0,0,0,0,0,0,0,0,0,0,0,0,0,0,0,0,0,0,0,0,0,0,0,0
2002,142,2,2.720000000000000000,60.55818290999999900,51,199,47.0000000000000000,2,89,8.7200000000000006,84,0.1000000000000000,779.3845935000000500,4357.0000000000,2.9000000000000000,3.0000000000000000,0.67700000000000005,11.8000000000000000,71.700000000000000,0,0,0,0,0,0,0,0,0,0,0,0,0,0,0,0,0,0,0,0,0,0,0,0,0,1,0,0,0,0,0,0,0,0,0,0,0,0,0,0
2001,121,2,2.760000000000000000,57.10318825000000200,61,35,46.5000000000000000,2,83,7.8200000000000000,87,0.1000000000000000,733.9741420000000300,43864.0000000000,3.0000000000000000,3.1000000000000000,0.67300000000000004,11.7000000000000000,73.000000000000000,0,0,0,0,0,0,0,0,0,0,0,0,0,0,0,0,0,0,0,0,0,0,0,0,0,0,0,0,0,0,0,0,0,0,0,0,0,0,0,0
2003,9,3,11.920000000000000000,582.61570280000001000,9,779,56.6000000000000000,4,96,1.6200000000000000,97,0.1000000000000000,3359.9521500000001000,82534176.0000000000,1.1000000000000001,1.1000000000000001,0.87200000000000000,16.3000000000000000,78.500000000000000,0,0,0,0,0,1,0,0,0,0,0,0,0,0,0,0,0,0,0,0,0,0,0,0,0,1,0,0,0,0,0,0,0,0,1,0,0,0,0,0
2000,38,43,1.600000000000000000,20.65432873000000000,92,23068,19.5000000000000000,65,88,3.0000000000000000,88,3.6000000000000000,263.1124679000000100,18938762.0000000000,9.1999999999999993,9.1999999999999993,0.48000000000000000,7.7000000000000000,57.200000000000000,0,0,0,0,0,0,0,0,0,0,0,0,0,0,0,0,0,0,0,0,0,0,0,0,0,0,1,0,0,0,0,0,1,0,1,0,0,0,0,0
2011,15,0,7.840000000000000000,11.56715633000000000,94,0,44.7000000000000000,0,95,6.3500000000000000,95,0.1000000000000000,741.4843799999999900,null,3.8000000000000000,3.8000000000000000,0.74099999999999999,15.8000000000000000,72.900000000000006,0,0,0,0,0,0,0,0,0,0,0,0,0,0,0,0,0,0,0,0,0,0,0,0,0,0,0,0,0,0,0,0,0,0,0,0,0,0,0,0
2012,189,11,2.020000000000000000,484.71878920000000000,96,0,48.6000000000000000,13,94,6.3300000000000000,96,0.4000000000000000,3299.6513900000000000,1527156.0000000000,1.2000000000000000,1.2000000000000000,0.61599999999999999,10.6000000000000000,71.300000000000000,0,0,0,0,0,0,0,0,0,0,0,0,0,0,0,0,0,0,0,0,0,0,0,0,0,0,0,0,0,0,0,0,0,0,0,0,0,0,0,0
2002,21,16,2.410000000000000000,25.25040917999999800,92,0,41.7000000000000000,20,82,6.7100000000000000,82,0.3000000000000000,171.7714910000000000,1228848.0000000000,1.5000000000000000,1.5000000000000000,0.55300000000000005,8.8000000000000007,69.300000000000000,0,0,0,0,0,0,0,0,0,0,0,0,0,0,0,0,0,0,0,0,0,0,0,0,0,0,0,0,0,0,0,0,0,0,0,0,0,0,0,0
2007,36,31,0.190000000000000000,1.39962673300000010,57,3,19.3999999999999990,48,46,3.8000000000000000,63,2.4000000000000000,49.4567750000000000,196727.0000000000,8.9000000000000000,8.8000000000000007,0.36399999999999999,7.6000000000000000,56.400000000000000,0,0,0,0,0,0,0,0,0,0,0,0,0,0,0,0,0,0,0,0,0,0,0,0,0,1,0,0,0,1,0,0,1,0,0,0,0,0,0,0
2010,287,4,3.210000000000000000,53.30782696000000000,83,26,23.1000000000000000,7,82,6.7000000000000000,83,5.9000000000000000,543.9574179999999600,155588.0000000000,8.0000000000000000,7.9000000000000000,0.40500000000000003,8.9000000000000000,56.700000000000000,0,0,0,0,0,0,0,0,0,0,0,0,0,0,0,0,0,0,0,0,0,0,0,0,0,0,0,0,0,0,0,0,1,0,0,0,0,0,0,0
2009,218,0,7.490000000000000000,466.66936980000003000,98,0,41.6000000000000000,1,97,7.3200000000000000,98,0.3000000000000000,2716.3525599999998000,745693.0000000000,5.6000000000000000,5.4000000000000000,0.61799999999999999,10.5000000000000000,66.099999999999994,0,0,0,0,0,0,0,0,0,0,0,0,0,0,0,0,0,0,0,0,0,0,0,0,0,0,0,0,0,0,0,0,0,0,0,0,0,0,0,0
2003,3,18,6.640000000000000000,44.25687134999999700,92,0,36.5000000000000000,25,56,5.3200000000000000,53,4.5999999999999996,329.7829459999999800,8976552.0000000000,4.5000000000000000,4.5999999999999996,0.44700000000000001,8.1000000000000000,59.700000000000000,0,0,0,0,0,0,0,0,0,0,0,0,0,0,0,0,0,0,0,0,0,0,0,0,0,0,0,0,0,0,0,0,1,0,0,0,0,0,0,0
2001,35,19,6.220000000000000000,60.77815867999999700,92,159,34.7999999999999970,27,52,5.6300000000000000,45,5.0000000000000000,413.7383163999999700,8692567.0000000000,4.7000000000000000,4.7000000000000000,0.44300000000000000,7.9000000000000000,58.900000000000000,0,0,0,0,0,0,0,0,0,0,0,0,0,0,0,0,0,0,0,0,0,0,0,0,0,0,0,0,0,0,0,1,1,0,0,0,0,0,0,0
2008,159,4,3.140000000000000000,231.91129150000000000,92,0,45.1000000000000000,5,93,8.4000000000000000,93,0.6000000000000000,1751.5958570000000000,7872658.0000000000,2.2999999999999998,2.2999999999999998,0.59699999999999998,11.1000000000000000,73.200000000000000,0,0,0,0,0,0,0,0,0,0,0,0,0,0,0,0,0,0,0,0,0,0,0,0,0,0,0,0,0,0,0,0,0,0,0,0,0,0,0,0
2001,185,1,13.180000000000000000,7.60109241600000020,92,20,56.6000000000000000,1,99,7.1100000000000000,99,0.1000000000000000,527.8536400000000400,1187576.0000000000,2.2000000000000002,2.2000000000000002,0.76900000000000002,14.2000000000000000,72.300000000000000,0,0,0,0,0,0,0,0,0,0,0,0,0,0,0,0,0,0,0,0,0,0,0,0,0,0,0,0,0,0,0,0,0,0,0,0,0,0,0,0
2004,214,1600,1.200000000000000000,27.33800857000000000,6,55443,13.0000000000000000,2100,58,4.2200000000000000,63,0.3000000000000000,621.3183767000000400,1126135777.0000000000,27.2000000000000000,28.2000000000000000,0.51800000000000002,9.1999999999999993,64.000000000000000,0,0,1,0,0,1,1,0,1,0,0,0,0,0,1,1,1,0,0,0,0,0,1,0,0,1,1,0,1,0,0,0,0,0,1,1,1,0,0,0
2010,187,138,0.080000000000000000,190.54536460000000000,83,18869,22.9000000000000000,167,82,2.7400000000000000,81,0.3000000000000000,3113.4863500000001000,242524123.0000000000,1.6000000000000000,1.5000000000000000,0.65600000000000003,12.1000000000000000,68.099999999999994,0,0,0,0,0,0,0,0,0,0,0,0,0,0,1,0,0,0,0,0,0,0,1,0,0,0,1,0,1,0,0,0,0,0,1,0,0,0,0,0
2008,135,24,0.020000000000000000,0E-17,99,127,51.4000000000000000,28,99,6.2800000000000000,99,0.1000000000000000,null,null,7.6000000000000000,7.8000000000000000,0.71599999999999997,12.1000000000000000,72.700000000000000,0,0,0,0,0,0,0,0,0,0,0,0,0,0,0,0,0,0,0,0,0,0,0,0,0,0,0,0,0,0,0,0,0,0,0,0,0,0,0,0
2007,138,25,0.020000000000000000,0E-17,97,133,5.4000000000000000,29,98,5.8400000000000000,99,0.1000000000000000,null,null,7.5000000000000000,7.8000000000000000,0.70399999999999996,11.8000000000000000,72.400000000000006,0,0,0,0,0,0,0,0,0,0,0,0,0,0,0,0,0,0,0,0,0,0,0,0,0,0,0,0,0,0,0,0,0,0,0,0,0,0,0,0
2003,154,29,0.010000000000000000,0E-17,98,11644,46.9000000000000000,35,99,5.4200000000000000,99,0.1000000000000000,null,null,7.5000000000000000,7.7000000000000000,0.67900000000000005,11.8000000000000000,75.000000000000000,0,0,0,0,0,0,0,0,0,0,0,0,0,0,0,0,0,0,0,0,0,0,0,0,0,0,1,0,0,0,0,0,0,0,0,0,0,0,0,0
2002,142,31,0.010000000000000000,0E-17,99,9554,46.2000000000000000,37,99,5.3900000000000000,99,0.1000000000000000,null,null,7.6000000000000000,7.7000000000000000,0.67400000000000004,11.9000000000000000,71.200000000000000,0,0,0,0,0,0,0,0,0,0,0,0,0,0,0,0,0,0,0,0,0,0,0,0,0,0,1,0,0,0,0,0,0,0,0,0,0,0,0,0
2014,199,32,0.010000000000000000,43.52408009999999900,62,1317,58.5000000000000000,39,67,5.5400000000000000,64,0.1000000000000000,673.7473700000000500,3568.0000000000,5.3000000000000000,5.0999999999999996,0.65800000000000003,10.1000000000000000,67.900000000000006,0,0,0,0,0,0,0,0,0,0,0,0,0,0,0,0,0,0,0,0,0,0,0,0,0,0,1,0,0,0,0,0,0,0,0,0,0,0,0,0
2000,144,30,0.200000000000000000,0E-17,67,726,49.5000000000000000,37,83,null,8,0.1000000000000000,null,23565413.0000000000,5.6000000000000000,5.4000000000000000,0.60299999999999998,8.6000000000000000,70.000000000000000,0,0,0,0,0,0,0,0,0,0,0,1,0,0,0,0,0,0,0,0,0,0,0,0,0,0,0,0,0,0,0,1,0,0,1,0,0,0,0,0
2010,68,0,11.880000000000000000,4509.23480300000030000,46,443,58.9000000000000000,0,94,8.7600000000000000,94,0.1000000000000000,48538.5877600000020000,456155.0000000000,0.3000000000000000,0.2000000000000000,0.90700000000000003,18.2000000000000000,86.000000000000000,0,0,0,0,0,0,0,0,0,0,0,0,0,0,0,0,0,0,0,0,0,0,0,0,1,1,0,0,0,0,0,0,0,1,0,0,0,0,0,0
2002,74,1,2.470000000000000200,1701.19578700000010000,98,2,59.2000000000000000,1,91,7.4900000000000000,9,0.1000000000000000,18431.1569600000000000,657.0000000000,1.1000000000000001,1.1000000000000001,0.85499999999999998,15.3000000000000000,79.300000000000000,0,0,0,0,0,0,0,0,0,0,0,1,0,0,0,0,0,0,0,0,0,0,0,0,1,0,0,0,0,0,0,1,0,1,0,0,0,0,0,0
2008,61,2,7.960000000000000000,66.37840495000000400,96,1617,59.9000000000000000,2,96,8.8900000000000000,96,0.1000000000000000,464.1846499999999800,58826731.0000000000,0.5000000000000000,0.5000000000000000,0.86599999999999999,16.3000000000000000,81.500000000000000,0,0,0,0,0,0,0,0,0,0,0,0,0,0,0,0,0,0,0,0,0,0,0,0,0,0,1,0,0,0,0,0,0,0,1,0,0,0,0,0
2005,294,8,6.940000000000000000,351.86032669999997000,94,16118,46.3000000000000000,9,99,4.7000000000000000,98,0.1000000000000000,3771.2789570000000000,1514729.0000000000,2.4000000000000000,2.5000000000000000,0.73699999999999999,13.9000000000000000,64.599999999999994,0,0,0,0,0,0,0,0,0,0,0,0,0,0,0,0,0,0,0,0,0,0,0,0,0,0,1,0,0,0,0,0,0,0,0,0,0,0,0,0
2005,412,70,1.820000000000000000,39.55677502000000300,76,153,16.3999999999999990,108,7,4.3600000000000003,76,11.6000000000000000,519.7999346000000300,3648288.0000000000,8.6000000000000000,8.5000000000000000,0.47399999999999998,9.6000000000000000,54.100000000000000,0,0,0,0,0,0,0,0,0,1,0,0,0,0,0,0,0,0,0,0,0,0,1,0,0,0,0,0,1,1,0,0,1,0,0,0,0,0,0,0
2014,2,0,0.010000000000000000,97.87193318999999300,75,0,77.0999999999999940,0,79,1.2100000000000000,75,0.1000000000000000,1684.5427400000001000,11458.0000000000,0.1000000000000000,0.1000000000000000,0.59699999999999998,11.9000000000000000,66.099999999999994,0,0,0,0,0,0,0,0,0,0,0,0,0,0,0,0,0,0,0,0,0,0,0,0,0,0,0,0,0,0,0,0,0,0,0,0,0,0,0,0
2007,211,0,0.680000000000000000,188.71087729999999000,96,0,73.4000000000000060,0,93,13.6600000000000000,94,0.1000000000000000,1357.6322110000001000,96311.0000000000,0.2000000000000000,0.1000000000000000,0.57399999999999995,11.8000000000000000,65.000000000000000,0,0,0,0,0,0,0,0,0,0,1,0,0,0,0,0,0,0,0,0,0,0,0,0,0,0,0,0,0,0,1,0,0,0,0,0,0,0,0,0
2011,85,1,0.020000000000000000,2785.09771199999980000,99,32,69.0000000000000000,1,99,2.6200000000000000,99,0.1000000000000000,48268.5912000000030000,null,3.3000000000000000,3.2000000000000000,0.79200000000000004,13.4000000000000000,74.200000000000000,0,0,0,0,0,0,0,0,0,0,0,0,0,0,0,0,0,0,0,0,0,0,0,0,1,0,0,0,0,0,0,0,0,1,0,0,0,0,0,0
2000,96,0,0.010000000000000000,959.92586200000005000,95,6,64.0000000000000000,1,94,2.5099999999999998,98,0.1000000000000000,18389.3843300000010000,null,3.2000000000000000,3.1000000000000000,0.78600000000000003,14.1000000000000000,73.200000000000000,0,0,0,0,0,0,0,0,0,0,0,0,0,0,0,0,0,0,0,0,0,0,0,0,0,0,0,0,0,0,0,0,0,1,0,0,0,0,0,0
2013,174,3,0.010000000000000000,0E-17,97,1,43.0000000000000000,4,97,6.6800000000000000,97,0.1000000000000000,null,null,3.3000000000000000,3.3000000000000000,0.64700000000000002,12.5000000000000000,77.000000000000000,0,0,0,0,0,0,0,0,0,0,0,0,0,0,0,0,0,0,0,0,0,0,0,0,0,0,0,0,0,0,0,0,0,0,0,0,0,0,0,0
2011,188,4,3.280000000000000000,0E-17,96,222,41.4000000000000000,4,94,6.1800000000000000,96,0.2000000000000000,null,null,3.2000000000000000,3.3000000000000000,0.63200000000000001,12.1000000000000000,69.400000000000006,0,0,0,0,0,0,0,0,0,0,0,0,0,0,0,0,0,0,0,0,0,0,0,0,0,0,0,0,0,0,0,0,0,0,0,0,0,0,0,0
2005,224,4,2.810000000000000000,0E-17,97,53,38.0000000000000000,4,98,5.8200000000000000,98,0.1000000000000000,null,null,3.4000000000000000,3.4000000000000000,0.61199999999999999,12.4000000000000000,66.900000000000006,0,0,0,0,0,0,0,0,0,0,0,0,0,0,0,0,0,0,0,0,0,0,0,0,0,0,0,0,0,0,0,0,0,0,0,0,0,0,0,0
2008,228,10,5.099999999999999600,0E-17,61,174,16.7000000000000000,14,6,2.7700000000000000,61,0.2000000000000000,null,null,9.6000000000000000,9.6999999999999993,0.51800000000000002,9.1999999999999993,62.600000000000000,0,0,0,0,0,0,0,0,0,1,0,0,0,0,0,0,0,0,0,0,0,0,0,0,0,0,0,0,0,1,0,0,0,0,0,0,0,0,0,0
2001,271,13,3.130000000000000000,0E-17,92,94,12.7000000000000000,19,55,4.3200000000000000,52,0.1000000000000000,null,null,1.4000000000000000,1.5000000000000000,0.46300000000000002,8.0000000000000000,58.700000000000000,0,0,0,0,0,0,0,0,0,0,0,0,0,0,0,0,0,0,0,0,0,0,0,0,0,0,0,0,0,0,0,0,0,0,0,0,0,0,0,0
2013,161,0,10.370000000000000000,150.31168840000001000,94,0,6.2000000000000000,0,94,5.6700000000000000,94,0.1000000000000000,1532.2292399999999000,212647.0000000000,2.2000000000000002,2.2000000000000002,0.81399999999999995,15.4000000000000000,74.099999999999994,0,0,0,0,0,0,0,0,0,0,0,0,0,0,0,0,0,0,0,0,0,0,0,0,0,0,0,0,0,0,0,0,0,0,0,0,0,0,0,0
2000,218,0,7.130000000000000000,291.01707649999997000,95,0,55.4000000000000000,0,96,6.0000000000000000,96,0.1000000000000000,3352.7312959999999000,236755.0000000000,2.8000000000000000,2.8000000000000000,0.71599999999999997,13.7000000000000000,71.000000000000000,0,0,0,0,0,0,0,0,0,0,0,0,0,0,0,0,0,0,0,0,0,0,0,0,0,0,0,0,0,0,0,0,0,0,0,0,0,0,0,0
2005,11,1,1.940000000000000000,630.05407230000003000,77,618,6.8000000000000000,1,74,8.4200000000000000,77,0.1000000000000000,5339.4412910000001000,3986852.0000000000,4.7000000000000000,4.5999999999999996,0E-17,13.7000000000000000,73.900000000000006,0,0,0,0,0,0,0,0,0,0,0,0,0,0,0,0,0,0,0,0,0,0,0,0,0,0,0,0,0,0,0,0,0,0,0,0,0,1,0,0
2013,258,9,0.010000000000000000,45.04892457999999800,76,0,26.1000000000000000,11,75,9.2500000000000000,76,1.1000000000000001,454.1222235999999800,4286291.0000000000,6.8000000000000000,6.7000000000000000,0.41899999999999998,9.8000000000000007,61.100000000000000,0,0,0,0,0,0,0,0,0,0,0,0,0,0,0,0,0,0,0,0,0,0,0,0,0,0,0,0,0,0,0,0,0,0,0,0,0,0,0,0
2005,138,2,0.010000000000000000,472.30470339999999000,97,292,56.0000000000000000,3,98,2.7100000000000000,98,0.1000000000000000,8171.3616510000002000,null,5.5000000000000000,5.4000000000000000,0.74800000000000000,15.7000000000000000,71.900000000000006,0,0,0,0,0,0,0,0,0,0,0,0,0,0,0,0,0,0,0,0,0,0,0,0,0,0,0,0,0,0,0,0,0,0,0,0,0,0,0,0
2013,68,0,11.020000000000000000,15515.75233999999900000,94,0,6.5000000000000000,0,99,7.1000000000000000,99,0.1000000000000000,113751.8500000000000000,54336.0000000000,0.9000000000000000,0.9000000000000000,0.89200000000000002,13.9000000000000000,81.400000000000006,0,0,0,0,1,0,0,0,0,0,0,0,0,1,0,0,0,0,0,0,0,0,0,0,1,0,0,0,0,0,0,0,0,1,0,0,0,0,0,0
2015,22,28,null,0E-17,69,3,2.5000000000000000,38,71,null,69,0.3000000000000000,41.8575950999999980,2423488.0000000000,7.1000000000000000,7.1000000000000000,0.51100000000000001,10.3000000000000000,65.500000000000000,0,0,0,0,0,0,0,0,0,0,0,0,0,0,0,0,0,0,0,0,0,0,0,0,0,0,0,0,0,0,0,0,0,0,0,0,0,0,0,0
2002,271,41,0.900000000000000000,47.52621380000000100,51,10795,14.7000000000000000,63,61,5.2900000000000000,62,0.7000000000000000,262.2859480999999800,16765117.0000000000,8.5000000000000000,8.4000000000000000,0.46200000000000002,8.3000000000000007,59.300000000000000,0,0,0,0,0,0,0,0,0,0,0,0,0,0,0,0,0,0,0,0,0,0,0,0,0,1,1,0,0,0,0,0,0,0,0,0,0,0,0,0
2012,65,0,0.010000000000000000,1259.94037600000000000,99,0,24.1000000000000000,0,99,9.1600000000000000,99,0.1000000000000000,6541.7465000000002000,385.0000000000,13.8000000000000000,13.9000000000000000,0.67500000000000004,12.1000000000000000,77.599999999999994,0,0,0,0,0,0,0,0,0,0,0,0,0,0,0,0,0,0,0,0,0,0,0,0,1,0,0,0,0,0,0,0,0,0,0,0,0,0,0,0
2004,69,0,6.530000000000000000,203.31574989999999000,85,4,64.5000000000000000,0,89,8.4600000000000009,89,0.1000000000000000,1519.5497000000000000,41268.0000000000,0.7000000000000000,0.7000000000000000,0.79700000000000004,14.2000000000000000,78.700000000000000,0,0,0,0,0,0,0,0,0,0,0,0,0,0,0,0,0,0,0,0,0,0,0,0,0,0,0,0,0,0,0,0,0,0,0,0,0,0,0,0
2000,23,7,0.030000000000000000,8.59457023200000060,92,0,21.1000000000000000,11,58,5.2600000000000000,51,1.1000000000000001,477.4761240000000300,279359.0000000000,1.9000000000000000,1.7000000000000000,0.44300000000000000,6.4000000000000000,60.000000000000000,0,0,0,0,0,0,0,0,0,0,0,0,0,0,0,0,0,0,0,0,0,0,0,0,0,0,0,0,0,0,0,0,0,0,0,0,0,0,0,0
2011,158,0,3.030000000000000000,918.80724499999997000,98,2,31.3000000000000000,0,98,5.2000000000000000,98,0.1000000000000000,9197.2697200000002000,125244.0000000000,7.1000000000000000,7.1000000000000000,0.74800000000000000,14.1000000000000000,73.599999999999994,0,0,0,0,0,0,0,0,0,0,0,0,0,0,0,0,0,0,0,0,0,0,0,0,0,0,0,0,0,0,0,0,0,0,0,0,0,0,0,0
2010,171,0,1.760000000000000000,0E-17,88,0,66.4000000000000060,0,85,13.8300000000000000,85,0.1000000000000000,null,null,0.2000000000000000,0.2000000000000000,0.63300000000000001,11.5000000000000000,68.700000000000000,0,0,0,0,0,0,0,0,0,0,1,0,0,0,0,0,0,0,0,0,0,0,0,0,0,0,0,0,0,0,1,0,0,0,0,0,0,0,0,0
2013,142,0,0.010000000000000000,0E-17,99,0,null,0,99,4.3000000000000000,99,0.1000000000000000,null,null,null,null,null,null,null,0,0,0,0,0,0,0,0,0,0,0,0,0,0,0,0,0,0,0,0,0,0,0,0,0,0,0,0,0,0,0,0,0,0,0,0,0,0,0,0
2015,222,1,null,0E-17,99,20359,52.7000000000000000,1,99,null,99,0.1000000000000000,3944.1839000000000000,2976877.0000000000,2.2000000000000002,2.2999999999999998,0.73299999999999998,14.8000000000000000,68.800000000000000,0,0,0,0,0,0,0,0,0,0,0,0,0,0,0,0,0,0,0,0,0,0,0,0,0,0,1,0,0,0,0,0,0,0,0,0,0,0,0,0
2003,271,2,1.310000000000000000,56.05686427999999900,98,18,4.5000000000000000,2,98,6.1800000000000000,98,0.1000000000000000,646.5612949999999700,2469286.0000000000,2.4000000000000000,2.5000000000000000,0.60899999999999999,10.5000000000000000,64.000000000000000,0,0,0,0,0,0,0,0,0,0,0,0,0,0,0,0,0,0,0,0,0,0,0,0,0,0,0,0,0,0,0,0,0,0,0,0,0,0,0,0
2006,434,78,1.200000000000000000,58.59644486999999900,75,183,18.8999999999999990,113,73,6.5100000000000000,78,16.3000000000000000,385.7567141000000100,21547463.0000000000,3.8000000000000000,3.7000000000000000,0.35299999999999998,7.9000000000000000,51.200000000000000,0,0,0,0,0,0,0,0,0,0,0,0,0,0,0,0,0,0,0,0,0,0,1,0,0,0,0,0,1,0,0,0,1,0,1,0,0,0,0,0
2013,232,3,0.010000000000000000,760.65505529999996000,89,1028,34.1000000000000000,3,89,8.5299999999999994,89,2.5000000000000000,5488.1317120000003000,231652.0000000000,9.0000000000000000,8.9000000000000000,0.62500000000000000,11.6000000000000000,66.099999999999994,0,0,0,0,0,0,0,0,0,0,0,0,0,0,0,0,0,0,0,0,0,0,0,0,0,0,1,0,0,0,0,0,1,0,0,0,0,0,0,0
2007,194,29,0.200000000000000000,52.22906505000000300,82,1415,14.9000000000000000,38,82,5.8400000000000000,82,0.2000000000000000,393.8843517999999900,26214847.0000000000,17.2000000000000000,17.8000000000000000,0.48599999999999999,10.0000000000000000,66.599999999999994,0,0,0,0,0,0,0,0,0,0,0,0,0,0,0,0,0,0,0,0,0,0,0,0,0,0,1,0,0,0,0,0,0,0,1,1,1,0,0,0
2001,23,43,0.090000000000000000,21.92813881000000000,92,10849,11.9000000000000000,58,73,5.3600000000000000,72,0.1000000000000000,248.6183538999999900,24161777.0000000000,18.3000000000000000,19.0000000000000000,0.44600000000000001,9.0000000000000000,63.200000000000000,0,0,0,0,0,0,0,0,0,0,0,0,0,0,0,1,1,0,0,0,0,0,0,0,0,0,1,0,0,0,0,0,0,0,1,1,1,0,0,0
2014,58,1,0.010000000000000000,1491.70360499999990000,92,140,61.6000000000000000,1,96,1.9000000000000000,96,0.1000000000000000,52157.4686999999980000,168658.0000000000,1.0000000000000000,0.9000000000000000,0.92300000000000004,18.1000000000000010,81.700000000000000,0,0,0,0,0,0,0,0,0,0,0,0,0,1,0,0,0,0,0,0,0,0,0,0,1,0,0,0,0,0,0,0,0,1,0,0,0,0,0,0
2002,81,1,9.680000000000000000,3455.19705299999990000,92,3,53.4000000000000000,1,97,8.3400000000000000,97,0.1000000000000000,28817.3232099999990000,16148929.0000000000,1.1000000000000001,1.0000000000000000,0.88200000000000001,16.8999999999999990,78.400000000000006,0,0,0,0,0,0,0,0,0,0,0,0,0,0,0,0,0,0,0,0,0,0,0,0,1,0,0,0,0,0,0,0,0,1,0,0,0,0,0,0
2005,4,556,9.710000000000000900,6.41625278700000030,18,110927,19.3000000000000000,893,45,4.1100000000000003,36,5.4000000000000000,87.8938737999999940,138939478.0000000000,12.9000000000000000,12.9000000000000000,0.46300000000000002,8.9000000000000000,49.200000000000000,0,0,1,0,0,0,1,0,1,0,0,0,0,0,0,0,0,0,0,0,0,0,1,0,0,1,1,0,1,1,0,1,1,0,1,0,0,0,0,0
2015,59,0,5.970000000000000000,0E-17,92,14,61.2000000000000000,0,95,null,95,0.1000000000000000,7455.2465400000001000,518867.0000000000,0.8000000000000000,0.7000000000000000,0.94799999999999995,17.7000000000000000,81.800000000000000,0,0,0,0,0,0,0,0,0,0,0,0,0,0,0,0,0,0,0,0,0,0,0,0,0,0,0,0,0,0,0,0,0,0,0,0,0,0,0,0
2010,66,0,6.590000000000000000,15268.06445000000000000,92,3,58.9000000000000000,0,93,9.2600000000000000,93,0.1000000000000000,87646.7534600000070000,4889252.0000000000,0.7000000000000000,0.7000000000000000,0.93600000000000005,17.3999999999999990,81.000000000000000,0,0,0,0,1,0,0,0,0,0,0,0,0,1,0,0,0,0,0,0,0,0,0,0,1,0,0,0,0,0,0,0,0,1,0,0,0,0,0,0
2009,18,1,0.560000000000000050,1040.62946200000010000,98,19,51.5000000000000000,1,96,2.8300000000000000,98,0.1000000000000000,16784.3461600000010000,null,6.9000000000000000,6.8000000000000000,0.78200000000000003,12.4000000000000000,75.400000000000006,0,0,0,0,0,0,0,0,0,0,0,0,0,0,0,0,0,0,0,0,0,0,0,0,0,0,0,0,0,0,0,0,0,1,0,0,0,0,0,0
2015,161,352,null,0E-17,72,386,25.4000000000000000,433,72,null,72,0.1000000000000000,1431.2448649999999000,18938513.0000000000,19.2000000000000000,19.6000000000000010,0.54800000000000004,8.1000000000000000,66.400000000000006,0,0,0,0,0,0,0,0,0,0,0,0,0,0,0,1,1,0,0,0,0,0,1,0,0,0,0,0,1,0,0,0,0,0,1,1,1,0,0,0
2013,71,2,10.940000000000000000,895.87795029999995000,88,1771,61.4000000000000000,3,94,11.1600000000000000,95,0.1000000000000000,4653.9114300000001000,864565.0000000000,1.1000000000000001,1.1000000000000001,0.91900000000000004,16.8999999999999990,86.000000000000000,0,0,0,0,0,0,0,0,0,0,0,0,0,0,0,0,0,0,0,0,0,0,0,0,0,0,1,0,0,0,0,0,0,0,0,0,0,0,0,0
2011,74,2,11.200000000000000000,869.79073500000004000,88,1607,6.4000000000000000,3,94,1.9300000000000000,95,0.1000000000000000,4681.3279599999996000,8274983.0000000000,1.1000000000000001,1.1000000000000001,0.91200000000000003,16.8000000000000000,85.000000000000000,0,0,0,0,0,0,0,0,0,0,0,0,0,0,0,0,0,0,0,0,0,0,0,0,0,0,1,0,0,0,0,0,0,0,0,0,0,0,0,0
2002,91,3,12.250000000000000000,437.10596629999998000,87,4657,56.1000000000000000,4,97,1.4000000000000000,93,0.1000000000000000,2525.1644500000002000,82488495.0000000000,1.2000000000000000,1.1000000000000001,0.86699999999999999,16.3000000000000000,78.400000000000006,0,0,0,0,0,0,0,0,0,0,0,0,0,0,0,0,0,0,0,0,0,0,0,0,0,0,1,0,0,0,0,0,0,0,1,0,0,0,0,0
2005,296,41,1.500000000000000000,78.71123824999999400,84,435,22.4000000000000000,62,85,4.5100000000000000,84,3.1000000000000000,498.1723940000000000,215429.0000000000,8.1000000000000000,8.1000000000000000,0.49900000000000000,8.1000000000000000,58.900000000000000,0,0,0,0,0,0,0,0,0,0,0,0,0,0,0,0,0,0,0,0,0,0,0,0,0,0,0,0,0,0,0,0,1,0,0,0,0,0,0,0
2010,76,0,9.000000000000000000,3189.75443899999980000,95,149,63.7000000000000000,0,99,9.1800000000000000,99,0.1000000000000000,26917.7589799999990000,11121341.0000000000,0.8000000000000000,0.7000000000000000,0.85899999999999999,16.3999999999999990,83.000000000000000,0,0,0,0,0,0,0,0,0,0,0,0,0,0,0,0,0,0,0,0,0,0,0,0,1,0,0,0,0,0,0,0,0,1,0,0,0,0,0,0
2000,84,1,8.480000000000000000,122.18235170000000000,89,56,57.4000000000000000,1,89,7.6000000000000000,89,0.1000000000000000,1242.9537300000000000,18588.0000000000,0.9000000000000000,0.8000000000000000,0.79400000000000004,13.9000000000000000,78.200000000000000,0,0,0,0,0,0,0,0,0,0,0,0,0,0,0,0,0,0,0,0,0,0,0,0,0,0,0,0,0,0,0,0,0,0,0,0,0,0,0,0
2010,154,0,7.910000000000000000,145.84019979999999000,97,0,43.9000000000000000,0,94,6.4100000000000000,97,0.1000000000000000,7365.6666590000004000,null,3.8000000000000000,3.8000000000000000,0E-17,15.8000000000000000,72.599999999999994,0,0,0,0,0,0,0,0,0,0,0,0,0,0,0,0,0,0,0,0,0,0,0,0,0,0,0,0,0,0,0,0,0,0,0,0,0,1,0,0
2006,167,0,9.060000000000000000,662.26636870000004000,91,0,41.1000000000000000,0,91,5.9900000000000000,91,0.1000000000000000,6764.7228670000004000,null,3.9000000000000000,3.9000000000000000,0E-17,15.1000000000000000,71.700000000000000,0,0,0,0,0,0,0,0,0,0,0,0,0,0,0,0,0,0,0,0,0,0,0,0,0,0,0,0,0,0,0,0,0,0,0,0,0,1,0,0
2004,187,0,8.430000000000000000,100.96587300000000000,83,0,39.9000000000000000,0,84,5.2400000000000000,83,0.1000000000000000,5836.1776300000001000,null,4.0000000000000000,4.0000000000000000,0E-17,14.8000000000000000,73.000000000000000,0,0,0,0,0,0,0,0,0,0,0,0,0,0,0,0,0,0,0,0,0,0,0,0,0,0,0,0,0,0,0,0,0,0,0,0,0,1,0,0
2000,221,17,2.630000000000000000,238.73698080000000000,92,0,4.4000000000000004,21,8,5.2500000000000000,81,0.2000000000000000,1655.5962609999999000,1165743.0000000000,1.6000000000000000,1.6000000000000000,0.53900000000000003,8.1999999999999993,67.700000000000000,0,0,0,0,0,0,0,0,0,1,0,0,0,0,0,0,0,0,0,0,0,0,0,0,0,0,0,0,0,1,0,0,0,0,0,0,0,0,0,0
2007,32,5,2.980000000000000000,31.06932595000000000,92,1,21.3000000000000000,7,76,6.1000000000000000,74,5.7000000000000000,481.6949760000000000,1445958.0000000000,8.6999999999999993,8.6000000000000000,0.39400000000000002,8.8000000000000007,55.000000000000000,0,0,0,0,0,0,0,0,0,0,0,0,0,0,0,0,0,0,0,0,0,0,0,0,0,0,0,0,0,0,0,0,1,0,0,0,0,0,0,0
2002,35,5,2.470000000000000200,24.65761755000000100,92,298,18.5000000000000000,8,61,5.8400000000000000,57,4.0999999999999996,321.4813239999999700,1293523.0000000000,9.8000000000000007,9.6999999999999993,0E-17,7.1000000000000000,52.800000000000000,0,0,0,0,0,0,0,0,0,0,0,0,0,0,0,0,0,0,0,0,0,0,0,0,0,0,0,0,0,0,0,0,1,0,0,0,0,1,0,0
2000,246,1,6.630000000000000000,16.75480887999999900,92,0,35.7000000000000030,1,79,5.8500000000000000,88,1.1000000000000001,946.5993720000000200,75331.0000000000,5.9000000000000000,5.8000000000000000,0.60199999999999998,10.9000000000000000,65.400000000000006,0,0,0,0,0,0,0,0,0,0,0,0,0,0,0,0,0,0,0,0,0,0,0,0,0,0,0,0,0,0,0,0,0,0,0,0,0,0,0,0
2013,253,14,5.680000000000000000,4.98971232199999990,68,0,47.7000000000000000,19,67,8.1000000000000000,68,0.5000000000000000,81.2656730000000070,1431776.0000000000,3.9000000000000000,3.9000000000000000,0.48299999999999998,9.1000000000000000,62.700000000000000,0,0,0,0,0,0,0,0,0,0,0,0,0,0,0,0,0,0,0,0,0,0,0,0,0,0,0,0,0,0,0,0,0,0,0,0,0,0,0,0
2012,259,15,5.680000000000000000,26.37942542000000000,92,0,46.5000000000000000,20,67,9.8800000000000008,67,0.8000000000000000,766.8437622999999800,128921.0000000000,3.9000000000000000,3.9000000000000000,0.47699999999999998,8.9000000000000000,62.300000000000000,0,0,0,0,0,0,0,0,0,0,0,0,0,0,0,0,0,0,0,0,0,0,0,0,0,0,0,0,0,0,0,0,0,0,0,0,0,0,0,0
2010,156,4,3.100000000000000000,302.10575069999999000,97,0,46.8000000000000000,5,97,8.4499999999999993,97,0.4000000000000000,1932.8582899999999000,8194778.0000000000,2.2999999999999998,2.2000000000000002,0.60599999999999998,11.5000000000000000,73.599999999999994,0,0,0,0,0,0,0,0,0,0,0,0,0,0,0,0,0,0,0,0,0,0,0,0,0,0,0,0,0,0,0,0,0,0,0,0,0,0,0,0
2015,134,0,null,0E-17,92,0,64.8000000000000000,0,99,null,99,0.1000000000000000,12365.6263000000000000,984328.0000000000,1.6000000000000000,1.6000000000000000,0.83399999999999996,15.6000000000000000,75.800000000000000,0,0,0,0,0,0,0,0,0,0,0,0,0,0,0,0,0,0,0,0,0,0,0,0,0,0,0,0,0,0,0,0,0,0,0,0,0,0,0,0
2007,59,0,7.530000000000000000,12042.97366000000000000,92,0,57.8000000000000000,0,97,8.7500000000000000,97,0.1000000000000000,68348.3181699999990000,311566.0000000000,0.9000000000000000,0.9000000000000000,0.88700000000000001,18.2000000000000000,81.300000000000000,0,0,0,0,1,0,0,0,0,0,0,0,0,1,0,0,0,0,0,0,0,0,0,0,1,0,0,0,0,0,0,0,0,1,0,0,0,0,0,0
2005,139,27,0.010000000000000000,0E-17,94,7,48.5000000000000000,32,95,6.6000000000000000,95,0.1000000000000000,null,null,7.4000000000000000,7.7000000000000000,0.68700000000000006,11.4000000000000000,72.000000000000000,0,0,0,0,0,0,0,0,0,0,0,0,0,0,0,0,0,0,0,0,0,0,0,0,0,0,0,0,0,0,0,0,0,0,0,0,0,0,0,0
2008,167,32,0.170000000000000000,192.15629980000000000,66,5494,54.5000000000000000,38,71,3.9300000000000000,69,0.1000000000000000,4521.3247000000001000,29111417.0000000000,5.4000000000000000,5.0999999999999996,0.63800000000000001,10.3000000000000000,69.300000000000000,0,0,0,0,0,0,0,0,0,0,0,0,0,0,0,0,0,0,0,0,0,0,0,0,0,0,1,0,0,0,0,0,0,0,1,0,0,0,0,0
2005,29,31,0.180000000000000000,59.18845152000000100,65,908,52.5000000000000000,37,69,4.1300000000000000,65,0.1000000000000000,1849.6391100000001000,278426.0000000000,5.4000000000000000,5.2000000000000000,0.62800000000000000,10.1000000000000000,66.800000000000000,0,0,0,0,0,0,0,0,0,0,0,0,0,0,0,0,0,0,0,0,0,0,0,0,0,0,1,0,0,0,0,0,0,0,0,0,0,0,0,0
2008,65,1,2.470000000000000200,471.55332940000000000,99,931,62.1000000000000000,1,94,7.3300000000000000,94,0.1000000000000000,29657.4421000000000000,7388.0000000000,1.1000000000000001,1.1000000000000001,0.87700000000000000,15.8000000000000000,81.000000000000000,0,0,0,0,0,0,0,0,0,0,0,0,0,0,0,0,0,0,0,0,0,0,0,0,0,0,1,0,0,0,0,0,0,1,0,0,0,0,0,0
2006,65,2,8.440000000000000000,473.19154509999998000,96,439,58.8000000000000000,2,97,8.8200000000000000,96,0.1000000000000000,3341.7482000000000000,58143979.0000000000,0.5000000000000000,0.5000000000000000,0.85599999999999998,16.0000000000000000,81.200000000000000,0,0,0,0,0,0,0,0,0,0,0,0,0,0,0,0,0,0,0,0,0,0,0,0,0,0,0,0,0,0,0,0,0,0,1,0,0,0,0,0
2013,136,1,3.790000000000000000,5.45728933400000040,93,0,52.7000000000000000,1,86,5.9100000000000000,93,0.6000000000000000,56.1449520000000040,285187.0000000000,1.8000000000000000,1.7000000000000000,0.72699999999999998,12.8000000000000000,75.599999999999994,0,0,0,0,0,0,0,0,0,0,0,0,0,0,0,0,0,0,0,0,0,0,0,0,0,0,0,0,0,0,0,0,0,0,0,0,0,0,0,0
2012,138,1,3.650000000000000000,37.17108781999999700,96,0,52.0000000000000000,1,96,5.6600000000000000,96,0.5000000000000000,521.3336299999999700,284992.0000000000,1.8000000000000000,1.7000000000000000,0.72499999999999998,12.8000000000000000,75.300000000000000,0,0,0,0,0,0,0,0,0,0,0,0,0,0,0,0,0,0,0,0,0,0,0,0,0,0,0,0,0,0,0,0,0,0,0,0,0,0,0,0
2002,167,1,3.760000000000000000,211.11433180000000000,92,0,43.5000000000000000,1,99,4.8600000000000003,99,2.2999999999999998,3596.4962820000001000,2695446.0000000000,2.0000000000000000,1.8000000000000000,0.69000000000000000,11.7000000000000000,73.000000000000000,0,0,0,0,0,0,0,0,0,0,0,0,0,0,0,0,0,0,0,0,0,0,0,0,0,0,0,0,0,0,0,0,1,0,0,0,0,0,0,0
2011,64,3,7.390000000000000000,9498.72906200000030000,92,434,27.4000000000000000,4,96,1.7000000000000000,97,0.1000000000000000,48167.9972700000000000,127833.0000000000,1.9000000000000000,1.6000000000000000,0.88400000000000001,15.1000000000000000,82.500000000000000,0,0,0,0,1,0,0,0,0,0,0,0,0,0,0,0,0,0,0,0,0,0,0,0,1,0,0,0,0,0,0,0,0,1,0,0,0,0,0,0
2013,114,4,0.400000000000000000,546.62351560000002000,98,120,64.0000000000000000,4,98,7.2300000000000000,98,0.1000000000000000,3992.8671700000000000,8413464.0000000000,3.9000000000000000,3.9000000000000000,0.73699999999999999,13.1000000000000000,73.900000000000006,0,0,0,0,0,0,0,0,0,0,0,0,0,0,0,0,0,0,0,0,0,0,0,0,0,0,0,0,0,0,0,0,0,0,0,0,0,0,0,0
2010,117,4,0.510000000000000000,715.97090920000005000,98,0,61.7000000000000000,4,98,8.4200000000000000,98,0.1000000000000000,3679.1927500000002000,718239.0000000000,3.8000000000000000,3.8000000000000000,0.73899999999999999,13.2000000000000000,73.400000000000006,0,0,0,0,0,0,0,0,0,0,0,0,0,0,0,0,0,0,0,0,0,0,0,0,0,0,0,0,0,0,0,0,0,0,0,0,0,0,0,0
2011,278,60,1.800000000000000000,109.70518360000000000,96,2395,19.5000000000000000,86,97,5.2300000000000000,96,3.4000000000000000,987.4453966999999500,42486839.0000000000,8.1000000000000000,7.9000000000000000,0.53000000000000000,11.1000000000000000,61.200000000000000,0,0,0,0,0,0,0,0,0,0,0,0,0,0,0,0,0,0,0,0,0,0,1,0,0,0,1,0,1,0,0,0,1,0,1,0,0,0,0,0
2009,317,62,1.860000000000000000,7.14685140400000040,88,1218,18.3999999999999990,91,89,4.1700000000000000,88,5.0000000000000000,92.8162520000000060,423724.0000000000,8.1999999999999993,8.1000000000000000,0.51400000000000001,10.7000000000000000,59.100000000000000,0,0,0,0,0,0,0,0,0,0,0,0,0,0,0,0,0,0,0,0,0,0,1,0,0,0,1,0,1,0,0,0,1,0,0,0,0,0,0,0
2015,198,0,null,0E-17,82,0,77.5999999999999940,0,8,null,78,0.1000000000000000,1424.4836110000001000,11247.0000000000,0.1000000000000000,0.1000000000000000,0.58599999999999997,11.9000000000000000,66.300000000000000,0,0,0,0,0,0,0,0,0,1,0,0,0,0,0,0,0,0,0,0,0,0,0,0,0,0,0,0,0,1,0,0,0,0,0,0,0,0,0,0
2003,215,0,0.500000000000000000,1.76541345000000010,73,0,7.6000000000000000,0,79,9.9800000000000000,7,0.1000000000000000,115.3865000000000000,88895.0000000000,0.2000000000000000,0.2000000000000000,0E-17,11.6000000000000000,64.700000000000000,0,0,0,0,0,0,0,0,0,0,0,1,0,0,0,0,0,0,0,0,0,0,0,0,0,0,0,0,0,0,0,1,0,0,0,0,0,1,0,0
2004,91,0,0.020000000000000000,1731.07352799999990000,94,23,65.9000000000000060,1,98,2.7600000000000000,98,0.1000000000000000,26921.8277999999990000,null,3.2000000000000000,3.0000000000000000,0.79100000000000004,14.4000000000000000,73.500000000000000,0,0,0,0,0,0,0,0,0,0,0,0,0,0,0,0,0,0,0,0,0,0,0,0,1,0,0,0,0,0,0,0,0,1,0,0,0,0,0,0
2014,17,3,0.010000000000000000,0E-17,96,318,43.9000000000000000,4,95,6.4800000000000000,96,0.1000000000000000,null,null,3.3000000000000000,3.4000000000000000,0.65600000000000003,12.8000000000000000,78.000000000000000,0,0,0,0,0,0,0,0,0,0,0,0,0,0,0,0,0,0,0,0,0,0,0,0,0,0,0,0,0,0,0,0,0,0,0,0,0,0,0,0
2014,199,8,0.010000000000000000,0E-17,88,339,2.9000000000000000,11,88,1.8700000000000000,88,0.2000000000000000,null,null,8.9000000000000000,9.0000000000000000,0.57299999999999995,10.6000000000000000,65.300000000000000,0,0,0,0,0,0,0,0,0,0,0,0,0,0,0,0,0,0,0,0,0,0,0,0,0,0,0,0,0,0,0,0,0,0,0,0,0,0,0,0
2004,252,12,3.530000000000000000,0E-17,45,1491,14.4000000000000000,16,46,4.5400000000000000,45,0.2000000000000000,null,null,1.1000000000000001,1.2000000000000000,0.48499999999999999,8.6000000000000000,64.000000000000000,0,0,0,0,0,0,0,0,0,0,0,0,0,0,0,0,0,0,0,0,0,0,0,0,0,1,1,0,0,1,0,1,0,0,0,0,0,0,0,0
2001,11,1,2.190000000000000000,510.60351659999998000,8,8,58.6000000000000000,1,8,1.9000000000000000,8,0.1000000000000000,5253.1225990000003000,3359859.0000000000,4.9000000000000004,4.7000000000000000,0E-17,15.0000000000000000,73.000000000000000,0,0,0,0,0,1,0,0,0,1,0,1,0,0,0,0,0,0,0,0,0,0,0,0,0,1,0,0,0,1,0,1,0,0,0,0,0,1,0,0
2003,22,0,11.290000000000000000,80.99710054000000500,95,1,57.8000000000000000,0,91,6.4600000000000000,94,0.1000000000000000,555.5356689999999800,3415213.0000000000,3.2000000000000000,3.2000000000000000,0.78000000000000000,15.8000000000000000,71.599999999999994,0,0,0,0,0,0,0,0,0,0,0,0,0,0,0,0,0,0,0,0,0,0,0,0,0,0,0,0,0,0,0,0,0,0,0,0,0,0,0,0
2011,241,31,0.970000000000000000,78.79967195999999800,73,0,18.5000000000000000,43,73,4.2400000000000000,73,0.4000000000000000,454.9634639999999900,21743949.0000000000,7.5000000000000000,7.4000000000000000,0.50400000000000000,10.1999999999999990,63.800000000000000,0,0,0,0,0,0,0,0,0,0,0,0,0,0,0,0,0,0,0,0,0,0,0,0,0,0,0,0,0,0,0,0,0,0,1,0,0,0,0,0
2008,259,34,0.680000000000000000,6.44876261499999970,77,3,17.1000000000000010,49,77,4.5000000000000000,77,0.5000000000000000,47.7332540000000020,19996469.0000000000,7.8000000000000000,7.7000000000000000,0.49099999999999999,9.4000000000000000,62.300000000000000,0,0,0,0,0,0,0,0,0,0,0,0,0,0,0,0,0,0,0,0,0,0,0,0,0,0,0,0,0,0,0,0,0,0,1,0,0,0,0,0
2004,267,38,0.810000000000000000,23.72796328000000100,71,35558,15.4000000000000000,58,74,4.8899999999999997,78,0.6000000000000000,245.1235876000000100,1782997.0000000000,8.1999999999999993,8.1000000000000000,0.46600000000000003,8.6999999999999993,64.000000000000000,0,0,0,0,0,0,0,0,0,0,0,0,0,0,0,0,0,0,0,0,0,0,0,0,0,0,1,0,0,0,0,0,0,0,0,0,0,0,0,0
2008,278,55,0.569999999999999950,102.14137440000000000,74,98,19.6000000000000010,94,74,6.7400000000000000,74,1.6000000000000000,689.6784228000000200,14138216.0000000000,9.1999999999999993,9.0000000000000000,0.36000000000000000,5.8000000000000000,55.500000000000000,0,0,0,0,0,0,0,0,0,0,0,0,0,0,0,0,0,0,0,0,0,0,1,0,0,0,0,0,1,0,0,0,1,0,0,0,0,0,0,0
2012,58,0,7.670000000000000000,343.12339500000002000,93,0,68.4000000000000060,0,99,9.9499999999999993,99,0.1000000000000000,2193.8836000000001000,419455.0000000000,0.8000000000000000,0.7000000000000000,0.82099999999999995,14.1000000000000000,81.000000000000000,0,0,0,0,0,0,0,0,0,0,0,0,0,0,0,0,0,0,0,0,0,0,0,0,0,0,0,0,0,0,0,0,0,0,0,0,0,0,0,0
2005,223,8,0.010000000000000000,55.12187071000000300,42,127,24.2000000000000000,12,71,4.2100000000000000,71,1.3000000000000000,697.7451988999999900,31372.0000000000,9.8000000000000007,9.6000000000000000,0.46100000000000002,7.2000000000000000,66.000000000000000,0,0,0,0,0,0,0,0,0,0,0,0,0,0,0,0,0,0,0,0,0,0,0,0,0,1,0,0,0,0,0,0,0,0,0,0,0,0,0,0
2006,165,0,3.730000000000000000,502.38449459999998000,97,3,28.6000000000000000,0,98,4.3800000000000000,97,0.1000000000000000,5695.9693269999998000,1233996.0000000000,7.6000000000000000,7.5000000000000000,0.71299999999999997,13.4000000000000000,71.800000000000000,0,0,0,0,0,0,0,0,0,0,0,0,0,0,0,0,0,0,0,0,0,0,0,0,0,0,0,0,0,0,0,0,0,0,0,0,0,0,0,0
2004,168,0,4.160000000000000000,509.38999430000001000,98,28,27.5000000000000000,0,98,4.2900000000000000,98,0.1000000000000000,5229.8767379999999000,12213.0000000000,7.8000000000000000,7.7000000000000000,0.69599999999999995,12.8000000000000000,71.900000000000006,0,0,0,0,0,0,0,0,0,0,0,0,0,0,0,0,0,0,0,0,0,0,0,0,0,0,0,0,0,0,0,0,0,0,0,0,0,0,0,0
2010,127,35,5.210000000000000000,1033.03973700000010000,93,0,6.1000000000000000,40,95,6.3900000000000000,95,0.1000000000000000,8959.5814160000009000,117318941.0000000000,1.6000000000000000,1.6000000000000000,0.73899999999999999,12.5000000000000000,75.599999999999994,0,0,0,0,0,0,0,0,0,0,0,0,0,0,0,0,0,0,0,0,0,0,0,0,0,0,0,0,0,0,0,0,0,0,1,0,0,0,0,0
2007,123,38,5.350000000000000000,105.74761310000000000,98,0,57.9000000000000000,45,98,5.9200000000000000,98,0.1000000000000000,933.3416869999999800,111836346.0000000000,1.7000000000000000,1.7000000000000000,0.73099999999999998,12.3000000000000000,76.000000000000000,0,0,0,0,0,0,0,0,0,0,0,0,0,0,0,0,0,0,0,0,0,0,0,0,0,0,0,0,0,0,0,0,0,0,1,0,0,0,0,0
2014,164,0,1.580000000000000000,0E-17,81,140,68.7000000000000000,0,76,13.7100000000000000,77,0.1000000000000000,null,null,0.2000000000000000,0.2000000000000000,0.63900000000000001,11.7000000000000000,69.400000000000006,0,0,0,0,0,0,0,0,0,0,1,0,0,0,0,0,0,0,0,0,0,0,0,0,0,0,0,0,0,0,1,0,0,0,0,0,0,0,0,0
2009,172,0,2.060000000000000000,0E-17,89,0,65.8000000000000000,0,81,13.4400000000000000,91,0.1000000000000000,null,null,0.2000000000000000,0.2000000000000000,0.62900000000000000,11.4000000000000000,68.500000000000000,0,0,0,0,0,0,0,0,0,0,1,0,0,0,0,0,0,0,0,0,0,0,0,0,0,0,0,0,0,0,1,0,0,0,0,0,0,0,0,0
2004,179,0,2.020000000000000000,0E-17,8,0,63.2000000000000000,0,82,1.6400000000000000,78,0.1000000000000000,null,null,0.2000000000000000,0.2000000000000000,0.61599999999999999,10.5000000000000000,67.700000000000000,0,0,0,0,0,1,0,0,0,0,0,0,0,0,0,0,0,0,0,0,0,0,0,0,0,1,0,0,0,0,0,0,0,0,0,0,0,0,0,0
2010,25,1,5.800000000000000000,22.31624272000000200,96,7,46.9000000000000000,2,96,4.7000000000000000,96,0.1000000000000000,265.3536589999999900,271265.0000000000,2.2000000000000002,2.2999999999999998,0.69299999999999995,14.3000000000000000,66.300000000000000,0,0,0,0,0,0,0,0,0,0,0,0,0,0,0,0,0,0,0,0,0,0,0,0,0,0,0,0,0,0,0,0,0,0,0,0,0,0,0,0
2009,235,1,4.610000000000000300,134.16789320000001000,97,8,45.9000000000000000,2,96,5.2900000000000000,95,0.1000000000000000,1717.8987609999999000,2668289.0000000000,2.2000000000000002,2.2999999999999998,0.68600000000000005,13.8000000000000000,66.900000000000006,0,0,0,0,0,0,0,0,0,0,0,0,0,0,0,0,0,0,0,0,0,0,0,0,0,0,0,0,0,0,0,0,0,0,0,0,0,0,0,0
2010,115,0,6.560000000000000000,635.48493810000002000,9,5,59.1000000000000000,0,93,6.9000000000000000,94,0.1000000000000000,6682.2811579999998000,619428.0000000000,2.0000000000000000,2.0000000000000000,0.78700000000000003,15.0000000000000000,75.300000000000000,0,0,0,0,0,1,0,0,0,0,0,0,0,0,0,0,0,0,0,0,0,0,0,0,0,1,0,0,0,0,0,0,0,0,0,0,0,0,0,0
2008,45,72,1.480000000000000000,0.79691578500000004,75,4,19.7000000000000000,104,74,4.9100000000000000,75,12.6000000000000000,53.1277189999999990,22846758.0000000000,3.7000000000000000,3.7000000000000000,0.37200000000000000,8.8000000000000007,53.200000000000000,0,0,0,0,0,0,0,0,0,0,0,0,0,0,0,0,0,0,0,0,0,0,1,0,0,0,0,0,1,0,0,0,1,0,1,0,0,0,0,0
2008,296,59,0.300000000000000000,9.53048032000000060,85,333,18.3000000000000000,96,85,1.8700000000000000,85,0.6000000000000000,643.9513729999999900,49479752.0000000000,13.2000000000000000,13.4000000000000000,0.49299999999999999,8.1999999999999993,59.200000000000000,0,0,0,0,0,0,0,0,0,0,0,0,0,0,0,0,0,0,0,0,0,0,1,0,0,0,0,0,1,0,0,0,0,0,1,0,0,0,0,0
2005,224,64,0.280000000000000030,2.79384318799999990,62,314,16.3999999999999990,87,86,1.8300000000000000,73,0.5000000000000000,247.2427600000000000,48482614.0000000000,13.2000000000000000,13.6000000000000000,0.46500000000000002,7.9000000000000000,63.900000000000000,0,0,0,0,0,0,0,0,0,0,0,0,0,0,0,0,0,0,0,0,0,0,1,0,0,0,0,0,1,0,0,0,0,0,1,0,0,0,0,0
2012,232,3,0.010000000000000000,796.87342630000001000,84,86,33.2999999999999970,4,84,8.2400000000000000,84,3.7000000000000000,5749.4475199999997000,2263934.0000000000,9.5000000000000000,9.4000000000000000,0.61899999999999999,11.5000000000000000,65.800000000000000,0,0,0,0,0,0,0,0,0,0,0,0,0,0,0,0,0,0,0,0,0,0,0,0,0,0,0,0,0,0,0,0,1,0,0,0,0,0,0,0
2009,163,3,3.360000000000000000,292.75310100000002000,98,0,49.4000000000000000,3,99,6.8200000000000000,98,0.2000000000000000,1464.4977540000000000,5666581.0000000000,1.9000000000000000,1.8000000000000000,0.61299999999999999,11.3000000000000000,73.200000000000000,0,0,0,0,0,0,0,0,0,0,0,0,0,0,0,0,0,0,0,0,0,0,0,0,0,0,0,0,0,0,0,0,0,0,0,0,0,0,0,0
2005,194,3,3.700000000000000000,218.57161790000001000,86,0,46.4000000000000000,4,87,6.1100000000000000,86,0.3000000000000000,1175.1162250000000000,5379328.0000000000,2.0000000000000000,1.9000000000000000,0.59199999999999997,11.0000000000000000,71.200000000000000,0,0,0,0,0,0,0,0,0,0,0,0,0,0,0,0,0,0,0,0,0,0,0,0,0,0,0,0,0,0,0,0,0,0,0,0,0,0,0,0
2009,376,527,9.050000000000000700,14.56764680000000000,63,1272,21.6000000000000000,832,66,4.2400000000000000,63,4.9000000000000004,197.6614219999999900,15442181.0000000000,11.7000000000000000,11.6000000000000000,0.48699999999999999,9.3000000000000007,51.600000000000000,0,0,1,0,0,0,0,0,1,0,0,0,0,0,0,0,0,0,0,0,0,0,1,0,0,0,1,0,1,0,0,0,1,0,0,0,0,0,0,0
2013,142,0,0.010000000000000000,0E-17,99,0,77.3000000000000000,0,99,7.2000000000000000,99,0.1000000000000000,null,null,0.1000000000000000,0.1000000000000000,null,null,null,0,0,0,0,0,0,0,0,0,0,0,0,0,0,0,0,0,0,0,0,0,0,0,0,0,0,0,0,0,0,0,0,0,0,0,0,0,0,0,0
2014,61,0,6.060000000000000000,177.63828780000000000,92,3,6.8000000000000000,0,93,9.7200000000000006,93,0.1000000000000000,975.4985600000000000,5137232.0000000000,0.8000000000000000,0.7000000000000000,0.94499999999999995,17.7000000000000000,81.599999999999994,0,0,0,0,0,0,0,0,0,0,0,0,0,0,0,0,0,0,0,0,0,0,0,0,0,0,0,0,0,0,0,0,0,0,0,0,0,0,0,0
2009,67,0,6.680000000000000000,142.37494260000000000,92,2,58.5000000000000000,0,94,9.4900000000000000,94,0.1000000000000000,817.7768099999999500,4828726.0000000000,0.7000000000000000,0.7000000000000000,0.93600000000000005,17.3999999999999990,89.000000000000000,0,0,0,0,0,0,0,0,0,0,0,0,0,0,0,0,0,0,0,0,0,0,0,0,0,0,0,0,0,0,0,0,0,0,0,0,0,0,0,0
2007,113,1,0.569999999999999950,88.45038010999999800,99,24,5.6000000000000000,1,97,2.4300000000000002,99,0.1000000000000000,1585.1322600000001000,null,7.0000000000000000,6.8000000000000000,0.75300000000000000,11.5000000000000000,74.900000000000006,0,0,0,0,0,0,0,0,0,0,0,0,0,0,0,0,0,0,0,0,0,0,0,0,0,0,0,0,0,0,0,0,0,0,0,0,0,0,0,0
2014,125,1,6.130000000000000000,221.48287500000001000,91,3188,55.3000000000000000,1,91,7.4200000000000000,91,0.1000000000000000,4429.6575000000003000,3727.0000000000,2.7000000000000000,2.8000000000000000,0.75900000000000001,13.5000000000000000,74.500000000000000,0,0,0,0,0,0,0,0,0,0,0,0,0,0,0,0,0,0,0,0,0,0,0,0,0,0,1,0,0,0,0,0,0,0,0,0,0,0,0,0
2005,128,1,4.700000000000000000,9.44487541500000030,79,1356,48.6000000000000000,1,82,8.6000000000000000,82,0.1000000000000000,153.5752100000000000,419.0000000000,2.8000000000000000,2.9000000000000000,0.70299999999999996,12.2000000000000000,73.900000000000006,0,0,0,0,0,0,0,0,0,0,0,0,0,0,0,0,0,0,0,0,0,0,0,0,0,0,1,0,0,0,0,0,0,0,0,0,0,0,0,0
2008,8,2,11.360000000000000000,8285.26465500000090000,87,917,59.0000000000000000,3,95,1.3900000000000000,96,0.1000000000000000,45699.1983200000030000,821197.0000000000,1.1000000000000001,1.1000000000000001,0.90300000000000002,16.6000000000000010,79.900000000000006,0,0,0,0,1,0,0,0,0,0,0,0,0,0,0,0,0,0,0,0,0,0,0,0,1,0,1,0,0,0,0,0,0,1,0,0,0,0,0,0
2003,38,41,1.530000000000000000,31.09435342000000100,8,1939,21.2000000000000000,63,8,3.1200000000000000,8,3.4000000000000000,373.2815537000000200,2446782.0000000000,8.6000000000000000,8.5000000000000000,0.48899999999999999,7.9000000000000000,57.900000000000000,0,0,0,0,0,1,0,0,0,1,0,1,0,0,0,0,0,0,0,0,0,0,0,0,0,1,1,0,0,1,0,1,1,0,0,0,0,0,0,0
2003,81,0,9.460000000000000900,2124.92151700000020000,92,0,59.2000000000000000,1,93,8.6100000000000000,94,0.1000000000000000,18477.5784099999980000,19287.0000000000,0.8000000000000000,0.8000000000000000,0.82299999999999995,15.2000000000000000,79.099999999999994,0,0,0,0,0,0,0,0,0,0,0,0,0,0,0,0,0,0,0,0,0,0,0,0,1,0,0,0,0,0,0,0,0,1,0,0,0,0,0,0
2010,196,12,2.140000000000000000,443.32482540000001000,94,0,47.2000000000000000,14,94,6.6400000000000000,94,0.4000000000000000,2825.5246999999999000,1463417.0000000000,1.3000000000000000,1.3000000000000000,0.60199999999999998,10.5000000000000000,77.000000000000000,0,0,0,0,0,0,0,0,0,0,0,0,0,0,0,0,0,0,0,0,0,0,0,0,0,0,0,0,0,0,0,0,0,0,0,0,0,0,0,0
2014,245,14,0.010000000000000000,5.10324943799999970,48,0,48.8000000000000000,19,55,7.5600000000000000,48,0.5000000000000000,83.1148117000000040,1572466.0000000000,3.9000000000000000,3.9000000000000000,0.48699999999999999,9.1000000000000000,63.100000000000000,0,0,0,0,0,0,0,0,0,0,0,0,0,0,0,0,0,0,0,0,0,0,0,0,0,1,0,0,0,0,0,1,0,0,0,0,0,0,0,0
2008,259,16,5.950000000000000000,63.83195683000000300,92,0,41.8000000000000000,22,64,5.9200000000000000,63,2.4000000000000000,674.7564147000000500,97529.0000000000,4.2000000000000000,4.2000000000000000,0.46200000000000002,8.4000000000000000,62.100000000000000,0,0,0,0,0,0,0,0,0,0,0,0,0,0,0,0,0,0,0,0,0,0,0,0,0,0,0,0,0,0,0,0,1,0,0,0,0,0,0,0
2003,184,1,13.240000000000000000,1030.22027099999990000,92,0,57.6000000000000000,1,99,8.4200000000000000,99,0.1000000000000000,8396.2532300000003000,1129552.0000000000,2.1000000000000000,2.1000000000000000,0.78400000000000003,14.9000000000000000,72.500000000000000,0,0,0,0,0,0,0,0,0,0,0,0,0,0,0,0,0,0,0,0,0,0,0,0,0,0,0,0,0,0,0,0,0,0,0,0,0,0,0,0
2013,5,0,7.310000000000000000,764.54406910000000000,92,0,6.2000000000000000,0,91,8.7500000000000000,91,0.1000000000000000,4781.3887999999997000,323764.0000000000,1.0000000000000000,0.9000000000000000,0.90700000000000003,19.0000000000000000,82.400000000000000,0,0,0,0,0,0,0,0,0,0,0,0,0,0,0,0,0,0,0,0,0,0,0,0,0,0,0,0,0,0,0,0,0,0,0,0,0,0,0,0
2013,187,1000,3.110000000000000000,67.67230438000000000,7,13822,17.5000000000000000,1300,82,4.5300000000000000,83,0.2000000000000000,1452.1953730000000000,127856227.0000000000,26.8000000000000000,27.5000000000000000,0.59899999999999998,11.5000000000000000,67.599999999999994,0,0,1,0,0,1,0,0,1,0,0,0,0,0,0,1,1,0,0,0,0,0,1,0,0,1,1,0,1,0,0,0,0,0,1,1,1,0,0,0
2014,6,1,2.620000000000000000,4348.33531000000040000,97,6,64.5999999999999940,1,95,7.8100000000000000,95,0.1000000000000000,37582.8462399999990000,82157.0000000000,1.2000000000000000,1.1000000000000001,0.89500000000000002,16.0000000000000000,82.200000000000000,0,0,0,0,0,0,0,0,0,0,0,0,0,0,0,0,0,0,0,0,0,0,0,0,1,0,0,0,0,0,0,0,0,1,0,0,0,0,0,0
2013,61,1,2.690000000000000000,4279.89551200000010000,97,50,64.2000000000000000,1,96,7.8900000000000000,96,0.1000000000000000,36393.6693200000010000,8595.0000000000,1.2000000000000000,1.1000000000000001,0.89100000000000001,15.9000000000000000,82.100000000000000,0,0,0,0,0,0,0,0,0,0,0,0,0,0,0,0,0,0,0,0,0,0,0,0,1,0,0,0,0,0,0,0,0,1,0,0,0,0,0,0
2001,74,1,2.529999999999999800,22.27332618000000200,96,19,58.7000000000000000,1,93,7.6100000000000000,92,0.1000000000000000,236.1964600000000000,6439.0000000000,1.1000000000000001,1.1000000000000001,0.85000000000000000,15.1000000000000000,79.300000000000000,0,0,0,0,0,0,0,0,0,0,0,0,0,0,0,0,0,0,0,0,0,0,0,0,0,0,0,0,0,0,0,0,0,0,0,0,0,0,0,0
2006,15,1,3.630000000000000000,194.09256900000000000,97,0,47.2000000000000000,1,99,4.2200000000000000,95,1.5000000000000000,4313.1682000000001000,276279.0000000000,1.9000000000000000,1.7000000000000000,0.70899999999999996,12.5000000000000000,74.000000000000000,0,0,0,0,0,0,0,0,0,0,0,0,0,0,0,0,0,0,0,0,0,0,0,0,0,0,0,0,0,0,0,0,0,0,0,0,0,0,0,0
2000,133,4,0.490000000000000000,227.29661700000000000,93,32,54.0000000000000000,4,94,9.6500000000000000,91,0.1000000000000000,1657.8892559999999000,51313.0000000000,4.0000000000000000,4.0000000000000000,0.70000000000000000,12.6000000000000000,71.700000000000000,0,0,0,0,0,0,0,0,0,0,0,0,0,0,0,0,0,0,0,0,0,0,0,0,0,0,0,0,0,0,0,0,0,0,0,0,0,0,0,0
2009,235,7,6.640000000000000000,808.24330199999997000,99,0,48.5000000000000000,8,99,4.1300000000000000,98,0.1000000000000000,7165.2775000000001000,169271.0000000000,2.2999999999999998,2.5000000000000000,0.75800000000000001,14.6000000000000000,67.800000000000000,0,0,0,0,0,0,0,0,0,0,0,0,0,0,0,0,0,0,0,0,0,0,0,0,0,0,0,0,0,0,0,0,0,0,0,0,0,0,0,0
2015,249,54,null,0E-17,89,95,22.0000000000000000,75,83,null,89,2.8000000000000000,1349.9714400000000000,47236259.0000000000,7.8000000000000000,7.6000000000000000,0.55000000000000004,11.1000000000000000,63.400000000000000,0,0,0,0,0,0,0,0,0,0,0,0,0,0,0,0,0,0,0,0,0,0,1,0,0,0,0,0,1,0,0,0,1,0,1,0,0,0,0,0
2006,388,68,1.760000000000000000,52.60385429000000100,8,1847,16.8999999999999990,104,77,4.2400000000000000,8,10.3000000000000000,697.6638500000000200,37525.0000000000,8.5000000000000000,8.4000000000000000,0.48299999999999998,9.6999999999999993,55.300000000000000,0,0,0,0,0,1,0,0,0,0,0,1,0,0,0,0,0,0,0,0,0,0,1,0,0,1,1,0,1,0,0,1,1,0,0,0,0,0,0,0
2005,213,0,0.600000000000000000,111.73921340000000000,5,0,72.0999999999999940,0,74,1.6000000000000000,79,0.1000000000000000,1214.5566670000001000,92325.0000000000,0.2000000000000000,0.2000000000000000,0E-17,12.2000000000000000,64.900000000000006,0,0,0,0,0,1,0,0,0,0,0,0,0,0,0,0,0,0,0,0,0,0,0,0,0,1,0,0,0,0,0,0,0,0,0,0,0,1,0,0
2013,83,1,0.010000000000000000,2792.67758199999980000,99,62,7.2000000000000000,1,99,2.5600000000000000,99,0.1000000000000000,48399.9581000000030000,null,3.4000000000000000,3.3000000000000000,0.79600000000000004,13.1000000000000000,74.500000000000000,0,0,0,0,0,0,0,0,0,0,0,0,0,0,0,0,0,0,0,0,0,0,0,0,1,0,0,0,0,0,0,0,0,1,0,0,0,0,0,0
2003,217,4,3.520000000000000000,0E-17,99,6,37.0000000000000000,4,98,5.4300000000000000,98,0.1000000000000000,null,null,3.5000000000000000,3.5000000000000000,0.60199999999999998,12.2000000000000000,66.599999999999994,0,0,0,0,0,0,0,0,0,0,0,0,0,0,0,0,0,0,0,0,0,0,0,0,0,0,0,0,0,0,0,0,0,0,0,0,0,0,0,0
2015,153,0,null,0E-17,94,0,61.2000000000000000,0,95,null,95,0.1000000000000000,13666.5833600000010000,1977527.0000000000,2.2000000000000002,2.1000000000000000,0.82799999999999996,16.0000000000000000,74.599999999999994,0,0,0,0,0,0,0,0,0,0,0,0,0,0,0,0,0,0,0,0,0,0,0,0,0,0,0,0,0,0,0,0,0,1,0,0,0,0,0,0
2002,17,1,1.980000000000000000,70.13207837999999600,77,36,59.1000000000000000,1,77,1.5000000000000000,77,0.1000000000000000,5436.5952230000003000,3522837.0000000000,4.8000000000000000,4.7000000000000000,0E-17,15.2000000000000000,73.200000000000000,0,0,0,0,0,0,0,0,0,0,0,0,0,0,0,0,0,0,0,0,0,0,0,0,0,0,0,0,0,0,0,0,0,0,0,0,0,1,0,0
2012,513,4,0.010000000000000000,168.13489920000001000,95,179,3.8000000000000000,6,93,11.1400000000000000,95,9.0000000000000000,1281.5160000000001000,289928.0000000000,6.4000000000000000,6.2000000000000000,0.47899999999999998,11.0000000000000000,52.200000000000000,0,0,0,0,0,0,0,0,0,0,0,0,0,0,0,0,0,0,0,0,0,1,0,0,0,0,0,0,0,0,0,0,1,0,0,0,0,0,0,0
2007,132,2,0.010000000000000000,54.87891059999999800,98,59,57.4000000000000000,3,98,2.6300000000000000,98,0.1000000000000000,1138.5666100000001000,null,5.5000000000000000,5.4000000000000000,0.75600000000000001,15.1000000000000000,72.500000000000000,0,0,0,0,0,0,0,0,0,0,0,0,0,0,0,0,0,0,0,0,0,0,0,0,0,0,0,0,0,0,0,0,0,0,0,0,0,0,0,0
2007,24,0,13.400000000000000000,1581.51191399999990000,96,0,59.0000000000000000,0,95,6.2200000000000000,95,0.1000000000000000,12297.9153499999990000,3231294.0000000000,2.9000000000000000,3.0000000000000000,0.81200000000000006,16.3999999999999990,72.000000000000000,0,0,0,0,0,0,0,0,0,0,0,0,0,0,0,0,0,0,0,0,0,0,0,0,1,0,0,0,0,0,0,0,0,0,0,0,0,0,0,0
2005,222,0,12.300000000000000000,913.69952899999998000,95,1,58.4000000000000000,0,93,5.8300000000000000,94,0.1000000000000000,7863.1629000000003000,3322528.0000000000,3.0000000000000000,3.1000000000000000,0.79800000000000004,16.2000000000000000,78.000000000000000,0,0,0,0,0,0,0,0,0,0,0,0,0,0,0,0,0,0,0,0,0,0,0,0,0,0,0,0,0,0,0,0,0,0,0,0,0,0,0,0
2012,7,0,11.340000000000000000,2284.58215000000020000,94,2,6.1000000000000000,0,99,7.1800000000000000,99,0.1000000000000000,16749.1359999999990000,53946.0000000000,0.9000000000000000,0.9000000000000000,0.89200000000000002,13.9000000000000000,81.099999999999994,0,0,0,0,0,0,0,0,0,0,0,0,0,0,0,0,0,0,0,0,0,0,0,0,1,0,0,0,0,0,0,0,0,1,0,0,0,0,0,0
2010,73,0,11.360000000000000000,2267.25219199999990000,94,0,59.2000000000000000,0,96,7.6800000000000000,99,0.1000000000000000,14965.3610000000010000,56953.0000000000,0.9000000000000000,0.9000000000000000,0.88400000000000001,13.7000000000000000,86.000000000000000,0,0,0,0,0,0,0,0,0,0,0,0,0,0,0,0,0,0,0,0,0,0,0,0,1,0,0,0,0,0,0,0,0,1,0,0,0,0,0,0
2004,92,0,12.420000000000000000,12372.05188000000100000,94,0,56.4000000000000000,0,99,8.1999999999999993,99,0.1000000000000000,75716.3518000000040000,45895.0000000000,1.0000000000000000,0.9000000000000000,0.86699999999999999,13.5000000000000000,78.700000000000000,0,0,0,0,1,0,0,0,0,0,0,0,0,1,0,0,0,0,0,0,0,0,0,0,1,0,0,0,0,0,0,0,0,1,0,0,0,0,0,0
2006,263,36,0.680000000000000000,38.41870374999999900,82,2,16.3000000000000000,54,83,5.1100000000000003,85,0.6000000000000000,292.1574430000000000,1888268.0000000000,8.0000000000000000,7.9000000000000000,0.47799999999999998,9.0000000000000000,61.400000000000000,0,0,0,0,0,0,0,0,0,0,0,0,0,0,0,0,0,0,0,0,0,0,0,0,0,0,0,0,0,0,0,0,0,0,0,0,0,0,0,0
2015,365,26,null,0E-17,88,0,19.6000000000000010,38,88,null,88,4.8000000000000000,362.6575444000000100,1757367.0000000000,6.4000000000000000,6.2000000000000000,0.47299999999999998,10.8000000000000000,58.300000000000000,0,0,0,0,0,0,0,0,0,0,0,0,0,0,0,0,0,0,0,0,0,0,0,0,0,0,0,0,0,0,0,0,1,0,0,0,0,0,0,0
2003,138,3,0.480000000000000000,264.24961289999999000,95,632,28.8000000000000000,4,96,3.9500000000000000,96,0.1000000000000000,4463.6758929999996000,2468873.0000000000,9.3000000000000007,9.1000000000000000,0.72399999999999998,12.1000000000000000,73.099999999999994,0,0,0,0,0,0,0,0,0,0,0,0,0,0,0,0,0,0,0,0,0,0,0,0,0,0,0,0,0,0,0,0,0,0,0,0,0,0,0,0
2002,124,0,1.950000000000000000,4.29905339200000030,98,926,16.2000000000000000,0,98,5.7800000000000000,98,0.1000000000000000,32.3723900000000030,297.0000000000,14.6000000000000000,14.7000000000000000,0.59699999999999998,12.0000000000000000,71.800000000000000,0,0,0,0,0,0,0,0,0,0,0,0,0,0,0,0,0,0,0,0,0,0,0,0,0,0,1,0,0,0,0,0,0,0,0,0,0,0,0,0
2000,139,0,1.830000000000000000,300.16210260000003000,96,20,15.2000000000000000,0,98,8.0000000000000000,98,0.1000000000000000,2182.9971099999998000,286.0000000000,14.8000000000000000,14.8000000000000000,0.57699999999999996,11.3000000000000000,69.599999999999994,0,0,0,0,0,0,0,0,0,0,0,0,0,0,0,0,0,0,0,0,0,0,0,0,0,0,0,0,0,0,0,0,0,0,0,0,0,0,0,0
2013,57,0,8.580000000000000000,374.29472829999997000,94,0,68.8000000000000000,0,99,9.8900000000000000,99,0.1000000000000000,2393.1887999999999000,423374.0000000000,0.8000000000000000,0.7000000000000000,0.82799999999999996,14.2000000000000000,81.099999999999994,0,0,0,0,0,0,0,0,0,0,0,0,0,0,0,0,0,0,0,0,0,0,0,0,0,0,0,0,0,0,0,0,0,0,0,0,0,0,0,0
2005,67,0,6.410000000000000000,2247.03569199999990000,85,6,65.0000000000000000,0,94,8.8300000000000000,92,0.1000000000000000,15835.3466700000010000,43834.0000000000,0.7000000000000000,0.7000000000000000,0.80500000000000005,14.8000000000000000,79.000000000000000,0,0,0,0,0,0,0,0,0,0,0,0,0,0,0,0,0,0,0,0,0,0,0,0,1,0,0,0,0,0,0,0,0,1,0,0,0,0,0,0
2000,274,2,2.790000000000000000,56.43138700000000100,93,925,38.5000000000000000,3,94,4.9200000000000000,94,0.1000000000000000,474.2133360999999900,2397436.0000000000,2.6000000000000000,2.6000000000000000,0.58199999999999996,8.9000000000000000,62.800000000000000,0,0,0,0,0,0,0,0,0,0,0,0,0,0,0,0,0,0,0,0,0,0,0,0,0,0,1,0,0,0,0,0,0,0,0,0,0,0,0,0
2012,11,0,0.010000000000000000,648.13317810000001000,9,0,6.2000000000000000,0,94,7.2500000000000000,94,0.1000000000000000,6586.7192900000000000,6261.0000000000,1.9000000000000000,1.9000000000000000,0.79700000000000004,15.1000000000000000,75.599999999999994,0,0,0,0,0,1,0,0,0,0,0,0,0,0,0,0,0,0,0,0,0,0,0,0,0,1,0,0,0,0,0,0,0,0,0,0,0,0,0,0
2000,144,0,0.010000000000000000,274.54726049999999000,92,0,51.9000000000000000,0,93,7.3200000000000000,93,0.1000000000000000,1627.4289300000000000,6495.0000000000,2.6000000000000000,2.7000000000000000,0E-17,0E-16,73.000000000000000,0,0,0,0,0,0,0,0,0,0,0,0,0,0,0,0,0,0,1,0,0,0,0,0,0,0,0,0,0,0,0,0,0,0,0,0,0,1,1,0
2013,97,18,0.450000000000000000,179.85989490000000000,99,92,56.5000000000000000,21,99,5.9400000000000000,99,0.1000000000000000,3111.7628869999999000,33824769.0000000000,6.4000000000000000,6.2000000000000000,0.63400000000000001,12.1000000000000000,73.900000000000006,0,0,0,0,0,0,0,0,0,0,0,0,0,0,0,0,0,0,0,0,0,0,0,0,0,0,0,0,0,0,0,0,0,0,1,0,0,0,0,0
2013,46,62,1.159999999999999900,5.81333849600000010,78,8,21.8000000000000000,87,78,5.9000000000000000,78,5.0999999999999996,65.9856810000000000,26434372.0000000000,3.6000000000000000,3.5000000000000000,0.40500000000000003,9.1000000000000000,55.300000000000000,0,0,0,0,0,0,0,0,0,0,0,0,0,0,0,0,0,0,0,0,0,0,1,0,0,0,0,0,1,0,0,0,1,0,1,0,0,0,0,0
2005,434,80,1.230000000000000000,67.33378734999999400,75,12598,18.5000000000000000,117,71,6.8700000000000000,8,16.2000000000000000,369.1545358999999800,29237.0000000000,3.9000000000000000,3.8000000000000000,0.34100000000000003,7.3000000000000000,58.000000000000000,0,0,0,0,0,0,0,0,0,0,0,1,0,0,0,0,0,0,0,0,0,0,1,0,0,0,1,0,1,0,0,1,1,0,0,0,0,0,0,0
2004,483,3,4.800000000000000000,368.28482580000002000,92,4,27.2000000000000000,4,81,6.4700000000000000,81,24.0000000000000000,3288.2573729999999000,29228.0000000000,13.7000000000000000,13.7000000000000000,0.55900000000000005,11.7000000000000000,54.700000000000000,0,0,0,0,0,0,0,0,0,0,0,0,1,0,0,0,0,0,0,0,0,1,0,0,0,0,0,0,0,0,0,0,1,0,0,0,0,0,0,0
2006,21,31,0.200000000000000000,45.87989927000000300,69,2838,14.4000000000000000,41,91,5.7000000000000000,89,0.2000000000000000,348.6314534000000000,2594618.0000000000,17.3999999999999990,18.0000000000000000,0.47599999999999998,9.6000000000000000,66.000000000000000,0,0,0,0,0,0,0,0,0,0,0,0,0,0,0,0,0,0,0,0,0,0,0,0,0,0,1,0,0,0,0,0,0,0,0,1,1,0,0,0
2012,62,1,9.050000000000000700,1162.65676800000010000,2,10,6.5000000000000000,1,97,11.1000000000000000,97,0.1000000000000000,49474.7560999999990000,16754962.0000000000,1.0000000000000000,0.9000000000000000,0.92100000000000004,18.1000000000000010,81.099999999999994,0,0,0,0,0,1,0,0,0,0,0,0,0,0,0,0,0,0,0,0,0,0,0,0,1,1,0,0,0,0,0,0,0,1,0,0,0,0,0,0
2005,72,1,9.690000000000000000,6577.50813600000040000,92,4,55.8000000000000000,1,96,9.6000000000000000,96,0.1000000000000000,41577.1690000000020000,16319868.0000000000,1.0000000000000000,1.0000000000000000,0.88800000000000001,16.3999999999999990,79.400000000000006,0,0,0,0,0,0,0,0,0,0,0,0,0,0,0,0,0,0,0,0,0,0,0,0,1,0,0,0,0,0,0,0,0,1,0,0,0,0,0,0
2004,79,0,9.150000000000000000,442.37748690000001000,88,33,61.5000000000000000,0,87,7.8900000000000000,89,0.1000000000000000,2542.3993500000001000,null,0.3000000000000000,0.3000000000000000,0.88400000000000001,18.3999999999999990,79.200000000000000,0,0,0,0,0,0,0,0,0,0,0,0,0,0,0,0,0,0,0,0,0,0,0,0,0,0,0,0,0,0,0,0,0,0,0,0,0,0,0,0
2007,173,3,3.830000000000000000,253.00078120000001000,93,0,47.9000000000000000,4,93,6.9100000000000000,93,0.2000000000000000,1344.3187100000000000,552216.0000000000,2.0000000000000000,1.9000000000000000,0.60099999999999998,11.0000000000000000,72.500000000000000,0,0,0,0,0,0,0,0,0,0,0,0,0,0,0,0,0,0,0,0,0,0,0,0,0,0,0,0,0,0,0,0,0,0,0,0,0,0,0,0
2012,232,49,0.010000000000000000,29.75517981999999900,71,272,18.1000000000000010,90,71,6.1100000000000000,71,0.7000000000000000,391.5155240000000300,17731634.0000000000,1.3000000000000000,1.1000000000000001,0.33100000000000002,5.0999999999999996,63.000000000000000,0,0,0,0,0,0,0,0,0,0,0,0,0,0,0,0,0,0,0,0,0,0,0,0,0,0,0,0,1,0,0,0,0,0,1,0,0,0,0,0
2011,241,50,0.150000000000000000,32.22493444999999900,75,771,17.7000000000000000,93,4,6.6600000000000000,75,0.7000000000000000,375.5819865999999900,1764636.0000000000,1.5000000000000000,1.3000000000000000,0.32300000000000001,4.8000000000000000,59.400000000000000,0,0,0,0,0,0,0,0,0,1,0,0,0,0,0,0,0,0,0,0,0,0,0,0,0,0,0,0,1,1,0,0,0,0,0,0,0,0,0,0
2002,49,571,9.610000000000000000,17.13775400000000100,92,42007,17.8000000000000000,928,4,2.4300000000000002,25,5.3000000000000000,459.4572117000000200,12866671.0000000000,13.8000000000000000,13.8000000000000000,0E-17,7.7000000000000000,47.700000000000000,0,0,1,0,0,0,1,0,1,1,0,0,0,0,0,0,0,0,0,0,0,0,1,0,0,0,1,0,1,1,0,1,1,0,0,0,0,1,0,0
2014,11,1,0.400000000000000000,166.19137280000001000,99,0,53.5000000000000000,1,99,3.5500000000000000,99,0.1000000000000000,2458.4522600000000000,null,7.1000000000000000,6.9000000000000000,0.79600000000000004,13.7000000000000000,76.400000000000006,0,0,0,0,0,0,0,0,0,0,0,0,0,0,0,0,0,0,0,0,0,0,0,0,0,0,0,0,0,0,0,0,0,0,0,0,0,0,0,0
2004,122,1,0.610000000000000000,70.46762486000000100,99,18,48.9000000000000000,1,99,2.9800000000000000,99,0.1000000000000000,1129.2888600000001000,null,7.1000000000000000,6.8000000000000000,0.73399999999999999,11.5000000000000000,74.000000000000000,0,0,0,0,0,0,0,0,0,0,0,0,0,0,0,0,0,0,0,0,0,0,0,0,0,0,0,0,0,0,0,0,0,0,0,0,0,0,0,0
2003,185,366,0.010000000000000000,24.23455671000000000,63,4740,17.8999999999999990,466,69,2.6100000000000000,67,0.1000000000000000,563.5943419999999800,1477341.0000000000,21.6000000000000000,22.0000000000000000,0.46500000000000002,5.6000000000000000,63.500000000000000,0,0,0,0,0,0,0,0,0,0,0,0,0,0,0,1,1,0,0,0,0,0,1,0,0,0,1,0,1,0,0,0,0,0,0,1,1,0,0,0
2006,84,3,11.760000000000000000,6407.53595399999990000,87,2307,58.0000000000000000,3,94,1.3400000000000000,96,0.1000000000000000,36447.8723200000020000,82376451.0000000000,1.1000000000000001,1.1000000000000001,0.89200000000000002,16.5000000000000000,79.599999999999994,0,0,0,0,0,0,0,0,0,0,0,0,0,0,0,0,0,0,0,0,0,0,0,0,1,0,1,0,0,0,0,0,0,1,1,0,0,0,0,0
2010,267,40,1.690000000000000000,195.98246259999999000,94,641,25.5000000000000000,59,94,5.3300000000000000,94,1.9000000000000000,1312.6755700000001000,2451214.0000000000,7.1000000000000000,7.0000000000000000,0.54700000000000004,10.5000000000000000,69.000000000000000,0,0,0,0,0,0,0,0,0,0,0,0,0,0,0,0,0,0,0,0,0,0,0,0,0,0,0,0,0,0,0,0,1,0,0,0,0,0,0,0
2007,8,0,9.670000000000000000,3632.24312100000000000,95,2,61.8000000000000000,0,99,9.4100000000000000,99,0.1000000000000000,28827.3263599999990000,1148473.0000000000,0.8000000000000000,0.7000000000000000,0.85499999999999998,16.3999999999999990,79.400000000000006,0,0,0,0,0,0,0,0,0,0,0,0,0,0,0,0,0,0,0,0,0,0,0,0,1,0,0,0,0,0,0,0,0,1,0,0,0,0,0,0
2002,81,1,8.090000000000000000,160.88972649999999000,91,5,58.6000000000000000,1,92,8.7200000000000006,92,0.1000000000000000,1411.3133900000000000,19222.0000000000,0.8000000000000000,0.8000000000000000,0.81100000000000005,14.6000000000000000,79.000000000000000,0,0,0,0,0,0,0,0,0,0,0,0,0,0,0,0,0,0,0,0,0,0,0,0,0,0,0,0,0,0,0,0,0,0,0,0,0,0,0,0
2001,83,1,8.619999999999999200,1403.02221100000000000,9,12,58.0000000000000000,1,9,8.4700000000000006,91,0.1000000000000000,12538.1788300000010000,1862132.0000000000,0.9000000000000000,0.8000000000000000,0.80100000000000005,14.2000000000000000,78.700000000000000,0,0,0,0,0,1,0,0,0,1,0,0,0,0,0,0,0,0,0,0,0,0,0,0,1,1,0,0,0,1,0,0,0,0,0,0,0,0,0,0
2002,176,0,10.710000000000000000,513.34654079999996000,98,0,38.7999999999999970,0,98,6.6700000000000000,98,0.1000000000000000,5292.2323790000000000,null,4.0999999999999996,4.0999999999999996,0E-17,14.4000000000000000,79.000000000000000,0,0,0,0,0,0,0,0,0,0,0,0,0,0,0,0,0,0,0,0,0,0,0,0,0,0,0,0,0,0,0,0,0,0,0,0,0,1,0,0
2005,28,14,2.350000000000000000,41.50845636999999800,87,0,43.8000000000000000,18,87,6.7900000000000000,87,0.4000000000000000,277.8343800000000100,139628.0000000000,1.4000000000000000,1.4000000000000000,0.56699999999999995,9.6000000000000000,69.200000000000000,0,0,0,0,0,0,0,0,0,0,0,0,0,0,0,0,0,0,0,0,0,0,0,0,0,0,0,0,0,0,0,0,0,0,0,0,0,0,0,0
2013,284,27,0.010000000000000000,5.14066884799999980,63,53,22.2000000000000000,41,63,5.4900000000000000,63,1.0000000000000000,54.1693240000000030,11536615.0000000000,7.7000000000000000,7.6000000000000000,0.40600000000000003,8.5000000000000000,58.800000000000000,0,0,0,0,0,0,0,0,0,0,0,0,0,0,0,0,0,0,0,0,0,0,0,0,0,0,0,0,0,0,0,0,0,0,0,0,0,0,0,0
2001,336,36,0.170000000000000000,19.89790929000000100,92,7408,16.8999999999999990,58,52,3.6500000000000000,5,3.0000000000000000,315.8398300000000100,8971139.0000000000,1.1000000000000001,1.1000000000000001,0.32200000000000001,5.0999999999999996,52.500000000000000,0,0,0,0,0,0,0,0,0,0,0,1,0,0,0,0,0,0,0,0,0,0,0,0,0,0,1,0,0,0,0,1,1,0,0,0,0,0,0,0
2006,36,5,3.220000000000000000,21.53374936000000200,92,0,2.7000000000000000,8,74,5.8700000000000000,71,5.6000000000000000,418.9445400000000200,1412669.0000000000,8.9000000000000000,8.8000000000000007,0.38800000000000001,8.3000000000000007,54.400000000000000,0,0,0,0,0,0,0,0,0,0,0,0,0,0,0,0,0,0,0,0,0,0,0,0,0,0,0,0,0,0,0,0,1,0,0,0,0,0,0,0
2008,218,1,7.320000000000000000,493.32792929999999000,93,0,4.9000000000000004,1,93,7.4600000000000000,93,0.8000000000000000,2576.1249570000000000,746314.0000000000,5.6000000000000000,5.4000000000000000,0.61799999999999999,10.7000000000000000,66.300000000000000,0,0,0,0,0,0,0,0,0,0,0,0,0,0,0,0,0,0,0,0,0,0,0,0,0,0,0,0,0,0,0,0,0,0,0,0,0,0,0,0
2011,153,4,3.100000000000000000,32.16407994000000100,97,0,47.6000000000000000,5,97,8.5700000000000000,97,0.4000000000000000,212.5847980000000100,83516.0000000000,2.2000000000000002,2.2000000000000002,0.61099999999999999,11.7000000000000000,73.900000000000006,0,0,0,0,0,0,0,0,0,0,0,0,0,0,0,0,0,0,0,0,0,0,0,0,0,0,0,0,0,0,0,0,0,0,0,0,0,0,0,0
2003,166,6,3.040000000000000000,194.43357359999999000,91,0,41.2000000000000000,7,92,8.2899999999999991,92,1.4000000000000000,1157.3426999999999000,733821.0000000000,2.6000000000000000,2.5000000000000000,0.56599999999999995,10.3000000000000000,71.900000000000006,0,0,0,0,0,0,0,0,0,0,0,0,0,0,0,0,0,0,0,0,0,0,0,0,0,0,0,0,0,0,0,0,0,0,0,0,0,0,0,0
2006,177,1,13.160000000000000000,1299.45930600000000000,92,1,59.3000000000000000,1,99,8.1000000000000000,99,0.1000000000000000,11398.7658400000000000,17137.0000000000,2.0000000000000000,2.0000000000000000,0.80200000000000005,15.2000000000000000,73.400000000000006,0,0,0,0,0,0,0,0,0,0,0,0,0,0,0,0,0,0,0,0,0,0,0,0,1,0,0,0,0,0,0,0,0,0,0,0,0,0,0,0
2005,182,1,12.940000000000000000,1317.08348000000000000,92,2,58.8000000000000000,1,99,8.2799999999999994,99,0.1000000000000000,11161.7244100000010000,18765.0000000000,2.0000000000000000,2.0000000000000000,0.79500000000000004,15.0000000000000000,72.900000000000006,0,0,0,0,0,0,0,0,0,0,0,0,0,0,0,0,0,0,0,0,0,0,0,0,1,0,0,0,0,0,0,0,0,0,0,0,0,0,0,0
2002,184,1,13.290000000000000000,8.98619805000000050,92,0,57.1000000000000000,1,98,7.4700000000000000,99,0.1000000000000000,665.6443000000000400,115868.0000000000,2.2000000000000002,2.2000000000000002,0.77500000000000002,14.6000000000000000,72.500000000000000,0,0,0,0,0,0,0,0,0,0,0,0,0,0,0,0,0,0,0,0,0,0,0,0,0,0,0,0,0,0,0,0,0,0,0,0,0,0,0,0
2003,189,173,0.050000000000000000,8.46015575800000090,64,24457,17.5000000000000000,215,8,2.5299999999999998,71,0.1000000000000000,164.5944700000000000,22545214.0000000000,1.9000000000000000,11.0000000000000000,0.61299999999999999,10.8000000000000000,66.900000000000006,0,0,0,0,0,0,0,0,0,1,0,0,0,0,0,0,0,0,0,0,0,0,1,0,0,0,1,0,1,1,0,0,0,0,1,0,0,0,0,0
2001,188,182,0.060000000000000000,33.95837124999999900,62,3825,16.0000000000000000,229,77,2.2300000000000000,76,0.1000000000000000,747.9817454999999900,2145652.0000000000,11.0000000000000000,11.1000000000000000,0.60399999999999998,10.6000000000000000,66.500000000000000,0,0,0,0,0,0,0,0,0,0,0,0,0,0,0,0,0,0,0,0,0,0,1,0,0,0,1,0,1,0,0,0,0,0,0,0,0,0,0,0
2001,146,33,0.010000000000000000,0E-17,94,9582,45.5000000000000000,40,95,5.2000000000000000,96,0.1000000000000000,null,null,7.7000000000000000,7.8000000000000000,0.66600000000000004,11.6000000000000000,78.000000000000000,0,0,0,0,0,0,0,0,0,0,0,0,0,0,0,0,0,0,0,0,0,0,0,0,0,0,1,0,0,0,0,0,0,0,0,0,0,0,0,0
2001,142,30,0.170000000000000000,0E-17,66,4088,5.0999999999999996,37,8,null,78,0.1000000000000000,null,24251649.0000000000,5.6000000000000000,5.3000000000000000,0.60699999999999998,8.6999999999999993,72.000000000000000,0,0,0,0,0,0,0,0,0,1,0,0,0,0,0,0,0,0,0,0,0,0,0,0,0,0,1,0,0,1,0,0,0,0,1,0,0,0,0,0
2015,64,0,null,0E-17,95,4,62.8000000000000000,0,95,null,95,0.1000000000000000,6664.1440000000002000,4676835.0000000000,0.3000000000000000,0.2000000000000000,0.92000000000000000,18.6000000000000010,81.400000000000006,0,0,0,0,0,0,0,0,0,0,0,0,0,0,0,0,0,0,0,0,0,0,0,0,0,0,0,0,0,0,0,0,0,0,0,0,0,0,0,0
2004,69,1,2.230000000000000000,1895.34279199999990000,99,116,6.1000000000000000,1,95,7.3500000000000000,95,0.1000000000000000,19888.1719999999990000,689.0000000000,1.1000000000000001,1.1000000000000001,0.86299999999999999,15.9000000000000000,81.000000000000000,0,0,0,0,0,0,0,0,0,0,0,0,0,0,0,0,0,0,0,0,0,0,0,0,1,0,0,0,0,0,0,0,0,1,0,0,0,0,0,0
2015,56,1,null,0E-17,93,159,63.6000000000000000,2,93,null,93,0.1000000000000000,349.1475500000000200,673582.0000000000,0.6000000000000000,0.6000000000000000,0.88100000000000001,16.3000000000000000,82.700000000000000,0,0,0,0,0,0,0,0,0,0,0,0,0,0,0,0,0,0,0,0,0,0,0,0,0,0,0,0,0,0,0,0,0,0,0,0,0,0,0,0
2011,6,2,6.980000000000000000,5439.69176900000000000,96,5189,61.5000000000000000,2,96,9.2700000000000000,96,0.1000000000000000,38334.6847700000000000,59379449.0000000000,0.5000000000000000,0.5000000000000000,0.87200000000000000,16.3999999999999990,82.000000000000000,0,0,0,0,0,0,0,0,0,0,0,0,0,0,0,0,0,0,0,0,0,0,0,0,1,0,1,0,0,0,0,0,0,1,1,0,0,0,0,0
2010,6,2,6.950000000000000000,5219.66880200000010000,96,372,61.0000000000000000,2,96,9.4200000000000000,96,0.1000000000000000,35849.3736399999980000,59277417.0000000000,0.5000000000000000,0.5000000000000000,0.86899999999999999,16.3999999999999990,81.800000000000000,0,0,0,0,0,0,0,0,0,0,0,0,0,0,0,0,0,0,0,0,0,0,0,0,1,0,0,0,0,0,0,0,0,1,1,0,0,0,0,0
2005,127,4,0.550000000000000040,27.44252286000000000,95,28,57.8000000000000000,4,95,8.8800000000000008,95,0.1000000000000000,223.8378700000000100,5714111.0000000000,3.9000000000000000,3.8000000000000000,0.73000000000000000,13.8000000000000000,72.400000000000006,0,0,0,0,0,0,0,0,0,0,0,0,0,0,0,0,0,0,0,0,0,0,0,0,0,0,0,0,0,0,0,0,0,0,0,0,0,0,0,0
2004,125,4,0.540000000000000000,32.52523612000000200,95,21,57.0000000000000000,4,95,9.5000000000000000,95,0.1000000000000000,261.4568820000000100,5535595.0000000000,3.9000000000000000,3.8000000000000000,0.72299999999999998,13.5000000000000000,72.500000000000000,0,0,0,0,0,0,0,0,0,0,0,0,0,0,0,0,0,0,0,0,0,0,0,0,0,0,0,0,0,0,0,0,0,0,0,0,0,0,0,0
2014,22,5,6.290000000000000000,24.44473709000000000,95,321,52.3000000000000000,5,95,4.3600000000000003,95,0.1000000000000000,1286.5651100000000000,17289224.0000000000,2.4000000000000000,2.5000000000000000,0.78900000000000003,15.0000000000000000,69.900000000000006,0,0,0,0,0,0,0,0,0,0,0,0,0,0,0,0,0,0,0,0,0,0,0,0,0,0,0,0,0,0,0,0,0,0,1,0,0,0,0,0
2000,292,9,6.000000000000000000,112.54115700000000000,99,245,43.9000000000000000,10,96,4.1600000000000000,97,0.1000000000000000,1229.9580000000001000,14883626.0000000000,2.7000000000000000,2.7000000000000000,0.67600000000000005,12.1000000000000000,63.900000000000000,0,0,0,0,0,0,0,0,0,0,0,0,0,0,0,0,0,0,0,0,0,0,0,0,0,0,0,0,0,0,0,0,0,0,0,0,0,0,0,0
2011,26,0,0.530000000000000000,30.46703898999999900,95,0,75.7000000000000000,0,95,1.4200000000000000,99,0.1000000000000000,1692.6132769999999000,14656.0000000000,0.1000000000000000,0.1000000000000000,0.58499999999999996,11.9000000000000000,65.500000000000000,0,0,0,0,0,0,0,0,0,0,0,0,0,0,0,0,0,0,0,0,0,0,0,0,0,0,0,0,0,0,0,0,0,0,0,0,0,0,0,0
2001,95,0,0.010000000000000000,113.19978450000001000,99,0,64.5000000000000000,1,99,3.6100000000000000,99,0.1000000000000000,1654.9676099999999000,null,3.2000000000000000,3.0000000000000000,0.78600000000000003,14.0000000000000000,73.200000000000000,0,0,0,0,0,0,0,0,0,0,0,0,0,0,0,0,0,0,0,0,0,0,0,0,0,0,0,0,0,0,0,0,0,0,0,0,0,0,0,0
2002,215,4,3.310000000000000000,0E-17,99,2,36.5000000000000000,5,99,5.4300000000000000,98,0.1000000000000000,null,null,3.5000000000000000,3.5000000000000000,0.60099999999999998,12.1000000000000000,66.700000000000000,0,0,0,0,0,0,0,0,0,0,0,0,0,0,0,0,0,0,0,0,0,0,0,0,0,0,0,0,0,0,0,0,0,0,0,0,0,0,0,0
2000,278,14,5.160000000000000000,0E-17,92,332,12.3000000000000000,20,57,3.4100000000000000,51,0.1000000000000000,null,null,1.5000000000000000,1.5000000000000000,0.45900000000000002,8.0000000000000000,58.100000000000000,0,0,0,0,0,0,0,0,0,0,0,0,0,0,0,0,0,0,0,0,0,0,0,0,0,0,0,0,0,0,0,0,0,0,0,0,0,0,0,0
2015,98,1,null,0E-17,81,39,66.0999999999999940,1,75,null,81,0.1000000000000000,846.6328509999999600,5851479.0000000000,4.9000000000000004,4.9000000000000004,0.76300000000000001,13.3000000000000000,74.900000000000006,0,0,0,0,0,0,0,0,0,0,0,0,0,0,0,0,0,0,0,0,0,0,0,0,0,0,0,0,0,0,0,0,0,0,0,0,0,0,0,0
2006,1,1,1.820000000000000000,534.57956950000005000,78,956,61.4000000000000000,1,75,8.8300000000000000,78,0.1000000000000000,5372.6589899999999000,45735.0000000000,4.7000000000000000,4.5999999999999996,0.73299999999999998,13.2000000000000000,74.099999999999994,0,0,0,0,0,0,0,0,0,0,0,0,0,0,0,0,0,0,0,0,0,0,0,0,0,0,1,0,0,0,0,0,0,0,0,0,0,0,0,0
2010,527,4,2.710000000000000000,154.87059980000001000,93,2488,29.7000000000000000,6,92,1.8700000000000000,93,13.4000000000000000,1173.2621200000001000,24551.0000000000,7.2000000000000000,7.0000000000000000,0.46400000000000002,10.9000000000000000,51.100000000000000,0,0,0,0,0,0,0,0,0,0,0,0,0,0,0,0,0,0,0,0,0,1,0,0,0,0,1,0,0,0,0,0,1,0,0,0,0,0,0,0
2014,329,8,0.010000000000000000,54.37396957000000000,5,34,26.7000000000000000,11,49,1.4000000000000000,5,0.9000000000000000,458.4651734000000300,439737.0000000000,6.7000000000000000,6.5000000000000000,0.42599999999999999,9.9000000000000000,58.100000000000000,0,0,0,0,0,1,0,0,0,0,0,1,0,0,0,0,0,0,0,0,0,0,0,0,0,1,0,0,0,1,0,1,0,0,0,0,0,0,0,0
2002,371,13,4.269999999999999600,10.42436900000000000,92,131,2.7000000000000000,19,51,5.4300000000000000,39,3.1000000000000000,177.2851870000000100,362863.0000000000,8.8000000000000007,8.9000000000000000,0.37600000000000000,10.4000000000000000,56.000000000000000,0,0,0,0,0,0,0,0,0,0,0,0,0,0,0,0,0,0,0,0,0,0,0,0,0,0,0,0,0,0,0,1,1,0,0,0,0,0,0,0
2014,143,2,0.010000000000000000,0E-17,94,372,63.8000000000000000,2,94,4.9700000000000000,94,0.1000000000000000,null,null,5.7000000000000000,5.5000000000000000,0.73000000000000000,13.4000000000000000,72.400000000000006,0,0,0,0,0,0,0,0,0,0,0,0,0,0,0,0,0,0,0,0,0,0,0,0,0,0,0,0,0,0,0,0,0,0,0,0,0,0,0,0
2006,134,2,0.010000000000000000,493.41534100000001000,98,1,56.7000000000000000,3,98,2.5099999999999998,98,0.1000000000000000,9344.9875179999999000,null,5.5000000000000000,5.4000000000000000,0.75200000000000000,15.4000000000000000,72.200000000000000,0,0,0,0,0,0,0,0,0,0,0,0,0,0,0,0,0,0,0,0,0,0,0,0,0,0,0,0,0,0,0,0,0,0,0,0,0,0,0,0
2002,95,0,12.910000000000000000,910.50627780000002000,95,0,55.2000000000000000,0,99,8.2700000000000000,99,0.1000000000000000,5293.6411500000004000,446175.0000000000,1.0000000000000000,0.9000000000000000,0.86000000000000000,13.5000000000000000,78.300000000000000,0,0,0,0,0,0,0,0,0,0,0,0,0,0,0,0,0,0,0,0,0,0,0,0,0,0,0,0,0,0,0,0,0,0,0,0,0,0,0,0
2010,462,35,1.080000000000000000,9.72800529699999930,93,118712,17.6000000000000010,54,86,1.5000000000000000,93,13.7000000000000000,458.8681743999999900,1516795.0000000000,6.8000000000000000,6.7000000000000000,0.43000000000000000,10.1999999999999990,52.900000000000000,0,0,0,0,0,0,1,0,0,0,0,0,0,0,0,0,0,0,0,0,0,1,0,0,0,0,1,0,0,0,0,0,1,0,0,0,0,0,0,0
2004,615,40,1.110000000000000100,58.13583342999999800,89,1116,15.5000000000000000,65,94,7.8200000000000000,89,23.4000000000000000,274.2256294000000000,1267638.0000000000,7.5000000000000000,7.4000000000000000,0.36599999999999999,10.0000000000000000,45.100000000000000,0,1,0,0,0,0,0,0,0,0,0,0,1,0,0,0,0,0,0,0,0,1,0,0,0,0,1,0,0,0,0,0,1,0,0,0,0,0,0,0
2011,67,0,1.920000000000000000,1079.89354600000000000,96,0,23.1000000000000000,0,96,8.1100000000000000,96,0.1000000000000000,6497.5544300000001000,377.0000000000,13.9000000000000000,14.0000000000000000,0.66300000000000003,11.8000000000000000,77.300000000000000,0,0,0,0,0,0,0,0,0,0,0,0,0,0,0,0,0,0,0,0,0,0,0,0,1,0,0,0,0,0,0,0,0,0,0,0,0,0,0,0
2002,228,7,0.020000000000000000,4.11319074100000040,92,883,22.3000000000000000,12,91,5.3100000000000000,89,1.2000000000000000,46.9542322000000000,2873228.0000000000,1.5000000000000000,1.3000000000000000,0.44600000000000001,6.5000000000000000,62.000000000000000,0,0,0,0,0,0,0,0,0,0,0,0,0,0,0,0,0,0,0,0,0,0,0,0,0,0,1,0,0,0,0,0,0,0,0,0,0,0,0,0
2001,229,7,0.010000000000000000,28.78224500000000000,92,1398,21.7000000000000000,12,75,4.3400000000000000,75,1.2000000000000000,464.2297580000000000,279729.0000000000,1.7000000000000000,1.5000000000000000,0.44400000000000001,6.5000000000000000,61.000000000000000,0,0,0,0,0,0,0,0,0,0,0,0,0,0,0,0,0,0,0,0,0,0,0,0,0,0,1,0,0,0,0,0,0,0,0,0,0,0,0,0
2010,163,0,2.950000000000000000,0.10805597300000000,99,12,3.7000000000000000,0,99,5.2900000000000000,99,0.2000000000000000,8.3764319999999994,1254.0000000000,7.2000000000000000,7.2000000000000000,0.74000000000000000,14.0000000000000000,73.300000000000000,0,0,0,0,0,0,0,0,0,0,0,0,0,0,0,0,0,0,0,0,0,0,0,0,0,0,0,0,0,0,0,0,0,0,0,0,0,0,0,0
2015,16,0,null,0E-17,82,0,61.8000000000000000,0,89,null,89,0.1000000000000000,6461.1925540000002000,622159.0000000000,1.8000000000000000,1.8000000000000000,0.80400000000000005,15.1000000000000000,76.099999999999994,0,0,0,0,0,0,0,0,0,0,0,0,0,0,0,0,0,0,0,0,0,0,0,0,0,0,0,0,0,0,0,0,0,0,0,0,0,0,0,0
2005,137,22,0.470000000000000000,9.46937126399999940,96,0,49.1000000000000000,26,98,5.6000000000000000,98,0.1000000000000000,213.7555590000000100,35217.0000000000,6.5000000000000000,6.3000000000000000,0.56899999999999995,9.8000000000000007,77.000000000000000,0,0,0,0,0,0,0,0,0,0,0,0,0,0,0,0,0,0,0,0,0,0,0,0,0,0,0,0,0,0,0,0,0,0,0,0,0,0,0,0
2007,425,74,1.030000000000000000,53.95027890000000100,75,267,19.3000000000000000,108,75,5.2500000000000000,75,14.1000000000000000,422.1461573000000300,22188387.0000000000,3.8000000000000000,3.7000000000000000,0.36000000000000000,8.1999999999999993,52.100000000000000,0,0,0,0,0,0,0,0,0,0,0,0,0,0,0,0,0,0,0,0,0,0,1,0,0,0,0,0,1,0,0,0,1,0,1,0,0,0,0,0
2001,239,72,0.380000000000000000,1.91716400000000010,92,2519,14.1000000000000000,98,77,1.8000000000000000,73,0.4000000000000000,138.9249275000000000,46627994.0000000000,13.3000000000000000,13.7000000000000000,0.42699999999999999,7.6000000000000000,62.500000000000000,0,0,0,0,0,0,0,0,0,0,0,0,0,0,0,0,0,0,0,0,0,0,1,0,0,0,1,0,1,0,0,0,0,0,1,0,0,0,0,0
2000,243,73,0.350000000000000000,2.51143729200000010,92,845,13.6000000000000000,100,88,1.8400000000000000,82,0.4000000000000000,193.1874840000000100,4695462.0000000000,13.3000000000000000,13.7000000000000000,0.41699999999999998,7.5000000000000000,62.100000000000000,0,0,0,0,0,0,0,0,0,0,0,0,0,0,0,0,0,0,0,0,0,0,1,0,0,0,0,0,1,0,0,0,0,0,0,0,0,0,0,0
2009,36,3,7.990000000000000000,575.67480690000002000,92,4076,31.0000000000000000,4,83,8.5000000000000000,83,8.6999999999999993,4153.4978849999998000,21374.0000000000,1.9000000000000000,1.9000000000000000,0.59799999999999998,11.4000000000000000,62.400000000000000,0,0,0,0,0,0,0,0,0,0,0,0,0,0,0,0,0,0,0,0,0,0,0,0,0,0,1,0,0,0,0,0,1,0,0,0,0,0,0,0
2001,426,3,5.090000000000000000,205.80788329999999000,92,416,25.1000000000000000,4,79,6.1800000000000000,78,23.9000000000000000,1834.2948600000000000,1933596.0000000000,15.2000000000000000,15.4000000000000000,0.55600000000000005,11.7000000000000000,56.500000000000000,0,0,0,0,0,0,0,0,0,0,0,0,1,0,0,0,0,0,0,0,0,0,0,0,0,0,0,0,0,0,0,0,1,0,0,1,0,0,0,0
2000,238,46,0.080000000000000000,17.91233679999999900,92,9397,11.4000000000000000,62,74,5.4300000000000000,74,0.1000000000000000,231.4255400000000100,2374911.0000000000,18.5000000000000000,19.2000000000000000,0.43900000000000000,8.9000000000000000,62.500000000000000,0,0,0,0,0,0,0,0,0,0,0,0,0,0,0,1,1,0,0,0,0,0,0,0,0,0,1,0,0,0,0,0,0,0,0,1,1,0,0,0
2009,65,1,9.230000000000000000,96.85858849999999600,92,15,58.6000000000000000,1,97,1.2900000000000000,97,0.1000000000000000,519.3490000000000500,1653388.0000000000,1.0000000000000000,0.9000000000000000,0.90600000000000003,16.8999999999999990,86.000000000000000,0,0,0,0,0,0,0,0,0,0,0,0,0,0,0,0,0,0,0,0,0,0,0,0,0,0,0,0,0,0,0,0,0,0,0,0,0,0,0,0
2006,71,1,9.789999999999999100,8344.01039200000010000,92,1,56.5000000000000000,1,96,9.3600000000000000,96,0.1000000000000000,44453.9711899999970000,1634611.0000000000,1.0000000000000000,1.0000000000000000,0.89300000000000002,16.5000000000000000,79.800000000000000,0,0,0,0,1,0,0,0,0,0,0,0,0,0,0,0,0,0,0,0,0,0,0,0,1,0,0,0,0,0,0,0,0,1,0,0,0,0,0,0
2013,69,0,9.180000000000000000,10019.07630000000100000,93,8,66.4000000000000060,0,92,11.1700000000000000,92,0.1000000000000000,42889.8814100000020000,null,0.3000000000000000,0.3000000000000000,0.90800000000000003,19.3000000000000000,81.300000000000000,0,0,0,0,1,0,0,0,0,0,0,0,0,0,0,0,0,0,0,0,0,0,0,0,1,0,0,0,0,0,0,0,0,1,0,0,0,0,0,0
2008,169,3,3.640000000000000000,275.06443400000001000,97,0,48.6000000000000000,3,97,6.9800000000000000,97,0.2000000000000000,1518.8538599999999000,559456.0000000000,1.9000000000000000,1.8000000000000000,0.60699999999999998,11.1000000000000000,72.500000000000000,0,0,0,0,0,0,0,0,0,0,0,0,0,0,0,0,0,0,0,0,0,0,0,0,0,0,0,0,0,0,0,0,0,0,0,0,0,0,0,0
2015,22,49,null,0E-17,65,7693,19.3000000000000000,87,65,null,65,0.4000000000000000,358.9973100000000300,19896965.0000000000,9.6000000000000000,9.4000000000000000,0.35099999999999998,5.4000000000000000,61.800000000000000,0,0,0,0,0,0,0,0,0,0,0,0,0,0,0,0,0,0,0,0,0,0,0,0,0,0,1,0,1,0,0,0,0,0,1,0,0,0,0,0
2014,223,49,0.010000000000000000,3.30403989900000020,68,1142,18.8999999999999990,88,67,5.8200000000000000,68,0.5000000000000000,43.6464980000000010,19148219.0000000000,9.8000000000000007,9.6000000000000000,0.34499999999999997,5.3000000000000000,61.400000000000000,0,0,0,0,0,0,0,0,0,0,0,0,0,0,0,0,0,0,0,0,0,0,0,0,0,0,1,0,1,0,0,0,0,0,1,0,0,0,0,0
2005,73,0,6.370000000000000000,11792.53465000000000000,92,0,56.5000000000000000,0,91,8.8900000000000000,91,0.1000000000000000,66775.3944000000050000,4623291.0000000000,0.8000000000000000,0.7000000000000000,0.92900000000000005,17.6000000000000010,81.000000000000000,0,0,0,0,1,0,0,0,0,0,0,0,0,1,0,0,0,0,0,0,0,0,0,0,1,0,0,0,0,0,0,0,0,1,0,0,0,0,0,0
2005,118,1,0.630000000000000000,854.01157579999995000,99,25,49.5000000000000000,1,99,2.5900000000000000,99,0.1000000000000000,12376.9793599999990000,null,7.0000000000000000,6.8000000000000000,0.74199999999999999,11.5000000000000000,74.300000000000000,0,0,0,0,0,0,0,0,0,0,0,0,0,0,0,0,0,0,0,0,0,0,0,0,0,0,0,0,0,0,0,0,0,0,0,0,0,0,0,0
2009,133,1,6.660000000000000000,18.53143030000000000,54,23,51.3000000000000000,1,93,1.1900000000000000,88,0.1000000000000000,276.5885119999999800,3978.0000000000,2.6000000000000000,2.8000000000000000,0.73399999999999999,12.8000000000000000,73.200000000000000,0,0,0,0,0,0,0,0,0,0,0,0,0,0,0,0,0,0,0,0,0,0,0,0,0,1,0,0,0,0,0,0,0,0,0,0,0,0,0,0
2008,275,41,1.780000000000000000,161.01064349999999000,93,82,24.2000000000000000,61,92,4.8499999999999996,93,2.2000000000000002,1224.4155400000000000,2329864.0000000000,7.5000000000000000,7.4000000000000000,0.53000000000000000,9.8000000000000007,63.000000000000000,0,0,0,0,0,0,0,0,0,0,0,0,0,0,0,0,0,0,0,0,0,0,0,0,0,0,0,0,0,0,0,0,1,0,0,0,0,0,0,0
2001,39,42,1.490000000000000000,25.55981287999999900,92,13476,2.1000000000000000,64,81,3.5600000000000000,79,3.5000000000000000,273.6596668000000200,1942165.0000000000,9.0000000000000000,9.0000000000000000,0.48499999999999999,8.0000000000000000,57.400000000000000,0,0,0,0,0,0,0,0,0,0,0,0,0,0,0,0,0,0,0,0,0,0,0,0,0,0,1,0,0,0,0,0,1,0,0,0,0,0,0,0
2007,164,0,9.060000000000000000,95.19375920999999600,96,0,41.8000000000000000,0,96,5.8800000000000000,96,0.1000000000000000,7322.5968620000003000,null,3.9000000000000000,3.9000000000000000,0E-17,15.3000000000000000,71.900000000000006,0,0,0,0,0,0,0,0,0,0,0,0,0,0,0,0,0,0,0,0,0,0,0,0,0,0,0,0,0,0,0,0,0,0,0,0,0,1,0,0
2007,192,13,2.400000000000000000,380.96324290000001000,85,0,45.2000000000000000,16,85,6.8600000000000000,85,0.4000000000000000,2489.9558360000001000,137286.0000000000,1.3000000000000000,1.3000000000000000,0.57799999999999996,10.1000000000000000,75.000000000000000,0,0,0,0,0,0,0,0,0,0,0,0,0,0,0,0,0,0,0,0,0,0,0,0,0,0,0,0,0,0,0,0,0,0,0,0,0,0,0,0
2006,317,31,0.160000000000000000,10.38393370000000000,92,4,19.0000000000000000,49,53,3.2000000000000000,57,2.6000000000000000,296.6838200000000300,9881428.0000000000,9.1000000000000000,9.1000000000000000,0.35599999999999998,7.1000000000000000,55.600000000000000,0,0,0,0,0,0,0,0,0,0,0,0,0,0,0,0,0,0,0,0,0,0,0,0,0,0,0,0,0,0,0,0,1,0,0,0,0,0,0,0
2009,288,4,2.549999999999999800,47.12969266000000300,8,0,22.5000000000000000,7,78,6.8100000000000000,8,6.0000000000000000,544.2227789999999500,1517448.0000000000,8.3000000000000007,8.1000000000000000,0.40100000000000002,8.9000000000000000,56.300000000000000,0,0,0,0,0,1,0,0,0,0,0,1,0,0,0,0,0,0,0,0,0,0,0,0,0,1,0,0,0,0,0,1,1,0,0,0,0,0,0,0
2007,232,1,7.200000000000000000,362.87022710000002000,94,0,4.3000000000000000,1,94,6.4500000000000000,94,1.9000000000000000,2327.5832399999999000,747869.0000000000,5.7000000000000000,5.5000000000000000,0.62000000000000000,11.2000000000000000,65.700000000000000,0,0,0,0,0,0,0,0,0,0,0,0,0,0,0,0,0,0,0,0,0,0,0,0,0,0,0,0,0,0,0,0,1,0,0,0,0,0,0,0
2010,682,23,5.760000000000000000,36.29291760000000300,92,0,44.2000000000000000,58,66,8.9000000000000000,66,1.9000000000000000,662.2795181999999800,9999617.0000000000,4.0000000000000000,4.0000000000000000,0.47000000000000000,8.6000000000000000,36.299999999999997,0,1,0,0,0,0,0,0,0,0,0,0,0,0,0,0,0,0,0,1,0,1,0,0,0,0,0,0,0,0,0,0,1,0,0,0,0,0,0,1
2009,251,16,5.850000000000000000,41.30079451999999700,92,0,43.0000000000000000,21,65,6.6800000000000000,65,2.0000000000000000,668.2976459999999900,985287.0000000000,4.0999999999999996,4.0999999999999996,0.46600000000000003,8.5000000000000000,62.500000000000000,0,0,0,0,0,0,0,0,0,0,0,0,0,0,0,0,0,0,0,0,0,0,0,0,0,0,0,0,0,0,0,0,1,0,0,0,0,0,0,0
2013,139,0,10.880000000000000000,155.19520760000000000,92,1,63.6000000000000000,1,99,7.5300000000000000,99,0.1000000000000000,13613.6147000000000000,989382.0000000000,1.7000000000000000,1.7000000000000000,0.82399999999999995,15.4000000000000000,75.500000000000000,0,0,0,0,0,0,0,0,0,0,0,0,0,0,0,0,0,0,0,0,0,0,0,0,0,0,0,0,0,0,0,0,0,0,0,0,0,0,0,0
2008,165,1,11.640000000000000000,181.76340780000001000,92,0,6.5000000000000000,1,99,7.3300000000000000,99,0.1000000000000000,15669.2592900000000000,138188.0000000000,1.9000000000000000,1.9000000000000000,0.81200000000000006,15.3000000000000000,74.099999999999994,0,0,0,0,0,0,0,0,0,0,0,0,0,0,0,0,0,0,0,0,0,0,0,0,0,0,0,0,0,0,0,0,0,1,0,0,0,0,0,0
2008,58,0,8.490000000000000000,7613.81499900000020000,92,0,58.1000000000000000,0,98,8.8000000000000007,98,0.1000000000000000,55575.2919600000020000,317414.0000000000,0.9000000000000000,0.9000000000000000,0.89200000000000002,18.2000000000000000,81.400000000000006,0,0,0,0,1,0,0,0,0,0,0,0,0,1,0,0,0,0,0,0,0,0,0,0,1,0,0,0,0,0,0,0,0,1,0,0,0,0,0,0
2015,181,910,null,0E-17,87,90387,18.7000000000000000,1100,86,null,87,0.2000000000000000,1613.1887800000000000,1395398.0000000000,26.7000000000000000,27.3000000000000000,0.61499999999999999,11.6000000000000000,68.300000000000000,0,0,1,0,0,0,1,0,1,0,0,0,0,0,0,1,1,0,0,0,0,0,1,0,0,0,1,0,1,0,0,0,0,0,0,1,1,0,0,0
2009,2,1300,2.500000000000000000,0.84418633099999996,37,56188,15.4000000000000000,1700,73,4.3800000000000000,74,0.2000000000000000,19.3177650000000010,121427132.0000000000,27.0000000000000000,27.8000000000000000,0.56299999999999994,10.5000000000000000,66.000000000000000,0,0,1,0,0,0,1,0,1,0,0,0,0,0,0,1,1,0,0,0,0,0,1,0,0,1,1,0,1,0,0,0,0,0,1,1,1,0,0,0
2006,28,1500,1.370000000000000000,34.85942671000000100,6,64185,13.9000000000000000,2000,66,4.2500000000000000,65,0.3000000000000000,792.2596979999999600,1161977719.0000000000,27.1000000000000000,28.0000000000000000,0.53600000000000003,9.6999999999999993,64.800000000000000,0,0,1,0,0,1,1,0,1,0,0,0,0,0,1,1,1,0,0,0,0,0,1,0,0,1,1,0,1,0,0,0,0,0,1,1,1,0,0,0
2014,179,119,0.090000000000000000,200.06844430000001000,78,12943,26.5000000000000000,142,8,2.8500000000000000,78,0.3000000000000000,3491.5958869999999000,255131116.0000000000,1.4000000000000000,1.2000000000000000,0.68200000000000005,12.9000000000000000,68.900000000000006,0,0,0,0,0,0,0,0,0,1,0,0,0,0,1,0,0,0,0,0,0,0,1,0,0,0,1,0,1,1,0,0,0,0,1,0,0,0,0,0
2010,61,1,2.630000000000000000,409.41092920000000000,97,23,63.0000000000000000,1,95,7.3600000000000000,95,0.1000000000000000,3661.9940000000001000,76236.0000000000,1.2000000000000000,1.1000000000000001,0.87800000000000000,15.7000000000000000,81.700000000000000,0,0,0,0,0,0,0,0,0,0,0,0,0,0,0,0,0,0,0,0,0,0,0,0,0,0,0,0,0,0,0,0,0,0,0,0,0,0,0,0
2001,75,2,9.690000000000000000,3.12223020000000020,95,0,55.7000000000000000,3,96,8.1100000000000000,93,0.1000000000000000,24.8189999999999990,569741.0000000000,0.5000000000000000,0.5000000000000000,0.82799999999999996,14.9000000000000000,79.800000000000000,0,0,0,0,0,0,0,0,0,0,0,0,0,0,0,0,0,0,0,0,0,0,0,0,0,0,0,0,0,0,0,0,0,0,0,0,0,0,0,0
2000,428,77,1.510000000000000000,0.68168555500000005,92,21002,14.4000000000000000,121,8,4.6800000000000000,82,18.1000000000000010,43.9797131999999990,3145483.0000000000,9.1999999999999993,9.1000000000000000,0.44800000000000001,8.4000000000000000,51.900000000000000,0,0,0,0,0,0,0,0,0,1,0,0,1,0,0,0,0,0,0,0,0,0,1,0,0,0,1,0,1,1,0,0,1,0,0,0,0,0,0,0
2009,87,1,0.100000000000000000,3001.62823699999990000,99,0,67.9000000000000060,1,99,3.8700000000000000,99,0.1000000000000000,37567.3121000000030000,null,3.3000000000000000,3.2000000000000000,0.78800000000000003,13.6000000000000000,73.900000000000006,0,0,0,0,0,0,0,0,0,0,0,0,0,0,0,0,0,0,0,0,0,0,0,0,1,0,0,0,0,0,0,0,0,1,0,0,0,0,0,0
2009,223,10,5.180000000000000000,0E-17,67,78,17.3000000000000000,14,67,3.7700000000000000,67,0.2000000000000000,null,null,9.4000000000000000,9.6000000000000000,0.52500000000000002,9.4000000000000000,63.100000000000000,0,0,0,0,0,0,0,0,0,0,0,0,0,0,0,0,0,0,0,0,0,0,0,0,0,0,0,0,0,0,0,0,0,0,0,0,0,0,0,0
2003,259,12,3.410000000000000000,0E-17,5,1810,13.8000000000000000,17,52,4.9100000000000000,49,0.1000000000000000,null,null,1.2000000000000000,1.3000000000000000,0.47699999999999998,8.3000000000000007,59.800000000000000,0,0,0,0,0,1,0,0,0,0,0,0,0,0,0,0,0,0,0,0,0,0,0,0,0,1,1,0,0,0,0,1,0,0,0,0,0,0,0,0
2004,26,0,8.810000000000000000,80.03283749999999900,98,0,56.6000000000000000,0,99,6.5100000000000000,99,0.1000000000000000,6351.8125000000000000,2263122.0000000000,2.5000000000000000,2.6000000000000000,0.77600000000000002,15.5000000000000000,71.000000000000000,0,0,0,0,0,0,0,0,0,0,0,0,0,0,0,0,0,0,0,0,0,0,0,0,0,0,0,0,0,0,0,0,0,0,0,0,0,0,0,0
2003,29,0,8.240000000000000000,478.06449110000000000,98,0,56.3000000000000000,0,98,6.1500000000000000,98,0.1000000000000000,5134.9569400000000000,2287955.0000000000,2.6000000000000000,2.6000000000000000,0.76100000000000001,15.2000000000000000,78.000000000000000,0,0,0,0,0,0,0,0,0,0,0,0,0,0,0,0,0,0,0,0,0,0,0,0,0,0,0,0,0,0,0,0,0,0,0,0,0,0,0,0
2009,566,4,2.750000000000000000,104.31447319999999000,91,0,29.2000000000000000,6,89,9.8000000000000007,91,18.2000000000000000,923.1369310000000000,21929.0000000000,7.6000000000000000,7.4000000000000000,0.45300000000000001,10.8000000000000000,49.400000000000000,0,1,0,0,0,0,0,0,0,0,0,0,1,0,0,0,0,0,0,0,0,1,0,0,0,0,0,0,0,0,0,0,1,0,0,0,0,0,0,0
2005,675,5,2.670000000000000000,57.90369752000000100,87,0,27.4000000000000000,6,88,6.3000000000000000,89,34.7999999999999970,862.9463117999999900,1949543.0000000000,9.3000000000000007,9.1999999999999993,0.43700000000000000,10.7000000000000000,44.500000000000000,0,1,0,0,0,0,0,0,0,0,0,0,1,0,0,0,0,0,0,0,0,1,0,0,0,0,0,0,0,0,0,0,1,0,0,0,0,0,0,0
2005,316,12,4.190000000000000400,22.39648813000000200,92,8,22.0000000000000000,16,66,8.4000000000000000,6,3.1000000000000000,168.6482540000000100,326123.0000000000,8.3000000000000007,8.3000000000000007,0.37200000000000000,10.1000000000000000,55.300000000000000,0,0,0,0,0,0,0,0,0,0,0,1,0,0,0,0,0,0,0,0,0,0,0,0,0,0,0,0,0,0,0,1,1,0,0,0,0,0,0,0
2002,146,3,0.010000000000000000,29.13434871000000100,91,3890,54.0000000000000000,3,93,4.5700000000000000,93,0.1000000000000000,375.4426379999999900,null,5.6000000000000000,5.4000000000000000,0.73599999999999999,15.8000000000000000,71.099999999999994,0,0,0,0,0,0,0,0,0,0,0,0,0,0,0,0,0,0,0,0,0,0,0,0,0,0,1,0,0,0,0,0,0,0,0,0,0,0,0,0
2001,147,3,0.010000000000000000,362.38179509999998000,93,633,53.4000000000000000,3,94,4.5999999999999996,94,0.1000000000000000,6269.5812299999998000,null,5.6000000000000000,5.5000000000000000,0.73199999999999998,15.7000000000000000,71.000000000000000,0,0,0,0,0,0,0,0,0,0,0,0,0,0,0,0,0,0,0,0,0,0,0,0,0,0,0,0,0,0,0,0,0,0,0,0,0,0,0,0
2006,229,0,12.700000000000000000,116.50496099999999000,95,1,58.7000000000000000,0,94,6.2000000000000000,94,0.1000000000000000,924.6425480000000300,326999.0000000000,3.0000000000000000,3.0000000000000000,0.80700000000000005,16.3999999999999990,76.000000000000000,0,0,0,0,0,0,0,0,0,0,0,0,0,0,0,0,0,0,0,0,0,0,0,0,0,0,0,0,0,0,0,0,0,0,0,0,0,0,0,0
2009,254,33,0.910000000000000000,71.16601203000000500,77,0,17.6000000000000010,47,76,4.7000000000000000,77,0.5000000000000000,415.6893226000000300,2569121.0000000000,7.7000000000000000,7.6000000000000000,0.50000000000000000,9.6999999999999993,62.800000000000000,0,0,0,0,0,0,0,0,0,0,0,0,0,0,0,0,0,0,0,0,0,0,0,0,0,0,0,0,0,0,0,0,0,0,0,0,0,0,0,0
2013,394,29,0.010000000000000000,55.83107625000000200,89,1,18.8000000000000000,42,89,1.9600000000000000,89,6.3000000000000000,332.9223390000000200,16577147.0000000000,6.5000000000000000,6.4000000000000000,0.45900000000000002,10.7000000000000000,56.700000000000000,0,0,0,0,0,0,0,0,0,0,0,0,0,0,0,0,0,0,0,0,0,0,0,0,0,0,0,0,0,0,0,0,1,0,0,0,0,0,0,0
2003,613,43,1.080000000000000000,4.37531609400000040,84,167,15.2000000000000000,70,85,6.3500000000000000,84,24.2000000000000000,26.1525170000000000,12336687.0000000000,7.6000000000000000,7.5000000000000000,0.36199999999999999,10.3000000000000000,44.600000000000000,0,1,0,0,0,0,0,0,0,0,0,0,1,0,0,0,0,0,0,0,0,1,0,0,0,0,0,0,1,0,0,0,1,0,0,0,0,0,0,0
2009,131,3,0.470000000000000000,431.54524720000001000,96,153,34.4000000000000000,4,97,3.9700000000000000,97,0.1000000000000000,7326.7444349999996000,2765383.0000000000,8.3000000000000007,8.1999999999999993,0.75600000000000001,12.6000000000000000,74.000000000000000,0,0,0,0,0,0,0,0,0,0,0,0,0,0,0,0,0,0,0,0,0,0,0,0,0,0,0,0,0,0,0,0,0,0,0,0,0,0,0,0
2015,266,52,null,0E-17,64,215,23.8000000000000000,84,66,null,64,1.5000000000000000,729.7253379999999700,1746795.0000000000,7.7000000000000000,7.5000000000000000,0.43800000000000000,8.4000000000000000,58.200000000000000,0,0,0,0,0,0,0,0,0,0,0,0,0,0,0,0,0,0,0,0,0,0,0,0,0,0,0,0,1,0,0,0,0,0,0,0,0,0,0,0
2014,272,52,0.010000000000000000,46.56231671999999800,73,290,23.2000000000000000,85,74,6.8600000000000000,73,1.6000000000000000,825.5729914999999400,16962846.0000000000,7.9000000000000000,7.7000000000000000,0.43000000000000000,8.1999999999999993,57.800000000000000,0,0,0,0,0,0,0,0,0,0,0,0,0,0,0,0,0,0,0,0,0,0,0,0,0,0,0,0,1,0,0,0,1,0,0,0,0,0,0,0
2007,282,56,0.550000000000000040,81.84050070000000700,74,2,19.0000000000000000,96,76,6.9700000000000000,74,1.7000000000000000,595.6368318999999500,1367566.0000000000,9.4000000000000000,9.3000000000000007,0.36299999999999999,6.4000000000000000,55.000000000000000,0,0,0,0,0,0,0,0,0,0,0,0,0,0,0,0,0,0,0,0,0,0,1,0,0,0,0,0,1,0,0,0,1,0,0,0,0,0,0,0
2000,37,60,0.470000000000000000,23.94507124000000100,92,1578,15.6000000000000000,111,53,6.2900000000000000,43,2.5000000000000000,269.3483828999999900,196769.0000000000,11.0000000000000000,1.9000000000000000,0.29099999999999998,4.4000000000000004,49.800000000000000,0,0,0,0,0,0,0,0,0,0,0,0,0,0,0,0,0,0,0,0,0,0,1,0,0,0,1,0,1,0,0,1,1,0,0,0,0,0,0,0
2013,147,0,0.010000000000000000,917.46762799999999000,98,0,32.2999999999999970,0,98,4.8200000000000000,98,0.1000000000000000,9637.2649999999994000,1258653.0000000000,7.0000000000000000,7.0000000000000000,0.76500000000000001,14.7000000000000000,74.099999999999994,0,0,0,0,0,0,0,0,0,0,0,0,0,0,0,0,0,0,0,0,0,0,0,0,0,0,0,0,0,0,0,0,0,0,0,0,0,0,0,0
2007,125,0,4.980000000000000400,678.51889440000002000,9,0,57.2000000000000000,0,92,6.7400000000000000,92,0.1000000000000000,5957.1456930000004000,615875.0000000000,2.1000000000000000,2.2000000000000002,0.76200000000000001,13.6000000000000000,74.200000000000000,0,0,0,0,0,1,0,0,0,0,0,0,0,0,0,0,0,0,0,0,0,0,0,0,0,1,0,0,0,0,0,0,0,0,0,0,0,0,0,0
2003,134,0,0.010000000000000000,495.07829629999998000,92,0,54.2000000000000000,0,93,8.9100000000000000,93,0.1000000000000000,2789.1734999999999000,612267.0000000000,2.4000000000000000,2.4000000000000000,0E-17,0E-16,73.500000000000000,0,0,0,0,0,0,0,0,0,0,0,0,0,0,0,0,0,0,1,0,0,0,0,0,0,0,0,0,0,0,0,0,0,0,0,0,0,1,1,0
2002,136,0,0.010000000000000000,36.48024032000000000,92,0,53.5000000000000000,0,93,8.3300000000000000,93,0.1000000000000000,216.2432740000000100,69828.0000000000,2.5000000000000000,2.5000000000000000,0E-17,0E-16,73.400000000000006,0,0,0,0,0,0,0,0,0,0,0,0,0,0,0,0,0,0,1,0,0,0,0,0,0,0,0,0,0,0,0,0,0,0,0,0,0,1,1,0
2011,47,66,0.940000000000000000,40.80617975999999900,76,177,2.9000000000000000,94,73,6.2300000000000000,76,9.6000000000000000,526.5313516999999600,249395.0000000000,3.7000000000000000,3.6000000000000000,0.39700000000000002,9.5000000000000000,54.300000000000000,0,0,0,0,0,0,0,0,0,0,0,0,0,0,0,0,0,0,0,0,0,0,1,0,0,0,0,0,1,0,0,0,1,0,0,0,0,0,0,0
2014,242,2,0.010000000000000000,751.39827190000005000,88,477,34.9000000000000000,3,88,8.9300000000000000,88,2.2000000000000002,5421.3439529999996000,237992.0000000000,8.6000000000000000,8.5000000000000000,0.63200000000000001,11.7000000000000000,65.900000000000006,0,0,0,0,0,0,0,0,0,0,0,0,0,0,0,0,0,0,0,0,0,0,0,0,0,0,0,0,0,0,0,0,1,0,0,0,0,0,0,0
2003,22,38,0.200000000000000000,2.79096532000000020,2,13344,12.9000000000000000,50,76,5.4800000000000000,78,0.1000000000000000,253.7241200000000000,2495623.0000000000,18.0000000000000000,18.6000000000000010,0.45700000000000002,9.1999999999999993,64.300000000000000,0,0,0,0,0,1,0,0,0,0,0,0,0,0,0,0,1,0,0,0,0,0,0,0,0,1,1,0,0,0,0,0,0,0,0,1,1,0,0,0
2005,78,0,9.310000000000000000,491.05585200000002000,87,20,62.1000000000000000,0,89,8.2500000000000000,89,0.1000000000000000,2775.8951499999998000,null,0.3000000000000000,0.3000000000000000,0.88600000000000001,18.8999999999999990,79.900000000000006,0,0,0,0,0,0,0,0,0,0,0,0,0,0,0,0,0,0,0,0,0,0,0,0,0,0,0,0,0,0,0,0,0,0,0,0,0,0,0,0
2002,83,0,9.130000000000000800,2892.25713200000020000,89,21,6.3000000000000000,0,84,7.8900000000000000,9,0.1000000000000000,16874.3123200000010000,null,0.3000000000000000,0.3000000000000000,0.87300000000000000,17.5000000000000000,78.700000000000000,0,0,0,0,0,0,0,0,0,0,0,1,0,0,0,0,0,0,0,0,0,0,0,0,1,0,0,0,0,0,0,1,0,1,0,0,0,0,0,0
2000,87,0,8.910000000000000000,2143.02108300000010000,9,65,58.9000000000000000,0,82,7.4700000000000000,9,0.1000000000000000,13641.1272000000010000,null,0.3000000000000000,0.3000000000000000,0.86399999999999999,17.2000000000000000,78.599999999999994,0,0,0,0,0,1,0,0,0,0,0,1,0,0,0,0,0,0,0,0,0,0,0,0,1,1,0,0,0,0,0,1,0,0,0,0,0,0,0,0
2001,193,4,3.510000000000000000,22.35595448000000100,87,0,43.5000000000000000,5,89,5.2600000000000000,87,0.4000000000000000,143.6758000000000100,5175.0000000000,2.2000000000000002,2.1000000000000000,0.56999999999999995,10.4000000000000000,73.000000000000000,0,0,0,0,0,0,0,0,0,0,0,0,0,0,0,0,0,0,0,0,0,0,0,0,0,0,0,0,0,0,0,0,0,0,0,0,0,0,0,0
2012,374,505,8.539999999999999100,204.71862560000000000,42,6447,23.5000000000000000,788,42,3.3000000000000000,42,4.4000000000000004,2755.2977870000000000,167297284.0000000000,1.7000000000000000,1.6000000000000000,0.50700000000000001,9.6999999999999993,52.700000000000000,0,0,1,0,0,0,0,0,1,0,0,0,0,0,0,0,0,0,0,0,0,0,1,0,0,1,1,0,1,1,0,1,1,0,1,0,0,0,0,0
2008,67,0,6.750000000000000000,1707.13063300000000000,92,4,58.0000000000000000,0,94,8.4000000000000000,94,0.1000000000000000,9688.5961000000007000,4768212.0000000000,0.7000000000000000,0.7000000000000000,0.93600000000000005,17.6000000000000010,86.000000000000000,0,0,0,0,0,0,0,0,0,0,0,0,0,0,0,0,0,0,0,0,0,0,0,0,1,0,0,0,0,0,0,0,0,0,0,0,0,0,0,0
2008,19,1,0.569999999999999950,123.09662980000000000,99,18,51.1000000000000000,1,97,2.1000000000000000,99,0.1000000000000000,2275.3535999999999000,null,6.9000000000000000,6.8000000000000000,0.76500000000000001,11.9000000000000000,75.200000000000000,0,0,0,0,0,0,0,0,0,0,0,0,0,0,0,0,0,0,0,0,0,0,0,0,0,0,0,0,0,0,0,0,0,0,0,0,0,0,0,0
2003,127,1,0.560000000000000050,65.65631301999999900,99,1,48.1000000000000000,1,99,3.1700000000000000,99,0.1000000000000000,969.8125999999999700,null,7.1000000000000000,6.8000000000000000,0.72499999999999998,11.2000000000000000,73.599999999999994,0,0,0,0,0,0,0,0,0,0,0,0,0,0,0,0,0,0,0,0,0,0,0,0,0,0,0,0,0,0,0,0,0,0,0,0,0,0,0,0
2013,268,66,0.010000000000000000,73.21924271999999700,64,430,18.1000000000000010,89,62,8.1300000000000008,64,0.1000000000000000,631.7449759999999500,31731688.0000000000,17.7000000000000000,17.7000000000000000,0.47000000000000000,9.9000000000000000,59.900000000000000,0,0,0,0,0,0,0,0,0,0,0,0,0,0,0,0,0,0,0,0,0,0,1,0,0,0,0,0,1,0,0,0,0,0,1,1,1,0,0,0
2010,91,1,5.280000000000000000,41.82275718999999700,99,10,54.3000000000000000,1,99,5.3400000000000000,99,0.1000000000000000,494.3588320000000100,291321.0000000000,1.4000000000000000,1.5000000000000000,0.72499999999999998,12.5000000000000000,76.200000000000000,0,0,0,0,0,0,0,0,0,0,0,0,0,0,0,0,0,0,0,0,0,0,0,0,0,0,0,0,0,0,0,0,0,0,0,0,0,0,0,0
2006,132,20,0.360000000000000000,270.24019620000001000,8,944,49.8000000000000000,23,95,3.3600000000000000,95,0.1000000000000000,3464.6179000000002000,33777915.0000000000,6.1000000000000000,6.0000000000000000,0.68600000000000005,12.3000000000000000,73.400000000000006,0,0,0,0,0,1,0,0,0,0,0,0,0,0,0,0,0,0,0,0,0,0,0,0,0,1,1,0,0,0,0,0,0,0,1,0,0,0,0,0
2006,381,90,5.840000000000000000,25.08688824000000000,92,765,18.2000000000000000,143,36,4.5400000000000000,34,2.5000000000000000,262.4151489999999900,2262399.0000000000,9.8000000000000007,9.6999999999999993,0.43900000000000000,7.2000000000000000,47.700000000000000,0,0,0,0,0,0,0,0,0,0,0,0,0,0,0,0,0,0,0,0,0,0,1,0,0,0,0,0,1,1,0,1,1,0,0,0,0,0,0,0
2003,388,95,3.490000000000000000,35.93349121000000000,92,1196,16.8000000000000000,155,4,4.4100000000000000,4,2.4000000000000000,779.4683559999999700,1823369.0000000000,1.4000000000000000,1.3000000000000000,0.40600000000000003,5.9000000000000000,46.800000000000000,0,0,0,0,0,0,0,0,0,1,0,1,0,0,0,0,0,0,0,0,0,0,1,0,0,0,1,0,1,1,0,1,1,0,0,0,0,0,0,0
2012,134,0,8.180000000000000000,2156.22984200000020000,98,0,45.7000000000000000,0,97,5.3900000000000000,98,0.2000000000000000,12565.4419700000000000,null,3.3000000000000000,3.3000000000000000,0.77800000000000002,13.8000000000000000,75.900000000000006,0,0,0,0,0,0,0,0,0,0,0,0,0,0,0,0,0,0,0,0,0,0,0,0,1,0,0,0,0,0,0,0,0,0,0,0,0,0,0,0
2011,73,0,12.040000000000000000,8272.30675700000030000,89,68,55.7000000000000000,0,89,1.9400000000000000,89,0.1000000000000000,51126.7413900000030000,8391643.0000000000,1.7000000000000000,2.0000000000000000,0.88000000000000000,15.7000000000000000,88.000000000000000,0,0,0,0,1,0,0,0,0,0,0,0,0,1,0,0,0,0,0,0,0,0,0,0,1,0,0,0,0,0,0,0,0,1,0,0,0,0,0,0
2011,125,5,1.980000000000000000,263.14269899999999000,84,0,48.8000000000000000,6,91,5.0999999999999996,87,0.1000000000000000,7189.6912290000000000,917382.0000000000,2.8000000000000000,2.9000000000000000,0.74099999999999999,11.7000000000000000,71.599999999999994,0,0,0,0,0,0,0,0,0,0,0,0,0,0,0,0,0,0,0,0,0,0,0,0,0,0,0,0,0,0,0,0,0,0,0,0,0,0,0,0
2004,154,6,0.620000000000000000,8.59680496000000010,5,827,44.2000000000000000,8,78,7.9200000000000000,77,0.1000000000000000,145.2162999999999900,8365.0000000000,3.0000000000000000,3.0000000000000000,0.66800000000000004,11.0000000000000000,68.400000000000006,0,0,0,0,0,1,0,0,0,0,0,0,0,0,0,0,0,0,0,0,0,0,0,0,0,1,0,0,0,0,0,0,0,0,0,0,0,0,0,0
2007,167,0,10.750000000000000000,0E-17,93,0,59.4000000000000000,0,95,7.8000000000000000,95,0.1000000000000000,null,null,2.5000000000000000,2.5000000000000000,0.79000000000000000,12.5000000000000000,74.400000000000006,0,0,0,0,0,0,0,0,0,0,0,0,0,0,0,0,0,0,0,0,0,0,0,0,0,0,0,0,0,0,0,0,0,0,0,0,0,0,0,0
2001,189,0,11.640000000000000000,0E-17,21,0,55.2000000000000000,0,98,5.1500000000000000,99,0.2000000000000000,null,null,2.7000000000000000,2.6000000000000000,0.77900000000000003,12.1000000000000000,72.900000000000006,0,0,0,0,0,0,0,0,0,0,0,0,0,0,0,0,0,0,0,0,0,0,0,0,0,1,0,0,0,0,0,0,0,0,0,0,0,0,0,0
2012,71,0,1.700000000000000000,2211.21577799999980000,99,0,61.5000000000000000,0,99,4.3700000000000000,99,0.1000000000000000,23649.3666100000010000,null,6.1000000000000000,6.0000000000000000,0.81200000000000006,14.5000000000000000,76.500000000000000,0,0,0,0,0,0,0,0,0,0,0,0,0,0,0,0,0,0,0,0,0,0,0,0,1,0,0,0,0,0,0,0,0,1,0,0,0,0,0,0
2012,137,111,0.010000000000000000,59.25892569999999900,94,1986,16.3999999999999990,139,94,3.8000000000000000,94,0.1000000000000000,856.3428569999999800,15572753.0000000000,18.5000000000000000,19.0000000000000000,0.55700000000000005,9.9000000000000000,77.000000000000000,0,0,0,0,0,0,0,0,0,0,0,0,0,0,0,1,1,0,0,0,0,0,1,0,0,0,1,0,1,0,0,0,0,0,0,1,1,0,0,0
2008,147,144,0.010000000000000000,42.48865034000000000,96,2660,14.0000000000000000,186,96,2.8500000000000000,96,0.1000000000000000,615.7775411000000100,14885814.0000000000,19.3000000000000000,19.8999999999999990,0.52000000000000000,8.6000000000000000,69.099999999999994,0,0,0,0,0,0,0,0,0,0,0,0,0,0,0,1,1,0,0,0,0,0,1,0,0,0,1,0,1,0,0,0,0,0,0,1,1,0,0,0
2015,98,0,null,0E-17,97,0,54.5000000000000000,0,97,null,97,0.1000000000000000,15557.8381000000010000,null,3.8000000000000000,3.7000000000000000,0.79400000000000004,15.3000000000000000,75.500000000000000,0,0,0,0,0,0,0,0,0,0,0,0,0,0,0,0,0,0,0,0,0,0,0,0,0,0,0,0,0,0,0,0,0,1,0,0,0,0,0,0
2012,12,0,8.610000000000000000,260.00438580000002000,87,0,52.2000000000000000,0,88,7.4300000000000000,87,0.1000000000000000,15384.8749000000010000,null,3.8000000000000000,3.8000000000000000,0.78500000000000003,15.3000000000000000,75.099999999999994,0,0,0,0,0,0,0,0,0,0,0,0,0,0,0,0,0,0,0,0,0,0,0,0,0,0,0,0,0,0,0,0,0,1,0,0,0,0,0,0
2008,111,0,8.949999999999999300,25.52277112000000200,85,0,49.2000000000000000,0,85,6.1000000000000000,85,0.1000000000000000,1657.3227999999999000,null,3.9000000000000000,3.9000000000000000,0.77500000000000002,15.3000000000000000,74.400000000000006,0,0,0,0,0,0,0,0,0,0,0,0,0,0,0,0,0,0,0,0,0,0,0,0,0,0,0,0,0,0,0,0,0,0,0,0,0,0,0,0
2001,125,0,7.380000000000000000,138.16646270000001000,18,0,43.8000000000000000,0,93,5.4700000000000000,84,0.7000000000000000,11513.8718900000000000,null,4.2000000000000000,4.2000000000000000,0.75000000000000000,14.0000000000000000,73.400000000000006,0,0,0,0,0,0,0,0,0,0,0,0,0,0,0,0,0,0,0,0,0,0,0,0,0,1,0,0,0,0,0,0,0,0,0,0,0,0,0,0
2007,226,1,14.220000000000000000,464.07751300000001000,91,1,57.7000000000000000,1,9,6.4400000000000000,95,0.1000000000000000,4735.4848270000002000,956953.0000000000,2.2000000000000002,2.2999999999999998,0.73899999999999999,14.9000000000000000,69.800000000000000,0,0,0,0,0,0,0,0,0,1,0,0,0,0,0,0,0,0,0,0,0,0,0,0,0,0,0,0,0,1,0,0,0,0,0,0,0,0,0,0
2010,81,0,10.220000000000001000,665.73561150000000000,97,40,61.9000000000000000,1,98,1.1700000000000000,98,0.1000000000000000,4438.2374099999997000,1895586.0000000000,0.9000000000000000,0.9000000000000000,0.87800000000000000,15.9000000000000000,80.000000000000000,0,0,0,0,0,0,0,0,0,0,0,0,0,0,0,0,0,0,0,0,0,0,0,0,0,0,0,0,0,0,0,0,0,0,0,0,0,0,0,0
2009,85,0,10.050000000000001000,671.93765659999997000,97,33,61.6000000000000000,1,98,1.3900000000000000,98,0.1000000000000000,4488.5614999999998000,1796493.0000000000,0.9000000000000000,0.9000000000000000,0.87600000000000000,15.8000000000000000,79.800000000000000,0,0,0,0,0,0,0,0,0,0,0,0,0,0,0,0,0,0,0,0,0,0,0,0,0,0,0,0,0,0,0,0,0,0,0,0,0,0,0,0
2011,188,0,6.640000000000000000,605.62868920000005000,95,0,47.8000000000000000,0,95,5.6100000000000000,95,0.5000000000000000,4516.2467500000002000,329192.0000000000,3.5000000000000000,3.4000000000000000,0.70000000000000000,12.4000000000000000,69.400000000000006,0,0,0,0,0,0,0,0,0,0,0,0,0,0,0,0,0,0,0,0,0,0,0,0,0,0,0,0,0,0,0,0,0,0,0,0,0,0,0,0
2012,251,25,0.010000000000000000,9.80407467000000030,8,288,24.1000000000000000,39,8,4.8600000000000003,8,1.3000000000000000,837.9551000000000200,972916.0000000000,7.4000000000000000,7.3000000000000000,0.45800000000000002,10.0000000000000000,59.300000000000000,0,0,0,0,0,1,0,0,0,1,0,1,0,0,0,0,0,0,0,0,0,0,0,0,0,1,0,0,0,1,0,1,0,0,0,0,0,0,0,0
2010,254,25,1.330000000000000000,94.25737916999999300,76,392,23.0000000000000000,39,77,4.9500000000000000,76,1.4000000000000000,757.6959739999999800,9199259.0000000000,7.8000000000000000,7.6000000000000000,0.45100000000000001,9.5000000000000000,58.700000000000000,0,0,0,0,0,0,0,0,0,0,0,0,0,0,0,0,0,0,0,0,0,0,0,0,0,0,0,0,0,0,0,0,0,0,0,0,0,0,0,0
2014,268,2,0.010000000000000000,662.80219399999999000,95,1,37.2999999999999970,2,96,5.4100000000000000,95,2.2999999999999998,7497.7623759999997000,2168573.0000000000,6.7000000000000000,6.4000000000000000,0.69699999999999995,12.6000000000000000,65.099999999999994,0,0,0,0,0,0,0,0,0,0,0,0,0,0,0,0,0,0,0,0,0,0,0,0,0,0,0,0,0,0,0,0,1,0,0,0,0,0,0,0
2000,183,111,7.260000000000000000,179.47772929999999000,94,36,43.7000000000000000,127,99,7.3000000000000000,98,0.1000000000000000,3739.1193600000001000,175287587.0000000000,3.4000000000000000,3.4000000000000000,0.67700000000000005,14.1000000000000000,75.000000000000000,0,0,0,0,0,0,0,0,0,0,0,0,0,0,0,0,0,0,0,0,0,0,1,0,0,0,0,0,1,0,0,0,0,0,1,0,0,0,0,0
2009,124,0,4.450000000000000000,339.97773640000003000,98,0,26.8000000000000000,0,99,4.2400000000000000,99,0.4000000000000000,3444.5565999999999000,496963.0000000000,7.6000000000000000,7.6000000000000000,0.62100000000000000,12.4000000000000000,72.400000000000006,0,0,0,0,0,0,0,0,0,0,0,0,0,0,0,0,0,0,0,0,0,0,0,0,0,0,0,0,0,0,0,0,0,0,0,0,0,0,0,0
2013,183,11,0.010000000000000000,8.75821453800000070,83,0,18.2000000000000000,13,66,5.9300000000000000,83,0.2000000000000000,128.4195680000000000,1522692.0000000000,11.0000000000000000,11.1000000000000000,0.54600000000000004,10.8000000000000000,67.800000000000000,0,0,0,0,0,0,0,0,0,0,0,0,0,0,0,0,0,0,0,0,0,0,0,0,0,0,0,0,0,0,0,0,0,0,0,0,0,0,0,0
2003,268,21,1.440000000000000000,55.59543946000000100,92,653,13.1000000000000000,26,69,6.7400000000000000,69,1.9000000000000000,362.4213785000000000,12853124.0000000000,11.6000000000000000,11.7000000000000000,0.44500000000000001,9.3000000000000007,63.000000000000000,0,0,0,0,0,0,0,0,0,0,0,0,0,0,0,0,0,0,0,0,0,0,0,0,0,0,0,0,0,0,0,0,1,0,0,0,0,0,0,0
2009,72,2,8.400000000000000000,864.94992999999999000,42,14,63.6000000000000000,2,89,11.1700000000000000,91,0.1000000000000000,4773.4543599999997000,33628571.0000000000,0.5000000000000000,0.4000000000000000,0.89800000000000002,15.9000000000000000,81.000000000000000,0,0,0,0,0,0,0,0,0,0,0,0,0,0,0,0,0,0,0,0,0,0,0,0,0,1,0,0,0,0,0,0,0,0,1,0,0,0,0,0
2006,75,2,8.199999999999999300,771.18176860000005000,14,13,61.9000000000000000,2,95,9.7500000000000000,95,0.1000000000000000,4386.6994800000002000,325755.0000000000,0.5000000000000000,0.4000000000000000,0.89100000000000001,15.8000000000000000,85.000000000000000,0,0,0,0,0,1,0,0,0,0,0,0,0,0,0,0,0,0,0,0,0,0,0,0,0,1,0,0,0,0,0,0,0,0,0,0,0,0,0,0
2002,58,17,1.470000000000000000,31.59415870000000100,92,938,17.2000000000000000,25,42,4.1600000000000000,44,13.4000000000000000,253.7683429999999900,397612.0000000000,1.2000000000000000,1.2000000000000000,0.31500000000000000,5.4000000000000000,45.600000000000000,0,0,0,0,0,0,0,0,0,0,0,0,0,0,0,0,0,0,0,0,0,0,0,0,0,0,1,0,0,1,0,1,1,0,0,0,0,0,0,0
2007,394,46,0.420000000000000000,5.96292353199999960,92,441,16.1000000000000010,80,38,3.3500000000000000,28,4.9000000000000004,81.6838840000000060,177578.0000000000,1.0000000000000000,1.0000000000000000,0.30599999999999999,5.7000000000000000,49.400000000000000,0,0,0,0,0,0,0,0,0,0,0,0,0,0,0,0,0,0,0,0,0,0,0,0,0,0,0,0,1,1,0,1,1,0,0,0,0,0,0,0
2007,259,2,0.160000000000000000,9.08763819400000020,75,0,2.1000000000000000,2,75,4.9300000000000000,75,0.1000000000000000,72.7593130000000060,64162.0000000000,7.3000000000000000,7.2000000000000000,0.45900000000000002,10.0000000000000000,66.000000000000000,0,0,0,0,0,0,0,0,0,0,0,0,0,0,0,0,0,0,0,0,0,0,0,0,0,0,0,0,0,0,0,0,0,0,0,0,0,0,0,0
2007,354,8,2.750000000000000000,0E-17,64,84,22.8000000000000000,11,71,2.5400000000000000,72,5.0000000000000000,null,null,8.5000000000000000,8.1999999999999993,0.51700000000000002,9.8000000000000007,58.200000000000000,0,0,0,0,0,0,0,0,0,0,0,0,0,0,0,0,0,0,0,0,0,0,0,0,0,0,0,0,0,0,0,0,1,0,0,0,0,0,0,0
2007,114,0,12.560000000000000000,2019.81277900000010000,95,0,58.7000000000000000,0,96,7.4400000000000000,96,0.1000000000000000,13546.6987200000000000,4436.0000000000,1.8000000000000000,1.7000000000000000,0.79300000000000004,14.3000000000000000,75.800000000000000,0,0,0,0,0,0,0,0,0,0,0,0,0,0,0,0,0,0,0,0,0,0,0,0,1,0,0,0,0,0,0,0,0,0,0,0,0,0,0,0
2002,124,0,13.390000000000000000,11.63615139000000000,92,6,55.8000000000000000,0,95,6.1900000000000000,95,0.1000000000000000,653.7163699999999800,444.0000000000,2.0000000000000000,2.0000000000000000,0.75900000000000001,12.6000000000000000,74.800000000000000,0,0,0,0,0,0,0,0,0,0,0,0,0,0,0,0,0,0,0,0,0,0,0,0,0,0,0,0,0,0,0,0,0,0,0,0,0,0,0,0
2014,93,1,4.370000000000000000,13.66910189999999900,97,0,6.7000000000000000,1,99,11.6000000000000000,99,0.1000000000000000,75.5199000000000070,null,3.4000000000000000,3.3000000000000000,0.77200000000000002,14.0000000000000000,79.000000000000000,0,0,0,0,0,0,0,0,0,0,0,0,0,0,0,0,0,0,0,0,0,0,0,0,0,0,0,0,0,0,0,0,0,0,0,0,0,0,0,0
2013,96,1,4.180000000000000000,95.67571175999999900,96,0,59.9000000000000000,1,99,9.4800000000000000,99,0.1000000000000000,676.1534400000000500,null,3.4000000000000000,3.3000000000000000,0.77300000000000002,14.7000000000000000,78.700000000000000,0,0,0,0,0,0,0,0,0,0,0,0,0,0,0,0,0,0,0,0,0,0,0,0,0,0,0,0,0,0,0,0,0,0,0,0,0,0,0,0
2010,99,0,12.690000000000000000,0E-17,99,0,63.6000000000000000,0,99,7.4300000000000000,99,0.1000000000000000,null,null,1.9000000000000000,2.0000000000000000,null,null,77.500000000000000,0,0,0,0,0,0,0,0,0,0,0,0,0,0,0,0,0,0,0,0,0,0,0,0,0,0,0,0,0,0,0,0,0,0,0,0,0,0,0,0
2008,16,0,13.250000000000000000,0E-17,99,2,62.6000000000000000,0,99,6.8200000000000000,99,0.1000000000000000,null,null,1.9000000000000000,2.0000000000000000,null,null,77.000000000000000,0,0,0,0,0,0,0,0,0,0,0,0,0,0,0,0,0,0,0,0,0,0,0,0,0,0,0,0,0,0,0,0,0,0,0,0,0,0,0,0
2005,114,0,13.190000000000000000,0E-17,99,0,61.3000000000000000,0,96,6.9300000000000000,97,0.1000000000000000,null,null,2.1000000000000000,2.1000000000000000,null,null,75.900000000000006,0,0,0,0,0,0,0,0,0,0,0,0,0,0,0,0,0,0,0,0,0,0,0,0,0,0,0,0,0,0,0,0,0,0,0,0,0,0,0,0
2015,139,6,null,0E-17,96,0,32.9000000000000000,7,99,null,96,0.1000000000000000,null,null,4.9000000000000004,4.9000000000000004,null,null,76.000000000000000,0,0,0,0,0,0,0,0,0,0,0,0,0,0,0,0,0,0,0,0,0,0,0,0,0,0,0,0,0,0,0,0,0,0,0,0,0,0,0,0
2001,177,16,2.529999999999999800,0E-17,92,0,25.7000000000000000,21,98,null,62,0.1000000000000000,null,null,5.9000000000000000,6.0000000000000000,null,null,66.599999999999994,0,0,0,0,0,0,0,0,0,0,0,0,0,0,0,0,0,0,0,0,0,0,0,0,0,0,0,0,0,0,0,0,0,0,0,0,0,0,0,0
2003,325,2,1.020000000000000000,94.13302874999999400,92,37,29.4000000000000000,2,68,6.2200000000000000,68,4.2000000000000000,819.9741179999999800,758615.0000000000,6.1000000000000000,5.9000000000000000,0.37800000000000000,3.5000000000000000,58.000000000000000,0,0,0,0,0,0,0,0,0,0,0,0,0,0,0,0,0,0,0,0,0,0,0,0,0,0,0,0,0,0,0,0,1,0,0,0,0,0,1,0
2002,322,2,1.030000000000000000,13.46662004000000000,92,50,29.0000000000000000,2,62,5.4500000000000000,62,4.3000000000000000,792.1541200000000300,746221.0000000000,6.2000000000000000,6.0000000000000000,0.37200000000000000,3.3000000000000000,57.900000000000000,0,0,0,0,0,0,0,0,0,0,0,0,0,0,0,0,0,0,0,0,0,0,0,0,0,0,0,0,0,0,0,0,1,0,0,0,0,0,1,0
2002,177,61,0.150000000000000000,0E-17,97,653,51.8000000000000000,75,97,5.9700000000000000,97,0.1000000000000000,null,null,3.4000000000000000,3.4000000000000000,0.61699999999999999,11.2000000000000000,68.700000000000000,0,0,0,0,0,0,0,0,0,0,0,0,0,0,0,0,0,0,0,0,0,0,1,0,0,0,0,0,1,0,0,0,0,0,0,0,0,0,0,0
2005,337,3,7.190000000000000000,12.06616709999999900,92,0,2.2000000000000002,4,5,1.6300000000000000,39,4.9000000000000004,185.6333400000000000,757317.0000000000,9.8000000000000007,9.8000000000000007,0.56299999999999994,8.6999999999999993,54.400000000000000,0,0,0,0,0,0,0,0,0,1,0,0,0,0,0,0,0,0,0,0,0,0,0,0,0,0,0,0,0,1,0,1,1,0,0,0,0,0,0,0
2015,255,5,null,0E-17,95,198,18.6000000000000010,7,95,null,95,0.4000000000000000,null,null,8.4000000000000000,8.1999999999999993,0.41799999999999998,5.0000000000000000,64.700000000000000,0,0,0,0,0,0,0,0,0,0,0,0,0,0,0,0,0,0,0,0,0,0,0,0,0,0,0,0,0,0,0,0,0,0,0,0,0,0,0,0
2007,189,0,17.870000000000000000,1904.12469000000010000,95,1,56.3000000000000000,0,95,5.1600000000000000,95,0.1000000000000000,16586.4520000000010000,13468.0000000000,2.0000000000000000,2.1000000000000000,0.82899999999999996,16.1000000000000010,73.000000000000000,0,0,0,1,0,0,0,0,0,0,0,0,0,0,0,0,0,0,0,0,0,0,0,1,1,0,0,0,0,0,0,0,0,1,0,0,0,0,0,0
2012,241,150,1.840000000000000000,86.82551123999999700,69,4347,16.3999999999999990,221,7,5.7700000000000000,69,1.2000000000000000,468.5672490000000000,92444183.0000000000,1.7000000000000000,1.5000000000000000,0.42199999999999999,8.4000000000000000,63.300000000000000,0,0,0,0,0,0,0,0,0,1,0,0,0,0,0,0,0,0,0,0,0,0,1,0,0,0,1,0,1,1,0,0,0,0,1,0,0,0,0,0
2009,274,169,1.170000000000000000,53.77354000999999800,56,1176,15.3000000000000000,256,65,4.4100000000000000,58,2.0000000000000000,379.7566385000000100,85416253.0000000000,11.1000000000000000,1.8000000000000000,0.39300000000000002,8.1000000000000000,68.000000000000000,0,0,0,0,0,0,0,0,0,0,0,0,0,0,0,0,0,0,0,0,0,0,1,0,0,1,1,0,1,0,0,0,1,0,1,0,0,0,0,0
2007,29,0,2.090000000000000000,5.88952622099999970,99,0,56.6000000000000000,0,99,3.7400000000000000,99,0.1000000000000000,478.8232699999999800,834812.0000000000,4.0999999999999996,3.8000000000000000,0.69799999999999995,14.2000000000000000,68.599999999999994,0,0,0,0,0,0,0,0,0,0,0,0,0,0,0,0,0,0,0,0,0,0,0,0,0,0,0,0,0,0,0,0,0,0,0,0,0,0,0,0
2014,78,0,8.800000000000000700,6164.45540199999960000,92,0,61.7000000000000000,0,98,9.6800000000000000,98,0.1000000000000000,49914.6186400000010000,5461512.0000000000,0.9000000000000000,0.8000000000000000,0.89000000000000000,17.0000000000000000,89.000000000000000,0,0,0,0,0,0,0,0,0,0,0,0,0,0,0,0,0,0,0,0,0,0,0,0,1,0,0,0,0,0,0,0,0,1,0,0,0,0,0,0
2004,94,3,13.180000000000000000,5291.23478600000000000,35,4448,57.0000000000000000,4,99,1.5300000000000000,98,0.1000000000000000,33874.7425500000030000,6274897.0000000000,0.6000000000000000,0.6000000000000000,0.85699999999999998,15.5000000000000000,82.000000000000000,0,0,0,0,0,0,0,0,0,0,0,0,0,0,0,0,0,0,0,0,0,0,0,0,1,1,1,0,0,0,0,0,0,1,0,0,0,0,0,0
2002,315,2,8.340000000000000000,22.69039905000000000,92,110,29.2000000000000000,3,44,3.2200000000000000,45,10.7000000000000000,412.5527099999999900,129449.0000000000,7.7000000000000000,7.5000000000000000,0.63600000000000001,12.3000000000000000,59.700000000000000,0,0,0,0,0,0,0,0,0,0,0,0,0,0,0,0,0,0,0,0,0,0,0,0,0,0,0,0,0,1,0,1,1,0,0,0,0,0,0,0
2013,84,0,4.760000000000000000,430.87697850000001000,99,0,56.5000000000000000,1,99,5.6600000000000000,99,0.1000000000000000,4414.7231400000001000,289592.0000000000,1.3000000000000000,1.4000000000000000,0.75900000000000001,14.2000000000000000,77.200000000000000,0,0,0,0,0,0,0,0,0,0,0,0,0,0,0,0,0,0,0,0,0,0,0,0,0,0,0,0,0,0,0,0,0,0,0,0,0,0,0,0
2000,145,21,0.250000000000000000,154.45594360000001000,92,0,44.4000000000000000,25,86,3.4900000000000000,86,0.1000000000000000,1757.1779700000000000,3118366.0000000000,6.5000000000000000,6.4000000000000000,0.63600000000000001,10.7000000000000000,71.300000000000000,0,0,0,0,0,0,0,0,0,0,0,0,0,0,0,0,0,0,0,0,0,0,0,0,0,0,0,0,0,0,0,0,0,0,0,0,0,0,0,0
2014,348,67,8.330000000000000000,23.96561200000000000,64,11699,22.7000000000000000,101,68,3.3100000000000000,64,2.0000000000000000,479.3122399999999700,2692466.0000000000,8.5000000000000000,8.3000000000000007,0.52700000000000002,11.4000000000000000,51.700000000000000,0,0,0,0,0,0,0,0,0,0,0,0,0,0,0,0,0,0,0,0,0,0,1,0,0,0,1,0,1,0,0,0,1,0,0,0,0,0,0,0
2014,131,0,8.560000000000000000,2422.99977399999990000,99,0,47.0000000000000000,0,96,5.5400000000000000,99,0.2000000000000000,12888.2966700000000000,null,3.3000000000000000,3.3000000000000000,0.78200000000000003,13.9000000000000000,76.200000000000000,0,0,0,0,0,0,0,0,0,0,0,0,0,0,0,0,0,0,0,0,0,0,0,0,1,0,0,0,0,0,0,0,0,0,0,0,0,0,0,0
2002,153,0,7.210000000000000000,927.40758549999998000,99,0,39.5000000000000000,0,93,4.4100000000000000,98,0.1000000000000000,9386.7164520000006000,null,3.6000000000000000,3.5000000000000000,0E-17,0E-16,74.000000000000000,0,0,0,0,0,0,0,0,0,0,0,0,0,0,0,0,0,0,1,0,0,0,0,0,0,0,0,0,0,0,0,0,0,0,0,0,0,1,1,0
2003,137,11,7.620000000000000000,57.58467352000000300,73,0,55.7000000000000000,13,95,8.2200000000000006,96,0.1000000000000000,333.4375999999999700,3839379.0000000000,1.2000000000000000,1.0000000000000000,0.77000000000000000,16.3999999999999990,74.099999999999994,0,0,0,0,0,0,0,0,0,0,0,0,0,0,0,0,0,0,0,0,0,0,0,0,0,0,0,0,0,0,0,0,0,0,0,0,0,0,0,0
2012,121,1,3.890000000000000000,274.15269860000001000,95,0,52.6000000000000000,1,96,4.4800000000000004,95,0.1000000000000000,3684.8481000000002000,2881922.0000000000,2.0000000000000000,2.1000000000000000,0.73199999999999998,12.7000000000000000,74.400000000000006,0,0,0,0,0,0,0,0,0,0,0,0,0,0,0,0,0,0,0,0,0,0,0,0,0,0,0,0,0,0,0,0,0,0,0,0,0,0,0,0
2015,59,1,null,0E-17,93,74,66.5999999999999940,1,93,null,93,0.1000000000000000,56554.3876000000020000,23789338.0000000000,0.6000000000000000,0.6000000000000000,0.93700000000000006,20.3999999999999990,82.800000000000000,0,0,0,0,0,0,0,0,0,0,0,0,0,1,0,0,0,0,0,0,0,0,0,0,0,0,0,0,0,0,0,0,0,1,1,0,0,0,0,0
2001,151,8,0.510000000000000000,4.10419007700000020,92,574,42.6000000000000000,10,77,4.4800000000000004,77,0.1000000000000000,73.6838434000000010,81112.0000000000,3.1000000000000000,3.1000000000000000,0.64200000000000002,10.4000000000000000,67.500000000000000,0,0,0,0,0,0,0,0,0,0,0,0,0,0,0,0,0,0,0,0,0,0,0,0,0,0,0,0,0,0,0,0,0,0,0,0,0,0,0,0
2012,167,0,9.500000000000000000,0E-17,96,0,62.6000000000000000,0,99,7.4300000000000000,98,0.2000000000000000,null,null,2.5000000000000000,2.5000000000000000,0.78900000000000003,12.6000000000000000,74.900000000000006,0,0,0,0,0,0,0,0,0,0,0,0,0,0,0,0,0,0,0,0,0,0,0,0,0,0,0,0,0,0,0,0,0,0,0,0,0,0,0,0
2009,168,0,9.289999999999999100,0E-17,95,0,6.7000000000000000,0,97,7.4300000000000000,96,0.1000000000000000,null,null,2.5000000000000000,2.5000000000000000,0.79100000000000004,12.6000000000000000,74.599999999999994,0,0,0,0,0,0,0,0,0,0,0,0,0,0,0,0,0,0,0,0,0,0,0,0,0,0,0,0,0,0,0,0,0,0,0,0,0,0,0,0
2014,199,0,13.940000000000000000,1147.11140000000000000,97,64,61.7000000000000000,0,97,5.6900000000000000,97,0.1000000000000000,8318.4292939999996000,9474511.0000000000,1.9000000000000000,2.0000000000000000,0.79600000000000004,15.7000000000000000,72.000000000000000,0,0,0,0,0,0,0,0,0,0,0,0,0,0,0,0,0,0,0,0,0,0,0,0,1,0,0,0,0,0,0,0,0,0,0,0,0,0,0,0
2011,232,0,17.309999999999999000,846.91130710000004000,98,50,59.9000000000000000,1,98,4.9200000000000000,98,0.1000000000000000,6519.7175299999999000,9473172.0000000000,2.0000000000000000,2.1000000000000000,0.78700000000000003,15.5000000000000000,72.000000000000000,0,0,0,1,0,0,0,0,0,0,0,0,0,0,0,0,0,0,0,0,0,0,0,0,0,0,0,0,0,0,0,0,0,0,0,0,0,0,0,0
2013,77,0,11.770000000000000000,702.35935700000005000,98,39,63.0000000000000000,1,99,1.5700000000000000,99,0.1000000000000000,4651.3864700000004000,11182817.0000000000,1.0000000000000000,0.9000000000000000,0.88900000000000001,16.3000000000000000,87.000000000000000,0,0,0,0,0,0,0,0,0,0,0,0,0,0,0,0,0,0,0,0,0,0,0,0,0,0,0,0,0,0,0,0,0,0,0,0,0,0,0,0
2008,87,0,10.470000000000000000,7191.05150700000010000,98,98,61.3000000000000000,1,99,9.6000000000000000,99,0.1000000000000000,48424.5892699999970000,179973.0000000000,0.8000000000000000,0.8000000000000000,0.87400000000000000,15.8000000000000000,79.500000000000000,0,0,0,0,1,0,0,0,0,0,0,0,0,0,0,0,0,0,0,0,0,0,0,0,1,0,0,0,0,0,0,0,0,1,0,0,0,0,0,0
2007,86,0,10.250000000000000000,640.35609179999994000,94,64,6.9000000000000000,1,99,9.2500000000000000,98,0.1000000000000000,4443.8313099999996000,16257.0000000000,0.8000000000000000,0.8000000000000000,0.87100000000000000,15.8000000000000000,79.500000000000000,0,0,0,0,0,0,0,0,0,0,0,0,0,0,0,0,0,0,0,0,0,0,0,0,0,0,0,0,0,0,0,0,0,0,0,0,0,0,0,0
2014,177,0,6.580000000000000000,670.09208830000000000,95,0,5.0999999999999996,0,95,5.7900000000000000,95,0.2000000000000000,4852.2236659999999000,351694.0000000000,3.4000000000000000,3.4000000000000000,0.70499999999999996,12.8000000000000000,70.000000000000000,0,0,0,0,0,0,0,0,0,0,0,0,0,0,0,0,0,0,0,0,0,0,0,0,0,0,0,0,0,0,0,0,0,0,0,0,0,0,0,0
2005,191,0,6.250000000000000000,365.79989599999999000,96,0,43.8000000000000000,0,96,4.4500000000000000,96,0.8000000000000000,3933.3322149999999000,283277.0000000000,3.6000000000000000,3.5000000000000000,0.69499999999999995,12.8000000000000000,69.000000000000000,0,0,0,0,0,0,0,0,0,0,0,0,0,0,0,0,0,0,0,0,0,0,0,0,0,0,0,0,0,0,0,0,0,0,0,0,0,0,0,0
2003,23,13,2.370000000000000000,0E-17,8,0,44.7000000000000000,17,82,5.3000000000000000,88,0.2000000000000000,null,null,1.4000000000000000,1.3000000000000000,0.61699999999999999,14.4000000000000000,64.500000000000000,0,0,0,0,0,1,0,0,0,0,0,0,0,0,0,0,0,0,0,0,0,0,0,0,0,1,0,0,0,0,0,0,0,0,0,0,0,0,0,0
2001,679,2,5.480000000000000000,306.95273490000000000,87,1,3.5000000000000000,4,97,5.7300000000000000,97,37.2000000000000030,3128.9779300000000000,1754935.0000000000,11.8000000000000000,11.8000000000000000,0.56000000000000005,11.8000000000000000,46.700000000000000,0,1,0,0,0,0,0,0,0,0,0,0,1,0,0,0,0,0,0,0,0,1,0,0,0,0,0,0,0,0,0,0,1,0,0,0,0,0,0,0
2015,142,42,null,0E-17,96,214,56.1000000000000000,47,98,null,96,0.1000000000000000,8757.2621999999992000,2596218.0000000000,2.7000000000000000,2.6000000000000000,0.75400000000000000,15.2000000000000000,75.000000000000000,0,0,0,0,0,0,0,0,0,0,0,0,0,0,0,0,0,0,0,0,0,0,0,0,0,0,0,0,0,0,0,0,0,0,0,0,0,0,0,0
2013,146,46,7.240000000000000000,916.27084500000001000,96,220,54.5000000000000000,52,96,8.4800000000000000,97,0.1000000000000000,12216.9446000000010000,2248632.0000000000,2.8000000000000000,2.7000000000000000,0.73399999999999999,14.2000000000000000,74.700000000000000,0,0,0,0,0,0,0,0,0,0,0,0,0,0,0,0,0,0,0,0,0,0,0,0,0,0,0,0,0,0,0,0,0,0,0,0,0,0,0,0
2010,154,54,7.520000000000000000,1111.19132500000000000,96,68,52.0000000000000000,61,99,8.2700000000000000,99,0.1000000000000000,11224.1548000000000000,196796269.0000000000,2.9000000000000000,2.9000000000000000,0.71599999999999997,13.8000000000000000,73.800000000000000,0,0,0,0,0,0,0,0,0,0,0,0,0,0,1,0,0,0,0,0,0,0,1,0,1,0,0,0,0,0,0,0,0,0,1,0,0,0,0,0
2007,159,65,7.190000000000000000,394.93212990000001000,99,0,49.4000000000000000,73,99,8.2799999999999994,99,0.1000000000000000,7313.5579619999999000,19126637.0000000000,3.1000000000000000,3.0000000000000000,0.70000000000000000,13.5000000000000000,73.300000000000000,0,0,0,0,0,0,0,0,0,0,0,0,0,0,0,0,0,0,0,0,0,0,1,0,0,0,0,0,1,0,0,0,0,0,1,0,0,0,0,0
2005,163,75,6.970000000000000000,23.76370075000000200,98,6,47.8000000000000000,85,99,8.2700000000000000,99,0.1000000000000000,477.1827460000000100,186917361.0000000000,3.2000000000000000,3.1000000000000000,0.69399999999999995,13.8000000000000000,72.700000000000000,0,0,0,0,0,0,0,0,0,0,0,0,0,0,0,0,0,0,0,0,0,0,1,0,0,0,0,0,1,0,0,0,0,0,1,0,0,0,0,0
2009,88,0,0.250000000000000000,1873.68685200000000000,96,2,35.2000000000000030,0,99,2.8500000000000000,99,0.1000000000000000,27965.4753999999990000,null,6.0000000000000000,5.5000000000000000,0.84099999999999997,14.1000000000000000,76.800000000000000,0,0,0,0,0,0,0,0,0,0,0,0,0,0,0,0,0,0,0,0,0,0,0,0,1,0,0,0,0,0,0,0,0,1,0,0,0,0,0,0
2002,95,0,0.130000000000000000,941.70368680000001000,99,0,28.0000000000000000,0,99,3.4000000000000000,94,0.1000000000000000,16846.2197999999990000,null,6.7000000000000000,6.1000000000000000,0.82000000000000000,13.3000000000000000,74.800000000000000,0,0,0,0,0,0,0,0,0,0,0,0,0,0,0,0,0,0,0,0,0,0,0,0,0,0,0,0,0,0,0,0,0,1,0,0,0,0,0,0
2013,14,1,12.060000000000000000,149.65987899999999000,95,14,64.5000000000000000,1,95,7.9300000000000000,95,0.1000000000000000,7674.8655900000003000,7265115.0000000000,1.9000000000000000,1.9000000000000000,0.78100000000000003,14.4000000000000000,74.099999999999994,0,0,0,0,0,0,0,0,0,0,0,0,0,0,0,0,0,0,0,0,0,0,0,0,0,0,0,0,0,0,0,0,0,0,0,0,0,0,0,0
2004,323,49,4.540000000000000000,56.96108088999999800,92,77,13.7000000000000000,91,83,6.4500000000000000,79,2.5000000000000000,371.3238650000000100,133569.0000000000,1.5000000000000000,1.1000000000000001,0E-17,3.9000000000000000,52.400000000000000,0,0,0,0,0,0,0,0,0,0,0,0,0,0,0,0,0,0,0,0,0,0,0,0,0,0,0,0,1,0,0,0,1,0,0,0,0,1,0,0
2014,47,58,0.010000000000000000,0E-17,76,50,27.4000000000000000,80,76,5.7200000000000000,76,2.0000000000000000,null,null,5.6000000000000000,5.6000000000000000,null,null,52.800000000000000,0,0,0,0,0,0,0,0,0,0,0,0,0,0,0,0,0,0,0,0,0,0,1,0,0,0,0,0,1,0,0,0,1,0,0,0,0,0,0,0
2002,473,65,3.130000000000000000,0E-17,48,5882,2.4000000000000000,93,7,4.4700000000000000,64,6.9000000000000000,null,null,7.7000000000000000,7.7000000000000000,null,null,47.700000000000000,0,0,0,0,0,0,0,0,0,1,0,0,0,0,0,0,0,0,0,0,0,1,1,0,0,1,1,0,1,1,0,0,1,0,0,0,0,0,0,0
2013,12,0,0.010000000000000000,325.62986269999999000,94,0,29.7000000000000000,0,93,4.2900000000000000,93,0.2000000000000000,3558.7963140000002000,5216.0000000000,6.9000000000000000,6.9000000000000000,0.64300000000000002,13.6000000000000000,72.800000000000000,0,0,0,0,0,0,0,0,0,0,0,0,0,0,0,0,0,0,0,0,0,0,0,0,0,0,0,0,0,0,0,0,0,0,0,0,0,0,0,0
2004,14,0,4.190000000000000400,240.13971500000000000,91,0,23.7000000000000000,0,94,5.6000000000000000,93,0.8000000000000000,1976.4585600000000000,467664.0000000000,8.6999999999999993,8.6999999999999993,0.57399999999999995,11.1000000000000000,71.400000000000006,0,0,0,0,0,0,0,0,0,0,0,0,0,0,0,0,0,0,0,0,0,0,0,0,0,0,0,0,0,0,0,0,0,0,0,0,0,0,0,0
2005,234,18,1.990000000000000000,62.21817261000000300,92,264,13.9000000000000000,22,82,5.8400000000000000,82,1.4000000000000000,474.2238765999999800,132721.0000000000,11.5000000000000000,11.6000000000000000,0.47000000000000000,10.0000000000000000,62.900000000000000,0,0,0,0,0,0,0,0,0,0,0,0,0,0,0,0,0,0,0,0,0,0,0,0,0,0,0,0,0,0,0,0,0,0,0,0,0,0,0,0
2000,394,62,3.910000000000000000,4.72059353099999960,92,14629,2.9000000000000000,100,57,4.4800000000000004,62,7.7000000000000000,68.4143990000000030,15274234.0000000000,7.7000000000000000,7.8000000000000000,0.43300000000000000,6.9000000000000000,51.400000000000000,0,0,0,0,0,0,0,0,0,0,0,0,0,0,0,0,0,0,0,0,0,0,1,0,0,0,1,0,1,0,0,0,1,0,0,0,0,0,0,0
2001,8,2,7.600000000000000000,3665.08970300000010000,92,34,58.5000000000000000,2,88,9.1000000000000000,89,0.1000000000000000,23691.5947200000010000,31819.0000000000,0.5000000000000000,0.4000000000000000,0.86699999999999999,15.8000000000000000,79.400000000000006,0,0,0,0,0,0,0,0,0,0,0,0,0,0,0,0,0,0,0,0,0,0,0,0,1,0,0,0,0,0,0,0,0,1,0,0,0,0,0,0
2000,82,2,7.600000000000000000,3787.49456000000010000,92,206,57.8000000000000000,2,88,8.6700000000000000,89,0.1000000000000000,24124.1691700000010000,37697.0000000000,0.5000000000000000,0.5000000000000000,0.86399999999999999,15.9000000000000000,79.099999999999994,0,0,0,0,0,0,0,0,0,0,0,0,0,0,0,0,0,0,0,0,0,0,0,0,1,0,0,0,0,0,0,0,0,1,0,0,0,0,0,0
2013,451,16,0.010000000000000000,52.37766600999999900,23,596,21.6000000000000000,23,23,3.8200000000000000,23,5.0999999999999996,337.4849613999999700,4499653.0000000000,8.5000000000000000,8.5000000000000000,0.37000000000000000,7.1000000000000000,49.900000000000000,0,0,0,0,0,0,0,0,0,0,0,0,0,0,0,0,0,0,0,0,0,0,0,0,0,1,0,0,0,1,0,1,1,0,0,0,0,0,0,0
2008,394,46,0.450000000000000000,49.09198224000000000,17,63,16.3999999999999990,80,3,2.9200000000000000,19,4.7000000000000000,929.7723909999999700,11133861.0000000000,9.8000000000000007,9.6999999999999993,0.33800000000000002,6.0000000000000000,49.600000000000000,0,0,0,0,0,0,0,0,0,1,0,0,0,0,0,0,0,0,0,0,0,0,0,0,0,1,0,0,1,1,0,1,1,0,0,0,0,0,0,0
2008,97,266,4.269999999999999600,39.22509728000000000,95,131441,26.5000000000000000,308,99,4.5900000000000000,97,0.1000000000000000,3471.2475469999999000,1324655.0000000000,4.5000000000000000,4.0000000000000000,0.67200000000000004,11.9000000000000000,74.500000000000000,0,0,0,0,0,0,1,0,0,0,0,0,0,0,0,0,0,0,0,0,0,0,1,0,0,0,1,0,1,0,0,0,0,0,0,0,0,0,0,0
2014,144,11,4.380000000000000000,1435.48775500000010000,9,0,57.2000000000000000,12,9,7.2000000000000000,9,0.1000000000000000,7913.3834319999996000,47791911.0000000000,2.1000000000000000,1.9000000000000000,0.72000000000000000,13.6000000000000000,74.599999999999994,0,0,0,0,0,1,0,0,0,1,0,1,0,0,0,0,0,0,0,0,0,0,0,0,1,1,0,0,0,1,0,1,0,0,1,0,0,0,0,0
2010,298,7,3.530000000000000000,0E-17,74,4,24.5000000000000000,10,72,2.2900000000000000,74,3.8000000000000000,null,null,8.1000000000000000,7.7000000000000000,0.54800000000000004,10.5000000000000000,62.000000000000000,0,0,0,0,0,0,0,0,0,0,0,0,0,0,0,0,0,0,0,0,0,0,0,0,0,0,0,0,0,0,0,0,1,0,0,0,0,0,0,0
2004,48,9,2.580000000000000000,0E-17,92,3524,21.2000000000000000,13,67,2.5600000000000000,67,6.3000000000000000,null,null,9.0000000000000000,8.6000000000000000,0.49700000000000000,9.1999999999999993,54.100000000000000,0,0,0,0,0,0,0,0,0,0,0,0,0,0,0,0,0,0,0,0,0,0,0,0,0,0,1,0,0,0,0,0,1,0,0,0,0,0,0,0
2010,16,0,12.100000000000000000,206.88681819999999000,97,7,6.6000000000000000,0,97,8.2500000000000000,97,0.1000000000000000,1355.7458600000000000,4417781.0000000000,1.6000000000000000,1.6000000000000000,0.80300000000000005,14.2000000000000000,76.599999999999994,0,0,0,0,0,0,0,0,0,0,0,0,0,0,0,0,0,0,0,0,0,0,0,0,0,0,0,0,0,0,0,0,0,0,0,0,0,0,0,0
2000,127,0,12.730000000000000000,649.39098709999996000,92,9,54.7000000000000000,0,94,7.6600000000000000,93,0.1000000000000000,4919.6286899999996000,4426.0000000000,2.1000000000000000,2.1000000000000000,0.73899999999999999,12.2000000000000000,74.700000000000000,0,0,0,0,0,0,0,0,0,0,0,0,0,0,0,0,0,0,0,0,0,0,0,0,0,0,0,0,0,0,0,0,0,0,0,0,0,0,0,0
2004,17,1,4.380000000000000000,4.48425457899999990,99,0,53.0000000000000000,1,98,6.1400000000000000,88,0.1000000000000000,339.7162559999999900,null,3.4000000000000000,3.3000000000000000,0.70499999999999996,13.2000000000000000,77.300000000000000,0,0,0,0,0,0,0,0,0,0,0,0,0,0,0,0,0,0,0,0,0,0,0,0,0,0,0,0,0,0,0,0,0,0,0,0,0,0,0,0
2003,18,1,4.389999999999999700,60.34145123999999800,99,0,52.1000000000000000,1,98,6.3100000000000000,72,0.1000000000000000,3192.6693780000001000,null,3.5000000000000000,3.3000000000000000,0.69399999999999995,12.9000000000000000,77.400000000000006,0,0,0,0,0,0,0,0,0,0,0,0,0,0,0,0,0,0,0,0,0,0,0,0,0,0,0,0,0,0,0,0,0,0,0,0,0,0,0,0
2014,53,0,0.010000000000000000,207.30419359999999000,96,10,59.8000000000000000,0,99,7.3700000000000000,99,0.1000000000000000,2734.8838200000000000,115239.0000000000,0.9000000000000000,1.0000000000000000,0.85000000000000000,14.0000000000000000,83.000000000000000,0,0,0,0,0,0,0,0,0,0,0,0,0,0,0,0,0,0,0,0,0,0,0,0,0,0,0,0,0,0,0,0,0,0,0,0,0,0,0,0
2010,59,0,11.320000000000000000,283.33002579999999000,96,18,57.8000000000000000,0,99,7.2300000000000000,99,0.1000000000000000,3818.4639600000000000,111267.0000000000,0.9000000000000000,1.0000000000000000,0.85299999999999998,14.6000000000000000,79.500000000000000,0,0,0,0,0,0,0,0,0,0,0,0,0,0,0,0,0,0,0,0,0,0,0,0,0,0,0,0,0,0,0,0,0,0,0,0,0,0,0,0
2006,36,235,1.530000000000000000,0E-17,92,80123,17.3000000000000000,327,62,3.3900000000000000,62,2.0000000000000000,null,null,11.3000000000000000,11.1000000000000000,null,null,55.000000000000000,0,0,0,0,0,0,1,0,0,0,0,0,0,0,0,0,0,0,0,0,0,0,1,0,0,0,1,0,1,0,0,0,1,0,0,0,0,0,0,0
2013,142,0,0.010000000000000000,11.41955506999999900,96,0,58.4000000000000000,0,96,5.5800000000000000,96,0.1000000000000000,722.7566500000000400,null,2.7000000000000000,2.6000000000000000,0.72099999999999997,12.7000000000000000,null,0,0,0,0,0,0,0,0,0,0,0,0,0,0,0,0,0,0,0,0,0,0,0,0,0,0,0,0,0,0,0,0,0,0,0,0,0,0,0,0
2007,164,6,6.050000000000000000,74.82174879999999500,81,0,5.4000000000000000,8,86,4.3400000000000000,85,1.6000000000000000,4647.3135899999997000,954353.0000000000,3.4000000000000000,3.4000000000000000,0.68500000000000005,12.7000000000000000,72.900000000000006,0,0,0,0,0,0,0,0,0,0,0,0,0,0,0,0,0,0,0,0,0,0,0,0,0,0,0,0,0,0,0,0,1,0,0,0,0,0,0,0
2009,174,54,0.210000000000000000,0E-17,97,608,56.2000000000000000,64,97,5.0999999999999996,97,0.1000000000000000,null,null,3.0000000000000000,3.0000000000000000,0.65900000000000003,12.0000000000000000,69.900000000000006,0,0,0,0,0,0,0,0,0,0,0,0,0,0,0,0,0,0,0,0,0,0,1,0,0,0,0,0,0,0,0,0,0,0,0,0,0,0,0,0
2008,172,54,0.240000000000000000,0E-17,97,668,55.5000000000000000,65,97,4.8200000000000000,97,0.1000000000000000,null,null,3.1000000000000000,3.0000000000000000,0.65100000000000002,11.9000000000000000,69.800000000000000,0,0,0,0,0,0,0,0,0,0,0,0,0,0,0,0,0,0,0,0,0,0,1,0,0,0,0,0,0,0,0,0,0,0,0,0,0,0,0,0
2011,197,2,2.370000000000000000,549.27830810000000000,89,0,53.4000000000000000,2,9,6.8100000000000000,89,0.3000000000000000,3736.5871299999999000,619256.0000000000,1.7000000000000000,1.6000000000000000,0.66600000000000004,13.0000000000000000,72.000000000000000,0,0,0,0,0,0,0,0,0,1,0,0,0,0,0,0,0,0,0,0,0,0,0,0,0,0,0,0,0,1,0,0,0,0,0,0,0,0,0,0
2000,218,4,2.790000000000000000,353.66903280000002000,99,0,45.3000000000000000,5,98,8.1700000000000000,99,0.4000000000000000,2238.4115999999999000,5867626.0000000000,2.1000000000000000,2.0000000000000000,0.60699999999999998,11.3000000000000000,69.000000000000000,0,0,0,0,0,0,0,0,0,0,0,0,0,0,0,0,0,0,0,0,0,0,0,0,0,0,0,0,0,0,0,0,0,0,0,0,0,0,0,0
2007,339,3,6.860000000000000000,1024.51954300000010000,92,5,2.9000000000000000,4,54,2.2500000000000000,41,5.9000000000000000,15761.8391300000000000,829327.0000000000,9.5000000000000000,9.5000000000000000,0.58699999999999997,9.0000000000000000,55.000000000000000,0,0,0,0,0,0,0,0,0,0,0,0,0,0,0,0,0,0,0,0,0,0,0,0,0,0,0,0,0,0,0,1,1,1,0,0,0,0,0,0
2002,334,3,6.010000000000000000,234.78742070000001000,92,24,19.1000000000000010,4,44,2.5000000000000000,36,2.9000000000000000,2711.1711399999999000,66647.0000000000,1.4000000000000000,1.3000000000000000,0.54200000000000004,8.1999999999999993,53.500000000000000,0,0,0,0,0,0,0,0,0,0,0,0,0,0,0,0,0,0,0,0,0,0,0,0,0,0,0,0,0,1,0,1,1,0,0,0,0,0,0,0
2000,218,0,0.010000000000000000,5.34809451000000010,92,9,54.0000000000000000,0,93,5.2800000000000000,93,0.1000000000000000,47.3282700000000030,1396985.0000000000,2.5000000000000000,2.5000000000000000,0.76400000000000001,14.4000000000000000,78.000000000000000,0,0,0,0,0,0,0,0,0,0,0,0,0,0,0,0,0,0,0,0,0,0,0,0,0,0,0,0,0,0,0,0,0,0,0,0,0,0,0,0
2003,363,228,0.790000000000000000,10.97201912000000100,92,228,13.2000000000000000,360,55,4.6399999999999997,37,4.4000000000000004,118.8734465999999900,72545144.0000000000,11.6000000000000000,11.5000000000000000,0.30599999999999999,5.2000000000000000,54.000000000000000,0,0,0,0,0,0,0,0,0,0,0,0,0,0,0,0,0,0,0,0,0,0,1,0,0,0,0,0,1,0,0,1,1,0,1,0,0,0,0,0
2009,91,0,9.960000000000000900,579.73843680000004000,92,2,59.8000000000000000,0,99,9.1999999999999993,99,0.1000000000000000,4717.1557100000000000,5338871.0000000000,0.9000000000000000,0.8000000000000000,0.87800000000000000,17.0000000000000000,79.700000000000000,0,0,0,0,0,0,0,0,0,0,0,0,0,0,0,0,0,0,0,0,0,0,0,0,0,0,0,0,0,0,0,0,0,0,0,0,0,0,0,0
2011,83,3,11.800000000000000000,683.91905680000002000,74,14949,6.6000000000000000,3,99,11.3300000000000000,99,0.1000000000000000,4381.2879999999996000,65342776.0000000000,0.6000000000000000,0.6000000000000000,0.88200000000000001,16.1000000000000010,81.700000000000000,0,0,0,0,0,0,0,0,0,0,0,0,0,0,0,0,0,0,0,0,0,0,0,0,0,0,1,0,0,0,0,0,0,0,1,0,0,0,0,0
2000,13,3,13.630000000000000000,3410.28443100000000000,26,10000,54.6000000000000000,4,98,9.7700000000000000,97,0.1000000000000000,22465.6418400000000000,6912498.0000000000,0.7000000000000000,0.6000000000000000,0.84399999999999997,15.7000000000000000,78.800000000000000,0,0,0,0,0,0,0,0,0,0,0,0,0,0,0,0,0,0,0,0,0,0,0,0,1,1,1,0,0,0,0,0,0,1,0,0,0,0,0,0
2010,284,3,3.480000000000000000,0E-17,97,2,24.1000000000000000,6,97,5.7500000000000000,97,2.1000000000000000,null,null,8.1999999999999993,8.1000000000000000,0.43900000000000000,8.8000000000000007,59.300000000000000,0,0,0,0,0,0,0,0,0,0,0,0,0,0,0,0,0,0,0,0,0,0,0,0,0,0,0,0,0,0,0,0,1,0,0,0,0,0,0,0
2004,296,3,2.509999999999999800,0E-17,95,0,2.2999999999999998,6,88,4.3499999999999996,87,2.9000000000000000,null,null,9.4000000000000000,9.3000000000000007,0.40400000000000003,7.6000000000000000,57.300000000000000,0,0,0,0,0,0,0,0,0,0,0,0,0,0,0,0,0,0,0,0,0,0,0,0,0,0,0,0,0,0,0,0,1,0,0,0,0,0,0,0
2005,15,1,5.160000000000000000,26.99312142999999900,98,6,49.9000000000000000,1,97,6.1200000000000000,98,0.1000000000000000,279.1429309999999800,311487.0000000000,1.8000000000000000,1.8000000000000000,0.68500000000000005,10.8000000000000000,73.500000000000000,0,0,0,0,0,0,0,0,0,0,0,0,0,0,0,0,0,0,0,0,0,0,0,0,0,0,0,0,0,0,0,0,0,0,0,0,0,0,0,0
2012,113,21,0.660000000000000000,555.92608340000004000,95,18,56.1000000000000000,24,95,6.1400000000000000,95,0.1000000000000000,5564.8256600000004000,37565847.0000000000,5.9000000000000000,5.8000000000000000,0.73199999999999998,14.4000000000000000,75.099999999999994,0,0,0,0,0,0,0,0,0,0,0,0,0,0,0,0,0,0,0,0,0,0,0,0,0,0,0,0,0,0,0,0,0,0,1,0,0,0,0,0
2009,123,20,0.500000000000000000,352.06364189999999000,94,107,52.8000000000000000,23,94,5.3600000000000000,95,0.1000000000000000,3868.8312299999998000,3546576.0000000000,6.0000000000000000,5.9000000000000000,0.70499999999999996,13.1000000000000000,74.400000000000006,0,0,0,0,0,0,0,0,0,0,0,0,0,0,0,0,0,0,0,0,0,0,0,0,0,0,0,0,0,0,0,0,0,0,0,0,0,0,0,0
2010,365,78,7.800000000000000000,191.65374069999999000,77,1190,2.4000000000000000,121,81,3.3900000000000000,77,2.5000000000000000,3529.5348199999999000,23369131.0000000000,9.1000000000000000,9.0000000000000000,0.48799999999999999,9.0000000000000000,49.600000000000000,0,0,0,0,0,0,0,0,0,0,0,0,0,0,0,0,0,0,0,0,0,0,1,0,0,0,1,0,1,0,0,0,1,0,1,0,0,0,0,0
2008,126,10,8.410000000000000000,1413.73543000000000000,9,0,58.6000000000000000,11,94,6.6600000000000000,93,0.1000000000000000,8953.3592750000007000,4382389.0000000000,1.0000000000000000,0.9000000000000000,0.79200000000000004,16.3000000000000000,75.400000000000006,0,0,0,0,0,1,0,0,0,0,0,0,0,0,0,0,0,0,0,0,0,0,0,0,1,1,0,0,0,0,0,0,0,0,0,0,0,0,0,0
2006,127,11,7.750000000000000000,961.17746760000000000,84,0,57.5000000000000000,12,92,6.6800000000000000,91,0.1000000000000000,5878.7612700000000000,3955889.0000000000,1.1000000000000001,0.9000000000000000,0.78200000000000003,16.1000000000000010,75.200000000000000,0,0,0,0,0,0,0,0,0,0,0,0,0,0,0,0,0,0,0,0,0,0,0,0,0,0,0,0,0,0,0,0,0,0,0,0,0,0,0,0
2002,134,1,2.860000000000000000,57.17810403000000000,91,40,47.8000000000000000,1,96,5.4000000000000000,94,0.1000000000000000,783.2616990000000200,333897.0000000000,2.1000000000000000,2.1000000000000000,0.64500000000000002,10.8000000000000000,72.599999999999994,0,0,0,0,0,0,0,0,0,0,0,0,0,0,0,0,0,0,0,0,0,0,0,0,0,0,0,0,0,0,0,0,0,0,0,0,0,0,0,0
2005,67,1,10.300000000000000000,579.13316369999995000,95,10,61.5000000000000000,2,92,8.4499999999999993,92,0.1000000000000000,3416.7148299999999000,23948.0000000000,0.7000000000000000,0.6000000000000000,0.91000000000000000,20.3000000000000000,81.000000000000000,0,0,0,0,0,0,0,0,0,0,0,0,0,0,0,0,0,0,0,0,0,0,0,0,0,0,0,0,0,0,0,0,0,0,0,0,0,0,0,0
2006,154,6,0.850000000000000000,105.63372640000000000,52,222,45.3000000000000000,7,8,6.1700000000000000,78,0.1000000000000000,2473.8577599999999000,848455.0000000000,2.9000000000000000,2.9000000000000000,0.68200000000000005,10.7000000000000000,69.200000000000000,0,0,0,0,0,0,0,0,0,1,0,0,0,0,0,0,0,0,0,0,0,0,0,0,0,1,0,0,0,1,0,0,0,0,0,0,0,0,0,0
2003,154,7,0.550000000000000040,42.41491183000000100,51,1978,43.6000000000000000,8,79,6.5600000000000000,77,0.1000000000000000,883.6439964999999600,82341.0000000000,3.0000000000000000,3.0000000000000000,0.65900000000000003,10.8000000000000000,67.800000000000000,0,0,0,0,0,0,0,0,0,0,0,0,0,0,0,0,0,0,0,0,0,0,0,0,0,1,1,0,0,0,0,0,0,0,0,0,0,0,0,0
2015,129,92,null,0E-17,97,240,18.3000000000000000,113,97,null,97,0.1000000000000000,121.1581200000000000,1612886.0000000000,17.8999999999999990,18.3000000000000000,0.57499999999999996,10.1999999999999990,71.800000000000000,0,0,0,0,0,0,0,0,0,0,0,0,0,0,0,0,0,0,0,0,0,0,1,0,0,0,0,0,1,0,0,0,0,0,0,1,1,0,0,0
2014,1,0,8.820000000000000000,294.90565839999999000,94,0,53.7000000000000000,0,95,7.4700000000000000,94,0.1000000000000000,15359.6697100000000000,null,3.8000000000000000,3.7000000000000000,0.79300000000000004,15.3000000000000000,75.400000000000006,0,0,0,0,0,0,0,0,0,0,0,0,0,0,0,0,0,0,0,0,0,0,0,0,0,0,0,0,0,0,0,0,0,1,0,0,0,0,0,0
2007,113,0,8.470000000000000600,1641.30981000000000000,93,0,48.4000000000000000,0,93,5.6400000000000000,93,0.1000000000000000,16462.4855600000010000,null,3.9000000000000000,3.9000000000000000,0.77100000000000002,15.0000000000000000,74.200000000000000,0,0,0,0,0,0,0,0,0,0,0,0,0,0,0,0,0,0,0,0,0,0,0,0,1,0,0,0,0,0,0,0,0,1,0,0,0,0,0,0
2005,117,0,8.010000000000000000,1311.44042300000000000,92,0,46.9000000000000000,0,91,5.3800000000000000,92,0.1000000000000000,14223.8657600000010000,null,4.0000000000000000,4.0000000000000000,0.76100000000000001,14.6000000000000000,73.900000000000006,0,0,0,0,0,0,0,0,0,0,0,0,0,0,0,0,0,0,0,0,0,0,0,0,1,0,0,0,0,0,0,0,0,1,0,0,0,0,0,0
2003,121,0,7.650000000000000000,13.51399170000000000,91,0,45.4000000000000000,0,9,5.8200000000000000,89,0.4000000000000000,1228.5446999999999000,null,4.0999999999999996,4.0999999999999996,0.75300000000000000,14.2000000000000000,73.700000000000000,0,0,0,0,0,0,0,0,0,1,0,0,0,0,0,0,0,0,0,0,0,0,0,0,0,0,0,0,0,1,0,0,0,0,0,0,0,0,0,0
2012,194,0,16.350000000000001000,91.70962117000000500,97,10,6.5000000000000000,1,98,5.0999999999999996,98,0.1000000000000000,694.2439150000000200,9464495.0000000000,2.0000000000000000,2.1000000000000000,0.79300000000000004,15.6000000000000000,71.900000000000006,0,0,0,0,0,0,0,0,0,0,0,0,0,0,0,0,0,0,0,0,0,0,0,0,0,0,0,0,0,0,0,0,0,0,0,0,0,0,0,0
2006,85,0,10.980000000000000000,5579.19908300000040000,94,15,6.6000000000000000,1,99,9.1700000000000000,98,0.1000000000000000,38852.3612999999970000,1547958.0000000000,0.8000000000000000,0.8000000000000000,0.86499999999999999,15.7000000000000000,79.400000000000006,0,0,0,0,0,0,0,0,0,0,0,0,0,0,0,0,0,0,0,0,0,0,0,0,1,0,0,0,0,0,0,0,0,1,0,0,0,0,0,0
2001,1,1,11.010000000000000000,2943.37539599999990000,6,83,58.5000000000000000,1,96,8.2899999999999991,95,0.1000000000000000,23121.5663500000010000,128657.0000000000,0.8000000000000000,0.8000000000000000,0.87300000000000000,18.2000000000000000,78.000000000000000,0,0,0,0,0,1,0,0,0,0,0,0,0,0,0,0,0,0,0,0,0,0,0,0,1,1,0,0,0,0,0,0,0,1,0,0,0,0,0,0
2005,285,25,1.129999999999999900,7.10699735499999980,7,210,2.5000000000000000,39,73,4.7300000000000004,7,2.1000000000000000,61.7999769999999980,7982225.0000000000,8.6999999999999993,8.6000000000000000,0.43000000000000000,8.5000000000000000,56.500000000000000,0,0,0,0,0,1,0,0,0,0,0,1,0,0,0,0,0,0,0,0,0,0,0,0,0,1,0,0,0,0,0,1,1,0,0,0,0,0,0,0
2010,228,1,0.280000000000000030,244.03919490000001000,91,21,2.2999999999999998,1,92,5.1700000000000000,91,0.5000000000000000,2178.9213829999999000,727641.0000000000,16.6000000000000010,17.3000000000000000,0E-17,11.4000000000000000,67.900000000000006,0,0,0,0,0,0,0,0,0,0,0,0,0,0,0,0,0,0,0,0,0,0,0,0,0,0,0,0,0,0,0,0,0,0,0,1,1,1,0,0
2008,234,1,0.210000000000000000,302.66757899999999000,96,7,18.8000000000000000,1,96,6.5800000000000000,96,0.4000000000000000,1795.1813700000000000,795.0000000000,17.1000000000000010,17.8000000000000000,0E-17,10.5000000000000000,67.000000000000000,0,0,0,0,0,0,0,0,0,0,0,0,0,0,0,0,0,0,0,0,0,0,0,0,0,0,0,0,0,0,0,0,0,0,0,1,1,1,0,0
2002,282,1,0.289999999999999980,151.97551930000000000,83,27,14.9000000000000000,1,89,7.7500000000000000,86,0.1000000000000000,885.6382244999999800,66399.0000000000,18.6000000000000010,19.3999999999999990,0E-17,8.0000000000000000,62.500000000000000,0,0,0,0,0,0,0,0,0,0,0,0,0,0,0,1,1,0,0,0,0,0,0,0,0,0,0,0,0,0,0,0,0,0,0,1,1,1,0,0
2009,97,0,4.750000000000000000,645.02130199999999000,9,22,52.6000000000000000,0,9,9.6400000000000000,9,0.1000000000000000,4697.8973200000000000,3746561.0000000000,2.7000000000000000,2.7000000000000000,0.71599999999999997,13.3000000000000000,76.099999999999994,0,0,0,0,0,1,0,0,0,1,0,1,0,0,0,0,0,0,0,0,0,0,0,0,0,1,0,0,0,1,0,1,0,0,0,0,0,0,0,0
2001,113,0,3.850000000000000000,143.29474870000001000,92,0,48.2000000000000000,0,92,7.1600000000000000,91,0.1000000000000000,1524.4122199999999000,3771284.0000000000,3.2000000000000000,3.2000000000000000,0E-17,11.6000000000000000,74.900000000000006,0,0,0,0,0,0,0,0,0,0,0,0,0,0,0,0,0,0,0,0,0,0,0,0,0,0,0,0,0,0,0,0,0,0,0,0,0,1,0,0
2002,699,2,6.410000000000000000,6.33000719999999980,88,7,31.1000000000000000,4,97,6.4700000000000000,97,34.6000000000000000,355.6183820000000000,1779953.0000000000,11.4000000000000000,11.3000000000000000,0.55800000000000005,11.9000000000000000,46.000000000000000,0,1,0,0,0,0,0,0,0,0,0,0,1,0,0,0,0,0,0,0,0,1,0,0,0,0,0,0,0,0,0,0,1,0,0,0,0,0,0,0
2004,89,0,0.110000000000000000,1504.30004000000010000,99,16,3.1000000000000000,0,92,3.1000000000000000,92,0.1000000000000000,21896.6526999999990000,null,6.5000000000000000,6.0000000000000000,0.82799999999999996,13.7000000000000000,76.400000000000006,0,0,0,0,0,0,0,0,0,0,0,0,0,0,0,0,0,0,0,0,0,0,0,0,1,0,0,0,0,0,0,0,0,1,0,0,0,0,0,0
2011,144,1,10.670000000000000000,875.14951889999998000,96,157,63.3000000000000000,1,95,6.8800000000000000,95,0.1000000000000000,7813.8349900000003000,7348328.0000000000,2.0000000000000000,2.0000000000000000,0.77500000000000002,14.2000000000000000,73.700000000000000,0,0,0,0,0,0,0,0,0,0,0,0,0,0,0,0,0,0,0,0,0,0,0,0,0,0,0,0,0,0,0,0,0,0,0,0,0,0,0,0
2002,387,24,5.980000000000000000,9.66001019600000000,92,1016,13.3000000000000000,39,74,5.1500000000000000,81,5.2000000000000000,122.4335892999999900,6741569.0000000000,8.6999999999999993,8.6999999999999993,0.26800000000000002,4.4000000000000004,51.500000000000000,0,0,0,0,0,0,0,0,0,0,0,0,0,0,0,0,0,0,0,0,0,0,0,0,0,0,1,0,0,0,0,0,1,0,0,0,0,0,0,0
2003,473,64,3.120000000000000000,0E-17,63,4770,2.9000000000000000,92,68,4.6500000000000004,61,6.7000000000000000,null,null,7.5000000000000000,7.5000000000000000,null,null,48.000000000000000,0,0,0,0,0,0,0,0,0,0,0,0,0,0,0,0,0,0,0,0,0,1,1,0,0,0,1,0,1,0,0,0,1,0,0,0,0,0,0,0
2006,216,17,2.029999999999999800,51.50447118999999700,8,188,14.3000000000000000,21,8,4.4800000000000004,8,1.1000000000000001,539.8791529000000100,13474489.0000000000,11.4000000000000000,11.6000000000000000,0.48299999999999998,10.1000000000000000,64.099999999999994,0,0,0,0,0,1,0,0,0,1,0,1,0,0,0,0,0,0,0,0,0,0,0,0,0,1,0,0,0,1,0,1,0,0,0,0,0,0,0,0
2002,79,2,7.700000000000000000,3895.85630799999990000,92,6,59.3000000000000000,2,88,9.3699999999999992,88,0.1000000000000000,24167.8430999999980000,31362.0000000000,0.5000000000000000,0.4000000000000000,0.87200000000000000,15.8000000000000000,79.500000000000000,0,0,0,0,0,0,0,0,0,0,0,0,0,0,0,0,0,0,0,0,0,0,0,0,1,0,0,0,0,0,0,0,0,1,0,0,0,0,0,0
2014,437,15,0.010000000000000000,53.43964323000000100,47,210,22.1000000000000000,22,47,4.2000000000000000,47,4.5000000000000000,377.1322740000000000,4515392.0000000000,8.4000000000000000,8.3000000000000007,0.34499999999999997,7.1000000000000000,58.000000000000000,0,0,0,0,0,0,0,0,0,0,0,0,0,0,0,0,0,0,0,0,0,0,0,0,0,1,0,0,0,1,0,1,1,0,0,0,0,0,0,0
2012,439,16,0.010000000000000000,7.34480821400000040,47,141,21.2000000000000000,23,47,3.6200000000000000,47,5.0999999999999996,486.4111399999999900,449416.0000000000,8.6999999999999993,8.6000000000000000,0.36599999999999999,7.1000000000000000,53.000000000000000,0,0,0,0,0,0,0,0,0,0,0,0,0,0,0,0,0,0,0,0,0,0,0,0,0,1,0,0,0,1,0,1,1,0,0,0,0,0,0,0
2011,443,16,1.660000000000000000,58.52947463000000300,47,679,2.7000000000000000,24,47,3.7300000000000000,47,5.8000000000000000,494.3367789999999800,4476153.0000000000,8.8000000000000007,8.8000000000000007,0.36099999999999999,6.8000000000000000,49.800000000000000,0,0,0,0,0,0,0,0,0,0,0,0,0,0,0,0,0,0,0,0,0,0,0,0,0,1,0,0,0,1,0,1,1,0,0,0,0,0,0,0
2010,446,17,1.670000000000000000,43.48359196999999900,45,2,2.2000000000000002,24,46,3.9000000000000000,45,6.6000000000000000,446.4434494000000200,4448525.0000000000,9.0000000000000000,8.9000000000000000,0.35199999999999998,6.6000000000000000,49.200000000000000,0,0,0,0,0,0,0,0,0,0,0,0,0,0,0,0,0,0,0,0,0,0,0,0,0,1,0,0,0,1,0,1,1,0,0,0,0,0,0,0
2015,82,2,null,0E-17,97,9,63.8000000000000000,2,96,null,96,0.1000000000000000,13653.2264000000000000,17762681.0000000000,0.8000000000000000,0.8000000000000000,0.84499999999999997,16.3000000000000000,85.000000000000000,0,0,0,0,0,0,0,0,0,0,0,0,0,0,0,0,0,0,0,0,0,0,0,0,0,0,0,0,0,0,0,0,0,0,1,0,0,0,0,0
2003,1,2,6.370000000000000000,584.09934290000001000,92,1,56.1000000000000000,2,96,7.3400000000000000,96,0.1000000000000000,4787.6995319999996000,15799542.0000000000,1.0000000000000000,1.0000000000000000,0.77500000000000002,14.0000000000000000,77.900000000000006,0,0,0,0,0,0,0,0,0,0,0,0,0,0,0,0,0,0,0,0,0,0,0,0,0,0,0,0,0,0,0,0,0,0,0,0,0,0,0,0
2009,15,13,4.340000000000000000,941.64640450000002000,92,0,53.5000000000000000,15,92,7.1000000000000000,92,0.1000000000000000,5148.4221129999996000,45416181.0000000000,2.2000000000000002,2.0000000000000000,0.69099999999999995,12.4000000000000000,73.599999999999994,0,0,0,0,0,0,0,0,0,0,0,0,0,0,0,0,0,0,0,0,0,0,0,0,0,0,0,0,0,0,0,0,0,0,1,0,0,0,0,0
2001,165,17,4.430000000000000000,404.42058580000003000,8,3,47.5000000000000000,21,83,5.9600000000000000,8,0.1000000000000000,2395.8565509999999000,498899.0000000000,2.5000000000000000,2.2999999999999998,0.65300000000000002,11.4000000000000000,71.500000000000000,0,0,0,0,0,1,0,0,0,0,0,1,0,0,0,0,0,0,0,0,0,0,0,0,0,1,0,0,0,0,0,1,0,0,0,0,0,0,0,0
2008,338,8,2.580000000000000000,0E-17,73,2,23.3000000000000000,11,77,2.9000000000000000,79,4.3000000000000000,null,null,8.4000000000000000,8.0000000000000000,0.52700000000000002,10.0000000000000000,59.400000000000000,0,0,0,0,0,0,0,0,0,0,0,0,0,0,0,0,0,0,0,0,0,0,0,0,0,0,0,0,0,0,0,0,1,0,0,0,0,0,0,0
2000,416,9,2.259999999999999800,0E-17,92,1678,19.3000000000000000,14,31,2.1300000000000000,33,7.8000000000000000,null,null,9.5000000000000000,9.1999999999999993,0.48699999999999999,9.8000000000000007,52.900000000000000,0,0,0,0,0,0,0,0,0,0,0,0,0,0,0,0,0,0,0,0,0,0,0,0,0,0,1,0,0,1,0,1,1,0,0,0,0,0,0,0
2013,96,1,3.420000000000000000,386.13791229999998000,94,0,58.5000000000000000,1,95,9.4700000000000006,95,0.1000000000000000,1569.6663100000001000,47641.0000000000,1.7000000000000000,1.7000000000000000,0.76200000000000001,13.7000000000000000,79.400000000000006,0,0,0,0,0,0,0,0,0,0,0,0,0,0,0,0,0,0,0,0,0,0,0,0,0,0,0,0,0,0,0,0,0,0,0,0,0,0,0,0
2011,98,1,3.410000000000000000,2429.85474500000010000,84,0,56.5000000000000000,1,82,9.7300000000000000,85,0.1000000000000000,9186.5963900000006000,46474.0000000000,1.8000000000000000,1.7000000000000000,0.75200000000000000,13.4000000000000000,79.000000000000000,0,0,0,0,0,0,0,0,0,0,0,0,0,0,0,0,0,0,0,0,0,0,0,0,1,0,0,0,0,0,0,0,0,0,0,0,0,0,0,0
2010,16,1,3.580000000000000000,2377.01029900000000000,89,0,55.5000000000000000,1,93,9.6600000000000000,88,0.1000000000000000,8199.4146209999999000,454528.0000000000,1.8000000000000000,1.8000000000000000,0.74900000000000000,13.3000000000000000,78.099999999999994,0,0,0,0,0,0,0,0,0,0,0,0,0,0,0,0,0,0,0,0,0,0,0,0,1,0,0,0,0,0,0,0,0,0,0,0,0,0,0,0
2004,12,1,4.090000000000000000,1043.10795000000010000,89,0,49.3000000000000000,1,9,7.8000000000000000,9,0.1000000000000000,4425.5746700000000000,418738.0000000000,2.1000000000000000,2.0000000000000000,0.71899999999999997,12.2000000000000000,77.700000000000000,0,0,0,0,0,0,0,0,0,1,0,1,0,0,0,0,0,0,0,0,0,0,0,0,0,0,0,0,0,1,0,1,0,0,0,0,0,0,0,0
2011,57,0,10.690000000000000000,2443.32502800000020000,96,0,58.3000000000000000,0,99,7.5400000000000000,99,0.1000000000000000,32233.8394200000000000,1124835.0000000000,0.9000000000000000,1.0000000000000000,0.84699999999999998,13.8000000000000000,79.700000000000000,0,0,0,0,0,0,0,0,0,0,0,0,0,0,0,0,0,0,0,0,0,0,0,0,1,0,0,0,0,0,0,0,0,1,0,0,0,0,0,0
2005,65,0,11.410000000000000000,1562.52082700000010000,88,1,55.3000000000000000,0,98,6.3700000000000000,98,0.1000000000000000,25324.4866599999990000,127658.0000000000,0.9000000000000000,1.0000000000000000,0.82599999999999996,13.5000000000000000,78.700000000000000,0,0,0,0,0,0,0,0,0,0,0,0,0,0,0,0,0,0,0,0,0,0,0,0,1,0,0,0,0,0,0,0,0,1,0,0,0,0,0,0
2012,93,0,12.710000000000000000,0E-17,99,22,64.5000000000000000,0,99,7.5500000000000000,99,0.1000000000000000,null,null,1.8000000000000000,1.9000000000000000,null,null,78.000000000000000,0,0,0,0,0,0,0,0,0,0,0,0,0,0,0,0,0,0,0,0,0,0,0,0,0,0,0,0,0,0,0,0,0,0,0,0,0,0,0,0
2011,153,8,3.390000000000000000,0E-17,94,0,3.8000000000000000,10,99,null,94,0.1000000000000000,null,null,5.0999999999999996,5.2000000000000000,null,null,69.400000000000006,0,0,0,0,0,0,0,0,0,0,0,0,0,0,0,0,0,0,0,0,0,0,0,0,0,0,0,0,0,0,0,0,0,0,0,0,0,0,0,0
2008,164,9,3.160000000000000000,0E-17,92,8,29.2000000000000000,12,98,null,92,0.1000000000000000,null,null,5.4000000000000000,5.4000000000000000,null,null,68.599999999999994,0,0,0,0,0,0,0,0,0,0,0,0,0,0,0,0,0,0,0,0,0,0,0,0,0,0,0,0,0,0,0,0,0,0,0,0,0,0,0,0
2003,165,12,3.130000000000000000,0E-17,27,0,26.7000000000000000,15,99,null,68,0.1000000000000000,null,null,5.8000000000000000,5.8000000000000000,null,null,68.099999999999994,0,0,0,0,0,0,0,0,0,0,0,0,0,0,0,0,0,0,0,0,0,0,0,0,0,1,0,0,0,0,0,0,0,0,0,0,0,0,0,0
2015,258,236,null,0E-17,81,5020,21.6000000000000000,308,78,null,81,1.1000000000000001,null,null,9.5000000000000000,9.3000000000000007,null,null,59.800000000000000,0,0,0,0,0,0,0,0,0,0,0,0,0,0,0,0,0,0,0,0,0,0,1,0,0,0,1,0,1,0,0,0,0,0,0,0,0,0,0,0
2007,299,236,1.520000000000000000,0E-17,7,55577,17.8000000000000000,326,72,3.6100000000000000,7,1.9000000000000000,null,null,11.1000000000000000,1.9000000000000000,null,null,55.700000000000000,0,0,0,0,0,1,1,0,0,0,0,1,0,0,0,0,0,0,0,0,0,0,1,0,0,1,1,0,1,0,0,1,1,0,0,0,0,0,0,0
2000,346,226,1.980000000000000000,0E-17,92,8282,14.9000000000000000,332,42,1.4500000000000000,4,2.5000000000000000,null,null,12.4000000000000000,12.3000000000000000,null,null,51.300000000000000,0,0,0,0,0,0,0,0,0,0,0,1,0,0,0,0,0,0,0,0,0,0,1,0,0,0,1,0,1,1,0,1,1,0,0,0,0,0,0,0
2012,76,0,9.260000000000000000,928.41707850000000000,92,2,57.7000000000000000,0,94,1.9800000000000000,94,0.1000000000000000,5857.5209999999997000,5591572.0000000000,1.1000000000000001,0.9000000000000000,0.92200000000000004,18.3999999999999990,80.000000000000000,0,0,0,0,0,0,0,0,0,0,0,0,0,0,0,0,0,0,0,0,0,0,0,0,0,0,0,0,0,0,0,0,0,0,0,0,0,0,0,0
2012,174,6,5.930000000000000000,857.13070370000003000,74,0,55.8000000000000000,7,85,4.2600000000000000,85,0.4000000000000000,5968.8767669999997000,115495.0000000000,3.3000000000000000,3.2000000000000000,0.70599999999999996,13.1000000000000000,72.099999999999994,0,0,0,0,0,0,0,0,0,0,0,0,0,0,0,0,0,0,0,0,0,0,0,0,0,0,0,0,0,0,0,0,0,0,0,0,0,0,0,0
2008,161,6,6.120000000000000000,49.09241952000000000,81,0,51.5000000000000000,8,86,4.2000000000000000,82,1.4000000000000000,511.3793699999999900,963652.0000000000,3.4000000000000000,3.3000000000000000,0.69199999999999995,12.8000000000000000,73.300000000000000,0,0,0,0,0,0,0,0,0,0,0,0,0,0,0,0,0,0,0,0,0,0,0,0,0,0,0,0,0,0,0,0,0,0,0,0,0,0,0,0
2000,176,7,6.580000000000000000,44.79247811999999800,68,253,43.1000000000000000,9,71,5.9000000000000000,78,2.5000000000000000,282.4241999999999800,8562622.0000000000,3.8000000000000000,3.7000000000000000,0.65100000000000002,12.2000000000000000,72.000000000000000,0,0,0,0,0,0,0,0,0,0,0,0,0,0,0,0,0,0,0,0,0,0,0,0,0,0,0,0,0,0,0,0,1,0,0,0,0,0,0,0
2008,139,7,3.760000000000000000,197.93030769999999000,93,1,49.3000000000000000,9,94,5.6600000000000000,96,0.1000000000000000,4274.9526500000002000,14447562.0000000000,1.3000000000000000,1.2000000000000000,0.69799999999999995,13.0000000000000000,74.599999999999994,0,0,0,0,0,0,0,0,0,0,0,0,0,0,0,0,0,0,0,0,0,0,0,0,0,0,0,0,0,0,0,0,0,0,0,0,0,0,0,0
2011,168,55,0.220000000000000000,0E-17,96,26,57.8000000000000000,64,96,5.4000000000000000,96,0.1000000000000000,null,null,2.9000000000000000,2.9000000000000000,0.67100000000000004,12.4000000000000000,74.000000000000000,0,0,0,0,0,0,0,0,0,0,0,0,0,0,0,0,0,0,0,0,0,0,1,0,0,0,0,0,0,0,0,0,0,0,0,0,0,0,0,0
2010,191,2,2.360000000000000000,469.39041930000002000,89,0,52.8000000000000000,2,89,6.9100000000000000,89,0.3000000000000000,3474.3924450000000000,6164626.0000000000,1.7000000000000000,1.6000000000000000,0.66200000000000003,12.9000000000000000,72.000000000000000,0,0,0,0,0,0,0,0,0,0,0,0,0,0,0,0,0,0,0,0,0,0,0,0,0,0,0,0,0,0,0,0,0,0,0,0,0,0,0,0
2002,211,0,11.480000000000000000,7.80604282499999960,92,0,54.6000000000000000,0,94,4.8400000000000000,94,0.1000000000000000,538.3477810000000500,137935.0000000000,2.2999999999999998,2.4000000000000000,0.79100000000000004,15.4000000000000000,71.200000000000000,0,0,0,0,0,0,0,0,0,0,0,0,0,0,0,0,0,0,0,0,0,0,0,0,0,0,0,0,0,0,0,0,0,0,0,0,0,0,0,0
2013,237,145,1.860000000000000000,8.31328203900000060,72,5253,16.8000000000000000,211,7,5.1900000000000000,72,0.9000000000000000,52.1535887000000000,94887724.0000000000,1.6000000000000000,1.4000000000000000,0.42699999999999999,8.4000000000000000,63.700000000000000,0,0,0,0,0,0,0,0,0,1,0,0,0,0,0,0,0,0,0,0,0,0,1,0,0,0,1,0,1,1,0,0,0,0,1,0,0,0,0,0
2011,86,0,9.810000000000000000,71.01620837999999500,92,27,6.6000000000000000,0,99,9.1000000000000000,99,0.1000000000000000,579.7241500000000100,5388272.0000000000,0.9000000000000000,0.8000000000000000,0.87800000000000000,16.8999999999999990,83.000000000000000,0,0,0,0,0,0,0,0,0,0,0,0,0,0,0,0,0,0,0,0,0,0,0,0,0,0,0,0,0,0,0,0,0,0,0,0,0,0,0,0
2009,31,2,8.640000000000000000,52.31086275999999900,79,0,33.0000000000000000,3,74,3.4300000000000000,76,8.0000000000000000,763.6622300000000200,1586754.0000000000,6.7000000000000000,6.5000000000000000,0.65200000000000002,12.4000000000000000,61.700000000000000,0,0,0,0,0,0,0,0,0,0,0,0,0,0,0,0,0,0,0,0,0,0,0,0,0,0,0,0,0,0,0,0,1,0,0,0,0,0,0,0
2003,32,2,6.470000000000000000,352.23236500000002000,92,0,29.8000000000000000,3,44,3.4800000000000000,45,11.0000000000000000,4892.1161800000000000,1328146.0000000000,7.5000000000000000,7.4000000000000000,0.63800000000000001,12.3000000000000000,59.700000000000000,0,0,0,0,0,0,0,0,0,0,0,0,0,0,0,0,0,0,0,0,0,0,0,0,0,0,0,0,0,1,0,1,1,0,0,0,0,0,0,0
2010,279,74,0.010000000000000000,79.67936736000000100,66,1989,16.7000000000000000,102,66,9.1999999999999993,66,0.1000000000000000,553.3289399999999900,2883167.0000000000,18.3999999999999990,18.3999999999999990,0.44800000000000001,9.1999999999999993,58.800000000000000,0,0,0,0,0,0,0,0,0,0,0,0,0,0,0,1,1,0,0,0,0,0,1,0,0,0,1,0,1,0,0,0,0,0,0,1,1,0,0,0
2012,86,0,5.140000000000000000,412.44335630000000000,99,9,55.8000000000000000,1,99,5.5900000000000000,99,0.1000000000000000,4247.6143800000000000,2941.0000000000,1.3000000000000000,1.4000000000000000,0.75200000000000000,14.2000000000000000,76.900000000000006,0,0,0,0,0,0,0,0,0,0,0,0,0,0,0,0,0,0,0,0,0,0,0,0,0,0,0,0,0,0,0,0,0,0,0,0,0,0,0,0
2011,88,0,5.370000000000000000,437.06209999999999000,99,28,55.1000000000000000,1,99,5.7100000000000000,99,0.1000000000000000,4437.1786800000000000,295195.0000000000,1.4000000000000000,1.5000000000000000,0.73799999999999999,13.3000000000000000,76.599999999999994,0,0,0,0,0,0,0,0,0,0,0,0,0,0,0,0,0,0,0,0,0,0,0,0,0,0,0,0,0,0,0,0,0,0,0,0,0,0,0,0
2012,358,72,8.240000000000000000,256.12252430000001000,75,4458,21.5000000000000000,110,75,3.3000000000000000,75,2.6000000000000000,4598.2499879999996000,259615.0000000000,8.8000000000000007,8.6000000000000000,0.50800000000000001,10.3000000000000000,56.000000000000000,0,0,0,0,0,0,0,0,0,0,0,0,0,0,0,0,0,0,0,0,0,0,1,0,0,0,1,0,1,0,0,0,1,0,0,0,0,0,0,0
2008,142,0,8.270000000000000000,180.77626950000001000,98,0,43.2000000000000000,0,99,4.6900000000000004,99,0.1000000000000000,1473.3192300000001000,null,3.4000000000000000,3.3000000000000000,0.78600000000000003,14.4000000000000000,75.200000000000000,0,0,0,0,0,0,0,0,0,0,0,0,0,0,0,0,0,0,0,0,0,0,0,0,0,0,0,0,0,0,0,0,0,0,0,0,0,0,0,0
2005,127,11,7.530000000000000000,96.16653429000000100,88,0,56.9000000000000000,12,95,6.8500000000000000,98,0.1000000000000000,576.8838289999999900,39145488.0000000000,1.1000000000000001,1.0000000000000000,0.78000000000000000,16.3000000000000000,74.900000000000006,0,0,0,0,0,0,0,0,0,0,0,0,0,0,0,0,0,0,0,0,0,0,0,0,0,0,0,0,0,0,0,0,0,0,1,0,0,0,0,0
2007,132,1,3.990000000000000000,44.57219966000000300,85,1,49.7000000000000000,1,9,4.3099999999999996,88,0.1000000000000000,3138.8872999999999000,293356.0000000000,2.0000000000000000,2.1000000000000000,0.70699999999999996,11.7000000000000000,73.500000000000000,0,0,0,0,0,0,0,0,0,1,0,0,0,0,0,0,0,0,0,0,0,0,0,0,0,0,0,0,0,1,0,0,0,0,0,0,0,0,0,0
2002,9,0,12.500000000000000000,3979.05772800000020000,81,0,51.2000000000000000,0,82,1.2700000000000000,83,0.1000000000000000,26351.3756800000010000,881957.0000000000,1.7000000000000000,1.9000000000000000,0.84699999999999998,16.1000000000000010,78.700000000000000,0,0,0,0,0,0,0,0,0,0,0,0,0,0,0,0,0,0,0,0,0,0,0,0,1,0,0,0,0,0,0,0,0,1,0,0,0,0,0,0
2009,132,6,2.100000000000000000,22.48638351000000000,74,0,47.3000000000000000,6,84,5.8500000000000000,81,0.1000000000000000,495.2947909999999800,8947243.0000000000,2.8000000000000000,2.9000000000000000,0.72799999999999998,11.6000000000000000,78.000000000000000,0,0,0,0,0,0,0,0,0,0,0,0,0,0,0,0,0,0,0,0,0,0,0,0,0,0,0,0,0,0,0,0,0,0,0,0,0,0,0,0
2011,162,0,9.340000000000000000,0E-17,95,0,62.0000000000000000,0,97,7.6300000000000000,98,0.1000000000000000,null,null,2.5000000000000000,2.5000000000000000,0.78800000000000003,12.6000000000000000,75.000000000000000,0,0,0,0,0,0,0,0,0,0,0,0,0,0,0,0,0,0,0,0,0,0,0,0,0,0,0,0,0,0,0,0,0,0,0,0,0,0,0,0
2008,167,0,10.150000000000000000,0E-17,9,0,6.1000000000000000,0,93,7.3000000000000000,93,0.1000000000000000,null,null,2.5000000000000000,2.5000000000000000,0.79100000000000004,12.6000000000000000,74.500000000000000,0,0,0,0,0,1,0,0,0,0,0,0,0,0,0,0,0,0,0,0,0,0,0,0,0,1,0,0,0,0,0,0,0,0,0,0,0,0,0,0
2004,174,0,10.100000000000000000,0E-17,93,0,57.4000000000000000,0,92,6.2000000000000000,93,0.1000000000000000,null,null,2.6000000000000000,2.5000000000000000,0.78400000000000003,12.3000000000000000,73.800000000000000,0,0,0,0,0,0,0,0,0,0,0,0,0,0,0,0,0,0,0,0,0,0,0,0,0,0,0,0,0,0,0,0,0,0,0,0,0,0,0,0
2003,85,0,2.160000000000000000,1214.55816699999990000,98,12,55.2000000000000000,0,97,3.7400000000000000,97,0.1000000000000000,14221.9925900000000000,null,6.1000000000000000,5.9000000000000000,0.79800000000000004,13.7000000000000000,75.000000000000000,0,0,0,0,0,0,0,0,0,0,0,0,0,0,0,0,0,0,0,0,0,0,0,0,1,0,0,0,0,0,0,0,0,1,0,0,0,0,0,0
2002,123,0,7.590000000000000000,133.09949100000000000,66,0,44.6000000000000000,0,86,5.7600000000000000,87,0.8000000000000000,11675.3939500000000000,null,4.2000000000000000,4.0999999999999996,0.74900000000000000,14.0000000000000000,73.500000000000000,0,0,0,0,0,0,0,0,0,0,0,0,0,0,0,0,0,0,0,0,0,0,0,0,0,0,0,0,0,0,0,0,0,0,0,0,0,0,0,0
2010,222,0,14.440000000000000000,8.49409518000000040,96,1,59.3000000000000000,1,99,5.5500000000000000,98,0.1000000000000000,63.3887700000000010,949583.0000000000,2.0000000000000000,2.2000000000000002,0.78000000000000000,15.5000000000000000,73.000000000000000,0,0,0,0,0,0,0,0,0,0,0,0,0,0,0,0,0,0,0,0,0,0,0,0,0,0,0,0,0,0,0,0,0,0,0,0,0,0,0,0
2015,74,0,null,0E-17,98,47,63.7000000000000000,1,99,null,99,0.1000000000000000,4356.8750000000000000,11274196.0000000000,1.0000000000000000,1.0000000000000000,0.89500000000000002,16.6000000000000010,81.099999999999994,0,0,0,0,0,0,0,0,0,0,0,0,0,0,0,0,0,0,0,0,0,0,0,0,0,0,0,0,0,0,0,0,0,0,0,0,0,0,0,0
2002,99,1,11.290000000000000000,320.31776639999998000,6,0,59.0000000000000000,1,96,8.4600000000000009,95,0.1000000000000000,2552.3328000000001000,1332785.0000000000,0.8000000000000000,0.8000000000000000,0.87500000000000000,18.8000000000000000,78.000000000000000,0,0,0,0,0,1,0,0,0,0,0,0,0,0,0,0,0,0,0,0,0,0,0,0,0,1,0,0,0,0,0,0,0,0,0,0,0,0,0,0
2011,251,25,1.400000000000000000,110.26336190000001000,75,426,23.5000000000000000,39,77,5.3700000000000000,75,1.4000000000000000,825.9427854000000500,94682.0000000000,7.6000000000000000,7.5000000000000000,0.45400000000000001,9.8000000000000007,59.100000000000000,0,0,0,0,0,0,0,0,0,0,0,0,0,0,0,0,0,0,0,0,0,0,0,0,0,0,0,0,0,0,0,0,0,0,0,0,0,0,0,0
2008,211,10,3.770000000000000000,0E-17,88,0,48.0000000000000000,13,87,5.0000000000000000,88,0.2000000000000000,null,null,1.3000000000000000,1.1000000000000001,0.63200000000000001,14.0000000000000000,67.400000000000006,0,0,0,0,0,0,0,0,0,0,0,0,0,0,0,0,0,0,0,0,0,0,0,0,0,0,0,0,0,0,0,0,0,0,0,0,0,0,0,0
2002,234,14,2.259999999999999800,0E-17,77,0,44.0000000000000000,18,76,6.5300000000000000,77,0.1000000000000000,null,null,1.4000000000000000,1.3000000000000000,0.61000000000000000,14.0000000000000000,63.900000000000000,0,0,0,0,0,0,0,0,0,0,0,0,0,0,0,0,0,0,0,0,0,0,0,0,0,0,0,0,0,0,0,0,0,0,0,0,0,0,0,0
2014,89,0,4.030000000000000000,732.86624910000000000,89,3000,55.3000000000000000,0,86,9.5700000000000000,86,0.1000000000000000,5193.9493199999997000,35662.0000000000,2.4000000000000000,2.4000000000000000,0.74199999999999999,14.2000000000000000,77.200000000000000,0,0,0,0,0,0,0,0,0,0,0,0,0,0,0,0,0,0,0,0,0,0,0,0,0,0,1,0,0,0,0,0,0,0,0,0,0,0,0,0
2013,9,0,4.120000000000000000,75.61062911000000500,91,0,54.7000000000000000,0,87,9.4600000000000009,89,0.1000000000000000,535.8655499999999800,364999.0000000000,2.4000000000000000,2.4000000000000000,0.73499999999999999,14.2000000000000000,77.000000000000000,0,0,0,0,0,0,0,0,0,0,0,0,0,0,0,0,0,0,0,0,0,0,0,0,0,0,0,0,0,0,0,0,0,0,0,0,0,0,0,0
2012,148,49,7.550000000000000000,843.19462590000001000,96,2,53.6000000000000000,54,96,8.2600000000000000,95,0.1000000000000000,12291.4668500000010000,256983.0000000000,2.8000000000000000,2.8000000000000000,0.73000000000000000,14.2000000000000000,74.500000000000000,0,0,0,0,0,0,0,0,0,0,0,0,0,0,0,0,0,0,0,0,0,0,0,0,0,0,0,0,0,0,0,0,0,0,0,0,0,0,0,0
2006,161,70,7.100000000000000000,30.30374691000000100,99,57,48.6000000000000000,79,99,8.3600000000000000,99,0.1000000000000000,586.1459750000000200,18912412.0000000000,3.1000000000000000,3.1000000000000000,0.69799999999999995,13.8000000000000000,73.000000000000000,0,0,0,0,0,0,0,0,0,0,0,0,0,0,0,0,0,0,0,0,0,0,1,0,0,0,0,0,1,0,0,0,0,0,1,0,0,0,0,0
2002,176,95,7.000000000000000000,140.98247660000001000,92,1,45.3000000000000000,109,99,7.1300000000000000,99,0.1000000000000000,2819.6495310000000000,1815121.0000000000,3.3000000000000000,3.3000000000000000,0.69199999999999995,14.6000000000000000,71.400000000000006,0,0,0,0,0,0,0,0,0,0,0,0,0,0,0,0,0,0,0,0,0,0,1,0,0,0,0,0,1,0,0,0,0,0,0,0,0,0,0,0
2013,84,0,0.010000000000000000,2845.30644399999980000,98,0,39.2000000000000030,0,99,2.6100000000000000,99,0.1000000000000000,44597.2796800000000000,null,5.8000000000000000,5.2000000000000000,0.86000000000000000,14.9000000000000000,77.099999999999994,0,0,0,0,0,0,0,0,0,0,0,0,0,0,0,0,0,0,0,0,0,0,0,0,1,0,0,0,0,0,0,0,0,1,0,0,0,0,0,0
2014,268,39,0.010000000000000000,8.38633950100000010,91,343,18.8000000000000000,63,91,4.9600000000000000,91,0.6000000000000000,75.1464112999999970,17585977.0000000000,8.1999999999999993,7.7000000000000000,0.39800000000000002,7.7000000000000000,59.300000000000000,0,0,0,0,0,0,0,0,0,0,0,0,0,0,0,0,0,0,0,0,0,0,0,0,0,0,0,0,0,0,0,0,0,0,1,0,0,0,0,0
2008,288,45,4.500000000000000000,107.79883390000001000,93,395,15.6000000000000000,80,92,6.7700000000000000,93,1.5000000000000000,569.7612784000000400,14689726.0000000000,9.5000000000000000,9.1000000000000000,0.34499999999999997,5.4000000000000000,56.100000000000000,0,0,0,0,0,0,0,0,0,0,0,0,0,0,0,0,0,0,0,0,0,0,0,0,0,0,0,0,1,0,0,0,0,0,0,0,0,0,0,0
2014,179,11,0.010000000000000000,12.17952064000000000,88,0,18.8999999999999990,12,87,5.6800000000000000,88,0.2000000000000000,198.6871230000000100,152779.0000000000,1.9000000000000000,11.0000000000000000,0.55300000000000005,10.9000000000000000,68.300000000000000,0,0,0,0,0,0,0,0,0,0,0,0,0,0,0,0,0,0,0,0,0,0,0,0,0,0,0,0,0,0,0,0,0,0,0,0,0,0,0,0
2010,192,14,2.200000000000000200,56.88416481000000100,89,1156,16.3999999999999990,16,88,5.9500000000000000,89,0.5000000000000000,785.6928841000000100,143874.0000000000,11.0000000000000000,11.3000000000000000,0.51900000000000002,10.6000000000000000,66.599999999999994,0,0,0,0,0,0,0,0,0,0,0,0,0,0,0,0,0,0,0,0,0,0,0,0,0,0,1,0,0,0,0,0,0,0,0,0,0,0,0,0
2001,273,25,1.710000000000000000,27.68971051000000100,92,3761,12.4000000000000000,33,59,5.7000000000000000,6,2.2000000000000002,321.2263399999999900,1242473.0000000000,11.6000000000000000,11.8000000000000000,0.41199999999999998,7.6000000000000000,58.500000000000000,0,0,0,0,0,0,0,0,0,0,0,1,0,0,0,0,0,0,0,0,0,0,0,0,0,0,1,0,0,0,0,1,1,0,0,0,0,0,0,0
2013,364,48,0.010000000000000000,63.07890158000000000,89,760,27.8000000000000000,73,88,4.2900000000000000,89,4.0000000000000000,1365.3441900000000000,21655715.0000000000,5.8000000000000000,5.8000000000000000,0.50100000000000000,10.4000000000000000,56.400000000000000,0,0,0,0,0,0,0,0,0,0,0,0,0,0,0,0,0,0,0,0,0,0,0,0,0,0,0,0,1,0,0,0,1,0,1,0,0,0,0,0
2008,382,56,5.900000000000000000,68.70730439999999800,84,495,24.9000000000000000,87,82,5.1800000000000000,84,6.7000000000000000,1233.5243160000000000,18978.0000000000,6.4000000000000000,6.5000000000000000,0.46600000000000003,8.8000000000000007,54.200000000000000,0,0,0,0,0,0,0,0,0,0,0,0,0,0,0,0,0,0,0,0,0,0,1,0,0,0,0,0,1,0,0,0,1,0,0,0,0,0,0,0
2002,47,60,4.580000000000000000,53.70597428000000000,92,1448,21.8000000000000000,97,66,4.8600000000000003,66,7.8000000000000000,676.3976609999999700,1684886.0000000000,7.4000000000000000,7.5000000000000000,0.45200000000000001,8.4000000000000000,51.600000000000000,0,0,0,0,0,0,0,0,0,0,0,0,0,0,0,0,0,0,0,0,0,0,1,0,0,0,1,0,1,0,0,0,1,0,0,0,0,0,0,0
2009,453,17,1.560000000000000000,40.45156932999999800,42,11,19.8000000000000000,25,45,3.5800000000000000,42,7.3000000000000000,449.9618390000000000,44423.0000000000,9.1000000000000000,9.1000000000000000,0.34499999999999997,6.4000000000000000,48.600000000000000,0,0,0,0,0,0,0,0,0,0,0,0,0,0,0,0,0,0,0,0,0,1,0,0,0,1,0,0,0,1,0,1,1,0,0,0,0,0,0,0
2006,56,17,1.540000000000000000,46.90117915999999800,92,3,18.6000000000000010,26,47,3.9900000000000000,51,10.0000000000000000,347.6736780000000000,421758.0000000000,9.6000000000000000,9.6000000000000000,0.32300000000000001,6.0000000000000000,46.300000000000000,0,0,0,0,0,0,0,0,0,0,0,0,0,0,0,0,0,0,0,0,0,0,0,0,0,0,0,0,0,1,0,0,1,0,0,0,0,0,0,0
2000,49,16,1.510000000000000000,30.78382656999999900,92,3207,16.5000000000000000,25,38,4.2400000000000000,37,14.3000000000000000,243.5429317000000000,3754986.0000000000,1.5000000000000000,1.5000000000000000,0.31200000000000000,5.2000000000000000,46.000000000000000,0,0,0,0,0,0,0,0,0,0,0,0,0,0,0,0,0,0,0,0,0,0,0,0,0,0,1,0,0,1,0,1,1,0,0,0,0,0,0,0
2005,46,45,0.420000000000000000,8.93606463200000080,92,2,15.4000000000000000,79,37,3.9100000000000000,25,5.2000000000000000,66.2421396000000020,1679.0000000000,1.5000000000000000,1.4000000000000000,0.30599999999999999,5.6000000000000000,48.600000000000000,0,0,0,0,0,0,0,0,0,0,0,0,0,0,0,0,0,0,0,0,0,0,0,0,0,0,0,0,1,1,0,1,1,0,0,0,0,0,0,0
2000,13,2,6.240000000000000000,74.14842946000000300,92,0,54.0000000000000000,3,91,6.4000000000000000,91,0.1000000000000000,511.3684789999999800,15262754.0000000000,1.1000000000000001,1.1000000000000001,0.75500000000000000,13.5000000000000000,77.300000000000000,0,0,0,0,0,0,0,0,0,0,0,0,0,0,0,0,0,0,0,0,0,0,0,0,0,0,0,0,0,0,0,0,0,0,0,0,0,0,0,0
2013,145,11,4.410000000000000000,15.16255482000000000,91,1,56.4000000000000000,13,91,6.8400000000000000,91,0.1000000000000000,83.5862999999999940,47342981.0000000000,2.1000000000000000,1.9000000000000000,0.71199999999999997,13.3000000000000000,74.400000000000006,0,0,0,0,0,0,0,0,0,0,0,0,0,0,0,0,0,0,0,0,0,0,0,0,0,0,0,0,0,0,0,0,0,0,1,0,0,0,0,0
2015,95,0,null,0E-17,94,206,63.7000000000000000,0,94,null,94,0.1000000000000000,11579.6674000000000000,42364.0000000000,1.5000000000000000,1.4000000000000000,0.82299999999999995,15.3000000000000000,78.000000000000000,0,0,0,0,0,0,0,0,0,0,0,0,0,0,0,0,0,0,0,0,0,0,0,0,0,0,0,0,0,0,0,0,0,0,0,0,0,0,0,0
2012,14,0,11.490000000000000000,1851.71326200000000000,98,2,61.9000000000000000,0,96,7.8000000000000000,96,0.1000000000000000,13235.9775699999990000,4267558.0000000000,1.5000000000000000,1.5000000000000000,0.81499999999999995,14.6000000000000000,77.099999999999994,0,0,0,0,0,0,0,0,0,0,0,0,0,0,0,0,0,0,0,0,0,0,0,0,1,0,0,0,0,0,0,0,0,0,0,0,0,0,0,0
2001,126,0,13.150000000000000000,650.95679810000001000,92,8,55.2000000000000000,0,94,7.1600000000000000,94,0.1000000000000000,5245.4214190000002000,444.0000000000,2.0000000000000000,2.0000000000000000,0.74900000000000000,12.3000000000000000,74.900000000000006,0,0,0,0,0,0,0,0,0,0,0,0,0,0,0,0,0,0,0,0,0,0,0,0,0,0,0,0,0,0,0,0,0,0,0,0,0,0,0,0
2012,96,1,4.160000000000000000,742.19619920000002000,96,0,59.2000000000000000,1,98,8.5900000000000000,99,0.1000000000000000,6425.9411190000001000,null,3.4000000000000000,3.2000000000000000,0.77800000000000002,15.7000000000000000,78.700000000000000,0,0,0,0,0,0,0,0,0,0,0,0,0,0,0,0,0,0,0,0,0,0,0,0,0,0,0,0,0,0,0,0,0,0,0,0,0,0,0,0
2013,54,0,9.039999999999999100,212.08592590000001000,96,0,59.2000000000000000,0,99,7.4600000000000000,99,0.1000000000000000,2797.9673600000001000,1143896.0000000000,0.9000000000000000,1.0000000000000000,0.85000000000000000,13.8000000000000000,81.000000000000000,0,0,0,0,0,0,0,0,0,0,0,0,0,0,0,0,0,0,0,0,0,0,0,0,0,0,0,0,0,0,0,0,0,0,0,0,0,0,0,0
2007,166,9,3.130000000000000000,0E-17,92,3550,28.7000000000000000,12,99,null,92,0.1000000000000000,null,null,5.5000000000000000,5.5000000000000000,null,null,68.500000000000000,0,0,0,0,0,0,0,0,0,0,0,0,0,0,0,0,0,0,0,0,0,0,0,0,0,0,1,0,0,0,0,0,0,0,0,0,0,0,0,0
2004,323,232,1.440000000000000000,0E-17,92,44934,16.5000000000000000,330,52,3.3400000000000000,54,2.1000000000000000,null,null,11.7000000000000000,11.5000000000000000,null,null,53.500000000000000,0,0,0,0,0,0,1,0,0,0,0,0,0,0,0,0,0,0,0,0,0,0,1,0,0,0,1,0,1,0,0,0,1,0,0,0,0,0,0,0
2015,241,1,null,0E-17,84,47,35.0000000000000000,1,84,null,84,2.1000000000000000,1862.1672739999999000,927414.0000000000,5.6000000000000000,5.4000000000000000,0.47000000000000000,6.3000000000000000,63.500000000000000,0,0,0,0,0,0,0,0,0,0,0,0,0,0,0,0,0,0,0,0,0,0,0,0,0,0,0,0,0,0,0,0,1,0,0,0,0,0,0,0
2009,279,1,0.490000000000000000,177.26716070000001000,89,48,31.7000000000000000,2,89,8.3699999999999992,89,3.2000000000000000,1253.6574310000001000,83684.0000000000,5.7000000000000000,5.6000000000000000,0.43600000000000000,5.3000000000000000,69.000000000000000,0,0,0,0,0,0,0,0,0,0,0,0,0,0,0,0,0,0,0,0,0,0,0,0,0,0,0,0,0,0,0,0,1,0,0,0,0,0,0,0
2015,178,2,null,0E-17,91,0,56.1000000000000000,2,92,null,91,0.2000000000000000,4127.1177500000003000,6312478.0000000000,1.6000000000000000,1.5000000000000000,0.67800000000000005,13.2000000000000000,73.500000000000000,0,0,0,0,0,0,0,0,0,0,0,0,0,0,0,0,0,0,0,0,0,0,0,0,0,0,0,0,0,0,0,0,0,0,0,0,0,0,0,0
2014,181,2,2.520000000000000000,665.72602529999995000,93,0,55.4000000000000000,2,93,6.7700000000000000,94,0.2000000000000000,3988.7718709999999000,6281189.0000000000,1.6000000000000000,1.6000000000000000,0.67600000000000005,13.2000000000000000,73.300000000000000,0,0,0,0,0,0,0,0,0,0,0,0,0,0,0,0,0,0,0,0,0,0,0,0,0,0,0,0,0,0,0,0,0,0,0,0,0,0,0,0
2008,194,2,2.680000000000000000,53.95949877000000300,98,0,51.4000000000000000,3,98,6.2100000000000000,98,0.3000000000000000,357.3476739999999800,61131.0000000000,1.8000000000000000,1.7000000000000000,0.65900000000000003,13.4000000000000000,71.700000000000000,0,0,0,0,0,0,0,0,0,0,0,0,0,0,0,0,0,0,0,0,0,0,0,0,0,0,0,0,0,0,0,0,0,0,0,0,0,0,0,0
2008,338,3,8.340000000000000000,1705.67861900000000000,92,436,21.3000000000000000,4,55,2.3100000000000000,42,6.3000000000000000,22742.3815900000010000,868418.0000000000,9.3000000000000007,9.3000000000000007,0.59199999999999997,9.1000000000000000,55.400000000000000,0,0,0,0,0,0,0,0,0,0,0,0,0,0,0,0,0,0,0,0,0,0,0,0,1,0,0,0,0,0,0,1,1,1,0,0,0,0,0,0
2012,274,6,0.010000000000000000,0E-17,94,194,17.0000000000000000,8,94,2.9800000000000000,94,0.6000000000000000,null,null,8.6999999999999993,8.6000000000000000,0.41000000000000000,5.0000000000000000,63.600000000000000,0,0,0,0,0,0,0,0,0,0,0,0,0,0,0,0,0,0,0,0,0,0,0,0,0,0,0,0,0,0,0,0,0,0,0,0,0,0,0,0
2007,329,6,1.230000000000000000,11.42385960999999900,91,55,14.7000000000000000,9,91,3.2900000000000000,91,1.3000000000000000,317.3294336000000200,4153332.0000000000,9.1999999999999993,9.1999999999999993,0.40500000000000003,5.3000000000000000,62.000000000000000,0,0,0,0,0,0,0,0,0,0,0,0,0,0,0,0,0,0,0,0,0,0,0,0,0,0,0,0,0,0,0,0,0,0,0,0,0,0,0,0
2002,22,0,1.850000000000000000,206.07168600000000000,99,304,52.2000000000000000,0,94,3.4800000000000000,93,0.1000000000000000,2259.5579600000001000,815691.0000000000,4.2000000000000000,3.9000000000000000,0.68700000000000006,13.3000000000000000,67.900000000000006,0,0,0,0,0,0,0,0,0,0,0,0,0,0,0,0,0,0,0,0,0,0,0,0,0,0,0,0,0,0,0,0,0,0,0,0,0,0,0,0
2011,289,2,8.900000000000000000,133.52236719999999000,75,2,34.1000000000000000,3,75,3.1200000000000000,75,6.0000000000000000,1716.2257999999999000,169711.0000000000,6.4000000000000000,6.3000000000000000,0.66400000000000003,12.5000000000000000,62.800000000000000,0,0,0,0,0,0,0,0,0,0,0,0,0,0,0,0,0,0,0,0,0,0,0,0,0,0,0,0,0,0,0,0,1,0,0,0,0,0,0,0
2006,288,3,2.930000000000000000,0E-17,95,0,21.5000000000000000,6,94,5.5200000000000000,95,3.0000000000000000,null,null,9.0000000000000000,8.9000000000000000,0.41499999999999998,8.1000000000000000,58.200000000000000,0,0,0,0,0,0,0,0,0,0,0,0,0,0,0,0,0,0,0,0,0,0,0,0,0,0,0,0,0,0,0,0,1,0,0,0,0,0,0,0
2000,33,3,2.180000000000000200,0E-17,91,336,18.0000000000000000,6,84,3.6100000000000000,8,2.0000000000000000,null,null,1.2000000000000000,1.2000000000000000,0.37700000000000000,6.5000000000000000,55.900000000000000,0,0,0,0,0,0,0,0,0,0,0,1,0,0,0,0,0,0,0,0,0,0,0,0,0,0,0,0,0,0,0,1,1,0,0,0,0,0,0,0
2004,293,87,0.020000000000000000,15.29606643000000000,67,466,13.8000000000000000,120,5,8.7899999999999991,5,0.1000000000000000,219.1413527999999900,24118979.0000000000,19.5000000000000000,19.7000000000000000,0.38100000000000001,6.8000000000000000,57.000000000000000,0,0,0,0,0,0,0,0,0,1,0,1,0,0,0,1,1,0,0,0,0,0,1,0,0,0,0,0,1,1,0,1,0,0,1,1,1,0,0,0
2014,8,0,4.510000000000000000,428.74906679999998000,98,0,57.2000000000000000,1,98,5.8800000000000000,98,0.1000000000000000,4575.7637869999999000,288914.0000000000,1.2000000000000000,1.3000000000000000,0.76100000000000001,14.2000000000000000,77.500000000000000,0,0,0,0,0,0,0,0,0,0,0,0,0,0,0,0,0,0,0,0,0,0,0,0,0,0,0,0,0,0,0,0,0,0,0,0,0,0,0,0
2009,91,1,5.790000000000000000,348.05595169999998000,98,0,53.5000000000000000,1,98,5.7900000000000000,98,0.1000000000000000,4114.1365450000003000,2927519.0000000000,1.5000000000000000,1.6000000000000000,0.72099999999999997,12.2000000000000000,76.099999999999994,0,0,0,0,0,0,0,0,0,0,0,0,0,0,0,0,0,0,0,0,0,0,0,0,0,0,0,0,0,0,0,0,0,0,0,0,0,0,0,0
2007,9,1,5.580000000000000000,32.24655228000000300,98,22,51.7000000000000000,1,99,6.1000000000000000,98,0.1000000000000000,363.1368499999999800,29717.0000000000,1.6000000000000000,1.7000000000000000,0.70299999999999996,11.6000000000000000,75.900000000000006,0,0,0,0,0,0,0,0,0,0,0,0,0,0,0,0,0,0,0,0,0,0,0,0,0,0,0,0,0,0,0,0,0,0,0,0,0,0,0,0
2004,17,1,4.540000000000000000,221.84280000000001000,99,7,48.9000000000000000,1,98,6.3800000000000000,97,0.1000000000000000,2416.5882350000002000,326939.0000000000,1.8000000000000000,1.9000000000000000,0.68100000000000005,10.9000000000000000,73.000000000000000,0,0,0,0,0,0,0,0,0,0,0,0,0,0,0,0,0,0,0,0,0,0,0,0,0,0,0,0,0,0,0,0,0,0,0,0,0,0,0,0
2003,18,1,4.290000000000000000,14.71928881999999900,97,8,47.9000000000000000,1,97,6.2700000000000000,97,0.1000000000000000,189.6815570000000000,339616.0000000000,1.9000000000000000,2.0000000000000000,0.67400000000000004,10.7000000000000000,72.800000000000000,0,0,0,0,0,0,0,0,0,0,0,0,0,0,0,0,0,0,0,0,0,0,0,0,0,0,0,0,0,0,0,0,0,0,0,0,0,0,0,0
2008,126,20,0.460000000000000000,43.08717334000000000,91,217,51.8000000000000000,23,92,4.2000000000000000,93,0.1000000000000000,495.2548659999999900,3486715.0000000000,6.0000000000000000,5.9000000000000000,0.69699999999999995,12.6000000000000000,74.099999999999994,0,0,0,0,0,0,0,0,0,0,0,0,0,0,0,0,0,0,0,0,0,0,0,0,0,0,0,0,0,0,0,0,0,0,0,0,0,0,0,0
2004,149,0,7.280000000000000000,22.86295206000000100,97,0,4.8000000000000000,0,97,4.2100000000000000,97,0.1000000000000000,1352.8373999999999000,null,3.5000000000000000,3.4000000000000000,0E-17,0E-16,74.400000000000006,0,0,0,0,0,0,0,0,0,0,0,0,0,0,0,0,0,0,1,0,0,0,0,0,0,0,0,0,0,0,0,0,0,0,0,0,0,1,1,0
2013,123,1,3.790000000000000000,279.42908119999998000,95,10,53.3000000000000000,1,96,4.5500000000000000,95,0.1000000000000000,3843.5912130000002000,289359.0000000000,2.1000000000000000,2.1000000000000000,0.73599999999999999,12.7000000000000000,74.400000000000006,0,0,0,0,0,0,0,0,0,0,0,0,0,0,0,0,0,0,0,0,0,0,0,0,0,0,0,0,0,0,0,0,0,0,0,0,0,0,0,0
2011,128,1,4.090000000000000000,260.99638260000000000,95,0,51.9000000000000000,1,96,3.7100000000000000,95,0.1000000000000000,3526.9781429999998000,2875581.0000000000,2.0000000000000000,2.1000000000000000,0.72899999999999998,12.7000000000000000,73.900000000000006,0,0,0,0,0,0,0,0,0,0,0,0,0,0,0,0,0,0,0,0,0,0,0,0,0,0,0,0,0,0,0,0,0,0,0,0,0,0,0,0
2000,142,1,2.900000000000000000,32.75626853000000000,55,15,47.1000000000000000,1,96,6.2500000000000000,93,0.1000000000000000,622.7427477000000000,369588.0000000000,2.1000000000000000,2.2000000000000002,0.63900000000000001,11.2000000000000000,72.000000000000000,0,0,0,0,0,0,0,0,0,0,0,0,0,0,0,0,0,0,0,0,0,0,0,0,0,1,0,0,0,0,0,0,0,0,0,0,0,0,0,0
2014,6,1,9.710000000000000900,10769.36305000000000000,91,340,66.0999999999999940,1,92,9.4200000000000000,92,0.1000000000000000,62214.6912000000010000,2346694.0000000000,0.6000000000000000,0.6000000000000000,0.93600000000000005,20.3999999999999990,82.700000000000000,0,0,0,0,1,0,0,0,0,0,0,0,0,1,0,0,0,0,0,0,0,0,0,0,1,0,0,0,0,0,0,0,0,1,0,0,0,0,0,0
2013,61,1,9.869999999999999200,11734.85381000000100000,91,158,65.5000000000000000,1,91,9.3600000000000000,91,0.1000000000000000,67792.3386000000030000,23117353.0000000000,0.6000000000000000,0.6000000000000000,0.93300000000000005,20.3000000000000000,82.500000000000000,0,0,0,0,1,0,0,0,0,0,0,0,0,1,0,0,0,0,0,0,0,0,0,0,1,0,0,0,0,0,0,0,0,1,1,0,0,0,0,0
2013,68,0,11.820000000000000000,90.58501176000000000,95,0,56.6000000000000000,0,95,11.1400000000000000,95,0.1000000000000000,554.7153200000000200,8479375.0000000000,1.8000000000000000,2.0000000000000000,0.88700000000000001,15.7000000000000000,81.099999999999994,0,0,0,0,0,0,0,0,0,0,0,0,0,0,0,0,0,0,0,0,0,0,0,0,0,0,0,0,0,0,0,0,0,0,0,0,0,0,0,0
2014,16,0,9.449999999999999300,0E-17,96,0,63.8000000000000000,0,96,7.7400000000000000,96,0.1000000000000000,null,null,2.5000000000000000,2.5000000000000000,0.78900000000000003,12.6000000000000000,75.400000000000006,0,0,0,0,0,0,0,0,0,0,0,0,0,0,0,0,0,0,0,0,0,0,0,0,0,0,0,0,0,0,0,0,0,0,0,0,0,0,0,0
2013,172,0,9.420000000000000000,0E-17,97,0,63.2000000000000000,0,97,7.5000000000000000,97,0.1000000000000000,null,null,2.5000000000000000,2.5000000000000000,0.79000000000000000,12.6000000000000000,74.800000000000000,0,0,0,0,0,0,0,0,0,0,0,0,0,0,0,0,0,0,0,0,0,0,0,0,0,0,0,0,0,0,0,0,0,0,0,0,0,0,0,0
2000,92,0,2.150000000000000000,167.72706420000000000,97,6,54.5000000000000000,0,97,3.5100000000000000,97,0.1000000000000000,13636.3466800000010000,null,6.2000000000000000,6.0000000000000000,0.78600000000000003,13.2000000000000000,74.500000000000000,0,0,0,0,0,0,0,0,0,0,0,0,0,0,0,0,0,0,0,0,0,0,0,0,0,0,0,0,0,0,0,0,0,0,0,0,0,0,0,0
2013,11,0,8.740000000000000000,263.03728380000001000,91,0,53.0000000000000000,0,91,7.5700000000000000,91,0.1000000000000000,15472.7814000000000000,null,3.8000000000000000,3.8000000000000000,0.79200000000000004,15.3000000000000000,75.200000000000000,0,0,0,0,0,0,0,0,0,0,0,0,0,0,0,0,0,0,0,0,0,0,0,0,0,0,0,0,0,0,0,0,0,1,0,0,0,0,0,0
2010,16,0,8.410000000000000000,154.96308629999999000,86,0,5.7000000000000000,0,9,6.1700000000000000,86,0.1000000000000000,1595.9123199999999000,null,3.8000000000000000,3.8000000000000000,0.78100000000000003,15.8000000000000000,74.700000000000000,0,0,0,0,0,0,0,0,0,1,0,0,0,0,0,0,0,0,0,0,0,0,0,0,0,0,0,0,0,1,0,0,0,0,0,0,0,0,0,0
2004,119,0,7.680000000000000000,166.00834430000000000,93,0,46.2000000000000000,0,93,5.7100000000000000,93,0.2000000000000000,12868.8639000000000000,null,4.0999999999999996,4.0000000000000000,0.75700000000000001,14.4000000000000000,73.800000000000000,0,0,0,0,0,0,0,0,0,0,0,0,0,0,0,0,0,0,0,0,0,0,0,0,0,0,0,0,0,0,0,0,0,0,0,0,0,0,0,0
2008,224,1,14.670000000000000000,501.80561410000001000,98,0,58.2000000000000000,1,98,5.9500000000000000,97,0.1000000000000000,6376.1831529999999000,9527985.0000000000,2.1000000000000000,2.2999999999999998,0.75500000000000000,15.1000000000000000,70.000000000000000,0,0,0,0,0,0,0,0,0,0,0,0,0,0,0,0,0,0,0,0,0,0,0,0,0,0,0,0,0,0,0,0,0,0,0,0,0,0,0,0
2013,251,25,0.010000000000000000,87.40804230000000500,77,637,24.6000000000000000,39,73,4.5900000000000000,77,1.2000000000000000,915.2674586000000500,14451.0000000000,7.2000000000000000,7.1000000000000000,0.46600000000000003,10.3000000000000000,59.500000000000000,0,0,0,0,0,0,0,0,0,0,0,0,0,0,0,0,0,0,0,0,0,0,0,0,0,0,0,0,0,0,0,0,0,0,0,0,0,0,0,0
2006,284,25,1.190000000000000000,75.91429496000000700,74,176,21.0000000000000000,39,76,4.7500000000000000,74,2.0000000000000000,625.8392000000000100,8216896.0000000000,8.5000000000000000,8.4000000000000000,0.43400000000000000,8.6999999999999993,56.800000000000000,0,0,0,0,0,0,0,0,0,0,0,0,0,0,0,0,0,0,0,0,0,0,0,0,0,0,0,0,0,0,0,0,1,0,0,0,0,0,0,0
2014,189,8,3.620000000000000000,0E-17,98,0,51.9000000000000000,10,99,6.3300000000000000,98,0.1000000000000000,null,null,1.2000000000000000,1.1000000000000001,0.66600000000000004,13.8000000000000000,74.000000000000000,0,0,0,0,0,0,0,0,0,0,0,0,0,0,0,0,0,0,0,0,0,0,0,0,0,0,0,0,0,0,0,0,0,0,0,0,0,0,0,0
2011,152,51,7.580000000000000000,1084.99976599999990000,98,43,52.8000000000000000,57,98,8.9000000000000000,99,0.1000000000000000,13167.4728899999990000,198686688.0000000000,2.9000000000000000,2.8000000000000000,0.72399999999999998,14.0000000000000000,74.099999999999994,0,0,0,0,0,0,0,0,0,0,0,0,0,0,1,0,0,0,0,0,0,0,0,0,1,0,0,0,0,0,0,0,0,0,1,0,0,0,0,0
2008,84,0,0.670000000000000000,2538.94103300000010000,96,3,34.2000000000000030,0,97,2.2300000000000000,98,0.1000000000000000,37951.2860000000000000,null,6.1000000000000000,5.6000000000000000,0.84000000000000000,14.2000000000000000,77.200000000000000,0,0,0,0,0,0,0,0,0,0,0,0,0,0,0,0,0,0,0,0,0,0,0,0,1,0,0,0,0,0,0,0,0,1,0,0,0,0,0,0
2000,163,1,9.690000000000000000,15.23572740000000000,94,46,57.0000000000000000,1,94,6.7000000000000000,93,0.1000000000000000,169.2858600000000100,817172.0000000000,2.5000000000000000,2.5000000000000000,0.70899999999999996,12.9000000000000000,71.099999999999994,0,0,0,0,0,0,0,0,0,0,0,0,0,0,0,0,0,0,0,0,0,0,0,0,0,0,0,0,0,0,0,0,0,0,0,0,0,0,0,0
2003,332,49,4.580000000000000000,41.60951275000000000,92,2946,13.3000000000000000,92,83,5.6100000000000000,79,2.9000000000000000,332.3443510000000200,12654621.0000000000,1.7000000000000000,1.3000000000000000,0E-17,3.8000000000000000,51.600000000000000,0,0,0,0,0,0,0,0,0,0,0,0,0,0,0,0,0,0,0,0,0,0,0,0,0,0,1,0,1,0,0,0,1,0,0,0,0,1,0,0
2010,33,23,4.160000000000000000,31.14187566000000000,96,495,16.1000000000000010,34,94,8.8200000000000000,96,1.9000000000000000,231.1943256000000100,876693.0000000000,7.7000000000000000,7.7000000000000000,0.36099999999999999,9.3000000000000007,56.800000000000000,0,0,0,0,0,0,0,0,0,0,0,0,0,0,0,0,0,0,0,0,0,0,0,0,0,0,0,0,0,0,0,0,1,0,0,0,0,0,0,0
2003,387,24,5.840000000000000000,6.54526363400000030,92,224,13.5000000000000000,38,75,5.2500000000000000,82,5.0999999999999996,112.8493730000000000,6953113.0000000000,8.5000000000000000,8.5000000000000000,0.27600000000000002,4.7000000000000000,51.900000000000000,0,0,0,0,0,0,0,0,0,0,0,0,0,0,0,0,0,0,0,0,0,0,0,0,0,0,0,0,0,0,0,0,1,0,0,0,0,0,0,0
2011,122,0,5.070000000000000000,4.40915343600000040,9,0,28.2000000000000000,0,9,4.5999999999999996,9,0.3000000000000000,367.4294530000000200,5867.0000000000,7.3000000000000000,7.2000000000000000,0.63200000000000001,13.1000000000000000,72.599999999999994,0,0,0,0,0,1,0,0,0,1,0,1,0,0,0,0,0,0,0,0,0,0,0,0,0,1,0,0,0,1,0,1,0,0,0,0,0,0,0,0
2008,124,0,4.160000000000000000,360.62088249999999000,98,0,26.2000000000000000,0,99,3.9600000000000000,99,0.4000000000000000,3638.9594600000000000,491723.0000000000,7.8000000000000000,7.8000000000000000,0.61499999999999999,12.2000000000000000,72.400000000000006,0,0,0,0,0,0,0,0,0,0,0,0,0,0,0,0,0,0,0,0,0,0,0,0,0,0,0,0,0,0,0,0,0,0,0,0,0,0,0,0
2011,19,13,2.120000000000000000,60.18591770999999800,88,722,17.0000000000000000,15,87,5.6400000000000000,88,0.3000000000000000,882.4914619999999600,14537886.0000000000,11.0000000000000000,11.2000000000000000,0.53300000000000003,10.7000000000000000,67.000000000000000,0,0,0,0,0,0,0,0,0,0,0,0,0,0,0,0,0,0,0,0,0,0,0,0,0,0,0,0,0,0,0,0,0,0,0,0,0,0,0,0
2008,199,16,2.240000000000000200,53.10009045999999700,91,4211,15.3000000000000000,18,91,5.5500000000000000,91,0.7000000000000000,745.7877872999999900,138859.0000000000,11.2000000000000000,11.4000000000000000,0.51100000000000001,10.5000000000000000,65.599999999999994,0,0,0,0,0,0,0,0,0,0,0,0,0,0,0,0,0,0,0,0,0,0,0,0,0,0,1,0,0,0,0,0,0,0,0,0,0,0,0,0
2015,357,45,null,0E-17,84,1809,29.0000000000000000,68,83,null,84,3.5000000000000000,1244.4294210000000000,22834522.0000000000,5.6000000000000000,5.5000000000000000,0.51400000000000001,10.4000000000000000,57.300000000000000,0,0,0,0,0,0,0,0,0,0,0,0,0,0,0,0,0,0,0,0,0,0,0,0,0,0,1,0,1,0,0,0,1,0,1,0,0,0,0,0
2012,369,50,0.010000000000000000,68.55839111999999600,85,609,27.2000000000000000,76,85,4.3400000000000000,85,4.5999999999999996,1255.6481890000000000,2182383.0000000000,5.9000000000000000,5.9000000000000000,0.49600000000000000,10.4000000000000000,55.900000000000000,0,0,0,0,0,0,0,0,0,0,0,0,0,0,0,0,0,0,0,0,0,0,0,0,0,0,0,0,1,0,0,0,1,0,0,0,0,0,0,0
2011,371,51,6.190000000000000000,83.18071240999999800,82,504,26.6000000000000000,79,8,3.9600000000000000,82,4.9000000000000004,1295.6497260000001000,252447.0000000000,6.0000000000000000,6.0000000000000000,0.48599999999999999,10.0000000000000000,55.600000000000000,0,0,0,0,0,0,0,0,0,1,0,0,0,0,0,0,0,0,0,0,0,0,0,0,0,0,0,0,1,1,0,0,1,0,0,0,0,0,0,0
2006,394,58,5.220000000000000000,0.96249705200000002,81,196,23.8000000000000000,91,78,4.6900000000000004,81,7.2000000000000000,12.9891640000000010,17899562.0000000000,6.7000000000000000,6.8000000000000000,0.45600000000000002,8.1999999999999993,53.300000000000000,0,0,0,0,0,0,0,0,0,0,0,0,0,0,0,0,0,0,0,0,0,0,1,0,0,0,0,0,1,0,0,0,1,0,1,0,0,0,0,0
2002,11,2,6.060000000000000000,675.78084430000001000,92,0,55.4000000000000000,3,97,6.4800000000000000,97,0.1000000000000000,4463.5458669999998000,15623635.0000000000,1.0000000000000000,1.0000000000000000,0.76800000000000002,13.9000000000000000,77.800000000000000,0,0,0,0,0,0,0,0,0,0,0,0,0,0,0,0,0,0,0,0,0,0,0,0,0,0,0,0,0,0,0,0,0,0,0,0,0,0,0,0
2012,89,201,5.740000000000000000,94.43445660000000400,99,6183,3.0000000000000000,233,99,5.2600000000000000,99,0.1000000000000000,6337.8829930000002000,135695.0000000000,3.9000000000000000,3.3000000000000000,0.70299999999999996,12.4000000000000000,75.400000000000006,0,0,0,0,0,0,0,0,0,0,0,0,0,0,0,0,0,0,0,0,0,0,1,0,0,0,1,0,1,0,0,0,0,0,0,0,0,0,0,0
2012,237,2,0.010000000000000000,78.39008570999999400,89,1,22.6000000000000000,2,85,7.1100000000000000,86,0.8000000000000000,788.6326530000000000,723868.0000000000,6.9000000000000000,6.7000000000000000,0.48399999999999999,10.8000000000000000,62.500000000000000,0,0,0,0,0,0,0,0,0,0,0,0,0,0,0,0,0,0,0,0,0,0,0,0,0,0,0,0,0,0,0,0,0,0,0,0,0,0,0,0
2004,269,2,0.270000000000000000,7.21211076600000030,77,0,18.8000000000000000,2,73,3.9600000000000000,76,0.1000000000000000,616.4197236000000000,597228.0000000000,7.5000000000000000,7.5000000000000000,0E-17,9.5000000000000000,59.800000000000000,0,0,0,0,0,0,0,0,0,0,0,0,0,0,0,0,0,0,0,0,0,0,0,0,0,0,0,0,0,0,0,0,0,0,0,0,0,1,0,0
2011,285,7,3.820000000000000000,0E-17,7,315,25.0000000000000000,10,69,2.7900000000000000,82,3.5000000000000000,null,null,8.0000000000000000,7.6000000000000000,0.55800000000000005,10.7000000000000000,62.900000000000000,0,0,0,0,0,1,0,0,0,0,0,0,0,0,0,0,0,0,0,0,0,0,0,0,0,1,0,0,0,0,0,0,1,0,0,0,0,0,0,0
2009,314,7,3.470000000000000000,0E-17,75,1,23.9000000000000000,11,76,2.2700000000000000,78,4.0000000000000000,null,null,8.3000000000000007,7.9000000000000000,0.54500000000000004,10.3000000000000000,68.000000000000000,0,0,0,0,0,0,0,0,0,0,0,0,0,0,0,0,0,0,0,0,0,0,0,0,0,0,0,0,0,0,0,0,1,0,0,0,0,0,0,0
2011,92,1,4.139999999999999700,102.06457840000000000,96,0,58.4000000000000000,1,99,1.6000000000000000,97,0.1000000000000000,675.9243599999999800,null,3.4000000000000000,3.2000000000000000,0.78000000000000000,16.5000000000000000,78.800000000000000,0,0,0,0,0,0,0,0,0,0,0,0,0,0,0,0,0,0,0,0,0,0,0,0,0,0,0,0,0,0,0,0,0,0,0,0,0,0,0,0
2007,63,0,11.560000000000000000,1958.52587700000000000,93,0,56.3000000000000000,0,97,6.5000000000000000,97,0.1000000000000000,31386.6326500000000000,163712.0000000000,0.9000000000000000,1.0000000000000000,0.83599999999999997,13.5000000000000000,78.900000000000006,0,0,0,0,0,0,0,0,0,0,0,0,0,0,0,0,0,0,0,0,0,0,0,0,1,0,0,0,0,0,0,0,0,1,0,0,0,0,0,0
2003,122,0,13.010000000000000000,0E-17,92,30,6.4000000000000000,0,97,7.1300000000000000,97,0.1000000000000000,null,null,2.2000000000000002,2.2000000000000002,null,null,75.200000000000000,0,0,0,0,0,0,0,0,0,0,0,0,0,0,0,0,0,0,0,0,0,0,0,0,0,0,0,0,0,0,0,0,0,0,0,0,0,0,0,0
2000,192,18,3.520000000000000000,0E-17,92,0,25.2000000000000000,25,93,null,56,0.1000000000000000,null,null,6.0000000000000000,6.0000000000000000,null,null,65.400000000000006,0,0,0,0,0,0,0,0,0,0,0,0,0,0,0,0,0,0,0,0,0,0,0,0,0,0,0,0,0,0,0,0,0,0,0,0,0,0,0,0
2012,277,239,0.010000000000000000,0E-17,75,72029,2.1000000000000000,317,76,3.7700000000000000,75,1.5000000000000000,null,null,1.0000000000000000,9.8000000000000007,null,null,58.300000000000000,0,0,0,0,0,0,1,0,0,0,0,0,0,0,0,0,0,0,0,0,0,0,1,0,0,0,1,0,1,0,0,0,0,0,0,0,0,0,0,0
2000,12,0,11.690000000000000000,508.74969119999997000,92,14,52.2000000000000000,0,97,8.6999999999999993,97,0.1000000000000000,3743.5591700000000000,5339616.0000000000,1.3000000000000000,1.0000000000000000,0.86000000000000000,16.5000000000000000,76.900000000000006,0,0,0,0,0,0,0,0,0,0,0,0,0,0,0,0,0,0,0,0,0,0,0,0,0,0,0,0,0,0,0,0,0,0,0,0,0,0,0,0
2008,289,1,0.490000000000000000,171.76864490000000000,88,143,31.3000000000000000,2,89,8.5000000000000000,89,3.3000000000000000,1214.7711800000000000,822934.0000000000,5.7000000000000000,5.6000000000000000,0.42699999999999999,5.0000000000000000,62.000000000000000,0,0,0,0,0,0,0,0,0,0,0,0,0,0,0,0,0,0,0,0,0,0,0,0,0,0,0,0,0,0,0,0,1,0,0,0,0,0,0,0
2002,157,8,3.880000000000000000,187.38435110000000000,75,0,45.1000000000000000,10,88,4.6200000000000000,88,0.3000000000000000,2183.9667960000002000,13726.0000000000,1.5000000000000000,1.4000000000000000,0.67500000000000004,12.5000000000000000,73.599999999999994,0,0,0,0,0,0,0,0,0,0,0,0,0,0,0,0,0,0,0,0,0,0,0,0,0,0,0,0,0,0,0,0,0,0,0,0,0,0,0,0
2009,23,2,2.549999999999999800,416.43383990000001000,91,0,52.1000000000000000,2,91,6.8300000000000000,91,0.3000000000000000,3366.4821330000000000,6137276.0000000000,1.7000000000000000,1.6000000000000000,0.66200000000000003,12.8000000000000000,71.400000000000006,0,0,0,0,0,0,0,0,0,0,0,0,0,0,0,0,0,0,0,0,0,0,0,0,0,0,0,0,0,0,0,0,0,0,0,0,0,0,0,0
2007,23,2,2.830000000000000000,52.30172215000000300,99,0,5.8000000000000000,3,99,6.3200000000000000,99,0.3000000000000000,334.8381699999999900,683475.0000000000,1.8000000000000000,1.7000000000000000,0.65700000000000003,12.9000000000000000,71.200000000000000,0,0,0,0,0,0,0,0,0,0,0,0,0,0,0,0,0,0,0,0,0,0,0,0,0,0,0,0,0,0,0,0,0,0,0,0,0,0,0,0
2003,334,3,7.130000000000000000,309.78345869999998000,92,18,19.5000000000000000,4,46,2.2300000000000000,37,3.6000000000000000,3577.1761969999998000,694611.0000000000,1.2000000000000000,1.1000000000000001,0.55400000000000005,8.4000000000000000,53.800000000000000,0,0,0,0,0,0,0,0,0,0,0,0,0,0,0,0,0,0,0,0,0,0,0,0,0,0,0,0,0,1,0,1,1,0,0,0,0,0,0,0
2014,122,0,0.010000000000000000,2700.07305000000000000,93,0,59.4000000000000000,0,93,6.3800000000000000,93,0.1000000000000000,19941.4553200000010000,1314545.0000000000,1.9000000000000000,1.9000000000000000,0.86000000000000000,16.5000000000000000,77.300000000000000,0,0,0,0,0,0,0,0,0,0,0,0,0,0,0,0,0,0,0,0,0,0,0,0,1,0,0,0,0,0,0,0,0,1,0,0,0,0,0,0
2005,189,0,15.520000000000000000,153.50452630000001000,95,2,55.5000000000000000,0,96,5.2000000000000000,96,0.1000000000000000,1338.3132200000000000,1354775.0000000000,2.1000000000000000,2.2000000000000002,0.81200000000000006,15.9000000000000000,72.800000000000000,0,0,0,0,0,0,0,0,0,0,0,0,0,0,0,0,0,0,0,0,0,0,0,0,0,0,0,0,0,0,0,0,0,0,0,0,0,0,0,0
2001,225,0,0.010000000000000000,88.62945822000000400,92,0,54.3000000000000000,0,94,4.8499999999999996,94,0.1000000000000000,4498.9572699999999000,1388115.0000000000,2.4000000000000000,2.5000000000000000,0.78100000000000003,15.0000000000000000,78.000000000000000,0,0,0,0,0,0,0,0,0,0,0,0,0,0,0,0,0,0,0,0,0,0,0,0,0,0,0,0,0,0,0,0,0,0,0,0,0,0,0,0
2014,234,140,0.010000000000000000,89.95805844999999600,77,12739,17.2000000000000000,202,75,4.8800000000000000,77,0.6000000000000000,571.1622759000000500,97366774.0000000000,1.5000000000000000,1.3000000000000000,0.43500000000000000,8.4000000000000000,64.200000000000000,0,0,0,0,0,0,0,0,0,0,0,0,0,0,0,0,0,0,0,0,0,0,1,0,0,0,1,0,1,0,0,0,0,0,1,0,0,0,0,0
2004,218,0,1.630000000000000000,43.99452464000000200,99,37,54.2000000000000000,0,96,3.6100000000000000,95,0.1000000000000000,3332.9185330000000000,818354.0000000000,4.2000000000000000,3.9000000000000000,0.69099999999999995,13.4000000000000000,68.099999999999994,0,0,0,0,0,0,0,0,0,0,0,0,0,0,0,0,0,0,0,0,0,0,0,0,0,0,0,0,0,0,0,0,0,0,0,0,0,0,0,0
2003,22,0,1.760000000000000000,253.81967050000000000,99,305,53.2000000000000000,0,95,3.3500000000000000,94,0.1000000000000000,2835.9739719999998000,816628.0000000000,4.2000000000000000,3.9000000000000000,0.68899999999999995,13.3000000000000000,68.000000000000000,0,0,0,0,0,0,0,0,0,0,0,0,0,0,0,0,0,0,0,0,0,0,0,0,0,0,0,0,0,0,0,0,0,0,0,0,0,0,0,0
2014,79,3,11.500000000000000000,6739.67760600000020000,83,267,62.0000000000000000,3,98,11.5400000000000000,98,0.1000000000000000,42955.2428700000020000,66331957.0000000000,0.6000000000000000,0.6000000000000000,0.89000000000000000,16.2000000000000000,82.200000000000000,0,0,0,0,1,0,0,0,0,0,0,0,0,0,0,0,0,0,0,0,0,0,0,0,1,0,0,0,0,0,0,0,0,1,1,0,0,0,0,0
2010,86,3,11.700000000000000000,72.80012109999999800,65,5048,6.1000000000000000,3,99,11.2000000000000000,99,0.1000000000000000,473.3427899999999800,6527512.0000000000,0.6000000000000000,0.6000000000000000,0.87900000000000000,16.0000000000000000,81.300000000000000,0,0,0,0,0,0,0,0,0,0,0,0,0,0,0,0,0,0,0,0,0,0,0,0,0,0,1,0,0,0,0,0,0,0,0,0,0,0,0,0
2002,11,3,13.780000000000000000,3779.65527299999990000,29,5185,55.8000000000000000,4,97,1.2200000000000000,97,0.1000000000000000,24275.2426000000010000,6185267.0000000000,0.7000000000000000,0.6000000000000000,0.85099999999999998,15.5000000000000000,79.200000000000000,0,0,0,0,0,0,0,0,0,0,0,0,0,0,0,0,0,0,0,0,0,0,0,0,1,1,1,0,0,0,0,0,0,1,0,0,0,0,0,0
2005,37,2,7.720000000000000000,353.24380289999999000,28,0,3.8000000000000000,3,44,2.7600000000000000,45,10.9000000000000000,6741.2939480000005000,143126.0000000000,7.2000000000000000,7.1000000000000000,0.64000000000000000,12.4000000000000000,65.000000000000000,0,0,0,0,0,0,0,0,0,0,0,0,0,0,0,0,0,0,0,0,0,0,0,0,0,1,0,0,0,1,0,1,1,0,0,0,0,0,0,0
2001,37,2,9.289999999999999100,183.69807779999999000,92,5129,28.7000000000000000,3,44,3.2300000000000000,45,10.1000000000000000,3976.1488700000000000,1262259.0000000000,7.8000000000000000,7.7000000000000000,0.63300000000000001,12.3000000000000000,59.800000000000000,0,0,0,0,0,0,0,0,0,0,0,0,0,0,0,0,0,0,0,0,0,0,0,0,0,0,1,0,0,1,0,1,1,0,0,0,0,0,0,0
2013,266,3,0.010000000000000000,0E-17,97,0,26.0000000000000000,5,96,6.4900000000000000,97,1.6000000000000000,null,null,7.6000000000000000,7.5000000000000000,0.44500000000000001,8.9000000000000000,66.000000000000000,0,0,0,0,0,0,0,0,0,0,0,0,0,0,0,0,0,0,0,0,0,0,0,0,0,0,0,0,0,0,0,0,1,0,0,0,0,0,0,0
2012,272,69,0.010000000000000000,78.18421530000000500,67,2787,17.6000000000000010,93,67,8.5200000000000000,67,0.1000000000000000,669.9589999999999500,3696958.0000000000,17.8999999999999990,18.0000000000000000,0.46300000000000002,9.8000000000000007,59.500000000000000,0,0,0,0,0,0,0,0,0,0,0,0,0,0,0,0,0,0,0,0,0,0,1,0,0,0,1,0,1,0,0,0,0,0,0,1,1,0,0,0
2005,291,85,0.020000000000000000,1.38864773199999990,66,1296,14.2000000000000000,118,58,8.6999999999999993,58,0.1000000000000000,25.2941299000000010,257798.0000000000,19.3000000000000000,19.5000000000000000,0.39600000000000002,7.9000000000000000,57.300000000000000,0,0,0,0,0,0,0,0,0,0,0,0,0,0,0,1,1,0,0,0,0,0,1,0,0,0,1,0,1,0,0,0,0,0,0,1,1,0,0,0
2001,145,20,0.230000000000000000,147.98607139999999000,92,2686,45.3000000000000000,24,89,3.8400000000000000,89,0.1000000000000000,1732.8579789999999000,31592153.0000000000,6.4000000000000000,6.3000000000000000,0.64400000000000002,10.9000000000000000,71.400000000000006,0,0,0,0,0,0,0,0,0,0,0,0,0,0,0,0,0,0,0,0,0,0,0,0,0,0,1,0,0,0,0,0,0,0,1,0,0,0,0,0
2008,371,84,7.070000000000000000,249.91019580000000000,69,265,19.3000000000000000,133,65,3.8400000000000000,69,2.6000000000000000,3868.5788830000001000,2175942.0000000000,9.5000000000000000,9.4000000000000000,0.46800000000000003,8.1000000000000000,48.700000000000000,0,0,0,0,0,0,0,0,0,0,0,0,0,0,0,0,0,0,0,0,0,0,1,0,0,0,0,0,1,0,0,0,1,0,0,0,0,0,0,0
2010,138,0,7.840000000000000000,1983.95693699999990000,98,0,44.4000000000000000,0,99,5.6300000000000000,98,0.1000000000000000,12126.8761400000000000,null,3.3000000000000000,3.3000000000000000,0.78300000000000003,14.1000000000000000,75.599999999999994,0,0,0,0,0,0,0,0,0,0,0,0,0,0,0,0,0,0,0,0,0,0,0,0,1,0,0,0,0,0,0,0,0,0,0,0,0,0,0,0
2005,147,0,8.150000000000000000,1455.60818599999990000,99,0,41.4000000000000000,0,98,4.4100000000000000,99,0.1000000000000000,11371.9389500000000000,null,3.5000000000000000,3.4000000000000000,0E-17,0E-16,74.599999999999994,0,0,0,0,0,0,0,0,0,0,0,0,0,0,0,0,0,0,1,0,0,0,0,0,1,0,0,0,0,0,0,0,0,0,0,0,0,1,1,0
2001,154,0,7.510000000000000000,163.76769780000001000,96,0,38.9000000000000000,0,99,4.4800000000000004,97,0.1000000000000000,9358.1541620000007000,null,3.6000000000000000,3.5000000000000000,0E-17,0E-16,73.800000000000000,0,0,0,0,0,0,0,0,0,0,0,0,0,0,0,0,0,0,1,0,0,0,0,0,0,0,0,0,0,0,0,0,0,0,0,0,0,1,1,0
2009,137,1,3.960000000000000000,201.18554610000001000,93,0,5.7000000000000000,1,94,4.5500000000000000,93,0.1000000000000000,2993.8325310000000000,2888584.0000000000,2.0000000000000000,2.1000000000000000,0.72499999999999998,11.9000000000000000,73.300000000000000,0,0,0,0,0,0,0,0,0,0,0,0,0,0,0,0,0,0,0,0,0,0,0,0,0,0,0,0,0,0,0,0,0,0,0,0,0,0,0,0
2012,61,1,10.029999999999999000,11714.99857999999900000,91,199,65.0000000000000000,1,92,9.3600000000000000,92,0.1000000000000000,67677.6347700000040000,22728254.0000000000,0.6000000000000000,0.6000000000000000,0.93000000000000000,20.1000000000000010,82.300000000000000,0,0,0,0,1,0,0,0,0,0,0,0,0,1,0,0,0,0,0,0,0,0,0,0,1,0,0,0,0,0,0,0,0,1,1,0,0,0,0,0
2003,88,0,12.200000000000000000,504.43087350000002000,83,90,51.7000000000000000,0,84,1.4800000000000000,84,0.1000000000000000,3212.9355000000000000,8121423.0000000000,1.7000000000000000,1.9000000000000000,0.83699999999999997,14.7000000000000000,78.800000000000000,0,0,0,0,0,0,0,0,0,0,0,0,0,0,0,0,0,0,0,0,0,0,0,0,0,0,0,0,0,0,0,0,0,0,0,0,0,0,0,0
2005,162,6,0.730000000000000000,81.28883084999999700,49,1238,44.7000000000000000,7,79,7.8600000000000000,75,0.1000000000000000,1578.4239000000000000,839185.0000000000,2.9000000000000000,3.0000000000000000,0.67500000000000004,11.2000000000000000,68.400000000000006,0,0,0,0,0,0,0,0,0,0,0,0,0,0,0,0,0,0,0,0,0,0,0,0,0,1,1,0,0,0,0,0,0,0,0,0,0,0,0,0
2005,172,0,10.490000000000000000,0E-17,93,0,58.1000000000000000,0,93,5.9500000000000000,93,0.1000000000000000,null,null,2.6000000000000000,2.5000000000000000,0.78600000000000003,12.4000000000000000,74.099999999999994,0,0,0,0,0,0,0,0,0,0,0,0,0,0,0,0,0,0,0,0,0,0,0,0,0,0,0,0,0,0,0,0,0,0,0,0,0,0,0,0
2000,192,0,12.150000000000000000,0E-17,92,0,54.4000000000000000,0,91,5.2100000000000000,99,0.1000000000000000,null,null,2.7000000000000000,2.6000000000000000,0E-17,12.0000000000000000,72.599999999999994,0,0,0,0,0,0,0,0,0,0,0,0,0,0,0,0,0,0,0,0,0,0,0,0,0,0,0,0,0,0,0,0,0,0,0,0,0,1,0,0
2011,14,118,0.010000000000000000,62.34988484000000100,96,5625,15.8000000000000000,150,96,3.1600000000000000,96,0.1000000000000000,835.7893410000000400,153911916.0000000000,18.7000000000000000,19.2000000000000000,0.54500000000000004,9.4000000000000000,73.000000000000000,0,0,0,0,0,0,0,0,0,0,0,0,0,0,0,1,1,0,0,0,0,0,1,0,0,0,1,0,1,0,0,0,0,0,1,1,1,0,0,0
2013,23,0,14.660000000000000000,1109.85461900000000000,98,16,61.1000000000000000,1,98,6.7000000000000000,98,0.1000000000000000,7978.8254429999997000,9465997.0000000000,2.0000000000000000,2.0000000000000000,0.79600000000000004,15.7000000000000000,71.700000000000000,0,0,0,0,0,0,0,0,0,0,0,0,0,0,0,0,0,0,0,0,0,0,0,0,1,0,0,0,0,0,0,0,0,0,0,0,0,0,0,0
2012,78,0,10.080000000000000000,664.47389750000002000,98,109,62.6000000000000000,1,99,1.5400000000000000,99,0.1000000000000000,4474.5717000000004000,11128246.0000000000,0.9000000000000000,0.9000000000000000,0.88600000000000001,16.2000000000000000,83.000000000000000,0,0,0,0,0,0,0,0,0,0,0,0,0,0,0,0,0,0,0,0,0,0,0,0,0,0,0,0,0,0,0,0,0,0,0,0,0,0,0,0
2006,184,0,6.480000000000000000,387.33249280000001000,98,0,44.4000000000000000,0,98,4.4000000000000004,98,0.6000000000000000,4187.3783000000003000,29747.0000000000,3.6000000000000000,3.5000000000000000,0.69199999999999995,12.3000000000000000,69.400000000000006,0,0,0,0,0,0,0,0,0,0,0,0,0,0,0,0,0,0,0,0,0,0,0,0,0,0,0,0,0,0,0,0,0,0,0,0,0,0,0,0
2001,21,0,4.900000000000000400,251.65869290000001000,96,0,41.4000000000000000,0,96,4.5000000000000000,96,0.4000000000000000,3419.2757190000002000,254984.0000000000,3.7000000000000000,3.7000000000000000,0.67700000000000005,11.8000000000000000,68.200000000000000,0,0,0,0,0,0,0,0,0,0,0,0,0,0,0,0,0,0,0,0,0,0,0,0,0,0,0,0,0,0,0,0,0,0,0,0,0,0,0,0
2009,259,25,1.159999999999999900,71.01399249000000700,79,1461,22.5000000000000000,39,8,4.4600000000000000,79,1.6000000000000000,793.4524300000000500,894476.0000000000,7.9000000000000000,7.8000000000000000,0.44800000000000001,9.3000000000000007,58.400000000000000,0,0,0,0,0,0,0,0,0,1,0,0,0,0,0,0,0,0,0,0,0,0,0,0,0,0,1,0,0,1,0,0,1,0,0,0,0,0,0,0
2001,281,25,1.290000000000000000,45.33476384000000100,92,5859,18.8000000000000000,40,77,4.6900000000000004,76,2.1000000000000000,378.7365399999999900,776733.0000000000,9.5000000000000000,9.4000000000000000,0.39500000000000002,6.6000000000000000,55.500000000000000,0,0,0,0,0,0,0,0,0,0,0,0,0,0,0,0,0,0,0,0,0,0,0,0,0,0,1,0,0,0,0,0,1,0,0,0,0,0,0,0
2012,194,8,3.890000000000000000,0E-17,93,0,5.6000000000000000,11,93,5.5600000000000000,93,0.1000000000000000,null,null,1.2000000000000000,1.1000000000000001,0.65500000000000003,13.8000000000000000,69.800000000000000,0,0,0,0,0,0,0,0,0,0,0,0,0,0,0,0,0,0,0,0,0,0,0,0,0,0,0,0,0,0,0,0,0,0,0,0,0,0,0,0
2009,27,10,3.870000000000000000,0E-17,93,0,48.6000000000000000,12,92,5.7600000000000000,93,0.2000000000000000,null,null,1.2000000000000000,1.1000000000000001,0.63600000000000001,13.8000000000000000,68.000000000000000,0,0,0,0,0,0,0,0,0,0,0,0,0,0,0,0,0,0,0,0,0,0,0,0,0,0,0,0,0,0,0,0,0,0,0,0,0,0,0,0
2013,286,2,0.010000000000000000,1.11781127500000000,95,1,36.7999999999999970,2,96,5.8400000000000000,95,2.8000000000000000,77.6257829999999980,212857.0000000000,7.0000000000000000,6.7000000000000000,0.69299999999999995,12.6000000000000000,64.200000000000000,0,0,0,0,0,0,0,0,0,0,0,0,0,0,0,0,0,0,0,0,0,0,0,0,0,0,0,0,0,0,0,0,1,0,0,0,0,0,0,0
2009,393,2,5.010000000000000000,426.78556620000001000,94,184,34.7000000000000030,3,96,6.3900000000000000,96,9.0000000000000000,5185.7298449999998000,1979882.0000000000,8.4000000000000000,8.1999999999999993,0.66100000000000003,12.2000000000000000,59.200000000000000,0,0,0,0,0,0,0,0,0,0,0,0,0,0,0,0,0,0,0,0,0,0,0,0,0,0,0,0,0,0,0,0,1,0,0,0,0,0,0,0
2006,93,0,0.670000000000000000,24.97532919000000000,99,0,32.2000000000000030,0,94,2.2400000000000002,97,0.1000000000000000,398.9669200000000200,null,6.3000000000000000,5.8000000000000000,0.83699999999999997,14.3000000000000000,76.300000000000000,0,0,0,0,0,0,0,0,0,0,0,0,0,0,0,0,0,0,0,0,0,0,0,0,0,0,0,0,0,0,0,0,0,0,0,0,0,0,0,0
2014,138,1,12.030000000000000000,153.14003620000000000,95,0,65.0999999999999940,1,88,8.4400000000000000,88,0.1000000000000000,7853.3351910000001000,7223938.0000000000,1.9000000000000000,1.9000000000000000,0.78700000000000003,14.8000000000000000,74.300000000000000,0,0,0,0,0,0,0,0,0,0,0,0,0,0,0,0,0,0,0,0,0,0,0,0,0,0,0,0,0,0,0,0,0,0,0,0,0,0,0,0
2009,338,23,4.050000000000000000,2.03049467300000020,94,305,15.7000000000000000,34,96,6.9600000000000000,94,2.4000000000000000,24.9446520000000010,848931.0000000000,7.8000000000000000,7.8000000000000000,0.33600000000000002,8.6000000000000000,56.200000000000000,0,0,0,0,0,0,0,0,0,0,0,0,0,0,0,0,0,0,0,0,0,0,0,0,0,0,0,0,0,0,0,0,1,0,0,0,0,0,0,0
2004,253,19,1.380000000000000000,8.38611923999999930,92,352,13.5000000000000000,24,86,6.4300000000000000,85,1.7000000000000000,48.6151839999999990,1363377.0000000000,11.6000000000000000,11.7000000000000000,0.45800000000000002,9.6999999999999993,61.500000000000000,0,0,0,0,0,0,0,0,0,0,0,0,0,0,0,0,0,0,0,0,0,0,0,0,0,0,0,0,0,0,0,0,1,0,0,0,0,0,0,0
2004,512,17,1.500000000000000000,41.50111735000000100,92,1233,17.8999999999999990,26,45,4.0999999999999996,51,12.0000000000000000,313.2159800000000000,45536.0000000000,9.9000000000000000,9.9000000000000000,0.31500000000000000,5.7000000000000000,45.700000000000000,0,0,0,0,0,0,0,0,0,0,0,0,0,0,0,0,0,0,0,0,0,1,0,0,0,0,1,0,0,1,0,0,1,0,0,0,0,0,0,0
2014,362,46,0.010000000000000000,11.30206680000000000,37,1275,18.7000000000000000,78,44,3.6200000000000000,37,2.9000000000000000,125.9985150000000000,13569438.0000000000,8.6999999999999993,8.5000000000000000,0.39000000000000000,7.3000000000000000,52.600000000000000,0,0,0,0,0,0,0,0,0,0,0,0,0,0,0,0,0,0,0,0,0,0,0,0,0,1,1,0,1,1,0,1,1,0,0,0,0,0,0,0
2010,364,46,0.500000000000000000,43.57328908000000200,39,194,17.1000000000000010,80,43,2.9500000000000000,39,4.0999999999999996,896.5697341000000100,1188722.0000000000,9.4000000000000000,9.3000000000000007,0.36000000000000000,6.7000000000000000,51.200000000000000,0,0,0,0,0,0,0,0,0,0,0,0,0,0,0,0,0,0,0,0,0,0,0,0,0,1,0,0,1,1,0,1,1,0,0,0,0,0,0,0
2009,37,46,0.470000000000000000,4.98290040100000020,24,165,16.7000000000000000,80,32,3.3100000000000000,24,4.4000000000000004,84.4559390000000010,1152786.0000000000,9.6000000000000000,9.5000000000000000,0.34300000000000003,6.3000000000000000,57.000000000000000,0,0,0,0,0,0,0,0,0,0,0,0,0,0,0,0,0,0,0,0,0,0,0,0,0,1,0,0,1,1,0,1,1,0,0,0,0,0,0,0
2005,93,2,7.570000000000000000,954.96448869999995000,92,0,57.4000000000000000,2,92,6.6900000000000000,91,0.1000000000000000,7615.3468000000003000,1614764.0000000000,0.9000000000000000,1.0000000000000000,0.79000000000000000,14.6000000000000000,78.400000000000006,0,0,0,0,0,0,0,0,0,0,0,0,0,0,0,0,0,0,0,0,0,0,0,0,0,0,0,0,0,0,0,0,0,0,0,0,0,0,0,0
2001,16,2,6.100000000000000000,687.51168250000001000,92,0,54.7000000000000000,3,96,6.5100000000000000,97,0.1000000000000000,4595.6663269999999000,15444969.0000000000,1.0000000000000000,1.0000000000000000,0.76100000000000001,13.7000000000000000,77.300000000000000,0,0,0,0,0,0,0,0,0,0,0,0,0,0,0,0,0,0,0,0,0,0,0,0,0,0,0,0,0,0,0,0,0,0,0,0,0,0,0,0
2014,86,171,5.780000000000000000,109.87439030000000000,99,52628,31.9000000000000000,198,99,5.5500000000000000,99,0.1000000000000000,7683.5237999999999000,136427.0000000000,3.7000000000000000,3.0000000000000000,0.72299999999999998,13.1000000000000000,75.800000000000000,0,0,0,0,0,0,1,0,0,0,0,0,0,0,0,0,0,0,0,0,0,0,1,0,0,0,1,0,1,0,0,0,0,0,0,0,0,0,0,0
2005,266,2,0.240000000000000000,69.96754350000000500,68,912,19.2000000000000000,2,67,4.3200000000000000,68,0.1000000000000000,621.9337199999999900,611627.0000000000,7.5000000000000000,7.4000000000000000,0.43400000000000000,9.6999999999999993,60.000000000000000,0,0,0,0,0,0,0,0,0,0,0,0,0,0,0,0,0,0,0,0,0,0,0,0,0,0,1,0,0,0,0,0,0,0,0,0,0,0,0,0
2001,272,1,0.080000000000000000,19.71741043000000100,92,0,17.6000000000000010,2,7,2.8600000000000000,7,0.1000000000000000,395.9319363000000200,555888.0000000000,7.8000000000000000,7.8000000000000000,0E-17,8.5000000000000000,59.500000000000000,0,0,0,0,0,0,0,0,0,1,0,1,0,0,0,0,0,0,0,0,0,0,0,0,0,0,0,0,0,1,0,1,0,0,0,0,0,1,0,0
2009,96,1,4.070000000000000000,24.88720369000000000,87,0,54.4000000000000000,1,8,9.6900000000000000,86,0.1000000000000000,689.3962239999999600,4488263.0000000000,1.9000000000000000,1.8000000000000000,0.74700000000000000,13.1000000000000000,79.200000000000000,0,0,0,0,0,0,0,0,0,1,0,0,0,0,0,0,0,0,0,0,0,0,0,0,0,0,0,0,0,1,0,0,0,0,0,0,0,0,0,0
2003,122,0,13.780000000000000000,93.67706502999999400,92,19,56.3000000000000000,0,95,6.3500000000000000,94,0.1000000000000000,785.8814180000000500,444.0000000000,1.9000000000000000,1.9000000000000000,0.76500000000000001,12.9000000000000000,74.700000000000000,0,0,0,0,0,0,0,0,0,0,0,0,0,0,0,0,0,0,0,0,0,0,0,0,0,0,0,0,0,0,0,0,0,0,0,0,0,0,0,0
2006,19,0,13.030000000000000000,0E-17,98,7,61.8000000000000000,0,98,6.6900000000000000,98,0.1000000000000000,null,null,2.0000000000000000,2.1000000000000000,null,null,76.500000000000000,0,0,0,0,0,0,0,0,0,0,0,0,0,0,0,0,0,0,0,0,0,0,0,0,0,0,0,0,0,0,0,0,0,0,0,0,0,0,0,0
2009,161,9,3.350000000000000000,0E-17,93,0,29.7000000000000000,11,98,null,93,0.1000000000000000,null,null,5.3000000000000000,5.3000000000000000,null,null,68.700000000000000,0,0,0,0,0,0,0,0,0,0,0,0,0,0,0,0,0,0,0,0,0,0,0,0,0,0,0,0,0,0,0,0,0,0,0,0,0,0,0,0
2002,341,229,1.850000000000000000,0E-17,92,30466,15.7000000000000000,331,4,2.5900000000000000,38,2.4000000000000000,null,null,12.1000000000000000,11.9000000000000000,null,null,52.100000000000000,0,0,0,0,0,0,0,0,0,1,0,0,0,0,0,0,0,0,0,0,0,0,1,0,0,0,1,0,1,1,0,1,1,0,0,0,0,0,0,0
2006,93,0,11.020000000000000000,850.95447830000001000,92,27,55.4000000000000000,0,93,9.9200000000000000,93,0.1000000000000000,5226.9931100000003000,5437272.0000000000,1.2000000000000000,0.9000000000000000,0.90200000000000002,16.8999999999999990,78.099999999999994,0,0,0,0,0,0,0,0,0,0,0,0,0,0,0,0,0,0,0,0,0,0,0,0,0,0,0,0,0,0,0,0,0,0,0,0,0,0,0,0
2012,263,1,0.520000000000000000,217.21257860000000000,81,709,33.2000000000000030,2,81,8.9499999999999993,81,1.9000000000000000,1536.1568500000001000,881185.0000000000,5.6000000000000000,5.5000000000000000,0.46000000000000000,6.3000000000000000,62.200000000000000,0,0,0,0,0,0,0,0,0,0,0,0,0,0,0,0,0,0,0,0,0,0,0,0,0,0,0,0,0,0,0,0,1,0,0,0,0,0,0,0
2013,157,6,5.930000000000000000,97.52211538000000200,8,0,56.8000000000000000,7,82,4.1200000000000000,83,0.3000000000000000,627.5554399999999800,1281296.0000000000,3.3000000000000000,3.2000000000000000,0.70899999999999996,13.2000000000000000,73.400000000000006,0,0,0,0,0,1,0,0,0,0,0,0,0,0,0,0,0,0,0,0,0,0,0,0,0,1,0,0,0,0,0,0,0,0,0,0,0,0,0,0
2004,176,57,0.160000000000000000,0E-17,97,80,52.9000000000000000,70,97,5.2100000000000000,97,0.1000000000000000,null,null,3.3000000000000000,3.2000000000000000,0.62300000000000000,11.2000000000000000,69.000000000000000,0,0,0,0,0,0,0,0,0,0,0,0,0,0,0,0,0,0,0,0,0,0,1,0,0,0,0,0,1,0,0,0,0,0,0,0,0,0,0,0
2012,337,3,11.890000000000000000,1500.41263499999990000,92,1190,23.0000000000000000,4,3,4.0000000000000000,24,8.1999999999999993,21557.6528000000000000,138593.0000000000,8.6999999999999993,8.6999999999999993,0.58299999999999996,9.1999999999999993,56.700000000000000,0,0,0,0,0,0,0,0,0,1,0,0,0,0,0,0,0,0,0,0,0,0,0,0,1,0,1,0,0,1,0,1,1,1,0,0,0,0,0,0
2011,286,6,0.620000000000000000,20.97991915000000100,96,48,16.5000000000000000,8,96,3.6000000000000000,96,0.7000000000000000,582.7755320000000000,447469.0000000000,8.8000000000000007,8.6999999999999993,0.40500000000000003,5.0000000000000000,62.900000000000000,0,0,0,0,0,0,0,0,0,0,0,0,0,0,0,0,0,0,0,0,0,0,0,0,0,0,0,0,0,0,0,0,0,0,0,0,0,0,0,0
2009,311,6,0.630000000000000000,1.57516019599999990,92,82,15.5000000000000000,9,92,3.3000000000000000,92,1.0000000000000000,43.7544498999999970,431334.0000000000,9.0000000000000000,8.9000000000000000,0.40200000000000002,5.2000000000000000,61.400000000000000,0,0,0,0,0,0,0,0,0,0,0,0,0,0,0,0,0,0,0,0,0,0,0,0,0,0,0,0,0,0,0,0,0,0,0,0,0,0,0,0
2005,343,206,0.990000000000000000,18.03753133000000000,92,357,13.8000000000000000,323,56,4.2000000000000000,44,3.7000000000000000,161.6266248000000000,7672783.0000000000,11.5000000000000000,11.2000000000000000,0.32500000000000001,5.8000000000000000,56.000000000000000,0,0,0,0,0,0,0,0,0,0,0,0,0,0,0,0,0,0,0,0,0,0,1,0,0,0,0,0,1,0,0,1,1,0,0,0,0,0,0,0
2005,214,0,2.020000000000000000,64.39203442999999500,99,0,55.1000000000000000,0,97,3.6100000000000000,96,0.1000000000000000,3658.6383200000000000,821817.0000000000,4.0999999999999996,3.8000000000000000,0.69899999999999995,13.9000000000000000,68.300000000000000,0,0,0,0,0,0,0,0,0,0,0,0,0,0,0,0,0,0,0,0,0,0,0,0,0,0,0,0,0,0,0,0,0,0,0,0,0,0,0,0
2005,11,0,9.949999999999999300,4816.58961300000010000,92,1,58.1000000000000000,0,97,8.4300000000000000,97,0.1000000000000000,38969.1716299999970000,524696.0000000000,0.9000000000000000,0.8000000000000000,0.86399999999999999,17.1000000000000010,78.900000000000006,0,0,0,0,0,0,0,0,0,0,0,0,0,0,0,0,0,0,0,0,0,0,0,0,1,0,0,0,0,0,0,0,0,1,0,0,0,0,0,0
2000,296,2,8.869999999999999200,218.17274730000000000,92,15,28.1000000000000000,3,44,2.8900000000000000,45,9.5000000000000000,4116.4669299999996000,1231122.0000000000,8.0000000000000000,7.8000000000000000,0.63700000000000001,12.2000000000000000,61.000000000000000,0,0,0,0,0,0,0,0,0,0,0,0,0,0,0,0,0,0,0,0,0,0,0,0,0,0,0,0,0,1,0,1,1,0,0,0,0,0,0,0
2005,294,3,2.259999999999999800,0E-17,95,0,2.9000000000000000,6,94,4.9700000000000000,95,3.0000000000000000,null,null,9.1999999999999993,9.1000000000000000,0.41199999999999998,7.8000000000000000,57.700000000000000,0,0,0,0,0,0,0,0,0,0,0,0,0,0,0,0,0,0,0,0,0,0,0,0,0,0,0,0,0,0,0,0,1,0,0,0,0,0,0,0
2006,295,84,0.030000000000000000,17.17151751000000100,64,1990,14.7000000000000000,116,58,7.4300000000000000,58,0.1000000000000000,272.5637699999999800,2589345.0000000000,19.2000000000000000,19.3000000000000000,0.40500000000000003,8.1000000000000000,57.300000000000000,0,0,0,0,0,0,0,0,0,0,0,0,0,0,0,1,1,0,0,0,0,0,1,0,0,0,1,0,1,0,0,0,0,0,0,1,1,0,0,0
2001,316,88,0.010000000000000000,10.57472819999999900,63,8762,12.6000000000000000,122,35,7.8000000000000000,33,0.1000000000000000,117.4969799999999900,2966463.0000000000,2.1000000000000000,2.4000000000000000,0.34000000000000000,5.9000000000000000,55.300000000000000,0,0,0,0,0,0,0,0,0,0,0,0,0,0,0,0,0,0,0,0,0,0,1,0,0,0,1,0,1,1,0,1,0,0,0,0,0,0,0,0
2006,99,1,5.310000000000000000,3.30215419999999990,98,68,5.8000000000000000,1,97,5.8600000000000000,97,0.1000000000000000,35.1293000000000010,2992547.0000000000,1.7000000000000000,1.8000000000000000,0.69599999999999995,11.4000000000000000,74.200000000000000,0,0,0,0,0,0,0,0,0,0,0,0,0,0,0,0,0,0,0,0,0,0,0,0,0,0,0,0,0,0,0,0,0,0,0,0,0,0,0,0
2015,19,21,null,0E-17,95,63,59.5000000000000000,24,95,null,95,0.1000000000000000,4132.7629200000001000,39871528.0000000000,6.0000000000000000,5.8000000000000000,0.74299999999999999,14.4000000000000000,75.599999999999994,0,0,0,0,0,0,0,0,0,0,0,0,0,0,0,0,0,0,0,0,0,0,0,0,0,0,0,0,0,0,0,0,0,0,1,0,0,0,0,0
2010,119,21,0.450000000000000000,430.71758610000001000,95,103,53.9000000000000000,24,95,5.1200000000000000,95,0.1000000000000000,4463.3946749999996000,36117637.0000000000,5.9000000000000000,5.8000000000000000,0.71399999999999997,13.6000000000000000,74.700000000000000,0,0,0,0,0,0,0,0,0,0,0,0,0,0,0,0,0,0,0,0,0,0,0,0,0,0,0,0,0,0,0,0,0,0,1,0,0,0,0,0
2006,145,0,8.930000000000000000,216.31469410000000000,99,0,42.0000000000000000,0,99,4.3400000000000000,99,0.1000000000000000,12724.3937700000010000,null,3.4000000000000000,3.4000000000000000,0.77300000000000002,14.7000000000000000,74.800000000000000,0,0,0,0,0,0,0,0,0,0,0,0,0,0,0,0,0,0,0,0,0,0,0,0,0,0,0,0,0,0,0,0,0,0,0,0,0,0,0,0
2012,12,9,8.350000000000000000,1133.55800300000010000,91,2,61.0000000000000000,10,99,5.2000000000000000,91,0.1000000000000000,12969.7711999999990000,4296739.0000000000,1.0000000000000000,0.9000000000000000,0.82199999999999995,17.2000000000000000,75.900000000000006,0,0,0,0,0,0,0,0,0,0,0,0,0,0,0,0,0,0,0,0,0,0,0,0,1,0,0,0,0,0,0,0,0,0,0,0,0,0,0,0
2000,137,12,7.680000000000000000,1349.02528200000010000,92,6,54.0000000000000000,14,88,9.2100000000000009,83,0.1000000000000000,7669.2739160000001000,3757452.0000000000,1.2000000000000000,1.1000000000000001,0.76400000000000001,15.0000000000000000,74.099999999999994,0,0,0,0,0,0,0,0,0,0,0,0,0,0,0,0,0,0,0,0,0,0,0,0,1,0,0,0,0,0,0,0,0,0,0,0,0,0,0,0
2006,66,1,10.310000000000000000,6187.06201700000020000,95,0,62.0000000000000000,2,92,8.4900000000000000,92,0.1000000000000000,36118.2838100000010000,26979.0000000000,0.7000000000000000,0.6000000000000000,0.91500000000000004,20.3000000000000000,81.200000000000000,0,0,0,0,0,0,0,0,0,0,0,0,0,0,0,0,0,0,0,0,0,0,0,0,1,0,0,0,0,0,0,0,0,1,0,0,0,0,0,0
2001,75,1,9.529999999999999400,3064.30114400000000000,94,141,59.0000000000000000,2,91,8.1800000000000000,92,0.1000000000000000,19517.8416800000010000,19413.0000000000,0.7000000000000000,0.7000000000000000,0.89900000000000002,20.5000000000000000,79.900000000000006,0,0,0,0,0,0,0,0,0,0,0,0,0,0,0,0,0,0,0,0,0,0,0,0,1,0,0,0,0,0,0,0,0,1,0,0,0,0,0,0
2014,66,0,12.320000000000000000,8350.19352299999990000,98,117,57.1000000000000000,0,98,11.2100000000000000,98,0.1000000000000000,51322.6399699999970000,8541575.0000000000,1.8000000000000000,2.0000000000000000,0.89200000000000002,15.9000000000000000,81.400000000000006,0,0,0,0,1,0,0,0,0,0,0,0,0,1,0,0,0,0,0,0,0,0,0,0,1,0,0,0,0,0,0,0,0,1,0,0,0,0,0,0
2005,85,0,12.400000000000000000,5992.58802899999960000,86,9,52.7000000000000000,0,86,1.5300000000000000,86,0.1000000000000000,38242.4251999999980000,8227829.0000000000,1.7000000000000000,1.9000000000000000,0.84799999999999998,14.9000000000000000,79.400000000000006,0,0,0,0,0,0,0,0,0,0,0,0,0,0,0,0,0,0,0,0,0,0,0,0,1,0,0,0,0,0,0,0,0,1,0,0,0,0,0,0
2000,96,0,13.200000000000000000,3557.45550700000010000,33,0,5.0999999999999996,0,71,1.6000000000000000,81,0.1000000000000000,24517.2674499999990000,811566.0000000000,1.7000000000000000,1.9000000000000000,0.83299999999999996,15.4000000000000000,78.099999999999994,0,0,0,0,0,0,0,0,0,0,0,0,0,0,0,0,0,0,0,0,0,0,0,0,1,1,0,0,0,0,0,0,0,1,0,0,0,0,0,0
2008,141,6,1.180000000000000000,206.26161339999999000,68,5,46.6000000000000000,6,85,4.3700000000000000,81,0.1000000000000000,5574.6382000000003000,87634.0000000000,2.8000000000000000,2.9000000000000000,0.71899999999999997,11.6000000000000000,73.000000000000000,0,0,0,0,0,0,0,0,0,0,0,0,0,0,0,0,0,0,0,0,0,0,0,0,0,0,0,0,0,0,0,0,0,0,0,0,0,0,0,0
2007,14,6,1.020000000000000000,176.01071060000001000,62,0,45.9000000000000000,7,81,5.0999999999999996,79,0.1000000000000000,3851.4378689999999000,85813.0000000000,2.8000000000000000,2.9000000000000000,0.70799999999999996,11.6000000000000000,73.000000000000000,0,0,0,0,0,0,0,0,0,0,0,0,0,0,0,0,0,0,0,0,0,0,0,0,0,0,0,0,0,0,0,0,0,0,0,0,0,0,0,0
2013,135,104,0.010000000000000000,52.82986466999999900,96,237,17.0000000000000000,130,96,2.8800000000000000,96,0.1000000000000000,951.8894534999999500,157571292.0000000000,18.3000000000000000,18.8000000000000000,0.56499999999999995,10.0000000000000000,71.000000000000000,0,0,0,0,0,0,0,0,0,0,0,0,0,0,0,1,1,0,0,0,0,0,1,0,0,0,0,0,1,0,0,0,0,0,1,1,1,0,0,0
2009,144,135,0.010000000000000000,53.26400378000000300,97,718,14.6000000000000000,173,97,2.9100000000000000,97,0.1000000000000000,681.1253679999999800,1545478.0000000000,19.1000000000000010,19.7000000000000000,0.52300000000000002,8.4000000000000000,69.500000000000000,0,0,0,0,0,0,0,0,0,0,0,0,0,0,0,1,1,0,0,0,0,0,1,0,0,0,0,0,1,0,0,0,0,0,0,1,1,0,0,0
2002,164,207,0.010000000000000000,0.39722876400000001,92,3484,11.2000000000000000,280,83,2.5900000000000000,83,0.1000000000000000,4.6135745000000004,1366667.0000000000,2.5000000000000000,21.1000000000000000,0.47599999999999998,7.7000000000000000,66.300000000000000,0,0,0,0,0,0,0,0,0,0,0,0,0,0,0,0,1,0,0,0,0,0,1,0,0,0,1,0,1,0,0,0,0,0,0,0,1,0,0,0
2000,173,231,0.010000000000000000,3.69633051000000010,92,5098,1.4000000000000000,316,83,2.3300000000000000,82,0.1000000000000000,45.6337100000000010,131581243.0000000000,2.9000000000000000,21.5000000000000000,0.45900000000000002,7.3000000000000000,65.300000000000000,0,0,0,0,0,0,0,0,0,0,0,0,0,0,0,0,1,0,0,0,0,0,1,0,0,0,1,0,1,0,0,0,0,0,1,0,1,0,0,0
2015,196,0,null,0E-17,99,2,62.3000000000000000,0,99,null,99,0.1000000000000000,5949.1167699999996000,9489616.0000000000,1.9000000000000000,2.0000000000000000,0.79800000000000004,15.6000000000000000,72.300000000000000,0,0,0,0,0,0,0,0,0,0,0,0,0,0,0,0,0,0,0,0,0,0,0,0,0,0,0,0,0,0,0,0,0,0,0,0,0,0,0,0
2009,226,0,14.090000000000000000,434.79850249999998000,98,0,58.7000000000000000,1,98,6.9000000000000000,96,0.1000000000000000,5176.1726490000001000,956765.0000000000,2.1000000000000000,2.2000000000000002,0.77100000000000002,15.4000000000000000,70.000000000000000,0,0,0,0,0,0,0,0,0,0,0,0,0,0,0,0,0,0,0,0,0,0,0,0,0,0,0,0,0,0,0,0,0,0,0,0,0,0,0,0
2001,254,1,10.740000000000000000,14.06141699000000000,93,45,54.9000000000000000,1,99,6.6200000000000000,99,0.1000000000000000,1244.3731849999999000,9928549.0000000000,2.6000000000000000,2.7000000000000000,0.68100000000000005,13.3000000000000000,67.700000000000000,0,0,0,0,0,0,0,0,0,0,0,0,0,0,0,0,0,0,0,0,0,0,0,0,0,0,0,0,0,0,0,0,0,0,0,0,0,0,0,0
2005,89,0,12.270000000000000000,5068.21448799999960000,77,26,6.2000000000000000,1,97,9.2400000000000000,97,0.1000000000000000,36967.2829199999980000,1478617.0000000000,0.8000000000000000,0.8000000000000000,0.86099999999999999,15.7000000000000000,78.900000000000006,0,0,0,0,0,0,0,0,0,0,0,0,0,0,0,0,0,0,0,0,0,0,0,0,1,0,0,0,0,0,0,0,0,1,0,0,0,0,0,0
2014,252,25,0.010000000000000000,90.12206790999999800,78,786,25.2000000000000000,39,74,4.5900000000000000,78,1.1000000000000001,943.6865749999999500,1286712.0000000000,7.1000000000000000,6.9000000000000000,0.47499999999999998,10.7000000000000000,59.700000000000000,0,0,0,0,0,0,0,0,0,0,0,0,0,0,0,0,0,0,0,0,0,0,0,0,0,0,0,0,0,0,0,0,0,0,0,0,0,0,0,0
2011,92,0,4.639999999999999700,7.95913114599999980,88,10,53.7000000000000000,0,89,9.7100000000000009,88,0.1000000000000000,55.1568340000000030,3688865.0000000000,2.6000000000000000,2.5000000000000000,0.71099999999999997,13.4000000000000000,76.900000000000006,0,0,0,0,0,0,0,0,0,0,0,0,0,0,0,0,0,0,0,0,0,0,0,0,0,0,0,0,0,0,0,0,0,0,0,0,0,0,0,0
2010,94,0,4.540000000000000000,630.38835640000002000,89,45,53.1000000000000000,0,9,9.5800000000000000,89,0.1000000000000000,4611.4729799999996000,372284.0000000000,2.6000000000000000,2.6000000000000000,0.71699999999999997,13.3000000000000000,76.400000000000006,0,0,0,0,0,0,0,0,0,1,0,0,0,0,0,0,0,0,0,0,0,0,0,0,0,0,0,0,0,1,0,0,0,0,0,0,0,0,0,0
2002,11,0,3.840000000000000000,151.13993009999999000,92,28,48.8000000000000000,0,86,7.1000000000000000,8,0.1000000000000000,1761.5376470000001000,377587.0000000000,3.1000000000000000,3.1000000000000000,0E-17,11.9000000000000000,75.400000000000006,0,0,0,0,0,0,0,0,0,0,0,1,0,0,0,0,0,0,0,0,0,0,0,0,0,0,0,0,0,0,0,1,0,0,0,0,0,1,0,0
2007,157,1,10.890000000000000000,591.51009780000004000,95,1,6.9000000000000000,1,95,6.4100000000000000,95,0.1000000000000000,5932.8996770000003000,7545338.0000000000,2.1000000000000000,2.2000000000000002,0.75500000000000000,13.5000000000000000,72.599999999999994,0,0,0,0,0,0,0,0,0,0,0,0,0,0,0,0,0,0,0,0,0,0,0,0,0,0,0,0,0,0,0,0,0,0,0,0,0,0,0,0
2005,16,1,10.480000000000000000,456.34046569999998000,96,3,59.7000000000000000,1,97,7.8000000000000000,96,0.1000000000000000,3893.6899800000001000,7658972.0000000000,2.2000000000000002,2.2999999999999998,0.74500000000000000,13.5000000000000000,72.099999999999994,0,0,0,0,0,0,0,0,0,0,0,0,0,0,0,0,0,0,0,0,0,0,0,0,0,0,0,0,0,0,0,0,0,0,0,0,0,0,0,0
2002,157,1,10.199999999999999000,33.26778133999999900,88,0,58.1000000000000000,1,94,7.4100000000000000,93,0.1000000000000000,287.5348430000000200,7837161.0000000000,2.4000000000000000,2.4000000000000000,0.72299999999999998,12.9000000000000000,71.800000000000000,0,0,0,0,0,0,0,0,0,0,0,0,0,0,0,0,0,0,0,0,0,0,0,0,0,0,0,0,0,0,0,0,0,0,0,0,0,0,0,0
2015,26,38,null,0E-17,91,99,19.3999999999999990,61,91,null,91,0.6000000000000000,615.5922249999999800,1811624.0000000000,8.0000000000000000,7.5000000000000000,0.39900000000000002,7.7000000000000000,59.900000000000000,0,0,0,0,0,0,0,0,0,0,0,0,0,0,0,0,0,0,0,0,0,0,0,0,0,0,0,0,0,0,0,0,0,0,0,0,0,0,0,0
2001,344,48,4.559999999999999600,23.10168990000000000,92,4174,12.5000000000000000,93,62,4.8499999999999996,62,3.6000000000000000,235.4912324000000000,11944587.0000000000,11.2000000000000000,1.8000000000000000,0E-17,3.5000000000000000,56.000000000000000,0,0,0,0,0,0,0,0,0,0,0,0,0,0,0,0,0,0,0,0,0,0,0,0,0,0,1,0,1,0,0,0,1,0,0,0,0,1,1,0
2005,369,24,5.540000000000000000,1.74744094799999990,87,0,14.1000000000000000,37,82,9.8400000000000000,87,4.3000000000000000,15.5743399999999990,7423289.0000000000,8.1999999999999993,8.3000000000000007,0.28599999999999998,5.6000000000000000,53.400000000000000,0,0,0,0,0,0,0,0,0,0,0,0,0,0,0,0,0,0,0,0,0,0,0,0,0,0,0,0,0,0,0,0,1,0,0,0,0,0,0,0
2000,155,0,3.490000000000000000,122.57446990000000000,92,2,21.5000000000000000,0,9,4.8099999999999996,9,0.8000000000000000,1239.3778550000000000,43579.0000000000,9.6000000000000000,9.5000000000000000,0E-17,11.3000000000000000,69.900000000000006,0,0,0,0,0,0,0,0,0,1,0,1,0,0,0,0,0,0,0,0,0,0,0,0,0,0,0,0,0,1,0,1,0,0,0,0,0,1,0,0
2012,186,12,0.010000000000000000,6.91472398300000000,86,15,17.6000000000000010,14,84,6.2400000000000000,86,0.3000000000000000,95.2441319999999930,14776866.0000000000,11.0000000000000000,11.2000000000000000,0.54000000000000000,10.7000000000000000,67.400000000000006,0,0,0,0,0,0,0,0,0,0,0,0,0,0,0,0,0,0,0,0,0,0,0,0,0,0,0,0,0,0,0,0,0,0,0,0,0,0,0,0
2000,274,27,1.510000000000000000,0.32841805600000001,92,12237,12.1000000000000000,36,62,5.8700000000000000,59,2.1000000000000000,3.6859489999999999,12152354.0000000000,11.6000000000000000,11.9000000000000000,0.40100000000000002,7.2000000000000000,57.700000000000000,0,0,0,0,0,0,0,0,0,0,0,0,0,0,0,0,0,0,0,0,0,0,0,0,0,0,1,0,0,0,0,0,1,0,0,0,0,0,0,0
2012,68,2,8.300000000000000700,9748.63623700000060000,7,10,65.3000000000000000,2,99,1.7800000000000000,95,0.1000000000000000,52496.6948699999990000,3475545.0000000000,0.5000000000000000,0.5000000000000000,0.90700000000000003,15.9000000000000000,81.599999999999994,0,0,0,0,1,1,0,0,0,0,0,0,0,1,0,0,0,0,0,0,0,0,0,0,1,1,0,0,0,0,0,0,0,1,0,0,0,0,0,0
2000,44,41,0.250000000000000000,21.52701615999999900,92,3546,13.9000000000000000,74,3,6.2800000000000000,36,4.5999999999999996,166.2317850000000000,8342559.0000000000,11.5000000000000000,11.4000000000000000,0E-17,4.7000000000000000,47.600000000000000,0,0,0,0,0,0,0,0,0,1,0,0,0,0,0,0,0,0,0,0,0,0,0,0,0,0,1,0,1,1,0,1,1,0,0,0,0,1,0,0
2007,96,285,3.880000000000000000,312.66248189999999000,92,109023,25.7000000000000000,332,94,4.3200000000000000,93,0.1000000000000000,2695.3662230000000000,1317885.0000000000,4.7000000000000000,4.0999999999999996,0.65900000000000003,11.4000000000000000,74.400000000000006,0,0,0,0,0,0,1,0,0,0,0,0,0,0,0,0,0,0,0,0,0,0,1,0,0,0,1,0,1,0,0,0,0,0,0,0,0,0,0,0
2015,227,1,null,0E-17,91,0,24.2000000000000000,2,92,null,91,0.8000000000000000,727.6463867999999600,777424.0000000000,6.7000000000000000,6.5000000000000000,0.49800000000000000,11.1000000000000000,63.500000000000000,0,0,0,0,0,0,0,0,0,0,0,0,0,0,0,0,0,0,0,0,0,0,0,0,0,0,0,0,0,0,0,0,0,0,0,0,0,0,0,0
2006,262,2,0.250000000000000000,77.02839579999999800,69,85,19.6000000000000010,2,69,4.5700000000000000,69,0.1000000000000000,648.3871699999999700,626425.0000000000,7.4000000000000000,7.3000000000000000,0.45100000000000001,9.9000000000000000,63.000000000000000,0,0,0,0,0,0,0,0,0,0,0,0,0,0,0,0,0,0,0,0,0,0,0,0,0,0,0,0,0,0,0,0,0,0,0,0,0,0,0,0
2003,271,2,0.260000000000000000,45.09010835000000100,28,0,18.3999999999999990,2,8,3.6500000000000000,8,0.1000000000000000,544.5665259999999500,583211.0000000000,7.6000000000000000,7.6000000000000000,0E-17,9.1999999999999993,59.600000000000000,0,0,0,0,0,0,0,0,0,1,0,1,0,0,0,0,0,0,0,0,0,0,0,0,0,1,0,0,0,1,0,1,0,0,0,0,0,1,0,0
2012,273,7,0.010000000000000000,0E-17,62,260,25.6000000000000000,10,61,3.9800000000000000,85,3.3000000000000000,null,null,7.9000000000000000,7.5000000000000000,0.55700000000000005,10.1999999999999990,63.700000000000000,0,0,0,0,0,0,0,0,0,0,0,0,0,0,0,0,0,0,0,0,0,0,0,0,0,0,0,0,0,0,0,0,1,0,0,0,0,0,0,0
2002,424,9,2.549999999999999800,0E-17,92,2788,2.2999999999999998,14,41,2.4500000000000002,41,7.2000000000000000,null,null,9.3000000000000007,8.9000000000000000,0.48799999999999999,9.5000000000000000,52.600000000000000,0,0,0,0,0,0,0,0,0,0,0,0,0,0,0,0,0,0,0,0,0,0,0,0,0,0,1,0,0,1,0,1,1,0,0,0,0,0,0,0
2002,99,1,4.170000000000000000,112.94937450000000000,94,0,47.3000000000000000,1,94,8.2300000000000000,94,0.1000000000000000,462.1496500000000100,46324.0000000000,2.2000000000000002,2.2000000000000002,0.71199999999999997,11.9000000000000000,78.300000000000000,0,0,0,0,0,0,0,0,0,0,0,0,0,0,0,0,0,0,0,0,0,0,0,0,0,0,0,0,0,0,0,0,0,0,0,0,0,0,0,0
2013,97,0,12.390000000000000000,1899.10738500000000000,96,0,62.5000000000000000,0,96,7.8300000000000000,96,0.1000000000000000,13574.7490000000000000,4255689.0000000000,1.5000000000000000,1.5000000000000000,0.81699999999999995,14.9000000000000000,77.700000000000000,0,0,0,0,0,0,0,0,0,0,0,0,0,0,0,0,0,0,0,0,0,0,0,0,1,0,0,0,0,0,0,0,0,0,0,0,0,0,0,0
2005,19,1,4.480000000000000400,518.93592209999997000,95,0,53.8000000000000000,1,99,9.3900000000000000,89,0.1000000000000000,3779.5770000000002000,null,3.4000000000000000,3.3000000000000000,0.71899999999999997,14.2000000000000000,77.200000000000000,0,0,0,0,0,0,0,0,0,0,0,0,0,0,0,0,0,0,0,0,0,0,0,0,0,0,0,0,0,0,0,0,0,0,0,0,0,0,0,0
2001,115,1,4.040000000000000000,322.58631489999999000,98,0,5.4000000000000000,1,99,6.2700000000000000,98,0.1000000000000000,2832.1888930000000000,null,3.6000000000000000,3.4000000000000000,0.68600000000000005,12.3000000000000000,76.700000000000000,0,0,0,0,0,0,0,0,0,0,0,0,0,0,0,0,0,0,0,0,0,0,0,0,0,0,0,0,0,0,0,0,0,0,0,0,0,0,0,0
2009,6,0,10.800000000000000000,230.25241840000001000,96,0,57.3000000000000000,0,99,7.4000000000000000,99,0.1000000000000000,3215.8159000000001000,19876.0000000000,0.9000000000000000,1.0000000000000000,0.84899999999999998,14.1000000000000000,79.300000000000000,0,0,0,0,0,0,0,0,0,0,0,0,0,0,0,0,0,0,0,0,0,0,0,0,0,0,0,0,0,0,0,0,0,0,0,0,0,0,0,0
2003,66,0,10.620000000000000000,158.70873990000001000,88,0,54.3000000000000000,0,98,6.8300000000000000,98,0.1000000000000000,2293.4789000000001000,993563.0000000000,0.9000000000000000,1.0000000000000000,0.81499999999999995,13.0000000000000000,78.500000000000000,0,0,0,0,0,0,0,0,0,0,0,0,0,0,0,0,0,0,0,0,0,0,0,0,0,0,0,0,0,0,0,0,0,0,0,0,0,0,0,0
2002,68,0,11.680000000000000000,1128.05088600000000000,88,0,53.8000000000000000,0,98,6.1200000000000000,98,0.1000000000000000,16372.2915200000010000,976966.0000000000,0.9000000000000000,1.0000000000000000,0.80500000000000005,12.5000000000000000,78.400000000000006,0,0,0,0,0,0,0,0,0,0,0,0,0,0,0,0,0,0,0,0,0,0,0,0,1,0,0,0,0,0,0,0,0,1,0,0,0,0,0,0
2011,97,0,12.430000000000000000,0E-17,99,17,64.0000000000000000,0,99,7.5000000000000000,99,0.1000000000000000,null,null,1.9000000000000000,1.9000000000000000,null,null,77.800000000000000,0,0,0,0,0,0,0,0,0,0,0,0,0,0,0,0,0,0,0,0,0,0,0,0,0,0,0,0,0,0,0,0,0,0,0,0,0,0,0,0
2001,123,0,13.360000000000000000,0E-17,92,6,59.4000000000000000,0,97,6.4200000000000000,98,0.1000000000000000,null,null,2.2000000000000002,2.2999999999999998,null,null,75.099999999999994,0,0,0,0,0,0,0,0,0,0,0,0,0,0,0,0,0,0,0,0,0,0,0,0,0,0,0,0,0,0,0,0,0,0,0,0,0,0,0,0
2010,157,8,3.120000000000000000,0E-17,93,0,3.3000000000000000,10,99,null,93,0.1000000000000000,null,null,5.2000000000000000,5.2000000000000000,null,null,69.000000000000000,0,0,0,0,0,0,0,0,0,0,0,0,0,0,0,0,0,0,0,0,0,0,0,0,0,0,0,0,0,0,0,0,0,0,0,0,0,0,0,0
2008,88,0,10.700000000000000000,10761.18209000000000000,92,14,56.3000000000000000,0,88,1.1800000000000000,88,0.1000000000000000,64322.6664000000020000,5493621.0000000000,1.1000000000000001,0.9000000000000000,0.90600000000000003,16.8000000000000000,78.800000000000000,0,0,0,0,1,0,0,0,0,0,0,0,0,1,0,0,0,0,0,0,0,0,0,0,1,0,0,0,0,0,0,0,0,1,0,0,0,0,0,0
2007,296,1,0.450000000000000000,20.86878709000000100,25,24,3.9000000000000000,2,88,7.7200000000000000,88,3.5000000000000000,147.5868960000000000,8942.0000000000,5.8000000000000000,5.7000000000000000,0.41599999999999998,4.5000000000000000,59.800000000000000,0,0,0,0,0,0,0,0,0,0,0,0,0,0,0,0,0,0,0,0,0,0,0,0,0,1,0,0,0,0,0,0,1,0,0,0,0,0,0,0
2006,178,7,6.200000000000000000,352.95512689999998000,84,0,49.3000000000000000,8,88,4.3400000000000000,89,1.8000000000000000,3836.4687709999998000,9371338.0000000000,3.5000000000000000,3.4000000000000000,0.67700000000000005,12.6000000000000000,72.300000000000000,0,0,0,0,0,0,0,0,0,0,0,0,0,0,0,0,0,0,0,0,0,0,0,0,0,0,0,0,0,0,0,0,1,0,0,0,0,0,0,0
2003,151,8,3.690000000000000000,18.26183281000000100,82,0,45.8000000000000000,10,97,6.4600000000000000,87,0.3000000000000000,244.4689799999999900,1328961.0000000000,1.5000000000000000,1.4000000000000000,0.67900000000000005,12.6000000000000000,74.400000000000006,0,0,0,0,0,0,0,0,0,0,0,0,0,0,0,0,0,0,0,0,0,0,0,0,0,0,0,0,0,0,0,0,0,0,0,0,0,0,0,0
2014,161,53,0.210000000000000000,0E-17,94,1314,6.2000000000000000,62,94,5.6400000000000000,94,0.1000000000000000,null,null,2.8000000000000000,2.8000000000000000,0.68600000000000005,13.1000000000000000,78.000000000000000,0,0,0,0,0,0,0,0,0,0,0,0,0,0,0,0,0,0,0,0,0,0,1,0,0,0,1,0,0,0,0,0,0,0,0,0,0,0,0,0
2005,174,56,0.160000000000000000,0E-17,98,77,53.5000000000000000,68,98,5.6000000000000000,98,0.1000000000000000,null,null,3.2000000000000000,3.2000000000000000,0.62900000000000000,11.4000000000000000,69.400000000000006,0,0,0,0,0,0,0,0,0,0,0,0,0,0,0,0,0,0,0,0,0,0,1,0,0,0,0,0,1,0,0,0,0,0,0,0,0,0,0,0
2015,32,3,null,0E-17,16,1250,24.5000000000000000,4,17,null,16,4.2000000000000000,1347.3125700000001000,1175389.0000000000,8.4000000000000000,8.3000000000000007,0.58199999999999996,9.1999999999999993,58.200000000000000,0,0,0,0,0,0,0,0,0,0,0,0,0,0,0,0,0,0,0,0,0,0,0,0,0,1,1,0,0,1,0,1,1,0,0,0,0,0,0,0
2001,345,7,0.610000000000000000,5.59361953799999960,92,204,12.8000000000000000,10,89,3.9500000000000000,86,2.0000000000000000,215.1392130000000100,3497124.0000000000,1.0000000000000000,1.0000000000000000,0E-17,4.3000000000000000,58.100000000000000,0,0,0,0,0,0,0,0,0,0,0,0,0,0,0,0,0,0,0,0,0,0,0,0,0,0,0,0,0,0,0,0,1,0,0,0,0,1,0,0
2000,593,7,0.830000000000000000,0.73594036100000004,92,789,12.6000000000000000,10,82,4.4300000000000000,81,1.9000000000000000,28.1969487000000000,339281.0000000000,1.2000000000000000,1.1000000000000001,0E-17,3.9000000000000000,45.300000000000000,0,1,0,0,0,0,0,0,0,0,0,0,0,0,0,0,0,0,0,0,0,1,0,0,0,0,0,0,0,0,0,0,1,0,0,0,0,1,0,0
2003,199,0,11.640000000000000000,132.72339220000001000,92,0,54.9000000000000000,0,95,4.9200000000000000,94,0.1000000000000000,7174.2374149999996000,13772.0000000000,2.2000000000000002,2.2999999999999998,0.79800000000000004,15.6000000000000000,71.900000000000006,0,0,0,0,0,0,0,0,0,0,0,0,0,0,0,0,0,0,0,0,0,0,0,0,0,0,0,0,0,0,0,0,0,0,0,0,0,0,0,0
2013,79,0,8.970000000000000600,6115.49662400000030000,92,2,61.4000000000000000,0,98,9.5500000000000007,98,0.1000000000000000,49638.7713000000000000,5438972.0000000000,0.9000000000000000,0.8000000000000000,0.88700000000000001,17.0000000000000000,87.000000000000000,0,0,0,0,0,0,0,0,0,0,0,0,0,0,0,0,0,0,0,0,0,0,0,0,1,0,0,0,0,0,0,0,0,1,0,0,0,0,0,0
2012,82,0,9.240000000000000000,5889.01253600000020000,92,0,61.0000000000000000,0,99,9.3000000000000007,99,0.1000000000000000,47415.5598699999970000,5413971.0000000000,0.9000000000000000,0.8000000000000000,0.88400000000000001,17.0000000000000000,84.000000000000000,0,0,0,0,0,0,0,0,0,0,0,0,0,0,0,0,0,0,0,0,0,0,0,0,1,0,0,0,0,0,0,0,0,1,0,0,0,0,0,0
2015,263,62,0.010000000000000000,71.27962361999999500,65,1154,19.1000000000000010,83,6,8.1600000000000000,65,0.1000000000000000,584.2592100000000500,33736494.0000000000,17.2000000000000000,17.3000000000000000,0.47899999999999998,10.1000000000000000,65.000000000000000,0,0,0,0,0,0,0,0,0,1,0,0,0,0,0,0,0,0,0,0,0,0,1,0,0,0,1,0,1,1,0,0,0,0,1,1,1,0,0,0
2002,3,88,0.010000000000000000,16.88735090999999900,64,2486,13.0000000000000000,122,36,7.7600000000000000,36,0.1000000000000000,187.8459499999999900,21979923.0000000000,19.8999999999999990,2.2000000000000002,0.34100000000000003,6.2000000000000000,56.200000000000000,0,0,0,0,0,0,0,0,0,0,0,0,0,0,0,1,0,0,0,0,0,0,1,0,0,0,1,0,1,1,0,1,0,0,1,1,0,0,0,0
2005,382,92,5.040000000000000000,98.19145116999999300,92,258,17.7000000000000000,148,39,4.0999999999999996,38,2.6000000000000000,1443.9919290000000000,19552542.0000000000,1.0000000000000000,9.9000000000000000,0.42599999999999999,6.8000000000000000,47.400000000000000,0,0,0,0,0,0,0,0,0,0,0,0,0,0,0,0,0,0,0,0,0,0,1,0,0,0,0,0,1,1,0,1,1,0,1,0,0,0,0,0
2002,391,96,2.820000000000000000,24.03794200000000100,92,11945,16.3000000000000000,157,37,3.6300000000000000,41,2.2999999999999998,711.1817160000000500,17572649.0000000000,1.5000000000000000,1.5000000000000000,0.40100000000000002,5.5000000000000000,46.500000000000000,0,0,0,0,0,0,0,0,0,0,0,0,0,0,0,0,0,0,0,0,0,0,1,0,0,0,1,0,1,1,0,1,1,0,1,0,0,0,0,0
2013,119,8,8.279999999999999400,1001.79633200000000000,94,0,61.6000000000000000,10,99,4.9900000000000000,94,0.1000000000000000,12976.6364200000010000,42539925.0000000000,1.0000000000000000,0.9000000000000000,0.82299999999999995,17.3000000000000000,76.000000000000000,0,0,0,0,0,0,0,0,0,0,0,0,0,0,0,0,0,0,0,0,0,0,0,0,0,0,0,0,0,0,0,0,0,0,1,0,0,0,0,0
2015,118,1,null,0E-17,94,33,54.9000000000000000,1,96,null,94,0.1000000000000000,369.6547760000000300,291695.0000000000,2.1000000000000000,2.2000000000000002,0.74099999999999999,12.7000000000000000,74.800000000000000,0,0,0,0,0,0,0,0,0,0,0,0,0,0,0,0,0,0,0,0,0,0,0,0,0,0,0,0,0,0,0,0,0,0,0,0,0,0,0,0
2009,77,0,11.300000000000000000,8053.55763800000020000,83,49,54.7000000000000000,0,83,11.1900000000000000,83,0.1000000000000000,47654.1872099999960000,8343323.0000000000,1.7000000000000000,1.9000000000000000,0.87000000000000000,15.3000000000000000,82.000000000000000,0,0,0,0,1,0,0,0,0,0,0,0,0,0,0,0,0,0,0,0,0,0,0,0,1,0,0,0,0,0,0,0,0,1,0,0,0,0,0,0
2015,69,0,null,0E-17,98,0,63.6000000000000000,0,98,null,98,0.1000000000000000,22688.8782399999980000,null,6.2000000000000000,6.1000000000000000,0.82299999999999995,14.5000000000000000,76.900000000000006,0,0,0,0,0,0,0,0,0,0,0,0,0,0,0,0,0,0,0,0,0,0,0,0,0,0,0,0,0,0,0,0,0,1,0,0,0,0,0,0
2009,19,0,8.460000000000000900,327.16181280000001000,93,0,49.9000000000000000,0,93,6.2100000000000000,93,0.1000000000000000,16523.3238800000000000,null,3.8000000000000000,3.8000000000000000,0.77900000000000003,15.5000000000000000,74.599999999999994,0,0,0,0,0,0,0,0,0,0,0,0,0,0,0,0,0,0,0,0,0,0,0,0,0,0,0,0,0,0,0,0,0,1,0,0,0,0,0,0
2008,278,25,1.280000000000000000,7.61543012599999970,75,928,22.0000000000000000,39,77,4.2000000000000000,75,1.8000000000000000,82.1513498000000060,8696916.0000000000,8.1000000000000000,8.0000000000000000,0.44400000000000001,9.1000000000000000,57.600000000000000,0,0,0,0,0,0,0,0,0,0,0,0,0,0,0,0,0,0,0,0,0,0,0,0,0,0,1,0,0,0,0,0,1,0,0,0,0,0,0,0
2002,283,25,1.230000000000000000,40.48815232999999800,15,1588,19.2000000000000000,40,76,4.2699999999999996,75,2.1000000000000000,418.6985763000000100,7295394.0000000000,9.3000000000000007,9.1999999999999993,0.40699999999999997,7.3000000000000000,55.600000000000000,0,0,0,0,0,0,0,0,0,0,0,0,0,0,0,0,0,0,0,0,0,0,0,0,0,1,1,0,0,0,0,0,1,0,0,0,0,0,0,0
2000,279,25,1.340000000000000000,37.38182017999999800,92,4244,18.3999999999999990,40,78,4.3400000000000000,78,2.0000000000000000,374.1923942000000200,6865951.0000000000,9.6999999999999993,9.6000000000000000,0.38900000000000001,6.4000000000000000,55.400000000000000,0,0,0,0,0,0,0,0,0,0,0,0,0,0,0,0,0,0,0,0,0,0,0,0,0,0,1,0,0,0,0,0,1,0,0,0,0,0,0,0
2013,219,0,0.010000000000000000,19.79057439000000000,97,0,22.7000000000000000,1,97,3.8300000000000000,97,0.6000000000000000,235.8828890000000100,764961.0000000000,15.9000000000000000,16.5000000000000000,0.58899999999999997,12.6000000000000000,69.099999999999994,0,0,0,0,0,0,0,0,0,0,0,0,0,0,0,0,0,0,0,0,0,0,0,0,0,0,0,0,0,0,0,0,0,0,0,1,1,0,0,0
2005,222,12,2.860000000000000000,0E-17,85,0,46.0000000000000000,16,84,5.6700000000000000,85,0.2000000000000000,null,null,1.3000000000000000,1.2000000000000000,0.62200000000000000,14.4000000000000000,65.700000000000000,0,0,0,0,0,0,0,0,0,0,0,0,0,0,0,0,0,0,0,0,0,0,0,0,0,0,0,0,0,0,0,0,0,0,0,0,0,0,0,0
2000,116,0,3.640000000000000000,165.61686420000001000,92,43,47.6000000000000000,0,87,7.9000000000000000,85,0.1000000000000000,1461.7552000000001000,376676.0000000000,3.3000000000000000,3.2000000000000000,0E-17,0E-16,74.599999999999994,0,0,0,0,0,0,0,0,0,0,0,0,0,0,0,0,0,0,1,0,0,0,0,0,0,0,0,0,0,0,0,0,0,0,0,0,0,1,1,0
2010,349,2,5.990000000000000000,547.03866789999995000,95,853,35.2000000000000030,3,96,5.6400000000000000,95,6.2000000000000000,6346.1562400000003000,214866.0000000000,8.0000000000000000,7.8000000000000000,0.66900000000000004,12.3000000000000000,61.100000000000000,0,0,0,0,0,0,0,0,0,0,0,0,0,0,0,0,0,0,0,0,0,0,0,0,0,0,1,0,0,0,0,0,1,0,0,0,0,0,0,0
2000,647,2,5.370000000000000000,250.89164840000001000,86,2672,29.9000000000000000,4,97,4.6399999999999997,97,38.7999999999999970,3349.6882300000002000,172834.0000000000,12.3000000000000000,12.2000000000000000,0.55900000000000005,11.7000000000000000,47.800000000000000,0,1,0,0,0,0,0,0,0,0,0,0,1,0,0,0,0,0,0,0,0,1,0,0,0,0,1,0,0,0,0,0,1,0,0,0,0,0,0,0
2015,78,0,null,0E-17,99,4,41.2000000000000000,0,99,null,99,0.1000000000000000,3967.8951000000002000,null,5.7000000000000000,5.0999999999999996,0.86399999999999999,14.9000000000000000,77.700000000000000,0,0,0,0,0,0,0,0,0,0,0,0,0,0,0,0,0,0,0,0,0,0,0,0,0,0,0,0,0,0,0,0,0,0,0,0,0,0,0,0
2011,275,42,4.510000000000000000,85.55592905999999700,91,860,17.1000000000000010,71,9,5.1700000000000000,91,0.9000000000000000,666.8427830000000500,168194.0000000000,8.8000000000000007,8.4000000000000000,0.37700000000000000,6.7000000000000000,58.100000000000000,0,0,0,0,0,0,0,0,0,1,0,0,0,0,0,0,0,0,0,0,0,0,0,0,0,0,1,0,1,1,0,0,0,0,0,0,0,0,0,0
2007,355,24,4.540000000000000000,1.72659515000000010,99,43,14.8000000000000000,36,93,1.3000000000000000,99,3.4000000000000000,17.7999499999999990,7939573.0000000000,8.0000000000000000,8.0000000000000000,0.30900000000000000,7.2000000000000000,54.800000000000000,0,0,0,0,0,0,0,0,0,0,0,0,0,0,0,0,0,0,0,0,0,0,0,0,0,0,0,0,0,0,0,0,1,0,0,0,0,0,0,0
2006,361,24,4.500000000000000000,21.24915339000000000,92,784,14.5000000000000000,36,88,11.4900000000000000,92,3.8000000000000000,165.8794176000000100,7675338.0000000000,8.1000000000000000,8.1999999999999993,0.28999999999999998,5.9000000000000000,54.100000000000000,0,0,0,0,0,0,0,0,0,0,0,0,0,0,0,0,0,0,0,0,0,0,0,0,0,0,0,0,0,0,0,0,1,0,0,0,0,0,0,0
2012,415,59,3.240000000000000000,0E-17,82,137,26.2000000000000000,82,83,6.1400000000000000,82,2.9000000000000000,null,null,5.9000000000000000,5.9000000000000000,null,null,52.000000000000000,0,0,0,0,0,0,0,0,0,0,0,0,0,0,0,0,0,0,0,0,0,0,1,0,0,0,0,0,1,0,0,0,1,0,0,0,0,0,0,0
2005,466,63,3.110000000000000000,0E-17,76,115,22.1000000000000000,90,87,5.3900000000000000,76,6.1000000000000000,null,null,7.2000000000000000,7.1000000000000000,null,null,48.700000000000000,0,0,0,0,0,0,0,0,0,0,0,0,0,0,0,0,0,0,0,0,0,1,1,0,0,0,0,0,1,0,0,0,1,0,0,0,0,0,0,0
2013,67,2,8.199999999999999300,9733.22801900000010000,55,83,65.8000000000000000,2,91,1.6700000000000000,91,0.1000000000000000,52413.7211600000010000,35155451.0000000000,0.5000000000000000,0.5000000000000000,0.90900000000000003,15.9000000000000000,81.800000000000000,0,0,0,0,1,0,0,0,0,0,0,0,0,1,0,0,0,0,0,0,0,0,0,0,1,1,0,0,0,0,0,0,0,1,1,0,0,0,0,0
2003,78,2,7.700000000000000000,4687.84556499999960000,14,15,6.0000000000000000,2,88,9.5399999999999991,91,0.1000000000000000,28172.1488299999980000,31676.0000000000,0.5000000000000000,0.4000000000000000,0.87700000000000000,15.8000000000000000,79.700000000000000,0,0,0,0,0,1,0,0,0,0,0,0,0,0,0,0,0,0,0,0,0,0,0,0,1,1,0,0,0,0,0,0,0,1,0,0,0,0,0,0
2015,356,46,null,0E-17,46,418,19.1000000000000010,77,52,null,46,2.8000000000000000,777.2487509999999700,149413.0000000000,8.5000000000000000,8.4000000000000000,0.39400000000000002,7.3000000000000000,53.100000000000000,0,0,0,0,0,0,0,0,0,0,0,0,0,0,0,0,0,0,0,0,0,0,0,0,0,1,0,0,1,0,0,1,1,0,0,0,0,0,0,0
2013,366,46,0.640000000000000000,76.52382534999999600,39,226,18.2000000000000000,78,46,3.4200000000000000,39,3.1000000000000000,986.1317699999999600,13133589.0000000000,8.8000000000000007,8.6999999999999993,0.38700000000000001,7.3000000000000000,52.200000000000000,0,0,0,0,0,0,0,0,0,0,0,0,0,0,0,0,0,0,0,0,0,0,0,0,0,1,0,0,1,1,0,1,1,0,0,0,0,0,0,0
2011,365,46,0.560000000000000050,67.76269089000000200,33,8650,17.5000000000000000,79,4,3.1700000000000000,33,3.9000000000000000,989.2363632999999900,12288651.0000000000,9.1999999999999993,9.1000000000000000,0.37000000000000000,6.7000000000000000,51.600000000000000,0,0,0,0,0,0,0,0,0,1,0,0,0,0,0,0,0,0,0,0,0,0,0,0,0,1,1,0,1,1,0,1,1,0,0,0,0,0,0,0
2003,43,44,0.420000000000000000,3.97924353500000020,92,15801,14.8000000000000000,77,36,5.4900000000000000,23,5.0999999999999996,292.5914364000000200,935321.0000000000,1.9000000000000000,1.8000000000000000,0.28399999999999997,5.4000000000000000,48.400000000000000,0,0,0,0,0,0,0,0,0,0,0,0,0,0,0,0,0,0,0,0,0,0,0,0,0,0,1,0,1,1,0,1,1,0,0,0,0,0,0,0
2006,98,307,3.280000000000000000,29.74342979000000000,91,99602,24.9000000000000000,360,94,4.5199999999999996,93,0.1000000000000000,299.2296759999999800,13112.0000000000,4.8000000000000000,4.3000000000000000,0.64600000000000002,11.0000000000000000,74.200000000000000,0,0,0,0,0,0,1,0,0,0,0,0,0,0,0,0,0,0,0,0,0,0,1,0,0,0,1,0,1,0,0,0,0,0,0,0,0,0,0,0
2007,144,14,4.660000000000000000,780.59467489999997000,93,0,52.0000000000000000,17,93,6.2500000000000000,93,0.1000000000000000,4674.2196100000001000,44374572.0000000000,2.2999999999999998,2.1000000000000000,0.67500000000000004,11.9000000000000000,73.500000000000000,0,0,0,0,0,0,0,0,0,0,0,0,0,0,0,0,0,0,0,0,0,0,0,0,0,0,0,0,0,0,0,0,0,0,1,0,0,0,0,0
2004,148,16,4.260000000000000000,42.17956418000000000,89,0,49.8000000000000000,19,89,5.3700000000000000,89,0.1000000000000000,274.2494419999999900,42724163.0000000000,2.4000000000000000,2.2000000000000002,0.65800000000000003,11.3000000000000000,72.800000000000000,0,0,0,0,0,0,0,0,0,0,0,0,0,0,0,0,0,0,0,0,0,0,0,0,0,0,0,0,0,0,0,0,0,0,1,0,0,0,0,0
2014,275,7,0.010000000000000000,0E-17,9,71,26.8000000000000000,10,9,5.1500000000000000,9,3.0000000000000000,null,null,7.6000000000000000,7.3000000000000000,0.58099999999999996,11.1000000000000000,64.200000000000000,0,0,0,0,0,1,0,0,0,1,0,1,0,0,0,0,0,0,0,0,0,0,0,0,0,1,0,0,0,1,0,1,1,0,0,0,0,0,0,0
2008,99,1,4.220000000000000000,1859.09562099999990000,89,0,53.4000000000000000,1,89,9.1000000000000000,9,0.1000000000000000,6911.1361360000001000,442958.0000000000,1.9000000000000000,1.8000000000000000,0.74000000000000000,12.9000000000000000,78.900000000000006,0,0,0,0,0,0,0,0,0,0,0,1,0,0,0,0,0,0,0,0,0,0,0,0,1,0,0,0,0,0,0,1,0,0,0,0,0,0,0,0
2008,12,1,4.260000000000000000,708.61579659999995000,95,0,56.2000000000000000,1,99,1.7900000000000000,95,0.1000000000000000,5376.4476219999997000,null,3.4000000000000000,3.2000000000000000,0.77100000000000002,17.1000000000000010,77.900000000000006,0,0,0,0,0,0,0,0,0,0,0,0,0,0,0,0,0,0,0,0,0,0,0,0,0,0,0,0,0,0,0,0,0,0,0,0,0,0,0,0
2002,19,1,4.099999999999999600,334.76721070000002000,98,0,51.3000000000000000,1,98,6.5000000000000000,99,0.1000000000000000,2994.3399880000002000,null,3.5000000000000000,3.3000000000000000,0.69199999999999995,12.5000000000000000,77.700000000000000,0,0,0,0,0,0,0,0,0,0,0,0,0,0,0,0,0,0,0,0,0,0,0,0,0,0,0,0,0,0,0,0,0,0,0,0,0,0,0,0
2000,115,1,3.920000000000000000,49.34007755999999700,98,0,49.4000000000000000,1,98,6.7000000000000000,95,0.1000000000000000,2741.1154200000001000,null,3.6000000000000000,3.4000000000000000,0.67900000000000005,12.1000000000000000,76.900000000000006,0,0,0,0,0,0,0,0,0,0,0,0,0,0,0,0,0,0,0,0,0,0,0,0,0,0,0,0,0,0,0,0,0,0,0,0,0,0,0,0
2004,65,0,13.030000000000000000,1586.72417200000000000,88,0,54.8000000000000000,0,98,6.4200000000000000,98,0.1000000000000000,23932.4912799999980000,1141.0000000000,0.9000000000000000,1.0000000000000000,0.82299999999999995,13.4000000000000000,78.599999999999994,0,0,0,0,0,0,0,0,0,0,0,0,0,0,0,0,0,0,0,0,0,0,0,0,1,0,0,0,0,0,0,0,0,1,0,0,0,0,0,0
2015,86,0,null,0E-17,97,9,66.0999999999999940,0,97,null,97,0.1000000000000000,null,null,1.8000000000000000,1.8000000000000000,null,null,78.800000000000000,0,0,0,0,0,0,0,0,0,0,0,0,0,0,0,0,0,0,0,0,0,0,0,0,0,0,0,0,0,0,0,0,0,0,0,0,0,0,0,0
2007,17,0,13.430000000000000000,0E-17,99,2,62.2000000000000000,0,99,6.5200000000000000,99,0.1000000000000000,null,null,2.0000000000000000,2.1000000000000000,null,null,76.800000000000000,0,0,0,0,0,0,0,0,0,0,0,0,0,0,0,0,0,0,0,0,0,0,0,0,0,0,0,0,0,0,0,0,0,0,0,0,0,0,0,0
2002,12,0,13.470000000000000000,0E-17,86,4,59.9000000000000000,0,97,6.8000000000000000,98,0.1000000000000000,null,null,2.2000000000000002,2.2999999999999998,null,null,75.300000000000000,0,0,0,0,0,0,0,0,0,0,0,0,0,0,0,0,0,0,0,0,0,0,0,0,0,0,0,0,0,0,0,0,0,0,0,0,0,0,0,0
2014,142,6,0.010000000000000000,0E-17,93,3,32.4000000000000000,8,99,null,93,0.1000000000000000,null,null,4.9000000000000004,4.9000000000000004,null,null,73.000000000000000,0,0,0,0,0,0,0,0,0,0,0,0,0,0,0,0,0,0,0,0,0,0,0,0,0,0,0,0,0,0,0,0,0,0,0,0,0,0,0,0
2005,165,10,3.210000000000000000,0E-17,92,0,27.7000000000000000,13,97,null,79,0.1000000000000000,null,null,5.7000000000000000,5.7000000000000000,null,null,68.500000000000000,0,0,0,0,0,0,0,0,0,0,0,0,0,0,0,0,0,0,0,0,0,0,0,0,0,0,0,0,0,0,0,0,0,0,0,0,0,0,0,0
2014,266,237,0.010000000000000000,0E-17,8,33711,21.1000000000000000,312,79,4.3300000000000000,8,1.1000000000000001,null,null,9.6999999999999993,9.5000000000000000,null,null,59.300000000000000,0,0,0,0,0,1,0,0,0,0,0,1,0,0,0,0,0,0,0,0,0,0,1,0,0,1,1,0,1,0,0,1,0,0,0,0,0,0,0,0
2009,292,238,2.130000000000000000,0E-17,72,57,18.6000000000000010,323,78,5.6100000000000000,72,1.7000000000000000,null,null,1.6000000000000000,1.4000000000000000,null,null,56.700000000000000,0,0,0,0,0,0,0,0,0,0,0,0,0,0,0,0,0,0,0,0,0,0,1,0,0,0,0,0,1,0,0,0,1,0,0,0,0,0,0,0
2013,75,0,9.500000000000000000,10261.76300000000100000,92,17,58.1000000000000000,0,94,11.2500000000000000,94,0.1000000000000000,61191.1926299999980000,5614932.0000000000,1.1000000000000001,0.9000000000000000,0.92400000000000004,18.7000000000000000,81.000000000000000,0,0,0,0,1,0,0,0,0,0,0,0,0,1,0,0,0,0,0,0,0,0,0,0,1,0,0,0,0,0,0,0,0,1,0,0,0,0,0,0
2010,84,0,10.280000000000000000,954.48659329999998000,92,5,57.0000000000000000,0,9,11.8000000000000000,9,0.1000000000000000,5841.4112200000000000,5547683.0000000000,1.1000000000000001,0.9000000000000000,0.90600000000000003,16.8000000000000000,79.200000000000000,0,0,0,0,0,0,0,0,0,1,0,1,0,0,0,0,0,0,0,0,0,0,0,0,0,0,0,0,0,1,0,1,0,0,0,0,0,0,0,0
2010,273,1,0.440000000000000000,187.49600970000000000,88,7,32.2000000000000030,2,88,8.8400000000000000,88,3.1000000000000000,1325.9972399999999000,851146.0000000000,5.6000000000000000,5.6000000000000000,0.44100000000000000,5.5000000000000000,61.300000000000000,0,0,0,0,0,0,0,0,0,0,0,0,0,0,0,0,0,0,0,0,0,0,0,0,0,0,0,0,0,0,0,0,1,0,0,0,0,0,0,0
2010,166,6,6.020000000000000000,664.55852419999997000,83,0,53.6000000000000000,8,85,4.5999999999999996,88,0.9000000000000000,5451.6696000000002000,9897985.0000000000,3.3000000000000000,3.3000000000000000,0.69699999999999995,12.9000000000000000,72.700000000000000,0,0,0,0,0,0,0,0,0,0,0,0,0,0,0,0,0,0,0,0,0,0,0,0,0,0,0,0,0,0,0,0,0,0,0,0,0,0,0,0
2004,214,7,5.160000000000000000,182.61625150000000000,82,0,47.2000000000000000,8,66,4.2800000000000000,79,2.1000000000000000,2421.9661999999998000,912998.0000000000,3.6000000000000000,3.5000000000000000,0.66600000000000004,12.5000000000000000,69.300000000000000,0,0,0,0,0,0,0,0,0,0,0,0,0,0,0,0,0,0,0,0,0,0,0,0,0,0,0,0,0,0,0,0,1,0,0,0,0,0,0,0
2001,188,7,6.130000000000000000,340.02399450000001000,66,113,44.1000000000000000,9,71,5.5900000000000000,72,2.5000000000000000,2862.1548360000002000,8697126.0000000000,3.8000000000000000,3.6000000000000000,0.65600000000000003,12.3000000000000000,71.200000000000000,0,0,0,0,0,0,0,0,0,0,0,0,0,0,0,0,0,0,0,0,0,0,0,0,0,0,0,0,0,0,0,0,1,0,0,0,0,0,0,0
2013,121,6,3.770000000000000000,59.12850204000000100,87,0,52.8000000000000000,8,87,7.2900000000000000,87,0.1000000000000000,674.9828999999999700,15661547.0000000000,1.3000000000000000,1.1000000000000001,0.72499999999999998,13.4000000000000000,76.000000000000000,0,0,0,0,0,0,0,0,0,0,0,0,0,0,0,0,0,0,0,0,0,0,0,0,0,0,0,0,0,0,0,0,0,0,0,0,0,0,0,0
2010,173,54,0.220000000000000000,0E-17,97,16,57.0000000000000000,64,97,4.8000000000000000,97,0.1000000000000000,null,null,3.0000000000000000,2.9000000000000000,0.66500000000000004,12.2000000000000000,70.000000000000000,0,0,0,0,0,0,0,0,0,0,0,0,0,0,0,0,0,0,0,0,0,0,1,0,0,0,0,0,0,0,0,0,0,0,0,0,0,0,0,0
2001,219,4,2.880000000000000000,332.10565860000003000,75,2,46.2000000000000000,4,94,8.1999999999999993,92,0.4000000000000000,2338.7722439999998000,595962.0000000000,2.1000000000000000,2.0000000000000000,0.61499999999999999,11.6000000000000000,68.900000000000006,0,0,0,0,0,0,0,0,0,0,0,0,0,0,0,0,0,0,0,0,0,0,0,0,0,0,0,0,0,0,0,0,0,0,0,0,0,0,0,0
2006,337,3,7.280000000000000000,827.59793349999995000,92,0,2.5000000000000000,4,52,2.1300000000000000,4,5.3000000000000000,12732.2759000000010000,792217.0000000000,9.6999999999999993,9.6000000000000000,0.56899999999999995,9.0000000000000000,54.800000000000000,0,0,0,0,0,0,0,0,0,0,0,1,0,0,0,0,0,0,0,0,0,0,0,0,0,0,0,0,0,0,0,1,1,0,0,0,0,0,0,0
2011,138,0,0.010000000000000000,2146.94574100000000000,94,7,58.0000000000000000,0,93,5.8300000000000000,93,0.1000000000000000,17454.8434200000010000,1327439.0000000000,1.9000000000000000,2.0000000000000000,0.83799999999999997,16.3999999999999990,76.099999999999994,0,0,0,0,0,0,0,0,0,0,0,0,0,0,0,0,0,0,0,0,0,0,0,0,1,0,0,0,0,0,0,0,0,1,0,0,0,0,0,0
2011,249,156,1.320000000000000000,67.77565368999999900,65,3255,16.0000000000000000,231,7,6.5500000000000000,65,1.4000000000000000,354.8463544000000000,946756.0000000000,1.9000000000000000,1.6000000000000000,0.41099999999999998,8.1999999999999993,62.600000000000000,0,0,0,0,0,0,0,0,0,1,0,0,0,0,0,0,0,0,0,0,0,0,1,0,0,0,1,0,1,1,0,0,0,0,0,0,0,0,0,0
2001,372,246,0.850000000000000000,1.18622757699999990,92,2366,12.6000000000000000,392,55,4.2600000000000000,32,4.9000000000000004,12.1789279000000000,68492257.0000000000,11.8000000000000000,11.7000000000000000,0.28299999999999997,4.3000000000000000,52.500000000000000,0,0,0,0,0,0,0,0,0,0,0,0,0,0,0,0,0,0,0,0,0,0,1,0,0,0,1,0,1,0,0,1,1,0,1,0,0,0,0,0
2000,391,253,0.880000000000000000,11.59481766000000000,92,1660,12.3000000000000000,404,55,4.3600000000000003,3,5.0000000000000000,123.8762570000000000,66537331.0000000000,11.9000000000000000,11.8000000000000000,0E-17,3.9000000000000000,51.200000000000000,0,0,0,0,0,0,0,0,0,0,0,1,0,0,0,0,0,0,0,0,0,0,1,0,0,0,1,0,1,0,0,1,1,0,1,0,0,1,0,0
2010,89,0,9.720000000000000600,591.66914050000003000,92,5,6.2000000000000000,0,99,9.5000000000000000,99,0.1000000000000000,4622.4151599999996000,5363352.0000000000,0.9000000000000000,0.8000000000000000,0.87400000000000000,16.8000000000000000,79.900000000000006,0,0,0,0,0,0,0,0,0,0,0,0,0,0,0,0,0,0,0,0,0,0,0,0,0,0,0,0,0,0,0,0,0,0,0,0,0,0,0,0
2002,98,0,9.250000000000000000,3099.35731900000020000,92,0,56.6000000000000000,0,95,7.8100000000000000,98,0.1000000000000000,26834.2625000000010000,52598.0000000000,0.9000000000000000,0.8000000000000000,0.86299999999999999,18.0000000000000000,78.099999999999994,0,0,0,0,0,0,0,0,0,0,0,0,0,0,0,0,0,0,0,0,0,0,0,0,1,0,0,0,0,0,0,0,0,1,0,0,0,0,0,0
2000,15,0,8.590000000000000000,397.75336890000000000,92,0,55.5000000000000000,0,96,7.2200000000000000,99,0.1000000000000000,24253.2541999999990000,517629.0000000000,0.9000000000000000,0.9000000000000000,0.84699999999999998,17.3000000000000000,77.500000000000000,0,0,0,0,0,0,0,0,0,0,0,0,0,0,0,0,0,0,0,0,0,0,0,0,0,0,0,0,0,0,0,0,0,1,0,0,0,0,0,0
2015,229,2,null,0E-17,8,27,36.2999999999999970,3,79,null,8,2.7000000000000000,7388.9841440000000000,193175.0000000000,6.1000000000000000,5.9000000000000000,0.69399999999999995,12.6000000000000000,66.000000000000000,0,0,0,0,0,1,0,0,0,0,0,1,0,0,0,0,0,0,0,0,0,0,0,0,0,1,0,0,0,0,0,1,1,0,0,0,0,0,0,0
2015,129,1,null,0E-17,94,431,56.2000000000000000,1,91,null,94,0.1000000000000000,3764.6491200000000000,37171.0000000000,2.7000000000000000,2.8000000000000000,0.76800000000000002,13.9000000000000000,74.400000000000006,0,0,0,0,0,0,0,0,0,0,0,0,0,0,0,0,0,0,0,0,0,0,0,0,0,0,0,0,0,0,0,0,0,0,0,0,0,0,0,0
2011,361,75,8.060000000000000000,239.89139209999999000,72,1449,21.0000000000000000,115,73,3.3800000000000000,71,2.5000000000000000,4299.1288900000000000,24218565.0000000000,8.9000000000000000,8.8000000000000007,0.49500000000000000,9.4000000000000000,51.000000000000000,0,0,0,0,0,0,0,0,0,0,0,0,0,0,0,0,0,0,0,0,0,0,1,0,0,0,1,0,1,0,0,0,1,0,1,0,0,0,0,0
2009,369,81,7.010000000000000000,212.92293250000000000,61,2807,19.8000000000000000,127,63,4.3700000000000000,6,2.5000000000000000,3347.8448500000000000,22549547.0000000000,9.3000000000000007,9.1999999999999993,0.48000000000000000,8.5000000000000000,49.100000000000000,0,0,0,0,0,0,0,0,0,0,0,1,0,0,0,0,0,0,0,0,0,0,1,0,0,0,1,0,1,0,0,1,1,0,1,0,0,0,0,0
2007,375,87,6.350000000000000000,184.82134460000000000,73,1014,18.8000000000000000,138,75,3.3800000000000000,73,2.6000000000000000,2878.8371440000001000,2997687.0000000000,9.6000000000000000,9.6000000000000000,0.45400000000000001,7.7000000000000000,48.200000000000000,0,0,0,0,0,0,0,0,0,0,0,0,0,0,0,0,0,0,0,0,0,0,1,0,0,0,1,0,1,0,0,0,1,0,0,0,0,0,0,0
2009,126,10,8.330000000000000000,1398.04262300000000000,94,3,59.2000000000000000,11,97,7.6300000000000000,94,0.1000000000000000,8161.3696600000003000,479947.0000000000,1.0000000000000000,0.9000000000000000,0.79400000000000004,16.5000000000000000,75.599999999999994,0,0,0,0,0,0,0,0,0,0,0,0,0,0,0,0,0,0,0,0,0,0,0,0,1,0,0,0,0,0,0,0,0,0,0,0,0,0,0,0
2004,13,11,7.630000000000000000,719.36637970000004000,81,0,56.3000000000000000,12,91,6.8400000000000000,98,0.1000000000000000,4251.5743480000001000,38728696.0000000000,1.1000000000000001,1.0000000000000000,0.77500000000000002,16.3000000000000000,74.700000000000000,0,0,0,0,0,0,0,0,0,0,0,0,0,0,0,0,0,0,0,0,0,0,0,0,0,0,0,0,0,0,0,0,0,0,1,0,0,0,0,0
2006,141,1,4.010000000000000000,244.53527670000000000,78,137,49.2000000000000000,1,87,4.5800000000000000,87,0.1000000000000000,2158.2990000000000000,29585.0000000000,2.0000000000000000,2.1000000000000000,0.69199999999999995,11.2000000000000000,72.900000000000006,0,0,0,0,0,0,0,0,0,0,0,0,0,0,0,0,0,0,0,0,0,0,0,0,0,0,0,0,0,0,0,0,0,0,0,0,0,0,0,0
2003,71,1,9.970000000000000600,3829.55092800000010000,95,91,6.3000000000000000,1,92,8.3200000000000000,93,0.1000000000000000,23465.3855900000020000,198954.0000000000,0.7000000000000000,0.7000000000000000,0.90500000000000003,20.6000000000000000,83.000000000000000,0,0,0,0,0,0,0,0,0,0,0,0,0,0,0,0,0,0,0,0,0,0,0,0,1,0,0,0,0,0,0,0,0,1,0,0,0,0,1,0
2001,92,0,12.400000000000000000,3582.84830800000010000,44,0,5.6000000000000000,0,83,1.1200000000000001,84,0.1000000000000000,24489.7355300000020000,842293.0000000000,1.7000000000000000,1.9000000000000000,0.83699999999999997,15.5000000000000000,78.599999999999994,0,0,0,0,0,0,0,0,0,0,0,0,0,0,0,0,0,0,0,0,0,0,0,0,1,1,0,0,0,0,0,0,0,1,0,0,0,0,0,0
2006,171,0,11.070000000000000000,0E-17,96,0,58.7000000000000000,0,94,6.9300000000000000,95,0.1000000000000000,null,null,2.5000000000000000,2.5000000000000000,0.78800000000000003,12.4000000000000000,74.200000000000000,0,0,0,0,0,0,0,0,0,0,0,0,0,0,0,0,0,0,0,0,0,0,0,0,0,0,0,0,0,0,0,0,0,0,0,0,0,0,0,0
2014,7,0,1.570000000000000000,367.25567419999999000,98,46,62.9000000000000000,0,98,4.9800000000000004,98,0.1000000000000000,24983.3791999999990000,null,6.1000000000000000,6.0000000000000000,0.82000000000000000,14.5000000000000000,76.800000000000000,0,0,0,0,0,0,0,0,0,0,0,0,0,0,0,0,0,0,0,0,0,0,0,0,0,0,0,0,0,0,0,0,0,1,0,0,0,0,0,0
2013,7,0,1.650000000000000000,3.96869598199999980,99,0,62.2000000000000000,0,99,4.6900000000000004,99,0.1000000000000000,251.1832900000000000,null,6.1000000000000000,6.0000000000000000,0.81499999999999995,14.5000000000000000,76.700000000000000,0,0,0,0,0,0,0,0,0,0,0,0,0,0,0,0,0,0,0,0,0,0,0,0,0,0,0,0,0,0,0,0,0,0,0,0,0,0,0,0
2006,152,164,0.010000000000000000,42.33045489999999900,86,6192,13.0000000000000000,215,95,2.8000000000000000,94,0.1000000000000000,494.5146599999999900,1453684.0000000000,19.7000000000000000,2.2999999999999998,0.50600000000000001,8.4000000000000000,68.200000000000000,0,0,0,0,0,0,0,0,0,0,0,0,0,0,0,1,0,0,0,0,0,0,1,0,0,0,1,0,1,0,0,0,0,0,0,1,0,0,0,0
2003,161,196,0.010000000000000000,35.48458956999999700,5,4067,11.6000000000000000,264,9,2.5099999999999998,87,0.1000000000000000,432.7388972000000000,139191.0000000000,2.2999999999999998,2.9000000000000000,0.48399999999999999,7.9000000000000000,66.800000000000000,0,0,0,0,0,1,0,0,0,1,0,0,0,0,0,0,0,0,0,0,0,0,1,0,0,1,1,0,1,1,0,0,0,0,0,0,0,0,0,0
2000,127,0,7.430000000000000000,1140.61575399999990000,92,0,43.0000000000000000,0,86,5.1600000000000000,93,0.9000000000000000,11568.1111000000000000,null,4.3000000000000000,4.2000000000000000,0.74099999999999999,14.0000000000000000,73.300000000000000,0,0,0,0,0,0,0,0,0,0,0,0,0,0,0,0,0,0,0,0,0,0,0,0,1,0,0,0,0,0,0,0,0,0,0,0,0,0,0,0
2004,247,1,12.050000000000000000,42.33443900999999700,99,2,56.2000000000000000,1,99,6.5900000000000000,99,0.1000000000000000,2378.3392699999999000,973146.0000000000,2.4000000000000000,2.5000000000000000,0.70299999999999996,14.1000000000000000,68.200000000000000,0,0,0,0,0,0,0,0,0,0,0,0,0,0,0,0,0,0,0,0,0,0,0,0,0,0,0,0,0,0,0,0,0,0,0,0,0,0,0,0
2012,189,0,6.660000000000000000,582.80271849999997000,98,0,48.5000000000000000,0,98,5.4500000000000000,98,0.1000000000000000,4673.6384799999996000,33671.0000000000,3.5000000000000000,3.4000000000000000,0.70199999999999996,12.5000000000000000,69.400000000000006,0,0,0,0,0,0,0,0,0,0,0,0,0,0,0,0,0,0,0,0,0,0,0,0,0,0,0,0,0,0,0,0,0,0,0,0,0,0,0,0
2003,21,0,5.670000000000000000,312.79959459999998000,96,0,42.6000000000000000,0,95,4.5300000000000000,96,1.5000000000000000,3679.9952300000000000,26913.0000000000,3.6000000000000000,3.6000000000000000,0.68400000000000005,12.2000000000000000,68.400000000000006,0,0,0,0,0,0,0,0,0,0,0,0,0,0,0,0,0,0,0,0,0,0,0,0,0,0,0,0,0,0,0,0,0,0,0,0,0,0,0,0
2004,285,25,1.149999999999999900,10.73628066000000000,75,262,2.1000000000000000,39,74,4.5599999999999996,72,2.1000000000000000,583.4935140000000000,7754.0000000000,8.9000000000000000,8.8000000000000007,0.42299999999999999,8.1000000000000000,56.100000000000000,0,0,0,0,0,0,0,0,0,0,0,0,0,0,0,0,0,0,0,0,0,0,0,0,0,0,0,0,0,0,0,0,1,0,0,0,0,0,0,0
2007,238,1,0.160000000000000000,283.80623600000001000,95,11,18.0000000000000000,1,93,5.8800000000000000,95,0.3000000000000000,1741.1425520000000000,686958.0000000000,17.3000000000000000,18.1000000000000010,0E-17,10.1000000000000000,66.500000000000000,0,0,0,0,0,0,0,0,0,0,0,0,0,0,0,0,0,0,0,0,0,0,0,0,0,0,0,0,0,0,0,0,0,0,0,1,1,1,0,0
2004,263,1,0.960000000000000000,2.58669822799999990,89,3,16.1000000000000010,1,9,4.4100000000000000,89,0.3000000000000000,197.4578799999999900,64282.0000000000,18.0000000000000000,18.8000000000000000,0E-17,8.8000000000000007,64.200000000000000,0,0,0,0,0,0,0,0,0,1,0,0,0,0,0,0,1,0,0,0,0,0,0,0,0,0,0,0,0,1,0,0,0,0,0,1,1,1,0,0
2003,12,0,4.139999999999999700,39.86518043000000200,92,18,49.4000000000000000,0,87,7.9400000000000000,87,0.1000000000000000,2214.7322460000000000,3779247.0000000000,3.0000000000000000,3.0000000000000000,0E-17,12.1000000000000000,75.200000000000000,0,0,0,0,0,0,0,0,0,0,0,0,0,0,0,0,0,0,0,0,0,0,0,0,0,0,0,0,0,0,0,0,0,0,0,0,0,1,0,0
2015,256,2,null,0E-17,95,0,37.9000000000000000,2,96,null,95,2.2000000000000002,6532.6509999999998000,229197.0000000000,6.4000000000000000,6.1000000000000000,0.69799999999999995,12.6000000000000000,65.700000000000000,0,0,0,0,0,0,0,0,0,0,0,0,0,0,0,0,0,0,0,0,0,0,0,0,0,0,0,0,0,0,0,0,1,0,0,0,0,0,0,0
2005,566,2,6.370000000000000000,629.84256430000005000,92,5,32.7000000000000030,3,96,5.6200000000000000,96,20.6000000000000000,5351.2537320000001000,1855852.0000000000,1.0000000000000000,9.9000000000000000,0.59299999999999997,11.9000000000000000,51.700000000000000,0,1,0,0,0,0,0,0,0,0,0,0,1,0,0,0,0,0,0,0,0,1,0,0,0,0,0,0,0,0,0,0,1,0,0,0,0,0,0,0
2014,8,0,0.010000000000000000,269.14327839999999000,99,1,4.2000000000000000,0,99,2.6500000000000000,99,0.1000000000000000,4159.8652000000002000,null,5.7000000000000000,5.2000000000000000,0.86299999999999999,15.0000000000000000,77.599999999999994,0,0,0,0,0,0,0,0,0,0,0,0,0,0,0,0,0,0,0,0,0,0,0,0,0,0,0,0,0,0,0,0,0,0,0,0,0,0,0,0
2010,79,0,0.880000000000000000,2218.36422600000010000,96,0,36.2000000000000030,0,99,2.7300000000000000,95,0.1000000000000000,35268.1117000000010000,null,5.9000000000000000,5.4000000000000000,0.84499999999999997,14.2000000000000000,76.900000000000006,0,0,0,0,0,0,0,0,0,0,0,0,0,0,0,0,0,0,0,0,0,0,0,0,1,0,0,0,0,0,0,0,0,1,0,0,0,0,0,0
2008,155,1,10.980000000000000000,107.98261270000000000,96,1,61.5000000000000000,1,96,6.6100000000000000,95,0.1000000000000000,7296.1224789999997000,7492561.0000000000,2.1000000000000000,2.1000000000000000,0.76100000000000001,13.8000000000000000,72.900000000000006,0,0,0,0,0,0,0,0,0,0,0,0,0,0,0,0,0,0,0,0,0,0,0,0,0,0,0,0,0,0,0,0,0,0,0,0,0,0,0,0
2012,271,41,4.750000000000000000,78.76987363000000600,9,7362,17.7000000000000000,68,9,5.3300000000000000,9,0.8000000000000000,673.8227000000000500,16571216.0000000000,8.6000000000000000,8.1000000000000000,0.38400000000000001,7.2000000000000000,58.600000000000000,0,0,0,0,0,1,0,0,0,1,0,1,0,0,0,0,0,0,0,0,0,0,0,0,0,1,1,0,1,1,0,1,0,0,0,0,0,0,0,0
2013,33,22,0.010000000000000000,40.15128458000000200,96,0,17.6000000000000010,32,96,8.3000000000000007,96,1.0000000000000000,282.7555252000000200,96186.0000000000,7.4000000000000000,7.4000000000000000,0.39800000000000002,10.5000000000000000,58.600000000000000,0,0,0,0,0,0,0,0,0,0,0,0,0,0,0,0,0,0,0,0,0,0,0,0,0,0,0,0,0,0,0,0,0,0,0,0,0,0,0,0
2003,144,0,4.160000000000000000,209.08650000000000000,66,0,23.2000000000000000,0,93,5.0000000000000000,92,0.9000000000000000,1768.9213199999999000,46147.0000000000,8.9000000000000000,8.9000000000000000,0.57199999999999995,11.3000000000000000,71.099999999999994,0,0,0,0,0,0,0,0,0,0,0,0,0,0,0,0,0,0,0,0,0,0,0,0,0,0,0,0,0,0,0,0,0,0,0,0,0,0,0,0
2001,152,0,3.810000000000000000,150.74348620000001000,92,0,22.1000000000000000,0,91,5.1900000000000000,9,0.8000000000000000,1268.8845640000000000,443716.0000000000,9.4000000000000000,9.3000000000000007,0.56200000000000006,11.0000000000000000,73.000000000000000,0,0,0,0,0,0,0,0,0,0,0,1,0,0,0,0,0,0,0,0,0,0,0,0,0,0,0,0,0,0,0,1,0,0,0,0,0,0,0,0
2003,412,60,4.639999999999999700,67.63925301999999800,92,899,22.3000000000000000,95,72,4.9700000000000000,73,7.7000000000000000,824.8689392999999700,16513822.0000000000,7.2000000000000000,7.3000000000000000,0.45200000000000001,8.1000000000000000,51.800000000000000,0,0,0,0,0,0,0,0,0,0,0,0,0,0,0,0,0,0,0,0,0,0,1,0,0,0,1,0,1,0,0,0,1,0,0,0,0,0,0,0
2007,495,17,1.500000000000000000,60.04884821000000300,92,49,19.0000000000000000,26,46,4.4000000000000004,48,9.0000000000000000,397.1484669999999800,42758.0000000000,9.4000000000000000,9.4000000000000000,0.33000000000000000,6.2000000000000000,46.800000000000000,0,0,0,0,0,0,0,0,0,0,0,0,0,0,0,0,0,0,0,0,0,1,0,0,0,0,0,0,0,1,0,1,1,0,0,0,0,0,0,0
2012,367,46,0.620000000000000000,57.82427090000000200,4,120,17.8999999999999990,79,51,3.0000000000000000,4,3.6000000000000000,973.4725740000000100,1275135.0000000000,9.0000000000000000,8.9000000000000000,0.38100000000000001,7.3000000000000000,51.800000000000000,0,0,0,0,0,1,0,0,0,0,0,1,0,0,0,0,0,0,0,0,0,0,0,0,0,1,0,0,1,0,0,1,1,0,0,0,0,0,0,0
2004,45,44,0.340000000000000000,72.38451279000000200,92,10324,15.1000000000000000,78,31,5.7200000000000000,21,5.2000000000000000,454.6765879000000200,97143.0000000000,1.7000000000000000,1.6000000000000000,0.30099999999999999,5.6000000000000000,48.500000000000000,0,0,0,0,0,0,0,0,0,0,0,0,0,0,0,0,0,0,0,0,0,0,0,0,0,0,1,0,1,1,0,1,1,0,0,0,0,0,0,0
2006,147,15,4.530000000000000000,62.43710774000000200,93,0,51.3000000000000000,17,94,6.1100000000000000,93,0.1000000000000000,379.7877599999999900,43835722.0000000000,2.2999999999999998,2.1000000000000000,0.66900000000000004,11.5000000000000000,73.099999999999994,0,0,0,0,0,0,0,0,0,0,0,0,0,0,0,0,0,0,0,0,0,0,0,0,0,0,0,0,0,0,0,0,0,0,1,0,0,0,0,0
2003,15,16,4.250000000000000000,417.80388979999998000,92,0,49.0000000000000000,19,92,5.9200000000000000,92,0.1000000000000000,2246.2574719999998000,42152151.0000000000,2.5000000000000000,2.2000000000000002,0.65900000000000003,11.6000000000000000,72.400000000000006,0,0,0,0,0,0,0,0,0,0,0,0,0,0,0,0,0,0,0,0,0,0,0,0,0,0,0,0,0,0,0,0,0,0,1,0,0,0,0,0
2002,163,17,4.450000000000000000,393.87736330000001000,78,139,48.2000000000000000,20,83,5.6700000000000000,81,0.1000000000000000,2355.7258569999999000,41572491.0000000000,2.5000000000000000,2.2999999999999998,0.65600000000000003,11.5000000000000000,71.800000000000000,0,0,0,0,0,0,0,0,0,0,0,0,0,0,0,0,0,0,0,0,0,0,0,0,0,0,0,0,0,0,0,0,0,0,1,0,0,0,0,0
2002,271,2,0.080000000000000000,29.41897494999999900,92,0,18.0000000000000000,2,98,3.3900000000000000,89,0.1000000000000000,433.2691451000000000,569479.0000000000,7.7000000000000000,7.7000000000000000,0E-17,8.8000000000000007,59.500000000000000,0,0,0,0,0,0,0,0,0,0,0,0,0,0,0,0,0,0,0,0,0,0,0,0,0,0,0,0,0,0,0,0,0,0,0,0,0,1,0,0
2000,272,1,0.090000000000000000,35.02948623999999700,92,0,17.3000000000000000,2,7,3.5600000000000000,7,0.1000000000000000,375.8528566000000000,542357.0000000000,7.9000000000000000,7.9000000000000000,0E-17,8.1999999999999993,59.500000000000000,0,0,0,0,0,0,0,0,0,1,0,1,0,0,0,0,0,0,0,0,0,0,0,0,0,0,0,0,0,1,0,1,0,0,0,0,0,1,0,0
2015,92,1,null,0E-17,99,0,61.4000000000000000,1,99,null,99,0.1000000000000000,762.2612179999999900,null,3.5000000000000000,3.3000000000000000,0.77300000000000002,13.9000000000000000,79.099999999999994,0,0,0,0,0,0,0,0,0,0,0,0,0,0,0,0,0,0,0,0,0,0,0,0,0,0,0,0,0,0,0,0,0,0,0,0,0,0,0,0
2004,116,0,13.240000000000000000,0E-17,98,17,6.8000000000000000,0,96,6.9000000000000000,98,0.1000000000000000,null,null,2.1000000000000000,2.2000000000000002,null,null,75.800000000000000,0,0,0,0,0,0,0,0,0,0,0,0,0,0,0,0,0,0,0,0,0,0,0,0,0,0,0,0,0,0,0,0,0,0,0,0,0,0,0,0
2013,272,238,0.010000000000000000,0E-17,74,88381,2.6000000000000000,314,74,3.8900000000000000,74,1.2000000000000000,null,null,9.9000000000000000,9.6000000000000000,null,null,58.800000000000000,0,0,0,0,0,0,1,0,0,0,0,0,0,0,0,0,0,0,0,0,0,0,1,0,0,0,1,0,1,0,0,0,0,0,0,0,0,0,0,0
2011,278,239,1.820000000000000000,0E-17,74,133802,19.6000000000000010,319,77,3.5300000000000000,74,1.6000000000000000,null,null,1.2000000000000000,1.0000000000000000,null,null,57.900000000000000,0,0,0,0,0,0,1,0,0,0,0,0,0,0,0,0,0,0,0,0,0,0,1,0,0,0,1,0,1,0,0,0,1,0,0,0,0,0,0,0
2005,314,233,1.430000000000000000,0E-17,92,182485,16.8999999999999990,329,6,3.1400000000000000,6,2.0000000000000000,null,null,11.5000000000000000,11.3000000000000000,null,null,54.300000000000000,0,0,0,0,0,0,1,0,0,1,0,1,0,0,0,0,0,0,0,0,0,0,1,0,0,0,1,0,1,1,0,1,1,0,0,0,0,0,0,0
2003,332,231,1.830000000000000000,0E-17,92,21956,16.1000000000000010,331,47,3.2000000000000000,41,2.2000000000000002,null,null,11.9000000000000000,11.7000000000000000,null,null,52.800000000000000,0,0,0,0,0,0,0,0,0,0,0,0,0,0,0,0,0,0,0,0,0,0,1,0,0,0,1,0,1,1,0,1,1,0,0,0,0,0,0,0
2009,86,0,10.080000000000000000,9765.61699400000000000,92,6,56.6000000000000000,0,89,11.4700000000000000,89,0.1000000000000000,58163.2935900000010000,552395.0000000000,1.1000000000000001,0.9000000000000000,0.90600000000000003,16.8000000000000000,78.900000000000006,0,0,0,0,1,0,0,0,0,0,0,0,0,1,0,0,0,0,0,0,0,0,0,0,1,0,0,0,0,0,0,0,0,1,0,0,0,0,0,0
2003,11,0,11.540000000000000000,650.98135439999999000,92,0,53.9000000000000000,0,96,9.5100000000000000,96,0.1000000000000000,4458.7763999999997000,539574.0000000000,1.2000000000000000,1.0000000000000000,0.88200000000000001,16.3000000000000000,77.300000000000000,0,0,0,0,0,0,0,0,0,0,0,0,0,0,0,0,0,0,0,0,0,0,0,0,0,0,0,0,0,0,0,0,0,0,0,0,0,0,0,0
2000,325,2,1.340000000000000000,91.95075900999999900,92,183,28.2000000000000000,2,46,5.7500000000000000,46,4.0999999999999996,768.1767670000000400,717584.0000000000,6.4000000000000000,6.1000000000000000,0.36099999999999999,2.9000000000000000,57.400000000000000,0,0,0,0,0,0,0,0,0,0,0,0,0,0,0,0,0,0,0,0,0,0,0,0,0,0,0,0,0,1,0,1,1,0,0,0,0,0,1,0
2005,28,7,5.710000000000000000,289.74186490000000000,87,0,48.2000000000000000,8,86,4.2600000000000000,87,2.0000000000000000,3681.5992999999999000,9237566.0000000000,3.5000000000000000,3.4000000000000000,0.66800000000000004,12.6000000000000000,69.700000000000000,0,0,0,0,0,0,0,0,0,0,0,0,0,0,0,0,0,0,0,0,0,0,0,0,0,0,0,0,0,0,0,0,1,0,0,0,0,0,0,0
2002,189,7,6.430000000000000000,4.67359227000000030,63,0,45.1000000000000000,8,74,5.7900000000000000,82,2.4000000000000000,38.4657800000000020,8832285.0000000000,3.7000000000000000,3.6000000000000000,0.66000000000000000,12.3000000000000000,71.400000000000006,0,0,0,0,0,0,0,0,0,0,0,0,0,0,0,0,0,0,0,0,0,0,0,0,0,0,0,0,0,0,0,0,1,0,0,0,0,0,0,0
2014,121,6,3.820000000000000000,79.11626341000000200,83,0,53.5000000000000000,7,84,9.1600000000000000,83,0.1000000000000000,6432.2165370000002000,1593112.0000000000,1.2000000000000000,1.1000000000000001,0.73699999999999999,14.0000000000000000,76.000000000000000,0,0,0,0,0,0,0,0,0,0,0,0,0,0,0,0,0,0,0,0,0,0,0,0,0,0,0,0,0,0,0,0,0,0,0,0,0,0,0,0
2007,14,7,3.630000000000000000,19.60467787000000000,94,0,48.6000000000000000,9,95,5.9400000000000000,96,0.2000000000000000,359.7188600000000100,1425453.0000000000,1.4000000000000000,1.3000000000000000,0.69599999999999995,12.9000000000000000,74.700000000000000,0,0,0,0,0,0,0,0,0,0,0,0,0,0,0,0,0,0,0,0,0,0,0,0,0,0,0,0,0,0,0,0,0,0,0,0,0,0,0,0
2005,151,8,3.540000000000000000,18.09317113999999900,92,0,47.2000000000000000,9,89,5.8700000000000000,92,0.3000000000000000,321.9425469999999900,13735233.0000000000,1.4000000000000000,1.3000000000000000,0.68799999999999994,12.8000000000000000,74.200000000000000,0,0,0,0,0,0,0,0,0,0,0,0,0,0,0,0,0,0,0,0,0,0,0,0,0,0,0,0,0,0,0,0,0,0,0,0,0,0,0,0
2013,184,2,2.420000000000000000,653.69250160000001000,92,0,54.7000000000000000,2,92,6.9500000000000000,92,0.2000000000000000,3895.6644910000000000,625777.0000000000,1.6000000000000000,1.6000000000000000,0.67500000000000004,13.2000000000000000,73.000000000000000,0,0,0,0,0,0,0,0,0,0,0,0,0,0,0,0,0,0,0,0,0,0,0,0,0,0,0,0,0,0,0,0,0,0,0,0,0,0,0,0
2002,24,3,2.970000000000000000,29.68529375000000000,81,0,47.0000000000000000,4,81,7.9000000000000000,81,0.4000000000000000,248.4124999999999900,59433.0000000000,2.0000000000000000,1.9000000000000000,0.62100000000000000,11.8000000000000000,73.000000000000000,0,0,0,0,0,0,0,0,0,0,0,0,0,0,0,0,0,0,0,0,0,0,0,0,0,0,0,0,0,0,0,0,0,0,0,0,0,0,0,0
2009,34,3,7.970000000000000000,115.06924150000000000,92,78,21.7000000000000000,4,57,5.3200000000000000,43,7.3000000000000000,1653.2936999999999000,99111.0000000000,9.1999999999999993,9.1999999999999993,0.59000000000000000,9.1000000000000000,55.700000000000000,0,0,0,0,0,0,0,0,0,0,0,0,0,0,0,0,0,0,0,0,0,0,0,0,0,0,0,0,0,0,0,1,1,0,0,0,0,0,0,0
2013,266,6,0.010000000000000000,0E-17,94,45,17.5000000000000000,8,94,3.1000000000000000,94,0.5000000000000000,null,null,8.6000000000000000,8.4000000000000000,0.41399999999999998,5.0000000000000000,64.000000000000000,0,0,0,0,0,0,0,0,0,0,0,0,0,0,0,0,0,0,0,0,0,0,0,0,0,0,0,0,0,0,0,0,0,0,0,0,0,0,0,0
2006,336,7,0.970000000000000000,10.60269772999999900,94,128,14.3000000000000000,9,94,3.3000000000000000,94,1.4000000000000000,297.8285880000000200,466648.0000000000,9.3000000000000007,9.3000000000000007,0.40500000000000003,5.3000000000000000,59.700000000000000,0,0,0,0,0,0,0,0,0,0,0,0,0,0,0,0,0,0,0,0,0,0,0,0,0,0,0,0,0,0,0,0,0,0,0,0,0,0,0,0
2005,34,7,1.070000000000000000,5.06468896799999960,96,19,13.9000000000000000,9,96,2.9700000000000000,96,1.6000000000000000,276.7589600000000000,39697.0000000000,9.4000000000000000,9.5000000000000000,0E-17,5.4000000000000000,59.400000000000000,0,0,0,0,0,0,0,0,0,0,0,0,0,0,0,0,0,0,0,0,0,0,0,0,0,0,0,0,0,0,0,0,1,0,0,0,0,1,0,0
2008,167,0,16.989999999999998000,225.07236180000001000,94,0,56.7000000000000000,0,95,6.6000000000000000,95,0.1000000000000000,1894.5485000000001000,13379.0000000000,2.0000000000000000,2.1000000000000000,0.83499999999999996,16.1000000000000010,74.200000000000000,0,0,0,1,0,0,0,0,0,0,0,0,0,0,0,0,0,0,0,0,0,0,0,0,0,0,0,0,0,0,0,0,0,0,0,0,0,0,0,0
2000,221,0,2.049999999999999800,31.25834615999999900,98,0,5.2000000000000000,0,91,3.8700000000000000,9,0.1000000000000000,276.1338000000000100,811223.0000000000,4.3000000000000000,4.0000000000000000,0.68100000000000005,13.1000000000000000,67.700000000000000,0,0,0,0,0,0,0,0,0,0,0,1,0,0,0,0,0,0,0,0,0,0,0,0,0,0,0,0,0,0,0,1,0,0,0,0,0,0,0,0
2008,88,3,11.900000000000000000,7002.78592500000010000,47,604,59.1000000000000000,3,98,1.5700000000000000,98,0.1000000000000000,45413.6570999999970000,6437499.0000000000,0.6000000000000000,0.6000000000000000,0.87700000000000000,16.1000000000000010,89.000000000000000,0,0,0,0,1,0,0,0,0,0,0,0,0,0,0,0,0,0,0,0,0,0,0,0,1,1,0,0,0,0,0,0,0,1,0,0,0,0,0,0
2003,99,3,13.490000000000000000,4572.44196300000020000,28,0,56.4000000000000000,4,96,1.4300000000000000,97,0.1000000000000000,29691.1815800000000000,62244884.0000000000,0.6000000000000000,0.6000000000000000,0.85199999999999998,15.4000000000000000,79.300000000000000,0,0,0,0,0,0,0,0,0,0,0,0,0,0,0,0,0,0,0,0,0,0,0,0,1,1,0,0,0,0,0,0,0,1,1,0,0,0,0,0
2007,291,2,9.020000000000000000,545.43895729999997000,75,0,31.9000000000000000,3,78,2.8600000000000000,81,10.0000000000000000,8352.8171100000000000,1489193.0000000000,6.9000000000000000,6.8000000000000000,0.64500000000000002,12.4000000000000000,61.600000000000000,0,0,0,0,0,0,0,0,0,0,0,0,0,0,0,0,0,0,0,0,0,0,0,0,0,0,0,0,0,0,0,0,1,0,0,0,0,0,0,0
2001,3,3,2.250000000000000000,0E-17,91,99,18.5000000000000000,6,85,3.7100000000000000,87,2.2999999999999998,null,null,1.0000000000000000,1.0000000000000000,0.38400000000000001,6.8000000000000000,56.300000000000000,0,0,0,0,0,0,0,0,0,0,0,0,0,0,0,0,0,0,0,0,0,0,0,0,0,0,0,0,0,0,0,0,1,0,0,0,0,0,0,0
2004,386,94,3.530000000000000000,8.86677749999999950,92,29,17.2000000000000000,152,4,4.7100000000000000,4,2.5000000000000000,141.8684399999999900,18865716.0000000000,1.2000000000000000,1.1000000000000001,0.41499999999999998,6.4000000000000000,47.100000000000000,0,0,0,0,0,0,0,0,0,1,0,1,0,0,0,0,0,0,0,0,0,0,1,0,0,0,0,0,1,1,0,1,1,0,1,0,0,0,0,0
2001,138,12,7.760000000000000000,123.01286709999999000,92,0,54.6000000000000000,13,85,9.3800000000000008,83,0.1000000000000000,717.6946739999999600,3747159.0000000000,1.2000000000000000,1.1000000000000001,0.77100000000000002,15.6000000000000000,74.000000000000000,0,0,0,0,0,0,0,0,0,0,0,0,0,0,0,0,0,0,0,0,0,0,0,0,0,0,0,0,0,0,0,0,0,0,0,0,0,0,0,0
2005,137,1,4.250000000000000000,20.21822828000000200,91,2281,48.8000000000000000,1,92,5.2500000000000000,9,0.1000000000000000,1643.7583970000001000,2981259.0000000000,2.0000000000000000,2.1000000000000000,0.67900000000000005,10.9000000000000000,73.000000000000000,0,0,0,0,0,0,0,0,0,0,0,1,0,0,0,0,0,0,0,0,0,0,0,0,0,0,1,0,0,0,0,1,0,0,0,0,0,0,0,0
2009,66,1,10.620000000000000000,7172.27522899999990000,94,104,63.4000000000000000,1,92,9.5000000000000000,92,0.1000000000000000,42742.9989799999970000,216917.0000000000,0.7000000000000000,0.6000000000000000,0.92500000000000004,19.1000000000000010,81.700000000000000,0,0,0,0,1,0,0,0,0,0,0,0,0,0,0,0,0,0,0,0,0,0,0,0,1,0,0,0,0,0,0,0,0,1,0,0,0,0,0,0
2012,7,0,12.260000000000000000,7878.37235500000040000,92,36,56.1000000000000000,0,92,11.1700000000000000,92,0.1000000000000000,48333.5727300000000000,8429991.0000000000,1.8000000000000000,2.0000000000000000,0.88400000000000001,15.7000000000000000,88.000000000000000,0,0,0,0,1,0,0,0,0,0,0,0,0,0,0,0,0,0,0,0,0,0,0,0,1,0,0,0,0,0,0,0,0,1,0,0,0,0,0,0
2010,75,0,12.100000000000000000,7423.22877400000020000,86,52,55.2000000000000000,0,86,11.1700000000000000,86,0.1000000000000000,46657.6290000000010000,836344.0000000000,1.7000000000000000,1.9000000000000000,0.87200000000000000,15.4000000000000000,84.000000000000000,0,0,0,0,1,0,0,0,0,0,0,0,0,0,0,0,0,0,0,0,0,0,0,0,1,0,0,0,0,0,0,0,0,1,0,0,0,0,0,0
2008,76,0,12.000000000000000000,8329.73165499999960000,83,448,54.2000000000000000,0,83,1.6000000000000000,83,0.1000000000000000,51386.3766499999980000,8321496.0000000000,1.7000000000000000,1.9000000000000000,0.86399999999999999,15.1000000000000000,84.000000000000000,0,0,0,0,1,0,0,0,0,0,0,0,0,1,0,0,0,0,0,0,0,0,0,0,1,0,0,0,0,0,0,0,0,1,0,0,0,0,0,0
2012,123,5,0.010000000000000000,285.61039119999998000,88,0,49.7000000000000000,6,92,5.3700000000000000,89,0.1000000000000000,7496.3357280000000000,9295784.0000000000,2.8000000000000000,2.8000000000000000,0.74199999999999999,11.8000000000000000,71.900000000000006,0,0,0,0,0,0,0,0,0,0,0,0,0,0,0,0,0,0,0,0,0,0,0,0,0,0,0,0,0,0,0,0,0,0,0,0,0,0,0,0
2004,158,185,0.010000000000000000,4.11469666999999980,11,9743,12.0000000000000000,247,88,2.6200000000000000,99,0.1000000000000000,46.7579167000000030,14137489.0000000000,2.1000000000000000,2.7000000000000000,0.49099999999999999,8.1000000000000000,67.300000000000000,0,0,0,0,0,1,0,0,0,0,0,0,0,0,0,0,0,0,0,0,0,0,1,0,0,1,1,0,1,0,0,0,0,0,0,0,0,0,0,0
2005,252,1,11.010000000000000000,45.65007797999999900,99,1,56.7000000000000000,1,98,6.8900000000000000,99,0.1000000000000000,3126.7176700000000000,9663915.0000000000,2.2999999999999998,2.5000000000000000,0.71299999999999997,14.4000000000000000,68.099999999999994,0,0,0,0,0,0,0,0,0,0,0,0,0,0,0,0,0,0,0,0,0,0,0,0,0,0,0,0,0,0,0,0,0,0,0,0,0,0,0,0
2003,253,1,11.170000000000000000,23.83578594000000100,56,21,55.8000000000000000,1,53,6.5900000000000000,5,0.1000000000000000,1819.5256440000001000,9796749.0000000000,2.5000000000000000,2.6000000000000000,0.69499999999999995,13.9000000000000000,67.700000000000000,0,0,0,0,0,0,0,0,0,0,0,1,0,0,0,0,0,0,0,0,0,0,0,0,0,1,0,0,0,0,0,1,0,0,0,0,0,0,0,0
2013,18,0,6.560000000000000000,629.20185909999998000,95,0,49.3000000000000000,0,95,5.7900000000000000,95,0.2000000000000000,4688.5384430000004000,344181.0000000000,3.4000000000000000,3.4000000000000000,0.70599999999999996,12.9000000000000000,69.800000000000000,0,0,0,0,0,0,0,0,0,0,0,0,0,0,0,0,0,0,0,0,0,0,0,0,0,0,0,0,0,0,0,0,0,0,0,0,0,0,0,0
2009,184,0,6.850000000000000000,549.80960970000001000,97,0,46.3000000000000000,0,98,5.8100000000000000,97,0.3000000000000000,4258.7886109999999000,313929.0000000000,3.5000000000000000,3.4000000000000000,0.70000000000000000,12.7000000000000000,69.500000000000000,0,0,0,0,0,0,0,0,0,0,0,0,0,0,0,0,0,0,0,0,0,0,0,0,0,0,0,0,0,0,0,0,0,0,0,0,0,0,0,0
2012,223,0,0.010000000000000000,188.73736640000001000,97,1,21.9000000000000000,1,97,3.7000000000000000,97,0.6000000000000000,2422.8159999999998000,752967.0000000000,16.1000000000000010,16.7000000000000000,0.58099999999999996,12.3000000000000000,68.700000000000000,0,0,0,0,0,0,0,0,0,0,0,0,0,0,0,0,0,0,0,0,0,0,0,0,0,0,0,0,0,0,0,0,0,0,0,1,1,0,0,0
2010,22,9,3.950000000000000000,0E-17,91,0,49.3000000000000000,12,9,5.4400000000000000,91,0.2000000000000000,null,null,1.2000000000000000,1.1000000000000001,0.64300000000000002,13.8000000000000000,68.700000000000000,0,0,0,0,0,0,0,0,0,1,0,0,0,0,0,0,0,0,0,0,0,0,0,0,0,0,0,0,0,1,0,0,0,0,0,0,0,0,0,0
2004,226,12,2.660000000000000000,0E-17,84,0,45.4000000000000000,16,84,5.2200000000000000,84,0.2000000000000000,null,null,1.4000000000000000,1.2000000000000000,0.62000000000000000,14.6000000000000000,65.099999999999994,0,0,0,0,0,0,0,0,0,0,0,0,0,0,0,0,0,0,0,0,0,0,0,0,0,0,0,0,0,0,0,0,0,0,0,0,0,0,0,0
2015,88,0,null,0E-17,82,1677,55.8000000000000000,0,74,null,82,0.1000000000000000,4574.9786999999997000,3535961.0000000000,2.2999999999999998,2.2999999999999998,0.74700000000000000,14.2000000000000000,77.400000000000006,0,0,0,0,0,0,0,0,0,0,0,0,0,0,0,0,0,0,0,0,0,0,0,0,0,0,1,0,0,0,0,0,0,0,0,0,0,0,0,0
2008,98,0,5.130000000000000000,66.04635027000000500,88,8,52.1000000000000000,0,92,8.5800000000000000,91,0.1000000000000000,575.3166400000000100,3763599.0000000000,2.8000000000000000,2.7000000000000000,0.71000000000000000,13.1000000000000000,76.000000000000000,0,0,0,0,0,0,0,0,0,0,0,0,0,0,0,0,0,0,0,0,0,0,0,0,0,0,0,0,0,0,0,0,0,0,0,0,0,0,0,0
2003,172,88,6.950000000000000000,15.85781237000000000,97,2,46.1000000000000000,100,99,6.9400000000000000,99,0.1000000000000000,359.5875820000000000,182482149.0000000000,3.3000000000000000,3.3000000000000000,0.69899999999999995,14.8000000000000000,71.800000000000000,0,0,0,0,0,0,0,0,0,0,0,0,0,0,0,0,0,0,0,0,0,0,1,0,0,0,0,0,1,0,0,0,0,0,1,0,0,0,0,0
2005,92,0,0.160000000000000000,179.71478139999999000,99,9,31.2000000000000000,0,93,2.6200000000000000,94,0.1000000000000000,2612.1334499999998000,null,6.4000000000000000,5.9000000000000000,0.83399999999999996,14.1000000000000000,76.200000000000000,0,0,0,0,0,0,0,0,0,0,0,0,0,0,0,0,0,0,0,0,0,0,0,0,0,0,0,0,0,0,0,0,0,0,0,0,0,0,0,0
2000,348,48,3.710000000000000000,19.83929596999999800,92,6074,12.2000000000000000,92,45,5.6000000000000000,45,4.0000000000000000,226.4759813999999900,1167942.0000000000,11.4000000000000000,11.1000000000000000,0E-17,3.4000000000000000,51.000000000000000,0,0,0,0,0,0,0,0,0,0,0,0,0,0,0,0,0,0,0,0,0,0,0,0,0,0,1,0,1,1,0,1,1,0,0,0,0,1,1,0
2011,321,22,4.160000000000000000,3.59598033300000000,96,129,16.6000000000000010,33,95,8.5800000000000000,96,1.5000000000000000,26.4799730000000010,94358.0000000000,7.6000000000000000,7.6000000000000000,0.38500000000000001,9.9000000000000000,57.400000000000000,0,0,0,0,0,0,0,0,0,0,0,0,0,0,0,0,0,0,0,0,0,0,0,0,0,0,0,0,0,0,0,0,0,0,0,0,0,0,0,0
2009,426,60,2.920000000000000000,0E-17,81,183,24.4000000000000000,84,77,6.4100000000000000,81,3.7000000000000000,null,null,6.5000000000000000,6.4000000000000000,null,null,51.000000000000000,0,0,0,0,0,0,0,0,0,0,0,0,0,0,0,0,0,0,0,0,0,0,1,0,0,0,0,0,1,0,0,0,1,0,0,0,0,0,0,0
2000,461,67,3.450000000000000000,0E-17,92,5729,19.3999999999999990,95,66,6.0000000000000000,65,7.1000000000000000,null,null,8.1000000000000000,8.1000000000000000,null,null,47.900000000000000,0,0,0,0,0,0,0,0,0,0,0,0,0,0,0,0,0,0,0,0,0,1,1,0,0,0,1,0,1,0,0,0,1,0,0,0,0,0,0,0
2010,37,53,6.150000000000000000,100.89874510000000000,84,240,26.0000000000000000,82,83,5.2800000000000000,84,5.5000000000000000,1182.8692269999999000,1997495.0000000000,6.1000000000000000,6.2000000000000000,0.48000000000000000,9.6999999999999993,55.300000000000000,0,0,0,0,0,0,0,0,0,0,0,0,0,0,0,0,0,0,0,0,0,0,1,0,0,0,0,0,1,0,0,0,1,0,0,0,0,0,0,0
2004,412,59,4.710000000000000000,7.17730213200000030,92,358,22.8000000000000000,94,72,4.7300000000000004,73,7.5000000000000000,93.2117159999999960,1695981.0000000000,7.0000000000000000,7.1000000000000000,0.45500000000000002,8.1999999999999993,52.100000000000000,0,0,0,0,0,0,0,0,0,0,0,0,0,0,0,0,0,0,0,0,0,0,1,0,0,0,0,0,1,0,0,0,1,0,0,0,0,0,0,0
2005,76,2,8.000000000000000000,6333.17796699999960000,14,6,61.3000000000000000,2,93,9.5700000000000000,93,0.1000000000000000,36189.5883800000010000,32312.0000000000,0.5000000000000000,0.4000000000000000,0.88600000000000001,15.8000000000000000,81.000000000000000,0,0,0,0,0,1,0,0,0,0,0,0,0,0,0,0,0,0,0,0,0,0,0,0,1,1,0,0,0,0,0,0,0,1,0,0,0,0,0,0
2004,77,2,7.800000000000000000,5513.32992399999970000,14,7,6.6000000000000000,2,91,9.5600000000000000,91,0.1000000000000000,31979.8719500000010000,31995.0000000000,0.5000000000000000,0.4000000000000000,0.88100000000000001,15.8000000000000000,80.000000000000000,0,0,0,0,0,1,0,0,0,0,0,0,0,0,0,0,0,0,0,0,0,0,0,0,1,1,0,0,0,0,0,0,0,1,0,0,0,0,0,0
2015,397,15,null,0E-17,47,150,22.7000000000000000,21,47,null,47,4.4000000000000004,348.3814170000000000,45461.0000000000,8.1999999999999993,8.1999999999999993,0.34699999999999998,7.1000000000000000,52.500000000000000,0,0,0,0,0,0,0,0,0,0,0,0,0,0,0,0,0,0,0,0,0,0,0,0,0,1,0,0,0,1,0,1,1,0,0,0,0,0,0,0
2012,84,2,6.760000000000000000,2260.77764200000000000,9,0,61.8000000000000000,2,9,7.2400000000000000,9,0.1000000000000000,15431.9293000000000000,1739746.0000000000,0.8000000000000000,0.8000000000000000,0.82599999999999996,15.5000000000000000,79.900000000000006,0,0,0,0,0,1,0,0,0,1,0,1,0,0,0,0,0,0,0,0,0,0,0,0,1,1,0,0,0,1,0,1,0,1,0,0,0,0,0,0
2013,88,185,5.790000000000000000,9.95553203200000070,99,26883,3.9000000000000000,216,99,5.3900000000000000,99,0.1000000000000000,777.7759399999999900,135738.0000000000,3.8000000000000000,3.2000000000000000,0.71299999999999997,12.7000000000000000,75.599999999999994,0,0,0,0,0,0,0,0,0,0,0,0,0,0,0,0,0,0,0,0,0,0,1,0,0,0,1,0,1,0,0,0,0,0,0,0,0,0,0,0
2009,93,248,4.880000000000000000,50.28348923000000100,99,52461,27.3000000000000000,288,99,5.8000000000000000,99,0.1000000000000000,3838.4342919999999000,133126.0000000000,4.4000000000000004,3.8000000000000000,0.68200000000000005,12.2000000000000000,74.900000000000006,0,0,0,0,0,0,1,0,0,0,0,0,0,0,0,0,0,0,0,0,0,0,1,0,0,0,1,0,1,0,0,0,0,0,0,0,0,0,0,0
2005,99,332,2.920000000000000000,171.65960260000000000,84,124219,24.1000000000000000,392,87,4.6600000000000000,87,0.1000000000000000,1753.4177999999999000,13372.0000000000,5.0000000000000000,4.4000000000000004,0.63400000000000001,10.6000000000000000,73.900000000000006,0,0,0,0,0,0,1,0,0,0,0,0,0,0,0,0,0,0,0,0,0,0,1,0,0,0,1,0,1,0,0,0,0,0,0,0,0,0,0,0
2002,16,422,2.910000000000000000,106.35903580000000000,7,58341,21.9000000000000000,511,86,4.7900000000000000,86,0.1000000000000000,1148.5857000000001000,1284.0000000000,5.5000000000000000,4.9000000000000004,0.60000000000000000,9.6999999999999993,72.700000000000000,0,0,1,0,0,1,1,0,0,0,0,0,0,0,0,0,0,0,0,0,0,0,1,0,0,1,1,0,1,0,0,0,0,0,0,0,0,0,0,0
2000,115,490,3.060000000000000000,17.46057369000000000,6,71093,2.5000000000000000,608,86,4.5999999999999996,85,0.1000000000000000,959.3721809999999600,1262645.0000000000,5.9000000000000000,5.0999999999999996,0.58299999999999996,9.5000000000000000,71.700000000000000,0,0,1,0,0,1,1,0,1,0,0,0,0,0,0,0,0,0,0,0,0,0,1,0,0,1,1,0,1,0,0,0,0,0,0,0,0,0,0,0
2012,143,11,4.440000000000000400,1487.89656199999990000,92,1,55.7000000000000000,13,91,6.9300000000000000,91,0.1000000000000000,7884.9844290000001000,46881475.0000000000,2.1000000000000000,1.9000000000000000,0.70699999999999996,13.2000000000000000,74.300000000000000,0,0,0,0,0,0,0,0,0,0,0,0,0,0,0,0,0,0,0,0,0,0,0,0,1,0,0,0,0,0,0,0,0,0,1,0,0,0,0,0
2008,146,14,4.450000000000000000,978.07041000000004000,92,0,52.8000000000000000,16,92,6.6200000000000000,92,0.1000000000000000,5433.7245000000003000,4491544.0000000000,2.2999999999999998,2.0000000000000000,0.68300000000000005,12.2000000000000000,73.500000000000000,0,0,0,0,0,0,0,0,0,0,0,0,0,0,0,0,0,0,0,0,0,0,0,0,0,0,0,0,0,0,0,0,0,0,0,0,0,0,0,0
2009,251,2,0.170000000000000000,56.98952474000000000,83,1,21.1000000000000000,2,84,3.8200000000000000,83,0.1000000000000000,778.5454198999999600,673252.0000000000,7.2000000000000000,7.0000000000000000,0.46500000000000002,10.3000000000000000,61.300000000000000,0,0,0,0,0,0,0,0,0,0,0,0,0,0,0,0,0,0,0,0,0,0,0,0,0,0,0,0,0,0,0,0,0,0,0,0,0,0,0,0
2003,417,9,2.450000000000000200,0E-17,92,3712,2.7000000000000000,14,5,2.6100000000000000,5,6.8000000000000000,null,null,9.1000000000000000,8.8000000000000007,0.49199999999999999,9.4000000000000000,53.200000000000000,0,0,0,0,0,0,0,0,0,1,0,1,0,0,0,0,0,0,0,0,0,0,0,0,0,0,1,0,0,1,0,1,1,0,0,0,0,0,0,0
2003,1,1,4.040000000000000000,1070.26899899999990000,86,1,48.3000000000000000,1,88,8.4499999999999993,88,0.1000000000000000,4167.7141700000002000,4125971.0000000000,2.2000000000000002,2.1000000000000000,0.71499999999999997,12.1000000000000000,78.000000000000000,0,0,0,0,0,0,0,0,0,0,0,0,0,0,0,0,0,0,0,0,0,0,0,0,1,0,0,0,0,0,0,0,0,0,0,0,0,0,0,0
2014,97,0,12.140000000000000000,1884.09881100000010000,95,0,63.1000000000000000,0,95,7.8000000000000000,95,0.1000000000000000,13467.4682699999990000,4238389.0000000000,1.5000000000000000,1.5000000000000000,0.82000000000000000,15.1000000000000000,77.800000000000000,0,0,0,0,0,0,0,0,0,0,0,0,0,0,0,0,0,0,0,0,0,0,0,0,1,0,0,0,0,0,0,0,0,0,0,0,0,0,0,0
2015,52,0,null,0E-17,97,0,6.3000000000000000,0,97,null,97,0.1000000000000000,2375.1127000000001000,116985.0000000000,1.0000000000000000,1.0000000000000000,0.85399999999999998,14.3000000000000000,85.000000000000000,0,0,0,0,0,0,0,0,0,0,0,0,0,0,0,0,0,0,0,0,0,0,0,0,0,0,0,0,0,0,0,0,0,0,0,0,0,0,0,0
2012,56,0,10.550000000000000000,2159.75620500000010000,96,1,58.7000000000000000,0,99,7.4400000000000000,99,0.1000000000000000,28951.1555599999990000,113562.0000000000,0.9000000000000000,1.0000000000000000,0.85000000000000000,13.8000000000000000,80.000000000000000,0,0,0,0,0,0,0,0,0,0,0,0,0,0,0,0,0,0,0,0,0,0,0,0,1,0,0,0,0,0,0,0,0,1,0,0,0,0,0,0
2000,7,0,9.560000000000000000,950.80279250000001000,89,0,52.8000000000000000,0,97,5.7700000000000000,97,0.1000000000000000,14672.8826000000010000,943286.0000000000,0.9000000000000000,1.0000000000000000,0.79800000000000004,12.5000000000000000,78.099999999999994,0,0,0,0,0,0,0,0,0,0,0,0,0,0,0,0,0,0,0,0,0,0,0,0,0,0,0,0,0,0,0,0,0,1,0,0,0,0,0,0
2000,126,0,13.220000000000000000,0E-17,92,9,59.0000000000000000,0,98,6.3100000000000000,98,0.1000000000000000,null,null,2.2999999999999998,2.2999999999999998,null,null,74.700000000000000,0,0,0,0,0,0,0,0,0,0,0,0,0,0,0,0,0,0,0,0,0,0,0,0,0,0,0,0,0,0,0,0,0,0,0,0,0,0,0,0
2013,146,6,3.350000000000000000,0E-17,93,0,31.8000000000000000,8,99,null,93,0.1000000000000000,null,null,5.0000000000000000,5.0000000000000000,null,null,71.000000000000000,0,0,0,0,0,0,0,0,0,0,0,0,0,0,0,0,0,0,0,0,0,0,0,0,0,0,0,0,0,0,0,0,0,0,0,0,0,0,0,0
2010,283,239,1.810000000000000000,0E-17,6,5407,19.1000000000000010,321,76,4.4000000000000004,6,1.6000000000000000,null,null,1.4000000000000000,1.2000000000000000,null,null,57.400000000000000,0,0,0,0,0,1,0,0,0,0,0,1,0,0,0,0,0,0,0,0,0,0,1,0,0,1,1,0,1,0,0,1,1,0,0,0,0,0,0,0
2014,252,1,0.380000000000000000,24.73299654999999900,78,0,34.4000000000000000,1,78,1.5700000000000000,78,2.1000000000000000,174.9151100000000000,912164.0000000000,5.6000000000000000,5.4000000000000000,0.46700000000000003,6.3000000000000000,63.000000000000000,0,0,0,0,0,0,0,0,0,0,0,0,0,0,0,0,0,0,0,0,0,0,0,0,0,0,0,0,0,0,0,0,1,0,0,0,0,0,0,0
2011,268,1,0.390000000000000000,20.35974738000000200,87,49,32.7000000000000030,2,87,8.7100000000000009,87,2.7000000000000000,143.9868980000000000,865937.0000000000,5.6000000000000000,5.5000000000000000,0.45100000000000001,5.9000000000000000,61.800000000000000,0,0,0,0,0,0,0,0,0,0,0,0,0,0,0,0,0,0,0,0,0,0,0,0,0,0,0,0,0,0,0,0,1,0,0,0,0,0,0,0
2003,22,7,6.320000000000000000,293.01966010000001000,79,0,46.1000000000000000,8,65,5.5300000000000000,79,2.2999999999999998,2372.6288270000000000,896776.0000000000,3.6000000000000000,3.5000000000000000,0.66500000000000004,12.4000000000000000,73.000000000000000,0,0,0,0,0,0,0,0,0,0,0,0,0,0,0,0,0,0,0,0,0,0,0,0,0,0,0,0,0,0,0,0,1,0,0,0,0,0,0,0
2011,131,7,3.990000000000000000,344.74121639999998000,88,257,51.4000000000000000,8,85,5.9200000000000000,88,0.1000000000000000,5223.3517629999997000,15177355.0000000000,1.3000000000000000,1.2000000000000000,0.71000000000000000,13.2000000000000000,75.300000000000000,0,0,0,0,0,0,0,0,0,0,0,0,0,0,0,0,0,0,0,0,0,0,0,0,0,0,0,0,0,0,0,0,0,0,0,0,0,0,0,0
2013,159,54,0.210000000000000000,0E-17,97,405,59.4000000000000000,63,97,5.4600000000000000,97,0.1000000000000000,null,null,2.9000000000000000,2.8000000000000000,0.68100000000000005,12.8000000000000000,79.000000000000000,0,0,0,0,0,0,0,0,0,0,0,0,0,0,0,0,0,0,0,0,0,0,1,0,0,0,0,0,0,0,0,0,0,0,0,0,0,0,0,0
2007,171,55,0.210000000000000000,0E-17,98,1684,54.8000000000000000,65,98,4.9500000000000000,98,0.1000000000000000,null,null,3.1000000000000000,3.1000000000000000,0.64400000000000002,11.7000000000000000,69.700000000000000,0,0,0,0,0,0,0,0,0,0,0,0,0,0,0,0,0,0,0,0,0,0,1,0,0,0,1,0,0,0,0,0,0,0,0,0,0,0,0,0
2003,178,59,0.150000000000000000,0E-17,98,164,52.3000000000000000,72,98,5.4100000000000000,98,0.1000000000000000,null,null,3.3000000000000000,3.3000000000000000,0.62100000000000000,11.3000000000000000,68.599999999999994,0,0,0,0,0,0,0,0,0,0,0,0,0,0,0,0,0,0,0,0,0,0,1,0,0,0,0,0,1,0,0,0,0,0,0,0,0,0,0,0
2005,213,3,2.770000000000000000,440.60270420000001000,89,0,49.4000000000000000,3,89,7.1900000000000000,89,0.2000000000000000,2835.2812370000001000,628961.0000000000,1.9000000000000000,1.8000000000000000,0.64400000000000002,12.7000000000000000,71.000000000000000,0,0,0,0,0,0,0,0,0,0,0,0,0,0,0,0,0,0,0,0,0,0,0,0,0,0,0,0,0,0,0,0,0,0,0,0,0,0,0,0
2004,215,3,2.900000000000000000,398.60583220000001000,9,0,48.6000000000000000,3,9,7.3000000000000000,9,0.3000000000000000,2632.7994199999998000,6775.0000000000,1.9000000000000000,1.8000000000000000,0.63600000000000001,12.4000000000000000,70.000000000000000,0,0,0,0,0,1,0,0,0,1,0,1,0,0,0,0,0,0,0,0,0,0,0,0,0,1,0,0,0,1,0,1,0,0,0,0,0,0,0,0
2003,29,3,3.100000000000000000,400.13429710000003000,94,0,47.8000000000000000,4,93,7.6100000000000000,94,0.3000000000000000,2519.7373870000001000,5971535.0000000000,2.0000000000000000,1.9000000000000000,0.62800000000000000,12.0000000000000000,69.900000000000006,0,0,0,0,0,0,0,0,0,0,0,0,0,0,0,0,0,0,0,0,0,0,0,0,0,0,0,0,0,0,0,0,0,0,0,0,0,0,0,0
2009,156,0,15.040000000000000000,1717.08871100000010000,95,0,57.1000000000000000,0,95,6.9300000000000000,95,0.1000000000000000,14726.3182800000000000,1334515.0000000000,2.0000000000000000,2.0000000000000000,0.83599999999999997,16.1000000000000010,74.900000000000006,0,0,0,0,0,0,0,0,0,0,0,0,0,0,0,0,0,0,0,0,0,0,0,0,1,0,0,0,0,0,0,0,0,1,0,0,0,0,0,0
2015,188,0,null,0E-17,99,0,62.7000000000000000,0,99,null,99,0.1000000000000000,4921.8962899999997000,892149.0000000000,4.0000000000000000,3.7000000000000000,0.73399999999999999,15.3000000000000000,69.900000000000006,0,0,0,0,0,0,0,0,0,0,0,0,0,0,0,0,0,0,0,0,0,0,0,0,0,0,0,0,0,0,0,0,0,0,0,0,0,0,0,0
2003,98,0,9.310000000000000000,3869.02630200000020000,92,0,57.1000000000000000,0,96,8.1500000000000000,98,0.1000000000000000,32816.1687999999990000,521314.0000000000,0.9000000000000000,0.8000000000000000,0.86599999999999999,18.1000000000000010,78.400000000000006,0,0,0,0,0,0,0,0,0,0,0,0,0,0,0,0,0,0,0,0,0,0,0,0,1,0,0,0,0,0,0,0,0,1,0,0,0,0,0,0
2015,78,2,null,0E-17,86,157,62.5000000000000000,3,98,null,98,0.1000000000000000,36526.7710999999980000,6662468.0000000000,0.7000000000000000,0.6000000000000000,0.89400000000000002,16.3000000000000000,82.400000000000000,0,0,0,0,0,0,0,0,0,0,0,0,0,0,0,0,0,0,0,0,0,0,0,0,0,0,0,0,0,0,0,0,0,1,0,0,0,0,0,0
2012,83,3,11.500000000000000000,751.37935530000004000,78,0,61.1000000000000000,3,99,11.4400000000000000,99,0.1000000000000000,4838.2443999999996000,6565979.0000000000,0.6000000000000000,0.6000000000000000,0.88500000000000001,16.1000000000000010,81.500000000000000,0,0,0,0,0,0,0,0,0,0,0,0,0,0,0,0,0,0,0,0,0,0,0,0,0,0,0,0,0,0,0,0,0,0,0,0,0,0,0,0
2009,88,3,11.800000000000000000,6415.35735000000020000,51,1541,59.6000000000000000,3,98,11.2800000000000000,98,0.1000000000000000,41631.1314100000020000,647744.0000000000,0.6000000000000000,0.6000000000000000,0.87900000000000000,16.0000000000000000,81.099999999999994,0,0,0,0,0,0,0,0,0,0,0,0,0,0,0,0,0,0,0,0,0,0,0,0,1,1,1,0,0,0,0,0,0,1,0,0,0,0,0,0
2006,92,3,12.400000000000000000,5689.99193099999960000,39,40,58.0000000000000000,4,99,1.5300000000000000,99,0.1000000000000000,36544.5852999999990000,63621376.0000000000,0.6000000000000000,0.6000000000000000,0.87000000000000000,16.1000000000000010,86.000000000000000,0,0,0,0,0,0,0,0,0,0,0,0,0,0,0,0,0,0,0,0,0,0,0,0,1,1,0,0,0,0,0,0,0,1,1,0,0,0,0,0
2004,322,2,8.130000000000000800,443.47506340000001000,92,63,3.3000000000000000,3,44,3.2600000000000000,45,11.1000000000000000,5685.5777360000002000,136425.0000000000,7.4000000000000000,7.2000000000000000,0.64000000000000000,12.3000000000000000,59.700000000000000,0,0,0,0,0,0,0,0,0,0,0,0,0,0,0,0,0,0,0,0,0,0,0,0,0,0,0,0,0,1,0,1,1,0,0,0,0,0,0,0
2012,269,3,0.010000000000000000,0E-17,98,0,25.4000000000000000,5,98,6.1200000000000000,98,1.4000000000000000,null,null,7.8000000000000000,7.7000000000000000,0.44000000000000000,8.8000000000000007,62.000000000000000,0,0,0,0,0,0,0,0,0,0,0,0,0,0,0,0,0,0,0,0,0,0,0,0,0,0,0,0,0,0,0,0,0,0,0,0,0,0,0,0
2003,297,3,2.470000000000000200,0E-17,94,119,19.7000000000000000,6,87,4.2200000000000000,87,2.7000000000000000,null,null,9.6000000000000000,9.6000000000000000,0.39500000000000002,7.3000000000000000,57.000000000000000,0,0,0,0,0,0,0,0,0,0,0,0,0,0,0,0,0,0,0,0,0,0,0,0,0,0,0,0,0,0,0,0,1,0,0,0,0,0,0,0
2005,136,19,0.500000000000000000,2.54892275799999980,83,2302,48.9000000000000000,22,88,3.2400000000000000,88,0.1000000000000000,31.1223780000000010,33288437.0000000000,6.1000000000000000,6.0000000000000000,0.68000000000000000,12.0000000000000000,72.900000000000006,0,0,0,0,0,0,0,0,0,0,0,0,0,0,0,0,0,0,0,0,0,0,0,0,0,0,1,0,0,0,0,0,0,0,1,0,0,0,0,0
2003,146,20,0.340000000000000000,25.01852260000000100,92,15374,47.0000000000000000,23,87,3.6000000000000000,87,0.1000000000000000,294.3355599999999900,3243514.0000000000,6.3000000000000000,6.1000000000000000,0.66300000000000003,11.5000000000000000,71.700000000000000,0,0,0,0,0,0,0,0,0,0,0,0,0,0,0,0,0,0,0,0,0,0,0,0,0,0,1,0,0,0,0,0,0,0,0,0,0,0,0,0
2015,335,66,null,0E-17,64,118,23.3000000000000000,98,7,null,64,1.9000000000000000,3695.7937480000001000,2785935.0000000000,8.3000000000000007,8.1999999999999993,0.53100000000000003,11.4000000000000000,52.400000000000000,0,0,0,0,0,0,0,0,0,1,0,0,0,0,0,0,0,0,0,0,0,0,1,0,0,0,0,0,1,1,0,0,1,0,0,0,0,0,0,0
2013,355,69,8.100000000000000000,35.95857278999999800,77,8523,22.1000000000000000,105,67,4.2600000000000000,77,2.2999999999999998,484.6168840000000300,2599834.0000000000,8.6000000000000000,8.5000000000000000,0.52300000000000002,11.4000000000000000,51.100000000000000,0,0,0,0,0,0,0,0,0,0,0,0,0,0,0,0,0,0,0,0,0,0,1,0,0,0,1,0,1,0,0,0,1,0,0,0,0,0,0,0
2001,44,97,2.580000000000000000,30.35993647000000100,92,9046,15.8000000000000000,159,41,5.3800000000000000,38,2.1000000000000000,526.1687429999999500,16983266.0000000000,1.7000000000000000,1.7000000000000000,0.39100000000000001,5.0999999999999996,45.700000000000000,0,0,0,0,0,0,0,0,0,0,0,0,0,0,0,0,0,0,0,0,0,0,1,0,0,0,1,0,1,1,0,1,1,0,0,0,0,0,0,0
2013,133,0,8.580000000000000000,1991.43037200000000000,99,0,46.4000000000000000,0,98,5.3300000000000000,99,0.2000000000000000,12224.8641599999990000,null,3.3000000000000000,3.3000000000000000,0.78100000000000003,13.9000000000000000,76.099999999999994,0,0,0,0,0,0,0,0,0,0,0,0,0,0,0,0,0,0,0,0,0,0,0,0,1,0,0,0,0,0,0,0,0,0,0,0,0,0,0,0
2010,64,1,10.520000000000000000,8875.78649299999960000,92,70,63.9000000000000000,1,92,9.1999999999999993,92,0.1000000000000000,51874.8479999999980000,223175.0000000000,0.7000000000000000,0.6000000000000000,0.92700000000000005,19.5000000000000000,81.900000000000006,0,0,0,0,1,0,0,0,0,0,0,0,0,1,0,0,0,0,0,0,0,0,0,0,1,0,0,0,0,0,0,0,0,1,0,0,0,0,0,0
2008,66,1,10.760000000000000000,8547.29235700000030000,94,65,62.9000000000000000,1,92,8.7799999999999994,92,0.1000000000000000,49664.6854000000020000,212492.0000000000,0.7000000000000000,0.6000000000000000,0.92100000000000004,19.1000000000000010,81.300000000000000,0,0,0,0,1,0,0,0,0,0,0,0,0,0,0,0,0,0,0,0,0,0,0,0,1,0,0,0,0,0,0,0,0,1,0,0,0,0,0,0
2004,86,0,12.100000000000000000,5316.87745600000020000,83,15,52.2000000000000000,0,83,1.5600000000000000,83,0.1000000000000000,36693.4262000000020000,8171966.0000000000,1.7000000000000000,1.9000000000000000,0.84099999999999997,14.7000000000000000,79.300000000000000,0,0,0,0,0,0,0,0,0,0,0,0,0,0,0,0,0,0,0,0,0,0,0,0,1,0,0,0,0,0,0,0,0,1,0,0,0,0,0,0
2010,13,5,1.980000000000000000,246.56860080000001000,8,0,48.0000000000000000,6,85,5.3300000000000000,81,0.1000000000000000,5842.8578399999997000,954332.0000000000,2.8000000000000000,2.9000000000000000,0.73699999999999999,11.7000000000000000,71.099999999999994,0,0,0,0,0,1,0,0,0,0,0,0,0,0,0,0,0,0,0,0,0,0,0,0,0,1,0,0,0,0,0,0,0,0,0,0,0,0,0,0
2015,147,0,null,0E-17,95,0,64.5000000000000000,0,95,null,95,0.1000000000000000,null,null,2.5000000000000000,2.5000000000000000,0.79000000000000000,12.6000000000000000,76.099999999999994,0,0,0,0,0,0,0,0,0,0,0,0,0,0,0,0,0,0,0,0,0,0,0,0,0,0,0,0,0,0,0,0,0,0,0,0,0,0,0,0
2005,81,0,2.049999999999999800,1553.46894400000000000,98,4,56.1000000000000000,0,98,3.1600000000000000,98,0.1000000000000000,17959.1785400000010000,null,6.1000000000000000,5.9000000000000000,0.80600000000000005,14.0000000000000000,75.300000000000000,0,0,0,0,0,0,0,0,0,0,0,0,0,0,0,0,0,0,0,0,0,0,0,0,1,0,0,0,0,0,0,0,0,1,0,0,0,0,0,0
2002,87,0,1.990000000000000000,106.43033360000000000,98,8,55.0000000000000000,0,98,3.8900000000000000,98,0.1000000000000000,1312.3345700000000000,null,6.2000000000000000,5.9000000000000000,0.79600000000000004,13.5000000000000000,74.900000000000006,0,0,0,0,0,0,0,0,0,0,0,0,0,0,0,0,0,0,0,0,0,0,0,0,0,0,0,0,0,0,0,0,0,0,0,0,0,0,0,0
2007,283,25,1.120000000000000100,7.49281752000000000,82,341,21.5000000000000000,39,82,4.5500000000000000,82,2.0000000000000000,76.5354190000000050,8454791.0000000000,8.3000000000000007,8.1999999999999993,0.43800000000000000,8.9000000000000000,57.100000000000000,0,0,0,0,0,0,0,0,0,0,0,0,0,0,0,0,0,0,0,0,0,0,0,0,0,0,0,0,0,0,0,0,1,0,0,0,0,0,0,0
2003,285,25,1.350000000000000000,8.93182729699999990,73,217,19.7000000000000000,40,75,4.6300000000000000,73,2.1000000000000000,519.2922846999999800,752555.0000000000,9.1000000000000000,9.0000000000000000,0.41599999999999998,7.7000000000000000,55.800000000000000,0,0,0,0,0,0,0,0,0,0,0,0,0,0,0,0,0,0,0,0,0,0,0,0,0,0,0,0,0,0,0,0,1,0,0,0,0,0,0,0
2015,211,0,null,0E-17,99,11,24.5000000000000000,0,98,null,99,0.5000000000000000,2613.6451769999999000,787386.0000000000,15.4000000000000000,16.0000000000000000,0.60399999999999998,12.5000000000000000,69.800000000000000,0,0,0,0,0,0,0,0,0,0,0,0,0,0,0,0,0,0,0,0,0,0,0,0,0,0,0,0,0,0,0,0,0,0,0,1,1,0,0,0
2004,99,0,4.250000000000000000,3.47991885900000010,36,28,49.9000000000000000,0,87,9.4000000000000000,84,0.1000000000000000,265.6426609999999800,3781287.0000000000,3.0000000000000000,3.0000000000000000,0E-17,12.3000000000000000,75.500000000000000,0,0,0,0,0,0,0,0,0,0,0,0,0,0,0,0,0,0,0,0,0,0,0,0,0,1,0,0,0,0,0,0,0,0,0,0,0,1,0,0
2011,325,2,5.760000000000000000,668.95628539999996000,95,8,35.7000000000000030,3,96,5.2500000000000000,95,5.5000000000000000,7645.2146899999998000,251339.0000000000,7.7000000000000000,7.4000000000000000,0.67800000000000005,12.4000000000000000,62.200000000000000,0,0,0,0,0,0,0,0,0,0,0,0,0,0,0,0,0,0,0,0,0,0,0,0,0,0,0,0,0,0,0,0,1,0,0,0,0,0,0,0
2014,144,44,7.320000000000000000,83.16465361999999600,96,876,55.3000000000000000,49,96,8.3200000000000000,93,0.1000000000000000,1226.6173100000001000,24213133.0000000000,2.7000000000000000,2.7000000000000000,0.74700000000000000,15.2000000000000000,74.800000000000000,0,0,0,0,0,0,0,0,0,0,0,0,0,0,0,0,0,0,0,0,0,0,0,0,0,0,1,0,0,0,0,0,0,0,1,0,0,0,0,0
2008,158,61,7.210000000000000000,526.37806360000002000,96,0,5.3000000000000000,68,99,8.2400000000000000,99,0.1000000000000000,8787.6137500000004000,19297929.0000000000,3.0000000000000000,3.0000000000000000,0.70399999999999996,13.3000000000000000,73.400000000000006,0,0,0,0,0,0,0,0,0,0,0,0,0,0,0,0,0,0,0,0,0,0,1,0,0,0,0,0,1,0,0,0,0,0,1,0,0,0,0,0
2011,79,0,0.970000000000000000,295.77301710000000000,93,4,37.2000000000000030,0,99,2.2500000000000000,97,0.1000000000000000,4717.2730000000001000,null,5.9000000000000000,5.4000000000000000,0.84599999999999997,14.1000000000000000,77.400000000000006,0,0,0,0,0,0,0,0,0,0,0,0,0,0,0,0,0,0,0,0,0,0,0,0,0,0,0,0,0,0,0,0,0,0,0,0,0,0,0,0
2015,137,0,null,0E-17,92,0,65.7000000000000000,1,91,null,91,0.1000000000000000,6993.4773599999999000,7177991.0000000000,1.9000000000000000,1.8000000000000000,0.79200000000000004,15.0000000000000000,74.500000000000000,0,0,0,0,0,0,0,0,0,0,0,0,0,0,0,0,0,0,0,0,0,0,0,0,0,0,0,0,0,0,0,0,0,0,0,0,0,0,0,0
2012,139,1,10.990000000000000000,851.45067200000005000,95,1,63.9000000000000000,1,95,7.1100000000000000,95,0.1000000000000000,7378.2553900000003000,735888.0000000000,1.9000000000000000,1.9000000000000000,0.77800000000000002,14.3000000000000000,73.900000000000006,0,0,0,0,0,0,0,0,0,0,0,0,0,0,0,0,0,0,0,0,0,0,0,0,0,0,0,0,0,0,0,0,0,0,0,0,0,0,0,0
2010,147,1,10.800000000000000000,766.44548840000004000,95,22004,62.7000000000000000,1,94,7.2400000000000000,94,0.1000000000000000,6843.2632890000004000,7395599.0000000000,2.0000000000000000,2.0000000000000000,0.77000000000000000,13.9000000000000000,73.400000000000006,0,0,0,0,0,0,0,0,0,0,0,0,0,0,0,0,0,0,0,0,0,0,0,0,0,0,1,0,0,0,0,0,0,0,0,0,0,0,0,0
2003,155,1,11.190000000000000000,32.38616102999999700,96,0,58.6000000000000000,1,96,7.4300000000000000,96,0.1000000000000000,271.4682399999999800,7775327.0000000000,2.2999999999999998,2.4000000000000000,0.72899999999999998,12.9000000000000000,72.000000000000000,0,0,0,0,0,0,0,0,0,0,0,0,0,0,0,0,0,0,0,0,0,0,0,0,0,0,0,0,0,0,0,0,0,0,0,0,0,0,0,0
2013,27,40,4.639999999999999700,88.97040214000000400,88,375,18.2000000000000000,66,89,5.9100000000000000,88,0.7000000000000000,699.4528470000000200,1772723.0000000000,8.4000000000000000,7.9000000000000000,0.39200000000000002,7.5000000000000000,59.000000000000000,0,0,0,0,0,0,0,0,0,0,0,0,0,0,0,0,0,0,0,0,0,0,0,0,0,0,0,0,1,0,0,0,0,0,0,0,0,0,0,0
2006,32,47,4.730000000000000400,64.24025208000000500,76,125,14.6000000000000000,86,94,6.5800000000000000,86,2.0000000000000000,422.6332373999999800,13829177.0000000000,1.0000000000000000,9.6000000000000000,0.32500000000000001,4.7000000000000000,54.300000000000000,0,0,0,0,0,0,0,0,0,0,0,0,0,0,0,0,0,0,0,0,0,0,0,0,0,0,0,0,1,0,0,0,1,0,0,0,0,0,0,0
2013,412,59,3.150000000000000000,0E-17,8,48,26.8000000000000000,81,79,5.8100000000000000,8,2.4000000000000000,null,null,5.8000000000000000,5.7000000000000000,null,null,52.300000000000000,0,0,0,0,0,1,0,0,0,0,0,1,0,0,0,0,0,0,0,0,0,0,1,0,0,1,0,0,1,0,0,1,1,0,0,0,0,0,0,0
2004,472,64,3.080000000000000000,0E-17,67,3466,21.5000000000000000,91,76,5.2400000000000000,67,6.5000000000000000,null,null,7.3000000000000000,7.3000000000000000,null,null,48.200000000000000,0,0,0,0,0,0,0,0,0,0,0,0,0,0,0,0,0,0,0,0,0,1,1,0,0,0,1,0,1,0,0,0,1,0,0,0,0,0,0,0
2006,129,0,4.250000000000000000,26.45133196999999800,95,0,24.9000000000000000,0,97,5.1100000000000003,96,0.6000000000000000,234.2899200000000000,48795.0000000000,8.3000000000000007,8.3000000000000007,0.59599999999999997,11.9000000000000000,72.099999999999994,0,0,0,0,0,0,0,0,0,0,0,0,0,0,0,0,0,0,0,0,0,0,0,0,0,0,0,0,0,0,0,0,0,0,0,0,0,0,0,0
2002,273,23,1.430000000000000000,30.91060553999999900,92,1361,12.8000000000000000,29,54,5.9500000000000000,54,2.1000000000000000,339.6769840000000000,12634729.0000000000,11.6000000000000000,11.8000000000000000,0.42699999999999999,8.1999999999999993,59.300000000000000,0,0,0,0,0,0,0,0,0,0,0,0,0,0,0,0,0,0,0,0,0,0,0,0,0,0,1,0,0,0,0,0,1,0,0,0,0,0,0,0
2009,373,54,5.890000000000000000,9.04254089199999990,8,251,25.4000000000000000,85,79,5.7000000000000000,8,6.3000000000000000,123.1953800000000000,19432541.0000000000,6.3000000000000000,6.3000000000000000,0.47299999999999998,9.1999999999999993,54.800000000000000,0,0,0,0,0,1,0,0,0,0,0,1,0,0,0,0,0,0,0,0,0,0,1,0,0,1,0,0,1,0,0,1,1,0,1,0,0,0,0,0
2005,4,58,5.030000000000000000,73.03276194999999400,79,605,23.3000000000000000,93,79,4.7500000000000000,8,7.4000000000000000,952.1872484000000400,1742795.0000000000,6.9000000000000000,7.0000000000000000,0.45600000000000002,8.3000000000000007,52.800000000000000,0,0,0,0,0,0,0,0,0,0,0,1,0,0,0,0,0,0,0,0,0,0,1,0,0,0,0,0,1,0,0,1,1,0,0,0,0,0,0,0
2001,41,61,4.430000000000000000,41.73629221000000200,92,23934,21.3000000000000000,99,61,4.7000000000000000,63,7.9000000000000000,614.6729338999999800,15671927.0000000000,7.5000000000000000,7.7000000000000000,0.43700000000000000,7.1000000000000000,51.500000000000000,0,0,0,0,0,0,0,0,0,0,0,0,0,0,0,0,0,0,0,0,0,0,1,0,0,0,1,0,1,0,0,0,1,0,0,0,0,0,0,0
2008,74,2,8.300000000000000700,8433.93681400000060000,28,62,63.0000000000000000,2,89,1.3000000000000000,92,0.1000000000000000,46596.3359900000000000,33245773.0000000000,0.5000000000000000,0.4000000000000000,0.89700000000000002,15.8000000000000000,87.000000000000000,0,0,0,0,1,0,0,0,0,0,0,0,0,0,0,0,0,0,0,0,0,0,0,0,1,1,0,0,0,0,0,0,0,1,1,0,0,0,0,0
2010,89,2,7.930000000000000000,177.49251430000001000,92,0,6.6000000000000000,2,92,6.9700000000000000,92,0.1000000000000000,1286.1776400000001000,16993354.0000000000,0.8000000000000000,0.9000000000000000,0.81499999999999995,15.2000000000000000,79.099999999999994,0,0,0,0,0,0,0,0,0,0,0,0,0,0,0,0,0,0,0,0,0,0,0,0,0,0,0,0,0,0,0,0,0,0,0,0,0,0,0,0
2009,91,2,7.670000000000000000,181.52592300000001000,94,1,59.9000000000000000,2,94,7.3900000000000000,94,0.1000000000000000,1243.3282400000001000,16829442.0000000000,0.8000000000000000,0.9000000000000000,0.81599999999999995,15.3000000000000000,79.300000000000000,0,0,0,0,0,0,0,0,0,0,0,0,0,0,0,0,0,0,0,0,0,0,0,0,0,0,0,0,0,0,0,0,0,0,0,0,0,0,0,0
2008,88,2,7.310000000000000000,241.55333809999999000,95,0,59.3000000000000000,2,95,6.8700000000000000,95,0.1000000000000000,1781.3668000000000000,16661942.0000000000,0.9000000000000000,0.9000000000000000,0.80400000000000005,15.2000000000000000,79.599999999999994,0,0,0,0,0,0,0,0,0,0,0,0,0,0,0,0,0,0,0,0,0,0,0,0,0,0,0,0,0,0,0,0,0,0,0,0,0,0,0,0
2011,91,215,5.630000000000000000,91.26749778999999300,99,9943,29.0000000000000000,251,99,5.3000000000000000,99,0.1000000000000000,5633.7961599999999000,134413.0000000000,4.0999999999999996,3.5000000000000000,0.70000000000000000,12.8000000000000000,75.200000000000000,0,0,0,0,0,0,0,0,0,0,0,0,0,0,0,0,0,0,0,0,0,0,1,0,0,0,1,0,1,0,0,0,0,0,0,0,0,0,0,0
2003,13,391,2.960000000000000000,122.93653490000000000,75,71879,22.6000000000000000,467,87,4.8200000000000000,86,0.1000000000000000,1288.6429240000000000,12884.0000000000,5.3000000000000000,4.7000000000000000,0.61000000000000000,9.9000000000000000,73.099999999999994,0,0,1,0,0,0,1,0,0,0,0,0,0,0,0,0,0,0,0,0,0,0,1,0,0,0,1,0,1,0,0,0,0,0,0,0,0,0,0,0
2015,143,10,null,0E-17,91,1,57.9000000000000000,12,91,null,91,0.1000000000000000,644.5255560000000500,48228697.0000000000,2.1000000000000000,1.9000000000000000,0.72399999999999998,13.6000000000000000,74.800000000000000,0,0,0,0,0,0,0,0,0,0,0,0,0,0,0,0,0,0,0,0,0,0,0,0,0,0,0,0,0,0,0,0,0,0,1,0,0,0,0,0
2014,23,1,0.010000000000000000,73.86584922000000100,88,0,23.7000000000000000,2,87,6.7500000000000000,87,0.8000000000000000,852.9543790000000200,759385.0000000000,6.8000000000000000,6.6000000000000000,0.49700000000000000,11.1000000000000000,63.200000000000000,0,0,0,0,0,0,0,0,0,0,0,0,0,0,0,0,0,0,0,0,0,0,0,0,0,0,0,0,0,0,0,0,0,0,0,0,0,0,0,0
2013,233,1,0.010000000000000000,61.57443584000000000,88,0,23.2000000000000000,2,85,6.5100000000000000,87,0.8000000000000000,834.3419490000000000,7415.0000000000,6.8000000000000000,6.6000000000000000,0.49000000000000000,10.9000000000000000,62.900000000000000,0,0,0,0,0,0,0,0,0,0,0,0,0,0,0,0,0,0,0,0,0,0,0,0,0,0,0,0,0,0,0,0,0,0,0,0,0,0,0,0
2015,95,1,null,0E-17,92,0,6.5000000000000000,1,92,null,92,0.1000000000000000,1146.3627300000001000,487852.0000000000,1.7000000000000000,1.7000000000000000,0.77500000000000002,14.2000000000000000,79.599999999999994,0,0,0,0,0,0,0,0,0,0,0,0,0,0,0,0,0,0,0,0,0,0,0,0,0,0,0,0,0,0,0,0,0,0,0,0,0,0,0,0
2014,96,1,3.450000000000000000,384.51291379999998000,91,1,59.5000000000000000,1,91,9.3100000000000000,91,0.1000000000000000,1647.4417900000001000,4757575.0000000000,1.7000000000000000,1.7000000000000000,0.76800000000000002,13.9000000000000000,79.500000000000000,0,0,0,0,0,0,0,0,0,0,0,0,0,0,0,0,0,0,0,0,0,0,0,0,0,0,0,0,0,0,0,0,0,0,0,0,0,0,0,0
2007,14,1,4.130000000000000000,750.71476410000002000,93,0,55.4000000000000000,1,99,1.4200000000000000,93,0.1000000000000000,5184.4942270000001000,null,3.4000000000000000,3.2000000000000000,0.75400000000000000,16.0000000000000000,78.099999999999994,0,0,0,0,0,0,0,0,0,0,0,0,0,0,0,0,0,0,0,0,0,0,0,0,0,0,0,0,0,0,0,0,0,0,0,0,0,0,0,0
2009,12,0,13.230000000000000000,0E-17,99,5,63.1000000000000000,0,99,7.8500000000000000,99,0.1000000000000000,null,null,1.9000000000000000,2.0000000000000000,null,null,77.099999999999994,0,0,0,0,0,0,0,0,0,0,0,0,0,0,0,0,0,0,0,0,0,0,0,0,0,0,0,0,0,0,0,0,0,0,0,0,0,0,0,0
2014,73,0,9.640000000000000000,10468.76291999999900000,92,27,58.4000000000000000,0,94,1.8000000000000000,94,0.1000000000000000,62425.5391999999990000,5643475.0000000000,1.1000000000000001,0.9000000000000000,0.92600000000000005,19.2000000000000000,84.000000000000000,0,0,0,0,1,0,0,0,0,0,0,0,0,1,0,0,0,0,0,0,0,0,0,0,1,0,0,0,0,0,0,0,0,1,0,0,0,0,0,0
2005,92,0,11.280000000000000000,7627.41244399999960000,92,2,55.0000000000000000,0,93,9.7700000000000000,93,0.1000000000000000,48799.8237000000010000,5419432.0000000000,1.2000000000000000,1.0000000000000000,0.89700000000000002,16.6000000000000010,78.099999999999994,0,0,0,0,1,0,0,0,0,0,0,0,0,0,0,0,0,0,0,0,0,0,0,0,1,0,0,0,0,0,0,0,0,1,0,0,0,0,0,0
2001,12,0,11.560000000000000000,530.48323359999995000,92,11,52.8000000000000000,0,97,9.1000000000000000,97,0.1000000000000000,3751.6494600000001000,5358783.0000000000,1.3000000000000000,1.0000000000000000,0.86199999999999999,16.2000000000000000,77.000000000000000,0,0,0,0,0,0,0,0,0,0,0,0,0,0,0,0,0,0,0,0,0,0,0,0,0,0,0,0,0,0,0,0,0,0,0,0,0,0,0,0
2013,256,1,0.530000000000000000,229.44100950000001000,82,28,33.7999999999999970,2,82,9.1400000000000000,82,2.1000000000000000,1622.6379740000000000,896688.0000000000,5.6000000000000000,5.4000000000000000,0.46400000000000002,6.3000000000000000,62.700000000000000,0,0,0,0,0,0,0,0,0,0,0,0,0,0,0,0,0,0,0,0,0,0,0,0,0,0,0,0,0,0,0,0,1,0,0,0,0,0,0,0
2006,39,2,1.020000000000000000,121.48120770000000000,92,49,3.6000000000000000,2,72,7.5000000000000000,72,3.7000000000000000,965.6693778999999700,79628.0000000000,5.8000000000000000,5.7000000000000000,0.40500000000000003,4.3000000000000000,59.100000000000000,0,0,0,0,0,0,0,0,0,0,0,0,0,0,0,0,0,0,0,0,0,0,0,0,0,0,0,0,0,0,0,0,1,0,0,0,0,0,0,0
2004,326,2,1.180000000000000000,106.03546590000001000,92,71,29.8000000000000000,2,64,6.7600000000000000,64,4.0000000000000000,864.1847259999999600,77752.0000000000,6.0000000000000000,5.9000000000000000,0.38800000000000001,3.7000000000000000,58.100000000000000,0,0,0,0,0,0,0,0,0,0,0,0,0,0,0,0,0,0,0,0,0,0,0,0,0,0,0,0,0,0,0,0,1,0,0,0,0,0,1,0
2011,16,6,5.910000000000000000,843.78769950000003000,8,2,54.7000000000000000,7,84,4.2200000000000000,84,0.7000000000000000,5759.6430000000000000,12795.0000000000,3.3000000000000000,3.2000000000000000,0.70299999999999996,13.0000000000000000,73.099999999999994,0,0,0,0,0,1,0,0,0,0,0,0,0,0,0,0,0,0,0,0,0,0,0,0,0,1,0,0,0,0,0,0,0,0,0,0,0,0,0,0
2009,157,6,6.050000000000000000,587.88282279999999000,8,0,52.6000000000000000,8,85,4.4100000000000000,82,1.2000000000000000,4952.6775299999999000,9767758.0000000000,3.4000000000000000,3.3000000000000000,0.69499999999999995,12.9000000000000000,73.599999999999994,0,0,0,0,0,1,0,0,0,0,0,0,0,0,0,0,0,0,0,0,0,0,0,0,0,1,0,0,0,0,0,0,0,0,0,0,0,0,0,0
2012,127,7,3.920000000000000000,41.88087712000000100,88,72,52.1000000000000000,8,85,6.4800000000000000,87,0.1000000000000000,572.1431300000000400,15419666.0000000000,1.3000000000000000,1.2000000000000000,0.71699999999999997,13.3000000000000000,75.500000000000000,0,0,0,0,0,0,0,0,0,0,0,0,0,0,0,0,0,0,0,0,0,0,0,0,0,0,0,0,0,0,0,0,0,0,0,0,0,0,0,0
2010,134,7,3.950000000000000000,367.92856519999998000,9,0,5.7000000000000000,8,88,5.9000000000000000,91,0.1000000000000000,4657.3236100000004000,1493469.0000000000,1.3000000000000000,1.2000000000000000,0.70299999999999996,13.1000000000000000,75.000000000000000,0,0,0,0,0,1,0,0,0,0,0,0,0,0,0,0,0,0,0,0,0,0,0,0,0,1,0,0,0,0,0,0,0,0,0,0,0,0,0,0
2012,181,2,2.480000000000000000,591.77575690000003000,92,0,54.1000000000000000,2,93,6.7000000000000000,92,0.3000000000000000,3827.7862670000000000,6221246.0000000000,1.6000000000000000,1.6000000000000000,0.67000000000000000,13.2000000000000000,73.000000000000000,0,0,0,0,0,0,0,0,0,0,0,0,0,0,0,0,0,0,0,0,0,0,0,0,0,0,0,0,0,0,0,0,0,0,0,0,0,0,0,0
2014,261,5,0.010000000000000000,0E-17,94,127,18.0000000000000000,8,94,3.3400000000000000,94,0.4000000000000000,null,null,8.5000000000000000,8.3000000000000007,0.41599999999999998,5.0000000000000000,64.400000000000006,0,0,0,0,0,0,0,0,0,0,0,0,0,0,0,0,0,0,0,0,0,0,0,0,0,0,0,0,0,0,0,0,0,0,0,0,0,0,0,0
2006,328,196,1.220000000000000000,22.18952245999999900,92,1451,14.2000000000000000,304,59,4.4700000000000000,46,3.3000000000000000,193.7949560000000100,7885689.0000000000,11.4000000000000000,11.1000000000000000,0.34599999999999997,6.6000000000000000,57.200000000000000,0,0,0,0,0,0,0,0,0,0,0,0,0,0,0,0,0,0,0,0,0,0,1,0,0,0,1,0,1,0,0,1,1,0,0,0,0,0,0,0
2006,211,0,2.060000000000000000,52.12416340000000000,99,136,55.9000000000000000,0,98,3.8400000000000000,98,0.1000000000000000,3749.9398130000000000,827411.0000000000,4.0999999999999996,3.8000000000000000,0.69499999999999995,14.0000000000000000,68.500000000000000,0,0,0,0,0,0,0,0,0,0,0,0,0,0,0,0,0,0,0,0,0,0,0,0,0,0,0,0,0,0,0,0,0,0,0,0,0,0,0,0
2004,12,0,9.890000000000000000,4508.80618500000040000,92,0,57.6000000000000000,0,96,8.2100000000000009,98,0.1000000000000000,37636.1117299999970000,5228172.0000000000,0.9000000000000000,0.8000000000000000,0.86899999999999999,18.3000000000000000,78.700000000000000,0,0,0,0,0,0,0,0,0,0,0,0,0,0,0,0,0,0,0,0,0,0,0,0,1,0,0,0,0,0,0,0,0,1,0,0,0,0,0,0
2008,298,2,8.750000000000000000,11.05422474000000000,82,3,32.4000000000000000,3,81,2.5400000000000000,82,8.9000000000000000,194.2745999999999900,1536411.0000000000,6.8000000000000000,6.6000000000000000,0.65100000000000002,12.4000000000000000,61.600000000000000,0,0,0,0,0,0,0,0,0,0,0,0,0,0,0,0,0,0,0,0,0,0,0,0,0,0,0,0,0,0,0,0,1,0,0,0,0,0,0,0
2015,262,3,null,0E-17,97,71,27.3000000000000000,5,96,null,97,1.7000000000000000,null,null,7.3000000000000000,7.2000000000000000,0.45000000000000000,8.9000000000000000,61.100000000000000,0,0,0,0,0,0,0,0,0,0,0,0,0,0,0,0,0,0,0,0,0,0,0,0,0,0,0,0,0,0,0,0,1,0,0,0,0,0,0,0
2007,288,3,2.640000000000000000,0E-17,97,0,22.2000000000000000,6,94,5.7600000000000000,95,3.1000000000000000,null,null,8.8000000000000007,8.6999999999999993,0.42000000000000000,8.4000000000000000,58.500000000000000,0,0,0,0,0,0,0,0,0,0,0,0,0,0,0,0,0,0,0,0,0,0,0,0,0,0,0,0,0,0,0,0,1,0,0,0,0,0,0,0
2011,275,71,0.010000000000000000,7.09710870300000000,68,3013,17.2000000000000000,97,68,7.8700000000000000,68,0.1000000000000000,63.5372309999999980,2978599.0000000000,18.2000000000000000,18.2000000000000000,0.45400000000000001,9.5000000000000000,59.200000000000000,0,0,0,0,0,0,0,0,0,0,0,0,0,0,0,1,0,0,0,0,0,0,1,0,0,0,1,0,1,0,0,0,0,0,0,1,1,0,0,0
2008,287,80,0.030000000000000000,25.87392536000000100,64,1599,15.7000000000000000,110,64,8.3300000000000000,64,0.1000000000000000,373.3611162999999900,2729431.0000000000,18.8000000000000000,18.8999999999999990,0.43300000000000000,8.6999999999999993,58.100000000000000,0,0,0,0,0,0,0,0,0,0,0,0,0,0,0,1,1,0,0,0,0,0,1,0,0,0,1,0,1,0,0,0,0,0,0,1,1,0,0,0
2007,295,82,0.020000000000000000,10.91015598000000100,63,1141,15.2000000000000000,113,63,6.7300000000000000,63,0.1000000000000000,369.8357960000000200,26616792.0000000000,19.0000000000000000,19.1000000000000010,0.41499999999999998,8.4000000000000000,57.500000000000000,0,0,0,0,0,0,0,0,0,0,0,0,0,0,0,1,1,0,0,0,0,0,1,0,0,0,1,0,1,0,0,0,0,0,1,1,1,0,0,0
2003,295,87,0.010000000000000000,11.08905273000000100,65,798,13.4000000000000000,122,41,8.8200000000000000,41,0.1000000000000000,198.7285435999999900,2364851.0000000000,19.7000000000000000,19.8999999999999990,0.37300000000000000,6.5000000000000000,56.700000000000000,0,0,0,0,0,0,0,0,0,0,0,0,0,0,0,1,1,0,0,0,0,0,1,0,0,0,0,0,1,1,0,1,0,0,0,1,1,0,0,0
2011,116,21,0.560000000000000050,509.00204050000002000,95,112,55.0000000000000000,24,95,5.2900000000000000,95,0.1000000000000000,5432.2523000000001000,36819558.0000000000,5.9000000000000000,5.8000000000000000,0.72399999999999998,14.0000000000000000,74.900000000000006,0,0,0,0,0,0,0,0,0,0,0,0,0,0,0,0,0,0,0,0,0,0,0,0,0,0,0,0,0,0,0,0,0,0,1,0,0,0,0,0
2015,116,8,null,0E-17,94,0,62.8000000000000000,9,93,null,94,0.1000000000000000,13467.1236000000010000,43417765.0000000000,1.0000000000000000,0.9000000000000000,0.82599999999999996,17.3000000000000000,76.300000000000000,0,0,0,0,0,0,0,0,0,0,0,0,0,0,0,0,0,0,0,0,0,0,0,0,0,0,0,0,0,0,0,0,0,0,1,0,0,0,0,0
2010,132,1,4.230000000000000400,224.32120140000001000,94,2,51.2000000000000000,1,96,4.5599999999999996,94,0.1000000000000000,3218.3816550000001000,2877311.0000000000,2.0000000000000000,2.1000000000000000,0.72000000000000000,12.3000000000000000,73.500000000000000,0,0,0,0,0,0,0,0,0,0,0,0,0,0,0,0,0,0,0,0,0,0,0,0,0,0,0,0,0,0,0,0,0,0,0,0,0,0,0,0
2015,118,5,null,0E-17,96,0,52.5000000000000000,6,98,null,96,0.1000000000000000,55.3138200000000000,9649341.0000000000,2.8000000000000000,2.9000000000000000,0.75800000000000001,12.7000000000000000,72.700000000000000,0,0,0,0,0,0,0,0,0,0,0,0,0,0,0,0,0,0,0,0,0,0,0,0,0,0,0,0,0,0,0,0,0,0,0,0,0,0,0,0
2010,73,0,1.930000000000000000,266.76961219999998000,99,0,6.1000000000000000,0,99,3.6400000000000000,99,0.1000000000000000,2722.1388999999999000,null,6.0000000000000000,5.9000000000000000,0.81000000000000000,14.4000000000000000,76.099999999999994,0,0,0,0,0,0,0,0,0,0,0,0,0,0,0,0,0,0,0,0,0,0,0,0,0,0,0,0,0,0,0,0,0,0,0,0,0,0,0,0
2007,77,0,2.000000000000000000,278.36028060000001000,97,7,57.6000000000000000,0,97,3.8000000000000000,97,0.1000000000000000,2977.1152999999999000,null,6.1000000000000000,5.9000000000000000,0.81299999999999994,14.4000000000000000,75.599999999999994,0,0,0,0,0,0,0,0,0,0,0,0,0,0,0,0,0,0,0,0,0,0,0,0,0,0,0,0,0,0,0,0,0,0,0,0,0,0,0,0
2006,79,0,2.100000000000000000,170.73740269999999000,98,3,56.8000000000000000,0,98,3.8000000000000000,98,0.1000000000000000,1937.9954900000000000,null,6.1000000000000000,5.9000000000000000,0.81000000000000000,14.2000000000000000,75.500000000000000,0,0,0,0,0,0,0,0,0,0,0,0,0,0,0,0,0,0,0,0,0,0,0,0,0,0,0,0,0,0,0,0,0,0,0,0,0,0,0,0
2004,83,0,2.160000000000000000,1380.22809499999990000,98,11,55.6000000000000000,0,98,3.3700000000000000,98,0.1000000000000000,15846.4764099999990000,null,6.1000000000000000,5.9000000000000000,0.80300000000000005,13.9000000000000000,75.200000000000000,0,0,0,0,0,0,0,0,0,0,0,0,0,0,0,0,0,0,0,0,0,0,0,0,1,0,0,0,0,0,0,0,0,1,0,0,0,0,0,0
2010,142,126,0.010000000000000000,62.65945432000000200,94,788,15.2000000000000000,161,94,3.6000000000000000,94,0.1000000000000000,757.6717572000000000,15214912.0000000000,18.8999999999999990,19.3999999999999990,0.53500000000000003,8.9000000000000000,69.900000000000006,0,0,0,0,0,0,0,0,0,0,0,0,0,0,0,1,1,0,0,0,0,0,1,0,0,0,0,0,1,0,0,0,0,0,0,1,1,0,0,0
2004,91,1,12.050000000000000000,5160.50837800000040000,64,61,59.8000000000000000,1,96,9.3200000000000000,95,0.1000000000000000,35589.7129500000010000,1421137.0000000000,0.8000000000000000,0.8000000000000000,0.88000000000000000,18.8000000000000000,78.800000000000000,0,0,0,0,0,0,0,0,0,0,0,0,0,0,0,0,0,0,0,0,0,0,0,0,1,0,0,0,0,0,0,0,0,1,0,0,0,0,0,0
2004,197,0,6.200000000000000000,325.68074619999999000,97,0,43.2000000000000000,0,97,4.3899999999999997,97,0.8000000000000000,3831.5381900000002000,27689.0000000000,3.6000000000000000,3.5000000000000000,0.69099999999999995,12.5000000000000000,68.700000000000000,0,0,0,0,0,0,0,0,0,0,0,0,0,0,0,0,0,0,0,0,0,0,0,0,0,0,0,0,0,0,0,0,0,0,0,0,0,0,0,0
2001,29,1,0.140000000000000010,8.57402981199999910,89,756,14.4000000000000000,1,88,5.9100000000000000,88,0.1000000000000000,87.9387672999999950,5896.0000000000,18.8999999999999990,19.6000000000000010,0E-17,7.6000000000000000,61.700000000000000,0,0,0,0,0,0,0,0,0,0,0,0,0,0,0,1,1,0,0,0,0,0,0,0,0,0,0,0,0,0,0,0,0,0,0,1,1,1,0,0
2015,186,8,null,0E-17,99,0,52.6000000000000000,10,99,null,99,0.1000000000000000,null,null,1.2000000000000000,1.1000000000000001,0.67100000000000004,13.8000000000000000,77.000000000000000,0,0,0,0,0,0,0,0,0,0,0,0,0,0,0,0,0,0,0,0,0,0,0,0,0,0,0,0,0,0,0,0,0,0,0,0,0,0,0,0
2006,219,11,3.230000000000000000,0E-17,83,0,46.7000000000000000,15,82,5.1900000000000000,83,0.2000000000000000,null,null,1.3000000000000000,1.2000000000000000,0.62500000000000000,14.3000000000000000,66.200000000000000,0,0,0,0,0,0,0,0,0,0,0,0,0,0,0,0,0,0,0,0,0,0,0,0,0,0,0,0,0,0,0,0,0,0,0,0,0,0,0,0
2007,16,0,5.160000000000000000,8.24035586699999990,94,166,51.5000000000000000,0,95,8.3699999999999992,95,0.1000000000000000,418.2921759999999800,3774.0000000000,2.8000000000000000,2.8000000000000000,0.70299999999999996,12.9000000000000000,75.400000000000006,0,0,0,0,0,0,0,0,0,0,0,0,0,0,0,0,0,0,0,0,0,0,0,0,0,0,0,0,0,0,0,0,0,0,0,0,0,0,0,0
2005,12,0,4.559999999999999600,45.71354264000000000,93,23,5.5000000000000000,0,95,8.5000000000000000,93,0.1000000000000000,2968.4118600000002000,378153.0000000000,2.9000000000000000,2.9000000000000000,0E-17,12.5000000000000000,75.000000000000000,0,0,0,0,0,0,0,0,0,0,0,0,0,0,0,0,0,0,0,0,0,0,0,0,0,0,0,0,0,0,0,0,0,0,0,0,0,1,0,0
2008,427,2,6.560000000000000000,476.86258720000001000,94,0,34.2000000000000030,3,96,5.5500000000000000,96,12.7000000000000000,5623.3795659999996000,1946351.0000000000,8.8000000000000007,8.6000000000000000,0.64600000000000002,12.1000000000000000,57.500000000000000,0,0,0,0,0,0,0,0,0,0,0,0,0,0,0,0,0,0,0,0,0,0,0,0,0,0,0,0,0,0,0,0,1,0,0,0,0,0,0,0
2007,436,2,6.210000000000000000,512.58879950000005000,93,1,33.7000000000000030,3,96,4.7100000000000000,96,13.4000000000000000,5714.4793700000000000,1914414.0000000000,9.1999999999999993,9.0000000000000000,0.63000000000000000,12.1000000000000000,56.900000000000000,0,0,0,0,0,0,0,0,0,0,0,0,0,0,0,0,0,0,0,0,0,0,0,0,0,0,0,0,0,0,0,0,1,0,0,0,0,0,0,0
2009,157,57,7.330000000000000000,564.52339019999999000,99,0,51.1000000000000000,64,99,8.6500000000000000,99,0.1000000000000000,8553.3847000000005000,194895996.0000000000,3.0000000000000000,2.9000000000000000,0.71399999999999997,13.8000000000000000,73.599999999999994,0,0,0,0,0,0,0,0,0,0,0,0,0,0,0,0,0,0,0,0,0,0,1,0,0,0,0,0,0,0,0,0,0,0,1,0,0,0,0,0
2003,89,0,0.120000000000000000,1406.51194000000010000,99,24,29.1000000000000000,0,99,3.9000000000000000,92,0.1000000000000000,18555.5664900000010000,null,6.6000000000000000,6.1000000000000000,0.82299999999999995,13.4000000000000000,76.000000000000000,0,0,0,0,0,0,0,0,0,0,0,0,0,0,0,0,0,0,0,0,0,0,0,0,1,0,0,0,0,0,0,0,0,1,0,0,0,0,0,0
2001,19,0,0.470000000000000000,1078.66244000000010000,99,11,27.0000000000000000,0,99,3.6000000000000000,97,0.1000000000000000,16468.1288600000010000,null,6.8000000000000000,6.2000000000000000,0.81899999999999995,13.4000000000000000,74.700000000000000,0,0,0,0,0,0,0,0,0,0,0,0,0,0,0,0,0,0,0,0,0,0,0,0,1,0,0,0,0,0,0,0,0,1,0,0,0,0,0,0
2004,157,1,10.960000000000000000,384.14730279999998000,94,0,59.1000000000000000,1,94,7.9000000000000000,95,0.1000000000000000,3381.5783700000002000,771686.0000000000,2.2999999999999998,2.2999999999999998,0.73799999999999999,13.3000000000000000,72.200000000000000,0,0,0,0,0,0,0,0,0,0,0,0,0,0,0,0,0,0,0,0,0,0,0,0,0,0,0,0,0,0,0,0,0,0,0,0,0,0,0,0
2005,313,48,4.880000000000000000,8.76998932899999950,92,253,14.2000000000000000,89,94,6.8700000000000000,82,2.2999999999999998,46.9988710000000010,1342193.0000000000,1.3000000000000000,9.8000000000000007,0E-17,4.3000000000000000,53.300000000000000,0,0,0,0,0,0,0,0,0,0,0,0,0,0,0,0,0,0,0,0,0,0,0,0,0,0,0,0,1,0,0,0,1,0,0,0,0,1,0,0
2010,417,60,3.150000000000000000,0E-17,85,441,25.0000000000000000,84,81,6.3200000000000000,85,3.3000000000000000,null,null,6.3000000000000000,6.2000000000000000,null,null,51.500000000000000,0,0,0,0,0,0,0,0,0,0,0,0,0,0,0,0,0,0,0,0,0,0,1,0,0,0,0,0,1,0,0,0,1,0,0,0,0,0,0,0
2007,126,0,5.280000000000000000,345.46371399999998000,96,0,25.5000000000000000,0,98,4.3000000000000000,98,0.6000000000000000,3112.2857119999999000,486438.0000000000,8.1000000000000000,8.0000000000000000,0.60199999999999998,11.9000000000000000,72.300000000000000,0,0,0,0,0,0,0,0,0,0,0,0,0,0,0,0,0,0,0,0,0,0,0,0,0,0,0,0,0,0,0,0,0,0,0,0,0,0,0,0
2005,134,0,4.260000000000000000,3.34981696500000000,93,0,24.3000000000000000,0,95,4.8600000000000003,95,0.8000000000000000,248.1345900000000000,474567.0000000000,8.5000000000000000,8.5000000000000000,0.58199999999999996,11.2000000000000000,71.800000000000000,0,0,0,0,0,0,0,0,0,0,0,0,0,0,0,0,0,0,0,0,0,0,0,0,0,0,0,0,0,0,0,0,0,0,0,0,0,0,0,0
2015,174,10,null,0E-17,89,0,19.6000000000000010,12,87,null,89,0.2000000000000000,1163.1897700000000000,15517635.0000000000,1.9000000000000000,1.9000000000000000,0.55800000000000005,10.9000000000000000,68.700000000000000,0,0,0,0,0,0,0,0,0,0,0,0,0,0,0,0,0,0,0,0,0,0,0,0,0,0,0,0,0,0,0,0,0,0,0,0,0,0,0,0
2005,511,17,1.500000000000000000,40.92207976000000300,92,471,18.2000000000000000,26,47,4.2900000000000000,54,11.2000000000000000,327.1149461000000000,412791.0000000000,9.6999999999999993,9.6999999999999993,0.31900000000000001,5.9000000000000000,45.900000000000000,0,0,0,0,0,0,0,0,0,0,0,0,0,0,0,0,0,0,0,0,0,1,0,0,0,0,0,0,0,1,0,0,1,0,0,0,0,0,0,0
2014,83,2,7.160000000000000000,2352.99959099999980000,95,0,63.1000000000000000,2,95,7.7900000000000000,95,0.1000000000000000,14817.3777800000010000,17613798.0000000000,0.8000000000000000,0.8000000000000000,0.84099999999999997,16.2000000000000000,83.000000000000000,0,0,0,0,0,0,0,0,0,0,0,0,0,0,0,0,0,0,0,0,0,0,0,0,1,0,0,0,0,0,0,0,0,1,1,0,0,0,0,0
2010,92,231,5.750000000000000000,5.66075483900000000,99,38159,28.1000000000000000,268,99,4.8899999999999997,99,0.1000000000000000,456.5124870000000200,133775.0000000000,4.2000000000000000,3.6000000000000000,0.69099999999999995,12.5000000000000000,75.000000000000000,0,0,0,0,0,0,1,0,0,0,0,0,0,0,0,0,0,0,0,0,0,0,1,0,0,0,1,0,1,0,0,0,0,0,0,0,0,0,0,0
2010,15,12,4.280000000000000000,113.24363459999999000,88,0,54.2000000000000000,15,88,6.7600000000000000,88,0.1000000000000000,625.6554400000000000,4591897.0000000000,2.2000000000000002,2.0000000000000000,0.69499999999999995,12.8000000000000000,73.599999999999994,0,0,0,0,0,0,0,0,0,0,0,0,0,0,0,0,0,0,0,0,0,0,0,0,0,0,0,0,0,0,0,0,0,0,0,0,0,0,0,0
2008,255,2,0.120000000000000000,93.36788979000000700,81,0,2.6000000000000000,2,81,5.1300000000000000,81,0.1000000000000000,795.9751900000000000,657229.0000000000,7.2000000000000000,7.1000000000000000,0.46100000000000002,10.1999999999999990,61.000000000000000,0,0,0,0,0,0,0,0,0,0,0,0,0,0,0,0,0,0,0,0,0,0,0,0,0,0,0,0,0,0,0,0,0,0,0,0,0,0,0,0
2006,368,8,2.250000000000000000,0E-17,92,126,22.3000000000000000,12,73,2.3700000000000000,73,5.5000000000000000,null,null,8.6999999999999993,8.3000000000000007,0.50700000000000001,9.6000000000000000,56.900000000000000,0,0,0,0,0,0,0,0,0,0,0,0,0,0,0,0,0,0,0,0,0,0,0,0,0,0,0,0,0,0,0,0,1,0,0,0,0,0,0,0
2001,419,9,2.299999999999999800,0E-17,92,2152,19.8000000000000000,14,32,2.4400000000000000,31,7.6000000000000000,null,null,9.4000000000000000,9.0000000000000000,0.48699999999999999,9.6999999999999993,52.700000000000000,0,0,0,0,0,0,0,0,0,0,0,0,0,0,0,0,0,0,0,0,0,0,0,0,0,0,1,0,0,1,0,1,1,0,0,0,0,0,0,0
2006,16,1,4.150000000000000400,1185.41234600000010000,88,0,51.4000000000000000,1,89,7.8200000000000000,89,0.1000000000000000,5245.1873720000003000,438794.0000000000,2.0000000000000000,1.9000000000000000,0.72699999999999998,12.6000000000000000,78.000000000000000,0,0,0,0,0,0,0,0,0,0,0,0,0,0,0,0,0,0,0,0,0,0,0,0,1,0,0,0,0,0,0,0,0,0,0,0,0,0,0,0
2000,98,1,4.340000000000000000,94.17819457999999600,89,0,45.4000000000000000,1,8,7.1200000000000000,88,0.1000000000000000,388.3636890000000200,3925443.0000000000,2.4000000000000000,2.2999999999999998,0.70199999999999996,11.6000000000000000,77.599999999999994,0,0,0,0,0,0,0,0,0,1,0,0,0,0,0,0,0,0,0,0,0,0,0,0,0,0,0,0,0,1,0,0,0,0,0,0,0,0,0,0
2011,14,0,12.190000000000000000,1913.35664200000000000,97,12,61.3000000000000000,0,96,7.8000000000000000,96,0.1000000000000000,14539.1842099999990000,428622.0000000000,1.6000000000000000,1.5000000000000000,0.80800000000000005,14.5000000000000000,77.000000000000000,0,0,0,0,0,0,0,0,0,0,0,0,0,0,0,0,0,0,0,0,0,0,0,0,1,0,0,0,0,0,0,0,0,1,0,0,0,0,0,0
2005,116,0,11.590000000000000000,167.23198990000000000,92,2,57.5000000000000000,0,96,6.8900000000000000,96,0.1000000000000000,1224.2458999999999000,4442.0000000000,1.8000000000000000,1.8000000000000000,0.77700000000000002,13.6000000000000000,75.200000000000000,0,0,0,0,0,0,0,0,0,0,0,0,0,0,0,0,0,0,0,0,0,0,0,0,0,0,0,0,0,0,0,0,0,0,0,0,0,0,0,0
2014,88,0,12.680000000000000000,0E-17,99,222,65.5999999999999940,0,99,7.4100000000000000,97,0.1000000000000000,null,null,1.8000000000000000,1.9000000000000000,null,null,78.599999999999994,0,0,0,0,0,0,0,0,0,0,0,0,0,0,0,0,0,0,0,0,0,0,0,0,0,0,0,0,0,0,0,0,0,0,0,0,0,0,0,0
2006,165,10,3.280000000000000000,0E-17,96,0,28.2000000000000000,12,98,null,89,0.1000000000000000,null,null,5.6000000000000000,5.6000000000000000,null,null,68.500000000000000,0,0,0,0,0,0,0,0,0,0,0,0,0,0,0,0,0,0,0,0,0,0,0,0,0,0,0,0,0,0,0,0,0,0,0,0,0,0,0,0
2007,93,0,10.990000000000000000,9703.06812100000020000,92,2,55.9000000000000000,0,87,9.9900000000000000,87,0.1000000000000000,58487.4510000000010000,5461438.0000000000,1.2000000000000000,0.9000000000000000,0.90400000000000003,16.7000000000000000,78.400000000000006,0,0,0,0,1,0,0,0,0,0,0,0,0,1,0,0,0,0,0,0,0,0,0,0,1,0,0,0,0,0,0,0,0,1,0,0,0,0,0,0
2001,323,2,0.950000000000000000,92.49789479999999700,92,79,28.6000000000000000,2,49,5.3700000000000000,53,4.3000000000000000,781.2322196000000100,732711.0000000000,6.3000000000000000,6.1000000000000000,0.36299999999999999,2.9000000000000000,57.700000000000000,0,0,0,0,0,0,0,0,0,0,0,0,0,0,0,0,0,0,0,0,0,0,0,0,0,0,0,0,0,1,0,0,1,0,0,0,0,0,1,0
2015,118,6,null,0E-17,78,0,54.2000000000000000,7,84,null,78,0.1000000000000000,625.6222400000000300,16144368.0000000000,1.2000000000000000,1.1000000000000001,0.73899999999999999,14.0000000000000000,76.200000000000000,0,0,0,0,0,0,0,0,0,0,0,0,0,0,0,0,0,0,0,0,0,0,0,0,0,0,0,0,0,0,0,0,0,0,0,0,0,0,0,0
2006,144,8,3.520000000000000000,19.13983284000000000,96,0,47.9000000000000000,9,92,5.8600000000000000,96,0.3000000000000000,335.7865410000000000,1396748.0000000000,1.4000000000000000,1.3000000000000000,0.69299999999999995,12.8000000000000000,74.400000000000006,0,0,0,0,0,0,0,0,0,0,0,0,0,0,0,0,0,0,0,0,0,0,0,0,0,0,0,0,0,0,0,0,0,0,0,0,0,0,0,0
2000,163,9,3.990000000000000000,84.17527008000000400,36,0,43.6000000000000000,11,83,3.3800000000000000,87,0.3000000000000000,1451.2977599999999000,12628596.0000000000,1.6000000000000000,1.5000000000000000,0.66800000000000004,12.4000000000000000,72.800000000000000,0,0,0,0,0,0,0,0,0,0,0,0,0,0,0,0,0,0,0,0,0,0,0,0,0,1,0,0,0,0,0,0,0,0,0,0,0,0,0,0
2013,327,3,10.720000000000000000,156.39076850000001000,92,321,23.5000000000000000,4,3,3.7300000000000000,3,5.7000000000000000,2246.9938000000002000,183746.0000000000,8.6000000000000000,8.6000000000000000,0.58599999999999997,9.1999999999999993,57.400000000000000,0,0,0,0,0,0,0,0,0,1,0,1,0,0,0,0,0,0,0,0,0,0,0,0,0,0,0,0,0,1,0,1,1,0,0,0,0,0,0,0
2002,343,7,0.830000000000000000,0.70313217900000002,86,460,13.1000000000000000,10,92,4.2000000000000000,9,1.9000000000000000,21.7687981000000010,3614639.0000000000,9.9000000000000000,9.9000000000000000,0E-17,4.4000000000000004,58.500000000000000,0,0,0,0,0,0,0,0,0,0,0,1,0,0,0,0,0,0,0,0,0,0,0,0,0,0,0,0,0,0,0,1,1,0,0,0,0,1,0,0
2004,195,0,15.070000000000000000,101.12011610000000000,9,0,55.2000000000000000,0,95,5.1300000000000000,94,0.1000000000000000,885.4651149999999700,136255.0000000000,2.2000000000000002,2.2999999999999998,0.80500000000000005,15.7000000000000000,72.300000000000000,0,0,0,0,0,1,0,0,0,0,0,0,0,0,0,0,0,0,0,0,0,0,0,0,0,1,0,0,0,0,0,0,0,0,0,0,0,0,0,0
2014,19,0,0.010000000000000000,50.53948400000000200,99,0,61.9000000000000000,0,99,4.4900000000000000,99,0.1000000000000000,546.3727999999999800,88586.0000000000,4.0000000000000000,3.7000000000000000,0.72699999999999998,15.2000000000000000,69.700000000000000,0,0,0,0,0,0,0,0,0,0,0,0,0,0,0,0,0,0,0,0,0,0,0,0,0,0,0,0,0,0,0,0,0,0,0,0,0,0,0,0
2013,192,0,0.010000000000000000,460.64878049999999000,99,0,61.1000000000000000,0,99,4.2600000000000000,99,0.1000000000000000,4763.6895599999998000,879715.0000000000,4.0000000000000000,3.7000000000000000,0.71899999999999997,15.0000000000000000,69.599999999999994,0,0,0,0,0,0,0,0,0,0,0,0,0,0,0,0,0,0,0,0,0,0,0,0,0,0,0,0,0,0,0,0,0,0,0,0,0,0,0,0
2012,195,0,0.010000000000000000,431.48548740000001000,99,0,6.2000000000000000,0,99,4.1600000000000000,99,0.1000000000000000,4546.7385400000003000,873596.0000000000,4.0000000000000000,3.7000000000000000,0.71399999999999997,14.9000000000000000,69.400000000000006,0,0,0,0,0,0,0,0,0,0,0,0,0,0,0,0,0,0,0,0,0,0,0,0,0,0,0,0,0,0,0,0,0,0,0,0,0,0,0,0
2011,197,0,0.010000000000000000,401.79310450000003000,99,0,59.5000000000000000,0,99,4.5999999999999996,99,0.1000000000000000,4353.1213920000000000,86786.0000000000,4.0000000000000000,3.7000000000000000,0.70899999999999996,14.7000000000000000,69.200000000000000,0,0,0,0,0,0,0,0,0,0,0,0,0,0,0,0,0,0,0,0,0,0,0,0,0,0,0,0,0,0,0,0,0,0,0,0,0,0,0,0
2008,26,0,1.950000000000000000,81.04656110999999900,99,0,57.3000000000000000,0,99,3.6800000000000000,99,0.1000000000000000,4177.6577889999999000,84334.0000000000,4.0000000000000000,3.7000000000000000,0.70000000000000000,14.3000000000000000,68.700000000000000,0,0,0,0,0,0,0,0,0,0,0,0,0,0,0,0,0,0,0,0,0,0,0,0,0,0,0,0,0,0,0,0,0,0,0,0,0,0,0,0
2015,76,0,null,0E-17,92,2,62.1000000000000000,0,97,null,97,0.1000000000000000,4245.3974399999997000,5479531.0000000000,0.9000000000000000,0.8000000000000000,0.89300000000000002,17.0000000000000000,81.099999999999994,0,0,0,0,0,0,0,0,0,0,0,0,0,0,0,0,0,0,0,0,0,0,0,0,0,0,0,0,0,0,0,0,0,0,0,0,0,0,0,0
2007,96,0,10.450000000000000000,6147.13230000000020000,92,0,59.0000000000000000,0,97,8.9000000000000000,99,0.1000000000000000,48288.5490999999970000,528872.0000000000,0.9000000000000000,0.8000000000000000,0.87300000000000000,17.2000000000000000,79.300000000000000,0,0,0,0,0,0,0,0,0,0,0,0,0,0,0,0,0,0,0,0,0,0,0,0,1,0,0,0,0,0,0,0,0,1,0,0,0,0,0,0
2001,1,0,8.940000000000000000,2775.33543999999980000,92,1,56.1000000000000000,0,95,7.4300000000000000,98,0.1000000000000000,24913.2445200000000000,51888.0000000000,0.9000000000000000,0.8000000000000000,0.85599999999999998,17.7000000000000000,78.000000000000000,0,0,0,0,0,0,0,0,0,0,0,0,0,0,0,0,0,0,0,0,0,0,0,0,1,0,0,0,0,0,0,0,0,1,0,0,0,0,0,0
2011,277,3,3.410000000000000000,0E-17,96,0,24.8000000000000000,5,95,6.2400000000000000,96,1.8000000000000000,null,null,8.0000000000000000,7.9000000000000000,0.44100000000000000,8.6999999999999993,59.800000000000000,0,0,0,0,0,0,0,0,0,0,0,0,0,0,0,0,0,0,0,0,0,0,0,0,0,0,0,0,0,0,0,0,1,0,0,0,0,0,0,0
2014,11,21,0.010000000000000000,54.23731829999999800,95,0,58.4000000000000000,24,95,7.2100000000000000,95,0.1000000000000000,547.8517000000000500,39113313.0000000000,6.0000000000000000,5.8000000000000000,0.74099999999999999,14.4000000000000000,75.400000000000006,0,0,0,0,0,0,0,0,0,0,0,0,0,0,0,0,0,0,0,0,0,0,0,0,0,0,0,0,0,0,0,0,0,0,1,0,0,0,0,0
2011,136,0,7.840000000000000000,1810.87531600000010000,99,0,45.1000000000000000,0,99,5.6500000000000000,99,0.1000000000000000,11929.3499100000010000,null,3.3000000000000000,3.3000000000000000,0.78200000000000003,14.1000000000000000,75.700000000000000,0,0,0,0,0,0,0,0,0,0,0,0,0,0,0,0,0,0,0,0,0,0,0,0,1,0,0,0,0,0,0,0,0,0,0,0,0,0,0,0
2009,14,0,7.820000000000000000,149.35873549999999000,98,0,43.8000000000000000,0,98,4.8600000000000003,99,0.1000000000000000,1312.4669200000001000,null,3.4000000000000000,3.3000000000000000,0.78800000000000003,14.2000000000000000,75.400000000000006,0,0,0,0,0,0,0,0,0,0,0,0,0,0,0,0,0,0,0,0,0,0,0,0,0,0,0,0,0,0,0,0,0,0,0,0,0,0,0,0
2003,151,0,7.160000000000000000,1158.06525900000000000,99,0,4.0999999999999996,0,99,4.5300000000000000,99,0.1000000000000000,9739.8255599999993000,null,3.5000000000000000,3.5000000000000000,0E-17,0E-16,74.200000000000000,0,0,0,0,0,0,0,0,0,0,0,0,0,0,0,0,0,0,1,0,0,0,0,0,1,0,0,0,0,0,0,0,0,0,0,0,0,1,1,0
2011,12,9,8.110000000000000000,1504.32946199999990000,91,3,6.4000000000000000,10,93,5.8900000000000000,91,0.1000000000000000,12726.9836000000000000,41656879.0000000000,1.0000000000000000,0.9000000000000000,0.81599999999999995,17.1000000000000010,75.700000000000000,0,0,0,0,0,0,0,0,0,0,0,0,0,0,0,0,0,0,0,0,0,0,0,0,1,0,0,0,0,0,0,0,0,0,1,0,0,0,0,0
2007,129,10,8.160000000000000000,1105.65903099999990000,85,0,58.0000000000000000,12,92,6.4900000000000000,91,0.1000000000000000,7193.6176400000004000,3997224.0000000000,1.1000000000000001,0.9000000000000000,0.78800000000000003,16.3000000000000000,74.800000000000000,0,0,0,0,0,0,0,0,0,0,0,0,0,0,0,0,0,0,0,0,0,0,0,0,1,0,0,0,0,0,0,0,0,0,0,0,0,0,0,0
2015,65,0,null,0E-17,93,309,57.6000000000000000,0,93,null,93,0.1000000000000000,43665.9470000000000000,8633169.0000000000,1.9000000000000000,2.1000000000000000,0.89200000000000002,15.9000000000000000,81.500000000000000,0,0,0,0,0,0,0,0,0,0,0,0,0,0,0,0,0,0,0,0,0,0,0,0,0,0,0,0,0,0,0,0,0,1,0,0,0,0,0,0
2007,8,0,12.500000000000000000,7453.86440000000040000,85,20,53.7000000000000000,0,85,1.4000000000000000,85,0.1000000000000000,46586.6524999999970000,8295487.0000000000,1.7000000000000000,1.9000000000000000,0.86000000000000000,15.2000000000000000,81.000000000000000,0,0,0,0,1,0,0,0,0,0,0,0,0,0,0,0,0,0,0,0,0,0,0,0,1,0,0,0,0,0,0,0,0,1,0,0,0,0,0,0
2006,81,0,12.400000000000000000,69.92899357999999700,83,23,53.2000000000000000,0,83,1.3500000000000000,83,0.1000000000000000,443.9936099999999900,8268641.0000000000,1.7000000000000000,1.9000000000000000,0.85399999999999998,15.0000000000000000,79.800000000000000,0,0,0,0,0,0,0,0,0,0,0,0,0,0,0,0,0,0,0,0,0,0,0,0,0,0,0,0,0,0,0,0,0,0,0,0,0,0,0,0
2000,16,9,0.650000000000000000,35.09462643999999900,92,210,42.1000000000000000,11,75,4.6700000000000000,76,0.1000000000000000,655.9743260000000200,8486.0000000000,3.2000000000000000,3.1000000000000000,0.63600000000000001,10.1000000000000000,66.599999999999994,0,0,0,0,0,0,0,0,0,0,0,0,0,0,0,0,0,0,0,0,0,0,0,0,0,0,0,0,0,0,0,0,0,0,0,0,0,0,0,0
2014,132,98,0.010000000000000000,10.44640334000000000,97,289,17.7000000000000000,121,97,2.8200000000000000,97,0.1000000000000000,184.5654299999999900,15945279.0000000000,18.1000000000000010,18.6000000000000010,0.56999999999999995,10.0000000000000000,71.400000000000006,0,0,0,0,0,0,0,0,0,0,0,0,0,0,0,0,1,0,0,0,0,0,1,0,0,0,0,0,1,0,0,0,0,0,0,1,1,0,0,0
2006,243,1,12.600000000000000000,364.42605200000003000,98,149,57.2000000000000000,1,97,6.3400000000000000,99,0.1000000000000000,3848.2159660000002000,964924.0000000000,2.2000000000000002,2.4000000000000000,0.72299999999999998,14.6000000000000000,68.900000000000006,0,0,0,0,0,0,0,0,0,0,0,0,0,0,0,0,0,0,0,0,0,0,0,0,0,0,0,0,0,0,0,0,0,0,0,0,0,0,0,0
2000,247,1,12.980000000000000000,24.24947845999999900,7,21,54.4000000000000000,1,99,6.1300000000000000,99,0.1000000000000000,1276.2883400000001000,997961.0000000000,2.7000000000000000,2.8000000000000000,0.67500000000000004,13.1000000000000000,68.000000000000000,0,0,0,0,0,1,0,0,0,0,0,0,0,0,0,0,0,0,0,0,0,0,0,0,0,1,0,0,0,0,0,0,0,0,0,0,0,0,0,0
2014,76,0,12.600000000000000000,7163.34892299999960000,98,70,63.4000000000000000,1,99,1.5900000000000000,99,0.1000000000000000,47439.3968400000010000,112957.0000000000,1.0000000000000000,1.0000000000000000,0.89000000000000000,16.3000000000000000,89.000000000000000,0,0,0,0,1,0,0,0,0,0,0,0,0,0,0,0,0,0,0,0,0,0,0,0,1,0,0,0,0,0,0,0,0,1,0,0,0,0,0,0
2010,186,0,6.760000000000000000,569.95271219999995000,96,0,47.0000000000000000,0,96,5.8500000000000000,96,0.2000000000000000,4344.1517700000004000,32168.0000000000,3.5000000000000000,3.4000000000000000,0.70000000000000000,12.4000000000000000,69.500000000000000,0,0,0,0,0,0,0,0,0,0,0,0,0,0,0,0,0,0,0,0,0,0,0,0,0,0,0,0,0,0,0,0,0,0,0,0,0,0,0,0
2007,181,0,7.240000000000000000,69.63051047000000400,96,0,45.0000000000000000,0,97,4.7600000000000000,96,0.6000000000000000,4324.8764270000001000,29847.0000000000,3.5000000000000000,3.5000000000000000,0.70000000000000000,12.8000000000000000,69.599999999999994,0,0,0,0,0,0,0,0,0,0,0,0,0,0,0,0,0,0,0,0,0,0,0,0,0,0,0,0,0,0,0,0,0,0,0,0,0,0,0,0
2005,254,1,0.730000000000000000,145.59654449999999000,95,11,16.7000000000000000,1,95,5.2800000000000000,95,0.3000000000000000,1247.6139200000000000,656639.0000000000,17.8000000000000000,18.6000000000000010,0E-17,9.1999999999999993,65.000000000000000,0,0,0,0,0,0,0,0,0,0,0,0,0,0,0,0,1,0,0,0,0,0,0,0,0,0,0,0,0,0,0,0,0,0,0,1,1,1,0,0
2012,3,2,0.010000000000000000,12.83447357000000000,95,7,36.2000000000000030,3,96,6.2700000000000000,95,4.4000000000000004,729.2314529999999900,289315.0000000000,7.3000000000000000,7.0000000000000000,0.68700000000000006,12.5000000000000000,63.400000000000000,0,0,0,0,0,0,0,0,0,0,0,0,0,0,0,0,0,0,0,0,0,0,0,0,0,0,0,0,0,0,0,0,1,0,0,0,0,0,0,0
2004,652,2,4.900000000000000400,469.58238979999999000,91,1,32.2000000000000030,4,96,5.5600000000000000,96,28.4000000000000000,4896.5838350000004000,182933.0000000000,1.5000000000000000,1.4000000000000000,0.57999999999999996,11.8000000000000000,48.100000000000000,0,1,0,0,0,0,0,0,0,0,0,0,1,0,0,0,0,0,0,0,0,1,0,0,0,0,0,0,0,0,0,0,1,0,0,0,0,0,0,0
2001,179,103,7.130000000000000000,149.48020910000000000,91,1,44.5000000000000000,118,99,7.1900000000000000,98,0.1000000000000000,3146.9517700000001000,1777567.0000000000,3.4000000000000000,3.4000000000000000,0.68500000000000005,14.3000000000000000,71.000000000000000,0,0,0,0,0,0,0,0,0,0,0,0,0,0,0,0,0,0,0,0,0,0,1,0,0,0,0,0,1,0,0,0,0,0,0,0,0,0,0,0
2012,79,0,0.010000000000000000,3192.63441300000020000,99,1,38.2000000000000030,0,99,2.2999999999999998,99,0.1000000000000000,47651.2598999999970000,null,5.8000000000000000,5.3000000000000000,0.85199999999999998,14.4000000000000000,78.300000000000000,0,0,0,0,0,0,0,0,0,0,0,0,0,0,0,0,0,0,0,0,0,0,0,0,1,0,0,0,0,0,0,0,0,1,0,0,0,0,0,0
2000,16,0,0.370000000000000000,11.79686107999999900,99,42,26.1000000000000000,0,99,3.5000000000000000,99,0.1000000000000000,188.4482600000000000,null,6.8000000000000000,6.3000000000000000,0.81799999999999995,13.4000000000000000,74.400000000000006,0,0,0,0,0,0,0,0,0,0,0,0,0,0,0,0,0,0,0,0,0,0,0,0,0,0,0,0,0,0,0,0,0,0,0,0,0,0,0,0
2009,152,1,10.930000000000000000,661.51443340000003000,96,2249,62.1000000000000000,1,94,6.7800000000000000,94,0.1000000000000000,6955.9877329999999000,7444443.0000000000,2.0000000000000000,2.1000000000000000,0.76800000000000002,13.8000000000000000,73.200000000000000,0,0,0,0,0,0,0,0,0,0,0,0,0,0,0,0,0,0,0,0,0,0,0,0,0,0,1,0,0,0,0,0,0,0,0,0,0,0,0,0
2010,279,43,4.550000000000000000,90.46018236000000500,91,2511,16.6000000000000010,74,9,7.1700000000000000,91,1.0000000000000000,575.4464527000000100,1565217.0000000000,9.0000000000000000,8.6000000000000000,0.36499999999999999,6.3000000000000000,57.500000000000000,0,0,0,0,0,0,0,0,0,1,0,0,0,0,0,0,0,0,0,0,0,0,0,0,0,0,1,0,1,1,0,0,0,0,0,0,0,0,0,0
2012,312,22,0.010000000000000000,38.73170505000000200,96,49,17.1000000000000010,33,96,8.2100000000000009,96,1.2000000000000000,265.2856509999999700,931971.0000000000,7.5000000000000000,7.5000000000000000,0.39300000000000002,10.3000000000000000,58.000000000000000,0,0,0,0,0,0,0,0,0,0,0,0,0,0,0,0,0,0,0,0,0,0,0,0,0,0,0,0,0,0,0,0,0,0,0,0,0,0,0,0
2001,385,25,6.090000000000000000,10.61917585000000000,92,0,13.0000000000000000,40,72,4.9600000000000000,81,5.3000000000000000,133.7427688999999900,6555829.0000000000,8.8000000000000007,8.8000000000000007,0.26800000000000002,4.5000000000000000,51.300000000000000,0,0,0,0,0,0,0,0,0,0,0,0,0,0,0,0,0,0,0,0,0,0,0,0,0,0,0,0,0,0,0,0,1,0,0,0,0,0,0,0
2008,437,60,2.690000000000000000,0E-17,74,12,23.8000000000000000,85,58,6.2100000000000000,74,4.0999999999999996,null,null,6.6000000000000000,6.6000000000000000,null,null,54.000000000000000,0,0,0,0,0,0,0,0,0,0,0,0,0,0,0,0,0,0,0,0,0,0,1,0,0,0,0,0,1,0,0,0,1,0,0,0,0,0,0,0
2012,121,0,0.010000000000000000,33.55888997999999600,94,0,29.0000000000000000,0,94,4.6100000000000003,94,0.3000000000000000,348.4827619999999800,513979.0000000000,7.1000000000000000,7.1000000000000000,0.63600000000000001,13.2000000000000000,72.700000000000000,0,0,0,0,0,0,0,0,0,0,0,0,0,0,0,0,0,0,0,0,0,0,0,0,0,0,0,0,0,0,0,0,0,0,0,0,0,0,0,0
2014,65,2,8.100000000000000000,102.19021680000000000,55,418,66.4000000000000060,2,91,1.4500000000000000,91,0.1000000000000000,544.4337600000000100,35544564.0000000000,0.5000000000000000,0.5000000000000000,0.91200000000000003,15.9000000000000000,82.000000000000000,0,0,0,0,0,0,0,0,0,0,0,0,0,0,0,0,0,0,0,0,0,0,0,0,0,1,0,0,0,0,0,0,0,0,1,0,0,0,0,0
2010,7,2,8.400000000000000000,8649.67491100000010000,56,99,64.0999999999999940,2,88,11.2000000000000000,89,0.1000000000000000,47447.4761999999970000,345274.0000000000,0.5000000000000000,0.4000000000000000,0.89800000000000002,15.9000000000000000,81.200000000000000,0,0,0,0,1,0,0,0,0,0,0,0,0,0,0,0,0,0,0,0,0,0,0,0,1,1,0,0,0,0,0,0,0,1,0,0,0,0,0,0
2006,414,45,0.410000000000000000,62.67225970999999900,92,1594,15.7000000000000000,80,49,3.3200000000000000,4,5.0999999999999996,712.1847694000000500,1421597.0000000000,1.3000000000000000,1.2000000000000000,0.30299999999999999,5.5000000000000000,48.500000000000000,0,0,0,0,0,0,0,0,0,0,0,1,0,0,0,0,0,0,0,0,0,0,0,0,0,0,1,0,1,1,0,1,1,0,0,0,0,0,0,0
2011,86,2,7.260000000000000000,211.61429300000000000,94,6,61.2000000000000000,2,93,7.0000000000000000,94,0.1000000000000000,1475.6924200000001000,17153357.0000000000,0.8000000000000000,0.8000000000000000,0.82000000000000000,15.4000000000000000,79.800000000000000,0,0,0,0,0,0,0,0,0,0,0,0,0,0,0,0,0,0,0,0,0,0,0,0,0,0,0,0,0,0,0,0,0,0,1,0,0,0,0,0
2001,11,457,2.840000000000000000,14.23064495999999900,65,88962,21.2000000000000000,558,86,4.5599999999999996,86,0.1000000000000000,153.1824000000000000,127185.0000000000,5.7000000000000000,5.0000000000000000,0.59199999999999997,9.6000000000000000,72.200000000000000,0,0,1,0,0,0,1,0,1,0,0,0,0,0,0,0,0,0,0,0,0,0,1,0,0,0,1,0,1,0,0,0,0,0,0,0,0,0,0,0
2005,144,15,4.380000000000000000,531.98081760000002000,93,0,5.5000000000000000,18,93,5.8200000000000000,93,0.1000000000000000,3386.2559999999999000,43285634.0000000000,2.4000000000000000,2.1000000000000000,0.65800000000000003,11.1000000000000000,73.099999999999994,0,0,0,0,0,0,0,0,0,0,0,0,0,0,0,0,0,0,0,0,0,0,0,0,0,0,0,0,0,0,0,0,0,0,1,0,0,0,0,0
2013,274,7,0.010000000000000000,0E-17,85,124,26.2000000000000000,10,85,5.9000000000000000,85,3.0000000000000000,null,null,7.7000000000000000,7.4000000000000000,0.57599999999999996,11.1000000000000000,63.900000000000000,0,0,0,0,0,0,0,0,0,0,0,0,0,0,0,0,0,0,0,0,0,0,0,0,0,0,0,0,0,0,0,0,1,0,0,0,0,0,0,0
2005,394,8,2.029999999999999800,0E-17,92,146,21.7000000000000000,13,62,2.4200000000000000,62,5.9000000000000000,null,null,8.8000000000000007,8.5000000000000000,0.49600000000000000,9.4000000000000000,55.300000000000000,0,0,0,0,0,0,0,0,0,0,0,0,0,0,0,0,0,0,0,0,0,0,0,0,0,0,0,0,0,0,0,0,1,0,0,0,0,0,0,0
2005,97,1,4.099999999999999600,1002.83327300000000000,9,1,5.3000000000000000,1,91,7.7400000000000000,91,0.1000000000000000,4697.1113500000001000,4247841.0000000000,2.0000000000000000,2.0000000000000000,0.72299999999999998,12.4000000000000000,78.599999999999994,0,0,0,0,0,1,0,0,0,0,0,0,0,0,0,0,0,0,0,0,0,0,0,0,0,1,0,0,0,0,0,0,0,0,0,0,0,0,0,0
2001,1,1,4.290000000000000000,868.37135929999999000,8,0,46.4000000000000000,1,92,7.2500000000000000,91,0.1000000000000000,3981.5284700000002000,3996798.0000000000,2.2999999999999998,2.2000000000000002,0.70799999999999996,11.7000000000000000,77.500000000000000,0,0,0,0,0,1,0,0,0,0,0,0,0,0,0,0,0,0,0,0,0,0,0,0,0,1,0,0,0,0,0,0,0,0,0,0,0,0,0,0
2009,19,0,12.210000000000000000,2160.38019900000020000,97,2,6.0000000000000000,0,96,8.1800000000000000,96,0.1000000000000000,14157.1441600000000000,442978.0000000000,1.7000000000000000,1.6000000000000000,0.80300000000000005,14.2000000000000000,76.300000000000000,0,0,0,0,0,0,0,0,0,0,0,0,0,0,0,0,0,0,0,0,0,0,0,0,1,0,0,0,0,0,0,0,0,1,0,0,0,0,0,0
2010,98,1,4.130000000000000000,787.28081629999997000,96,0,57.7000000000000000,1,99,1.1900000000000000,96,0.1000000000000000,5676.1414299999997000,null,3.4000000000000000,3.2000000000000000,0.78400000000000003,17.6000000000000010,78.000000000000000,0,0,0,0,0,0,0,0,0,0,0,0,0,0,0,0,0,0,0,0,0,0,0,0,0,0,0,0,0,0,0,0,0,0,0,0,0,0,0,0
2006,64,0,11.470000000000000000,1700.84153399999990000,93,0,55.8000000000000000,0,97,6.2800000000000000,97,0.1000000000000000,27169.9925599999990000,14559.0000000000,0.9000000000000000,1.0000000000000000,0.82899999999999996,13.4000000000000000,78.800000000000000,0,0,0,0,0,0,0,0,0,0,0,0,0,0,0,0,0,0,0,0,0,0,0,0,1,0,0,0,0,0,0,0,0,1,0,0,0,0,0,0
2013,9,0,12.450000000000000000,0E-17,99,15,65.0999999999999940,0,99,7.4900000000000000,98,0.1000000000000000,null,null,1.8000000000000000,1.9000000000000000,null,null,78.200000000000000,0,0,0,0,0,0,0,0,0,0,0,0,0,0,0,0,0,0,0,0,0,0,0,0,0,0,0,0,0,0,0,0,0,0,0,0,0,0,0,0
2012,149,7,3.610000000000000000,0E-17,96,0,31.3000000000000000,9,99,null,96,0.1000000000000000,null,null,5.0999999999999996,5.0999999999999996,null,null,69.800000000000000,0,0,0,0,0,0,0,0,0,0,0,0,0,0,0,0,0,0,0,0,0,0,0,0,0,0,0,0,0,0,0,0,0,0,0,0,0,0,0,0
2002,167,14,3.080000000000000000,0E-17,92,0,26.2000000000000000,18,99,null,64,0.1000000000000000,null,null,5.9000000000000000,5.9000000000000000,null,null,67.599999999999994,0,0,0,0,0,0,0,0,0,0,0,0,0,0,0,0,0,0,0,0,0,0,0,0,0,0,0,0,0,0,0,0,0,0,0,0,0,0,0,0
2008,295,237,2.090000000000000000,0E-17,65,12461,18.2000000000000000,324,64,4.4600000000000000,65,1.8000000000000000,null,null,1.8000000000000000,1.7000000000000000,null,null,56.300000000000000,0,0,0,0,0,0,0,0,0,0,0,0,0,0,0,0,0,0,0,0,0,0,1,0,0,0,1,0,1,0,0,0,1,0,0,0,0,0,0,0
2001,34,227,1.900000000000000000,0E-17,92,8072,15.3000000000000000,332,3,2.6700000000000000,3,2.4000000000000000,null,null,12.2000000000000000,12.1000000000000000,null,null,51.800000000000000,0,0,0,0,0,0,0,0,0,1,0,1,0,0,0,0,0,0,0,0,0,0,1,0,0,0,1,0,1,1,0,1,1,0,0,0,0,0,0,0
2011,79,0,10.470000000000000000,10251.10872000000000000,92,84,57.4000000000000000,0,91,1.8700000000000000,91,0.1000000000000000,61753.6670000000010000,557572.0000000000,1.1000000000000001,0.9000000000000000,0.91000000000000000,16.8999999999999990,79.700000000000000,0,0,0,0,1,0,0,0,0,0,0,0,0,1,0,0,0,0,0,0,0,0,0,0,1,0,0,0,0,0,0,0,0,1,0,0,0,0,0,0
2005,318,2,1.230000000000000000,12.70325933000000000,92,298,3.2000000000000000,2,71,7.2100000000000000,71,3.9000000000000000,94.7297489000000040,783254.0000000000,5.9000000000000000,5.8000000000000000,0.39600000000000002,4.0000000000000000,58.600000000000000,0,0,0,0,0,0,0,0,0,0,0,0,0,0,0,0,0,0,0,0,0,0,0,0,0,0,0,0,0,0,0,0,1,0,0,0,0,0,0,0
2000,171,65,0.140000000000000010,0E-17,98,2633,5.7000000000000000,82,98,5.5500000000000000,98,0.1000000000000000,null,null,3.6000000000000000,3.5000000000000000,0.60599999999999998,11.0000000000000000,68.800000000000000,0,0,0,0,0,0,0,0,0,0,0,0,0,0,0,0,0,0,0,0,0,0,1,0,0,0,1,0,1,0,0,0,0,0,0,0,0,0,0,0
2000,336,3,4.460000000000000000,14.95451321000000000,92,0,18.3000000000000000,4,41,2.7300000000000000,34,1.9000000000000000,172.6849100000000000,614323.0000000000,1.7000000000000000,1.6000000000000000,0E-17,0E-16,52.700000000000000,0,0,0,0,0,0,0,0,0,0,0,0,0,0,0,0,0,0,1,0,0,0,0,0,0,0,0,0,0,1,0,1,1,0,0,0,0,1,1,0
2008,322,6,0.490000000000000000,11.76572311000000000,94,0,15.1000000000000000,9,94,3.6900000000000000,94,1.1000000000000001,326.8256420000000200,4232636.0000000000,9.1000000000000000,9.1000000000000000,0.40600000000000003,5.2000000000000000,67.000000000000000,0,0,0,0,0,0,0,0,0,0,0,0,0,0,0,0,0,0,0,0,0,0,0,0,0,0,0,0,0,0,0,0,0,0,0,0,0,0,0,0
2006,188,0,16.579999999999998000,244.35108009999999000,95,27,55.9000000000000000,0,95,5.0999999999999996,95,0.1000000000000000,12595.4164999999990000,134681.0000000000,2.1000000000000000,2.2000000000000002,0.82199999999999995,16.1000000000000010,73.000000000000000,0,0,0,0,0,0,0,0,0,0,0,0,0,0,0,0,0,0,0,0,0,0,0,0,0,0,0,0,0,0,0,0,0,0,0,0,0,0,0,0
2007,39,186,1.060000000000000000,30.46451811000000000,47,1446,14.5000000000000000,286,61,4.6900000000000004,5,2.8000000000000000,243.3268219999999900,8149.0000000000,11.3000000000000000,11.0000000000000000,0.36199999999999999,7.1000000000000000,58.500000000000000,0,0,0,0,0,0,0,0,0,0,0,1,0,0,0,0,0,0,0,0,0,0,1,0,0,1,1,0,1,0,0,1,1,0,0,0,0,0,0,0
2001,221,0,1.930000000000000000,20.71191290000000200,98,17,51.2000000000000000,0,92,3.2800000000000000,91,0.1000000000000000,238.8917290000000000,814218.0000000000,4.3000000000000000,4.0000000000000000,0.68300000000000005,13.2000000000000000,67.800000000000000,0,0,0,0,0,0,0,0,0,0,0,0,0,0,0,0,0,0,0,0,0,0,0,0,0,0,0,0,0,0,0,0,0,0,0,0,0,0,0,0
2013,81,3,11.100000000000000000,6646.95393499999950000,74,272,61.6000000000000000,3,99,11.5600000000000000,99,0.1000000000000000,42554.1224999999980000,6599857.0000000000,0.6000000000000000,0.6000000000000000,0.88700000000000001,16.2000000000000000,82.000000000000000,0,0,0,0,0,0,0,0,0,0,0,0,0,0,0,0,0,0,0,0,0,0,0,0,1,0,0,0,0,0,0,0,0,1,0,0,0,0,0,0
2001,13,3,13.890000000000000000,3451.18507899999990000,28,0,55.2000000000000000,4,98,9.8900000000000000,97,0.1000000000000000,22527.3177499999980000,61357431.0000000000,0.7000000000000000,0.6000000000000000,0.84899999999999998,15.6000000000000000,79.000000000000000,0,0,0,0,0,0,0,0,0,0,0,0,0,0,0,0,0,0,0,0,0,0,0,0,1,1,0,0,0,0,0,0,0,1,1,0,0,0,0,0
2012,276,2,8.300000000000000700,805.39252839999995000,82,2,34.6000000000000000,3,8,3.1300000000000000,82,4.9000000000000004,9774.1811699999998000,1756817.0000000000,6.3000000000000000,6.2000000000000000,0.66900000000000004,12.5000000000000000,63.500000000000000,0,0,0,0,0,0,0,0,0,1,0,0,0,0,0,0,0,0,0,0,0,0,0,0,0,0,0,0,0,1,0,0,1,0,0,0,0,0,0,0
2002,298,3,2.080000000000000000,0E-17,92,32,19.1000000000000010,6,86,3.7500000000000000,87,2.5000000000000000,null,null,9.8000000000000007,9.8000000000000007,0.39200000000000002,7.0000000000000000,56.600000000000000,0,0,0,0,0,0,0,0,0,0,0,0,0,0,0,0,0,0,0,0,0,0,0,0,0,0,0,0,0,0,0,0,1,0,0,0,0,0,0,0
2014,271,64,0.010000000000000000,73.52358168000000700,62,492,18.6000000000000010,86,58,8.1800000000000000,62,0.1000000000000000,612.6965139999999800,327582.0000000000,17.5000000000000000,17.5000000000000000,0.47599999999999998,10.0000000000000000,59.900000000000000,0,0,0,0,0,0,0,0,0,0,0,0,0,0,0,0,0,0,0,0,0,0,1,0,0,0,0,0,1,0,0,0,0,0,0,1,1,0,0,0
2008,1,1,5.610000000000000000,36.62206845000000000,99,0,52.6000000000000000,1,99,5.8700000000000000,99,0.1000000000000000,437.5396470000000000,2947314.0000000000,1.6000000000000000,1.6000000000000000,0.71299999999999997,12.0000000000000000,75.300000000000000,0,0,0,0,0,0,0,0,0,0,0,0,0,0,0,0,0,0,0,0,0,0,0,0,0,0,0,0,0,0,0,0,0,0,0,0,0,0,0,0
2002,145,20,0.360000000000000000,148.51198429999999000,92,5862,46.1000000000000000,23,86,3.7300000000000000,86,0.1000000000000000,1774.3367300000000000,3199546.0000000000,6.3000000000000000,6.2000000000000000,0.65300000000000002,11.1000000000000000,71.599999999999994,0,0,0,0,0,0,0,0,0,0,0,0,0,0,0,0,0,0,0,0,0,0,0,0,0,0,1,0,0,0,0,0,0,0,0,0,0,0,0,0
2000,48,97,1.850000000000000000,15.88149254000000000,92,2219,15.4000000000000000,160,3,2.7900000000000000,28,2.0000000000000000,555.2969418999999800,1644924.0000000000,1.9000000000000000,1.9000000000000000,0.38200000000000001,4.5999999999999996,45.300000000000000,0,0,0,0,0,0,0,0,0,1,0,0,0,0,0,0,0,0,0,0,0,0,1,0,0,0,1,0,1,1,0,1,1,0,0,0,0,0,0,0
2007,144,0,8.640000000000000000,257.96653079999999000,97,0,42.6000000000000000,0,98,4.2699999999999996,99,0.1000000000000000,14252.2945199999990000,null,3.4000000000000000,3.3000000000000000,0.78100000000000003,14.5000000000000000,75.000000000000000,0,0,0,0,0,0,0,0,0,0,0,0,0,0,0,0,0,0,0,0,0,0,0,0,0,0,0,0,0,0,0,0,0,1,0,0,0,0,0,0
2014,118,8,7.930000000000000000,847.37174630000004000,94,1,62.2000000000000000,9,92,4.7900000000000000,94,0.1000000000000000,12245.2564500000010000,42981515.0000000000,1.0000000000000000,0.9000000000000000,0.82499999999999996,17.3000000000000000,76.200000000000000,0,0,0,0,0,0,0,0,0,0,0,0,0,0,0,0,0,0,0,0,0,0,0,0,0,0,0,0,0,0,0,0,0,0,1,0,0,0,0,0
2014,12,1,3.910000000000000000,295.60871429999997000,93,13,54.1000000000000000,1,95,4.4800000000000004,93,0.1000000000000000,3994.7123550000001000,29622.0000000000,2.1000000000000000,2.1000000000000000,0.73899999999999999,12.7000000000000000,74.599999999999994,0,0,0,0,0,0,0,0,0,0,0,0,0,0,0,0,0,0,0,0,0,0,0,0,0,0,0,0,0,0,0,0,0,0,0,0,0,0,0,0
2008,14,1,3.960000000000000000,2.88889789999999990,89,0,5.0999999999999996,1,91,3.8000000000000000,89,0.1000000000000000,41.2699700000000010,29822.0000000000,2.0000000000000000,2.1000000000000000,0.72099999999999997,12.3000000000000000,73.200000000000000,0,0,0,0,0,0,0,0,0,0,0,0,0,0,0,0,0,0,0,0,0,0,0,0,0,0,0,0,0,0,0,0,0,0,0,0,0,0,0,0
2004,69,1,9.840000000000000000,588.56837099999996000,95,70,6.9000000000000000,1,92,8.5700000000000000,92,0.1000000000000000,3472.3797700000000000,21274.0000000000,0.7000000000000000,0.6000000000000000,0.90800000000000003,20.7000000000000000,86.000000000000000,0,0,0,0,0,0,0,0,0,0,0,0,0,0,0,0,0,0,0,0,0,0,0,0,0,0,0,0,0,0,0,0,0,0,0,0,0,0,1,0
2013,121,5,2.140000000000000000,275.65149339999999000,93,164,5.6000000000000000,6,96,5.5400000000000000,93,0.1000000000000000,7875.7569530000001000,941681.0000000000,2.8000000000000000,2.8000000000000000,0.74500000000000000,11.9000000000000000,72.200000000000000,0,0,0,0,0,0,0,0,0,0,0,0,0,0,0,0,0,0,0,0,0,0,0,0,0,0,0,0,0,0,0,0,0,0,0,0,0,0,0,0
2002,146,7,0.550000000000000040,39.33253686999999800,5,4353,43.1000000000000000,9,8,4.4700000000000000,76,0.1000000000000000,763.7385799999999600,817195.0000000000,3.1000000000000000,3.1000000000000000,0.65100000000000002,10.6000000000000000,67.800000000000000,0,0,0,0,0,1,0,0,0,1,0,0,0,0,0,0,0,0,0,0,0,0,0,0,0,1,1,0,0,1,0,0,0,0,0,0,0,0,0,0
2010,161,0,9.190000000000000000,0E-17,98,0,61.3000000000000000,0,97,7.4400000000000000,99,0.2000000000000000,null,null,2.5000000000000000,2.5000000000000000,0.78800000000000003,12.6000000000000000,75.000000000000000,0,0,0,0,0,0,0,0,0,0,0,0,0,0,0,0,0,0,0,0,0,0,0,0,0,0,0,0,0,0,0,0,0,0,0,0,0,0,0,0
2001,9,0,1.950000000000000000,1150.41806300000010000,99,5,54.8000000000000000,0,99,3.8000000000000000,99,0.1000000000000000,12868.2109999999990000,null,6.2000000000000000,6.0000000000000000,0.79400000000000004,13.3000000000000000,74.700000000000000,0,0,0,0,0,0,0,0,0,0,0,0,0,0,0,0,0,0,0,0,0,0,0,0,1,0,0,0,0,0,0,0,0,0,0,0,0,0,0,0
2011,14,0,8.510000000000000000,173.98256290000000000,91,0,51.4000000000000000,0,91,6.6700000000000000,91,0.1000000000000000,15534.1574000000000000,null,3.8000000000000000,3.8000000000000000,0.78000000000000000,15.5000000000000000,74.900000000000006,0,0,0,0,0,0,0,0,0,0,0,0,0,0,0,0,0,0,0,0,0,0,0,0,0,0,0,0,0,0,0,0,0,1,0,0,0,0,0,0
2015,249,25,null,0E-17,82,55,25.7000000000000000,39,78,null,82,1.0000000000000000,783.9479099999999800,1575952.0000000000,6.9000000000000000,6.8000000000000000,0.48099999999999998,10.7000000000000000,60.000000000000000,0,0,0,0,0,0,0,0,0,0,0,0,0,0,0,0,0,0,0,0,0,0,0,0,0,0,0,0,0,0,0,0,0,0,0,0,0,0,0,0
2011,225,0,0.230000000000000000,289.85240570000002000,95,10,21.1000000000000000,1,95,4.7300000000000004,95,0.5000000000000000,2458.4597600000002000,7451.0000000000,16.3000000000000000,17.0000000000000000,0.57199999999999995,11.9000000000000000,68.300000000000000,0,0,0,0,0,0,0,0,0,0,0,0,0,0,0,0,0,0,0,0,0,0,0,0,0,0,0,0,0,0,0,0,0,0,0,1,1,0,0,0
2009,232,1,0.170000000000000000,27.48907047999999900,93,6,19.5000000000000000,1,93,6.3000000000000000,93,0.4000000000000000,177.2344970000000000,714458.0000000000,16.8000000000000000,17.5000000000000000,0E-17,10.9000000000000000,67.400000000000006,0,0,0,0,0,0,0,0,0,0,0,0,0,0,0,0,0,0,0,0,0,0,0,0,0,0,0,0,0,0,0,0,0,0,0,1,1,1,0,0
2007,1,0,0.850000000000000000,2048.55742199999990000,97,0,33.2000000000000030,0,95,2.3199999999999998,99,0.1000000000000000,32672.3671700000010000,null,6.2000000000000000,5.7000000000000000,0.84000000000000000,14.3000000000000000,76.000000000000000,0,0,0,0,0,0,0,0,0,0,0,0,0,0,0,0,0,0,0,0,0,0,0,0,1,0,0,0,0,0,0,0,0,1,0,0,0,0,0,0
2007,293,46,4.580000000000000000,73.92730582999999500,89,12,15.1000000000000000,83,93,6.6300000000000000,89,1.7000000000000000,475.1112200000000000,1425221.0000000000,9.8000000000000007,9.3000000000000007,0.33400000000000002,4.9000000000000004,55.300000000000000,0,0,0,0,0,0,0,0,0,0,0,0,0,0,0,0,0,0,0,0,0,0,0,0,0,0,0,0,1,0,0,0,1,0,0,0,0,0,0,0
2000,386,25,6.610000000000000000,9.69668916400000040,92,18363,12.8000000000000000,41,71,4.9800000000000004,8,5.2000000000000000,135.9984455000000000,6476.0000000000,9.0000000000000000,8.9000000000000000,0.26800000000000002,4.5000000000000000,58.000000000000000,0,0,0,0,0,0,0,0,0,0,0,1,0,0,0,0,0,0,0,0,0,0,0,0,0,0,1,0,0,0,0,1,1,0,0,0,0,0,0,0
2011,419,60,3.130000000000000000,0E-17,62,628,25.6000000000000000,83,58,6.4200000000000000,62,3.3000000000000000,null,null,6.1000000000000000,6.0000000000000000,null,null,51.700000000000000,0,0,0,0,0,0,0,0,0,0,0,0,0,0,0,0,0,0,0,0,0,0,1,0,0,0,0,0,1,0,0,0,1,0,0,0,0,0,0,0
2007,443,61,2.580000000000000000,0E-17,76,5,23.2000000000000000,87,75,6.3500000000000000,76,5.3000000000000000,null,null,6.8000000000000000,6.7000000000000000,null,null,49.900000000000000,0,0,0,0,0,0,0,0,0,0,0,0,0,0,0,0,0,0,0,0,0,0,1,0,0,0,0,0,1,0,0,0,1,0,0,0,0,0,0,0
2006,452,62,2.650000000000000000,0E-17,77,11,22.6000000000000000,89,76,5.8700000000000000,77,5.8000000000000000,null,null,7.0000000000000000,6.9000000000000000,null,null,49.400000000000000,0,0,0,0,0,0,0,0,0,0,0,0,0,0,0,0,0,0,0,0,0,1,1,0,0,0,0,0,1,0,0,0,1,0,0,0,0,0,0,0
2015,114,0,null,0E-17,96,0,31.3000000000000000,0,93,null,93,0.2000000000000000,2954.1194670000000000,532913.0000000000,6.6000000000000000,6.6000000000000000,0.64600000000000002,13.5000000000000000,73.300000000000000,0,0,0,0,0,0,0,0,0,0,0,0,0,0,0,0,0,0,0,0,0,0,0,0,0,0,0,0,0,0,0,0,0,0,0,0,0,0,0,0
2009,195,15,2.130000000000000000,48.35423978000000000,92,4779,15.9000000000000000,17,95,6.3600000000000000,94,0.6000000000000000,738.2326683999999700,14928.0000000000,11.1000000000000000,11.4000000000000000,0.52000000000000000,10.5000000000000000,66.099999999999994,0,0,0,0,0,0,0,0,0,0,0,0,0,0,0,0,0,0,0,0,0,0,0,0,0,0,1,0,0,0,0,0,0,0,0,0,0,0,0,0
2015,64,2,null,0E-17,55,195,67.0000000000000000,2,91,null,91,0.1000000000000000,43315.7439999999990000,3584861.0000000000,0.6000000000000000,0.5000000000000000,0.91900000000000004,16.3000000000000000,82.200000000000000,0,0,0,0,0,0,0,0,0,0,0,0,0,0,0,0,0,0,0,0,0,0,0,0,0,1,0,0,0,0,0,0,0,1,0,0,0,0,0,0
2002,43,43,0.360000000000000000,3.03969119299999990,92,7277,14.4000000000000000,76,31,8.3300000000000000,25,5.0000000000000000,22.8548210000000010,91689.0000000000,11.1000000000000000,11.0000000000000000,0.30299999999999999,5.0999999999999996,48.100000000000000,0,0,0,0,0,0,0,0,0,0,0,0,0,0,0,0,0,0,0,0,0,0,0,0,0,0,1,0,1,1,0,1,1,0,0,0,0,0,0,0
2001,4,42,0.300000000000000000,26.87439073999999900,92,24908,14.1000000000000000,75,26,6.9000000000000000,26,4.8000000000000000,197.3156442000000100,866312.0000000000,11.3000000000000000,11.2000000000000000,0.30000000000000000,4.9000000000000004,48.000000000000000,0,0,0,0,0,0,0,0,0,0,0,0,0,0,0,0,0,0,0,0,0,0,0,0,0,0,1,0,1,1,0,1,1,0,0,0,0,0,0,0
2007,9,2,7.390000000000000000,209.48758749999999000,92,0,58.7000000000000000,2,95,6.3500000000000000,96,0.1000000000000000,1526.8774599999999000,16491687.0000000000,0.9000000000000000,0.9000000000000000,0.79700000000000004,14.8000000000000000,78.900000000000006,0,0,0,0,0,0,0,0,0,0,0,0,0,0,0,0,0,0,0,0,0,0,0,0,0,0,0,0,0,0,0,0,0,0,0,0,0,0,0,0
2006,91,2,7.330000000000000000,1275.68962500000000000,95,0,58.1000000000000000,2,94,6.1800000000000000,94,0.1000000000000000,9484.6812269999991000,16319792.0000000000,0.9000000000000000,0.9000000000000000,0.79600000000000004,14.9000000000000000,78.900000000000006,0,0,0,0,0,0,0,0,0,0,0,0,0,0,0,0,0,0,0,0,0,0,0,0,1,0,0,0,0,0,0,0,0,0,0,0,0,0,0,0
2004,97,2,6.320000000000000000,78.78564878000000200,92,0,56.8000000000000000,2,94,6.9300000000000000,93,0.1000000000000000,621.8283249999999500,15973778.0000000000,0.9000000000000000,1.0000000000000000,0.78100000000000003,14.3000000000000000,78.000000000000000,0,0,0,0,0,0,0,0,0,0,0,0,0,0,0,0,0,0,0,0,0,0,0,0,0,0,0,0,0,0,0,0,0,0,0,0,0,0,0,0
2015,267,7,null,0E-17,8,1359,27.4000000000000000,10,8,null,8,2.8000000000000000,null,null,7.5000000000000000,7.1000000000000000,0.59000000000000000,11.1000000000000000,64.700000000000000,0,0,0,0,0,1,0,0,0,1,0,1,0,0,0,0,0,0,0,0,0,0,0,0,0,1,1,0,0,1,0,1,1,0,0,0,0,0,0,0
2007,93,1,4.200000000000000000,150.88914790000001000,89,0,52.4000000000000000,1,89,8.3699999999999992,89,0.1000000000000000,612.6234180000000200,4369469.0000000000,1.9000000000000000,1.9000000000000000,0.73399999999999999,12.8000000000000000,78.900000000000006,0,0,0,0,0,0,0,0,0,0,0,0,0,0,0,0,0,0,0,0,0,0,0,0,0,0,0,0,0,0,0,0,0,0,0,0,0,0,0,0
2009,11,1,4.010000000000000000,818.87710159999995000,96,0,56.9000000000000000,1,99,11.7800000000000000,96,0.1000000000000000,5484.7763000000004000,null,3.4000000000000000,3.2000000000000000,0.78200000000000003,17.7000000000000000,78.099999999999994,0,0,0,0,0,0,0,0,0,0,0,0,0,0,0,0,0,0,0,0,0,0,0,0,0,0,0,0,0,0,0,0,0,0,0,0,0,0,0,0
2001,69,0,10.160000000000000000,100.80861930000000000,89,0,53.3000000000000000,0,97,5.7800000000000000,97,0.1000000000000000,1562.9243300000001000,96282.0000000000,0.9000000000000000,1.0000000000000000,0.80000000000000000,12.4000000000000000,78.200000000000000,0,0,0,0,0,0,0,0,0,0,0,0,0,0,0,0,0,0,0,0,0,0,0,0,0,0,0,0,0,0,0,0,0,0,0,0,0,0,0,0
2014,154,6,5.920000000000000000,1088.24495200000000000,89,0,57.9000000000000000,7,9,4.3800000000000000,91,0.3000000000000000,6268.6921220000004000,145844.0000000000,3.3000000000000000,3.2000000000000000,0.71199999999999997,13.2000000000000000,73.599999999999994,0,0,0,0,0,0,0,0,0,1,0,0,0,0,0,0,0,0,0,0,0,0,0,0,1,0,0,0,0,1,0,0,0,0,0,0,0,0,0,0
2001,158,9,4.130000000000000000,14.58874030000000000,69,2,44.3000000000000000,10,9,3.8600000000000000,89,0.3000000000000000,193.7415709999999900,12852755.0000000000,1.6000000000000000,1.5000000000000000,0.67000000000000000,12.4000000000000000,73.400000000000006,0,0,0,0,0,0,0,0,0,1,0,0,0,0,0,0,0,0,0,0,0,0,0,0,0,0,0,0,0,1,0,0,0,0,0,0,0,0,0,0
2001,177,63,0.140000000000000010,0E-17,99,2150,51.2000000000000000,78,99,5.7500000000000000,99,0.1000000000000000,null,null,3.5000000000000000,3.4000000000000000,0.61199999999999999,11.1000000000000000,68.599999999999994,0,0,0,0,0,0,0,0,0,0,0,0,0,0,0,0,0,0,0,0,0,0,1,0,0,0,1,0,1,0,0,0,0,0,0,0,0,0,0,0
2004,342,7,0.640000000000000000,10.26097341000000000,84,24,13.6000000000000000,10,98,3.1400000000000000,98,1.8000000000000000,287.4222242999999800,3858623.0000000000,9.6000000000000000,9.6000000000000000,0E-17,5.0000000000000000,59.100000000000000,0,0,0,0,0,0,0,0,0,0,0,0,0,0,0,0,0,0,0,0,0,0,0,0,0,0,0,0,0,0,0,0,1,0,0,0,0,1,0,0
2015,119,0,null,0E-17,91,4,59.9000000000000000,0,93,null,93,0.1000000000000000,1774.9291000000001000,131547.0000000000,1.9000000000000000,1.9000000000000000,0.86299999999999999,16.5000000000000000,77.599999999999994,0,0,0,0,0,0,0,0,0,0,0,0,0,0,0,0,0,0,0,0,0,0,0,0,0,0,0,0,0,0,0,0,0,0,0,0,0,0,0,0
2013,127,0,0.010000000000000000,261.29148079999999000,93,2,59.0000000000000000,0,94,6.4800000000000000,94,0.1000000000000000,1929.7746000000000000,1317997.0000000000,1.9000000000000000,1.9000000000000000,0.85599999999999998,16.5000000000000000,76.900000000000006,0,0,0,0,0,0,0,0,0,0,0,0,0,0,0,0,0,0,0,0,0,0,0,0,0,0,0,0,0,0,0,0,0,0,0,0,0,0,0,0
2012,135,0,0.010000000000000000,2263.10379700000020000,94,4,58.5000000000000000,0,94,6.3600000000000000,94,0.1000000000000000,17421.8921999999980000,1322696.0000000000,1.9000000000000000,1.9000000000000000,0.85000000000000000,16.5000000000000000,76.300000000000000,0,0,0,0,0,0,0,0,0,0,0,0,0,0,0,0,0,0,0,0,0,0,0,0,1,0,0,0,0,0,0,0,0,1,0,0,0,0,0,0
2010,137,0,14.970000000000000000,1802.01759300000000000,94,0,57.6000000000000000,0,94,6.2500000000000000,94,0.1000000000000000,14638.6482000000000000,1331475.0000000000,1.9000000000000000,2.0000000000000000,0.83299999999999996,16.2000000000000000,75.599999999999994,0,0,0,0,0,0,0,0,0,0,0,0,0,0,0,0,0,0,0,0,0,0,0,0,1,0,0,0,0,0,0,0,0,1,0,0,0,0,0,0
2010,261,162,1.340000000000000000,67.73374413000000500,62,4235,15.6000000000000000,243,69,6.8600000000000000,61,1.7000000000000000,341.3999200000000100,877267.0000000000,11.0000000000000000,1.7000000000000000,0.40100000000000002,8.1000000000000000,61.800000000000000,0,0,0,0,0,0,0,0,0,0,0,0,0,0,0,0,0,0,0,0,0,0,1,0,0,0,1,0,1,0,0,0,1,0,0,0,0,0,0,0
2004,354,217,0.860000000000000000,1.50696248200000000,92,73,13.5000000000000000,342,54,4.2300000000000004,4,4.0999999999999996,135.7623858000000000,7462445.0000000000,11.5000000000000000,11.3000000000000000,0.31000000000000000,5.4000000000000000,55.000000000000000,0,0,0,0,0,0,0,0,0,0,0,1,0,0,0,0,0,0,0,0,0,0,1,0,0,0,0,0,1,0,0,1,1,0,0,0,0,0,0,0
2002,369,237,0.800000000000000000,10.82452593999999900,92,3332,12.9000000000000000,377,55,4.7300000000000004,35,4.5999999999999996,111.3634356000000000,7497192.0000000000,11.7000000000000000,11.6000000000000000,0.29799999999999999,4.9000000000000004,53.200000000000000,0,0,0,0,0,0,0,0,0,0,0,0,0,0,0,0,0,0,0,0,0,0,1,0,0,0,1,0,1,0,0,1,1,0,0,0,0,0,0,0
2005,93,3,12.200000000000000000,5451.70122499999980000,35,36,57.5000000000000000,4,98,1.6000000000000000,98,0.1000000000000000,34879.7263299999980000,63179356.0000000000,0.6000000000000000,0.6000000000000000,0.86000000000000000,15.5000000000000000,81.000000000000000,0,0,0,0,0,0,0,0,0,0,0,0,0,0,0,0,0,0,0,0,0,0,0,0,1,1,0,0,0,0,0,0,0,1,1,0,0,0,0,0
2014,237,2,0.010000000000000000,715.28169390000005000,7,33,35.7999999999999970,3,68,3.4400000000000000,7,2.8000000000000000,9692.1638739999999000,1875713.0000000000,6.1000000000000000,6.0000000000000000,0.68700000000000006,12.6000000000000000,65.500000000000000,0,0,0,0,0,1,0,0,0,0,0,1,0,0,0,0,0,0,0,0,0,0,0,0,0,1,0,0,0,0,0,1,1,0,0,0,0,0,0,0
2009,286,3,2.990000000000000000,0E-17,97,0,23.5000000000000000,6,97,5.8500000000000000,98,2.7000000000000000,null,null,8.4000000000000000,8.3000000000000007,0.43400000000000000,8.9000000000000000,59.000000000000000,0,0,0,0,0,0,0,0,0,0,0,0,0,0,0,0,0,0,0,0,0,0,0,0,0,0,0,0,0,0,0,0,1,0,0,0,0,0,0,0
2009,281,77,0.010000000000000000,56.76221681999999900,63,2861,16.2000000000000000,106,63,9.4200000000000000,63,0.1000000000000000,445.8932978999999900,284331.0000000000,18.6000000000000010,18.7000000000000000,0.43400000000000000,8.9000000000000000,58.600000000000000,0,0,0,0,0,0,0,0,0,0,0,0,0,0,0,1,1,0,0,0,0,0,1,0,0,0,1,0,1,0,0,0,0,0,0,1,1,0,0,0
2002,15,1,3.730000000000000000,104.51691570000000000,96,16,46.9000000000000000,1,98,6.3000000000000000,98,0.1000000000000000,1453.6427770000000000,3511.0000000000,2.0000000000000000,2.1000000000000000,0.67000000000000000,10.7000000000000000,73.300000000000000,0,0,0,0,0,0,0,0,0,0,0,0,0,0,0,0,0,0,0,0,0,0,0,0,0,0,0,0,0,0,0,0,0,0,0,0,0,0,0,0
2001,14,1,4.250000000000000000,96.20557078000000200,96,18,46.0000000000000000,1,97,6.0000000000000000,97,0.1000000000000000,1326.9733900000001000,36173.0000000000,2.1000000000000000,2.1000000000000000,0.66200000000000003,10.6000000000000000,73.599999999999994,0,0,0,0,0,0,0,0,0,0,0,0,0,0,0,0,0,0,0,0,0,0,0,0,0,0,0,0,0,0,0,0,0,0,0,0,0,0,0,0
2013,112,21,0.530000000000000000,544.45074320000003000,95,25,57.2000000000000000,24,95,7.1200000000000000,95,0.1000000000000000,5471.8667660000001000,38338562.0000000000,5.9000000000000000,5.8000000000000000,0.73699999999999999,14.4000000000000000,75.300000000000000,0,0,0,0,0,0,0,0,0,0,0,0,0,0,0,0,0,0,0,0,0,0,0,0,0,0,0,0,0,0,0,0,0,0,1,0,0,0,0,0
2000,156,0,7.270000000000000000,1127.74346999999990000,92,0,38.2000000000000030,0,96,4.1300000000000000,95,0.1000000000000000,9875.1617360000000000,null,3.7000000000000000,3.6000000000000000,0E-17,0E-16,73.599999999999994,0,0,0,0,0,0,0,0,0,0,0,0,0,0,0,0,0,0,1,0,0,0,0,0,1,0,0,0,0,0,0,0,0,0,0,0,0,1,1,0
2010,121,10,8.150000000000000000,187.61095499999999000,94,17,59.8000000000000000,11,95,6.5500000000000000,94,0.1000000000000000,1276.2650000000001000,41223889.0000000000,1.0000000000000000,0.9000000000000000,0.80200000000000005,16.8000000000000000,75.500000000000000,0,0,0,0,0,0,0,0,0,0,0,0,0,0,0,0,0,0,0,0,0,0,0,0,0,0,0,0,0,0,0,0,0,0,1,0,0,0,0,0
2002,138,12,7.810000000000000000,470.18691450000000000,66,0,55.1000000000000000,13,94,8.3100000000000000,93,0.1000000000000000,2579.1931679999998000,3788937.0000000000,1.2000000000000000,1.0000000000000000,0.77600000000000002,16.3000000000000000,74.099999999999994,0,0,0,0,0,0,0,0,0,0,0,0,0,0,0,0,0,0,0,0,0,0,0,0,0,0,0,0,0,0,0,0,0,0,0,0,0,0,0,0
2004,132,1,3.810000000000000000,97.74087744000000600,91,1783,48.4000000000000000,1,93,5.5000000000000000,91,0.1000000000000000,1191.9619200000000000,3612.0000000000,2.0000000000000000,2.1000000000000000,0.66800000000000004,10.9000000000000000,73.000000000000000,0,0,0,0,0,0,0,0,0,0,0,0,0,0,0,0,0,0,0,0,0,0,0,0,0,0,1,0,0,0,0,0,0,0,0,0,0,0,0,0
2003,134,1,3.030000000000000000,7.34149314799999960,93,4,48.1000000000000000,1,96,5.5600000000000000,94,0.1000000000000000,93.1661567000000020,31786.0000000000,2.0000000000000000,2.1000000000000000,0.65700000000000003,10.8000000000000000,72.700000000000000,0,0,0,0,0,0,0,0,0,0,0,0,0,0,0,0,0,0,0,0,0,0,0,0,0,0,0,0,0,0,0,0,0,0,0,0,0,0,0,0
2001,141,1,2.860000000000000000,53.19373011999999800,69,69,47.4000000000000000,1,97,5.9400000000000000,94,0.1000000000000000,694.4351189999999900,35655.0000000000,2.1000000000000000,2.1000000000000000,0.64400000000000002,11.1000000000000000,72.599999999999994,0,0,0,0,0,0,0,0,0,0,0,0,0,0,0,0,0,0,0,0,0,0,0,0,0,0,0,0,0,0,0,0,0,0,0,0,0,0,0,0
2007,66,1,10.560000000000000000,872.59860920000006000,94,11,62.5000000000000000,2,92,8.5299999999999994,92,0.1000000000000000,4991.9828900000002000,28276.0000000000,0.7000000000000000,0.6000000000000000,0.91800000000000004,19.0000000000000000,81.300000000000000,0,0,0,0,0,0,0,0,0,0,0,0,0,0,0,0,0,0,0,0,0,0,0,0,0,0,0,0,0,0,0,0,0,0,0,0,0,0,0,0
2014,119,5,0.010000000000000000,306.18243130000002000,94,0,51.5000000000000000,6,97,6.4000000000000000,94,0.1000000000000000,7891.2997759999998000,953579.0000000000,2.8000000000000000,2.9000000000000000,0.75200000000000000,12.2000000000000000,72.500000000000000,0,0,0,0,0,0,0,0,0,0,0,0,0,0,0,0,0,0,0,0,0,0,0,0,0,0,0,0,0,0,0,0,0,0,0,0,0,0,0,0
2003,189,0,10.680000000000000000,0E-17,88,0,56.7000000000000000,0,93,5.6200000000000000,92,0.1000000000000000,null,null,2.6000000000000000,2.5000000000000000,0.78300000000000003,12.2000000000000000,73.200000000000000,0,0,0,0,0,0,0,0,0,0,0,0,0,0,0,0,0,0,0,0,0,0,0,0,0,0,0,0,0,0,0,0,0,0,0,0,0,0,0,0
2002,19,0,10.850000000000000000,0E-17,89,0,56.0000000000000000,0,93,5.2600000000000000,94,0.1000000000000000,null,null,2.6000000000000000,2.6000000000000000,0.78100000000000003,12.1000000000000000,73.099999999999994,0,0,0,0,0,0,0,0,0,0,0,0,0,0,0,0,0,0,0,0,0,0,0,0,0,0,0,0,0,0,0,0,0,0,0,0,0,0,0,0
2008,76,0,2.000000000000000000,231.54789120000001000,97,2,58.5000000000000000,0,97,3.1700000000000000,97,0.1000000000000000,2367.5653499999999000,null,6.0000000000000000,5.9000000000000000,0.81499999999999995,14.4000000000000000,75.800000000000000,0,0,0,0,0,0,0,0,0,0,0,0,0,0,0,0,0,0,0,0,0,0,0,0,0,0,0,0,0,0,0,0,0,0,0,0,0,0,0,0
2007,151,154,0.010000000000000000,46.36536703000000200,95,2924,13.5000000000000000,201,96,2.8000000000000000,94,0.1000000000000000,541.6514839999999800,147139191.0000000000,19.5000000000000000,2.1000000000000000,0.51300000000000001,8.6000000000000000,68.599999999999994,0,0,0,0,0,0,0,0,0,0,0,0,0,0,0,1,0,0,0,0,0,0,1,0,0,0,1,0,1,0,0,0,0,0,1,1,0,0,0,0
2006,115,0,8.390000000000000000,181.50008560000001000,84,0,47.7000000000000000,0,85,5.2700000000000000,84,0.1000000000000000,15646.5591000000000000,null,4.0000000000000000,3.9000000000000000,0.76600000000000001,14.8000000000000000,74.099999999999994,0,0,0,0,0,0,0,0,0,0,0,0,0,0,0,0,0,0,0,0,0,0,0,0,0,0,0,0,0,0,0,0,0,1,0,0,0,0,0,0
2003,95,0,11.280000000000000000,507.30616400000002000,64,44,59.4000000000000000,1,96,9.3000000000000007,95,0.1000000000000000,3743.9569299999998000,1376133.0000000000,0.8000000000000000,0.8000000000000000,0.87800000000000000,18.6000000000000010,78.300000000000000,0,0,0,0,0,0,0,0,0,0,0,0,0,0,0,0,0,0,0,0,0,0,0,0,0,0,0,0,0,0,0,0,0,0,0,0,0,0,0,0
2008,181,0,7.220000000000000000,51.25232421999999800,94,0,45.7000000000000000,0,94,5.9000000000000000,94,0.1000000000000000,447.2279600000000000,36165.0000000000,3.5000000000000000,3.4000000000000000,0.69899999999999995,12.8000000000000000,69.599999999999994,0,0,0,0,0,0,0,0,0,0,0,0,0,0,0,0,0,0,0,0,0,0,0,0,0,0,0,0,0,0,0,0,0,0,0,0,0,0,0,0
2002,199,0,4.990000000000000000,262.82991890000000000,97,0,42.0000000000000000,0,93,4.3800000000000000,89,0.1000000000000000,3556.5618250000002000,26226.0000000000,3.7000000000000000,3.6000000000000000,0.67800000000000005,11.9000000000000000,68.500000000000000,0,0,0,0,0,0,0,0,0,0,0,0,0,0,0,0,0,0,0,0,0,0,0,0,0,0,0,0,0,0,0,0,0,0,0,0,0,0,0,0
2000,196,0,4.790000000000000000,219.02398360000001000,76,0,4.8000000000000000,0,91,3.9800000000000000,91,0.3000000000000000,3364.4237109999999000,247315.0000000000,3.8000000000000000,3.7000000000000000,0.66800000000000004,11.7000000000000000,68.300000000000000,0,0,0,0,0,0,0,0,0,0,0,0,0,0,0,0,0,0,0,0,0,0,0,0,0,0,0,0,0,0,0,0,0,0,0,0,0,0,0,0
2003,273,1,0.520000000000000000,19.15664091000000000,95,0,15.5000000000000000,1,96,4.9000000000000004,95,0.2000000000000000,997.7417140999999700,623434.0000000000,18.3000000000000000,19.1000000000000010,0E-17,8.4000000000000000,63.300000000000000,0,0,0,0,0,0,0,0,0,0,0,0,0,0,0,1,1,0,0,0,0,0,0,0,0,0,0,0,0,0,0,0,0,0,0,1,1,1,0,0
2007,216,11,3.470000000000000000,0E-17,84,0,47.3000000000000000,14,85,4.9600000000000000,84,0.2000000000000000,null,null,1.3000000000000000,1.2000000000000000,0.62600000000000000,14.1000000000000000,66.800000000000000,0,0,0,0,0,0,0,0,0,0,0,0,0,0,0,0,0,0,0,0,0,0,0,0,0,0,0,0,0,0,0,0,0,0,0,0,0,0,0,0
2000,243,15,2.319999999999999800,0E-17,77,122,42.6000000000000000,20,74,5.6700000000000000,75,0.1000000000000000,null,null,1.5000000000000000,1.4000000000000000,0.60000000000000000,13.3000000000000000,62.600000000000000,0,0,0,0,0,0,0,0,0,0,0,0,0,0,0,0,0,0,0,0,0,0,0,0,0,0,0,0,0,0,0,0,0,0,0,0,0,0,0,0
2003,693,2,5.510000000000000000,299.36712519999998000,9,59,31.6000000000000000,4,96,4.6500000000000004,96,31.9000000000000000,4163.6596000000000000,184339.0000000000,1.9000000000000000,1.8000000000000000,0.56699999999999995,11.8000000000000000,46.400000000000000,0,1,0,0,0,1,0,0,0,0,0,0,1,0,0,0,0,0,0,0,0,1,0,0,0,1,0,0,0,0,0,0,1,0,0,0,0,0,0,0
2006,161,1,10.390000000000000000,508.63045879999999000,96,1,6.3000000000000000,1,96,6.6700000000000000,95,0.1000000000000000,4513.1362799999997000,76122.0000000000,2.2000000000000002,2.2000000000000002,0.75000000000000000,13.5000000000000000,72.200000000000000,0,0,0,0,0,0,0,0,0,0,0,0,0,0,0,0,0,0,0,0,0,0,0,0,0,0,0,0,0,0,0,0,0,0,0,0,0,0,0,0
2001,16,1,10.720000000000000000,25.06262895000000100,93,8,57.5000000000000000,1,94,7.2300000000000000,94,0.1000000000000000,1764.9738700000000000,89142.0000000000,2.4000000000000000,2.5000000000000000,0.71299999999999997,12.9000000000000000,71.599999999999994,0,0,0,0,0,0,0,0,0,0,0,0,0,0,0,0,0,0,0,0,0,0,0,0,0,0,0,0,0,0,0,0,0,0,0,0,0,0,0,0
2009,283,44,4.550000000000000000,81.14304705000000700,92,54118,16.1000000000000010,77,91,7.4100000000000000,92,1.1000000000000001,552.7455521000000500,1514199.0000000000,9.3000000000000007,8.8000000000000007,0.35599999999999998,5.9000000000000000,56.900000000000000,0,0,0,0,0,0,1,0,0,0,0,0,0,0,0,0,0,0,0,0,0,0,0,0,0,0,1,0,1,0,0,0,0,0,0,0,0,0,0,0
2015,288,21,null,0E-17,94,9,18.7000000000000000,31,94,null,94,0.7000000000000000,33.6812230000000030,119927.0000000000,7.3000000000000000,7.2000000000000000,0.40600000000000003,10.6000000000000000,59.600000000000000,0,0,0,0,0,0,0,0,0,0,0,0,0,0,0,0,0,0,0,0,0,0,0,0,0,0,0,0,0,0,0,0,0,0,0,0,0,0,0,0
2008,35,23,4.330000000000000000,15.99415192000000000,92,173,15.2000000000000000,35,89,7.8600000000000000,92,2.9000000000000000,196.2472627999999900,8212264.0000000000,7.9000000000000000,7.9000000000000000,0.31900000000000001,7.9000000000000000,55.300000000000000,0,0,0,0,0,0,0,0,0,0,0,0,0,0,0,0,0,0,0,0,0,0,0,0,0,0,0,0,0,0,0,0,1,0,0,0,0,0,0,0
2004,378,24,5.720000000000000000,11.22655347000000100,83,2,13.8000000000000000,38,76,7.1000000000000000,83,4.8000000000000000,127.4296648000000000,7182451.0000000000,8.4000000000000000,8.4000000000000000,0.27900000000000003,5.2000000000000000,52.600000000000000,0,0,0,0,0,0,0,0,0,0,0,0,0,0,0,0,0,0,0,0,0,0,0,0,0,0,0,0,0,0,0,0,1,0,0,0,0,0,0,0
2001,467,65,3.150000000000000000,0E-17,1,5790,19.8999999999999990,94,7,4.8499999999999996,66,7.0000000000000000,null,null,7.9000000000000000,7.9000000000000000,null,null,47.800000000000000,0,0,0,0,0,1,0,0,0,1,0,0,0,0,0,0,0,0,0,0,0,1,1,0,0,1,1,0,1,1,0,0,1,0,0,0,0,0,0,0
2014,117,0,0.010000000000000000,414.02424180000003000,97,0,3.5000000000000000,0,95,4.7600000000000000,95,0.2000000000000000,3529.6184300000000000,526437.0000000000,6.8000000000000000,6.7000000000000000,0.64300000000000002,13.5000000000000000,73.000000000000000,0,0,0,0,0,0,0,0,0,0,0,0,0,0,0,0,0,0,0,0,0,0,0,0,0,0,0,0,0,0,0,0,0,0,0,0,0,0,0,0
2014,366,47,0.010000000000000000,61.39263642000000200,87,831,28.4000000000000000,71,86,4.0999999999999996,87,3.7000000000000000,1441.1416999999999000,2223994.0000000000,5.7000000000000000,5.7000000000000000,0.50700000000000001,10.4000000000000000,56.700000000000000,0,0,0,0,0,0,0,0,0,0,0,0,0,0,0,0,0,0,0,0,0,0,0,0,0,0,0,0,1,0,0,0,1,0,0,0,0,0,0,0
2007,74,2,8.300000000000000700,7946.74358099999970000,14,101,62.5000000000000000,2,9,9.8300000000000000,94,0.1000000000000000,44544.5268000000000000,32887928.0000000000,0.5000000000000000,0.4000000000000000,0.89400000000000002,15.8000000000000000,85.000000000000000,0,0,0,0,1,1,0,0,0,1,0,0,0,0,0,0,0,0,0,0,0,0,0,0,1,1,0,0,0,1,0,0,0,1,1,0,0,0,0,0
2001,54,17,1.520000000000000000,33.65315696999999800,92,2837,16.8000000000000000,25,4,3.9500000000000000,4,13.9000000000000000,243.1586485999999900,383223.0000000000,1.4000000000000000,1.4000000000000000,0.31400000000000000,5.3000000000000000,45.600000000000000,0,0,0,0,0,0,0,0,0,1,0,1,0,0,0,0,0,0,0,0,0,0,0,0,0,0,1,0,0,1,0,1,1,0,0,0,0,0,0,0
2015,85,157,null,0E-17,99,42361,32.9000000000000000,183,99,null,99,0.1000000000000000,869.2119380000000300,137122.0000000000,3.6000000000000000,2.9000000000000000,0.73399999999999999,13.5000000000000000,76.099999999999994,0,0,0,0,0,0,1,0,0,0,0,0,0,0,0,0,0,0,0,0,0,0,1,0,0,0,1,0,1,0,0,0,0,0,0,0,0,0,0,0
2011,144,12,4.370000000000000000,184.30736180000000000,85,6,55.0000000000000000,14,85,6.6400000000000000,85,0.1000000000000000,7227.7396799999997000,4646646.0000000000,2.2000000000000002,2.0000000000000000,0.70000000000000000,13.0000000000000000,74.200000000000000,0,0,0,0,0,0,0,0,0,0,0,0,0,0,0,0,0,0,0,0,0,0,0,0,0,0,0,0,0,0,0,0,0,0,0,0,0,0,0,0
2000,167,18,4.660000000000000000,477.13418139999999000,78,1,46.7000000000000000,21,82,5.9100000000000000,79,0.1000000000000000,2472.1978310000000000,443958.0000000000,2.6000000000000000,2.2999999999999998,0.65000000000000000,11.3000000000000000,71.400000000000006,0,0,0,0,0,0,0,0,0,0,0,0,0,0,0,0,0,0,0,0,0,0,0,0,0,0,0,0,0,0,0,0,0,0,0,0,0,0,0,0
2012,97,1,3.340000000000000000,2568.23705900000000000,91,0,57.5000000000000000,1,9,9.5600000000000000,91,0.1000000000000000,9985.3695900000002000,4654122.0000000000,1.8000000000000000,1.7000000000000000,0.75800000000000001,13.6000000000000000,79.200000000000000,0,0,0,0,0,0,0,0,0,1,0,0,0,0,0,0,0,0,0,0,0,0,0,0,1,0,0,0,0,1,0,0,0,0,0,0,0,0,0,0
2008,116,0,12.060000000000000000,2425.40389099999990000,97,51,59.4000000000000000,0,96,7.7000000000000000,96,0.1000000000000000,15893.8655999999990000,443458.0000000000,1.7000000000000000,1.7000000000000000,0.80000000000000000,14.3000000000000000,76.000000000000000,0,0,0,0,0,0,0,0,0,0,0,0,0,0,0,0,0,0,0,0,0,0,0,0,1,0,0,0,0,0,0,0,0,1,0,0,0,0,0,0
2006,14,1,4.170000000000000000,523.47242840000001000,89,0,54.6000000000000000,1,99,7.6700000000000000,89,0.1000000000000000,4669.6916000000001000,null,3.4000000000000000,3.2000000000000000,0.73199999999999998,14.7000000000000000,78.000000000000000,0,0,0,0,0,0,0,0,0,0,0,0,0,0,0,0,0,0,0,0,0,0,0,0,0,0,0,0,0,0,0,0,0,0,0,0,0,0,0,0
2004,165,11,3.130000000000000000,0E-17,98,0,27.2000000000000000,14,99,null,72,0.1000000000000000,null,null,5.7000000000000000,5.7000000000000000,null,null,68.400000000000006,0,0,0,0,0,0,0,0,0,0,0,0,0,0,0,0,0,0,0,0,0,0,0,0,0,0,0,0,0,0,0,0,0,0,0,0,0,0,0,0
2015,71,0,null,0E-17,92,9,58.8000000000000000,0,93,null,93,0.1000000000000000,5314.6441599999998000,5683483.0000000000,1.1000000000000001,0.9000000000000000,0.92300000000000004,19.2000000000000000,86.000000000000000,0,0,0,0,0,0,0,0,0,0,0,0,0,0,0,0,0,0,0,0,0,0,0,0,0,0,0,0,0,0,0,0,0,0,0,0,0,0,0,0
2002,14,0,11.340000000000000000,4801.54612499999980000,92,32,53.3000000000000000,0,98,9.3300000000000000,98,0.1000000000000000,33228.6929099999980000,5375931.0000000000,1.2000000000000000,1.0000000000000000,0.87500000000000000,16.6000000000000010,77.000000000000000,0,0,0,0,0,0,0,0,0,0,0,0,0,0,0,0,0,0,0,0,0,0,0,0,1,0,0,0,0,0,0,0,0,1,0,0,0,0,0,0
2009,137,7,3.870000000000000000,282.14400660000001000,91,0,5.0000000000000000,8,91,5.5800000000000000,94,0.1000000000000000,4255.5657099999999000,14691275.0000000000,1.3000000000000000,1.2000000000000000,0.70199999999999996,13.1000000000000000,75.099999999999994,0,0,0,0,0,0,0,0,0,0,0,0,0,0,0,0,0,0,0,0,0,0,0,0,0,0,0,0,0,0,0,0,0,0,0,0,0,0,0,0
2015,159,51,null,0E-17,93,5432,61.1000000000000000,60,93,null,93,0.1000000000000000,null,null,2.8000000000000000,2.8000000000000000,0.68799999999999994,13.1000000000000000,79.000000000000000,0,0,0,0,0,0,0,0,0,0,0,0,0,0,0,0,0,0,0,0,0,0,0,0,0,0,1,0,0,0,0,0,0,0,0,0,0,0,0,0
2010,339,3,9.930000000000000000,1192.69661900000010000,92,0,22.1000000000000000,4,59,3.8400000000000000,44,7.2000000000000000,17136.4456800000010000,95114.0000000000,9.0000000000000000,9.0000000000000000,0.58899999999999997,9.1999999999999993,56.100000000000000,0,0,0,0,0,0,0,0,0,0,0,0,0,0,0,0,0,0,0,0,0,0,0,0,1,0,0,0,0,0,0,1,1,1,0,0,0,0,0,0
2010,2,0,2.250000000000000000,62.08343533000000000,99,0,58.7000000000000000,0,99,4.2300000000000004,99,0.1000000000000000,3651.9667840000002000,85995.0000000000,4.0000000000000000,3.7000000000000000,0.70599999999999996,14.6000000000000000,69.099999999999994,0,0,0,0,0,0,0,0,0,0,0,0,0,0,0,0,0,0,0,0,0,0,0,0,0,0,0,0,0,0,0,0,0,0,0,0,0,0,0,0
2008,94,0,10.260000000000000000,678.88112000000001000,92,5,59.4000000000000000,0,97,8.3500000000000000,99,0.1000000000000000,5341.3148700000002000,5313399.0000000000,0.9000000000000000,0.8000000000000000,0.87600000000000000,17.1000000000000010,79.599999999999994,0,0,0,0,0,0,0,0,0,0,0,0,0,0,0,0,0,0,0,0,0,0,0,0,0,0,0,0,0,0,0,0,0,0,0,0,0,0,0,0
2006,96,0,10.150000000000000000,524.77752269999996000,92,0,58.6000000000000000,0,97,8.3800000000000008,97,0.1000000000000000,4112.6765100000002000,5266268.0000000000,0.9000000000000000,0.8000000000000000,0.86899999999999999,17.2000000000000000,79.200000000000000,0,0,0,0,0,0,0,0,0,0,0,0,0,0,0,0,0,0,0,0,0,0,0,0,0,0,0,0,0,0,0,0,0,0,0,0,0,0,0,0
2007,89,3,12.200000000000000000,64.73714893999999700,42,39,58.6000000000000000,3,99,1.4500000000000000,98,0.1000000000000000,416.5839700000000200,6416229.0000000000,0.6000000000000000,0.6000000000000000,0.87300000000000000,16.1000000000000010,89.000000000000000,0,0,0,0,0,0,0,0,0,0,0,0,0,0,0,0,0,0,0,0,0,0,0,0,0,1,0,0,0,0,0,0,0,0,0,0,0,0,0,0
2013,255,2,8.860000000000000000,154.87588790000001000,79,122,35.2000000000000030,3,77,3.9800000000000000,79,3.7000000000000000,9679.7429950000005000,1817271.0000000000,6.2000000000000000,6.1000000000000000,0.67800000000000005,12.5000000000000000,64.599999999999994,0,0,0,0,0,0,0,0,0,0,0,0,0,0,0,0,0,0,0,0,0,0,0,0,0,0,0,0,0,0,0,0,1,0,0,0,0,0,0,0
2008,287,3,2.790000000000000000,0E-17,98,0,22.8000000000000000,6,96,5.9500000000000000,96,3.0000000000000000,null,null,8.6000000000000000,8.5000000000000000,0.42599999999999999,8.6000000000000000,58.700000000000000,0,0,0,0,0,0,0,0,0,0,0,0,0,0,0,0,0,0,0,0,0,0,0,0,0,0,0,0,0,0,0,0,1,0,0,0,0,0,0,0
2000,321,88,0.010000000000000000,10.42496000000000000,62,6532,12.2000000000000000,122,24,8.1999999999999993,24,0.1000000000000000,114.5600000000000000,293756.0000000000,2.2999999999999998,2.5000000000000000,0.33800000000000002,5.5000000000000000,54.800000000000000,0,0,0,0,0,0,0,0,0,0,0,0,0,0,0,0,0,0,0,0,0,0,1,0,0,0,1,0,1,1,0,1,0,0,0,0,0,0,0,0
2015,74,0,4.599999999999999600,364.97522870000000000,99,0,58.0000000000000000,0,99,6.0000000000000000,99,0.1000000000000000,3954.2278299999998000,28873.0000000000,1.2000000000000000,1.3000000000000000,0.76200000000000001,14.2000000000000000,77.800000000000000,0,0,0,0,0,0,0,0,0,0,0,0,0,0,0,0,0,0,0,0,0,0,0,0,0,0,0,0,0,0,0,0,0,0,0,0,0,0,0,0
2000,11,1,3.660000000000000000,91.71154052000000000,96,662,45.0000000000000000,1,97,6.2600000000000000,97,0.1000000000000000,1175.7889809999999000,38927.0000000000,2.1000000000000000,2.2000000000000002,0.65600000000000003,10.7000000000000000,72.599999999999994,0,0,0,0,0,0,0,0,0,0,0,0,0,0,0,0,0,0,0,0,0,0,0,0,0,0,0,0,0,0,0,0,0,0,0,0,0,0,0,0
2007,129,20,0.440000000000000000,320.32392410000000000,9,0,5.8000000000000000,23,95,3.8200000000000000,95,0.1000000000000000,3935.1833430000001000,34376.0000000000,6.0000000000000000,5.9000000000000000,0.69000000000000000,12.3000000000000000,73.800000000000000,0,0,0,0,0,1,0,0,0,0,0,0,0,0,0,0,0,0,0,0,0,0,0,0,0,1,0,0,0,0,0,0,0,0,0,0,0,0,0,0
2004,14,19,0.450000000000000000,220.39369900000000000,81,3289,47.9000000000000000,23,86,3.5400000000000000,86,0.1000000000000000,2598.9823000000001000,3283196.0000000000,6.2000000000000000,6.1000000000000000,0.67300000000000004,11.7000000000000000,72.300000000000000,0,0,0,0,0,0,0,0,0,0,0,0,0,0,0,0,0,0,0,0,0,0,0,0,0,0,1,0,0,0,0,0,0,0,0,0,0,0,0,0
2015,13,0,null,0E-17,99,0,47.7000000000000000,0,86,null,99,0.2000000000000000,13566.9541000000010000,null,3.3000000000000000,3.3000000000000000,0.78400000000000003,13.9000000000000000,76.400000000000006,0,0,0,0,0,0,0,0,0,0,0,0,0,0,0,0,0,0,0,0,0,0,0,0,0,0,0,0,0,0,0,0,0,0,0,0,0,0,0,0
2011,63,1,10.300000000000000000,10986.26527000000000000,92,190,64.4000000000000060,1,92,9.1999999999999993,92,0.1000000000000000,62245.1290000000010000,223424.0000000000,0.6000000000000000,0.6000000000000000,0.92700000000000005,19.8000000000000000,82.000000000000000,0,0,0,0,1,0,0,0,0,0,0,0,0,1,0,0,0,0,0,0,0,0,0,0,1,0,0,0,0,0,0,0,0,1,0,0,0,0,0,0
2002,73,1,9.840000000000000000,46.38718190000000200,95,32,59.6000000000000000,2,92,8.3900000000000000,92,0.1000000000000000,281.8176300000000100,196514.0000000000,0.7000000000000000,0.7000000000000000,0.90200000000000002,20.1000000000000010,79.900000000000006,0,0,0,0,0,0,0,0,0,0,0,0,0,0,0,0,0,0,0,0,0,0,0,0,0,0,0,0,0,0,0,0,0,0,0,0,0,0,0,0
2000,78,1,10.170000000000000000,347.18736000000001000,92,108,58.2000000000000000,2,9,8.8000000000000007,9,0.1000000000000000,2169.9209999999998000,19153.0000000000,0.7000000000000000,0.7000000000000000,0.89700000000000002,20.3999999999999990,79.500000000000000,0,0,0,0,0,0,0,0,0,1,0,1,0,0,0,0,0,0,0,0,0,0,0,0,0,0,0,0,0,1,0,1,0,0,0,0,0,0,0,0
2011,76,0,1.660000000000000000,197.77346810000000000,99,0,6.8000000000000000,0,99,3.4000000000000000,99,0.1000000000000000,2281.1242000000002000,null,6.1000000000000000,6.0000000000000000,0.81200000000000006,14.4000000000000000,76.099999999999994,0,0,0,0,0,0,0,0,0,0,0,0,0,0,0,0,0,0,0,0,0,0,0,0,0,0,0,0,0,0,0,0,0,0,0,0,0,0,0,0
2009,74,0,1.950000000000000000,332.93476459999999000,98,3,59.3000000000000000,0,97,3.7900000000000000,98,0.1000000000000000,19356.6723600000000000,null,6.0000000000000000,5.9000000000000000,0.81399999999999995,14.4000000000000000,76.000000000000000,0,0,0,0,0,0,0,0,0,0,0,0,0,0,0,0,0,0,0,0,0,0,0,0,0,0,0,0,0,0,0,0,0,1,0,0,0,0,0,0
2005,155,174,0.010000000000000000,38.05462002000000200,45,25934,12.5000000000000000,231,94,2.6800000000000000,93,0.1000000000000000,484.1554709999999800,14343111.0000000000,19.8999999999999990,2.5000000000000000,0.49900000000000000,8.1999999999999993,67.800000000000000,0,0,0,0,0,0,0,0,0,0,0,0,0,0,0,1,0,0,0,0,0,0,1,0,0,1,1,0,1,0,0,0,0,0,0,1,0,0,0,0
2001,168,219,0.010000000000000000,3.39506978100000010,92,4414,1.8000000000000000,298,85,2.4700000000000002,85,0.1000000000000000,42.5981152000000020,1341716.0000000000,2.7000000000000000,21.3000000000000000,0.46800000000000003,7.5000000000000000,65.800000000000000,0,0,0,0,0,0,0,0,0,0,0,0,0,0,0,0,1,0,0,0,0,0,1,0,0,0,1,0,1,0,0,0,0,0,0,0,1,0,0,0
2002,262,1,12.230000000000000000,145.42336290000000000,99,14,55.3000000000000000,1,99,6.4700000000000000,99,0.1000000000000000,1479.3831419999999000,9865548.0000000000,2.5000000000000000,2.7000000000000000,0.68700000000000006,13.6000000000000000,67.200000000000000,0,0,0,0,0,0,0,0,0,0,0,0,0,0,0,0,0,0,0,0,0,0,0,0,0,0,0,0,0,0,0,0,0,0,0,0,0,0,0,0
2011,8,0,10.110000000000000000,713.52973540000005000,97,576,62.3000000000000000,1,98,1.4200000000000000,98,0.1000000000000000,4772.7741500000002000,1147744.0000000000,0.9000000000000000,0.9000000000000000,0.88400000000000001,16.1000000000000010,83.000000000000000,0,0,0,0,0,0,0,0,0,0,0,0,0,0,0,0,0,0,0,0,0,0,0,0,0,0,0,0,0,0,0,0,0,0,0,0,0,0,0,0
2000,11,1,11.210000000000000000,287.20845290000000000,6,0,58.1000000000000000,1,96,8.1199999999999992,95,0.1000000000000000,2327.4591000000000000,125125.0000000000,0.8000000000000000,0.8000000000000000,0.86899999999999999,18.0000000000000000,77.599999999999994,0,0,0,0,0,1,0,0,0,0,0,0,0,0,0,0,0,0,0,0,0,0,0,0,0,1,0,0,0,0,0,0,0,0,0,0,0,0,0,0
2015,175,0,null,0E-17,94,0,5.9000000000000000,0,94,null,94,0.2000000000000000,4849.9974949999996000,359288.0000000000,3.5000000000000000,3.4000000000000000,0.70599999999999996,12.8000000000000000,71.000000000000000,0,0,0,0,0,0,0,0,0,0,0,0,0,0,0,0,0,0,0,0,0,0,0,0,0,0,0,0,0,0,0,0,0,0,0,0,0,0,0,0
2014,216,0,0.010000000000000000,209.39213440000000000,99,0,23.6000000000000000,1,98,3.5700000000000000,99,0.5000000000000000,2522.7968000000001000,776448.0000000000,15.7000000000000000,16.2000000000000000,0.59599999999999997,12.5000000000000000,69.400000000000006,0,0,0,0,0,0,0,0,0,0,0,0,0,0,0,0,0,0,0,0,0,0,0,0,0,0,0,0,0,0,0,0,0,0,0,1,1,0,0,0
2006,245,1,0.289999999999999980,169.20239680000000000,95,2,17.3999999999999990,1,96,5.2700000000000000,95,0.3000000000000000,1335.4569600000000000,672228.0000000000,17.5000000000000000,18.3000000000000000,0E-17,9.6000000000000000,65.800000000000000,0,0,0,0,0,0,0,0,0,0,0,0,0,0,0,0,0,0,0,0,0,0,0,0,0,0,0,0,0,0,0,0,0,0,0,1,1,1,0,0
2000,312,1,0.170000000000000000,93.35872843999999300,98,418,13.9000000000000000,1,98,6.9100000000000000,92,0.1000000000000000,765.8632357999999800,573416.0000000000,19.2000000000000000,19.8999999999999990,0E-17,7.3000000000000000,62.000000000000000,0,0,0,0,0,0,0,0,0,0,0,0,0,0,0,1,1,0,0,0,0,0,0,0,0,0,0,0,0,0,0,0,0,0,0,1,1,1,0,0
2013,192,8,3.780000000000000000,0E-17,94,0,51.2000000000000000,10,95,5.9600000000000000,94,0.1000000000000000,null,null,1.2000000000000000,1.1000000000000001,0.66100000000000003,13.8000000000000000,71.000000000000000,0,0,0,0,0,0,0,0,0,0,0,0,0,0,0,0,0,0,0,0,0,0,0,0,0,0,0,0,0,0,0,0,0,0,0,0,0,0,0,0
2011,198,9,3.930000000000000000,0E-17,95,0,49.9000000000000000,11,95,5.4900000000000000,95,0.2000000000000000,null,null,1.2000000000000000,1.1000000000000001,0.64900000000000002,13.8000000000000000,69.300000000000000,0,0,0,0,0,0,0,0,0,0,0,0,0,0,0,0,0,0,0,0,0,0,0,0,0,0,0,0,0,0,0,0,0,0,0,0,0,0,0,0
2001,238,14,2.200000000000000200,0E-17,77,0,43.3000000000000000,19,71,6.3100000000000000,71,0.1000000000000000,null,null,1.5000000000000000,1.4000000000000000,0.60699999999999998,13.7000000000000000,63.300000000000000,0,0,0,0,0,0,0,0,0,0,0,0,0,0,0,0,0,0,0,0,0,0,0,0,0,0,0,0,0,0,0,0,0,0,0,0,0,0,0,0
2012,92,0,4.610000000000000300,693.82264610000004000,92,22,54.2000000000000000,0,87,9.9400000000000000,92,0.1000000000000000,4716.6733249999997000,36482.0000000000,2.5000000000000000,2.5000000000000000,0.72799999999999998,13.9000000000000000,76.800000000000000,0,0,0,0,0,0,0,0,0,0,0,0,0,0,0,0,0,0,0,0,0,0,0,0,0,0,0,0,0,0,0,0,0,0,0,0,0,0,0,0
2006,1,0,4.820000000000000000,38.25414064999999700,9,17,51.0000000000000000,0,91,8.2799999999999994,87,0.1000000000000000,344.3216980000000300,3779468.0000000000,2.9000000000000000,2.8000000000000000,0.69699999999999995,12.7000000000000000,75.700000000000000,0,0,0,0,0,1,0,0,0,0,0,0,0,0,0,0,0,0,0,0,0,0,0,0,0,1,0,0,0,0,0,0,0,0,0,0,0,0,0,0
2006,491,2,6.450000000000000000,76.31867911000000500,93,6,33.2000000000000030,3,96,4.9300000000000000,96,14.4000000000000000,5374.5548669999998000,1884238.0000000000,9.6000000000000000,9.4000000000000000,0.61000000000000000,11.9000000000000000,54.800000000000000,0,0,0,0,0,0,0,0,0,0,0,0,0,0,0,0,0,0,0,0,0,1,0,0,0,0,0,0,0,0,0,0,1,0,0,0,0,0,0,0
2004,17,81,6.850000000000000000,186.60904850000000000,96,0,46.9000000000000000,93,99,7.7000000000000000,99,0.1000000000000000,3623.4766700000000000,184738458.0000000000,3.2000000000000000,3.2000000000000000,0.69499999999999995,14.0000000000000000,72.000000000000000,0,0,0,0,0,0,0,0,0,0,0,0,0,0,0,0,0,0,0,0,0,0,1,0,0,0,0,0,1,0,0,0,0,0,1,0,0,0,0,0
2002,338,49,4.530000000000000000,3.19556683099999980,92,1744,12.9000000000000000,93,69,5.2600000000000000,69,3.2000000000000000,26.7635413000000000,122931.0000000000,11.0000000000000000,1.6000000000000000,0E-17,3.6000000000000000,51.000000000000000,0,0,0,0,0,0,0,0,0,0,0,0,0,0,0,0,0,0,0,0,0,0,0,0,0,0,1,0,1,0,0,0,1,0,0,0,0,1,1,0
2014,297,22,0.010000000000000000,41.25159038000000300,95,0,18.2000000000000000,32,95,7.5400000000000000,95,0.7000000000000000,312.7489794000000000,989179.0000000000,7.4000000000000000,7.3000000000000000,0.40400000000000003,10.6000000000000000,59.100000000000000,0,0,0,0,0,0,0,0,0,0,0,0,0,0,0,0,0,0,0,0,0,0,0,0,0,0,0,0,0,0,0,0,0,0,0,0,0,0,0,0
2015,397,57,null,0E-17,83,65,28.0000000000000000,79,81,null,83,1.9000000000000000,null,null,5.5000000000000000,5.5000000000000000,null,null,53.300000000000000,0,0,0,0,0,0,0,0,0,0,0,0,0,0,0,0,0,0,0,0,0,0,1,0,0,0,0,0,1,0,0,0,1,0,0,0,0,0,0,0
2010,123,0,4.750000000000000000,286.89073029999997000,98,0,27.5000000000000000,0,99,4.8300000000000000,99,0.4000000000000000,3312.8259849999999000,52384.0000000000,7.4000000000000000,7.4000000000000000,0.62700000000000000,12.7000000000000000,72.500000000000000,0,0,0,0,0,0,0,0,0,0,0,0,0,0,0,0,0,0,0,0,0,0,0,0,0,0,0,0,0,0,0,0,0,0,0,0,0,0,0,0
2002,148,0,3.820000000000000000,155.20726690000001000,4,0,22.6000000000000000,0,92,5.1700000000000000,91,0.8000000000000000,1373.5156360000001000,45216.0000000000,9.1999999999999993,9.1000000000000000,0.56899999999999995,11.3000000000000000,77.000000000000000,0,0,0,0,0,1,0,0,0,0,0,0,0,0,0,0,0,0,0,0,0,0,0,0,0,1,0,0,0,0,0,0,0,0,0,0,0,0,0,0
2007,24,16,2.080000000000000000,57.73516710999999900,82,394,14.8000000000000000,20,82,3.7500000000000000,82,0.9000000000000000,631.6757890000000100,13676693.0000000000,11.3000000000000000,11.5000000000000000,0.49500000000000000,10.3000000000000000,65.000000000000000,0,0,0,0,0,0,0,0,0,0,0,0,0,0,0,0,0,0,0,0,0,0,0,0,0,0,0,0,0,0,0,0,0,0,0,0,0,0,0,0
2007,395,57,5.440000000000000000,7.56289292199999960,82,100,24.4000000000000000,89,81,4.7600000000000000,82,7.0000000000000000,111.7118600000000000,18395389.0000000000,6.6000000000000000,6.6000000000000000,0.45600000000000002,8.0000000000000000,53.600000000000000,0,0,0,0,0,0,0,0,0,0,0,0,0,0,0,0,0,0,0,0,0,0,1,0,0,0,0,0,1,0,0,0,1,0,1,0,0,0,0,0
2011,68,2,8.199999999999999300,971.92803839999999000,7,803,64.7000000000000000,2,87,1.8200000000000000,87,0.1000000000000000,5282.2175999999999000,3434278.0000000000,0.5000000000000000,0.5000000000000000,0.90300000000000002,15.9000000000000000,81.500000000000000,0,0,0,0,0,1,0,0,0,0,0,0,0,0,0,0,0,0,0,0,0,0,0,0,0,1,0,0,0,0,0,0,0,0,0,0,0,0,0,0
2008,477,17,1.520000000000000000,67.34137527999999400,92,12,19.3999999999999990,25,46,4.3000000000000000,45,8.3000000000000007,456.8614334000000100,4345386.0000000000,9.3000000000000007,9.1999999999999993,0.33800000000000002,6.3000000000000000,47.600000000000000,0,0,0,0,0,0,0,0,0,0,0,0,0,0,0,0,0,0,0,0,0,1,0,0,0,0,0,0,0,1,0,1,1,0,0,0,0,0,0,0
2003,51,17,1.490000000000000000,46.11619440999999900,92,652,17.5000000000000000,26,44,4.3099999999999996,47,12.8000000000000000,286.2581900000000100,3981665.0000000000,1.0000000000000000,1.1000000000000001,0.31600000000000000,5.6000000000000000,45.700000000000000,0,0,0,0,0,0,0,0,0,0,0,0,0,0,0,0,0,0,0,0,0,0,0,0,0,0,0,0,0,1,0,1,1,0,0,0,0,0,0,0
2013,84,2,7.200000000000000000,2442.22205399999980000,9,0,62.5000000000000000,2,9,7.5300000000000000,91,0.1000000000000000,15941.3972200000010000,17462982.0000000000,0.8000000000000000,0.8000000000000000,0.83099999999999996,15.6000000000000000,81.000000000000000,0,0,0,0,0,1,0,0,0,1,0,0,0,0,0,0,0,0,0,0,0,0,0,0,1,1,0,0,0,1,0,0,0,1,1,0,0,0,0,0
2004,11,360,3.040000000000000000,1.58668462000000000,79,70549,23.4000000000000000,427,87,4.7200000000000000,87,0.1000000000000000,158.6684620000000100,129675.0000000000,5.0999999999999996,4.5999999999999996,0.62200000000000000,10.1999999999999990,73.500000000000000,0,0,0,0,0,0,1,0,0,0,0,0,0,0,0,0,0,0,0,0,0,0,1,0,0,0,1,0,1,0,0,0,0,0,0,0,0,0,0,0
2011,241,2,0.120000000000000000,59.65964970000000300,83,3,22.1000000000000000,2,85,6.1000000000000000,83,0.2000000000000000,829.7586884999999500,76569.0000000000,7.0000000000000000,6.8000000000000000,0.47899999999999998,10.6000000000000000,62.200000000000000,0,0,0,0,0,0,0,0,0,0,0,0,0,0,0,0,0,0,0,0,0,0,0,0,0,0,0,0,0,0,0,0,0,0,0,0,0,0,0,0
2010,246,2,0.150000000000000000,47.30421873000000200,74,0,21.6000000000000000,2,82,5.8200000000000000,74,0.1000000000000000,769.1742882999999400,689692.0000000000,7.1000000000000000,6.9000000000000000,0.47599999999999998,10.5000000000000000,61.800000000000000,0,0,0,0,0,0,0,0,0,0,0,0,0,0,0,0,0,0,0,0,0,0,0,0,0,0,0,0,0,0,0,0,0,0,0,0,0,0,0,0
2013,142,0,0.010000000000000000,0E-17,98,0,82.8000000000000000,0,98,3.5800000000000000,98,0.1000000000000000,null,null,0.1000000000000000,0.1000000000000000,null,null,null,0,0,0,0,0,0,0,0,0,0,0,0,0,0,0,0,0,0,0,0,0,0,0,0,0,0,0,0,0,0,0,0,0,0,0,0,0,0,0,0
2006,113,0,11.830000000000000000,1555.65198600000010000,92,1,58.1000000000000000,0,96,6.9500000000000000,96,0.1000000000000000,11363.4184499999990000,444.0000000000,1.8000000000000000,1.8000000000000000,0.78300000000000003,13.9000000000000000,75.900000000000006,0,0,0,0,0,0,0,0,0,0,0,0,0,0,0,0,0,0,0,0,0,0,0,0,1,0,0,0,0,0,0,0,0,0,0,0,0,0,0,0
2004,114,0,13.110000000000000000,1116.39650200000010000,92,54,56.9000000000000000,0,96,6.5600000000000000,96,0.1000000000000000,9365.7424680000004000,4439.0000000000,1.9000000000000000,1.9000000000000000,0.77100000000000002,13.3000000000000000,75.400000000000006,0,0,0,0,0,0,0,0,0,0,0,0,0,0,0,0,0,0,0,0,0,0,0,0,1,0,0,0,0,0,0,0,0,0,0,0,0,0,0,0
2008,62,0,12.010000000000000000,239.64099379999999000,93,1,56.8000000000000000,0,97,6.8900000000000000,97,0.1000000000000000,3539.7487999999998000,181563.0000000000,0.9000000000000000,1.0000000000000000,0.84399999999999997,13.7000000000000000,79.099999999999994,0,0,0,0,0,0,0,0,0,0,0,0,0,0,0,0,0,0,0,0,0,0,0,0,0,0,0,0,0,0,0,0,0,0,0,0,0,0,0,0
2004,98,0,11.270000000000000000,6948.83986800000000000,92,0,54.4000000000000000,0,95,9.6700000000000000,95,0.1000000000000000,46511.6457000000010000,544523.0000000000,1.2000000000000000,1.0000000000000000,0.89300000000000002,16.5000000000000000,77.700000000000000,0,0,0,0,1,0,0,0,0,0,0,0,0,0,0,0,0,0,0,0,0,0,0,0,1,0,0,0,0,0,0,0,0,1,0,0,0,0,0,0
2015,152,6,null,0E-17,81,0,58.9000000000000000,7,87,null,85,0.3000000000000000,6468.4716479999997000,1528394.0000000000,3.3000000000000000,3.2000000000000000,0.71799999999999997,13.2000000000000000,73.900000000000006,0,0,0,0,0,0,0,0,0,0,0,0,0,0,0,0,0,0,0,0,0,0,0,0,0,0,0,0,0,0,0,0,0,0,0,0,0,0,0,0
2004,148,8,3.650000000000000000,16.37920404999999800,88,0,46.5000000000000000,9,9,6.2200000000000000,88,0.3000000000000000,278.5578919999999800,1359647.0000000000,1.5000000000000000,1.3000000000000000,0.68200000000000005,12.7000000000000000,74.400000000000006,0,0,0,0,0,0,0,0,0,1,0,0,0,0,0,0,0,0,0,0,0,0,0,0,0,0,0,0,0,1,0,0,0,0,0,0,0,0,0,0
2012,165,54,0.230000000000000000,0E-17,93,245,58.6000000000000000,64,93,5.2900000000000000,93,0.1000000000000000,null,null,2.9000000000000000,2.8000000000000000,0.67300000000000004,12.4000000000000000,72.000000000000000,0,0,0,0,0,0,0,0,0,0,0,0,0,0,0,0,0,0,0,0,0,0,1,0,0,0,0,0,0,0,0,0,0,0,0,0,0,0,0,0
2006,175,55,0.180000000000000000,0E-17,98,953,54.2000000000000000,66,98,5.2400000000000000,98,0.1000000000000000,null,null,3.2000000000000000,3.1000000000000000,0.63600000000000001,11.5000000000000000,69.500000000000000,0,0,0,0,0,0,0,0,0,0,0,0,0,0,0,0,0,0,0,0,0,0,1,0,0,0,1,0,1,0,0,0,0,0,0,0,0,0,0,0
2006,211,3,2.770000000000000000,57.74562628999999700,96,0,5.0999999999999996,3,96,6.6800000000000000,96,0.2000000000000000,362.9517680000000200,656478.0000000000,1.8000000000000000,1.7000000000000000,0.65100000000000002,12.9000000000000000,75.000000000000000,0,0,0,0,0,0,0,0,0,0,0,0,0,0,0,0,0,0,0,0,0,0,0,0,0,0,0,0,0,0,0,0,0,0,0,0,0,0,0,0
2014,32,3,0.010000000000000000,13.40477417000000000,2,13,24.0000000000000000,4,24,3.8000000000000000,2,4.4000000000000004,192.5973300000000000,1129424.0000000000,8.5000000000000000,8.4000000000000000,0.58199999999999996,9.1999999999999993,57.900000000000000,0,0,0,0,0,1,0,0,0,0,0,1,0,0,0,0,0,0,0,0,0,0,0,0,0,1,0,0,0,1,0,1,1,0,0,0,0,0,0,0
2011,344,3,10.990000000000000000,1493.05127700000000000,92,0,22.6000000000000000,4,39,3.2900000000000000,41,7.7000000000000000,21451.8861700000020000,99429.0000000000,8.9000000000000000,8.8000000000000007,0.57999999999999996,9.1999999999999993,56.200000000000000,0,0,0,0,0,0,0,0,0,0,0,0,0,0,0,0,0,0,0,0,0,0,0,0,1,0,0,0,0,1,0,1,1,1,0,0,0,0,0,0
2004,336,3,6.280000000000000000,44.54768305000000300,92,38,19.8000000000000000,4,48,2.4000000000000000,38,4.4000000000000004,685.3489700000000100,724817.0000000000,1.0000000000000000,1.0000000000000000,0.55300000000000005,8.5000000000000000,54.100000000000000,0,0,0,0,0,0,0,0,0,0,0,0,0,0,0,0,0,0,0,0,0,0,0,0,0,0,0,0,0,1,0,1,1,0,0,0,0,0,0,0
2001,334,3,5.070000000000000000,197.78395520000001000,92,1339,18.7000000000000000,4,43,1.7800000000000000,35,2.2999999999999998,2283.8793900000001000,639762.0000000000,1.6000000000000000,1.4000000000000000,0.52700000000000002,8.0000000000000000,53.100000000000000,0,0,0,0,0,0,0,0,0,0,0,0,0,0,0,0,0,0,0,0,0,0,0,0,0,0,1,0,0,1,0,1,1,0,0,0,0,0,0,0
2010,298,6,0.610000000000000000,17.35739784000000100,9,51,16.0000000000000000,9,9,3.2400000000000000,9,0.9000000000000000,482.1499400000000200,43984.0000000000,8.9000000000000000,8.8000000000000007,0.40400000000000003,5.0999999999999996,62.100000000000000,0,0,0,0,0,1,0,0,0,1,0,1,0,0,0,0,0,0,0,0,0,0,0,0,0,1,0,0,0,1,0,1,0,0,0,0,0,0,0,0
2003,343,7,0.560000000000000050,6.91399801299999960,91,376,13.3000000000000000,10,95,3.5000000000000000,93,1.9000000000000000,232.7945459000000000,3738265.0000000000,9.6999999999999993,9.6999999999999993,0E-17,4.7000000000000000,58.800000000000000,0,0,0,0,0,0,0,0,0,0,0,0,0,0,0,0,0,0,0,0,0,0,0,0,0,0,0,0,0,0,0,0,1,0,0,0,0,1,0,0
2015,225,136,null,0E-17,77,17745,17.6000000000000010,194,75,null,77,0.6000000000000000,645.4637626999999600,9987333.0000000000,1.4000000000000000,1.2000000000000000,0.44100000000000000,8.4000000000000000,64.800000000000000,0,0,0,0,0,0,0,0,0,0,0,0,0,0,0,0,0,0,0,0,0,0,1,0,0,0,1,0,1,0,0,0,0,0,0,0,0,0,0,0
2008,289,177,1.129999999999999900,38.55783267999999700,52,3511,14.9000000000000000,270,63,4.2800000000000000,54,2.4000000000000000,325.3825542999999800,83184892.0000000000,11.2000000000000000,1.9000000000000000,0.37800000000000000,7.6000000000000000,59.800000000000000,0,0,0,0,0,0,0,0,0,0,0,0,0,0,0,0,0,0,0,0,0,0,1,0,0,1,1,0,1,0,0,0,1,0,1,0,0,0,0,0
2009,23,0,2.310000000000000000,60.65068446000000100,99,1,58.0000000000000000,0,99,4.2600000000000000,99,0.1000000000000000,3369.4824699999999000,851967.0000000000,4.0000000000000000,3.7000000000000000,0.70399999999999996,14.5000000000000000,68.900000000000006,0,0,0,0,0,0,0,0,0,0,0,0,0,0,0,0,0,0,0,0,0,0,0,0,0,0,0,0,0,0,0,0,0,0,0,0,0,0,0,0
2010,294,2,8.850000000000000000,145.31828200000001000,67,1,33.5000000000000000,3,68,3.4100000000000000,67,7.0000000000000000,8754.1133759999993000,16421.0000000000,6.5000000000000000,6.4000000000000000,0.66000000000000000,12.5000000000000000,62.300000000000000,0,0,0,0,0,0,0,0,0,0,0,0,0,0,0,0,0,0,0,0,0,0,0,0,0,0,0,0,0,0,0,0,1,0,0,0,0,0,0,0
2006,288,2,8.010000000000000000,40.53719811999999900,52,90,31.4000000000000000,3,44,2.8800000000000000,45,10.7000000000000000,727.7773449999999700,1444844.0000000000,7.1000000000000000,6.9000000000000000,0.64600000000000002,12.4000000000000000,61.400000000000000,0,0,0,0,0,0,0,0,0,0,0,0,0,0,0,0,0,0,0,0,0,0,0,0,0,1,0,0,0,1,0,1,1,0,0,0,0,0,0,0
2014,266,3,0.010000000000000000,0E-17,96,1,26.7000000000000000,5,97,7.3400000000000000,96,1.7000000000000000,null,null,7.5000000000000000,7.3000000000000000,0.44900000000000001,8.9000000000000000,68.000000000000000,0,0,0,0,0,0,0,0,0,0,0,0,0,0,0,0,0,0,0,0,0,0,0,0,0,0,0,0,0,0,0,0,1,0,0,0,0,0,0,0
2013,125,8,5.380000000000000000,946.65211650000003000,88,0,54.2000000000000000,11,71,5.2300000000000000,88,0.1000000000000000,6583.1162480000003000,3565716.0000000000,1.1000000000000001,1.1000000000000001,0.73099999999999998,13.4000000000000000,75.300000000000000,0,0,0,0,0,0,0,0,0,0,0,0,0,0,0,0,0,0,0,0,0,0,0,0,0,0,0,0,0,0,0,0,0,0,0,0,0,0,0,0
2011,133,9,4.830000000000000000,759.53806950000001000,91,0,52.9000000000000000,12,91,4.9300000000000000,91,0.2000000000000000,5771.5658780000003000,29759989.0000000000,1.1000000000000001,1.1000000000000001,0.72099999999999997,13.4000000000000000,74.500000000000000,0,0,0,0,0,0,0,0,0,0,0,0,0,0,0,0,0,0,0,0,0,0,0,0,0,0,0,0,0,0,0,0,0,0,1,0,0,0,0,0
2010,14,10,4.720000000000000000,69.43934507999999500,93,0,52.2000000000000000,12,92,5.3000000000000000,93,0.2000000000000000,522.4931910000000200,29373646.0000000000,1.1000000000000001,1.1000000000000001,0.70799999999999996,13.3000000000000000,73.700000000000000,0,0,0,0,0,0,0,0,0,0,0,0,0,0,0,0,0,0,0,0,0,0,0,0,0,0,0,0,0,0,0,0,0,0,1,0,0,0,0,0
2003,152,15,4.500000000000000000,34.70333523000000000,65,0,47.4000000000000000,19,95,4.5999999999999996,94,0.4000000000000000,218.2599700000000100,26937738.0000000000,1.3000000000000000,1.3000000000000000,0.68600000000000005,13.3000000000000000,72.099999999999994,0,0,0,0,0,0,0,0,0,0,0,0,0,0,0,0,0,0,0,0,0,0,0,0,0,0,0,0,0,0,0,0,0,0,1,0,0,0,0,0
2013,79,0,10.000000000000000000,2698.01816999999980000,98,1,6.2000000000000000,0,98,9.5500000000000007,98,0.1000000000000000,21618.7353399999990000,1457295.0000000000,0.7000000000000000,0.5000000000000000,0.82699999999999996,16.3000000000000000,86.000000000000000,0,0,0,0,0,0,0,0,0,0,0,0,0,0,0,0,0,0,0,0,0,0,0,0,1,0,0,0,0,0,0,0,0,1,0,0,0,0,0,0
2005,84,0,1.180000000000000000,4582.47608099999980000,97,74,65.0999999999999940,0,98,3.1000000000000000,97,0.1000000000000000,51488.4952899999990000,null,4.8000000000000000,4.5000000000000000,0.83000000000000000,13.7000000000000000,76.599999999999994,0,0,0,0,0,0,0,0,0,0,0,0,0,1,0,0,0,0,0,0,0,0,0,0,1,0,0,0,0,0,0,0,0,1,0,0,0,0,0,0
2003,226,1,8.150000000000000000,0E-17,99,87,47.6000000000000000,1,98,8.2400000000000000,98,0.1000000000000000,null,null,3.3000000000000000,3.5000000000000000,null,null,67.599999999999994,0,0,0,0,0,0,0,0,0,0,0,0,0,0,0,0,0,0,0,0,0,0,0,0,0,0,0,0,0,0,0,0,0,0,0,0,0,0,0,0
2002,178,4,9.619999999999999200,37.82275031000000400,99,14,52.4000000000000000,5,98,4.5700000000000000,98,0.1000000000000000,2124.8736130000002000,2173496.0000000000,3.7000000000000000,4.0999999999999996,0.71399999999999997,12.0000000000000000,77.000000000000000,0,0,0,0,0,0,0,0,0,0,0,0,0,0,0,0,0,0,0,0,0,0,0,0,0,0,0,0,0,0,0,0,0,0,0,0,0,0,0,0
2005,37,24,7.010000000000000000,39.44666715000000300,95,129,15.4000000000000000,38,95,6.8300000000000000,95,7.1000000000000000,287.9318769999999900,8991735.0000000000,6.8000000000000000,7.0000000000000000,0.38800000000000001,8.8000000000000007,55.300000000000000,0,0,0,0,0,0,0,0,0,0,0,0,0,0,0,0,0,0,0,0,0,0,0,0,0,0,0,0,0,0,0,0,1,0,0,0,0,0,0,0
2002,415,31,7.820000000000000000,1.96597780000000010,88,2738,14.1000000000000000,50,85,4.1800000000000000,88,8.0000000000000000,196.5977800000000000,853625.0000000000,7.2000000000000000,7.4000000000000000,0.34300000000000003,7.2000000000000000,57.000000000000000,0,0,0,0,0,0,0,0,0,0,0,0,0,0,0,0,0,0,0,0,0,0,0,0,0,0,1,0,0,0,0,0,1,0,0,0,0,0,0,0
2013,142,0,0.010000000000000000,0E-17,69,0,null,0,69,6.5000000000000000,69,0.1000000000000000,null,null,null,null,null,15.1000000000000000,null,0,0,0,0,0,0,0,0,0,0,0,0,0,0,0,0,0,0,0,0,0,0,0,0,0,0,0,0,0,0,0,0,0,0,0,0,0,0,0,0
2004,12,9,0.060000000000000000,816.47950820000005000,96,1880,59.4000000000000000,11,96,3.5800000000000000,96,0.1000000000000000,11138.8745999999990000,null,7.2000000000000000,7.3000000000000000,0.75400000000000000,12.3000000000000000,73.099999999999994,0,0,0,0,0,0,0,0,0,0,0,0,0,0,0,0,0,0,0,0,0,0,0,0,0,0,1,0,0,0,0,0,0,0,0,0,0,0,0,0
2015,188,19,null,0E-17,89,58,24.3000000000000000,26,85,null,89,0.3000000000000000,98.7256145000000060,14976994.0000000000,9.5000000000000000,9.3000000000000007,0.49099999999999999,9.5000000000000000,66.700000000000000,0,0,0,0,0,0,0,0,0,0,0,0,0,0,0,0,0,0,0,0,0,0,0,0,0,0,0,0,0,0,0,0,0,0,0,0,0,0,0,0
2005,242,23,0.330000000000000000,96.03725102999999300,84,0,19.5000000000000000,40,84,5.3500000000000000,84,0.7000000000000000,773.8698713000000000,11251266.0000000000,11.4000000000000000,11.3000000000000000,0.41499999999999998,6.4000000000000000,65.000000000000000,0,0,0,0,0,0,0,0,0,0,0,0,0,0,0,0,0,0,0,0,0,0,0,0,0,0,0,0,0,0,0,0,0,0,0,0,0,0,0,0
2014,17,0,0.010000000000000000,151.10455519999999000,99,0,36.2000000000000030,0,99,3.3700000000000000,99,0.1000000000000000,1557.7789200000000000,91359.0000000000,5.7000000000000000,6.0000000000000000,0.76600000000000001,13.2000000000000000,73.000000000000000,0,0,0,0,0,0,0,0,0,0,0,0,0,0,0,0,0,0,0,0,0,0,0,0,0,0,0,0,0,0,0,0,0,0,0,0,0,0,0,0
2012,174,0,0.010000000000000000,177.26339609999999000,99,0,34.7999999999999970,0,98,4.8000000000000000,98,0.1000000000000000,12845.1736299999990000,8833.0000000000,5.7000000000000000,6.1000000000000000,0.75500000000000000,13.5000000000000000,72.700000000000000,0,0,0,0,0,0,0,0,0,0,0,0,0,0,0,0,0,0,0,0,0,0,0,0,0,0,0,0,0,0,0,0,0,0,0,0,0,0,0,0
2001,187,0,6.720000000000000000,643.70357520000005000,96,0,27.6000000000000000,0,96,4.4500000000000000,96,0.1000000000000000,7663.1378000000004000,8122.0000000000,6.2000000000000000,6.6000000000000000,0.71399999999999997,12.2000000000000000,72.000000000000000,0,0,0,0,0,0,0,0,0,0,0,0,0,0,0,0,0,0,0,0,0,0,0,0,0,0,0,0,0,0,0,0,0,0,0,0,0,0,0,0
2012,59,0,1.890000000000000000,6041.85898100000030000,97,42,32.4000000000000000,0,97,4.2200000000000000,97,0.1000000000000000,54431.1619900000010000,null,2.2000000000000002,2.1000000000000000,0.91700000000000004,15.4000000000000000,82.500000000000000,0,0,0,0,0,0,0,0,0,0,0,0,0,1,0,0,0,0,0,0,0,0,0,0,1,0,0,0,0,0,0,0,0,1,0,0,0,0,0,0
2009,62,0,1.730000000000000000,462.93069860000003000,96,16,31.5000000000000000,0,97,4.2699999999999996,97,0.1000000000000000,38577.5582199999990000,null,2.1000000000000000,2.1000000000000000,0.88700000000000001,14.4000000000000000,81.700000000000000,0,0,0,0,0,0,0,0,0,0,0,0,0,0,0,0,0,0,0,0,0,0,0,0,0,0,0,0,0,0,0,0,0,1,0,0,0,0,0,0
2004,138,0,10.029999999999999000,0E-17,99,2,52.6000000000000000,0,99,7.2100000000000000,99,0.1000000000000000,null,null,1.4000000000000000,1.5000000000000000,0.77600000000000002,13.8000000000000000,74.099999999999994,0,0,0,0,0,0,0,0,0,0,0,0,0,0,0,0,0,0,0,0,0,0,0,0,0,0,0,0,0,0,0,0,0,0,0,0,0,0,0,0
2015,328,42,null,0E-17,75,17,51.1000000000000000,52,75,null,75,3.6000000000000000,5769.7725799999998000,5511976.6799999997,4.4000000000000004,5.3000000000000000,0.66500000000000004,13.0000000000000000,62.900000000000000,0,0,0,0,0,0,0,0,0,0,0,0,0,0,0,0,0,0,0,0,0,0,0,0,0,0,0,0,0,0,0,0,1,0,0,0,0,0,0,0
2012,48,43,7.380000000000000000,1089.95483800000010000,68,32,48.7000000000000000,56,65,8.7899999999999991,65,7.6000000000000000,7548.1636980000003000,5256515.8000000000,6.0000000000000000,7.3000000000000000,0.64400000000000002,12.8000000000000000,59.200000000000000,0,0,0,0,0,0,0,0,0,0,0,0,0,0,0,0,0,0,0,0,0,0,0,0,1,0,0,0,0,0,0,0,1,0,0,0,0,0,0,0
2007,486,51,8.480000000000000000,805.49007900000004000,83,31,45.0000000000000000,79,79,7.5300000000000000,82,26.4000000000000000,6125.3998400000000000,48883844.9900000020,9.6999999999999993,11.7000000000000000,0.61199999999999999,12.9000000000000000,54.500000000000000,0,0,0,0,0,0,0,0,0,0,0,0,1,0,0,0,0,0,0,0,0,1,0,0,0,0,0,0,1,0,0,0,1,0,1,0,0,0,0,0
2012,347,26,null,38.33823240000000300,92,1952,null,40,64,2.7700000000000000,59,3.8000000000000000,958.4558100000000400,1818258.0000000000,null,null,0.41899999999999998,4.9000000000000004,56.000000000000000,0,0,0,0,0,0,0,0,0,0,0,0,0,0,0,0,0,0,0,0,0,0,0,0,0,0,1,0,0,0,0,0,1,0,0,0,0,0,0,0
2003,83,2,12.090000000000000000,3205.01991800000000000,81,256,59.3000000000000000,2,99,7.9900000000000000,98,0.1000000000000000,21495.7740999999990000,42187645.0000000000,0.6000000000000000,0.5000000000000000,0.83000000000000000,15.6000000000000000,79.400000000000006,0,0,0,0,0,0,0,0,0,0,0,0,0,0,0,0,0,0,0,0,0,0,0,0,1,0,0,0,0,0,0,0,0,1,1,0,0,0,0,0
2012,235,61,0.010000000000000000,220.52219199999999000,92,8523,null,89,92,8.1999999999999993,92,0.3000000000000000,1892.8943520000000000,3599192.0000000000,null,null,0.46800000000000003,6.8000000000000000,63.200000000000000,0,0,0,0,0,0,0,0,0,0,0,0,0,0,0,0,0,0,0,0,0,0,1,0,0,0,1,0,1,0,0,0,0,0,0,0,0,0,0,0
2012,412,2,0.010000000000000000,720.23339290000001000,95,0,3.7000000000000000,3,92,8.7600000000000000,95,12.2000000000000000,3851.5154699999998000,1248158.0000000000,4.8000000000000000,4.9000000000000004,0.53400000000000003,11.3000000000000000,56.500000000000000,0,0,0,0,0,0,0,0,0,0,0,0,0,0,0,0,0,0,0,0,0,0,0,0,0,0,0,0,0,0,0,0,1,0,0,0,0,0,0,0
2009,46,3,4.900000000000000400,47.61645229999999900,88,26,29.3000000000000000,4,89,8.4600000000000009,88,33.7000000000000030,332.5171250000000200,118675.0000000000,5.8000000000000000,5.9000000000000000,0.51900000000000002,10.8000000000000000,52.600000000000000,0,0,0,0,0,0,0,0,0,0,0,0,1,0,0,0,0,0,0,0,0,0,0,0,0,0,0,0,0,0,0,0,1,0,0,0,0,0,0,0
2008,477,3,4.870000000000000000,413.00630269999999000,9,1,28.9000000000000000,4,89,8.1900000000000000,88,40.2000000000000030,2842.4384220000002000,1158897.0000000000,6.1000000000000000,6.3000000000000000,0.51400000000000001,10.6000000000000000,51.400000000000000,0,0,0,0,0,1,0,0,0,0,0,0,1,0,0,0,0,0,0,0,0,1,0,0,0,1,0,0,0,0,0,0,1,0,0,0,0,0,0,0
2011,58,0,7.400000000000000000,11477.66710000000100000,42,26,57.7000000000000000,0,98,11.7000000000000000,98,0.1000000000000000,59593.2871099999970000,9449213.0000000000,1.4000000000000000,1.3000000000000000,0.90100000000000002,16.0000000000000000,81.700000000000000,0,0,0,0,1,0,0,0,0,0,0,0,0,1,0,0,0,0,0,0,0,0,0,0,1,1,0,0,0,0,0,0,0,1,0,0,0,0,0,0
2010,58,0,7.200000000000000000,778.24774669999999000,92,6,57.3000000000000000,0,98,9.4700000000000006,98,0.1000000000000000,5276.2559099999999000,9378126.0000000000,1.3000000000000000,1.3000000000000000,0.89500000000000002,15.8000000000000000,81.500000000000000,0,0,0,0,0,0,0,0,0,0,0,0,0,0,0,0,0,0,0,0,0,0,0,0,0,0,0,0,0,0,0,0,0,0,0,0,0,0,0,0
2014,294,7,0.010000000000000000,0E-17,47,594,56.2000000000000000,8,52,3.2500000000000000,43,0.1000000000000000,null,19239.0000000000,6.3000000000000000,6.1000000000000000,0.57499999999999996,9.0000000000000000,64.400000000000006,0,0,0,0,0,0,0,0,0,0,0,0,0,0,0,0,0,0,0,0,0,0,0,0,0,1,0,0,0,0,0,1,0,0,0,0,0,0,0,0
2005,194,10,0.370000000000000000,19.83672307999999900,81,0,33.5000000000000000,12,79,5.8900000000000000,84,0.3000000000000000,337.3592360000000100,6854176.0000000000,3.8000000000000000,3.9000000000000000,0.57199999999999995,10.6000000000000000,65.500000000000000,0,0,0,0,0,0,0,0,0,0,0,0,0,0,0,0,0,0,0,0,0,0,0,0,0,0,0,0,0,0,0,0,0,0,0,0,0,0,0,0
2007,12,0,1.750000000000000000,0E-17,96,1,55.9000000000000000,0,96,6.9000000000000000,95,0.1000000000000000,null,null,2.4000000000000000,2.5000000000000000,0.70899999999999996,12.2000000000000000,73.500000000000000,0,0,0,0,0,0,0,0,0,0,0,0,0,0,0,0,0,0,0,0,0,0,0,0,0,0,0,0,0,0,0,0,0,0,0,0,0,0,0,0
2002,128,0,2.529999999999999800,0E-17,92,19,53.6000000000000000,0,97,9.1000000000000000,96,0.1000000000000000,null,null,2.7000000000000000,2.7000000000000000,0E-17,11.9000000000000000,72.800000000000000,0,0,0,0,0,0,0,0,0,0,0,0,0,0,0,0,0,0,0,0,0,0,0,0,0,0,0,0,0,0,0,0,0,0,0,0,0,1,0,0
2015,287,13,null,0E-17,88,20,24.3000000000000000,20,88,null,88,1.0000000000000000,551.1383459999999600,741682.0000000000,6.5000000000000000,6.2000000000000000,0.48399999999999999,12.0000000000000000,59.900000000000000,0,0,0,0,0,0,0,0,0,0,0,0,0,0,0,0,0,0,0,0,0,0,0,0,0,0,0,0,0,0,0,0,0,0,0,0,0,0,0,0
2004,355,15,1.010000000000000000,3.98992846800000000,92,61,18.3999999999999990,22,71,5.6000000000000000,71,5.0999999999999996,349.9937252999999900,5534598.0000000000,8.6000000000000000,8.5000000000000000,0.43200000000000000,10.0000000000000000,54.900000000000000,0,0,0,0,0,0,0,0,0,0,0,0,0,0,0,0,0,0,0,0,0,0,0,0,0,0,0,0,0,0,0,0,1,0,0,0,0,0,0,0
2008,145,0,1.100000000000000100,569.62550350000004000,84,0,71.5000000000000000,0,88,5.1300000000000000,86,0.1000000000000000,3392.6474300000000000,135.0000000000,0.1000000000000000,0.1000000000000000,0.69799999999999995,14.5000000000000000,72.599999999999994,0,0,0,0,0,0,0,0,0,0,0,0,0,0,0,0,0,0,0,0,0,0,0,0,0,0,0,0,0,0,0,0,0,0,0,0,0,0,0,0
2001,11,4,1.190000000000000000,257.28786969999999000,94,231,48.9000000000000000,5,98,5.2900000000000000,98,0.1000000000000000,2254.9331259999999000,978571.0000000000,6.5000000000000000,6.4000000000000000,0.65400000000000003,13.1000000000000000,73.200000000000000,0,0,0,0,0,0,0,0,0,0,0,0,0,0,0,0,0,0,0,0,0,0,0,0,0,0,0,0,0,0,0,0,0,0,0,0,0,0,0,0
2010,116,21,1.490000000000000000,32.78235827999999700,96,7,61.9000000000000000,25,97,5.6100000000000000,97,0.1000000000000000,1672.5693000000001000,72326914.0000000000,4.9000000000000004,4.7000000000000000,0.71499999999999997,13.0000000000000000,74.200000000000000,0,0,0,0,0,0,0,0,0,0,0,0,0,0,0,0,0,0,0,0,0,0,0,0,0,0,0,0,0,0,0,0,0,0,1,0,0,0,0,0
2007,124,26,1.260000000000000000,115.58011030000000000,96,3,59.3000000000000000,31,96,6.4000000000000000,96,0.1000000000000000,979.4924600000000500,69597281.0000000000,5.0000000000000000,4.8000000000000000,0.69699999999999995,12.3000000000000000,73.200000000000000,0,0,0,0,0,0,0,0,0,0,0,0,0,0,0,0,0,0,0,0,0,0,0,0,0,0,0,0,0,0,0,0,0,0,1,0,0,0,0,0
2015,291,66,null,0E-17,78,478,18.5000000000000000,93,82,null,78,3.1000000000000000,693.8963829000000500,414487.0000000000,5.6000000000000000,5.6000000000000000,0.48799999999999999,10.0000000000000000,62.300000000000000,0,0,0,0,0,0,0,0,0,0,0,0,0,0,0,0,0,0,0,0,0,0,1,0,0,0,0,0,1,0,0,0,1,0,0,0,0,0,0,0
2011,347,76,10.220000000000001000,94.49686776000000100,82,3312,16.7000000000000000,114,82,9.9000000000000000,82,6.8000000000000000,584.3962136999999800,3593648.0000000000,5.9000000000000000,5.9000000000000000,0.47699999999999998,10.7000000000000000,59.300000000000000,0,0,0,0,0,0,0,0,0,0,0,0,0,0,0,0,0,0,0,0,0,0,1,0,0,0,1,0,1,0,0,0,1,0,0,0,0,0,0,0
2001,253,6,4.309999999999999600,8.89742145900000030,7,16970,55.1000000000000000,7,99,5.6600000000000000,99,0.8000000000000000,78.7382429999999970,48683865.0000000000,2.9000000000000000,3.0000000000000000,0.67300000000000004,13.2000000000000000,67.700000000000000,0,0,0,0,0,1,0,0,0,0,0,0,0,0,0,0,0,0,0,0,0,0,0,0,0,1,1,0,0,0,0,0,0,0,1,0,0,0,0,0
2004,95,1,1.770000000000000000,2972.44867500000010000,92,22,57.0000000000000000,1,94,2.4600000000000000,94,0.1000000000000000,36161.1760999999970000,null,5.2000000000000000,4.9000000000000004,0.81299999999999994,12.4000000000000000,75.099999999999994,0,0,0,0,0,0,0,0,0,0,0,0,0,0,0,0,0,0,0,0,0,0,0,0,1,0,0,0,0,0,0,0,0,1,0,0,0,0,0,0
2000,114,28,8.210000000000000900,0E-17,9,85,6.1000000000000000,33,9,13.7000000000000000,94,0.1000000000000000,null,null,0.8000000000000000,0.7000000000000000,null,null,76.800000000000000,0,0,0,0,0,1,0,0,0,1,1,0,0,0,0,0,0,0,0,0,0,0,0,0,0,1,0,0,0,1,1,0,0,0,0,0,0,0,0,0
2003,121,1,5.110000000000000300,160.84001409999999000,91,0,57.0000000000000000,1,91,6.5200000000000000,91,0.1000000000000000,3622.5228400000001000,3325637.0000000000,1.7000000000000000,1.6000000000000000,0.74700000000000000,15.0000000000000000,75.400000000000006,0,0,0,0,0,0,0,0,0,0,0,0,0,0,0,0,0,0,0,0,0,0,0,0,0,0,0,0,0,0,0,0,0,0,0,0,0,0,0,0
2011,183,19,2.830000000000000000,140.69052840000001000,99,476,41.4000000000000000,22,99,5.6500000000000000,99,0.1000000000000000,1564.9669449999999000,293394.0000000000,3.0000000000000000,3.1000000000000000,0.66400000000000003,12.0000000000000000,68.500000000000000,0,0,0,0,0,0,0,0,0,0,0,0,0,0,0,0,0,0,0,0,0,0,0,0,0,0,0,0,0,0,0,0,0,0,0,0,0,0,0,0
2005,192,24,1.780000000000000000,40.13342094000000100,99,737,37.5000000000000000,28,99,5.1100000000000003,99,0.3000000000000000,546.7768519999999600,26167.0000000000,3.2000000000000000,3.2000000000000000,0.62000000000000000,11.7000000000000000,67.300000000000000,0,0,0,0,0,0,0,0,0,0,0,0,0,0,0,0,0,0,0,0,0,0,0,0,0,0,0,0,0,0,0,0,0,0,0,0,0,0,0,0
2001,179,0,0.910000000000000000,163.10529199999999000,68,7,41.9000000000000000,0,67,3.3700000000000000,7,0.1000000000000000,1362.6173100000001000,18929.0000000000,1.7000000000000000,1.6000000000000000,0E-17,10.1000000000000000,69.099999999999994,0,0,0,0,0,0,0,0,0,0,0,1,0,0,0,0,0,0,0,0,0,0,0,0,0,0,0,0,0,0,0,1,0,0,0,0,0,1,0,0
2006,163,9,8.270000000000000000,0E-17,71,78,57.1000000000000000,11,73,4.8499999999999996,71,0.1000000000000000,null,null,1.6000000000000000,1.6000000000000000,0.71399999999999997,12.4000000000000000,73.599999999999994,0,0,0,0,0,0,0,0,0,0,0,0,0,0,0,0,0,0,0,0,0,0,0,0,0,0,0,0,0,0,0,0,0,0,0,0,0,0,0,0
2013,399,25,6.390000000000000000,10.66670728000000100,95,0,3.8000000000000000,36,95,6.8800000000000000,95,6.8000000000000000,111.2273960000000000,155456.0000000000,6.2000000000000000,6.0000000000000000,0.48799999999999999,10.4000000000000000,58.000000000000000,0,0,0,0,0,0,0,0,0,0,0,0,0,0,0,0,0,0,0,0,0,0,0,0,0,0,0,0,0,0,0,0,1,0,0,0,0,0,0,0
2015,118,1,null,0E-17,73,0,57.8000000000000000,1,72,null,73,0.1000000000000000,13134.4367000000000000,3969249.0000000000,1.9000000000000000,1.8000000000000000,0.78500000000000003,13.0000000000000000,77.800000000000000,0,0,0,0,0,0,0,0,0,0,0,0,0,0,0,0,0,0,0,0,0,0,0,0,0,0,0,0,0,0,0,0,0,0,0,0,0,0,0,0
2006,299,11,0.640000000000000000,126.61421369999999000,71,1,41.9000000000000000,14,67,5.9200000000000000,72,1.5000000000000000,854.3469209999999500,647272.0000000000,1.4000000000000000,1.4000000000000000,0.45400000000000001,8.1999999999999993,68.000000000000000,0,0,0,0,0,0,0,0,0,0,0,0,0,0,0,0,0,0,0,0,0,0,0,0,0,0,0,0,0,0,0,0,0,0,0,0,0,0,0,0
2003,321,11,0.590000000000000000,124.37893610000000000,67,3863,39.6000000000000000,14,62,6.7900000000000000,68,1.4000000000000000,588.3582595000000300,61724.0000000000,1.5000000000000000,1.4000000000000000,0.43300000000000000,7.2000000000000000,59.600000000000000,0,0,0,0,0,0,0,0,0,0,0,0,0,0,0,0,0,0,0,0,0,0,0,0,0,0,1,0,0,0,0,0,0,0,0,0,0,0,0,0
2015,146,2,null,0E-17,93,0,5.2000000000000000,3,89,null,93,0.2000000000000000,419.3677240000000100,6639119.0000000000,2.0000000000000000,1.9000000000000000,0.69199999999999995,12.3000000000000000,74.000000000000000,0,0,0,0,0,0,0,0,0,0,0,0,0,0,0,0,0,0,0,0,0,0,0,0,0,0,0,0,0,0,0,0,0,0,0,0,0,0,0,0
2006,134,12,4.220000000000000000,448.76704619999998000,94,0,49.5000000000000000,15,94,4.4700000000000000,94,0.4000000000000000,3171.4985600000000000,27949944.0000000000,1.2000000000000000,1.2000000000000000,0.69299999999999995,13.0000000000000000,74.200000000000000,0,0,0,0,0,0,0,0,0,0,0,0,0,0,0,0,0,0,0,0,0,0,0,0,0,0,0,0,0,0,0,0,0,0,1,0,0,0,0,0
2002,144,16,4.030000000000000000,40.53777862999999800,92,0,46.7000000000000000,20,95,4.9400000000000004,95,0.4000000000000000,259.1929579999999800,2661467.0000000000,1.4000000000000000,1.4000000000000000,0.68600000000000005,13.9000000000000000,72.599999999999994,0,0,0,0,0,0,0,0,0,0,0,0,0,0,0,0,0,0,0,0,0,0,0,0,0,0,0,0,0,0,0,0,0,0,0,0,0,0,0,0
2009,219,59,4.420000000000000000,159.53484889999999000,85,1469,22.1000000000000000,76,86,4.4100000000000000,87,0.1000000000000000,1825.3415210000001000,9222879.0000000000,1.0000000000000000,9.6999999999999993,0.66100000000000003,11.7000000000000000,68.000000000000000,0,0,0,0,0,0,0,0,0,0,0,0,0,0,0,0,0,0,0,0,0,0,1,0,0,0,1,0,1,0,0,0,0,0,0,0,0,0,0,0
2008,92,0,12.350000000000000000,3652.86933200000020000,97,1,56.5000000000000000,0,97,9.9000000000000000,97,0.1000000000000000,24815.6883999999990000,1558177.0000000000,0.7000000000000000,0.5000000000000000,0.80400000000000005,15.8000000000000000,79.000000000000000,0,0,0,0,0,0,0,0,0,0,0,0,0,0,0,0,0,0,0,0,0,0,0,0,1,0,0,0,0,0,0,0,0,1,0,0,0,0,0,0
2000,11,1,11.890000000000000000,167.32801680000000000,58,45,5.0999999999999996,1,96,9.1400000000000000,96,0.1000000000000000,1152.3968100000000000,1289898.0000000000,0.8000000000000000,0.6000000000000000,0.77700000000000002,15.5000000000000000,76.599999999999994,0,0,0,0,0,0,0,0,0,0,0,0,0,0,0,0,0,0,0,0,0,0,0,0,0,1,0,0,0,0,0,0,0,0,0,0,0,0,0,0
2012,69,1,9.560000000000000000,0E-17,99,2,3.4000000000000000,2,99,7.1000000000000000,99,0.1000000000000000,null,null,1.5000000000000000,1.0000000000000000,null,null,81.200000000000000,0,0,0,0,0,0,0,0,0,0,0,0,0,0,0,0,0,0,0,0,0,0,0,0,0,0,0,0,0,0,0,0,0,0,0,0,0,0,0,0
2008,75,2,9.310000000000000000,0E-17,94,2,28.6000000000000000,2,92,6.1600000000000000,94,0.1000000000000000,null,null,1.5000000000000000,1.0000000000000000,null,null,83.000000000000000,0,0,0,0,0,0,0,0,0,0,0,0,0,0,0,0,0,0,0,0,0,0,0,0,0,0,0,0,0,0,0,0,0,0,0,0,0,0,0,0
2004,89,3,9.180000000000000000,0E-17,92,11,26.7000000000000000,3,9,4.9600000000000000,88,0.1000000000000000,null,null,1.6000000000000000,1.0000000000000000,null,null,78.200000000000000,0,0,0,0,0,0,0,0,0,1,0,0,0,0,0,0,0,0,0,0,0,0,0,0,0,0,0,0,0,1,0,0,0,0,0,0,0,0,0,0
2011,177,1,9.449999999999999300,0E-17,96,0,5.9000000000000000,1,96,1.6100000000000000,93,0.1000000000000000,null,null,2.8000000000000000,3.0000000000000000,null,null,77.000000000000000,0,0,0,0,0,0,0,0,0,0,0,0,0,0,0,0,0,0,0,0,0,0,0,0,0,0,0,0,0,0,0,0,0,0,0,0,0,0,0,0
2007,237,1,9.660000000000000000,0E-17,95,10,49.1000000000000000,1,93,1.8800000000000000,92,0.1000000000000000,null,null,3.0000000000000000,3.2000000000000000,null,null,68.300000000000000,0,0,0,0,0,0,0,0,0,0,0,0,0,0,0,0,0,0,0,0,0,0,0,0,0,0,0,0,0,0,0,0,0,0,0,0,0,0,0,0
2008,282,18,6.390000000000000000,0.66154037099999996,97,6,17.1000000000000010,28,97,7.6600000000000000,97,3.7000000000000000,5.6687263999999997,978169.0000000000,6.7000000000000000,6.6000000000000000,0.43800000000000000,10.4000000000000000,68.000000000000000,0,0,0,0,0,0,0,0,0,0,0,0,0,0,0,0,0,0,0,0,0,0,0,0,0,0,0,0,0,0,0,0,1,0,0,0,0,0,0,0
2006,173,0,5.930000000000000000,0E-17,99,0,45.7000000000000000,0,99,3.8800000000000000,99,0.3000000000000000,null,null,3.7000000000000000,3.6000000000000000,0.69499999999999995,13.3000000000000000,71.700000000000000,0,0,0,0,0,0,0,0,0,0,0,0,0,0,0,0,0,0,0,0,0,0,0,0,0,0,0,0,0,0,0,0,0,0,0,0,0,0,0,0
2015,125,0,null,0E-17,59,0,74.7000000000000000,0,61,null,66,0.1000000000000000,4149.3634439999996000,193759.0000000000,0.2000000000000000,0.1000000000000000,0.70199999999999996,12.9000000000000000,74.000000000000000,0,0,0,0,0,0,0,0,0,0,0,0,0,0,0,0,0,0,0,0,0,0,0,0,0,1,0,0,0,0,0,0,0,0,0,0,0,0,0,0
2001,175,0,3.430000000000000000,199.41183219999999000,89,0,66.5000000000000000,0,83,5.1600000000000000,85,0.1000000000000000,1555.4745100000000000,175566.0000000000,0.2000000000000000,0.2000000000000000,0.64500000000000002,12.0000000000000000,75.000000000000000,0,0,0,0,0,0,0,0,0,0,0,0,0,0,0,0,0,0,0,0,0,0,0,0,0,0,0,0,0,0,0,0,0,0,0,0,0,0,0,0
2013,122,1,9.160000000000000000,880.64033670000003000,91,1,58.9000000000000000,1,97,1.1200000000000001,95,0.1000000000000000,6353.8263829999996000,7164132.0000000000,2.1000000000000000,2.1000000000000000,0.76600000000000001,14.1000000000000000,75.300000000000000,0,0,0,0,0,0,0,0,0,0,0,0,0,0,0,0,0,0,0,0,0,0,0,0,0,0,0,0,0,0,0,0,0,0,0,0,0,0,0,0
2010,424,27,3.840000000000000000,5.34771753300000000,86,1089,21.7000000000000000,40,84,1.3200000000000000,86,1.6000000000000000,45.1284180000000030,645872.0000000000,8.3000000000000007,8.1999999999999993,0.38400000000000001,8.6999999999999993,48.100000000000000,0,0,0,0,0,0,0,0,0,0,0,0,0,0,0,0,0,0,0,0,0,0,0,0,0,0,1,0,0,0,0,0,1,0,0,0,0,0,0,0
2009,433,28,3.970000000000000000,49.83712669999999900,84,31,21.2000000000000000,42,81,13.1300000000000000,84,1.7000000000000000,394.5932439000000000,63126.0000000000,8.5000000000000000,8.4000000000000000,0.37500000000000000,8.5000000000000000,47.100000000000000,0,0,0,0,0,0,0,0,0,0,0,0,0,0,0,0,0,0,0,0,0,0,0,0,0,0,0,0,0,0,1,0,1,0,0,0,0,0,0,0
2014,56,0,1.830000000000000000,7971.64636100000010000,96,0,32.9000000000000000,0,96,4.9200000000000000,96,0.1000000000000000,56336.7234000000030000,null,2.2000000000000002,2.2000000000000002,0.92200000000000004,15.4000000000000000,82.900000000000000,0,0,0,0,1,0,0,0,0,0,0,0,0,1,0,0,0,0,0,0,0,0,0,0,1,0,0,0,0,0,0,0,0,1,0,0,0,0,0,0
2002,145,0,10.780000000000000000,0E-17,99,0,51.6000000000000000,0,98,5.6300000000000000,99,0.1000000000000000,null,null,1.5000000000000000,1.6000000000000000,0.76300000000000001,13.3000000000000000,73.700000000000000,0,0,0,0,0,0,0,0,0,0,0,0,0,0,0,0,0,0,0,0,0,0,0,0,0,0,0,0,0,0,0,0,0,0,0,0,0,0,0,0
2012,184,0,0.010000000000000000,247.94922840000001000,99,0,48.1000000000000000,0,99,5.4800000000000000,99,0.1000000000000000,1858.6898679999999000,551531.0000000000,1.2000000000000000,1.2000000000000000,0.50500000000000000,9.4000000000000000,68.700000000000000,0,0,0,0,0,0,0,0,0,0,0,0,0,0,0,0,0,0,0,0,0,0,0,0,0,0,0,0,0,0,0,0,0,0,0,0,0,0,0,0
2010,188,0,1.100000000000000100,29.52079940000000100,9,0,46.4000000000000000,0,94,7.4700000000000000,9,0.1000000000000000,1272.4482499999999000,52779.0000000000,1.2000000000000000,1.2000000000000000,0.49199999999999999,9.3000000000000007,68.300000000000000,0,0,0,0,0,1,0,0,0,0,0,1,0,0,0,0,0,0,0,0,0,0,0,0,0,1,0,0,0,0,0,1,0,0,0,0,0,0,0,0
2007,2,0,0.850000000000000000,28.90135228999999800,9,0,43.8000000000000000,0,93,6.4200000000000000,9,0.1000000000000000,146.9311250000000100,49294.0000000000,1.2000000000000000,1.2000000000000000,0.48199999999999998,9.0000000000000000,67.599999999999994,0,0,0,0,0,1,0,0,0,0,0,1,0,0,0,0,0,0,0,0,0,0,0,0,0,1,0,0,0,0,0,1,0,0,0,0,0,0,0,0
2005,24,0,0.900000000000000000,25.31155955999999900,83,0,42.1000000000000000,0,9,7.8300000000000000,89,0.1000000000000000,88.8748580000000030,469885.0000000000,1.3000000000000000,1.3000000000000000,0.46500000000000002,8.3000000000000007,67.400000000000006,0,0,0,0,0,0,0,0,0,1,0,0,0,0,0,0,0,0,0,0,0,0,0,0,0,0,0,0,0,1,0,0,0,0,0,0,0,0,0,0
2009,335,52,0.010000000000000000,0E-17,92,13,21.5000000000000000,84,41,null,42,0.8000000000000000,null,null,7.1000000000000000,6.9000000000000000,null,null,52.200000000000000,0,0,0,0,0,0,0,0,0,0,0,0,0,0,0,0,0,0,0,0,0,0,0,0,0,0,0,0,1,1,0,1,0,0,0,0,0,0,0,0
2011,413,43,7.380000000000000000,123.75333500000001000,76,92,47.9000000000000000,58,69,8.6100000000000000,69,8.5000000000000000,849.9542239999999500,51729345.3599999990,6.6000000000000000,8.0000000000000000,0.63800000000000001,12.8000000000000000,58.900000000000000,0,0,0,0,0,0,0,0,0,0,0,0,0,0,0,0,0,0,0,0,0,0,0,0,0,0,0,0,0,0,0,0,1,0,1,0,0,0,0,0
2005,498,55,8.690000000000000000,709.31709669999998000,79,615,43.6000000000000000,84,75,7.7700000000000000,79,29.5000000000000000,5414.6343260000003000,476667.2400000000,11.6000000000000000,13.9000000000000000,0.60899999999999999,12.9000000000000000,53.800000000000000,0,0,0,0,0,0,0,0,0,0,0,0,1,0,0,0,0,0,0,0,0,1,1,0,0,0,0,0,1,0,0,0,1,0,0,0,0,0,0,0
2015,332,26,null,0E-17,31,878,null,39,41,null,31,3.4000000000000000,758.7257819999999800,11882136.0000000000,null,null,0.42099999999999999,4.9000000000000004,57.300000000000000,0,0,0,0,0,0,0,0,0,0,0,0,0,0,0,0,0,0,0,0,0,0,0,0,0,1,1,0,0,1,0,1,1,0,0,0,0,0,0,0
2013,345,26,null,47.44453000000000000,92,525,null,40,5,2.6200000000000000,45,3.6000000000000000,1186.1132500000001000,1117749.0000000000,null,null,0.41699999999999998,4.9000000000000004,56.400000000000000,0,0,0,0,0,0,0,0,0,1,0,0,0,0,0,0,0,0,0,0,0,0,0,0,0,0,0,0,0,1,0,1,1,0,0,0,0,0,0,0
2009,369,27,null,0E-17,92,0,null,42,93,null,93,4.2000000000000000,1264.7899800000000000,967667.0000000000,null,null,0E-17,0E-16,54.300000000000000,0,0,0,0,0,0,0,0,0,0,0,0,0,0,0,0,0,0,1,0,0,0,0,0,0,0,0,0,0,0,0,0,1,0,0,0,0,1,1,0
2005,77,2,11.920000000000000000,405.44759809999999000,96,22,6.5000000000000000,2,96,8.1199999999999992,96,0.1000000000000000,2651.7174500000001000,43653155.0000000000,0.6000000000000000,0.5000000000000000,0.83699999999999997,15.8000000000000000,81.000000000000000,0,0,0,0,0,0,0,0,0,0,0,0,0,0,0,0,0,0,0,0,0,0,0,0,0,0,0,0,0,0,0,0,0,0,1,0,0,0,0,0
2001,84,2,9.860000000000000000,2044.16976100000010000,83,0,58.2000000000000000,2,95,7.2400000000000000,96,0.1000000000000000,15323.6114000000000000,485412.0000000000,0.6000000000000000,0.5000000000000000,0.82499999999999996,15.7000000000000000,79.400000000000006,0,0,0,0,0,0,0,0,0,0,0,0,0,0,0,0,0,0,0,0,0,0,0,0,1,0,0,0,0,0,0,0,0,1,0,0,0,0,0,0
2010,138,3,2.310000000000000000,191.72675889999999000,99,79,19.8000000000000000,4,99,3.4300000000000000,99,0.1000000000000000,2819.5111609999999000,2119.0000000000,15.3000000000000000,15.3000000000000000,0.73899999999999999,13.5000000000000000,74.500000000000000,0,0,0,0,0,0,0,0,0,0,0,0,0,0,0,0,0,0,0,0,0,0,0,0,0,0,0,0,0,0,0,0,0,0,0,1,0,0,0,0
2010,243,62,1.770000000000000000,172.00978839999999000,75,680,null,92,9,7.9700000000000000,9,0.3000000000000000,1476.4788699999999000,34385963.0000000000,null,null,0.46100000000000002,7.0000000000000000,62.500000000000000,0,0,0,0,0,0,0,0,0,1,0,1,0,0,0,0,0,0,0,0,0,0,1,0,0,0,0,0,1,1,0,1,0,0,1,0,0,0,0,0
2003,278,69,1.740000000000000000,35.35264737000000000,92,4381,null,104,69,3.1800000000000000,69,0.2000000000000000,477.7384779999999900,29435944.0000000000,null,null,0.40899999999999997,5.6000000000000000,59.600000000000000,0,0,0,0,0,0,0,0,0,0,0,0,0,0,0,0,0,0,0,0,0,0,1,0,0,0,1,0,1,0,0,0,0,0,1,0,0,0,0,0
2014,178,0,6.320000000000000000,1132.43251700000000000,85,0,57.7000000000000000,0,85,5.6900000000000000,85,0.4000000000000000,9564.4638300000006000,547928.0000000000,3.5000000000000000,3.5000000000000000,0.72199999999999998,12.7000000000000000,71.400000000000006,0,0,0,0,0,0,0,0,0,0,0,0,0,0,0,0,0,0,0,0,0,0,0,0,1,0,0,0,0,0,0,0,0,0,0,0,0,0,0,0
2004,69,3,5.780000000000000000,37.43857664000000100,93,0,27.4000000000000000,4,88,5.8800000000000000,86,50.3000000000000000,2529.6335570000001000,19553.0000000000,7.7000000000000000,7.9000000000000000,0.49199999999999999,9.4000000000000000,45.600000000000000,0,0,0,0,0,0,0,0,0,0,0,0,1,0,0,0,0,0,0,0,0,0,0,0,0,0,0,0,0,0,0,0,1,0,0,0,0,0,0,0
2014,54,0,7.300000000000000000,1142.21240300000000000,67,26,59.0000000000000000,0,98,11.9300000000000000,98,0.1000000000000000,5918.1989800000001000,969611.0000000000,1.5000000000000000,1.3000000000000000,0.90600000000000003,15.8000000000000000,82.300000000000000,0,0,0,0,0,0,0,0,0,0,0,0,0,0,0,0,0,0,0,0,0,0,0,0,1,0,0,0,0,0,0,0,0,0,0,0,0,0,0,0
2005,66,0,6.500000000000000000,599.03924029999996000,92,13,55.3000000000000000,0,98,9.6000000000000000,98,0.1000000000000000,4385.3531499999999000,929572.0000000000,1.3000000000000000,1.3000000000000000,0.89000000000000000,16.0000000000000000,85.000000000000000,0,0,0,0,0,0,0,0,0,0,0,0,0,0,0,0,0,0,0,0,0,0,0,0,0,0,0,0,0,0,0,0,0,0,0,0,0,0,0,0
2010,57,0,10.010000000000000000,2198.59086500000010000,92,77,55.4000000000000000,0,96,11.7000000000000000,95,0.1000000000000000,74276.7184200000050000,782499.0000000000,0.5000000000000000,0.4000000000000000,0.92000000000000000,15.4000000000000000,82.300000000000000,0,0,0,0,0,0,0,0,0,0,0,0,0,1,0,0,0,0,0,0,0,0,0,0,1,0,0,0,0,0,0,0,0,1,0,0,0,0,0,0
2015,17,0,null,0E-17,9,0,47.1000000000000000,0,88,null,96,0.3000000000000000,17321.8337299999980000,13692.0000000000,5.7000000000000000,5.9000000000000000,0.77900000000000003,12.7000000000000000,71.200000000000000,0,0,0,0,0,1,0,0,0,0,0,0,0,0,0,0,0,0,0,0,0,0,0,0,0,1,0,0,0,0,0,0,0,1,0,0,0,0,0,0
2004,19,0,5.820000000000000000,11.85100130999999900,94,0,36.7999999999999970,0,94,5.2200000000000000,94,1.0000000000000000,129.5191399999999900,129535.0000000000,6.3000000000000000,6.8000000000000000,0.73599999999999999,12.2000000000000000,69.400000000000006,0,0,0,0,0,0,0,0,0,0,0,0,0,0,0,0,0,0,0,0,0,0,0,0,0,0,0,0,0,0,0,0,0,0,0,0,0,0,0,0
2000,112,4,1.210000000000000000,264.78421959999997000,94,47,48.1000000000000000,5,97,5.4000000000000000,97,0.1000000000000000,2213.9148799999998000,9699197.0000000000,6.6000000000000000,6.5000000000000000,0.64600000000000002,12.8000000000000000,72.900000000000006,0,0,0,0,0,0,0,0,0,0,0,0,0,0,0,0,0,0,0,0,0,0,0,0,0,0,0,0,0,0,0,0,0,0,0,0,0,0,0,0
2006,245,6,2.710000000000000000,29.27235366000000000,98,48,41.3000000000000000,8,98,2.9000000000000000,98,0.1000000000000000,2136.6681500000000000,48115.0000000000,3.3000000000000000,3.3000000000000000,0E-17,10.4000000000000000,63.700000000000000,0,0,0,0,0,0,0,0,0,0,0,0,0,0,0,0,0,0,0,0,0,0,0,0,0,0,0,0,0,0,0,0,0,0,0,0,0,1,0,0
2008,41,84,9.789999999999999100,72.85023655999999900,71,1319,15.6000000000000000,130,69,9.1000000000000000,71,8.1999999999999993,449.6928183000000000,31663896.0000000000,6.2000000000000000,6.2000000000000000,0.45300000000000001,10.6000000000000000,56.300000000000000,0,0,0,0,0,0,0,0,0,0,0,0,0,0,0,0,0,0,0,0,0,0,1,0,0,0,1,0,1,0,0,0,1,0,1,0,0,0,0,0
2002,256,6,4.889999999999999700,115.73897400000000000,48,7587,55.4000000000000000,7,99,6.2500000000000000,99,0.9000000000000000,879.4754860000000500,48225.0000000000,2.9000000000000000,3.0000000000000000,0.68300000000000005,13.9000000000000000,67.599999999999994,0,0,0,0,0,0,0,0,0,0,0,0,0,0,0,0,0,0,0,0,0,0,0,0,0,1,1,0,0,0,0,0,0,0,0,0,0,0,0,0
2013,78,1,1.820000000000000000,377.20091320000000000,98,0,6.5000000000000000,1,98,3.4900000000000000,98,0.1000000000000000,4335.6426799999999000,null,5.2000000000000000,5.0000000000000000,0.82899999999999996,13.3000000000000000,76.700000000000000,0,0,0,0,0,0,0,0,0,0,0,0,0,0,0,0,0,0,0,0,0,0,0,0,0,0,0,0,0,0,0,0,0,0,0,0,0,0,0,0
2002,87,4,11.440000000000000000,0E-17,92,314,58.8000000000000000,4,91,7.5700000000000000,91,0.1000000000000000,null,null,0.7000000000000000,0.5000000000000000,null,null,78.200000000000000,0,0,0,0,0,0,0,0,0,0,0,0,0,0,0,0,0,0,0,0,0,0,0,0,0,0,0,0,0,0,0,0,0,0,0,0,0,0,0,0
2011,348,88,4.040000000000000000,0E-17,9,1622,21.3000000000000000,128,88,5.7200000000000000,9,3.1000000000000000,null,null,7.0000000000000000,6.9000000000000000,null,null,58.300000000000000,0,0,0,0,0,1,0,0,0,0,0,1,0,0,0,0,0,0,0,0,0,0,1,0,0,1,1,0,1,0,0,1,1,0,0,0,0,0,0,0
2005,449,97,3.940000000000000000,0E-17,9,23,18.1000000000000010,149,91,4.6600000000000000,9,10.0000000000000000,null,null,7.7000000000000000,7.6000000000000000,null,null,52.200000000000000,0,0,0,0,0,1,0,0,0,0,0,1,0,0,0,0,0,0,0,0,0,0,1,0,0,1,0,0,1,0,0,1,1,0,0,0,0,0,0,0
2001,46,110,4.090000000000000000,0E-17,92,11847,16.3999999999999990,173,65,3.2800000000000000,87,12.5000000000000000,null,null,8.1999999999999993,8.1000000000000000,null,null,49.600000000000000,0,0,0,0,0,0,0,0,0,0,0,0,0,0,0,0,0,0,0,0,0,0,1,0,0,0,1,0,1,0,0,0,1,0,0,0,0,0,0,0
2009,18,26,8.710000000000000900,0E-17,92,71,66.3000000000000000,31,93,17.0000000000000000,95,0.1000000000000000,null,null,0.7000000000000000,0.6000000000000000,null,null,78.500000000000000,0,0,0,0,0,0,0,0,0,0,1,0,0,0,0,0,0,0,0,0,0,0,0,0,0,0,0,0,0,0,1,0,0,0,0,0,0,0,0,0
2007,124,1,6.670000000000000000,14.47305874000000100,94,0,59.5000000000000000,1,94,8.2300000000000000,94,0.1000000000000000,79.6974600000000070,3339741.0000000000,1.6000000000000000,1.5000000000000000,0.76000000000000000,15.3000000000000000,75.400000000000006,0,0,0,0,0,0,0,0,0,0,0,0,0,0,0,0,0,0,0,0,0,0,0,0,0,0,0,0,0,0,0,0,0,0,0,0,0,0,0,0
2008,135,28,3.580000000000000000,0E-17,87,352,12.9000000000000000,35,93,5.5300000000000000,93,0.2000000000000000,null,null,14.7000000000000000,15.7000000000000000,0.63300000000000001,11.6000000000000000,74.900000000000006,0,0,0,0,0,0,0,0,0,0,0,0,0,0,0,0,0,0,0,0,0,0,0,0,0,0,0,0,0,0,0,0,0,0,0,0,1,0,0,0
2010,363,30,2.470000000000000200,184.36491020000000000,83,15754,2.7000000000000000,45,8,4.4100000000000000,83,6.8000000000000000,1463.2135730000000000,138533.0000000000,6.7000000000000000,6.5000000000000000,0.53300000000000003,11.8000000000000000,58.000000000000000,0,0,0,0,0,0,0,0,0,1,0,0,0,0,0,0,0,0,0,0,0,0,0,0,0,0,1,0,0,1,0,0,1,0,0,0,0,0,0,0
2013,142,0,null,344.69063080000001000,99,0,83.3000000000000000,0,99,9.2700000000000000,99,0.1000000000000000,1932.1223700000000000,292.0000000000,0.1000000000000000,0.1000000000000000,0.77900000000000003,14.2000000000000000,null,0,0,0,0,0,0,0,0,0,0,0,0,0,0,0,0,0,0,0,0,0,0,0,0,0,0,0,0,0,0,0,0,0,0,0,0,0,0,0,0
2004,314,11,0.579999999999999960,158.00194600000000000,6,1385,4.4000000000000004,15,59,8.3900000000000000,62,1.5000000000000000,637.3616214999999600,6161517.0000000000,1.5000000000000000,1.4000000000000000,0.43900000000000000,7.6000000000000000,59.900000000000000,0,0,0,0,0,1,0,0,0,0,0,0,0,0,0,0,0,0,0,0,0,0,0,0,0,1,1,0,0,0,0,0,0,0,0,0,0,0,0,0
2011,15,3,5.790000000000000000,472.19328250000001000,89,0,47.1000000000000000,3,84,9.4200000000000000,89,0.1000000000000000,3988.1189399999998000,6293783.0000000000,2.1000000000000000,2.0000000000000000,0.67500000000000004,12.3000000000000000,73.400000000000006,0,0,0,0,0,0,0,0,0,0,0,0,0,0,0,0,0,0,0,0,0,0,0,0,0,0,0,0,0,0,0,0,0,0,0,0,0,0,0,0
2012,129,9,5.140000000000000000,885.98581850000005000,95,0,53.6000000000000000,11,94,5.1800000000000000,95,0.1000000000000000,6387.7852810000004000,3158966.0000000000,1.1000000000000001,1.1000000000000001,0.72499999999999998,13.4000000000000000,74.900000000000006,0,0,0,0,0,0,0,0,0,0,0,0,0,0,0,0,0,0,0,0,0,0,0,0,0,0,0,0,0,0,0,0,0,0,0,0,0,0,0,0
2013,219,55,4.610000000000000300,24.58973398999999900,89,2920,24.3000000000000000,69,84,4.5599999999999996,89,0.1000000000000000,276.2891460000000200,9848132.0000000000,1.0000000000000000,9.6999999999999993,0.67100000000000004,11.7000000000000000,68.099999999999994,0,0,0,0,0,0,0,0,0,0,0,0,0,0,0,0,0,0,0,0,0,0,1,0,0,0,1,0,1,0,0,0,0,0,0,0,0,0,0,0
2012,217,56,5.019999999999999600,212.74184880000001000,88,1536,23.7000000000000000,71,88,4.4600000000000000,88,0.1000000000000000,2581.8185539999999000,96866642.0000000000,1.0000000000000000,9.6999999999999993,0.66600000000000004,11.6000000000000000,68.099999999999994,0,0,0,0,0,0,0,0,0,0,0,0,0,0,0,0,0,0,0,0,0,0,1,0,0,0,1,0,1,0,0,0,0,0,1,0,0,0,0,0
2010,88,0,12.250000000000000000,3119.34982399999990000,97,5,58.1000000000000000,0,97,1.4400000000000000,98,0.1000000000000000,22538.6548000000000000,15731.0000000000,0.7000000000000000,0.5000000000000000,0.81200000000000006,16.0000000000000000,79.599999999999994,0,0,0,0,0,0,0,0,0,0,0,0,0,0,0,0,0,0,0,0,0,0,0,0,1,0,0,0,0,0,0,0,0,1,0,0,0,0,0,0
2013,7,0,1.200000000000000000,515.07347949999996000,97,73,67.7000000000000000,0,99,2.1500000000000000,97,0.1000000000000000,8834.8795800000007000,null,5.0999999999999996,4.7000000000000000,0.84299999999999997,13.4000000000000000,77.900000000000006,0,0,0,0,0,0,0,0,0,0,0,0,0,0,0,0,0,0,0,0,0,0,0,0,0,0,0,0,0,0,0,0,0,0,0,0,0,0,0,0
2015,64,1,null,0E-17,98,7,31.7000000000000000,2,98,null,98,0.1000000000000000,null,null,1.5000000000000000,1.0000000000000000,null,null,82.300000000000000,0,0,0,0,0,0,0,0,0,0,0,0,0,0,0,0,0,0,0,0,0,0,0,0,0,0,0,0,0,0,0,0,0,0,0,0,0,0,0,0
2013,163,1,10.490000000000000000,0E-17,91,27,52.1000000000000000,1,92,1.5000000000000000,9,0.1000000000000000,null,null,2.7000000000000000,2.9000000000000000,null,null,71.700000000000000,0,0,0,0,0,0,0,0,0,0,0,1,0,0,0,0,0,0,0,0,0,0,0,0,0,0,0,0,0,0,0,1,0,0,0,0,0,0,0,0
2012,175,1,10.680000000000000000,0E-17,94,11,51.5000000000000000,1,92,11.8700000000000000,92,0.1000000000000000,null,null,2.7000000000000000,2.9000000000000000,null,null,79.000000000000000,0,0,0,0,0,0,0,0,0,0,0,0,0,0,0,0,0,0,0,0,0,0,0,0,0,0,0,0,0,0,0,0,0,0,0,0,0,0,0,0
2006,242,1,8.360000000000000000,0E-17,98,34,48.7000000000000000,1,98,1.6300000000000000,97,0.1000000000000000,null,null,3.1000000000000000,3.3000000000000000,null,null,68.000000000000000,0,0,0,0,0,0,0,0,0,0,0,0,0,0,0,0,0,0,0,0,0,0,0,0,0,0,0,0,0,0,0,0,0,0,0,0,0,0,0,0
2007,154,3,10.600000000000000000,919.16734380000003000,99,353,55.0000000000000000,3,96,5.2100000000000000,96,0.1000000000000000,8214.1853780000001000,2882982.0000000000,3.2000000000000000,3.6000000000000000,0.76600000000000001,14.1000000000000000,72.900000000000006,0,0,0,0,0,0,0,0,0,0,0,0,0,0,0,0,0,0,0,0,0,0,0,0,0,0,0,0,0,0,0,0,0,0,0,0,0,0,0,0
2001,179,4,9.779999999999999400,180.10951320000001000,98,10,51.9000000000000000,5,99,4.3600000000000003,99,0.1000000000000000,1839.7294500000000000,2213197.0000000000,3.8000000000000000,4.2000000000000000,0.70799999999999996,11.7000000000000000,78.000000000000000,0,0,0,0,0,0,0,0,0,0,0,0,0,0,0,0,0,0,0,0,0,0,0,0,0,0,0,0,0,0,0,0,0,0,0,0,0,0,0,0
2010,256,15,11.050000000000000000,162.80880540000001000,97,129,57.5000000000000000,17,98,6.8300000000000000,97,0.2000000000000000,1674.9877100000001000,142849449.0000000000,2.2999999999999998,2.5000000000000000,0.77300000000000002,13.7000000000000000,68.400000000000006,0,0,0,0,0,0,0,0,0,0,0,0,0,0,0,0,0,0,0,0,0,0,0,0,0,0,0,0,0,0,0,0,0,0,1,0,0,0,0,0
2005,16,0,12.320000000000000000,0E-17,95,0,39.6000000000000000,0,95,6.2500000000000000,95,0.2000000000000000,null,null,4.4000000000000004,4.4000000000000004,0.68899999999999995,12.2000000000000000,73.099999999999994,0,0,0,0,0,0,0,0,0,0,0,0,0,0,0,0,0,0,0,0,0,0,0,0,0,0,0,0,0,0,0,0,0,0,0,0,0,0,0,0
2001,178,0,12.030000000000000000,0E-17,92,0,37.2999999999999970,0,99,6.1000000000000000,99,0.3000000000000000,null,null,4.5000000000000000,4.5000000000000000,0.68400000000000005,12.6000000000000000,71.800000000000000,0,0,0,0,0,0,0,0,0,0,0,0,0,0,0,0,0,0,0,0,0,0,0,0,0,0,0,0,0,0,0,0,0,0,0,0,0,0,0,0
2004,181,0,5.420000000000000000,0E-17,99,0,43.8000000000000000,0,99,3.7200000000000000,99,0.4000000000000000,null,null,3.8000000000000000,3.7000000000000000,0.68899999999999995,13.2000000000000000,71.200000000000000,0,0,0,0,0,0,0,0,0,0,0,0,0,0,0,0,0,0,0,0,0,0,0,0,0,0,0,0,0,0,0,0,0,0,0,0,0,0,0,0
2001,186,0,4.730000000000000400,0E-17,92,0,41.0000000000000000,0,99,3.6400000000000000,99,0.7000000000000000,null,null,3.9000000000000000,3.9000000000000000,0.67300000000000004,12.8000000000000000,79.000000000000000,0,0,0,0,0,0,0,0,0,0,0,0,0,0,0,0,0,0,0,0,0,0,0,0,0,0,0,0,0,0,0,0,0,0,0,0,0,0,0,0
2011,139,0,2.150000000000000000,558.72064860000000000,58,0,72.9000000000000060,0,6,5.8000000000000000,65,0.1000000000000000,3942.9827000000000000,187665.0000000000,0.2000000000000000,0.1000000000000000,0.69299999999999995,12.9000000000000000,73.000000000000000,0,0,0,0,0,0,0,0,0,1,0,0,0,0,0,0,0,0,0,0,0,0,0,0,0,1,0,0,0,1,0,0,0,0,0,0,0,0,0,0
2008,146,0,3.970000000000000000,47.35260547000000000,12,0,71.4000000000000060,0,54,4.5199999999999996,26,0.1000000000000000,359.8222299999999900,183526.0000000000,0.2000000000000000,0.2000000000000000,0.68799999999999994,12.9000000000000000,72.500000000000000,0,0,0,0,0,1,0,0,0,0,0,0,0,0,0,0,0,0,0,0,0,0,0,0,0,1,0,0,0,0,0,1,0,0,0,0,0,0,0,0
2010,24,0,5.580000000000000000,63.04032681999999700,98,0,26.9000000000000000,0,98,5.2400000000000000,98,0.5000000000000000,1129.7549610000001000,174776.0000000000,6.1000000000000000,6.0000000000000000,0.54200000000000004,10.6000000000000000,66.200000000000000,0,0,0,0,0,0,0,0,0,0,0,0,0,0,0,0,0,0,0,0,0,0,0,0,0,0,0,0,0,0,0,0,0,0,0,0,0,0,0,0
2009,21,0,4.130000000000000000,11.13608747000000000,98,0,26.2000000000000000,0,99,6.6500000000000000,98,0.9000000000000000,199.5714600000000000,17813.0000000000,6.3000000000000000,6.2000000000000000,0.53300000000000003,10.1000000000000000,65.800000000000000,0,0,0,0,0,0,0,0,0,0,0,0,0,0,0,0,0,0,0,0,0,0,0,0,0,0,0,0,0,0,0,0,0,0,0,0,0,0,0,0
2005,222,0,5.270000000000000000,10.81391340000000100,96,0,23.4000000000000000,0,97,1.4000000000000000,97,1.6000000000000000,81.8615700000000000,15563.0000000000,7.0000000000000000,7.0000000000000000,0.51400000000000001,10.0000000000000000,64.300000000000000,0,0,0,0,0,0,0,0,0,0,0,0,0,0,0,0,0,0,0,0,0,0,0,0,0,0,0,0,0,0,0,0,1,0,0,0,0,0,0,0
2001,225,0,5.019999999999999600,3.84122857500000010,92,0,21.1000000000000000,0,9,1.2800000000000000,92,1.5000000000000000,51.2163809999999980,141622.0000000000,7.8000000000000000,7.8000000000000000,0.49700000000000000,9.4000000000000000,62.800000000000000,0,0,0,0,0,0,0,0,0,1,0,0,0,0,0,0,0,0,0,0,0,0,0,0,0,0,0,0,0,1,0,0,0,0,0,0,0,0,0,0
2008,98,9,0.090000000000000000,15.50666857000000000,98,158,62.4000000000000000,10,98,2.8700000000000000,98,0.1000000000000000,237.8323399999999900,null,7.2000000000000000,7.3000000000000000,0.77900000000000003,12.8000000000000000,73.300000000000000,0,0,0,0,0,0,0,0,0,0,0,0,0,0,0,0,0,0,0,0,0,0,0,0,0,0,0,0,0,0,0,0,0,0,0,0,0,0,0,0
2007,99,9,0.100000000000000000,1307.89002000000000000,96,4648,61.6000000000000000,10,96,3.4900000000000000,96,0.1000000000000000,16472.1664999999990000,null,7.2000000000000000,7.3000000000000000,0.77300000000000002,12.7000000000000000,73.200000000000000,0,0,0,0,0,0,0,0,0,0,0,0,0,0,0,0,0,0,0,0,0,0,0,0,1,0,1,0,0,0,0,0,0,1,0,0,0,0,0,0
2009,219,21,0.300000000000000000,1.17747767699999990,86,999,21.2000000000000000,33,83,4.8099999999999996,86,0.5000000000000000,12.5664640000000000,1255917.0000000000,1.6000000000000000,1.5000000000000000,0.44400000000000001,7.5000000000000000,63.500000000000000,0,0,0,0,0,0,0,0,0,0,0,0,0,0,0,0,0,0,0,0,0,0,0,0,0,0,1,0,0,0,0,0,0,0,0,0,0,0,0,0
2001,251,26,0.340000000000000000,6.06422120199999970,92,24789,17.8999999999999990,49,49,4.9800000000000004,52,0.6000000000000000,481.2873970000000000,1134497.0000000000,12.1000000000000000,12.1000000000000000,0.38100000000000001,5.4000000000000000,57.900000000000000,0,0,0,0,0,0,0,0,0,0,0,0,0,0,0,0,0,0,0,0,0,0,0,0,0,0,1,0,0,1,0,0,0,0,0,0,0,0,0,0
2011,127,1,9.560000000000000000,915.31907909999995000,94,370,57.7000000000000000,1,94,9.7200000000000006,94,0.1000000000000000,6423.2917829999997000,723499.0000000000,2.2000000000000002,2.2000000000000002,0.75700000000000001,13.5000000000000000,74.599999999999994,0,0,0,0,0,0,0,0,0,0,0,0,0,0,0,0,0,0,0,0,0,0,0,0,0,0,0,0,0,0,0,0,0,0,0,0,0,0,0,0
2005,48,30,3.830000000000000000,42.08892911000000200,92,29,19.2000000000000000,47,67,12.2500000000000000,65,2.2000000000000002,287.6891941999999700,5658379.0000000000,9.3000000000000007,9.3000000000000007,0.34100000000000003,7.8000000000000000,43.300000000000000,0,0,0,0,0,0,0,0,0,0,0,0,0,0,0,0,0,0,0,0,0,0,0,0,0,0,0,0,0,0,0,0,1,0,0,0,0,0,0,1
2000,78,0,2.029999999999999800,1855.82880600000000000,97,141,28.5000000000000000,0,98,2.7100000000000000,98,0.1000000000000000,23792.6770000000000000,null,2.1000000000000000,2.0000000000000000,0.81000000000000000,12.5000000000000000,78.300000000000000,0,0,0,0,0,0,0,0,0,0,0,0,0,0,0,0,0,0,0,0,0,0,0,0,1,0,0,0,0,0,0,0,0,1,0,0,0,0,0,0
2014,113,0,10.600000000000000000,0E-17,97,0,58.4000000000000000,0,97,8.5000000000000000,97,0.1000000000000000,null,null,1.2000000000000000,1.2000000000000000,0.84099999999999997,15.1000000000000000,76.400000000000006,0,0,0,0,0,0,0,0,0,0,0,0,0,0,0,0,0,0,0,0,0,0,0,0,0,0,0,0,0,0,0,0,0,0,0,0,0,0,0,0
2007,14,0,10.580000000000000000,0E-17,99,0,54.2000000000000000,0,99,7.7600000000000000,99,0.1000000000000000,null,null,1.3000000000000000,1.4000000000000000,0.80200000000000005,14.5000000000000000,74.400000000000006,0,0,0,0,0,0,0,0,0,0,0,0,0,0,0,0,0,0,0,0,0,0,0,0,0,0,0,0,0,0,0,0,0,0,0,0,0,0,0,0
2012,81,0,10.950000000000000000,3283.02486400000000000,92,2,58.2000000000000000,0,96,9.3699999999999992,96,0.1000000000000000,22486.4716699999990000,257159.0000000000,1.5000000000000000,1.5000000000000000,0.87700000000000000,16.8000000000000000,82.000000000000000,0,0,0,0,0,0,0,0,0,0,0,0,0,0,0,0,0,0,0,0,0,0,0,0,1,0,0,0,0,0,0,0,0,1,0,0,0,0,0,0
2010,87,0,10.320000000000000000,3187.49621900000010000,92,2,57.0000000000000000,0,96,9.6999999999999993,96,0.1000000000000000,23437.4722000000000000,248583.0000000000,1.6000000000000000,1.6000000000000000,0.87200000000000000,16.8999999999999990,79.500000000000000,0,0,0,0,0,0,0,0,0,0,0,0,0,0,0,0,0,0,0,0,0,0,0,0,1,0,0,0,0,0,0,0,0,1,0,0,0,0,0,0
2001,124,0,10.800000000000000000,196.30262429999999000,92,0,51.8000000000000000,0,93,8.5700000000000000,92,0.1000000000000000,1479.2963400000001000,19926.0000000000,2.2000000000000002,2.2000000000000002,0.82399999999999995,14.7000000000000000,76.200000000000000,0,0,0,0,0,0,0,0,0,0,0,0,0,0,0,0,0,0,0,0,0,0,0,0,0,0,0,0,0,0,0,0,0,0,0,0,0,0,0,0
2010,428,43,7.280000000000000000,1038.88563200000000000,71,12499,47.2000000000000000,62,72,8.5000000000000000,72,11.0000000000000000,7362.7613899999997000,5979432.3600000003,7.3000000000000000,8.9000000000000000,0.63000000000000000,12.8000000000000000,58.000000000000000,0,0,0,0,0,0,0,0,0,0,0,0,0,0,0,0,0,0,0,0,0,0,0,0,0,0,1,0,0,0,0,0,1,0,0,0,0,0,0,0
2003,485,55,6.930000000000000000,519.15637809999998000,71,244,42.2000000000000000,82,7,8.2600000000000000,69,28.9000000000000000,3775.6827499999999000,46418193.8999999990,13.5000000000000000,16.1000000000000010,0.61299999999999999,12.9000000000000000,54.000000000000000,0,0,0,0,0,0,0,0,0,1,0,0,1,0,0,0,0,0,0,0,0,1,1,0,0,0,0,0,1,1,0,0,1,0,1,0,1,0,0,0
2011,63,1,9.619999999999999200,4873.81880000000000000,97,3802,64.0999999999999940,2,97,9.4800000000000000,97,0.1000000000000000,31834.2181600000000000,46742697.0000000000,0.6000000000000000,0.5000000000000000,0.86699999999999999,16.8999999999999990,82.100000000000000,0,0,0,0,0,0,0,0,0,0,0,0,0,0,0,0,0,0,0,0,0,0,0,0,1,0,1,0,0,0,0,0,0,1,1,0,0,0,0,0
2010,64,1,9.779999999999999400,578.74171720000004000,97,302,63.5000000000000000,2,97,9.5600000000000000,97,0.1000000000000000,3736.2280000000001000,46576897.0000000000,0.6000000000000000,0.5000000000000000,0.86000000000000000,16.3999999999999990,81.900000000000006,0,0,0,0,0,0,0,0,0,0,0,0,0,0,0,0,0,0,0,0,0,0,0,0,0,0,0,0,0,0,0,0,0,0,1,0,0,0,0,0
2011,141,3,3.030000000000000000,20.83302366999999900,99,60,2.5000000000000000,4,99,3.2800000000000000,99,0.1000000000000000,322.9926150000000000,2271.0000000000,15.3000000000000000,15.3000000000000000,0.74600000000000000,13.6000000000000000,74.500000000000000,0,0,0,0,0,0,0,0,0,0,0,0,0,0,0,0,0,0,0,0,0,0,0,0,0,0,0,0,0,0,0,0,0,0,0,1,0,0,0,0
2007,254,65,2.009999999999999800,86.13166943999999600,78,327,null,97,84,4.7200000000000000,84,0.3000000000000000,1115.6952000000001000,32282526.0000000000,null,null,0.44000000000000000,6.4000000000000000,61.400000000000000,0,0,0,0,0,0,0,0,0,0,0,0,0,0,0,0,0,0,0,0,0,0,1,0,0,0,0,0,1,0,0,0,0,0,1,0,0,0,0,0
2015,176,0,null,0E-17,89,0,58.3000000000000000,0,89,null,89,0.4000000000000000,8818.9825660000006000,55328.0000000000,3.5000000000000000,3.5000000000000000,0.72299999999999998,12.7000000000000000,71.599999999999994,0,0,0,0,0,0,0,0,0,0,0,0,0,0,0,0,0,0,0,0,0,0,0,0,0,0,0,0,0,0,0,0,0,0,0,0,0,0,0,0
2007,63,0,10.440000000000000000,11892.33429000000100000,92,1015,54.1000000000000000,0,94,1.2100000000000000,94,0.1000000000000000,63223.4677799999990000,7551117.0000000000,0.5000000000000000,0.4000000000000000,0.91100000000000003,15.3000000000000000,81.700000000000000,0,0,0,0,1,0,0,0,0,0,0,0,0,1,0,0,0,0,0,0,0,0,0,0,1,0,1,0,0,0,0,0,0,1,0,0,0,0,0,0
2000,78,0,11.260000000000000000,5834.58204600000040000,92,0,5.8000000000000000,0,95,9.9100000000000000,93,0.1000000000000000,37813.2342599999970000,718425.0000000000,0.7000000000000000,0.5000000000000000,0.87900000000000000,15.1000000000000000,79.700000000000000,0,0,0,0,0,0,0,0,0,0,0,0,0,0,0,0,0,0,0,0,0,0,0,0,1,0,0,0,0,0,0,0,0,1,0,0,0,0,0,0
2006,183,10,0.380000000000000000,2.62623490299999980,88,3,34.1000000000000000,12,76,5.7000000000000000,83,0.3000000000000000,44.2872665000000010,7557.0000000000,3.8000000000000000,3.9000000000000000,0.57899999999999996,10.7000000000000000,65.900000000000006,0,0,0,0,0,0,0,0,0,0,0,0,0,0,0,0,0,0,0,0,0,0,0,0,0,0,0,0,0,0,0,0,0,0,0,0,0,0,0,0
2006,186,2,0.040000000000000000,28.12560496000000000,92,90,13.9000000000000000,3,62,0.6500000000000000,63,0.1000000000000000,441.5322600000000100,148621.0000000000,11.9000000000000000,11.9000000000000000,0.51100000000000001,11.0000000000000000,64.900000000000006,0,0,0,0,0,0,0,0,0,0,0,0,0,0,0,0,0,0,0,0,0,0,0,0,0,0,0,0,0,0,0,0,0,0,0,0,0,0,0,0
2003,191,0,5.530000000000000000,78.72216127000000100,76,0,36.0000000000000000,1,91,5.1300000000000000,91,0.5000000000000000,884.5186660000000500,128452.0000000000,6.4000000000000000,6.9000000000000000,0.72899999999999998,12.0000000000000000,69.300000000000000,0,0,0,0,0,0,0,0,0,0,0,0,0,0,0,0,0,0,0,0,0,0,0,0,0,0,0,0,0,0,0,0,0,0,0,0,0,0,0,0
2012,13,3,1.300000000000000000,585.87767610000003000,97,48,58.3000000000000000,3,97,7.1800000000000000,97,0.1000000000000000,4137.5542100000002000,1886668.0000000000,6.4000000000000000,6.3000000000000000,0.71699999999999997,14.6000000000000000,74.900000000000006,0,0,0,0,0,0,0,0,0,0,0,0,0,0,0,0,0,0,0,0,0,0,0,0,0,0,0,0,0,0,0,0,0,0,0,0,0,0,0,0
2008,121,25,1.390000000000000000,22.67271848000000000,92,0,6.2000000000000000,29,96,6.7000000000000000,96,0.1000000000000000,185.6897500000000000,74432.0000000000,5.0000000000000000,4.8000000000000000,0.70499999999999996,12.5000000000000000,73.500000000000000,0,0,0,0,0,0,0,0,0,0,0,0,0,0,0,0,0,0,0,0,0,0,0,0,0,0,0,0,0,0,0,0,0,0,0,0,0,0,0,0
2009,378,82,9.630000000000000800,87.04534954000000400,79,1601,15.9000000000000000,124,78,8.4300000000000000,79,8.1000000000000000,647.1773200000000100,32771895.0000000000,6.1000000000000000,6.1000000000000000,0.46400000000000002,10.8000000000000000,57.500000000000000,0,0,0,0,0,0,0,0,0,0,0,0,0,0,0,0,0,0,0,0,0,0,1,0,0,0,1,0,1,0,0,0,1,0,1,0,0,0,0,0
2015,69,3,10.660000000000000000,0E-17,92,91,66.5999999999999940,4,96,null,96,0.1000000000000000,null,null,0.8000000000000000,0.6000000000000000,null,null,81.200000000000000,0,0,0,0,0,0,0,0,0,0,0,0,0,0,0,0,0,0,0,0,0,0,0,0,0,0,0,0,0,0,0,0,0,0,0,0,0,0,0,0
2007,11,27,8.740000000000000000,0E-17,93,43,65.0999999999999940,32,93,15.5700000000000000,96,0.1000000000000000,null,null,0.7000000000000000,0.6000000000000000,null,null,78.099999999999994,0,0,0,0,0,0,0,0,0,0,1,0,0,0,0,0,0,0,0,0,0,0,0,0,0,0,0,0,0,0,1,0,0,0,0,0,0,0,0,0
2015,116,0,null,0E-17,95,0,64.0000000000000000,0,95,null,95,0.1000000000000000,15524.8424700000000000,3431552.0000000000,1.5000000000000000,1.4000000000000000,0.79400000000000004,15.5000000000000000,77.000000000000000,0,0,0,0,0,0,0,0,0,0,0,0,0,0,0,0,0,0,0,0,0,0,0,0,0,0,0,0,0,0,0,0,0,1,0,0,0,0,0,0
2013,117,0,5.820000000000000000,482.80394450000000000,94,0,62.9000000000000000,0,94,8.6800000000000000,94,0.1000000000000000,16881.2567999999990000,3485.0000000000,1.5000000000000000,1.4000000000000000,0.78800000000000003,15.5000000000000000,76.800000000000000,0,0,0,0,0,0,0,0,0,0,0,0,0,0,0,0,0,0,0,0,0,0,0,0,0,0,0,0,0,0,0,0,0,1,0,0,0,0,0,0
2015,184,15,null,0E-17,99,22,44.7000000000000000,17,99,null,99,0.1000000000000000,2137.5768520000001000,312989.0000000000,3.0000000000000000,3.1000000000000000,0.69699999999999995,12.1000000000000000,69.400000000000006,0,0,0,0,0,0,0,0,0,0,0,0,0,0,0,0,0,0,0,0,0,0,0,0,0,0,0,0,0,0,0,0,0,0,0,0,0,0,0,0
2003,183,25,1.540000000000000000,28.52135777000000200,99,85,36.4000000000000000,30,99,5.1700000000000000,98,0.3000000000000000,396.1299690000000200,2556765.0000000000,3.3000000000000000,3.3000000000000000,0.60699999999999998,11.3000000000000000,67.200000000000000,0,0,0,0,0,0,0,0,0,0,0,0,0,0,0,0,0,0,0,0,0,0,0,0,0,0,0,0,0,0,0,0,0,0,0,0,0,0,0,0
2010,133,29,3.930000000000000000,0E-17,88,2809,14.0000000000000000,35,94,6.3600000000000000,93,0.1000000000000000,null,null,14.5000000000000000,15.4000000000000000,0.64700000000000002,11.9000000000000000,75.200000000000000,0,0,0,0,0,0,0,0,0,0,0,0,0,0,0,0,0,0,0,0,0,0,0,0,0,0,1,0,0,0,0,0,0,0,0,0,0,0,0,0
2009,134,29,3.860000000000000000,0E-17,94,6582,13.4000000000000000,35,97,6.4000000000000000,96,0.1000000000000000,null,null,14.6000000000000000,15.5000000000000000,0.64100000000000001,11.7000000000000000,75.000000000000000,0,0,0,0,0,0,0,0,0,0,0,0,0,0,0,0,0,0,0,0,0,0,0,0,0,0,1,0,0,0,0,0,0,0,0,0,1,0,0,0
2003,249,43,0.040000000000000000,0E-17,38,8536,32.7000000000000030,58,61,5.0000000000000000,61,0.1000000000000000,null,null,14.0000000000000000,13.9000000000000000,0.45700000000000002,8.1999999999999993,61.900000000000000,0,0,0,0,0,0,0,0,0,0,0,0,0,0,0,0,0,0,0,0,0,0,0,0,0,1,1,0,0,0,0,0,0,0,0,0,0,0,0,0
2000,614,44,2.620000000000000000,45.61688037999999800,92,30930,16.8000000000000000,72,85,7.1600000000000000,85,18.7000000000000000,341.9556250000000000,1531221.0000000000,7.5000000000000000,7.5000000000000000,0.41799999999999998,9.6000000000000000,43.800000000000000,0,1,0,0,0,0,0,0,0,0,0,0,1,0,0,0,0,0,0,0,0,1,0,0,0,0,1,0,1,0,0,0,1,0,0,0,0,0,0,1
2007,67,29,3.880000000000000000,29.81456607000000100,72,242,28.2000000000000000,46,73,4.4700000000000000,73,23.7000000000000000,396.9982165999999800,1332999.0000000000,8.1999999999999993,8.1999999999999993,0.41399999999999998,9.6000000000000000,46.600000000000000,0,0,0,0,0,0,0,0,0,0,0,0,1,0,0,0,0,0,0,0,0,0,0,0,0,0,0,0,0,0,0,0,1,0,0,0,0,0,0,0
2003,715,26,4.059999999999999600,0E-17,7,998,26.7000000000000000,41,7,6.5200000000000000,68,36.7000000000000030,453.3511551999999900,12633897.0000000000,9.8000000000000007,9.9000000000000000,0.41799999999999998,9.5000000000000000,44.500000000000000,0,1,0,0,0,1,0,0,0,1,0,0,1,0,0,0,0,0,0,0,0,1,0,0,0,1,1,0,0,1,0,0,1,0,0,0,0,0,0,0
2013,281,10,0.010000000000000000,25.70881694999999900,73,12,47.2000000000000000,13,8,4.7800000000000000,79,0.8000000000000000,229.9536400000000100,7592865.0000000000,1.3000000000000000,1.3000000000000000,0.50600000000000001,10.0000000000000000,62.400000000000000,0,0,0,0,0,0,0,0,0,1,0,0,0,0,0,0,0,0,0,0,0,0,0,0,0,0,0,0,0,1,0,0,0,0,0,0,0,0,0,0
2005,37,11,0.840000000000000000,12.05551997000000100,63,1222,41.1000000000000000,15,61,6.4200000000000000,72,1.5000000000000000,77.5773485999999930,631479.0000000000,1.4000000000000000,1.4000000000000000,0.44600000000000001,7.9000000000000000,64.000000000000000,0,0,0,0,0,0,0,0,0,0,0,0,0,0,0,0,0,0,0,0,0,0,0,0,0,0,1,0,0,0,0,0,0,0,0,0,0,0,0,0
2006,161,3,5.610000000000000000,26.18072382000000100,92,0,43.5000000000000000,4,98,6.4300000000000000,98,0.2000000000000000,189.7153900000000100,5882796.0000000000,2.2000000000000002,2.2000000000000002,0.64800000000000002,12.1000000000000000,72.300000000000000,0,0,0,0,0,0,0,0,0,0,0,0,0,0,0,0,0,0,0,0,0,0,0,0,0,0,0,0,0,0,0,0,0,0,0,0,0,0,0,0
2002,168,4,5.660000000000000000,152.82939730000001000,92,0,4.5999999999999996,4,87,6.7700000000000000,87,0.1000000000000000,1148.2298820000001000,558611.0000000000,2.4000000000000000,2.2999999999999998,0.63200000000000001,12.2000000000000000,71.500000000000000,0,0,0,0,0,0,0,0,0,0,0,0,0,0,0,0,0,0,0,0,0,0,0,0,0,0,0,0,0,0,0,0,0,0,0,0,0,0,0,0
2009,14,10,4.690000000000000400,570.45324679999999000,93,0,51.5000000000000000,13,92,5.3600000000000000,93,0.3000000000000000,4166.9338699999998000,29157.0000000000,1.2000000000000000,1.2000000000000000,0.70599999999999996,13.3000000000000000,73.800000000000000,0,0,0,0,0,0,0,0,0,0,0,0,0,0,0,0,0,0,0,0,0,0,0,0,0,0,0,0,0,0,0,0,0,0,0,0,0,0,0,0
2005,223,65,4.220000000000000000,105.73069820000001000,49,118,2.1000000000000000,84,9,3.9100000000000000,89,0.1000000000000000,1194.6971550000001000,86274237.0000000000,1.0000000000000000,9.6999999999999993,0.64200000000000002,11.6000000000000000,67.000000000000000,0,0,0,0,0,0,0,0,0,1,0,0,0,0,0,0,0,0,0,0,0,0,1,0,0,1,0,0,1,1,0,0,0,0,1,0,0,0,0,0
2009,136,2,10.700000000000000000,1299.15975699999990000,98,115,57.8000000000000000,3,96,7.1200000000000000,99,0.1000000000000000,11527.5932300000000000,3815163.0000000000,2.1000000000000000,2.2999999999999998,0.81799999999999995,15.1000000000000000,75.700000000000000,0,0,0,0,0,0,0,0,0,0,0,0,0,0,0,0,0,0,0,0,0,0,0,0,1,0,0,0,0,0,0,0,0,0,0,0,0,0,0,0
2003,142,3,9.060000000000000000,542.02350000000001000,97,48,54.5000000000000000,3,98,6.2200000000000000,99,0.1000000000000000,5693.5241599999999000,382457.0000000000,2.4000000000000000,2.6000000000000000,0.79600000000000004,15.3000000000000000,74.700000000000000,0,0,0,0,0,0,0,0,0,0,0,0,0,0,0,0,0,0,0,0,0,0,0,0,0,0,0,0,0,0,0,0,0,0,0,0,0,0,0,0
2006,96,0,13.110000000000000000,2884.02019400000020000,97,0,54.9000000000000000,0,97,9.6700000000000000,97,0.1000000000000000,19821.4446300000020000,1522288.0000000000,0.7000000000000000,0.5000000000000000,0.79300000000000004,15.4000000000000000,78.500000000000000,0,0,0,0,0,0,0,0,0,0,0,0,0,0,0,0,0,0,0,0,0,0,0,0,1,0,0,0,0,0,0,0,0,1,0,0,0,0,0,0
2001,17,3,11.450000000000000000,0E-17,89,23060,25.2000000000000000,4,99,4.7600000000000000,97,0.1000000000000000,null,null,1.6000000000000000,1.1000000000000001,null,null,76.700000000000000,0,0,0,0,0,0,0,0,0,0,0,0,0,0,0,0,0,0,0,0,0,0,0,0,0,0,1,0,0,0,0,0,0,0,0,0,0,0,0,0
2014,162,1,9.990000000000000000,0E-17,92,2,52.7000000000000000,1,92,1.3200000000000000,9,0.1000000000000000,null,null,2.7000000000000000,2.8000000000000000,null,null,71.800000000000000,0,0,0,0,0,0,0,0,0,0,0,1,0,0,0,0,0,0,0,0,0,0,0,0,0,0,0,0,0,0,0,1,0,0,0,0,0,0,0,0
2005,327,18,11.570000000000000000,625.50818049999998000,97,454,55.3000000000000000,20,98,5.2100000000000000,98,0.3000000000000000,5323.4738770000004000,143518523.0000000000,2.4000000000000000,2.7000000000000000,0.74800000000000000,13.7000000000000000,65.000000000000000,0,0,0,0,0,0,0,0,0,0,0,0,0,0,0,0,0,0,0,0,0,0,0,0,0,0,0,0,0,0,0,0,0,0,1,0,0,0,0,0
2013,233,12,0.010000000000000000,11.71090655000000100,98,17,2.1000000000000000,17,98,7.6900000000000000,98,0.5000000000000000,688.8768556999999600,1165151.0000000000,5.9000000000000000,5.9000000000000000,0.48499999999999999,10.8000000000000000,65.200000000000000,0,0,0,0,0,0,0,0,0,0,0,0,0,0,0,0,0,0,0,0,0,0,0,0,0,0,0,0,0,0,0,0,0,0,0,0,0,0,0,0
2000,183,0,11.690000000000000000,0E-17,92,0,36.7999999999999970,0,7,5.5300000000000000,7,0.4000000000000000,null,null,4.5000000000000000,4.5000000000000000,0E-17,12.8000000000000000,71.599999999999994,0,0,0,0,0,0,0,0,0,1,0,1,0,0,0,0,0,0,0,0,0,0,0,0,0,0,0,0,0,1,0,1,0,0,0,0,0,1,0,0
2008,167,0,6.920000000000000000,0E-17,99,0,47.5000000000000000,0,99,4.7000000000000000,99,0.3000000000000000,null,null,3.6000000000000000,3.6000000000000000,0.70399999999999996,13.3000000000000000,72.099999999999994,0,0,0,0,0,0,0,0,0,0,0,0,0,0,0,0,0,0,0,0,0,0,0,0,0,0,0,0,0,0,0,0,0,0,0,0,0,0,0,0
2002,186,0,4.940000000000000400,0E-17,92,0,42.0000000000000000,0,99,3.9300000000000000,99,0.4000000000000000,null,null,3.9000000000000000,3.8000000000000000,0.67700000000000005,12.9000000000000000,79.000000000000000,0,0,0,0,0,0,0,0,0,0,0,0,0,0,0,0,0,0,0,0,0,0,0,0,0,0,0,0,0,0,0,0,0,0,0,0,0,0,0,0
2014,128,0,0.010000000000000000,660.27779229999999000,56,0,74.3000000000000000,0,58,7.2200000000000000,63,0.1000000000000000,4178.9733690000003000,19229.0000000000,0.2000000000000000,0.1000000000000000,0.70099999999999996,12.9000000000000000,73.800000000000000,0,0,0,0,0,0,0,0,0,0,0,0,0,0,0,0,0,0,0,0,0,0,0,0,0,1,0,0,0,0,0,0,0,0,0,0,0,0,0,0
2003,225,0,6.540000000000000000,86.42744055999999400,43,0,22.2000000000000000,0,94,11.1200000000000000,94,1.6000000000000000,649.3421530000000500,148372.0000000000,7.4000000000000000,7.4000000000000000,0.50400000000000000,9.6999999999999993,63.400000000000000,0,0,0,0,0,0,0,0,0,0,0,0,0,0,0,0,0,0,0,0,0,0,0,0,0,1,0,0,0,0,0,0,1,0,0,0,0,0,0,0
2006,1,9,0.080000000000000000,1395.45496499999990000,96,807,6.9000000000000000,10,96,3.5500000000000000,96,0.1000000000000000,15334.6699400000000000,null,7.2000000000000000,7.3000000000000000,0.76700000000000002,12.5000000000000000,73.200000000000000,0,0,0,0,0,0,0,0,0,0,0,0,0,0,0,0,0,0,0,0,0,0,0,0,1,0,0,0,0,0,0,0,0,1,0,0,0,0,0,0
2003,13,9,0.050000000000000000,832.36887079999997000,95,1208,58.5000000000000000,11,95,4.2000000000000000,95,0.1000000000000000,9567.4582850000006000,null,7.2000000000000000,7.3000000000000000,0.74700000000000000,12.2000000000000000,73.000000000000000,0,0,0,0,0,0,0,0,0,0,0,0,0,0,0,0,0,0,0,0,0,0,0,0,0,0,1,0,0,0,0,0,0,0,0,0,0,0,0,0
2002,186,0,11.150000000000000000,562.36018479999996000,99,0,28.1000000000000000,0,99,4.2100000000000000,99,0.1000000000000000,8331.2619969999996000,83723.0000000000,6.1000000000000000,6.6000000000000000,0.71199999999999997,12.1000000000000000,72.099999999999994,0,0,0,0,0,0,0,0,0,0,0,0,0,0,0,0,0,0,0,0,0,0,0,0,0,0,0,0,0,0,0,0,0,0,0,0,0,0,0,0
2008,64,0,1.700000000000000000,3404.13099000000010000,97,18,31.2000000000000000,0,97,3.9100000000000000,97,0.1000000000000000,39721.4818000000010000,null,2.1000000000000000,2.1000000000000000,0.88000000000000000,14.2000000000000000,81.400000000000006,0,0,0,0,0,0,0,0,0,0,0,0,0,0,0,0,0,0,0,0,0,0,0,0,1,0,0,0,0,0,0,0,0,1,0,0,0,0,0,0
2007,65,0,1.600000000000000000,3082.97353500000010000,96,15,3.9000000000000000,0,97,3.4600000000000000,97,0.1000000000000000,39223.5818700000020000,null,2.1000000000000000,2.0000000000000000,0.87300000000000000,14.1000000000000000,81.099999999999994,0,0,0,0,0,0,0,0,0,0,0,0,0,0,0,0,0,0,0,0,0,0,0,0,1,0,0,0,0,0,0,0,0,1,0,0,0,0,0,0
2004,71,0,1.450000000000000000,204.24818920000001000,94,96,29.9000000000000000,0,95,3.1700000000000000,95,0.1000000000000000,2745.2713600000002000,null,2.1000000000000000,2.0000000000000000,0.82000000000000000,12.7000000000000000,79.700000000000000,0,0,0,0,0,0,0,0,0,0,0,0,0,0,0,0,0,0,0,0,0,0,0,0,0,0,0,0,0,0,0,0,0,0,0,0,0,0,0,0
2008,136,0,11.370000000000000000,0E-17,99,0,54.8000000000000000,0,99,8.1999999999999993,99,0.1000000000000000,null,null,1.3000000000000000,1.4000000000000000,0.81299999999999994,14.8000000000000000,74.700000000000000,0,0,0,0,0,0,0,0,0,0,0,0,0,0,0,0,0,0,0,0,0,0,0,0,0,0,0,0,0,0,0,0,0,0,0,0,0,0,0,0
2006,138,0,10.280000000000000000,0E-17,99,0,53.7000000000000000,0,99,7.3500000000000000,99,0.1000000000000000,null,null,1.4000000000000000,1.5000000000000000,0.79300000000000004,14.3000000000000000,74.300000000000000,0,0,0,0,0,0,0,0,0,0,0,0,0,0,0,0,0,0,0,0,0,0,0,0,0,0,0,0,0,0,0,0,0,0,0,0,0,0,0,0
2009,192,0,1.210000000000000000,244.39764380000000000,92,0,45.5000000000000000,0,98,7.9200000000000000,92,0.1000000000000000,1158.2826720000000000,51679.0000000000,1.2000000000000000,1.2000000000000000,0.49399999999999999,9.3000000000000007,68.099999999999994,0,0,0,0,0,0,0,0,0,0,0,0,0,0,0,0,0,0,0,0,0,0,0,0,0,0,0,0,0,0,0,0,0,0,0,0,0,0,0,0
2006,2,0,0.990000000000000000,240.48512020000001000,99,0,43.0000000000000000,0,99,6.6600000000000000,99,0.1000000000000000,948.6592511000000100,481422.0000000000,1.3000000000000000,1.3000000000000000,0.47000000000000000,8.4000000000000000,67.599999999999994,0,0,0,0,0,0,0,0,0,0,0,0,0,0,0,0,0,0,0,0,0,0,0,0,0,0,0,0,0,0,0,0,0,0,0,0,0,0,0,0
2003,344,48,0.010000000000000000,0E-17,92,8257,19.0000000000000000,78,4,null,4,0.9000000000000000,null,null,7.7000000000000000,7.5000000000000000,null,null,51.100000000000000,0,0,0,0,0,0,0,0,0,1,0,1,0,0,0,0,0,0,0,0,0,0,0,0,0,0,1,0,1,1,0,1,0,0,0,0,0,0,0,0
2004,497,55,6.960000000000000000,622.04380900000001000,76,830,42.9000000000000000,83,73,7.9300000000000000,74,29.7000000000000000,4863.5168800000001000,4717.9900000000,12.6000000000000000,15.0000000000000000,0.61099999999999999,12.9000000000000000,53.700000000000000,0,0,0,0,0,0,0,0,0,0,0,0,1,0,0,0,0,0,0,0,0,1,1,0,0,0,0,0,1,0,0,0,1,0,0,0,0,0,0,0
2006,145,4,1.960000000000000000,120.24717130000001000,98,0,17.2000000000000000,5,98,4.5999999999999996,98,0.1000000000000000,1448.7610999999999000,1952.0000000000,15.4000000000000000,15.5000000000000000,0.71799999999999997,13.1000000000000000,73.800000000000000,0,0,0,0,0,0,0,0,0,0,0,0,0,0,0,0,0,0,0,0,0,0,0,0,0,0,0,0,0,0,0,0,0,0,0,1,1,0,0,0
2014,229,59,0.010000000000000000,253.60865079999999000,94,676,null,86,94,8.4300000000000000,94,0.3000000000000000,2176.8982900000001000,37737913.0000000000,null,null,0.48499999999999999,7.2000000000000000,63.800000000000000,0,0,0,0,0,0,0,0,0,0,0,0,0,0,0,0,0,0,0,0,0,0,1,0,0,0,0,0,1,0,0,0,0,0,1,0,0,0,0,0
2004,278,68,1.590000000000000000,37.04479956000000100,92,9562,null,102,74,3.3900000000000000,74,0.2000000000000000,565.5694590000000500,3186341.0000000000,null,null,0.41499999999999998,5.7000000000000000,59.700000000000000,0,0,0,0,0,0,0,0,0,0,0,0,0,0,0,0,0,0,0,0,0,0,1,0,0,0,1,0,1,0,0,0,0,0,0,0,0,0,0,0
2012,178,0,5.730000000000000000,1168.32409499999990000,84,0,56.3000000000000000,0,84,6.9000000000000000,84,0.9000000000000000,9272.4134529999992000,53777.0000000000,3.5000000000000000,3.4000000000000000,0.70799999999999996,12.7000000000000000,71.300000000000000,0,0,0,0,0,0,0,0,0,0,0,0,0,0,0,0,0,0,0,0,0,0,0,0,1,0,0,0,0,0,0,0,0,0,0,0,0,0,0,0
2002,587,3,5.520000000000000000,131.04212690000000000,88,37,26.7000000000000000,4,87,5.1600000000000000,85,49.9000000000000000,1324.9962280000000000,1893.0000000000,8.6000000000000000,8.8000000000000007,0.50200000000000000,9.1999999999999993,46.400000000000000,0,1,0,0,0,0,0,0,0,0,0,0,1,0,0,0,0,0,0,0,0,1,0,0,0,0,0,0,0,0,0,0,1,0,0,0,0,0,0,0
2001,73,0,6.600000000000000000,3554.54643399999990000,92,5,53.4000000000000000,0,99,8.8600000000000000,99,0.1000000000000000,26969.2445699999990000,889596.0000000000,1.3000000000000000,1.3000000000000000,0.87700000000000000,15.9000000000000000,79.800000000000000,0,0,0,0,0,0,0,0,0,0,0,0,0,0,0,0,0,0,0,0,0,0,0,0,1,0,0,0,0,0,0,0,0,1,0,0,0,0,0,0
2009,6,0,10.150000000000000000,14714.82588000000000000,92,958,55.0000000000000000,0,96,11.0000000000000000,95,0.1000000000000000,69672.4710000000050000,7743831.0000000000,0.5000000000000000,0.4000000000000000,0.91600000000000004,15.3000000000000000,82.100000000000000,0,0,0,0,1,0,0,0,0,0,0,0,0,1,0,0,0,0,0,0,0,0,0,0,1,0,1,0,0,0,0,0,0,1,0,0,0,0,0,0
2015,293,6,null,0E-17,41,45,57.1000000000000000,8,5,null,41,0.1000000000000000,null,18734987.0000000000,6.3000000000000000,6.1000000000000000,0.55300000000000005,9.0000000000000000,64.500000000000000,0,0,0,0,0,0,0,0,0,1,0,0,0,0,0,0,0,0,0,0,0,0,0,0,0,1,0,0,0,1,0,1,0,0,1,0,0,0,0,0
2005,127,9,0.920000000000000000,116.25859430000000000,83,375,47.6000000000000000,10,83,4.1100000000000003,8,0.1000000000000000,1577.4571820000001000,18294611.0000000000,6.5000000000000000,6.3000000000000000,0.62400000000000000,11.0000000000000000,73.500000000000000,0,0,0,0,0,0,0,0,0,0,0,1,0,0,0,0,0,0,0,0,0,0,0,0,0,0,0,0,0,0,0,1,0,0,1,0,0,0,0,0
2011,155,10,6.070000000000000000,748.44510539999999000,98,3156,29.0000000000000000,11,99,4.1200000000000000,99,0.2000000000000000,5491.1599809999998000,675313.0000000000,8.1000000000000000,8.1999999999999993,0.72000000000000000,13.3000000000000000,74.099999999999994,0,0,0,0,0,0,0,0,0,0,0,0,0,0,0,0,0,0,0,0,0,0,0,0,0,0,1,0,0,0,0,0,0,0,0,0,0,0,0,0
2009,16,11,5.880000000000000000,547.21014109999999000,98,6071,26.8000000000000000,12,99,4.1100000000000003,99,0.3000000000000000,4212.5492000000004000,66881867.0000000000,8.3000000000000007,8.5000000000000000,0.70599999999999996,13.0000000000000000,73.700000000000000,0,0,0,0,0,0,0,0,0,0,0,0,0,0,0,0,0,0,0,0,0,0,0,0,0,0,1,0,0,0,0,0,0,0,1,0,0,0,0,0
2008,162,11,5.920000000000000000,609.95116320000000000,98,7790,25.7000000000000000,13,99,3.9200000000000000,99,0.3000000000000000,4378.6874600000001000,6654576.0000000000,8.5000000000000000,8.6000000000000000,0.70000000000000000,12.9000000000000000,73.500000000000000,0,0,0,0,0,0,0,0,0,0,0,0,0,0,0,0,0,0,0,0,0,0,0,0,0,0,1,0,0,0,0,0,0,0,0,0,0,0,0,0
2006,168,13,6.180000000000000000,433.92109180000000000,96,3588,23.6000000000000000,15,98,3.4900000000000000,98,0.5000000000000000,3368.9525760000001000,65824164.0000000000,8.6999999999999993,8.9000000000000000,0.68600000000000005,12.4000000000000000,73.000000000000000,0,0,0,0,0,0,0,0,0,0,0,0,0,0,0,0,0,0,0,0,0,0,0,0,0,0,1,0,0,0,0,0,0,0,1,0,0,0,0,0
2004,229,3,0.380000000000000000,8.41578893500000010,92,41,13.2000000000000000,3,57,1.3100000000000000,57,0.1000000000000000,467.5438297000000000,996698.0000000000,12.0000000000000000,12.0000000000000000,0.48399999999999999,10.1999999999999990,62.300000000000000,0,0,0,0,0,0,0,0,0,0,0,0,0,0,0,0,0,0,0,0,0,0,0,0,0,0,0,0,0,0,0,0,0,0,0,0,0,0,0,0
2000,276,3,0.500000000000000000,49.06967155000000200,92,0,11.9000000000000000,4,93,3.2600000000000000,93,0.1000000000000000,422.2863300000000200,87167.0000000000,12.2000000000000000,12.2000000000000000,0E-17,0E-16,58.700000000000000,0,0,0,0,0,0,0,0,0,0,0,0,0,0,0,0,0,0,1,0,0,0,0,0,0,0,0,0,0,0,0,0,0,0,0,0,0,1,1,0
2010,323,14,1.210000000000000000,41.96145465000000000,83,120,21.4000000000000000,21,83,5.3700000000000000,83,3.8000000000000000,487.9238912999999800,652952.0000000000,7.3000000000000000,7.2000000000000000,0.44900000000000001,11.0000000000000000,57.400000000000000,0,0,0,0,0,0,0,0,0,0,0,0,0,0,0,0,0,0,0,0,0,0,0,0,0,0,0,0,0,0,0,0,1,0,0,0,0,0,0,0
2002,351,15,1.000000000000000000,1.99518291200000000,92,363,17.5000000000000000,22,58,4.7000000000000000,59,5.3000000000000000,28.8321229999999990,5251472.0000000000,9.0000000000000000,8.9000000000000000,0.42799999999999999,9.6999999999999993,54.700000000000000,0,0,0,0,0,0,0,0,0,0,0,0,0,0,0,0,0,0,0,0,0,0,0,0,0,0,0,0,0,0,0,0,1,0,0,0,0,0,0,0
2001,345,14,0.950000000000000000,2.04857487399999980,92,1833,17.1000000000000010,22,51,4.2900000000000000,5,5.3000000000000000,26.6394652000000000,511177.0000000000,9.1999999999999993,9.1000000000000000,0.42599999999999999,9.4000000000000000,54.600000000000000,0,0,0,0,0,0,0,0,0,0,0,1,0,0,0,0,0,0,0,0,0,0,0,0,0,0,1,0,0,0,0,1,1,0,0,0,0,0,0,0
2007,187,0,6.370000000000000000,136.88366830000001000,89,0,39.2999999999999970,0,9,4.8200000000000000,88,0.7000000000000000,1653.1844000000001000,13926.0000000000,6.1000000000000000,6.5000000000000000,0.76000000000000000,12.4000000000000000,69.700000000000000,0,0,0,0,0,0,0,0,0,1,0,0,0,0,0,0,0,0,0,0,0,0,0,0,0,0,0,0,0,1,0,0,0,0,0,0,0,0,0,0
2007,12,3,1.240000000000000000,469.62829249999999000,98,4,53.9000000000000000,4,98,5.6400000000000000,98,0.1000000000000000,3778.1841709999999000,129887.0000000000,6.3000000000000000,6.3000000000000000,0.69499999999999995,14.3000000000000000,74.599999999999994,0,0,0,0,0,0,0,0,0,0,0,0,0,0,0,0,0,0,0,0,0,0,0,0,0,0,0,0,0,0,0,0,0,0,0,0,0,0,0,0
2011,114,20,1.530000000000000000,1275.87756900000000000,96,111,62.8000000000000000,23,97,5.2900000000000000,97,0.1000000000000000,11341.1339499999990000,7349455.0000000000,4.9000000000000004,4.7000000000000000,0.73699999999999999,13.8000000000000000,74.500000000000000,0,0,0,0,0,0,0,0,0,0,0,0,0,0,0,0,0,0,0,0,0,0,0,0,1,0,0,0,0,0,0,0,0,0,0,0,0,0,0,0
2004,132,33,1.350000000000000000,1.13276677499999990,77,8927,56.8000000000000000,39,85,5.3700000000000000,85,0.1000000000000000,64.7295299999999970,677855.0000000000,5.0999999999999996,4.9000000000000004,0.67500000000000004,12.0000000000000000,72.000000000000000,0,0,0,0,0,0,0,0,0,0,0,0,0,0,0,0,0,0,0,0,0,0,0,0,0,0,1,0,0,0,0,0,0,0,0,0,0,0,0,0
2003,135,35,1.420000000000000000,459.11130609999998000,68,5844,55.9000000000000000,43,69,5.3400000000000000,68,0.1000000000000000,4718.5129100000004000,668583.0000000000,5.0999999999999996,5.0000000000000000,0.66800000000000004,11.9000000000000000,71.599999999999994,0,0,0,0,0,0,0,0,0,0,0,0,0,0,0,0,0,0,0,0,0,0,0,0,0,0,1,0,0,0,0,0,0,0,0,0,0,0,0,0
2013,142,0,0.010000000000000000,78.28120316999999800,9,0,79.3000000000000000,0,9,16.6100000000000000,9,0.1000000000000000,3542.1358900000000000,1819.0000000000,0.2000000000000000,0.1000000000000000,null,0E-16,null,0,0,0,0,0,1,0,0,0,1,1,1,0,0,0,0,0,0,1,0,0,0,0,0,0,1,0,0,0,1,1,1,0,0,0,0,0,0,1,0
2001,539,115,10.570000000000000000,26.97625216999999900,92,48543,13.3000000000000000,187,56,7.2600000000000000,55,10.8000000000000000,234.9847750000000100,24854892.0000000000,6.9000000000000000,6.9000000000000000,0.39600000000000002,10.8000000000000000,47.700000000000000,0,1,0,0,0,0,1,0,0,0,0,0,0,0,0,0,0,0,0,0,0,1,1,0,0,0,1,0,1,0,0,0,1,0,1,0,0,0,0,0
2009,84,1,1.730000000000000000,292.40226719999998000,93,0,55.1000000000000000,1,94,4.5000000000000000,93,0.1000000000000000,3372.5751700000001000,null,5.0999999999999996,4.9000000000000004,0.83099999999999996,13.2000000000000000,76.000000000000000,0,0,0,0,0,0,0,0,0,0,0,0,0,0,0,0,0,0,0,0,0,0,0,0,0,0,0,0,0,0,0,0,0,0,0,0,0,0,0,0
2000,17,1,1.640000000000000000,262.95895780000001000,92,69,54.1000000000000000,1,94,2.3800000000000000,94,0.1000000000000000,3371.2686899999999000,null,5.4000000000000000,5.0999999999999996,0.79100000000000004,11.8000000000000000,74.200000000000000,0,0,0,0,0,0,0,0,0,0,0,0,0,0,0,0,0,0,0,0,0,0,0,0,0,0,0,0,0,0,0,0,0,0,0,0,0,0,0,0
2012,72,3,10.420000000000000000,0E-17,92,2092,64.8000000000000000,4,95,9.4100000000000000,95,0.1000000000000000,null,null,0.8000000000000000,0.5000000000000000,null,null,86.000000000000000,0,0,0,0,0,0,0,0,0,0,0,0,0,0,0,0,0,0,0,0,0,0,0,0,0,0,1,0,0,0,0,0,0,0,0,0,0,0,0,0
2014,14,23,8.820000000000000000,0E-17,92,667,69.0999999999999940,27,93,17.1400000000000000,95,0.1000000000000000,null,null,0.8000000000000000,0.6000000000000000,null,null,79.099999999999994,0,0,0,0,0,0,0,0,0,0,1,0,0,0,0,0,0,0,0,0,0,0,0,0,0,0,0,0,0,0,1,0,0,0,0,0,0,0,0,0
2014,184,16,0.010000000000000000,0.44280240399999998,99,8,43.9000000000000000,18,99,5.8400000000000000,99,0.1000000000000000,25.4484140000000000,37577.0000000000,3.0000000000000000,3.1000000000000000,0.69000000000000000,12.1000000000000000,69.200000000000000,0,0,0,0,0,0,0,0,0,0,0,0,0,0,0,0,0,0,0,0,0,0,0,0,0,0,0,0,0,0,0,0,0,0,0,0,0,0,0,0
2013,185,17,0.010000000000000000,19.16246960000000100,99,0,43.0000000000000000,19,99,6.3200000000000000,99,0.1000000000000000,197.5512330000000000,32432.0000000000,3.0000000000000000,3.1000000000000000,0.68100000000000005,12.0000000000000000,69.099999999999994,0,0,0,0,0,0,0,0,0,0,0,0,0,0,0,0,0,0,0,0,0,0,0,0,0,0,0,0,0,0,0,0,0,0,0,0,0,0,0,0
2004,169,0,0.850000000000000000,334.16733729999999000,63,0,44.1000000000000000,0,67,4.1200000000000000,69,0.1000000000000000,1787.9472300000000000,24143.0000000000,1.6000000000000000,1.5000000000000000,0E-17,10.7000000000000000,69.599999999999994,0,0,0,0,0,0,0,0,0,0,0,0,0,0,0,0,0,0,0,0,0,0,0,0,0,0,0,0,0,0,0,0,0,0,0,0,0,1,0,0
2002,176,0,1.240000000000000000,171.13736109999999000,66,101,42.6000000000000000,0,67,3.5200000000000000,7,0.1000000000000000,1353.9348190000001000,193956.0000000000,1.7000000000000000,1.6000000000000000,0E-17,10.1999999999999990,69.300000000000000,0,0,0,0,0,0,0,0,0,0,0,1,0,0,0,0,0,0,0,0,0,0,0,0,0,0,0,0,0,0,0,1,0,0,0,0,0,1,0,0
2010,158,9,7.220000000000000000,0E-17,78,0,59.3000000000000000,10,74,5.4000000000000000,78,0.1000000000000000,null,null,1.6000000000000000,1.5000000000000000,0.75400000000000000,14.0000000000000000,73.700000000000000,0,0,0,0,0,0,0,0,0,0,0,0,0,0,0,0,0,0,0,0,0,0,0,0,0,0,0,0,0,0,0,0,0,0,0,0,0,0,0,0
2015,224,37,null,0E-17,69,468,41.3000000000000000,47,63,null,69,0.1000000000000000,null,null,13.6000000000000000,13.4000000000000000,0.49900000000000000,9.0000000000000000,65.700000000000000,0,0,0,0,0,0,0,0,0,0,0,0,0,0,0,0,0,0,0,0,0,0,0,0,0,0,0,0,0,0,0,0,0,0,0,0,0,0,0,0
2011,366,29,2.570000000000000000,183.04616949999999000,81,13234,21.2000000000000000,44,83,4.2600000000000000,81,6.3000000000000000,1644.6196720000000000,14264756.0000000000,6.6000000000000000,6.4000000000000000,0.54300000000000004,12.0000000000000000,58.200000000000000,0,0,0,0,0,0,0,0,0,0,0,0,0,0,0,0,0,0,0,0,0,0,0,0,0,0,1,0,0,0,0,0,1,0,0,0,0,0,0,0
2009,587,30,4.639999999999999700,1.04002111200000000,73,853,29.0000000000000000,45,69,6.2600000000000000,73,18.1000000000000010,65.8241210000000050,1381599.0000000000,7.5000000000000000,7.4000000000000000,0.41899999999999998,9.9000000000000000,50.000000000000000,0,1,0,0,0,0,0,0,0,0,0,0,1,0,0,0,0,0,0,0,0,1,0,0,0,0,1,0,0,0,0,0,1,0,0,0,0,0,0,0
2013,118,1,6.890000000000000000,1694.46707500000000000,8,0,56.3000000000000000,1,81,8.9000000000000000,8,0.1000000000000000,11685.9798300000000000,3838462.0000000000,1.9000000000000000,1.9000000000000000,0.77300000000000002,12.9000000000000000,77.500000000000000,0,0,0,0,0,1,0,0,0,0,0,1,0,0,0,0,0,0,0,0,0,0,0,0,1,1,0,0,0,0,0,1,0,0,0,0,0,0,0,0
2006,144,2,10.400000000000000000,9.14555589999999970,98,120,56.0000000000000000,3,99,6.1700000000000000,99,0.1000000000000000,94.7725999999999970,38141267.0000000000,2.2999999999999998,2.4000000000000000,0.80300000000000005,15.0000000000000000,75.200000000000000,0,0,0,0,0,0,0,0,0,0,0,0,0,0,0,0,0,0,0,0,0,0,0,0,0,0,0,0,0,0,0,0,0,0,1,0,0,0,0,0
2005,144,2,9.500000000000000000,79.41502672000000000,98,13,55.5000000000000000,3,99,6.2000000000000000,99,0.1000000000000000,821.2515690000000200,38165445.0000000000,2.2999999999999998,2.5000000000000000,0.79700000000000004,14.8000000000000000,75.000000000000000,0,0,0,0,0,0,0,0,0,0,0,0,0,0,0,0,0,0,0,0,0,0,0,0,0,0,0,0,0,0,0,0,0,0,1,0,0,0,0,0
2011,74,0,1.159999999999999900,4409.17067000000040000,93,101,66.5000000000000000,0,92,1.9300000000000000,93,0.1000000000000000,85948.7459999999990000,null,5.0999999999999996,4.5999999999999996,0.82699999999999996,12.4000000000000000,77.500000000000000,0,0,0,0,0,0,0,0,0,0,0,0,0,1,0,0,0,0,0,0,0,0,0,0,1,0,0,0,0,0,0,0,0,1,0,0,0,0,0,0
2015,157,1,null,0E-17,88,0,53.4000000000000000,1,88,null,87,0.1000000000000000,null,null,2.7000000000000000,2.8000000000000000,null,null,72.099999999999994,0,0,0,0,0,0,0,0,0,0,0,0,0,0,0,0,0,0,0,0,0,0,0,0,0,0,0,0,0,0,0,0,0,0,0,0,0,0,0,0
2011,139,2,9.100000000000000000,10.32588862000000100,96,4189,57.7000000000000000,2,89,5.5300000000000000,89,0.1000000000000000,92.2778250000000070,2147528.0000000000,2.9000000000000000,3.1000000000000000,0.79800000000000004,15.7000000000000000,74.300000000000000,0,0,0,0,0,0,0,0,0,0,0,0,0,0,0,0,0,0,0,0,0,0,0,0,0,0,1,0,0,0,0,0,0,0,0,0,0,0,0,0
2000,175,4,10.160000000000000000,152.63688990000000000,98,35,51.4000000000000000,5,99,4.3300000000000000,99,0.1000000000000000,1668.1627309999999000,22442971.0000000000,4.0000000000000000,4.3000000000000000,0.70299999999999996,11.5000000000000000,77.000000000000000,0,0,0,0,0,0,0,0,0,0,0,0,0,0,0,0,0,0,0,0,0,0,0,0,0,0,0,0,0,0,0,0,0,0,1,0,0,0,0,0
2015,222,13,null,0E-17,97,843,6.5000000000000000,15,97,null,97,0.1000000000000000,9329.2983509999995000,1449687.0000000000,2.2999999999999998,2.2999999999999998,0.80500000000000005,15.0000000000000000,75.000000000000000,0,0,0,0,0,0,0,0,0,0,0,0,0,0,0,0,0,0,0,0,0,0,0,0,0,0,0,0,0,0,0,0,0,0,0,0,0,0,0,0
2006,3,17,11.790000000000000000,12.25184084000000000,98,1147,55.7000000000000000,20,98,5.3000000000000000,98,0.3000000000000000,692.1943979999999800,14349528.0000000000,2.4000000000000000,2.7000000000000000,0.75400000000000000,13.8000000000000000,66.400000000000006,0,0,0,0,0,0,0,0,0,0,0,0,0,0,0,0,0,0,0,0,0,0,0,0,0,0,1,0,0,0,0,0,0,0,0,0,0,0,0,0
2004,397,26,6.750000000000000000,31.93566186000000000,89,386,14.9000000000000000,42,89,6.2400000000000000,89,7.7000000000000000,236.9114381000000000,8818438.0000000000,6.9000000000000000,7.1000000000000000,0.37100000000000000,8.1999999999999993,53.400000000000000,0,0,0,0,0,0,0,0,0,0,0,0,0,0,0,0,0,0,0,0,0,0,0,0,0,0,0,0,0,0,0,0,1,0,0,0,0,0,0,0
2012,142,0,9.990000000000000000,0E-17,98,0,45.2000000000000000,0,98,8.3500000000000000,98,0.1000000000000000,null,null,4.3000000000000000,4.3000000000000000,0.73499999999999999,13.0000000000000000,74.700000000000000,0,0,0,0,0,0,0,0,0,0,0,0,0,0,0,0,0,0,0,0,0,0,0,0,0,0,0,0,0,0,0,0,0,0,0,0,0,0,0,0
2007,17,0,5.890000000000000000,0E-17,99,0,46.6000000000000000,0,99,3.9200000000000000,99,0.3000000000000000,null,null,3.6000000000000000,3.6000000000000000,0.70199999999999996,13.3000000000000000,71.900000000000006,0,0,0,0,0,0,0,0,0,0,0,0,0,0,0,0,0,0,0,0,0,0,0,0,0,0,0,0,0,0,0,0,0,0,0,0,0,0,0,0
2002,174,0,3.300000000000000000,208.16884370000000000,86,0,67.4000000000000060,0,85,5.0999999999999996,86,0.1000000000000000,1631.4172699999999000,176582.0000000000,0.2000000000000000,0.2000000000000000,0.65300000000000002,12.1000000000000000,76.000000000000000,0,0,0,0,0,0,0,0,0,0,0,0,0,0,0,0,0,0,0,0,0,0,0,0,0,0,0,0,0,0,0,0,0,0,0,0,0,0,0,0
2005,11,9,0.050000000000000000,1117.04813399999990000,97,373,6.2000000000000000,10,96,3.4200000000000000,96,0.1000000000000000,13739.8294499999990000,null,7.2000000000000000,7.3000000000000000,0.76100000000000001,12.4000000000000000,73.099999999999994,0,0,0,0,0,0,0,0,0,0,0,0,0,0,0,0,0,0,0,0,0,0,0,0,1,0,0,0,0,0,0,0,0,1,0,0,0,0,0,0
2014,192,19,0.260000000000000000,12.80528533000000000,89,32,23.8000000000000000,27,85,4.6600000000000000,89,0.3000000000000000,152.4438730000000000,14546111.0000000000,9.6999999999999993,9.5000000000000000,0.48299999999999998,9.1000000000000000,66.400000000000006,0,0,0,0,0,0,0,0,0,0,0,0,0,0,0,0,0,0,0,0,0,0,0,0,0,0,0,0,0,0,0,0,0,0,0,0,0,0,0,0
2010,128,1,9.650000000000000000,774.43966169999999000,89,20,57.0000000000000000,1,91,1.9000000000000000,91,0.1000000000000000,5411.8774400000002000,7291436.0000000000,2.2000000000000002,2.2999999999999998,0.75500000000000000,13.6000000000000000,74.400000000000006,0,0,0,0,0,0,0,0,0,0,0,0,0,0,0,0,0,0,0,0,0,0,0,0,0,0,0,0,0,0,0,0,0,0,0,0,0,0,0,0
2002,133,1,6.950000000000000000,292.61423780000001000,92,63,52.2000000000000000,1,95,8.9000000000000000,95,0.1000000000000000,2149.9944000000000000,7496522.0000000000,2.7000000000000000,2.8000000000000000,0.71499999999999997,13.2000000000000000,72.900000000000006,0,0,0,0,0,0,0,0,0,0,0,0,0,0,0,0,0,0,0,0,0,0,0,0,0,0,0,0,0,0,0,0,0,0,0,0,0,0,0,0
2007,185,0,8.119999999999999200,916.47417750000000000,99,1,31.2000000000000000,0,99,3.3000000000000000,99,0.1000000000000000,12154.8299400000000000,8533.0000000000,5.9000000000000000,6.3000000000000000,0.73299999999999998,13.1000000000000000,72.200000000000000,0,0,0,0,0,0,0,0,0,0,0,0,0,0,0,0,0,0,0,0,0,0,0,0,0,0,0,0,0,0,0,0,0,0,0,0,0,0,0,0
2001,519,30,4.210000000000000000,33.34691455000000100,92,649,17.5000000000000000,48,38,11.8300000000000000,38,1.5000000000000000,227.7794710000000000,4739147.0000000000,1.1000000000000001,1.2000000000000000,0.30199999999999999,7.0000000000000000,41.000000000000000,0,0,0,0,0,0,0,0,0,0,0,0,0,0,0,0,0,0,0,0,0,1,0,0,0,0,0,0,0,1,0,1,0,0,0,0,0,0,0,1
2006,66,0,1.550000000000000000,2639.37695500000020000,95,23,3.5000000000000000,0,95,3.6600000000000000,95,0.1000000000000000,33579.8594799999990000,null,2.1000000000000000,2.0000000000000000,0.83899999999999997,13.9000000000000000,87.000000000000000,0,0,0,0,0,0,0,0,0,0,0,0,0,0,0,0,0,0,0,0,0,0,0,0,1,0,0,0,0,0,0,0,0,1,0,0,0,0,0,0
2009,131,0,10.630000000000000000,0E-17,99,0,55.3000000000000000,0,99,9.1500000000000000,99,0.1000000000000000,null,null,1.3000000000000000,1.4000000000000000,0.82000000000000000,14.9000000000000000,75.000000000000000,0,0,0,0,0,0,0,0,0,0,0,0,0,0,0,0,0,0,0,0,0,0,0,0,0,0,0,0,0,0,0,0,0,0,0,0,0,0,0,0
2003,144,0,9.850000000000000000,0E-17,99,1,52.1000000000000000,0,98,5.8200000000000000,99,0.1000000000000000,null,null,1.5000000000000000,1.6000000000000000,0.77100000000000002,13.6000000000000000,73.800000000000000,0,0,0,0,0,0,0,0,0,0,0,0,0,0,0,0,0,0,0,0,0,0,0,0,0,0,0,0,0,0,0,0,0,0,0,0,0,0,0,0
2013,78,0,9.529999999999999400,259.77867850000001000,92,1,58.9000000000000000,0,95,9.2899999999999991,95,0.1000000000000000,2315.3179900000000000,259953.0000000000,1.4000000000000000,1.4000000000000000,0.87800000000000000,16.8000000000000000,85.000000000000000,0,0,0,0,0,0,0,0,0,0,0,0,0,0,0,0,0,0,0,0,0,0,0,0,0,0,0,0,0,0,0,0,0,0,0,0,0,0,0,0
2011,84,0,10.610000000000000000,3343.02621899999990000,92,22,57.6000000000000000,0,96,9.8000000000000007,96,0.1000000000000000,24985.2482700000000000,252843.0000000000,1.6000000000000000,1.6000000000000000,0.87600000000000000,17.0000000000000000,79.800000000000000,0,0,0,0,0,0,0,0,0,0,0,0,0,0,0,0,0,0,0,0,0,0,0,0,1,0,0,0,0,0,0,0,0,1,0,0,0,0,0,0
2011,186,0,0.990000000000000000,229.66874880000000000,99,0,47.2000000000000000,0,99,5.8000000000000000,99,0.1000000000000000,1642.8379740000000000,539614.0000000000,1.2000000000000000,1.2000000000000000,0.49700000000000000,9.4000000000000000,68.500000000000000,0,0,0,0,0,0,0,0,0,0,0,0,0,0,0,0,0,0,0,0,0,0,0,0,0,0,0,0,0,0,0,0,0,0,0,0,0,0,0,0
2015,312,50,null,0E-17,42,7497,24.3000000000000000,80,47,null,42,0.7000000000000000,426.9853699999999900,null,6.6000000000000000,6.4000000000000000,null,null,55.000000000000000,0,0,0,0,0,0,0,0,0,0,0,0,0,0,0,0,0,0,0,0,0,0,0,0,0,1,1,0,1,1,0,1,0,0,0,0,0,0,0,0
2012,336,51,0.010000000000000000,0E-17,92,9983,22.9000000000000000,82,47,null,42,0.8000000000000000,null,null,6.8000000000000000,6.7000000000000000,null,null,53.100000000000000,0,0,0,0,0,0,0,0,0,0,0,0,0,0,0,0,0,0,0,0,0,0,0,0,0,0,1,0,1,1,0,1,0,0,0,0,0,0,0,0
2009,449,46,7.600000000000000000,782.59871439999995000,74,5857,46.4000000000000000,70,75,8.3900000000000000,76,19.0000000000000000,5888.6283999999996000,5255813.1100000003,8.1000000000000000,9.8000000000000007,0.62200000000000000,12.8000000000000000,56.500000000000000,0,0,0,0,0,0,0,0,0,0,0,0,1,0,0,0,0,0,0,0,0,0,0,0,0,0,1,0,1,0,0,0,1,0,0,0,0,0,0,0
2013,142,3,2.560000000000000000,41.62053587999999800,99,2107,21.9000000000000000,3,99,3.6800000000000000,99,0.1000000000000000,361.2893740000000100,2585.0000000000,15.2000000000000000,15.1000000000000000,0.75700000000000001,13.8000000000000000,74.599999999999994,0,0,0,0,0,0,0,0,0,0,0,0,0,0,0,0,0,0,0,0,0,0,0,0,0,0,1,0,0,0,0,0,0,0,0,1,0,0,0,0
2008,251,64,2.009999999999999800,128.63627109999999000,78,129,null,95,85,8.1700000000000000,86,0.3000000000000000,1291.5288260000000000,32955496.0000000000,null,null,0.44400000000000001,6.3000000000000000,61.800000000000000,0,0,0,0,0,0,0,0,0,0,0,0,0,0,0,0,0,0,0,0,0,0,1,0,0,0,0,0,1,0,0,0,0,0,1,0,0,0,0,0
2007,22,0,4.720000000000000000,685.02990829999999000,84,0,52.6000000000000000,0,84,5.9200000000000000,84,0.8000000000000000,5761.3953600000004000,5975.0000000000,3.5000000000000000,3.4000000000000000,0.68400000000000005,11.7000000000000000,69.500000000000000,0,0,0,0,0,0,0,0,0,0,0,0,0,0,0,0,0,0,0,0,0,0,0,0,0,0,0,0,0,0,0,0,0,0,0,0,0,0,0,0
2000,224,0,4.290000000000000000,268.18379720000001000,92,0,47.6000000000000000,0,7,9.6500000000000000,71,0.4000000000000000,1888.6182899999999000,47239.0000000000,3.6000000000000000,3.6000000000000000,0E-17,11.1000000000000000,67.400000000000006,0,0,0,0,0,0,0,0,0,1,0,0,0,0,0,0,0,0,0,0,0,0,0,0,0,0,0,0,0,1,0,0,0,0,0,0,0,1,0,0
2014,382,2,0.010000000000000000,574.38951020000002000,98,0,31.8000000000000000,3,98,9.2500000000000000,98,7.3000000000000000,3464.3516900000000000,129597.0000000000,4.3000000000000000,4.3000000000000000,0.54100000000000004,11.4000000000000000,58.400000000000000,0,0,0,0,0,0,0,0,0,0,0,0,0,0,0,0,0,0,0,0,0,0,0,0,0,0,0,0,0,0,0,0,1,0,0,0,0,0,0,0
2012,57,0,7.400000000000000000,10947.02327000000000000,53,30,58.1000000000000000,0,98,11.8000000000000000,98,0.1000000000000000,57134.7770000000020000,9519374.0000000000,1.4000000000000000,1.3000000000000000,0.90300000000000002,15.8000000000000000,81.700000000000000,0,0,0,0,1,0,0,0,0,0,0,0,0,1,0,0,0,0,0,0,0,0,0,0,1,1,0,0,0,0,0,0,0,1,0,0,0,0,0,0
2005,66,0,10.150000000000000000,10055.34981000000000000,92,60,53.2000000000000000,0,94,1.8600000000000000,94,0.1000000000000000,54797.5466299999970000,7437115.0000000000,0.6000000000000000,0.4000000000000000,0.89900000000000002,15.2000000000000000,81.099999999999994,0,0,0,0,1,0,0,0,0,0,0,0,0,1,0,0,0,0,0,0,0,0,0,0,1,0,0,0,0,0,0,0,0,1,0,0,0,0,0,0
2013,163,10,0.010000000000000000,1.04191640000000010,96,1,39.0000000000000000,11,97,6.7500000000000000,96,0.2000000000000000,14.2144119999999990,817789.0000000000,3.6000000000000000,3.7000000000000000,0.61699999999999999,11.2000000000000000,69.300000000000000,0,0,0,0,0,0,0,0,0,0,0,0,0,0,0,0,0,0,0,0,0,0,0,0,0,0,0,0,0,0,0,0,0,0,0,0,0,0,0,0
2011,161,2,0.500000000000000000,2.72657060199999980,67,763,15.8000000000000000,3,66,0.7600000000000000,67,0.1000000000000000,114.5617900000000000,1131523.0000000000,11.3000000000000000,11.4000000000000000,0.60699999999999998,12.5000000000000000,67.200000000000000,0,0,0,0,0,0,0,0,0,0,0,0,0,0,0,0,0,0,0,0,0,0,0,0,0,0,0,0,0,0,0,0,0,0,0,0,0,0,0,0
2012,294,14,0.010000000000000000,41.60027954000000200,84,238,22.6000000000000000,21,84,5.1100000000000003,84,1.7000000000000000,563.6894247000000200,6859482.0000000000,7.0000000000000000,6.8000000000000000,0.46400000000000002,12.0000000000000000,58.900000000000000,0,0,0,0,0,0,0,0,0,0,0,0,0,0,0,0,0,0,0,0,0,0,0,0,0,0,0,0,0,0,0,0,1,0,0,0,0,0,0,0
2005,357,15,1.139999999999999900,36.62174287999999900,92,38,18.8999999999999990,22,8,5.1700000000000000,82,5.0000000000000000,372.1721837000000100,5683268.0000000000,8.4000000000000000,8.3000000000000007,0.43500000000000000,10.1000000000000000,55.000000000000000,0,0,0,0,0,0,0,0,0,1,0,0,0,0,0,0,0,0,0,0,0,0,0,0,0,0,0,0,0,1,0,0,1,0,0,0,0,0,0,0
2003,355,15,1.020000000000000000,2.99595982300000020,92,295,17.8999999999999990,22,72,5.0000000000000000,72,5.2000000000000000,31.4371440000000000,539141.0000000000,8.8000000000000007,8.6999999999999993,0.42799999999999999,9.9000000000000000,54.700000000000000,0,0,0,0,0,0,0,0,0,0,0,0,0,0,0,0,0,0,0,0,0,0,0,0,0,0,0,0,0,0,0,0,1,0,0,0,0,0,0,0
2006,148,0,1.790000000000000000,503.58819560000001000,89,0,7.1000000000000000,0,89,5.6100000000000000,88,0.1000000000000000,2892.5226630000002000,11689.0000000000,0.1000000000000000,0.1000000000000000,0.69499999999999995,14.6000000000000000,72.400000000000006,0,0,0,0,0,0,0,0,0,0,0,0,0,0,0,0,0,0,0,0,0,0,0,0,0,0,0,0,0,0,0,0,0,0,0,0,0,0,0,0
2004,151,0,1.800000000000000000,423.29535090000002000,9,0,68.5999999999999940,0,91,4.8700000000000000,9,0.1000000000000000,2284.3785800000001000,146.0000000000,0.1000000000000000,0.1000000000000000,0.69299999999999995,14.6000000000000000,72.200000000000000,0,0,0,0,0,1,0,0,0,0,0,1,0,0,0,0,0,0,0,0,0,0,0,0,0,1,0,0,0,0,0,1,0,0,0,0,0,0,0,0
2015,1,3,null,0E-17,98,16,61.2000000000000000,3,98,null,98,0.1000000000000000,3828.9158900000002000,11273661.0000000000,6.5000000000000000,6.4000000000000000,0.72299999999999998,14.6000000000000000,75.300000000000000,0,0,0,0,0,0,0,0,0,0,0,0,0,0,0,0,0,0,0,0,0,0,0,0,0,0,0,0,0,0,0,0,0,0,0,0,0,0,0,0
2003,17,4,1.340000000000000000,321.76941749999997000,92,22,5.6000000000000000,4,95,5.3600000000000000,95,0.1000000000000000,2761.9692490000002000,9939678.0000000000,6.4000000000000000,6.3000000000000000,0.66700000000000004,13.5000000000000000,73.700000000000000,0,0,0,0,0,0,0,0,0,0,0,0,0,0,0,0,0,0,0,0,0,0,0,0,0,0,0,0,0,0,0,0,0,0,0,0,0,0,0,0
2005,129,30,1.290000000000000000,832.95520580000004000,85,6200,57.6000000000000000,36,9,5.4500000000000000,9,0.1000000000000000,7384.3546610000003000,679346.0000000000,5.0000000000000000,4.9000000000000004,0.68100000000000005,11.9000000000000000,72.400000000000006,0,0,0,0,0,0,0,0,0,1,0,1,0,0,0,0,0,0,0,0,0,0,0,0,0,0,1,0,0,1,0,1,0,0,0,0,0,0,0,0
2015,195,4,null,0E-17,22,105,61.3000000000000000,5,51,null,23,0.2000000000000000,2124.6626660000002000,4515429.0000000000,2.2999999999999998,2.4000000000000000,0.74800000000000000,15.3000000000000000,71.300000000000000,0,0,0,0,0,0,0,0,0,0,0,0,0,0,0,0,0,0,0,0,0,0,0,0,0,1,0,0,0,0,0,1,0,0,0,0,0,0,0,0
2004,267,5,6.790000000000000000,180.35378589999999000,98,146,56.1000000000000000,6,99,6.6100000000000000,99,1.0000000000000000,1367.3524330000000000,474516.0000000000,2.7000000000000000,2.8000000000000000,0.70000000000000000,14.6000000000000000,67.400000000000006,0,0,0,0,0,0,0,0,0,0,0,0,0,0,0,0,0,0,0,0,0,0,0,0,0,0,0,0,0,0,0,0,0,0,0,0,0,0,0,0
2003,256,6,5.920000000000000000,21.22386354000000000,77,411,55.7000000000000000,6,99,6.9300000000000000,97,0.9000000000000000,148.5224880000000100,4781295.0000000000,2.8000000000000000,2.9000000000000000,0.69099999999999995,14.3000000000000000,67.599999999999994,0,0,0,0,0,0,0,0,0,0,0,0,0,0,0,0,0,0,0,0,0,0,0,0,0,0,0,0,0,0,0,0,0,0,0,0,0,0,0,0
2012,8,1,1.750000000000000000,3663.76450200000000000,96,132,58.6000000000000000,1,96,3.4500000000000000,96,0.1000000000000000,42112.2356500000020000,null,5.0999999999999996,5.0000000000000000,0.82599999999999996,13.3000000000000000,76.500000000000000,0,0,0,0,0,0,0,0,0,0,0,0,0,0,0,0,0,0,0,0,0,0,0,0,1,0,0,0,0,0,0,0,0,1,0,0,0,0,0,0
2010,82,1,1.690000000000000000,308.06607420000000000,94,87,55.8000000000000000,1,94,3.9300000000000000,94,0.1000000000000000,3549.1483199999998000,null,5.0999999999999996,4.9000000000000004,0.82599999999999996,13.3000000000000000,76.200000000000000,0,0,0,0,0,0,0,0,0,0,0,0,0,0,0,0,0,0,0,0,0,0,0,0,0,0,0,0,0,0,0,0,0,0,0,0,0,0,0,0
2001,14,1,1.670000000000000000,243.75391289999999000,92,30,55.0000000000000000,1,94,2.4800000000000000,94,0.1000000000000000,3161.5293499999998000,null,5.3000000000000000,5.0999999999999996,0.79800000000000004,12.0000000000000000,74.500000000000000,0,0,0,0,0,0,0,0,0,0,0,0,0,0,0,0,0,0,0,0,0,0,0,0,0,0,0,0,0,0,0,0,0,0,0,0,0,0,0,0
2008,8,4,11.470000000000000000,0E-17,92,1445,62.5000000000000000,4,92,8.8500000000000000,92,0.1000000000000000,null,null,0.8000000000000000,0.5000000000000000,null,null,79.599999999999994,0,0,0,0,0,0,0,0,0,0,0,0,0,0,0,0,0,0,0,0,0,0,0,0,0,0,1,0,0,0,0,0,0,0,0,0,0,0,0,0
2003,459,103,2.340000000000000000,0E-17,95,1673,17.2000000000000000,160,97,4.5999999999999996,95,11.5000000000000000,null,null,7.9000000000000000,7.9000000000000000,null,null,58.000000000000000,0,0,0,0,0,0,0,0,0,0,0,0,0,0,0,0,0,0,0,0,0,1,1,0,0,0,1,0,1,0,0,0,1,0,0,0,0,0,0,0
2002,46,106,3.370000000000000000,0E-17,89,5131,16.8000000000000000,166,91,3.5900000000000000,89,12.1000000000000000,null,null,8.0000000000000000,8.0000000000000000,null,null,52.000000000000000,0,0,0,0,0,0,0,0,0,0,0,0,0,0,0,0,0,0,0,0,0,0,1,0,0,0,1,0,1,0,0,0,1,0,0,0,0,0,0,0
2005,123,1,6.350000000000000000,152.54484049999999000,96,0,58.3000000000000000,1,96,11.1500000000000000,96,0.1000000000000000,522.9511159999999600,3325612.0000000000,1.6000000000000000,1.6000000000000000,0.75300000000000000,15.5000000000000000,75.700000000000000,0,0,0,0,0,0,0,0,0,0,0,0,0,0,0,0,0,0,0,0,0,0,0,0,0,0,0,0,0,0,0,0,0,0,0,0,0,0,0,0
2004,183,24,1.590000000000000000,34.41887162999999800,99,75,37.0000000000000000,29,99,5.1100000000000003,99,0.3000000000000000,465.1198868999999800,2586435.0000000000,3.2000000000000000,3.2000000000000000,0.61299999999999999,11.6000000000000000,67.800000000000000,0,0,0,0,0,0,0,0,0,0,0,0,0,0,0,0,0,0,0,0,0,0,0,0,0,0,0,0,0,0,0,0,0,0,0,0,0,0,0,0
2008,153,0,1.180000000000000000,345.33905600000003000,61,0,47.4000000000000000,0,66,3.6600000000000000,67,0.1000000000000000,2697.9613749999999000,22534.0000000000,1.5000000000000000,1.5000000000000000,0.58199999999999996,10.7000000000000000,75.000000000000000,0,0,0,0,0,0,0,0,0,0,0,0,0,0,0,0,0,0,0,0,0,0,0,0,0,0,0,0,0,0,0,0,0,0,0,0,0,0,0,0
2011,158,9,6.740000000000000000,0E-17,78,0,59.9000000000000000,10,78,5.2400000000000000,78,0.1000000000000000,null,null,1.6000000000000000,1.5000000000000000,0.75600000000000001,14.1000000000000000,73.800000000000000,0,0,0,0,0,0,0,0,0,0,0,0,0,0,0,0,0,0,0,0,0,0,0,0,0,0,0,0,0,0,0,0,0,0,0,0,0,0,0,0
2002,167,10,6.890000000000000000,0E-17,6,2392,54.7000000000000000,12,81,4.9300000000000000,65,0.1000000000000000,null,null,1.7000000000000000,1.7000000000000000,0.68400000000000005,11.0000000000000000,73.099999999999994,0,0,0,0,0,1,0,0,0,0,0,0,0,0,0,0,0,0,0,0,0,0,0,0,0,1,1,0,0,0,0,0,0,0,0,0,0,0,0,0
2015,127,28,null,0E-17,97,256,17.5000000000000000,35,97,null,97,0.1000000000000000,null,null,14.2000000000000000,14.5000000000000000,0.67800000000000005,12.6000000000000000,76.000000000000000,0,0,0,0,0,0,0,0,0,0,0,0,0,0,0,0,0,0,0,0,0,0,0,0,0,0,0,0,0,0,0,0,0,0,0,0,0,0,0,0
2005,554,34,2.330000000000000000,121.87933099999999000,82,45,18.3999999999999990,55,84,7.5600000000000000,82,17.0000000000000000,691.3178163999999700,1252156.0000000000,7.1000000000000000,7.0000000000000000,0.46700000000000003,10.7000000000000000,49.300000000000000,0,1,0,0,0,0,0,0,0,0,0,0,1,0,0,0,0,0,0,0,0,1,0,0,0,0,0,0,0,0,0,0,1,0,0,0,0,0,0,0
2012,429,26,6.090000000000000000,92.60233635999999500,97,0,3.3000000000000000,39,95,6.6900000000000000,95,8.8000000000000007,955.6484659999999800,1471826.0000000000,6.5000000000000000,6.4000000000000000,0.46400000000000002,9.8000000000000007,56.600000000000000,0,0,0,0,0,0,0,0,0,0,0,0,0,0,0,0,0,0,0,0,0,0,0,0,0,0,0,0,0,0,0,0,1,0,0,0,0,0,0,0
2004,723,27,4.360000000000000300,0E-17,68,31,27.1000000000000000,42,67,7.1300000000000000,65,33.6000000000000000,454.3666539999999800,12777511.0000000000,9.4000000000000000,9.4000000000000000,0.40699999999999997,9.1999999999999993,44.300000000000000,0,1,0,0,0,0,0,0,0,0,0,0,1,0,0,0,0,0,0,0,0,1,0,0,0,0,0,0,0,0,0,0,1,0,0,0,0,0,0,1
2011,285,10,0.880000000000000000,23.40731286000000100,66,0,45.7000000000000000,13,69,4.9400000000000004,72,1.0000000000000000,177.8671190000000000,7269348.0000000000,1.3000000000000000,1.3000000000000000,0.49399999999999999,9.9000000000000000,62.000000000000000,0,0,0,0,0,0,0,0,0,0,0,0,0,0,0,0,0,0,0,0,0,0,0,0,0,0,0,0,0,0,0,0,0,0,0,0,0,0,0,0
2002,327,11,0.610000000000000000,110.98030620000000000,6,17620,38.9000000000000000,14,54,7.6900000000000000,61,1.4000000000000000,511.6657730000000000,5862316.0000000000,1.5000000000000000,1.5000000000000000,0.42799999999999999,6.9000000000000000,59.300000000000000,0,0,0,0,0,1,0,0,0,0,0,0,0,0,0,0,0,0,0,0,0,0,0,0,0,1,1,0,0,0,0,0,0,0,0,0,0,0,0,0
2014,147,3,0.010000000000000000,561.76847009999994000,87,0,49.4000000000000000,3,83,9.8100000000000000,87,0.2000000000000000,4712.8227360000001000,6552584.0000000000,2.0000000000000000,1.9000000000000000,0.68799999999999994,12.3000000000000000,73.900000000000006,0,0,0,0,0,0,0,0,0,0,0,0,0,0,0,0,0,0,0,0,0,0,0,0,0,0,0,0,0,0,0,0,0,0,0,0,0,0,0,0
2011,218,57,4.960000000000000000,191.49497790000001000,87,6538,23.1000000000000000,72,87,4.2900000000000000,87,0.1000000000000000,2352.5181560000001000,9527794.0000000000,1.0000000000000000,9.6999999999999993,0.66900000000000004,11.5000000000000000,68.000000000000000,0,0,0,0,0,0,0,0,0,0,0,0,0,0,0,0,0,0,0,0,0,0,1,0,0,0,1,0,1,0,0,0,0,0,0,0,0,0,0,0
2010,218,58,4.849999999999999600,198.25637939999999000,77,6368,22.6000000000000000,74,78,4.3700000000000000,79,0.1000000000000000,2129.4992419999999000,93726624.0000000000,1.0000000000000000,9.6999999999999993,0.66200000000000003,11.4000000000000000,67.900000000000006,0,0,0,0,0,0,0,0,0,0,0,0,0,0,0,0,0,0,0,0,0,0,1,0,0,0,1,0,1,0,0,0,0,0,1,0,0,0,0,0
2000,219,69,4.730000000000000400,11.69704463000000100,7,7120,17.8000000000000000,90,74,3.2100000000000000,78,0.1000000000000000,138.9197700000000000,77991569.0000000000,1.0000000000000000,9.6000000000000000,0.61799999999999999,11.4000000000000000,66.800000000000000,0,0,0,0,0,1,0,0,0,0,0,0,0,0,0,0,0,0,0,0,0,0,1,0,0,1,1,0,1,0,0,0,0,0,1,0,0,0,0,0
2007,144,2,10.900000000000000000,14.30424520000000000,98,40,56.6000000000000000,3,99,6.2800000000000000,99,0.1000000000000000,1126.3185200000000000,381256.0000000000,2.2000000000000002,2.4000000000000000,0.80800000000000005,15.0000000000000000,75.300000000000000,0,0,0,0,0,0,0,0,0,0,0,0,0,0,0,0,0,0,0,0,0,0,0,0,0,0,0,0,0,0,0,0,0,0,0,0,0,0,0,0
2001,149,3,7.740000000000000000,466.73831059999998000,95,133,53.6000000000000000,3,98,5.8600000000000000,98,0.1000000000000000,4981.1986189999998000,3824876.0000000000,2.5000000000000000,2.7000000000000000,0.78400000000000003,14.7000000000000000,74.200000000000000,0,0,0,0,0,0,0,0,0,0,0,0,0,0,0,0,0,0,0,0,0,0,0,0,0,0,0,0,0,0,0,0,0,0,0,0,0,0,0,0
2014,69,0,1.149999999999999900,5063.51310399999970000,89,46,68.4000000000000060,0,99,2.1900000000000000,89,0.1000000000000000,86852.7118999999950000,null,5.2000000000000000,4.8000000000000000,0.85399999999999998,13.4000000000000000,78.099999999999994,0,0,0,0,0,0,0,0,0,0,0,0,0,1,0,0,0,0,0,0,0,0,0,0,1,0,0,0,0,0,0,0,0,1,0,0,0,0,0,0
2001,87,0,0.760000000000000000,170.04945369999999000,93,23,63.3000000000000000,0,93,2.5600000000000000,93,0.1000000000000000,2843.6363500000002000,null,4.8000000000000000,4.5000000000000000,0.80900000000000005,12.6000000000000000,76.300000000000000,0,0,0,0,0,0,0,0,0,0,0,0,0,0,0,0,0,0,0,0,0,0,0,0,0,0,0,0,0,0,0,0,0,0,0,0,0,0,0,0
2000,88,0,0.500000000000000000,1559.28715800000010000,89,46,62.4000000000000000,0,91,2.1800000000000002,8,0.1000000000000000,29986.2914999999990000,null,4.8000000000000000,4.5000000000000000,0.80800000000000005,13.0000000000000000,76.200000000000000,0,0,0,0,0,0,0,0,0,0,0,1,0,0,0,0,0,0,0,0,0,0,0,0,1,0,0,0,0,0,0,1,0,1,0,0,0,0,0,0
2015,133,2,null,0E-17,9,4,6.7000000000000000,2,89,null,89,0.1000000000000000,8958.7885929999993000,19815481.0000000000,2.5000000000000000,2.7000000000000000,0.79800000000000004,14.7000000000000000,75.000000000000000,0,0,0,0,0,1,0,0,0,0,0,0,0,0,0,0,0,0,0,0,0,0,0,0,0,1,0,0,0,0,0,0,0,0,1,0,0,0,0,0
2003,174,4,8.779999999999999400,375.17403230000002000,98,9,52.9000000000000000,4,97,5.3000000000000000,97,0.1000000000000000,2774.9558600000000000,21574326.0000000000,3.5000000000000000,4.0000000000000000,0.72199999999999998,12.5000000000000000,71.099999999999994,0,0,0,0,0,0,0,0,0,0,0,0,0,0,0,0,0,0,0,0,0,0,0,0,0,0,0,0,0,0,0,0,0,0,1,0,0,0,0,0
2003,322,20,11.320000000000000000,333.21487109999998000,94,3291,54.7000000000000000,22,97,5.6100000000000000,96,0.4000000000000000,2975.1327780000001000,144648257.0000000000,2.6000000000000000,2.8000000000000000,0.73299999999999998,13.2000000000000000,64.599999999999994,0,0,0,0,0,0,0,0,0,0,0,0,0,0,0,0,0,0,0,0,0,0,0,0,0,0,1,0,0,0,0,0,0,0,1,0,0,0,0,0
2000,37,22,10.180000000000000000,224.46002480000001000,92,4800,54.0000000000000000,26,97,5.4200000000000000,96,0.2000000000000000,1771.5866200000000000,146596557.0000000000,2.9000000000000000,3.0000000000000000,0.70899999999999996,12.1000000000000000,65.000000000000000,0,0,0,0,0,0,0,0,0,0,0,0,0,0,0,0,0,0,0,0,0,0,0,0,0,0,1,0,0,0,0,0,0,0,1,0,0,0,0,0
2011,143,0,10.430000000000000000,0E-17,99,0,44.5000000000000000,0,99,7.5800000000000000,99,0.1000000000000000,null,null,4.3000000000000000,4.3000000000000000,0.73299999999999998,12.9000000000000000,74.599999999999994,0,0,0,0,0,0,0,0,0,0,0,0,0,0,0,0,0,0,0,0,0,0,0,0,0,0,0,0,0,0,0,0,0,0,0,0,0,0,0,0
2013,161,0,7.070000000000000000,0E-17,97,0,52.2000000000000000,0,97,5.2100000000000000,97,0.1000000000000000,null,null,3.5000000000000000,3.4000000000000000,0.71699999999999997,13.3000000000000000,72.700000000000000,0,0,0,0,0,0,0,0,0,0,0,0,0,0,0,0,0,0,0,0,0,0,0,0,0,0,0,0,0,0,0,0,0,0,0,0,0,0,0,0
2009,172,0,2.880000000000000000,42.12368373999999700,44,0,72.0000000000000000,0,45,5.4000000000000000,49,0.1000000000000000,335.1128380000000100,184826.0000000000,0.2000000000000000,0.2000000000000000,0.69099999999999995,12.9000000000000000,76.000000000000000,0,0,0,0,0,0,0,0,0,0,0,0,0,0,0,0,0,0,0,0,0,0,0,0,0,1,0,0,0,1,0,1,0,0,0,0,0,0,0,0
2003,169,0,4.170000000000000000,24.99717134000000100,83,0,68.2000000000000000,0,82,4.7100000000000000,83,0.1000000000000000,197.2941700000000100,177662.0000000000,0.2000000000000000,0.2000000000000000,0.65900000000000003,12.3000000000000000,79.000000000000000,0,0,0,0,0,0,0,0,0,0,0,0,0,0,0,0,0,0,0,0,0,0,0,0,0,0,0,0,0,0,0,0,0,0,0,0,0,0,0,0
2013,192,0,0.010000000000000000,200.66009879999999000,97,0,29.3000000000000000,0,97,9.7600000000000000,97,0.2000000000000000,1619.5326780000000000,18745.0000000000,5.7000000000000000,5.5000000000000000,0.55900000000000005,11.0000000000000000,67.099999999999994,0,0,0,0,0,0,0,0,0,0,0,0,0,0,0,0,0,0,0,0,0,0,0,0,0,0,0,0,0,0,0,0,0,0,0,0,0,0,0,0
2015,88,7,null,0E-17,98,219,68.2000000000000000,8,97,null,98,0.1000000000000000,2732.8617199999999000,null,7.8000000000000000,7.6000000000000000,0.84499999999999997,16.1000000000000010,74.500000000000000,0,0,0,0,0,0,0,0,0,0,0,0,0,0,0,0,0,0,0,0,0,0,0,0,0,0,0,0,0,0,0,0,0,0,0,0,0,0,0,0
2006,236,23,0.340000000000000000,10.43022616999999900,89,3,19.8999999999999990,38,89,5.4400000000000000,89,0.7000000000000000,89.8382960000000000,11556763.0000000000,11.2000000000000000,11.1000000000000000,0.42199999999999999,6.6000000000000000,61.300000000000000,0,0,0,0,0,0,0,0,0,0,0,0,0,0,0,0,0,0,0,0,0,0,0,0,0,0,0,0,0,0,0,0,0,0,0,0,0,0,0,0
2015,121,1,null,0E-17,94,383,6.0000000000000000,1,95,null,95,0.1000000000000000,5237.2553340000004000,795383.0000000000,2.0000000000000000,2.0000000000000000,0.77500000000000002,14.4000000000000000,75.599999999999994,0,0,0,0,0,0,0,0,0,0,0,0,0,0,0,0,0,0,0,0,0,0,0,0,0,0,0,0,0,0,0,0,0,0,0,0,0,0,0,0
2011,177,0,9.720000000000000600,1121.47554700000000000,99,0,34.2000000000000030,0,99,3.3800000000000000,99,0.1000000000000000,12189.9516000000000000,87441.0000000000,5.7000000000000000,6.1000000000000000,0.74399999999999999,13.3000000000000000,72.599999999999994,0,0,0,0,0,0,0,0,0,0,0,0,0,0,0,0,0,0,0,0,0,0,0,0,1,0,0,0,0,0,0,0,0,0,0,0,0,0,0,0
2000,188,0,8.240000000000000000,601.76081150000005000,98,0,27.1000000000000000,0,98,4.6200000000000000,98,0.1000000000000000,7578.8515299999999000,81131.0000000000,6.3000000000000000,6.7000000000000000,0E-17,12.3000000000000000,71.800000000000000,0,0,0,0,0,0,0,0,0,0,0,0,0,0,0,0,0,0,0,0,0,0,0,0,0,0,0,0,0,0,0,0,0,0,0,0,0,1,0,0
2007,45,29,3.860000000000000000,45.57108888999999900,63,0,2.2000000000000002,45,63,1.1200000000000001,64,2.2000000000000002,358.8274716000000200,615417.0000000000,8.9000000000000000,8.9000000000000000,0.35699999999999998,8.1999999999999993,45.300000000000000,0,0,0,0,0,0,0,0,0,0,0,0,0,0,0,0,0,0,0,0,0,0,0,0,0,0,0,0,0,0,0,0,1,0,0,0,0,0,0,0
2006,464,30,3.800000000000000000,38.00075788000000200,92,33,19.7000000000000000,46,65,1.6800000000000000,64,2.2000000000000002,322.3134680000000000,5848692.0000000000,9.1000000000000000,9.1000000000000000,0.34799999999999998,8.0000000000000000,44.300000000000000,0,0,0,0,0,0,0,0,0,0,0,0,0,0,0,0,0,0,0,0,0,1,0,0,0,0,0,0,0,0,0,0,1,0,0,0,0,0,0,1
2001,76,0,2.080000000000000000,1003.36687700000000000,95,408,28.9000000000000000,0,95,2.3700000000000000,96,0.1000000000000000,21577.7822999999990000,null,2.1000000000000000,2.0000000000000000,0.82000000000000000,12.7000000000000000,78.700000000000000,0,0,0,0,0,0,0,0,0,0,0,0,0,0,0,0,0,0,0,0,0,0,0,0,0,0,0,0,0,0,0,0,0,1,0,0,0,0,0,0
2007,12,0,11.020000000000000000,3256.72402800000010000,92,0,55.2000000000000000,0,97,7.9800000000000000,97,0.1000000000000000,23841.3179200000010000,218122.0000000000,1.8000000000000000,1.8000000000000000,0.86499999999999999,16.8000000000000000,78.300000000000000,0,0,0,0,0,0,0,0,0,0,0,0,0,0,0,0,0,0,0,0,0,0,0,0,1,0,0,0,0,0,0,0,0,1,0,0,0,0,0,0
2007,34,52,0.010000000000000000,0E-17,92,1149,2.7000000000000000,84,4,null,4,0.9000000000000000,null,null,7.3000000000000000,7.1000000000000000,null,null,51.500000000000000,0,0,0,0,0,0,0,0,0,1,0,1,0,0,0,0,0,0,0,0,0,0,0,0,0,0,1,0,1,1,0,1,0,0,0,0,0,0,0,0
2006,337,51,0.010000000000000000,0E-17,92,7,2.2000000000000002,83,26,null,26,0.9000000000000000,null,null,7.4000000000000000,7.2000000000000000,null,null,51.500000000000000,0,0,0,0,0,0,0,0,0,0,0,0,0,0,0,0,0,0,0,0,0,0,0,0,0,0,0,0,1,1,0,1,0,0,0,0,0,0,0,0
2005,334,50,0.010000000000000000,0E-17,92,0,19.8000000000000000,82,35,null,35,0.9000000000000000,null,null,7.5000000000000000,7.3000000000000000,null,null,51.600000000000000,0,0,0,0,0,0,0,0,0,0,0,0,0,0,0,0,0,0,0,0,0,0,0,0,0,0,0,0,1,1,0,1,0,0,0,0,0,0,0,0
2004,383,29,null,0E-17,92,0,null,45,93,null,93,3.8000000000000000,null,7787655.0000000000,null,null,0E-17,0E-16,51.400000000000000,0,0,0,0,0,0,0,0,0,0,0,0,0,0,0,0,0,0,1,0,0,0,0,0,0,0,0,0,0,0,0,0,1,0,0,0,0,1,1,0
2011,187,0,5.640000000000000000,989.12635580000006000,86,0,55.5000000000000000,0,86,5.9300000000000000,86,0.1000000000000000,8318.9769199999992000,531589.0000000000,3.5000000000000000,3.4000000000000000,0.70399999999999996,12.5000000000000000,76.000000000000000,0,0,0,0,0,0,0,0,0,0,0,0,0,0,0,0,0,0,0,0,0,0,0,0,0,0,0,0,0,0,0,0,0,0,0,0,0,0,0,0
2015,53,0,null,0E-17,67,22,59.5000000000000000,0,98,null,98,0.1000000000000000,5585.2584699999998000,9799186.0000000000,1.5000000000000000,1.4000000000000000,0.90900000000000003,15.9000000000000000,82.400000000000000,0,0,0,0,0,0,0,0,0,0,0,0,0,0,0,0,0,0,0,0,0,0,0,0,0,0,0,0,0,0,0,0,0,0,0,0,0,0,0,0
2009,62,0,7.300000000000000000,682.10706080000000000,92,3,56.9000000000000000,0,98,9.9400000000000000,98,0.1000000000000000,4627.5919999999996000,9298515.0000000000,1.3000000000000000,1.3000000000000000,0.89800000000000002,15.8000000000000000,81.400000000000006,0,0,0,0,0,0,0,0,0,0,0,0,0,0,0,0,0,0,0,0,0,0,0,0,0,0,0,0,0,0,0,0,0,0,0,0,0,0,0,0
2003,69,0,6.900000000000000000,5067.41141799999970000,92,3,54.4000000000000000,0,99,9.3100000000000000,99,0.1000000000000000,36961.4253699999970000,8958229.0000000000,1.3000000000000000,1.3000000000000000,0.88200000000000001,15.9000000000000000,82.000000000000000,0,0,0,0,0,0,0,0,0,0,0,0,0,0,0,0,0,0,0,0,0,0,0,0,1,0,0,0,0,0,0,0,0,1,0,0,0,0,0,0
2013,37,7,0.010000000000000000,0E-17,71,740,55.2000000000000000,9,5,3.2500000000000000,41,0.1000000000000000,null,1989141.0000000000,6.3000000000000000,6.1000000000000000,0.63500000000000001,13.0000000000000000,63.600000000000000,0,0,0,0,0,0,0,0,0,1,0,0,0,0,0,0,0,0,0,0,0,0,0,0,0,0,0,0,0,1,0,1,0,0,0,0,0,0,0,0
2007,121,8,0.830000000000000000,17.98136184000000200,83,403,49.4000000000000000,9,83,3.7200000000000000,8,0.1000000000000000,258.3528999999999800,1963286.0000000000,6.4000000000000000,6.2000000000000000,0.64400000000000002,11.5000000000000000,73.800000000000000,0,0,0,0,0,0,0,0,0,0,0,1,0,0,0,0,0,0,0,0,0,0,0,0,0,0,0,0,0,0,0,1,0,0,0,0,0,0,0,0
2003,182,11,0.360000000000000000,13.25723997000000100,58,2144,32.5000000000000000,14,82,4.4600000000000000,85,0.3000000000000000,236.3144380000000000,6576877.0000000000,4.0000000000000000,4.0000000000000000,0.55300000000000005,10.1000000000000000,65.200000000000000,0,0,0,0,0,0,0,0,0,0,0,0,0,0,0,0,0,0,0,0,0,0,0,0,0,1,1,0,0,0,0,0,0,0,0,0,0,0,0,0
2001,194,17,5.920000000000000000,176.06252010000000000,95,7319,19.3999999999999990,20,97,3.3200000000000000,96,0.8000000000000000,1893.1453770000001000,63543322.0000000000,9.3000000000000007,9.6000000000000000,0.64900000000000002,11.2000000000000000,71.200000000000000,0,0,0,0,0,0,0,0,0,0,0,0,0,0,0,0,0,0,0,0,0,0,0,0,0,0,1,0,0,0,0,0,0,0,1,0,0,0,0,0
2012,159,2,0.010000000000000000,30.17998547999999900,83,16,16.2000000000000000,2,83,1.1000000000000001,83,0.1000000000000000,1117.7772399999999000,115676.0000000000,11.2000000000000000,11.3000000000000000,0.61799999999999999,12.5000000000000000,67.400000000000006,0,0,0,0,0,0,0,0,0,0,0,0,0,0,0,0,0,0,0,0,0,0,0,0,0,0,0,0,0,0,0,0,0,0,0,0,0,0,0,0
2003,25,3,0.440000000000000000,46.39132769999999800,92,94,12.9000000000000000,4,55,2.4800000000000000,55,0.1000000000000000,471.4565822999999800,96852.0000000000,12.1000000000000000,12.1000000000000000,0.48499999999999999,9.8000000000000007,61.000000000000000,0,0,0,0,0,0,0,0,0,0,0,0,0,0,0,0,0,0,0,0,0,0,0,0,0,0,0,0,0,0,0,0,0,0,0,0,0,0,0,0
2008,344,14,1.330000000000000000,69.35924758000000200,24,187,2.4000000000000000,22,8,5.7300000000000000,81,4.8000000000000000,513.3919140000000400,6161796.0000000000,7.7000000000000000,7.6000000000000000,0.44100000000000000,10.1000000000000000,56.200000000000000,0,0,0,0,0,0,0,0,0,1,0,0,0,0,0,0,0,0,0,0,0,0,0,0,0,1,0,0,0,1,0,0,1,0,0,0,0,0,0,0
2011,176,0,6.500000000000000000,144.98507110000000000,9,0,43.0000000000000000,0,91,5.6000000000000000,9,0.4000000000000000,1953.9766999999999000,1334788.0000000000,5.9000000000000000,6.2000000000000000,0.77400000000000002,12.6000000000000000,76.000000000000000,0,0,0,0,0,1,0,0,0,0,0,1,0,0,0,0,0,0,0,0,0,0,0,0,0,1,0,0,0,0,0,1,0,0,0,0,0,0,0,0
2006,12,3,1.460000000000000000,420.11535379999998000,99,3,53.1000000000000000,4,99,5.6400000000000000,99,0.1000000000000000,3371.7123099999999000,1196136.0000000000,6.3000000000000000,6.3000000000000000,0.68899999999999995,14.2000000000000000,74.400000000000006,0,0,0,0,0,0,0,0,0,0,0,0,0,0,0,0,0,0,0,0,0,0,0,0,0,0,0,0,0,0,0,0,0,0,0,0,0,0,0,0
2004,15,3,1.360000000000000000,379.76590540000001000,96,1,51.4000000000000000,4,97,5.6300000000000000,97,0.1000000000000000,3112.8352900000000000,11761.0000000000,6.4000000000000000,6.3000000000000000,0.67300000000000004,13.6000000000000000,74.000000000000000,0,0,0,0,0,0,0,0,0,0,0,0,0,0,0,0,0,0,0,0,0,0,0,0,0,0,0,0,0,0,0,0,0,0,0,0,0,0,0,0
2002,19,4,1.170000000000000000,262.81849440000002000,93,98,49.7000000000000000,5,96,5.3200000000000000,96,0.1000000000000000,2346.5936999999999000,9864326.0000000000,6.5000000000000000,6.4000000000000000,0.66200000000000003,13.3000000000000000,73.500000000000000,0,0,0,0,0,0,0,0,0,0,0,0,0,0,0,0,0,0,0,0,0,0,0,0,0,0,0,0,0,0,0,0,0,0,0,0,0,0,0,0
2009,118,23,1.400000000000000000,106.94828980000000000,94,4,61.1000000000000000,27,96,6.8000000000000000,96,0.1000000000000000,936.4999110000000000,71339185.0000000000,4.9000000000000004,4.8000000000000000,0.70899999999999996,12.5000000000000000,73.900000000000006,0,0,0,0,0,0,0,0,0,0,0,0,0,0,0,0,0,0,0,0,0,0,0,0,0,0,0,0,0,0,0,0,0,0,1,0,0,0,0,0
2001,14,41,1.490000000000000000,256.43417460000001000,77,30509,54.3000000000000000,50,88,5.1600000000000000,88,0.1000000000000000,3119.6371600000002000,64191474.0000000000,5.2000000000000000,5.0999999999999996,0.65300000000000002,11.1000000000000000,78.000000000000000,0,0,0,0,0,0,0,0,0,0,0,0,0,0,0,0,0,0,0,0,0,0,0,0,0,0,1,0,0,0,0,0,0,0,1,0,0,0,0,0
2000,143,44,1.540000000000000000,421.29566019999999000,71,16244,53.5000000000000000,54,85,4.9500000000000000,85,0.1000000000000000,4316.5538950000000000,6324121.0000000000,5.3000000000000000,5.2000000000000000,0.64100000000000001,10.7000000000000000,74.000000000000000,0,0,0,0,0,0,0,0,0,0,0,0,0,0,0,0,0,0,0,0,0,0,0,0,0,0,1,0,0,0,0,0,0,0,0,0,0,0,0,0
2000,224,7,2.900000000000000000,88.24363470000000100,92,113,37.5000000000000000,9,98,3.9400000000000000,97,0.1000000000000000,643.1751799999999500,4516131.0000000000,3.6000000000000000,3.6000000000000000,0E-17,0E-16,63.800000000000000,0,0,0,0,0,0,0,0,0,0,0,0,0,0,0,0,0,0,1,0,0,0,0,0,0,0,0,0,0,0,0,0,0,0,0,0,0,1,1,0
2015,75,1,null,0E-17,99,347,64.2000000000000000,1,99,null,99,0.1000000000000000,3911.7468899999999000,null,5.3000000000000000,5.0999999999999996,0.83599999999999997,13.3000000000000000,77.099999999999994,0,0,0,0,0,0,0,0,0,0,0,0,0,0,0,0,0,0,0,0,0,0,0,0,0,0,0,0,0,0,0,0,0,0,0,0,0,0,0,0
2006,82,4,11.610000000000000000,0E-17,92,764,61.3000000000000000,4,92,8.3600000000000000,92,0.1000000000000000,null,null,0.7000000000000000,0.5000000000000000,null,null,79.300000000000000,0,0,0,0,0,0,0,0,0,0,0,0,0,0,0,0,0,0,0,0,0,0,0,0,0,0,0,0,0,0,0,0,0,0,0,0,0,0,0,0
2010,36,89,4.190000000000000400,0E-17,91,167,2.7000000000000000,131,94,5.3000000000000000,91,4.5999999999999996,null,null,7.1000000000000000,7.1000000000000000,null,null,57.500000000000000,0,0,0,0,0,0,0,0,0,0,0,0,0,0,0,0,0,0,0,0,0,0,1,0,0,0,0,0,1,0,0,0,1,0,0,0,0,0,0,0
2009,368,91,3.970000000000000000,0E-17,85,1574,2.2000000000000002,135,88,3.9700000000000000,85,6.4000000000000000,null,null,7.2000000000000000,7.2000000000000000,null,null,56.900000000000000,0,0,0,0,0,0,0,0,0,0,0,0,0,0,0,0,0,0,0,0,0,0,1,0,0,0,1,0,1,0,0,0,1,0,0,0,0,0,0,0
2010,15,25,8.550000000000000700,0E-17,92,63,66.9000000000000060,30,93,17.2000000000000000,95,0.1000000000000000,null,null,0.7000000000000000,0.6000000000000000,null,null,78.700000000000000,0,0,0,0,0,0,0,0,0,0,1,0,0,0,0,0,0,0,0,0,0,0,0,0,0,0,0,0,0,0,1,0,0,0,0,0,0,0,0,0
2003,114,28,8.400000000000000000,0E-17,92,56,62.4000000000000000,33,91,15.6000000000000000,96,0.1000000000000000,null,null,0.7000000000000000,0.6000000000000000,null,null,77.200000000000000,0,0,0,0,0,0,0,0,0,0,1,0,0,0,0,0,0,0,0,0,0,0,0,0,0,0,0,0,0,0,1,0,0,0,0,0,0,0,0,0
2009,118,0,6.670000000000000000,1871.73656299999990000,95,0,6.7000000000000000,1,95,8.7799999999999994,95,0.1000000000000000,9415.1738600000008000,3362755.0000000000,1.5000000000000000,1.5000000000000000,0.77400000000000002,15.5000000000000000,76.599999999999994,0,0,0,0,0,0,0,0,0,0,0,0,0,0,0,0,0,0,0,0,0,0,0,0,1,0,0,0,0,0,0,0,0,0,0,0,0,0,0,0
2001,185,28,1.530000000000000000,43.66385567999999800,92,22,35.2999999999999970,34,99,5.2800000000000000,99,0.2000000000000000,456.7348920000000000,2496445.0000000000,3.4000000000000000,3.3000000000000000,0.59399999999999997,10.7000000000000000,67.400000000000006,0,0,0,0,0,0,0,0,0,0,0,0,0,0,0,0,0,0,0,0,0,0,0,0,0,0,0,0,0,0,0,0,0,0,0,0,0,0,0,0
2015,13,0,null,0E-17,64,39,53.3000000000000000,0,65,null,64,0.1000000000000000,285.8341399999999900,26463.0000000000,1.5000000000000000,1.4000000000000000,0.59799999999999998,10.8000000000000000,72.000000000000000,0,0,0,0,0,0,0,0,0,0,0,0,0,0,0,0,0,0,0,0,0,0,0,0,0,0,0,0,0,0,0,0,0,0,0,0,0,0,0,0
2014,134,0,0.010000000000000000,564.81670429999997000,64,10,52.5000000000000000,0,65,5.2000000000000000,64,0.1000000000000000,3148.3651300000001000,25885.0000000000,1.5000000000000000,1.4000000000000000,0.59599999999999997,10.8000000000000000,71.700000000000000,0,0,0,0,0,0,0,0,0,0,0,0,0,0,0,0,0,0,0,0,0,0,0,0,0,0,0,0,0,0,0,0,0,0,0,0,0,0,0,0
2013,135,0,0.010000000000000000,447.54564499999998000,64,0,51.7000000000000000,0,65,3.9200000000000000,64,0.1000000000000000,3167.3435599999998000,253142.0000000000,1.5000000000000000,1.4000000000000000,0.59099999999999997,10.8000000000000000,71.599999999999994,0,0,0,0,0,0,0,0,0,0,0,0,0,0,0,0,0,0,0,0,0,0,0,0,0,0,0,0,0,0,0,0,0,0,0,0,0,0,0,0
2008,168,9,8.180000000000000000,0E-17,53,0,58.2000000000000000,10,76,3.9800000000000000,5,0.1000000000000000,null,null,1.6000000000000000,1.5000000000000000,0.74500000000000000,13.4000000000000000,73.200000000000000,0,0,0,0,0,0,0,0,0,0,0,1,0,0,0,0,0,0,0,0,0,0,0,0,0,1,0,0,0,0,0,1,0,0,0,0,0,0,0,0
2005,158,9,7.920000000000000000,0E-17,88,0,56.5000000000000000,11,8,4.6900000000000004,87,0.1000000000000000,null,null,1.7000000000000000,1.6000000000000000,0.70000000000000000,11.8000000000000000,73.599999999999994,0,0,0,0,0,0,0,0,0,1,0,0,0,0,0,0,0,0,0,0,0,0,0,0,0,0,0,0,0,1,0,0,0,0,0,0,0,0,0,0
2014,228,37,0.010000000000000000,0E-17,73,815,4.4000000000000004,47,67,5.6400000000000000,73,0.1000000000000000,null,null,13.7000000000000000,13.5000000000000000,0.50000000000000000,9.0000000000000000,65.400000000000006,0,0,0,0,0,0,0,0,0,0,0,0,0,0,0,0,0,0,0,0,0,0,0,0,0,0,0,0,0,0,0,0,0,0,0,0,0,0,0,0
2009,235,36,0.030000000000000000,0E-17,76,130,36.4000000000000000,46,76,5.3200000000000000,76,0.1000000000000000,null,null,13.8000000000000000,13.7000000000000000,0.48299999999999998,8.4000000000000000,64.099999999999994,0,0,0,0,0,0,0,0,0,0,0,0,0,0,0,0,0,0,0,0,0,0,0,0,0,0,0,0,0,0,0,0,0,0,0,0,0,0,0,0
2008,238,37,0.040000000000000000,0E-17,78,7,35.7000000000000030,47,78,5.1200000000000000,78,0.1000000000000000,null,null,13.8000000000000000,13.7000000000000000,0.48000000000000000,8.5000000000000000,63.800000000000000,0,0,0,0,0,0,0,0,0,0,0,0,0,0,0,0,0,0,0,0,0,0,0,0,0,0,0,0,0,0,0,0,0,0,0,0,0,0,0,0
2012,12,1,6.950000000000000000,201.74906279999999000,85,0,55.6000000000000000,1,87,7.2500000000000000,85,0.1000000000000000,1589.8271299999999000,3772938.0000000000,1.9000000000000000,1.9000000000000000,0.76500000000000001,12.8000000000000000,77.200000000000000,0,0,0,0,0,0,0,0,0,0,0,0,0,0,0,0,0,0,0,0,0,0,0,0,0,0,0,0,0,0,0,0,0,0,0,0,0,0,0,0
2001,124,2,5.430000000000000000,7.32051446100000010,98,0,46.9000000000000000,2,95,7.7200000000000000,99,0.1000000000000000,446.3728330000000100,389684.0000000000,2.2999999999999998,2.2999999999999998,0.72099999999999997,12.4000000000000000,75.500000000000000,0,0,0,0,0,0,0,0,0,0,0,0,0,0,0,0,0,0,0,0,0,0,0,0,0,0,0,0,0,0,0,0,0,0,0,0,0,0,0,0
2015,275,10,null,0E-17,67,38,48.6000000000000000,12,74,null,73,0.6000000000000000,null,7919825.0000000000,1.3000000000000000,1.3000000000000000,0.51500000000000001,10.0000000000000000,62.900000000000000,0,0,0,0,0,0,0,0,0,0,0,0,0,0,0,0,0,0,0,0,0,0,0,0,0,0,0,0,0,0,0,0,0,0,0,0,0,0,0,0
2009,288,11,0.820000000000000000,20.53327531000000100,66,0,44.2000000000000000,14,79,4.3600000000000003,73,1.1000000000000001,1166.6633700000000000,6947447.0000000000,1.4000000000000000,1.3000000000000000,0.47699999999999998,9.1999999999999993,61.600000000000000,0,0,0,0,0,0,0,0,0,0,0,0,0,0,0,0,0,0,0,0,0,0,0,0,0,0,0,0,0,0,0,0,0,0,0,0,0,0,0,0
2013,148,3,5.030000000000000000,573.43469819999996000,86,0,48.6000000000000000,3,8,1.4900000000000000,86,0.2000000000000000,4479.9585800000004000,646574.0000000000,2.0000000000000000,1.9000000000000000,0.67900000000000005,12.3000000000000000,73.800000000000000,0,0,0,0,0,0,0,0,0,1,0,0,0,0,0,0,0,0,0,0,0,0,0,0,0,0,0,0,0,1,0,0,0,0,0,0,0,0,0,0
2008,157,3,6.140000000000000000,34.73924576000000300,87,0,44.9000000000000000,4,85,7.6000000000000000,89,0.1000000000000000,359.9921840000000100,647117.0000000000,2.1000000000000000,2.1000000000000000,0.65400000000000003,11.9000000000000000,72.700000000000000,0,0,0,0,0,0,0,0,0,0,0,0,0,0,0,0,0,0,0,0,0,0,0,0,0,0,0,0,0,0,0,0,0,0,0,0,0,0,0,0
2001,17,4,6.660000000000000000,233.84886030000001000,92,0,39.7999999999999970,5,9,7.6100000000000000,89,0.1000000000000000,1417.2658200000001000,546624.0000000000,2.5000000000000000,2.4000000000000000,0.62400000000000000,11.8000000000000000,71.200000000000000,0,0,0,0,0,0,0,0,0,1,0,0,0,0,0,0,0,0,0,0,0,0,0,0,0,0,0,0,0,1,0,0,0,0,0,0,0,0,0,0
2000,172,4,6.780000000000000000,273.57587690000003000,92,0,39.1000000000000000,5,86,8.1000000000000000,86,0.1000000000000000,1545.6264229999999000,5327.0000000000,2.5000000000000000,2.4000000000000000,0.62500000000000000,11.6000000000000000,79.000000000000000,0,0,0,0,0,0,0,0,0,0,0,0,0,0,0,0,0,0,0,0,0,0,0,0,0,0,0,0,0,0,0,0,0,0,0,0,0,0,0,0
2001,142,17,4.220000000000000000,302.53590580000002000,92,0,46.1000000000000000,22,9,4.9800000000000004,9,0.5000000000000000,1981.2436530000000000,26261363.0000000000,1.4000000000000000,1.4000000000000000,0.67700000000000005,13.4000000000000000,72.400000000000006,0,0,0,0,0,0,0,0,0,1,0,1,0,0,0,0,0,0,0,0,0,0,0,0,0,0,0,0,0,1,0,1,0,0,1,0,0,0,0,0
2000,154,18,4.590000000000000000,297.51123369999999000,92,1,45.4000000000000000,24,93,4.8300000000000000,98,0.5000000000000000,1996.7196890000000000,25914879.0000000000,1.4000000000000000,1.4000000000000000,0.67400000000000004,13.5000000000000000,71.400000000000006,0,0,0,0,0,0,0,0,0,0,0,0,0,0,0,0,0,0,0,0,0,0,0,0,0,0,0,0,0,0,0,0,0,0,1,0,0,0,0,0
2008,82,0,1.370000000000000000,5484.14330799999970000,97,0,65.2000000000000000,0,98,1.8700000000000000,97,0.1000000000000000,82967.3722799999960000,null,5.0000000000000000,4.5000000000000000,0.82499999999999996,11.7000000000000000,76.800000000000000,0,0,0,0,0,0,0,0,0,0,0,0,0,1,0,0,0,0,0,0,0,0,0,0,1,0,0,0,0,0,0,0,0,1,0,0,0,0,0,0
2002,85,0,0.870000000000000000,188.67829449999999000,98,34,64.0999999999999940,0,96,2.7100000000000000,96,0.1000000000000000,2999.6549199999999000,null,4.8000000000000000,4.5000000000000000,0.80700000000000005,12.2000000000000000,76.400000000000006,0,0,0,0,0,0,0,0,0,0,0,0,0,0,0,0,0,0,0,0,0,0,0,0,0,0,0,0,0,0,0,0,0,0,0,0,0,0,0,0
2005,248,1,10.780000000000000000,0E-17,99,6,48.3000000000000000,1,99,9.1500000000000000,98,0.1000000000000000,null,null,3.1000000000000000,3.3000000000000000,null,null,67.300000000000000,0,0,0,0,0,0,0,0,0,0,0,0,0,0,0,0,0,0,0,0,0,0,0,0,0,0,0,0,0,0,0,0,0,0,0,0,0,0,0,0
2006,328,22,6.880000000000000000,78.47020225999999400,99,494,15.9000000000000000,34,99,1.2000000000000000,99,6.2000000000000000,342.3656293999999900,92658.0000000000,6.8000000000000000,6.8000000000000000,0.40400000000000003,9.3000000000000007,57.600000000000000,0,0,0,0,0,0,0,0,0,0,0,0,0,0,0,0,0,0,0,0,0,0,0,0,0,0,0,0,0,0,0,0,1,0,0,0,0,0,0,0
2010,162,0,7.000000000000000000,0E-17,99,0,49.3000000000000000,0,99,4.7100000000000000,99,0.1000000000000000,null,null,3.5000000000000000,3.5000000000000000,0.71099999999999997,13.3000000000000000,72.500000000000000,0,0,0,0,0,0,0,0,0,0,0,0,0,0,0,0,0,0,0,0,0,0,0,0,0,0,0,0,0,0,0,0,0,0,0,0,0,0,0,0
2009,165,0,6.850000000000000000,0E-17,99,0,48.4000000000000000,0,99,5.1300000000000000,99,0.2000000000000000,null,null,3.6000000000000000,3.5000000000000000,0.70899999999999996,13.3000000000000000,72.300000000000000,0,0,0,0,0,0,0,0,0,0,0,0,0,0,0,0,0,0,0,0,0,0,0,0,0,0,0,0,0,0,0,0,0,0,0,0,0,0,0,0
2008,215,0,4.360000000000000300,62.85658629999999600,99,0,25.4000000000000000,0,99,5.6600000000000000,99,0.9000000000000000,1126.4621199999999000,166913.0000000000,6.5000000000000000,6.4000000000000000,0.53100000000000003,10.4000000000000000,65.400000000000006,0,0,0,0,0,0,0,0,0,0,0,0,0,0,0,0,0,0,0,0,0,0,0,0,0,0,0,0,0,0,0,0,0,0,0,0,0,0,0,0
2010,212,21,0.280000000000000030,1.02007176300000000,89,428,21.7000000000000000,32,76,4.6200000000000000,89,0.4000000000000000,11.6313770000000010,12916229.0000000000,1.4000000000000000,1.3000000000000000,0.44900000000000001,7.7000000000000000,64.300000000000000,0,0,0,0,0,0,0,0,0,0,0,0,0,0,0,0,0,0,0,0,0,0,0,0,0,0,0,0,0,0,0,0,0,0,0,0,0,0,0,0
2008,132,1,9.539999999999999100,96.33237911999999900,93,2,55.8000000000000000,1,95,1.5000000000000000,95,0.1000000000000000,671.7739129999999900,735222.0000000000,2.2999999999999998,2.4000000000000000,0.74900000000000000,13.5000000000000000,74.000000000000000,0,0,0,0,0,0,0,0,0,0,0,0,0,0,0,0,0,0,0,0,0,0,0,0,0,0,0,0,0,0,0,0,0,0,0,0,0,0,0,0
2010,18,0,6.510000000000000000,16.49232316999999900,99,0,33.5000000000000000,0,99,3.5900000000000000,99,0.1000000000000000,184.6844700000000000,8977.0000000000,5.8000000000000000,6.2000000000000000,0.74000000000000000,13.2000000000000000,72.400000000000006,0,0,0,0,0,0,0,0,0,0,0,0,0,0,0,0,0,0,0,0,0,0,0,0,0,0,0,0,0,0,0,0,0,0,0,0,0,0,0,0
2008,184,0,6.330000000000000000,701.85263640000005000,99,0,31.8000000000000000,0,99,2.6400000000000000,99,0.1000000000000000,11122.8627000000000000,86956.0000000000,5.9000000000000000,6.3000000000000000,0.73899999999999999,13.2000000000000000,72.200000000000000,0,0,0,0,0,0,0,0,0,0,0,0,0,0,0,0,0,0,0,0,0,0,0,0,0,0,0,0,0,0,0,0,0,0,0,0,0,0,0,0
2003,185,0,7.410000000000000000,843.11866620000001000,99,0,28.7000000000000000,0,99,4.6399999999999997,99,0.1000000000000000,8524.9612359999992000,82781.0000000000,6.1000000000000000,6.5000000000000000,0.71299999999999997,12.1000000000000000,72.099999999999994,0,0,0,0,0,0,0,0,0,0,0,0,0,0,0,0,0,0,0,0,0,0,0,0,0,0,0,0,0,0,0,0,0,0,0,0,0,0,0,0
2013,47,23,0.010000000000000000,1.32146407600000000,92,15,23.3000000000000000,33,92,11.5900000000000000,92,0.8000000000000000,71.8186998000000050,692279.0000000000,7.7000000000000000,7.6000000000000000,0.41299999999999998,9.3000000000000007,54.000000000000000,0,0,0,0,0,0,0,0,0,0,0,0,0,0,0,0,0,0,0,0,0,0,0,0,0,0,0,0,0,0,0,0,0,0,0,0,0,0,0,0
2011,6,0,1.800000000000000000,638.00010970000005000,96,148,32.1000000000000000,0,96,3.9300000000000000,96,0.1000000000000000,53166.6758100000010000,null,2.1000000000000000,2.1000000000000000,0.91100000000000003,15.2000000000000000,82.200000000000000,0,0,0,0,0,0,0,0,0,0,0,0,0,1,0,0,0,0,0,0,0,0,0,0,0,0,0,0,0,0,0,0,0,1,0,0,0,0,0,0
2013,114,0,9.890000000000000000,0E-17,98,0,57.8000000000000000,0,98,8.0000000000000000,98,0.1000000000000000,null,null,1.2000000000000000,1.3000000000000000,0.83799999999999997,15.0000000000000000,76.099999999999994,0,0,0,0,0,0,0,0,0,0,0,0,0,0,0,0,0,0,0,0,0,0,0,0,0,0,0,0,0,0,0,0,0,0,0,0,0,0,0,0
2014,183,0,0.010000000000000000,3.71843879899999990,88,0,49.7000000000000000,0,94,5.5000000000000000,88,0.1000000000000000,29.6526220000000010,57554.0000000000,1.1000000000000001,1.2000000000000000,0.51200000000000001,9.6000000000000000,68.800000000000000,0,0,0,0,0,0,0,0,0,0,0,0,0,0,0,0,0,0,0,0,0,0,0,0,0,0,0,0,0,0,0,0,0,0,0,0,0,0,0,0
2003,215,0,1.180000000000000000,16.83170578000000000,79,0,4.4000000000000004,0,84,6.0000000000000000,84,0.1000000000000000,744.7657423000000600,446769.0000000000,1.3000000000000000,1.3000000000000000,0.45300000000000001,8.0000000000000000,66.800000000000000,0,0,0,0,0,0,0,0,0,0,0,0,0,0,0,0,0,0,0,0,0,0,0,0,0,0,0,0,0,0,0,0,0,0,0,0,0,0,0,0
2008,336,52,0.010000000000000000,0E-17,92,1081,21.1000000000000000,84,4,null,31,0.9000000000000000,null,null,7.2000000000000000,7.0000000000000000,null,null,51.900000000000000,0,0,0,0,0,0,0,0,0,1,0,0,0,0,0,0,0,0,0,0,0,0,0,0,0,0,1,0,1,1,0,1,0,0,0,0,0,0,0,0
2002,382,30,null,0E-17,92,0,null,48,93,null,93,3.3000000000000000,null,7237276.0000000000,null,null,0E-17,0E-16,52.000000000000000,0,0,0,0,0,0,0,0,0,0,0,0,0,0,0,0,0,0,1,0,0,0,0,0,0,0,0,0,0,0,0,0,1,0,0,0,0,1,1,0
2000,175,5,1.450000000000000000,60.49098149999999700,92,16527,14.1000000000000000,6,99,3.7700000000000000,99,0.1000000000000000,875.4121780000000400,18655.0000000000,15.3000000000000000,15.5000000000000000,0.67700000000000005,12.4000000000000000,71.500000000000000,0,0,0,0,0,0,0,0,0,0,0,0,0,0,0,0,0,0,0,0,0,0,0,0,0,0,1,0,0,0,0,0,0,0,0,1,1,0,0,0
2006,64,0,6.500000000000000000,6369.51613900000030000,92,19,55.7000000000000000,0,98,8.9499999999999993,98,0.1000000000000000,46256.4715999999970000,9855.0000000000,1.3000000000000000,1.3000000000000000,0.89200000000000002,15.9000000000000000,88.000000000000000,0,0,0,0,0,0,0,0,0,0,0,0,0,0,0,0,0,0,0,0,0,0,0,0,1,0,0,0,0,0,0,0,0,1,0,0,0,0,0,0
2003,72,0,10.820000000000000000,842.27680869999995000,92,574,52.3000000000000000,0,95,1.9300000000000000,93,0.1000000000000000,4796.5649700000004000,73391.0000000000,0.6000000000000000,0.5000000000000000,0.88900000000000001,15.0000000000000000,85.000000000000000,0,0,0,0,0,0,0,0,0,0,0,0,0,0,0,0,0,0,0,0,0,0,0,0,0,0,0,0,0,0,0,0,0,0,0,0,0,0,0,0
2010,127,7,0.780000000000000000,0E-17,84,26,52.3000000000000000,9,83,3.2800000000000000,8,0.1000000000000000,null,2118834.0000000000,6.4000000000000000,6.1000000000000000,0.65000000000000000,11.7000000000000000,73.700000000000000,0,0,0,0,0,0,0,0,0,0,0,1,0,0,0,0,0,0,0,0,0,0,0,0,0,0,0,0,0,0,0,1,0,0,0,0,0,0,0,0
2003,134,9,1.290000000000000000,94.75639210999999300,81,801,46.0000000000000000,11,85,5.1200000000000000,83,0.1000000000000000,1253.3914299999999000,17415266.0000000000,6.6000000000000000,6.4000000000000000,0.59899999999999998,10.3000000000000000,73.000000000000000,0,0,0,0,0,0,0,0,0,0,0,0,0,0,0,0,0,0,0,0,0,0,0,0,0,0,0,0,0,0,0,0,0,0,1,0,0,0,0,0
2000,136,10,1.410000000000000000,81.72747119999999700,79,146,43.9000000000000000,12,86,4.9200000000000000,84,0.1000000000000000,1177.6292679999999000,1641848.0000000000,6.8000000000000000,6.6000000000000000,0.58799999999999997,10.0000000000000000,72.599999999999994,0,0,0,0,0,0,0,0,0,0,0,0,0,0,0,0,0,0,0,0,0,0,0,0,0,0,0,0,0,0,0,0,0,0,0,0,0,0,0,0
2014,162,10,0.010000000000000000,7.82900859600000040,97,0,39.9000000000000000,11,94,6.8800000000000000,97,0.2000000000000000,114.4591900000000100,8362745.0000000000,3.6000000000000000,3.7000000000000000,0.62200000000000000,11.3000000000000000,69.599999999999994,0,0,0,0,0,0,0,0,0,0,0,0,0,0,0,0,0,0,0,0,0,0,0,0,0,0,0,0,0,0,0,0,0,0,0,0,0,0,0,0
2001,126,0,3.270000000000000000,0E-17,92,27,53.2000000000000000,0,91,8.1800000000000000,91,0.1000000000000000,null,null,2.8000000000000000,2.8000000000000000,0E-17,11.8000000000000000,73.099999999999994,0,0,0,0,0,0,0,0,0,0,0,0,0,0,0,0,0,0,0,0,0,0,0,0,0,0,0,0,0,0,0,0,0,0,0,0,0,1,0,0
2009,336,14,1.240000000000000000,77.09551224000000500,78,425,2.9000000000000000,22,78,6.6400000000000000,78,4.3000000000000000,499.6468712999999900,633472.0000000000,7.5000000000000000,7.4000000000000000,0.44200000000000000,10.6000000000000000,56.700000000000000,0,0,0,0,0,0,0,0,0,0,0,0,0,0,0,0,0,0,0,0,0,0,0,0,0,0,0,0,0,0,0,0,1,0,0,0,0,0,0,0
2013,137,0,0.010000000000000000,584.94498859999999000,82,0,74.3000000000000000,0,84,4.9800000000000004,82,0.1000000000000000,4266.5571739999996000,15328.0000000000,0.1000000000000000,0.1000000000000000,0.71799999999999997,14.3000000000000000,73.200000000000000,0,0,0,0,0,0,0,0,0,0,0,0,0,0,0,0,0,0,0,0,0,0,0,0,0,0,0,0,0,0,0,0,0,0,0,0,0,0,0,0
2013,172,0,6.710000000000000000,167.26579060000000000,92,0,45.0000000000000000,0,94,5.9800000000000000,92,0.3000000000000000,1967.8328300000001000,1348248.0000000000,5.8000000000000000,6.0000000000000000,0.77300000000000002,12.7000000000000000,71.000000000000000,0,0,0,0,0,0,0,0,0,0,0,0,0,0,0,0,0,0,0,0,0,0,0,0,0,0,0,0,0,0,0,0,0,0,0,0,0,0,0,0
2011,13,3,1.290000000000000000,623.21203249999996000,98,11,57.4000000000000000,3,98,7.1500000000000000,98,0.1000000000000000,4256.9127900000003000,1761467.0000000000,6.4000000000000000,6.3000000000000000,0.71399999999999997,14.5000000000000000,74.800000000000000,0,0,0,0,0,0,0,0,0,0,0,0,0,0,0,0,0,0,0,0,0,0,0,0,0,0,0,0,0,0,0,0,0,0,0,0,0,0,0,0
2014,217,7,2.900000000000000000,691.13335350000000000,97,0,47.7000000000000000,8,98,2.7000000000000000,98,0.1000000000000000,7962.3658240000004000,5466241.0000000000,3.3000000000000000,3.3000000000000000,0.68300000000000005,10.8000000000000000,66.000000000000000,0,0,0,0,0,0,0,0,0,0,0,0,0,0,0,0,0,0,0,0,0,0,0,0,0,0,0,0,0,0,0,0,0,0,0,0,0,0,0,0
2014,71,3,10.370000000000000000,0E-17,92,133,66.0000000000000000,4,95,9.1199999999999992,95,0.1000000000000000,null,null,0.8000000000000000,0.5000000000000000,null,null,81.000000000000000,0,0,0,0,0,0,0,0,0,0,0,0,0,0,0,0,0,0,0,0,0,0,0,0,0,0,0,0,0,0,0,0,0,0,0,0,0,0,0,0
2000,457,114,3.890000000000000000,0E-17,92,14649,16.0000000000000000,181,64,2.6400000000000000,79,12.8000000000000000,null,null,8.3000000000000007,8.3000000000000007,null,null,49.200000000000000,0,0,0,0,0,0,0,0,0,0,0,0,0,0,0,0,0,0,0,0,0,1,1,0,0,0,1,0,1,0,0,0,1,0,0,0,0,0,0,0
2001,115,28,8.250000000000000000,0E-17,89,116,6.9000000000000000,33,89,13.7300000000000000,94,0.1000000000000000,null,null,0.8000000000000000,0.6000000000000000,null,null,76.900000000000006,0,0,0,0,0,0,0,0,0,0,1,0,0,0,0,0,0,0,0,0,0,0,0,0,0,0,0,0,0,0,1,0,0,0,0,0,0,0,0,0
2001,123,1,6.480000000000000000,421.48042820000001000,94,0,55.7000000000000000,1,94,7.4600000000000000,94,0.1000000000000000,6281.3774700000004000,332713.0000000000,1.8000000000000000,1.7000000000000000,0.74199999999999999,14.2000000000000000,75.200000000000000,0,0,0,0,0,0,0,0,0,0,0,0,0,0,0,0,0,0,0,0,0,0,0,0,0,0,0,0,0,0,0,0,0,0,0,0,0,0,0,0
2000,131,1,6.650000000000000000,645.95838160000005000,92,0,55.0000000000000000,1,92,7.8200000000000000,9,0.1000000000000000,6871.8976769999999000,3321245.0000000000,1.8000000000000000,1.7000000000000000,0.73799999999999999,14.0000000000000000,75.099999999999994,0,0,0,0,0,0,0,0,0,0,0,1,0,0,0,0,0,0,0,0,0,0,0,0,0,0,0,0,0,0,0,1,0,0,0,0,0,0,0,0
2000,18,0,1.210000000000000000,21.90075231999999900,7,9,41.1000000000000000,0,67,3.2800000000000000,71,0.1000000000000000,1469.8491489999999000,18563.0000000000,1.7000000000000000,1.7000000000000000,0E-17,9.6000000000000000,69.000000000000000,0,0,0,0,0,1,0,0,0,0,0,0,0,0,0,0,0,0,0,0,0,0,0,0,0,1,0,0,0,0,0,0,0,0,0,0,0,1,0,0
2012,161,9,6.700000000000000000,0E-17,81,1,6.4000000000000000,10,73,4.8000000000000000,81,0.1000000000000000,null,null,1.6000000000000000,1.5000000000000000,0.76700000000000002,14.1000000000000000,73.700000000000000,0,0,0,0,0,0,0,0,0,0,0,0,0,0,0,0,0,0,0,0,0,0,0,0,0,0,0,0,0,0,0,0,0,0,0,0,0,0,0,0
2014,128,28,4.090000000000000000,0E-17,95,15033,16.7000000000000000,35,96,7.7000000000000000,95,0.1000000000000000,null,null,14.3000000000000000,14.7000000000000000,0.67500000000000004,12.5000000000000000,75.900000000000006,0,0,0,0,0,0,0,0,0,0,0,0,0,0,0,0,0,0,0,0,0,0,0,0,0,0,1,0,0,0,0,0,0,0,0,0,0,0,0,0
2007,136,28,3.010000000000000000,0E-17,67,17,12.3000000000000000,35,92,6.9000000000000000,92,0.2000000000000000,null,null,14.9000000000000000,15.8000000000000000,0.62500000000000000,11.4000000000000000,74.700000000000000,0,0,0,0,0,0,0,0,0,0,0,0,0,0,0,0,0,0,0,0,0,0,0,0,0,0,0,0,0,0,0,0,0,0,0,0,1,0,0,0
2006,136,28,2.560000000000000000,0E-17,93,1978,11.8000000000000000,35,94,5.5600000000000000,94,0.2000000000000000,null,null,15.1000000000000000,15.9000000000000000,0.61799999999999999,11.3000000000000000,74.599999999999994,0,0,0,0,0,0,0,0,0,0,0,0,0,0,0,0,0,0,0,0,0,0,0,0,0,0,1,0,0,0,0,0,0,0,0,0,1,0,0,0
2001,138,32,1.840000000000000000,0E-17,92,12058,9.6000000000000000,41,96,5.1700000000000000,96,0.1000000000000000,null,null,15.7000000000000000,16.3999999999999990,0.57599999999999996,10.6000000000000000,73.599999999999994,0,0,0,0,0,0,0,0,0,0,0,0,0,0,0,0,0,0,0,0,0,0,0,0,0,0,1,0,0,0,0,0,0,0,0,1,1,0,0,0
2007,487,32,2.080000000000000000,10.85148218000000000,8,535,19.2000000000000000,51,77,4.3700000000000000,8,13.6000000000000000,114.5879850000000000,12725974.0000000000,6.9000000000000000,6.8000000000000000,0.49199999999999999,11.1000000000000000,52.600000000000000,0,0,0,0,0,1,0,0,0,0,0,1,0,0,0,0,0,0,0,0,0,1,0,0,0,1,0,0,0,0,0,1,1,0,0,0,0,0,0,0
2006,526,33,2.250000000000000000,1.86000373899999990,81,459,18.8000000000000000,52,83,6.1100000000000000,81,15.9000000000000000,13.1541990000000000,12383446.0000000000,7.0000000000000000,6.9000000000000000,0.47899999999999998,10.9000000000000000,58.000000000000000,0,0,0,0,0,0,0,0,0,0,0,0,0,0,0,0,0,0,0,0,0,1,0,0,0,0,0,0,0,0,0,0,1,0,0,0,0,0,0,0
2010,527,29,5.210000000000000000,53.30858081000000200,9,9696,29.4000000000000000,44,89,5.3700000000000000,89,15.7000000000000000,713.6356200000000200,1486317.0000000000,7.1000000000000000,7.0000000000000000,0.43600000000000000,10.0000000000000000,52.400000000000000,0,0,0,0,0,1,0,0,0,0,0,0,0,0,0,0,0,0,0,0,0,1,0,0,0,1,1,0,0,0,0,0,1,0,0,0,0,0,0,0
2005,717,28,4.139999999999999700,8.71740870000000000,65,420,27.5000000000000000,43,69,6.4400000000000000,68,30.3000000000000000,444.7657500000000300,129432.0000000000,9.0000000000000000,9.0000000000000000,0.40600000000000003,9.3000000000000007,44.600000000000000,0,1,0,0,0,0,0,0,0,0,0,0,1,0,0,0,0,0,0,0,0,1,0,0,0,0,0,0,0,0,0,0,1,0,0,0,0,0,0,0
2010,122,1,6.940000000000000000,1199.31997600000000000,94,0,54.2000000000000000,2,95,8.5000000000000000,94,0.1000000000000000,7937.2599309999996000,3643222.0000000000,2.0000000000000000,1.9000000000000000,0.75600000000000001,12.8000000000000000,76.500000000000000,0,0,0,0,0,0,0,0,0,0,0,0,0,0,0,0,0,0,0,0,0,0,0,0,1,0,0,0,0,0,0,0,0,0,0,0,0,0,0,0
2009,155,3,5.390000000000000000,30.93519548000000100,85,0,45.6000000000000000,3,81,9.1400000000000000,85,0.1000000000000000,2599.5962589999999000,6127837.0000000000,2.1000000000000000,2.0000000000000000,0.66300000000000003,12.1000000000000000,73.000000000000000,0,0,0,0,0,0,0,0,0,0,0,0,0,0,0,0,0,0,0,0,0,0,0,0,0,0,0,0,0,0,0,0,0,0,0,0,0,0,0,0
2015,211,52,null,0E-17,6,619,25.4000000000000000,66,79,null,6,0.1000000000000000,2878.3383699999999000,11716359.0000000000,1.0000000000000000,9.6999999999999993,0.67900000000000005,11.7000000000000000,68.500000000000000,0,0,0,0,0,1,0,0,0,0,0,1,0,0,0,0,0,0,0,0,0,0,0,0,0,1,0,0,1,0,0,1,0,0,0,0,0,0,0,0
2008,217,60,4.210000000000000000,155.47676179999999000,88,341,21.6000000000000000,78,91,4.5000000000000000,91,0.1000000000000000,1919.4661950000000000,9751864.0000000000,1.0000000000000000,9.6999999999999993,0.65500000000000003,11.5000000000000000,67.500000000000000,0,0,0,0,0,0,0,0,0,0,0,0,0,0,0,0,0,0,0,0,0,0,1,0,0,0,0,0,1,0,0,0,0,0,0,0,0,0,0,0
2015,76,0,null,0E-17,98,8,61.6000000000000000,0,98,null,98,0.1000000000000000,1922.6810000000000000,135876.0000000000,0.7000000000000000,0.5000000000000000,0.84099999999999997,16.6000000000000010,81.099999999999994,0,0,0,0,0,0,0,0,0,0,0,0,0,0,0,0,0,0,0,0,0,0,0,0,0,0,0,0,0,0,0,0,0,0,0,0,0,0,0,0
2005,11,0,13.330000000000000000,2813.98528500000020000,94,7,54.1000000000000000,1,93,9.9800000000000000,93,0.1000000000000000,18784.9484999999990000,15333.0000000000,0.7000000000000000,0.6000000000000000,0.79000000000000000,15.4000000000000000,77.700000000000000,0,0,0,0,0,0,0,0,0,0,0,0,0,0,0,0,0,0,0,0,0,0,0,0,1,0,0,0,0,0,0,0,0,1,0,0,0,0,0,0
2007,77,2,9.050000000000000700,0E-17,91,194,28.2000000000000000,2,91,5.9900000000000000,91,0.1000000000000000,null,null,1.5000000000000000,1.0000000000000000,null,null,79.800000000000000,0,0,0,0,0,0,0,0,0,0,0,0,0,0,0,0,0,0,0,0,0,0,0,0,0,0,0,0,0,0,0,0,0,0,0,0,0,0,0,0
2004,225,1,12.270000000000000000,0E-17,99,4,47.9000000000000000,1,98,8.4900000000000000,98,0.1000000000000000,null,null,3.2000000000000000,3.4000000000000000,null,null,68.000000000000000,0,0,0,0,0,0,0,0,0,0,0,0,0,0,0,0,0,0,0,0,0,0,0,0,0,0,0,0,0,0,0,0,0,0,0,0,0,0,0,0
2001,228,1,10.980000000000000000,0E-17,94,457,46.8000000000000000,1,98,7.0000000000000000,97,0.1000000000000000,null,null,3.5000000000000000,3.6000000000000000,null,null,67.599999999999994,0,0,0,0,0,0,0,0,0,0,0,0,0,0,0,0,0,0,0,0,0,0,0,0,0,0,0,0,0,0,0,0,0,0,0,0,0,0,0,0
2006,157,3,8.510000000000000000,665.64275459999999000,99,3196,54.4000000000000000,4,97,5.6000000000000000,97,0.1000000000000000,5828.7456620000003000,2119376.0000000000,3.2000000000000000,3.7000000000000000,0.75500000000000000,13.7000000000000000,72.500000000000000,0,0,0,0,0,0,0,0,0,0,0,0,0,0,0,0,0,0,0,0,0,0,0,0,0,0,1,0,0,0,0,0,0,0,0,0,0,0,0,0
2004,321,19,11.500000000000000000,46.51559475999999900,96,2444,55.0000000000000000,21,98,5.1900000000000000,97,0.3000000000000000,412.3722940000000100,1446754.0000000000,2.5000000000000000,2.8000000000000000,0.74099999999999999,13.6000000000000000,64.900000000000006,0,0,0,0,0,0,0,0,0,0,0,0,0,0,0,0,0,0,0,0,0,0,0,0,0,0,1,0,0,0,0,0,0,0,0,0,0,0,0,0
2001,38,21,10.470000000000000000,2.64252714800000010,43,2072,54.2000000000000000,25,97,5.6700000000000000,96,0.3000000000000000,21.3623860000000010,14597683.0000000000,2.8000000000000000,3.0000000000000000,0.72000000000000000,12.5000000000000000,65.099999999999994,0,0,0,0,0,0,0,0,0,0,0,0,0,0,0,0,0,0,0,0,0,0,0,0,0,1,1,0,0,0,0,0,0,0,0,0,0,0,0,0
2015,227,11,null,0E-17,98,1,21.4000000000000000,15,99,null,98,0.4000000000000000,71.3483970000000060,11629553.0000000000,5.7000000000000000,5.7000000000000000,0.49299999999999999,10.8000000000000000,66.099999999999994,0,0,0,0,0,0,0,0,0,0,0,0,0,0,0,0,0,0,0,0,0,0,0,0,0,0,0,0,0,0,0,0,0,0,0,0,0,0,0,0
2007,295,20,6.780000000000000000,7.40977160300000030,97,26,16.5000000000000000,30,98,8.4900000000000000,97,5.0000000000000000,44.8533389999999980,944742.0000000000,6.8000000000000000,6.7000000000000000,0.42399999999999999,10.1000000000000000,59.600000000000000,0,0,0,0,0,0,0,0,0,0,0,0,0,0,0,0,0,0,0,0,0,0,0,0,0,0,0,0,0,0,0,0,1,0,0,0,0,0,0,0
2003,48,29,6.660000000000000000,33.30286122999999800,96,1064,14.5000000000000000,46,96,6.3400000000000000,96,8.1000000000000000,212.6619490999999900,868346.0000000000,7.0000000000000000,7.3000000000000000,0.35899999999999999,7.6000000000000000,52.000000000000000,0,0,0,0,0,0,0,0,0,0,0,0,0,0,0,0,0,0,0,0,0,0,0,0,0,0,1,0,0,0,0,0,1,0,0,0,0,0,0,0
2010,147,0,10.870000000000000000,0E-17,97,0,43.8000000000000000,0,97,8.1000000000000000,97,0.1000000000000000,null,null,4.3000000000000000,4.3000000000000000,0.72399999999999998,12.8000000000000000,74.200000000000000,0,0,0,0,0,0,0,0,0,0,0,0,0,0,0,0,0,0,0,0,0,0,0,0,0,0,0,0,0,0,0,0,0,0,0,0,0,0,0,0
2011,16,0,7.020000000000000000,0E-17,96,0,5.3000000000000000,0,96,4.9900000000000000,96,0.1000000000000000,null,null,3.5000000000000000,3.5000000000000000,0.71199999999999997,13.3000000000000000,72.700000000000000,0,0,0,0,0,0,0,0,0,0,0,0,0,0,0,0,0,0,0,0,0,0,0,0,0,0,0,0,0,0,0,0,0,0,0,0,0,0,0,0
2012,136,0,0.010000000000000000,492.05522630000002000,64,1,73.4000000000000060,0,62,5.2000000000000000,64,0.1000000000000000,4234.5544430000000000,189194.0000000000,0.2000000000000000,0.1000000000000000,0.69799999999999995,12.9000000000000000,73.200000000000000,0,0,0,0,0,0,0,0,0,0,0,0,0,0,0,0,0,0,0,0,0,0,0,0,0,0,0,0,0,0,0,0,0,0,0,0,0,0,0,0
2010,144,0,3.010000000000000000,434.79406790000002000,57,8,72.5000000000000000,0,57,5.7000000000000000,62,0.1000000000000000,3453.4874340000001000,18625.0000000000,0.2000000000000000,0.2000000000000000,0.69000000000000000,12.9000000000000000,72.599999999999994,0,0,0,0,0,0,0,0,0,0,0,0,0,0,0,0,0,0,0,0,0,0,0,0,0,1,0,0,0,0,0,0,0,0,0,0,0,0,0,0
2014,191,0,0.010000000000000000,225.73077509999999000,95,0,3.1000000000000000,0,95,8.3500000000000000,95,0.2000000000000000,1821.8787339999999000,191266.0000000000,5.6000000000000000,5.4000000000000000,0.56200000000000006,11.1000000000000000,67.300000000000000,0,0,0,0,0,0,0,0,0,0,0,0,0,0,0,0,0,0,0,0,0,0,0,0,0,0,0,0,0,0,0,0,0,0,0,0,0,0,0,0
2012,9,8,0.090000000000000000,196.38083050000000000,98,294,65.5999999999999940,9,98,3.8600000000000000,98,0.1000000000000000,2533.9461999999999000,null,7.5000000000000000,7.4000000000000000,0.81799999999999995,14.5000000000000000,74.099999999999994,0,0,0,0,0,0,0,0,0,0,0,0,0,0,0,0,0,0,0,0,0,0,0,0,0,0,0,0,0,0,0,0,0,0,0,0,0,0,0,0
2011,92,8,0.090000000000000000,173.57555950000000000,98,362,64.7000000000000000,9,98,3.5700000000000000,98,0.1000000000000000,2377.7473900000000000,null,7.4000000000000000,7.4000000000000000,0.80400000000000005,13.9000000000000000,73.900000000000006,0,0,0,0,0,0,0,0,0,0,0,0,0,0,0,0,0,0,0,0,0,0,0,0,0,0,0,0,0,0,0,0,0,0,0,0,0,0,0,0
2008,225,22,0.280000000000000030,1.08833088000000000,88,6,2.8000000000000000,34,87,4.9400000000000004,88,0.6000000000000000,11.3367799999999990,1223957.0000000000,1.8000000000000000,1.7000000000000000,0.43500000000000000,7.1000000000000000,62.800000000000000,0,0,0,0,0,0,0,0,0,0,0,0,0,0,0,0,0,0,0,0,0,0,0,0,0,0,0,0,0,0,0,0,0,0,0,0,0,0,0,0
2009,131,1,9.850000000000000000,820.81090979999999000,93,1,56.4000000000000000,1,97,9.9000000000000000,95,0.1000000000000000,5821.3539700000001000,73287.0000000000,2.2999999999999998,2.2999999999999998,0.75400000000000000,13.6000000000000000,74.099999999999994,0,0,0,0,0,0,0,0,0,0,0,0,0,0,0,0,0,0,0,0,0,0,0,0,0,0,0,0,0,0,0,0,0,0,0,0,0,0,0,0
2001,135,1,7.530000000000000000,222.50657050000001000,92,35,51.7000000000000000,1,93,6.8900000000000000,93,0.1000000000000000,1634.8756100000001000,753433.0000000000,2.8000000000000000,2.8000000000000000,0.70899999999999996,13.1000000000000000,73.099999999999994,0,0,0,0,0,0,0,0,0,0,0,0,0,0,0,0,0,0,0,0,0,0,0,0,0,0,0,0,0,0,0,0,0,0,0,0,0,0,0,0
2012,411,25,0.010000000000000000,54.56033696000000100,91,678,22.7000000000000000,35,91,11.2400000000000000,91,0.9000000000000000,561.8984239000000100,676613.0000000000,7.9000000000000000,7.8000000000000000,0.40100000000000002,9.1000000000000000,49.700000000000000,0,0,0,0,0,0,0,0,0,0,0,0,0,0,0,0,0,0,0,0,0,0,0,0,0,0,0,0,0,0,0,0,0,0,0,0,0,0,0,0
2011,418,26,3.780000000000000000,54.66591749999999900,89,1865,22.2000000000000000,38,88,11.9800000000000000,89,1.3000000000000000,445.5249999999999800,6611692.0000000000,8.1000000000000000,8.0000000000000000,0.39200000000000002,8.9000000000000000,48.900000000000000,0,0,0,0,0,0,0,0,0,0,0,0,0,0,0,0,0,0,0,0,0,0,0,0,0,0,1,0,0,0,0,0,0,0,0,0,0,0,0,0
2002,513,30,4.059999999999999600,36.59114894999999700,92,568,17.8999999999999990,48,54,11.9600000000000000,53,1.7000000000000000,249.9395419999999900,4957216.0000000000,9.9000000000000000,1.0000000000000000,0.30599999999999999,7.2000000000000000,48.000000000000000,0,0,0,0,0,0,0,0,0,0,0,0,0,0,0,0,0,0,0,0,0,1,0,0,0,0,0,0,0,0,0,0,1,0,0,0,0,0,0,0
2001,145,0,10.730000000000000000,0E-17,99,0,51.1000000000000000,1,99,5.5000000000000000,99,0.1000000000000000,null,null,1.5000000000000000,1.6000000000000000,0.76300000000000001,13.3000000000000000,73.300000000000000,0,0,0,0,0,0,0,0,0,0,0,0,0,0,0,0,0,0,0,0,0,0,0,0,0,0,0,0,0,0,0,0,0,0,0,0,0,0,0,0
2005,14,0,11.140000000000000000,2503.71425800000000000,92,0,54.1000000000000000,0,95,8.5000000000000000,95,0.1000000000000000,18169.1891000000000000,2474.0000000000,1.9000000000000000,2.0000000000000000,0.85299999999999998,16.3000000000000000,77.500000000000000,0,0,0,0,0,0,0,0,0,0,0,0,0,0,0,0,0,0,0,0,0,0,0,0,1,0,0,0,0,0,0,0,0,1,0,0,0,0,0,0
2004,113,0,10.000000000000000000,235.37852810000001000,92,0,53.5000000000000000,0,94,8.4700000000000006,94,0.1000000000000000,1726.9150999999999000,199712.0000000000,2.0000000000000000,2.0000000000000000,0.85000000000000000,16.6000000000000010,77.200000000000000,0,0,0,0,0,0,0,0,0,0,0,0,0,0,0,0,0,0,0,0,0,0,0,0,0,0,0,0,0,0,0,0,0,0,0,0,0,0,0,0
2008,193,0,1.090000000000000100,19.74929218999999800,89,0,44.7000000000000000,0,94,5.9700000000000000,89,0.1000000000000000,125.7916700000000000,54477.0000000000,1.2000000000000000,1.2000000000000000,0.48899999999999999,9.1999999999999993,68.000000000000000,0,0,0,0,0,0,0,0,0,0,0,0,0,0,0,0,0,0,0,0,0,0,0,0,0,0,0,0,0,0,0,0,0,0,0,0,0,0,0,0
2011,355,27,null,0E-17,92,1256,null,41,66,null,61,3.9000000000000000,176.9713000000000100,1448857.0000000000,null,null,0.42899999999999999,4.9000000000000004,55.400000000000000,0,0,0,0,0,0,0,0,0,0,0,0,0,0,0,0,0,0,0,0,0,0,0,0,0,0,1,0,0,0,0,0,1,0,0,0,0,0,0,0
2008,377,27,null,0E-17,92,0,null,42,93,null,93,4.2000000000000000,1678.7118620000001000,9263136.0000000000,null,null,0E-17,0E-16,53.600000000000000,0,0,0,0,0,0,0,0,0,0,0,0,0,0,0,0,0,0,1,0,0,0,0,0,0,0,0,0,0,0,0,0,1,0,0,0,0,1,1,0
2015,56,1,null,0E-17,97,115,66.5999999999999940,1,97,null,97,0.1000000000000000,25683.8456499999990000,46447697.0000000000,0.6000000000000000,0.5000000000000000,0.88200000000000001,17.7000000000000000,82.800000000000000,0,0,0,0,0,0,0,0,0,0,0,0,0,0,0,0,0,0,0,0,0,0,0,0,0,0,0,0,0,0,0,0,0,1,1,0,0,0,0,0
2006,73,2,11.860000000000000000,4460.39000599999960000,97,362,61.1000000000000000,2,98,8.2300000000000000,98,0.1000000000000000,28482.6948000000010000,44397319.0000000000,0.6000000000000000,0.5000000000000000,0.84399999999999997,15.9000000000000000,88.000000000000000,0,0,0,0,0,0,0,0,0,0,0,0,0,0,0,0,0,0,0,0,0,0,0,0,1,0,0,0,0,0,0,0,0,1,1,0,0,0,0,0
2015,138,3,null,0E-17,99,1568,23.4000000000000000,3,99,null,99,0.1000000000000000,3844.8912300000002000,2966.0000000000,15.1000000000000000,15.0000000000000000,0.76400000000000001,14.0000000000000000,74.900000000000006,0,0,0,0,0,0,0,0,0,0,0,0,0,0,0,0,0,0,0,0,0,0,0,0,0,0,1,0,0,0,0,0,0,0,0,0,0,0,0,0
2014,141,3,2.370000000000000000,42.73082829999999900,99,1686,22.7000000000000000,3,99,3.5000000000000000,99,0.1000000000000000,382.5499399999999900,2771.0000000000,15.2000000000000000,15.0000000000000000,0.76000000000000000,14.0000000000000000,74.700000000000000,0,0,0,0,0,0,0,0,0,0,0,0,0,0,0,0,0,0,0,0,0,0,0,0,0,0,1,0,0,0,0,0,0,0,0,1,0,0,0,0
2011,241,61,2.120000000000000000,196.68921530000000000,93,5616,null,91,93,8.3000000000000007,93,0.3000000000000000,1666.8577570000000000,35167314.0000000000,null,null,0.46300000000000002,7.0000000000000000,62.700000000000000,0,0,0,0,0,0,0,0,0,0,0,0,0,0,0,0,0,0,0,0,0,0,1,0,0,0,1,0,1,0,0,0,0,0,1,0,0,0,0,0
2005,261,66,1.550000000000000000,37.59039591999999900,22,1374,null,101,78,3.1800000000000000,78,0.2000000000000000,679.7539948999999500,3911914.0000000000,null,null,0.42299999999999999,6.1000000000000000,67.000000000000000,0,0,0,0,0,0,0,0,0,0,0,0,0,0,0,0,0,0,0,0,0,0,1,0,0,1,1,0,1,0,0,0,0,0,0,0,0,0,0,0
2006,199,0,4.519999999999999600,72.80016799999999900,84,0,51.8000000000000000,0,84,6.2200000000000000,84,0.6000000000000000,527.9199999999999600,5437.0000000000,3.5000000000000000,3.4000000000000000,0.67800000000000005,11.5000000000000000,69.300000000000000,0,0,0,0,0,0,0,0,0,0,0,0,0,0,0,0,0,0,0,0,0,0,0,0,0,0,0,0,0,0,0,0,0,0,0,0,0,0,0,0
2007,63,0,6.900000000000000000,7593.39162200000010000,92,1,56.1000000000000000,0,98,8.9200000000000000,98,0.1000000000000000,53324.3793700000020000,914892.0000000000,1.3000000000000000,1.3000000000000000,0.89500000000000002,15.8000000000000000,89.000000000000000,0,0,0,0,1,0,0,0,0,0,0,0,0,1,0,0,0,0,0,0,0,0,0,0,1,0,0,0,0,0,0,0,0,1,0,0,0,0,0,0
2015,49,0,null,0E-17,92,35,57.4000000000000000,0,97,null,97,0.1000000000000000,8989.8423999999995000,8282396.0000000000,0.4000000000000000,0.3000000000000000,0.93799999999999994,16.0000000000000000,83.400000000000000,0,0,0,0,0,0,0,0,0,0,0,0,0,0,0,0,0,0,0,0,0,0,0,0,0,0,0,0,0,0,0,0,0,0,0,0,0,0,0,0
2014,51,0,9.610000000000000000,19479.91160999999900000,92,23,57.0000000000000000,0,96,11.6600000000000000,96,0.1000000000000000,85814.5885700000070000,8188649.0000000000,0.4000000000000000,0.3000000000000000,0.93600000000000005,15.9000000000000000,83.200000000000000,0,0,0,0,1,0,0,0,0,0,0,0,0,1,0,0,0,0,0,0,0,0,0,0,1,0,0,0,0,0,0,0,0,1,0,0,0,0,0,0
2011,163,7,0.760000000000000000,0E-17,66,13,53.2000000000000000,8,6,3.2300000000000000,72,0.1000000000000000,null,2863993.0000000000,6.3000000000000000,6.1000000000000000,0.64600000000000002,12.0000000000000000,71.700000000000000,0,0,0,0,0,0,0,0,0,1,0,0,0,0,0,0,0,0,0,0,0,0,0,0,0,0,0,0,0,1,0,0,0,0,0,0,0,0,0,0
2009,124,7,0.810000000000000000,0E-17,84,22,51.3000000000000000,9,83,3.5500000000000000,8,0.1000000000000000,null,2824893.0000000000,6.4000000000000000,6.2000000000000000,0.64800000000000002,11.8000000000000000,73.800000000000000,0,0,0,0,0,0,0,0,0,0,0,1,0,0,0,0,0,0,0,0,0,0,0,0,0,0,0,0,0,0,0,1,0,0,0,0,0,0,0,0
2006,123,8,0.970000000000000000,122.65233340000000000,83,517,48.5000000000000000,10,83,3.7800000000000000,8,0.1000000000000000,1762.2461699999999000,18914977.0000000000,6.4000000000000000,6.3000000000000000,0.63600000000000001,11.4000000000000000,73.700000000000000,0,0,0,0,0,0,0,0,0,0,0,1,0,0,0,0,0,0,0,0,0,0,0,0,0,0,0,0,0,0,0,1,0,0,1,0,0,0,0,0
2002,135,9,1.250000000000000000,91.70356832999999600,8,538,45.3000000000000000,11,86,4.9400000000000004,84,0.1000000000000000,1263.1345500000000000,178791.0000000000,6.6000000000000000,6.5000000000000000,0.59599999999999997,10.1999999999999990,72.800000000000000,0,0,0,0,0,1,0,0,0,0,0,0,0,0,0,0,0,0,0,0,0,0,0,0,0,1,0,0,0,0,0,0,0,0,0,0,0,0,0,0
2008,178,10,0.320000000000000000,4.15336291200000040,86,0,35.2999999999999970,12,87,5.5800000000000000,86,0.3000000000000000,76.9141280000000050,739728.0000000000,3.8000000000000000,3.8000000000000000,0.59199999999999997,10.8000000000000000,66.400000000000006,0,0,0,0,0,0,0,0,0,0,0,0,0,0,0,0,0,0,0,0,0,0,0,0,0,0,0,0,0,0,0,0,0,0,0,0,0,0,0,0
2001,194,13,0.860000000000000000,1.14200381200000000,92,38,31.6000000000000000,16,84,4.5900000000000000,85,0.3000000000000000,17.8159721000000000,6327125.0000000000,4.0999999999999996,4.0999999999999996,0.53500000000000003,9.6999999999999993,64.000000000000000,0,0,0,0,0,0,0,0,0,0,0,0,0,0,0,0,0,0,0,0,0,0,0,0,0,0,0,0,0,0,0,0,0,0,0,0,0,0,0,0
2014,12,0,1.129999999999999900,0E-17,97,116,59.7000000000000000,0,96,6.4800000000000000,95,0.1000000000000000,null,null,2.2000000000000002,2.2000000000000002,0.74299999999999999,12.9000000000000000,75.500000000000000,0,0,0,0,0,0,0,0,0,0,0,0,0,0,0,0,0,0,0,0,0,0,0,0,0,0,0,0,0,0,0,0,0,0,0,0,0,0,0,0
2014,155,2,0.010000000000000000,28.14578502999999900,77,47,17.0000000000000000,2,76,1.4800000000000000,77,0.1000000000000000,1153.5157799999999000,1212814.0000000000,1.9000000000000000,11.1000000000000000,0.61199999999999999,12.5000000000000000,68.000000000000000,0,0,0,0,0,0,0,0,0,0,0,0,0,0,0,0,0,0,0,0,0,0,0,0,0,0,0,0,0,0,0,0,0,0,0,0,0,0,0,0
2010,163,2,0.100000000000000000,38.58376644999999900,72,50,15.5000000000000000,3,72,0.9200000000000000,72,0.1000000000000000,849.8626971999999600,119591.0000000000,11.5000000000000000,11.5000000000000000,0.59899999999999998,12.4000000000000000,66.900000000000006,0,0,0,0,0,0,0,0,0,0,0,0,0,0,0,0,0,0,0,0,0,0,0,0,0,0,0,0,0,0,0,0,0,0,0,0,0,0,0,0
2011,34,14,1.440000000000000000,39.08258545999999700,85,187,22.0000000000000000,21,85,5.2100000000000000,85,2.6000000000000000,562.3393591999999900,6679282.0000000000,7.1000000000000000,7.0000000000000000,0.45700000000000002,11.5000000000000000,58.300000000000000,0,0,0,0,0,0,0,0,0,0,0,0,0,0,0,0,0,0,0,0,0,0,0,0,0,0,0,0,0,0,0,0,1,0,0,0,0,0,0,0
2012,138,0,0.010000000000000000,63.80294988000000000,77,0,73.8000000000000000,0,79,4.5100000000000000,77,0.1000000000000000,451.5424620000000000,14951.0000000000,0.1000000000000000,0.1000000000000000,0.71699999999999997,14.4000000000000000,73.000000000000000,0,0,0,0,0,0,0,0,0,0,0,0,0,0,0,0,0,0,0,0,0,0,0,0,0,0,0,0,0,0,0,0,0,0,0,0,0,0,0,0
2014,171,0,6.940000000000000000,1578.87233900000000000,92,0,46.0000000000000000,0,94,5.9300000000000000,92,0.3000000000000000,19325.2428299999990000,1354493.0000000000,5.8000000000000000,6.0000000000000000,0.77800000000000002,12.7000000000000000,71.099999999999994,0,0,0,0,0,0,0,0,0,0,0,0,0,0,0,0,0,0,0,0,0,0,0,0,1,0,0,0,0,0,0,0,0,1,0,0,0,0,0,0
2008,12,3,1.370000000000000000,53.08451654000000300,99,2,54.7000000000000000,3,99,5.6300000000000000,99,0.1000000000000000,431.9325999999999800,147336.0000000000,6.3000000000000000,6.3000000000000000,0.70099999999999996,14.3000000000000000,74.700000000000000,0,0,0,0,0,0,0,0,0,0,0,0,0,0,0,0,0,0,0,0,0,0,0,0,0,0,0,0,0,0,0,0,0,0,0,0,0,0,0,0
2006,126,28,1.290000000000000000,103.52377600000000000,82,34,58.5000000000000000,34,9,5.8100000000000000,9,0.1000000000000000,834.8691609999999600,6876345.0000000000,5.0000000000000000,4.8000000000000000,0.68700000000000006,11.9000000000000000,72.800000000000000,0,0,0,0,0,0,0,0,0,1,0,1,0,0,0,0,0,0,0,0,0,0,0,0,0,0,0,0,0,1,0,1,0,0,0,0,0,0,0,0
2013,228,7,2.930000000000000000,63.74811170000000300,98,0,46.7000000000000000,8,98,2.1200000000000000,98,0.1000000000000000,734.4252500000000100,5366277.0000000000,3.2000000000000000,3.3000000000000000,0.67800000000000005,10.7000000000000000,65.400000000000006,0,0,0,0,0,0,0,0,0,0,0,0,0,0,0,0,0,0,0,0,0,0,0,0,0,0,0,0,0,0,0,0,0,0,0,0,0,0,0,0
2007,241,6,2.580000000000000000,0.35865142100000003,98,59,42.0000000000000000,8,98,2.1600000000000000,98,0.1000000000000000,26.3714280000000020,487137.0000000000,3.3000000000000000,3.3000000000000000,0E-17,10.4000000000000000,64.099999999999994,0,0,0,0,0,0,0,0,0,0,0,0,0,0,0,0,0,0,0,0,0,0,0,0,0,0,0,0,0,0,0,0,0,0,0,0,0,1,0,0
2001,221,7,2.350000000000000000,106.18070600000000000,92,9,38.1000000000000000,9,94,3.8700000000000000,95,0.1000000000000000,774.4763388000000100,45648.0000000000,3.6000000000000000,3.5000000000000000,0E-17,10.1999999999999990,64.000000000000000,0,0,0,0,0,0,0,0,0,0,0,0,0,0,0,0,0,0,0,0,0,0,0,0,0,0,0,0,0,0,0,0,0,0,0,0,0,1,0,0
2012,339,73,0.010000000000000000,92.88697858999999800,78,2027,17.2000000000000000,109,82,7.5800000000000000,78,4.5999999999999996,647.7474099999999500,3636796.0000000000,5.8000000000000000,5.8000000000000000,0.47699999999999998,10.0000000000000000,60.000000000000000,0,0,0,0,0,0,0,0,0,0,0,0,0,0,0,0,0,0,0,0,0,0,1,0,0,0,1,0,1,0,0,0,1,0,0,0,0,0,0,0
2003,53,109,10.160000000000000000,4.42679240599999970,44,29429,13.9000000000000000,173,57,7.5400000000000000,59,9.4000000000000000,237.9995917000000000,2662482.0000000000,6.7000000000000000,6.7000000000000000,0.41799999999999998,11.5000000000000000,51.000000000000000,0,0,0,0,0,0,0,0,0,0,0,0,0,0,0,0,0,0,0,0,0,0,1,0,0,1,1,0,1,0,0,0,1,0,0,0,0,0,0,0
2002,523,112,10.420000000000000000,2.69089784200000000,29,49871,13.6000000000000000,181,57,7.7800000000000000,57,10.0000000000000000,24.2423229000000010,2571848.0000000000,6.8000000000000000,6.8000000000000000,0.40400000000000003,11.0000000000000000,48.800000000000000,0,0,0,0,0,0,1,0,0,0,0,0,0,0,0,0,0,0,0,0,0,1,1,0,0,1,1,0,1,0,0,0,1,0,0,0,0,0,0,0
2007,8,4,11.840000000000000000,0E-17,92,1022,61.9000000000000000,4,92,8.4200000000000000,92,0.1000000000000000,null,null,0.7000000000000000,0.5000000000000000,null,null,79.500000000000000,0,0,0,0,0,0,0,0,0,0,0,0,0,0,0,0,0,0,0,0,0,0,0,0,0,0,1,0,0,0,0,0,0,0,0,0,0,0,0,0
2004,111,28,8.480000000000000000,0E-17,92,37,63.1000000000000000,33,92,15.1400000000000000,96,0.1000000000000000,null,null,0.7000000000000000,0.6000000000000000,null,null,77.500000000000000,0,0,0,0,0,0,0,0,0,0,1,0,0,0,0,0,0,0,0,0,0,0,0,0,0,0,0,0,0,0,1,0,0,0,0,0,0,0,0,0
2011,111,0,5.970000000000000000,417.91174410000002000,95,0,61.8000000000000000,1,95,8.5500000000000007,95,0.1000000000000000,14166.4998000000000000,3385624.0000000000,1.5000000000000000,1.5000000000000000,0.78000000000000000,15.5000000000000000,77.000000000000000,0,0,0,0,0,0,0,0,0,0,0,0,0,0,0,0,0,0,0,0,0,0,0,0,0,0,0,0,0,0,0,0,0,1,0,0,0,0,0,0
2002,124,1,5.860000000000000000,27.46880965000000100,95,0,56.3000000000000000,1,93,7.1800000000000000,95,0.1000000000000000,488.7688549999999700,3327773.0000000000,1.7000000000000000,1.7000000000000000,0.74600000000000000,14.7000000000000000,75.400000000000006,0,0,0,0,0,0,0,0,0,0,0,0,0,0,0,0,0,0,0,0,0,0,0,0,0,0,0,0,0,0,0,0,0,0,0,0,0,0,0,0
2012,184,18,0.010000000000000000,16.71406294999999900,99,0,42.2000000000000000,21,99,6.4900000000000000,99,0.1000000000000000,174.4682980000000000,297745.0000000000,3.0000000000000000,3.1000000000000000,0.67300000000000004,12.0000000000000000,68.800000000000000,0,0,0,0,0,0,0,0,0,0,0,0,0,0,0,0,0,0,0,0,0,0,0,0,0,0,0,0,0,0,0,0,0,0,0,0,0,0,0,0
2003,137,30,2.190000000000000000,0E-17,78,2297,1.4000000000000000,37,96,4.8400000000000000,99,0.2000000000000000,null,null,15.6000000000000000,16.2000000000000000,0.59199999999999997,10.9000000000000000,74.000000000000000,0,0,0,0,0,0,0,0,0,0,0,0,0,0,0,0,0,0,0,0,0,0,0,0,0,0,1,0,0,0,0,0,0,0,0,1,1,0,0,0
2001,611,43,2.610000000000000000,46.83027462999999800,92,16997,17.1000000000000010,70,86,6.5600000000000000,85,18.6000000000000010,378.2736238000000000,1824125.0000000000,7.4000000000000000,7.4000000000000000,0.42399999999999999,9.8000000000000007,44.600000000000000,0,1,0,0,0,0,0,0,0,0,0,0,1,0,0,0,0,0,0,0,0,1,0,0,0,0,1,0,1,0,0,0,1,0,0,0,0,0,0,0
2015,336,22,null,0E-17,87,0,31.8000000000000000,32,88,null,87,6.2000000000000000,118.6938300000000100,15777451.0000000000,5.6000000000000000,5.5000000000000000,0.50700000000000001,10.3000000000000000,67.000000000000000,0,0,0,0,0,0,0,0,0,0,0,0,0,0,0,0,0,0,0,0,0,0,0,0,0,0,0,0,0,0,0,0,1,0,0,0,0,0,0,0
2012,148,3,5.360000000000000000,441.84462439999999000,87,0,47.9000000000000000,3,83,1.3300000000000000,87,0.1000000000000000,3855.5377349999999000,6379219.0000000000,2.0000000000000000,2.0000000000000000,0.67900000000000005,12.3000000000000000,73.599999999999994,0,0,0,0,0,0,0,0,0,0,0,0,0,0,0,0,0,0,0,0,0,0,0,0,0,0,0,0,0,0,0,0,0,0,0,0,0,0,0,0
2010,152,3,5.650000000000000000,359.97603970000000000,89,0,46.4000000000000000,3,85,9.1000000000000000,89,0.1000000000000000,3225.5917540000000000,629877.0000000000,2.1000000000000000,2.0000000000000000,0.66400000000000003,12.4000000000000000,73.200000000000000,0,0,0,0,0,0,0,0,0,0,0,0,0,0,0,0,0,0,0,0,0,0,0,0,0,0,0,0,0,0,0,0,0,0,0,0,0,0,0,0
2004,165,3,6.200000000000000000,20.60083026999999900,9,0,42.0000000000000000,4,92,5.7800000000000000,92,0.2000000000000000,148.5279760000000000,57374.0000000000,2.2999999999999998,2.2000000000000002,0.63900000000000001,12.1000000000000000,71.900000000000006,0,0,0,0,0,1,0,0,0,0,0,0,0,0,0,0,0,0,0,0,0,0,0,0,0,1,0,0,0,0,0,0,0,0,0,0,0,0,0,0
2008,138,11,4.849999999999999600,58.49897419999999900,93,1,5.8000000000000000,14,93,4.7300000000000004,93,0.3000000000000000,428.8781099999999900,2864198.0000000000,1.2000000000000000,1.2000000000000000,0.70000000000000000,13.2000000000000000,73.900000000000006,0,0,0,0,0,0,0,0,0,0,0,0,0,0,0,0,0,0,0,0,0,0,0,0,0,0,0,0,0,0,0,0,0,0,0,0,0,0,0,0
2004,151,14,4.269999999999999600,356.93938050000003000,92,0,48.1000000000000000,18,81,4.5599999999999996,86,0.4000000000000000,2448.1438990000001000,27273194.0000000000,1.3000000000000000,1.3000000000000000,0.68500000000000005,12.8000000000000000,72.200000000000000,0,0,0,0,0,0,0,0,0,0,0,0,0,0,0,0,0,0,0,0,0,0,0,0,0,0,0,0,0,0,0,0,0,0,1,0,0,0,0,0
2000,153,3,8.400000000000000000,412.43239740000001000,99,77,53.1000000000000000,4,98,5.5000000000000000,98,0.1000000000000000,4492.7276400000001000,38258629.0000000000,2.5000000000000000,2.8000000000000000,0.77700000000000002,14.6000000000000000,73.700000000000000,0,0,0,0,0,0,0,0,0,0,0,0,0,0,0,0,0,0,0,0,0,0,0,0,0,0,0,0,0,0,0,0,0,0,1,0,0,0,0,0
2007,94,0,12.570000000000000000,333.35691240000000000,97,0,55.7000000000000000,0,96,9.6199999999999992,97,0.1000000000000000,2278.5844999999999000,1542964.0000000000,0.7000000000000000,0.5000000000000000,0.79700000000000004,15.4000000000000000,78.700000000000000,0,0,0,0,0,0,0,0,0,0,0,0,0,0,0,0,0,0,0,0,0,0,0,0,0,0,0,0,0,0,0,0,0,0,0,0,0,0,0,0
2012,72,0,1.129999999999999900,5163.32917999999970000,93,160,67.0000000000000000,0,93,2.1600000000000000,92,0.1000000000000000,88564.8229799999970000,null,5.0999999999999996,4.7000000000000000,0.83699999999999997,13.4000000000000000,77.800000000000000,0,0,0,0,0,0,0,0,0,0,0,0,0,1,0,0,0,0,0,0,0,0,0,0,1,0,0,0,0,0,0,0,0,1,0,0,0,0,0,0
2004,84,0,1.110000000000000100,4064.74386899999990000,97,29,65.0000000000000000,0,95,3.6100000000000000,96,0.1000000000000000,41818.3525599999990000,null,4.8000000000000000,4.5000000000000000,0.82599999999999996,13.5000000000000000,76.599999999999994,0,0,0,0,0,0,0,0,0,0,0,0,0,0,0,0,0,0,0,0,0,0,0,0,1,0,0,0,0,0,0,0,0,1,0,0,0,0,0,0
2014,66,1,0.010000000000000000,0E-17,99,442,31.2000000000000000,2,99,7.3700000000000000,99,0.1000000000000000,null,null,1.5000000000000000,1.0000000000000000,null,null,82.000000000000000,0,0,0,0,0,0,0,0,0,0,0,0,0,0,0,0,0,0,0,0,0,0,0,0,0,0,0,0,0,0,0,0,0,0,0,0,0,0,0,0
2010,74,2,9.230000000000000000,0E-17,94,114,29.5000000000000000,2,95,6.7900000000000000,94,0.1000000000000000,null,null,1.5000000000000000,1.0000000000000000,null,null,87.000000000000000,0,0,0,0,0,0,0,0,0,0,0,0,0,0,0,0,0,0,0,0,0,0,0,0,0,0,0,0,0,0,0,0,0,0,0,0,0,0,0,0
2005,84,2,9.029999999999999400,0E-17,99,7,27.2000000000000000,3,96,5.3300000000000000,96,0.1000000000000000,null,null,1.6000000000000000,1.0000000000000000,null,null,78.700000000000000,0,0,0,0,0,0,0,0,0,0,0,0,0,0,0,0,0,0,0,0,0,0,0,0,0,0,0,0,0,0,0,0,0,0,0,0,0,0,0,0
2009,218,1,8.449999999999999300,0E-17,89,0,49.9000000000000000,1,87,12.4900000000000000,85,0.1000000000000000,null,null,2.9000000000000000,3.1000000000000000,null,null,69.000000000000000,0,0,0,0,0,0,0,0,0,0,0,0,0,0,0,0,0,0,0,0,0,0,0,0,0,0,0,0,0,0,1,0,0,0,0,0,0,0,0,0
2008,159,2,11.900000000000000000,128.08057020000001000,97,12,55.6000000000000000,3,95,5.3300000000000000,96,0.1000000000000000,1136.4735599999999000,2537875.0000000000,3.1000000000000000,3.5000000000000000,0.78000000000000000,14.7000000000000000,73.099999999999994,0,0,0,0,0,0,0,0,0,0,0,0,0,0,0,0,0,0,0,0,0,0,0,0,0,0,0,0,0,0,0,0,0,0,0,0,0,0,0,0
2004,165,4,9.820000000000000000,431.32503670000000000,99,117,53.4000000000000000,4,97,5.4300000000000000,97,0.1000000000000000,3552.9245200000000000,21451748.0000000000,3.4000000000000000,3.9000000000000000,0.73299999999999998,12.9000000000000000,71.700000000000000,0,0,0,0,0,0,0,0,0,0,0,0,0,0,0,0,0,0,0,0,0,0,0,0,0,0,0,0,0,0,0,0,0,0,1,0,0,0,0,0
2000,426,34,7.130000000000000000,18.41791804000000000,92,2095,13.2000000000000000,57,9,4.2200000000000000,9,8.5000000000000000,216.1727469999999900,82573.0000000000,7.6000000000000000,7.7000000000000000,0.31800000000000000,6.6000000000000000,48.300000000000000,0,0,0,0,0,0,0,0,0,1,0,1,0,0,0,0,0,0,0,0,0,0,0,0,0,0,1,0,0,1,0,1,1,0,0,0,0,0,0,0
2005,177,0,6.040000000000000000,0E-17,99,0,44.7000000000000000,0,93,3.6600000000000000,99,0.2000000000000000,null,null,3.7000000000000000,3.7000000000000000,0.69199999999999995,13.3000000000000000,71.400000000000006,0,0,0,0,0,0,0,0,0,0,0,0,0,0,0,0,0,0,0,0,0,0,0,0,0,0,0,0,0,0,0,0,0,0,0,0,0,0,0,0
2009,97,8,0.090000000000000000,117.92279980000001000,98,82,63.1000000000000000,10,98,4.9000000000000004,98,0.1000000000000000,1694.2931000000001000,null,7.3000000000000000,7.3000000000000000,0.78700000000000003,13.0000000000000000,73.400000000000006,0,0,0,0,0,0,0,0,0,0,0,0,0,0,0,0,0,0,0,0,0,0,0,0,0,0,0,0,0,0,0,0,0,0,0,0,0,0,0,0
2006,185,0,8.119999999999999200,102.37390900000000000,99,10,3.7000000000000000,0,99,3.7300000000000000,99,0.1000000000000000,1214.3998700000000000,846.0000000000,5.9000000000000000,6.3000000000000000,0.72799999999999998,13.1000000000000000,72.200000000000000,0,0,0,0,0,0,0,0,0,0,0,0,0,0,0,0,0,0,0,0,0,0,0,0,0,0,0,0,0,0,0,0,0,0,0,0,0,0,0,0
2015,19,0,null,0E-17,96,1,59.1000000000000000,0,96,null,96,0.1000000000000000,null,null,1.2000000000000000,1.2000000000000000,0.84199999999999997,15.0000000000000000,76.700000000000000,0,0,0,0,0,0,0,0,0,0,0,0,0,0,0,0,0,0,0,0,0,0,0,0,0,0,0,0,0,0,0,0,0,0,0,0,0,0,0,0
2000,122,0,11.900000000000000000,161.44738530000001000,92,0,51.2000000000000000,0,93,8.2600000000000000,91,0.1000000000000000,1227.7367700000000000,1988925.0000000000,2.2000000000000002,2.2999999999999998,0.81799999999999995,14.6000000000000000,76.000000000000000,0,0,0,0,0,0,0,0,0,0,0,0,0,0,0,0,0,0,0,0,0,0,0,0,0,0,0,0,0,0,0,0,0,0,0,0,0,0,0,0
2007,381,27,null,0E-17,92,0,null,43,93,null,93,4.2000000000000000,null,88568.0000000000,null,null,0E-17,0E-16,53.100000000000000,0,0,0,0,0,0,0,0,0,0,0,0,0,0,0,0,0,0,1,0,0,0,0,0,0,0,0,0,0,0,0,0,1,0,0,0,0,1,1,0
2003,383,29,null,0E-17,92,0,null,46,93,null,93,3.5000000000000000,null,751642.0000000000,null,null,0E-17,0E-16,58.000000000000000,0,0,0,0,0,0,0,0,0,0,0,0,0,0,0,0,0,0,1,0,0,0,0,0,0,0,0,0,0,0,0,0,1,0,0,0,0,1,1,0
2000,38,31,null,0E-17,92,0,null,50,93,null,93,2.7000000000000000,null,67656.0000000000,null,null,0E-17,0E-16,48.900000000000000,0,0,0,0,0,0,0,0,0,0,0,0,0,0,0,0,0,0,1,0,0,0,0,0,0,0,0,0,0,0,0,0,1,0,0,0,0,1,1,0
2000,536,3,7.190000000000000000,25.21683317999999800,83,10,25.9000000000000000,4,87,5.2600000000000000,84,46.4000000000000000,1637.4567000000000000,161468.0000000000,9.4000000000000000,9.6000000000000000,0.51600000000000001,9.4000000000000000,48.400000000000000,0,0,0,0,0,0,0,0,0,0,0,0,1,0,0,0,0,0,0,0,0,1,0,0,0,0,0,0,0,0,0,0,1,0,0,0,0,0,0,0
2000,73,0,6.200000000000000000,3689.72730000000000000,92,59,52.8000000000000000,0,99,8.1800000000000000,99,0.1000000000000000,29283.5500000000000000,887219.0000000000,1.4000000000000000,1.3000000000000000,0.87300000000000000,15.9000000000000000,79.599999999999994,0,0,0,0,0,0,0,0,0,0,0,0,0,0,0,0,0,0,0,0,0,0,0,0,1,0,0,0,0,0,0,0,0,1,0,0,0,0,0,0
2002,74,0,10.850000000000000000,6853.62849399999960000,92,0,51.8000000000000000,0,95,1.6100000000000000,93,0.1000000000000000,41336.7219200000040000,7284753.0000000000,0.6000000000000000,0.5000000000000000,0.89000000000000000,15.2000000000000000,84.000000000000000,0,0,0,0,1,0,0,0,0,0,0,0,0,0,0,0,0,0,0,0,0,0,0,0,1,0,0,0,0,0,0,0,0,1,0,0,0,0,0,0
2012,154,9,6.560000000000000000,801.05046549999997000,98,5197,3.1000000000000000,11,99,4.1700000000000000,99,0.1000000000000000,5859.9156220000004000,67843979.0000000000,8.0000000000000000,8.1000000000000000,0.72899999999999998,13.7000000000000000,74.300000000000000,0,0,0,0,0,0,0,0,0,0,0,0,0,0,0,0,0,0,0,0,0,0,0,0,0,0,1,0,0,0,0,0,0,0,1,0,0,0,0,0
2010,18,0,1.470000000000000000,0E-17,9,217,57.4000000000000000,0,95,6.8300000000000000,95,0.1000000000000000,null,null,2.2999999999999998,2.2999999999999998,0.73199999999999998,13.0000000000000000,74.700000000000000,0,0,0,0,0,1,0,0,0,0,0,0,0,0,0,0,0,0,0,0,0,0,0,0,0,1,0,0,0,0,0,0,0,0,0,0,0,0,0,0
2003,126,0,2.400000000000000000,0E-17,92,18,54.1000000000000000,0,96,9.1700000000000000,96,0.1000000000000000,null,null,2.7000000000000000,2.7000000000000000,0E-17,11.9000000000000000,73.200000000000000,0,0,0,0,0,0,0,0,0,0,0,0,0,0,0,0,0,0,0,0,0,0,0,0,0,0,0,0,0,0,0,0,0,0,0,0,0,1,0,0
2008,168,2,0.060000000000000000,36.69198927000000100,79,0,14.7000000000000000,3,79,0.7400000000000000,79,0.1000000000000000,643.7191100000000000,17811.0000000000,11.7000000000000000,11.7000000000000000,0.56599999999999995,11.7000000000000000,66.200000000000000,0,0,0,0,0,0,0,0,0,0,0,0,0,0,0,0,0,0,0,0,0,0,0,0,0,0,0,0,0,0,0,0,0,0,0,0,0,0,0,0
2010,142,0,1.240000000000000000,471.83076679999999000,82,0,72.7000000000000000,0,84,4.5900000000000000,82,0.1000000000000000,3547.5997499999999000,14137.0000000000,0.1000000000000000,0.1000000000000000,0.70699999999999996,14.4000000000000000,72.800000000000000,0,0,0,0,0,0,0,0,0,0,0,0,0,0,0,0,0,0,0,0,0,0,0,0,0,0,0,0,0,0,0,0,0,0,0,0,0,0,0,0
2007,146,0,2.049999999999999800,568.86928130000001000,87,0,7.8000000000000000,0,88,5.8200000000000000,87,0.1000000000000000,2932.3158830000002000,12357.0000000000,0.1000000000000000,0.1000000000000000,0.69799999999999995,14.5000000000000000,72.500000000000000,0,0,0,0,0,0,0,0,0,0,0,0,0,0,0,0,0,0,0,0,0,0,0,0,0,0,0,0,0,0,0,0,0,0,0,0,0,0,0,0
2005,14,3,1.370000000000000000,379.51399450000002000,97,15,52.2000000000000000,4,98,5.5700000000000000,98,0.1000000000000000,3194.5622429999999000,112482.0000000000,6.4000000000000000,6.3000000000000000,0.68300000000000005,13.9000000000000000,74.200000000000000,0,0,0,0,0,0,0,0,0,0,0,0,0,0,0,0,0,0,0,0,0,0,0,0,0,0,0,0,0,0,0,0,0,0,0,0,0,0,0,0
2002,138,38,1.470000000000000000,35.55729000000000200,72,7823,55.1000000000000000,46,78,5.3600000000000000,78,0.1000000000000000,366.5700000000000000,6514354.0000000000,5.2000000000000000,5.0000000000000000,0.65800000000000003,11.5000000000000000,71.200000000000000,0,0,0,0,0,0,0,0,0,0,0,0,0,0,0,0,0,0,0,0,0,0,0,0,0,0,1,0,0,0,0,0,0,0,0,0,0,0,0,0
2011,217,7,2.549999999999999800,490.41813259999998000,97,0,45.0000000000000000,8,97,1.9800000000000000,97,0.1000000000000000,5649.9784860000000000,517461.0000000000,3.2000000000000000,3.3000000000000000,0.66500000000000004,10.6000000000000000,65.599999999999994,0,0,0,0,0,0,0,0,0,0,0,0,0,0,0,0,0,0,0,0,0,0,0,0,0,0,0,0,0,0,0,0,0,0,0,0,0,0,0,0
2008,235,6,2.400000000000000000,34.23979418999999800,96,0,42.7000000000000000,8,96,1.9300000000000000,96,0.1000000000000000,394.4676749999999900,4935762.0000000000,3.2000000000000000,3.3000000000000000,0E-17,10.5000000000000000,64.500000000000000,0,0,0,0,0,0,0,0,0,0,0,0,0,0,0,0,0,0,0,0,0,0,0,0,0,0,0,0,0,0,0,0,0,0,0,0,0,1,0,0
2014,38,68,0.010000000000000000,14.16770157999999900,78,314,18.1000000000000010,97,82,7.2200000000000000,78,3.2000000000000000,719.1726690000000400,38833338.0000000000,5.7000000000000000,5.6000000000000000,0.48299999999999998,10.0000000000000000,61.500000000000000,0,0,0,0,0,0,0,0,0,0,0,0,0,0,0,0,0,0,0,0,0,0,1,0,0,0,0,0,1,0,0,0,1,0,1,0,0,0,0,0
2000,257,6,4.490000000000000000,7.88379147399999970,4,817,54.8000000000000000,8,99,5.5900000000000000,99,0.7000000000000000,635.7896349999999800,49175848.0000000000,3.0000000000000000,3.1000000000000000,0.66900000000000004,13.3000000000000000,67.500000000000000,0,0,0,0,0,1,0,0,0,0,0,0,0,0,0,0,0,0,0,0,0,0,0,0,0,1,0,0,0,0,0,0,0,0,1,0,0,0,0,0
2003,98,1,1.740000000000000000,277.18183320000003000,92,42,56.8000000000000000,1,94,2.6500000000000000,94,0.1000000000000000,3323.5231800000001000,null,5.2000000000000000,5.0000000000000000,0.80800000000000005,12.3000000000000000,74.900000000000006,0,0,0,0,0,0,0,0,0,0,0,0,0,0,0,0,0,0,0,0,0,0,0,0,0,0,0,0,0,0,0,0,0,0,0,0,0,0,0,0
2006,185,23,1.960000000000000000,77.27092118999999600,98,823,38.1000000000000000,27,94,5.4900000000000000,96,0.4000000000000000,654.2838372999999600,2648825.0000000000,3.2000000000000000,3.2000000000000000,0.62600000000000000,11.8000000000000000,67.599999999999994,0,0,0,0,0,0,0,0,0,0,0,0,0,0,0,0,0,0,0,0,0,0,0,0,0,0,0,0,0,0,0,0,0,0,0,0,0,0,0,0
2009,149,0,0.830000000000000000,361.09409840000001000,62,0,48.2000000000000000,0,66,3.9000000000000000,66,0.1000000000000000,2643.4414230000002000,23785.0000000000,1.5000000000000000,1.5000000000000000,0.58899999999999997,10.7000000000000000,78.000000000000000,0,0,0,0,0,0,0,0,0,0,0,0,0,0,0,0,0,0,0,0,0,0,0,0,0,0,0,0,0,0,0,0,0,0,0,0,0,0,0,0
2006,161,0,1.000000000000000000,43.19780767000000300,59,0,45.7000000000000000,0,67,3.9600000000000000,68,0.1000000000000000,247.9782300000000000,214634.0000000000,1.6000000000000000,1.5000000000000000,0.57199999999999995,10.6000000000000000,71.000000000000000,0,0,0,0,0,0,0,0,0,0,0,0,0,0,0,0,0,0,0,0,0,0,0,0,0,1,0,0,0,0,0,0,0,0,0,0,0,0,0,0
2004,161,10,7.550000000000000000,0E-17,82,0,55.9000000000000000,11,83,4.7800000000000000,86,0.1000000000000000,null,null,1.7000000000000000,1.6000000000000000,0.68700000000000006,11.6000000000000000,73.300000000000000,0,0,0,0,0,0,0,0,0,0,0,0,0,0,0,0,0,0,0,0,0,0,0,0,0,0,0,0,0,0,0,0,0,0,0,0,0,0,0,0
2000,168,11,8.010000000000000000,0E-17,5,22,53.4000000000000000,13,86,4.9100000000000000,77,0.1000000000000000,null,null,1.8000000000000000,1.7000000000000000,0.67000000000000000,10.6000000000000000,72.500000000000000,0,0,0,0,0,1,0,0,0,0,0,0,0,0,0,0,0,0,0,0,0,0,0,0,0,1,0,0,0,0,0,0,0,0,0,0,0,0,0,0
2005,136,29,2.700000000000000000,0E-17,94,410,11.3000000000000000,36,94,5.3800000000000000,95,0.2000000000000000,null,null,15.3000000000000000,16.0000000000000000,0.60899999999999999,11.1000000000000000,74.400000000000006,0,0,0,0,0,0,0,0,0,0,0,0,0,0,0,0,0,0,0,0,0,0,0,0,0,0,0,0,0,0,0,0,0,0,0,1,1,0,0,0
2000,252,48,0.070000000000000007,0E-17,14,0,31.2000000000000000,66,74,4.1399999999999997,74,0.1000000000000000,null,null,14.1000000000000000,14.1000000000000000,0.43600000000000000,7.7000000000000000,68.000000000000000,0,0,0,0,0,1,0,0,0,0,0,0,0,0,0,0,0,0,0,0,0,0,0,0,0,1,0,0,1,0,0,0,0,0,0,0,0,0,0,0
2011,121,1,6.900000000000000000,119.21242750000000000,87,4,54.9000000000000000,1,91,7.5000000000000000,87,0.1000000000000000,927.7231709999999800,377782.0000000000,2.0000000000000000,1.9000000000000000,0.75800000000000001,12.9000000000000000,77.300000000000000,0,0,0,0,0,0,0,0,0,0,0,0,0,0,0,0,0,0,0,0,0,0,0,0,0,0,0,0,0,0,0,0,0,0,0,0,0,0,0,0
2006,125,1,5.720000000000000000,631.12517109999999000,88,0,51.1000000000000000,2,98,7.0000000000000000,88,0.1000000000000000,5348.5183989999996000,339195.0000000000,2.1000000000000000,2.0000000000000000,0.74399999999999999,12.9000000000000000,76.200000000000000,0,0,0,0,0,0,0,0,0,0,0,0,0,0,0,0,0,0,0,0,0,0,0,0,0,0,0,0,0,0,0,0,0,0,0,0,0,0,0,0
2014,278,10,0.010000000000000000,208.23116030000000000,67,2299,47.9000000000000000,13,64,4.2600000000000000,73,0.7000000000000000,2182.7165650000002000,7755785.0000000000,1.3000000000000000,1.3000000000000000,0.51100000000000001,10.0000000000000000,62.700000000000000,0,0,0,0,0,0,0,0,0,0,0,0,0,0,0,0,0,0,0,0,0,0,0,0,0,0,1,0,0,0,0,0,0,0,0,0,0,0,0,0
2008,29,11,0.810000000000000000,103.72777270000000000,59,0,43.4000000000000000,14,76,4.5999999999999996,63,1.3000000000000000,1178.7246900000000000,6787187.0000000000,1.4000000000000000,1.3000000000000000,0.46899999999999997,8.9000000000000000,61.400000000000000,0,0,0,0,0,0,0,0,0,0,0,0,0,0,0,0,0,0,0,0,0,0,0,0,0,1,0,0,0,0,0,0,0,0,0,0,0,0,0,0
2007,133,11,4.290000000000000000,516.40370210000003000,93,0,5.2000000000000000,15,93,4.5999999999999996,93,0.3000000000000000,3611.2147000000000000,28292724.0000000000,1.2000000000000000,1.2000000000000000,0.69599999999999995,13.2000000000000000,74.000000000000000,0,0,0,0,0,0,0,0,0,0,0,0,0,0,0,0,0,0,0,0,0,0,0,0,0,0,0,0,0,0,0,0,0,0,1,0,0,0,0,0
2004,218,66,4.450000000000000000,13.39905105000000100,48,3025,19.6000000000000010,86,85,3.2300000000000000,88,0.1000000000000000,179.3715000000000000,84678493.0000000000,1.0000000000000000,9.6999999999999993,0.63600000000000001,11.6000000000000000,67.300000000000000,0,0,0,0,0,0,0,0,0,0,0,0,0,0,0,0,0,0,0,0,0,0,1,0,0,1,1,0,1,0,0,0,0,0,1,0,0,0,0,0
2002,221,68,4.420000000000000000,0.09987219000000000,42,7003,18.7000000000000000,89,77,2.7900000000000000,79,0.1000000000000000,1.6813499999999999,813526.0000000000,1.0000000000000000,9.6999999999999993,0.62500000000000000,11.4000000000000000,66.800000000000000,0,0,0,0,0,0,0,0,0,0,0,0,0,0,0,0,0,0,0,0,0,0,1,0,0,1,1,0,1,0,0,0,0,0,0,0,0,0,0,0
2011,85,0,11.920000000000000000,3108.28862299999990000,97,2,58.8000000000000000,0,97,1.7000000000000000,97,0.1000000000000000,23196.1837500000000000,155756.0000000000,0.7000000000000000,0.5000000000000000,0.81799999999999995,16.2000000000000000,82.000000000000000,0,0,0,0,0,0,0,0,0,0,0,0,0,0,0,0,0,0,0,0,0,0,0,0,1,0,0,0,0,0,0,0,0,1,0,0,0,0,0,0
2001,11,1,12.220000000000000000,1657.32835200000000000,7,0,5.9000000000000000,1,96,9.1000000000000000,97,0.1000000000000000,11729.1461600000000000,1362722.0000000000,0.8000000000000000,0.6000000000000000,0.78200000000000003,15.7000000000000000,76.900000000000006,0,0,0,0,0,1,0,0,0,0,0,0,0,0,0,0,0,0,0,0,0,0,0,0,1,1,0,0,0,0,0,0,0,0,0,0,0,0,0,0
2013,68,1,9.330000000000000000,0E-17,99,107,3.8000000000000000,2,99,7.2000000000000000,99,0.1000000000000000,null,null,1.5000000000000000,1.0000000000000000,null,null,81.700000000000000,0,0,0,0,0,0,0,0,0,0,0,0,0,0,0,0,0,0,0,0,0,0,0,0,0,0,0,0,0,0,0,0,0,0,0,0,0,0,0,0
2015,138,0,null,0E-17,99,0,47.5000000000000000,0,99,null,99,0.1000000000000000,null,null,4.3000000000000000,4.3000000000000000,0.73499999999999999,13.1000000000000000,75.200000000000000,0,0,0,0,0,0,0,0,0,0,0,0,0,0,0,0,0,0,0,0,0,0,0,0,0,0,0,0,0,0,0,0,0,0,0,0,0,0,0,0
2007,151,0,12.680000000000000000,0E-17,99,0,41.3000000000000000,0,99,6.8100000000000000,99,0.1000000000000000,null,null,4.3000000000000000,4.4000000000000004,0.70699999999999996,12.8000000000000000,73.900000000000006,0,0,0,0,0,0,0,0,0,0,0,0,0,0,0,0,0,0,0,0,0,0,0,0,0,0,0,0,0,0,0,0,0,0,0,0,0,0,0,0
2000,186,0,4.800000000000000000,0E-17,92,0,4.0999999999999996,0,99,3.7300000000000000,98,0.7000000000000000,null,null,4.0000000000000000,3.9000000000000000,0E-17,12.7000000000000000,79.000000000000000,0,0,0,0,0,0,0,0,0,0,0,0,0,0,0,0,0,0,0,0,0,0,0,0,0,0,0,0,0,0,0,0,0,0,0,0,0,1,0,0
2015,19,0,null,0E-17,96,0,3.9000000000000000,0,96,null,96,0.2000000000000000,1624.6396299999999000,195553.0000000000,5.5000000000000000,5.3000000000000000,0.56499999999999995,11.2000000000000000,67.500000000000000,0,0,0,0,0,0,0,0,0,0,0,0,0,0,0,0,0,0,0,0,0,0,0,0,0,0,0,0,0,0,0,0,0,0,0,0,0,0,0,0
2010,94,8,0.090000000000000000,1197.94632800000000000,98,334,63.9000000000000000,9,98,3.4900000000000000,98,0.1000000000000000,19259.5872600000000000,null,7.3000000000000000,7.4000000000000000,0.79200000000000004,13.3000000000000000,73.700000000000000,0,0,0,0,0,0,0,0,0,0,0,0,0,0,0,0,0,0,0,0,0,0,0,0,1,0,0,0,0,0,0,0,0,1,0,0,0,0,0,0
2012,2,20,0.280000000000000030,10.20659464000000000,91,46,22.7000000000000000,29,83,4.3099999999999996,91,0.4000000000000000,136.4517999999999900,1373513.0000000000,1.0000000000000000,9.9000000000000000,0.46300000000000002,8.3000000000000007,65.599999999999994,0,0,0,0,0,0,0,0,0,0,0,0,0,0,0,0,0,0,0,0,0,0,0,0,0,0,0,0,0,0,0,0,0,0,0,0,0,0,0,0
2002,252,25,0.360000000000000000,49.73511396000000000,92,18184,18.3000000000000000,47,6,5.6000000000000000,6,0.7000000000000000,513.2622699999999400,1396861.0000000000,12.0000000000000000,11.9000000000000000,0.39700000000000002,5.7000000000000000,58.400000000000000,0,0,0,0,0,0,0,0,0,1,0,1,0,0,0,0,0,0,0,0,0,0,0,0,0,0,1,0,0,1,0,1,0,0,0,0,0,0,0,0
2004,134,1,7.420000000000000000,462.70767560000002000,89,11,53.3000000000000000,1,96,8.2400000000000000,88,0.1000000000000000,3331.2287660000002000,7463157.0000000000,2.6000000000000000,2.6000000000000000,0.72000000000000000,13.1000000000000000,73.000000000000000,0,0,0,0,0,0,0,0,0,0,0,0,0,0,0,0,0,0,0,0,0,0,0,0,0,0,0,0,0,0,0,0,0,0,0,0,0,0,0,0
2000,141,1,7.380000000000000000,11.85928108000000100,92,38,51.2000000000000000,2,98,6.5300000000000000,95,0.1000000000000000,87.1365251999999940,7516346.0000000000,2.8000000000000000,2.9000000000000000,0.70199999999999996,13.0000000000000000,72.599999999999994,0,0,0,0,0,0,0,0,0,0,0,0,0,0,0,0,0,0,0,0,0,0,0,0,0,0,0,0,0,0,0,0,0,0,0,0,0,0,0,0
2008,441,29,3.910000000000000000,5.37960646500000020,77,44,2.7000000000000000,44,75,1.2900000000000000,77,1.9000000000000000,46.3759178000000030,6165372.0000000000,8.6999999999999993,8.6999999999999993,0.36699999999999999,8.3000000000000007,46.200000000000000,0,0,0,0,0,0,0,0,0,0,0,0,0,0,0,0,0,0,0,0,0,0,0,0,0,0,0,0,0,0,0,0,1,0,0,0,0,0,0,0
2003,73,0,1.430000000000000000,2263.06832600000010000,95,33,29.6000000000000000,0,96,3.6300000000000000,96,0.1000000000000000,23573.6284000000010000,null,2.1000000000000000,2.0000000000000000,0.81899999999999995,12.7000000000000000,79.300000000000000,0,0,0,0,0,0,0,0,0,0,0,0,0,0,0,0,0,0,0,0,0,0,0,0,1,0,0,0,0,0,0,0,0,1,0,0,0,0,0,0
2002,74,0,2.160000000000000000,142.09898179999999000,95,211,29.2000000000000000,0,94,2.8400000000000000,94,0.1000000000000000,2216.8327899999999000,null,2.1000000000000000,2.0000000000000000,0.81799999999999995,12.6000000000000000,79.000000000000000,0,0,0,0,0,0,0,0,0,0,0,0,0,0,0,0,0,0,0,0,0,0,0,0,0,0,0,0,0,0,0,0,0,0,0,0,0,0,0,0
2014,76,0,10.460000000000000000,31.13492794000000100,92,52,59.5000000000000000,0,95,9.2300000000000000,95,0.1000000000000000,242.6728599999999900,26198.0000000000,1.4000000000000000,1.4000000000000000,0.88800000000000001,17.6000000000000010,87.000000000000000,0,0,0,0,0,0,0,0,0,0,0,0,0,0,0,0,0,0,0,0,0,0,0,0,0,0,0,0,0,0,0,0,0,0,0,0,0,0,0,0
2003,119,0,11.580000000000000000,203.32521240000000000,92,0,52.9000000000000000,0,95,8.7700000000000000,95,0.1000000000000000,1488.4715400000000000,1995733.0000000000,2.0000000000000000,2.1000000000000000,0.84299999999999997,16.1000000000000010,76.500000000000000,0,0,0,0,0,0,0,0,0,0,0,0,0,0,0,0,0,0,0,0,0,0,0,0,0,0,0,0,0,0,0,0,0,0,0,0,0,0,0,0
2013,182,0,0.010000000000000000,24.73328607999999900,94,0,48.9000000000000000,0,99,5.4200000000000000,94,0.1000000000000000,188.5158999999999900,563513.0000000000,1.1000000000000001,1.2000000000000000,0.50900000000000001,9.5000000000000000,68.800000000000000,0,0,0,0,0,0,0,0,0,0,0,0,0,0,0,0,0,0,0,0,0,0,0,0,0,0,0,0,0,0,0,0,0,0,0,0,0,0,0,0
2014,347,42,7.380000000000000000,922.05073130000005000,8,66,5.3000000000000000,52,77,8.8000000000000007,77,3.7000000000000000,6479.6256590000003000,54146734.7400000020,4.9000000000000004,5.9000000000000000,0.66000000000000000,13.0000000000000000,62.000000000000000,0,0,0,0,0,1,0,0,0,0,0,0,0,0,0,0,0,0,0,0,0,0,0,0,0,1,0,0,0,0,0,0,1,0,1,0,0,0,0,0
2013,371,43,7.340000000000000000,978.59052870000005000,7,25,49.5000000000000000,54,73,8.7799999999999994,73,4.5000000000000000,6876.9538210000001000,53311955.6099999990,5.4000000000000000,6.5000000000000000,0.65200000000000002,12.8000000000000000,69.000000000000000,0,0,0,0,0,1,0,0,0,0,0,0,0,0,0,0,0,0,0,0,0,0,0,0,0,1,0,0,0,0,0,0,1,0,1,0,0,0,0,0
2006,496,54,8.500000000000000000,732.12553049999997000,83,81,44.3000000000000000,82,79,7.5700000000000000,82,28.1000000000000000,5631.7348499999998000,4823384.4800000004,1.6000000000000000,12.8000000000000000,0.60899999999999999,12.9000000000000000,54.000000000000000,0,0,0,0,0,0,0,0,0,0,0,0,1,0,0,0,0,0,0,0,0,1,1,0,0,0,0,0,1,0,0,0,1,0,0,0,0,0,0,0
2009,66,2,9.990000000000000000,5047.25405800000040000,96,41,62.9000000000000000,2,96,9.5200000000000000,96,0.1000000000000000,32333.4661000000010000,46362946.0000000000,0.6000000000000000,0.5000000000000000,0.85799999999999998,16.3000000000000000,81.599999999999994,0,0,0,0,0,0,0,0,0,0,0,0,0,0,0,0,0,0,0,0,0,0,0,0,1,0,0,0,0,0,0,0,0,1,1,0,0,0,0,0
2012,143,3,2.800000000000000000,20.76877311000000100,99,51,21.2000000000000000,4,99,3.2100000000000000,99,0.1000000000000000,335.5213749999999800,2425.0000000000,15.3000000000000000,15.2000000000000000,0.75200000000000000,13.7000000000000000,74.500000000000000,0,0,0,0,0,0,0,0,0,0,0,0,0,0,0,0,0,0,0,0,0,0,0,0,0,0,0,0,0,0,0,0,0,0,0,1,0,0,0,0
2005,138,4,1.970000000000000000,97.76637062000000400,99,3,16.6000000000000010,5,99,4.5999999999999996,99,0.1000000000000000,1259.8759100000000000,19373.0000000000,15.4000000000000000,15.5000000000000000,0.71199999999999997,12.9000000000000000,74.200000000000000,0,0,0,0,0,0,0,0,0,0,0,0,0,0,0,0,0,0,0,0,0,0,0,0,0,0,0,0,0,0,0,0,0,0,0,1,1,0,0,0
2013,179,0,6.020000000000000000,1122.97296699999990000,86,0,57.0000000000000000,0,86,5.9600000000000000,86,0.4000000000000000,9484.5689800000000000,54254.0000000000,3.5000000000000000,3.5000000000000000,0.71899999999999997,12.7000000000000000,71.200000000000000,0,0,0,0,0,0,0,0,0,0,0,0,0,0,0,0,0,0,0,0,0,0,0,0,1,0,0,0,0,0,0,0,0,0,0,0,0,0,0,0
2009,196,0,5.130000000000000000,885.07397660000004000,87,0,54.1000000000000000,0,85,6.1400000000000000,87,0.6000000000000000,7443.8517800000000000,52619.0000000000,3.5000000000000000,3.4000000000000000,0.69599999999999995,12.1000000000000000,70.000000000000000,0,0,0,0,0,0,0,0,0,0,0,0,0,0,0,0,0,0,0,0,0,0,0,0,0,0,0,0,0,0,0,0,0,0,0,0,0,0,0,0
2015,373,2,null,0E-17,9,0,32.2999999999999970,3,84,null,9,7.1000000000000000,3136.9251100000001000,131911.0000000000,4.0000000000000000,4.0999999999999996,0.54100000000000004,11.4000000000000000,58.900000000000000,0,0,0,0,0,1,0,0,0,0,0,1,0,0,0,0,0,0,0,0,0,0,0,0,0,1,0,0,0,0,0,1,1,0,0,0,0,0,0,0
2002,71,0,6.900000000000000000,3998.09987000000000000,92,9,53.9000000000000000,0,99,9.2300000000000000,99,0.1000000000000000,29571.7446000000020000,8924958.0000000000,1.3000000000000000,1.3000000000000000,0.88000000000000000,15.9000000000000000,79.900000000000006,0,0,0,0,0,0,0,0,0,0,0,0,0,0,0,0,0,0,0,0,0,0,0,0,1,0,0,0,0,0,0,0,0,1,0,0,0,0,0,0
2004,69,0,10.550000000000000000,9495.54057599999940000,92,39,52.8000000000000000,0,95,1.9600000000000000,93,0.1000000000000000,53255.9763099999980000,7389625.0000000000,0.6000000000000000,0.4000000000000000,0.89500000000000002,15.1000000000000000,81.000000000000000,0,0,0,0,1,0,0,0,0,0,0,0,0,1,0,0,0,0,0,0,0,0,0,0,1,0,0,0,0,0,0,0,0,1,0,0,0,0,0,0
2012,32,7,0.010000000000000000,0E-17,43,13,54.2000000000000000,9,47,3.2500000000000000,45,0.1000000000000000,null,24271.0000000000,6.3000000000000000,6.1000000000000000,0.64500000000000002,12.5000000000000000,62.800000000000000,0,0,0,0,0,0,0,0,0,0,0,0,0,0,0,0,0,0,0,0,0,0,0,0,0,1,0,0,0,1,0,1,0,0,0,0,0,0,0,0
2004,131,9,0.930000000000000000,10.21129782999999900,82,189,46.8000000000000000,10,84,4.4800000000000004,81,0.1000000000000000,148.8527379999999900,1786638.0000000000,6.5000000000000000,6.3000000000000000,0.61000000000000000,10.6000000000000000,73.200000000000000,0,0,0,0,0,0,0,0,0,0,0,0,0,0,0,0,0,0,0,0,0,0,0,0,0,0,0,0,0,0,0,0,0,0,0,0,0,0,0,0
2001,135,10,1.290000000000000000,93.50075110999999600,8,290,44.6000000000000000,11,83,4.9200000000000000,82,0.1000000000000000,1258.4219530000000000,16766899.0000000000,6.7000000000000000,6.5000000000000000,0.58899999999999997,10.1000000000000000,72.700000000000000,0,0,0,0,0,1,0,0,0,0,0,0,0,0,0,0,0,0,0,0,0,0,0,0,0,1,0,0,0,0,0,0,0,0,0,0,0,0,0,0
2012,164,10,0.010000000000000000,71.50892145000000300,94,16,38.2000000000000030,12,96,6.3900000000000000,94,0.2000000000000000,954.7252529999999500,799562.0000000000,3.6000000000000000,3.7000000000000000,0.61299999999999999,11.1000000000000000,68.800000000000000,0,0,0,0,0,0,0,0,0,0,0,0,0,0,0,0,0,0,0,0,0,0,0,0,0,0,0,0,0,0,0,0,0,0,0,0,0,0,0,0
2007,181,10,0.350000000000000000,2.27240490400000010,84,2,34.7000000000000030,12,85,5.3500000000000000,86,0.3000000000000000,52.3595600000000020,7152385.0000000000,3.8000000000000000,3.8000000000000000,0.58599999999999997,10.9000000000000000,66.099999999999994,0,0,0,0,0,0,0,0,0,0,0,0,0,0,0,0,0,0,0,0,0,0,0,0,0,0,0,0,0,0,0,0,0,0,0,0,0,0,0,0
2014,152,8,6.410000000000000000,789.07729489999997000,99,0,32.4000000000000000,10,99,4.1200000000000000,99,0.1000000000000000,5941.8471000000000000,68416772.0000000000,7.8000000000000000,7.8000000000000000,0.73699999999999999,13.6000000000000000,74.599999999999994,0,0,0,0,0,0,0,0,0,0,0,0,0,0,0,0,0,0,0,0,0,0,0,0,0,0,0,0,0,0,0,0,0,0,1,0,0,0,0,0
2004,12,0,2.069999999999999800,0E-17,92,9,54.5000000000000000,0,95,8.6400000000000000,94,0.1000000000000000,null,null,2.6000000000000000,2.6000000000000000,0E-17,11.9000000000000000,73.500000000000000,0,0,0,0,0,0,0,0,0,0,0,0,0,0,0,0,0,0,0,0,0,0,0,0,0,0,0,0,0,0,0,0,0,0,0,0,0,1,0,0
2003,153,0,1.790000000000000000,45.85105770999999900,85,0,67.8000000000000000,0,91,5.9000000000000000,9,0.1000000000000000,229.7147180000000000,99789.0000000000,0.1000000000000000,0.1000000000000000,0.68300000000000005,13.7000000000000000,72.000000000000000,0,0,0,0,0,0,0,0,0,0,0,1,0,0,0,0,0,0,0,0,0,0,0,0,0,0,0,0,0,0,0,1,0,0,0,0,0,0,0,0
2012,174,0,6.700000000000000000,1486.23640600000000000,92,0,44.0000000000000000,0,91,5.7800000000000000,92,0.4000000000000000,19152.5309999999990000,1341588.0000000000,5.9000000000000000,6.1000000000000000,0.77200000000000002,12.6000000000000000,78.000000000000000,0,0,0,0,0,0,0,0,0,0,0,0,0,0,0,0,0,0,0,0,0,0,0,0,1,0,0,0,0,0,0,0,0,1,0,0,0,0,0,0
2013,19,17,1.410000000000000000,188.14403479999999000,97,7405,64.5000000000000000,20,98,5.3800000000000000,98,0.1000000000000000,12542.9356499999990000,75787333.0000000000,4.9000000000000004,4.7000000000000000,0.75400000000000000,14.4000000000000000,75.200000000000000,0,0,0,0,0,0,0,0,0,0,0,0,0,0,0,0,0,0,0,0,0,0,0,0,0,0,1,0,0,0,0,0,0,0,1,0,0,0,0,0
2013,325,71,0.010000000000000000,90.76144413999999500,78,7878,17.6000000000000010,103,82,7.4700000000000000,78,4.0000000000000000,662.4922930000000200,37553726.0000000000,5.7000000000000000,5.7000000000000000,0.47799999999999998,10.0000000000000000,67.000000000000000,0,0,0,0,0,0,0,0,0,0,0,0,0,0,0,0,0,0,0,0,0,0,1,0,0,0,1,0,1,0,0,0,1,0,1,0,0,0,0,0
2010,362,79,10.029999999999999000,116.20296399999999000,8,1313,16.3000000000000000,119,79,11.2000000000000000,8,8.0000000000000000,594.9972556999999800,33915133.0000000000,6.0000000000000000,6.0000000000000000,0.47299999999999998,10.9000000000000000,58.400000000000000,0,0,0,0,0,1,0,0,0,0,0,1,0,0,0,0,0,0,0,0,0,0,1,0,0,1,1,0,1,0,0,1,1,0,1,0,0,0,0,0
2013,198,4,8.440000000000000000,52.42529588000000000,46,0,6.1000000000000000,5,72,7.6700000000000000,76,0.2000000000000000,429.7155399999999800,454896.0000000000,2.2999999999999998,2.4000000000000000,0.74399999999999999,15.2000000000000000,71.000000000000000,0,0,0,0,0,0,0,0,0,0,0,0,0,0,0,0,0,0,0,0,0,0,0,0,0,1,0,0,0,0,0,0,0,0,0,0,0,0,0,0
2005,278,5,7.310000000000000000,217.43452569999999000,97,2392,56.4000000000000000,6,95,6.4100000000000000,96,0.9000000000000000,1828.7176260000001000,471515.0000000000,2.7000000000000000,2.8000000000000000,0.70699999999999996,14.5000000000000000,67.000000000000000,0,0,0,0,0,0,0,0,0,0,0,0,0,0,0,0,0,0,0,0,0,0,0,0,0,0,1,0,0,0,0,0,0,0,0,0,0,0,0,0
2008,85,1,1.860000000000000000,4003.90859800000000000,92,55,54.8000000000000000,1,94,2.9300000000000000,92,0.1000000000000000,45758.9553999999990000,null,5.0999999999999996,4.9000000000000004,0.82899999999999996,13.1000000000000000,75.800000000000000,0,0,0,0,0,0,0,0,0,0,0,0,0,0,0,0,0,0,0,0,0,0,0,0,1,0,0,0,0,0,0,0,0,1,0,0,0,0,0,0
2005,82,4,12.050000000000000000,0E-17,92,79,6.7000000000000000,4,91,8.2400000000000000,91,0.1000000000000000,null,null,0.7000000000000000,0.5000000000000000,null,null,79.000000000000000,0,0,0,0,0,0,0,0,0,0,0,0,0,0,0,0,0,0,0,0,0,0,0,0,0,0,0,0,0,0,0,0,0,0,0,0,0,0,0,0
2001,88,4,10.910000000000000000,0E-17,92,73,58.2000000000000000,4,91,7.3100000000000000,91,0.1000000000000000,null,null,0.7000000000000000,0.5000000000000000,null,null,78.000000000000000,0,0,0,0,0,0,0,0,0,0,0,0,0,0,0,0,0,0,0,0,0,0,0,0,0,0,0,0,0,0,0,0,0,0,0,0,0,0,0,0
2008,376,92,3.440000000000000000,0E-17,86,3413,19.6000000000000010,138,89,4.2100000000000000,86,7.4000000000000000,null,null,7.3000000000000000,7.3000000000000000,null,null,56.200000000000000,0,0,0,0,0,0,0,0,0,0,0,0,0,0,0,0,0,0,0,0,0,0,1,0,0,0,1,0,1,0,0,0,1,0,0,0,0,0,0,0
2013,16,23,8.820000000000000000,0E-17,91,187,68.5999999999999940,27,93,16.8999999999999990,94,0.1000000000000000,null,null,0.7000000000000000,0.6000000000000000,null,null,78.900000000000006,0,0,0,0,0,0,0,0,0,0,1,0,0,0,0,0,0,0,0,0,0,0,0,0,0,0,0,0,0,0,1,0,0,0,0,0,0,0,0,0
2005,112,28,8.520000000000000000,0E-17,93,66,63.8000000000000000,33,92,15.1500000000000000,96,0.1000000000000000,null,null,0.7000000000000000,0.6000000000000000,null,null,77.500000000000000,0,0,0,0,0,0,0,0,0,0,1,0,0,0,0,0,0,0,0,0,0,0,0,0,0,0,0,0,0,0,1,0,0,0,0,0,0,0,0,0
2012,118,0,5.770000000000000000,339.71904929999999000,95,0,62.3000000000000000,0,95,8.7400000000000000,95,0.1000000000000000,1592.6819000000000000,3396777.0000000000,1.5000000000000000,1.5000000000000000,0.78400000000000003,15.5000000000000000,76.500000000000000,0,0,0,0,0,0,0,0,0,0,0,0,0,0,0,0,0,0,0,0,0,0,0,0,0,0,0,0,0,0,0,0,0,0,0,0,0,0,0,0
2000,189,30,1.600000000000000000,48.50941740999999800,92,80,34.7999999999999970,36,99,5.2900000000000000,99,0.1000000000000000,558.2211439999999800,24654.0000000000,3.4000000000000000,3.4000000000000000,0E-17,10.6000000000000000,67.099999999999994,0,0,0,0,0,0,0,0,0,0,0,0,0,0,0,0,0,0,0,0,0,0,0,0,0,0,0,0,0,0,0,0,0,0,0,0,0,1,0,0
2012,138,0,0.010000000000000000,427.98852219999998000,64,0,5.8000000000000000,0,65,3.7000000000000000,64,0.1000000000000000,3158.5868799999998000,247485.0000000000,1.5000000000000000,1.4000000000000000,0.59199999999999997,10.8000000000000000,71.400000000000006,0,0,0,0,0,0,0,0,0,0,0,0,0,0,0,0,0,0,0,0,0,0,0,0,0,0,0,0,0,0,0,0,0,0,0,0,0,0,0,0
2012,13,29,4.120000000000000000,0E-17,97,578,15.3000000000000000,36,97,6.9600000000000000,97,0.1000000000000000,null,null,14.4000000000000000,15.0000000000000000,0.66200000000000003,12.2000000000000000,75.599999999999994,0,0,0,0,0,0,0,0,0,0,0,0,0,0,0,0,0,0,0,0,0,0,0,0,0,0,0,0,0,0,0,0,0,0,0,0,0,0,0,0
2011,131,29,3.940000000000000000,0E-17,95,750,14.7000000000000000,36,96,6.2000000000000000,95,0.1000000000000000,null,null,14.4000000000000000,15.2000000000000000,0.65500000000000003,12.0000000000000000,75.400000000000006,0,0,0,0,0,0,0,0,0,0,0,0,0,0,0,0,0,0,0,0,0,0,0,0,0,0,0,0,0,0,0,0,0,0,0,0,0,0,0,0
2002,137,30,2.029999999999999800,0E-17,92,6755,1.0000000000000000,39,92,4.7000000000000000,75,0.2000000000000000,null,null,15.6000000000000000,16.3000000000000000,0.58399999999999996,10.7000000000000000,73.800000000000000,0,0,0,0,0,0,0,0,0,0,0,0,0,0,0,0,0,0,0,0,0,0,0,0,0,0,1,0,0,0,0,0,0,0,0,1,1,0,0,0
2012,236,36,0.040000000000000000,0E-17,67,2177,38.7000000000000030,46,68,5.7300000000000000,67,0.1000000000000000,null,null,13.7000000000000000,13.6000000000000000,0.49399999999999999,9.0000000000000000,64.700000000000000,0,0,0,0,0,0,0,0,0,0,0,0,0,0,0,0,0,0,0,0,0,0,0,0,0,0,1,0,0,0,0,0,0,0,0,0,0,0,0,0
2013,328,29,2.410000000000000000,20.62306285000000000,79,35,22.3000000000000000,42,74,4.9900000000000000,79,4.8000000000000000,185.7933590000000100,1515321.0000000000,6.4000000000000000,6.2000000000000000,0.56499999999999995,12.5000000000000000,63.000000000000000,0,0,0,0,0,0,0,0,0,0,0,0,0,0,0,0,0,0,0,0,0,0,0,0,0,0,0,0,0,0,0,0,1,0,0,0,0,0,0,0
2003,126,1,5.520000000000000000,58.45976018999999700,98,0,48.6000000000000000,2,95,7.6000000000000000,98,0.1000000000000000,4267.1357799999996000,329174.0000000000,2.2000000000000002,2.2000000000000002,0.72799999999999998,12.8000000000000000,75.500000000000000,0,0,0,0,0,0,0,0,0,0,0,0,0,0,0,0,0,0,0,0,0,0,0,0,0,0,0,0,0,0,0,0,0,0,0,0,0,0,0,0
2001,331,11,0.680000000000000000,93.37278496999999800,59,4023,38.2000000000000030,14,52,6.6800000000000000,55,1.3000000000000000,539.4152800000000500,5716152.0000000000,1.5000000000000000,1.5000000000000000,0.42199999999999999,6.6000000000000000,59.100000000000000,0,0,0,0,0,0,0,0,0,0,0,0,0,0,0,0,0,0,0,0,0,0,0,0,0,1,1,0,0,0,0,0,0,0,0,0,0,0,0,0
2014,125,8,0.010000000000000000,973.72867499999995000,88,0,54.9000000000000000,10,78,5.4700000000000000,88,0.1000000000000000,6491.5245000000004000,3973354.0000000000,1.1000000000000001,1.1000000000000001,0.73499999999999999,13.4000000000000000,75.300000000000000,0,0,0,0,0,0,0,0,0,0,0,0,0,0,0,0,0,0,0,0,0,0,0,0,0,0,0,0,0,0,0,0,0,0,0,0,0,0,0,0
2014,214,54,4.519999999999999600,31.27232188000000000,67,58848,24.8000000000000000,68,77,4.7100000000000000,67,0.1000000000000000,2842.9383530000000000,112249.0000000000,1.0000000000000000,9.6999999999999993,0.67600000000000005,11.7000000000000000,68.400000000000006,0,0,0,0,0,0,1,0,0,0,0,0,0,0,0,0,0,0,0,0,0,0,1,0,0,0,1,0,1,0,0,0,0,0,0,0,0,0,0,0
2006,219,63,4.080000000000000000,121.36254670000000000,77,9,2.6000000000000000,82,88,3.9500000000000000,88,0.1000000000000000,1391.7723249999999000,8789419.0000000000,1.0000000000000000,9.6999999999999993,0.64600000000000002,11.5000000000000000,67.300000000000000,0,0,0,0,0,0,0,0,0,0,0,0,0,0,0,0,0,0,0,0,0,0,1,0,0,0,0,0,1,0,0,0,0,0,0,0,0,0,0,0
2015,117,2,null,0E-17,96,0,61.7000000000000000,2,92,null,98,0.1000000000000000,12565.9876000000000000,37986412.0000000000,1.9000000000000000,2.0000000000000000,0.85199999999999998,16.3999999999999990,77.500000000000000,0,0,0,0,0,0,0,0,0,0,0,0,0,0,0,0,0,0,0,0,0,0,0,0,0,0,0,0,0,0,0,0,0,0,1,0,0,0,0,0
2014,12,2,10.710000000000000000,243.80847499999999000,96,0,61.1000000000000000,2,94,6.3500000000000000,98,0.1000000000000000,14341.6749999999990000,3811735.0000000000,1.9000000000000000,2.1000000000000000,0.85000000000000000,16.3999999999999990,77.300000000000000,0,0,0,0,0,0,0,0,0,0,0,0,0,0,0,0,0,0,0,0,0,0,0,0,0,0,0,0,0,0,0,0,0,1,0,0,0,0,0,0
2010,13,2,10.590000000000000000,220.49168510000001000,98,13,58.4000000000000000,2,96,6.8800000000000000,99,0.1000000000000000,12599.5248600000000000,3842794.0000000000,2.1000000000000000,2.2000000000000002,0.82199999999999995,15.1000000000000000,76.300000000000000,0,0,0,0,0,0,0,0,0,0,0,0,0,0,0,0,0,0,0,0,0,0,0,0,0,0,0,0,0,0,0,0,0,0,0,0,0,0,0,0
2009,9,0,12.030000000000000000,337.10235160000002000,96,3,57.3000000000000000,0,96,1.4200000000000000,96,0.1000000000000000,2363.9716100000001000,1568247.0000000000,0.7000000000000000,0.5000000000000000,0.80900000000000005,16.0000000000000000,79.300000000000000,0,0,0,0,0,0,0,0,0,0,0,0,0,0,0,0,0,0,0,0,0,0,0,0,0,0,0,0,0,0,0,0,0,0,0,0,0,0,0,0
2010,76,0,1.159999999999999900,37.76848818999999900,97,295,66.0000000000000000,0,98,2.9000000000000000,97,0.1000000000000000,736.2278400000000100,null,5.0000000000000000,4.5999999999999996,0.82499999999999996,12.0000000000000000,77.300000000000000,0,0,0,0,0,0,0,0,0,0,0,0,0,0,0,0,0,0,0,0,0,0,0,0,0,0,0,0,0,0,0,0,0,0,0,0,0,0,0,0
2003,85,0,1.000000000000000000,4049.97234699999990000,93,24,64.7000000000000000,0,93,4.1399999999999997,92,0.1000000000000000,34176.9818299999970000,null,4.8000000000000000,4.5000000000000000,0.81499999999999995,12.8000000000000000,76.500000000000000,0,0,0,0,0,0,0,0,0,0,0,0,0,0,0,0,0,0,0,0,0,0,0,0,1,0,0,0,0,0,0,0,0,1,0,0,0,0,0,0
2008,228,1,9.070000000000000000,0E-17,97,0,49.5000000000000000,1,96,11.4100000000000000,9,0.1000000000000000,null,null,2.9000000000000000,3.1000000000000000,null,null,68.900000000000006,0,0,0,0,0,0,0,0,0,0,0,1,0,0,0,0,0,0,0,0,0,0,0,0,0,0,0,0,0,0,0,1,0,0,0,0,0,0,0,0
2000,235,1,9.890000000000000000,0E-17,92,687,46.5000000000000000,2,97,6.6500000000000000,95,0.1000000000000000,null,null,3.6000000000000000,3.7000000000000000,null,null,67.099999999999994,0,0,0,0,0,0,0,0,0,0,0,0,0,0,0,0,0,0,0,0,0,0,0,0,0,0,0,0,0,0,0,0,0,0,0,0,0,0,0,0
2014,135,2,0.010000000000000000,1.57640917200000000,94,59,59.9000000000000000,2,94,5.5700000000000000,94,0.1000000000000000,12.2773299999999990,1998979.0000000000,2.6000000000000000,2.8000000000000000,0.79700000000000004,14.7000000000000000,74.800000000000000,0,0,0,0,0,0,0,0,0,0,0,0,0,0,0,0,0,0,0,0,0,0,0,0,0,0,0,0,0,0,0,0,0,0,0,0,0,0,0,0
2009,147,0,11.090000000000000000,0E-17,95,0,43.0000000000000000,0,95,8.1199999999999992,95,0.1000000000000000,null,null,4.3000000000000000,4.4000000000000004,0.71699999999999997,12.7000000000000000,74.300000000000000,0,0,0,0,0,0,0,0,0,0,0,0,0,0,0,0,0,0,0,0,0,0,0,0,0,0,0,0,0,0,0,0,0,0,0,0,0,0,0,0
2002,15,10,0.050000000000000000,688.09726669999998000,97,311,57.7000000000000000,11,95,4.2800000000000000,95,0.1000000000000000,8655.3115309999994000,null,7.3000000000000000,7.3000000000000000,0.74500000000000000,12.1000000000000000,72.900000000000006,0,0,0,0,0,0,0,0,0,0,0,0,0,0,0,0,0,0,0,0,0,0,0,0,0,0,0,0,0,0,0,0,0,0,0,0,0,0,0,0
2014,123,1,9.090000000000000000,8.61720843099999990,92,37,59.4000000000000000,1,93,1.3700000000000000,93,0.1000000000000000,62.1732209999999980,713576.0000000000,2.1000000000000000,2.1000000000000000,0.77100000000000002,14.3000000000000000,75.400000000000006,0,0,0,0,0,0,0,0,0,0,0,0,0,0,0,0,0,0,0,0,0,0,0,0,0,0,0,0,0,0,0,0,0,0,0,0,0,0,0,0
2006,133,1,8.580000000000000000,541.82434679999994000,93,2,54.5000000000000000,1,97,8.9900000000000000,92,0.1000000000000000,4129.7587409999996000,7411569.0000000000,2.5000000000000000,2.5000000000000000,0.73899999999999999,13.4000000000000000,73.599999999999994,0,0,0,0,0,0,0,0,0,0,0,0,0,0,0,0,0,0,0,0,0,0,0,0,0,0,0,0,0,0,0,0,0,0,0,0,0,0,0,0
2003,134,1,7.250000000000000000,389.75152120000001000,92,15,52.8000000000000000,1,89,8.1300000000000008,89,0.1000000000000000,2832.4965200000001000,748591.0000000000,2.7000000000000000,2.7000000000000000,0.71499999999999997,13.0000000000000000,73.000000000000000,0,0,0,0,0,0,0,0,0,0,0,0,0,0,0,0,0,0,0,0,0,0,0,0,0,0,0,0,0,0,0,0,0,0,0,0,0,0,0,0
2015,55,0,1.790000000000000000,0E-17,96,0,33.2000000000000030,0,96,null,96,0.1000000000000000,53629.7374599999970000,null,2.2000000000000002,2.2000000000000002,0.92400000000000004,15.4000000000000000,83.100000000000000,0,0,0,0,0,0,0,0,0,0,0,0,0,1,0,0,0,0,0,0,0,0,0,0,0,0,0,0,0,0,0,0,0,1,0,0,0,0,0,0
2011,122,0,10.240000000000000000,0E-17,99,0,56.5000000000000000,0,99,7.9600000000000000,99,0.1000000000000000,null,null,1.2000000000000000,1.3000000000000000,0.82899999999999996,15.0000000000000000,75.599999999999994,0,0,0,0,0,0,0,0,0,0,0,0,0,0,0,0,0,0,0,0,0,0,0,0,0,0,0,0,0,0,0,0,0,0,0,0,0,0,0,0
2004,29,0,1.180000000000000000,195.52594170000000000,81,0,41.3000000000000000,0,89,5.6400000000000000,9,0.1000000000000000,818.4426190000000400,458324.0000000000,1.3000000000000000,1.3000000000000000,0.45900000000000002,8.1000000000000000,67.099999999999994,0,0,0,0,0,0,0,0,0,0,0,1,0,0,0,0,0,0,0,0,0,0,0,0,0,0,0,0,0,0,0,1,0,0,0,0,0,0,0,0
2001,352,46,0.010000000000000000,0E-17,92,3571,18.2000000000000000,75,33,null,33,0.8000000000000000,null,null,7.9000000000000000,7.7000000000000000,null,null,57.000000000000000,0,0,0,0,0,0,0,0,0,0,0,0,0,0,0,0,0,0,0,0,0,0,0,0,0,0,1,0,1,1,0,1,0,0,0,0,0,0,0,0
2000,355,45,0.010000000000000000,0E-17,92,3965,17.8000000000000000,74,37,null,33,0.8000000000000000,null,null,8.0000000000000000,7.9000000000000000,null,null,55.000000000000000,0,0,0,0,0,0,0,0,0,0,0,0,0,0,0,0,0,0,0,0,0,0,0,0,0,0,1,0,1,1,0,1,0,0,0,0,0,0,0,0
2010,359,27,null,0E-17,92,0,null,41,93,null,93,4.0000000000000000,1562.2393460000001000,167192.0000000000,null,null,0E-17,0E-16,55.000000000000000,0,0,0,0,0,0,0,0,0,0,0,0,0,0,0,0,0,0,1,0,0,0,0,0,0,0,0,0,0,0,0,0,1,0,0,0,0,1,1,0
2013,6,1,9.250000000000000000,423.68045899999998000,95,131,65.4000000000000060,2,96,9.1000000000000000,96,0.1000000000000000,2921.9342000000001000,466245.0000000000,0.6000000000000000,0.5000000000000000,0.87400000000000000,17.5000000000000000,82.400000000000000,0,0,0,0,0,0,0,0,0,0,0,0,0,0,0,0,0,0,0,0,0,0,0,0,0,0,0,0,0,0,0,0,0,0,0,0,0,0,0,0
2012,61,1,9.350000000000000000,4255.78169299999990000,96,1204,64.8000000000000000,2,97,9.3900000000000000,97,0.1000000000000000,28562.2932399999990000,4677355.0000000000,0.6000000000000000,0.5000000000000000,0.87100000000000000,17.2000000000000000,82.000000000000000,0,0,0,0,0,0,0,0,0,0,0,0,0,0,0,0,0,0,0,0,0,0,0,0,1,0,1,0,0,0,0,0,0,1,0,0,0,0,0,0
2003,146,5,1.690000000000000000,72.42808940000000500,32,65,15.6000000000000000,5,98,3.9500000000000000,99,0.1000000000000000,989.4547731999999800,1983.0000000000,15.4000000000000000,15.5000000000000000,0.69699999999999995,12.7000000000000000,73.900000000000006,0,0,0,0,0,0,0,0,0,0,0,0,0,0,0,0,0,0,0,0,0,0,0,0,0,1,0,0,0,0,0,0,0,0,0,1,1,0,0,0
2001,16,5,1.680000000000000000,53.61278637000000200,92,309,14.6000000000000000,6,98,3.8100000000000000,98,0.1000000000000000,837.6997870000000100,18797.0000000000,15.4000000000000000,15.6000000000000000,0.68600000000000005,12.5000000000000000,72.700000000000000,0,0,0,0,0,0,0,0,0,0,0,0,0,0,0,0,0,0,0,0,0,0,0,0,0,0,0,0,0,0,0,0,0,0,0,1,1,0,0,0
2006,26,66,1.900000000000000000,60.33685710000000300,6,228,null,99,77,3.9300000000000000,78,0.2000000000000000,893.8793644999999500,316764.0000000000,null,null,0.43000000000000000,6.2000000000000000,61.000000000000000,0,0,0,0,0,1,0,0,0,0,0,0,0,0,0,0,0,0,0,0,0,0,1,0,0,1,0,0,1,0,0,0,0,0,0,0,0,0,0,0
2002,277,70,1.590000000000000000,30.62287548000000100,92,4529,null,106,6,2.9500000000000000,6,0.2000000000000000,412.1517561000000000,28679565.0000000000,null,null,0.40300000000000002,5.6000000000000000,59.400000000000000,0,0,0,0,0,0,0,0,0,1,0,1,0,0,0,0,0,0,0,0,0,0,1,0,0,0,1,0,1,1,0,1,0,0,1,0,0,0,0,0
2002,221,0,4.410000000000000000,250.71123729999999000,92,0,49.0000000000000000,0,74,7.1400000000000000,73,1.6000000000000000,2232.5132440000002000,48344.0000000000,3.5000000000000000,3.5000000000000000,0E-17,11.0000000000000000,67.900000000000006,0,0,0,0,0,0,0,0,0,0,0,0,0,0,0,0,0,0,0,0,0,0,0,0,0,0,0,0,0,0,0,0,1,0,0,0,0,1,0,0
2011,438,2,5.200000000000000000,735.70909780000000000,91,0,3.2000000000000000,3,85,8.6100000000000000,91,15.7000000000000000,3934.2732500000002000,1225258.0000000000,5.0999999999999996,5.2000000000000000,0.52600000000000002,11.2000000000000000,55.000000000000000,0,0,0,0,0,0,0,0,0,0,0,0,0,0,0,0,0,0,0,0,0,0,0,0,0,0,0,0,0,0,0,0,1,0,0,0,0,0,0,0
2005,63,3,5.080000000000000000,372.16514730000000000,95,0,27.8000000000000000,4,88,6.8000000000000000,86,49.1000000000000000,2873.8621410000001000,115873.0000000000,7.3000000000000000,7.5000000000000000,0.49500000000000000,9.6999999999999993,46.000000000000000,0,0,0,0,0,0,0,0,0,0,0,0,1,0,0,0,0,0,0,0,0,0,0,0,0,0,0,0,0,0,0,0,1,0,0,0,0,0,0,0
2003,6,3,5.650000000000000000,2.81912447400000010,9,350,27.1000000000000000,4,87,5.7100000000000000,85,50.6000000000000000,22.9944899999999990,187392.0000000000,8.1999999999999993,8.4000000000000000,0.49299999999999999,9.1000000000000000,45.900000000000000,0,0,0,0,0,1,0,0,0,0,0,0,1,0,0,0,0,0,0,0,0,0,0,0,0,1,0,0,0,0,0,0,1,0,0,0,0,0,0,0
2013,57,0,7.300000000000000000,1212.66632699999990000,67,51,58.5000000000000000,0,98,11.9700000000000000,98,0.1000000000000000,6283.2452199999998000,96379.0000000000,1.4000000000000000,1.3000000000000000,0.90400000000000003,15.8000000000000000,81.900000000000006,0,0,0,0,0,0,0,0,0,0,0,0,0,0,0,0,0,0,0,0,0,0,0,0,1,0,0,0,0,0,0,0,0,0,0,0,0,0,0,0
2006,65,0,10.240000000000000000,10598.08187000000000000,92,0,53.7000000000000000,0,94,1.3900000000000000,94,0.1000000000000000,57348.9278800000030000,7483934.0000000000,0.6000000000000000,0.4000000000000000,0.90400000000000003,15.2000000000000000,81.500000000000000,0,0,0,0,1,0,0,0,0,0,0,0,0,1,0,0,0,0,0,0,0,0,0,0,1,0,0,0,0,0,0,0,0,1,0,0,0,0,0,0
2000,198,14,0.370000000000000000,8.94300649200000030,92,192,31.3000000000000000,17,86,4.6399999999999997,83,0.3000000000000000,138.4366330000000000,621625.0000000000,4.2000000000000000,4.0999999999999996,0.52900000000000003,9.6000000000000000,63.700000000000000,0,0,0,0,0,0,0,0,0,0,0,0,0,0,0,0,0,0,0,0,0,0,0,0,0,0,0,0,0,0,0,0,0,0,0,0,0,0,0,0
2015,148,8,null,0E-17,99,154,33.6000000000000000,9,99,null,99,0.1000000000000000,5814.8631340000002000,686576.0000000000,7.7000000000000000,7.7000000000000000,0.73799999999999999,13.6000000000000000,74.900000000000006,0,0,0,0,0,0,0,0,0,0,0,0,0,0,0,0,0,0,0,0,0,0,0,0,0,0,0,0,0,0,0,0,0,0,0,0,0,0,0,0
2007,165,12,6.200000000000000000,520.76390870000000000,96,3893,24.6000000000000000,14,98,3.5600000000000000,98,0.4000000000000000,3972.2647499999998000,66195615.0000000000,8.6000000000000000,8.8000000000000007,0.68700000000000006,12.3000000000000000,73.300000000000000,0,0,0,0,0,0,0,0,0,0,0,0,0,0,0,0,0,0,0,0,0,0,0,0,0,0,1,0,0,0,0,0,0,0,1,0,0,0,0,0
2009,111,0,1.770000000000000000,0E-17,95,5,56.9000000000000000,0,96,6.7400000000000000,96,0.1000000000000000,null,null,2.2999999999999998,2.4000000000000000,0.73000000000000000,13.0000000000000000,74.400000000000006,0,0,0,0,0,0,0,0,0,0,0,0,0,0,0,0,0,0,0,0,0,0,0,0,0,0,0,0,0,0,0,0,0,0,0,0,0,0,0,0
2006,122,0,1.740000000000000000,0E-17,89,3,55.4000000000000000,0,92,7.6100000000000000,93,0.1000000000000000,null,null,2.5000000000000000,2.5000000000000000,0.70299999999999996,12.1000000000000000,73.700000000000000,0,0,0,0,0,0,0,0,0,0,0,0,0,0,0,0,0,0,0,0,0,0,0,0,0,0,0,0,0,0,0,0,0,0,0,0,0,0,0,0
2015,152,2,null,0E-17,76,43,17.3999999999999990,2,75,null,76,0.1000000000000000,1161.7693500000000000,124977.0000000000,1.9000000000000000,11.1000000000000000,0.60299999999999998,12.5000000000000000,68.300000000000000,0,0,0,0,0,0,0,0,0,0,0,0,0,0,0,0,0,0,0,0,0,0,0,0,0,0,0,0,0,0,0,0,0,0,0,0,0,0,0,0
2009,165,2,0.090000000000000000,36.19948699999999800,72,10,15.1000000000000000,3,78,1.2000000000000000,72,0.1000000000000000,757.3114435999999600,19221.0000000000,11.6000000000000000,11.6000000000000000,0.59899999999999998,12.1000000000000000,66.599999999999994,0,0,0,0,0,0,0,0,0,0,0,0,0,0,0,0,0,0,0,0,0,0,0,0,0,0,0,0,0,0,0,0,0,0,0,0,0,0,0,0
2000,339,14,1.100000000000000100,2.02964426999999990,92,3578,16.6000000000000010,22,63,4.3499999999999996,64,5.0999999999999996,26.3932934999999990,497367.0000000000,9.4000000000000000,9.3000000000000007,0.42499999999999999,9.3000000000000007,54.600000000000000,0,0,0,0,0,0,0,0,0,0,0,0,0,0,0,0,0,0,0,0,0,0,0,0,0,0,1,0,0,0,0,0,1,0,0,0,0,0,0,0
2014,135,0,0.010000000000000000,565.96721730000002000,8,0,74.8000000000000000,0,82,5.1800000000000000,8,0.1000000000000000,4192.3497580000003000,15782.0000000000,0.1000000000000000,0.1000000000000000,0.71599999999999997,14.3000000000000000,73.300000000000000,0,0,0,0,0,1,0,0,0,0,0,1,0,0,0,0,0,0,0,0,0,0,0,0,0,1,0,0,0,0,0,1,0,0,0,0,0,0,0,0
2005,15,0,1.570000000000000000,689.94402230000003000,89,0,69.4000000000000060,0,9,6.5200000000000000,89,0.1000000000000000,2594.7499899999998000,1141.0000000000,0.1000000000000000,0.1000000000000000,0.69399999999999995,14.6000000000000000,72.300000000000000,0,0,0,0,0,0,0,0,0,1,0,0,0,0,0,0,0,0,0,0,0,0,0,0,0,0,0,0,0,1,0,0,0,0,0,0,0,0,0,0
2002,192,0,5.120000000000000000,72.03911741000000300,5,0,35.2000000000000030,1,96,5.0000000000000000,96,2.0000000000000000,749.6266120000000200,1277837.0000000000,6.5000000000000000,7.0000000000000000,0.72099999999999997,11.9000000000000000,69.200000000000000,0,0,0,0,0,1,0,0,0,0,0,0,0,0,0,0,0,0,0,0,0,0,0,0,0,1,0,0,0,0,0,0,1,0,0,0,0,0,0,0
2015,16,15,null,0E-17,97,342,66.0999999999999940,18,97,null,97,0.1000000000000000,1979.5256899999999000,78271472.0000000000,4.9000000000000004,4.8000000000000000,0.76400000000000001,14.5000000000000000,75.800000000000000,0,0,0,0,0,0,0,0,0,0,0,0,0,0,0,0,0,0,0,0,0,0,0,0,0,0,0,0,0,0,0,0,0,0,1,0,0,0,0,0
2010,211,7,2.480000000000000000,385.32516399999997000,96,0,44.2000000000000000,8,96,1.9900000000000000,96,0.1000000000000000,4439.2299999999996000,58721.0000000000,3.2000000000000000,3.3000000000000000,0E-17,10.6000000000000000,65.800000000000000,0,0,0,0,0,0,0,0,0,0,0,0,0,0,0,0,0,0,0,0,0,0,0,0,0,0,0,0,0,0,0,0,0,0,0,0,0,1,0,0
2005,446,99,10.090000000000000000,44.52614000999999900,64,22,14.5000000000000000,155,59,9.3600000000000000,64,8.6999999999999993,315.7882270000000100,2854394.0000000000,6.5000000000000000,6.5000000000000000,0.42899999999999999,10.9000000000000000,53.200000000000000,0,0,0,0,0,0,0,0,0,0,0,0,0,0,0,0,0,0,0,0,0,0,1,0,0,0,0,0,1,0,0,0,1,0,0,0,0,0,0,0
2010,212,5,8.390000000000000000,375.68353760000002000,48,39,58.5000000000000000,6,57,7.8100000000000000,52,0.2000000000000000,2965.1423650000002000,45877.0000000000,2.4000000000000000,2.5000000000000000,0.72799999999999998,14.9000000000000000,69.800000000000000,0,0,0,0,0,0,0,0,0,0,0,0,0,0,0,0,0,0,0,0,0,0,0,0,0,1,0,0,0,0,0,0,0,0,0,0,0,0,0,0
2009,231,5,8.710000000000000900,324.54913479999999000,66,0,58.0000000000000000,6,74,7.8000000000000000,71,0.3000000000000000,2545.4834099999998000,46533.0000000000,2.5000000000000000,2.6000000000000000,0.73399999999999999,14.9000000000000000,69.200000000000000,0,0,0,0,0,0,0,0,0,0,0,0,0,0,0,0,0,0,0,0,0,0,0,0,0,0,0,0,0,0,0,0,0,0,0,0,0,0,0,0
2000,89,4,10.590000000000000000,0E-17,92,104,57.5000000000000000,5,91,6.9400000000000000,91,0.1000000000000000,null,null,0.7000000000000000,0.5000000000000000,null,null,77.800000000000000,0,0,0,0,0,0,0,0,0,0,0,0,0,0,0,0,0,0,0,0,0,0,0,0,0,0,0,0,0,0,0,0,0,0,0,0,0,0,0,0
2015,13,23,null,0E-17,92,188,69.5999999999999940,26,93,null,95,0.1000000000000000,null,null,0.8000000000000000,0.6000000000000000,null,null,79.300000000000000,0,0,0,0,0,0,0,0,0,0,0,0,0,0,0,0,0,0,0,0,0,0,0,0,0,0,0,0,0,0,0,0,0,0,0,0,0,0,0,0
2014,117,0,6.030000000000000000,463.63978209999999000,95,0,63.4000000000000000,0,95,8.5800000000000000,95,0.1000000000000000,16737.8982700000020000,3419546.0000000000,1.5000000000000000,1.4000000000000000,0.79100000000000004,15.5000000000000000,76.800000000000000,0,0,0,0,0,0,0,0,0,0,0,0,0,0,0,0,0,0,0,0,0,0,0,0,0,0,0,0,0,0,0,0,0,1,0,0,0,0,0,0
2006,117,1,6.580000000000000000,1712.22550600000000000,95,0,58.9000000000000000,1,95,11.1700000000000000,95,0.1000000000000000,5877.8767799999996000,333143.0000000000,1.6000000000000000,1.6000000000000000,0.75600000000000001,15.2000000000000000,76.200000000000000,0,0,0,0,0,0,0,0,0,0,0,0,0,0,0,0,0,0,0,0,0,0,0,0,1,0,0,0,0,0,0,0,0,0,0,0,0,0,0,0
2002,186,27,1.470000000000000000,24.99438737999999900,62,25,35.9000000000000000,32,99,5.4400000000000000,99,0.2000000000000000,383.3494997000000200,2527185.0000000000,3.3000000000000000,3.3000000000000000,0.60000000000000000,11.0000000000000000,67.099999999999994,0,0,0,0,0,0,0,0,0,0,0,0,0,0,0,0,0,0,0,0,0,0,0,0,0,0,0,0,0,0,0,0,0,0,0,0,0,0,0,0
2004,136,29,2.860000000000000000,0E-17,94,217,1.9000000000000000,36,96,5.9000000000000000,96,0.2000000000000000,null,null,15.4000000000000000,16.1000000000000010,0.60099999999999998,11.0000000000000000,74.200000000000000,0,0,0,0,0,0,0,0,0,0,0,0,0,0,0,0,0,0,0,0,0,0,0,0,0,0,0,0,0,0,0,0,0,0,0,1,1,0,0,0
2010,233,35,0.060000000000000000,0E-17,76,510,37.2000000000000030,45,77,5.1700000000000000,76,0.1000000000000000,null,null,13.7000000000000000,13.7000000000000000,0.48799999999999999,8.5000000000000000,64.400000000000006,0,0,0,0,0,0,0,0,0,0,0,0,0,0,0,0,0,0,0,0,0,0,0,0,0,0,0,0,0,0,0,0,0,0,0,0,0,0,0,0
2009,368,30,2.299999999999999800,143.86988729999999000,94,26,2.2000000000000002,47,93,4.7300000000000004,94,9.1000000000000000,1139.1123299999999000,13456417.0000000000,6.7000000000000000,6.6000000000000000,0.51800000000000002,11.6000000000000000,57.400000000000000,0,0,0,0,0,0,0,0,0,0,0,0,0,0,0,0,0,0,0,0,0,0,0,0,0,0,0,0,0,0,0,0,1,0,0,0,0,0,0,0
2002,69,41,2.440000000000000000,54.04348046999999900,92,25036,17.3000000000000000,66,85,6.9300000000000000,84,18.3999999999999990,377.1352440000000000,111249.0000000000,7.4000000000000000,7.3000000000000000,0.43300000000000000,10.0000000000000000,45.500000000000000,0,0,0,0,0,0,0,0,0,0,0,0,1,0,0,0,0,0,0,0,0,0,0,0,0,0,1,0,1,0,0,0,1,0,0,0,0,0,0,0
2000,665,24,1.680000000000000000,0E-17,79,1483,25.5000000000000000,39,78,7.1000000000000000,78,43.5000000000000000,547.3588784999999500,12222251.0000000000,11.0000000000000000,11.2000000000000000,0.43400000000000000,9.8000000000000007,46.000000000000000,0,1,0,0,0,0,0,0,0,0,0,0,1,0,0,0,0,0,0,0,0,1,0,0,0,0,1,0,0,0,0,0,1,0,0,0,0,0,0,0
2009,127,1,6.870000000000000000,1092.15535600000000000,85,0,53.4000000000000000,2,85,7.5600000000000000,85,0.1000000000000000,7429.6282739999997000,3579385.0000000000,2.0000000000000000,1.9000000000000000,0.75500000000000000,12.8000000000000000,76.800000000000000,0,0,0,0,0,0,0,0,0,0,0,0,0,0,0,0,0,0,0,0,0,0,0,0,1,0,0,0,0,0,0,0,0,0,0,0,0,0,0,0
2000,121,2,5.580000000000000000,9.87102141999999990,92,0,45.9000000000000000,2,99,7.7600000000000000,98,0.2000000000000000,46.2993499999999970,33347.0000000000,2.4000000000000000,2.2999999999999998,0.71599999999999997,12.1000000000000000,75.700000000000000,0,0,0,0,0,0,0,0,0,0,0,0,0,0,0,0,0,0,0,0,0,0,0,0,0,0,0,0,0,0,0,0,0,0,0,0,0,0,0,0
2010,286,10,0.790000000000000000,18.99961966000000000,56,0,44.9000000000000000,14,72,4.1800000000000000,67,1.1000000000000001,1366.8791120000001000,718239.0000000000,1.4000000000000000,1.3000000000000000,0.48499999999999999,9.6000000000000000,61.800000000000000,0,0,0,0,0,0,0,0,0,0,0,0,0,0,0,0,0,0,0,0,0,0,0,0,0,1,0,0,0,0,0,0,0,0,0,0,0,0,0,0
2013,12,2,11.630000000000000000,23.43533486999999800,96,84,6.4000000000000000,2,95,6.4000000000000000,99,0.1000000000000000,1378.5491099999999000,384196.0000000000,2.0000000000000000,2.1000000000000000,0.83799999999999997,15.4000000000000000,77.099999999999994,0,0,0,0,0,0,0,0,0,0,0,0,0,0,0,0,0,0,0,0,0,0,0,0,0,0,0,0,0,0,0,0,0,0,0,0,0,0,0,0
2012,81,0,11.960000000000000000,331.45703500000002000,98,23,59.5000000000000000,0,98,9.7400000000000000,98,0.1000000000000000,2577.4263999999998000,1514844.0000000000,0.7000000000000000,0.5000000000000000,0.82399999999999995,16.3000000000000000,83.000000000000000,0,0,0,0,0,0,0,0,0,0,0,0,0,0,0,0,0,0,0,0,0,0,0,0,0,0,0,0,0,0,0,0,0,0,0,0,0,0,0,0
2015,68,0,null,0E-17,99,18,69.3000000000000000,0,99,null,99,0.1000000000000000,66346.5226700000060000,null,5.2000000000000000,4.9000000000000004,0.85499999999999998,13.4000000000000000,78.200000000000000,0,0,0,0,0,0,0,0,0,0,0,0,0,1,0,0,0,0,0,0,0,0,0,0,0,0,0,0,0,0,0,0,0,1,0,0,0,0,0,0
2003,95,3,9.660000000000000000,0E-17,91,33,26.2000000000000000,3,94,4.9300000000000000,97,0.1000000000000000,null,null,1.6000000000000000,1.0000000000000000,null,null,77.599999999999994,0,0,0,0,0,0,0,0,0,0,0,0,0,0,0,0,0,0,0,0,0,0,0,0,0,0,0,0,0,0,0,0,0,0,0,0,0,0,0,0
2000,116,4,10.330000000000000000,0E-17,93,32647,24.7000000000000000,4,99,4.2300000000000004,97,0.1000000000000000,null,null,1.6000000000000000,1.1000000000000001,null,null,76.000000000000000,0,0,0,0,0,0,0,0,0,0,0,0,0,0,0,0,0,0,0,0,0,0,0,0,0,0,1,0,0,0,0,0,0,0,0,0,0,0,0,0
2010,153,2,9.000000000000000000,983.25180909999995000,98,193,56.9000000000000000,2,94,5.8300000000000000,94,0.1000000000000000,8297.4836209999994000,2246871.0000000000,3.0000000000000000,3.2000000000000000,0.79700000000000004,15.8000000000000000,73.400000000000006,0,0,0,0,0,0,0,0,0,0,0,0,0,0,0,0,0,0,0,0,0,0,0,0,0,0,0,0,0,0,0,0,0,0,0,0,0,0,0,0
2013,229,14,10.580000000000000000,1529.49777100000010000,97,2339,59.3000000000000000,16,98,7.9000000000000000,97,0.2000000000000000,15543.6765300000010000,14356911.0000000000,2.2999999999999998,2.2999999999999998,0.79900000000000004,14.6000000000000000,70.000000000000000,0,0,0,0,0,0,0,0,0,0,0,0,0,0,0,0,0,0,0,0,0,0,0,0,1,0,1,0,0,0,0,0,0,1,0,0,0,0,0,0
2009,261,15,11.210000000000000000,137.00633569999999000,98,101,57.0000000000000000,18,98,7.4400000000000000,98,0.3000000000000000,8562.8959799999993000,142785342.0000000000,2.2999999999999998,2.5000000000000000,0.77600000000000002,14.0000000000000000,68.200000000000000,0,0,0,0,0,0,0,0,0,0,0,0,0,0,0,0,0,0,0,0,0,0,0,0,0,0,0,0,0,0,0,0,0,0,1,0,0,0,0,0
2014,23,12,0.010000000000000000,7.54979723800000000,98,10,2.8000000000000000,16,98,7.5300000000000000,98,0.4000000000000000,76.5699517000000040,11345357.0000000000,5.8000000000000000,5.8000000000000000,0.48799999999999999,10.8000000000000000,65.700000000000000,0,0,0,0,0,0,0,0,0,0,0,0,0,0,0,0,0,0,0,0,0,0,0,0,0,0,0,0,0,0,0,0,0,0,0,0,0,0,0,0
2001,438,33,5.720000000000000000,0.38825377200000000,92,896,13.7000000000000000,54,76,4.3800000000000000,77,8.1000000000000000,21.5696540000000000,832946.0000000000,7.4000000000000000,7.5000000000000000,0.33200000000000002,7.1000000000000000,48.600000000000000,0,0,0,0,0,0,0,0,0,0,0,0,0,0,0,0,0,0,0,0,0,0,0,0,0,0,1,0,0,0,0,0,1,0,0,0,0,0,0,0
2014,139,0,9.970000000000000600,0E-17,99,0,46.7000000000000000,0,99,6.7200000000000000,99,0.1000000000000000,null,null,4.3000000000000000,4.3000000000000000,0.72299999999999998,13.1000000000000000,75.000000000000000,0,0,0,0,0,0,0,0,0,0,0,0,0,0,0,0,0,0,0,0,0,0,0,0,0,0,0,0,0,0,0,0,0,0,0,0,0,0,0,0
2013,131,0,0.010000000000000000,698.35227859999998000,6,0,73.8000000000000000,0,62,6.9100000000000000,67,0.1000000000000000,4219.6512300000004000,19757.0000000000,0.2000000000000000,0.1000000000000000,0.70000000000000000,12.9000000000000000,73.599999999999994,0,0,0,0,0,1,0,0,0,0,0,0,0,0,0,0,0,0,0,0,0,0,0,0,0,1,0,0,0,0,0,0,0,0,0,0,0,0,0,0
2006,153,0,3.520000000000000000,40.22855668999999800,35,0,7.3000000000000000,0,37,4.6800000000000000,39,0.1000000000000000,287.9638990000000300,18194.0000000000,0.2000000000000000,0.2000000000000000,0.67700000000000005,12.7000000000000000,72.000000000000000,0,0,0,0,0,0,0,0,0,0,0,0,0,0,0,0,0,0,0,0,0,0,0,0,0,1,0,0,0,1,0,1,0,0,0,0,0,0,0,0
2000,18,0,3.000000000000000000,21.25430019999999900,89,0,65.5999999999999940,0,94,5.3100000000000000,95,0.1000000000000000,154.6892300000000100,17461.0000000000,0.2000000000000000,0.2000000000000000,0.64000000000000000,12.1000000000000000,72.000000000000000,0,0,0,0,0,0,0,0,0,0,0,0,0,0,0,0,0,0,0,0,0,0,0,0,0,0,0,0,0,0,0,0,0,0,0,0,0,0,0,0
2007,217,0,4.139999999999999700,49.93698172999999900,87,0,24.7000000000000000,0,98,7.4400000000000000,97,1.2000000000000000,894.9279880000000300,16311.0000000000,6.7000000000000000,6.6000000000000000,0.52700000000000002,10.3000000000000000,65.099999999999994,0,0,0,0,0,0,0,0,0,0,0,0,0,0,0,0,0,0,0,0,0,0,0,0,0,0,0,0,0,0,0,0,0,0,0,0,0,0,0,0
2007,23,22,0.320000000000000000,8.30915292699999950,94,11,2.2999999999999998,36,93,4.7200000000000000,94,0.7000000000000000,95.3978522000000030,11873557.0000000000,11.0000000000000000,1.9000000000000000,0.42499999999999999,6.8000000000000000,62.100000000000000,0,0,0,0,0,0,0,0,0,0,0,0,0,0,0,0,0,0,0,0,0,0,0,0,0,0,0,0,0,0,0,0,0,0,0,0,0,0,0,0
2012,126,1,9.380000000000000800,742.51097089999996000,97,0,58.3000000000000000,1,93,9.8900000000000000,91,0.1000000000000000,5659.3824000000004000,719977.0000000000,2.1000000000000000,2.1000000000000000,0.76700000000000002,14.0000000000000000,74.900000000000006,0,0,0,0,0,0,0,0,0,0,0,0,0,0,0,0,0,0,0,0,0,0,0,0,0,0,0,0,0,0,0,0,0,0,0,0,0,0,0,0
2007,132,1,9.300000000000000700,772.87003530000004000,99,201,55.1000000000000000,1,93,1.2000000000000000,94,0.1000000000000000,5458.1217180000003000,7381579.0000000000,2.4000000000000000,2.4000000000000000,0.74299999999999999,13.5000000000000000,73.800000000000000,0,0,0,0,0,0,0,0,0,0,0,0,0,0,0,0,0,0,0,0,0,0,0,0,0,0,0,0,0,0,0,0,0,0,0,0,0,0,0,0
2015,168,0,null,0E-17,98,0,37.4000000000000000,0,97,null,97,0.1000000000000000,1539.4639999999999000,93419.0000000000,5.7000000000000000,6.0000000000000000,0.78100000000000003,14.1000000000000000,73.200000000000000,0,0,0,0,0,0,0,0,0,0,0,0,0,0,0,0,0,0,0,0,0,0,0,0,0,0,0,0,0,0,0,0,0,0,0,0,0,0,0,0
2000,147,0,11.060000000000000000,0E-17,98,0,5.7000000000000000,1,98,5.5000000000000000,99,0.1000000000000000,null,null,1.6000000000000000,1.7000000000000000,0.76100000000000001,13.0000000000000000,73.000000000000000,0,0,0,0,0,0,0,0,0,0,0,0,0,0,0,0,0,0,0,0,0,0,0,0,0,0,0,0,0,0,0,0,0,0,0,0,0,0,0,0
2001,429,52,7.380000000000000000,365.25857220000000000,72,1166,4.9000000000000004,76,71,8.3100000000000000,71,24.0000000000000000,2681.7809999999999000,45312937.0000000000,15.4000000000000000,18.1000000000000010,0.62900000000000000,13.0000000000000000,56.000000000000000,0,0,0,0,0,0,0,0,0,0,0,0,1,0,0,0,0,0,0,0,0,0,0,0,0,0,1,0,1,0,0,0,1,0,1,1,1,0,0,0
2008,172,4,2.100000000000000000,17.81424343999999800,98,33,18.5000000000000000,4,98,3.4400000000000000,98,0.1000000000000000,254.4891920000000000,19817.0000000000,15.4000000000000000,15.4000000000000000,0.73099999999999998,13.3000000000000000,72.300000000000000,0,0,0,0,0,0,0,0,0,0,0,0,0,0,0,0,0,0,0,0,0,0,0,0,0,0,0,0,0,0,0,0,0,0,0,1,0,0,0,0
2007,146,4,2.290000000000000000,127.63775050000000000,98,44,17.8999999999999990,5,98,3.7600000000000000,98,0.1000000000000000,1644.8163720000000000,19668.0000000000,15.4000000000000000,15.5000000000000000,0.72499999999999998,13.2000000000000000,73.700000000000000,0,0,0,0,0,0,0,0,0,0,0,0,0,0,0,0,0,0,0,0,0,0,0,0,0,0,0,0,0,0,0,0,0,0,0,1,1,0,0,0
2015,225,58,null,0E-17,93,3585,null,85,93,null,93,0.3000000000000000,2513.8846610000001000,3864783.0000000000,null,null,0.48799999999999999,7.2000000000000000,64.099999999999994,0,0,0,0,0,0,0,0,0,0,0,0,0,0,0,0,0,0,0,0,0,0,1,0,0,0,1,0,1,0,0,0,0,0,0,0,0,0,0,0
2013,232,60,0.010000000000000000,227.83532080000001000,93,2813,null,88,93,8.4200000000000000,93,0.3000000000000000,1955.6679899999999000,36849918.0000000000,null,null,0.47799999999999998,7.0000000000000000,63.500000000000000,0,0,0,0,0,0,0,0,0,0,0,0,0,0,0,0,0,0,0,0,0,0,1,0,0,0,1,0,1,0,0,0,0,0,1,0,0,0,0,0
2001,283,71,1.810000000000000000,28.88069657000000100,92,4362,null,108,66,2.9600000000000000,66,0.2000000000000000,377.5254454000000200,279455.0000000000,null,null,0.39900000000000002,5.6000000000000000,58.900000000000000,0,0,0,0,0,0,0,0,0,0,0,0,0,0,0,0,0,0,0,0,0,0,1,0,0,0,1,0,1,0,0,0,0,0,0,0,0,0,0,0
2000,284,71,1.760000000000000000,30.86000992000000000,92,2875,null,109,62,3.2300000000000000,62,0.1000000000000000,361.3584300000000000,2725535.0000000000,null,null,0.39400000000000002,5.5000000000000000,58.600000000000000,0,0,0,0,0,0,0,0,0,0,0,0,0,0,0,0,0,0,0,0,0,0,1,0,0,0,1,0,1,0,0,0,0,0,0,0,0,0,0,0
2010,19,0,5.260000000000000000,99.08095375000000600,86,0,54.8000000000000000,0,96,5.8100000000000000,96,0.5000000000000000,833.3133199999999800,52613.0000000000,3.5000000000000000,3.4000000000000000,0.70000000000000000,12.3000000000000000,73.000000000000000,0,0,0,0,0,0,0,0,0,0,0,0,0,0,0,0,0,0,0,0,0,0,0,0,0,0,0,0,0,0,0,0,0,0,0,0,0,0,0,0
2005,25,0,4.470000000000000000,418.92066080000001000,83,0,51.1000000000000000,0,84,6.7800000000000000,83,0.6000000000000000,3595.8854999999999000,498946.0000000000,3.5000000000000000,3.4000000000000000,0.67200000000000004,11.3000000000000000,68.900000000000006,0,0,0,0,0,0,0,0,0,0,0,0,0,0,0,0,0,0,0,0,0,0,0,0,0,0,0,0,0,0,0,0,0,0,0,0,0,0,0,0
2004,214,0,4.550000000000000000,4.23257668000000020,92,0,5.4000000000000000,0,84,6.8800000000000000,85,0.9000000000000000,36.4877299999999990,49363.0000000000,3.5000000000000000,3.5000000000000000,0E-17,11.1000000000000000,68.300000000000000,0,0,0,0,0,0,0,0,0,0,0,0,0,0,0,0,0,0,0,0,0,0,0,0,0,0,0,0,0,0,0,0,0,0,0,0,0,1,0,0
2001,219,0,4.230000000000000400,191.21350440000001000,92,0,48.3000000000000000,0,65,8.3800000000000008,68,1.8000000000000000,1598.7751200000000000,47774.0000000000,3.6000000000000000,3.5000000000000000,0E-17,11.0000000000000000,67.700000000000000,0,0,0,0,0,0,0,0,0,0,0,0,0,0,0,0,0,0,0,0,0,0,0,0,0,0,0,0,0,0,0,0,1,0,0,0,0,1,0,0
2012,54,0,9.860000000000000000,18379.32974000000100000,92,61,56.2000000000000000,0,96,11.5900000000000000,96,0.1000000000000000,83164.3879500000040000,7996861.0000000000,0.5000000000000000,0.3000000000000000,0.93200000000000005,15.7000000000000000,82.700000000000000,0,0,0,0,1,0,0,0,0,0,0,0,0,1,0,0,0,0,0,0,0,0,0,0,1,0,0,0,0,0,0,0,0,1,0,0,0,0,0,0
2004,189,14,6.170000000000000000,301.35977910000003000,96,4165,21.7000000000000000,16,98,3.5100000000000000,98,0.5000000000000000,2659.8391799999999000,652231.0000000000,9.0000000000000000,9.1999999999999993,0.67400000000000004,11.9000000000000000,71.599999999999994,0,0,0,0,0,0,0,0,0,0,0,0,0,0,0,0,0,0,0,0,0,0,0,0,0,0,1,0,0,0,0,0,0,0,0,0,0,0,0,0
2000,194,18,5.880000000000000000,0.27564825999999998,95,4074,18.7000000000000000,21,97,3.4000000000000000,97,0.8000000000000000,27.5648260000000000,6295821.0000000000,9.4000000000000000,9.6999999999999993,0.64000000000000000,10.9000000000000000,71.099999999999994,0,0,0,0,0,0,0,0,0,0,0,0,0,0,0,0,0,0,0,0,0,0,0,0,0,0,1,0,0,0,0,0,0,0,0,0,0,0,0,0
2008,111,0,1.720000000000000000,0E-17,97,27,56.4000000000000000,0,96,6.8500000000000000,95,0.1000000000000000,null,null,2.4000000000000000,2.4000000000000000,0.71399999999999997,12.2000000000000000,74.200000000000000,0,0,0,0,0,0,0,0,0,0,0,0,0,0,0,0,0,0,0,0,0,0,0,0,0,0,0,0,0,0,0,0,0,0,0,0,0,0,0,0
2006,345,15,1.370000000000000000,6.22604878499999970,92,26,19.3000000000000000,22,85,5.5600000000000000,84,5.0000000000000000,377.3362900000000200,5837792.0000000000,8.1000000000000000,8.0000000000000000,0.43600000000000000,10.1999999999999990,55.700000000000000,0,0,0,0,0,0,0,0,0,0,0,0,0,0,0,0,0,0,0,0,0,0,0,0,0,0,0,0,0,0,0,0,1,0,0,0,0,0,0,0
2012,22,7,2.750000000000000000,579.41282439999998000,98,0,45.9000000000000000,8,98,1.9600000000000000,97,0.1000000000000000,6675.2629539999998000,5267839.0000000000,3.2000000000000000,3.3000000000000000,0.67200000000000004,10.7000000000000000,65.599999999999994,0,0,0,0,0,0,0,0,0,0,0,0,0,0,0,0,0,0,0,0,0,0,0,0,0,0,0,0,0,0,0,0,0,0,0,0,0,0,0,0
2003,231,7,2.880000000000000000,179.61564820000001000,97,1,39.4000000000000000,8,66,3.8500000000000000,83,0.1000000000000000,1283.8859769999999000,4655741.0000000000,3.5000000000000000,3.4000000000000000,0E-17,10.3000000000000000,63.400000000000000,0,0,0,0,0,0,0,0,0,0,0,0,0,0,0,0,0,0,0,0,0,0,0,0,0,0,0,0,0,0,0,0,0,0,0,0,0,1,0,0
2004,485,104,9.890000000000000000,36.60609251999999700,62,141,14.2000000000000000,164,58,8.9000000000000000,62,8.9000000000000000,288.2369489999999800,27568436.0000000000,6.6000000000000000,6.6000000000000000,0.42699999999999999,11.6000000000000000,51.300000000000000,0,0,0,0,0,0,0,0,0,0,0,0,0,0,0,0,0,0,0,0,0,1,1,0,0,0,0,0,1,0,0,0,1,0,1,0,0,0,0,0
2006,89,1,1.740000000000000000,3749.94161700000000000,92,0,55.8000000000000000,1,94,2.3300000000000000,92,0.1000000000000000,42372.2216600000030000,null,5.0999999999999996,4.9000000000000004,0.82299999999999995,12.8000000000000000,75.400000000000006,0,0,0,0,0,0,0,0,0,0,0,0,0,0,0,0,0,0,0,0,0,0,0,0,1,0,0,0,0,0,0,0,0,1,0,0,0,0,0,0
2013,72,3,10.320000000000000000,0E-17,92,1919,65.4000000000000060,4,95,9.3400000000000000,95,0.1000000000000000,null,null,0.8000000000000000,0.5000000000000000,null,null,87.000000000000000,0,0,0,0,0,0,0,0,0,0,0,0,0,0,0,0,0,0,0,0,0,0,0,0,0,0,1,0,0,0,0,0,0,0,0,0,0,0,0,0
2013,323,86,4.200000000000000000,0E-17,91,185,22.5000000000000000,124,91,5.5700000000000000,91,2.1000000000000000,null,null,6.8000000000000000,6.7000000000000000,null,null,59.700000000000000,0,0,0,0,0,0,0,0,0,0,0,0,0,0,0,0,0,0,0,0,0,0,1,0,0,0,0,0,1,0,0,0,1,0,0,0,0,0,0,0
2012,348,87,3.980000000000000000,0E-17,92,1668,21.9000000000000000,126,9,5.7200000000000000,92,2.4000000000000000,null,null,6.9000000000000000,6.8000000000000000,null,null,58.600000000000000,0,0,0,0,0,0,0,0,0,1,0,0,0,0,0,0,0,0,0,0,0,0,1,0,0,0,1,0,1,1,0,0,1,0,0,0,0,0,0,0
2004,454,100,3.810000000000000000,0E-17,95,1419,17.7000000000000000,154,95,4.0999999999999996,95,10.8000000000000000,null,null,7.8000000000000000,7.8000000000000000,null,null,51.500000000000000,0,0,0,0,0,0,0,0,0,0,0,0,0,0,0,0,0,0,0,0,0,1,1,0,0,0,1,0,1,0,0,0,1,0,0,0,0,0,0,0
2011,16,25,8.670000000000000000,0E-17,91,220,67.5000000000000000,29,94,17.6000000000000010,96,0.1000000000000000,null,null,0.7000000000000000,0.6000000000000000,null,null,78.700000000000000,0,0,0,0,0,0,0,0,0,0,1,0,0,0,0,0,0,0,0,0,0,0,0,0,0,0,0,0,0,0,1,0,0,0,0,0,0,0,0,0
2004,122,1,5.660000000000000000,882.35636199999999000,94,0,57.7000000000000000,1,95,11.5900000000000000,94,0.1000000000000000,4117.3885300000002000,332496.0000000000,1.7000000000000000,1.6000000000000000,0.75000000000000000,15.5000000000000000,75.400000000000006,0,0,0,0,0,0,0,0,0,0,0,0,0,0,0,0,0,0,0,0,0,0,0,0,0,0,0,0,0,0,0,0,0,0,0,0,0,0,0,0
2009,183,21,2.560000000000000000,92.81479758999999800,98,0,4.0000000000000000,24,99,6.3100000000000000,98,0.2000000000000000,1213.2653280000000000,277674.0000000000,3.1000000000000000,3.1000000000000000,0.65100000000000002,11.8000000000000000,68.000000000000000,0,0,0,0,0,0,0,0,0,0,0,0,0,0,0,0,0,0,0,0,0,0,0,0,0,0,0,0,0,0,0,0,0,0,0,0,0,0,0,0
2003,173,0,1.200000000000000000,27.29839073000000100,64,165,43.3000000000000000,0,67,4.2000000000000000,69,0.1000000000000000,158.5272400000000100,198964.0000000000,1.6000000000000000,1.6000000000000000,0E-17,10.4000000000000000,69.400000000000006,0,0,0,0,0,0,0,0,0,0,0,0,0,0,0,0,0,0,0,0,0,0,0,0,0,0,0,0,0,0,0,0,0,0,0,0,0,1,0,0
2009,166,9,7.590000000000000000,0E-17,84,0,58.8000000000000000,10,75,5.8100000000000000,84,0.1000000000000000,null,null,1.6000000000000000,1.5000000000000000,0.75400000000000000,14.0000000000000000,73.599999999999994,0,0,0,0,0,0,0,0,0,0,0,0,0,0,0,0,0,0,0,0,0,0,0,0,0,0,0,0,0,0,0,0,0,0,0,0,0,0,0,0
2004,247,42,0.060000000000000000,0E-17,43,12708,33.2999999999999970,56,72,4.9000000000000004,72,0.1000000000000000,null,null,13.9000000000000000,13.9000000000000000,0.46400000000000002,8.4000000000000000,62.200000000000000,0,0,0,0,0,0,0,0,0,0,0,0,0,0,0,0,0,0,0,0,0,0,0,0,0,1,1,0,0,0,0,0,0,0,0,0,0,0,0,0
2001,251,46,0.080000000000000000,0E-17,19,485,31.7000000000000000,63,73,4.3400000000000000,73,0.1000000000000000,null,null,14.0000000000000000,14.0000000000000000,0.44400000000000001,7.9000000000000000,61.100000000000000,0,0,0,0,0,0,0,0,0,0,0,0,0,0,0,0,0,0,0,0,0,0,0,0,0,1,0,0,0,0,0,0,0,0,0,0,0,0,0,0
2012,349,29,2.590000000000000000,196.91524960000001000,78,896,21.7000000000000000,43,7,4.9100000000000000,78,5.6000000000000000,1734.9361200000001000,14699937.0000000000,6.5000000000000000,6.3000000000000000,0.55400000000000005,12.3000000000000000,59.200000000000000,0,0,0,0,0,0,0,0,0,1,0,0,0,0,0,0,0,0,0,0,0,0,0,0,0,0,1,0,0,1,0,0,1,0,0,0,0,0,0,0
2001,686,25,1.720000000000000000,0E-17,76,529,25.9000000000000000,39,76,6.1600000000000000,75,42.1000000000000000,548.5873120000000000,12366165.0000000000,1.6000000000000000,1.7000000000000000,0.42699999999999999,9.8000000000000007,45.300000000000000,0,1,0,0,0,0,0,0,0,0,0,0,1,0,0,0,0,0,0,0,0,1,0,0,0,0,0,0,0,0,0,0,1,0,0,0,0,0,0,0
2014,119,1,6.740000000000000000,1842.46378200000000000,8,0,57.1000000000000000,1,8,8.3000000000000007,8,0.1000000000000000,12593.7374000000000000,393986.0000000000,1.9000000000000000,1.8000000000000000,0.78000000000000000,13.0000000000000000,77.599999999999994,0,0,0,0,0,1,0,0,0,1,0,1,0,0,0,0,0,0,0,0,0,0,0,0,1,1,0,0,0,1,0,1,0,0,0,0,0,0,0,0
2008,127,1,6.740000000000000000,956.82297649999998000,86,0,52.7000000000000000,2,86,6.7500000000000000,86,0.1000000000000000,6973.9283999999998000,3516268.0000000000,2.0000000000000000,2.0000000000000000,0.75000000000000000,12.8000000000000000,76.500000000000000,0,0,0,0,0,0,0,0,0,0,0,0,0,0,0,0,0,0,0,0,0,0,0,0,0,0,0,0,0,0,0,0,0,0,0,0,0,0,0,0
2005,122,1,5.530000000000000000,623.91005029999997000,92,0,5.3000000000000000,2,88,7.4800000000000000,92,0.1000000000000000,4916.5488599999999000,333465.0000000000,2.1000000000000000,2.1000000000000000,0.74000000000000000,12.9000000000000000,75.800000000000000,0,0,0,0,0,0,0,0,0,0,0,0,0,0,0,0,0,0,0,0,0,0,0,0,0,0,0,0,0,0,0,0,0,0,0,0,0,0,0,0
2015,123,8,null,0E-17,9,4,55.6000000000000000,10,88,null,9,0.1000000000000000,63.3432590000000030,31376671.0000000000,1.1000000000000001,1.1000000000000001,0.73699999999999999,13.4000000000000000,75.500000000000000,0,0,0,0,0,1,0,0,0,0,0,1,0,0,0,0,0,0,0,0,0,0,0,0,0,1,0,0,0,0,0,1,0,0,1,0,0,0,0,0
2005,148,13,4.440000000000000400,411.56456530000003000,94,0,48.8000000000000000,16,66,4.7200000000000000,77,0.4000000000000000,2754.7829000000002000,276141.0000000000,1.3000000000000000,1.3000000000000000,0.69199999999999995,13.0000000000000000,72.800000000000000,0,0,0,0,0,0,0,0,0,0,0,0,0,0,0,0,0,0,0,0,0,0,0,0,0,0,0,0,0,0,0,0,0,0,0,0,0,0,0,0
2001,221,68,4.540000000000000000,69.02042450000000400,45,7360,18.3000000000000000,89,76,3.0000000000000000,79,0.1000000000000000,957.2874409999999400,79665315.0000000000,1.0000000000000000,9.6999999999999993,0.62200000000000000,11.4000000000000000,66.800000000000000,0,0,0,0,0,0,0,0,0,0,0,0,0,0,0,0,0,0,0,0,0,0,1,0,0,1,1,0,1,0,0,0,0,0,1,0,0,0,0,0
2003,15,0,14.210000000000000000,2283.89179599999990000,94,8,52.5000000000000000,1,96,9.5399999999999991,99,0.1000000000000000,15772.7333999999990000,1458821.0000000000,0.7000000000000000,0.6000000000000000,0.78900000000000003,15.8000000000000000,77.300000000000000,0,0,0,0,0,0,0,0,0,0,0,0,0,0,0,0,0,0,0,0,0,0,0,0,1,0,0,0,0,0,0,0,0,1,0,0,0,0,0,0
2007,83,0,1.240000000000000000,44.18506272999999900,94,361,65.0999999999999940,0,97,2.3100000000000000,94,0.1000000000000000,675.6125799999999800,null,4.9000000000000004,4.5000000000000000,0.83000000000000000,12.6000000000000000,76.700000000000000,0,0,0,0,0,0,0,0,0,0,0,0,0,0,0,0,0,0,0,0,0,0,0,0,0,0,0,0,0,0,0,0,0,0,0,0,0,0,0,0
2006,83,0,1.280000000000000000,448.59529889999999000,96,144,65.0000000000000000,0,95,2.5800000000000000,96,0.1000000000000000,6256.5592600000000000,null,4.9000000000000004,4.5000000000000000,0.83499999999999996,13.7000000000000000,76.599999999999994,0,0,0,0,0,0,0,0,0,0,0,0,0,0,0,0,0,0,0,0,0,0,0,0,0,0,0,0,0,0,0,0,0,0,0,0,0,0,0,0
2012,237,14,10.990000000000000000,178.82259110000001000,97,2123,58.7000000000000000,16,98,6.8800000000000000,97,0.3000000000000000,15154.4568700000000000,14321676.0000000000,2.2999999999999998,2.4000000000000000,0.79200000000000004,14.3000000000000000,69.599999999999994,0,0,0,0,0,0,0,0,0,0,0,0,0,0,0,0,0,0,0,0,0,0,0,0,0,0,1,0,0,0,0,0,0,1,0,0,0,0,0,0
2010,26,16,7.920000000000000000,63.78723632999999900,97,121,18.3000000000000000,23,93,7.9100000000000000,97,2.2999999999999998,563.4914870000000100,1246842.0000000000,6.5000000000000000,6.3000000000000000,0.45400000000000001,10.0000000000000000,62.800000000000000,0,0,0,0,0,0,0,0,0,0,0,0,0,0,0,0,0,0,0,0,0,0,0,0,0,0,0,0,0,0,0,0,1,0,0,0,0,0,0,0
2013,141,0,9.730000000000000000,0E-17,99,0,45.9000000000000000,0,99,7.8500000000000000,99,0.1000000000000000,null,null,4.3000000000000000,4.3000000000000000,0.73399999999999999,13.1000000000000000,74.800000000000000,0,0,0,0,0,0,0,0,0,0,0,0,0,0,0,0,0,0,0,0,0,0,0,0,0,0,0,0,0,0,0,0,0,0,0,0,0,0,0,0
2007,149,0,3.850000000000000000,47.73638190999999900,46,0,7.9000000000000000,0,49,5.2500000000000000,53,0.1000000000000000,322.5431209999999900,182286.0000000000,0.2000000000000000,0.2000000000000000,0.68200000000000005,12.9000000000000000,72.200000000000000,0,0,0,0,0,0,0,0,0,0,0,0,0,0,0,0,0,0,0,0,0,0,0,0,0,1,0,0,0,1,0,0,0,0,0,0,0,0,0,0
2005,16,0,3.630000000000000000,287.46713050000000000,41,0,69.7000000000000000,0,55,4.4700000000000000,49,0.1000000000000000,2571.2623480000002000,179929.0000000000,0.2000000000000000,0.2000000000000000,0.67100000000000004,12.6000000000000000,71.599999999999994,0,0,0,0,0,0,0,0,0,0,0,0,0,0,0,0,0,0,0,0,0,0,0,0,0,1,0,0,0,0,0,1,0,0,0,0,0,0,0,0
2012,194,0,0.010000000000000000,8.19804758100000090,96,0,28.5000000000000000,0,96,8.6000000000000000,96,0.5000000000000000,138.9499590000000100,182889.0000000000,5.9000000000000000,5.7000000000000000,0.55300000000000005,10.8000000000000000,66.900000000000006,0,0,0,0,0,0,0,0,0,0,0,0,0,0,0,0,0,0,0,0,0,0,0,0,0,0,0,0,0,0,0,0,0,0,0,0,0,0,0,0
2011,198,0,5.690000000000000000,7.49540134600000040,96,0,27.7000000000000000,0,96,5.4400000000000000,96,0.5000000000000000,134.3261890000000000,1788.0000000000,6.0000000000000000,5.9000000000000000,0.54600000000000004,10.6000000000000000,66.599999999999994,0,0,0,0,0,0,0,0,0,0,0,0,0,0,0,0,0,0,0,0,0,0,0,0,0,0,0,0,0,0,0,0,0,0,0,0,0,0,0,0
2002,226,0,5.800000000000000000,50.80181435000000100,92,0,21.7000000000000000,0,92,1.2100000000000000,92,1.4000000000000000,555.8185377999999400,144889.0000000000,7.6000000000000000,7.6000000000000000,0.50100000000000000,9.6000000000000000,63.100000000000000,0,0,0,0,0,0,0,0,0,0,0,0,0,0,0,0,0,0,0,0,0,0,0,0,0,0,0,0,0,0,0,0,0,0,0,0,0,0,0,0
2000,25,27,0.289999999999999980,5.39736853199999980,92,5839,17.5000000000000000,50,49,4.6300000000000000,52,0.5000000000000000,473.4533799999999800,988452.0000000000,12.3000000000000000,12.3000000000000000,0.37800000000000000,5.2000000000000000,57.500000000000000,0,0,0,0,0,0,0,0,0,0,0,0,0,0,0,0,0,0,0,0,0,0,0,0,0,0,1,0,0,1,0,0,0,0,0,0,0,0,0,0
2004,341,49,0.010000000000000000,0E-17,92,12008,19.3999999999999990,80,3,null,3,0.9000000000000000,null,null,7.6000000000000000,7.4000000000000000,null,null,51.200000000000000,0,0,0,0,0,0,0,0,0,1,0,1,0,0,0,0,0,0,0,0,0,0,0,0,0,0,1,0,1,1,0,1,0,0,0,0,0,0,0,0
2004,79,2,11.960000000000000000,3715.37009500000020000,97,26,59.9000000000000000,2,97,8.5000000000000000,97,0.1000000000000000,24918.6458400000010000,42921895.0000000000,0.6000000000000000,0.5000000000000000,0.83299999999999996,15.6000000000000000,81.000000000000000,0,0,0,0,0,0,0,0,0,0,0,0,0,0,0,0,0,0,0,0,0,0,0,0,1,0,0,0,0,0,0,0,0,1,1,0,0,0,0,0
2002,83,2,12.260000000000000000,228.35430239999999000,82,67,58.8000000000000000,2,98,7.2500000000000000,98,0.1000000000000000,1719.5354100000000000,41431558.0000000000,0.6000000000000000,0.5000000000000000,0.82799999999999996,15.7000000000000000,79.500000000000000,0,0,0,0,0,0,0,0,0,0,0,0,0,0,0,0,0,0,0,0,0,0,0,0,0,0,0,0,0,0,0,0,0,0,1,0,0,0,0,0
2010,459,2,4.930000000000000000,56.93670560999999700,89,313,29.7000000000000000,4,89,8.4700000000000006,89,21.6000000000000000,369.2393359999999800,122843.0000000000,5.4000000000000000,5.6000000000000000,0.52300000000000002,11.0000000000000000,53.600000000000000,0,0,0,0,0,0,0,0,0,0,0,0,1,0,0,0,0,0,0,0,0,1,0,0,0,0,0,0,0,0,0,0,1,0,0,0,0,0,0,0
2007,51,3,5.550000000000000000,43.36649990000000100,92,0,28.5000000000000000,4,88,7.5000000000000000,87,40.7000000000000030,347.4879799999999900,1138434.0000000000,6.5000000000000000,6.7000000000000000,0.50800000000000001,10.5000000000000000,50.000000000000000,0,0,0,0,0,0,0,0,0,0,0,0,1,0,0,0,0,0,0,0,0,0,0,0,0,0,0,0,0,0,0,0,1,0,0,0,0,0,0,0
2008,62,0,6.900000000000000000,8105.59088200000040000,92,25,56.5000000000000000,0,98,9.2300000000000000,98,0.1000000000000000,55746.8423800000020000,9219637.0000000000,1.3000000000000000,1.3000000000000000,0.89700000000000002,15.7000000000000000,81.099999999999994,0,0,0,0,1,0,0,0,0,0,0,0,0,1,0,0,0,0,0,0,0,0,0,0,1,0,0,0,0,0,0,0,0,1,0,0,0,0,0,0
2004,7,0,6.600000000000000000,5793.36364400000000000,92,5,54.9000000000000000,0,99,9.9000000000000000,99,0.1000000000000000,42442.2244999999970000,8993531.0000000000,1.3000000000000000,1.3000000000000000,0.88800000000000001,16.0000000000000000,83.000000000000000,0,0,0,0,0,0,0,0,0,0,0,0,0,0,0,0,0,0,0,0,0,0,0,0,1,0,0,0,0,0,0,0,0,1,0,0,0,0,0,0
2011,55,0,9.990000000000000000,18822.86732000000100000,92,621,55.8000000000000000,0,96,11.2100000000000000,96,0.1000000000000000,87998.4446800000010000,7912398.0000000000,0.5000000000000000,0.3000000000000000,0.93200000000000005,15.6000000000000000,82.600000000000000,0,0,0,0,1,0,0,0,0,0,0,0,0,1,0,0,0,0,0,0,0,0,0,0,1,0,0,0,0,0,0,0,0,1,0,0,0,0,0,0
2011,166,10,0.320000000000000000,51.99192270000000300,96,1,37.4000000000000000,12,97,5.9800000000000000,96,0.2000000000000000,834.5412953000000000,7815949.0000000000,3.7000000000000000,3.7000000000000000,0.60799999999999998,11.1000000000000000,68.099999999999994,0,0,0,0,0,0,0,0,0,0,0,0,0,0,0,0,0,0,0,0,0,0,0,0,0,0,0,0,0,0,0,0,0,0,0,0,0,0,0,0
2002,193,12,0.600000000000000000,10.68147485000000100,39,927,32.1000000000000000,15,84,4.4800000000000004,85,0.3000000000000000,189.3878518999999900,6447688.0000000000,4.0000000000000000,4.0000000000000000,0.54300000000000004,9.8000000000000007,64.300000000000000,0,0,0,0,0,0,0,0,0,0,0,0,0,0,0,0,0,0,0,0,0,0,0,0,0,1,1,0,0,0,0,0,0,0,0,0,0,0,0,0
2005,177,13,6.260000000000000000,321.19530049999997000,96,3526,22.6000000000000000,15,98,3.5500000000000000,98,0.5000000000000000,2893.6513559999999000,6542547.0000000000,8.9000000000000000,9.1000000000000000,0.68200000000000005,12.0000000000000000,72.500000000000000,0,0,0,0,0,0,0,0,0,0,0,0,0,0,0,0,0,0,0,0,0,0,0,0,0,0,1,0,0,0,0,0,0,0,0,0,0,0,0,0
2015,12,0,null,0E-17,92,1,6.3000000000000000,0,92,null,91,0.1000000000000000,null,null,2.1000000000000000,2.1000000000000000,0.74600000000000000,12.9000000000000000,75.700000000000000,0,0,0,0,0,0,0,0,0,0,0,0,0,0,0,0,0,0,0,0,0,0,0,0,0,0,0,0,0,0,0,0,0,0,0,0,0,0,0,0
2015,133,0,null,0E-17,78,0,75.2000000000000000,0,8,null,78,0.1000000000000000,493.7753870000000200,16364.0000000000,0.1000000000000000,0.1000000000000000,0.71799999999999997,14.3000000000000000,73.500000000000000,0,0,0,0,0,0,0,0,0,1,0,0,0,0,0,0,0,0,0,0,0,0,0,0,0,0,0,0,0,1,0,0,0,0,0,0,0,0,0,0
2009,147,0,1.080000000000000000,4.78380556299999960,84,0,72.0999999999999940,0,86,4.6700000000000000,84,0.1000000000000000,37.8465630000000030,1364.0000000000,0.1000000000000000,0.1000000000000000,0.70299999999999996,14.5000000000000000,72.500000000000000,0,0,0,0,0,0,0,0,0,0,0,0,0,0,0,0,0,0,0,0,0,0,0,0,0,0,0,0,0,0,0,0,0,0,0,0,0,0,0,0
2002,155,0,1.510000000000000000,310.82033819999998000,88,0,67.0000000000000000,0,85,5.3000000000000000,84,0.1000000000000000,1842.4442100000001000,99184.0000000000,0.1000000000000000,0.1000000000000000,0.67900000000000005,13.5000000000000000,71.900000000000006,0,0,0,0,0,0,0,0,0,0,0,0,0,0,0,0,0,0,0,0,0,0,0,0,0,0,0,0,0,0,0,0,0,0,0,0,0,0,0,0
2001,194,0,4.550000000000000000,516.71124810000003000,92,0,34.4000000000000000,1,91,4.4000000000000004,91,1.2000000000000000,6935.7214510000003000,127238.0000000000,6.6000000000000000,7.1000000000000000,0.71499999999999997,11.8000000000000000,69.099999999999994,0,0,0,0,0,0,0,0,0,0,0,0,0,0,0,0,0,0,0,0,0,0,0,0,0,0,0,0,0,0,0,0,0,0,0,0,0,0,0,0
2010,12,3,1.280000000000000000,64.85616718000000000,98,1,56.5000000000000000,3,98,6.5400000000000000,98,0.1000000000000000,414.1517700000000000,1639931.0000000000,6.3000000000000000,6.3000000000000000,0.71000000000000000,14.4000000000000000,74.800000000000000,0,0,0,0,0,0,0,0,0,0,0,0,0,0,0,0,0,0,0,0,0,0,0,0,0,0,0,0,0,0,0,0,0,0,0,0,0,0,0,0
2005,248,6,2.850000000000000000,2.19888584999999990,99,0,4.7000000000000000,8,99,3.5100000000000000,99,0.1000000000000000,174.5147499999999900,4754641.0000000000,3.4000000000000000,3.4000000000000000,0E-17,10.3000000000000000,63.300000000000000,0,0,0,0,0,0,0,0,0,0,0,0,0,0,0,0,0,0,0,0,0,0,0,0,0,0,0,0,0,0,0,0,0,0,0,0,0,1,0,0
2002,229,7,2.330000000000000000,130.37848289999999000,96,11,38.7000000000000030,8,99,3.3400000000000000,98,0.1000000000000000,967.9174679999999900,4612.0000000000,3.5000000000000000,3.5000000000000000,0E-17,10.1999999999999990,63.300000000000000,0,0,0,0,0,0,0,0,0,0,0,0,0,0,0,0,0,0,0,0,0,0,0,0,0,0,0,0,0,0,0,0,0,0,0,0,0,1,0,0
2012,25,5,8.440000000000000000,453.78308470000002000,46,12746,59.6000000000000000,5,72,7.4700000000000000,76,0.2000000000000000,3855.4212800000000000,455933.0000000000,2.4000000000000000,2.4000000000000000,0.73899999999999999,15.1000000000000000,77.000000000000000,0,0,0,0,0,0,0,0,0,0,0,0,0,0,0,0,0,0,0,0,0,0,0,0,0,1,1,0,0,0,0,0,0,0,0,0,0,0,0,0
2011,74,3,10.680000000000000000,0E-17,92,1112,64.2000000000000000,4,95,9.3400000000000000,95,0.1000000000000000,null,null,0.8000000000000000,0.5000000000000000,null,null,86.000000000000000,0,0,0,0,0,0,0,0,0,0,0,0,0,0,0,0,0,0,0,0,0,0,0,0,0,0,1,0,0,0,0,0,0,0,0,0,0,0,0,0
2004,83,4,12.220000000000000000,0E-17,92,189,6.1000000000000000,4,92,7.9800000000000000,92,0.1000000000000000,null,null,0.7000000000000000,0.5000000000000000,null,null,78.800000000000000,0,0,0,0,0,0,0,0,0,0,0,0,0,0,0,0,0,0,0,0,0,0,0,0,0,0,0,0,0,0,0,0,0,0,0,0,0,0,0,0
2003,86,4,11.850000000000000000,0E-17,92,460,59.5000000000000000,4,91,7.8100000000000000,91,0.1000000000000000,null,null,0.7000000000000000,0.5000000000000000,null,null,78.300000000000000,0,0,0,0,0,0,0,0,0,0,0,0,0,0,0,0,0,0,0,0,0,0,0,0,0,0,0,0,0,0,0,0,0,0,0,0,0,0,0,0
2015,279,85,null,0E-17,98,30,23.8000000000000000,119,96,null,98,1.4000000000000000,null,null,6.7000000000000000,6.5000000000000000,null,null,61.800000000000000,0,0,0,0,0,0,0,0,0,0,0,0,0,0,0,0,0,0,0,0,0,0,1,0,0,0,0,0,1,0,0,0,0,0,0,0,0,0,0,0
2010,183,20,2.730000000000000000,119.45711540000001000,99,117,4.7000000000000000,23,99,5.3400000000000000,99,0.2000000000000000,1377.8214000000000000,285624.0000000000,3.0000000000000000,3.1000000000000000,0.65700000000000003,11.9000000000000000,68.300000000000000,0,0,0,0,0,0,0,0,0,0,0,0,0,0,0,0,0,0,0,0,0,0,0,0,0,0,0,0,0,0,0,0,0,0,0,0,0,0,0,0
2007,184,22,2.150000000000000000,9.29098364500000070,99,863,38.7000000000000030,26,98,5.8100000000000000,96,0.3000000000000000,83.4769419999999940,26868.0000000000,3.1000000000000000,3.1000000000000000,0.63100000000000001,11.8000000000000000,67.800000000000000,0,0,0,0,0,0,0,0,0,0,0,0,0,0,0,0,0,0,0,0,0,0,0,0,0,0,1,0,0,0,0,0,0,0,0,0,0,0,0,0
2005,165,0,0.880000000000000000,337.29428460000003000,61,3,44.9000000000000000,0,67,3.8700000000000000,68,0.1000000000000000,1886.4333590000001000,2937.0000000000,1.6000000000000000,1.5000000000000000,0E-17,10.6000000000000000,69.900000000000006,0,0,0,0,0,0,0,0,0,0,0,0,0,0,0,0,0,0,0,0,0,0,0,0,0,0,0,0,0,0,0,0,0,0,0,0,0,1,0,0
2015,157,9,null,0E-17,87,0,62.1000000000000000,10,87,null,87,0.1000000000000000,null,null,1.6000000000000000,1.5000000000000000,0.76900000000000002,14.3000000000000000,74.099999999999994,0,0,0,0,0,0,0,0,0,0,0,0,0,0,0,0,0,0,0,0,0,0,0,0,0,0,0,0,0,0,0,0,0,0,0,0,0,0,0,0
2003,172,10,6.300000000000000000,0E-17,72,0,55.3000000000000000,12,86,4.9300000000000000,68,0.1000000000000000,null,null,1.7000000000000000,1.6000000000000000,0.68799999999999994,11.6000000000000000,72.400000000000006,0,0,0,0,0,0,0,0,0,0,0,0,0,0,0,0,0,0,0,0,0,0,0,0,0,0,0,0,0,0,0,0,0,0,0,0,0,0,0,0
2013,129,28,4.000000000000000000,0E-17,59,1123,16.0000000000000000,35,93,7.1700000000000000,59,0.1000000000000000,null,null,14.3000000000000000,14.9000000000000000,0.66800000000000004,12.3000000000000000,75.700000000000000,0,0,0,0,0,0,0,0,0,0,0,0,0,0,0,0,0,0,0,0,0,0,0,0,0,1,1,0,0,0,0,0,0,0,0,0,0,0,0,0
2007,24,38,0.050000000000000000,0E-17,79,13,35.1000000000000000,49,79,4.9200000000000000,79,0.1000000000000000,null,null,13.8000000000000000,13.8000000000000000,0.47699999999999998,8.6000000000000000,63.400000000000000,0,0,0,0,0,0,0,0,0,0,0,0,0,0,0,0,0,0,0,0,0,0,0,0,0,0,0,0,0,0,0,0,0,0,0,0,0,0,0,0
2005,245,40,0.040000000000000000,0E-17,8,6285,33.9000000000000000,53,8,4.5800000000000000,79,0.1000000000000000,null,null,13.9000000000000000,13.8000000000000000,0.47000000000000000,8.6000000000000000,62.600000000000000,0,0,0,0,0,1,0,0,0,1,0,0,0,0,0,0,0,0,0,0,0,0,0,0,0,1,1,0,0,1,0,0,0,0,0,0,0,0,0,0
2015,33,27,null,0E-17,9,9,23.4000000000000000,40,9,null,9,4.0999999999999996,1313.8896460000001000,161587.0000000000,6.3000000000000000,6.1000000000000000,0.57599999999999996,12.5000000000000000,61.800000000000000,0,0,0,0,0,1,0,0,0,1,0,1,0,0,0,0,0,0,0,0,0,0,0,0,0,1,0,0,0,1,0,1,1,0,0,0,0,0,0,0
2008,45,31,2.120000000000000000,153.67837539999999000,87,140,19.7000000000000000,49,9,4.8700000000000000,87,11.9000000000000000,1369.6824899999999000,1382517.0000000000,6.8000000000000000,6.7000000000000000,0.50400000000000000,11.4000000000000000,55.700000000000000,0,0,0,0,0,0,0,0,0,1,0,0,0,0,0,0,0,0,0,0,0,0,0,0,0,0,0,0,0,1,0,0,1,0,0,0,0,0,0,0
2004,578,36,2.460000000000000000,8.36985152900000000,92,35,18.0000000000000000,59,84,7.3300000000000000,83,17.6000000000000010,53.2772216999999980,11731746.0000000000,7.2000000000000000,7.1000000000000000,0.45600000000000002,10.5000000000000000,47.900000000000000,0,1,0,0,0,0,0,0,0,0,0,0,1,0,0,0,0,0,0,0,0,1,0,0,0,0,0,0,0,0,0,0,1,0,0,0,0,0,0,0
2003,64,39,2.330000000000000000,65.78997404000000400,92,881,17.6000000000000010,62,85,8.1800000000000000,83,18.2000000000000000,429.1583433999999800,11421984.0000000000,7.3000000000000000,7.2000000000000000,0.44300000000000000,10.1999999999999990,46.400000000000000,0,0,0,0,0,0,0,0,0,0,0,0,1,0,0,0,0,0,0,0,0,0,0,0,0,0,1,0,0,0,0,0,1,0,0,0,0,0,0,0
2006,7,28,4.570000000000000000,34.26216876000000200,68,212,27.9000000000000000,45,71,5.1200000000000000,7,26.8000000000000000,414.7962319999999700,13124267.0000000000,8.6000000000000000,8.6000000000000000,0.40799999999999997,9.5000000000000000,45.400000000000000,0,0,0,0,0,0,0,0,0,0,0,1,1,0,0,0,0,0,0,0,0,0,0,0,0,0,0,0,0,0,0,1,1,0,0,0,0,0,0,0
2002,73,25,4.430000000000000000,0E-17,73,304,26.3000000000000000,40,73,6.5300000000000000,71,39.7999999999999970,57.3483400000000000,125525.0000000000,1.2000000000000000,1.3000000000000000,0.42699999999999999,10.0000000000000000,44.800000000000000,0,0,0,0,0,0,0,0,0,0,0,0,1,0,0,0,0,0,0,0,0,0,0,0,0,0,0,0,0,0,0,0,1,0,0,0,0,0,0,0
2007,124,1,6.160000000000000000,76.25080380000000000,85,0,51.9000000000000000,2,84,6.3100000000000000,85,0.2000000000000000,668.8667000000000400,345387.0000000000,2.1000000000000000,2.0000000000000000,0.74299999999999999,12.9000000000000000,76.400000000000006,0,0,0,0,0,0,0,0,0,0,0,0,0,0,0,0,0,0,0,0,0,0,0,0,0,0,0,0,0,0,0,0,0,0,0,0,0,0,0,0
2002,125,1,5.520000000000000000,78.80940216000000500,98,0,47.8000000000000000,2,99,8.3000000000000007,99,0.2000000000000000,4126.1467100000000000,3149265.0000000000,2.2999999999999998,2.2000000000000002,0.72499999999999998,12.6000000000000000,75.700000000000000,0,0,0,0,0,0,0,0,0,0,0,0,0,0,0,0,0,0,0,0,0,0,0,0,0,0,0,0,0,0,0,0,0,0,0,0,0,0,0,0
2007,295,11,0.710000000000000000,85.71753809999999900,61,0,42.7000000000000000,14,72,4.4000000000000004,71,1.4000000000000000,956.6689519999999900,6627922.0000000000,1.4000000000000000,1.3000000000000000,0.46100000000000002,8.6000000000000000,61.100000000000000,0,0,0,0,0,0,0,0,0,0,0,0,0,0,0,0,0,0,0,0,0,0,0,0,0,0,0,0,0,0,0,0,0,0,0,0,0,0,0,0
2000,335,11,0.730000000000000000,62.56273841000000100,57,7135,37.5000000000000000,14,51,3.9800000000000000,59,1.1000000000000001,631.9468526000000600,5572222.0000000000,1.6000000000000000,1.5000000000000000,0.41799999999999998,6.2000000000000000,58.900000000000000,0,0,0,0,0,0,0,0,0,0,0,0,0,0,0,0,0,0,0,0,0,0,0,0,0,1,1,0,0,0,0,0,0,0,0,0,0,0,0,0
2007,159,3,5.610000000000000000,318.62018519999998000,86,0,44.2000000000000000,4,95,6.4100000000000000,95,0.1000000000000000,2312.1929260000002000,5966159.0000000000,2.2000000000000002,2.1000000000000000,0.64900000000000002,12.0000000000000000,72.500000000000000,0,0,0,0,0,0,0,0,0,0,0,0,0,0,0,0,0,0,0,0,0,0,0,0,0,0,0,0,0,0,0,0,0,0,0,0,0,0,0,0
2005,163,3,6.380000000000000000,20.68037294000000200,92,0,42.8000000000000000,4,96,6.7000000000000000,96,0.2000000000000000,157.1456910000000000,5795494.0000000000,2.2999999999999998,2.2000000000000002,0.64600000000000002,12.3000000000000000,72.099999999999994,0,0,0,0,0,0,0,0,0,0,0,0,0,0,0,0,0,0,0,0,0,0,0,0,0,0,0,0,0,0,0,0,0,0,0,0,0,0,0,0
2003,166,4,6.640000000000000000,155.42330759999999000,86,0,41.3000000000000000,4,86,5.9900000000000000,86,0.1000000000000000,1174.7793469999999000,56795.0000000000,2.4000000000000000,2.2999999999999998,0.64200000000000002,12.7000000000000000,71.700000000000000,0,0,0,0,0,0,0,0,0,0,0,0,0,0,0,0,0,0,0,0,0,0,0,0,0,0,0,0,0,0,0,0,0,0,0,0,0,0,0,0
2012,125,2,10.810000000000000000,230.04009700000000000,97,71,59.7000000000000000,2,95,6.6200000000000000,99,0.1000000000000000,13145.1484000000000000,3863164.0000000000,2.0000000000000000,2.1000000000000000,0.83399999999999996,15.3000000000000000,76.800000000000000,0,0,0,0,0,0,0,0,0,0,0,0,0,0,0,0,0,0,0,0,0,0,0,0,0,0,0,0,0,0,0,0,0,0,0,0,0,0,0,0
2011,128,2,10.930000000000000000,250.07737820000000000,98,0,59.1000000000000000,2,96,6.7000000000000000,99,0.1000000000000000,13893.1876799999990000,3863255.0000000000,2.0000000000000000,2.2000000000000002,0.82899999999999996,15.4000000000000000,76.700000000000000,0,0,0,0,0,0,0,0,0,0,0,0,0,0,0,0,0,0,0,0,0,0,0,0,0,0,0,0,0,0,0,0,0,1,0,0,0,0,0,0
2004,143,2,9.190000000000000000,648.07434530000000000,98,11,55.0000000000000000,3,99,6.1900000000000000,99,0.1000000000000000,6681.1788180000003000,38182222.0000000000,2.4000000000000000,2.5000000000000000,0.80000000000000000,15.5000000000000000,74.900000000000006,0,0,0,0,0,0,0,0,0,0,0,0,0,0,0,0,0,0,0,0,0,0,0,0,0,0,0,0,0,0,0,0,0,0,1,0,0,0,0,0
2014,78,0,9.880000000000000800,271.25455310000001000,98,0,6.9000000000000000,0,98,9.5000000000000000,98,0.1000000000000000,2277.5361300000000000,14162.0000000000,0.7000000000000000,0.5000000000000000,0.83699999999999997,16.8000000000000000,89.000000000000000,0,0,0,0,0,0,0,0,0,0,0,0,0,0,0,0,0,0,0,0,0,0,0,0,0,0,0,0,0,0,0,0,0,0,0,0,0,0,0,0
2009,79,0,1.110000000000000100,3688.69428800000010000,99,112,65.5999999999999940,0,98,2.6300000000000000,99,0.1000000000000000,61478.2381299999980000,null,5.0000000000000000,4.5999999999999996,0.82799999999999996,11.8000000000000000,77.000000000000000,0,0,0,0,0,0,0,0,0,0,0,0,0,1,0,0,0,0,0,0,0,0,0,0,1,0,0,0,0,0,0,0,0,1,0,0,0,0,0,0
2006,79,2,8.830000000000000000,0E-17,99,28,27.7000000000000000,2,98,5.7600000000000000,98,0.1000000000000000,null,null,1.5000000000000000,1.0000000000000000,null,null,79.400000000000006,0,0,0,0,0,0,0,0,0,0,0,0,0,0,0,0,0,0,0,0,0,0,0,0,0,0,0,0,0,0,0,0,0,0,0,0,0,0,0,0
2002,99,3,9.550000000000000700,0E-17,92,62,25.7000000000000000,4,99,4.6100000000000003,97,0.1000000000000000,null,null,1.6000000000000000,1.1000000000000001,null,null,77.099999999999994,0,0,0,0,0,0,0,0,0,0,0,0,0,0,0,0,0,0,0,0,0,0,0,0,0,0,0,0,0,0,0,0,0,0,0,0,0,0,0,0
2002,225,1,6.710000000000000000,0E-17,99,4929,47.2000000000000000,1,98,8.3100000000000000,97,0.1000000000000000,null,null,3.4000000000000000,3.6000000000000000,null,null,67.500000000000000,0,0,0,0,0,0,0,0,0,0,0,0,0,0,0,0,0,0,0,0,0,0,0,0,0,0,1,0,0,0,0,0,0,0,0,0,0,0,0,0
2013,138,2,9.590000000000000000,1230.74823100000000000,96,1159,59.2000000000000000,2,88,5.6000000000000000,92,0.1000000000000000,9585.2665930000003000,19983693.0000000000,2.7000000000000000,2.9000000000000000,0.79400000000000004,14.7000000000000000,74.599999999999994,0,0,0,0,0,0,0,0,0,0,0,0,0,0,0,0,0,0,0,0,0,0,0,0,1,0,1,0,0,0,0,0,0,0,1,0,0,0,0,0
2012,138,2,9.580000000000000000,1078.35810500000000000,96,7450,58.4000000000000000,2,92,5.4800000000000000,91,0.1000000000000000,8558.3976600000005000,25835.0000000000,2.8000000000000000,3.0000000000000000,0.79700000000000004,15.3000000000000000,74.400000000000006,0,0,0,0,0,0,0,0,0,0,0,0,0,0,0,0,0,0,0,0,0,0,0,0,1,0,1,0,0,0,0,0,0,0,0,0,0,0,0,0
2014,225,13,10.119999999999999000,1340.55369900000010000,97,4711,59.9000000000000000,15,97,7.7000000000000000,97,0.1000000000000000,14125.9609999999990000,143819666.0000000000,2.2999999999999998,2.2999999999999998,0.80300000000000005,14.9000000000000000,73.000000000000000,0,0,0,0,0,0,0,0,0,0,0,0,0,0,0,0,0,0,0,0,0,0,0,0,1,0,1,0,0,0,0,0,0,1,1,0,0,0,0,0
2002,313,20,10.870000000000000000,266.54169170000000000,81,580,54.5000000000000000,24,97,5.9900000000000000,97,0.3000000000000000,2375.5944000000000000,1453646.0000000000,2.7000000000000000,2.9000000000000000,0.72699999999999998,12.8000000000000000,64.800000000000000,0,0,0,0,0,0,0,0,0,0,0,0,0,0,0,0,0,0,0,0,0,0,0,0,0,0,0,0,0,0,0,0,0,0,0,0,0,0,0,0
2011,247,14,8.340000000000000000,9.07456942600000000,97,31,18.8999999999999990,20,93,7.7100000000000000,97,1.3000000000000000,617.3176479999999600,151671.0000000000,6.3000000000000000,6.2000000000000000,0.46400000000000002,10.1999999999999990,63.800000000000000,0,0,0,0,0,0,0,0,0,0,0,0,0,0,0,0,0,0,0,0,0,0,0,0,0,0,0,0,0,0,0,0,0,0,0,0,0,0,0,0
2002,174,0,11.850000000000000000,0E-17,14,0,37.9000000000000000,0,9,6.3300000000000000,74,0.1000000000000000,null,null,4.4000000000000004,4.5000000000000000,0.68100000000000005,12.5000000000000000,72.000000000000000,0,0,0,0,0,1,0,0,0,1,0,0,0,0,0,0,0,0,0,0,0,0,0,0,0,1,0,0,0,1,0,0,0,0,0,0,0,0,0,0
2003,184,0,5.099999999999999600,0E-17,31,0,42.9000000000000000,0,99,3.9100000000000000,99,0.4000000000000000,null,null,3.8000000000000000,3.8000000000000000,0.68200000000000005,13.0000000000000000,71.000000000000000,0,0,0,0,0,0,0,0,0,0,0,0,0,0,0,0,0,0,0,0,0,0,0,0,0,1,0,0,0,0,0,0,0,0,0,0,0,0,0,0
2006,22,0,5.460000000000000000,47.08931143000000200,75,0,24.0000000000000000,0,97,7.8400000000000000,97,1.2000000000000000,843.8944699999999600,159328.0000000000,6.9000000000000000,6.8000000000000000,0.52100000000000002,10.1999999999999990,64.700000000000000,0,0,0,0,0,0,0,0,0,0,0,0,0,0,0,0,0,0,0,0,0,0,0,0,0,0,0,0,0,0,0,0,0,0,0,0,0,0,0,0
2000,224,0,5.070000000000000000,0E-17,92,0,2.7000000000000000,0,87,8.8600000000000000,82,1.5000000000000000,null,13866.0000000000,8.0000000000000000,8.1000000000000000,0.48799999999999999,9.3000000000000007,62.600000000000000,0,0,0,0,0,0,0,0,0,0,0,0,0,0,0,0,0,0,0,0,0,0,0,0,0,0,0,0,0,0,0,0,0,0,0,0,0,0,0,0
2013,89,8,0.090000000000000000,2047.11310200000000000,98,1164,66.4000000000000060,9,98,4.2500000000000000,98,0.1000000000000000,24934.3861399999990000,null,7.6000000000000000,7.5000000000000000,0.83000000000000000,15.2000000000000000,74.300000000000000,0,0,0,0,0,0,0,0,0,0,0,0,0,0,0,0,0,0,0,0,0,0,0,0,1,0,1,0,0,0,0,0,0,1,0,0,0,0,0,0
2001,17,10,0.050000000000000000,710.49523969999996000,95,155,56.9000000000000000,12,97,4.4900000000000000,97,0.1000000000000000,8643.4943999999996000,null,7.3000000000000000,7.3000000000000000,0.74199999999999999,12.0000000000000000,72.800000000000000,0,0,0,0,0,0,0,0,0,0,0,0,0,0,0,0,0,0,0,0,0,0,0,0,0,0,0,0,0,0,0,0,0,0,0,0,0,0,0,0
2013,196,20,0.260000000000000000,11.83853190000000000,92,17,23.2000000000000000,28,89,4.5100000000000000,92,0.3000000000000000,148.9123510000000000,141232.0000000000,9.9000000000000000,9.6999999999999993,0.47399999999999998,8.6999999999999993,66.000000000000000,0,0,0,0,0,0,0,0,0,0,0,0,0,0,0,0,0,0,0,0,0,0,0,0,0,0,0,0,0,0,0,0,0,0,0,0,0,0,0,0
2004,247,24,0.350000000000000000,66.02236299000000500,54,31,19.1000000000000010,42,87,5.6800000000000000,87,0.7000000000000000,733.5818110000000200,1955944.0000000000,11.6000000000000000,11.5000000000000000,0.40799999999999997,6.2000000000000000,59.700000000000000,0,0,0,0,0,0,0,0,0,0,0,0,0,0,0,0,0,0,0,0,0,0,0,0,0,1,0,0,0,0,0,0,0,0,0,0,0,0,0,0
2005,135,1,9.600000000000000000,503.11159470000001000,65,2,53.9000000000000000,1,98,8.6999999999999993,98,0.1000000000000000,3528.1318000000001000,744769.0000000000,2.5000000000000000,2.6000000000000000,0.73000000000000000,13.2000000000000000,73.000000000000000,0,0,0,0,0,0,0,0,0,0,0,0,0,0,0,0,0,0,0,0,0,0,0,0,0,0,0,0,0,0,0,0,0,0,0,0,0,0,0,0
2010,61,0,1.840000000000000000,4540.54375199999960000,96,50,31.8000000000000000,0,96,3.9600000000000000,96,0.1000000000000000,46569.6795100000020000,null,2.1000000000000000,2.1000000000000000,0.88900000000000001,14.5000000000000000,82.000000000000000,0,0,0,0,0,0,0,0,0,0,0,0,0,0,0,0,0,0,0,0,0,0,0,0,1,0,0,0,0,0,0,0,0,1,0,0,0,0,0,0
2005,69,0,1.490000000000000000,2356.73147900000000000,96,33,3.2000000000000000,0,96,3.7400000000000000,96,0.1000000000000000,29869.8539800000000000,null,2.1000000000000000,2.0000000000000000,0.82099999999999995,12.6000000000000000,82.000000000000000,0,0,0,0,0,0,0,0,0,0,0,0,0,0,0,0,0,0,0,0,0,0,0,0,1,0,0,0,0,0,0,0,0,1,0,0,0,0,0,0
2015,74,0,null,0E-17,92,18,6.1000000000000000,0,95,null,95,0.1000000000000000,2729.8638299999998000,263531.0000000000,1.4000000000000000,1.3000000000000000,0.88800000000000001,17.3000000000000000,88.000000000000000,0,0,0,0,0,0,0,0,0,0,0,0,0,0,0,0,0,0,0,0,0,0,0,0,0,0,0,0,0,0,0,0,0,0,0,0,0,0,0,0
2009,9,0,10.520000000000000000,3505.38943400000020000,92,0,56.4000000000000000,0,96,9.3800000000000008,96,0.1000000000000000,24633.7978499999990000,239669.0000000000,1.7000000000000000,1.7000000000000000,0.87300000000000000,16.8999999999999990,79.099999999999994,0,0,0,0,0,0,0,0,0,0,0,0,0,0,0,0,0,0,0,0,0,0,0,0,1,0,0,0,0,0,0,0,0,1,0,0,0,0,0,0
2002,117,0,9.289999999999999100,1617.47341800000000000,92,0,52.3000000000000000,0,93,8.6199999999999992,93,0.1000000000000000,11814.9994000000010000,199453.0000000000,2.1000000000000000,2.2000000000000002,0.83499999999999996,15.6000000000000000,76.599999999999994,0,0,0,0,0,0,0,0,0,0,0,0,0,0,0,0,0,0,0,0,0,0,0,0,1,0,0,0,0,0,0,0,0,0,0,0,0,0,0,0
2001,227,0,0.700000000000000000,325.11147460000001000,83,0,38.7000000000000030,0,88,6.4400000000000000,84,0.1000000000000000,944.8168399999999600,423853.0000000000,1.4000000000000000,1.4000000000000000,0.44200000000000000,6.6000000000000000,66.200000000000000,0,0,0,0,0,0,0,0,0,0,0,0,0,0,0,0,0,0,0,0,0,0,0,0,0,0,0,0,0,0,0,0,0,0,0,0,0,0,0,0
2013,318,51,0.010000000000000000,0E-17,42,3173,23.3000000000000000,81,47,null,42,0.8000000000000000,47.5432354000000000,null,6.8000000000000000,6.6000000000000000,null,null,54.200000000000000,0,0,0,0,0,0,0,0,0,0,0,0,0,0,0,0,0,0,0,0,0,0,0,0,0,1,1,0,1,1,0,1,0,0,0,0,0,0,0,0
2011,329,51,0.010000000000000000,0E-17,92,17298,22.4000000000000000,82,49,null,41,0.8000000000000000,null,null,6.9000000000000000,6.7000000000000000,null,null,53.100000000000000,0,0,0,0,0,0,0,0,0,0,0,0,0,0,0,0,0,0,0,0,0,0,0,0,0,0,1,0,1,1,0,1,0,0,0,0,0,0,0,0
2010,336,52,0.010000000000000000,0E-17,92,115,22.0000000000000000,83,49,null,45,0.8000000000000000,null,null,7.0000000000000000,6.8000000000000000,null,null,52.400000000000000,0,0,0,0,0,0,0,0,0,0,0,0,0,0,0,0,0,0,0,0,0,0,0,0,0,0,0,0,1,1,0,1,0,0,0,0,0,0,0,0
2002,459,54,7.040000000000000000,346.53160070000001000,72,1043,41.6000000000000000,79,7,8.9000000000000000,7,26.6000000000000000,2518.3982609999998000,45855482.8800000030,14.5000000000000000,17.1000000000000010,0.62000000000000000,12.9000000000000000,54.900000000000000,0,0,0,0,0,0,0,0,0,1,0,1,1,0,0,0,0,0,0,0,0,1,1,0,0,0,1,0,1,1,0,1,1,0,1,0,1,0,0,0
2001,381,30,null,0E-17,92,0,null,49,93,null,93,3.0000000000000000,null,6974442.0000000000,null,null,0E-17,0E-16,49.600000000000000,0,0,0,0,0,0,0,0,0,0,0,0,0,0,0,0,0,0,1,0,0,0,0,0,0,0,0,0,0,0,0,0,1,0,0,0,0,1,1,0
2002,149,5,1.620000000000000000,59.63595673999999700,92,139,15.1000000000000000,5,98,3.8900000000000000,98,0.1000000000000000,873.1472436000000200,18939.0000000000,15.4000000000000000,15.6000000000000000,0.69899999999999995,12.6000000000000000,73.700000000000000,0,0,0,0,0,0,0,0,0,0,0,0,0,0,0,0,0,0,0,0,0,0,0,0,0,0,0,0,0,0,0,0,0,0,0,1,1,0,0,0
2009,248,63,1.990000000000000000,17.05369290000000100,72,68,null,94,81,8.4000000000000000,81,0.3000000000000000,1226.8843810000001000,3365619.0000000000,null,null,0.45600000000000002,6.8000000000000000,62.000000000000000,0,0,0,0,0,0,0,0,0,0,0,0,0,0,0,0,0,0,0,0,0,0,1,0,0,0,0,0,1,0,0,0,0,0,0,0,0,0,0,0
2003,223,0,4.530000000000000000,32.36620769999999700,92,0,49.7000000000000000,0,74,6.6200000000000000,75,1.0000000000000000,263.1399000000000100,488332.0000000000,3.5000000000000000,3.5000000000000000,0E-17,10.9000000000000000,68.000000000000000,0,0,0,0,0,0,0,0,0,0,0,0,0,0,0,0,0,0,0,0,0,0,0,0,0,0,0,0,0,0,0,0,0,0,0,0,0,1,0,0
2013,393,2,0.010000000000000000,708.95566480000002000,98,0,31.2000000000000000,3,98,9.6600000000000000,98,9.8000000000000007,3598.7597200000000000,1271456.0000000000,4.5000000000000000,4.5999999999999996,0.53900000000000003,11.4000000000000000,57.600000000000000,0,0,0,0,0,0,0,0,0,0,0,0,0,0,0,0,0,0,0,0,0,0,0,0,0,0,0,0,0,0,0,0,1,0,0,0,0,0,0,0
2013,52,0,9.730000000000000000,19099.04506000000000000,92,175,56.6000000000000000,0,96,11.7100000000000000,96,0.1000000000000000,84658.8876800000000000,889346.0000000000,0.4000000000000000,0.3000000000000000,0.93400000000000005,15.8000000000000000,83.000000000000000,0,0,0,0,1,0,0,0,0,0,0,0,0,1,0,0,0,0,0,0,0,0,0,0,1,0,0,0,0,0,0,0,0,1,0,0,0,0,0,0
2001,75,0,11.120000000000000000,6478.34613499999980000,92,700,51.3000000000000000,0,95,1.2800000000000000,93,0.1000000000000000,38538.6444699999990000,7229854.0000000000,0.7000000000000000,0.5000000000000000,0.88800000000000001,15.2000000000000000,82.000000000000000,0,0,0,0,0,0,0,0,0,0,0,0,0,0,0,0,0,0,0,0,0,0,0,0,1,0,0,0,0,0,0,0,0,1,0,0,0,0,0,0
2004,177,11,0.380000000000000000,2.09372175200000000,81,4,33.0000000000000000,13,82,5.7000000000000000,86,0.3000000000000000,39.2818340000000030,6712841.0000000000,3.9000000000000000,3.9000000000000000,0.56299999999999994,10.5000000000000000,65.900000000000006,0,0,0,0,0,0,0,0,0,0,0,0,0,0,0,0,0,0,0,0,0,0,0,0,0,0,0,0,0,0,0,0,0,0,0,0,0,0,0,0
2010,158,10,5.950000000000000000,71.68509129999999600,98,2583,27.9000000000000000,12,99,3.8100000000000000,99,0.2000000000000000,575.3217600000000400,672888.0000000000,8.1999999999999993,8.3000000000000007,0.71099999999999997,13.1000000000000000,73.900000000000006,0,0,0,0,0,0,0,0,0,0,0,0,0,0,0,0,0,0,0,0,0,0,0,0,0,0,1,0,0,0,0,0,0,0,0,0,0,0,0,0
2003,189,15,6.140000000000000000,282.83646119999997000,96,4519,2.9000000000000000,18,98,3.5800000000000000,98,0.6000000000000000,2358.9362900000001000,64554952.0000000000,9.1000000000000000,9.3000000000000007,0.66600000000000004,11.8000000000000000,71.700000000000000,0,0,0,0,0,0,0,0,0,0,0,0,0,0,0,0,0,0,0,0,0,0,0,0,0,0,1,0,0,0,0,0,0,0,1,0,0,0,0,0
2002,192,16,5.930000000000000000,27.63810304000000100,95,10315,2.2000000000000002,19,97,3.7000000000000000,96,0.7000000000000000,296.5461700000000200,6473164.0000000000,9.1999999999999993,9.5000000000000000,0.65700000000000003,11.5000000000000000,71.400000000000006,0,0,0,0,0,0,0,0,0,0,0,0,0,0,0,0,0,0,0,0,0,0,0,0,0,0,1,0,0,0,0,0,0,0,0,0,0,0,0,0
2012,15,0,1.230000000000000000,0E-17,98,7,58.5000000000000000,0,97,6.7600000000000000,95,0.1000000000000000,null,null,2.2000000000000002,2.2000000000000002,0.73899999999999999,12.9000000000000000,75.099999999999994,0,0,0,0,0,0,0,0,0,0,0,0,0,0,0,0,0,0,0,0,0,0,0,0,0,0,0,0,0,0,0,0,0,0,0,0,0,0,0,0
2005,12,0,1.750000000000000000,0E-17,53,5,54.9000000000000000,0,98,7.9500000000000000,97,0.1000000000000000,null,null,2.5000000000000000,2.6000000000000000,0E-17,11.9000000000000000,73.599999999999994,0,0,0,0,0,0,0,0,0,0,0,0,0,0,0,0,0,0,0,0,0,0,0,0,0,1,0,0,0,0,0,0,0,0,0,0,0,1,0,0
2002,261,3,0.480000000000000000,5.64912342399999990,92,0,12.6000000000000000,4,38,3.8900000000000000,54,0.1000000000000000,48.6155199999999970,923825.0000000000,12.1000000000000000,12.1000000000000000,0.47499999999999998,9.8000000000000007,62.000000000000000,0,0,0,0,0,0,0,0,0,0,0,0,0,0,0,0,0,0,0,0,0,0,0,0,0,0,0,0,0,1,0,0,0,0,0,0,0,0,0,0
2001,269,3,0.500000000000000000,6.55658347800000030,92,0,12.3000000000000000,4,93,3.7500000000000000,93,0.1000000000000000,56.4249869000000000,892531.0000000000,12.1000000000000000,12.2000000000000000,0.47000000000000000,9.8000000000000007,59.400000000000000,0,0,0,0,0,0,0,0,0,0,0,0,0,0,0,0,0,0,0,0,0,0,0,0,0,0,0,0,0,0,0,0,0,0,0,0,0,0,0,0
2009,183,0,6.370000000000000000,128.08962890000001000,9,0,41.1000000000000000,0,9,6.4700000000000000,9,0.2000000000000000,1458.8796000000000000,1321618.0000000000,6.0000000000000000,6.4000000000000000,0.77300000000000002,12.5000000000000000,71.000000000000000,0,0,0,0,0,1,0,0,0,1,0,1,0,0,0,0,0,0,0,0,0,0,0,0,0,1,0,0,0,1,0,1,0,0,0,0,0,0,0,0
2000,197,0,4.680000000000000000,43.59522963999999900,92,0,33.6000000000000000,1,9,4.1700000000000000,9,0.9000000000000000,643.9472620000000200,1267984.0000000000,6.7000000000000000,7.2000000000000000,0.70899999999999996,11.7000000000000000,69.099999999999994,0,0,0,0,0,0,0,0,0,1,0,1,0,0,0,0,0,0,0,0,0,0,0,0,0,0,0,0,0,1,0,1,0,0,0,0,0,0,0,0
2014,12,3,1.390000000000000000,604.87013160000004000,98,15,6.2000000000000000,3,98,7.0000000000000000,98,0.1000000000000000,4271.6817199999996000,1114398.0000000000,6.5000000000000000,6.4000000000000000,0.72199999999999998,14.7000000000000000,75.099999999999994,0,0,0,0,0,0,0,0,0,0,0,0,0,0,0,0,0,0,0,0,0,0,0,0,0,0,0,0,0,0,0,0,0,0,0,0,0,0,0,0
2013,13,3,1.290000000000000000,594.64531020000004000,98,16,59.3000000000000000,3,98,7.2600000000000000,98,0.1000000000000000,4199.4725300000000000,1114558.0000000000,6.4000000000000000,6.3000000000000000,0.72000000000000000,14.7000000000000000,74.900000000000006,0,0,0,0,0,0,0,0,0,0,0,0,0,0,0,0,0,0,0,0,0,0,0,0,0,0,0,0,0,0,0,0,0,0,0,0,0,0,0,0
2014,17,16,1.450000000000000000,181.90837830000001000,96,565,65.3000000000000000,19,96,5.4100000000000000,96,0.1000000000000000,12127.2252200000000000,773628.0000000000,4.9000000000000004,4.7000000000000000,0.75900000000000001,14.5000000000000000,75.500000000000000,0,0,0,0,0,0,0,0,0,0,0,0,0,0,0,0,0,0,0,0,0,0,0,0,0,0,0,0,0,0,0,0,0,0,0,0,0,0,0,0
2015,215,6,null,0E-17,99,0,48.6000000000000000,7,99,null,99,0.1000000000000000,6432.6687679999995000,5565284.0000000000,3.3000000000000000,3.3000000000000000,0.68799999999999994,10.8000000000000000,66.300000000000000,0,0,0,0,0,0,0,0,0,0,0,0,0,0,0,0,0,0,0,0,0,0,0,0,0,0,0,0,0,0,0,0,0,0,0,0,0,0,0,0
2014,23,4,8.060000000000000000,5.66384932800000040,22,0,6.7000000000000000,5,45,7.1000000000000000,23,0.2000000000000000,314.6582960000000100,45271947.0000000000,2.2999999999999998,2.4000000000000000,0.74600000000000000,15.2000000000000000,78.000000000000000,0,0,0,0,0,0,0,0,0,0,0,0,0,0,0,0,0,0,0,0,0,0,0,0,0,1,0,0,0,1,0,1,0,0,1,0,0,0,0,0
2007,87,1,1.690000000000000000,3759.45722600000000000,92,0,55.1000000000000000,1,94,2.5700000000000000,92,0.1000000000000000,42672.6132300000030000,null,5.0999999999999996,4.9000000000000004,0.82599999999999996,12.9000000000000000,75.599999999999994,0,0,0,0,0,0,0,0,0,0,0,0,0,0,0,0,0,0,0,0,0,0,0,0,1,0,0,0,0,0,0,0,0,1,0,0,0,0,0,0
2005,92,1,1.790000000000000000,3427.32033199999980000,92,29,56.6000000000000000,1,94,2.3199999999999998,94,0.1000000000000000,39439.8197000000000000,null,5.0999999999999996,4.9000000000000004,0.81799999999999995,12.6000000000000000,75.300000000000000,0,0,0,0,0,0,0,0,0,0,0,0,0,0,0,0,0,0,0,0,0,0,0,0,1,0,0,0,0,0,0,0,0,1,0,0,0,0,0,0
2010,77,3,10.880000000000000000,0E-17,92,443,63.6000000000000000,4,94,9.5100000000000000,94,0.1000000000000000,null,null,0.8000000000000000,0.5000000000000000,null,null,82.000000000000000,0,0,0,0,0,0,0,0,0,0,0,0,0,0,0,0,0,0,0,0,0,0,0,0,0,0,0,0,0,0,0,0,0,0,0,0,0,0,0,0
2009,78,4,10.790000000000000000,0E-17,92,1212,63.1000000000000000,4,93,9.8100000000000000,93,0.1000000000000000,null,null,0.8000000000000000,0.5000000000000000,null,null,81.000000000000000,0,0,0,0,0,0,0,0,0,0,0,0,0,0,0,0,0,0,0,0,0,0,0,0,0,0,1,0,0,0,0,0,0,0,0,0,0,0,0,0
2002,115,28,8.330000000000000000,0E-17,88,41,61.7000000000000000,33,9,14.5500000000000000,94,0.1000000000000000,null,null,0.8000000000000000,0.6000000000000000,null,null,77.000000000000000,0,0,0,0,0,0,0,0,0,1,1,0,0,0,0,0,0,0,0,0,0,0,0,0,0,0,0,0,0,1,1,0,0,0,0,0,0,0,0,0
2008,119,1,6.760000000000000000,24.73142260999999900,94,0,6.1000000000000000,1,94,8.1700000000000000,94,0.1000000000000000,962.3121640000000500,335824.0000000000,1.6000000000000000,1.5000000000000000,0.77000000000000000,15.7000000000000000,76.400000000000006,0,0,0,0,0,0,0,0,0,0,0,0,0,0,0,0,0,0,0,0,0,0,0,0,0,0,0,0,0,0,0,0,0,0,0,0,0,0,0,0
2011,141,0,0.850000000000000000,457.97317420000002000,63,0,49.9000000000000000,0,65,3.8500000000000000,65,0.1000000000000000,3275.9168399999999000,241871.0000000000,1.5000000000000000,1.4000000000000000,0.59099999999999997,10.8000000000000000,71.200000000000000,0,0,0,0,0,0,0,0,0,0,0,0,0,0,0,0,0,0,0,0,0,0,0,0,0,0,0,0,0,0,0,0,0,0,0,0,0,0,0,0
2014,158,9,6.470000000000000000,0E-17,78,0,61.5000000000000000,10,79,5.2600000000000000,78,0.1000000000000000,null,null,1.6000000000000000,1.5000000000000000,0.77100000000000002,14.2000000000000000,73.900000000000006,0,0,0,0,0,0,0,0,0,0,0,0,0,0,0,0,0,0,0,0,0,0,0,0,0,0,0,0,0,0,0,0,0,0,0,0,0,0,0,0
2001,169,10,8.050000000000000700,0E-17,53,115,54.1000000000000000,12,87,5.2100000000000000,7,0.1000000000000000,null,null,1.8000000000000000,1.7000000000000000,0.67200000000000004,10.4000000000000000,72.500000000000000,0,0,0,0,0,0,0,0,0,0,0,1,0,0,0,0,0,0,0,0,0,0,0,0,0,1,0,0,0,0,0,1,0,0,0,0,0,0,0,0
2011,234,35,0.040000000000000000,0E-17,69,2676,37.9000000000000000,45,69,5.4000000000000000,69,0.1000000000000000,null,null,13.7000000000000000,13.6000000000000000,0.49299999999999999,8.6000000000000000,64.599999999999994,0,0,0,0,0,0,0,0,0,0,0,0,0,0,0,0,0,0,0,0,0,0,0,0,0,0,1,0,0,0,0,0,0,0,0,0,0,0,0,0
2006,242,39,0.040000000000000000,0E-17,78,8079,34.5000000000000000,51,78,4.8200000000000000,78,0.1000000000000000,null,null,13.9000000000000000,13.8000000000000000,0.47499999999999998,8.6999999999999993,63.000000000000000,0,0,0,0,0,0,0,0,0,0,0,0,0,0,0,0,0,0,0,0,0,0,0,0,0,0,1,0,0,0,0,0,0,0,0,0,0,0,0,0
2002,25,45,0.070000000000000007,0E-17,31,890,32.2000000000000030,61,64,4.2200000000000000,65,0.1000000000000000,null,null,14.0000000000000000,14.0000000000000000,0.45000000000000000,8.0000000000000000,61.500000000000000,0,0,0,0,0,0,0,0,0,0,0,0,0,0,0,0,0,0,0,0,0,0,0,0,0,1,1,0,0,0,0,0,0,0,0,0,0,0,0,0
2014,371,23,6.500000000000000000,10.82259524000000000,91,0,31.3000000000000000,34,92,6.4400000000000000,91,6.3000000000000000,127.4746200000000000,15411675.0000000000,5.9000000000000000,5.7000000000000000,0.49800000000000000,10.3000000000000000,59.200000000000000,0,0,0,0,0,0,0,0,0,0,0,0,0,0,0,0,0,0,0,0,0,0,0,0,0,0,0,0,0,0,0,0,1,0,0,0,0,0,0,0
2007,216,62,4.190000000000000400,137.32747400000000000,87,530,21.1000000000000000,80,87,3.9400000000000000,87,0.1000000000000000,1672.6854330000001000,8929349.0000000000,1.0000000000000000,9.6999999999999993,0.64800000000000002,11.4000000000000000,67.500000000000000,0,0,0,0,0,0,0,0,0,0,0,0,0,0,0,0,0,0,0,0,0,0,1,0,0,0,0,0,1,0,0,0,0,0,0,0,0,0,0,0
2008,14,2,11.400000000000000000,15.71474837000000100,98,0,57.2000000000000000,3,96,6.8800000000000000,99,0.1000000000000000,141.4468799999999900,38125759.0000000000,2.2000000000000002,2.2999999999999998,0.81299999999999994,15.0000000000000000,75.500000000000000,0,0,0,0,0,0,0,0,0,0,0,0,0,0,0,0,0,0,0,0,0,0,0,0,0,0,0,0,0,0,0,0,0,0,1,0,0,0,0,0
2002,145,3,8.020000000000000000,516.05543909999994000,98,34,54.0000000000000000,3,98,6.3200000000000000,99,0.1000000000000000,5196.9329209999996000,3823364.0000000000,2.5000000000000000,2.6000000000000000,0.79000000000000000,15.0000000000000000,74.500000000000000,0,0,0,0,0,0,0,0,0,0,0,0,0,0,0,0,0,0,0,0,0,0,0,0,0,0,0,0,0,0,0,0,0,0,0,0,0,0,0,0
2004,99,0,13.450000000000000000,276.09997980000003000,94,5,53.3000000000000000,1,95,9.8400000000000000,95,0.1000000000000000,1845.5880999999999000,1483861.0000000000,0.7000000000000000,0.6000000000000000,0.79200000000000004,15.9000000000000000,78.000000000000000,0,0,0,0,0,0,0,0,0,0,0,0,0,0,0,0,0,0,0,0,0,0,0,0,0,0,0,0,0,0,0,0,0,0,0,0,0,0,0,0
2002,17,1,12.000000000000000000,1904.00231000000010000,82,8,51.7000000000000000,1,96,9.1500000000000000,98,0.1000000000000000,12882.2889700000000000,1419631.0000000000,0.8000000000000000,0.6000000000000000,0.78800000000000003,15.9000000000000000,77.200000000000000,0,0,0,0,0,0,0,0,0,0,0,0,0,0,0,0,0,0,0,0,0,0,0,0,1,0,0,0,0,0,0,0,0,0,0,0,0,0,0,0
2010,219,1,8.250000000000000000,0E-17,98,0,5.4000000000000000,1,97,12.8000000000000000,9,0.1000000000000000,null,null,2.8000000000000000,3.0000000000000000,null,null,68.800000000000000,0,0,0,0,0,0,0,0,0,0,0,1,0,0,0,0,0,0,0,0,0,0,0,0,0,0,0,0,0,0,1,1,0,0,0,0,0,0,0,0
2005,162,3,7.680000000000000000,615.40307810000002000,98,5043,53.9000000000000000,4,97,5.4700000000000000,97,0.1000000000000000,4676.3151829999997000,21319685.0000000000,3.3000000000000000,3.8000000000000000,0.74500000000000000,13.4000000000000000,71.900000000000006,0,0,0,0,0,0,0,0,0,0,0,0,0,0,0,0,0,0,0,0,0,0,0,0,0,0,1,0,0,0,0,0,0,0,1,0,0,0,0,0
2011,242,14,11.040000000000000000,184.76493099999999000,97,629,58.1000000000000000,17,97,6.6100000000000000,97,0.3000000000000000,14212.6870000000000000,14296868.0000000000,2.2999999999999998,2.4000000000000000,0.78500000000000003,14.0000000000000000,69.400000000000006,0,0,0,0,0,0,0,0,0,0,0,0,0,0,0,0,0,0,0,0,0,0,0,0,0,0,0,0,0,0,0,0,0,1,0,0,0,0,0,0
2008,278,16,12.040000000000000000,161.73016540000000000,98,27,56.6000000000000000,18,98,6.2200000000000000,98,0.3000000000000000,11635.2637000000000000,14274235.0000000000,2.2999999999999998,2.5000000000000000,0.76900000000000002,13.9000000000000000,67.500000000000000,0,0,0,0,0,0,0,0,0,0,0,0,0,0,0,0,0,0,0,0,0,0,0,0,0,0,0,0,0,0,0,0,0,0,0,0,0,0,0,0
2007,282,16,12.190000000000000000,11.02617159000000100,98,173,56.1000000000000000,19,98,5.3800000000000000,98,0.3000000000000000,911.2538500000000600,1428588.0000000000,2.4000000000000000,2.6000000000000000,0.76100000000000001,13.8000000000000000,67.300000000000000,0,0,0,0,0,0,0,0,0,0,0,0,0,0,0,0,0,0,0,0,0,0,0,0,0,0,0,0,0,0,0,0,0,0,0,0,0,0,0,0
2012,239,13,0.010000000000000000,9.77467641099999970,98,75,19.5000000000000000,18,98,7.6800000000000000,98,0.7000000000000000,678.7969729999999800,1788853.0000000000,6.1000000000000000,6.1000000000000000,0.47499999999999998,10.5000000000000000,64.599999999999994,0,0,0,0,0,0,0,0,0,0,0,0,0,0,0,0,0,0,0,0,0,0,0,0,0,0,0,0,0,0,0,0,0,0,0,0,0,0,0,0
2013,142,0,8.539999999999999100,0E-17,97,0,5.2000000000000000,0,96,6.1400000000000000,96,0.1000000000000000,null,null,3.7000000000000000,3.6000000000000000,0.74900000000000000,13.4000000000000000,null,0,0,0,0,0,0,0,0,0,0,0,0,0,0,0,0,0,0,0,0,0,0,0,0,0,0,0,0,0,0,0,0,0,0,0,0,0,0,0,0
2014,157,0,7.010000000000000000,0E-17,98,0,53.1000000000000000,0,97,8.6300000000000008,98,0.1000000000000000,null,null,3.5000000000000000,3.4000000000000000,0.72000000000000000,13.3000000000000000,73.099999999999994,0,0,0,0,0,0,0,0,0,0,0,0,0,0,0,0,0,0,0,0,0,0,0,0,0,0,0,0,0,0,0,0,0,0,0,0,0,0,0,0
2012,159,0,6.930000000000000000,0E-17,96,0,51.2000000000000000,0,96,8.4800000000000000,96,0.1000000000000000,null,null,3.5000000000000000,3.5000000000000000,0.71299999999999997,13.3000000000000000,72.800000000000000,0,0,0,0,0,0,0,0,0,0,0,0,0,0,0,0,0,0,0,0,0,0,0,0,0,0,0,0,0,0,0,0,0,0,0,0,0,0,0,0
2004,162,0,3.620000000000000000,310.61176829999999000,54,0,68.9000000000000060,0,26,4.4500000000000000,55,0.1000000000000000,2351.3381399999998000,178781.0000000000,0.2000000000000000,0.2000000000000000,0.66500000000000004,12.4000000000000000,71.400000000000006,0,0,0,0,0,0,0,0,0,0,0,0,0,0,0,0,0,0,0,0,0,0,0,0,0,1,0,0,0,1,0,0,0,0,0,0,0,0,0,0
2014,88,7,0.090000000000000000,2017.64313100000000000,98,154,67.3000000000000000,9,98,4.6800000000000000,98,0.1000000000000000,24575.4340000000010000,null,7.7000000000000000,7.5000000000000000,0.84099999999999997,15.8000000000000000,74.400000000000006,0,0,0,0,0,0,0,0,0,0,0,0,0,0,0,0,0,0,0,0,0,0,0,0,1,0,0,0,0,0,0,0,0,1,0,0,0,0,0,0
2003,251,25,0.330000000000000000,62.21977892999999700,92,1519,18.7000000000000000,44,73,5.4000000000000000,73,0.7000000000000000,642.7663112999999800,16799.0000000000,11.8000000000000000,11.7000000000000000,0.40100000000000002,5.9000000000000000,59.000000000000000,0,0,0,0,0,0,0,0,0,0,0,0,0,0,0,0,0,0,0,0,0,0,0,0,0,0,1,0,0,0,0,0,0,0,0,0,0,0,0,0
2009,182,0,4.940000000000000400,75.22565819999999800,99,0,32.4000000000000000,0,99,2.6400000000000000,99,0.1000000000000000,976.9565999999999800,87298.0000000000,5.8000000000000000,6.2000000000000000,0.73899999999999999,13.2000000000000000,72.300000000000000,0,0,0,0,0,0,0,0,0,0,0,0,0,0,0,0,0,0,0,0,0,0,0,0,0,0,0,0,0,0,0,0,0,0,0,0,0,0,0,0
2004,186,0,7.910000000000000000,12.94324581000000100,99,0,29.2000000000000000,0,99,4.1700000000000000,99,0.1000000000000000,1176.6587099999999000,82475.0000000000,6.0000000000000000,6.4000000000000000,0.71499999999999997,12.3000000000000000,72.099999999999994,0,0,0,0,0,0,0,0,0,0,0,0,0,0,0,0,0,0,0,0,0,0,0,0,0,0,0,0,0,0,0,0,0,0,0,0,0,0,0,0
2015,413,22,null,0E-17,86,607,24.4000000000000000,30,86,null,86,0.5000000000000000,587.5382329999999900,723725.0000000000,7.4000000000000000,7.3000000000000000,0.43099999999999999,9.5000000000000000,51.000000000000000,0,0,0,0,0,0,0,0,0,0,0,0,0,0,0,0,0,0,0,0,0,0,0,0,0,0,0,0,0,0,0,0,0,0,0,0,0,0,0,0
2004,496,30,3.990000000000000000,38.52454760999999900,92,7,18.8000000000000000,47,69,11.6600000000000000,65,2.1000000000000000,263.1458170000000200,5439695.0000000000,9.5000000000000000,9.5000000000000000,0.33200000000000002,7.6000000000000000,42.300000000000000,0,0,0,0,0,0,0,0,0,0,0,0,0,0,0,0,0,0,0,0,0,1,0,0,0,0,0,0,0,0,0,0,1,0,0,0,0,0,0,1
2000,533,29,3.970000000000000000,20.39568282999999800,92,3575,17.2000000000000000,48,46,13.6300000000000000,44,1.2000000000000000,139.3147734000000100,4564297.0000000000,1.3000000000000000,1.4000000000000000,0.29199999999999998,6.7000000000000000,39.000000000000000,0,0,0,0,0,0,0,0,0,0,1,0,0,0,0,0,0,0,0,1,0,1,0,0,0,0,1,0,0,1,1,1,0,0,0,0,0,0,0,1
2005,141,0,10.810000000000000000,0E-17,99,0,53.1000000000000000,0,99,7.4000000000000000,99,0.1000000000000000,null,null,1.4000000000000000,1.5000000000000000,0.78400000000000003,14.0000000000000000,74.000000000000000,0,0,0,0,0,0,0,0,0,0,0,0,0,0,0,0,0,0,0,0,0,0,0,0,0,0,0,0,0,0,0,0,0,0,0,0,0,0,0,0
2008,96,0,10.940000000000000000,392.95885360000000000,92,0,55.8000000000000000,0,97,8.4700000000000006,97,0.1000000000000000,2751.8126999999999000,221316.0000000000,1.7000000000000000,1.7000000000000000,0.86899999999999999,16.8999999999999990,78.900000000000006,0,0,0,0,0,0,0,0,0,0,0,0,0,0,0,0,0,0,0,0,0,0,0,0,0,0,0,0,0,0,0,0,0,0,0,0,0,0,0,0
2006,17,0,12.260000000000000000,2724.17806999999990000,92,0,54.7000000000000000,0,97,8.4200000000000000,97,0.1000000000000000,19726.1264999999980000,26868.0000000000,1.8000000000000000,1.9000000000000000,0.85799999999999998,16.7000000000000000,78.099999999999994,0,0,0,0,0,0,0,0,0,0,0,0,0,0,0,0,0,0,0,0,0,0,0,0,1,0,0,0,0,0,0,0,0,1,0,0,0,0,0,0
2015,177,0,null,0E-17,98,0,5.5000000000000000,0,99,null,98,0.1000000000000000,1922.4138800000001000,587482.0000000000,1.1000000000000001,1.2000000000000000,0.51400000000000001,9.6000000000000000,69.200000000000000,0,0,0,0,0,0,0,0,0,0,0,0,0,0,0,0,0,0,0,0,0,0,0,0,0,0,0,0,0,0,0,0,0,0,0,0,0,0,0,0
2002,22,0,1.080000000000000000,156.28479680000001000,75,0,39.6000000000000000,0,78,6.9000000000000000,78,0.1000000000000000,784.9562873999999500,435262.0000000000,1.4000000000000000,1.4000000000000000,0.44600000000000001,7.3000000000000000,66.500000000000000,0,0,0,0,0,0,0,0,0,0,0,0,0,0,0,0,0,0,0,0,0,0,0,0,0,0,0,0,0,0,0,0,0,0,0,0,0,0,0,0
2014,343,26,null,46.07446860000000300,92,441,null,39,44,2.7400000000000000,39,3.5000000000000000,1151.8617150000000000,1153971.0000000000,null,null,0.42099999999999999,4.9000000000000004,56.600000000000000,0,0,0,0,0,0,0,0,0,0,0,0,0,0,0,0,0,0,0,0,0,0,0,0,0,0,0,0,0,1,0,1,1,0,0,0,0,0,0,0
2005,383,28,null,0E-17,92,0,null,44,93,null,93,3.9000000000000000,null,818877.0000000000,null,null,0E-17,0E-16,51.900000000000000,0,0,0,0,0,0,0,0,0,0,0,0,0,0,0,0,0,0,1,0,0,0,0,0,0,0,0,0,0,0,0,0,1,0,0,0,0,1,1,0
2008,7,2,10.240000000000000000,5596.53520300000040000,97,297,62.3000000000000000,2,97,8.8000000000000007,97,0.1000000000000000,35578.7361900000030000,4595416.0000000000,0.6000000000000000,0.5000000000000000,0.85399999999999998,16.1000000000000010,81.300000000000000,0,0,0,0,0,0,0,0,0,0,0,0,0,0,0,0,0,0,0,0,0,0,0,0,1,0,0,0,0,0,0,0,0,1,0,0,0,0,0,0
2007,72,2,11.050000000000000000,510.93270120000000000,96,267,61.7000000000000000,2,96,8.3600000000000000,96,0.1000000000000000,3279.4140000000002000,4522683.0000000000,0.6000000000000000,0.5000000000000000,0.84899999999999998,16.0000000000000000,89.000000000000000,0,0,0,0,0,0,0,0,0,0,0,0,0,0,0,0,0,0,0,0,0,0,0,0,0,0,0,0,0,0,0,0,0,0,0,0,0,0,0,0
2000,86,2,11.120000000000000000,1934.39815400000000000,77,152,57.6000000000000000,2,95,7.2100000000000000,95,0.1000000000000000,14676.7690000000000000,4567864.0000000000,0.6000000000000000,0.5000000000000000,0.82000000000000000,15.7000000000000000,79.099999999999994,0,0,0,0,0,0,0,0,0,0,0,0,0,0,0,0,0,0,0,0,0,0,0,0,1,0,0,0,0,0,0,0,0,1,0,0,0,0,0,0
2008,196,0,4.940000000000000400,815.43559949999997000,84,0,53.3000000000000000,0,85,5.9200000000000000,85,1.2000000000000000,6858.1631580000003000,515148.0000000000,3.5000000000000000,3.4000000000000000,0.69099999999999995,11.9000000000000000,69.800000000000000,0,0,0,0,0,0,0,0,0,0,0,0,0,0,0,0,0,0,0,0,0,0,0,0,0,0,0,0,0,0,0,0,0,0,0,0,0,0,0,0
2006,564,3,5.530000000000000000,437.08024380000001000,93,0,28.2000000000000000,4,88,6.8100000000000000,87,43.7000000000000000,2937.3672299999998000,112514.0000000000,6.9000000000000000,7.1000000000000000,0.50200000000000000,9.9000000000000000,47.800000000000000,0,1,0,0,0,0,0,0,0,0,0,0,1,0,0,0,0,0,0,0,0,1,0,0,0,0,0,0,0,0,0,0,1,0,0,0,0,0,0,0
2015,161,10,null,0E-17,96,3,4.7000000000000000,11,96,null,96,0.2000000000000000,918.6771542999999800,8548651.0000000000,3.6000000000000000,3.7000000000000000,0.62500000000000000,11.3000000000000000,69.700000000000000,0,0,0,0,0,0,0,0,0,0,0,0,0,0,0,0,0,0,0,0,0,0,0,0,0,0,0,0,0,0,0,0,0,0,0,0,0,0,0,0
2010,171,10,0.320000000000000000,43.34099958000000200,93,0,36.6000000000000000,12,95,6.4000000000000000,93,0.2000000000000000,738.3475227000000100,764163.0000000000,3.7000000000000000,3.8000000000000000,0.60299999999999998,11.1000000000000000,67.300000000000000,0,0,0,0,0,0,0,0,0,0,0,0,0,0,0,0,0,0,0,0,0,0,0,0,0,0,0,0,0,0,0,0,0,0,0,0,0,0,0,0
2009,174,10,0.300000000000000000,35.71613793000000200,93,0,35.9000000000000000,12,93,5.9300000000000000,93,0.2000000000000000,666.3458568999999400,7472819.0000000000,3.7000000000000000,3.8000000000000000,0.60099999999999998,11.1000000000000000,66.700000000000000,0,0,0,0,0,0,0,0,0,0,0,0,0,0,0,0,0,0,0,0,0,0,0,0,0,0,0,0,0,0,0,0,0,0,0,0,0,0,0,0
2013,14,0,1.030000000000000000,0E-17,97,4,59.1000000000000000,0,98,6.7000000000000000,98,0.1000000000000000,null,null,2.2000000000000002,2.2000000000000002,0.74099999999999999,12.9000000000000000,75.300000000000000,0,0,0,0,0,0,0,0,0,0,0,0,0,0,0,0,0,0,0,0,0,0,0,0,0,0,0,0,0,0,0,0,0,0,0,0,0,0,0,0
2013,158,2,0.010000000000000000,3.37987484400000020,82,4,16.6000000000000010,2,82,1.2900000000000000,82,0.1000000000000000,117.7656740000000000,1184366.0000000000,11.1000000000000000,11.2000000000000000,0.62000000000000000,12.5000000000000000,67.700000000000000,0,0,0,0,0,0,0,0,0,0,0,0,0,0,0,0,0,0,0,0,0,0,0,0,0,0,0,0,0,0,0,0,0,0,0,0,0,0,0,0
2007,173,2,0.050000000000000000,11.75766896999999900,92,0,14.2000000000000000,3,7,0.3700000000000000,7,0.1000000000000000,524.8959363000000200,164973.0000000000,11.8000000000000000,11.8000000000000000,0.54100000000000004,11.3000000000000000,65.800000000000000,0,0,0,0,0,0,0,0,0,1,0,1,0,0,0,0,0,0,0,0,0,0,0,0,0,0,0,0,0,1,0,1,0,0,0,0,0,0,0,0
2005,26,3,0.360000000000000000,7.12714469899999960,92,203,13.5000000000000000,3,55,1.5000000000000000,55,0.1000000000000000,478.3318590000000100,126484.0000000000,12.0000000000000000,11.9000000000000000,0.49199999999999999,10.6000000000000000,63.700000000000000,0,0,0,0,0,0,0,0,0,0,0,0,0,0,0,0,0,0,0,0,0,0,0,0,0,0,0,0,0,0,0,0,0,0,0,0,0,0,0,0
2014,285,13,0.010000000000000000,4.87735013899999980,87,577,23.7000000000000000,20,85,5.2500000000000000,87,1.0000000000000000,62.1318489000000010,7228915.0000000000,6.6000000000000000,6.4000000000000000,0.47499999999999998,12.0000000000000000,59.700000000000000,0,0,0,0,0,0,0,0,0,0,0,0,0,0,0,0,0,0,0,0,0,0,0,0,0,0,0,0,0,0,0,0,0,0,0,0,0,0,0,0
2007,344,14,1.370000000000000000,0.67568293899999998,92,8,19.8000000000000000,22,72,5.5500000000000000,82,5.0999999999999996,42.7647430000000030,5997385.0000000000,7.9000000000000000,7.8000000000000000,0.44300000000000000,10.6000000000000000,55.900000000000000,0,0,0,0,0,0,0,0,0,0,0,0,0,0,0,0,0,0,0,0,0,0,0,0,0,0,0,0,0,0,0,0,1,0,0,0,0,0,0,0
2010,179,0,6.500000000000000000,1389.77268299999990000,9,0,42.0000000000000000,0,91,5.2900000000000000,9,0.4000000000000000,16683.9457799999980000,13281.0000000000,5.9000000000000000,6.3000000000000000,0.77200000000000002,12.5000000000000000,74.000000000000000,0,0,0,0,0,1,0,0,0,0,0,1,0,0,0,0,0,0,0,0,0,0,0,0,1,1,0,0,0,0,0,1,0,1,0,0,0,0,0,0
2005,189,0,6.120000000000000000,1187.94949100000010000,95,0,37.6000000000000000,0,95,5.3100000000000000,95,0.5000000000000000,12323.1275000000010000,1296934.0000000000,6.3000000000000000,6.7000000000000000,0.74500000000000000,12.3000000000000000,69.500000000000000,0,0,0,0,0,0,0,0,0,0,0,0,0,0,0,0,0,0,0,0,0,0,0,0,1,0,0,0,0,0,0,0,0,0,0,0,0,0,0,0
2009,12,3,1.400000000000000000,585.63078610000002000,99,1,55.6000000000000000,3,99,6.1800000000000000,99,0.1000000000000000,4129.9773349999996000,1521834.0000000000,6.3000000000000000,6.3000000000000000,0.70599999999999996,14.4000000000000000,74.700000000000000,0,0,0,0,0,0,0,0,0,0,0,0,0,0,0,0,0,0,0,0,0,0,0,0,0,0,0,0,0,0,0,0,0,0,0,0,0,0,0,0
2011,24,5,8.480000000000000000,415.16277050000002000,21,1333,59.0000000000000000,5,54,6.9800000000000000,5,0.2000000000000000,3569.7572700000001000,45761.0000000000,2.4000000000000000,2.5000000000000000,0.73399999999999999,14.9000000000000000,75.000000000000000,0,0,0,0,0,0,0,0,0,0,0,1,0,0,0,0,0,0,0,0,0,0,0,0,0,1,1,0,0,0,0,1,0,0,0,0,0,0,0,0
2008,273,5,9.460000000000000900,456.45866640000003000,84,48,57.6000000000000000,6,91,6.6300000000000000,9,0.4000000000000000,3891.3782299999998000,462582.0000000000,2.5000000000000000,2.6000000000000000,0.73000000000000000,14.9000000000000000,67.700000000000000,0,0,0,0,0,0,0,0,0,0,0,1,0,0,0,0,0,0,0,0,0,0,0,0,0,0,0,0,0,0,0,1,0,0,0,0,0,0,0,0
2006,267,5,7.990000000000000000,29.38172705999999900,96,42724,56.8000000000000000,6,99,6.3900000000000000,98,0.8000000000000000,233.1883100000000000,4678775.0000000000,2.6000000000000000,2.7000000000000000,0.71599999999999997,14.7000000000000000,67.700000000000000,0,0,0,0,0,0,1,0,0,0,0,0,0,0,0,0,0,0,0,0,0,0,0,0,0,0,1,0,0,0,0,0,0,0,0,0,0,0,0,0
2011,81,1,1.730000000000000000,387.77499100000000000,95,0,57.1000000000000000,1,95,3.7000000000000000,95,0.1000000000000000,4462.3128999999999000,null,5.0999999999999996,4.9000000000000004,0.82399999999999995,13.3000000000000000,76.300000000000000,0,0,0,0,0,0,0,0,0,0,0,0,0,0,0,0,0,0,0,0,0,0,0,0,0,0,0,0,0,0,0,0,0,0,0,0,0,0,0,0
2014,34,86,0.010000000000000000,0E-17,97,88,23.2000000000000000,121,97,5.5800000000000000,97,1.4000000000000000,null,null,6.8000000000000000,6.6000000000000000,null,null,67.000000000000000,0,0,0,0,0,0,0,0,0,0,0,0,0,0,0,0,0,0,0,0,0,0,1,0,0,0,0,0,1,0,0,0,0,0,0,0,0,0,0,0
2007,157,0,1.010000000000000000,342.49085559999997000,6,0,46.6000000000000000,0,67,3.6700000000000000,67,0.1000000000000000,2393.3672649999999000,219953.0000000000,1.6000000000000000,1.5000000000000000,0.57899999999999996,10.7000000000000000,73.000000000000000,0,0,0,0,0,1,0,0,0,0,0,0,0,0,0,0,0,0,0,0,0,0,0,0,0,1,0,0,0,0,0,0,0,0,0,0,0,0,0,0
2007,165,9,8.699999999999999300,0E-17,62,32,57.6000000000000000,10,67,5.2500000000000000,62,0.1000000000000000,null,null,1.6000000000000000,1.5000000000000000,0.72799999999999998,12.9000000000000000,73.400000000000006,0,0,0,0,0,0,0,0,0,0,0,0,0,0,0,0,0,0,0,0,0,0,0,0,0,0,0,0,0,0,0,0,0,0,0,0,0,0,0,0
2000,139,33,1.600000000000000000,0E-17,92,16512,9.1999999999999993,43,96,4.8899999999999997,96,0.1000000000000000,null,null,15.8000000000000000,16.3999999999999990,0.56899999999999995,10.4000000000000000,73.400000000000006,0,0,0,0,0,0,0,0,0,0,0,0,0,0,0,0,0,0,0,0,0,0,0,0,0,0,1,0,0,0,0,0,0,0,0,1,1,0,0,0
2013,226,36,0.040000000000000000,0E-17,73,400,39.6000000000000000,46,67,5.7800000000000000,73,0.1000000000000000,null,null,13.7000000000000000,13.5000000000000000,0.49800000000000000,9.0000000000000000,65.400000000000006,0,0,0,0,0,0,0,0,0,0,0,0,0,0,0,0,0,0,0,0,0,0,0,0,0,0,0,0,0,0,0,0,0,0,0,0,0,0,0,0
2014,314,28,0.010000000000000000,196.66757680000001000,86,9,22.8000000000000000,41,78,4.9900000000000000,86,4.3000000000000000,1738.8822000000000000,1562974.0000000000,6.3000000000000000,6.2000000000000000,0.56999999999999995,12.5000000000000000,61.100000000000000,0,0,0,0,0,0,0,0,0,0,0,0,0,0,0,0,0,0,0,0,0,0,0,0,0,0,0,0,0,0,0,0,1,0,0,0,0,0,0,0
2011,464,28,6.000000000000000000,63.75053033999999700,94,0,29.9000000000000000,42,93,6.3100000000000000,93,13.3000000000000000,839.9279360000000500,14386649.0000000000,6.8000000000000000,6.7000000000000000,0.45200000000000001,10.1000000000000000,54.900000000000000,0,0,0,0,0,0,0,0,0,0,0,0,0,0,0,0,0,0,0,0,0,1,0,0,0,0,0,0,0,0,0,0,1,0,0,0,0,0,0,0
2008,632,30,3.560000000000000000,20.84342867000000200,75,0,28.6000000000000000,46,75,4.9600000000000000,75,20.5000000000000000,325.6785729999999700,13558469.0000000000,7.8000000000000000,7.8000000000000000,0.42099999999999999,9.6999999999999993,48.200000000000000,0,1,0,0,0,0,0,0,0,0,0,0,1,0,0,0,0,0,0,0,0,1,0,0,0,0,0,0,0,0,0,0,1,0,0,0,0,0,0,0
2004,123,1,5.690000000000000000,527.60847999999999000,95,0,49.5000000000000000,2,92,8.9000000000000000,95,0.2000000000000000,4591.8927759999997000,3269541.0000000000,2.2000000000000002,2.1000000000000000,0.73299999999999998,12.8000000000000000,75.800000000000000,0,0,0,0,0,0,0,0,0,0,0,0,0,0,0,0,0,0,0,0,0,0,0,0,0,0,0,0,0,0,0,0,0,0,0,0,0,0,0,0
2012,284,10,0.010000000000000000,31.63576520000000200,68,0,46.4000000000000000,13,81,4.5500000000000000,74,1.0000000000000000,271.3187409999999900,743836.0000000000,1.3000000000000000,1.3000000000000000,0.50100000000000000,9.9000000000000000,62.200000000000000,0,0,0,0,0,0,0,0,0,0,0,0,0,0,0,0,0,0,0,0,0,0,0,0,0,0,0,0,0,0,0,0,0,0,0,0,0,0,0,0
2003,217,67,4.440000000000000400,0.90114928800000005,52,10511,19.2000000000000000,87,85,3.2500000000000000,84,0.1000000000000000,11.5531960000000000,8331954.0000000000,1.0000000000000000,9.6999999999999993,0.63100000000000001,11.6000000000000000,67.200000000000000,0,0,0,0,0,0,0,0,0,0,0,0,0,0,0,0,0,0,0,0,0,0,1,0,0,1,1,0,1,0,0,0,0,0,0,0,0,0,0,0
2011,72,2,9.340000000000000000,0E-17,99,42,3.0000000000000000,2,98,6.8300000000000000,99,0.1000000000000000,null,null,1.5000000000000000,1.0000000000000000,null,null,81.099999999999994,0,0,0,0,0,0,0,0,0,0,0,0,0,0,0,0,0,0,0,0,0,0,0,0,0,0,0,0,0,0,0,0,0,0,0,0,0,0,0,0
2009,75,2,8.970000000000000600,0E-17,94,17,29.1000000000000000,2,95,6.6600000000000000,94,0.1000000000000000,null,null,1.5000000000000000,1.0000000000000000,null,null,86.000000000000000,0,0,0,0,0,0,0,0,0,0,0,0,0,0,0,0,0,0,0,0,0,0,0,0,0,0,0,0,0,0,0,0,0,0,0,0,0,0,0,0
2009,158,2,10.400000000000000000,14.96373588000000000,95,8,56.3000000000000000,3,95,5.5600000000000000,95,0.1000000000000000,822.1832900000000600,2367487.0000000000,3.0000000000000000,3.3000000000000000,0.79500000000000004,15.4000000000000000,73.099999999999994,0,0,0,0,0,0,0,0,0,0,0,0,0,0,0,0,0,0,0,0,0,0,0,0,0,0,0,0,0,0,0,0,0,0,0,0,0,0,0,0
2009,288,17,7.110000000000000000,9.16561495899999910,97,5,17.7000000000000000,25,93,7.2000000000000000,97,2.8000000000000000,539.1538210999999600,9977446.0000000000,6.6000000000000000,6.4000000000000000,0.44700000000000001,10.1999999999999990,61.000000000000000,0,0,0,0,0,0,0,0,0,0,0,0,0,0,0,0,0,0,0,0,0,0,0,0,0,0,0,0,0,0,0,0,1,0,0,0,0,0,0,0
2008,149,0,12.090000000000000000,0E-17,96,0,42.2000000000000000,0,96,7.4300000000000000,96,0.1000000000000000,null,null,4.3000000000000000,4.4000000000000004,0.71000000000000000,12.6000000000000000,74.099999999999994,0,0,0,0,0,0,0,0,0,0,0,0,0,0,0,0,0,0,0,0,0,0,0,0,0,0,0,0,0,0,0,0,0,0,0,0,0,0,0,0
2006,155,0,13.450000000000000000,0E-17,85,0,4.4000000000000004,0,85,6.3700000000000000,85,0.1000000000000000,null,null,4.3000000000000000,4.4000000000000004,0.69399999999999995,12.4000000000000000,73.500000000000000,0,0,0,0,0,0,0,0,0,0,0,0,0,0,0,0,0,0,0,0,0,0,0,0,0,0,0,0,0,0,0,0,0,0,0,0,0,0,0,0
2004,166,0,11.930000000000000000,0E-17,91,0,39.0000000000000000,0,91,6.2000000000000000,91,0.2000000000000000,null,null,4.4000000000000004,4.4000000000000004,0.68600000000000005,12.3000000000000000,72.599999999999994,0,0,0,0,0,0,0,0,0,0,0,0,0,0,0,0,0,0,0,0,0,0,0,0,0,0,0,0,0,0,0,0,0,0,0,0,0,0,0,0
2003,171,0,12.550000000000000000,0E-17,84,0,38.4000000000000000,0,91,6.1000000000000000,9,0.2000000000000000,null,null,4.4000000000000004,4.4000000000000004,0.68400000000000005,12.4000000000000000,72.200000000000000,0,0,0,0,0,0,0,0,0,0,0,1,0,0,0,0,0,0,0,0,0,0,0,0,0,0,0,0,0,0,0,1,0,0,0,0,0,0,0,0
2015,156,0,null,0E-17,98,0,54.1000000000000000,0,97,null,98,0.1000000000000000,null,null,3.5000000000000000,3.4000000000000000,0.72000000000000000,13.3000000000000000,73.200000000000000,0,0,0,0,0,0,0,0,0,0,0,0,0,0,0,0,0,0,0,0,0,0,0,0,0,0,0,0,0,0,0,0,0,0,0,0,0,0,0,0
2004,224,0,5.780000000000000000,9.01349387900000030,7,0,22.8000000000000000,0,99,9.9400000000000000,96,1.6000000000000000,693.3456830000000100,151969.0000000000,7.2000000000000000,7.2000000000000000,0.50900000000000001,9.8000000000000007,63.800000000000000,0,0,0,0,0,1,0,0,0,0,0,0,0,0,0,0,0,0,0,0,0,0,0,0,0,1,0,0,0,0,0,0,1,0,0,0,0,0,0,0
2000,11,10,0.050000000000000000,782.17998150000005000,93,0,56.2000000000000000,12,95,4.2400000000000000,95,0.1000000000000000,9126.9542770000007000,null,7.3000000000000000,7.4000000000000000,0.73699999999999999,11.8000000000000000,72.599999999999994,0,0,0,0,0,0,0,0,0,0,0,0,0,0,0,0,0,0,0,0,0,0,0,0,0,0,0,0,0,0,0,0,0,0,0,0,0,0,0,0
2011,26,20,0.320000000000000000,1.43105166399999990,92,18,22.2000000000000000,31,89,4.4200000000000000,92,0.4000000000000000,18.2532099999999990,13391.0000000000,1.2000000000000000,1.1000000000000001,0.45500000000000002,7.9000000000000000,64.900000000000006,0,0,0,0,0,0,0,0,0,0,0,0,0,0,0,0,0,0,0,0,0,0,0,0,0,0,0,0,0,0,0,0,0,0,0,0,0,0,0,0
2013,172,0,0.010000000000000000,1521.67275100000010000,99,0,35.5000000000000000,0,98,3.5800000000000000,98,0.1000000000000000,15687.3479499999990000,89949.0000000000,5.7000000000000000,6.1000000000000000,0.76200000000000001,13.5000000000000000,72.900000000000006,0,0,0,0,0,0,0,0,0,0,0,0,0,0,0,0,0,0,0,0,0,0,0,0,1,0,0,0,0,0,0,0,0,1,0,0,0,0,0,0
2005,185,0,7.820000000000000000,21.46531320000000100,99,0,3.1000000000000000,0,99,3.9100000000000000,99,0.1000000000000000,1192.5174000000000000,82858.0000000000,6.0000000000000000,6.4000000000000000,0.71199999999999997,12.1000000000000000,72.200000000000000,0,0,0,0,0,0,0,0,0,0,0,0,0,0,0,0,0,0,0,0,0,0,0,0,0,0,0,0,0,0,0,0,0,0,0,0,0,0,0,0
2014,463,23,0.010000000000000000,1.44328635300000000,83,1006,23.8000000000000000,32,83,11.9000000000000000,83,0.6000000000000000,78.4394757000000030,779162.0000000000,7.5000000000000000,7.4000000000000000,0.42599999999999999,9.5000000000000000,48.100000000000000,0,0,0,0,0,0,0,0,0,0,0,0,0,0,0,0,0,0,0,0,0,1,0,0,0,0,1,0,0,0,0,0,0,0,0,0,0,0,0,0
2003,57,30,4.070000000000000000,38.61473208999999700,92,586,18.3999999999999990,47,66,11.6900000000000000,73,1.9000000000000000,263.7618312000000200,5199549.0000000000,9.6999999999999993,9.8000000000000007,0.32200000000000001,7.4000000000000000,41.500000000000000,0,0,0,0,0,0,0,0,0,0,0,0,0,0,0,0,0,0,0,0,0,0,0,0,0,0,0,0,0,0,0,0,1,0,0,0,0,0,0,1
2013,57,0,1.830000000000000000,714.34410190000006000,97,138,32.7000000000000030,0,97,4.5300000000000000,97,0.1000000000000000,5629.1891400000004000,null,2.2000000000000002,2.2000000000000002,0.92000000000000000,15.4000000000000000,82.700000000000000,0,0,0,0,0,0,0,0,0,0,0,0,0,0,0,0,0,0,0,0,0,0,0,0,0,0,0,0,0,0,0,0,0,0,0,0,0,0,0,0
2012,118,0,10.119999999999999000,0E-17,99,0,57.2000000000000000,0,99,8.1500000000000000,99,0.1000000000000000,null,null,1.2000000000000000,1.3000000000000000,0.83499999999999996,15.0000000000000000,75.800000000000000,0,0,0,0,0,0,0,0,0,0,0,0,0,0,0,0,0,0,0,0,0,0,0,0,0,0,0,0,0,0,0,0,0,0,0,0,0,0,0,0
2010,124,0,10.130000000000001000,0E-17,99,0,55.9000000000000000,0,99,8.5100000000000000,99,0.1000000000000000,null,null,1.3000000000000000,1.3000000000000000,0.82199999999999995,15.0000000000000000,75.099999999999994,0,0,0,0,0,0,0,0,0,0,0,0,0,0,0,0,0,0,0,0,0,0,0,0,0,0,0,0,0,0,0,0,0,0,0,0,0,0,0,0
2000,235,0,0.710000000000000000,4.24926072999999960,81,0,37.9000000000000000,0,88,4.5599999999999996,86,0.1000000000000000,154.5185720000000100,41269.0000000000,1.4000000000000000,1.4000000000000000,0.45500000000000002,7.2000000000000000,65.800000000000000,0,0,0,0,0,0,0,0,0,0,0,0,0,0,0,0,0,0,0,0,0,0,0,0,0,0,0,0,0,0,0,0,0,0,0,0,0,0,0,0
2014,321,51,0.010000000000000000,0E-17,42,10229,23.8000000000000000,80,47,null,42,0.8000000000000000,417.8914300000000100,null,6.7000000000000000,6.5000000000000000,null,null,54.300000000000000,0,0,0,0,0,0,0,0,0,0,0,0,0,0,0,0,0,0,0,0,0,0,0,0,0,1,1,0,1,1,0,1,0,0,0,0,0,0,0,0
2002,348,47,0.010000000000000000,0E-17,92,9559,18.6000000000000010,77,4,null,4,0.9000000000000000,null,null,7.8000000000000000,7.6000000000000000,null,null,58.000000000000000,0,0,0,0,0,0,0,0,0,1,0,1,0,0,0,0,0,0,0,0,0,0,0,0,0,0,1,0,1,1,0,1,0,0,0,0,0,0,0,0
2008,473,50,8.190000000000000000,780.03364230000000000,76,39,45.7000000000000000,75,77,7.7500000000000000,79,23.5000000000000000,5786.5997200000002000,49557573.2999999970,8.9000000000000000,1.7000000000000000,0.61599999999999999,12.9000000000000000,55.300000000000000,0,0,0,0,0,0,0,0,0,0,0,0,1,0,0,0,0,0,0,0,0,1,0,0,0,0,0,0,1,0,0,0,1,0,1,0,0,0,0,0
2000,397,51,7.300000000000000000,45.96380838999999700,73,1459,4.0999999999999996,73,71,8.6999999999999993,73,21.3000000000000000,337.2253000000000000,44896856.0000000000,16.3000000000000000,19.1000000000000010,0.63500000000000001,13.0000000000000000,57.300000000000000,0,0,0,0,0,0,0,0,0,0,0,0,1,0,0,0,1,0,0,0,0,0,0,0,0,0,1,0,1,0,0,0,1,0,1,1,1,0,0,0
2006,383,28,null,0E-17,92,0,null,43,93,null,93,4.0999999999999996,null,8468152.0000000000,null,null,0E-17,0E-16,52.500000000000000,0,0,0,0,0,0,0,0,0,0,0,0,0,0,0,0,0,0,1,0,0,0,0,0,0,0,0,0,0,0,0,0,1,0,0,0,0,1,1,0
2014,58,1,0.010000000000000000,42.98847624999999800,96,154,66.0000000000000000,1,97,9.3000000000000007,97,0.1000000000000000,296.4722499999999700,4648882.0000000000,0.6000000000000000,0.5000000000000000,0.87700000000000000,17.6000000000000010,82.600000000000000,0,0,0,0,0,0,0,0,0,0,0,0,0,0,0,0,0,0,0,0,0,0,0,0,0,0,0,0,0,0,0,0,0,0,0,0,0,0,0,0
2009,183,4,2.049999999999999800,13.39092189000000000,97,21,19.2000000000000000,4,97,3.3700000000000000,97,0.1000000000000000,216.6815839999999900,19968.0000000000,15.3000000000000000,15.4000000000000000,0.73499999999999999,13.4000000000000000,71.800000000000000,0,0,0,0,0,0,0,0,0,0,0,0,0,0,0,0,0,0,0,0,0,0,0,0,0,0,0,0,0,0,0,0,0,0,0,1,0,0,0,0
2004,197,6,1.560000000000000000,15.35342268000000000,62,35,16.1000000000000010,10,97,4.2800000000000000,97,0.1000000000000000,174.6691999999999900,19228.0000000000,15.4000000000000000,15.5000000000000000,0.70499999999999996,12.8000000000000000,69.099999999999994,0,0,0,0,0,0,0,0,0,0,0,0,0,0,0,0,0,0,0,0,0,0,0,0,0,0,0,0,0,0,0,0,0,0,0,1,1,0,0,0
2001,568,3,6.720000000000000000,143.61973159999999000,86,49,26.3000000000000000,4,87,5.1100000000000003,84,48.8000000000000000,1437.6349510000000000,172927.0000000000,9.0000000000000000,9.1999999999999993,0.50600000000000001,9.3000000000000007,47.100000000000000,0,1,0,0,0,0,0,0,0,0,0,0,1,0,0,0,0,0,0,0,0,1,0,0,0,0,0,0,0,0,0,0,1,0,0,0,0,0,0,0
2008,6,0,10.290000000000000000,2084.25553499999980000,92,2022,54.6000000000000000,0,96,1.2900000000000000,95,0.1000000000000000,72119.5687000000030000,7647675.0000000000,0.5000000000000000,0.4000000000000000,0.91400000000000003,15.3000000000000000,82.000000000000000,0,0,0,0,0,0,0,0,0,0,0,0,0,1,0,0,0,0,0,0,0,0,0,0,1,0,1,0,0,0,0,0,0,1,0,0,0,0,0,0
2008,122,8,0.800000000000000000,0E-17,83,19,5.4000000000000000,9,83,3.4000000000000000,79,0.1000000000000000,null,2325443.0000000000,6.4000000000000000,6.2000000000000000,0.65100000000000002,11.6000000000000000,73.800000000000000,0,0,0,0,0,0,0,0,0,0,0,0,0,0,0,0,0,0,0,0,0,0,0,0,0,0,0,0,0,0,0,0,0,0,0,0,0,0,0,0
2013,153,9,6.500000000000000000,788.68734029999996000,99,2641,31.3000000000000000,10,99,4.0000000000000000,99,0.1000000000000000,6171.2624440000000000,6814365.0000000000,7.9000000000000000,7.9000000000000000,0.73299999999999998,13.6000000000000000,74.500000000000000,0,0,0,0,0,0,0,0,0,0,0,0,0,0,0,0,0,0,0,0,0,0,0,0,0,0,1,0,0,0,0,0,0,0,0,0,0,0,0,0
2011,17,0,1.159999999999999900,0E-17,96,701,57.9000000000000000,0,97,6.6100000000000000,96,0.1000000000000000,null,null,2.2000000000000002,2.2999999999999998,0.73499999999999999,12.9000000000000000,74.900000000000006,0,0,0,0,0,0,0,0,0,0,0,0,0,0,0,0,0,0,0,0,0,0,0,0,0,0,0,0,0,0,0,0,0,0,0,0,0,0,0,0
2000,125,0,2.860000000000000000,0E-17,92,36,52.7000000000000000,0,96,8.5200000000000000,95,0.1000000000000000,null,null,2.8000000000000000,2.8000000000000000,0E-17,11.7000000000000000,72.599999999999994,0,0,0,0,0,0,0,0,0,0,0,0,0,0,0,0,0,0,0,0,0,0,0,0,0,0,0,0,0,0,0,0,0,0,0,0,0,1,0,0
2013,287,14,0.010000000000000000,48.73047088999999900,84,564,23.1000000000000000,20,84,5.1200000000000000,84,1.5000000000000000,579.4348499999999800,742948.0000000000,6.8000000000000000,6.6000000000000000,0.47000000000000000,12.0000000000000000,59.400000000000000,0,0,0,0,0,0,0,0,0,0,0,0,0,0,0,0,0,0,0,0,0,0,0,0,0,0,0,0,0,0,0,0,0,0,0,0,0,0,0,0
2011,14,0,0.960000000000000000,7.03398082799999980,82,0,73.3000000000000000,0,84,4.5999999999999996,82,0.1000000000000000,445.1886600000000300,14577.0000000000,0.1000000000000000,0.1000000000000000,0.71199999999999997,14.4000000000000000,72.900000000000006,0,0,0,0,0,0,0,0,0,0,0,0,0,0,0,0,0,0,0,0,0,0,0,0,0,0,0,0,0,0,0,0,0,0,0,0,0,0,0,0
2001,157,0,1.350000000000000000,330.10073940000001000,91,4,66.2000000000000000,0,91,5.6600000000000000,89,0.1000000000000000,1837.9773909999999000,98611.0000000000,0.1000000000000000,0.1000000000000000,0.67400000000000004,13.2000000000000000,71.800000000000000,0,0,0,0,0,0,0,0,0,0,0,0,0,0,0,0,0,0,0,0,0,0,0,0,0,0,0,0,0,0,0,0,0,0,0,0,0,0,0,0
2000,158,0,1.240000000000000000,40.49128896999999900,93,0,65.5000000000000000,0,91,4.7500000000000000,91,0.1000000000000000,263.2723599999999900,9882.0000000000,0.1000000000000000,0.1000000000000000,0.67600000000000005,13.7000000000000000,71.599999999999994,0,0,0,0,0,0,0,0,0,0,0,0,0,0,0,0,0,0,0,0,0,0,0,0,0,0,0,0,0,0,0,0,0,0,0,0,0,0,0,0
2008,185,0,6.410000000000000000,1902.69304800000010000,9,0,4.2000000000000000,0,91,4.4000000000000004,9,0.3000000000000000,21188.1185699999990000,1315372.0000000000,6.1000000000000000,6.4000000000000000,0.76700000000000002,12.4000000000000000,69.900000000000006,0,0,0,0,0,1,0,0,0,0,0,1,0,0,0,0,0,0,0,0,0,0,0,0,1,1,0,0,0,0,0,1,0,1,0,0,0,0,0,0
2006,188,0,6.350000000000000000,103.37106890000000000,89,0,38.4000000000000000,0,89,4.4900000000000000,92,0.6000000000000000,1495.9633699999999000,133144.0000000000,6.2000000000000000,6.6000000000000000,0.75100000000000000,12.3000000000000000,69.599999999999994,0,0,0,0,0,0,0,0,0,0,0,0,0,0,0,0,0,0,0,0,0,0,0,0,0,0,0,0,0,0,0,0,0,0,0,0,0,0,0,0
2012,112,19,1.540000000000000000,20.75120211000000100,97,349,63.7000000000000000,22,97,5.2400000000000000,97,0.1000000000000000,1172.3842999999999000,74569867.0000000000,4.9000000000000004,4.7000000000000000,0.75000000000000000,14.3000000000000000,74.800000000000000,0,0,0,0,0,0,0,0,0,0,0,0,0,0,0,0,0,0,0,0,0,0,0,0,0,0,0,0,0,0,0,0,0,0,1,0,0,0,0,0
2009,215,6,2.350000000000000000,37.88466056000000000,97,0,43.4000000000000000,8,97,1.8800000000000000,96,0.1000000000000000,436.4592230000000100,5795.0000000000,3.2000000000000000,3.3000000000000000,0E-17,10.5000000000000000,65.599999999999994,0,0,0,0,0,0,0,0,0,0,0,0,0,0,0,0,0,0,0,0,0,0,0,0,0,0,0,0,0,0,0,0,0,0,0,0,0,1,0,0
2004,238,6,2.860000000000000000,186.10139720000001000,96,1,4.0000000000000000,8,98,4.3000000000000000,97,0.1000000000000000,1453.9171660000000000,473398.0000000000,3.4000000000000000,3.4000000000000000,0E-17,10.3000000000000000,63.500000000000000,0,0,0,0,0,0,0,0,0,0,0,0,0,0,0,0,0,0,0,0,0,0,0,0,0,0,0,0,0,0,0,0,0,0,0,0,0,1,0,0
2007,41,88,9.650000000000000000,6.00252768499999960,73,3776,15.2000000000000000,137,7,9.7600000000000000,73,8.4000000000000000,41.8586310000000030,359487.0000000000,6.3000000000000000,6.3000000000000000,0.44200000000000000,10.3000000000000000,55.500000000000000,0,0,0,0,0,0,0,0,0,1,0,0,0,0,0,0,0,0,0,0,0,0,1,0,0,0,1,0,1,1,0,0,1,0,0,0,0,0,0,0
2006,41,93,9.810000000000000000,50.83901417999999900,64,5736,14.8000000000000000,145,62,9.8600000000000000,64,8.6000000000000000,336.4593922999999900,2955662.0000000000,6.4000000000000000,6.4000000000000000,0.43400000000000000,10.6000000000000000,54.900000000000000,0,0,0,0,0,0,0,0,0,0,0,0,0,0,0,0,0,0,0,0,0,0,1,0,0,0,1,0,1,0,0,0,1,0,0,0,0,0,0,0
2000,554,116,10.470000000000000000,22.59447460999999900,92,42554,13.0000000000000000,191,55,6.7700000000000000,52,11.6000000000000000,257.6336900000000000,2439274.0000000000,7.0000000000000000,7.0000000000000000,0.38200000000000001,9.8000000000000007,46.600000000000000,0,1,0,0,0,0,1,0,0,0,0,0,0,0,0,0,0,0,0,0,0,1,1,0,0,0,1,0,1,0,0,0,1,0,0,0,0,0,0,0
2007,277,5,8.860000000000000000,46.19685449000000000,92,1005,57.2000000000000000,6,98,6.3600000000000000,98,0.7000000000000000,368.6899799999999900,465935.0000000000,2.5000000000000000,2.7000000000000000,0.72299999999999998,14.8000000000000000,67.500000000000000,0,0,0,0,0,0,0,0,0,0,0,0,0,0,0,0,0,0,0,0,0,0,0,0,0,0,1,0,0,0,0,0,0,0,0,0,0,0,0,0
2014,77,1,1.910000000000000000,3862.68271000000000000,99,344,62.4000000000000000,1,99,3.6400000000000000,99,0.1000000000000000,44449.7434999999970000,null,5.2000000000000000,5.0000000000000000,0.83199999999999996,13.3000000000000000,76.900000000000006,0,0,0,0,0,0,0,0,0,0,0,0,0,0,0,0,0,0,0,0,0,0,0,0,1,0,0,0,0,0,0,0,0,1,0,0,0,0,0,0
2002,11,1,1.720000000000000000,2598.84282699999990000,92,53,56.0000000000000000,1,94,2.7200000000000000,94,0.1000000000000000,31311.3593599999990000,null,5.3000000000000000,5.0000000000000000,0.80300000000000005,12.1000000000000000,74.700000000000000,0,0,0,0,0,0,0,0,0,0,0,0,0,0,0,0,0,0,0,0,0,0,0,0,1,0,0,0,0,0,0,0,0,1,0,0,0,0,0,0
2007,411,94,4.400000000000000400,0E-17,83,7726,19.1000000000000010,141,88,4.7200000000000000,83,8.5000000000000000,null,null,7.5000000000000000,7.4000000000000000,null,null,54.500000000000000,0,0,0,0,0,0,0,0,0,0,0,0,0,0,0,0,0,0,0,0,0,0,1,0,0,0,1,0,1,0,0,0,1,0,0,0,0,0,0,0
2006,437,96,4.070000000000000000,0E-17,9,2362,18.6000000000000010,145,91,6.8600000000000000,9,9.4000000000000000,null,null,7.6000000000000000,7.5000000000000000,null,null,53.100000000000000,0,0,0,0,0,1,0,0,0,0,0,1,0,0,0,0,0,0,0,0,0,0,1,0,0,1,1,0,1,0,0,1,1,0,0,0,0,0,0,0
2012,16,24,8.820000000000000000,0E-17,9,55,68.0000000000000000,28,93,17.2000000000000000,94,0.1000000000000000,null,null,0.7000000000000000,0.6000000000000000,null,null,78.800000000000000,0,0,0,0,0,1,0,0,0,0,1,0,0,0,0,0,0,0,0,0,0,0,0,0,0,1,0,0,0,0,1,0,0,0,0,0,0,0,0,0
2008,18,27,8.740000000000000000,0E-17,94,140,65.7000000000000000,31,94,16.2000000000000000,96,0.1000000000000000,null,null,0.7000000000000000,0.6000000000000000,null,null,78.200000000000000,0,0,0,0,0,0,0,0,0,0,1,0,0,0,0,0,0,0,0,0,0,0,0,0,0,0,0,0,0,0,1,0,0,0,0,0,0,0,0,0
2006,113,28,8.630000000000000800,0E-17,93,55,64.4000000000000060,33,93,15.2700000000000000,96,0.1000000000000000,null,null,0.7000000000000000,0.6000000000000000,null,null,77.800000000000000,0,0,0,0,0,0,0,0,0,0,1,0,0,0,0,0,0,0,0,0,0,0,0,0,0,0,0,0,0,0,1,0,0,0,0,0,0,0,0,0
2010,118,0,6.210000000000000000,2331.53280399999990000,95,0,61.2000000000000000,1,95,8.6300000000000008,95,0.1000000000000000,11938.2120000000000000,3374415.0000000000,1.5000000000000000,1.5000000000000000,0.77700000000000002,15.6000000000000000,76.300000000000000,0,0,0,0,0,0,0,0,0,0,0,0,0,0,0,0,0,0,0,0,0,0,0,0,1,0,0,0,0,0,0,0,0,0,0,0,0,0,0,0
2008,184,22,2.360000000000000000,13.89021224999999900,91,2,39.2999999999999970,25,98,5.9200000000000000,98,0.3000000000000000,182.2862500000000000,27328.0000000000,3.1000000000000000,3.1000000000000000,0.64400000000000002,11.9000000000000000,67.900000000000006,0,0,0,0,0,0,0,0,0,0,0,0,0,0,0,0,0,0,0,0,0,0,0,0,0,0,0,0,0,0,0,0,0,0,0,0,0,0,0,0
2010,145,0,0.910000000000000000,471.86265250000002000,62,0,49.1000000000000000,0,66,4.7100000000000000,65,0.1000000000000000,2965.8243400000001000,236295.0000000000,1.5000000000000000,1.4000000000000000,0.59000000000000000,10.8000000000000000,71.000000000000000,0,0,0,0,0,0,0,0,0,0,0,0,0,0,0,0,0,0,0,0,0,0,0,0,0,0,0,0,0,0,0,0,0,0,0,0,0,0,0,0
2013,159,9,6.710000000000000000,0E-17,82,0,61.0000000000000000,10,82,4.9400000000000004,82,0.1000000000000000,null,null,1.6000000000000000,1.5000000000000000,0.77000000000000000,14.2000000000000000,73.800000000000000,0,0,0,0,0,0,0,0,0,0,0,0,0,0,0,0,0,0,0,0,0,0,0,0,0,0,0,0,0,0,0,0,0,0,0,0,0,0,0,0
