Year,Adult_Mortality,infant_deaths,Alcohol,percentage_expenditure,Hepatitis_B,Measles,BMI,under_five_deaths,Polio,Total_expenditure,Diphtheria,HIV_AIDS,GDP,Population,thinness_1_19_years,thinness_5_9_years,Income_composition_of_resources,Schooling,Life_expectancy,
2014,125,1,6.13,221.48,91.00,3188.00,55.30,1.00,91.00,7.42,91.00,0.10,4429.66,3727.00,2.70,2.80,0.76,13.50,74.50,
2013,128,1,5.91,180.38,96.00,7872.00,54.40,1.00,94.00,7.25,93.00,0.10,4274.38,3776.00,2.70,2.80,0.76,13.50,74.50,
2012,13,1,7.71,158.26,92.00,31.00,53.60,1.00,93.00,8.57,92.00,0.10,4142.87,3825.00,2.60,2.80,0.75,13.40,74.20,
2011,127,1,8.14,198.95,89.00,64.00,52.80,1.00,88.00,9.38,94.00,0.10,3725.63,3875.00,2.60,2.80,0.74,13.30,73.90,
2010,132,1,7.24,194.17,95.00,22.00,52.00,1.00,88.00,1.50,92.00,0.10,2964.48,3926.00,2.60,2.80,0.74,13.30,73.80,
2009,133,1,6.66,18.53,54.00,23.00,51.30,1.00,93.00,1.19,88.00,0.10,276.59,3978.00,2.60,2.80,0.73,12.80,73.20,
2008,128,1,7.17,151.76,89.00,56.00,5.50,1.00,9.00,8.99,92.00,0.10,3174.95,43.00,2.60,2.80,0.73,13.10,73.90,
2007,12,1,8.65,106.16,94.00,44.00,49.90,1.00,88.00,8.17,98.00,0.10,2492.13,482.00,2.70,2.90,0.72,12.50,74.40,
2006,126,1,6.18,110.11,84.00,334.00,49.20,1.00,89.00,8.39,88.00,0.10,1872.68,4136.00,2.70,2.90,0.71,12.60,73.90,
2005,128,1,4.7,9.44,79.00,1356.00,48.60,1.00,82.00,8.60,82.00,0.10,153.58,419.00,2.80,2.90,0.70,12.20,73.90,
2004,134,1,3.74,7.13,64.00,6847.00,48.10,1.00,66.00,8.53,78.00,0.10,127.37,4245.00,2.80,3.00,0.69,12.00,72.30,
2003,132,1,3.36,70.54,48.00,216.00,47.50,2.00,74.00,8.49,75.00,0.10,928.18,431.00,2.90,3.00,0.68,11.80,72.70,
2002,142,2,2.72,60.56,51.00,199.00,47.00,2.00,89.00,8.72,84.00,0.10,779.38,4357.00,2.90,3.00,0.68,11.80,71.70,
2001,121,2,2.76,57.10,61.00,35.00,46.50,2.00,83.00,7.82,87.00,0.10,733.97,43864.00,3.00,3.10,0.67,11.70,73.00,
2000,129,2,3.28,47.82,55.00,50.00,46.00,2.00,81.00,6.94,8.00,0.10,692.00,44183.00,3.10,3.10,0.00,11.40,71.80,
2015,68,2,null,0.00,88.00,2464.00,62.30,3.00,94.00,null,95.00,0.10,41176.88,81686611.00,1.10,1.10,0.92,17.10,81.00,
2014,69,2,11.03,941.76,88.00,443.00,61.90,3.00,94.00,11.30,95.00,0.10,4792.65,89825.00,1.10,1.10,0.92,17.00,89.00,
2013,71,2,10.94,895.88,88.00,1771.00,61.40,3.00,94.00,11.16,95.00,0.10,4653.91,864565.00,1.10,1.10,0.92,16.90,86.00,
2012,71,2,11.18,839.91,88.00,166.00,6.90,3.00,94.00,1.99,95.00,0.10,4465.25,8425823.00,1.10,1.10,0.92,16.90,86.00,
2011,74,2,11.2,869.79,88.00,1607.00,6.40,3.00,94.00,1.93,95.00,0.10,4681.33,8274983.00,1.10,1.10,0.91,16.80,85.00,
2010,76,2,11.2,7584.08,88.00,780.00,59.90,3.00,94.00,11.25,95.00,0.10,41785.56,8177693.00,1.10,1.10,0.91,16.70,81.00,
2009,79,2,11.22,7641.27,88.00,574.00,59.50,3.00,95.00,11.40,96.00,0.10,41732.77,819237.00,1.10,1.10,0.91,16.70,80.00,
2008,8,2,11.36,8285.26,87.00,917.00,59.00,3.00,95.00,1.39,96.00,0.10,45699.20,821197.00,1.10,1.10,0.90,16.60,79.90,
2007,82,3,11.5,7777.56,86.00,567.00,58.50,3.00,95.00,1.18,96.00,0.10,41814.82,82266372.00,1.10,1.10,0.90,16.60,79.80,
2006,84,3,11.76,6407.54,87.00,2307.00,58.00,3.00,94.00,1.34,96.00,0.10,36447.87,82376451.00,1.10,1.10,0.89,16.50,79.60,
2005,85,3,11.67,6012.93,9.00,778.00,57.60,3.00,95.00,1.52,96.00,0.10,34696.63,82469422.00,1.10,1.10,0.88,16.40,79.20,
2004,86,3,11.83,5842.37,88.00,121.00,57.10,3.00,96.00,1.37,96.00,0.10,34165.93,8251626.00,1.10,1.10,0.88,16.40,79.10,
2003,9,3,11.92,582.62,9.00,779.00,56.60,4.00,96.00,1.62,97.00,0.10,3359.95,82534176.00,1.10,1.10,0.87,16.30,78.50,
2002,91,3,12.25,437.11,87.00,4657.00,56.10,4.00,97.00,1.40,93.00,0.10,2525.16,82488495.00,1.20,1.10,0.87,16.30,78.40,
2001,92,3,12.46,4057.64,86.00,6024.00,55.60,4.00,96.00,1.15,93.00,0.10,23687.32,82349925.00,1.20,1.10,0.86,16.20,78.30,
2000,95,3,12.91,4238.54,84.00,0.00,55.10,4.00,94.00,1.10,9.00,0.10,23718.75,8221158.00,1.20,1.20,0.85,16.20,78.00,
2015,249,37,null,0.00,88.00,23.00,28.60,52.00,88.00,null,88.00,0.70,1361.11,27582821.00,6.20,6.10,0.57,11.40,62.40,
2014,253,37,0.01,97.68,98.00,124.00,28.00,54.00,93.00,3.56,98.00,0.80,1432.23,26962563.00,6.40,6.30,0.58,11.70,62.10,
2013,254,38,0.01,28.67,9.00,319.00,27.30,55.00,91.00,4.63,9.00,0.90,1814.49,26346251.00,6.60,6.40,0.57,11.50,61.90,
2012,257,39,0.01,151.90,92.00,1613.00,26.70,56.00,91.00,4.79,92.00,0.90,1629.82,2573349.00,6.70,6.60,0.56,11.20,61.60,
2011,263,40,1.64,225.22,91.00,120.00,26.10,58.00,91.00,4.81,91.00,1.30,1574.98,25121796.00,6.90,6.80,0.55,10.90,61.20,
2010,267,40,1.69,195.98,94.00,641.00,25.50,59.00,94.00,5.33,94.00,1.90,1312.68,2451214.00,7.10,7.00,0.55,10.50,69.00,
2009,271,41,1.76,30.72,94.00,101.00,24.90,60.00,94.00,5.17,94.00,2.10,186.77,2393831.00,7.30,7.20,0.54,10.40,66.00,
2008,275,41,1.78,161.01,93.00,82.00,24.20,61.00,92.00,4.85,93.00,2.20,1224.42,2329864.00,7.50,7.40,0.53,9.80,63.00,
2007,28,41,1.25,3.18,94.00,6.00,23.60,61.00,94.00,5.30,94.00,2.60,19.69,227212.00,7.70,7.60,0.52,9.10,59.90,
2006,288,41,1.7,129.03,84.00,420.00,23.00,62.00,84.00,4.64,84.00,2.90,922.94,22113425.00,7.90,7.90,0.51,8.70,59.40,
2005,296,41,1.5,78.71,84.00,435.00,22.40,62.00,85.00,4.51,84.00,3.10,498.17,215429.00,8.10,8.10,0.50,8.10,58.90,
2004,34,41,1.46,53.24,8.00,60.00,21.80,62.00,81.00,3.96,8.00,3.20,423.19,2986536.00,8.40,8.30,0.49,7.70,58.30,
2003,38,41,1.53,31.09,8.00,1939.00,21.20,63.00,8.00,3.12,8.00,3.40,373.28,2446782.00,8.60,8.50,0.49,7.90,57.90,
2002,31,42,1.6,3.34,8.00,12289.00,2.70,63.00,8.00,3.70,78.00,3.50,39.48,19924522.00,8.80,8.80,0.48,7.60,57.60,
2001,39,42,1.49,25.56,null,13476.00,2.10,64.00,81.00,3.56,79.00,3.50,273.66,1942165.00,9.00,9.00,0.48,8.00,57.40,
2000,38,43,1.6,20.65,null,23068.00,19.50,65.00,88.00,3.00,88.00,3.60,263.11,18938762.00,9.20,9.20,0.48,7.70,57.20,
2015,72,0,null,0.00,96.00,1.00,66.50,0.00,99.00,null,99.00,0.10,187.79,182883.00,0.80,0.70,0.86,17.20,81.00,
2014,73,0,7.53,2163.04,96.00,1.00,66.00,0.00,99.00,8.80,99.00,0.10,21673.78,1892413.00,0.80,0.70,0.86,17.20,88.00,
2013,74,0,7.46,2183.11,98.00,3.00,65.40,0.00,99.00,9.26,99.00,0.10,21874.82,1965211.00,0.80,0.70,0.86,17.10,86.00,
2012,76,0,8.2,2528.99,98.00,3.00,64.90,0.00,99.00,9.24,99.00,0.10,22242.68,114511.00,0.80,0.70,0.86,16.80,84.00,
2011,76,0,8.02,3192.89,95.00,40.00,64.30,0.00,99.00,9.77,99.00,0.10,25916.29,1114899.00,0.80,0.70,0.86,16.70,85.00,
2010,76,0,9,3189.75,95.00,149.00,63.70,0.00,99.00,9.18,99.00,0.10,26917.76,11121341.00,0.80,0.70,0.86,16.40,83.00,
2009,78,0,9.08,372.69,95.00,2.00,63.10,0.00,99.00,9.76,99.00,0.10,2971.97,111717.00,0.80,0.70,0.86,16.20,80.00,
2008,77,0,9.51,3682.89,95.00,1.00,62.40,0.00,99.00,9.76,99.00,0.10,31997.28,1177841.00,0.80,0.70,0.85,15.90,79.90,
2007,8,0,9.67,3632.24,95.00,2.00,61.80,0.00,99.00,9.41,99.00,0.10,28827.33,1148473.00,0.80,0.70,0.85,16.40,79.40,
2006,77,0,9.42,318.58,94.00,0.00,61.20,1.00,98.00,9.34,98.00,0.10,2481.16,112362.00,0.80,0.70,0.85,16.30,79.70,
2005,81,0,9.95,2785.14,93.00,122.00,6.50,1.00,96.00,9.36,96.00,0.10,22551.74,1987314.00,0.80,0.70,0.84,15.60,79.30,
2004,81,0,9.56,287.61,92.00,1.00,59.90,1.00,95.00,8.30,95.00,0.10,21955.15,1955141.00,0.80,0.80,0.83,15.30,79.20,
2003,81,0,9.46,2124.92,92.00,0.00,59.20,1.00,93.00,8.61,94.00,0.10,18477.58,19287.00,0.80,0.80,0.82,15.20,79.10,
2002,81,1,8.09,160.89,91.00,5.00,58.60,1.00,92.00,8.72,92.00,0.10,1411.31,19222.00,0.80,0.80,0.81,14.60,79.00,
2001,83,1,8.62,1403.02,9.00,12.00,58.00,1.00,9.00,8.47,91.00,0.10,12538.18,1862132.00,0.90,0.80,0.80,14.20,78.70,
2000,84,1,8.48,122.18,89.00,56.00,57.40,1.00,89.00,7.60,89.00,0.10,1242.95,18588.00,0.90,0.80,0.79,13.90,78.20,
2015,142,0,null,0.00,92.00,0.00,48.40,0.00,99.00,null,92.00,0.10,9212.19,null,3.80,3.80,0.75,15.80,73.60,
2014,143,0,8.42,789.28,97.00,0.00,47.40,0.00,81.00,6.10,97.00,0.10,8569.78,null,3.80,3.80,0.75,15.80,73.50,
2013,144,0,8.25,780.45,97.00,0.00,46.50,0.00,98.00,6.15,97.00,0.10,7955.62,null,3.80,3.80,0.75,15.80,73.30,
2012,146,0,8.07,866.00,97.00,0.00,45.60,0.00,98.00,6.36,97.00,0.10,7583.19,null,3.80,3.80,0.74,15.80,73.10,
2011,15,0,7.84,11.57,94.00,0.00,44.70,0.00,95.00,6.35,95.00,0.10,741.48,null,3.80,3.80,0.74,15.80,72.90,
2010,154,0,7.91,145.84,97.00,0.00,43.90,0.00,94.00,6.41,97.00,0.10,7365.67,null,3.80,3.80,0.00,15.80,72.60,
2009,158,0,8.42,146.44,99.00,0.00,43.10,0.00,99.00,6.24,99.00,0.10,7395.88,null,3.80,3.80,0.00,15.60,72.40,
2008,162,0,8.92,754.96,99.00,0.00,42.40,0.00,99.00,5.76,99.00,0.10,7946.94,null,3.80,3.90,0.00,15.40,72.10,
2007,164,0,9.06,95.19,96.00,0.00,41.80,0.00,96.00,5.88,96.00,0.10,7322.60,null,3.90,3.90,0.00,15.30,71.90,
2006,167,0,9.06,662.27,91.00,0.00,41.10,0.00,91.00,5.99,91.00,0.10,6764.72,null,3.90,3.90,0.00,15.10,71.70,
2005,169,0,8.8,119.55,99.00,0.00,4.50,0.00,99.00,5.50,99.00,0.10,6754.51,null,3.90,4.00,0.00,14.90,71.50,
2004,187,0,8.43,100.97,83.00,0.00,39.90,0.00,84.00,5.24,83.00,0.10,5836.18,null,4.00,4.00,0.00,14.80,73.00,
2003,173,0,9.75,77.95,97.00,0.00,39.40,0.00,98.00,5.89,97.00,0.10,5773.74,null,4.00,4.10,0.00,14.60,71.10,
2002,176,0,10.71,513.35,98.00,0.00,38.80,0.00,98.00,6.67,98.00,0.10,5292.23,null,4.10,4.10,0.00,14.40,79.00,
2001,178,0,9.61,81.11,96.00,0.00,38.20,0.00,96.00,7.67,96.00,0.10,519.96,null,4.20,4.20,0.00,14.30,77.00,
2000,182,0,9.4,676.55,null,0.00,37.70,0.00,97.00,6.62,97.00,0.10,5117.59,null,4.30,4.20,0.00,14.10,74.00,
2015,186,10,null,0.00,74.00,0.00,5.60,12.00,9.00,null,74.00,0.40,3923.57,16252429.00,1.20,1.20,0.64,10.70,71.90,
2014,187,10,1.88,657.53,73.00,0.00,49.90,13.00,65.00,6.20,73.00,0.40,3687.76,15923559.00,1.20,1.20,0.61,10.70,71.70,
2013,189,11,1.93,582.15,85.00,0.00,49.30,13.00,84.00,6.30,85.00,0.40,3452.83,15596214.00,1.20,1.20,0.61,10.70,71.40,
2012,189,11,2.02,484.72,96.00,0.00,48.60,13.00,94.00,6.33,96.00,0.40,3299.65,1527156.00,1.20,1.20,0.62,10.60,71.30,
2011,193,11,2.16,457.77,88.00,0.00,47.90,14.00,88.00,6.28,88.00,0.40,3187.85,14948919.00,1.20,1.20,0.61,10.50,71.10,
2010,196,12,2.14,443.32,94.00,0.00,47.20,14.00,94.00,6.64,94.00,0.40,2825.52,1463417.00,1.30,1.30,0.60,10.50,77.00,
2009,198,12,2.14,445.44,92.00,0.00,46.50,15.00,92.00,6.79,92.00,0.40,2635.75,1431628.00,1.30,1.30,0.60,10.40,76.00,
2008,19,13,2.21,472.22,95.00,0.00,45.90,15.00,96.00,6.65,95.00,0.40,2794.22,146366.00,1.30,1.30,0.59,10.40,79.00,
2007,192,13,2.4,380.96,85.00,0.00,45.20,16.00,85.00,6.86,85.00,0.40,2489.96,137286.00,1.30,1.30,0.58,10.10,75.00,
2006,24,14,2.38,352.02,89.00,0.00,44.50,17.00,9.00,7.70,89.00,0.40,2256.57,133978.00,1.40,1.40,0.57,9.80,69.70,
2005,28,14,2.35,41.51,87.00,0.00,43.80,18.00,87.00,6.79,87.00,0.40,277.83,139628.00,1.40,1.40,0.57,9.60,69.20,
2004,21,15,2.4,288.40,null,0.00,43.10,18.00,88.00,6.77,87.00,0.40,1872.74,12796925.00,1.40,1.40,0.56,9.30,69.60,
2003,24,15,2.45,249.33,null,0.00,42.40,19.00,84.00,6.88,84.00,0.40,1753.35,125478.00,1.40,1.40,0.56,9.00,69.40,
2002,21,16,2.41,25.25,null,0.00,41.70,20.00,82.00,6.71,82.00,0.30,171.77,1228848.00,1.50,1.50,0.55,8.80,69.30,
2001,211,16,2.53,225.06,null,0.00,41.10,20.00,78.00,6.76,77.00,0.30,1568.38,11924946.00,1.50,1.50,0.55,8.50,68.40,
2000,221,17,2.63,238.74,null,0.00,4.40,21.00,8.00,5.25,81.00,0.20,1655.60,1165743.00,1.60,1.60,0.54,8.20,67.70,
2015,284,26,null,0.00,54.00,243.00,23.30,40.00,42.00,null,54.00,0.50,554.49,1291533.00,7.30,7.30,0.41,8.80,59.00,
2014,299,27,0.01,50.58,51.00,175.00,22.70,41.00,42.00,5.64,51.00,0.50,562.00,118559.00,7.50,7.40,0.41,8.60,58.10,
2013,284,27,0.01,5.14,63.00,53.00,22.20,41.00,63.00,5.49,63.00,1.00,54.17,11536615.00,7.70,7.60,0.41,8.50,58.80,
2012,288,28,0.01,4.34,62.00,6.00,21.70,42.00,63.00,5.39,62.00,1.90,52.35,11281469.00,7.80,7.80,0.40,8.50,58.40,
2011,29,28,0.22,42.25,63.00,11.00,21.20,43.00,63.00,4.73,63.00,2.00,459.29,113517.00,8.00,8.00,0.39,8.40,58.10,
2010,291,29,0.2,29.75,64.00,45.00,2.80,44.00,62.00,4.55,64.00,2.20,438.75,179417.00,8.20,8.20,0.38,8.30,57.80,
2009,297,29,0.18,24.85,57.00,264.00,2.30,46.00,6.00,3.85,57.00,2.30,436.69,1556524.00,8.40,8.40,0.38,8.10,57.30,
2008,33,30,0.21,19.69,57.00,89.00,19.80,47.00,59.00,3.21,6.00,2.30,437.45,1323142.00,8.60,8.60,0.37,7.90,56.80,
2007,36,31,0.19,1.40,57.00,3.00,19.40,48.00,46.00,3.80,63.00,2.40,49.46,196727.00,8.90,8.80,0.36,7.60,56.40,
2006,317,31,0.16,10.38,null,4.00,19.00,49.00,53.00,3.20,57.00,2.60,296.68,9881428.00,9.10,9.10,0.36,7.10,55.60,
2005,327,32,0.21,1.10,null,99.00,18.50,51.00,59.00,2.82,59.00,2.70,33.42,9679745.00,9.30,9.30,0.35,6.60,54.70,
2004,334,33,0.34,18.93,null,10.00,18.10,53.00,65.00,3.14,6.00,2.80,386.33,949229.00,9.50,9.50,0.33,5.10,54.00,
2003,338,34,0.18,2.40,null,2497.00,17.70,55.00,61.00,3.45,57.00,2.90,37.19,939848.00,9.70,9.70,0.34,5.90,53.30,
2002,337,35,0.21,21.34,null,2151.00,17.30,56.00,56.00,3.76,53.00,3.00,322.81,9137345.00,9.90,9.90,0.33,5.50,52.90,
2001,336,36,0.17,19.90,null,7408.00,16.90,58.00,52.00,3.65,5.00,3.00,315.84,8971139.00,1.10,1.10,0.32,5.10,52.50,
2000,328,37,0.17,2.22,null,11294.00,16.60,60.00,47.00,3.46,46.00,3.00,34.52,888546.00,1.30,1.30,0.32,4.80,52.50,
2015,275,4,null,0.00,87.00,153.00,26.30,6.00,87.00,null,87.00,3.20,596.87,177526.00,7.10,7.00,0.42,9.20,58.90,
2014,282,4,0.01,50.06,87.00,1.00,25.60,6.00,87.00,5.59,87.00,3.40,642.63,1725744.00,7.30,7.10,0.42,9.20,58.40,
2013,279,4,0.01,8.20,87.00,0.00,25.00,6.00,87.00,6.14,87.00,4.50,61.57,1681495.00,7.50,7.30,0.41,9.10,58.10,
2012,285,4,0.01,0.95,87.00,0.00,24.30,6.00,87.00,5.96,87.00,5.30,67.75,1638139.00,7.70,7.50,0.42,9.10,57.60,
2011,289,4,3.57,40.45,86.00,0.00,23.70,7.00,85.00,5.46,86.00,5.70,692.70,1596154.00,7.80,7.70,0.41,9.00,57.10,
2010,287,4,3.21,53.31,83.00,26.00,23.10,7.00,82.00,6.70,83.00,5.90,543.96,155588.00,8.00,7.90,0.41,8.90,56.70,
2009,288,4,2.55,47.13,8.00,0.00,22.50,7.00,78.00,6.81,8.00,6.00,544.22,1517448.00,8.30,8.10,0.40,8.90,56.30,
2008,297,5,2.64,28.30,null,12.00,21.90,7.00,77.00,6.50,77.00,6.00,583.54,148841.00,8.50,8.40,0.40,8.80,55.60,
2007,32,5,2.98,31.07,null,1.00,21.30,7.00,76.00,6.10,74.00,5.70,481.69,1445958.00,8.70,8.60,0.39,8.80,55.00,
2006,36,5,3.22,21.53,null,0.00,2.70,8.00,74.00,5.87,71.00,5.60,418.94,1412669.00,8.90,8.80,0.39,8.30,54.40,
2005,37,5,3.1,22.10,null,0.00,2.10,8.00,73.00,5.72,68.00,5.40,424.95,138838.00,9.20,9.00,0.00,8.00,53.90,
2004,38,5,2.58,13.53,null,3526.00,19.60,8.00,69.00,5.41,64.00,5.00,393.31,135345.00,9.40,9.30,0.00,7.70,53.50,
2003,38,5,2.16,2.53,null,1158.00,19.00,8.00,65.00,5.62,6.00,4.60,36.57,132122.00,9.60,9.50,0.00,7.40,53.00,
2002,35,5,2.47,24.66,null,298.00,18.50,8.00,61.00,5.84,57.00,4.10,321.48,1293523.00,9.80,9.70,0.00,7.10,52.80,
2001,32,5,2.55,0.87,null,126.00,17.90,9.00,56.00,5.40,53.00,3.60,39.49,1267512.00,1.00,1.00,0.00,6.70,52.50,
2000,3,5,2.84,6.70,null,0.00,17.40,9.00,52.00,4.94,49.00,3.10,297.75,1243229.00,1.20,1.20,0.00,6.40,52.10,
2015,215,0,null,0.00,95.00,0.00,46.70,1.00,92.00,null,95.00,0.30,4136.69,768514.00,5.50,5.30,0.64,10.30,66.20,
2014,217,0,7.64,4.14,98.00,0.00,45.90,1.00,97.00,5.25,98.00,0.30,43.82,763393.00,5.50,5.30,0.64,10.30,66.00,
2013,218,0,7.56,345.90,98.00,0.00,45.00,1.00,98.00,5.10,98.00,0.30,3944.18,75881.00,5.50,5.30,0.63,10.30,65.90,
2012,22,0,7.57,497.47,97.00,0.00,44.10,1.00,97.00,6.57,97.00,0.30,3785.94,75391.00,5.60,5.30,0.63,10.60,65.80,
2011,229,0,7.56,536.23,93.00,0.00,43.20,1.00,93.00,6.80,93.00,0.40,3439.60,7491.00,5.60,5.30,0.62,10.30,65.60,
2010,221,0,7.52,48.03,95.00,0.00,42.40,1.00,95.00,6.60,95.00,0.40,326.28,746556.00,5.60,5.30,0.62,10.20,65.90,
2009,218,0,7.49,466.67,98.00,0.00,41.60,1.00,97.00,7.32,98.00,0.30,2716.35,745693.00,5.60,5.40,0.62,10.50,66.10,
2008,218,1,7.32,493.33,93.00,0.00,4.90,1.00,93.00,7.46,93.00,0.80,2576.12,746314.00,5.60,5.40,0.62,10.70,66.30,
2007,232,1,7.2,362.87,94.00,0.00,4.30,1.00,94.00,6.45,94.00,1.90,2327.58,747869.00,5.70,5.50,0.62,11.20,65.70,
2006,24,1,7.04,170.63,93.00,0.00,39.60,1.00,92.00,4.67,93.00,1.10,1945.64,74961.00,5.70,5.50,0.62,11.70,65.20,
2005,238,1,7.35,17.46,93.00,0.00,39.00,1.00,93.00,5.83,93.00,1.80,198.46,75946.00,5.70,5.50,0.62,11.40,65.00,
2004,237,1,7.84,1.78,91.00,0.00,38.40,1.00,91.00,5.73,91.00,1.90,145.59,751652.00,5.80,5.60,0.61,11.20,65.10,
2003,237,1,7.93,16.48,9.00,0.00,37.80,1.00,91.00,5.97,9.00,2.10,986.80,751857.00,5.80,5.60,0.61,11.10,65.30,
2002,244,1,7.73,10.94,91.00,0.00,37.10,1.00,93.00,5.84,91.00,2.30,96.87,751884.00,5.90,5.70,0.61,11.00,65.30,
2001,247,1,6.71,15.55,85.00,0.00,36.40,1.00,9.00,5.82,85.00,1.70,925.58,752263.00,5.90,5.70,0.61,10.90,65.40,
2000,246,1,6.63,16.75,null,0.00,35.70,1.00,79.00,5.85,88.00,1.10,946.60,75331.00,5.90,5.80,0.60,10.90,65.40,
2015,24,14,null,0.00,6.00,0.00,49.90,18.00,56.00,null,6.00,0.50,814.55,171161.00,3.90,3.90,0.49,9.10,63.50,
2014,245,14,0.01,5.10,48.00,0.00,48.80,19.00,55.00,7.56,48.00,0.50,83.11,1572466.00,3.90,3.90,0.49,9.10,63.10,
2013,253,14,5.68,4.99,68.00,0.00,47.70,19.00,67.00,8.10,68.00,0.50,81.27,1431776.00,3.90,3.90,0.48,9.10,62.70,
2012,259,15,5.68,26.38,null,0.00,46.50,20.00,67.00,9.88,67.00,0.80,766.84,128921.00,3.90,3.90,0.48,8.90,62.30,
2011,259,15,5.68,4.11,null,0.00,45.30,20.00,67.00,1.41,68.00,1.50,74.94,114554.00,4.00,4.00,0.47,8.70,62.30,
2010,682,23,5.76,36.29,null,0.00,44.20,58.00,66.00,8.90,66.00,1.90,662.28,9999617.00,4.00,4.00,0.47,8.60,36.30,
2009,251,16,5.85,41.30,null,0.00,43.00,21.00,65.00,6.68,65.00,2.00,668.30,985287.00,4.10,4.10,0.47,8.50,62.50,
2008,259,16,5.95,63.83,null,0.00,41.80,22.00,64.00,5.92,63.00,2.40,674.76,97529.00,4.20,4.20,0.46,8.40,62.10,
2007,266,17,6.08,56.78,null,0.00,4.70,23.00,62.00,5.56,63.00,2.70,615.82,9556889.00,4.20,4.20,0.46,8.40,61.80,
2006,28,17,6.18,7.00,null,0.00,39.60,23.00,61.00,5.70,6.00,3.30,55.48,949457.00,4.30,4.30,0.46,8.30,61.10,
2005,29,17,5.57,38.11,null,0.00,38.50,24.00,6.00,4.41,6.00,3.90,465.31,926344.00,4.40,4.40,0.45,8.20,65.00,
2004,32,18,6.1,64.40,null,0.00,37.50,24.00,58.00,5.61,55.00,4.30,387.94,9119178.00,4.50,4.50,0.45,8.10,58.70,
2003,3,18,6.64,44.26,null,0.00,36.50,25.00,56.00,5.32,53.00,4.60,329.78,8976552.00,4.50,4.60,0.45,8.10,59.70,
2002,33,19,6.1,50.29,null,0.00,35.60,26.00,54.00,5.47,48.00,4.80,393.16,8834733.00,4.60,4.70,0.44,8.00,59.30,
2001,35,19,6.22,60.78,null,159.00,34.80,27.00,52.00,5.63,45.00,5.00,413.74,8692567.00,4.70,4.70,0.44,7.90,58.90,
2000,35,20,4.79,74.46,null,992.00,34.00,28.00,5.00,6.60,41.00,5.10,462.49,85492.00,4.80,4.80,0.44,7.80,58.60,
2015,147,3,null,0.00,97.00,0.00,51.00,4.00,97.00,null,97.00,0.30,2326.16,896829.00,2.10,2.10,0.62,11.20,74.60,
2014,149,3,2.87,345.38,97.00,0.00,5.20,4.00,97.00,8.72,97.00,0.30,2242.71,889216.00,2.10,2.10,0.62,11.40,74.50,
2013,15,4,3.11,311.76,97.00,0.00,49.30,4.00,97.00,9.15,97.00,0.40,2136.77,8657785.00,2.20,2.10,0.61,11.60,74.30,
2012,151,4,3.11,363.57,97.00,0.00,48.40,4.00,97.00,9.78,97.00,0.40,2178.38,855646.00,2.20,2.10,0.61,11.60,74.10,
2011,153,4,3.1,32.16,97.00,0.00,47.60,5.00,97.00,8.57,97.00,0.40,212.58,83516.00,2.20,2.20,0.61,11.70,73.90,
2010,156,4,3.1,302.11,97.00,0.00,46.80,5.00,97.00,8.45,97.00,0.40,1932.86,8194778.00,2.30,2.20,0.61,11.50,73.60,
2009,157,4,3.08,286.12,97.00,0.00,45.90,5.00,97.00,8.84,97.00,0.50,1815.49,83521.00,2.30,2.20,0.60,11.30,73.40,
2008,159,4,3.14,231.91,92.00,0.00,45.10,5.00,93.00,8.40,93.00,0.60,1751.60,7872658.00,2.30,2.30,0.60,11.10,73.20,
2007,16,5,3.16,222.48,93.00,0.00,44.30,6.00,94.00,7.89,94.00,0.70,1592.57,777972.00,2.40,2.30,0.59,10.90,73.00,
2006,161,5,3.23,192.93,94.00,0.00,43.50,6.00,94.00,7.63,95.00,0.80,1437.63,754146.00,2.40,2.40,0.58,10.80,72.80,
2005,163,5,3.23,203.71,97.00,0.00,42.80,6.00,98.00,7.81,98.00,0.90,1311.74,737343.00,2.50,2.40,0.58,10.60,72.50,
2004,165,5,3.02,188.25,93.00,0.00,42.00,7.00,94.00,7.89,94.00,1.20,1217.66,724153.00,2.60,2.50,0.57,10.40,72.20,
2003,166,6,3.04,194.43,91.00,0.00,41.20,7.00,92.00,8.29,92.00,1.40,1157.34,733821.00,2.60,2.50,0.57,10.30,71.90,
2002,169,6,3.09,154.86,94.00,0.00,4.40,7.00,95.00,7.28,95.00,1.50,1132.87,6863157.00,2.70,2.60,0.56,10.10,71.60,
2001,171,6,2.74,15.36,95.00,0.00,39.60,8.00,99.00,6.88,96.00,1.60,113.45,669361.00,2.70,2.70,0.56,9.90,71.30,
2000,174,6,2.61,28.81,93.00,0.00,38.80,8.00,88.00,6.63,94.00,1.70,188.78,6524283.00,2.80,2.70,0.55,9.80,71.00,
2015,134,0,null,0.00,null,0.00,64.80,0.00,99.00,null,99.00,0.10,12365.63,984328.00,1.60,1.60,0.83,15.60,75.80,
2014,137,0,0.01,160.94,null,0.00,64.20,0.00,99.00,7.40,99.00,0.10,14117.98,9866468.00,1.70,1.60,0.83,15.80,75.60,
2013,139,0,10.88,155.20,null,1.00,63.60,1.00,99.00,7.53,99.00,0.10,13613.61,989382.00,1.70,1.70,0.82,15.40,75.50,
2012,146,0,11.27,164.28,null,2.00,63.00,1.00,99.00,7.74,99.00,0.10,12834.32,992362.00,1.70,1.70,0.82,15.40,75.00,
2011,15,0,11.51,17.82,null,5.00,62.40,1.00,99.00,7.84,99.00,0.10,1448.88,9971727.00,1.70,1.70,0.82,15.40,74.80,
2010,156,0,10.78,19.22,null,0.00,61.70,1.00,99.00,7.85,99.00,0.10,1325.53,123.00,1.80,1.80,0.82,15.30,74.50,
2009,162,0,11.46,1281.16,null,1.00,61.10,1.00,99.00,7.55,99.00,0.10,12967.17,12265.00,1.80,1.80,0.82,15.30,74.20,
2008,165,1,11.64,181.76,null,0.00,6.50,1.00,99.00,7.33,99.00,0.10,15669.26,138188.00,1.90,1.90,0.81,15.30,74.10,
2007,176,1,12.55,163.34,null,0.00,59.90,1.00,99.00,7.51,99.00,0.10,13842.65,15578.00,1.90,1.90,0.81,15.30,73.50,
2006,177,1,13.16,1299.46,null,1.00,59.30,1.00,99.00,8.10,99.00,0.10,11398.77,17137.00,2.00,2.00,0.80,15.20,73.40,
2005,182,1,12.94,1317.08,null,2.00,58.80,1.00,99.00,8.28,99.00,0.10,11161.72,18765.00,2.00,2.00,0.80,15.00,72.90,
2004,18,1,13.28,146.86,null,0.00,58.20,1.00,99.00,8.80,99.00,0.10,1259.53,117146.00,2.10,2.10,0.79,15.30,72.90,
2003,184,1,13.24,1030.22,null,0.00,57.60,1.00,99.00,8.42,99.00,0.10,8396.25,1129552.00,2.10,2.10,0.78,14.90,72.50,
2002,184,1,13.29,8.99,null,0.00,57.10,1.00,98.00,7.47,99.00,0.10,665.64,115868.00,2.20,2.20,0.78,14.60,72.50,
2001,185,1,13.18,7.60,null,20.00,56.60,1.00,99.00,7.11,99.00,0.10,527.85,1187576.00,2.20,2.20,0.77,14.20,72.30,
2000,193,1,12.22,75.36,null,1.00,56.10,1.00,99.00,7.60,99.00,0.10,4623.47,121971.00,2.30,2.30,0.76,13.90,71.70,
2015,49,0,null,0.00,null,0.00,61.00,0.00,92.00,null,92.00,0.10,5734.44,33815.00,1.00,0.90,0.92,19.00,82.70,
2014,49,0,7.45,8254.02,null,0.00,6.60,0.00,9.00,8.86,9.00,0.10,52473.11,327386.00,1.00,0.90,0.92,19.00,82.50,
2013,5,0,7.31,764.54,null,0.00,6.20,0.00,91.00,8.75,91.00,0.10,4781.39,323764.00,1.00,0.90,0.91,19.00,82.40,
2012,5,0,7.81,6818.55,null,0.00,59.70,0.00,89.00,8.68,89.00,0.10,44333.85,32716.00,1.00,0.90,0.90,18.70,82.50,
2011,51,0,8.13,7.05,null,0.00,59.30,0.00,95.00,8.65,95.00,0.10,46.22,31914.00,0.90,0.90,0.89,18.60,82.10,
2010,53,0,8.25,6005.58,null,0.00,58.90,0.00,96.00,8.86,96.00,0.10,41676.45,31841.00,0.90,0.90,0.89,18.40,81.80,
2009,55,0,10.22,687.58,null,0.00,58.50,0.00,96.00,9.12,96.00,0.10,4461.89,318499.00,0.90,0.90,0.89,18.40,81.60,
2008,58,0,8.49,7613.81,null,0.00,58.10,0.00,98.00,8.80,98.00,0.10,55575.29,317414.00,0.90,0.90,0.89,18.20,81.40,
2007,59,0,7.53,12042.97,null,0.00,57.80,0.00,97.00,8.75,97.00,0.10,68348.32,311566.00,0.90,0.90,0.89,18.20,81.30,
2006,61,0,7.2,1003.14,null,0.00,57.40,0.00,97.00,8.96,97.00,0.10,5613.54,33782.00,0.90,0.90,0.88,18.10,81.10,
2005,62,0,7.05,10631.20,null,0.00,56.90,0.00,95.00,9.21,95.00,0.10,56249.76,296734.00,0.90,0.90,0.88,17.90,81.00,
2004,65,0,6.79,8506.10,null,0.00,56.50,0.00,99.00,9.59,99.00,0.10,46917.27,29274.00,1.00,0.90,0.87,18.30,88.00,
2003,65,0,6.61,725.49,null,0.00,55.90,0.00,97.00,1.70,97.00,0.10,3945.00,289521.00,1.00,0.90,0.87,17.60,87.00,
2002,7,0,6.61,5948.10,null,0.00,55.40,0.00,95.00,9.86,95.00,0.10,31996.22,287523.00,1.00,0.90,0.86,17.20,84.00,
2001,72,0,6.37,5048.27,null,0.00,54.80,0.00,92.00,9.12,92.00,0.10,28585.93,284968.00,1.00,0.90,0.85,17.10,80.00,
2000,74,0,6.17,5809.12,null,0.00,54.20,0.00,98.00,9.28,98.00,0.10,31813.37,28125.00,1.00,0.90,0.85,16.80,79.70,
2015,181,910,null,0.00,87.00,90387.00,18.70,1100.00,86.00,null,87.00,0.20,1613.19,1395398.00,26.70,27.30,0.61,11.60,68.30,
2014,184,957,3.07,86.52,79.00,79563.00,18.10,1200.00,84.00,4.69,85.00,0.20,1573.12,1293859294.00,26.80,27.40,0.61,11.60,68.00,
2013,187,1000,3.11,67.67,7.00,13822.00,17.50,1300.00,82.00,4.53,83.00,0.20,1452.20,127856227.00,26.80,27.50,0.60,11.50,67.60,
2012,19,1100,3.1,64.97,73.00,18668.00,17.00,1400.00,79.00,4.39,82.00,0.20,1446.99,126365852.00,26.90,27.60,0.59,11.30,67.30,
2011,193,1100,3,64.61,44.00,33634.00,16.40,1500.00,79.00,4.33,82.00,0.20,1461.67,124723629.00,26.90,27.70,0.58,10.80,66.80,
2010,196,1200,2.77,57.73,38.00,31458.00,15.90,1600.00,76.00,4.28,79.00,0.20,1345.77,12398691.00,27.00,27.80,0.57,10.40,66.40,
2009,2,1300,2.5,0.84,37.00,56188.00,15.40,1700.00,73.00,4.38,74.00,0.20,19.32,121427132.00,27.00,27.80,0.56,10.50,66.00,
2008,23,1300,1.93,43.03,29.00,44258.00,14.90,1800.00,69.00,4.34,7.00,0.30,991.48,119714696.00,27.00,27.90,0.56,10.20,65.50,
2007,26,1400,1.59,5.23,6.00,41144.00,14.40,1900.00,67.00,4.23,64.00,0.30,118.17,1179681239.00,27.10,28.00,0.55,9.90,65.20,
2006,28,1500,1.37,34.86,6.00,64185.00,13.90,2000.00,66.00,4.25,65.00,0.30,792.26,1161977719.00,27.10,28.00,0.54,9.70,64.80,
2005,211,1500,1.27,3.51,8.00,36711.00,13.50,2000.00,65.00,4.28,65.00,0.30,77.82,1144118674.00,27.20,28.10,0.53,9.40,64.40,
2004,214,1600,1.2,27.34,6.00,55443.00,13.00,2100.00,58.00,4.22,63.00,0.30,621.32,1126135777.00,27.20,28.20,0.52,9.20,64.00,
2003,216,1700,1.19,19.48,null,47147.00,12.60,2200.00,57.00,4.30,61.00,0.30,541.14,11827848.00,27.30,28.30,0.51,8.60,63.70,
2002,219,1700,1.1,17.81,null,40044.00,12.20,2300.00,58.00,4.40,59.00,0.30,466.28,18987112.00,27.40,28.40,0.50,8.40,63.30,
2001,222,1800,1,19.00,null,51780.00,11.80,2400.00,58.00,4.50,59.00,0.30,447.14,171477855.00,27.50,28.50,0.49,8.30,62.90,
2000,224,1800,0.93,19.27,null,38835.00,11.40,2500.00,57.00,4.26,58.00,0.30,438.86,1535912.00,27.70,28.60,0.49,8.30,62.50,
2015,176,114,null,0.00,78.00,15099.00,27.40,136.00,8.00,null,78.00,0.30,3336.17,258162113.00,1.40,1.20,0.69,12.90,69.10,
2014,179,119,0.09,200.07,78.00,12943.00,26.50,142.00,8.00,2.85,78.00,0.30,3491.60,255131116.00,1.40,1.20,0.68,12.90,68.90,
2013,181,124,0.09,22.85,85.00,8419.00,25.60,148.00,86.00,2.93,85.00,0.30,362.66,25232263.00,1.50,1.30,0.68,12.90,68.70,
2012,183,129,0.08,254.47,83.00,15489.00,24.70,154.00,84.00,2.90,83.00,0.30,3687.95,248883232.00,1.50,1.40,0.67,12.60,68.50,
2011,185,134,0.08,211.88,81.00,21893.00,23.80,161.00,81.00,2.71,81.00,0.30,3634.28,24577511.00,1.60,1.50,0.66,12.30,68.30,
2010,187,138,0.08,190.55,83.00,18869.00,22.90,167.00,82.00,2.74,81.00,0.30,3113.49,242524123.00,1.60,1.50,0.66,12.10,68.10,
2009,189,143,0.08,125.80,82.00,20818.00,22.10,174.00,85.00,2.83,78.00,0.30,2254.45,23934478.00,1.70,1.60,0.65,11.70,67.90,
2008,189,149,0.07,10.26,82.00,15369.00,21.30,181.00,83.00,2.81,77.00,0.20,216.53,236159276.00,1.70,1.70,0.64,11.70,67.70,
2007,19,154,0.06,102.63,76.00,19456.00,2.50,188.00,77.00,3.10,73.00,0.20,1855.94,232989141.00,1.80,1.70,0.64,11.00,67.50,
2006,191,159,0.06,72.02,66.00,20422.00,19.70,194.00,78.00,2.91,72.00,0.10,1586.25,22983822.00,1.80,1.80,0.63,10.90,67.30,
2005,19,163,0.06,5.38,65.00,15853.00,19.00,201.00,79.00,2.79,72.00,0.10,126.93,22671273.00,1.90,1.90,0.63,11.10,67.20,
2004,213,174,0.06,55.36,64.00,29171.00,18.20,237.00,79.00,2.37,71.00,0.10,1148.57,223614649.00,1.90,1.90,0.62,11.00,65.30,
2003,189,173,0.05,8.46,64.00,24457.00,17.50,215.00,8.00,2.53,71.00,0.10,164.59,22545214.00,1.90,11.00,0.61,10.80,66.90,
2002,189,177,0.05,43.18,63.00,14492.00,16.70,222.00,8.00,2.27,7.00,0.10,899.56,2175859.00,11.00,11.10,0.61,10.60,66.70,
2001,188,182,0.06,33.96,62.00,3825.00,16.00,229.00,77.00,2.23,76.00,0.10,747.98,2145652.00,11.00,11.10,0.60,10.60,66.50,
2000,188,187,0.06,3.43,65.00,3344.00,15.40,237.00,72.00,1.98,75.00,0.10,78.93,21154429.00,11.00,11.20,0.60,10.70,66.30,
2015,83,18,null,0.00,98.00,615.00,59.70,21.00,98.00,null,98.00,0.10,null,null,8.50,8.60,0.77,14.80,75.50,
2014,83,19,0.01,0.00,99.00,99.00,58.50,22.00,99.00,6.89,99.00,0.10,null,null,8.30,8.40,0.77,14.90,75.40,
2013,83,20,0.01,0.00,99.00,189.00,57.20,23.00,98.00,6.49,98.00,0.10,null,null,8.20,8.30,0.77,15.00,75.30,
2012,85,21,0.01,0.00,98.00,332.00,56.00,24.00,99.00,6.98,99.00,0.10,null,null,8.00,8.20,0.76,13.60,75.10,
2011,93,22,0.03,0.00,99.00,73.00,54.80,25.00,99.00,7.12,99.00,0.10,null,null,7.90,8.10,0.75,13.10,74.70,
2010,16,22,0.03,0.00,99.00,538.00,53.60,26.00,99.00,8.20,99.00,0.10,null,null,7.80,8.00,0.73,12.90,74.10,
2009,122,23,0.03,0.00,99.00,262.00,52.50,27.00,99.00,7.63,99.00,0.10,null,null,7.70,7.90,0.73,12.80,73.30,
2008,135,24,0.02,0.00,99.00,127.00,51.40,28.00,99.00,6.28,99.00,0.10,null,null,7.60,7.80,0.72,12.10,72.70,
2007,138,25,0.02,0.00,97.00,133.00,5.40,29.00,98.00,5.84,99.00,0.10,null,null,7.50,7.80,0.70,11.80,72.40,
2006,139,26,0.02,0.00,98.00,220.00,49.40,30.00,99.00,5.95,98.00,0.10,null,null,7.40,7.70,0.69,11.40,72.20,
2005,139,27,0.01,0.00,94.00,7.00,48.50,32.00,95.00,6.60,95.00,0.10,null,null,7.40,7.70,0.69,11.40,72.00,
2004,139,28,0.01,0.00,95.00,3.00,47.60,33.00,98.00,5.89,99.00,0.10,null,null,7.40,7.70,0.69,11.80,71.80,
2003,154,29,0.01,0.00,98.00,11644.00,46.90,35.00,99.00,5.42,99.00,0.10,null,null,7.50,7.70,0.68,11.80,75.00,
2002,142,31,0.01,0.00,99.00,9554.00,46.20,37.00,99.00,5.39,99.00,0.10,null,null,7.60,7.70,0.67,11.90,71.20,
2001,146,33,0.01,0.00,94.00,9582.00,45.50,40.00,95.00,5.20,96.00,0.10,null,null,7.70,7.80,0.67,11.60,78.00,
2000,15,35,0.01,0.00,99.00,11874.00,44.90,43.00,99.00,4.47,99.00,0.10,null,null,7.80,7.90,0.66,11.60,73.00,
2015,182,32,null,0.00,56.00,1433.00,59.10,38.00,63.00,null,58.00,0.10,4974.27,36115649.00,5.30,5.10,0.65,10.10,68.90,
2014,199,32,0.01,43.52,62.00,1317.00,58.50,39.00,67.00,5.54,64.00,0.10,673.75,3568.00,5.30,5.10,0.66,10.10,67.90,
2013,17,32,0.01,447.37,66.00,669.00,57.80,39.00,7.00,5.92,68.00,0.10,6925.22,33883145.00,5.30,5.10,0.66,10.30,69.50,
2012,147,32,0.01,429.66,61.00,15.00,57.20,39.00,7.00,5.26,69.00,0.10,6651.12,32776571.00,5.30,5.10,0.66,10.50,76.00,
2011,144,32,0.17,285.12,77.00,15.00,56.50,39.00,8.00,3.32,79.00,0.10,5854.61,3172753.00,5.30,5.10,0.65,10.40,77.00,
2010,145,32,0.19,21.82,72.00,492.00,55.80,39.00,74.00,3.82,74.00,0.10,452.75,376271.00,5.30,5.10,0.65,10.40,76.00,
2009,148,32,0.2,185.64,75.00,30328.00,55.20,39.00,78.00,4.65,78.00,0.10,3735.14,29894652.00,5.40,5.10,0.64,10.30,74.00,
2008,167,32,0.17,192.16,66.00,5494.00,54.50,38.00,71.00,3.93,69.00,0.10,4521.32,29111417.00,5.40,5.10,0.64,10.30,69.30,
2007,227,31,0.14,146.76,56.00,230.00,53.80,38.00,74.00,3.69,57.00,0.10,3129.22,2839433.00,5.40,5.10,0.64,10.20,65.90,
2006,249,31,0.03,75.26,59.00,474.00,53.20,38.00,63.00,3.00,59.00,0.10,2351.81,27697912.00,5.40,5.10,0.63,10.20,64.70,
2005,29,31,0.18,59.19,65.00,908.00,52.50,37.00,69.00,4.13,65.00,0.10,1849.64,278426.00,5.40,5.20,0.63,10.10,66.80,
2004,21,30,0.32,44.12,62.00,9081.00,51.90,37.00,69.00,5.61,74.00,0.10,1391.82,2631669.00,5.40,5.20,0.60,9.80,67.20,
2003,213,30,0.07,0.00,63.00,0.00,51.30,37.00,73.00,4.36,75.00,0.10,null,25627626.00,5.50,5.20,0.62,9.40,66.50,
2002,14,30,0.15,0.00,65.00,0.00,5.60,37.00,76.00,null,77.00,0.10,null,24939299.00,5.50,5.30,0.61,9.10,74.00,
2001,142,30,0.17,0.00,66.00,4088.00,5.10,37.00,8.00,null,78.00,0.10,null,24251649.00,5.60,5.30,0.61,8.70,72.00,
2000,144,30,0.2,0.00,67.00,726.00,49.50,37.00,83.00,null,8.00,0.10,null,23565413.00,5.60,5.40,0.60,8.60,70.00,
2015,64,0,null,0.00,95.00,4.00,62.80,0.00,95.00,null,95.00,0.10,6664.14,4676835.00,0.30,0.20,0.92,18.60,81.40,
2014,66,0,10.75,746.37,95.00,33.00,62.10,0.00,96.00,7.78,96.00,0.10,5553.33,4617225.00,0.30,0.20,0.91,18.60,81.20,
2013,67,0,10.49,703.55,95.00,51.00,61.30,0.00,96.00,8.10,96.00,0.10,5234.77,4598294.00,0.30,0.20,0.90,18.60,81.00,
2012,69,0,11.49,6616.70,95.00,107.00,6.50,0.00,95.00,8.32,95.00,0.10,49231.36,4586897.00,0.30,0.20,0.90,18.50,85.00,
2011,7,0,11.72,6386.95,95.00,285.00,59.70,0.00,95.00,8.15,95.00,0.10,52567.53,4576794.00,0.30,0.20,0.91,18.50,84.00,
2010,68,0,11.88,4509.23,46.00,443.00,58.90,0.00,94.00,8.76,94.00,0.10,48538.59,456155.00,0.30,0.20,0.91,18.20,86.00,
2009,77,0,11.41,7620.82,null,164.00,58.20,0.00,94.00,9.53,94.00,0.10,51983.79,4535375.00,0.30,0.20,0.91,17.90,79.70,
2008,75,0,12.66,9528.23,null,57.00,57.40,0.00,93.00,8.64,93.00,0.10,61235.42,4489544.00,0.30,0.20,0.91,17.90,79.80,
2007,75,0,13.59,9797.55,null,64.00,56.60,0.00,92.00,7.57,92.00,0.10,61388.17,4398942.00,0.30,0.20,0.90,17.60,79.50,
2006,78,0,13.44,9126.93,null,87.00,55.80,0.00,91.00,7.22,91.00,0.10,54326.97,4273591.00,0.30,0.20,0.90,17.60,79.00,
2005,78,0,13.31,973.68,null,95.00,55.10,0.00,9.00,7.27,9.00,0.10,5886.83,4159914.00,0.30,0.20,0.89,17.50,78.70,
2004,82,0,13.32,8040.22,null,334.00,54.40,0.00,89.00,7.34,89.00,0.10,47631.64,47262.00,0.30,0.20,0.88,17.10,78.30,
2003,82,0,13.24,675.21,null,584.00,53.60,0.00,86.00,7.50,86.00,0.10,4117.16,3996521.00,0.30,0.20,0.87,16.80,78.00,
2002,88,0,14.17,5092.38,null,243.00,52.90,0.00,83.00,6.85,83.00,0.10,32539.19,3931947.00,0.30,0.30,0.86,16.50,77.40,
2001,89,0,14.27,4264.58,null,241.00,52.20,0.00,84.00,6.60,84.00,0.10,28223.56,3866243.00,0.30,0.30,0.86,16.40,77.00,
2000,94,0,14.07,3794.58,null,0.00,51.50,0.00,86.00,6.30,86.00,0.10,26241.92,385174.00,0.30,0.30,0.85,16.20,76.40,
2015,58,0,null,0.00,96.00,80.00,64.90,1.00,95.00,null,95.00,0.10,35729.37,8381.00,1.20,1.10,0.90,16.00,82.50,
2014,6,1,2.62,4348.34,97.00,6.00,64.60,1.00,95.00,7.81,95.00,0.10,37582.85,82157.00,1.20,1.10,0.90,16.00,82.20,
2013,61,1,2.69,4279.90,97.00,50.00,64.20,1.00,96.00,7.89,96.00,0.10,36393.67,8595.00,1.20,1.10,0.89,15.90,82.10,
2012,6,1,2.78,3830.18,97.00,211.00,63.80,1.00,94.00,7.73,94.00,0.10,32569.60,7915.00,1.20,1.10,0.89,15.90,81.80,
2011,61,1,2.67,3793.16,98.00,70.00,63.40,1.00,94.00,7.39,94.00,0.10,33657.16,77658.00,1.20,1.10,0.88,15.80,81.80,
2010,61,1,2.63,409.41,97.00,23.00,63.00,1.00,95.00,7.36,95.00,0.10,3661.99,76236.00,1.20,1.10,0.88,15.70,81.70,
2009,63,1,2.55,508.66,98.00,5.00,62.60,1.00,96.00,7.46,96.00,0.10,27795.88,74856.00,1.20,1.10,0.88,15.60,81.50,
2008,65,1,2.47,471.55,99.00,931.00,62.10,1.00,94.00,7.33,94.00,0.10,29657.44,7388.00,1.10,1.10,0.88,15.80,81.00,
2007,68,1,2.33,4.35,99.00,539.00,61.60,1.00,95.00,7.37,95.00,0.10,258.64,7181.00,1.10,1.10,0.87,15.70,84.00,
2006,68,1,2.23,33.59,96.00,9.00,61.10,1.00,94.00,7.38,95.00,0.10,2195.18,7537.00,1.10,1.10,0.87,15.70,84.00,
2005,71,1,2.41,250.93,96.00,2.00,6.60,1.00,95.00,7.44,93.00,0.10,2611.18,6931.00,1.10,1.10,0.87,15.80,80.00,
2004,69,1,2.23,1895.34,99.00,116.00,6.10,1.00,95.00,7.35,95.00,0.10,19888.17,689.00,1.10,1.10,0.86,15.90,81.00,
2003,71,1,2.32,1731.76,98.00,124.00,59.60,1.00,93.00,7.44,93.00,0.10,18947.00,66897.00,1.10,1.10,0.86,16.00,79.70,
2002,74,1,2.47,1701.20,98.00,2.00,59.20,1.00,91.00,7.49,9.00,0.10,18431.16,657.00,1.10,1.10,0.85,15.30,79.30,
2001,74,1,2.53,22.27,96.00,19.00,58.70,1.00,93.00,7.61,92.00,0.10,236.20,6439.00,1.10,1.10,0.85,15.10,79.30,
2000,76,1,2.53,199.93,98.00,36.00,58.30,1.00,93.00,7.13,93.00,0.10,2152.14,6289.00,1.10,1.10,0.84,15.20,78.90,
2015,56,1,null,0.00,93.00,159.00,63.60,2.00,93.00,null,93.00,0.10,349.15,673582.00,0.60,0.60,0.88,16.30,82.70,
2014,57,2,7.56,4831.64,95.00,0.00,63.10,2.00,95.00,9.25,95.00,0.10,35396.67,678914.00,0.60,0.60,0.88,16.30,82.50,
2013,58,2,7.35,483.19,96.00,0.00,62.60,2.00,96.00,9.22,96.00,0.10,3537.27,6233948.00,0.50,0.60,0.88,16.50,82.30,
2012,6,2,7.49,4793.90,96.00,376.00,62.10,2.00,96.00,9.28,97.00,0.10,34814.12,59539717.00,0.50,0.60,0.88,16.60,82.00,
2011,6,2,6.98,5439.69,96.00,5189.00,61.50,2.00,96.00,9.27,96.00,0.10,38334.68,59379449.00,0.50,0.50,0.87,16.40,82.00,
2010,6,2,6.95,5219.67,96.00,372.00,61.00,2.00,96.00,9.42,96.00,0.10,35849.37,59277417.00,0.50,0.50,0.87,16.40,81.80,
2009,61,2,7.25,5243.32,96.00,351.00,6.50,2.00,96.00,9.41,96.00,0.10,36976.85,5995365.00,0.50,0.50,0.87,16.30,81.60,
2008,61,2,7.96,66.38,96.00,1617.00,59.90,2.00,96.00,8.89,96.00,0.10,464.18,58826731.00,0.50,0.50,0.87,16.30,81.50,
2007,63,2,8.37,5228.82,97.00,321.00,59.40,2.00,97.00,8.48,97.00,0.10,37698.79,5843831.00,0.50,0.50,0.86,16.10,81.30,
2006,65,2,8.44,473.19,96.00,439.00,58.80,2.00,97.00,8.82,96.00,0.10,3341.75,58143979.00,0.50,0.50,0.86,16.00,81.20,
2005,66,2,8.65,4506.26,96.00,135.00,58.20,2.00,97.00,8.71,95.00,0.10,31959.26,57969484.00,0.50,0.50,0.85,15.80,88.00,
2004,66,2,8.98,4270.91,96.00,599.00,57.60,3.00,97.00,8.49,94.00,0.10,31174.56,57685327.00,0.50,0.50,0.85,15.60,89.00,
2003,72,2,9.3,3519.26,95.00,10982.00,57.00,3.00,97.00,8.17,96.00,0.10,27387.23,5731323.00,0.50,0.50,0.84,15.40,79.90,
2002,72,2,9.25,2883.33,95.00,9385.00,56.40,3.00,96.00,8.23,93.00,0.10,22196.57,57597.00,0.50,0.50,0.84,15.20,80.00,
2001,75,2,9.69,3.12,95.00,0.00,55.70,3.00,96.00,8.11,93.00,0.10,24.82,569741.00,0.50,0.50,0.83,14.90,79.80,
2000,77,3,9.78,31.51,94.00,1457.00,55.00,3.00,97.00,7.91,87.00,0.10,251.24,5694218.00,0.50,0.50,0.82,14.80,79.40,
2015,125,1,null,0.00,91.00,0.00,54.20,1.00,91.00,null,91.00,0.50,4965.99,2871934.00,1.80,1.70,0.73,12.80,76.20,
2014,133,1,3.83,427.31,92.00,0.00,53.50,1.00,93.00,5.36,92.00,0.50,4855.74,286287.00,1.80,1.70,0.73,12.80,75.80,
2013,136,1,3.79,5.46,93.00,0.00,52.70,1.00,86.00,5.91,93.00,0.60,56.14,285187.00,1.80,1.70,0.73,12.80,75.60,
2012,138,1,3.65,37.17,96.00,0.00,52.00,1.00,96.00,5.66,96.00,0.50,521.33,284992.00,1.80,1.70,0.72,12.80,75.30,
2011,139,1,3.58,33.18,92.00,1.00,51.20,1.00,93.00,5.21,92.00,0.60,513.55,2829493.00,1.80,1.70,0.72,12.80,75.20,
2010,138,1,3.55,396.63,94.00,0.00,5.50,1.00,94.00,5.30,94.00,0.50,4682.73,281721.00,1.80,1.70,0.72,12.70,75.00,
2009,142,1,3.33,235.71,9.00,0.00,49.70,1.00,9.00,5.16,9.00,0.60,4293.38,28482.00,1.90,1.70,0.72,12.70,74.70,
2008,145,1,3.51,31.77,92.00,2.00,48.90,1.00,91.00,5.40,91.00,0.40,492.49,279122.00,1.90,1.70,0.72,12.60,74.50,
2007,148,1,3.64,25.62,92.00,0.00,48.10,1.00,94.00,4.87,92.00,0.90,462.52,2775467.00,1.90,1.70,0.71,12.50,74.20,
2006,15,1,3.63,194.09,97.00,0.00,47.20,1.00,99.00,4.22,95.00,1.50,4313.17,276279.00,1.90,1.70,0.71,12.50,74.00,
2005,161,1,3.59,16.98,99.00,0.00,46.30,1.00,99.00,4.70,99.00,1.90,482.25,2744673.00,1.90,1.70,0.71,12.40,73.50,
2004,165,1,3.67,192.32,98.00,0.00,45.40,1.00,97.00,4.80,98.00,2.30,3719.97,2728777.00,1.90,1.80,0.69,11.10,73.30,
2003,166,1,3.48,155.59,36.00,0.00,44.50,1.00,99.00,4.56,96.00,2.30,3465.22,2712511.00,1.90,1.80,0.69,11.90,73.10,
2002,167,1,3.76,211.11,null,0.00,43.50,1.00,99.00,4.86,99.00,2.30,3596.50,2695446.00,2.00,1.80,0.69,11.70,73.00,
2001,171,1,3.89,160.24,null,0.00,42.50,1.00,99.00,5.34,99.00,2.20,3394.88,267711.00,2.00,1.80,0.68,10.90,72.70,
2000,171,1,3.46,24.83,null,0.00,41.60,1.00,95.00,5.81,93.00,2.20,336.87,2656864.00,2.00,1.90,0.68,11.40,72.60,
2015,55,2,null,0.00,null,35.00,29.00,3.00,99.00,null,96.00,0.10,34474.14,127141.00,2.10,1.80,0.90,15.30,83.70,
2014,57,2,0.01,88.83,null,462.00,28.60,3.00,99.00,1.23,96.00,0.10,3896.21,127276.00,2.00,1.70,0.90,15.30,83.50,
2013,56,2,7.55,94.43,null,229.00,28.20,3.00,99.00,1.25,96.00,0.10,4454.45,127445.00,2.00,1.70,0.89,15.30,83.50,
2012,58,2,7.39,121.59,null,228.00,27.80,3.00,99.00,1.17,97.00,0.10,4863.48,127629.00,1.90,1.70,0.89,15.30,83.30,
2011,64,3,7.39,9498.73,null,434.00,27.40,4.00,96.00,1.70,97.00,0.10,48168.00,127833.00,1.90,1.60,0.88,15.10,82.50,
2010,62,3,6.9,863.01,null,450.00,26.90,4.00,98.00,9.58,97.00,0.10,4457.68,1287.00,1.90,1.60,0.88,15.10,83.00,
2009,64,3,7.09,899.18,null,741.00,26.40,4.00,99.00,9.51,97.00,0.10,4855.18,12847.00,1.80,1.60,0.88,15.00,83.00,
2008,66,3,7.11,7313.18,null,11015.00,25.90,4.00,98.00,8.60,98.00,0.10,39339.30,12863.00,1.80,1.50,0.88,15.00,82.70,
2007,67,3,7.29,6600.00,null,0.00,25.40,4.00,97.00,8.25,98.00,0.10,35275.23,1281.00,1.80,1.50,0.88,15.00,82.60,
2006,68,3,7.49,6502.14,null,520.00,24.90,4.00,95.00,8.19,98.00,0.10,35433.99,127854.00,1.70,1.50,0.87,14.90,82.40,
2005,69,3,7.99,6799.66,null,0.00,24.40,4.00,95.00,8.18,98.00,0.10,37217.65,127773.00,1.70,1.50,0.87,14.90,82.00,
2004,68,3,7.7,6746.28,null,8752.00,23.80,4.00,97.00,8.30,99.00,0.10,37688.72,127761.00,1.70,1.40,0.87,14.80,82.10,
2003,7,3,7.83,578.73,null,8286.00,23.40,5.00,97.00,8.00,97.00,0.10,3488.40,127718.00,1.70,1.40,0.86,14.80,81.90,
2002,7,3,7.87,5250.25,null,33812.00,22.90,5.00,89.00,7.85,96.00,0.10,32289.36,127445.00,1.70,1.40,0.86,14.70,81.80,
2001,72,4,8.03,5486.51,null,22552.00,22.50,5.00,81.00,7.75,95.00,0.10,33846.47,127149.00,1.70,1.40,0.86,14.60,81.50,
2000,74,4,7.97,5926.30,null,22497.00,22.20,5.00,98.00,7.53,85.00,0.10,38532.49,126843.00,1.60,1.40,0.85,14.50,81.10,
2015,112,4,null,0.00,99.00,0.00,65.60,4.00,99.00,null,99.00,0.10,496.99,915932.00,4.00,4.00,0.74,13.10,74.10,
2014,113,4,0.41,63.88,98.00,20.00,64.80,4.00,98.00,7.45,98.00,0.10,466.95,88936.00,3.90,3.90,0.74,13.10,74.00,
2013,114,4,0.4,546.62,98.00,120.00,64.00,4.00,98.00,7.23,98.00,0.10,3992.87,8413464.00,3.90,3.90,0.74,13.10,73.90,
2012,115,4,0.41,67.70,98.00,3.00,63.20,4.00,98.00,8.00,98.00,0.10,387.75,7992573.00,3.90,3.90,0.73,12.90,73.70,
2011,116,4,0.43,68.87,98.00,0.00,62.40,4.00,98.00,8.39,98.00,0.10,387.32,7574943.00,3.80,3.90,0.74,13.10,73.60,
2010,117,4,0.51,715.97,98.00,0.00,61.70,4.00,98.00,8.42,98.00,0.10,3679.19,718239.00,3.80,3.80,0.74,13.20,73.40,
2009,118,4,0.59,668.74,98.00,0.00,6.90,4.00,98.00,9.54,98.00,0.10,3492.14,6821116.00,3.80,3.80,0.74,13.60,73.30,
2008,119,4,0.61,535.28,97.00,2.00,6.10,4.00,98.00,8.78,97.00,0.10,3385.70,6489822.00,3.80,3.80,0.74,13.60,73.10,
2007,12,4,0.6,373.26,98.00,41.00,59.30,4.00,98.00,8.35,98.00,0.10,2762.86,6193191.00,3.80,3.80,0.74,13.60,73.00,
2006,121,4,0.59,313.36,98.00,1.00,58.60,4.00,98.00,8.80,98.00,0.10,2537.35,5934232.00,3.90,3.80,0.73,13.70,72.80,
2005,127,4,0.55,27.44,95.00,28.00,57.80,4.00,95.00,8.88,95.00,0.10,223.84,5714111.00,3.90,3.80,0.73,13.80,72.40,
2004,125,4,0.54,32.53,95.00,21.00,57.00,4.00,95.00,9.50,95.00,0.10,261.46,5535595.00,3.90,3.80,0.72,13.50,72.50,
2003,127,4,0.54,228.78,97.00,76.00,56.30,4.00,97.00,9.15,97.00,0.10,1889.21,5396774.00,3.90,3.90,0.72,13.20,72.30,
2002,129,4,0.54,259.16,95.00,19.00,55.50,4.00,95.00,9.68,95.00,0.10,1812.29,5287488.00,3.90,3.90,0.71,13.00,72.10,
2001,131,4,0.55,248.70,97.00,61.00,54.80,4.00,97.00,9.90,99.00,0.10,1728.27,5193482.00,4.00,3.90,0.71,12.70,71.90,
2000,133,4,0.49,227.30,93.00,32.00,54.00,4.00,94.00,9.65,91.00,0.10,1657.89,51313.00,4.00,4.00,0.70,12.60,71.70,
2015,198,4,null,0.00,98.00,526.00,53.10,5.00,98.00,null,98.00,0.10,159.98,17544126.00,2.40,2.50,0.79,15.00,72.00,
2014,22,5,6.29,24.44,95.00,321.00,52.30,5.00,95.00,4.36,95.00,0.10,1286.57,17289224.00,2.40,2.50,0.79,15.00,69.90,
2013,28,5,6.48,26.41,99.00,73.00,51.40,6.00,98.00,4.30,98.00,0.10,1389.86,1735275.00,2.40,2.50,0.78,15.00,69.50,
2012,214,6,6.82,235.36,95.00,55.00,5.60,7.00,98.00,4.32,99.00,0.10,12387.19,16791425.00,2.40,2.50,0.77,14.70,69.10,
2011,224,7,6.63,179.17,99.00,127.00,49.90,7.00,99.00,4.60,99.00,0.10,11634.42,165566.00,2.30,2.50,0.77,14.40,68.50,
2010,236,7,6.83,11.15,99.00,4.00,49.20,8.00,98.00,4.42,99.00,0.10,97.65,16321581.00,2.30,2.50,0.76,14.50,67.80,
2009,235,7,6.64,808.24,99.00,0.00,48.50,8.00,99.00,4.13,98.00,0.10,7165.28,169271.00,2.30,2.50,0.76,14.60,67.80,
2008,258,8,7.6,708.33,99.00,20.00,47.90,9.00,99.00,3.65,99.00,0.10,8513.56,15674.00,2.40,2.50,0.76,14.60,66.60,
2007,288,8,7.44,499.73,94.00,13.00,47.30,9.00,94.00,3.19,93.00,0.10,6771.41,15484192.00,2.40,2.50,0.75,14.70,65.30,
2006,295,8,7.08,76.20,99.00,109.00,46.80,9.00,99.00,3.73,99.00,0.10,5291.58,153884.00,2.40,2.50,0.75,14.30,65.00,
2005,294,8,6.94,351.86,94.00,16118.00,46.30,9.00,99.00,4.70,98.00,0.10,3771.28,1514729.00,2.40,2.50,0.74,13.90,64.60,
2004,287,8,6.55,33.92,99.00,2204.00,45.80,9.00,99.00,3.95,82.00,0.10,2874.29,1512985.00,2.50,2.60,0.72,13.50,64.70,
2003,282,8,6.58,23.43,99.00,24.00,45.30,9.00,99.00,3.70,99.00,0.10,268.12,149918.00,2.50,2.60,0.71,13.10,64.40,
2002,276,8,5.99,145.10,95.00,18.00,44.80,9.00,95.00,3.61,95.00,0.10,1658.31,14858948.00,2.60,2.60,0.70,12.70,64.70,
2001,284,8,5.75,12.61,95.00,94.00,44.40,10.00,95.00,3.47,95.00,0.10,149.93,14858335.00,2.60,2.70,0.69,12.30,64.40,
2000,292,9,6,112.54,99.00,245.00,43.90,10.00,96.00,4.16,97.00,0.10,1229.96,14883626.00,2.70,2.70,0.68,12.10,63.90,
2015,249,54,null,0.00,89.00,95.00,22.00,75.00,83.00,null,89.00,2.80,1349.97,47236259.00,7.80,7.60,0.55,11.10,63.40,
2014,255,56,0.01,170.96,92.00,354.00,21.30,79.00,93.00,5.72,92.00,2.90,1335.65,462425.00,7.80,7.70,0.55,11.10,62.90,
2013,258,58,1.84,165.93,93.00,190.00,2.70,81.00,94.00,5.57,87.00,3.00,1229.11,44826849.00,7.90,7.70,0.54,11.10,62.60,
2012,263,59,1.81,154.23,94.00,0.00,2.10,84.00,94.00,5.49,94.00,3.00,1155.26,43646629.00,8.00,7.80,0.54,11.10,62.10,
2011,278,60,1.8,109.71,96.00,2395.00,19.50,86.00,97.00,5.23,96.00,3.40,987.45,42486839.00,8.10,7.90,0.53,11.10,61.20,
2010,294,61,1.73,56.59,9.00,95.00,18.90,89.00,9.00,3.97,9.00,4.30,967.35,4135152.00,8.20,8.00,0.52,11.10,63.00,
2009,317,62,1.86,7.15,88.00,1218.00,18.40,91.00,89.00,4.17,88.00,5.00,92.82,423724.00,8.20,8.10,0.51,10.70,59.10,
2008,339,64,1.71,60.52,88.00,1282.00,17.90,95.00,88.00,3.90,88.00,6.40,916.90,39148416.00,8.30,8.20,0.51,10.40,57.90,
2007,356,66,1.97,59.83,81.00,1516.00,17.30,100.00,76.00,4.80,81.00,9.10,839.18,388599.00,8.40,8.30,0.49,10.10,56.80,
2006,388,68,1.76,52.60,8.00,1847.00,16.90,104.00,77.00,4.24,8.00,10.30,697.66,37525.00,8.50,8.40,0.48,9.70,55.30,
2005,412,70,1.82,39.56,76.00,153.00,16.40,108.00,7.00,4.36,76.00,11.60,519.80,3648288.00,8.60,8.50,0.47,9.60,54.10,
2004,432,72,1.43,36.30,73.00,20.00,15.90,112.00,73.00,4.29,73.00,13.20,458.88,3574931.00,8.70,8.60,0.46,8.90,53.00,
2003,437,74,1.49,35.85,73.00,65.00,15.50,115.00,75.00,4.45,73.00,14.50,436.69,3413852.00,8.80,8.80,0.45,8.20,52.40,
2002,437,76,1.66,32.74,84.00,766.00,15.10,118.00,83.00,4.54,84.00,15.70,395.85,332149.00,8.90,8.90,0.45,8.50,52.10,
2001,434,77,1.63,3.85,null,11304.00,14.70,120.00,77.00,4.62,8.00,16.90,41.78,32321482.00,9.00,9.00,0.45,8.40,51.90,
2000,428,77,1.51,0.68,null,21002.00,14.40,121.00,8.00,4.68,82.00,18.10,43.98,3145483.00,9.20,9.10,0.45,8.40,51.90,
2015,198,0,null,0.00,82.00,0.00,77.60,0.00,8.00,null,78.00,0.10,1424.48,11247.00,0.10,0.10,0.59,11.90,66.30,
2014,2,0,0.01,97.87,75.00,0.00,77.10,0.00,79.00,1.21,75.00,0.10,1684.54,11458.00,0.10,0.10,0.60,11.90,66.10,
2013,22,0,0.01,137.26,95.00,0.00,76.70,0.00,91.00,1.15,95.00,0.10,1724.36,18535.00,0.10,0.10,0.59,11.90,65.80,
2012,24,0,0.01,147.45,94.00,0.00,76.20,0.00,92.00,1.37,94.00,0.10,1763.82,16613.00,0.10,0.10,0.58,11.90,65.70,
2011,26,0,0.53,30.47,95.00,0.00,75.70,0.00,95.00,1.42,99.00,0.10,1692.61,14656.00,0.10,0.10,0.58,11.90,65.50,
2010,27,0,0.48,18.22,91.00,0.00,75.20,0.00,95.00,1.52,91.00,0.10,1493.17,12652.00,0.10,0.10,0.58,11.90,65.30,
2009,28,0,0.54,162.29,86.00,0.00,74.60,0.00,84.00,12.24,86.00,0.10,1297.29,1568.00,0.10,0.10,0.58,11.90,65.20,
2008,21,0,0.46,167.62,83.00,0.00,74.10,0.00,74.00,12.23,82.00,0.10,1413.32,9844.00,0.20,0.10,0.57,11.60,65.10,
2007,211,0,0.68,188.71,96.00,0.00,73.40,0.00,93.00,13.66,94.00,0.10,1357.63,96311.00,0.20,0.10,0.57,11.80,65.00,
2006,212,0,0.76,18.19,88.00,0.00,72.80,0.00,86.00,1.93,86.00,0.10,1151.56,9426.00,0.20,0.10,0.58,12.10,65.00,
2005,213,0,0.6,111.74,5.00,0.00,72.10,0.00,74.00,1.60,79.00,0.10,1214.56,92325.00,0.20,0.20,0.00,12.20,64.90,
2004,214,0,0.48,10.62,67.00,0.00,71.40,0.00,61.00,1.39,62.00,0.10,113.63,9542.00,0.20,0.20,0.00,12.40,64.80,
2003,215,0,0.5,1.77,73.00,0.00,7.60,0.00,79.00,9.98,7.00,0.10,115.39,88895.00,0.20,0.20,0.00,11.60,64.70,
2002,217,0,0.49,70.76,79.00,0.00,69.70,0.00,96.00,9.10,77.00,0.10,826.59,87343.00,0.20,0.20,0.00,11.70,64.60,
2001,219,0,0.6,59.97,85.00,0.00,68.80,0.00,88.00,9.00,85.00,0.10,734.95,85858.00,0.20,0.20,0.00,10.40,64.30,
2000,222,0,0.46,11.08,9.00,0.00,67.90,0.00,9.00,8.12,9.00,0.10,796.79,8446.00,0.20,0.20,0.00,10.00,64.10,
2015,81,0,null,0.00,99.00,18.00,71.40,1.00,99.00,null,99.00,0.10,28975.42,null,3.50,3.40,0.80,13.30,74.70,
2014,82,0,0.01,2480.90,96.00,55.00,7.80,1.00,94.00,3.40,95.00,0.10,42996.48,null,3.40,3.40,0.79,13.00,74.60,
2013,83,1,0.01,2792.68,99.00,62.00,7.20,1.00,99.00,2.56,99.00,0.10,48399.96,null,3.40,3.30,0.80,13.10,74.50,
2012,84,1,0.01,2957.97,98.00,27.00,69.50,1.00,98.00,2.57,98.00,0.10,51264.71,null,3.40,3.30,0.79,13.20,74.30,
2011,85,1,0.02,2785.10,99.00,32.00,69.00,1.00,99.00,2.62,99.00,0.10,48268.59,null,3.30,3.20,0.79,13.40,74.20,
2010,86,1,0.01,2009.58,99.00,13.00,68.40,1.00,98.00,2.76,98.00,0.10,38497.62,null,3.30,3.20,0.79,13.50,74.00,
2009,87,1,0.1,3001.63,99.00,0.00,67.90,1.00,99.00,3.87,99.00,0.10,37567.31,null,3.30,3.20,0.79,13.60,73.90,
2008,88,1,0.03,2078.39,99.00,0.00,67.50,1.00,99.00,1.93,99.00,0.10,55572.00,null,3.30,3.10,0.79,13.80,73.80,
2007,89,1,0.03,2555.30,99.00,0.00,67.10,1.00,99.00,2.13,99.00,0.10,45793.98,null,3.20,3.10,0.79,13.90,73.70,
2006,89,1,0.01,2443.44,99.00,0.00,66.70,1.00,99.00,2.25,99.00,0.10,42717.56,null,3.20,3.10,0.79,14.10,73.60,
2005,9,0,0.01,239.58,99.00,10.00,66.30,1.00,99.00,2.38,99.00,0.10,3549.26,null,3.20,3.10,0.79,14.20,73.60,
2004,91,0,0.02,1731.07,94.00,23.00,65.90,1.00,98.00,2.76,98.00,0.10,26921.83,null,3.20,3.00,0.79,14.40,73.50,
2003,93,0,0.03,159.01,99.00,0.00,65.50,1.00,99.00,3.23,99.00,0.10,2271.57,null,3.20,3.00,0.79,14.10,73.40,
2002,94,0,0.01,1209.68,99.00,0.00,65.00,1.00,99.00,3.56,99.00,0.10,17789.42,null,3.20,3.00,0.79,13.90,73.30,
2001,95,0,0.01,113.20,99.00,0.00,64.50,1.00,99.00,3.61,99.00,0.10,1654.97,null,3.20,3.00,0.79,14.00,73.20,
2000,96,0,0.01,959.93,95.00,6.00,64.00,1.00,94.00,2.51,98.00,0.10,18389.38,null,3.20,3.10,0.79,14.10,73.20,
2015,166,3,null,0.00,97.00,17779.00,44.90,3.00,97.00,null,97.00,0.10,null,null,3.30,3.40,0.66,13.00,71.10,
2014,17,3,0.01,0.00,96.00,318.00,43.90,4.00,95.00,6.48,96.00,0.10,null,null,3.30,3.40,0.66,12.80,78.00,
2013,174,3,0.01,0.00,97.00,1.00,43.00,4.00,97.00,6.68,97.00,0.10,null,null,3.30,3.30,0.65,12.50,77.00,
2012,18,3,0.01,0.00,96.00,0.00,42.20,4.00,94.00,6.97,96.00,0.10,null,null,3.20,3.30,0.64,12.30,69.90,
2011,188,4,3.28,0.00,96.00,222.00,41.40,4.00,94.00,6.18,96.00,0.20,null,null,3.20,3.30,0.63,12.10,69.40,
2010,199,4,2.73,0.00,96.00,0.00,4.70,4.00,88.00,6.66,96.00,0.10,null,null,3.20,3.30,0.63,12.20,68.80,
2009,21,4,2.39,0.00,96.00,1.00,4.10,4.00,96.00,6.79,95.00,0.10,null,null,3.30,3.40,0.63,12.40,68.50,
2008,217,4,2.53,0.00,97.00,16.00,39.50,4.00,95.00,6.70,95.00,0.20,null,null,3.30,3.40,0.62,12.60,67.60,
2007,229,4,2.77,0.00,94.00,40.00,39.00,4.00,94.00,6.87,94.00,0.10,null,null,3.30,3.40,0.62,12.60,67.20,
2006,234,4,2.48,0.00,9.00,27.00,38.50,4.00,93.00,6.73,92.00,0.10,null,null,3.30,3.40,0.61,12.50,66.70,
2005,224,4,2.81,0.00,97.00,53.00,38.00,4.00,98.00,5.82,98.00,0.10,null,null,3.40,3.40,0.61,12.40,66.90,
2004,218,4,3.41,0.00,99.00,8.00,37.50,4.00,98.00,5.57,99.00,0.10,null,null,3.40,3.40,0.61,12.50,67.10,
2003,217,4,3.52,0.00,99.00,6.00,37.00,4.00,98.00,5.43,98.00,0.10,null,null,3.50,3.50,0.60,12.20,66.60,
2002,215,4,3.31,0.00,99.00,2.00,36.50,5.00,99.00,5.43,98.00,0.10,null,null,3.50,3.50,0.60,12.10,66.70,
2001,217,4,2.62,0.00,57.00,17.00,36.00,5.00,99.00,4.79,99.00,0.10,null,null,3.60,3.60,0.59,11.80,67.20,
2000,225,4,2.13,0.00,44.00,16.00,35.60,5.00,99.00,4.68,99.00,0.10,null,null,3.60,3.60,0.59,11.40,66.60,
2015,194,8,null,0.00,89.00,56.00,21.70,11.00,89.00,null,89.00,0.20,null,null,8.80,8.90,0.58,10.80,65.70,
2014,199,8,0.01,0.00,88.00,339.00,2.90,11.00,88.00,1.87,88.00,0.20,null,null,8.90,9.00,0.57,10.60,65.30,
2013,23,9,0.01,0.00,87.00,71.00,2.10,12.00,86.00,2.00,87.00,0.30,null,null,9.00,9.10,0.56,10.40,64.90,
2012,28,9,0.01,0.00,79.00,32.00,19.40,12.00,78.00,2.12,79.00,0.30,null,null,9.10,9.20,0.55,10.20,64.40,
2011,213,9,5.39,0.00,78.00,113.00,18.70,13.00,79.00,2.20,78.00,0.30,null,null,9.20,9.40,0.54,9.90,64.00,
2010,218,10,5.95,0.00,74.00,153.00,18.00,13.00,76.00,2.75,74.00,0.30,null,null,9.30,9.50,0.54,9.60,63.60,
2009,223,10,5.18,0.00,67.00,78.00,17.30,14.00,67.00,3.77,67.00,0.20,null,null,9.40,9.60,0.53,9.40,63.10,
2008,228,10,5.1,0.00,61.00,174.00,16.70,14.00,6.00,2.77,61.00,0.20,null,null,9.60,9.70,0.52,9.20,62.60,
2007,234,11,5,0.00,5.00,1678.00,16.10,15.00,46.00,4.14,5.00,0.20,null,null,9.70,9.80,0.51,9.00,62.10,
2006,24,11,3.69,0.00,57.00,58.00,15.50,15.00,56.00,4.14,57.00,0.20,null,null,9.90,9.90,0.50,9.00,61.50,
2005,246,11,3.68,0.00,49.00,295.00,14.90,16.00,5.00,4.32,49.00,0.20,null,null,1.00,1.10,0.49,8.70,61.00,
2004,252,12,3.53,0.00,45.00,1491.00,14.40,16.00,46.00,4.54,45.00,0.20,null,null,1.10,1.20,0.48,8.60,64.00,
2003,259,12,3.41,0.00,5.00,1810.00,13.80,17.00,52.00,4.91,49.00,0.10,null,null,1.20,1.30,0.48,8.30,59.80,
2002,265,13,3.33,0.00,null,2070.00,13.30,18.00,55.00,4.40,53.00,0.10,null,null,1.30,1.40,0.47,8.00,59.30,
2001,271,13,3.13,0.00,null,94.00,12.70,19.00,55.00,4.32,52.00,0.10,null,null,1.40,1.50,0.46,8.00,58.70,
2000,278,14,5.16,0.00,null,332.00,12.30,20.00,57.00,3.41,51.00,0.10,null,null,1.50,1.50,0.46,8.00,58.10,
2015,153,0,null,0.00,94.00,0.00,61.20,0.00,95.00,null,95.00,0.10,13666.58,1977527.00,2.20,2.10,0.83,16.00,74.60,
2014,156,0,0.01,1542.64,92.00,36.00,6.70,0.00,92.00,5.88,92.00,0.10,15725.14,1993782.00,2.20,2.20,0.82,16.00,74.40,
2013,161,0,10.37,150.31,94.00,0.00,6.20,0.00,94.00,5.67,94.00,0.10,1532.23,212647.00,2.20,2.20,0.81,15.40,74.10,
2012,163,0,10.21,1356.02,9.00,3.00,59.80,0.00,91.00,5.91,91.00,0.10,13822.86,234319.00,2.20,2.20,0.81,15.50,73.80,
2011,169,0,10.14,24.71,89.00,1.00,59.40,0.00,92.00,6.10,92.00,0.10,1372.69,25979.00,2.20,2.30,0.81,15.80,73.60,
2010,18,0,9.8,1109.97,91.00,0.00,58.90,0.00,92.00,6.55,92.00,0.10,11326.22,297555.00,2.20,2.30,0.81,16.00,72.80,
2009,184,0,9.85,1137.62,92.00,0.00,58.50,0.00,94.00,6.84,94.00,0.10,12219.37,2141669.00,2.30,2.30,0.82,16.40,72.60,
2008,199,0,11.84,253.40,93.00,3.00,58.10,0.00,94.00,6.63,94.00,0.10,16348.53,2177322.00,2.30,2.40,0.82,16.30,71.90,
2007,221,0,12.12,170.99,91.00,0.00,57.70,0.00,94.00,7.10,94.00,0.10,1444.16,22325.00,2.40,2.40,0.81,16.20,78.00,
2006,229,0,10.4,1099.25,94.00,7.00,57.40,0.00,96.00,6.80,96.00,0.10,9667.98,2218357.00,2.40,2.50,0.81,16.20,75.00,
2005,216,0,9.92,86.93,99.00,2.00,57.00,0.00,99.00,6.37,99.00,0.10,7558.74,2238799.00,2.50,2.50,0.79,15.90,76.00,
2004,26,0,8.81,80.03,98.00,0.00,56.60,0.00,99.00,6.51,99.00,0.10,6351.81,2263122.00,2.50,2.60,0.78,15.50,71.00,
2003,29,0,8.24,478.06,98.00,0.00,56.30,0.00,98.00,6.15,98.00,0.10,5134.96,2287955.00,2.60,2.60,0.76,15.20,78.00,
2002,219,0,7.44,376.46,98.00,0.00,56.00,0.00,98.00,6.29,97.00,0.10,4132.35,231173.00,2.70,2.70,0.75,14.80,73.00,
2001,228,0,6.68,332.28,96.00,1.00,55.70,0.00,97.00,6.17,97.00,0.10,3572.85,233717.00,2.80,2.80,0.73,14.20,69.90,
2000,218,0,7.13,291.02,95.00,0.00,55.40,0.00,96.00,6.00,96.00,0.10,3352.73,236755.00,2.80,2.80,0.72,13.70,71.00,
2015,98,1,null,0.00,81.00,39.00,66.10,1.00,75.00,null,81.00,0.10,846.63,5851479.00,4.90,4.90,0.76,13.30,74.90,
2014,99,1,1.32,140.38,81.00,112.00,65.40,1.00,75.00,6.39,81.00,0.10,8161.46,563279.00,4.80,4.90,0.76,13.30,74.80,
2013,97,1,1.29,14.56,81.00,1761.00,64.90,1.00,75.00,6.63,81.00,0.10,846.29,527612.00,4.80,4.80,0.77,13.30,74.90,
2012,93,1,1.53,151.15,81.00,9.00,64.40,1.00,75.00,6.99,81.00,0.10,8787.95,491644.00,4.80,4.80,0.76,13.30,75.00,
2011,93,1,1.57,835.06,81.00,9.00,64.00,1.00,75.00,7.12,81.00,0.10,8734.97,4588368.00,4.70,4.70,0.76,13.20,75.00,
2010,94,1,1.58,805.40,81.00,12.00,63.50,1.00,75.00,7.19,81.00,0.10,8763.83,4337141.00,4.70,4.70,0.75,13.30,74.90,
2009,95,1,1.62,8.14,81.00,22.00,63.00,1.00,75.00,7.42,81.00,0.10,84.27,4183156.00,4.70,4.70,0.75,13.20,74.70,
2008,98,1,1.67,69.14,81.00,24.00,62.50,1.00,75.00,8.70,81.00,0.10,712.78,411147.00,4.70,4.70,0.74,13.10,74.50,
2007,98,1,1.72,8.91,8.00,373.00,61.90,1.00,75.00,8.90,8.00,0.10,614.27,486466.00,4.70,4.60,0.73,12.90,74.40,
2006,1,1,1.82,534.58,78.00,956.00,61.40,1.00,75.00,8.83,78.00,0.10,5372.66,45735.00,4.70,4.60,0.73,13.20,74.10,
2005,11,1,1.94,630.05,77.00,618.00,6.80,1.00,74.00,8.42,77.00,0.10,5339.44,3986852.00,4.70,4.60,0.00,13.70,73.90,
2004,13,1,2.1,618.36,75.00,213.00,6.20,1.00,74.00,8.91,75.00,0.10,5424.22,3863267.00,4.70,4.60,0.00,14.20,73.70,
2003,15,1,2.19,527.92,74.00,526.00,59.70,1.00,74.00,9.30,74.00,0.10,5425.67,371464.00,4.80,4.70,0.00,14.80,73.50,
2002,17,1,1.98,70.13,77.00,36.00,59.10,1.00,77.00,1.50,77.00,0.10,5436.60,3522837.00,4.80,4.70,0.00,15.20,73.20,
2001,11,1,2.19,510.60,8.00,8.00,58.60,1.00,8.00,1.90,8.00,0.10,5253.12,3359859.00,4.90,4.70,0.00,15.00,73.00,
2000,112,1,2.26,404.39,83.00,5.00,57.90,1.00,83.00,1.86,83.00,0.10,5334.93,3235366.00,4.90,4.80,0.00,14.90,72.70,
2015,484,4,null,0.00,93.00,0.00,32.60,6.00,9.00,null,93.00,9.30,173.83,2174645.00,5.50,5.30,0.50,10.70,53.70,
2014,522,4,0.01,162.13,93.00,0.00,32.00,6.00,9.00,1.62,93.00,9.40,1174.84,2145785.00,5.80,5.60,0.49,10.80,52.10,
2013,518,4,0.01,153.34,93.00,516.00,31.40,6.00,9.00,11.70,93.00,9.60,1196.13,2117361.00,6.10,5.90,0.48,11.10,52.10,
2012,513,4,0.01,168.13,95.00,179.00,3.80,6.00,93.00,11.14,95.00,9.00,1281.52,289928.00,6.40,6.20,0.48,11.00,52.20,
2011,52,4,2.39,195.83,96.00,172.00,3.20,6.00,95.00,11.79,96.00,10.50,1352.38,264166.00,6.80,6.60,0.47,11.00,52.30,
2010,527,4,2.71,154.87,93.00,2488.00,29.70,6.00,92.00,1.87,93.00,13.40,1173.26,24551.00,7.20,7.00,0.46,10.90,51.10,
2009,566,4,2.75,104.31,91.00,0.00,29.20,6.00,89.00,9.80,91.00,18.20,923.14,21929.00,7.60,7.40,0.45,10.80,49.40,
2008,592,5,2.75,91.85,88.00,0.00,28.80,6.00,86.00,8.85,88.00,27.30,934.43,199993.00,8.00,7.80,0.45,10.70,47.80,
2007,633,4,2.69,9.18,9.00,2.00,28.30,6.00,87.00,8.47,88.00,30.00,918.43,1982287.00,8.40,8.30,0.44,10.60,46.20,
2006,654,5,2.61,71.16,91.00,1.00,27.90,6.00,88.00,7.12,89.00,34.10,915.78,1965662.00,8.80,8.70,0.44,10.70,45.30,
2005,675,5,2.67,57.90,87.00,0.00,27.40,6.00,88.00,6.30,89.00,34.80,862.95,1949543.00,9.30,9.20,0.44,10.70,44.50,
2004,666,5,1.8,67.91,6.00,31.00,26.90,7.00,89.00,6.96,9.00,34.60,781.51,1933728.00,9.70,9.70,0.44,10.70,44.80,
2003,648,5,1.99,5.30,17.00,1.00,26.40,7.00,9.00,7.13,9.00,33.80,63.64,191897.00,1.20,1.10,0.44,10.50,45.50,
2002,622,5,2.95,3.53,null,0.00,25.90,7.00,84.00,6.91,84.00,32.50,47.89,192312.00,1.60,1.60,0.45,10.40,46.40,
2001,586,5,2.86,38.57,null,217.00,25.40,7.00,78.00,7.53,78.00,31.20,437.82,1885955.00,11.10,11.10,0.44,10.30,47.80,
2000,543,5,3.1,29.87,null,660.00,24.90,7.00,82.00,6.92,83.00,29.80,474.82,1868699.00,11.50,11.60,0.45,9.60,49.30,
2015,259,8,null,0.00,52.00,1060.00,27.30,11.00,52.00,null,52.00,0.90,452.39,4499621.00,6.50,6.40,0.43,9.90,61.40,
2014,329,8,0.01,54.37,5.00,34.00,26.70,11.00,49.00,1.40,5.00,0.90,458.47,439737.00,6.70,6.50,0.43,9.90,58.10,
2013,258,9,0.01,45.05,76.00,0.00,26.10,11.00,75.00,9.25,76.00,1.10,454.12,4286291.00,6.80,6.70,0.42,9.80,61.10,
2012,261,9,0.01,48.10,8.00,43.00,25.60,12.00,8.00,1.19,8.00,1.20,415.36,4181563.00,7.00,6.90,0.42,9.60,67.00,
2011,266,9,3.72,60.45,77.00,279.00,25.00,12.00,77.00,11.23,77.00,1.50,379.69,47167.00,7.20,7.00,0.41,9.50,62.00,
2010,272,9,3.64,41.91,47.00,2200.00,24.50,13.00,71.00,11.87,7.00,1.80,327.43,3948125.00,7.40,7.20,0.40,9.60,59.70,
2009,277,10,3.75,5.59,64.00,6.00,24.00,13.00,84.00,14.39,81.00,2.10,33.67,3811528.00,7.60,7.40,0.40,9.70,59.20,
2008,281,10,3.88,40.03,64.00,1.00,23.40,14.00,79.00,11.83,75.00,2.40,232.62,3662993.00,7.70,7.60,0.39,9.80,58.60,
2007,286,10,4.03,3.69,null,1.00,22.90,14.00,67.00,1.24,65.00,2.80,21.37,3512932.00,7.90,7.80,0.38,9.90,57.90,
2006,32,11,4.05,15.80,null,20.00,22.40,15.00,66.00,1.90,6.00,3.00,178.93,3375838.00,8.10,8.10,0.38,10.00,56.70,
2005,316,12,4.19,22.40,null,8.00,22.00,16.00,66.00,8.40,6.00,3.10,168.65,326123.00,8.30,8.30,0.37,10.10,55.30,
2004,329,12,4.24,17.86,null,4.00,21.50,17.00,47.00,8.77,31.00,3.20,149.45,3176414.00,8.50,8.50,0.34,10.20,54.00,
2003,42,13,4.21,9.76,null,142.00,21.10,18.00,49.00,3.44,35.00,3.20,133.49,3116233.00,8.70,8.70,0.37,10.30,50.00,
2002,371,13,4.27,10.42,null,131.00,2.70,19.00,51.00,5.43,39.00,3.10,177.29,362863.00,8.80,8.90,0.38,10.40,56.00,
2001,333,14,4.4,16.72,null,1379.00,2.40,20.00,54.00,6.41,42.00,3.10,174.18,2991132.00,9.00,9.00,0.39,10.50,51.50,
2000,39,14,4.46,12.20,null,5977.00,2.20,20.00,56.00,5.91,46.00,3.10,183.41,2884522.00,9.20,9.20,0.34,8.70,51.90,
2015,138,1,null,0.00,97.00,82.00,64.80,2.00,97.00,null,97.00,0.10,null,null,5.80,5.50,0.72,13.40,72.70,
2014,143,2,0.01,0.00,94.00,372.00,63.80,2.00,94.00,4.97,94.00,0.10,null,null,5.70,5.50,0.73,13.40,72.40,
2013,134,2,0.01,0.00,96.00,0.00,62.80,2.00,96.00,4.33,96.00,0.10,null,null,5.70,5.50,0.73,13.40,72.90,
2012,133,2,0.01,0.00,98.00,320.00,61.80,2.00,98.00,4.30,98.00,0.10,null,null,5.60,5.40,0.71,13.70,72.90,
2011,161,2,0.01,36.12,98.00,0.00,6.90,2.00,98.00,4.77,98.00,0.10,562.55,null,5.60,5.40,0.76,14.00,71.30,
2010,132,2,0.01,52.50,98.00,0.00,59.90,2.00,98.00,3.50,98.00,0.10,1212.56,null,5.60,5.40,0.76,14.30,72.80,
2009,132,2,0.01,63.55,98.00,329.00,59.00,2.00,98.00,3.16,98.00,0.10,1296.97,null,5.60,5.40,0.76,14.60,72.70,
2008,132,2,0.01,532.67,98.00,8.00,58.20,2.00,98.00,2.40,98.00,0.10,14396.49,null,5.50,5.40,0.76,14.80,72.60,
2007,132,2,0.01,54.88,98.00,59.00,57.40,3.00,98.00,2.63,98.00,0.10,1138.57,null,5.50,5.40,0.76,15.10,72.50,
2006,134,2,0.01,493.42,98.00,1.00,56.70,3.00,98.00,2.51,98.00,0.10,9344.99,null,5.50,5.40,0.75,15.40,72.20,
2005,138,2,0.01,472.30,97.00,292.00,56.00,3.00,98.00,2.71,98.00,0.10,8171.36,null,5.50,5.40,0.75,15.70,71.90,
2004,141,2,0.01,31.81,99.00,2771.00,55.30,3.00,97.00,3.46,97.00,0.10,586.84,null,5.50,5.40,0.75,15.90,71.50,
2003,144,3,0.01,295.12,96.00,0.00,54.60,3.00,95.00,4.60,95.00,0.10,4676.97,null,5.60,5.40,0.74,16.00,71.30,
2002,146,3,0.01,29.13,91.00,3890.00,54.00,3.00,93.00,4.57,93.00,0.10,375.44,null,5.60,5.40,0.74,15.80,71.10,
2001,147,3,0.01,362.38,93.00,633.00,53.40,3.00,94.00,4.60,94.00,0.10,6269.58,null,5.60,5.50,0.73,15.70,71.00,
2000,148,3,0.01,457.32,92.00,0.00,52.80,3.00,94.00,3.41,94.00,0.10,7145.63,null,5.70,5.50,0.73,15.50,78.00,
2015,165,0,null,0.00,94.00,50.00,62.40,0.00,93.00,null,93.00,0.10,14252.43,29491.00,2.60,2.60,0.85,16.50,73.60,
2014,169,0,15.19,2211.74,94.00,11.00,61.90,0.00,93.00,6.55,93.00,0.10,16554.97,2932367.00,2.60,2.70,0.84,16.50,73.40,
2013,178,0,15.04,1968.82,93.00,35.00,61.40,0.00,93.00,6.59,93.00,0.10,15712.82,2957689.00,2.70,2.70,0.83,16.40,73.00,
2012,176,0,15.14,1807.07,93.00,0.00,6.90,0.00,93.00,6.67,93.00,0.10,14341.84,2987773.00,2.70,2.70,0.83,16.50,73.00,
2011,18,0,12.66,1758.82,95.00,7.00,6.50,0.00,92.00,6.86,92.00,0.10,14357.74,328115.00,2.70,2.80,0.83,16.70,72.80,
2010,188,0,12.9,1423.80,94.00,2.00,6.00,0.00,95.00,7.90,95.00,0.10,11984.87,397282.00,2.80,2.80,0.82,16.80,72.40,
2009,192,0,12.4,1446.53,95.00,0.00,59.70,0.00,98.00,7.53,98.00,0.10,11837.39,3162916.00,2.80,2.90,0.82,16.60,72.20,
2008,224,0,13.3,1888.15,96.00,1.00,59.30,0.00,96.00,6.61,96.00,0.10,14961.57,3198231.00,2.90,2.90,0.82,16.50,71.10,
2007,24,0,13.4,1581.51,96.00,0.00,59.00,0.00,95.00,6.22,95.00,0.10,12297.92,3231294.00,2.90,3.00,0.81,16.40,72.00,
2006,229,0,12.7,116.50,95.00,1.00,58.70,0.00,94.00,6.20,94.00,0.10,924.64,326999.00,3.00,3.00,0.81,16.40,76.00,
2005,222,0,12.3,913.70,95.00,1.00,58.40,0.00,93.00,5.83,94.00,0.10,7863.16,3322528.00,3.00,3.10,0.80,16.20,78.00,
2004,24,0,12.1,76.36,94.00,1.00,58.10,0.00,9.00,5.67,94.00,0.10,676.97,337775.00,3.10,3.10,0.79,16.30,71.60,
2003,22,0,11.29,81.00,95.00,1.00,57.80,0.00,91.00,6.46,94.00,0.10,555.54,3415213.00,3.20,3.20,0.78,15.80,71.60,
2002,22,0,11,561.92,94.00,103.00,57.50,0.00,97.00,6.40,95.00,0.10,4146.99,344367.00,3.30,3.30,0.77,15.30,71.40,
2001,21,0,10.2,42.87,95.00,7.00,57.20,0.00,97.00,6.26,95.00,0.10,353.15,347818.00,3.30,3.30,0.76,14.70,71.20,
2000,2,0,9.87,373.26,98.00,19.00,56.90,0.00,92.00,6.46,94.00,0.10,3297.35,3499536.00,3.40,3.40,0.75,14.00,71.60,
2015,63,0,null,0.00,94.00,0.00,61.30,0.00,99.00,null,99.00,0.10,1199.82,56964.00,1.00,0.90,0.90,13.90,82.00,
2014,65,0,11.12,16255.16,94.00,0.00,6.90,0.00,99.00,6.94,99.00,0.10,119172.74,556319.00,1.00,0.90,0.89,13.90,81.70,
2013,68,0,11.02,15515.75,94.00,0.00,6.50,0.00,99.00,7.10,99.00,0.10,113751.85,54336.00,0.90,0.90,0.89,13.90,81.40,
2012,7,0,11.34,2284.58,94.00,2.00,6.10,0.00,99.00,7.18,99.00,0.10,16749.14,53946.00,0.90,0.90,0.89,13.90,81.10,
2011,72,0,11.5,17028.53,95.00,6.00,59.60,0.00,96.00,7.34,99.00,0.10,115761.58,518347.00,0.90,0.90,0.89,13.90,88.00,
2010,73,0,11.36,2267.25,94.00,0.00,59.20,0.00,96.00,7.68,99.00,0.10,14965.36,56953.00,0.90,0.90,0.88,13.70,86.00,
2009,76,0,11.42,2052.39,95.00,0.00,58.80,0.00,96.00,8.11,99.00,0.10,13198.67,497783.00,0.90,0.90,0.89,13.50,83.00,
2008,8,0,11.53,18961.35,94.00,1.00,58.40,0.00,96.00,7.34,99.00,0.10,114293.84,48865.00,0.90,0.90,0.89,13.50,80.00,
2007,82,0,11.75,267.05,87.00,0.00,57.90,0.00,96.00,6.80,99.00,0.10,1618.49,479993.00,0.90,0.90,0.88,13.50,79.70,
2006,85,0,11.98,15345.49,95.00,8.00,57.50,0.00,99.00,7.75,99.00,0.10,89739.71,472637.00,0.90,0.90,0.88,13.50,79.40,
2005,9,0,11.84,1346.25,95.00,0.00,57.00,0.00,99.00,7.95,99.00,0.10,8289.70,465158.00,1.00,0.90,0.87,13.50,78.80,
2004,92,0,12.42,12372.05,94.00,0.00,56.40,0.00,99.00,8.20,99.00,0.10,75716.35,45895.00,1.00,0.90,0.87,13.50,78.70,
2003,92,0,12.61,10111.39,95.00,1.00,55.80,0.00,99.00,7.67,98.00,0.10,65445.89,45163.00,1.00,0.90,0.86,13.60,78.60,
2002,95,0,12.91,910.51,95.00,0.00,55.20,0.00,99.00,8.27,99.00,0.10,5293.64,446175.00,1.00,0.90,0.86,13.50,78.30,
2001,96,0,12.89,7877.34,86.00,0.00,54.60,0.00,99.00,7.40,99.00,0.10,48179.43,441525.00,1.00,1.00,0.85,13.40,78.00,
2000,98,0,13.14,8246.13,77.00,0.00,54.00,0.00,99.00,7.48,99.00,0.10,48736.00,4363.00,1.00,1.00,0.85,13.50,77.80,
2015,22,28,null,0.00,69.00,3.00,2.50,38.00,71.00,null,69.00,0.30,41.86,2423488.00,7.10,7.10,0.51,10.30,65.50,
2014,225,29,0.01,5.34,73.00,3.00,2.00,39.00,73.00,3.40,73.00,0.30,452.46,2358981.00,7.20,7.10,0.51,10.30,65.10,
2013,23,29,0.87,79.51,74.00,6.00,19.50,40.00,73.00,4.15,74.00,0.40,461.72,22961146.00,7.30,7.20,0.51,10.30,64.70,
2012,235,30,0.87,59.98,7.00,2.00,19.00,42.00,71.00,3.46,7.00,0.40,443.96,22346573.00,7.40,7.30,0.51,10.20,64.30,
2011,241,31,0.97,78.80,73.00,0.00,18.50,43.00,73.00,4.24,73.00,0.40,454.96,21743949.00,7.50,7.40,0.50,10.20,63.80,
2010,248,32,1.03,76.60,7.00,1.00,18.00,45.00,7.00,4.86,7.00,0.50,412.74,2115164.00,7.60,7.50,0.50,10.20,63.30,
2009,254,33,0.91,71.17,77.00,0.00,17.60,47.00,76.00,4.70,77.00,0.50,415.69,2569121.00,7.70,7.60,0.50,9.70,62.80,
2008,259,34,0.68,6.45,77.00,3.00,17.10,49.00,77.00,4.50,77.00,0.50,47.73,19996469.00,7.80,7.70,0.49,9.40,62.30,
2007,261,35,0.71,55.43,84.00,0.00,16.70,51.00,83.00,4.98,84.00,0.60,377.85,19433523.00,7.90,7.80,0.48,9.10,61.90,
2006,263,36,0.68,38.42,82.00,2.00,16.30,54.00,83.00,5.11,85.00,0.60,292.16,1888268.00,8.00,7.90,0.48,9.00,61.40,
2005,265,37,0.72,33.75,81.00,0.00,15.80,56.00,8.00,5.30,85.00,0.60,274.82,18336724.00,8.10,8.00,0.47,8.90,69.00,
2004,267,38,0.81,23.73,71.00,35558.00,15.40,58.00,74.00,4.89,78.00,0.60,245.12,1782997.00,8.20,8.10,0.47,8.70,64.00,
2003,268,40,0.93,37.13,61.00,62233.00,15.00,60.00,65.00,4.81,66.00,0.70,316.80,17279141.00,8.30,8.30,0.46,8.50,59.90,
2002,271,41,0.9,47.53,51.00,10795.00,14.70,63.00,61.00,5.29,62.00,0.70,262.29,16765117.00,8.50,8.40,0.46,8.30,59.30,
2001,276,42,1.05,42.56,null,9357.00,14.30,65.00,6.00,5.17,6.00,0.70,278.56,1626932.00,8.60,8.50,0.46,8.20,58.70,
2000,283,44,1.16,35.66,null,35256.00,13.90,68.00,58.00,5.80,57.00,0.60,245.94,1576686.00,8.70,8.60,0.00,8.00,57.90,
2015,365,26,null,0.00,88.00,0.00,19.60,38.00,88.00,null,88.00,4.80,362.66,1757367.00,6.40,6.20,0.47,10.80,58.30,
2014,377,27,0.01,59.49,91.00,3.00,19.20,40.00,87.00,11.38,91.00,5.10,354.73,1768838.00,6.50,6.30,0.47,10.70,57.60,
2013,394,29,0.01,55.83,89.00,1.00,18.80,42.00,89.00,1.96,89.00,6.30,332.92,16577147.00,6.50,6.40,0.46,10.70,56.70,
2012,42,31,0.01,82.77,96.00,11.00,18.40,46.00,95.00,12.60,96.00,8.30,374.52,169735.00,6.60,6.50,0.45,10.70,55.30,
2011,441,32,1.23,13.78,97.00,26.00,18.00,50.00,97.00,11.67,97.00,11.20,512.13,15627618.00,6.70,6.60,0.44,10.60,54.10,
2010,462,35,1.08,9.73,93.00,118712.00,17.60,54.00,86.00,1.50,93.00,13.70,458.87,1516795.00,6.80,6.70,0.43,10.20,52.90,
2009,491,36,1.16,7.92,93.00,21.00,17.30,56.00,93.00,1.18,93.00,14.90,42.74,1471462.00,6.90,6.80,0.41,9.90,51.50,
2008,525,36,1.27,74.34,91.00,20.00,16.90,58.00,92.00,1.70,91.00,16.90,372.84,14271234.00,7.00,6.90,0.40,9.60,50.00,
2007,559,37,1.18,4.27,87.00,143.00,16.60,59.00,88.00,9.31,87.00,19.30,32.22,1384969.00,7.10,7.00,0.39,9.70,48.50,
2006,587,38,1.18,6.85,99.00,1.00,16.20,61.00,99.00,8.99,99.00,21.10,297.70,13429262.00,7.30,7.10,0.38,9.60,47.10,
2005,66,39,1.04,5.67,93.00,184.00,15.90,62.00,94.00,8.20,93.00,22.40,28.37,1339711.00,7.40,7.20,0.37,9.70,46.00,
2004,615,40,1.11,58.14,89.00,1116.00,15.50,65.00,94.00,7.82,89.00,23.40,274.23,1267638.00,7.50,7.40,0.37,10.00,45.10,
2003,613,43,1.08,4.38,84.00,167.00,15.20,70.00,85.00,6.35,84.00,24.20,26.15,12336687.00,7.60,7.50,0.36,10.30,44.60,
2002,67,46,1.1,3.89,64.00,92.00,14.80,75.00,79.00,4.82,64.00,24.70,29.98,1213711.00,7.70,7.60,0.39,10.40,44.00,
2001,599,48,1.15,12.80,null,150.00,14.40,80.00,86.00,5.70,9.00,25.10,146.76,11695863.00,7.90,7.70,0.39,10.10,43.50,
2000,588,51,1.18,13.76,null,304.00,14.10,84.00,73.00,6.70,75.00,25.50,153.26,11376172.00,8.00,7.90,0.39,10.70,43.10,
2015,123,4,null,0.00,99.00,1318.00,4.60,4.00,99.00,null,99.00,0.10,9643.64,3723155.00,7.50,7.30,0.79,13.10,75.00,
2014,126,4,0.52,721.37,96.00,221.00,39.50,4.00,97.00,4.17,97.00,0.10,11183.96,322817.00,7.60,7.40,0.78,13.00,74.80,
2013,128,3,0.53,110.68,96.00,195.00,38.50,4.00,97.00,4.20,97.00,0.10,1882.28,2976724.00,7.80,7.60,0.78,12.90,74.60,
2012,129,3,0.53,101.61,97.00,1868.00,37.40,4.00,97.00,4.10,97.00,0.10,1779.50,2917456.00,7.90,7.70,0.78,12.90,74.50,
2011,13,3,0.51,9.23,96.00,1569.00,36.30,4.00,96.00,3.89,96.00,0.10,145.13,28635128.00,8.00,7.80,0.77,13.00,74.30,
2010,131,3,0.49,65.57,96.00,73.00,35.30,4.00,96.00,3.99,96.00,0.10,971.36,28112289.00,8.20,8.00,0.76,12.80,74.10,
2009,131,3,0.47,431.55,96.00,153.00,34.40,4.00,97.00,3.97,97.00,0.10,7326.74,2765383.00,8.30,8.20,0.76,12.60,74.00,
2008,132,3,0.47,438.45,97.00,334.00,33.40,4.00,97.00,3.47,97.00,0.10,8513.63,2711169.00,8.50,8.30,0.75,12.50,73.80,
2007,133,3,0.43,409.98,96.00,394.00,32.50,4.00,97.00,3.61,97.00,0.10,7269.17,26625845.00,8.70,8.50,0.74,12.30,73.70,
2006,134,3,0.42,365.91,95.00,564.00,31.60,4.00,95.00,3.65,95.00,0.10,6222.98,26143566.00,8.80,8.60,0.73,12.70,73.60,
2005,135,3,0.46,297.59,96.00,1407.00,3.70,4.00,96.00,3.29,96.00,0.10,5593.82,25659393.00,9.00,8.80,0.73,12.90,73.40,
2004,137,3,0.49,315.66,94.00,5729.00,29.80,4.00,95.00,3.74,95.00,0.10,4955.48,2517419.00,9.20,8.90,0.73,12.70,73.20,
2003,138,3,0.48,264.25,95.00,632.00,28.80,4.00,96.00,3.95,96.00,0.10,4463.68,2468873.00,9.30,9.10,0.72,12.10,73.10,
2002,14,4,0.49,216.70,95.00,408.00,27.90,4.00,94.00,3.40,94.00,0.10,4167.36,24198811.00,9.50,9.30,0.72,12.00,72.90,
2001,144,4,0.53,210.24,95.00,2198.00,27.00,5.00,95.00,3.40,96.00,0.10,3915.12,2369897.00,9.70,9.40,0.72,11.90,72.70,
2000,149,4,0.54,23.37,97.00,6187.00,26.00,5.00,98.00,3.40,98.00,0.10,445.17,2318568.00,9.80,9.60,0.71,11.60,72.40,
2015,61,0,null,0.00,99.00,0.00,27.40,0.00,99.00,null,99.00,0.10,8395.79,49163.00,13.60,13.60,0.70,12.70,78.50,
2014,62,0,0.01,2051.75,99.00,0.00,26.20,0.00,99.00,13.73,99.00,0.10,7716.24,41.00,13.60,13.70,0.69,12.70,78.20,
2013,64,0,0.01,1626.59,99.00,0.00,25.10,0.00,99.00,11.16,99.00,0.10,7112.34,393.00,13.70,13.80,0.68,12.40,77.90,
2012,65,0,0.01,1259.94,99.00,0.00,24.10,0.00,99.00,9.16,99.00,0.10,6541.75,385.00,13.80,13.90,0.68,12.10,77.60,
2011,67,0,1.92,1079.89,96.00,0.00,23.10,0.00,96.00,8.11,96.00,0.10,6497.55,377.00,13.90,14.00,0.66,11.80,77.30,
2010,73,0,1.83,91.14,97.00,0.00,22.10,0.00,97.00,7.93,96.00,0.10,633.79,367.00,14.00,14.10,0.65,11.60,76.70,
2009,75,0,1.59,100.50,98.00,6.00,21.20,0.00,98.00,9.22,98.00,0.10,597.17,36.00,14.10,14.20,0.65,11.80,76.30,
2008,81,0,1.76,1077.71,98.00,0.00,2.30,0.00,98.00,9.30,98.00,0.10,5828.62,362.00,14.20,14.30,0.64,11.80,75.90,
2007,82,0,1.78,6.49,98.00,20.00,19.50,0.00,98.00,6.64,98.00,0.10,52.86,349.00,14.30,14.40,0.63,11.90,75.40,
2006,88,0,1.62,659.85,98.00,47.00,18.70,0.00,98.00,7.37,98.00,0.10,4428.52,333.00,14.30,14.50,0.62,12.00,75.00,
2005,93,0,1.47,620.95,98.00,1395.00,18.00,0.00,98.00,9.52,98.00,0.10,3488.49,321.00,14.40,14.50,0.63,12.10,74.30,
2004,16,0,1.6,611.91,97.00,37.00,17.30,0.00,96.00,5.89,96.00,0.10,3853.33,312.00,14.50,14.60,0.62,12.20,73.40,
2003,112,0,1.75,491.50,98.00,75.00,16.70,0.00,98.00,5.90,98.00,0.10,3432.25,34.00,14.60,14.70,0.60,11.80,72.70,
2002,124,0,1.95,4.30,98.00,926.00,16.20,0.00,98.00,5.78,98.00,0.10,32.37,297.00,14.60,14.70,0.60,12.00,71.80,
2001,129,0,1.98,41.31,98.00,0.00,15.60,0.00,97.00,5.84,98.00,0.10,298.68,292.00,14.70,14.80,0.59,11.80,78.00,
2000,139,0,1.83,300.16,96.00,20.00,15.20,0.00,98.00,8.00,98.00,0.10,2183.00,286.00,14.80,14.80,0.58,11.30,69.60,
2015,266,52,null,0.00,64.00,215.00,23.80,84.00,66.00,null,64.00,1.50,729.73,1746795.00,7.70,7.50,0.44,8.40,58.20,
2014,272,52,0.01,46.56,73.00,290.00,23.20,85.00,74.00,6.86,73.00,1.60,825.57,16962846.00,7.90,7.70,0.43,8.20,57.80,
2013,275,53,0.01,36.86,69.00,221.00,22.50,86.00,7.00,6.58,69.00,1.60,777.66,16477818.00,8.10,7.90,0.42,8.00,57.30,
2012,27,53,0.01,96.55,66.00,341.00,21.90,88.00,72.00,6.47,66.00,1.50,777.35,16667.00,8.30,8.10,0.41,7.70,57.20,
2011,271,54,0.61,101.81,66.00,24.00,21.30,90.00,72.00,6.59,66.00,1.50,835.89,1554989.00,8.50,8.30,0.40,7.50,56.80,
2010,273,54,0.6,9.59,72.00,1719.00,2.70,91.00,77.00,6.35,73.00,1.50,78.38,157585.00,8.80,8.50,0.40,7.30,56.50,
2009,276,55,0.59,84.63,71.00,2939.00,2.20,93.00,77.00,6.85,73.00,1.60,697.15,1466597.00,9.00,8.80,0.39,7.10,56.00,
2008,278,55,0.57,102.14,74.00,98.00,19.60,94.00,74.00,6.74,74.00,1.60,689.68,14138216.00,9.20,9.00,0.36,5.80,55.50,
2007,282,56,0.55,81.84,74.00,2.00,19.00,96.00,76.00,6.97,74.00,1.70,595.64,1367566.00,9.40,9.30,0.36,6.40,55.00,
2006,288,57,0.53,67.71,9.00,128.00,18.50,98.00,79.00,6.56,78.00,1.80,521.64,1322764.00,9.70,9.50,0.35,6.10,54.30,
2005,29,57,0.55,60.21,83.00,33.00,18.00,101.00,78.00,6.34,77.00,1.90,487.94,12798763.00,9.90,9.70,0.34,5.80,53.60,
2004,296,58,0.49,57.12,73.00,172.00,17.50,103.00,7.00,6.28,69.00,2.00,439.36,1239196.00,1.10,1.00,0.33,5.50,52.80,
2003,299,59,0.54,6.66,79.00,232.00,17.00,106.00,67.00,6.25,63.00,2.20,391.79,125128.00,1.30,1.20,0.32,5.20,52.00,
2002,31,60,0.53,3.68,null,717.00,16.50,108.00,65.00,6.32,61.00,2.30,334.22,11638929.00,1.50,1.50,0.31,4.90,51.20,
2001,34,60,0.51,4.40,null,4464.00,16.10,110.00,56.00,6.39,49.00,2.40,36.85,11293258.00,1.80,1.70,0.30,4.60,55.00,
2000,37,60,0.47,23.95,null,1578.00,15.60,111.00,53.00,6.29,43.00,2.50,269.35,196769.00,11.00,1.90,0.29,4.40,49.80,
2015,54,0,null,0.00,95.00,2.00,69.60,0.00,97.00,null,97.00,0.10,23819.46,431874.00,0.80,0.80,0.85,14.60,81.70,
2014,55,0,8.49,409.60,9.00,0.00,69.20,0.00,99.00,9.75,99.00,0.10,2618.93,427364.00,0.80,0.80,0.85,14.30,81.40,
2013,57,0,8.58,374.29,94.00,0.00,68.80,0.00,99.00,9.89,99.00,0.10,2393.19,423374.00,0.80,0.70,0.83,14.20,81.10,
2012,58,0,7.67,343.12,93.00,0.00,68.40,0.00,99.00,9.95,99.00,0.10,2193.88,419455.00,0.80,0.70,0.82,14.10,81.00,
2011,59,0,6.91,3601.29,82.00,3.00,68.00,0.00,96.00,9.60,96.00,0.10,22821.85,416268.00,0.80,0.70,0.83,14.80,87.00,
2010,62,0,7.91,278.07,75.00,0.00,67.60,0.00,76.00,8.30,76.00,0.10,2187.79,41458.00,0.80,0.70,0.82,14.60,83.00,
2009,63,0,7.38,335.52,86.00,1.00,67.10,0.00,73.00,8.33,73.00,0.10,2675.58,412477.00,0.80,0.70,0.81,14.40,82.00,
2008,64,0,7.14,2655.57,86.00,1.00,66.60,0.00,72.00,8.15,72.00,0.10,21928.77,49379.00,0.70,0.70,0.81,14.60,80.00,
2007,65,0,7.45,2578.89,82.00,2.00,66.10,0.00,76.00,8.36,74.00,0.10,19375.57,46724.00,0.70,0.70,0.81,14.40,79.60,
2006,66,0,8.84,2380.70,86.00,1.00,65.60,0.00,83.00,8.93,85.00,0.10,16671.57,4538.00,0.70,0.70,0.81,14.80,79.30,
2005,67,0,6.41,2247.04,85.00,6.00,65.00,0.00,94.00,8.83,92.00,0.10,15835.35,43834.00,0.70,0.70,0.81,14.80,79.00,
2004,69,0,6.53,203.32,85.00,4.00,64.50,0.00,89.00,8.46,89.00,0.10,1519.55,41268.00,0.70,0.70,0.80,14.20,78.70,
2003,71,0,6.7,1678.39,89.00,4.00,63.90,0.00,94.00,8.60,94.00,0.10,13689.99,398582.00,0.70,0.70,0.79,13.80,78.50,
2002,75,0,5.73,1552.74,null,7.00,63.40,0.00,95.00,7.86,95.00,0.10,11843.94,395969.00,0.70,0.70,0.79,13.80,78.20,
2001,79,0,5.62,130.02,null,2.00,62.80,0.00,95.00,7.11,95.00,0.10,1121.79,39328.00,0.70,0.70,0.78,13.70,77.80,
2000,8,0,5.59,134.35,null,2.00,62.30,0.00,94.00,6.83,94.00,0.10,1139.57,3987.00,0.80,0.70,0.78,13.80,77.50,
2013,null,0,0.01,871.88,8.00,0.00,81.60,0.00,79.00,17.24,79.00,0.10,3617.75,null,0.10,0.10,null,0.00,null,
2015,25,8,null,0.00,73.00,1.00,3.80,12.00,67.00,null,73.00,0.90,1158.26,4182341.00,7.80,7.50,0.51,8.50,63.10,
2014,26,8,0.01,80.93,84.00,14.00,3.10,12.00,84.00,3.77,84.00,0.90,1326.67,46392.00,8.00,7.70,0.51,8.50,63.00,
2013,28,8,0.01,8.88,8.00,62.00,29.40,12.00,8.00,3.63,8.00,1.10,145.58,394617.00,8.10,7.90,0.50,8.20,62.70,
2012,29,8,0.01,62.48,8.00,35.00,28.80,12.00,8.00,3.36,8.00,1.20,1364.28,383239.00,8.30,8.10,0.49,7.80,62.50,
2011,212,8,0.01,79.28,75.00,234.00,28.10,12.00,73.00,2.87,75.00,1.20,1393.26,3717672.00,8.50,8.30,0.49,7.70,62.20,
2010,214,8,0.01,8.35,64.00,1292.00,27.40,12.00,52.00,3.28,64.00,1.20,123.38,369543.00,8.70,8.50,0.48,7.60,62.00,
2009,215,8,0.01,11.15,64.00,322.00,26.80,12.00,63.00,3.79,64.00,1.20,146.84,356288.00,8.90,8.70,0.48,7.10,61.70,
2008,217,8,0.02,61.76,74.00,4.00,26.10,12.00,73.00,3.23,74.00,1.30,1167.54,347541.00,9.20,8.90,0.47,7.20,61.40,
2007,219,8,0.02,7.35,74.00,11.00,25.50,12.00,75.00,3.54,75.00,1.30,113.31,3312665.00,9.40,9.10,0.47,7.40,61.20,
2006,221,8,0.01,55.80,68.00,22.00,24.80,12.00,68.00,3.21,68.00,1.30,944.13,322653.00,9.60,9.40,0.47,7.20,69.00,
2005,223,8,0.01,55.12,42.00,127.00,24.20,12.00,71.00,4.21,71.00,1.30,697.75,31372.00,9.80,9.60,0.46,7.20,66.00,
2004,224,8,0.01,5.00,null,5039.00,23.60,12.00,68.00,4.70,7.00,1.30,62.55,342823.00,1.00,9.80,0.45,6.70,64.00,
2003,226,8,0.01,29.65,null,3611.00,22.90,12.00,75.00,4.53,76.00,1.30,528.59,2957117.00,1.30,1.10,0.45,6.60,63.00,
2002,228,7,0.02,4.11,null,883.00,22.30,12.00,91.00,5.31,89.00,1.20,46.95,2873228.00,1.50,1.30,0.45,6.50,62.00,
2001,229,7,0.01,28.78,null,1398.00,21.70,12.00,75.00,4.34,75.00,1.20,464.23,279729.00,1.70,1.50,0.44,6.50,61.00,
2000,23,7,0.03,8.59,null,0.00,21.10,11.00,58.00,5.26,51.00,1.10,477.48,279359.00,1.90,1.70,0.44,6.40,60.00,
2015,146,0,null,0.00,97.00,0.00,33.30,0.00,98.00,null,97.00,0.10,9252.12,126265.00,6.90,6.80,0.78,15.20,74.60,
2014,148,0,0.01,115.28,97.00,0.00,32.80,0.00,98.00,4.81,97.00,0.10,1153.94,126934.00,7.00,6.90,0.77,14.70,74.20,
2013,147,0,0.01,917.47,98.00,0.00,32.30,0.00,98.00,4.82,98.00,0.10,9637.26,1258653.00,7.00,7.00,0.77,14.70,74.10,
2012,154,0,0.01,915.19,98.00,0.00,31.80,0.00,98.00,4.76,98.00,0.10,9291.23,1255882.00,7.10,7.00,0.76,14.30,73.90,
2011,158,0,3.03,918.81,98.00,2.00,31.30,0.00,98.00,5.20,98.00,0.10,9197.27,125244.00,7.10,7.10,0.75,14.10,73.60,
2010,163,0,2.95,0.11,99.00,12.00,3.70,0.00,99.00,5.29,99.00,0.20,8.38,1254.00,7.20,7.20,0.74,14.00,73.30,
2009,166,0,2.83,624.24,99.00,15.00,3.20,0.00,99.00,4.97,99.00,0.10,7318.13,1247429.00,7.30,7.30,0.73,13.80,72.80,
2008,166,0,2.49,6.65,99.00,12.00,29.70,0.00,99.00,4.60,99.00,0.10,83.64,1244121.00,7.40,7.30,0.73,13.60,72.70,
2007,161,0,3.24,582.51,97.00,13.00,29.10,0.00,96.00,4.24,97.00,0.10,6574.65,123963.00,7.50,7.40,0.72,13.50,72.90,
2006,165,0,3.73,502.38,97.00,3.00,28.60,0.00,98.00,4.38,97.00,0.10,5695.97,1233996.00,7.60,7.50,0.71,13.40,71.80,
2005,168,0,3.94,479.92,97.00,7.00,28.00,0.00,97.00,4.47,97.00,0.10,5116.45,1228254.00,7.70,7.60,0.70,13.00,72.10,
2004,168,0,4.16,509.39,98.00,28.00,27.50,0.00,98.00,4.29,98.00,0.10,5229.88,12213.00,7.80,7.70,0.70,12.80,71.90,
2003,174,0,4.08,407.78,97.00,777.00,26.90,0.00,99.00,4.15,99.00,0.10,4623.35,121337.00,7.90,7.80,0.69,12.60,71.50,
2002,179,0,4.14,369.63,88.00,0.00,26.40,0.00,88.00,4.24,88.00,0.10,3957.51,124621.00,7.90,7.90,0.68,12.50,71.50,
2001,177,0,4.38,70.16,92.00,0.00,25.80,0.00,93.00,3.87,92.00,0.10,3792.18,1196287.00,8.00,8.00,0.67,12.20,71.50,
2000,177,0,4.6,336.32,88.00,0.00,25.30,0.00,88.00,3.78,88.00,0.10,3861.32,1186873.00,8.10,8.10,0.67,12.10,71.00,
2015,122,30,null,0.00,82.00,0.00,63.50,35.00,87.00,null,87.00,0.10,9143.13,12589949.00,1.50,1.50,0.76,13.30,76.70,
2014,122,31,5.26,168.17,84.00,3.00,62.80,36.00,87.00,6.30,87.00,0.10,1452.28,1242216.00,1.60,1.50,0.75,13.10,76.60,
2013,12,32,5.23,150.41,82.00,0.00,62.10,37.00,83.00,6.30,83.00,0.10,1298.87,122535969.00,1.60,1.50,0.75,12.90,76.60,
2012,123,33,5.29,112.70,99.00,0.00,61.50,38.00,99.00,6.21,99.00,0.10,982.53,1282837.00,1.60,1.50,0.75,12.70,76.30,
2011,124,34,5.3,1117.20,98.00,3.00,6.80,39.00,97.00,6.40,97.00,0.10,9834.47,119917.00,1.60,1.60,0.75,12.60,76.10,
2010,127,35,5.21,1033.04,93.00,0.00,6.10,40.00,95.00,6.39,95.00,0.10,8959.58,117318941.00,1.60,1.60,0.74,12.50,75.60,
2009,13,36,5.27,881.74,95.00,0.00,59.40,42.00,95.00,6.60,95.00,0.10,7748.12,11555228.00,1.70,1.60,0.74,12.50,75.70,
2008,127,37,5.36,159.88,97.00,0.00,58.70,43.00,96.00,6.60,96.00,0.10,9689.53,11366189.00,1.70,1.60,0.73,12.30,75.60,
2007,123,38,5.35,105.75,98.00,0.00,57.90,45.00,98.00,5.92,98.00,0.10,933.34,111836346.00,1.70,1.70,0.73,12.30,76.00,
2006,125,40,5.11,980.25,98.00,23.00,57.20,47.00,98.00,5.83,98.00,0.10,8767.92,1192378.00,1.80,1.70,0.72,12.20,75.80,
2005,126,42,4.93,998.35,98.00,6.00,56.40,49.00,98.00,6.40,98.00,0.10,7986.80,18472228.00,1.80,1.70,0.72,12.20,75.30,
2004,124,44,4.9,920.83,98.00,64.00,55.70,52.00,98.00,6.11,98.00,0.10,7199.60,16995583.00,1.80,1.80,0.71,12.10,75.40,
2003,127,46,4.88,781.21,98.00,44.00,54.90,55.00,98.00,6.20,98.00,0.10,6752.00,1564453.00,1.90,1.80,0.71,11.90,75.00,
2002,127,49,4.77,12.19,97.00,0.00,54.10,58.00,98.00,5.52,97.00,0.10,716.82,1435568.00,1.90,1.80,0.70,11.60,75.00,
2001,126,52,4.86,13.31,97.00,3.00,53.20,62.00,97.00,5.35,97.00,0.10,731.38,136768.00,1.90,1.90,0.70,11.60,75.00,
2000,129,55,4.99,10.23,97.00,30.00,52.40,66.00,97.00,4.98,97.00,0.10,672.92,11719673.00,2.00,1.90,0.69,11.40,74.80,
2015,166,0,null,0.00,78.00,0.00,69.40,0.00,71.00,null,72.00,0.10,null,null,0.20,0.20,0.64,11.70,69.40,
2014,164,0,1.58,0.00,81.00,140.00,68.70,0.00,76.00,13.71,77.00,0.10,null,null,0.20,0.20,0.64,11.70,69.40,
2013,166,0,1.67,0.00,83.00,0.00,68.10,0.00,81.00,13.38,81.00,0.10,null,null,0.20,0.20,0.64,11.70,69.20,
2012,168,0,2.98,0.00,82.00,0.00,67.50,0.00,81.00,12.77,81.00,0.10,null,null,0.20,0.20,0.64,11.70,69.00,
2011,169,0,1.89,0.00,83.00,0.00,67.00,0.00,83.00,13.76,84.00,0.10,null,null,0.20,0.20,0.64,11.70,68.90,
2010,171,0,1.76,0.00,88.00,0.00,66.40,0.00,85.00,13.83,85.00,0.10,null,null,0.20,0.20,0.63,11.50,68.70,
2009,172,0,2.06,0.00,89.00,0.00,65.80,0.00,81.00,13.44,91.00,0.10,null,null,0.20,0.20,0.63,11.40,68.50,
2008,174,0,1.97,0.00,89.00,0.00,65.20,0.00,88.00,12.94,85.00,0.10,null,null,0.20,0.20,0.63,11.20,68.40,
2007,175,0,1.64,0.00,9.00,0.00,64.70,0.00,79.00,11.99,79.00,0.10,null,null,0.20,0.20,0.63,11.00,68.20,
2006,176,0,1.73,0.00,84.00,0.00,64.10,0.00,81.00,11.92,67.00,0.10,null,null,0.20,0.20,0.62,10.90,68.00,
2005,178,0,1.9,0.00,91.00,0.00,63.60,0.00,94.00,12.11,94.00,0.10,null,null,0.20,0.20,0.62,10.70,67.90,
2004,179,0,2.02,0.00,8.00,0.00,63.20,0.00,82.00,1.64,78.00,0.10,null,null,0.20,0.20,0.62,10.50,67.70,
2003,18,0,3.15,0.00,89.00,0.00,62.80,0.00,88.00,9.69,92.00,0.10,null,null,0.20,0.20,0.61,10.40,67.50,
2002,21,0,2.78,0.00,85.00,0.00,62.40,0.00,84.00,8.20,84.00,0.10,null,null,0.20,0.20,0.61,10.20,66.20,
2001,183,0,2.82,0.00,81.00,0.00,62.00,0.00,79.00,8.58,75.00,0.10,null,null,0.30,0.20,0.60,10.10,67.20,
2000,185,0,2.23,0.00,87.00,0.00,61.50,0.00,85.00,7.88,85.00,0.10,null,null,0.30,0.30,0.00,0.00,67.00,
2013,null,0,0.01,0.00,99.00,0.00,null,0.00,99.00,4.30,99.00,0.10,null,null,null,null,null,null,null,
2015,222,1,null,0.00,99.00,20359.00,52.70,1.00,99.00,null,99.00,0.10,3944.18,2976877.00,2.20,2.30,0.73,14.80,68.80,
2014,225,1,0.01,281.00,99.00,0.00,51.50,1.00,99.00,4.73,99.00,0.10,4181.58,2923896.00,2.20,2.30,0.73,14.80,68.40,
2013,227,1,0.01,241.20,98.00,0.00,5.40,1.00,98.00,4.21,98.00,0.10,4385.38,286917.00,2.20,2.30,0.72,14.70,68.10,
2012,231,1,0.01,253.83,99.00,0.00,49.20,2.00,99.00,4.22,99.00,0.10,4368.82,2814226.00,2.20,2.30,0.71,14.70,67.80,
2011,235,1,0.01,257.84,99.00,0.00,48.00,2.00,99.00,4.45,99.00,0.10,3769.60,2761516.00,2.20,2.30,0.70,14.60,67.30,
2010,25,1,5.8,22.32,96.00,7.00,46.90,2.00,96.00,4.70,96.00,0.10,265.35,271265.00,2.20,2.30,0.69,14.30,66.30,
2009,235,1,4.61,134.17,97.00,8.00,45.90,2.00,96.00,5.29,95.00,0.10,1717.90,2668289.00,2.20,2.30,0.69,13.80,66.90,
2008,225,2,4.26,181.01,96.00,31.00,44.90,2.00,95.00,5.58,96.00,0.10,2139.63,2628131.00,2.20,2.30,0.67,13.40,67.40,
2007,26,2,3.79,126.70,98.00,12.00,43.90,2.00,99.00,5.60,95.00,0.10,1634.81,259167.00,2.20,2.40,0.66,13.00,65.90,
2006,271,2,2.91,122.12,98.00,26.00,43.00,2.00,98.00,4.68,99.00,0.10,1334.65,255812.00,2.20,2.40,0.65,12.70,65.00,
2005,274,2,2.75,98.68,98.00,0.00,42.10,2.00,99.00,5.90,99.00,0.10,998.82,2526446.00,2.30,2.40,0.64,11.80,64.50,
2004,284,2,1.75,73.24,98.00,0.00,41.30,2.00,99.00,5.99,99.00,0.10,797.84,2496832.00,2.30,2.40,0.62,11.20,64.00,
2003,271,2,1.31,56.06,98.00,18.00,4.50,2.00,98.00,6.18,98.00,0.10,646.56,2469286.00,2.40,2.50,0.61,10.50,64.00,
2002,263,2,2.43,55.61,98.00,1205.00,39.80,2.00,98.00,5.81,98.00,0.10,571.52,2443659.00,2.40,2.50,0.60,10.10,63.80,
2001,266,2,2.87,61.85,95.00,10677.00,39.10,3.00,95.00,5.45,95.00,0.10,524.15,2419776.00,2.50,2.60,0.59,9.40,63.20,
2000,274,2,2.79,56.43,93.00,925.00,38.50,3.00,94.00,4.92,94.00,0.10,474.21,2397436.00,2.60,2.60,0.58,8.90,62.80,
2015,16,0,null,0.00,82.00,0.00,61.80,0.00,89.00,null,89.00,0.10,6461.19,622159.00,1.80,1.80,0.80,15.10,76.10,
2014,17,0,0.01,726.03,87.00,0.00,61.30,0.00,91.00,6.42,91.00,0.10,7378.35,62181.00,1.80,1.90,0.80,15.10,75.90,
2013,19,0,0.01,707.14,9.00,0.00,6.70,0.00,94.00,6.43,94.00,0.10,7186.43,62127.00,1.80,1.90,0.80,15.10,75.80,
2012,11,0,0.01,648.13,9.00,0.00,6.20,0.00,94.00,7.25,94.00,0.10,6586.72,6261.00,1.90,1.90,0.80,15.10,75.60,
2011,113,0,6.56,666.74,91.00,5.00,59.70,0.00,95.00,6.92,95.00,0.10,7318.74,6279.00,1.90,2.00,0.79,15.10,75.40,
2010,115,0,6.56,635.48,9.00,5.00,59.10,0.00,93.00,6.90,94.00,0.10,6682.28,619428.00,2.00,2.00,0.79,15.00,75.30,
2009,117,0,6.45,489.68,87.00,0.00,58.50,0.00,91.00,6.70,92.00,0.10,6698.79,618294.00,2.00,2.10,0.79,14.60,75.00,
2008,121,0,6.17,709.13,93.00,0.00,57.80,0.00,95.00,6.13,95.00,0.10,7325.73,616969.00,2.10,2.10,0.77,14.20,74.60,
2007,125,0,4.98,678.52,9.00,0.00,57.20,0.00,92.00,6.74,92.00,0.10,5957.15,615875.00,2.10,2.20,0.76,13.60,74.20,
2006,13,0,5.38,595.73,9.00,0.00,56.50,0.00,9.00,8.10,9.00,0.10,4383.60,61525.00,2.20,2.20,0.75,13.20,73.80,
2005,133,0,null,527.31,null,0.00,55.70,0.00,null,8.46,null,0.10,3674.62,614261.00,2.30,2.30,0.75,12.80,73.60,
2004,134,0,0.01,57.12,null,0.00,55.00,0.00,null,8.45,null,0.10,338.20,613353.00,2.30,2.40,0.74,12.60,73.50,
2003,134,0,0.01,495.08,null,0.00,54.20,0.00,null,8.91,null,0.10,2789.17,612267.00,2.40,2.40,0.00,0.00,73.50,
2002,136,0,0.01,36.48,null,0.00,53.50,0.00,null,8.33,null,0.10,216.24,69828.00,2.50,2.50,0.00,0.00,73.40,
2001,136,0,0.01,33.67,null,0.00,52.70,0.00,null,8.23,null,0.10,199.58,67389.00,2.50,2.60,0.00,0.00,73.30,
2000,144,0,0.01,274.55,null,0.00,51.90,0.00,null,7.32,null,0.10,1627.43,6495.00,2.60,2.70,0.00,0.00,73.00,
2015,95,17,null,0.00,99.00,17.00,58.50,20.00,99.00,null,99.00,0.10,2847.29,3483322.00,6.40,6.20,0.65,12.10,74.30,
2014,96,18,0.43,198.73,99.00,10.00,57.50,21.00,99.00,5.91,99.00,0.10,3154.51,3431882.00,6.40,6.20,0.64,12.10,74.10,
2013,97,18,0.45,179.86,99.00,92.00,56.50,21.00,99.00,5.94,99.00,0.10,3111.76,33824769.00,6.40,6.20,0.63,12.10,73.90,
2012,99,19,0.55,19.16,99.00,668.00,55.50,22.00,99.00,6.15,99.00,0.10,294.75,33333789.00,6.30,6.20,0.62,11.60,73.60,
2011,14,19,0.54,22.09,98.00,982.00,54.60,22.00,98.00,5.99,99.00,0.10,339.92,32858823.00,6.30,6.20,0.61,11.20,73.30,
2010,11,20,0.56,183.66,98.00,633.00,53.60,23.00,99.00,5.86,99.00,0.10,2834.25,3249639.00,6.30,6.20,0.60,10.70,72.80,
2009,116,20,0.62,188.29,98.00,834.00,52.70,23.00,99.00,5.67,99.00,0.10,2861.55,31989897.00,6.40,6.20,0.60,10.50,72.30,
2008,123,21,0.51,171.37,97.00,1455.00,51.70,24.00,99.00,5.41,99.00,0.10,2884.95,31596855.00,6.40,6.30,0.59,10.30,71.80,
2007,128,21,0.56,157.64,95.00,2248.00,5.80,25.00,95.00,5.48,95.00,0.10,2494.35,31225881.00,6.40,6.30,0.58,10.00,71.40,
2006,133,22,0.58,127.76,95.00,1217.00,49.90,25.00,97.00,5.23,97.00,0.10,2191.48,3869346.00,6.40,6.30,0.57,10.00,71.00,
2005,137,22,0.47,9.47,96.00,0.00,49.10,26.00,98.00,5.60,98.00,0.10,213.76,35217.00,6.50,6.30,0.57,9.80,77.00,
2004,142,23,0.56,100.36,95.00,6399.00,48.20,27.00,97.00,5.22,97.00,0.10,1948.81,3179285.00,6.50,6.40,0.56,9.60,72.00,
2003,146,24,0.58,88.17,9.00,10841.00,47.30,28.00,91.00,5.25,91.00,0.10,1721.97,29843937.00,6.60,6.40,0.55,9.30,69.90,
2002,15,25,0.46,66.73,92.00,6000.00,46.50,29.00,94.00,5.31,94.00,0.10,1413.76,29512368.00,6.60,6.50,0.54,8.80,69.50,
2001,155,26,0.46,71.12,84.00,2724.00,45.70,30.00,93.00,4.44,96.00,0.10,1336.78,29181832.00,6.70,6.50,0.53,8.50,69.00,
2000,16,27,0.45,63.42,43.00,7368.00,44.80,32.00,95.00,4.18,95.00,0.10,1332.38,28849621.00,6.70,6.60,0.52,8.00,68.60,
2015,355,60,null,0.00,8.00,79.00,22.60,81.00,8.00,null,8.00,3.90,528.31,281691.00,3.60,3.50,0.41,9.10,57.60,
2014,375,61,0.01,54.91,79.00,9.00,22.20,84.00,79.00,6.98,79.00,4.10,623.29,27212382.00,3.60,3.50,0.41,9.10,56.70,
2013,46,62,1.16,5.81,78.00,8.00,21.80,87.00,78.00,5.90,78.00,5.10,65.99,26434372.00,3.60,3.50,0.41,9.10,55.30,
2012,48,64,1.19,49.91,76.00,145.00,21.30,90.00,73.00,5.58,76.00,6.90,566.51,2567666.00,3.60,3.50,0.40,9.20,54.80,
2011,47,66,0.94,40.81,76.00,177.00,2.90,94.00,73.00,6.23,76.00,9.60,526.53,249395.00,3.70,3.60,0.40,9.50,54.30,
2010,47,69,0.96,5.74,74.00,2321.00,2.50,98.00,73.00,5.38,74.00,10.80,419.23,2422145.00,3.70,3.60,0.39,9.30,54.00,
2009,4,70,1.18,39.75,74.00,60.00,2.10,101.00,74.00,5.43,74.00,11.30,463.85,2352463.00,3.70,3.60,0.38,9.20,53.80,
2008,45,72,1.48,0.80,75.00,4.00,19.70,104.00,74.00,4.91,75.00,12.60,53.13,22846758.00,3.70,3.70,0.37,8.80,53.20,
2007,425,74,1.03,53.95,75.00,267.00,19.30,108.00,75.00,5.25,75.00,14.10,422.15,22188387.00,3.80,3.70,0.36,8.20,52.10,
2006,434,78,1.2,58.60,75.00,183.00,18.90,113.00,73.00,6.51,78.00,16.30,385.76,21547463.00,3.80,3.70,0.35,7.90,51.20,
2005,434,80,1.23,67.33,75.00,12598.00,18.50,117.00,71.00,6.87,8.00,16.20,369.15,29237.00,3.90,3.80,0.34,7.30,58.00,
2004,429,82,1.54,46.58,76.00,9396.00,18.10,120.00,69.00,5.91,83.00,15.90,336.33,231275.00,3.90,3.80,0.33,7.00,54.00,
2003,424,85,1.68,42.53,76.00,28898.00,17.70,124.00,67.00,6.39,85.00,15.30,283.89,19716598.00,4.00,3.90,0.32,6.70,51.00,
2002,416,87,2.16,40.83,76.00,7155.00,17.30,127.00,76.00,6.45,76.00,14.50,262.88,19139658.00,4.00,4.00,0.31,6.20,49.80,
2001,48,90,2.09,37.83,25.00,7085.00,16.90,132.00,72.00,5.64,73.00,13.40,256.44,18588758.00,4.10,4.00,0.30,5.80,49.50,
2000,43,93,1.14,47.17,null,7375.00,16.50,136.00,69.00,6.16,7.00,12.20,277.65,1867687.00,4.20,4.10,0.29,5.40,49.00,
2015,199,39,null,0.00,89.00,6.00,23.80,50.00,89.00,null,89.00,0.30,1194.59,5243669.00,12.80,13.00,0.55,9.10,66.60,
2014,21,40,0.01,45.34,88.00,122.00,22.90,52.00,88.00,2.28,88.00,0.30,1262.89,51924182.00,12.90,13.10,0.55,9.10,66.40,
2013,22,42,0.7,38.34,75.00,1010.00,22.10,55.00,76.00,2.16,75.00,0.40,1168.84,51448196.00,12.90,13.20,0.54,9.10,66.20,
2012,25,44,0.55,38.43,58.00,2175.00,21.30,58.00,87.00,2.22,84.00,0.50,1171.58,5986514.00,13.00,13.20,0.53,9.10,65.90,
2011,27,47,0.33,21.24,4.00,2046.00,2.50,61.00,9.00,1.87,84.00,0.50,1186.42,555331.00,13.00,13.30,0.53,9.10,65.60,
2010,29,49,0.3,17.48,92.00,190.00,19.80,65.00,9.00,1.92,9.00,0.50,987.74,5155896.00,13.10,13.30,0.52,8.80,65.40,
2009,211,52,0.28,11.05,91.00,329.00,19.10,69.00,9.00,2.50,9.00,0.60,741.78,49869.00,13.10,13.40,0.50,8.50,65.20,
2008,296,59,0.3,9.53,85.00,333.00,18.30,96.00,85.00,1.87,85.00,0.60,643.95,49479752.00,13.20,13.40,0.49,8.20,59.20,
2007,217,58,0.26,0.53,85.00,1088.00,17.60,78.00,84.00,1.68,86.00,0.60,41.45,49171586.00,13.20,13.50,0.48,8.10,64.50,
2006,22,61,0.28,4.63,75.00,760.00,17.00,83.00,82.00,1.78,82.00,0.60,296.97,48846474.00,13.20,13.50,0.47,8.00,64.20,
2005,224,64,0.28,2.79,62.00,314.00,16.40,87.00,86.00,1.83,73.00,0.50,247.24,48482614.00,13.20,13.60,0.47,7.90,63.90,
2004,228,66,0.44,4.15,39.00,1329.00,15.70,90.00,92.00,1.97,82.00,0.50,219.82,487377.00,13.30,13.60,0.46,7.80,63.50,
2003,231,69,0.4,3.82,8.00,830.00,15.20,93.00,86.00,1.97,78.00,0.50,219.78,47624894.00,13.30,13.60,0.45,7.70,63.20,
2002,235,71,0.41,3.42,null,736.00,14.60,96.00,84.00,2.50,79.00,0.40,143.78,471422.00,13.30,13.70,0.44,7.60,62.80,
2001,239,72,0.38,1.92,null,2519.00,14.10,98.00,77.00,1.80,73.00,0.40,138.92,46627994.00,13.30,13.70,0.43,7.60,62.50,
2000,243,73,0.35,2.51,null,845.00,13.60,100.00,88.00,1.84,82.00,0.40,193.19,4695462.00,13.30,13.70,0.42,7.50,62.10,
2015,248,2,null,0.00,92.00,212.00,35.70,3.00,92.00,null,92.00,2.10,4737.67,2425561.00,8.20,8.10,0.64,11.70,65.80,
2014,242,2,0.01,751.40,88.00,477.00,34.90,3.00,88.00,8.93,88.00,2.20,5421.34,237992.00,8.60,8.50,0.63,11.70,65.90,
2013,232,3,0.01,760.66,89.00,1028.00,34.10,3.00,89.00,8.53,89.00,2.50,5488.13,231652.00,9.00,8.90,0.63,11.60,66.10,
2012,232,3,0.01,796.87,84.00,86.00,33.30,4.00,84.00,8.24,84.00,3.70,5749.45,2263934.00,9.50,9.40,0.62,11.50,65.80,
2011,268,3,7.84,7.90,82.00,79.00,32.50,4.00,85.00,8.78,82.00,4.70,56.97,2215621.00,9.90,9.90,0.61,11.50,64.30,
2010,299,3,7.58,719.55,83.00,3138.00,31.80,4.00,83.00,7.89,83.00,6.20,5191.58,217317.00,1.40,1.40,0.60,11.40,63.00,
2009,36,3,7.99,575.67,null,4076.00,31.00,4.00,83.00,8.50,83.00,8.70,4153.50,21374.00,1.90,1.90,0.60,11.40,62.40,
2008,317,3,6.28,59.55,null,0.00,3.20,4.00,83.00,7.15,83.00,11.70,429.66,216375.00,11.50,11.40,0.59,11.30,61.70,
2007,356,3,5.12,62.11,null,21.00,29.40,4.00,81.00,6.99,86.00,15.20,422.52,279915.00,12.00,12.00,0.58,11.30,60.00,
2006,431,3,4.94,459.16,null,3.00,28.70,4.00,74.00,7.20,86.00,19.20,3881.30,255734.00,12.60,12.60,0.57,11.40,57.00,
2005,477,3,4.89,457.72,null,4.00,27.90,4.00,86.00,7.32,86.00,22.10,3573.15,232196.00,13.10,13.10,0.56,11.60,55.10,
2004,483,3,4.8,368.28,null,4.00,27.20,4.00,81.00,6.47,81.00,24.00,3288.26,29228.00,13.70,13.70,0.56,11.70,54.70,
2003,471,3,5.28,294.66,null,262.00,26.50,4.00,82.00,6.52,79.00,24.70,2482.37,1986535.00,14.20,14.30,0.55,11.70,55.00,
2002,452,3,5.09,203.73,null,1278.00,25.80,4.00,78.00,6.17,77.00,24.60,1713.48,1962147.00,14.70,14.80,0.56,11.80,55.70,
2001,426,3,5.09,205.81,null,416.00,25.10,4.00,79.00,6.18,78.00,23.90,1834.29,1933596.00,15.20,15.40,0.56,11.70,56.50,
2000,41,3,5.73,35.81,null,469.00,24.50,4.00,8.00,6.11,79.00,22.80,258.00,1899257.00,15.70,15.90,0.56,11.50,57.40,
2013,null,0,0.01,15.61,87.00,0.00,87.30,0.00,87.00,4.65,87.00,0.10,136.18,null,0.10,0.10,null,9.60,null,
2015,165,17,null,0.00,91.00,1599.00,19.10,21.00,9.00,null,91.00,0.10,743.77,28656282.00,15.70,16.10,0.56,12.20,69.20,
2014,158,18,0.01,8.52,92.00,1279.00,18.50,22.00,92.00,5.80,92.00,0.10,76.24,28323241.00,15.90,16.30,0.55,12.40,69.60,
2013,162,19,0.27,80.16,92.00,1861.00,18.00,24.00,92.00,5.69,92.00,0.10,688.62,2798531.00,16.10,16.50,0.55,12.30,69.30,
2012,167,20,0.26,80.59,9.00,3362.00,17.40,25.00,9.00,5.89,9.00,0.20,681.79,27649925.00,16.30,16.70,0.54,12.30,68.90,
2011,172,22,0.27,112.12,92.00,2359.00,16.90,27.00,92.00,6.73,92.00,0.20,692.12,27327147.00,16.50,16.90,0.53,12.00,68.40,
2010,178,23,0.24,84.62,82.00,190.00,16.40,30.00,83.00,6.43,82.00,0.20,592.18,2723137.00,16.70,17.20,0.52,11.10,68.00,
2009,183,25,0.22,6.19,89.00,189.00,15.90,32.00,93.00,6.41,89.00,0.20,48.73,2674113.00,16.90,17.40,0.50,10.50,67.50,
2008,189,27,0.21,70.27,82.00,2089.00,15.40,35.00,82.00,6.44,82.00,0.20,473.84,26475859.00,17.00,17.60,0.49,10.10,67.00,
2007,194,29,0.2,52.23,82.00,1415.00,14.90,38.00,82.00,5.84,82.00,0.20,393.88,26214847.00,17.20,17.80,0.49,10.00,66.60,
2006,21,31,0.2,45.88,69.00,2838.00,14.40,41.00,91.00,5.70,89.00,0.20,348.63,2594618.00,17.40,18.00,0.48,9.60,66.00,
2005,28,33,0.2,4.26,41.00,5023.00,13.90,44.00,78.00,5.72,75.00,0.20,317.89,2564287.00,17.60,18.20,0.47,9.40,65.40,
2004,218,35,0.21,31.93,27.00,12074.00,13.40,47.00,8.00,5.82,8.00,0.20,287.42,2539449.00,17.80,18.40,0.46,9.30,64.70,
2003,22,38,0.2,2.79,2.00,13344.00,12.90,50.00,76.00,5.48,78.00,0.10,253.72,2495623.00,18.00,18.60,0.46,9.20,64.30,
2002,238,40,0.19,23.18,null,6749.00,12.40,54.00,72.00,5.60,72.00,0.10,246.38,24566342.00,18.20,18.80,0.45,8.60,63.10,
2001,23,43,0.09,21.93,null,10849.00,11.90,58.00,73.00,5.36,72.00,0.10,248.62,24161777.00,18.30,19.00,0.45,9.00,63.20,
2000,238,46,0.08,17.91,null,9397.00,11.40,62.00,74.00,5.43,74.00,0.10,231.43,2374911.00,18.50,19.20,0.44,8.90,62.50,
2015,57,1,null,0.00,94.00,7.00,62.10,1.00,95.00,null,95.00,0.10,44292.88,16939923.00,1.00,0.90,0.92,18.10,81.90,
2014,58,1,0.01,1491.70,92.00,140.00,61.60,1.00,96.00,1.90,96.00,0.10,52157.47,168658.00,1.00,0.90,0.92,18.10,81.70,
2013,6,1,8.68,1475.03,51.00,2632.00,61.00,1.00,97.00,11.40,97.00,0.10,51574.49,1684432.00,1.00,0.90,0.92,18.10,81.40,
2012,62,1,9.05,1162.66,2.00,10.00,6.50,1.00,97.00,11.10,97.00,0.10,49474.76,16754962.00,1.00,0.90,0.92,18.10,81.10,
2011,63,1,8.96,1047.37,2.00,51.00,59.90,1.00,97.00,1.53,97.00,0.10,5354.65,1669374.00,1.00,0.90,0.91,17.20,81.10,
2010,64,1,9.33,1035.62,null,15.00,59.30,1.00,97.00,1.48,97.00,0.10,5338.25,16615394.00,1.00,0.90,0.91,17.00,88.00,
2009,65,1,9.23,96.86,null,15.00,58.60,1.00,97.00,1.29,97.00,0.10,519.35,1653388.00,1.00,0.90,0.91,16.90,86.00,
2008,68,1,9.62,10873.41,null,109.00,57.90,1.00,97.00,9.57,97.00,0.10,56928.82,16445593.00,1.00,0.90,0.91,16.80,83.00,
2007,68,1,9.53,9689.73,null,10.00,57.30,1.00,97.00,9.36,97.00,0.10,51241.32,16381696.00,1.00,1.00,0.90,16.60,82.00,
2006,71,1,9.79,8344.01,null,1.00,56.50,1.00,96.00,9.36,96.00,0.10,44453.97,1634611.00,1.00,1.00,0.89,16.50,79.80,
2005,72,1,9.69,6577.51,null,4.00,55.80,1.00,96.00,9.60,96.00,0.10,41577.17,16319868.00,1.00,1.00,0.89,16.40,79.40,
2004,77,1,9.56,5170.13,null,11.00,55.00,1.00,98.00,8.52,98.00,0.10,39954.64,16281779.00,1.00,1.00,0.89,16.50,79.20,
2003,8,1,9.56,4472.61,null,4.00,54.20,1.00,98.00,8.46,98.00,0.10,35245.16,1622532.00,1.10,1.00,0.88,16.50,78.70,
2002,81,1,9.68,3455.20,null,3.00,53.40,1.00,97.00,8.34,97.00,0.10,28817.32,16148929.00,1.10,1.00,0.88,16.90,78.40,
2001,82,1,9.95,3054.52,null,0.00,52.60,1.00,97.00,7.79,97.00,0.10,26584.12,164618.00,1.10,1.10,0.88,16.70,78.30,
2000,84,1,10.06,2944.64,null,1019.00,51.80,1.00,97.00,7.42,97.00,0.10,25921.13,15925513.00,1.10,1.10,0.87,16.50,78.10,
2015,66,0,8.7,0.00,92.00,10.00,67.50,0.00,92.00,null,92.00,0.10,3821.89,null,0.40,0.30,0.91,19.20,81.60,
2014,67,0,9.07,1040.28,93.00,280.00,66.90,0.00,93.00,11.30,93.00,0.10,4453.25,null,0.40,0.30,0.91,19.20,81.50,
2013,69,0,9.18,10019.08,93.00,8.00,66.40,0.00,92.00,11.17,92.00,0.10,42889.88,null,0.30,0.30,0.91,19.30,81.30,
2012,7,0,9.2,924.57,93.00,68.00,65.90,0.00,93.00,11.53,93.00,0.10,3997.26,null,0.30,0.30,0.90,19.50,81.10,
2011,72,0,9.47,8342.41,95.00,597.00,65.30,0.00,95.00,11.24,95.00,0.10,38426.56,null,0.30,0.30,0.90,19.70,86.00,
2010,71,0,9.62,6664.15,9.00,43.00,64.80,0.00,93.00,11.20,93.00,0.10,33691.35,null,0.30,0.30,0.90,20.30,89.00,
2009,73,0,9.24,63.58,93.00,198.00,64.30,0.00,92.00,11.21,92.00,0.10,282.94,null,0.30,0.30,0.90,19.30,85.00,
2008,75,0,9.49,6761.29,9.00,0.00,63.80,0.00,89.00,1.70,89.00,0.10,31287.78,null,0.30,0.30,0.89,19.50,81.00,
2007,76,0,9.19,606.31,88.00,25.00,63.20,0.00,88.00,8.35,88.00,0.10,3259.73,null,0.30,0.30,0.89,19.20,81.00,
2006,76,0,9.34,496.22,87.00,20.00,62.60,0.00,89.00,8.65,89.00,0.10,2667.86,null,0.30,0.30,0.89,19.10,79.90,
2005,78,0,9.31,491.06,87.00,20.00,62.10,0.00,89.00,8.25,89.00,0.10,2775.90,null,0.30,0.30,0.89,18.90,79.90,
2004,79,0,9.15,442.38,88.00,33.00,61.50,0.00,87.00,7.89,89.00,0.10,2542.40,null,0.30,0.30,0.88,18.40,79.20,
2003,82,0,8.91,3661.79,89.00,66.00,6.90,0.00,86.00,7.71,9.00,0.10,21913.78,null,0.30,0.30,0.88,18.20,79.10,
2002,83,0,9.13,2892.26,89.00,21.00,6.30,0.00,84.00,7.89,9.00,0.10,16874.31,null,0.30,0.30,0.87,17.50,78.70,
2001,83,0,8.75,2205.99,9.00,65.00,59.60,0.00,82.00,7.58,9.00,0.10,13882.86,null,0.30,0.30,0.87,17.40,78.50,
2000,87,0,8.91,2143.02,9.00,65.00,58.90,0.00,82.00,7.47,9.00,0.10,13641.13,null,0.30,0.30,0.86,17.20,78.60,
2015,145,2,null,0.00,98.00,0.00,54.00,2.00,99.00,null,98.00,0.10,295.97,68235.00,1.80,1.70,0.64,11.70,74.80,
2014,148,2,3.55,473.12,98.00,0.00,53.20,3.00,99.00,9.40,98.00,0.10,1975.46,613997.00,1.80,1.70,0.64,11.60,74.50,
2013,157,2,3.58,366.48,98.00,0.00,52.40,3.00,99.00,8.43,98.00,0.10,1847.20,5945747.00,1.80,1.70,0.63,11.50,73.90,
2012,157,2,3.63,334.82,98.00,0.00,51.70,3.00,99.00,8.40,98.00,0.10,1792.38,587718.00,1.80,1.70,0.63,11.50,73.90,
2011,147,3,3.39,321.61,98.00,0.00,5.90,3.00,99.00,6.39,98.00,0.10,1682.96,58782.00,1.80,1.80,0.62,11.50,74.50,
2010,154,3,3.38,302.70,98.00,0.00,5.20,3.00,99.00,6.58,98.00,0.10,1526.50,5737723.00,1.90,1.80,0.61,11.40,73.20,
2009,163,3,3.36,292.75,98.00,0.00,49.40,3.00,99.00,6.82,98.00,0.20,1464.50,5666581.00,1.90,1.80,0.61,11.30,73.20,
2008,169,3,3.64,275.06,97.00,0.00,48.60,3.00,97.00,6.98,97.00,0.20,1518.85,559456.00,1.90,1.80,0.61,11.10,72.50,
2007,173,3,3.83,253.00,93.00,0.00,47.90,4.00,93.00,6.91,93.00,0.20,1344.32,552216.00,2.00,1.90,0.60,11.00,72.50,
2006,17,3,3.69,21.41,88.00,0.00,47.10,4.00,88.00,6.33,88.00,0.30,124.99,545211.00,2.00,1.90,0.60,11.00,73.00,
2005,194,3,3.7,218.57,86.00,0.00,46.40,4.00,87.00,6.11,86.00,0.30,1175.12,5379328.00,2.00,1.90,0.59,11.00,71.20,
2004,194,4,3.81,36.82,79.00,0.00,45.70,4.00,8.00,6.13,79.00,0.30,191.55,53973.00,2.10,2.00,0.59,11.00,71.00,
2003,198,4,3.77,2.54,86.00,0.00,44.90,5.00,86.00,6.12,86.00,0.30,115.57,524879.00,2.10,2.00,0.58,11.00,76.00,
2002,197,4,3.5,2.09,85.00,0.00,44.20,5.00,85.00,5.71,85.00,0.40,11.15,5171734.00,2.20,2.10,0.58,10.70,75.00,
2001,193,4,3.51,22.36,87.00,0.00,43.50,5.00,89.00,5.26,87.00,0.40,143.68,5175.00,2.20,2.10,0.57,10.40,73.00,
2000,192,4,3.61,15.26,83.00,0.00,42.80,5.00,85.00,5.39,83.00,0.40,116.27,526796.00,2.20,2.10,0.56,10.10,73.00,
2015,22,49,null,0.00,65.00,7693.00,19.30,87.00,65.00,null,65.00,0.40,359.00,19896965.00,9.60,9.40,0.35,5.40,61.80,
2014,223,49,0.01,3.30,68.00,1142.00,18.90,88.00,67.00,5.82,68.00,0.50,43.65,19148219.00,9.80,9.60,0.34,5.30,61.40,
2013,227,49,0.01,31.50,67.00,1224.00,18.50,89.00,56.00,5.90,67.00,0.60,416.15,18426372.00,1.00,9.90,0.34,5.30,69.00,
2012,232,49,0.01,29.76,71.00,272.00,18.10,90.00,71.00,6.11,71.00,0.70,391.52,17731634.00,1.30,1.10,0.33,5.10,63.00,
2011,241,50,0.15,32.22,75.00,771.00,17.70,93.00,4.00,6.66,75.00,0.70,375.58,1764636.00,1.50,1.30,0.32,4.80,59.40,
2010,252,50,0.12,5.88,7.00,372.00,17.30,95.00,75.00,6.36,7.00,0.90,348.15,16425578.00,1.70,1.60,0.31,4.50,58.20,
2009,263,51,0.11,5.67,71.00,801.00,16.90,99.00,71.00,6.98,71.00,1.10,341.29,15813913.00,11.00,1.80,0.31,4.20,57.10,
2008,272,52,0.12,40.38,null,1317.00,16.50,102.00,68.00,6.76,67.00,1.30,354.82,15228525.00,11.20,11.00,0.30,4.00,56.00,
2007,276,53,0.1,35.81,null,282.00,16.10,106.00,57.00,6.94,57.00,1.40,292.56,14668338.00,11.40,11.30,0.29,3.80,55.20,
2006,277,54,0.11,43.42,null,59.00,15.70,110.00,52.00,7.39,51.00,1.50,258.46,1413264.00,11.60,11.50,0.29,3.70,54.50,
2005,278,55,0.11,3.75,null,2183.00,15.40,114.00,46.00,7.15,45.00,1.60,25.38,13618449.00,11.90,11.80,0.28,3.50,53.70,
2004,279,56,0.11,20.86,null,63057.00,15.00,118.00,45.00,6.61,43.00,1.60,232.57,1312712.00,12.10,12.00,0.27,3.10,52.90,
2003,28,56,0.1,20.27,null,54190.00,14.60,121.00,44.00,6.23,41.00,1.60,215.85,1265687.00,12.30,12.20,0.27,3.00,52.10,
2002,282,57,0.1,17.59,null,31584.00,14.30,124.00,43.00,6.55,39.00,1.60,177.83,12262.00,12.50,12.50,0.26,2.90,51.40,
2001,283,57,0.11,1.82,null,61208.00,13.90,127.00,42.00,7.10,36.00,1.60,165.26,11771976.00,12.70,12.70,0.26,2.90,56.00,
2000,284,58,0.1,13.36,null,21319.00,13.60,128.00,41.00,6.10,34.00,1.50,158.46,11352973.00,12.80,12.90,0.25,2.80,50.00,
2015,344,483,null,0.00,49.00,12423.00,25.40,747.00,49.00,null,49.00,3.70,2655.16,181181744.00,9.80,9.70,0.53,10.00,54.50,
2014,362,490,0.01,263.21,49.00,6855.00,24.70,759.00,49.00,3.67,49.00,3.90,3221.68,1764652.00,1.10,9.90,0.52,10.00,53.60,
2013,367,498,8.3,194.20,46.00,52852.00,24.10,773.00,46.00,3.70,46.00,3.90,2996.96,17182933.00,1.40,1.20,0.51,9.80,53.20,
2012,374,505,8.54,204.72,42.00,6447.00,23.50,788.00,42.00,3.30,42.00,4.40,2755.30,167297284.00,1.70,1.60,0.51,9.70,52.70,
2011,375,513,8.75,187.57,46.00,18843.00,22.80,802.00,48.00,3.69,48.00,4.70,2527.94,16287776.00,11.00,1.90,0.50,9.60,52.30,
2010,374,521,8.9,133.12,49.00,8491.00,22.20,817.00,54.00,3.47,54.00,4.80,2327.33,158578261.00,11.30,11.20,0.49,9.50,52.00,
2009,376,527,9.05,14.57,63.00,1272.00,21.60,832.00,66.00,4.24,63.00,4.90,197.66,15442181.00,11.70,11.60,0.49,9.30,51.60,
2008,386,536,9.3,105.59,41.00,9960.00,21.00,848.00,6.00,4.00,53.00,5.00,1383.89,1534739.00,12.00,11.90,0.48,9.20,59.00,
2007,388,542,9.55,104.47,42.00,2613.00,2.40,863.00,54.00,4.47,42.00,5.20,1136.83,14641724.00,12.30,12.30,0.48,9.10,55.00,
2006,396,549,9.66,10.36,27.00,704.00,19.90,879.00,46.00,3.66,4.00,5.30,119.74,14261494.00,12.60,12.60,0.47,9.00,49.80,
2005,4,556,9.71,6.42,18.00,110927.00,19.30,893.00,45.00,4.11,36.00,5.40,87.89,138939478.00,12.90,12.90,0.46,8.90,49.20,
2004,47,563,9.76,57.23,null,31521.00,18.80,907.00,43.00,4.33,33.00,5.40,648.82,135393616.00,13.20,13.20,0.45,8.50,48.50,
2003,41,567,9.75,30.20,null,141258.00,18.30,918.00,42.00,4.50,29.00,5.40,512.66,131972533.00,13.50,13.60,0.00,8.10,48.10,
2002,49,571,9.61,17.14,null,42007.00,17.80,928.00,4.00,2.43,25.00,5.30,459.46,12866671.00,13.80,13.80,0.00,7.70,47.70,
2001,48,574,9.58,15.83,null,168107.00,17.30,936.00,36.00,3.25,27.00,5.10,351.80,125463434.00,14.10,14.10,0.00,8.00,47.40,
2000,45,576,9.23,22.48,null,212183.00,16.90,943.00,31.00,2.84,29.00,4.90,379.12,1223529.00,14.30,14.40,0.00,7.60,47.10,
2013,null,0,0.01,0.00,99.00,0.00,77.30,0.00,99.00,7.20,99.00,0.10,null,null,0.10,0.10,null,null,null,
2015,59,0,5.97,0.00,null,14.00,61.20,0.00,95.00,null,95.00,0.10,7455.25,518867.00,0.80,0.70,0.95,17.70,81.80,
2014,61,0,6.06,177.64,null,3.00,6.80,0.00,93.00,9.72,93.00,0.10,975.50,5137232.00,0.80,0.70,0.94,17.70,81.60,
2013,62,0,6.21,234.78,null,8.00,6.30,0.00,94.00,9.39,94.00,0.10,1291.43,579623.00,0.80,0.70,0.94,17.50,81.50,
2012,61,0,6.21,2094.19,null,4.00,59.80,0.00,95.00,9.16,95.00,0.10,11563.73,518573.00,0.70,0.70,0.94,17.60,81.30,
2011,67,0,6.53,277.36,null,39.00,59.40,0.00,94.00,9.14,94.00,0.10,1574.99,495388.00,0.70,0.70,0.94,17.60,81.10,
2010,66,0,6.59,15268.06,null,3.00,58.90,0.00,93.00,9.26,93.00,0.10,87646.75,4889252.00,0.70,0.70,0.94,17.40,81.00,
2009,67,0,6.68,142.37,null,2.00,58.50,0.00,94.00,9.49,94.00,0.10,817.78,4828726.00,0.70,0.70,0.94,17.40,89.00,
2008,67,0,6.75,1707.13,null,4.00,58.00,0.00,94.00,8.40,94.00,0.10,9688.60,4768212.00,0.70,0.70,0.94,17.60,86.00,
2007,67,0,6.6,14829.41,null,0.00,57.50,0.00,93.00,8.58,93.00,0.10,85128.66,479153.00,0.70,0.70,0.93,17.60,85.00,
2006,7,0,6.47,12829.25,null,0.00,57.00,0.00,94.00,8.43,94.00,0.10,74114.70,466677.00,0.80,0.70,0.93,17.50,84.00,
2005,73,0,6.37,11792.53,null,0.00,56.50,0.00,91.00,8.89,91.00,0.10,66775.39,4623291.00,0.80,0.70,0.93,17.60,81.00,
2004,77,0,6.22,1009.83,null,7.00,55.90,0.00,92.00,9.44,92.00,0.10,5757.27,459191.00,0.80,0.70,0.92,17.50,79.80,
2003,78,0,6.04,880.74,null,8.00,55.30,0.00,92.00,9.85,92.00,0.10,5111.65,4564855.00,0.80,0.70,0.92,17.10,79.40,
2002,81,0,5.89,749.68,null,5.00,54.60,0.00,93.00,9.62,93.00,0.10,4361.15,4538159.00,0.80,0.70,0.92,17.10,78.90,
2001,82,0,5.49,6356.83,null,4.00,54.00,0.00,91.00,8.65,91.00,0.10,38549.59,4513751.00,0.80,0.70,0.92,17.50,78.80,
2000,85,0,5.67,6191.21,null,0.00,53.30,0.00,91.00,8.27,9.00,0.10,38146.72,449967.00,0.80,0.70,0.91,17.10,78.50,
2015,99,1,null,0.00,99.00,0.00,54.60,1.00,99.00,null,99.00,0.10,16627.36,null,7.10,6.90,0.80,13.70,76.60,
2014,11,1,0.4,166.19,99.00,0.00,53.50,1.00,99.00,3.55,99.00,0.10,2458.45,null,7.10,6.90,0.80,13.70,76.40,
2013,12,1,0.46,1154.89,98.00,0.00,52.80,1.00,99.00,2.76,98.00,0.10,21268.76,null,7.00,6.80,0.80,13.70,76.20,
2012,14,1,0.51,1055.84,98.00,13.00,52.30,1.00,99.00,2.52,98.00,0.10,22134.92,null,7.00,6.80,0.80,13.70,76.00,
2011,15,1,0.54,158.28,99.00,5.00,52.00,1.00,99.00,2.49,99.00,0.10,2986.36,null,6.90,6.80,0.80,13.60,75.80,
2010,16,1,0.56,129.23,99.00,3.00,51.80,1.00,99.00,2.74,99.00,0.10,1928.75,null,6.90,6.80,0.80,13.50,75.60,
2009,18,1,0.56,1040.63,98.00,19.00,51.50,1.00,96.00,2.83,98.00,0.10,16784.35,null,6.90,6.80,0.78,12.40,75.40,
2008,19,1,0.57,123.10,99.00,18.00,51.10,1.00,97.00,2.10,99.00,0.10,2275.35,null,6.90,6.80,0.77,11.90,75.20,
2007,113,1,0.57,88.45,99.00,24.00,5.60,1.00,97.00,2.43,99.00,0.10,1585.13,null,7.00,6.80,0.75,11.50,74.90,
2006,115,1,0.58,78.51,99.00,13.00,5.10,1.00,98.00,2.31,98.00,0.10,1448.55,null,7.00,6.80,0.75,11.60,74.70,
2005,118,1,0.63,854.01,99.00,25.00,49.50,1.00,99.00,2.59,99.00,0.10,12376.98,null,7.00,6.80,0.74,11.50,74.30,
2004,122,1,0.61,70.47,99.00,18.00,48.90,1.00,99.00,2.98,99.00,0.10,1129.29,null,7.10,6.80,0.73,11.50,74.00,
2003,127,1,0.56,65.66,99.00,1.00,48.10,1.00,99.00,3.17,99.00,0.10,969.81,null,7.10,6.80,0.72,11.20,73.60,
2002,13,1,0.54,585.92,99.00,5.00,47.30,1.00,99.00,3.18,99.00,0.10,8629.12,null,7.10,6.80,0.72,11.00,73.30,
2001,134,1,0.55,564.54,99.00,15.00,46.50,1.00,99.00,3.80,99.00,0.10,8476.62,null,7.10,6.90,0.70,10.70,72.90,
2000,138,1,0.38,62.87,99.00,15.00,45.90,1.00,99.00,3.70,99.00,0.10,861.19,null,7.20,6.90,0.00,10.40,72.60,
2015,161,352,null,0.00,72.00,386.00,25.40,433.00,72.00,null,72.00,0.10,1431.24,18938513.00,19.20,19.60,0.55,8.10,66.40,
2014,162,359,0.01,62.29,72.00,1370.00,24.70,442.00,72.00,2.61,72.00,0.10,1316.99,185546257.00,19.40,19.80,0.54,7.80,66.20,
2013,163,365,0.04,60.19,72.00,8749.00,23.90,450.00,72.00,2.70,72.00,0.10,1272.44,181712595.00,19.60,2.00,0.54,7.70,66.00,
2012,165,369,0.04,59.66,72.00,8046.00,23.20,456.00,72.00,2.76,72.00,0.10,1261.29,177911533.00,19.80,2.20,0.53,7.60,65.70,
2011,167,371,0.04,57.88,74.00,4386.00,22.50,459.00,75.00,3.10,74.00,0.10,1226.22,174184265.00,2.00,2.40,0.53,7.50,65.50,
2010,172,372,0.04,0.67,82.00,4321.00,21.90,461.00,82.00,3.20,82.00,0.10,14.14,1756182.00,2.20,2.70,0.52,7.50,65.10,
2009,175,371,0.03,0.70,78.00,863.00,21.30,460.00,7.00,2.94,71.00,0.10,16.64,1674958.00,2.50,2.90,0.51,7.30,64.80,
2008,177,369,0.03,5.45,65.00,1129.00,2.60,460.00,7.00,3.26,62.00,0.10,139.31,16364463.00,2.70,21.10,0.51,7.30,64.60,
2007,178,367,0.03,3.91,75.00,2801.00,2.10,459.00,75.00,3.35,75.00,0.10,95.43,16332974.00,2.80,21.30,0.51,6.70,64.40,
2006,179,365,0.03,40.37,78.00,7641.00,19.50,458.00,77.00,3.40,78.00,0.10,873.77,15793993.00,21.00,21.50,0.50,6.50,64.20,
2005,2,364,0.04,30.59,7.00,2981.00,18.90,459.00,78.00,2.91,77.00,0.10,711.47,15399667.00,21.20,21.70,0.49,6.10,62.90,
2004,183,364,0.01,28.98,65.00,4248.00,18.40,461.00,65.00,2.56,65.00,0.10,649.85,15783.00,21.40,21.80,0.47,5.60,63.70,
2003,185,366,0.01,24.23,63.00,4740.00,17.90,466.00,69.00,2.61,67.00,0.10,563.59,1477341.00,21.60,22.00,0.47,5.60,63.50,
2002,187,371,0.01,22.39,null,3903.00,17.40,474.00,71.00,2.76,68.00,0.10,499.86,144654143.00,21.80,22.20,0.46,5.50,63.20,
2001,189,377,0.01,1.77,null,3849.00,16.90,483.00,68.00,2.61,65.00,0.10,51.66,14161437.00,22.00,22.40,0.45,5.40,63.00,
2000,19,385,0.02,18.85,null,2064.00,16.40,495.00,65.00,2.79,62.00,0.10,533.86,138523285.00,22.20,22.60,0.45,5.30,62.80,
2015,263,62,0.01,71.28,65.00,1154.00,19.10,83.00,6.00,8.16,65.00,0.10,584.26,33736494.00,17.20,17.30,0.48,10.10,65.00,
2014,271,64,0.01,73.52,62.00,492.00,18.60,86.00,58.00,8.18,62.00,0.10,612.70,327582.00,17.50,17.50,0.48,10.00,59.90,
2013,268,66,0.01,73.22,64.00,430.00,18.10,89.00,62.00,8.13,64.00,0.10,631.74,31731688.00,17.70,17.70,0.47,9.90,59.90,
2012,272,69,0.01,78.18,67.00,2787.00,17.60,93.00,67.00,8.52,67.00,0.10,669.96,3696958.00,17.90,18.00,0.46,9.80,59.50,
2011,275,71,0.01,7.10,68.00,3013.00,17.20,97.00,68.00,7.87,68.00,0.10,63.54,2978599.00,18.20,18.20,0.45,9.50,59.20,
2010,279,74,0.01,79.68,66.00,1989.00,16.70,102.00,66.00,9.20,66.00,0.10,553.33,2883167.00,18.40,18.40,0.45,9.20,58.80,
2009,281,77,0.01,56.76,63.00,2861.00,16.20,106.00,63.00,9.42,63.00,0.10,445.89,284331.00,18.60,18.70,0.43,8.90,58.60,
2008,287,80,0.03,25.87,64.00,1599.00,15.70,110.00,64.00,8.33,64.00,0.10,373.36,2729431.00,18.80,18.90,0.43,8.70,58.10,
2007,295,82,0.02,10.91,63.00,1141.00,15.20,113.00,63.00,6.73,63.00,0.10,369.84,26616792.00,19.00,19.10,0.41,8.40,57.50,
2006,295,84,0.03,17.17,64.00,1990.00,14.70,116.00,58.00,7.43,58.00,0.10,272.56,2589345.00,19.20,19.30,0.41,8.10,57.30,
2005,291,85,0.02,1.39,66.00,1296.00,14.20,118.00,58.00,8.70,58.00,0.10,25.29,257798.00,19.30,19.50,0.40,7.90,57.30,
2004,293,87,0.02,15.30,67.00,466.00,13.80,120.00,5.00,8.79,5.00,0.10,219.14,24118979.00,19.50,19.70,0.38,6.80,57.00,
2003,295,87,0.01,11.09,65.00,798.00,13.40,122.00,41.00,8.82,41.00,0.10,198.73,2364851.00,19.70,19.90,0.37,6.50,56.70,
2002,3,88,0.01,16.89,64.00,2486.00,13.00,122.00,36.00,7.76,36.00,0.10,187.85,21979923.00,19.90,2.20,0.34,6.20,56.20,
2001,316,88,0.01,10.57,63.00,8762.00,12.60,122.00,35.00,7.80,33.00,0.10,117.50,2966463.00,2.10,2.40,0.34,5.90,55.30,
2000,321,88,0.01,10.42,62.00,6532.00,12.20,122.00,24.00,8.20,24.00,0.10,114.56,293756.00,2.30,2.50,0.34,5.50,54.80,
2015,74,0,4.6,364.98,99.00,0.00,58.00,0.00,99.00,6.00,99.00,0.10,3954.23,28873.00,1.20,1.30,0.76,14.20,77.80,
2014,8,0,4.51,428.75,98.00,0.00,57.20,1.00,98.00,5.88,98.00,0.10,4575.76,288914.00,1.20,1.30,0.76,14.20,77.50,
2013,84,0,4.76,430.88,99.00,0.00,56.50,1.00,99.00,5.66,99.00,0.10,4414.72,289592.00,1.30,1.40,0.76,14.20,77.20,
2012,86,0,5.14,412.44,99.00,9.00,55.80,1.00,99.00,5.59,99.00,0.10,4247.61,2941.00,1.30,1.40,0.75,14.20,76.90,
2011,88,0,5.37,437.06,99.00,28.00,55.10,1.00,99.00,5.71,99.00,0.10,4437.18,295195.00,1.40,1.50,0.74,13.30,76.60,
2010,91,1,5.28,41.82,99.00,10.00,54.30,1.00,99.00,5.34,99.00,0.10,494.36,291321.00,1.40,1.50,0.72,12.50,76.20,
2009,91,1,5.79,348.06,98.00,0.00,53.50,1.00,98.00,5.79,98.00,0.10,4114.14,2927519.00,1.50,1.60,0.72,12.20,76.10,
2008,1,1,5.61,36.62,99.00,0.00,52.60,1.00,99.00,5.87,99.00,0.10,437.54,2947314.00,1.60,1.60,0.71,12.00,75.30,
2007,9,1,5.58,32.25,98.00,22.00,51.70,1.00,99.00,6.10,98.00,0.10,363.14,29717.00,1.60,1.70,0.70,11.60,75.90,
2006,99,1,5.31,3.30,98.00,68.00,5.80,1.00,97.00,5.86,97.00,0.10,35.13,2992547.00,1.70,1.80,0.70,11.40,74.20,
2005,15,1,5.16,26.99,98.00,6.00,49.90,1.00,97.00,6.12,98.00,0.10,279.14,311487.00,1.80,1.80,0.69,10.80,73.50,
2004,17,1,4.54,221.84,99.00,7.00,48.90,1.00,98.00,6.38,97.00,0.10,2416.59,326939.00,1.80,1.90,0.68,10.90,73.00,
2003,18,1,4.29,14.72,97.00,8.00,47.90,1.00,97.00,6.27,97.00,0.10,189.68,339616.00,1.90,2.00,0.67,10.70,72.80,
2002,15,1,3.73,104.52,96.00,16.00,46.90,1.00,98.00,6.30,98.00,0.10,1453.64,3511.00,2.00,2.10,0.67,10.70,73.30,
2001,14,1,4.25,96.21,96.00,18.00,46.00,1.00,97.00,6.00,97.00,0.10,1326.97,36173.00,2.10,2.10,0.66,10.60,73.60,
2000,11,1,3.66,91.71,96.00,662.00,45.00,1.00,97.00,6.26,97.00,0.10,1175.79,38927.00,2.10,2.20,0.66,10.70,72.60,
2015,19,21,null,0.00,95.00,63.00,59.50,24.00,95.00,null,95.00,0.10,4132.76,39871528.00,6.00,5.80,0.74,14.40,75.60,
2014,11,21,0.01,54.24,95.00,0.00,58.40,24.00,95.00,7.21,95.00,0.10,547.85,39113313.00,6.00,5.80,0.74,14.40,75.40,
2013,112,21,0.53,544.45,95.00,25.00,57.20,24.00,95.00,7.12,95.00,0.10,5471.87,38338562.00,5.90,5.80,0.74,14.40,75.30,
2012,113,21,0.66,555.93,95.00,18.00,56.10,24.00,95.00,6.14,95.00,0.10,5564.83,37565847.00,5.90,5.80,0.73,14.40,75.10,
2011,116,21,0.56,509.00,95.00,112.00,55.00,24.00,95.00,5.29,95.00,0.10,5432.25,36819558.00,5.90,5.80,0.72,14.00,74.90,
2010,119,21,0.45,430.72,95.00,103.00,53.90,24.00,95.00,5.12,95.00,0.10,4463.39,36117637.00,5.90,5.80,0.71,13.60,74.70,
2009,123,20,0.5,352.06,94.00,107.00,52.80,23.00,94.00,5.36,95.00,0.10,3868.83,3546576.00,6.00,5.90,0.70,13.10,74.40,
2008,126,20,0.46,43.09,91.00,217.00,51.80,23.00,92.00,4.20,93.00,0.10,495.25,3486715.00,6.00,5.90,0.70,12.60,74.10,
2007,129,20,0.44,320.32,9.00,0.00,5.80,23.00,95.00,3.82,95.00,0.10,3935.18,34376.00,6.00,5.90,0.69,12.30,73.80,
2006,132,20,0.36,270.24,8.00,944.00,49.80,23.00,95.00,3.36,95.00,0.10,3464.62,33777915.00,6.10,6.00,0.69,12.30,73.40,
2005,136,19,0.5,2.55,83.00,2302.00,48.90,22.00,88.00,3.24,88.00,0.10,31.12,33288437.00,6.10,6.00,0.68,12.00,72.90,
2004,14,19,0.45,220.39,81.00,3289.00,47.90,23.00,86.00,3.54,86.00,0.10,2598.98,3283196.00,6.20,6.10,0.67,11.70,72.30,
2003,146,20,0.34,25.02,null,15374.00,47.00,23.00,87.00,3.60,87.00,0.10,294.34,3243514.00,6.30,6.10,0.66,11.50,71.70,
2002,145,20,0.36,148.51,null,5862.00,46.10,23.00,86.00,3.73,86.00,0.10,1774.34,3199546.00,6.30,6.20,0.65,11.10,71.60,
2001,145,20,0.23,147.99,null,2686.00,45.30,24.00,89.00,3.84,89.00,0.10,1732.86,31592153.00,6.40,6.30,0.64,10.90,71.40,
2000,145,21,0.25,154.46,null,0.00,44.40,25.00,86.00,3.49,86.00,0.10,1757.18,3118366.00,6.50,6.40,0.64,10.70,71.30,
2015,335,66,null,0.00,64.00,118.00,23.30,98.00,7.00,null,64.00,1.90,3695.79,2785935.00,8.30,8.20,0.53,11.40,52.40,
2014,348,67,8.33,23.97,64.00,11699.00,22.70,101.00,68.00,3.31,64.00,2.00,479.31,2692466.00,8.50,8.30,0.53,11.40,51.70,
2013,355,69,8.1,35.96,77.00,8523.00,22.10,105.00,67.00,4.26,77.00,2.30,484.62,2599834.00,8.60,8.50,0.52,11.40,51.10,
2012,358,72,8.24,256.12,75.00,4458.00,21.50,110.00,75.00,3.30,75.00,2.60,4598.25,259615.00,8.80,8.60,0.51,10.30,56.00,
2011,361,75,8.06,239.89,72.00,1449.00,21.00,115.00,73.00,3.38,71.00,2.50,4299.13,24218565.00,8.90,8.80,0.50,9.40,51.00,
2010,365,78,7.8,191.65,77.00,1190.00,2.40,121.00,81.00,3.39,77.00,2.50,3529.53,23369131.00,9.10,9.00,0.49,9.00,49.60,
2009,369,81,7.01,212.92,61.00,2807.00,19.80,127.00,63.00,4.37,6.00,2.50,3347.84,22549547.00,9.30,9.20,0.48,8.50,49.10,
2008,371,84,7.07,249.91,69.00,265.00,19.30,133.00,65.00,3.84,69.00,2.60,3868.58,2175942.00,9.50,9.40,0.47,8.10,48.70,
2007,375,87,6.35,184.82,73.00,1014.00,18.80,138.00,75.00,3.38,73.00,2.60,2878.84,2997687.00,9.60,9.60,0.45,7.70,48.20,
2006,381,90,5.84,25.09,null,765.00,18.20,143.00,36.00,4.54,34.00,2.50,262.42,2262399.00,9.80,9.70,0.44,7.20,47.70,
2005,382,92,5.04,98.19,null,258.00,17.70,148.00,39.00,4.10,38.00,2.60,1443.99,19552542.00,1.00,9.90,0.43,6.80,47.40,
2004,386,94,3.53,8.87,null,29.00,17.20,152.00,4.00,4.71,4.00,2.50,141.87,18865716.00,1.20,1.10,0.41,6.40,47.10,
2003,388,95,3.49,35.93,null,1196.00,16.80,155.00,4.00,4.41,4.00,2.40,779.47,1823369.00,1.40,1.30,0.41,5.90,46.80,
2002,391,96,2.82,24.04,null,11945.00,16.30,157.00,37.00,3.63,41.00,2.30,711.18,17572649.00,1.50,1.50,0.40,5.50,46.50,
2001,44,97,2.58,30.36,null,9046.00,15.80,159.00,41.00,5.38,38.00,2.10,526.17,16983266.00,1.70,1.70,0.39,5.10,45.70,
2000,48,97,1.85,15.88,null,2219.00,15.40,160.00,3.00,2.79,28.00,2.00,555.30,1644924.00,1.90,1.90,0.38,4.60,45.30,
2015,13,0,null,0.00,99.00,0.00,47.70,0.00,86.00,null,99.00,0.20,13566.95,null,3.30,3.30,0.78,13.90,76.40,
2014,131,0,8.56,2423.00,99.00,0.00,47.00,0.00,96.00,5.54,99.00,0.20,12888.30,null,3.30,3.30,0.78,13.90,76.20,
2013,133,0,8.58,1991.43,99.00,0.00,46.40,0.00,98.00,5.33,99.00,0.20,12224.86,null,3.30,3.30,0.78,13.90,76.10,
2012,134,0,8.18,2156.23,98.00,0.00,45.70,0.00,97.00,5.39,98.00,0.20,12565.44,null,3.30,3.30,0.78,13.80,75.90,
2011,136,0,7.84,1810.88,99.00,0.00,45.10,0.00,99.00,5.65,99.00,0.10,11929.35,null,3.30,3.30,0.78,14.10,75.70,
2010,138,0,7.84,1983.96,98.00,0.00,44.40,0.00,99.00,5.63,98.00,0.10,12126.88,null,3.30,3.30,0.78,14.10,75.60,
2009,14,0,7.82,149.36,98.00,0.00,43.80,0.00,98.00,4.86,99.00,0.10,1312.47,null,3.40,3.30,0.79,14.20,75.40,
2008,142,0,8.27,180.78,98.00,0.00,43.20,0.00,99.00,4.69,99.00,0.10,1473.32,null,3.40,3.30,0.79,14.40,75.20,
2007,144,0,8.64,257.97,97.00,0.00,42.60,0.00,98.00,4.27,99.00,0.10,14252.29,null,3.40,3.30,0.78,14.50,75.00,
2006,145,0,8.93,216.31,99.00,0.00,42.00,0.00,99.00,4.34,99.00,0.10,12724.39,null,3.40,3.40,0.77,14.70,74.80,
2005,147,0,8.15,1455.61,99.00,0.00,41.40,0.00,98.00,4.41,99.00,0.10,11371.94,null,3.50,3.40,0.00,0.00,74.60,
2004,149,0,7.28,22.86,97.00,0.00,4.80,0.00,97.00,4.21,97.00,0.10,1352.84,null,3.50,3.40,0.00,0.00,74.40,
2003,151,0,7.16,1158.07,99.00,0.00,4.10,0.00,99.00,4.53,99.00,0.10,9739.83,null,3.50,3.50,0.00,0.00,74.20,
2002,153,0,7.21,927.41,99.00,0.00,39.50,0.00,93.00,4.41,98.00,0.10,9386.72,null,3.60,3.50,0.00,0.00,74.00,
2001,154,0,7.51,163.77,96.00,0.00,38.90,0.00,99.00,4.48,97.00,0.10,9358.15,null,3.60,3.50,0.00,0.00,73.80,
2000,156,0,7.27,1127.74,null,0.00,38.20,0.00,96.00,4.13,95.00,0.10,9875.16,null,3.70,3.60,0.00,0.00,73.60,
2015,116,8,null,0.00,94.00,0.00,62.80,9.00,93.00,null,94.00,0.10,13467.12,43417765.00,1.00,0.90,0.83,17.30,76.30,
2014,118,8,7.93,847.37,94.00,1.00,62.20,9.00,92.00,4.79,94.00,0.10,12245.26,42981515.00,1.00,0.90,0.82,17.30,76.20,
2013,119,8,8.28,1001.80,94.00,0.00,61.60,10.00,99.00,4.99,94.00,0.10,12976.64,42539925.00,1.00,0.90,0.82,17.30,76.00,
2012,12,9,8.35,1133.56,91.00,2.00,61.00,10.00,99.00,5.20,91.00,0.10,12969.77,4296739.00,1.00,0.90,0.82,17.20,75.90,
2011,12,9,8.11,1504.33,91.00,3.00,6.40,10.00,93.00,5.89,91.00,0.10,12726.98,41656879.00,1.00,0.90,0.82,17.10,75.70,
2010,121,10,8.15,187.61,94.00,17.00,59.80,11.00,95.00,6.55,94.00,0.10,1276.27,41223889.00,1.00,0.90,0.80,16.80,75.50,
2009,126,10,8.33,1398.04,94.00,3.00,59.20,11.00,97.00,7.63,94.00,0.10,8161.37,479947.00,1.00,0.90,0.79,16.50,75.60,
2008,126,10,8.41,1413.74,9.00,0.00,58.60,11.00,94.00,6.66,93.00,0.10,8953.36,4382389.00,1.00,0.90,0.79,16.30,75.40,
2007,129,10,8.16,1105.66,85.00,0.00,58.00,12.00,92.00,6.49,91.00,0.10,7193.62,3997224.00,1.10,0.90,0.79,16.30,74.80,
2006,127,11,7.75,961.18,84.00,0.00,57.50,12.00,92.00,6.68,91.00,0.10,5878.76,3955889.00,1.10,0.90,0.78,16.10,75.20,
2005,127,11,7.53,96.17,88.00,0.00,56.90,12.00,95.00,6.85,98.00,0.10,576.88,39145488.00,1.10,1.00,0.78,16.30,74.90,
2004,13,11,7.63,719.37,81.00,0.00,56.30,12.00,91.00,6.84,98.00,0.10,4251.57,38728696.00,1.10,1.00,0.78,16.30,74.70,
2003,137,11,7.62,57.58,73.00,0.00,55.70,13.00,95.00,8.22,96.00,0.10,333.44,3839379.00,1.20,1.00,0.77,16.40,74.10,
2002,138,12,7.81,470.19,66.00,0.00,55.10,13.00,94.00,8.31,93.00,0.10,2579.19,3788937.00,1.20,1.00,0.78,16.30,74.10,
2001,138,12,7.76,123.01,null,0.00,54.60,13.00,85.00,9.38,83.00,0.10,717.69,3747159.00,1.20,1.10,0.77,15.60,74.00,
2000,137,12,7.68,1349.03,null,6.00,54.00,14.00,88.00,9.21,83.00,0.10,7669.27,3757452.00,1.20,1.10,0.76,15.00,74.10,
2015,118,1,null,0.00,94.00,33.00,54.90,1.00,96.00,null,94.00,0.10,369.65,291695.00,2.10,2.20,0.74,12.70,74.80,
2014,12,1,3.91,295.61,93.00,13.00,54.10,1.00,95.00,4.48,93.00,0.10,3994.71,29622.00,2.10,2.10,0.74,12.70,74.60,
2013,123,1,3.79,279.43,95.00,10.00,53.30,1.00,96.00,4.55,95.00,0.10,3843.59,289359.00,2.10,2.10,0.74,12.70,74.40,
2012,121,1,3.89,274.15,95.00,0.00,52.60,1.00,96.00,4.48,95.00,0.10,3684.85,2881922.00,2.00,2.10,0.73,12.70,74.40,
2011,128,1,4.09,261.00,95.00,0.00,51.90,1.00,96.00,3.71,95.00,0.10,3526.98,2875581.00,2.00,2.10,0.73,12.70,73.90,
2010,132,1,4.23,224.32,94.00,2.00,51.20,1.00,96.00,4.56,94.00,0.10,3218.38,2877311.00,2.00,2.10,0.72,12.30,73.50,
2009,137,1,3.96,201.19,93.00,0.00,5.70,1.00,94.00,4.55,93.00,0.10,2993.83,2888584.00,2.00,2.10,0.72,11.90,73.30,
2008,14,1,3.96,2.89,89.00,0.00,5.10,1.00,91.00,3.80,89.00,0.10,41.27,29822.00,2.00,2.10,0.72,12.30,73.20,
2007,132,1,3.99,44.57,85.00,1.00,49.70,1.00,9.00,4.31,88.00,0.10,3138.89,293356.00,2.00,2.10,0.71,11.70,73.50,
2006,141,1,4.01,244.54,78.00,137.00,49.20,1.00,87.00,4.58,87.00,0.10,2158.30,29585.00,2.00,2.10,0.69,11.20,72.90,
2005,137,1,4.25,20.22,91.00,2281.00,48.80,1.00,92.00,5.25,9.00,0.10,1643.76,2981259.00,2.00,2.10,0.68,10.90,73.00,
2004,132,1,3.81,97.74,91.00,1783.00,48.40,1.00,93.00,5.50,91.00,0.10,1191.96,3612.00,2.00,2.10,0.67,10.90,73.00,
2003,134,1,3.03,7.34,93.00,4.00,48.10,1.00,96.00,5.56,94.00,0.10,93.17,31786.00,2.00,2.10,0.66,10.80,72.70,
2002,134,1,2.86,57.18,91.00,40.00,47.80,1.00,96.00,5.40,94.00,0.10,783.26,333897.00,2.10,2.10,0.65,10.80,72.60,
2001,141,1,2.86,53.19,69.00,69.00,47.40,1.00,97.00,5.94,94.00,0.10,694.44,35655.00,2.10,2.10,0.64,11.10,72.60,
2000,142,1,2.9,32.76,55.00,15.00,47.10,1.00,96.00,6.25,93.00,0.10,622.74,369588.00,2.10,2.20,0.64,11.20,72.00,
2015,59,1,null,0.00,93.00,74.00,66.60,1.00,93.00,null,93.00,0.10,56554.39,23789338.00,0.60,0.60,0.94,20.40,82.80,
2014,6,1,9.71,10769.36,91.00,340.00,66.10,1.00,92.00,9.42,92.00,0.10,62214.69,2346694.00,0.60,0.60,0.94,20.40,82.70,
2013,61,1,9.87,11734.85,91.00,158.00,65.50,1.00,91.00,9.36,91.00,0.10,67792.34,23117353.00,0.60,0.60,0.93,20.30,82.50,
2012,61,1,10.03,11715.00,91.00,199.00,65.00,1.00,92.00,9.36,92.00,0.10,67677.63,22728254.00,0.60,0.60,0.93,20.10,82.30,
2011,63,1,10.3,10986.27,92.00,190.00,64.40,1.00,92.00,9.20,92.00,0.10,62245.13,223424.00,0.60,0.60,0.93,19.80,82.00,
2010,64,1,10.52,8875.79,92.00,70.00,63.90,1.00,92.00,9.20,92.00,0.10,51874.85,223175.00,0.70,0.60,0.93,19.50,81.90,
2009,66,1,10.62,7172.28,94.00,104.00,63.40,1.00,92.00,9.50,92.00,0.10,42743.00,216917.00,0.70,0.60,0.93,19.10,81.70,
2008,66,1,10.76,8547.29,94.00,65.00,62.90,1.00,92.00,8.78,92.00,0.10,49664.69,212492.00,0.70,0.60,0.92,19.10,81.30,
2007,66,1,10.56,872.60,94.00,11.00,62.50,2.00,92.00,8.53,92.00,0.10,4991.98,28276.00,0.70,0.60,0.92,19.00,81.30,
2006,66,1,10.31,6187.06,95.00,0.00,62.00,2.00,92.00,8.49,92.00,0.10,36118.28,26979.00,0.70,0.60,0.92,20.30,81.20,
2005,67,1,10.3,579.13,95.00,10.00,61.50,2.00,92.00,8.45,92.00,0.10,3416.71,23948.00,0.70,0.60,0.91,20.30,81.00,
2004,69,1,9.84,588.57,95.00,70.00,6.90,1.00,92.00,8.57,92.00,0.10,3472.38,21274.00,0.70,0.60,0.91,20.70,86.00,
2003,71,1,9.97,3829.55,95.00,91.00,6.30,1.00,92.00,8.32,93.00,0.10,23465.39,198954.00,0.70,0.70,0.91,20.60,83.00,
2002,73,1,9.84,46.39,95.00,32.00,59.60,2.00,92.00,8.39,92.00,0.10,281.82,196514.00,0.70,0.70,0.90,20.10,79.90,
2001,75,1,9.53,3064.30,94.00,141.00,59.00,2.00,91.00,8.18,92.00,0.10,19517.84,19413.00,0.70,0.70,0.90,20.50,79.90,
2000,78,1,10.17,347.19,null,108.00,58.20,2.00,9.00,8.80,9.00,0.10,2169.92,19153.00,0.70,0.70,0.90,20.40,79.50,
2015,65,0,null,0.00,93.00,309.00,57.60,0.00,93.00,null,93.00,0.10,43665.95,8633169.00,1.90,2.10,0.89,15.90,81.50,
2014,66,0,12.32,8350.19,98.00,117.00,57.10,0.00,98.00,11.21,98.00,0.10,51322.64,8541575.00,1.80,2.00,0.89,15.90,81.40,
2013,68,0,11.82,90.59,95.00,0.00,56.60,0.00,95.00,11.14,95.00,0.10,554.72,8479375.00,1.80,2.00,0.89,15.70,81.10,
2012,7,0,12.26,7878.37,92.00,36.00,56.10,0.00,92.00,11.17,92.00,0.10,48333.57,8429991.00,1.80,2.00,0.88,15.70,88.00,
2011,73,0,12.04,8272.31,89.00,68.00,55.70,0.00,89.00,1.94,89.00,0.10,51126.74,8391643.00,1.70,2.00,0.88,15.70,88.00,
2010,75,0,12.1,7423.23,86.00,52.00,55.20,0.00,86.00,11.17,86.00,0.10,46657.63,836344.00,1.70,1.90,0.87,15.40,84.00,
2009,77,0,11.3,8053.56,83.00,49.00,54.70,0.00,83.00,11.19,83.00,0.10,47654.19,8343323.00,1.70,1.90,0.87,15.30,82.00,
2008,76,0,12,8329.73,83.00,448.00,54.20,0.00,83.00,1.60,83.00,0.10,51386.38,8321496.00,1.70,1.90,0.86,15.10,84.00,
2007,8,0,12.5,7453.86,85.00,20.00,53.70,0.00,85.00,1.40,85.00,0.10,46586.65,8295487.00,1.70,1.90,0.86,15.20,81.00,
2006,81,0,12.4,69.93,83.00,23.00,53.20,0.00,83.00,1.35,83.00,0.10,443.99,8268641.00,1.70,1.90,0.85,15.00,79.80,
2005,85,0,12.4,5992.59,86.00,9.00,52.70,0.00,86.00,1.53,86.00,0.10,38242.43,8227829.00,1.70,1.90,0.85,14.90,79.40,
2004,86,0,12.1,5316.88,83.00,15.00,52.20,0.00,83.00,1.56,83.00,0.10,36693.43,8171966.00,1.70,1.90,0.84,14.70,79.30,
2003,88,0,12.2,504.43,83.00,90.00,51.70,0.00,84.00,1.48,84.00,0.10,3212.94,8121423.00,1.70,1.90,0.84,14.70,78.80,
2002,9,0,12.5,3979.06,81.00,0.00,51.20,0.00,82.00,1.27,83.00,0.10,26351.38,881957.00,1.70,1.90,0.85,16.10,78.70,
2001,92,0,12.4,3582.85,44.00,0.00,5.60,0.00,83.00,1.12,84.00,0.10,24489.74,842293.00,1.70,1.90,0.84,15.50,78.60,
2000,96,0,13.2,3557.46,33.00,0.00,5.10,0.00,71.00,1.60,81.00,0.10,24517.27,811566.00,1.70,1.90,0.83,15.40,78.10,
2015,118,5,null,0.00,96.00,0.00,52.50,6.00,98.00,null,96.00,0.10,55.31,9649341.00,2.80,2.90,0.76,12.70,72.70,
2014,119,5,0.01,306.18,94.00,0.00,51.50,6.00,97.00,6.40,94.00,0.10,7891.30,953579.00,2.80,2.90,0.75,12.20,72.50,
2013,121,5,2.14,275.65,93.00,164.00,5.60,6.00,96.00,5.54,93.00,0.10,7875.76,941681.00,2.80,2.80,0.75,11.90,72.20,
2012,123,5,0.01,285.61,88.00,0.00,49.70,6.00,92.00,5.37,89.00,0.10,7496.34,9295784.00,2.80,2.80,0.74,11.80,71.90,
2011,125,5,1.98,263.14,84.00,0.00,48.80,6.00,91.00,5.10,87.00,0.10,7189.69,917382.00,2.80,2.90,0.74,11.70,71.60,
2010,13,5,1.98,246.57,8.00,0.00,48.00,6.00,85.00,5.33,81.00,0.10,5842.86,954332.00,2.80,2.90,0.74,11.70,71.10,
2009,132,6,2.1,22.49,74.00,0.00,47.30,6.00,84.00,5.85,81.00,0.10,495.29,8947243.00,2.80,2.90,0.73,11.60,78.00,
2008,141,6,1.18,206.26,68.00,5.00,46.60,6.00,85.00,4.37,81.00,0.10,5574.64,87634.00,2.80,2.90,0.72,11.60,73.00,
2007,14,6,1.02,176.01,62.00,0.00,45.90,7.00,81.00,5.10,79.00,0.10,3851.44,85813.00,2.80,2.90,0.71,11.60,73.00,
2006,154,6,0.85,105.63,52.00,222.00,45.30,7.00,8.00,6.17,78.00,0.10,2473.86,848455.00,2.90,2.90,0.68,10.70,69.20,
2005,162,6,0.73,81.29,49.00,1238.00,44.70,7.00,79.00,7.86,75.00,0.10,1578.42,839185.00,2.90,3.00,0.68,11.20,68.40,
2004,154,6,0.62,8.60,5.00,827.00,44.20,8.00,78.00,7.92,77.00,0.10,145.22,8365.00,3.00,3.00,0.67,11.00,68.40,
2003,154,7,0.55,42.41,51.00,1978.00,43.60,8.00,79.00,6.56,77.00,0.10,883.64,82341.00,3.00,3.00,0.66,10.80,67.80,
2002,146,7,0.55,39.33,5.00,4353.00,43.10,9.00,8.00,4.47,76.00,0.10,763.74,817195.00,3.10,3.10,0.65,10.60,67.80,
2001,151,8,0.51,4.10,null,574.00,42.60,10.00,77.00,4.48,77.00,0.10,73.68,81112.00,3.10,3.10,0.64,10.40,67.50,
2000,16,9,0.65,35.09,null,210.00,42.10,11.00,75.00,4.67,76.00,0.10,655.97,8486.00,3.20,3.10,0.64,10.10,66.60,
2015,147,0,null,0.00,95.00,0.00,64.50,0.00,95.00,null,95.00,0.10,null,null,2.50,2.50,0.79,12.60,76.10,
2014,16,0,9.45,0.00,96.00,0.00,63.80,0.00,96.00,7.74,96.00,0.10,null,null,2.50,2.50,0.79,12.60,75.40,
2013,172,0,9.42,0.00,97.00,0.00,63.20,0.00,97.00,7.50,97.00,0.10,null,null,2.50,2.50,0.79,12.60,74.80,
2012,167,0,9.5,0.00,96.00,0.00,62.60,0.00,99.00,7.43,98.00,0.20,null,null,2.50,2.50,0.79,12.60,74.90,
2011,162,0,9.34,0.00,95.00,0.00,62.00,0.00,97.00,7.63,98.00,0.10,null,null,2.50,2.50,0.79,12.60,75.00,
2010,161,0,9.19,0.00,98.00,0.00,61.30,0.00,97.00,7.44,99.00,0.20,null,null,2.50,2.50,0.79,12.60,75.00,
2009,168,0,9.29,0.00,95.00,0.00,6.70,0.00,97.00,7.43,96.00,0.10,null,null,2.50,2.50,0.79,12.60,74.60,
2008,167,0,10.15,0.00,9.00,0.00,6.10,0.00,93.00,7.30,93.00,0.10,null,null,2.50,2.50,0.79,12.60,74.50,
2007,167,0,10.75,0.00,93.00,0.00,59.40,0.00,95.00,7.80,95.00,0.10,null,null,2.50,2.50,0.79,12.50,74.40,
2006,171,0,11.07,0.00,96.00,0.00,58.70,0.00,94.00,6.93,95.00,0.10,null,null,2.50,2.50,0.79,12.40,74.20,
2005,172,0,10.49,0.00,93.00,0.00,58.10,0.00,93.00,5.95,93.00,0.10,null,null,2.60,2.50,0.79,12.40,74.10,
2004,174,0,10.1,0.00,93.00,0.00,57.40,0.00,92.00,6.20,93.00,0.10,null,null,2.60,2.50,0.78,12.30,73.80,
2003,189,0,10.68,0.00,88.00,0.00,56.70,0.00,93.00,5.62,92.00,0.10,null,null,2.60,2.50,0.78,12.20,73.20,
2002,19,0,10.85,0.00,89.00,0.00,56.00,0.00,93.00,5.26,94.00,0.10,null,null,2.60,2.60,0.78,12.10,73.10,
2001,189,0,11.64,0.00,21.00,0.00,55.20,0.00,98.00,5.15,99.00,0.20,null,null,2.70,2.60,0.78,12.10,72.90,
2000,192,0,12.15,0.00,null,0.00,54.40,0.00,91.00,5.21,99.00,0.10,null,null,2.70,2.60,0.00,12.00,72.60,
2015,69,0,null,0.00,98.00,0.00,63.60,0.00,98.00,null,98.00,0.10,22688.88,null,6.20,6.10,0.82,14.50,76.90,
2014,7,0,1.57,367.26,98.00,46.00,62.90,0.00,98.00,4.98,98.00,0.10,24983.38,null,6.10,6.00,0.82,14.50,76.80,
2013,7,0,1.65,3.97,99.00,0.00,62.20,0.00,99.00,4.69,99.00,0.10,251.18,null,6.10,6.00,0.81,14.50,76.70,
2012,71,0,1.7,2211.22,99.00,0.00,61.50,0.00,99.00,4.37,99.00,0.10,23649.37,null,6.10,6.00,0.81,14.50,76.50,
2011,76,0,1.66,197.77,99.00,0.00,6.80,0.00,99.00,3.40,99.00,0.10,2281.12,null,6.10,6.00,0.81,14.40,76.10,
2010,73,0,1.93,266.77,99.00,0.00,6.10,0.00,99.00,3.64,99.00,0.10,2722.14,null,6.00,5.90,0.81,14.40,76.10,
2009,74,0,1.95,332.93,98.00,3.00,59.30,0.00,97.00,3.79,98.00,0.10,19356.67,null,6.00,5.90,0.81,14.40,76.00,
2008,76,0,2,231.55,97.00,2.00,58.50,0.00,97.00,3.17,97.00,0.10,2367.57,null,6.00,5.90,0.81,14.40,75.80,
2007,77,0,2,278.36,97.00,7.00,57.60,0.00,97.00,3.80,97.00,0.10,2977.12,null,6.10,5.90,0.81,14.40,75.60,
2006,79,0,2.1,170.74,98.00,3.00,56.80,0.00,98.00,3.80,98.00,0.10,1938.00,null,6.10,5.90,0.81,14.20,75.50,
2005,81,0,2.05,1553.47,98.00,4.00,56.10,0.00,98.00,3.16,98.00,0.10,17959.18,null,6.10,5.90,0.81,14.00,75.30,
2004,83,0,2.16,1380.23,98.00,11.00,55.60,0.00,98.00,3.37,98.00,0.10,15846.48,null,6.10,5.90,0.80,13.90,75.20,
2003,85,0,2.16,1214.56,98.00,12.00,55.20,0.00,97.00,3.74,97.00,0.10,14221.99,null,6.10,5.90,0.80,13.70,75.00,
2002,87,0,1.99,106.43,98.00,8.00,55.00,0.00,98.00,3.89,98.00,0.10,1312.33,null,6.20,5.90,0.80,13.50,74.90,
2001,9,0,1.95,1150.42,99.00,5.00,54.80,0.00,99.00,3.80,99.00,0.10,12868.21,null,6.20,6.00,0.79,13.30,74.70,
2000,92,0,2.15,167.73,97.00,6.00,54.50,0.00,97.00,3.51,97.00,0.10,13636.35,null,6.20,6.00,0.79,13.20,74.50,
2015,129,92,null,0.00,97.00,240.00,18.30,113.00,97.00,null,97.00,0.10,121.16,1612886.00,17.90,18.30,0.57,10.20,71.80,
2014,132,98,0.01,10.45,97.00,289.00,17.70,121.00,97.00,2.82,97.00,0.10,184.57,15945279.00,18.10,18.60,0.57,10.00,71.40,
2013,135,104,0.01,52.83,96.00,237.00,17.00,130.00,96.00,2.88,96.00,0.10,951.89,157571292.00,18.30,18.80,0.56,10.00,71.00,
2012,137,111,0.01,59.26,94.00,1986.00,16.40,139.00,94.00,3.80,94.00,0.10,856.34,15572753.00,18.50,19.00,0.56,9.90,77.00,
2011,14,118,0.01,62.35,96.00,5625.00,15.80,150.00,96.00,3.16,96.00,0.10,835.79,153911916.00,18.70,19.20,0.55,9.40,73.00,
2010,142,126,0.01,62.66,94.00,788.00,15.20,161.00,94.00,3.60,94.00,0.10,757.67,15214912.00,18.90,19.40,0.54,8.90,69.90,
2009,144,135,0.01,53.26,97.00,718.00,14.60,173.00,97.00,2.91,97.00,0.10,681.13,1545478.00,19.10,19.70,0.52,8.40,69.50,
2008,147,144,0.01,42.49,96.00,2660.00,14.00,186.00,96.00,2.85,96.00,0.10,615.78,14885814.00,19.30,19.90,0.52,8.60,69.10,
2007,151,154,0.01,46.37,95.00,2924.00,13.50,201.00,96.00,2.80,94.00,0.10,541.65,147139191.00,19.50,2.10,0.51,8.60,68.60,
2006,152,164,0.01,42.33,86.00,6192.00,13.00,215.00,95.00,2.80,94.00,0.10,494.51,1453684.00,19.70,2.30,0.51,8.40,68.20,
2005,155,174,0.01,38.05,45.00,25934.00,12.50,231.00,94.00,2.68,93.00,0.10,484.16,14343111.00,19.90,2.50,0.50,8.20,67.80,
2004,158,185,0.01,4.11,11.00,9743.00,12.00,247.00,88.00,2.62,99.00,0.10,46.76,14137489.00,2.10,2.70,0.49,8.10,67.30,
2003,161,196,0.01,35.48,5.00,4067.00,11.60,264.00,9.00,2.51,87.00,0.10,432.74,139191.00,2.30,2.90,0.48,7.90,66.80,
2002,164,207,0.01,0.40,null,3484.00,11.20,280.00,83.00,2.59,83.00,0.10,4.61,1366667.00,2.50,21.10,0.48,7.70,66.30,
2001,168,219,0.01,3.40,null,4414.00,1.80,298.00,85.00,2.47,85.00,0.10,42.60,1341716.00,2.70,21.30,0.47,7.50,65.80,
2000,173,231,0.01,3.70,null,5098.00,1.40,316.00,83.00,2.33,82.00,0.10,45.63,131581243.00,2.90,21.50,0.46,7.30,65.30,
2015,98,0,null,0.00,97.00,0.00,54.50,0.00,97.00,null,97.00,0.10,15557.84,null,3.80,3.70,0.79,15.30,75.50,
2014,1,0,8.82,294.91,94.00,0.00,53.70,0.00,95.00,7.47,94.00,0.10,15359.67,null,3.80,3.70,0.79,15.30,75.40,
2013,11,0,8.74,263.04,91.00,0.00,53.00,0.00,91.00,7.57,91.00,0.10,15472.78,null,3.80,3.80,0.79,15.30,75.20,
2012,12,0,8.61,260.00,87.00,0.00,52.20,0.00,88.00,7.43,87.00,0.10,15384.87,null,3.80,3.80,0.79,15.30,75.10,
2011,14,0,8.51,173.98,91.00,0.00,51.40,0.00,91.00,6.67,91.00,0.10,15534.16,null,3.80,3.80,0.78,15.50,74.90,
2010,16,0,8.41,154.96,86.00,0.00,5.70,0.00,9.00,6.17,86.00,0.10,1595.91,null,3.80,3.80,0.78,15.80,74.70,
2009,19,0,8.46,327.16,93.00,0.00,49.90,0.00,93.00,6.21,93.00,0.10,16523.32,null,3.80,3.80,0.78,15.50,74.60,
2008,111,0,8.95,25.52,85.00,0.00,49.20,0.00,85.00,6.10,85.00,0.10,1657.32,null,3.90,3.90,0.78,15.30,74.40,
2007,113,0,8.47,1641.31,93.00,0.00,48.40,0.00,93.00,5.64,93.00,0.10,16462.49,null,3.90,3.90,0.77,15.00,74.20,
2006,115,0,8.39,181.50,84.00,0.00,47.70,0.00,85.00,5.27,84.00,0.10,15646.56,null,4.00,3.90,0.77,14.80,74.10,
2005,117,0,8.01,1311.44,92.00,0.00,46.90,0.00,91.00,5.38,92.00,0.10,14223.87,null,4.00,4.00,0.76,14.60,73.90,
2004,119,0,7.68,166.01,93.00,0.00,46.20,0.00,93.00,5.71,93.00,0.20,12868.86,null,4.10,4.00,0.76,14.40,73.80,
2003,121,0,7.65,13.51,91.00,0.00,45.40,0.00,9.00,5.82,89.00,0.40,1228.54,null,4.10,4.10,0.75,14.20,73.70,
2002,123,0,7.59,133.10,66.00,0.00,44.60,0.00,86.00,5.76,87.00,0.80,11675.39,null,4.20,4.10,0.75,14.00,73.50,
2001,125,0,7.38,138.17,18.00,0.00,43.80,0.00,93.00,5.47,84.00,0.70,11513.87,null,4.20,4.20,0.75,14.00,73.40,
2000,127,0,7.43,1140.62,null,0.00,43.00,0.00,86.00,5.16,93.00,0.90,11568.11,null,4.30,4.20,0.74,14.00,73.30,
2015,196,0,null,0.00,99.00,2.00,62.30,0.00,99.00,null,99.00,0.10,5949.12,9489616.00,1.90,2.00,0.80,15.60,72.30,
2014,199,0,13.94,1147.11,97.00,64.00,61.70,0.00,97.00,5.69,97.00,0.10,8318.43,9474511.00,1.90,2.00,0.80,15.70,72.00,
2013,23,0,14.66,1109.85,98.00,16.00,61.10,1.00,98.00,6.70,98.00,0.10,7978.83,9465997.00,2.00,2.00,0.80,15.70,71.70,
2012,194,0,16.35,91.71,97.00,10.00,6.50,1.00,98.00,5.10,98.00,0.10,694.24,9464495.00,2.00,2.10,0.79,15.60,71.90,
2011,232,0,17.31,846.91,98.00,50.00,59.90,1.00,98.00,4.92,98.00,0.10,6519.72,9473172.00,2.00,2.10,0.79,15.50,72.00,
2010,222,0,14.44,8.49,96.00,1.00,59.30,1.00,99.00,5.55,98.00,0.10,63.39,949583.00,2.00,2.20,0.78,15.50,73.00,
2009,226,0,14.09,434.80,98.00,0.00,58.70,1.00,98.00,6.90,96.00,0.10,5176.17,956765.00,2.10,2.20,0.77,15.40,70.00,
2008,224,1,14.67,501.81,98.00,0.00,58.20,1.00,98.00,5.95,97.00,0.10,6376.18,9527985.00,2.10,2.30,0.76,15.10,70.00,
2007,226,1,14.22,464.08,91.00,1.00,57.70,1.00,9.00,6.44,95.00,0.10,4735.48,956953.00,2.20,2.30,0.74,14.90,69.80,
2006,243,1,12.6,364.43,98.00,149.00,57.20,1.00,97.00,6.34,99.00,0.10,3848.22,964924.00,2.20,2.40,0.72,14.60,68.90,
2005,252,1,11.01,45.65,99.00,1.00,56.70,1.00,98.00,6.89,99.00,0.10,3126.72,9663915.00,2.30,2.50,0.71,14.40,68.10,
2004,247,1,12.05,42.33,99.00,2.00,56.20,1.00,99.00,6.59,99.00,0.10,2378.34,973146.00,2.40,2.50,0.70,14.10,68.20,
2003,253,1,11.17,23.84,56.00,21.00,55.80,1.00,53.00,6.59,5.00,0.10,1819.53,9796749.00,2.50,2.60,0.69,13.90,67.70,
2002,262,1,12.23,145.42,99.00,14.00,55.30,1.00,99.00,6.47,99.00,0.10,1479.38,9865548.00,2.50,2.70,0.69,13.60,67.20,
2001,254,1,10.74,14.06,93.00,45.00,54.90,1.00,99.00,6.62,99.00,0.10,1244.37,9928549.00,2.60,2.70,0.68,13.30,67.70,
2000,247,1,12.98,24.25,7.00,21.00,54.40,1.00,99.00,6.13,99.00,0.10,1276.29,997961.00,2.70,2.80,0.68,13.10,68.00,
2015,74,0,null,0.00,98.00,47.00,63.70,1.00,99.00,null,99.00,0.10,4356.88,11274196.00,1.00,1.00,0.90,16.60,81.10,
2014,76,0,12.6,7163.35,98.00,70.00,63.40,1.00,99.00,1.59,99.00,0.10,47439.40,112957.00,1.00,1.00,0.89,16.30,89.00,
2013,77,0,11.77,702.36,98.00,39.00,63.00,1.00,99.00,1.57,99.00,0.10,4651.39,11182817.00,1.00,0.90,0.89,16.30,87.00,
2012,78,0,10.08,664.47,98.00,109.00,62.60,1.00,99.00,1.54,99.00,0.10,4474.57,11128246.00,0.90,0.90,0.89,16.20,83.00,
2011,8,0,10.11,713.53,97.00,576.00,62.30,1.00,98.00,1.42,98.00,0.10,4772.77,1147744.00,0.90,0.90,0.88,16.10,83.00,
2010,81,0,10.22,665.74,97.00,40.00,61.90,1.00,98.00,1.17,98.00,0.10,4438.24,1895586.00,0.90,0.90,0.88,15.90,80.00,
2009,85,0,10.05,671.94,97.00,33.00,61.60,1.00,98.00,1.39,98.00,0.10,4488.56,1796493.00,0.90,0.90,0.88,15.80,79.80,
2008,87,0,10.47,7191.05,98.00,98.00,61.30,1.00,99.00,9.60,99.00,0.10,48424.59,179973.00,0.80,0.80,0.87,15.80,79.50,
2007,86,0,10.25,640.36,94.00,64.00,6.90,1.00,99.00,9.25,98.00,0.10,4443.83,16257.00,0.80,0.80,0.87,15.80,79.50,
2006,85,0,10.98,5579.20,94.00,15.00,6.60,1.00,99.00,9.17,98.00,0.10,38852.36,1547958.00,0.80,0.80,0.86,15.70,79.40,
2005,89,0,12.27,5068.21,77.00,26.00,6.20,1.00,97.00,9.24,97.00,0.10,36967.28,1478617.00,0.80,0.80,0.86,15.70,78.90,
2004,91,1,12.05,5160.51,64.00,61.00,59.80,1.00,96.00,9.32,95.00,0.10,35589.71,1421137.00,0.80,0.80,0.88,18.80,78.80,
2003,95,0,11.28,507.31,64.00,44.00,59.40,1.00,96.00,9.30,95.00,0.10,3743.96,1376133.00,0.80,0.80,0.88,18.60,78.30,
2002,99,1,11.29,320.32,6.00,0.00,59.00,1.00,96.00,8.46,95.00,0.10,2552.33,1332785.00,0.80,0.80,0.88,18.80,78.00,
2001,1,1,11.01,2943.38,6.00,83.00,58.50,1.00,96.00,8.29,95.00,0.10,23121.57,128657.00,0.80,0.80,0.87,18.20,78.00,
2000,11,1,11.21,287.21,6.00,0.00,58.10,1.00,96.00,8.12,95.00,0.10,2327.46,125125.00,0.80,0.80,0.87,18.00,77.60,
2015,175,0,null,0.00,94.00,0.00,5.90,0.00,94.00,null,94.00,0.20,4850.00,359288.00,3.50,3.40,0.71,12.80,71.00,
2014,177,0,6.58,670.09,95.00,0.00,5.10,0.00,95.00,5.79,95.00,0.20,4852.22,351694.00,3.40,3.40,0.70,12.80,70.00,
2013,18,0,6.56,629.20,95.00,0.00,49.30,0.00,95.00,5.79,95.00,0.20,4688.54,344181.00,3.40,3.40,0.71,12.90,69.80,
2012,189,0,6.66,582.80,98.00,0.00,48.50,0.00,98.00,5.45,98.00,0.10,4673.64,33671.00,3.50,3.40,0.70,12.50,69.40,
2011,188,0,6.64,605.63,95.00,0.00,47.80,0.00,95.00,5.61,95.00,0.50,4516.25,329192.00,3.50,3.40,0.70,12.40,69.40,
2010,186,0,6.76,569.95,96.00,0.00,47.00,0.00,96.00,5.85,96.00,0.20,4344.15,32168.00,3.50,3.40,0.70,12.40,69.50,
2009,184,0,6.85,549.81,97.00,0.00,46.30,0.00,98.00,5.81,97.00,0.30,4258.79,313929.00,3.50,3.40,0.70,12.70,69.50,
2008,181,0,7.22,51.25,94.00,0.00,45.70,0.00,94.00,5.90,94.00,0.10,447.23,36165.00,3.50,3.40,0.70,12.80,69.60,
2007,181,0,7.24,69.63,96.00,0.00,45.00,0.00,97.00,4.76,96.00,0.60,4324.88,29847.00,3.50,3.50,0.70,12.80,69.60,
2006,184,0,6.48,387.33,98.00,0.00,44.40,0.00,98.00,4.40,98.00,0.60,4187.38,29747.00,3.60,3.50,0.69,12.30,69.40,
2005,191,0,6.25,365.80,96.00,0.00,43.80,0.00,96.00,4.45,96.00,0.80,3933.33,283277.00,3.60,3.50,0.69,12.80,69.00,
2004,197,0,6.2,325.68,97.00,0.00,43.20,0.00,97.00,4.39,97.00,0.80,3831.54,27689.00,3.60,3.50,0.69,12.50,68.70,
2003,21,0,5.67,312.80,96.00,0.00,42.60,0.00,95.00,4.53,96.00,1.50,3680.00,26913.00,3.60,3.60,0.68,12.20,68.40,
2002,199,0,4.99,262.83,97.00,0.00,42.00,0.00,93.00,4.38,89.00,0.10,3556.56,26226.00,3.70,3.60,0.68,11.90,68.50,
2001,21,0,4.9,251.66,96.00,0.00,41.40,0.00,96.00,4.50,96.00,0.40,3419.28,254984.00,3.70,3.70,0.68,11.80,68.20,
2000,196,0,4.79,219.02,76.00,0.00,4.80,0.00,91.00,3.98,91.00,0.30,3364.42,247315.00,3.80,3.70,0.67,11.70,68.30,
2015,249,25,null,0.00,82.00,55.00,25.70,39.00,78.00,null,82.00,1.00,783.95,1575952.00,6.90,6.80,0.48,10.70,60.00,
2014,252,25,0.01,90.12,78.00,786.00,25.20,39.00,74.00,4.59,78.00,1.10,943.69,1286712.00,7.10,6.90,0.47,10.70,59.70,
2013,251,25,0.01,87.41,77.00,637.00,24.60,39.00,73.00,4.59,77.00,1.20,915.27,14451.00,7.20,7.10,0.47,10.30,59.50,
2012,251,25,0.01,9.80,8.00,288.00,24.10,39.00,8.00,4.86,8.00,1.30,837.96,972916.00,7.40,7.30,0.46,10.00,59.30,
2011,251,25,1.4,110.26,75.00,426.00,23.50,39.00,77.00,5.37,75.00,1.40,825.94,94682.00,7.60,7.50,0.45,9.80,59.10,
2010,254,25,1.33,94.26,76.00,392.00,23.00,39.00,77.00,4.95,76.00,1.40,757.70,9199259.00,7.80,7.60,0.45,9.50,58.70,
2009,259,25,1.16,71.01,79.00,1461.00,22.50,39.00,8.00,4.46,79.00,1.60,793.45,894476.00,7.90,7.80,0.45,9.30,58.40,
2008,278,25,1.28,7.62,75.00,928.00,22.00,39.00,77.00,4.20,75.00,1.80,82.15,8696916.00,8.10,8.00,0.44,9.10,57.60,
2007,283,25,1.12,7.49,82.00,341.00,21.50,39.00,82.00,4.55,82.00,2.00,76.54,8454791.00,8.30,8.20,0.44,8.90,57.10,
2006,284,25,1.19,75.91,74.00,176.00,21.00,39.00,76.00,4.75,74.00,2.00,625.84,8216896.00,8.50,8.40,0.43,8.70,56.80,
2005,285,25,1.13,7.11,7.00,210.00,2.50,39.00,73.00,4.73,7.00,2.10,61.80,7982225.00,8.70,8.60,0.43,8.50,56.50,
2004,285,25,1.15,10.74,75.00,262.00,2.10,39.00,74.00,4.56,72.00,2.10,583.49,7754.00,8.90,8.80,0.42,8.10,56.10,
2003,285,25,1.35,8.93,73.00,217.00,19.70,40.00,75.00,4.63,73.00,2.10,519.29,752555.00,9.10,9.00,0.42,7.70,55.80,
2002,283,25,1.23,40.49,15.00,1588.00,19.20,40.00,76.00,4.27,75.00,2.10,418.70,7295394.00,9.30,9.20,0.41,7.30,55.60,
2001,281,25,1.29,45.33,null,5859.00,18.80,40.00,77.00,4.69,76.00,2.10,378.74,776733.00,9.50,9.40,0.40,6.60,55.50,
2000,279,25,1.34,37.38,null,4244.00,18.40,40.00,78.00,4.34,78.00,2.00,374.19,6865951.00,9.70,9.60,0.39,6.40,55.40,
2015,211,0,null,0.00,99.00,11.00,24.50,0.00,98.00,null,99.00,0.50,2613.65,787386.00,15.40,16.00,0.60,12.50,69.80,
2014,216,0,0.01,209.39,99.00,0.00,23.60,1.00,98.00,3.57,99.00,0.50,2522.80,776448.00,15.70,16.20,0.60,12.50,69.40,
2013,219,0,0.01,19.79,97.00,0.00,22.70,1.00,97.00,3.83,97.00,0.60,235.88,764961.00,15.90,16.50,0.59,12.60,69.10,
2012,223,0,0.01,188.74,97.00,1.00,21.90,1.00,97.00,3.70,97.00,0.60,2422.82,752967.00,16.10,16.70,0.58,12.30,68.70,
2011,225,0,0.23,289.85,95.00,10.00,21.10,1.00,95.00,4.73,95.00,0.50,2458.46,7451.00,16.30,17.00,0.57,11.90,68.30,
2010,228,1,0.28,244.04,91.00,21.00,2.30,1.00,92.00,5.17,91.00,0.50,2178.92,727641.00,16.60,17.30,0.00,11.40,67.90,
2009,232,1,0.17,27.49,93.00,6.00,19.50,1.00,93.00,6.30,93.00,0.40,177.23,714458.00,16.80,17.50,0.00,10.90,67.40,
2008,234,1,0.21,302.67,96.00,7.00,18.80,1.00,96.00,6.58,96.00,0.40,1795.18,795.00,17.10,17.80,0.00,10.50,67.00,
2007,238,1,0.16,283.81,95.00,11.00,18.00,1.00,93.00,5.88,95.00,0.30,1741.14,686958.00,17.30,18.10,0.00,10.10,66.50,
2006,245,1,0.29,169.20,95.00,2.00,17.40,1.00,96.00,5.27,95.00,0.30,1335.46,672228.00,17.50,18.30,0.00,9.60,65.80,
2005,254,1,0.73,145.60,95.00,11.00,16.70,1.00,95.00,5.28,95.00,0.30,1247.61,656639.00,17.80,18.60,0.00,9.20,65.00,
2004,263,1,0.96,2.59,89.00,3.00,16.10,1.00,9.00,4.41,89.00,0.30,197.46,64282.00,18.00,18.80,0.00,8.80,64.20,
2003,273,1,0.52,19.16,95.00,0.00,15.50,1.00,96.00,4.90,95.00,0.20,997.74,623434.00,18.30,19.10,0.00,8.40,63.30,
2002,282,1,0.29,151.98,83.00,27.00,14.90,1.00,89.00,7.75,86.00,0.10,885.64,66399.00,18.60,19.40,0.00,8.00,62.50,
2001,29,1,0.14,8.57,89.00,756.00,14.40,1.00,88.00,5.91,88.00,0.10,87.94,5896.00,18.90,19.60,0.00,7.60,61.70,
2000,312,1,0.17,93.36,98.00,418.00,13.90,1.00,98.00,6.91,92.00,0.10,765.86,573416.00,19.20,19.90,0.00,7.30,62.00,
2015,186,8,null,0.00,99.00,0.00,52.60,10.00,99.00,null,99.00,0.10,null,null,1.20,1.10,0.67,13.80,77.00,
2014,189,8,3.62,0.00,98.00,0.00,51.90,10.00,99.00,6.33,98.00,0.10,null,null,1.20,1.10,0.67,13.80,74.00,
2013,192,8,3.78,0.00,94.00,0.00,51.20,10.00,95.00,5.96,94.00,0.10,null,null,1.20,1.10,0.66,13.80,71.00,
2012,194,8,3.89,0.00,93.00,0.00,5.60,11.00,93.00,5.56,93.00,0.10,null,null,1.20,1.10,0.66,13.80,69.80,
2011,198,9,3.93,0.00,95.00,0.00,49.90,11.00,95.00,5.49,95.00,0.20,null,null,1.20,1.10,0.65,13.80,69.30,
2010,22,9,3.95,0.00,91.00,0.00,49.30,12.00,9.00,5.44,91.00,0.20,null,null,1.20,1.10,0.64,13.80,68.70,
2009,27,10,3.87,0.00,93.00,0.00,48.60,12.00,92.00,5.76,93.00,0.20,null,null,1.20,1.10,0.64,13.80,68.00,
2008,211,10,3.77,0.00,88.00,0.00,48.00,13.00,87.00,5.00,88.00,0.20,null,null,1.30,1.10,0.63,14.00,67.40,
2007,216,11,3.47,0.00,84.00,0.00,47.30,14.00,85.00,4.96,84.00,0.20,null,null,1.30,1.20,0.63,14.10,66.80,
2006,219,11,3.23,0.00,83.00,0.00,46.70,15.00,82.00,5.19,83.00,0.20,null,null,1.30,1.20,0.63,14.30,66.20,
2005,222,12,2.86,0.00,85.00,0.00,46.00,16.00,84.00,5.67,85.00,0.20,null,null,1.30,1.20,0.62,14.40,65.70,
2004,226,12,2.66,0.00,84.00,0.00,45.40,16.00,84.00,5.22,84.00,0.20,null,null,1.40,1.20,0.62,14.60,65.10,
2003,23,13,2.37,0.00,8.00,0.00,44.70,17.00,82.00,5.30,88.00,0.20,null,null,1.40,1.30,0.62,14.40,64.50,
2002,234,14,2.26,0.00,77.00,0.00,44.00,18.00,76.00,6.53,77.00,0.10,null,null,1.40,1.30,0.61,14.00,63.90,
2001,238,14,2.2,0.00,77.00,0.00,43.30,19.00,71.00,6.31,71.00,0.10,null,null,1.50,1.40,0.61,13.70,63.30,
2000,243,15,2.32,0.00,77.00,122.00,42.60,20.00,74.00,5.67,75.00,0.10,null,null,1.50,1.40,0.60,13.30,62.60,
2015,88,0,null,0.00,82.00,1677.00,55.80,0.00,74.00,null,82.00,0.10,4574.98,3535961.00,2.30,2.30,0.75,14.20,77.40,
2014,89,0,4.03,732.87,89.00,3000.00,55.30,0.00,86.00,9.57,86.00,0.10,5193.95,35662.00,2.40,2.40,0.74,14.20,77.20,
2013,9,0,4.12,75.61,91.00,0.00,54.70,0.00,87.00,9.46,89.00,0.10,535.87,364999.00,2.40,2.40,0.73,14.20,77.00,
2012,92,0,4.61,693.82,92.00,22.00,54.20,0.00,87.00,9.94,92.00,0.10,4716.67,36482.00,2.50,2.50,0.73,13.90,76.80,
2011,92,0,4.64,7.96,88.00,10.00,53.70,0.00,89.00,9.71,88.00,0.10,55.16,3688865.00,2.60,2.50,0.71,13.40,76.90,
2010,94,0,4.54,630.39,89.00,45.00,53.10,0.00,9.00,9.58,89.00,0.10,4611.47,372284.00,2.60,2.60,0.72,13.30,76.40,
2009,97,0,4.75,645.02,9.00,22.00,52.60,0.00,9.00,9.64,9.00,0.10,4697.90,3746561.00,2.70,2.70,0.72,13.30,76.10,
2008,98,0,5.13,66.05,88.00,8.00,52.10,0.00,92.00,8.58,91.00,0.10,575.32,3763599.00,2.80,2.70,0.71,13.10,76.00,
2007,16,0,5.16,8.24,94.00,166.00,51.50,0.00,95.00,8.37,95.00,0.10,418.29,3774.00,2.80,2.80,0.70,12.90,75.40,
2006,1,0,4.82,38.25,9.00,17.00,51.00,0.00,91.00,8.28,87.00,0.10,344.32,3779468.00,2.90,2.80,0.70,12.70,75.70,
2005,12,0,4.56,45.71,93.00,23.00,5.50,0.00,95.00,8.50,93.00,0.10,2968.41,378153.00,2.90,2.90,0.00,12.50,75.00,
2004,99,0,4.25,3.48,36.00,28.00,49.90,0.00,87.00,9.40,84.00,0.10,265.64,3781287.00,3.00,3.00,0.00,12.30,75.50,
2003,12,0,4.14,39.87,null,18.00,49.40,0.00,87.00,7.94,87.00,0.10,2214.73,3779247.00,3.00,3.00,0.00,12.10,75.20,
2002,11,0,3.84,151.14,null,28.00,48.80,0.00,86.00,7.10,8.00,0.10,1761.54,377587.00,3.10,3.10,0.00,11.90,75.40,
2001,113,0,3.85,143.29,null,0.00,48.20,0.00,92.00,7.16,91.00,0.10,1524.41,3771284.00,3.20,3.20,0.00,11.60,74.90,
2000,116,0,3.64,165.62,null,43.00,47.60,0.00,87.00,7.90,85.00,0.10,1461.76,376676.00,3.30,3.20,0.00,0.00,74.60,
2015,256,2,null,0.00,95.00,0.00,37.90,2.00,96.00,null,95.00,2.20,6532.65,229197.00,6.40,6.10,0.70,12.60,65.70,
2014,268,2,0.01,662.80,95.00,1.00,37.30,2.00,96.00,5.41,95.00,2.30,7497.76,2168573.00,6.70,6.40,0.70,12.60,65.10,
2013,286,2,0.01,1.12,95.00,1.00,36.80,2.00,96.00,5.84,95.00,2.80,77.63,212857.00,7.00,6.70,0.69,12.60,64.20,
2012,3,2,0.01,12.83,95.00,7.00,36.20,3.00,96.00,6.27,95.00,4.40,729.23,289315.00,7.30,7.00,0.69,12.50,63.40,
2011,325,2,5.76,668.96,95.00,8.00,35.70,3.00,96.00,5.25,95.00,5.50,7645.21,251339.00,7.70,7.40,0.68,12.40,62.20,
2010,349,2,5.99,547.04,95.00,853.00,35.20,3.00,96.00,5.64,95.00,6.20,6346.16,214866.00,8.00,7.80,0.67,12.30,61.10,
2009,393,2,5.01,426.79,94.00,184.00,34.70,3.00,96.00,6.39,96.00,9.00,5185.73,1979882.00,8.40,8.20,0.66,12.20,59.20,
2008,427,2,6.56,476.86,94.00,0.00,34.20,3.00,96.00,5.55,96.00,12.70,5623.38,1946351.00,8.80,8.60,0.65,12.10,57.50,
2007,436,2,6.21,512.59,93.00,1.00,33.70,3.00,96.00,4.71,96.00,13.40,5714.48,1914414.00,9.20,9.00,0.63,12.10,56.90,
2006,491,2,6.45,76.32,93.00,6.00,33.20,3.00,96.00,4.93,96.00,14.40,5374.55,1884238.00,9.60,9.40,0.61,11.90,54.80,
2005,566,2,6.37,629.84,92.00,5.00,32.70,3.00,96.00,5.62,96.00,20.60,5351.25,1855852.00,1.00,9.90,0.59,11.90,51.70,
2004,652,2,4.9,469.58,91.00,1.00,32.20,4.00,96.00,5.56,96.00,28.40,4896.58,182933.00,1.50,1.40,0.58,11.80,48.10,
2003,693,2,5.51,299.37,9.00,59.00,31.60,4.00,96.00,4.65,96.00,31.90,4163.66,184339.00,1.90,1.80,0.57,11.80,46.40,
2002,699,2,6.41,6.33,88.00,7.00,31.10,4.00,97.00,6.47,97.00,34.60,355.62,1779953.00,11.40,11.30,0.56,11.90,46.00,
2001,679,2,5.48,306.95,87.00,1.00,3.50,4.00,97.00,5.73,97.00,37.20,3128.98,1754935.00,11.80,11.80,0.56,11.80,46.70,
2000,647,2,5.37,250.89,86.00,2672.00,29.90,4.00,97.00,4.64,97.00,38.80,3349.69,172834.00,12.30,12.20,0.56,11.70,47.80,
2015,142,42,null,0.00,96.00,214.00,56.10,47.00,98.00,null,96.00,0.10,8757.26,2596218.00,2.70,2.60,0.75,15.20,75.00,
2014,144,44,7.32,83.16,96.00,876.00,55.30,49.00,96.00,8.32,93.00,0.10,1226.62,24213133.00,2.70,2.70,0.75,15.20,74.80,
2013,146,46,7.24,916.27,96.00,220.00,54.50,52.00,96.00,8.48,97.00,0.10,12216.94,2248632.00,2.80,2.70,0.73,14.20,74.70,
2012,148,49,7.55,843.19,96.00,2.00,53.60,54.00,96.00,8.26,95.00,0.10,12291.47,256983.00,2.80,2.80,0.73,14.20,74.50,
2011,152,51,7.58,1085.00,98.00,43.00,52.80,57.00,98.00,8.90,99.00,0.10,13167.47,198686688.00,2.90,2.80,0.72,14.00,74.10,
2010,154,54,7.52,1111.19,96.00,68.00,52.00,61.00,99.00,8.27,99.00,0.10,11224.15,196796269.00,2.90,2.90,0.72,13.80,73.80,
2009,157,57,7.33,564.52,99.00,0.00,51.10,64.00,99.00,8.65,99.00,0.10,8553.38,194895996.00,3.00,2.90,0.71,13.80,73.60,
2008,158,61,7.21,526.38,96.00,0.00,5.30,68.00,99.00,8.24,99.00,0.10,8787.61,19297929.00,3.00,3.00,0.70,13.30,73.40,
2007,159,65,7.19,394.93,99.00,0.00,49.40,73.00,99.00,8.28,99.00,0.10,7313.56,19126637.00,3.10,3.00,0.70,13.50,73.30,
2006,161,70,7.1,30.30,99.00,57.00,48.60,79.00,99.00,8.36,99.00,0.10,586.15,18912412.00,3.10,3.10,0.70,13.80,73.00,
2005,163,75,6.97,23.76,98.00,6.00,47.80,85.00,99.00,8.27,99.00,0.10,477.18,186917361.00,3.20,3.10,0.69,13.80,72.70,
2004,17,81,6.85,186.61,96.00,0.00,46.90,93.00,99.00,7.70,99.00,0.10,3623.48,184738458.00,3.20,3.20,0.69,14.00,72.00,
2003,172,88,6.95,15.86,97.00,2.00,46.10,100.00,99.00,6.94,99.00,0.10,359.59,182482149.00,3.30,3.30,0.70,14.80,71.80,
2002,176,95,7,140.98,92.00,1.00,45.30,109.00,99.00,7.13,99.00,0.10,2819.65,1815121.00,3.30,3.30,0.69,14.60,71.40,
2001,179,103,7.13,149.48,91.00,1.00,44.50,118.00,99.00,7.19,98.00,0.10,3146.95,1777567.00,3.40,3.40,0.69,14.30,71.00,
2000,183,111,7.26,179.48,94.00,36.00,43.70,127.00,99.00,7.30,98.00,0.10,3739.12,175287587.00,3.40,3.40,0.68,14.10,75.00,
2015,78,0,null,0.00,99.00,4.00,41.20,0.00,99.00,null,99.00,0.10,3967.90,null,5.70,5.10,0.86,14.90,77.70,
2014,8,0,0.01,269.14,99.00,1.00,4.20,0.00,99.00,2.65,99.00,0.10,4159.87,null,5.70,5.20,0.86,15.00,77.60,
2013,84,0,0.01,2845.31,98.00,0.00,39.20,0.00,99.00,2.61,99.00,0.10,44597.28,null,5.80,5.20,0.86,14.90,77.10,
2012,79,0,0.01,3192.63,99.00,1.00,38.20,0.00,99.00,2.30,99.00,0.10,47651.26,null,5.80,5.30,0.85,14.40,78.30,
2011,79,0,0.97,295.77,93.00,4.00,37.20,0.00,99.00,2.25,97.00,0.10,4717.27,null,5.90,5.40,0.85,14.10,77.40,
2010,79,0,0.88,2218.36,96.00,0.00,36.20,0.00,99.00,2.73,95.00,0.10,35268.11,null,5.90,5.40,0.84,14.20,76.90,
2009,88,0,0.25,1873.69,96.00,2.00,35.20,0.00,99.00,2.85,99.00,0.10,27965.48,null,6.00,5.50,0.84,14.10,76.80,
2008,84,0,0.67,2538.94,96.00,3.00,34.20,0.00,97.00,2.23,98.00,0.10,37951.29,null,6.10,5.60,0.84,14.20,77.20,
2007,1,0,0.85,2048.56,97.00,0.00,33.20,0.00,95.00,2.32,99.00,0.10,32672.37,null,6.20,5.70,0.84,14.30,76.00,
2006,93,0,0.67,24.98,99.00,0.00,32.20,0.00,94.00,2.24,97.00,0.10,398.97,null,6.30,5.80,0.84,14.30,76.30,
2005,92,0,0.16,179.71,99.00,9.00,31.20,0.00,93.00,2.62,94.00,0.10,2612.13,null,6.40,5.90,0.83,14.10,76.20,
2004,89,0,0.11,1504.30,99.00,16.00,3.10,0.00,92.00,3.10,92.00,0.10,21896.65,null,6.50,6.00,0.83,13.70,76.40,
2003,89,0,0.12,1406.51,99.00,24.00,29.10,0.00,99.00,3.90,92.00,0.10,18555.57,null,6.60,6.10,0.82,13.40,76.00,
2002,95,0,0.13,941.70,99.00,0.00,28.00,0.00,99.00,3.40,94.00,0.10,16846.22,null,6.70,6.10,0.82,13.30,74.80,
2001,19,0,0.47,1078.66,99.00,11.00,27.00,0.00,99.00,3.60,97.00,0.10,16468.13,null,6.80,6.20,0.82,13.40,74.70,
2000,16,0,0.37,11.80,99.00,42.00,26.10,0.00,99.00,3.50,99.00,0.10,188.45,null,6.80,6.30,0.82,13.40,74.40,
2015,137,0,null,0.00,92.00,0.00,65.70,1.00,91.00,null,91.00,0.10,6993.48,7177991.00,1.90,1.80,0.79,15.00,74.50,
2014,138,1,12.03,153.14,95.00,0.00,65.10,1.00,88.00,8.44,88.00,0.10,7853.34,7223938.00,1.90,1.90,0.79,14.80,74.30,
2013,14,1,12.06,149.66,95.00,14.00,64.50,1.00,95.00,7.93,95.00,0.10,7674.87,7265115.00,1.90,1.90,0.78,14.40,74.10,
2012,139,1,10.99,851.45,95.00,1.00,63.90,1.00,95.00,7.11,95.00,0.10,7378.26,735888.00,1.90,1.90,0.78,14.30,73.90,
2011,144,1,10.67,875.15,96.00,157.00,63.30,1.00,95.00,6.88,95.00,0.10,7813.83,7348328.00,2.00,2.00,0.78,14.20,73.70,
2010,147,1,10.8,766.45,95.00,22004.00,62.70,1.00,94.00,7.24,94.00,0.10,6843.26,7395599.00,2.00,2.00,0.77,13.90,73.40,
2009,152,1,10.93,661.51,96.00,2249.00,62.10,1.00,94.00,6.78,94.00,0.10,6955.99,7444443.00,2.00,2.10,0.77,13.80,73.20,
2008,155,1,10.98,107.98,96.00,1.00,61.50,1.00,96.00,6.61,95.00,0.10,7296.12,7492561.00,2.10,2.10,0.76,13.80,72.90,
2007,157,1,10.89,591.51,95.00,1.00,6.90,1.00,95.00,6.41,95.00,0.10,5932.90,7545338.00,2.10,2.20,0.76,13.50,72.60,
2006,161,1,10.39,508.63,96.00,1.00,6.30,1.00,96.00,6.67,95.00,0.10,4513.14,76122.00,2.20,2.20,0.75,13.50,72.20,
2005,16,1,10.48,456.34,96.00,3.00,59.70,1.00,97.00,7.80,96.00,0.10,3893.69,7658972.00,2.20,2.30,0.75,13.50,72.10,
2004,157,1,10.96,384.15,94.00,0.00,59.10,1.00,94.00,7.90,95.00,0.10,3381.58,771686.00,2.30,2.30,0.74,13.30,72.20,
2003,155,1,11.19,32.39,96.00,0.00,58.60,1.00,96.00,7.43,96.00,0.10,271.47,7775327.00,2.30,2.40,0.73,12.90,72.00,
2002,157,1,10.2,33.27,88.00,0.00,58.10,1.00,94.00,7.41,93.00,0.10,287.53,7837161.00,2.40,2.40,0.72,12.90,71.80,
2001,16,1,10.72,25.06,93.00,8.00,57.50,1.00,94.00,7.23,94.00,0.10,1764.97,89142.00,2.40,2.50,0.71,12.90,71.60,
2000,163,1,9.69,15.24,94.00,46.00,57.00,1.00,94.00,6.70,93.00,0.10,169.29,817172.00,2.50,2.50,0.71,12.90,71.10,
2015,26,38,null,0.00,91.00,99.00,19.40,61.00,91.00,null,91.00,0.60,615.59,1811624.00,8.00,7.50,0.40,7.70,59.90,
2014,268,39,0.01,8.39,91.00,343.00,18.80,63.00,91.00,4.96,91.00,0.60,75.15,17585977.00,8.20,7.70,0.40,7.70,59.30,
2013,27,40,4.64,88.97,88.00,375.00,18.20,66.00,89.00,5.91,88.00,0.70,699.45,1772723.00,8.40,7.90,0.39,7.50,59.00,
2012,271,41,4.75,78.77,9.00,7362.00,17.70,68.00,9.00,5.33,9.00,0.80,673.82,16571216.00,8.60,8.10,0.38,7.20,58.60,
2011,275,42,4.51,85.56,91.00,860.00,17.10,71.00,9.00,5.17,91.00,0.90,666.84,168194.00,8.80,8.40,0.38,6.70,58.10,
2010,279,43,4.55,90.46,91.00,2511.00,16.60,74.00,9.00,7.17,91.00,1.00,575.45,1565217.00,9.00,8.60,0.36,6.30,57.50,
2009,283,44,4.55,81.14,92.00,54118.00,16.10,77.00,91.00,7.41,92.00,1.10,552.75,1514199.00,9.30,8.80,0.36,5.90,56.90,
2008,288,45,4.5,107.80,93.00,395.00,15.60,80.00,92.00,6.77,93.00,1.50,569.76,14689726.00,9.50,9.10,0.34,5.40,56.10,
2007,293,46,4.58,73.93,89.00,12.00,15.10,83.00,93.00,6.63,89.00,1.70,475.11,1425221.00,9.80,9.30,0.33,4.90,55.30,
2006,32,47,4.73,64.24,76.00,125.00,14.60,86.00,94.00,6.58,86.00,2.00,422.63,13829177.00,1.00,9.60,0.33,4.70,54.30,
2005,313,48,4.88,8.77,null,253.00,14.20,89.00,94.00,6.87,82.00,2.30,47.00,1342193.00,1.30,9.80,0.00,4.30,53.30,
2004,323,49,4.54,56.96,null,77.00,13.70,91.00,83.00,6.45,79.00,2.50,371.32,133569.00,1.50,1.10,0.00,3.90,52.40,
2003,332,49,4.58,41.61,null,2946.00,13.30,92.00,83.00,5.61,79.00,2.90,332.34,12654621.00,1.70,1.30,0.00,3.80,51.60,
2002,338,49,4.53,3.20,null,1744.00,12.90,93.00,69.00,5.26,69.00,3.20,26.76,122931.00,11.00,1.60,0.00,3.60,51.00,
2001,344,48,4.56,23.10,null,4174.00,12.50,93.00,62.00,4.85,62.00,3.60,235.49,11944587.00,11.20,1.80,0.00,3.50,56.00,
2000,348,48,3.71,19.84,null,6074.00,12.20,92.00,45.00,5.60,45.00,4.00,226.48,1167942.00,11.40,11.10,0.00,3.40,51.00,
2015,288,21,null,0.00,94.00,9.00,18.70,31.00,94.00,null,94.00,0.70,33.68,119927.00,7.30,7.20,0.41,10.60,59.60,
2014,297,22,0.01,41.25,95.00,0.00,18.20,32.00,95.00,7.54,95.00,0.70,312.75,989179.00,7.40,7.30,0.40,10.60,59.10,
2013,33,22,0.01,40.15,96.00,0.00,17.60,32.00,96.00,8.30,96.00,1.00,282.76,96186.00,7.40,7.40,0.40,10.50,58.60,
2012,312,22,0.01,38.73,96.00,49.00,17.10,33.00,96.00,8.21,96.00,1.20,265.29,931971.00,7.50,7.50,0.39,10.30,58.00,
2011,321,22,4.16,3.60,96.00,129.00,16.60,33.00,95.00,8.58,96.00,1.50,26.48,94358.00,7.60,7.60,0.39,9.90,57.40,
2010,33,23,4.16,31.14,96.00,495.00,16.10,34.00,94.00,8.82,96.00,1.90,231.19,876693.00,7.70,7.70,0.36,9.30,56.80,
2009,338,23,4.05,2.03,94.00,305.00,15.70,34.00,96.00,6.96,94.00,2.40,24.94,848931.00,7.80,7.80,0.34,8.60,56.20,
2008,35,23,4.33,15.99,92.00,173.00,15.20,35.00,89.00,7.86,92.00,2.90,196.25,8212264.00,7.90,7.90,0.32,7.90,55.30,
2007,355,24,4.54,1.73,99.00,43.00,14.80,36.00,93.00,1.30,99.00,3.40,17.80,7939573.00,8.00,8.00,0.31,7.20,54.80,
2006,361,24,4.5,21.25,92.00,784.00,14.50,36.00,88.00,11.49,92.00,3.80,165.88,7675338.00,8.10,8.20,0.29,5.90,54.10,
2005,369,24,5.54,1.75,87.00,0.00,14.10,37.00,82.00,9.84,87.00,4.30,15.57,7423289.00,8.20,8.30,0.29,5.60,53.40,
2004,378,24,5.72,11.23,83.00,2.00,13.80,38.00,76.00,7.10,83.00,4.80,127.43,7182451.00,8.40,8.40,0.28,5.20,52.60,
2003,387,24,5.84,6.55,null,224.00,13.50,38.00,75.00,5.25,82.00,5.10,112.85,6953113.00,8.50,8.50,0.28,4.70,51.90,
2002,387,24,5.98,9.66,null,1016.00,13.30,39.00,74.00,5.15,81.00,5.20,122.43,6741569.00,8.70,8.70,0.27,4.40,51.50,
2001,385,25,6.09,10.62,null,0.00,13.00,40.00,72.00,4.96,81.00,5.30,133.74,6555829.00,8.80,8.80,0.27,4.50,51.30,
2000,386,25,6.61,9.70,null,18363.00,12.80,41.00,71.00,4.98,8.00,5.20,136.00,6476.00,9.00,8.90,0.27,4.50,58.00,
2015,397,57,null,0.00,83.00,65.00,28.00,79.00,81.00,null,83.00,1.90,null,null,5.50,5.50,null,null,53.30,
2014,47,58,0.01,0.00,76.00,50.00,27.40,80.00,76.00,5.72,76.00,2.00,null,null,5.60,5.60,null,null,52.80,
2013,412,59,3.15,0.00,8.00,48.00,26.80,81.00,79.00,5.81,8.00,2.40,null,null,5.80,5.70,null,null,52.30,
2012,415,59,3.24,0.00,82.00,137.00,26.20,82.00,83.00,6.14,82.00,2.90,null,null,5.90,5.90,null,null,52.00,
2011,419,60,3.13,0.00,62.00,628.00,25.60,83.00,58.00,6.42,62.00,3.30,null,null,6.10,6.00,null,null,51.70,
2010,417,60,3.15,0.00,85.00,441.00,25.00,84.00,81.00,6.32,85.00,3.30,null,null,6.30,6.20,null,null,51.50,
2009,426,60,2.92,0.00,81.00,183.00,24.40,84.00,77.00,6.41,81.00,3.70,null,null,6.50,6.40,null,null,51.00,
2008,437,60,2.69,0.00,74.00,12.00,23.80,85.00,58.00,6.21,74.00,4.10,null,null,6.60,6.60,null,null,54.00,
2007,443,61,2.58,0.00,76.00,5.00,23.20,87.00,75.00,6.35,76.00,5.30,null,null,6.80,6.70,null,null,49.90,
2006,452,62,2.65,0.00,77.00,11.00,22.60,89.00,76.00,5.87,77.00,5.80,null,null,7.00,6.90,null,null,49.40,
2005,466,63,3.11,0.00,76.00,115.00,22.10,90.00,87.00,5.39,76.00,6.10,null,null,7.20,7.10,null,null,48.70,
2004,472,64,3.08,0.00,67.00,3466.00,21.50,91.00,76.00,5.24,67.00,6.50,null,null,7.30,7.30,null,null,48.20,
2003,473,64,3.12,0.00,63.00,4770.00,2.90,92.00,68.00,4.65,61.00,6.70,null,null,7.50,7.50,null,null,48.00,
2002,473,65,3.13,0.00,48.00,5882.00,2.40,93.00,7.00,4.47,64.00,6.90,null,null,7.70,7.70,null,null,47.70,
2001,467,65,3.15,0.00,1.00,5790.00,19.90,94.00,7.00,4.85,66.00,7.00,null,null,7.90,7.90,null,null,47.80,
2000,461,67,3.45,0.00,null,5729.00,19.40,95.00,66.00,6.00,65.00,7.10,null,null,8.10,8.10,null,null,47.90,
2015,114,0,null,0.00,96.00,0.00,31.30,0.00,93.00,null,93.00,0.20,2954.12,532913.00,6.60,6.60,0.65,13.50,73.30,
2014,117,0,0.01,414.02,97.00,0.00,3.50,0.00,95.00,4.76,95.00,0.20,3529.62,526437.00,6.80,6.70,0.64,13.50,73.00,
2013,12,0,0.01,325.63,94.00,0.00,29.70,0.00,93.00,4.29,93.00,0.20,3558.80,5216.00,6.90,6.90,0.64,13.60,72.80,
2012,121,0,0.01,33.56,94.00,0.00,29.00,0.00,94.00,4.61,94.00,0.30,348.48,513979.00,7.10,7.10,0.64,13.20,72.70,
2011,122,0,5.07,4.41,9.00,0.00,28.20,0.00,9.00,4.60,9.00,0.30,367.43,5867.00,7.30,7.20,0.63,13.10,72.60,
2010,123,0,4.75,286.89,98.00,0.00,27.50,0.00,99.00,4.83,99.00,0.40,3312.83,52384.00,7.40,7.40,0.63,12.70,72.50,
2009,124,0,4.45,339.98,98.00,0.00,26.80,0.00,99.00,4.24,99.00,0.40,3444.56,496963.00,7.60,7.60,0.62,12.40,72.40,
2008,124,0,4.16,360.62,98.00,0.00,26.20,0.00,99.00,3.96,99.00,0.40,3638.96,491723.00,7.80,7.80,0.61,12.20,72.40,
2007,126,0,5.28,345.46,96.00,0.00,25.50,0.00,98.00,4.30,98.00,0.60,3112.29,486438.00,8.10,8.00,0.60,11.90,72.30,
2006,129,0,4.25,26.45,95.00,0.00,24.90,0.00,97.00,5.11,96.00,0.60,234.29,48795.00,8.30,8.30,0.60,11.90,72.10,
2005,134,0,4.26,3.35,93.00,0.00,24.30,0.00,95.00,4.86,95.00,0.80,248.13,474567.00,8.50,8.50,0.58,11.20,71.80,
2004,14,0,4.19,240.14,91.00,0.00,23.70,0.00,94.00,5.60,93.00,0.80,1976.46,467664.00,8.70,8.70,0.57,11.10,71.40,
2003,144,0,4.16,209.09,66.00,0.00,23.20,0.00,93.00,5.00,92.00,0.90,1768.92,46147.00,8.90,8.90,0.57,11.30,71.10,
2002,148,0,3.82,155.21,4.00,0.00,22.60,0.00,92.00,5.17,91.00,0.80,1373.52,45216.00,9.20,9.10,0.57,11.30,77.00,
2001,152,0,3.81,150.74,null,0.00,22.10,0.00,91.00,5.19,9.00,0.80,1268.88,443716.00,9.40,9.30,0.56,11.00,73.00,
2000,155,0,3.49,122.57,null,2.00,21.50,0.00,9.00,4.81,9.00,0.80,1239.38,43579.00,9.60,9.50,0.00,11.30,69.90,
2015,174,10,null,0.00,89.00,0.00,19.60,12.00,87.00,null,89.00,0.20,1163.19,15517635.00,1.90,1.90,0.56,10.90,68.70,
2014,179,11,0.01,12.18,88.00,0.00,18.90,12.00,87.00,5.68,88.00,0.20,198.69,152779.00,1.90,11.00,0.55,10.90,68.30,
2013,183,11,0.01,8.76,83.00,0.00,18.20,13.00,66.00,5.93,83.00,0.20,128.42,1522692.00,11.00,11.10,0.55,10.80,67.80,
2012,186,12,0.01,6.91,86.00,15.00,17.60,14.00,84.00,6.24,86.00,0.30,95.24,14776866.00,11.00,11.20,0.54,10.70,67.40,
2011,19,13,2.12,60.19,88.00,722.00,17.00,15.00,87.00,5.64,88.00,0.30,882.49,14537886.00,11.00,11.20,0.53,10.70,67.00,
2010,192,14,2.2,56.88,89.00,1156.00,16.40,16.00,88.00,5.95,89.00,0.50,785.69,143874.00,11.00,11.30,0.52,10.60,66.60,
2009,195,15,2.13,48.35,92.00,4779.00,15.90,17.00,95.00,6.36,94.00,0.60,738.23,14928.00,11.10,11.40,0.52,10.50,66.10,
2008,199,16,2.24,53.10,91.00,4211.00,15.30,18.00,91.00,5.55,91.00,0.70,745.79,138859.00,11.20,11.40,0.51,10.50,65.60,
2007,24,16,2.08,57.74,82.00,394.00,14.80,20.00,82.00,3.75,82.00,0.90,631.68,13676693.00,11.30,11.50,0.50,10.30,65.00,
2006,216,17,2.03,51.50,8.00,188.00,14.30,21.00,8.00,4.48,8.00,1.10,539.88,13474489.00,11.40,11.60,0.48,10.10,64.10,
2005,234,18,1.99,62.22,null,264.00,13.90,22.00,82.00,5.84,82.00,1.40,474.22,132721.00,11.50,11.60,0.47,10.00,62.90,
2004,253,19,1.38,8.39,null,352.00,13.50,24.00,86.00,6.43,85.00,1.70,48.62,1363377.00,11.60,11.70,0.46,9.70,61.50,
2003,268,21,1.44,55.60,null,653.00,13.10,26.00,69.00,6.74,69.00,1.90,362.42,12853124.00,11.60,11.70,0.45,9.30,63.00,
2002,273,23,1.43,30.91,null,1361.00,12.80,29.00,54.00,5.95,54.00,2.10,339.68,12634729.00,11.60,11.80,0.43,8.20,59.30,
2001,273,25,1.71,27.69,null,3761.00,12.40,33.00,59.00,5.70,6.00,2.20,321.23,1242473.00,11.60,11.80,0.41,7.60,58.50,
2000,274,27,1.51,0.33,null,12237.00,12.10,36.00,62.00,5.87,59.00,2.10,3.69,12152354.00,11.60,11.90,0.40,7.20,57.70,
2015,357,45,null,0.00,84.00,1809.00,29.00,68.00,83.00,null,84.00,3.50,1244.43,22834522.00,5.60,5.50,0.51,10.40,57.30,
2014,366,47,0.01,61.39,87.00,831.00,28.40,71.00,86.00,4.10,87.00,3.70,1441.14,2223994.00,5.70,5.70,0.51,10.40,56.70,
2013,364,48,0.01,63.08,89.00,760.00,27.80,73.00,88.00,4.29,89.00,4.00,1365.34,21655715.00,5.80,5.80,0.50,10.40,56.40,
2012,369,50,0.01,68.56,85.00,609.00,27.20,76.00,85.00,4.34,85.00,4.60,1255.65,2182383.00,5.90,5.90,0.50,10.40,55.90,
2011,371,51,6.19,83.18,82.00,504.00,26.60,79.00,8.00,3.96,82.00,4.90,1295.65,252447.00,6.00,6.00,0.49,10.00,55.60,
2010,37,53,6.15,100.90,84.00,240.00,26.00,82.00,83.00,5.28,84.00,5.50,1182.87,1997495.00,6.10,6.20,0.48,9.70,55.30,
2009,373,54,5.89,9.04,8.00,251.00,25.40,85.00,79.00,5.70,8.00,6.30,123.20,19432541.00,6.30,6.30,0.47,9.20,54.80,
2008,382,56,5.9,68.71,84.00,495.00,24.90,87.00,82.00,5.18,84.00,6.70,1233.52,18978.00,6.40,6.50,0.47,8.80,54.20,
2007,395,57,5.44,7.56,82.00,100.00,24.40,89.00,81.00,4.76,82.00,7.00,111.71,18395389.00,6.60,6.60,0.46,8.00,53.60,
2006,394,58,5.22,0.96,81.00,196.00,23.80,91.00,78.00,4.69,81.00,7.20,12.99,17899562.00,6.70,6.80,0.46,8.20,53.30,
2005,4,58,5.03,73.03,79.00,605.00,23.30,93.00,79.00,4.75,8.00,7.40,952.19,1742795.00,6.90,7.00,0.46,8.30,52.80,
2004,412,59,4.71,7.18,null,358.00,22.80,94.00,72.00,4.73,73.00,7.50,93.21,1695981.00,7.00,7.10,0.46,8.20,52.10,
2003,412,60,4.64,67.64,null,899.00,22.30,95.00,72.00,4.97,73.00,7.70,824.87,16513822.00,7.20,7.30,0.45,8.10,51.80,
2002,47,60,4.58,53.71,null,1448.00,21.80,97.00,66.00,4.86,66.00,7.80,676.40,1684886.00,7.40,7.50,0.45,8.40,51.60,
2001,41,61,4.43,41.74,null,23934.00,21.30,99.00,61.00,4.70,63.00,7.90,614.67,15671927.00,7.50,7.70,0.44,7.10,51.50,
2000,394,62,3.91,4.72,null,14629.00,2.90,100.00,57.00,4.48,62.00,7.70,68.41,15274234.00,7.70,7.80,0.43,6.90,51.40,
2015,64,2,null,0.00,55.00,195.00,67.00,2.00,91.00,null,91.00,0.10,43315.74,3584861.00,0.60,0.50,0.92,16.30,82.20,
2014,65,2,8.1,102.19,55.00,418.00,66.40,2.00,91.00,1.45,91.00,0.10,544.43,35544564.00,0.50,0.50,0.91,15.90,82.00,
2013,67,2,8.2,9733.23,55.00,83.00,65.80,2.00,91.00,1.67,91.00,0.10,52413.72,35155451.00,0.50,0.50,0.91,15.90,81.80,
2012,68,2,8.3,9748.64,7.00,10.00,65.30,2.00,99.00,1.78,95.00,0.10,52496.69,3475545.00,0.50,0.50,0.91,15.90,81.60,
2011,68,2,8.2,971.93,7.00,803.00,64.70,2.00,87.00,1.82,87.00,0.10,5282.22,3434278.00,0.50,0.50,0.90,15.90,81.50,
2010,7,2,8.4,8649.67,56.00,99.00,64.10,2.00,88.00,11.20,89.00,0.10,47447.48,345274.00,0.50,0.40,0.90,15.90,81.20,
2009,72,2,8.4,864.95,42.00,14.00,63.60,2.00,89.00,11.17,91.00,0.10,4773.45,33628571.00,0.50,0.40,0.90,15.90,81.00,
2008,74,2,8.3,8433.94,28.00,62.00,63.00,2.00,89.00,1.30,92.00,0.10,46596.34,33245773.00,0.50,0.40,0.90,15.80,87.00,
2007,74,2,8.3,7946.74,14.00,101.00,62.50,2.00,9.00,9.83,94.00,0.10,44544.53,32887928.00,0.50,0.40,0.89,15.80,85.00,
2006,75,2,8.2,771.18,14.00,13.00,61.90,2.00,95.00,9.75,95.00,0.10,4386.70,325755.00,0.50,0.40,0.89,15.80,85.00,
2005,76,2,8,6333.18,14.00,6.00,61.30,2.00,93.00,9.57,93.00,0.10,36189.59,32312.00,0.50,0.40,0.89,15.80,81.00,
2004,77,2,7.8,5513.33,14.00,7.00,6.60,2.00,91.00,9.56,91.00,0.10,31979.87,31995.00,0.50,0.40,0.88,15.80,80.00,
2003,78,2,7.7,4687.85,14.00,15.00,6.00,2.00,88.00,9.54,91.00,0.10,28172.15,31676.00,0.50,0.40,0.88,15.80,79.70,
2002,79,2,7.7,3895.86,null,6.00,59.30,2.00,88.00,9.37,88.00,0.10,24167.84,31362.00,0.50,0.40,0.87,15.80,79.50,
2001,8,2,7.6,3665.09,null,34.00,58.50,2.00,88.00,9.10,89.00,0.10,23691.59,31819.00,0.50,0.40,0.87,15.80,79.40,
2000,82,2,7.6,3787.49,null,206.00,57.80,2.00,88.00,8.67,89.00,0.10,24124.17,37697.00,0.50,0.50,0.86,15.90,79.10,
2015,397,15,null,0.00,47.00,150.00,22.70,21.00,47.00,null,47.00,4.40,348.38,45461.00,8.20,8.20,0.35,7.10,52.50,
2014,437,15,0.01,53.44,47.00,210.00,22.10,22.00,47.00,4.20,47.00,4.50,377.13,4515392.00,8.40,8.30,0.34,7.10,58.00,
2013,451,16,0.01,52.38,23.00,596.00,21.60,23.00,23.00,3.82,23.00,5.10,337.48,4499653.00,8.50,8.50,0.37,7.10,49.90,
2012,439,16,0.01,7.34,47.00,141.00,21.20,23.00,47.00,3.62,47.00,5.10,486.41,449416.00,8.70,8.60,0.37,7.10,53.00,
2011,443,16,1.66,58.53,47.00,679.00,2.70,24.00,47.00,3.73,47.00,5.80,494.34,4476153.00,8.80,8.80,0.36,6.80,49.80,
2010,446,17,1.67,43.48,45.00,2.00,2.20,24.00,46.00,3.90,45.00,6.60,446.44,4448525.00,9.00,8.90,0.35,6.60,49.20,
2009,453,17,1.56,40.45,42.00,11.00,19.80,25.00,45.00,3.58,42.00,7.30,449.96,44423.00,9.10,9.10,0.34,6.40,48.60,
2008,477,17,1.52,67.34,null,12.00,19.40,25.00,46.00,4.30,45.00,8.30,456.86,4345386.00,9.30,9.20,0.34,6.30,47.60,
2007,495,17,1.5,60.05,null,49.00,19.00,26.00,46.00,4.40,48.00,9.00,397.15,42758.00,9.40,9.40,0.33,6.20,46.80,
2006,56,17,1.54,46.90,null,3.00,18.60,26.00,47.00,3.99,51.00,10.00,347.67,421758.00,9.60,9.60,0.32,6.00,46.30,
2005,511,17,1.5,40.92,null,471.00,18.20,26.00,47.00,4.29,54.00,11.20,327.11,412791.00,9.70,9.70,0.32,5.90,45.90,
2004,512,17,1.5,41.50,null,1233.00,17.90,26.00,45.00,4.10,51.00,12.00,313.22,45536.00,9.90,9.90,0.32,5.70,45.70,
2003,51,17,1.49,46.12,null,652.00,17.50,26.00,44.00,4.31,47.00,12.80,286.26,3981665.00,1.00,1.10,0.32,5.60,45.70,
2002,58,17,1.47,31.59,null,938.00,17.20,25.00,42.00,4.16,44.00,13.40,253.77,397612.00,1.20,1.20,0.32,5.40,45.60,
2001,54,17,1.52,33.65,null,2837.00,16.80,25.00,4.00,3.95,4.00,13.90,243.16,383223.00,1.40,1.40,0.31,5.30,45.60,
2000,49,16,1.51,30.78,null,3207.00,16.50,25.00,38.00,4.24,37.00,14.30,243.54,3754986.00,1.50,1.50,0.31,5.20,46.00,
2015,356,46,null,0.00,46.00,418.00,19.10,77.00,52.00,null,46.00,2.80,777.25,149413.00,8.50,8.40,0.39,7.30,53.10,
2014,362,46,0.01,11.30,37.00,1275.00,18.70,78.00,44.00,3.62,37.00,2.90,126.00,13569438.00,8.70,8.50,0.39,7.30,52.60,
2013,366,46,0.64,76.52,39.00,226.00,18.20,78.00,46.00,3.42,39.00,3.10,986.13,13133589.00,8.80,8.70,0.39,7.30,52.20,
2012,367,46,0.62,57.82,4.00,120.00,17.90,79.00,51.00,3.00,4.00,3.60,973.47,1275135.00,9.00,8.90,0.38,7.30,51.80,
2011,365,46,0.56,67.76,33.00,8650.00,17.50,79.00,4.00,3.17,33.00,3.90,989.24,12288651.00,9.20,9.10,0.37,6.70,51.60,
2010,364,46,0.5,43.57,39.00,194.00,17.10,80.00,43.00,2.95,39.00,4.10,896.57,1188722.00,9.40,9.30,0.36,6.70,51.20,
2009,37,46,0.47,4.98,24.00,165.00,16.70,80.00,32.00,3.31,24.00,4.40,84.46,1152786.00,9.60,9.50,0.34,6.30,57.00,
2008,394,46,0.45,49.09,17.00,63.00,16.40,80.00,3.00,2.92,19.00,4.70,929.77,11133861.00,9.80,9.70,0.34,6.00,49.60,
2007,394,46,0.42,5.96,null,441.00,16.10,80.00,38.00,3.35,28.00,4.90,81.68,177578.00,1.00,1.00,0.31,5.70,49.40,
2006,414,45,0.41,62.67,null,1594.00,15.70,80.00,49.00,3.32,4.00,5.10,712.18,1421597.00,1.30,1.20,0.30,5.50,48.50,
2005,46,45,0.42,8.94,null,2.00,15.40,79.00,37.00,3.91,25.00,5.20,66.24,1679.00,1.50,1.40,0.31,5.60,48.60,
2004,45,44,0.34,72.38,null,10324.00,15.10,78.00,31.00,5.72,21.00,5.20,454.68,97143.00,1.70,1.60,0.30,5.60,48.50,
2003,43,44,0.42,3.98,null,15801.00,14.80,77.00,36.00,5.49,23.00,5.10,292.59,935321.00,1.90,1.80,0.28,5.40,48.40,
2002,43,43,0.36,3.04,null,7277.00,14.40,76.00,31.00,8.33,25.00,5.00,22.85,91689.00,11.10,11.00,0.30,5.10,48.10,
2001,4,42,0.3,26.87,null,24908.00,14.10,75.00,26.00,6.90,26.00,4.80,197.32,866312.00,11.30,11.20,0.30,4.90,48.00,
2000,44,41,0.25,21.53,null,3546.00,13.90,74.00,3.00,6.28,36.00,4.60,166.23,8342559.00,11.50,11.40,0.00,4.70,47.60,
2015,82,2,null,0.00,97.00,9.00,63.80,2.00,96.00,null,96.00,0.10,13653.23,17762681.00,0.80,0.80,0.84,16.30,85.00,
2014,83,2,7.16,2353.00,95.00,0.00,63.10,2.00,95.00,7.79,95.00,0.10,14817.38,17613798.00,0.80,0.80,0.84,16.20,83.00,
2013,84,2,7.2,2442.22,9.00,0.00,62.50,2.00,9.00,7.53,91.00,0.10,15941.40,17462982.00,0.80,0.80,0.83,15.60,81.00,
2012,84,2,6.76,2260.78,9.00,0.00,61.80,2.00,9.00,7.24,9.00,0.10,15431.93,1739746.00,0.80,0.80,0.83,15.50,79.90,
2011,86,2,7.26,211.61,94.00,6.00,61.20,2.00,93.00,7.00,94.00,0.10,1475.69,17153357.00,0.80,0.80,0.82,15.40,79.80,
2010,89,2,7.93,177.49,92.00,0.00,6.60,2.00,92.00,6.97,92.00,0.10,1286.18,16993354.00,0.80,0.90,0.81,15.20,79.10,
2009,91,2,7.67,181.53,94.00,1.00,59.90,2.00,94.00,7.39,94.00,0.10,1243.33,16829442.00,0.80,0.90,0.82,15.30,79.30,
2008,88,2,7.31,241.55,95.00,0.00,59.30,2.00,95.00,6.87,95.00,0.10,1781.37,16661942.00,0.90,0.90,0.80,15.20,79.60,
2007,9,2,7.39,209.49,92.00,0.00,58.70,2.00,95.00,6.35,96.00,0.10,1526.88,16491687.00,0.90,0.90,0.80,14.80,78.90,
2006,91,2,7.33,1275.69,95.00,0.00,58.10,2.00,94.00,6.18,94.00,0.10,9484.68,16319792.00,0.90,0.90,0.80,14.90,78.90,
2005,93,2,7.57,954.96,null,0.00,57.40,2.00,92.00,6.69,91.00,0.10,7615.35,1614764.00,0.90,1.00,0.79,14.60,78.40,
2004,97,2,6.32,78.79,null,0.00,56.80,2.00,94.00,6.93,93.00,0.10,621.83,15973778.00,0.90,1.00,0.78,14.30,78.00,
2003,1,2,6.37,584.10,null,1.00,56.10,2.00,96.00,7.34,96.00,0.10,4787.70,15799542.00,1.00,1.00,0.78,14.00,77.90,
2002,11,2,6.06,675.78,null,0.00,55.40,3.00,97.00,6.48,97.00,0.10,4463.55,15623635.00,1.00,1.00,0.77,13.90,77.80,
2001,16,2,6.1,687.51,null,0.00,54.70,3.00,96.00,6.51,97.00,0.10,4595.67,15444969.00,1.00,1.00,0.76,13.70,77.30,
2000,13,2,6.24,74.15,null,0.00,54.00,3.00,91.00,6.40,91.00,0.10,511.37,15262754.00,1.10,1.10,0.76,13.50,77.30,
2015,85,157,null,0.00,99.00,42361.00,32.90,183.00,99.00,null,99.00,0.10,869.21,137122.00,3.60,2.90,0.73,13.50,76.10,
2014,86,171,5.78,109.87,99.00,52628.00,31.90,198.00,99.00,5.55,99.00,0.10,7683.52,136427.00,3.70,3.00,0.72,13.10,75.80,
2013,88,185,5.79,9.96,99.00,26883.00,3.90,216.00,99.00,5.39,99.00,0.10,777.78,135738.00,3.80,3.20,0.71,12.70,75.60,
2012,89,201,5.74,94.43,99.00,6183.00,3.00,233.00,99.00,5.26,99.00,0.10,6337.88,135695.00,3.90,3.30,0.70,12.40,75.40,
2011,91,215,5.63,91.27,99.00,9943.00,29.00,251.00,99.00,5.30,99.00,0.10,5633.80,134413.00,4.10,3.50,0.70,12.80,75.20,
2010,92,231,5.75,5.66,99.00,38159.00,28.10,268.00,99.00,4.89,99.00,0.10,456.51,133775.00,4.20,3.60,0.69,12.50,75.00,
2009,93,248,4.88,50.28,99.00,52461.00,27.30,288.00,99.00,5.80,99.00,0.10,3838.43,133126.00,4.40,3.80,0.68,12.20,74.90,
2008,97,266,4.27,39.23,95.00,131441.00,26.50,308.00,99.00,4.59,97.00,0.10,3471.25,1324655.00,4.50,4.00,0.67,11.90,74.50,
2007,96,285,3.88,312.66,92.00,109023.00,25.70,332.00,94.00,4.32,93.00,0.10,2695.37,1317885.00,4.70,4.10,0.66,11.40,74.40,
2006,98,307,3.28,29.74,91.00,99602.00,24.90,360.00,94.00,4.52,93.00,0.10,299.23,13112.00,4.80,4.30,0.65,11.00,74.20,
2005,99,332,2.92,171.66,84.00,124219.00,24.10,392.00,87.00,4.66,87.00,0.10,1753.42,13372.00,5.00,4.40,0.63,10.60,73.90,
2004,11,360,3.04,1.59,79.00,70549.00,23.40,427.00,87.00,4.72,87.00,0.10,158.67,129675.00,5.10,4.60,0.62,10.20,73.50,
2003,13,391,2.96,122.94,75.00,71879.00,22.60,467.00,87.00,4.82,86.00,0.10,1288.64,12884.00,5.30,4.70,0.61,9.90,73.10,
2002,16,422,2.91,106.36,7.00,58341.00,21.90,511.00,86.00,4.79,86.00,0.10,1148.59,1284.00,5.50,4.90,0.60,9.70,72.70,
2001,11,457,2.84,14.23,65.00,88962.00,21.20,558.00,86.00,4.56,86.00,0.10,153.18,127185.00,5.70,5.00,0.59,9.60,72.20,
2000,115,490,3.06,17.46,6.00,71093.00,2.50,608.00,86.00,4.60,85.00,0.10,959.37,1262645.00,5.90,5.10,0.58,9.50,71.70,
2015,143,10,null,0.00,91.00,1.00,57.90,12.00,91.00,null,91.00,0.10,644.53,48228697.00,2.10,1.90,0.72,13.60,74.80,
2014,144,11,4.38,1435.49,9.00,0.00,57.20,12.00,9.00,7.20,9.00,0.10,7913.38,47791911.00,2.10,1.90,0.72,13.60,74.60,
2013,145,11,4.41,15.16,91.00,1.00,56.40,13.00,91.00,6.84,91.00,0.10,83.59,47342981.00,2.10,1.90,0.71,13.30,74.40,
2012,143,11,4.44,1487.90,92.00,1.00,55.70,13.00,91.00,6.93,91.00,0.10,7884.98,46881475.00,2.10,1.90,0.71,13.20,74.30,
2011,144,12,4.37,184.31,85.00,6.00,55.00,14.00,85.00,6.64,85.00,0.10,7227.74,4646646.00,2.20,2.00,0.70,13.00,74.20,
2010,15,12,4.28,113.24,88.00,0.00,54.20,15.00,88.00,6.76,88.00,0.10,625.66,4591897.00,2.20,2.00,0.69,12.80,73.60,
2009,15,13,4.34,941.65,92.00,0.00,53.50,15.00,92.00,7.10,92.00,0.10,5148.42,45416181.00,2.20,2.00,0.69,12.40,73.60,
2008,146,14,4.45,978.07,92.00,0.00,52.80,16.00,92.00,6.62,92.00,0.10,5433.72,4491544.00,2.30,2.00,0.68,12.20,73.50,
2007,144,14,4.66,780.59,93.00,0.00,52.00,17.00,93.00,6.25,93.00,0.10,4674.22,44374572.00,2.30,2.10,0.68,11.90,73.50,
2006,147,15,4.53,62.44,93.00,0.00,51.30,17.00,94.00,6.11,93.00,0.10,379.79,43835722.00,2.30,2.10,0.67,11.50,73.10,
2005,144,15,4.38,531.98,93.00,0.00,5.50,18.00,93.00,5.82,93.00,0.10,3386.26,43285634.00,2.40,2.10,0.66,11.10,73.10,
2004,148,16,4.26,42.18,89.00,0.00,49.80,19.00,89.00,5.37,89.00,0.10,274.25,42724163.00,2.40,2.20,0.66,11.30,72.80,
2003,15,16,4.25,417.80,92.00,0.00,49.00,19.00,92.00,5.92,92.00,0.10,2246.26,42152151.00,2.50,2.20,0.66,11.60,72.40,
2002,163,17,4.45,393.88,78.00,139.00,48.20,20.00,83.00,5.67,81.00,0.10,2355.73,41572491.00,2.50,2.30,0.66,11.50,71.80,
2001,165,17,4.43,404.42,8.00,3.00,47.50,21.00,83.00,5.96,8.00,0.10,2395.86,498899.00,2.50,2.30,0.65,11.40,71.50,
2000,167,18,4.66,477.13,78.00,1.00,46.70,21.00,82.00,5.91,79.00,0.10,2472.20,443958.00,2.60,2.30,0.65,11.30,71.40,
2015,227,1,null,0.00,91.00,0.00,24.20,2.00,92.00,null,91.00,0.80,727.65,777424.00,6.70,6.50,0.50,11.10,63.50,
2014,23,1,0.01,73.87,88.00,0.00,23.70,2.00,87.00,6.75,87.00,0.80,852.95,759385.00,6.80,6.60,0.50,11.10,63.20,
2013,233,1,0.01,61.57,88.00,0.00,23.20,2.00,85.00,6.51,87.00,0.80,834.34,7415.00,6.80,6.60,0.49,10.90,62.90,
2012,237,2,0.01,78.39,89.00,1.00,22.60,2.00,85.00,7.11,86.00,0.80,788.63,723868.00,6.90,6.70,0.48,10.80,62.50,
2011,241,2,0.12,59.66,83.00,3.00,22.10,2.00,85.00,6.10,83.00,0.20,829.76,76569.00,7.00,6.80,0.48,10.60,62.20,
2010,246,2,0.15,47.30,74.00,0.00,21.60,2.00,82.00,5.82,74.00,0.10,769.17,689692.00,7.10,6.90,0.48,10.50,61.80,
2009,251,2,0.17,56.99,83.00,1.00,21.10,2.00,84.00,3.82,83.00,0.10,778.55,673252.00,7.20,7.00,0.47,10.30,61.30,
2008,255,2,0.12,93.37,81.00,0.00,2.60,2.00,81.00,5.13,81.00,0.10,795.98,657229.00,7.20,7.10,0.46,10.20,61.00,
2007,259,2,0.16,9.09,75.00,0.00,2.10,2.00,75.00,4.93,75.00,0.10,72.76,64162.00,7.30,7.20,0.46,10.00,66.00,
2006,262,2,0.25,77.03,69.00,85.00,19.60,2.00,69.00,4.57,69.00,0.10,648.39,626425.00,7.40,7.30,0.45,9.90,63.00,
2005,266,2,0.24,69.97,68.00,912.00,19.20,2.00,67.00,4.32,68.00,0.10,621.93,611627.00,7.50,7.40,0.43,9.70,60.00,
2004,269,2,0.27,7.21,77.00,0.00,18.80,2.00,73.00,3.96,76.00,0.10,616.42,597228.00,7.50,7.50,0.00,9.50,59.80,
2003,271,2,0.26,45.09,28.00,0.00,18.40,2.00,8.00,3.65,8.00,0.10,544.57,583211.00,7.60,7.60,0.00,9.20,59.60,
2002,271,2,0.08,29.42,null,0.00,18.00,2.00,98.00,3.39,89.00,0.10,433.27,569479.00,7.70,7.70,0.00,8.80,59.50,
2001,272,1,0.08,19.72,null,0.00,17.60,2.00,7.00,2.86,7.00,0.10,395.93,555888.00,7.80,7.80,0.00,8.50,59.50,
2000,272,1,0.09,35.03,null,0.00,17.30,2.00,7.00,3.56,7.00,0.10,375.85,542357.00,7.90,7.90,0.00,8.20,59.50,
2015,267,7,null,0.00,8.00,1359.00,27.40,10.00,8.00,null,8.00,2.80,null,null,7.50,7.10,0.59,11.10,64.70,
2014,275,7,0.01,0.00,9.00,71.00,26.80,10.00,9.00,5.15,9.00,3.00,null,null,7.60,7.30,0.58,11.10,64.20,
2013,274,7,0.01,0.00,85.00,124.00,26.20,10.00,85.00,5.90,85.00,3.00,null,null,7.70,7.40,0.58,11.10,63.90,
2012,273,7,0.01,0.00,62.00,260.00,25.60,10.00,61.00,3.98,85.00,3.30,null,null,7.90,7.50,0.56,10.20,63.70,
2011,285,7,3.82,0.00,7.00,315.00,25.00,10.00,69.00,2.79,82.00,3.50,null,null,8.00,7.60,0.56,10.70,62.90,
2010,298,7,3.53,0.00,74.00,4.00,24.50,10.00,72.00,2.29,74.00,3.80,null,null,8.10,7.70,0.55,10.50,62.00,
2009,314,7,3.47,0.00,75.00,1.00,23.90,11.00,76.00,2.27,78.00,4.00,null,null,8.30,7.90,0.55,10.30,68.00,
2008,338,8,2.58,0.00,73.00,2.00,23.30,11.00,77.00,2.90,79.00,4.30,null,null,8.40,8.00,0.53,10.00,59.40,
2007,354,8,2.75,0.00,64.00,84.00,22.80,11.00,71.00,2.54,72.00,5.00,null,null,8.50,8.20,0.52,9.80,58.20,
2006,368,8,2.25,0.00,null,126.00,22.30,12.00,73.00,2.37,73.00,5.50,null,null,8.70,8.30,0.51,9.60,56.90,
2005,394,8,2.03,0.00,null,146.00,21.70,13.00,62.00,2.42,62.00,5.90,null,null,8.80,8.50,0.50,9.40,55.30,
2004,48,9,2.58,0.00,null,3524.00,21.20,13.00,67.00,2.56,67.00,6.30,null,null,9.00,8.60,0.50,9.20,54.10,
2003,417,9,2.45,0.00,null,3712.00,2.70,14.00,5.00,2.61,5.00,6.80,null,null,9.10,8.80,0.49,9.40,53.20,
2002,424,9,2.55,0.00,null,2788.00,2.30,14.00,41.00,2.45,41.00,7.20,null,null,9.30,8.90,0.49,9.50,52.60,
2001,419,9,2.3,0.00,null,2152.00,19.80,14.00,32.00,2.44,31.00,7.60,null,null,9.40,9.00,0.49,9.70,52.70,
2000,416,9,2.26,0.00,null,1678.00,19.30,14.00,31.00,2.13,33.00,7.80,null,null,9.50,9.20,0.49,9.80,52.90,
2013,null,0,0.01,0.00,98.00,0.00,82.80,0.00,98.00,3.58,98.00,0.10,null,null,0.10,0.10,null,null,null,
2015,95,1,null,0.00,92.00,0.00,6.50,1.00,92.00,null,92.00,0.10,1146.36,487852.00,1.70,1.70,0.78,14.20,79.60,
2014,96,1,3.45,384.51,91.00,1.00,59.50,1.00,91.00,9.31,91.00,0.10,1647.44,4757575.00,1.70,1.70,0.77,13.90,79.50,
2013,96,1,3.42,386.14,94.00,0.00,58.50,1.00,95.00,9.47,95.00,0.10,1569.67,47641.00,1.70,1.70,0.76,13.70,79.40,
2012,97,1,3.34,2568.24,91.00,0.00,57.50,1.00,9.00,9.56,91.00,0.10,9985.37,4654122.00,1.80,1.70,0.76,13.60,79.20,
2011,98,1,3.41,2429.85,84.00,0.00,56.50,1.00,82.00,9.73,85.00,0.10,9186.60,46474.00,1.80,1.70,0.75,13.40,79.00,
2010,16,1,3.58,2377.01,89.00,0.00,55.50,1.00,93.00,9.66,88.00,0.10,8199.41,454528.00,1.80,1.80,0.75,13.30,78.10,
2009,96,1,4.07,24.89,87.00,0.00,54.40,1.00,8.00,9.69,86.00,0.10,689.40,4488263.00,1.90,1.80,0.75,13.10,79.20,
2008,99,1,4.22,1859.10,89.00,0.00,53.40,1.00,89.00,9.10,9.00,0.10,6911.14,442958.00,1.90,1.80,0.74,12.90,78.90,
2007,93,1,4.2,150.89,89.00,0.00,52.40,1.00,89.00,8.37,89.00,0.10,612.62,4369469.00,1.90,1.90,0.73,12.80,78.90,
2006,16,1,4.15,1185.41,88.00,0.00,51.40,1.00,89.00,7.82,89.00,0.10,5245.19,438794.00,2.00,1.90,0.73,12.60,78.00,
2005,97,1,4.1,1002.83,9.00,1.00,5.30,1.00,91.00,7.74,91.00,0.10,4697.11,4247841.00,2.00,2.00,0.72,12.40,78.60,
2004,12,1,4.09,1043.11,89.00,0.00,49.30,1.00,9.00,7.80,9.00,0.10,4425.57,418738.00,2.10,2.00,0.72,12.20,77.70,
2003,1,1,4.04,1070.27,86.00,1.00,48.30,1.00,88.00,8.45,88.00,0.10,4167.71,4125971.00,2.20,2.10,0.71,12.10,78.00,
2002,99,1,4.17,112.95,94.00,0.00,47.30,1.00,94.00,8.23,94.00,0.10,462.15,46324.00,2.20,2.20,0.71,11.90,78.30,
2001,1,1,4.29,868.37,8.00,0.00,46.40,1.00,92.00,7.25,91.00,0.10,3981.53,3996798.00,2.30,2.20,0.71,11.70,77.50,
2000,98,1,4.34,94.18,89.00,0.00,45.40,1.00,8.00,7.12,88.00,0.10,388.36,3925443.00,2.40,2.30,0.70,11.60,77.60,
2015,95,0,null,0.00,94.00,206.00,63.70,0.00,94.00,null,94.00,0.10,11579.67,42364.00,1.50,1.40,0.82,15.30,78.00,
2014,97,0,12.14,1884.10,95.00,0.00,63.10,0.00,95.00,7.80,95.00,0.10,13467.47,4238389.00,1.50,1.50,0.82,15.10,77.80,
2013,97,0,12.39,1899.11,96.00,0.00,62.50,0.00,96.00,7.83,96.00,0.10,13574.75,4255689.00,1.50,1.50,0.82,14.90,77.70,
2012,14,0,11.49,1851.71,98.00,2.00,61.90,0.00,96.00,7.80,96.00,0.10,13235.98,4267558.00,1.50,1.50,0.81,14.60,77.10,
2011,14,0,12.19,1913.36,97.00,12.00,61.30,0.00,96.00,7.80,96.00,0.10,14539.18,428622.00,1.60,1.50,0.81,14.50,77.00,
2010,16,0,12.1,206.89,97.00,7.00,6.60,0.00,97.00,8.25,97.00,0.10,1355.75,4417781.00,1.60,1.60,0.80,14.20,76.60,
2009,19,0,12.21,2160.38,97.00,2.00,6.00,0.00,96.00,8.18,96.00,0.10,14157.14,442978.00,1.70,1.60,0.80,14.20,76.30,
2008,116,0,12.06,2425.40,97.00,51.00,59.40,0.00,96.00,7.70,96.00,0.10,15893.87,443458.00,1.70,1.70,0.80,14.30,76.00,
2007,114,0,12.56,2019.81,95.00,0.00,58.70,0.00,96.00,7.44,96.00,0.10,13546.70,4436.00,1.80,1.70,0.79,14.30,75.80,
2006,113,0,11.83,1555.65,null,1.00,58.10,0.00,96.00,6.95,96.00,0.10,11363.42,444.00,1.80,1.80,0.78,13.90,75.90,
2005,116,0,11.59,167.23,null,2.00,57.50,0.00,96.00,6.89,96.00,0.10,1224.25,4442.00,1.80,1.80,0.78,13.60,75.20,
2004,114,0,13.11,1116.40,null,54.00,56.90,0.00,96.00,6.56,96.00,0.10,9365.74,4439.00,1.90,1.90,0.77,13.30,75.40,
2003,122,0,13.78,93.68,null,19.00,56.30,0.00,95.00,6.35,94.00,0.10,785.88,444.00,1.90,1.90,0.77,12.90,74.70,
2002,124,0,13.39,11.64,null,6.00,55.80,0.00,95.00,6.19,95.00,0.10,653.72,444.00,2.00,2.00,0.76,12.60,74.80,
2001,126,0,13.15,650.96,null,8.00,55.20,0.00,94.00,7.16,94.00,0.10,5245.42,444.00,2.00,2.00,0.75,12.30,74.90,
2000,127,0,12.73,649.39,null,9.00,54.70,0.00,94.00,7.66,93.00,0.10,4919.63,4426.00,2.10,2.10,0.74,12.20,74.70,
2015,92,1,null,0.00,99.00,0.00,61.40,1.00,99.00,null,99.00,0.10,762.26,null,3.50,3.30,0.77,13.90,79.10,
2014,93,1,4.37,13.67,97.00,0.00,6.70,1.00,99.00,11.60,99.00,0.10,75.52,null,3.40,3.30,0.77,14.00,79.00,
2013,96,1,4.18,95.68,96.00,0.00,59.90,1.00,99.00,9.48,99.00,0.10,676.15,null,3.40,3.30,0.77,14.70,78.70,
2012,96,1,4.16,742.20,96.00,0.00,59.20,1.00,98.00,8.59,99.00,0.10,6425.94,null,3.40,3.20,0.78,15.70,78.70,
2011,92,1,4.14,102.06,96.00,0.00,58.40,1.00,99.00,1.60,97.00,0.10,675.92,null,3.40,3.20,0.78,16.50,78.80,
2010,98,1,4.13,787.28,96.00,0.00,57.70,1.00,99.00,1.19,96.00,0.10,5676.14,null,3.40,3.20,0.78,17.60,78.00,
2009,11,1,4.01,818.88,96.00,0.00,56.90,1.00,99.00,11.78,96.00,0.10,5484.78,null,3.40,3.20,0.78,17.70,78.10,
2008,12,1,4.26,708.62,95.00,0.00,56.20,1.00,99.00,1.79,95.00,0.10,5376.45,null,3.40,3.20,0.77,17.10,77.90,
2007,14,1,4.13,750.71,93.00,0.00,55.40,1.00,99.00,1.42,93.00,0.10,5184.49,null,3.40,3.20,0.75,16.00,78.10,
2006,14,1,4.17,523.47,89.00,0.00,54.60,1.00,99.00,7.67,89.00,0.10,4669.69,null,3.40,3.20,0.73,14.70,78.00,
2005,19,1,4.48,518.94,95.00,0.00,53.80,1.00,99.00,9.39,89.00,0.10,3779.58,null,3.40,3.30,0.72,14.20,77.20,
2004,17,1,4.38,4.48,99.00,0.00,53.00,1.00,98.00,6.14,88.00,0.10,339.72,null,3.40,3.30,0.70,13.20,77.30,
2003,18,1,4.39,60.34,99.00,0.00,52.10,1.00,98.00,6.31,72.00,0.10,3192.67,null,3.50,3.30,0.69,12.90,77.40,
2002,19,1,4.1,334.77,98.00,0.00,51.30,1.00,98.00,6.50,99.00,0.10,2994.34,null,3.50,3.30,0.69,12.50,77.70,
2001,115,1,4.04,322.59,98.00,0.00,5.40,1.00,99.00,6.27,98.00,0.10,2832.19,null,3.60,3.40,0.69,12.30,76.70,
2000,115,1,3.92,49.34,98.00,0.00,49.40,1.00,98.00,6.70,95.00,0.10,2741.12,null,3.60,3.40,0.68,12.10,76.90,
2015,52,0,null,0.00,97.00,0.00,6.30,0.00,97.00,null,97.00,0.10,2375.11,116985.00,1.00,1.00,0.85,14.30,85.00,
2014,53,0,0.01,207.30,96.00,10.00,59.80,0.00,99.00,7.37,99.00,0.10,2734.88,115239.00,0.90,1.00,0.85,14.00,83.00,
2013,54,0,9.04,212.09,96.00,0.00,59.20,0.00,99.00,7.46,99.00,0.10,2797.97,1143896.00,0.90,1.00,0.85,13.80,81.00,
2012,56,0,10.55,2159.76,96.00,1.00,58.70,0.00,99.00,7.44,99.00,0.10,28951.16,113562.00,0.90,1.00,0.85,13.80,80.00,
2011,57,0,10.69,2443.33,96.00,0.00,58.30,0.00,99.00,7.54,99.00,0.10,32233.84,1124835.00,0.90,1.00,0.85,13.80,79.70,
2010,59,0,11.32,283.33,96.00,18.00,57.80,0.00,99.00,7.23,99.00,0.10,3818.46,111267.00,0.90,1.00,0.85,14.60,79.50,
2009,6,0,10.8,230.25,96.00,0.00,57.30,0.00,99.00,7.40,99.00,0.10,3215.82,19876.00,0.90,1.00,0.85,14.10,79.30,
2008,62,0,12.01,239.64,93.00,1.00,56.80,0.00,97.00,6.89,97.00,0.10,3539.75,181563.00,0.90,1.00,0.84,13.70,79.10,
2007,63,0,11.56,1958.53,93.00,0.00,56.30,0.00,97.00,6.50,97.00,0.10,31386.63,163712.00,0.90,1.00,0.84,13.50,78.90,
2006,64,0,11.47,1700.84,93.00,0.00,55.80,0.00,97.00,6.28,97.00,0.10,27169.99,14559.00,0.90,1.00,0.83,13.40,78.80,
2005,65,0,11.41,1562.52,88.00,1.00,55.30,0.00,98.00,6.37,98.00,0.10,25324.49,127658.00,0.90,1.00,0.83,13.50,78.70,
2004,65,0,13.03,1586.72,88.00,0.00,54.80,0.00,98.00,6.42,98.00,0.10,23932.49,1141.00,0.90,1.00,0.82,13.40,78.60,
2003,66,0,10.62,158.71,88.00,0.00,54.30,0.00,98.00,6.83,98.00,0.10,2293.48,993563.00,0.90,1.00,0.81,13.00,78.50,
2002,68,0,11.68,1128.05,88.00,0.00,53.80,0.00,98.00,6.12,98.00,0.10,16372.29,976966.00,0.90,1.00,0.81,12.50,78.40,
2001,69,0,10.16,100.81,89.00,0.00,53.30,0.00,97.00,5.78,97.00,0.10,1562.92,96282.00,0.90,1.00,0.80,12.40,78.20,
2000,7,0,9.56,950.80,89.00,0.00,52.80,0.00,97.00,5.77,97.00,0.10,14672.88,943286.00,0.90,1.00,0.80,12.50,78.10,
2015,86,0,null,0.00,97.00,9.00,66.10,0.00,97.00,null,97.00,0.10,null,null,1.80,1.80,null,null,78.80,
2014,88,0,12.68,0.00,99.00,222.00,65.60,0.00,99.00,7.41,97.00,0.10,null,null,1.80,1.90,null,null,78.60,
2013,9,0,12.45,0.00,99.00,15.00,65.10,0.00,99.00,7.49,98.00,0.10,null,null,1.80,1.90,null,null,78.20,
2012,93,0,12.71,0.00,99.00,22.00,64.50,0.00,99.00,7.55,99.00,0.10,null,null,1.80,1.90,null,null,78.00,
2011,97,0,12.43,0.00,99.00,17.00,64.00,0.00,99.00,7.50,99.00,0.10,null,null,1.90,1.90,null,null,77.80,
2010,99,0,12.69,0.00,99.00,0.00,63.60,0.00,99.00,7.43,99.00,0.10,null,null,1.90,2.00,null,null,77.50,
2009,12,0,13.23,0.00,99.00,5.00,63.10,0.00,99.00,7.85,99.00,0.10,null,null,1.90,2.00,null,null,77.10,
2008,16,0,13.25,0.00,99.00,2.00,62.60,0.00,99.00,6.82,99.00,0.10,null,null,1.90,2.00,null,null,77.00,
2007,17,0,13.43,0.00,99.00,2.00,62.20,0.00,99.00,6.52,99.00,0.10,null,null,2.00,2.10,null,null,76.80,
2006,19,0,13.03,0.00,98.00,7.00,61.80,0.00,98.00,6.69,98.00,0.10,null,null,2.00,2.10,null,null,76.50,
2005,114,0,13.19,0.00,99.00,0.00,61.30,0.00,96.00,6.93,97.00,0.10,null,null,2.10,2.10,null,null,75.90,
2004,116,0,13.24,0.00,98.00,17.00,6.80,0.00,96.00,6.90,98.00,0.10,null,null,2.10,2.20,null,null,75.80,
2003,122,0,13.01,0.00,92.00,30.00,6.40,0.00,97.00,7.13,97.00,0.10,null,null,2.20,2.20,null,null,75.20,
2002,12,0,13.47,0.00,86.00,4.00,59.90,0.00,97.00,6.80,98.00,0.10,null,null,2.20,2.30,null,null,75.30,
2001,123,0,13.36,0.00,null,6.00,59.40,0.00,97.00,6.42,98.00,0.10,null,null,2.20,2.30,null,null,75.10,
2000,126,0,13.22,0.00,null,9.00,59.00,0.00,98.00,6.31,98.00,0.10,null,null,2.30,2.30,null,null,74.70,
2015,139,6,null,0.00,96.00,0.00,32.90,7.00,99.00,null,96.00,0.10,null,null,4.90,4.90,null,null,76.00,
2014,142,6,0.01,0.00,93.00,3.00,32.40,8.00,99.00,null,93.00,0.10,null,null,4.90,4.90,null,null,73.00,
2013,146,6,3.35,0.00,93.00,0.00,31.80,8.00,99.00,null,93.00,0.10,null,null,5.00,5.00,null,null,71.00,
2012,149,7,3.61,0.00,96.00,0.00,31.30,9.00,99.00,null,96.00,0.10,null,null,5.10,5.10,null,null,69.80,
2011,153,8,3.39,0.00,94.00,0.00,3.80,10.00,99.00,null,94.00,0.10,null,null,5.10,5.20,null,null,69.40,
2010,157,8,3.12,0.00,93.00,0.00,3.30,10.00,99.00,null,93.00,0.10,null,null,5.20,5.20,null,null,69.00,
2009,161,9,3.35,0.00,93.00,0.00,29.70,11.00,98.00,null,93.00,0.10,null,null,5.30,5.30,null,null,68.70,
2008,164,9,3.16,0.00,92.00,8.00,29.20,12.00,98.00,null,92.00,0.10,null,null,5.40,5.40,null,null,68.60,
2007,166,9,3.13,0.00,92.00,3550.00,28.70,12.00,99.00,null,92.00,0.10,null,null,5.50,5.50,null,null,68.50,
2006,165,10,3.28,0.00,96.00,0.00,28.20,12.00,98.00,null,89.00,0.10,null,null,5.60,5.60,null,null,68.50,
2005,165,10,3.21,0.00,92.00,0.00,27.70,13.00,97.00,null,79.00,0.10,null,null,5.70,5.70,null,null,68.50,
2004,165,11,3.13,0.00,98.00,0.00,27.20,14.00,99.00,null,72.00,0.10,null,null,5.70,5.70,null,null,68.40,
2003,165,12,3.13,0.00,27.00,0.00,26.70,15.00,99.00,null,68.00,0.10,null,null,5.80,5.80,null,null,68.10,
2002,167,14,3.08,0.00,null,0.00,26.20,18.00,99.00,null,64.00,0.10,null,null,5.90,5.90,null,null,67.60,
2001,177,16,2.53,0.00,null,0.00,25.70,21.00,98.00,null,62.00,0.10,null,null,5.90,6.00,null,null,66.60,
2000,192,18,3.52,0.00,null,0.00,25.20,25.00,93.00,null,56.00,0.10,null,null,6.00,6.00,null,null,65.40,
2015,258,236,null,0.00,81.00,5020.00,21.60,308.00,78.00,null,81.00,1.10,null,null,9.50,9.30,null,null,59.80,
2014,266,237,0.01,0.00,8.00,33711.00,21.10,312.00,79.00,4.33,8.00,1.10,null,null,9.70,9.50,null,null,59.30,
2013,272,238,0.01,0.00,74.00,88381.00,2.60,314.00,74.00,3.89,74.00,1.20,null,null,9.90,9.60,null,null,58.80,
2012,277,239,0.01,0.00,75.00,72029.00,2.10,317.00,76.00,3.77,75.00,1.50,null,null,1.00,9.80,null,null,58.30,
2011,278,239,1.82,0.00,74.00,133802.00,19.60,319.00,77.00,3.53,74.00,1.60,null,null,1.20,1.00,null,null,57.90,
2010,283,239,1.81,0.00,6.00,5407.00,19.10,321.00,76.00,4.40,6.00,1.60,null,null,1.40,1.20,null,null,57.40,
2009,292,238,2.13,0.00,72.00,57.00,18.60,323.00,78.00,5.61,72.00,1.70,null,null,1.60,1.40,null,null,56.70,
2008,295,237,2.09,0.00,65.00,12461.00,18.20,324.00,64.00,4.46,65.00,1.80,null,null,1.80,1.70,null,null,56.30,
2007,299,236,1.52,0.00,7.00,55577.00,17.80,326.00,72.00,3.61,7.00,1.90,null,null,11.10,1.90,null,null,55.70,
2006,36,235,1.53,0.00,null,80123.00,17.30,327.00,62.00,3.39,62.00,2.00,null,null,11.30,11.10,null,null,55.00,
2005,314,233,1.43,0.00,null,182485.00,16.90,329.00,6.00,3.14,6.00,2.00,null,null,11.50,11.30,null,null,54.30,
2004,323,232,1.44,0.00,null,44934.00,16.50,330.00,52.00,3.34,54.00,2.10,null,null,11.70,11.50,null,null,53.50,
2003,332,231,1.83,0.00,null,21956.00,16.10,331.00,47.00,3.20,41.00,2.20,null,null,11.90,11.70,null,null,52.80,
2002,341,229,1.85,0.00,null,30466.00,15.70,331.00,4.00,2.59,38.00,2.40,null,null,12.10,11.90,null,null,52.10,
2001,34,227,1.9,0.00,null,8072.00,15.30,332.00,3.00,2.67,3.00,2.40,null,null,12.20,12.10,null,null,51.80,
2000,346,226,1.98,0.00,null,8282.00,14.90,332.00,42.00,1.45,4.00,2.50,null,null,12.40,12.30,null,null,51.30,
2015,71,0,null,0.00,null,9.00,58.80,0.00,93.00,null,93.00,0.10,5314.64,5683483.00,1.10,0.90,0.92,19.20,86.00,
2014,73,0,9.64,10468.76,null,27.00,58.40,0.00,94.00,1.80,94.00,0.10,62425.54,5643475.00,1.10,0.90,0.93,19.20,84.00,
2013,75,0,9.5,10261.76,null,17.00,58.10,0.00,94.00,11.25,94.00,0.10,61191.19,5614932.00,1.10,0.90,0.92,18.70,81.00,
2012,76,0,9.26,928.42,null,2.00,57.70,0.00,94.00,1.98,94.00,0.10,5857.52,5591572.00,1.10,0.90,0.92,18.40,80.00,
2011,79,0,10.47,10251.11,null,84.00,57.40,0.00,91.00,1.87,91.00,0.10,61753.67,557572.00,1.10,0.90,0.91,16.90,79.70,
2010,84,0,10.28,954.49,null,5.00,57.00,0.00,9.00,11.80,9.00,0.10,5841.41,5547683.00,1.10,0.90,0.91,16.80,79.20,
2009,86,0,10.08,9765.62,null,6.00,56.60,0.00,89.00,11.47,89.00,0.10,58163.29,552395.00,1.10,0.90,0.91,16.80,78.90,
2008,88,0,10.7,10761.18,null,14.00,56.30,0.00,88.00,1.18,88.00,0.10,64322.67,5493621.00,1.10,0.90,0.91,16.80,78.80,
2007,93,0,10.99,9703.07,null,2.00,55.90,0.00,87.00,9.99,87.00,0.10,58487.45,5461438.00,1.20,0.90,0.90,16.70,78.40,
2006,93,0,11.02,850.95,null,27.00,55.40,0.00,93.00,9.92,93.00,0.10,5226.99,5437272.00,1.20,0.90,0.90,16.90,78.10,
2005,92,0,11.28,7627.41,null,2.00,55.00,0.00,93.00,9.77,93.00,0.10,48799.82,5419432.00,1.20,1.00,0.90,16.60,78.10,
2004,98,0,11.27,6948.84,null,0.00,54.40,0.00,95.00,9.67,95.00,0.10,46511.65,544523.00,1.20,1.00,0.89,16.50,77.70,
2003,11,0,11.54,650.98,null,0.00,53.90,0.00,96.00,9.51,96.00,0.10,4458.78,539574.00,1.20,1.00,0.88,16.30,77.30,
2002,14,0,11.34,4801.55,null,32.00,53.30,0.00,98.00,9.33,98.00,0.10,33228.69,5375931.00,1.20,1.00,0.88,16.60,77.00,
2001,12,0,11.56,530.48,null,11.00,52.80,0.00,97.00,9.10,97.00,0.10,3751.65,5358783.00,1.30,1.00,0.86,16.20,77.00,
2000,12,0,11.69,508.75,null,14.00,52.20,0.00,97.00,8.70,97.00,0.10,3743.56,5339616.00,1.30,1.00,0.86,16.50,76.90,
2015,241,1,null,0.00,84.00,47.00,35.00,1.00,84.00,null,84.00,2.10,1862.17,927414.00,5.60,5.40,0.47,6.30,63.50,
2014,252,1,0.38,24.73,78.00,0.00,34.40,1.00,78.00,1.57,78.00,2.10,174.92,912164.00,5.60,5.40,0.47,6.30,63.00,
2013,256,1,0.53,229.44,82.00,28.00,33.80,2.00,82.00,9.14,82.00,2.10,1622.64,896688.00,5.60,5.40,0.46,6.30,62.70,
2012,263,1,0.52,217.21,81.00,709.00,33.20,2.00,81.00,8.95,81.00,1.90,1536.16,881185.00,5.60,5.50,0.46,6.30,62.20,
2011,268,1,0.39,20.36,87.00,49.00,32.70,2.00,87.00,8.71,87.00,2.70,143.99,865937.00,5.60,5.50,0.45,5.90,61.80,
2010,273,1,0.44,187.50,88.00,7.00,32.20,2.00,88.00,8.84,88.00,3.10,1326.00,851146.00,5.60,5.60,0.44,5.50,61.30,
2009,279,1,0.49,177.27,89.00,48.00,31.70,2.00,89.00,8.37,89.00,3.20,1253.66,83684.00,5.70,5.60,0.44,5.30,69.00,
2008,289,1,0.49,171.77,88.00,143.00,31.30,2.00,89.00,8.50,89.00,3.30,1214.77,822934.00,5.70,5.60,0.43,5.00,62.00,
2007,296,1,0.45,20.87,25.00,24.00,3.90,2.00,88.00,7.72,88.00,3.50,147.59,8942.00,5.80,5.70,0.42,4.50,59.80,
2006,39,2,1.02,121.48,null,49.00,3.60,2.00,72.00,7.50,72.00,3.70,965.67,79628.00,5.80,5.70,0.41,4.30,59.10,
2005,318,2,1.23,12.70,null,298.00,3.20,2.00,71.00,7.21,71.00,3.90,94.73,783254.00,5.90,5.80,0.40,4.00,58.60,
2004,326,2,1.18,106.04,null,71.00,29.80,2.00,64.00,6.76,64.00,4.00,864.18,77752.00,6.00,5.90,0.39,3.70,58.10,
2003,325,2,1.02,94.13,null,37.00,29.40,2.00,68.00,6.22,68.00,4.20,819.97,758615.00,6.10,5.90,0.38,3.50,58.00,
2002,322,2,1.03,13.47,null,50.00,29.00,2.00,62.00,5.45,62.00,4.30,792.15,746221.00,6.20,6.00,0.37,3.30,57.90,
2001,323,2,0.95,92.50,null,79.00,28.60,2.00,49.00,5.37,53.00,4.30,781.23,732711.00,6.30,6.10,0.36,2.90,57.70,
2000,325,2,1.34,91.95,null,183.00,28.20,2.00,46.00,5.75,46.00,4.10,768.18,717584.00,6.40,6.10,0.36,2.90,57.40,
2013,null,0,0.01,11.42,96.00,0.00,58.40,0.00,96.00,5.58,96.00,0.10,722.76,null,2.70,2.60,0.72,12.70,null,
2015,152,6,null,0.00,81.00,0.00,58.90,7.00,87.00,null,85.00,0.30,6468.47,1528394.00,3.30,3.20,0.72,13.20,73.90,
2014,154,6,5.92,1088.24,89.00,0.00,57.90,7.00,9.00,4.38,91.00,0.30,6268.69,145844.00,3.30,3.20,0.71,13.20,73.60,
2013,157,6,5.93,97.52,8.00,0.00,56.80,7.00,82.00,4.12,83.00,0.30,627.56,1281296.00,3.30,3.20,0.71,13.20,73.40,
2012,174,6,5.93,857.13,74.00,0.00,55.80,7.00,85.00,4.26,85.00,0.40,5968.88,115495.00,3.30,3.20,0.71,13.10,72.10,
2011,16,6,5.91,843.79,8.00,2.00,54.70,7.00,84.00,4.22,84.00,0.70,5759.64,12795.00,3.30,3.20,0.70,13.00,73.10,
2010,166,6,6.02,664.56,83.00,0.00,53.60,8.00,85.00,4.60,88.00,0.90,5451.67,9897985.00,3.30,3.30,0.70,12.90,72.70,
2009,157,6,6.05,587.88,8.00,0.00,52.60,8.00,85.00,4.41,82.00,1.20,4952.68,9767758.00,3.40,3.30,0.69,12.90,73.60,
2008,161,6,6.12,49.09,81.00,0.00,51.50,8.00,86.00,4.20,82.00,1.40,511.38,963652.00,3.40,3.30,0.69,12.80,73.30,
2007,164,6,6.05,74.82,81.00,0.00,5.40,8.00,86.00,4.34,85.00,1.60,4647.31,954353.00,3.40,3.40,0.69,12.70,72.90,
2006,178,7,6.2,352.96,84.00,0.00,49.30,8.00,88.00,4.34,89.00,1.80,3836.47,9371338.00,3.50,3.40,0.68,12.60,72.30,
2005,28,7,5.71,289.74,87.00,0.00,48.20,8.00,86.00,4.26,87.00,2.00,3681.60,9237566.00,3.50,3.40,0.67,12.60,69.70,
2004,214,7,5.16,182.62,82.00,0.00,47.20,8.00,66.00,4.28,79.00,2.10,2421.97,912998.00,3.60,3.50,0.67,12.50,69.30,
2003,22,7,6.32,293.02,79.00,0.00,46.10,8.00,65.00,5.53,79.00,2.30,2372.63,896776.00,3.60,3.50,0.67,12.40,73.00,
2002,189,7,6.43,4.67,63.00,0.00,45.10,8.00,74.00,5.79,82.00,2.40,38.47,8832285.00,3.70,3.60,0.66,12.30,71.40,
2001,188,7,6.13,340.02,66.00,113.00,44.10,9.00,71.00,5.59,72.00,2.50,2862.15,8697126.00,3.80,3.60,0.66,12.30,71.20,
2000,176,7,6.58,44.79,68.00,253.00,43.10,9.00,71.00,5.90,78.00,2.50,282.42,8562622.00,3.80,3.70,0.65,12.20,72.00,
2015,118,6,null,0.00,78.00,0.00,54.20,7.00,84.00,null,78.00,0.10,625.62,16144368.00,1.20,1.10,0.74,14.00,76.20,
2014,121,6,3.82,79.12,83.00,0.00,53.50,7.00,84.00,9.16,83.00,0.10,6432.22,1593112.00,1.20,1.10,0.74,14.00,76.00,
2013,121,6,3.77,59.13,87.00,0.00,52.80,8.00,87.00,7.29,87.00,0.10,674.98,15661547.00,1.30,1.10,0.72,13.40,76.00,
2012,127,7,3.92,41.88,88.00,72.00,52.10,8.00,85.00,6.48,87.00,0.10,572.14,15419666.00,1.30,1.20,0.72,13.30,75.50,
2011,131,7,3.99,344.74,88.00,257.00,51.40,8.00,85.00,5.92,88.00,0.10,5223.35,15177355.00,1.30,1.20,0.71,13.20,75.30,
2010,134,7,3.95,367.93,9.00,0.00,5.70,8.00,88.00,5.90,91.00,0.10,4657.32,1493469.00,1.30,1.20,0.70,13.10,75.00,
2009,137,7,3.87,282.14,91.00,0.00,5.00,8.00,91.00,5.58,94.00,0.10,4255.57,14691275.00,1.30,1.20,0.70,13.10,75.10,
2008,139,7,3.76,197.93,93.00,1.00,49.30,9.00,94.00,5.66,96.00,0.10,4274.95,14447562.00,1.30,1.20,0.70,13.00,74.60,
2007,14,7,3.63,19.60,94.00,0.00,48.60,9.00,95.00,5.94,96.00,0.20,359.72,1425453.00,1.40,1.30,0.70,12.90,74.70,
2006,144,8,3.52,19.14,96.00,0.00,47.90,9.00,92.00,5.86,96.00,0.30,335.79,1396748.00,1.40,1.30,0.69,12.80,74.40,
2005,151,8,3.54,18.09,92.00,0.00,47.20,9.00,89.00,5.87,92.00,0.30,321.94,13735233.00,1.40,1.30,0.69,12.80,74.20,
2004,148,8,3.65,16.38,88.00,0.00,46.50,9.00,9.00,6.22,88.00,0.30,278.56,1359647.00,1.50,1.30,0.68,12.70,74.40,
2003,151,8,3.69,18.26,82.00,0.00,45.80,10.00,97.00,6.46,87.00,0.30,244.47,1328961.00,1.50,1.40,0.68,12.60,74.40,
2002,157,8,3.88,187.38,75.00,0.00,45.10,10.00,88.00,4.62,88.00,0.30,2183.97,13726.00,1.50,1.40,0.68,12.50,73.60,
2001,158,9,4.13,14.59,69.00,2.00,44.30,10.00,9.00,3.86,89.00,0.30,193.74,12852755.00,1.60,1.50,0.67,12.40,73.40,
2000,163,9,3.99,84.18,36.00,0.00,43.60,11.00,83.00,3.38,87.00,0.30,1451.30,12628596.00,1.60,1.50,0.67,12.40,72.80,
2015,159,51,null,0.00,93.00,5432.00,61.10,60.00,93.00,null,93.00,0.10,null,null,2.80,2.80,0.69,13.10,79.00,
2014,161,53,0.21,0.00,94.00,1314.00,6.20,62.00,94.00,5.64,94.00,0.10,null,null,2.80,2.80,0.69,13.10,78.00,
2013,159,54,0.21,0.00,97.00,405.00,59.40,63.00,97.00,5.46,97.00,0.10,null,null,2.90,2.80,0.68,12.80,79.00,
2012,165,54,0.23,0.00,93.00,245.00,58.60,64.00,93.00,5.29,93.00,0.10,null,null,2.90,2.80,0.67,12.40,72.00,
2011,168,55,0.22,0.00,96.00,26.00,57.80,64.00,96.00,5.40,96.00,0.10,null,null,2.90,2.90,0.67,12.40,74.00,
2010,173,54,0.22,0.00,97.00,16.00,57.00,64.00,97.00,4.80,97.00,0.10,null,null,3.00,2.90,0.67,12.20,70.00,
2009,174,54,0.21,0.00,97.00,608.00,56.20,64.00,97.00,5.10,97.00,0.10,null,null,3.00,3.00,0.66,12.00,69.90,
2008,172,54,0.24,0.00,97.00,668.00,55.50,65.00,97.00,4.82,97.00,0.10,null,null,3.10,3.00,0.65,11.90,69.80,
2007,171,55,0.21,0.00,98.00,1684.00,54.80,65.00,98.00,4.95,98.00,0.10,null,null,3.10,3.10,0.64,11.70,69.70,
2006,175,55,0.18,0.00,98.00,953.00,54.20,66.00,98.00,5.24,98.00,0.10,null,null,3.20,3.10,0.64,11.50,69.50,
2005,174,56,0.16,0.00,98.00,77.00,53.50,68.00,98.00,5.60,98.00,0.10,null,null,3.20,3.20,0.63,11.40,69.40,
2004,176,57,0.16,0.00,97.00,80.00,52.90,70.00,97.00,5.21,97.00,0.10,null,null,3.30,3.20,0.62,11.20,69.00,
2003,178,59,0.15,0.00,98.00,164.00,52.30,72.00,98.00,5.41,98.00,0.10,null,null,3.30,3.30,0.62,11.30,68.60,
2002,177,61,0.15,0.00,97.00,653.00,51.80,75.00,97.00,5.97,97.00,0.10,null,null,3.40,3.40,0.62,11.20,68.70,
2001,177,63,0.14,0.00,99.00,2150.00,51.20,78.00,99.00,5.75,99.00,0.10,null,null,3.50,3.40,0.61,11.10,68.60,
2000,171,65,0.14,0.00,98.00,2633.00,5.70,82.00,98.00,5.55,98.00,0.10,null,null,3.60,3.50,0.61,11.00,68.80,
2015,178,2,null,0.00,91.00,0.00,56.10,2.00,92.00,null,91.00,0.20,4127.12,6312478.00,1.60,1.50,0.68,13.20,73.50,
2014,181,2,2.52,665.73,93.00,0.00,55.40,2.00,93.00,6.77,94.00,0.20,3988.77,6281189.00,1.60,1.60,0.68,13.20,73.30,
2013,184,2,2.42,653.69,92.00,0.00,54.70,2.00,92.00,6.95,92.00,0.20,3895.66,625777.00,1.60,1.60,0.68,13.20,73.00,
2012,181,2,2.48,591.78,92.00,0.00,54.10,2.00,93.00,6.70,92.00,0.30,3827.79,6221246.00,1.60,1.60,0.67,13.20,73.00,
2011,197,2,2.37,549.28,89.00,0.00,53.40,2.00,9.00,6.81,89.00,0.30,3736.59,619256.00,1.70,1.60,0.67,13.00,72.00,
2010,191,2,2.36,469.39,89.00,0.00,52.80,2.00,89.00,6.91,89.00,0.30,3474.39,6164626.00,1.70,1.60,0.66,12.90,72.00,
2009,23,2,2.55,416.43,91.00,0.00,52.10,2.00,91.00,6.83,91.00,0.30,3366.48,6137276.00,1.70,1.60,0.66,12.80,71.40,
2008,194,2,2.68,53.96,98.00,0.00,51.40,3.00,98.00,6.21,98.00,0.30,357.35,61131.00,1.80,1.70,0.66,13.40,71.70,
2007,23,2,2.83,52.30,99.00,0.00,5.80,3.00,99.00,6.32,99.00,0.30,334.84,683475.00,1.80,1.70,0.66,12.90,71.20,
2006,211,3,2.77,57.75,96.00,0.00,5.10,3.00,96.00,6.68,96.00,0.20,362.95,656478.00,1.80,1.70,0.65,12.90,75.00,
2005,213,3,2.77,440.60,89.00,0.00,49.40,3.00,89.00,7.19,89.00,0.20,2835.28,628961.00,1.90,1.80,0.64,12.70,71.00,
2004,215,3,2.9,398.61,9.00,0.00,48.60,3.00,9.00,7.30,9.00,0.30,2632.80,6775.00,1.90,1.80,0.64,12.40,70.00,
2003,29,3,3.1,400.13,94.00,0.00,47.80,4.00,93.00,7.61,94.00,0.30,2519.74,5971535.00,2.00,1.90,0.63,12.00,69.90,
2002,24,3,2.97,29.69,81.00,0.00,47.00,4.00,81.00,7.90,81.00,0.40,248.41,59433.00,2.00,1.90,0.62,11.80,73.00,
2001,219,4,2.88,332.11,75.00,2.00,46.20,4.00,94.00,8.20,92.00,0.40,2338.77,595962.00,2.10,2.00,0.61,11.60,68.90,
2000,218,4,2.79,353.67,99.00,0.00,45.30,5.00,98.00,8.17,99.00,0.40,2238.41,5867626.00,2.10,2.00,0.61,11.30,69.00,
2015,32,3,null,0.00,16.00,1250.00,24.50,4.00,17.00,null,16.00,4.20,1347.31,1175389.00,8.40,8.30,0.58,9.20,58.20,
2014,32,3,0.01,13.40,2.00,13.00,24.00,4.00,24.00,3.80,2.00,4.40,192.60,1129424.00,8.50,8.40,0.58,9.20,57.90,
2013,327,3,10.72,156.39,null,321.00,23.50,4.00,3.00,3.73,3.00,5.70,2246.99,183746.00,8.60,8.60,0.59,9.20,57.40,
2012,337,3,11.89,1500.41,null,1190.00,23.00,4.00,3.00,4.00,24.00,8.20,21557.65,138593.00,8.70,8.70,0.58,9.20,56.70,
2011,344,3,10.99,1493.05,null,0.00,22.60,4.00,39.00,3.29,41.00,7.70,21451.89,99429.00,8.90,8.80,0.58,9.20,56.20,
2010,339,3,9.93,1192.70,null,0.00,22.10,4.00,59.00,3.84,44.00,7.20,17136.45,95114.00,9.00,9.00,0.59,9.20,56.10,
2009,34,3,7.97,115.07,null,78.00,21.70,4.00,57.00,5.32,43.00,7.30,1653.29,99111.00,9.20,9.20,0.59,9.10,55.70,
2008,338,3,8.34,1705.68,null,436.00,21.30,4.00,55.00,2.31,42.00,6.30,22742.38,868418.00,9.30,9.30,0.59,9.10,55.40,
2007,339,3,6.86,1024.52,null,5.00,2.90,4.00,54.00,2.25,41.00,5.90,15761.84,829327.00,9.50,9.50,0.59,9.00,55.00,
2006,337,3,7.28,827.60,null,0.00,2.50,4.00,52.00,2.13,4.00,5.30,12732.28,792217.00,9.70,9.60,0.57,9.00,54.80,
2005,337,3,7.19,12.07,null,0.00,2.20,4.00,5.00,1.63,39.00,4.90,185.63,757317.00,9.80,9.80,0.56,8.70,54.40,
2004,336,3,6.28,44.55,null,38.00,19.80,4.00,48.00,2.40,38.00,4.40,685.35,724817.00,1.00,1.00,0.55,8.50,54.10,
2003,334,3,7.13,309.78,null,18.00,19.50,4.00,46.00,2.23,37.00,3.60,3577.18,694611.00,1.20,1.10,0.55,8.40,53.80,
2002,334,3,6.01,234.79,null,24.00,19.10,4.00,44.00,2.50,36.00,2.90,2711.17,66647.00,1.40,1.30,0.54,8.20,53.50,
2001,334,3,5.07,197.78,null,1339.00,18.70,4.00,43.00,1.78,35.00,2.30,2283.88,639762.00,1.60,1.40,0.53,8.00,53.10,
2000,336,3,4.46,14.95,null,0.00,18.30,4.00,41.00,2.73,34.00,1.90,172.68,614323.00,1.70,1.60,0.00,0.00,52.70,
2015,255,5,null,0.00,95.00,198.00,18.60,7.00,95.00,null,95.00,0.40,null,null,8.40,8.20,0.42,5.00,64.70,
2014,261,5,0.01,0.00,94.00,127.00,18.00,8.00,94.00,3.34,94.00,0.40,null,null,8.50,8.30,0.42,5.00,64.40,
2013,266,6,0.01,0.00,94.00,45.00,17.50,8.00,94.00,3.10,94.00,0.50,null,null,8.60,8.40,0.41,5.00,64.00,
2012,274,6,0.01,0.00,94.00,194.00,17.00,8.00,94.00,2.98,94.00,0.60,null,null,8.70,8.60,0.41,5.00,63.60,
2011,286,6,0.62,20.98,96.00,48.00,16.50,8.00,96.00,3.60,96.00,0.70,582.78,447469.00,8.80,8.70,0.41,5.00,62.90,
2010,298,6,0.61,17.36,9.00,51.00,16.00,9.00,9.00,3.24,9.00,0.90,482.15,43984.00,8.90,8.80,0.40,5.10,62.10,
2009,311,6,0.63,1.58,92.00,82.00,15.50,9.00,92.00,3.30,92.00,1.00,43.75,431334.00,9.00,8.90,0.40,5.20,61.40,
2008,322,6,0.49,11.77,94.00,0.00,15.10,9.00,94.00,3.69,94.00,1.10,326.83,4232636.00,9.10,9.10,0.41,5.20,67.00,
2007,329,6,1.23,11.42,91.00,55.00,14.70,9.00,91.00,3.29,91.00,1.30,317.33,4153332.00,9.20,9.20,0.41,5.30,62.00,
2006,336,7,0.97,10.60,94.00,128.00,14.30,9.00,94.00,3.30,94.00,1.40,297.83,466648.00,9.30,9.30,0.41,5.30,59.70,
2005,34,7,1.07,5.06,96.00,19.00,13.90,9.00,96.00,2.97,96.00,1.60,276.76,39697.00,9.40,9.50,0.00,5.40,59.40,
2004,342,7,0.64,10.26,84.00,24.00,13.60,10.00,98.00,3.14,98.00,1.80,287.42,3858623.00,9.60,9.60,0.00,5.00,59.10,
2003,343,7,0.56,6.91,91.00,376.00,13.30,10.00,95.00,3.50,93.00,1.90,232.79,3738265.00,9.70,9.70,0.00,4.70,58.80,
2002,343,7,0.83,0.70,86.00,460.00,13.10,10.00,92.00,4.20,9.00,1.90,21.77,3614639.00,9.90,9.90,0.00,4.40,58.50,
2001,345,7,0.61,5.59,null,204.00,12.80,10.00,89.00,3.95,86.00,2.00,215.14,3497124.00,1.00,1.00,0.00,4.30,58.10,
2000,593,7,0.83,0.74,null,789.00,12.60,10.00,82.00,4.43,81.00,1.90,28.20,339281.00,1.20,1.10,0.00,3.90,45.30,
2015,119,0,null,0.00,91.00,4.00,59.90,0.00,93.00,null,93.00,0.10,1774.93,131547.00,1.90,1.90,0.86,16.50,77.60,
2014,122,0,0.01,2700.07,93.00,0.00,59.40,0.00,93.00,6.38,93.00,0.10,19941.46,1314545.00,1.90,1.90,0.86,16.50,77.30,
2013,127,0,0.01,261.29,93.00,2.00,59.00,0.00,94.00,6.48,94.00,0.10,1929.77,1317997.00,1.90,1.90,0.86,16.50,76.90,
2012,135,0,0.01,2263.10,94.00,4.00,58.50,0.00,94.00,6.36,94.00,0.10,17421.89,1322696.00,1.90,1.90,0.85,16.50,76.30,
2011,138,0,0.01,2146.95,94.00,7.00,58.00,0.00,93.00,5.83,93.00,0.10,17454.84,1327439.00,1.90,2.00,0.84,16.40,76.10,
2010,137,0,14.97,1802.02,94.00,0.00,57.60,0.00,94.00,6.25,94.00,0.10,14638.65,1331475.00,1.90,2.00,0.83,16.20,75.60,
2009,156,0,15.04,1717.09,95.00,0.00,57.10,0.00,95.00,6.93,95.00,0.10,14726.32,1334515.00,2.00,2.00,0.84,16.10,74.90,
2008,167,0,16.99,225.07,94.00,0.00,56.70,0.00,95.00,6.60,95.00,0.10,1894.55,13379.00,2.00,2.10,0.83,16.10,74.20,
2007,189,0,17.87,1904.12,95.00,1.00,56.30,0.00,95.00,5.16,95.00,0.10,16586.45,13468.00,2.00,2.10,0.83,16.10,73.00,
2006,188,0,16.58,244.35,95.00,27.00,55.90,0.00,95.00,5.10,95.00,0.10,12595.42,134681.00,2.10,2.20,0.82,16.10,73.00,
2005,189,0,15.52,153.50,95.00,2.00,55.50,0.00,96.00,5.20,96.00,0.10,1338.31,1354775.00,2.10,2.20,0.81,15.90,72.80,
2004,195,0,15.07,101.12,9.00,0.00,55.20,0.00,95.00,5.13,94.00,0.10,885.47,136255.00,2.20,2.30,0.81,15.70,72.30,
2003,199,0,11.64,132.72,null,0.00,54.90,0.00,95.00,4.92,94.00,0.10,7174.24,13772.00,2.20,2.30,0.80,15.60,71.90,
2002,211,0,11.48,7.81,null,0.00,54.60,0.00,94.00,4.84,94.00,0.10,538.35,137935.00,2.30,2.40,0.79,15.40,71.20,
2001,225,0,0.01,88.63,null,0.00,54.30,0.00,94.00,4.85,94.00,0.10,4498.96,1388115.00,2.40,2.50,0.78,15.00,78.00,
2000,218,0,0.01,5.35,null,9.00,54.00,0.00,93.00,5.28,93.00,0.10,47.33,1396985.00,2.50,2.50,0.76,14.40,78.00,
2015,225,136,null,0.00,77.00,17745.00,17.60,194.00,75.00,null,77.00,0.60,645.46,9987333.00,1.40,1.20,0.44,8.40,64.80,
2014,234,140,0.01,89.96,77.00,12739.00,17.20,202.00,75.00,4.88,77.00,0.60,571.16,97366774.00,1.50,1.30,0.44,8.40,64.20,
2013,237,145,1.86,8.31,72.00,5253.00,16.80,211.00,7.00,5.19,72.00,0.90,52.15,94887724.00,1.60,1.40,0.43,8.40,63.70,
2012,241,150,1.84,86.83,69.00,4347.00,16.40,221.00,7.00,5.77,69.00,1.20,468.57,92444183.00,1.70,1.50,0.42,8.40,63.30,
2011,249,156,1.32,67.78,65.00,3255.00,16.00,231.00,7.00,6.55,65.00,1.40,354.85,946756.00,1.90,1.60,0.41,8.20,62.60,
2010,261,162,1.34,67.73,62.00,4235.00,15.60,243.00,69.00,6.86,61.00,1.70,341.40,877267.00,11.00,1.70,0.40,8.10,61.80,
2009,274,169,1.17,53.77,56.00,1176.00,15.30,256.00,65.00,4.41,58.00,2.00,379.76,85416253.00,11.10,1.80,0.39,8.10,68.00,
2008,289,177,1.13,38.56,52.00,3511.00,14.90,270.00,63.00,4.28,54.00,2.40,325.38,83184892.00,11.20,1.90,0.38,7.60,59.80,
2007,39,186,1.06,30.46,47.00,1446.00,14.50,286.00,61.00,4.69,5.00,2.80,243.33,8149.00,11.30,11.00,0.36,7.10,58.50,
2006,328,196,1.22,22.19,null,1451.00,14.20,304.00,59.00,4.47,46.00,3.30,193.79,7885689.00,11.40,11.10,0.35,6.60,57.20,
2005,343,206,0.99,18.04,null,357.00,13.80,323.00,56.00,4.20,44.00,3.70,161.63,7672783.00,11.50,11.20,0.33,5.80,56.00,
2004,354,217,0.86,1.51,null,73.00,13.50,342.00,54.00,4.23,4.00,4.10,135.76,7462445.00,11.50,11.30,0.31,5.40,55.00,
2003,363,228,0.79,10.97,null,228.00,13.20,360.00,55.00,4.64,37.00,4.40,118.87,72545144.00,11.60,11.50,0.31,5.20,54.00,
2002,369,237,0.8,10.82,null,3332.00,12.90,377.00,55.00,4.73,35.00,4.60,111.36,7497192.00,11.70,11.60,0.30,4.90,53.20,
2001,372,246,0.85,1.19,null,2366.00,12.60,392.00,55.00,4.26,32.00,4.90,12.18,68492257.00,11.80,11.70,0.28,4.30,52.50,
2000,391,253,0.88,11.59,null,1660.00,12.30,404.00,55.00,4.36,3.00,5.00,123.88,66537331.00,11.90,11.80,0.00,3.90,51.20,
2015,188,0,null,0.00,99.00,0.00,62.70,0.00,99.00,null,99.00,0.10,4921.90,892149.00,4.00,3.70,0.73,15.30,69.90,
2014,19,0,0.01,50.54,99.00,0.00,61.90,0.00,99.00,4.49,99.00,0.10,546.37,88586.00,4.00,3.70,0.73,15.20,69.70,
2013,192,0,0.01,460.65,99.00,0.00,61.10,0.00,99.00,4.26,99.00,0.10,4763.69,879715.00,4.00,3.70,0.72,15.00,69.60,
2012,195,0,0.01,431.49,99.00,0.00,6.20,0.00,99.00,4.16,99.00,0.10,4546.74,873596.00,4.00,3.70,0.71,14.90,69.40,
2011,197,0,0.01,401.79,99.00,0.00,59.50,0.00,99.00,4.60,99.00,0.10,4353.12,86786.00,4.00,3.70,0.71,14.70,69.20,
2010,2,0,2.25,62.08,99.00,0.00,58.70,0.00,99.00,4.23,99.00,0.10,3651.97,85995.00,4.00,3.70,0.71,14.60,69.10,
2009,23,0,2.31,60.65,99.00,1.00,58.00,0.00,99.00,4.26,99.00,0.10,3369.48,851967.00,4.00,3.70,0.70,14.50,68.90,
2008,26,0,1.95,81.05,99.00,0.00,57.30,0.00,99.00,3.68,99.00,0.10,4177.66,84334.00,4.00,3.70,0.70,14.30,68.70,
2007,29,0,2.09,5.89,99.00,0.00,56.60,0.00,99.00,3.74,99.00,0.10,478.82,834812.00,4.10,3.80,0.70,14.20,68.60,
2006,211,0,2.06,52.12,99.00,136.00,55.90,0.00,98.00,3.84,98.00,0.10,3749.94,827411.00,4.10,3.80,0.69,14.00,68.50,
2005,214,0,2.02,64.39,99.00,0.00,55.10,0.00,97.00,3.61,96.00,0.10,3658.64,821817.00,4.10,3.80,0.70,13.90,68.30,
2004,218,0,1.63,43.99,99.00,37.00,54.20,0.00,96.00,3.61,95.00,0.10,3332.92,818354.00,4.20,3.90,0.69,13.40,68.10,
2003,22,0,1.76,253.82,99.00,305.00,53.20,0.00,95.00,3.35,94.00,0.10,2835.97,816628.00,4.20,3.90,0.69,13.30,68.00,
2002,22,0,1.85,206.07,99.00,304.00,52.20,0.00,94.00,3.48,93.00,0.10,2259.56,815691.00,4.20,3.90,0.69,13.30,67.90,
2001,221,0,1.93,20.71,98.00,17.00,51.20,0.00,92.00,3.28,91.00,0.10,238.89,814218.00,4.30,4.00,0.68,13.20,67.80,
2000,221,0,2.05,31.26,98.00,0.00,5.20,0.00,91.00,3.87,9.00,0.10,276.13,811223.00,4.30,4.00,0.68,13.10,67.70,
2015,76,0,null,0.00,null,2.00,62.10,0.00,97.00,null,97.00,0.10,4245.40,5479531.00,0.90,0.80,0.89,17.00,81.10,
2014,78,0,8.8,6164.46,null,0.00,61.70,0.00,98.00,9.68,98.00,0.10,49914.62,5461512.00,0.90,0.80,0.89,17.00,89.00,
2013,79,0,8.97,6115.50,null,2.00,61.40,0.00,98.00,9.55,98.00,0.10,49638.77,5438972.00,0.90,0.80,0.89,17.00,87.00,
2012,82,0,9.24,5889.01,null,0.00,61.00,0.00,99.00,9.30,99.00,0.10,47415.56,5413971.00,0.90,0.80,0.88,17.00,84.00,
2011,86,0,9.81,71.02,null,27.00,6.60,0.00,99.00,9.10,99.00,0.10,579.72,5388272.00,0.90,0.80,0.88,16.90,83.00,
2010,89,0,9.72,591.67,null,5.00,6.20,0.00,99.00,9.50,99.00,0.10,4622.42,5363352.00,0.90,0.80,0.87,16.80,79.90,
2009,91,0,9.96,579.74,null,2.00,59.80,0.00,99.00,9.20,99.00,0.10,4717.16,5338871.00,0.90,0.80,0.88,17.00,79.70,
2008,94,0,10.26,678.88,null,5.00,59.40,0.00,97.00,8.35,99.00,0.10,5341.31,5313399.00,0.90,0.80,0.88,17.10,79.60,
2007,96,0,10.45,6147.13,null,0.00,59.00,0.00,97.00,8.90,99.00,0.10,48288.55,528872.00,0.90,0.80,0.87,17.20,79.30,
2006,96,0,10.15,524.78,null,0.00,58.60,0.00,97.00,8.38,97.00,0.10,4112.68,5266268.00,0.90,0.80,0.87,17.20,79.20,
2005,11,0,9.95,4816.59,null,1.00,58.10,0.00,97.00,8.43,97.00,0.10,38969.17,524696.00,0.90,0.80,0.86,17.10,78.90,
2004,12,0,9.89,4508.81,null,0.00,57.60,0.00,96.00,8.21,98.00,0.10,37636.11,5228172.00,0.90,0.80,0.87,18.30,78.70,
2003,98,0,9.31,3869.03,null,0.00,57.10,0.00,96.00,8.15,98.00,0.10,32816.17,521314.00,0.90,0.80,0.87,18.10,78.40,
2002,98,0,9.25,3099.36,null,0.00,56.60,0.00,95.00,7.81,98.00,0.10,26834.26,52598.00,0.90,0.80,0.86,18.00,78.10,
2001,1,0,8.94,2775.34,null,1.00,56.10,0.00,95.00,7.43,98.00,0.10,24913.24,51888.00,0.90,0.80,0.86,17.70,78.00,
2000,15,0,8.59,397.75,null,0.00,55.50,0.00,96.00,7.22,99.00,0.10,24253.25,517629.00,0.90,0.90,0.85,17.30,77.50,
2015,78,2,null,0.00,86.00,157.00,62.50,3.00,98.00,null,98.00,0.10,36526.77,6662468.00,0.70,0.60,0.89,16.30,82.40,
2014,79,3,11.5,6739.68,83.00,267.00,62.00,3.00,98.00,11.54,98.00,0.10,42955.24,66331957.00,0.60,0.60,0.89,16.20,82.20,
2013,81,3,11.1,6646.95,74.00,272.00,61.60,3.00,99.00,11.56,99.00,0.10,42554.12,6599857.00,0.60,0.60,0.89,16.20,82.00,
2012,83,3,11.5,751.38,78.00,0.00,61.10,3.00,99.00,11.44,99.00,0.10,4838.24,6565979.00,0.60,0.60,0.89,16.10,81.50,
2011,83,3,11.8,683.92,74.00,14949.00,6.60,3.00,99.00,11.33,99.00,0.10,4381.29,65342776.00,0.60,0.60,0.88,16.10,81.70,
2010,86,3,11.7,72.80,65.00,5048.00,6.10,3.00,99.00,11.20,99.00,0.10,473.34,6527512.00,0.60,0.60,0.88,16.00,81.30,
2009,88,3,11.8,6415.36,51.00,1541.00,59.60,3.00,98.00,11.28,98.00,0.10,41631.13,647744.00,0.60,0.60,0.88,16.00,81.10,
2008,88,3,11.9,7002.79,47.00,604.00,59.10,3.00,98.00,1.57,98.00,0.10,45413.66,6437499.00,0.60,0.60,0.88,16.10,89.00,
2007,89,3,12.2,64.74,42.00,39.00,58.60,3.00,99.00,1.45,98.00,0.10,416.58,6416229.00,0.60,0.60,0.87,16.10,89.00,
2006,92,3,12.4,5689.99,39.00,40.00,58.00,4.00,99.00,1.53,99.00,0.10,36544.59,63621376.00,0.60,0.60,0.87,16.10,86.00,
2005,93,3,12.2,5451.70,35.00,36.00,57.50,4.00,98.00,1.60,98.00,0.10,34879.73,63179356.00,0.60,0.60,0.86,15.50,81.00,
2004,94,3,13.18,5291.23,35.00,4448.00,57.00,4.00,99.00,1.53,98.00,0.10,33874.74,6274897.00,0.60,0.60,0.86,15.50,82.00,
2003,99,3,13.49,4572.44,28.00,0.00,56.40,4.00,96.00,1.43,97.00,0.10,29691.18,62244884.00,0.60,0.60,0.85,15.40,79.30,
2002,11,3,13.78,3779.66,29.00,5185.00,55.80,4.00,97.00,1.22,97.00,0.10,24275.24,6185267.00,0.70,0.60,0.85,15.50,79.20,
2001,13,3,13.89,3451.19,28.00,0.00,55.20,4.00,98.00,9.89,97.00,0.10,22527.32,61357431.00,0.70,0.60,0.85,15.60,79.00,
2000,13,3,13.63,3410.28,26.00,10000.00,54.60,4.00,98.00,9.77,97.00,0.10,22465.64,6912498.00,0.70,0.60,0.84,15.70,78.80,
2015,229,2,null,0.00,8.00,27.00,36.30,3.00,79.00,null,8.00,2.70,7388.98,193175.00,6.10,5.90,0.69,12.60,66.00,
2014,237,2,0.01,715.28,7.00,33.00,35.80,3.00,68.00,3.44,7.00,2.80,9692.16,1875713.00,6.10,6.00,0.69,12.60,65.50,
2013,255,2,8.86,154.88,79.00,122.00,35.20,3.00,77.00,3.98,79.00,3.70,9679.74,1817271.00,6.20,6.10,0.68,12.50,64.60,
2012,276,2,8.3,805.39,82.00,2.00,34.60,3.00,8.00,3.13,82.00,4.90,9774.18,1756817.00,6.30,6.20,0.67,12.50,63.50,
2011,289,2,8.9,133.52,75.00,2.00,34.10,3.00,75.00,3.12,75.00,6.00,1716.23,169711.00,6.40,6.30,0.66,12.50,62.80,
2010,294,2,8.85,145.32,67.00,1.00,33.50,3.00,68.00,3.41,67.00,7.00,8754.11,16421.00,6.50,6.40,0.66,12.50,62.30,
2009,31,2,8.64,52.31,79.00,0.00,33.00,3.00,74.00,3.43,76.00,8.00,763.66,1586754.00,6.70,6.50,0.65,12.40,61.70,
2008,298,2,8.75,11.05,82.00,3.00,32.40,3.00,81.00,2.54,82.00,8.90,194.27,1536411.00,6.80,6.60,0.65,12.40,61.60,
2007,291,2,9.02,545.44,75.00,0.00,31.90,3.00,78.00,2.86,81.00,10.00,8352.82,1489193.00,6.90,6.80,0.65,12.40,61.60,
2006,288,2,8.01,40.54,52.00,90.00,31.40,3.00,44.00,2.88,45.00,10.70,727.78,1444844.00,7.10,6.90,0.65,12.40,61.40,
2005,37,2,7.72,353.24,28.00,0.00,3.80,3.00,44.00,2.76,45.00,10.90,6741.29,143126.00,7.20,7.10,0.64,12.40,65.00,
2004,322,2,8.13,443.48,null,63.00,3.30,3.00,44.00,3.26,45.00,11.10,5685.58,136425.00,7.40,7.20,0.64,12.30,59.70,
2003,32,2,6.47,352.23,null,0.00,29.80,3.00,44.00,3.48,45.00,11.00,4892.12,1328146.00,7.50,7.40,0.64,12.30,59.70,
2002,315,2,8.34,22.69,null,110.00,29.20,3.00,44.00,3.22,45.00,10.70,412.55,129449.00,7.70,7.50,0.64,12.30,59.70,
2001,37,2,9.29,183.70,null,5129.00,28.70,3.00,44.00,3.23,45.00,10.10,3976.15,1262259.00,7.80,7.70,0.63,12.30,59.80,
2000,296,2,8.87,218.17,null,15.00,28.10,3.00,44.00,2.89,45.00,9.50,4116.47,1231122.00,8.00,7.80,0.64,12.20,61.00,
2015,262,3,null,0.00,97.00,71.00,27.30,5.00,96.00,null,97.00,1.70,null,null,7.30,7.20,0.45,8.90,61.10,
2014,266,3,0.01,0.00,96.00,1.00,26.70,5.00,97.00,7.34,96.00,1.70,null,null,7.50,7.30,0.45,8.90,68.00,
2013,266,3,0.01,0.00,97.00,0.00,26.00,5.00,96.00,6.49,97.00,1.60,null,null,7.60,7.50,0.45,8.90,66.00,
2012,269,3,0.01,0.00,98.00,0.00,25.40,5.00,98.00,6.12,98.00,1.40,null,null,7.80,7.70,0.44,8.80,62.00,
2011,277,3,3.41,0.00,96.00,0.00,24.80,5.00,95.00,6.24,96.00,1.80,null,null,8.00,7.90,0.44,8.70,59.80,
2010,284,3,3.48,0.00,97.00,2.00,24.10,6.00,97.00,5.75,97.00,2.10,null,null,8.20,8.10,0.44,8.80,59.30,
2009,286,3,2.99,0.00,97.00,0.00,23.50,6.00,97.00,5.85,98.00,2.70,null,null,8.40,8.30,0.43,8.90,59.00,
2008,287,3,2.79,0.00,98.00,0.00,22.80,6.00,96.00,5.95,96.00,3.00,null,null,8.60,8.50,0.43,8.60,58.70,
2007,288,3,2.64,0.00,97.00,0.00,22.20,6.00,94.00,5.76,95.00,3.10,null,null,8.80,8.70,0.42,8.40,58.50,
2006,288,3,2.93,0.00,95.00,0.00,21.50,6.00,94.00,5.52,95.00,3.00,null,null,9.00,8.90,0.41,8.10,58.20,
2005,294,3,2.26,0.00,95.00,0.00,2.90,6.00,94.00,4.97,95.00,3.00,null,null,9.20,9.10,0.41,7.80,57.70,
2004,296,3,2.51,0.00,95.00,0.00,2.30,6.00,88.00,4.35,87.00,2.90,null,null,9.40,9.30,0.40,7.60,57.30,
2003,297,3,2.47,0.00,94.00,119.00,19.70,6.00,87.00,4.22,87.00,2.70,null,null,9.60,9.60,0.40,7.30,57.00,
2002,298,3,2.08,0.00,92.00,32.00,19.10,6.00,86.00,3.75,87.00,2.50,null,null,9.80,9.80,0.39,7.00,56.60,
2001,3,3,2.25,0.00,91.00,99.00,18.50,6.00,85.00,3.71,87.00,2.30,null,null,1.00,1.00,0.38,6.80,56.30,
2000,33,3,2.18,0.00,91.00,336.00,18.00,6.00,84.00,3.61,8.00,2.00,null,null,1.20,1.20,0.38,6.50,55.90,
2015,129,1,null,0.00,94.00,431.00,56.20,1.00,91.00,null,94.00,0.10,3764.65,37171.00,2.70,2.80,0.77,13.90,74.40,
2013,null,0,null,344.69,99.00,0.00,83.30,0.00,99.00,9.27,99.00,0.10,1932.12,292.00,0.10,0.10,0.78,14.20,null,
2015,118,1,null,0.00,73.00,0.00,57.80,1.00,72.00,null,73.00,0.10,13134.44,3969249.00,1.90,1.80,0.79,13.00,77.80,
2014,119,1,6.74,1842.46,8.00,0.00,57.10,1.00,8.00,8.30,8.00,0.10,12593.74,393986.00,1.90,1.80,0.78,13.00,77.60,
2013,118,1,6.89,1694.47,8.00,0.00,56.30,1.00,81.00,8.90,8.00,0.10,11685.98,3838462.00,1.90,1.90,0.77,12.90,77.50,
2012,12,1,6.95,201.75,85.00,0.00,55.60,1.00,87.00,7.25,85.00,0.10,1589.83,3772938.00,1.90,1.90,0.77,12.80,77.20,
2011,121,1,6.9,119.21,87.00,4.00,54.90,1.00,91.00,7.50,87.00,0.10,927.72,377782.00,2.00,1.90,0.76,12.90,77.30,
2010,122,1,6.94,1199.32,94.00,0.00,54.20,2.00,95.00,8.50,94.00,0.10,7937.26,3643222.00,2.00,1.90,0.76,12.80,76.50,
2009,127,1,6.87,1092.16,85.00,0.00,53.40,2.00,85.00,7.56,85.00,0.10,7429.63,3579385.00,2.00,1.90,0.76,12.80,76.80,
2008,127,1,6.74,956.82,86.00,0.00,52.70,2.00,86.00,6.75,86.00,0.10,6973.93,3516268.00,2.00,2.00,0.75,12.80,76.50,
2007,124,1,6.16,76.25,85.00,0.00,51.90,2.00,84.00,6.31,85.00,0.20,668.87,345387.00,2.10,2.00,0.74,12.90,76.40,
2006,125,1,5.72,631.13,88.00,0.00,51.10,2.00,98.00,7.00,88.00,0.10,5348.52,339195.00,2.10,2.00,0.74,12.90,76.20,
2005,122,1,5.53,623.91,92.00,0.00,5.30,2.00,88.00,7.48,92.00,0.10,4916.55,333465.00,2.10,2.10,0.74,12.90,75.80,
2004,123,1,5.69,527.61,95.00,0.00,49.50,2.00,92.00,8.90,95.00,0.20,4591.89,3269541.00,2.20,2.10,0.73,12.80,75.80,
2003,126,1,5.52,58.46,98.00,0.00,48.60,2.00,95.00,7.60,98.00,0.10,4267.14,329174.00,2.20,2.20,0.73,12.80,75.50,
2002,125,1,5.52,78.81,98.00,0.00,47.80,2.00,99.00,8.30,99.00,0.20,4126.15,3149265.00,2.30,2.20,0.72,12.60,75.70,
2001,124,2,5.43,7.32,98.00,0.00,46.90,2.00,95.00,7.72,99.00,0.10,446.37,389684.00,2.30,2.30,0.72,12.40,75.50,
2000,121,2,5.58,9.87,null,0.00,45.90,2.00,99.00,7.76,98.00,0.20,46.30,33347.00,2.40,2.30,0.72,12.10,75.70,
2015,275,10,null,0.00,67.00,38.00,48.60,12.00,74.00,null,73.00,0.60,null,7919825.00,1.30,1.30,0.52,10.00,62.90,
2014,278,10,0.01,208.23,67.00,2299.00,47.90,13.00,64.00,4.26,73.00,0.70,2182.72,7755785.00,1.30,1.30,0.51,10.00,62.70,
2013,281,10,0.01,25.71,73.00,12.00,47.20,13.00,8.00,4.78,79.00,0.80,229.95,7592865.00,1.30,1.30,0.51,10.00,62.40,
2012,284,10,0.01,31.64,68.00,0.00,46.40,13.00,81.00,4.55,74.00,1.00,271.32,743836.00,1.30,1.30,0.50,9.90,62.20,
2011,285,10,0.88,23.41,66.00,0.00,45.70,13.00,69.00,4.94,72.00,1.00,177.87,7269348.00,1.30,1.30,0.49,9.90,62.00,
2010,286,10,0.79,19.00,56.00,0.00,44.90,14.00,72.00,4.18,67.00,1.10,1366.88,718239.00,1.40,1.30,0.48,9.60,61.80,
2009,288,11,0.82,20.53,66.00,0.00,44.20,14.00,79.00,4.36,73.00,1.10,1166.66,6947447.00,1.40,1.30,0.48,9.20,61.60,
2008,29,11,0.81,103.73,59.00,0.00,43.40,14.00,76.00,4.60,63.00,1.30,1178.72,6787187.00,1.40,1.30,0.47,8.90,61.40,
2007,295,11,0.71,85.72,61.00,0.00,42.70,14.00,72.00,4.40,71.00,1.40,956.67,6627922.00,1.40,1.30,0.46,8.60,61.10,
2006,299,11,0.64,126.61,71.00,1.00,41.90,14.00,67.00,5.92,72.00,1.50,854.35,647272.00,1.40,1.40,0.45,8.20,68.00,
2005,37,11,0.84,12.06,63.00,1222.00,41.10,15.00,61.00,6.42,72.00,1.50,77.58,631479.00,1.40,1.40,0.45,7.90,64.00,
2004,314,11,0.58,158.00,6.00,1385.00,4.40,15.00,59.00,8.39,62.00,1.50,637.36,6161517.00,1.50,1.40,0.44,7.60,59.90,
2003,321,11,0.59,124.38,67.00,3863.00,39.60,14.00,62.00,6.79,68.00,1.40,588.36,61724.00,1.50,1.40,0.43,7.20,59.60,
2002,327,11,0.61,110.98,6.00,17620.00,38.90,14.00,54.00,7.69,61.00,1.40,511.67,5862316.00,1.50,1.50,0.43,6.90,59.30,
2001,331,11,0.68,93.37,59.00,4023.00,38.20,14.00,52.00,6.68,55.00,1.30,539.42,5716152.00,1.50,1.50,0.42,6.60,59.10,
2000,335,11,0.73,62.56,57.00,7135.00,37.50,14.00,51.00,3.98,59.00,1.10,631.95,5572222.00,1.60,1.50,0.42,6.20,58.90,
2015,146,2,null,0.00,93.00,0.00,5.20,3.00,89.00,null,93.00,0.20,419.37,6639119.00,2.00,1.90,0.69,12.30,74.00,
2014,147,3,0.01,561.77,87.00,0.00,49.40,3.00,83.00,9.81,87.00,0.20,4712.82,6552584.00,2.00,1.90,0.69,12.30,73.90,
2013,148,3,5.03,573.43,86.00,0.00,48.60,3.00,8.00,1.49,86.00,0.20,4479.96,646574.00,2.00,1.90,0.68,12.30,73.80,
2012,148,3,5.36,441.84,87.00,0.00,47.90,3.00,83.00,1.33,87.00,0.10,3855.54,6379219.00,2.00,2.00,0.68,12.30,73.60,
2011,15,3,5.79,472.19,89.00,0.00,47.10,3.00,84.00,9.42,89.00,0.10,3988.12,6293783.00,2.10,2.00,0.68,12.30,73.40,
2010,152,3,5.65,359.98,89.00,0.00,46.40,3.00,85.00,9.10,89.00,0.10,3225.59,629877.00,2.10,2.00,0.66,12.40,73.20,
2009,155,3,5.39,30.94,85.00,0.00,45.60,3.00,81.00,9.14,85.00,0.10,2599.60,6127837.00,2.10,2.00,0.66,12.10,73.00,
2008,157,3,6.14,34.74,87.00,0.00,44.90,4.00,85.00,7.60,89.00,0.10,359.99,647117.00,2.10,2.10,0.65,11.90,72.70,
2007,159,3,5.61,318.62,86.00,0.00,44.20,4.00,95.00,6.41,95.00,0.10,2312.19,5966159.00,2.20,2.10,0.65,12.00,72.50,
2006,161,3,5.61,26.18,92.00,0.00,43.50,4.00,98.00,6.43,98.00,0.20,189.72,5882796.00,2.20,2.20,0.65,12.10,72.30,
2005,163,3,6.38,20.68,92.00,0.00,42.80,4.00,96.00,6.70,96.00,0.20,157.15,5795494.00,2.30,2.20,0.65,12.30,72.10,
2004,165,3,6.2,20.60,9.00,0.00,42.00,4.00,92.00,5.78,92.00,0.20,148.53,57374.00,2.30,2.20,0.64,12.10,71.90,
2003,166,4,6.64,155.42,86.00,0.00,41.30,4.00,86.00,5.99,86.00,0.10,1174.78,56795.00,2.40,2.30,0.64,12.70,71.70,
2002,168,4,5.66,152.83,null,0.00,4.60,4.00,87.00,6.77,87.00,0.10,1148.23,558611.00,2.40,2.30,0.63,12.20,71.50,
2001,17,4,6.66,233.85,null,0.00,39.80,5.00,9.00,7.61,89.00,0.10,1417.27,546624.00,2.50,2.40,0.62,11.80,71.20,
2000,172,4,6.78,273.58,null,0.00,39.10,5.00,86.00,8.10,86.00,0.10,1545.63,5327.00,2.50,2.40,0.63,11.60,79.00,
2015,123,8,null,0.00,9.00,4.00,55.60,10.00,88.00,null,9.00,0.10,63.34,31376671.00,1.10,1.10,0.74,13.40,75.50,
2014,125,8,0.01,973.73,88.00,0.00,54.90,10.00,78.00,5.47,88.00,0.10,6491.52,3973354.00,1.10,1.10,0.73,13.40,75.30,
2013,125,8,5.38,946.65,88.00,0.00,54.20,11.00,71.00,5.23,88.00,0.10,6583.12,3565716.00,1.10,1.10,0.73,13.40,75.30,
2012,129,9,5.14,885.99,95.00,0.00,53.60,11.00,94.00,5.18,95.00,0.10,6387.79,3158966.00,1.10,1.10,0.72,13.40,74.90,
2011,133,9,4.83,759.54,91.00,0.00,52.90,12.00,91.00,4.93,91.00,0.20,5771.57,29759989.00,1.10,1.10,0.72,13.40,74.50,
2010,14,10,4.72,69.44,93.00,0.00,52.20,12.00,92.00,5.30,93.00,0.20,522.49,29373646.00,1.10,1.10,0.71,13.30,73.70,
2009,14,10,4.69,570.45,93.00,0.00,51.50,13.00,92.00,5.36,93.00,0.30,4166.93,29157.00,1.20,1.20,0.71,13.30,73.80,
2008,138,11,4.85,58.50,93.00,1.00,5.80,14.00,93.00,4.73,93.00,0.30,428.88,2864198.00,1.20,1.20,0.70,13.20,73.90,
2007,133,11,4.29,516.40,93.00,0.00,5.20,15.00,93.00,4.60,93.00,0.30,3611.21,28292724.00,1.20,1.20,0.70,13.20,74.00,
2006,134,12,4.22,448.77,94.00,0.00,49.50,15.00,94.00,4.47,94.00,0.40,3171.50,27949944.00,1.20,1.20,0.69,13.00,74.20,
2005,148,13,4.44,411.56,94.00,0.00,48.80,16.00,66.00,4.72,77.00,0.40,2754.78,276141.00,1.30,1.30,0.69,13.00,72.80,
2004,151,14,4.27,356.94,92.00,0.00,48.10,18.00,81.00,4.56,86.00,0.40,2448.14,27273194.00,1.30,1.30,0.69,12.80,72.20,
2003,152,15,4.5,34.70,65.00,0.00,47.40,19.00,95.00,4.60,94.00,0.40,218.26,26937738.00,1.30,1.30,0.69,13.30,72.10,
2002,144,16,4.03,40.54,null,0.00,46.70,20.00,95.00,4.94,95.00,0.40,259.19,2661467.00,1.40,1.40,0.69,13.90,72.60,
2001,142,17,4.22,302.54,null,0.00,46.10,22.00,9.00,4.98,9.00,0.50,1981.24,26261363.00,1.40,1.40,0.68,13.40,72.40,
2000,154,18,4.59,297.51,null,1.00,45.40,24.00,93.00,4.83,98.00,0.50,1996.72,25914879.00,1.40,1.40,0.67,13.50,71.40,
2015,211,52,null,0.00,6.00,619.00,25.40,66.00,79.00,null,6.00,0.10,2878.34,11716359.00,1.00,9.70,0.68,11.70,68.50,
2014,214,54,4.52,31.27,67.00,58848.00,24.80,68.00,77.00,4.71,67.00,0.10,2842.94,112249.00,1.00,9.70,0.68,11.70,68.40,
2013,219,55,4.61,24.59,89.00,2920.00,24.30,69.00,84.00,4.56,89.00,0.10,276.29,9848132.00,1.00,9.70,0.67,11.70,68.10,
2012,217,56,5.02,212.74,88.00,1536.00,23.70,71.00,88.00,4.46,88.00,0.10,2581.82,96866642.00,1.00,9.70,0.67,11.60,68.10,
2011,218,57,4.96,191.49,87.00,6538.00,23.10,72.00,87.00,4.29,87.00,0.10,2352.52,9527794.00,1.00,9.70,0.67,11.50,68.00,
2010,218,58,4.85,198.26,77.00,6368.00,22.60,74.00,78.00,4.37,79.00,0.10,2129.50,93726624.00,1.00,9.70,0.66,11.40,67.90,
2009,219,59,4.42,159.53,85.00,1469.00,22.10,76.00,86.00,4.41,87.00,0.10,1825.34,9222879.00,1.00,9.70,0.66,11.70,68.00,
2008,217,60,4.21,155.48,88.00,341.00,21.60,78.00,91.00,4.50,91.00,0.10,1919.47,9751864.00,1.00,9.70,0.66,11.50,67.50,
2007,216,62,4.19,137.33,87.00,530.00,21.10,80.00,87.00,3.94,87.00,0.10,1672.69,8929349.00,1.00,9.70,0.65,11.40,67.50,
2006,219,63,4.08,121.36,77.00,9.00,2.60,82.00,88.00,3.95,88.00,0.10,1391.77,8789419.00,1.00,9.70,0.65,11.50,67.30,
2005,223,65,4.22,105.73,49.00,118.00,2.10,84.00,9.00,3.91,89.00,0.10,1194.70,86274237.00,1.00,9.70,0.64,11.60,67.00,
2004,218,66,4.45,13.40,48.00,3025.00,19.60,86.00,85.00,3.23,88.00,0.10,179.37,84678493.00,1.00,9.70,0.64,11.60,67.30,
2003,217,67,4.44,0.90,52.00,10511.00,19.20,87.00,85.00,3.25,84.00,0.10,11.55,8331954.00,1.00,9.70,0.63,11.60,67.20,
2002,221,68,4.42,0.10,42.00,7003.00,18.70,89.00,77.00,2.79,79.00,0.10,1.68,813526.00,1.00,9.70,0.63,11.40,66.80,
2001,221,68,4.54,69.02,45.00,7360.00,18.30,89.00,76.00,3.00,79.00,0.10,957.29,79665315.00,1.00,9.70,0.62,11.40,66.80,
2000,219,69,4.73,11.70,7.00,7120.00,17.80,90.00,74.00,3.21,78.00,0.10,138.92,77991569.00,1.00,9.60,0.62,11.40,66.80,
2015,117,2,null,0.00,96.00,0.00,61.70,2.00,92.00,null,98.00,0.10,12565.99,37986412.00,1.90,2.00,0.85,16.40,77.50,
2014,12,2,10.71,243.81,96.00,0.00,61.10,2.00,94.00,6.35,98.00,0.10,14341.67,3811735.00,1.90,2.10,0.85,16.40,77.30,
2013,12,2,11.63,23.44,96.00,84.00,6.40,2.00,95.00,6.40,99.00,0.10,1378.55,384196.00,2.00,2.10,0.84,15.40,77.10,
2012,125,2,10.81,230.04,97.00,71.00,59.70,2.00,95.00,6.62,99.00,0.10,13145.15,3863164.00,2.00,2.10,0.83,15.30,76.80,
2011,128,2,10.93,250.08,98.00,0.00,59.10,2.00,96.00,6.70,99.00,0.10,13893.19,3863255.00,2.00,2.20,0.83,15.40,76.70,
2010,13,2,10.59,220.49,98.00,13.00,58.40,2.00,96.00,6.88,99.00,0.10,12599.52,3842794.00,2.10,2.20,0.82,15.10,76.30,
2009,136,2,10.7,1299.16,98.00,115.00,57.80,3.00,96.00,7.12,99.00,0.10,11527.59,3815163.00,2.10,2.30,0.82,15.10,75.70,
2008,14,2,11.4,15.71,98.00,0.00,57.20,3.00,96.00,6.88,99.00,0.10,141.45,38125759.00,2.20,2.30,0.81,15.00,75.50,
2007,144,2,10.9,14.30,98.00,40.00,56.60,3.00,99.00,6.28,99.00,0.10,1126.32,381256.00,2.20,2.40,0.81,15.00,75.30,
2006,144,2,10.4,9.15,98.00,120.00,56.00,3.00,99.00,6.17,99.00,0.10,94.77,38141267.00,2.30,2.40,0.80,15.00,75.20,
2005,144,2,9.5,79.42,98.00,13.00,55.50,3.00,99.00,6.20,99.00,0.10,821.25,38165445.00,2.30,2.50,0.80,14.80,75.00,
2004,143,2,9.19,648.07,98.00,11.00,55.00,3.00,99.00,6.19,99.00,0.10,6681.18,38182222.00,2.40,2.50,0.80,15.50,74.90,
2003,142,3,9.06,542.02,97.00,48.00,54.50,3.00,98.00,6.22,99.00,0.10,5693.52,382457.00,2.40,2.60,0.80,15.30,74.70,
2002,145,3,8.02,516.06,98.00,34.00,54.00,3.00,98.00,6.32,99.00,0.10,5196.93,3823364.00,2.50,2.60,0.79,15.00,74.50,
2001,149,3,7.74,466.74,95.00,133.00,53.60,3.00,98.00,5.86,98.00,0.10,4981.20,3824876.00,2.50,2.70,0.78,14.70,74.20,
2000,153,3,8.4,412.43,99.00,77.00,53.10,4.00,98.00,5.50,98.00,0.10,4492.73,38258629.00,2.50,2.80,0.78,14.60,73.70,
2015,76,0,null,0.00,98.00,8.00,61.60,0.00,98.00,null,98.00,0.10,1922.68,135876.00,0.70,0.50,0.84,16.60,81.10,
2014,78,0,9.88,271.25,98.00,0.00,6.90,0.00,98.00,9.50,98.00,0.10,2277.54,14162.00,0.70,0.50,0.84,16.80,89.00,
2013,79,0,10,2698.02,98.00,1.00,6.20,0.00,98.00,9.55,98.00,0.10,21618.74,1457295.00,0.70,0.50,0.83,16.30,86.00,
2012,81,0,11.96,331.46,98.00,23.00,59.50,0.00,98.00,9.74,98.00,0.10,2577.43,1514844.00,0.70,0.50,0.82,16.30,83.00,
2011,85,0,11.92,3108.29,97.00,2.00,58.80,0.00,97.00,1.70,97.00,0.10,23196.18,155756.00,0.70,0.50,0.82,16.20,82.00,
2010,88,0,12.25,3119.35,97.00,5.00,58.10,0.00,97.00,1.44,98.00,0.10,22538.65,15731.00,0.70,0.50,0.81,16.00,79.60,
2009,9,0,12.03,337.10,96.00,3.00,57.30,0.00,96.00,1.42,96.00,0.10,2363.97,1568247.00,0.70,0.50,0.81,16.00,79.30,
2008,92,0,12.35,3652.87,97.00,1.00,56.50,0.00,97.00,9.90,97.00,0.10,24815.69,1558177.00,0.70,0.50,0.80,15.80,79.00,
2007,94,0,12.57,333.36,97.00,0.00,55.70,0.00,96.00,9.62,97.00,0.10,2278.58,1542964.00,0.70,0.50,0.80,15.40,78.70,
2006,96,0,13.11,2884.02,97.00,0.00,54.90,0.00,97.00,9.67,97.00,0.10,19821.44,1522288.00,0.70,0.50,0.79,15.40,78.50,
2005,11,0,13.33,2813.99,94.00,7.00,54.10,1.00,93.00,9.98,93.00,0.10,18784.95,15333.00,0.70,0.60,0.79,15.40,77.70,
2004,99,0,13.45,276.10,94.00,5.00,53.30,1.00,95.00,9.84,95.00,0.10,1845.59,1483861.00,0.70,0.60,0.79,15.90,78.00,
2003,15,0,14.21,2283.89,94.00,8.00,52.50,1.00,96.00,9.54,99.00,0.10,15772.73,1458821.00,0.70,0.60,0.79,15.80,77.30,
2002,17,1,12,1904.00,82.00,8.00,51.70,1.00,96.00,9.15,98.00,0.10,12882.29,1419631.00,0.80,0.60,0.79,15.90,77.20,
2001,11,1,12.22,1657.33,7.00,0.00,5.90,1.00,96.00,9.10,97.00,0.10,11729.15,1362722.00,0.80,0.60,0.78,15.70,76.90,
2000,11,1,11.89,167.33,58.00,45.00,5.10,1.00,96.00,9.14,96.00,0.10,1152.40,1289898.00,0.80,0.60,0.78,15.50,76.60,
2015,68,0,null,0.00,99.00,18.00,69.30,0.00,99.00,null,99.00,0.10,66346.52,null,5.20,4.90,0.85,13.40,78.20,
2014,69,0,1.15,5063.51,89.00,46.00,68.40,0.00,99.00,2.19,89.00,0.10,86852.71,null,5.20,4.80,0.85,13.40,78.10,
2013,7,0,1.2,515.07,97.00,73.00,67.70,0.00,99.00,2.15,97.00,0.10,8834.88,null,5.10,4.70,0.84,13.40,77.90,
2012,72,0,1.13,5163.33,93.00,160.00,67.00,0.00,93.00,2.16,92.00,0.10,88564.82,null,5.10,4.70,0.84,13.40,77.80,
2011,74,0,1.16,4409.17,93.00,101.00,66.50,0.00,92.00,1.93,93.00,0.10,85948.75,null,5.10,4.60,0.83,12.40,77.50,
2010,76,0,1.16,37.77,97.00,295.00,66.00,0.00,98.00,2.90,97.00,0.10,736.23,null,5.00,4.60,0.82,12.00,77.30,
2009,79,0,1.11,3688.69,99.00,112.00,65.60,0.00,98.00,2.63,99.00,0.10,61478.24,null,5.00,4.60,0.83,11.80,77.00,
2008,82,0,1.37,5484.14,97.00,0.00,65.20,0.00,98.00,1.87,97.00,0.10,82967.37,null,5.00,4.50,0.82,11.70,76.80,
2007,83,0,1.24,44.19,94.00,361.00,65.10,0.00,97.00,2.31,94.00,0.10,675.61,null,4.90,4.50,0.83,12.60,76.70,
2006,83,0,1.28,448.60,96.00,144.00,65.00,0.00,95.00,2.58,96.00,0.10,6256.56,null,4.90,4.50,0.83,13.70,76.60,
2005,84,0,1.18,4582.48,97.00,74.00,65.10,0.00,98.00,3.10,97.00,0.10,51488.50,null,4.80,4.50,0.83,13.70,76.60,
2004,84,0,1.11,4064.74,97.00,29.00,65.00,0.00,95.00,3.61,96.00,0.10,41818.35,null,4.80,4.50,0.83,13.50,76.60,
2003,85,0,1,4049.97,93.00,24.00,64.70,0.00,93.00,4.14,92.00,0.10,34176.98,null,4.80,4.50,0.81,12.80,76.50,
2002,85,0,0.87,188.68,98.00,34.00,64.10,0.00,96.00,2.71,96.00,0.10,2999.65,null,4.80,4.50,0.81,12.20,76.40,
2001,87,0,0.76,170.05,93.00,23.00,63.30,0.00,93.00,2.56,93.00,0.10,2843.64,null,4.80,4.50,0.81,12.60,76.30,
2000,88,0,0.5,1559.29,89.00,46.00,62.40,0.00,91.00,2.18,8.00,0.10,29986.29,null,4.80,4.50,0.81,13.00,76.20,
2015,64,1,null,0.00,98.00,7.00,31.70,2.00,98.00,null,98.00,0.10,null,null,1.50,1.00,null,null,82.30,
2014,66,1,0.01,0.00,99.00,442.00,31.20,2.00,99.00,7.37,99.00,0.10,null,null,1.50,1.00,null,null,82.00,
2013,68,1,9.33,0.00,99.00,107.00,3.80,2.00,99.00,7.20,99.00,0.10,null,null,1.50,1.00,null,null,81.70,
2012,69,1,9.56,0.00,99.00,2.00,3.40,2.00,99.00,7.10,99.00,0.10,null,null,1.50,1.00,null,null,81.20,
2011,72,2,9.34,0.00,99.00,42.00,3.00,2.00,98.00,6.83,99.00,0.10,null,null,1.50,1.00,null,null,81.10,
2010,74,2,9.23,0.00,94.00,114.00,29.50,2.00,95.00,6.79,94.00,0.10,null,null,1.50,1.00,null,null,87.00,
2009,75,2,8.97,0.00,94.00,17.00,29.10,2.00,95.00,6.66,94.00,0.10,null,null,1.50,1.00,null,null,86.00,
2008,75,2,9.31,0.00,94.00,2.00,28.60,2.00,92.00,6.16,94.00,0.10,null,null,1.50,1.00,null,null,83.00,
2007,77,2,9.05,0.00,91.00,194.00,28.20,2.00,91.00,5.99,91.00,0.10,null,null,1.50,1.00,null,null,79.80,
2006,79,2,8.83,0.00,99.00,28.00,27.70,2.00,98.00,5.76,98.00,0.10,null,null,1.50,1.00,null,null,79.40,
2005,84,2,9.03,0.00,99.00,7.00,27.20,3.00,96.00,5.33,96.00,0.10,null,null,1.60,1.00,null,null,78.70,
2004,89,3,9.18,0.00,92.00,11.00,26.70,3.00,9.00,4.96,88.00,0.10,null,null,1.60,1.00,null,null,78.20,
2003,95,3,9.66,0.00,91.00,33.00,26.20,3.00,94.00,4.93,97.00,0.10,null,null,1.60,1.00,null,null,77.60,
2002,99,3,9.55,0.00,92.00,62.00,25.70,4.00,99.00,4.61,97.00,0.10,null,null,1.60,1.10,null,null,77.10,
2001,17,3,11.45,0.00,89.00,23060.00,25.20,4.00,99.00,4.76,97.00,0.10,null,null,1.60,1.10,null,null,76.70,
2000,116,4,10.33,0.00,93.00,32647.00,24.70,4.00,99.00,4.23,97.00,0.10,null,null,1.60,1.10,null,null,76.00,
2015,157,1,null,0.00,88.00,0.00,53.40,1.00,88.00,null,87.00,0.10,null,null,2.70,2.80,null,null,72.10,
2014,162,1,9.99,0.00,92.00,2.00,52.70,1.00,92.00,1.32,9.00,0.10,null,null,2.70,2.80,null,null,71.80,
2013,163,1,10.49,0.00,91.00,27.00,52.10,1.00,92.00,1.50,9.00,0.10,null,null,2.70,2.90,null,null,71.70,
2012,175,1,10.68,0.00,94.00,11.00,51.50,1.00,92.00,11.87,92.00,0.10,null,null,2.70,2.90,null,null,79.00,
2011,177,1,9.45,0.00,96.00,0.00,5.90,1.00,96.00,1.61,93.00,0.10,null,null,2.80,3.00,null,null,77.00,
2010,219,1,8.25,0.00,98.00,0.00,5.40,1.00,97.00,12.80,9.00,0.10,null,null,2.80,3.00,null,null,68.80,
2009,218,1,8.45,0.00,89.00,0.00,49.90,1.00,87.00,12.49,85.00,0.10,null,null,2.90,3.10,null,null,69.00,
2008,228,1,9.07,0.00,97.00,0.00,49.50,1.00,96.00,11.41,9.00,0.10,null,null,2.90,3.10,null,null,68.90,
2007,237,1,9.66,0.00,95.00,10.00,49.10,1.00,93.00,1.88,92.00,0.10,null,null,3.00,3.20,null,null,68.30,
2006,242,1,8.36,0.00,98.00,34.00,48.70,1.00,98.00,1.63,97.00,0.10,null,null,3.10,3.30,null,null,68.00,
2005,248,1,10.78,0.00,99.00,6.00,48.30,1.00,99.00,9.15,98.00,0.10,null,null,3.10,3.30,null,null,67.30,
2004,225,1,12.27,0.00,99.00,4.00,47.90,1.00,98.00,8.49,98.00,0.10,null,null,3.20,3.40,null,null,68.00,
2003,226,1,8.15,0.00,99.00,87.00,47.60,1.00,98.00,8.24,98.00,0.10,null,null,3.30,3.50,null,null,67.60,
2002,225,1,6.71,0.00,99.00,4929.00,47.20,1.00,98.00,8.31,97.00,0.10,null,null,3.40,3.60,null,null,67.50,
2001,228,1,10.98,0.00,94.00,457.00,46.80,1.00,98.00,7.00,97.00,0.10,null,null,3.50,3.60,null,null,67.60,
2000,235,1,9.89,0.00,92.00,687.00,46.50,2.00,97.00,6.65,95.00,0.10,null,null,3.60,3.70,null,null,67.10,
2015,133,2,null,0.00,9.00,4.00,6.70,2.00,89.00,null,89.00,0.10,8958.79,19815481.00,2.50,2.70,0.80,14.70,75.00,
2014,135,2,0.01,1.58,94.00,59.00,59.90,2.00,94.00,5.57,94.00,0.10,12.28,1998979.00,2.60,2.80,0.80,14.70,74.80,
2013,138,2,9.59,1230.75,96.00,1159.00,59.20,2.00,88.00,5.60,92.00,0.10,9585.27,19983693.00,2.70,2.90,0.79,14.70,74.60,
2012,138,2,9.58,1078.36,96.00,7450.00,58.40,2.00,92.00,5.48,91.00,0.10,8558.40,25835.00,2.80,3.00,0.80,15.30,74.40,
2011,139,2,9.1,10.33,96.00,4189.00,57.70,2.00,89.00,5.53,89.00,0.10,92.28,2147528.00,2.90,3.10,0.80,15.70,74.30,
2010,153,2,9,983.25,98.00,193.00,56.90,2.00,94.00,5.83,94.00,0.10,8297.48,2246871.00,3.00,3.20,0.80,15.80,73.40,
2009,158,2,10.4,14.96,95.00,8.00,56.30,3.00,95.00,5.56,95.00,0.10,822.18,2367487.00,3.00,3.30,0.80,15.40,73.10,
2008,159,2,11.9,128.08,97.00,12.00,55.60,3.00,95.00,5.33,96.00,0.10,1136.47,2537875.00,3.10,3.50,0.78,14.70,73.10,
2007,154,3,10.6,919.17,99.00,353.00,55.00,3.00,96.00,5.21,96.00,0.10,8214.19,2882982.00,3.20,3.60,0.77,14.10,72.90,
2006,157,3,8.51,665.64,99.00,3196.00,54.40,4.00,97.00,5.60,97.00,0.10,5828.75,2119376.00,3.20,3.70,0.76,13.70,72.50,
2005,162,3,7.68,615.40,98.00,5043.00,53.90,4.00,97.00,5.47,97.00,0.10,4676.32,21319685.00,3.30,3.80,0.75,13.40,71.90,
2004,165,4,9.82,431.33,99.00,117.00,53.40,4.00,97.00,5.43,97.00,0.10,3552.92,21451748.00,3.40,3.90,0.73,12.90,71.70,
2003,174,4,8.78,375.17,98.00,9.00,52.90,4.00,97.00,5.30,97.00,0.10,2774.96,21574326.00,3.50,4.00,0.72,12.50,71.10,
2002,178,4,9.62,37.82,99.00,14.00,52.40,5.00,98.00,4.57,98.00,0.10,2124.87,2173496.00,3.70,4.10,0.71,12.00,77.00,
2001,179,4,9.78,180.11,98.00,10.00,51.90,5.00,99.00,4.36,99.00,0.10,1839.73,2213197.00,3.80,4.20,0.71,11.70,78.00,
2000,175,4,10.16,152.64,98.00,35.00,51.40,5.00,99.00,4.33,99.00,0.10,1668.16,22442971.00,4.00,4.30,0.70,11.50,77.00,
2015,222,13,null,0.00,97.00,843.00,6.50,15.00,97.00,null,97.00,0.10,9329.30,1449687.00,2.30,2.30,0.81,15.00,75.00,
2014,225,13,10.12,1340.55,97.00,4711.00,59.90,15.00,97.00,7.70,97.00,0.10,14125.96,143819666.00,2.30,2.30,0.80,14.90,73.00,
2013,229,14,10.58,1529.50,97.00,2339.00,59.30,16.00,98.00,7.90,97.00,0.20,15543.68,14356911.00,2.30,2.30,0.80,14.60,70.00,
2012,237,14,10.99,178.82,97.00,2123.00,58.70,16.00,98.00,6.88,97.00,0.30,15154.46,14321676.00,2.30,2.40,0.79,14.30,69.60,
2011,242,14,11.04,184.76,97.00,629.00,58.10,17.00,97.00,6.61,97.00,0.30,14212.69,14296868.00,2.30,2.40,0.79,14.00,69.40,
2010,256,15,11.05,162.81,97.00,129.00,57.50,17.00,98.00,6.83,97.00,0.20,1674.99,142849449.00,2.30,2.50,0.77,13.70,68.40,
2009,261,15,11.21,137.01,98.00,101.00,57.00,18.00,98.00,7.44,98.00,0.30,8562.90,142785342.00,2.30,2.50,0.78,14.00,68.20,
2008,278,16,12.04,161.73,98.00,27.00,56.60,18.00,98.00,6.22,98.00,0.30,11635.26,14274235.00,2.30,2.50,0.77,13.90,67.50,
2007,282,16,12.19,11.03,98.00,173.00,56.10,19.00,98.00,5.38,98.00,0.30,911.25,1428588.00,2.40,2.60,0.76,13.80,67.30,
2006,3,17,11.79,12.25,98.00,1147.00,55.70,20.00,98.00,5.30,98.00,0.30,692.19,14349528.00,2.40,2.70,0.75,13.80,66.40,
2005,327,18,11.57,625.51,97.00,454.00,55.30,20.00,98.00,5.21,98.00,0.30,5323.47,143518523.00,2.40,2.70,0.75,13.70,65.00,
2004,321,19,11.5,46.52,96.00,2444.00,55.00,21.00,98.00,5.19,97.00,0.30,412.37,1446754.00,2.50,2.80,0.74,13.60,64.90,
2003,322,20,11.32,333.21,94.00,3291.00,54.70,22.00,97.00,5.61,96.00,0.40,2975.13,144648257.00,2.60,2.80,0.73,13.20,64.60,
2002,313,20,10.87,266.54,81.00,580.00,54.50,24.00,97.00,5.99,97.00,0.30,2375.59,1453646.00,2.70,2.90,0.73,12.80,64.80,
2001,38,21,10.47,2.64,43.00,2072.00,54.20,25.00,97.00,5.67,96.00,0.30,21.36,14597683.00,2.80,3.00,0.72,12.50,65.10,
2000,37,22,10.18,224.46,null,4800.00,54.00,26.00,97.00,5.42,96.00,0.20,1771.59,146596557.00,2.90,3.00,0.71,12.10,65.00,
2015,227,11,null,0.00,98.00,1.00,21.40,15.00,99.00,null,98.00,0.40,71.35,11629553.00,5.70,5.70,0.49,10.80,66.10,
2014,23,12,0.01,7.55,98.00,10.00,2.80,16.00,98.00,7.53,98.00,0.40,76.57,11345357.00,5.80,5.80,0.49,10.80,65.70,
2013,233,12,0.01,11.71,98.00,17.00,2.10,17.00,98.00,7.69,98.00,0.50,688.88,1165151.00,5.90,5.90,0.48,10.80,65.20,
2012,239,13,0.01,9.77,98.00,75.00,19.50,18.00,98.00,7.68,98.00,0.70,678.80,1788853.00,6.10,6.10,0.47,10.50,64.60,
2011,247,14,8.34,9.07,97.00,31.00,18.90,20.00,93.00,7.71,97.00,1.30,617.32,151671.00,6.30,6.20,0.46,10.20,63.80,
2010,26,16,7.92,63.79,97.00,121.00,18.30,23.00,93.00,7.91,97.00,2.30,563.49,1246842.00,6.50,6.30,0.45,10.00,62.80,
2009,288,17,7.11,9.17,97.00,5.00,17.70,25.00,93.00,7.20,97.00,2.80,539.15,9977446.00,6.60,6.40,0.45,10.20,61.00,
2008,282,18,6.39,0.66,97.00,6.00,17.10,28.00,97.00,7.66,97.00,3.70,5.67,978169.00,6.70,6.60,0.44,10.40,68.00,
2007,295,20,6.78,7.41,97.00,26.00,16.50,30.00,98.00,8.49,97.00,5.00,44.85,944742.00,6.80,6.70,0.42,10.10,59.60,
2006,328,22,6.88,78.47,99.00,494.00,15.90,34.00,99.00,1.20,99.00,6.20,342.37,92658.00,6.80,6.80,0.40,9.30,57.60,
2005,37,24,7.01,39.45,95.00,129.00,15.40,38.00,95.00,6.83,95.00,7.10,287.93,8991735.00,6.80,7.00,0.39,8.80,55.30,
2004,397,26,6.75,31.94,89.00,386.00,14.90,42.00,89.00,6.24,89.00,7.70,236.91,8818438.00,6.90,7.10,0.37,8.20,53.40,
2003,48,29,6.66,33.30,96.00,1064.00,14.50,46.00,96.00,6.34,96.00,8.10,212.66,868346.00,7.00,7.30,0.36,7.60,52.00,
2002,415,31,7.82,1.97,88.00,2738.00,14.10,50.00,85.00,4.18,88.00,8.00,196.60,853625.00,7.20,7.40,0.34,7.20,57.00,
2001,438,33,5.72,0.39,null,896.00,13.70,54.00,76.00,4.38,77.00,8.10,21.57,832946.00,7.40,7.50,0.33,7.10,48.60,
2000,426,34,7.13,18.42,null,2095.00,13.20,57.00,9.00,4.22,9.00,8.50,216.17,82573.00,7.60,7.70,0.32,6.60,48.30,
2013,null,0,8.54,0.00,97.00,0.00,5.20,0.00,96.00,6.14,96.00,0.10,null,null,3.70,3.60,0.75,13.40,null,
2015,138,0,null,0.00,99.00,0.00,47.50,0.00,99.00,null,99.00,0.10,null,null,4.30,4.30,0.73,13.10,75.20,
2014,139,0,9.97,0.00,99.00,0.00,46.70,0.00,99.00,6.72,99.00,0.10,null,null,4.30,4.30,0.72,13.10,75.00,
2013,141,0,9.73,0.00,99.00,0.00,45.90,0.00,99.00,7.85,99.00,0.10,null,null,4.30,4.30,0.73,13.10,74.80,
2012,142,0,9.99,0.00,98.00,0.00,45.20,0.00,98.00,8.35,98.00,0.10,null,null,4.30,4.30,0.73,13.00,74.70,
2011,143,0,10.43,0.00,99.00,0.00,44.50,0.00,99.00,7.58,99.00,0.10,null,null,4.30,4.30,0.73,12.90,74.60,
2010,147,0,10.87,0.00,97.00,0.00,43.80,0.00,97.00,8.10,97.00,0.10,null,null,4.30,4.30,0.72,12.80,74.20,
2009,147,0,11.09,0.00,95.00,0.00,43.00,0.00,95.00,8.12,95.00,0.10,null,null,4.30,4.40,0.72,12.70,74.30,
2008,149,0,12.09,0.00,96.00,0.00,42.20,0.00,96.00,7.43,96.00,0.10,null,null,4.30,4.40,0.71,12.60,74.10,
2007,151,0,12.68,0.00,99.00,0.00,41.30,0.00,99.00,6.81,99.00,0.10,null,null,4.30,4.40,0.71,12.80,73.90,
2006,155,0,13.45,0.00,85.00,0.00,4.40,0.00,85.00,6.37,85.00,0.10,null,null,4.30,4.40,0.69,12.40,73.50,
2005,16,0,12.32,0.00,95.00,0.00,39.60,0.00,95.00,6.25,95.00,0.20,null,null,4.40,4.40,0.69,12.20,73.10,
2004,166,0,11.93,0.00,91.00,0.00,39.00,0.00,91.00,6.20,91.00,0.20,null,null,4.40,4.40,0.69,12.30,72.60,
2003,171,0,12.55,0.00,84.00,0.00,38.40,0.00,91.00,6.10,9.00,0.20,null,null,4.40,4.40,0.68,12.40,72.20,
2002,174,0,11.85,0.00,14.00,0.00,37.90,0.00,9.00,6.33,74.00,0.10,null,null,4.40,4.50,0.68,12.50,72.00,
2001,178,0,12.03,0.00,null,0.00,37.30,0.00,99.00,6.10,99.00,0.30,null,null,4.50,4.50,0.68,12.60,71.80,
2000,183,0,11.69,0.00,null,0.00,36.80,0.00,7.00,5.53,7.00,0.40,null,null,4.50,4.50,0.00,12.80,71.60,
2015,156,0,null,0.00,98.00,0.00,54.10,0.00,97.00,null,98.00,0.10,null,null,3.50,3.40,0.72,13.30,73.20,
2014,157,0,7.01,0.00,98.00,0.00,53.10,0.00,97.00,8.63,98.00,0.10,null,null,3.50,3.40,0.72,13.30,73.10,
2013,161,0,7.07,0.00,97.00,0.00,52.20,0.00,97.00,5.21,97.00,0.10,null,null,3.50,3.40,0.72,13.30,72.70,
2012,159,0,6.93,0.00,96.00,0.00,51.20,0.00,96.00,8.48,96.00,0.10,null,null,3.50,3.50,0.71,13.30,72.80,
2011,16,0,7.02,0.00,96.00,0.00,5.30,0.00,96.00,4.99,96.00,0.10,null,null,3.50,3.50,0.71,13.30,72.70,
2010,162,0,7,0.00,99.00,0.00,49.30,0.00,99.00,4.71,99.00,0.10,null,null,3.50,3.50,0.71,13.30,72.50,
2009,165,0,6.85,0.00,99.00,0.00,48.40,0.00,99.00,5.13,99.00,0.20,null,null,3.60,3.50,0.71,13.30,72.30,
2008,167,0,6.92,0.00,99.00,0.00,47.50,0.00,99.00,4.70,99.00,0.30,null,null,3.60,3.60,0.70,13.30,72.10,
2007,17,0,5.89,0.00,99.00,0.00,46.60,0.00,99.00,3.92,99.00,0.30,null,null,3.60,3.60,0.70,13.30,71.90,
2006,173,0,5.93,0.00,99.00,0.00,45.70,0.00,99.00,3.88,99.00,0.30,null,null,3.70,3.60,0.69,13.30,71.70,
2005,177,0,6.04,0.00,99.00,0.00,44.70,0.00,93.00,3.66,99.00,0.20,null,null,3.70,3.70,0.69,13.30,71.40,
2004,181,0,5.42,0.00,99.00,0.00,43.80,0.00,99.00,3.72,99.00,0.40,null,null,3.80,3.70,0.69,13.20,71.20,
2003,184,0,5.1,0.00,31.00,0.00,42.90,0.00,99.00,3.91,99.00,0.40,null,null,3.80,3.80,0.68,13.00,71.00,
2002,186,0,4.94,0.00,null,0.00,42.00,0.00,99.00,3.93,99.00,0.40,null,null,3.90,3.80,0.68,12.90,79.00,
2001,186,0,4.73,0.00,null,0.00,41.00,0.00,99.00,3.64,99.00,0.70,null,null,3.90,3.90,0.67,12.80,79.00,
2000,186,0,4.8,0.00,null,0.00,4.10,0.00,99.00,3.73,98.00,0.70,null,null,4.00,3.90,0.00,12.70,79.00,
2015,125,0,null,0.00,59.00,0.00,74.70,0.00,61.00,null,66.00,0.10,4149.36,193759.00,0.20,0.10,0.70,12.90,74.00,
2014,128,0,0.01,660.28,56.00,0.00,74.30,0.00,58.00,7.22,63.00,0.10,4178.97,19229.00,0.20,0.10,0.70,12.90,73.80,
2013,131,0,0.01,698.35,6.00,0.00,73.80,0.00,62.00,6.91,67.00,0.10,4219.65,19757.00,0.20,0.10,0.70,12.90,73.60,
2012,136,0,0.01,492.06,64.00,1.00,73.40,0.00,62.00,5.20,64.00,0.10,4234.55,189194.00,0.20,0.10,0.70,12.90,73.20,
2011,139,0,2.15,558.72,58.00,0.00,72.90,0.00,6.00,5.80,65.00,0.10,3942.98,187665.00,0.20,0.10,0.69,12.90,73.00,
2010,144,0,3.01,434.79,57.00,8.00,72.50,0.00,57.00,5.70,62.00,0.10,3453.49,18625.00,0.20,0.20,0.69,12.90,72.60,
2009,172,0,2.88,42.12,44.00,0.00,72.00,0.00,45.00,5.40,49.00,0.10,335.11,184826.00,0.20,0.20,0.69,12.90,76.00,
2008,146,0,3.97,47.35,12.00,0.00,71.40,0.00,54.00,4.52,26.00,0.10,359.82,183526.00,0.20,0.20,0.69,12.90,72.50,
2007,149,0,3.85,47.74,46.00,0.00,7.90,0.00,49.00,5.25,53.00,0.10,322.54,182286.00,0.20,0.20,0.68,12.90,72.20,
2006,153,0,3.52,40.23,35.00,0.00,7.30,0.00,37.00,4.68,39.00,0.10,287.96,18194.00,0.20,0.20,0.68,12.70,72.00,
2005,16,0,3.63,287.47,41.00,0.00,69.70,0.00,55.00,4.47,49.00,0.10,2571.26,179929.00,0.20,0.20,0.67,12.60,71.60,
2004,162,0,3.62,310.61,54.00,0.00,68.90,0.00,26.00,4.45,55.00,0.10,2351.34,178781.00,0.20,0.20,0.67,12.40,71.40,
2003,169,0,4.17,25.00,83.00,0.00,68.20,0.00,82.00,4.71,83.00,0.10,197.29,177662.00,0.20,0.20,0.66,12.30,79.00,
2002,174,0,3.3,208.17,86.00,0.00,67.40,0.00,85.00,5.10,86.00,0.10,1631.42,176582.00,0.20,0.20,0.65,12.10,76.00,
2001,175,0,3.43,199.41,89.00,0.00,66.50,0.00,83.00,5.16,85.00,0.10,1555.47,175566.00,0.20,0.20,0.65,12.00,75.00,
2000,18,0,3,21.25,89.00,0.00,65.60,0.00,94.00,5.31,95.00,0.10,154.69,17461.00,0.20,0.20,0.64,12.10,72.00,
2013,null,0,0.01,0.00,69.00,0.00,null,0.00,69.00,6.50,69.00,0.10,null,null,null,null,null,15.10,null,
2015,19,0,null,0.00,96.00,0.00,3.90,0.00,96.00,null,96.00,0.20,1624.64,195553.00,5.50,5.30,0.56,11.20,67.50,
2014,191,0,0.01,225.73,95.00,0.00,3.10,0.00,95.00,8.35,95.00,0.20,1821.88,191266.00,5.60,5.40,0.56,11.10,67.30,
2013,192,0,0.01,200.66,97.00,0.00,29.30,0.00,97.00,9.76,97.00,0.20,1619.53,18745.00,5.70,5.50,0.56,11.00,67.10,
2012,194,0,0.01,8.20,96.00,0.00,28.50,0.00,96.00,8.60,96.00,0.50,138.95,182889.00,5.90,5.70,0.55,10.80,66.90,
2011,198,0,5.69,7.50,96.00,0.00,27.70,0.00,96.00,5.44,96.00,0.50,134.33,1788.00,6.00,5.90,0.55,10.60,66.60,
2010,24,0,5.58,63.04,98.00,0.00,26.90,0.00,98.00,5.24,98.00,0.50,1129.75,174776.00,6.10,6.00,0.54,10.60,66.20,
2009,21,0,4.13,11.14,98.00,0.00,26.20,0.00,99.00,6.65,98.00,0.90,199.57,17813.00,6.30,6.20,0.53,10.10,65.80,
2008,215,0,4.36,62.86,99.00,0.00,25.40,0.00,99.00,5.66,99.00,0.90,1126.46,166913.00,6.50,6.40,0.53,10.40,65.40,
2007,217,0,4.14,49.94,87.00,0.00,24.70,0.00,98.00,7.44,97.00,1.20,894.93,16311.00,6.70,6.60,0.53,10.30,65.10,
2006,22,0,5.46,47.09,75.00,0.00,24.00,0.00,97.00,7.84,97.00,1.20,843.89,159328.00,6.90,6.80,0.52,10.20,64.70,
2005,222,0,5.27,10.81,96.00,0.00,23.40,0.00,97.00,1.40,97.00,1.60,81.86,15563.00,7.00,7.00,0.51,10.00,64.30,
2004,224,0,5.78,9.01,7.00,0.00,22.80,0.00,99.00,9.94,96.00,1.60,693.35,151969.00,7.20,7.20,0.51,9.80,63.80,
2003,225,0,6.54,86.43,43.00,0.00,22.20,0.00,94.00,11.12,94.00,1.60,649.34,148372.00,7.40,7.40,0.50,9.70,63.40,
2002,226,0,5.8,50.80,null,0.00,21.70,0.00,92.00,1.21,92.00,1.40,555.82,144889.00,7.60,7.60,0.50,9.60,63.10,
2001,225,0,5.02,3.84,null,0.00,21.10,0.00,9.00,1.28,92.00,1.50,51.22,141622.00,7.80,7.80,0.50,9.40,62.80,
2000,224,0,5.07,0.00,null,0.00,2.70,0.00,87.00,8.86,82.00,1.50,null,13866.00,8.00,8.10,0.49,9.30,62.60,
2015,88,7,null,0.00,98.00,219.00,68.20,8.00,97.00,null,98.00,0.10,2732.86,null,7.80,7.60,0.84,16.10,74.50,
2014,88,7,0.09,2017.64,98.00,154.00,67.30,9.00,98.00,4.68,98.00,0.10,24575.43,null,7.70,7.50,0.84,15.80,74.40,
2013,89,8,0.09,2047.11,98.00,1164.00,66.40,9.00,98.00,4.25,98.00,0.10,24934.39,null,7.60,7.50,0.83,15.20,74.30,
2012,9,8,0.09,196.38,98.00,294.00,65.60,9.00,98.00,3.86,98.00,0.10,2533.95,null,7.50,7.40,0.82,14.50,74.10,
2011,92,8,0.09,173.58,98.00,362.00,64.70,9.00,98.00,3.57,98.00,0.10,2377.75,null,7.40,7.40,0.80,13.90,73.90,
2010,94,8,0.09,1197.95,98.00,334.00,63.90,9.00,98.00,3.49,98.00,0.10,19259.59,null,7.30,7.40,0.79,13.30,73.70,
2009,97,8,0.09,117.92,98.00,82.00,63.10,10.00,98.00,4.90,98.00,0.10,1694.29,null,7.30,7.30,0.79,13.00,73.40,
2008,98,9,0.09,15.51,98.00,158.00,62.40,10.00,98.00,2.87,98.00,0.10,237.83,null,7.20,7.30,0.78,12.80,73.30,
2007,99,9,0.1,1307.89,96.00,4648.00,61.60,10.00,96.00,3.49,96.00,0.10,16472.17,null,7.20,7.30,0.77,12.70,73.20,
2006,1,9,0.08,1395.45,96.00,807.00,6.90,10.00,96.00,3.55,96.00,0.10,15334.67,null,7.20,7.30,0.77,12.50,73.20,
2005,11,9,0.05,1117.05,97.00,373.00,6.20,10.00,96.00,3.42,96.00,0.10,13739.83,null,7.20,7.30,0.76,12.40,73.10,
2004,12,9,0.06,816.48,96.00,1880.00,59.40,11.00,96.00,3.58,96.00,0.10,11138.87,null,7.20,7.30,0.75,12.30,73.10,
2003,13,9,0.05,832.37,95.00,1208.00,58.50,11.00,95.00,4.20,95.00,0.10,9567.46,null,7.20,7.30,0.75,12.20,73.00,
2002,15,10,0.05,688.10,97.00,311.00,57.70,11.00,95.00,4.28,95.00,0.10,8655.31,null,7.30,7.30,0.75,12.10,72.90,
2001,17,10,0.05,710.50,95.00,155.00,56.90,12.00,97.00,4.49,97.00,0.10,8643.49,null,7.30,7.30,0.74,12.00,72.80,
2000,11,10,0.05,782.18,93.00,0.00,56.20,12.00,95.00,4.24,95.00,0.10,9126.95,null,7.30,7.40,0.74,11.80,72.60,
2015,188,19,null,0.00,89.00,58.00,24.30,26.00,85.00,null,89.00,0.30,98.73,14976994.00,9.50,9.30,0.49,9.50,66.70,
2014,192,19,0.26,12.81,89.00,32.00,23.80,27.00,85.00,4.66,89.00,0.30,152.44,14546111.00,9.70,9.50,0.48,9.10,66.40,
2013,196,20,0.26,11.84,92.00,17.00,23.20,28.00,89.00,4.51,92.00,0.30,148.91,141232.00,9.90,9.70,0.47,8.70,66.00,
2012,2,20,0.28,10.21,91.00,46.00,22.70,29.00,83.00,4.31,91.00,0.40,136.45,1373513.00,1.00,9.90,0.46,8.30,65.60,
2011,26,20,0.32,1.43,92.00,18.00,22.20,31.00,89.00,4.42,92.00,0.40,18.25,13391.00,1.20,1.10,0.46,7.90,64.90,
2010,212,21,0.28,1.02,89.00,428.00,21.70,32.00,76.00,4.62,89.00,0.40,11.63,12916229.00,1.40,1.30,0.45,7.70,64.30,
2009,219,21,0.3,1.18,86.00,999.00,21.20,33.00,83.00,4.81,86.00,0.50,12.57,1255917.00,1.60,1.50,0.44,7.50,63.50,
2008,225,22,0.28,1.09,88.00,6.00,2.80,34.00,87.00,4.94,88.00,0.60,11.34,1223957.00,1.80,1.70,0.44,7.10,62.80,
2007,23,22,0.32,8.31,94.00,11.00,2.30,36.00,93.00,4.72,94.00,0.70,95.40,11873557.00,11.00,1.90,0.42,6.80,62.10,
2006,236,23,0.34,10.43,89.00,3.00,19.90,38.00,89.00,5.44,89.00,0.70,89.84,11556763.00,11.20,11.10,0.42,6.60,61.30,
2005,242,23,0.33,96.04,84.00,0.00,19.50,40.00,84.00,5.35,84.00,0.70,773.87,11251266.00,11.40,11.30,0.41,6.40,65.00,
2004,247,24,0.35,66.02,54.00,31.00,19.10,42.00,87.00,5.68,87.00,0.70,733.58,1955944.00,11.60,11.50,0.41,6.20,59.70,
2003,251,25,0.33,62.22,null,1519.00,18.70,44.00,73.00,5.40,73.00,0.70,642.77,16799.00,11.80,11.70,0.40,5.90,59.00,
2002,252,25,0.36,49.74,null,18184.00,18.30,47.00,6.00,5.60,6.00,0.70,513.26,1396861.00,12.00,11.90,0.40,5.70,58.40,
2001,251,26,0.34,6.06,null,24789.00,17.90,49.00,49.00,4.98,52.00,0.60,481.29,1134497.00,12.10,12.10,0.38,5.40,57.90,
2000,25,27,0.29,5.40,null,5839.00,17.50,50.00,49.00,4.63,52.00,0.50,473.45,988452.00,12.30,12.30,0.38,5.20,57.50,
2015,121,1,null,0.00,94.00,383.00,6.00,1.00,95.00,null,95.00,0.10,5237.26,795383.00,2.00,2.00,0.78,14.40,75.60,
2014,123,1,9.09,8.62,92.00,37.00,59.40,1.00,93.00,1.37,93.00,0.10,62.17,713576.00,2.10,2.10,0.77,14.30,75.40,
2013,122,1,9.16,880.64,91.00,1.00,58.90,1.00,97.00,1.12,95.00,0.10,6353.83,7164132.00,2.10,2.10,0.77,14.10,75.30,
2012,126,1,9.38,742.51,97.00,0.00,58.30,1.00,93.00,9.89,91.00,0.10,5659.38,719977.00,2.10,2.10,0.77,14.00,74.90,
2011,127,1,9.56,915.32,94.00,370.00,57.70,1.00,94.00,9.72,94.00,0.10,6423.29,723499.00,2.20,2.20,0.76,13.50,74.60,
2010,128,1,9.65,774.44,89.00,20.00,57.00,1.00,91.00,1.90,91.00,0.10,5411.88,7291436.00,2.20,2.30,0.76,13.60,74.40,
2009,131,1,9.85,820.81,93.00,1.00,56.40,1.00,97.00,9.90,95.00,0.10,5821.35,73287.00,2.30,2.30,0.75,13.60,74.10,
2008,132,1,9.54,96.33,93.00,2.00,55.80,1.00,95.00,1.50,95.00,0.10,671.77,735222.00,2.30,2.40,0.75,13.50,74.00,
2007,132,1,9.3,772.87,99.00,201.00,55.10,1.00,93.00,1.20,94.00,0.10,5458.12,7381579.00,2.40,2.40,0.74,13.50,73.80,
2006,133,1,8.58,541.82,93.00,2.00,54.50,1.00,97.00,8.99,92.00,0.10,4129.76,7411569.00,2.50,2.50,0.74,13.40,73.60,
2005,135,1,9.6,503.11,65.00,2.00,53.90,1.00,98.00,8.70,98.00,0.10,3528.13,744769.00,2.50,2.60,0.73,13.20,73.00,
2004,134,1,7.42,462.71,89.00,11.00,53.30,1.00,96.00,8.24,88.00,0.10,3331.23,7463157.00,2.60,2.60,0.72,13.10,73.00,
2003,134,1,7.25,389.75,null,15.00,52.80,1.00,89.00,8.13,89.00,0.10,2832.50,748591.00,2.70,2.70,0.71,13.00,73.00,
2002,133,1,6.95,292.61,null,63.00,52.20,1.00,95.00,8.90,95.00,0.10,2149.99,7496522.00,2.70,2.80,0.71,13.20,72.90,
2001,135,1,7.53,222.51,null,35.00,51.70,1.00,93.00,6.89,93.00,0.10,1634.88,753433.00,2.80,2.80,0.71,13.10,73.10,
2000,141,1,7.38,11.86,null,38.00,51.20,2.00,98.00,6.53,95.00,0.10,87.14,7516346.00,2.80,2.90,0.70,13.00,72.60,
2015,168,0,null,0.00,98.00,0.00,37.40,0.00,97.00,null,97.00,0.10,1539.46,93419.00,5.70,6.00,0.78,14.10,73.20,
2014,17,0,0.01,151.10,99.00,0.00,36.20,0.00,99.00,3.37,99.00,0.10,1557.78,91359.00,5.70,6.00,0.77,13.20,73.00,
2013,172,0,0.01,1521.67,99.00,0.00,35.50,0.00,98.00,3.58,98.00,0.10,15687.35,89949.00,5.70,6.10,0.76,13.50,72.90,
2012,174,0,0.01,177.26,99.00,0.00,34.80,0.00,98.00,4.80,98.00,0.10,12845.17,8833.00,5.70,6.10,0.76,13.50,72.70,
2011,177,0,9.72,1121.48,99.00,0.00,34.20,0.00,99.00,3.38,99.00,0.10,12189.95,87441.00,5.70,6.10,0.74,13.30,72.60,
2010,18,0,6.51,16.49,99.00,0.00,33.50,0.00,99.00,3.59,99.00,0.10,184.68,8977.00,5.80,6.20,0.74,13.20,72.40,
2009,182,0,4.94,75.23,99.00,0.00,32.40,0.00,99.00,2.64,99.00,0.10,976.96,87298.00,5.80,6.20,0.74,13.20,72.30,
2008,184,0,6.33,701.85,99.00,0.00,31.80,0.00,99.00,2.64,99.00,0.10,11122.86,86956.00,5.90,6.30,0.74,13.20,72.20,
2007,185,0,8.12,916.47,99.00,1.00,31.20,0.00,99.00,3.30,99.00,0.10,12154.83,8533.00,5.90,6.30,0.73,13.10,72.20,
2006,185,0,8.12,102.37,99.00,10.00,3.70,0.00,99.00,3.73,99.00,0.10,1214.40,846.00,5.90,6.30,0.73,13.10,72.20,
2005,185,0,7.82,21.47,99.00,0.00,3.10,0.00,99.00,3.91,99.00,0.10,1192.52,82858.00,6.00,6.40,0.71,12.10,72.20,
2004,186,0,7.91,12.94,99.00,0.00,29.20,0.00,99.00,4.17,99.00,0.10,1176.66,82475.00,6.00,6.40,0.71,12.30,72.10,
2003,185,0,7.41,843.12,99.00,0.00,28.70,0.00,99.00,4.64,99.00,0.10,8524.96,82781.00,6.10,6.50,0.71,12.10,72.10,
2002,186,0,11.15,562.36,99.00,0.00,28.10,0.00,99.00,4.21,99.00,0.10,8331.26,83723.00,6.10,6.60,0.71,12.10,72.10,
2001,187,0,6.72,643.70,96.00,0.00,27.60,0.00,96.00,4.45,96.00,0.10,7663.14,8122.00,6.20,6.60,0.71,12.20,72.00,
2000,188,0,8.24,601.76,98.00,0.00,27.10,0.00,98.00,4.62,98.00,0.10,7578.85,81131.00,6.30,6.70,0.00,12.30,71.80,
2015,413,22,null,0.00,86.00,607.00,24.40,30.00,86.00,null,86.00,0.50,587.54,723725.00,7.40,7.30,0.43,9.50,51.00,
2014,463,23,0.01,1.44,83.00,1006.00,23.80,32.00,83.00,11.90,83.00,0.60,78.44,779162.00,7.50,7.40,0.43,9.50,48.10,
2013,47,23,0.01,1.32,92.00,15.00,23.30,33.00,92.00,11.59,92.00,0.80,71.82,692279.00,7.70,7.60,0.41,9.30,54.00,
2012,411,25,0.01,54.56,91.00,678.00,22.70,35.00,91.00,11.24,91.00,0.90,561.90,676613.00,7.90,7.80,0.40,9.10,49.70,
2011,418,26,3.78,54.67,89.00,1865.00,22.20,38.00,88.00,11.98,89.00,1.30,445.52,6611692.00,8.10,8.00,0.39,8.90,48.90,
2010,424,27,3.84,5.35,86.00,1089.00,21.70,40.00,84.00,1.32,86.00,1.60,45.13,645872.00,8.30,8.20,0.38,8.70,48.10,
2009,433,28,3.97,49.84,84.00,31.00,21.20,42.00,81.00,13.13,84.00,1.70,394.59,63126.00,8.50,8.40,0.38,8.50,47.10,
2008,441,29,3.91,5.38,77.00,44.00,2.70,44.00,75.00,1.29,77.00,1.90,46.38,6165372.00,8.70,8.70,0.37,8.30,46.20,
2007,45,29,3.86,45.57,63.00,0.00,2.20,45.00,63.00,1.12,64.00,2.20,358.83,615417.00,8.90,8.90,0.36,8.20,45.30,
2006,464,30,3.8,38.00,null,33.00,19.70,46.00,65.00,1.68,64.00,2.20,322.31,5848692.00,9.10,9.10,0.35,8.00,44.30,
2005,48,30,3.83,42.09,null,29.00,19.20,47.00,67.00,12.25,65.00,2.20,287.69,5658379.00,9.30,9.30,0.34,7.80,43.30,
2004,496,30,3.99,38.52,null,7.00,18.80,47.00,69.00,11.66,65.00,2.10,263.15,5439695.00,9.50,9.50,0.33,7.60,42.30,
2003,57,30,4.07,38.61,null,586.00,18.40,47.00,66.00,11.69,73.00,1.90,263.76,5199549.00,9.70,9.80,0.32,7.40,41.50,
2002,513,30,4.06,36.59,null,568.00,17.90,48.00,54.00,11.96,53.00,1.70,249.94,4957216.00,9.90,1.00,0.31,7.20,48.00,
2001,519,30,4.21,33.35,null,649.00,17.50,48.00,38.00,11.83,38.00,1.50,227.78,4739147.00,1.10,1.20,0.30,7.00,41.00,
2000,533,29,3.97,20.40,null,3575.00,17.20,48.00,46.00,13.63,44.00,1.20,139.31,4564297.00,1.30,1.40,0.29,6.70,39.00,
2015,55,0,1.79,0.00,96.00,0.00,33.20,0.00,96.00,null,96.00,0.10,53629.74,null,2.20,2.20,0.92,15.40,83.10,
2014,56,0,1.83,7971.65,96.00,0.00,32.90,0.00,96.00,4.92,96.00,0.10,56336.72,null,2.20,2.20,0.92,15.40,82.90,
2013,57,0,1.83,714.34,97.00,138.00,32.70,0.00,97.00,4.53,97.00,0.10,5629.19,null,2.20,2.20,0.92,15.40,82.70,
2012,59,0,1.89,6041.86,97.00,42.00,32.40,0.00,97.00,4.22,97.00,0.10,54431.16,null,2.20,2.10,0.92,15.40,82.50,
2011,6,0,1.8,638.00,96.00,148.00,32.10,0.00,96.00,3.93,96.00,0.10,53166.68,null,2.10,2.10,0.91,15.20,82.20,
2010,61,0,1.84,4540.54,96.00,50.00,31.80,0.00,96.00,3.96,96.00,0.10,46569.68,null,2.10,2.10,0.89,14.50,82.00,
2009,62,0,1.73,462.93,96.00,16.00,31.50,0.00,97.00,4.27,97.00,0.10,38577.56,null,2.10,2.10,0.89,14.40,81.70,
2008,64,0,1.7,3404.13,97.00,18.00,31.20,0.00,97.00,3.91,97.00,0.10,39721.48,null,2.10,2.10,0.88,14.20,81.40,
2007,65,0,1.6,3082.97,96.00,15.00,3.90,0.00,97.00,3.46,97.00,0.10,39223.58,null,2.10,2.00,0.87,14.10,81.10,
2006,66,0,1.55,2639.38,95.00,23.00,3.50,0.00,95.00,3.66,95.00,0.10,33579.86,null,2.10,2.00,0.84,13.90,87.00,
2005,69,0,1.49,2356.73,96.00,33.00,3.20,0.00,96.00,3.74,96.00,0.10,29869.85,null,2.10,2.00,0.82,12.60,82.00,
2004,71,0,1.45,204.25,94.00,96.00,29.90,0.00,95.00,3.17,95.00,0.10,2745.27,null,2.10,2.00,0.82,12.70,79.70,
2003,73,0,1.43,2263.07,95.00,33.00,29.60,0.00,96.00,3.63,96.00,0.10,23573.63,null,2.10,2.00,0.82,12.70,79.30,
2002,74,0,2.16,142.10,95.00,211.00,29.20,0.00,94.00,2.84,94.00,0.10,2216.83,null,2.10,2.00,0.82,12.60,79.00,
2001,76,0,2.08,1003.37,95.00,408.00,28.90,0.00,95.00,2.37,96.00,0.10,21577.78,null,2.10,2.00,0.82,12.70,78.70,
2000,78,0,2.03,1855.83,97.00,141.00,28.50,0.00,98.00,2.71,98.00,0.10,23792.68,null,2.10,2.00,0.81,12.50,78.30,
2015,19,0,null,0.00,96.00,1.00,59.10,0.00,96.00,null,96.00,0.10,null,null,1.20,1.20,0.84,15.00,76.70,
2014,113,0,10.6,0.00,97.00,0.00,58.40,0.00,97.00,8.50,97.00,0.10,null,null,1.20,1.20,0.84,15.10,76.40,
2013,114,0,9.89,0.00,98.00,0.00,57.80,0.00,98.00,8.00,98.00,0.10,null,null,1.20,1.30,0.84,15.00,76.10,
2012,118,0,10.12,0.00,99.00,0.00,57.20,0.00,99.00,8.15,99.00,0.10,null,null,1.20,1.30,0.83,15.00,75.80,
2011,122,0,10.24,0.00,99.00,0.00,56.50,0.00,99.00,7.96,99.00,0.10,null,null,1.20,1.30,0.83,15.00,75.60,
2010,124,0,10.13,0.00,99.00,0.00,55.90,0.00,99.00,8.51,99.00,0.10,null,null,1.30,1.30,0.82,15.00,75.10,
2009,131,0,10.63,0.00,99.00,0.00,55.30,0.00,99.00,9.15,99.00,0.10,null,null,1.30,1.40,0.82,14.90,75.00,
2008,136,0,11.37,0.00,99.00,0.00,54.80,0.00,99.00,8.20,99.00,0.10,null,null,1.30,1.40,0.81,14.80,74.70,
2007,14,0,10.58,0.00,99.00,0.00,54.20,0.00,99.00,7.76,99.00,0.10,null,null,1.30,1.40,0.80,14.50,74.40,
2006,138,0,10.28,0.00,99.00,0.00,53.70,0.00,99.00,7.35,99.00,0.10,null,null,1.40,1.50,0.79,14.30,74.30,
2005,141,0,10.81,0.00,99.00,0.00,53.10,0.00,99.00,7.40,99.00,0.10,null,null,1.40,1.50,0.78,14.00,74.00,
2004,138,0,10.03,0.00,99.00,2.00,52.60,0.00,99.00,7.21,99.00,0.10,null,null,1.40,1.50,0.78,13.80,74.10,
2003,144,0,9.85,0.00,99.00,1.00,52.10,0.00,98.00,5.82,99.00,0.10,null,null,1.50,1.60,0.77,13.60,73.80,
2002,145,0,10.78,0.00,99.00,0.00,51.60,0.00,98.00,5.63,99.00,0.10,null,null,1.50,1.60,0.76,13.30,73.70,
2001,145,0,10.73,0.00,99.00,0.00,51.10,1.00,99.00,5.50,99.00,0.10,null,null,1.50,1.60,0.76,13.30,73.30,
2000,147,0,11.06,0.00,98.00,0.00,5.70,1.00,98.00,5.50,99.00,0.10,null,null,1.60,1.70,0.76,13.00,73.00,
2015,74,0,null,0.00,null,18.00,6.10,0.00,95.00,null,95.00,0.10,2729.86,263531.00,1.40,1.30,0.89,17.30,88.00,
2014,76,0,10.46,31.13,null,52.00,59.50,0.00,95.00,9.23,95.00,0.10,242.67,26198.00,1.40,1.40,0.89,17.60,87.00,
2013,78,0,9.53,259.78,null,1.00,58.90,0.00,95.00,9.29,95.00,0.10,2315.32,259953.00,1.40,1.40,0.88,16.80,85.00,
2012,81,0,10.95,3283.02,null,2.00,58.20,0.00,96.00,9.37,96.00,0.10,22486.47,257159.00,1.50,1.50,0.88,16.80,82.00,
2011,84,0,10.61,3343.03,null,22.00,57.60,0.00,96.00,9.80,96.00,0.10,24985.25,252843.00,1.60,1.60,0.88,17.00,79.80,
2010,87,0,10.32,3187.50,null,2.00,57.00,0.00,96.00,9.70,96.00,0.10,23437.47,248583.00,1.60,1.60,0.87,16.90,79.50,
2009,9,0,10.52,3505.39,null,0.00,56.40,0.00,96.00,9.38,96.00,0.10,24633.80,239669.00,1.70,1.70,0.87,16.90,79.10,
2008,96,0,10.94,392.96,null,0.00,55.80,0.00,97.00,8.47,97.00,0.10,2751.81,221316.00,1.70,1.70,0.87,16.90,78.90,
2007,12,0,11.02,3256.72,null,0.00,55.20,0.00,97.00,7.98,97.00,0.10,23841.32,218122.00,1.80,1.80,0.86,16.80,78.30,
2006,17,0,12.26,2724.18,null,0.00,54.70,0.00,97.00,8.42,97.00,0.10,19726.13,26868.00,1.80,1.90,0.86,16.70,78.10,
2005,14,0,11.14,2503.71,null,0.00,54.10,0.00,95.00,8.50,95.00,0.10,18169.19,2474.00,1.90,2.00,0.85,16.30,77.50,
2004,113,0,10,235.38,null,0.00,53.50,0.00,94.00,8.47,94.00,0.10,1726.92,199712.00,2.00,2.00,0.85,16.60,77.20,
2003,119,0,11.58,203.33,null,0.00,52.90,0.00,95.00,8.77,95.00,0.10,1488.47,1995733.00,2.00,2.10,0.84,16.10,76.50,
2002,117,0,9.29,1617.47,null,0.00,52.30,0.00,93.00,8.62,93.00,0.10,11815.00,199453.00,2.10,2.20,0.83,15.60,76.60,
2001,124,0,10.8,196.30,null,0.00,51.80,0.00,93.00,8.57,92.00,0.10,1479.30,19926.00,2.20,2.20,0.82,14.70,76.20,
2000,122,0,11.9,161.45,null,0.00,51.20,0.00,93.00,8.26,91.00,0.10,1227.74,1988925.00,2.20,2.30,0.82,14.60,76.00,
2015,177,0,null,0.00,98.00,0.00,5.50,0.00,99.00,null,98.00,0.10,1922.41,587482.00,1.10,1.20,0.51,9.60,69.20,
2014,183,0,0.01,3.72,88.00,0.00,49.70,0.00,94.00,5.50,88.00,0.10,29.65,57554.00,1.10,1.20,0.51,9.60,68.80,
2013,182,0,0.01,24.73,94.00,0.00,48.90,0.00,99.00,5.42,94.00,0.10,188.52,563513.00,1.10,1.20,0.51,9.50,68.80,
2012,184,0,0.01,247.95,99.00,0.00,48.10,0.00,99.00,5.48,99.00,0.10,1858.69,551531.00,1.20,1.20,0.51,9.40,68.70,
2011,186,0,0.99,229.67,99.00,0.00,47.20,0.00,99.00,5.80,99.00,0.10,1642.84,539614.00,1.20,1.20,0.50,9.40,68.50,
2010,188,0,1.1,29.52,9.00,0.00,46.40,0.00,94.00,7.47,9.00,0.10,1272.45,52779.00,1.20,1.20,0.49,9.30,68.30,
2009,192,0,1.21,244.40,92.00,0.00,45.50,0.00,98.00,7.92,92.00,0.10,1158.28,51679.00,1.20,1.20,0.49,9.30,68.10,
2008,193,0,1.09,19.75,89.00,0.00,44.70,0.00,94.00,5.97,89.00,0.10,125.79,54477.00,1.20,1.20,0.49,9.20,68.00,
2007,2,0,0.85,28.90,9.00,0.00,43.80,0.00,93.00,6.42,9.00,0.10,146.93,49294.00,1.20,1.20,0.48,9.00,67.60,
2006,2,0,0.99,240.49,99.00,0.00,43.00,0.00,99.00,6.66,99.00,0.10,948.66,481422.00,1.30,1.30,0.47,8.40,67.60,
2005,24,0,0.9,25.31,83.00,0.00,42.10,0.00,9.00,7.83,89.00,0.10,88.87,469885.00,1.30,1.30,0.47,8.30,67.40,
2004,29,0,1.18,195.53,81.00,0.00,41.30,0.00,89.00,5.64,9.00,0.10,818.44,458324.00,1.30,1.30,0.46,8.10,67.10,
2003,215,0,1.18,16.83,79.00,0.00,4.40,0.00,84.00,6.00,84.00,0.10,744.77,446769.00,1.30,1.30,0.45,8.00,66.80,
2002,22,0,1.08,156.28,75.00,0.00,39.60,0.00,78.00,6.90,78.00,0.10,784.96,435262.00,1.40,1.40,0.45,7.30,66.50,
2001,227,0,0.7,325.11,83.00,0.00,38.70,0.00,88.00,6.44,84.00,0.10,944.82,423853.00,1.40,1.40,0.44,6.60,66.20,
2000,235,0,0.71,4.25,81.00,0.00,37.90,0.00,88.00,4.56,86.00,0.10,154.52,41269.00,1.40,1.40,0.46,7.20,65.80,
2015,312,50,null,0.00,42.00,7497.00,24.30,80.00,47.00,null,42.00,0.70,426.99,null,6.60,6.40,null,null,55.00,
2014,321,51,0.01,0.00,42.00,10229.00,23.80,80.00,47.00,null,42.00,0.80,417.89,null,6.70,6.50,null,null,54.30,
2013,318,51,0.01,0.00,42.00,3173.00,23.30,81.00,47.00,null,42.00,0.80,47.54,null,6.80,6.60,null,null,54.20,
2012,336,51,0.01,0.00,null,9983.00,22.90,82.00,47.00,null,42.00,0.80,null,null,6.80,6.70,null,null,53.10,
2011,329,51,0.01,0.00,null,17298.00,22.40,82.00,49.00,null,41.00,0.80,null,null,6.90,6.70,null,null,53.10,
2010,336,52,0.01,0.00,null,115.00,22.00,83.00,49.00,null,45.00,0.80,null,null,7.00,6.80,null,null,52.40,
2009,335,52,0.01,0.00,null,13.00,21.50,84.00,41.00,null,42.00,0.80,null,null,7.10,6.90,null,null,52.20,
2008,336,52,0.01,0.00,null,1081.00,21.10,84.00,4.00,null,31.00,0.90,null,null,7.20,7.00,null,null,51.90,
2007,34,52,0.01,0.00,null,1149.00,2.70,84.00,4.00,null,4.00,0.90,null,null,7.30,7.10,null,null,51.50,
2006,337,51,0.01,0.00,null,7.00,2.20,83.00,26.00,null,26.00,0.90,null,null,7.40,7.20,null,null,51.50,
2005,334,50,0.01,0.00,null,0.00,19.80,82.00,35.00,null,35.00,0.90,null,null,7.50,7.30,null,null,51.60,
2004,341,49,0.01,0.00,null,12008.00,19.40,80.00,3.00,null,3.00,0.90,null,null,7.60,7.40,null,null,51.20,
2003,344,48,0.01,0.00,null,8257.00,19.00,78.00,4.00,null,4.00,0.90,null,null,7.70,7.50,null,null,51.10,
2002,348,47,0.01,0.00,null,9559.00,18.60,77.00,4.00,null,4.00,0.90,null,null,7.80,7.60,null,null,58.00,
2001,352,46,0.01,0.00,null,3571.00,18.20,75.00,33.00,null,33.00,0.80,null,null,7.90,7.70,null,null,57.00,
2000,355,45,0.01,0.00,null,3965.00,17.80,74.00,37.00,null,33.00,0.80,null,null,8.00,7.90,null,null,55.00,
2015,328,42,null,0.00,75.00,17.00,51.10,52.00,75.00,null,75.00,3.60,5769.77,5511976.68,4.40,5.30,0.67,13.00,62.90,
2014,347,42,7.38,922.05,8.00,66.00,5.30,52.00,77.00,8.80,77.00,3.70,6479.63,54146734.74,4.90,5.90,0.66,13.00,62.00,
2013,371,43,7.34,978.59,7.00,25.00,49.50,54.00,73.00,8.78,73.00,4.50,6876.95,53311955.61,5.40,6.50,0.65,12.80,69.00,
2012,48,43,7.38,1089.95,68.00,32.00,48.70,56.00,65.00,8.79,65.00,7.60,7548.16,5256515.80,6.00,7.30,0.64,12.80,59.20,
2011,413,43,7.38,123.75,76.00,92.00,47.90,58.00,69.00,8.61,69.00,8.50,849.95,51729345.36,6.60,8.00,0.64,12.80,58.90,
2010,428,43,7.28,1038.89,71.00,12499.00,47.20,62.00,72.00,8.50,72.00,11.00,7362.76,5979432.36,7.30,8.90,0.63,12.80,58.00,
2009,449,46,7.6,782.60,74.00,5857.00,46.40,70.00,75.00,8.39,76.00,19.00,5888.63,5255813.11,8.10,9.80,0.62,12.80,56.50,
2008,473,50,8.19,780.03,76.00,39.00,45.70,75.00,77.00,7.75,79.00,23.50,5786.60,49557573.30,8.90,1.70,0.62,12.90,55.30,
2007,486,51,8.48,805.49,83.00,31.00,45.00,79.00,79.00,7.53,82.00,26.40,6125.40,48883844.99,9.70,11.70,0.61,12.90,54.50,
2006,496,54,8.5,732.13,83.00,81.00,44.30,82.00,79.00,7.57,82.00,28.10,5631.73,4823384.48,1.60,12.80,0.61,12.90,54.00,
2005,498,55,8.69,709.32,79.00,615.00,43.60,84.00,75.00,7.77,79.00,29.50,5414.63,476667.24,11.60,13.90,0.61,12.90,53.80,
2004,497,55,6.96,622.04,76.00,830.00,42.90,83.00,73.00,7.93,74.00,29.70,4863.52,4717.99,12.60,15.00,0.61,12.90,53.70,
2003,485,55,6.93,519.16,71.00,244.00,42.20,82.00,7.00,8.26,69.00,28.90,3775.68,46418193.90,13.50,16.10,0.61,12.90,54.00,
2002,459,54,7.04,346.53,72.00,1043.00,41.60,79.00,7.00,8.90,7.00,26.60,2518.40,45855482.88,14.50,17.10,0.62,12.90,54.90,
2001,429,52,7.38,365.26,72.00,1166.00,4.90,76.00,71.00,8.31,71.00,24.00,2681.78,45312937.00,15.40,18.10,0.63,13.00,56.00,
2000,397,51,7.3,45.96,73.00,1459.00,4.10,73.00,71.00,8.70,73.00,21.30,337.23,44896856.00,16.30,19.10,0.64,13.00,57.30,
2015,332,26,null,0.00,31.00,878.00,null,39.00,41.00,null,31.00,3.40,758.73,11882136.00,null,null,0.42,4.90,57.30,
2014,343,26,null,46.07,null,441.00,null,39.00,44.00,2.74,39.00,3.50,1151.86,1153971.00,null,null,0.42,4.90,56.60,
2013,345,26,null,47.44,null,525.00,null,40.00,5.00,2.62,45.00,3.60,1186.11,1117749.00,null,null,0.42,4.90,56.40,
2012,347,26,null,38.34,null,1952.00,null,40.00,64.00,2.77,59.00,3.80,958.46,1818258.00,null,null,0.42,4.90,56.00,
2011,355,27,null,0.00,null,1256.00,null,41.00,66.00,null,61.00,3.90,176.97,1448857.00,null,null,0.43,4.90,55.40,
2010,359,27,null,0.00,null,0.00,null,41.00,null,null,null,4.00,1562.24,167192.00,null,null,0.00,0.00,55.00,
2009,369,27,null,0.00,null,0.00,null,42.00,null,null,null,4.20,1264.79,967667.00,null,null,0.00,0.00,54.30,
2008,377,27,null,0.00,null,0.00,null,42.00,null,null,null,4.20,1678.71,9263136.00,null,null,0.00,0.00,53.60,
2007,381,27,null,0.00,null,0.00,null,43.00,null,null,null,4.20,null,88568.00,null,null,0.00,0.00,53.10,
2006,383,28,null,0.00,null,0.00,null,43.00,null,null,null,4.10,null,8468152.00,null,null,0.00,0.00,52.50,
2005,383,28,null,0.00,null,0.00,null,44.00,null,null,null,3.90,null,818877.00,null,null,0.00,0.00,51.90,
2004,383,29,null,0.00,null,0.00,null,45.00,null,null,null,3.80,null,7787655.00,null,null,0.00,0.00,51.40,
2003,383,29,null,0.00,null,0.00,null,46.00,null,null,null,3.50,null,751642.00,null,null,0.00,0.00,58.00,
2002,382,30,null,0.00,null,0.00,null,48.00,null,null,null,3.30,null,7237276.00,null,null,0.00,0.00,52.00,
2001,381,30,null,0.00,null,0.00,null,49.00,null,null,null,3.00,null,6974442.00,null,null,0.00,0.00,49.60,
2000,38,31,null,0.00,null,0.00,null,50.00,null,null,null,2.70,null,67656.00,null,null,0.00,0.00,48.90,
2015,56,1,null,0.00,97.00,115.00,66.60,1.00,97.00,null,97.00,0.10,25683.85,46447697.00,0.60,0.50,0.88,17.70,82.80,
2014,58,1,0.01,42.99,96.00,154.00,66.00,1.00,97.00,9.30,97.00,0.10,296.47,4648882.00,0.60,0.50,0.88,17.60,82.60,
2013,6,1,9.25,423.68,95.00,131.00,65.40,2.00,96.00,9.10,96.00,0.10,2921.93,466245.00,0.60,0.50,0.87,17.50,82.40,
2012,61,1,9.35,4255.78,96.00,1204.00,64.80,2.00,97.00,9.39,97.00,0.10,28562.29,4677355.00,0.60,0.50,0.87,17.20,82.00,
2011,63,1,9.62,4873.82,97.00,3802.00,64.10,2.00,97.00,9.48,97.00,0.10,31834.22,46742697.00,0.60,0.50,0.87,16.90,82.10,
2010,64,1,9.78,578.74,97.00,302.00,63.50,2.00,97.00,9.56,97.00,0.10,3736.23,46576897.00,0.60,0.50,0.86,16.40,81.90,
2009,66,2,9.99,5047.25,96.00,41.00,62.90,2.00,96.00,9.52,96.00,0.10,32333.47,46362946.00,0.60,0.50,0.86,16.30,81.60,
2008,7,2,10.24,5596.54,97.00,297.00,62.30,2.00,97.00,8.80,97.00,0.10,35578.74,4595416.00,0.60,0.50,0.85,16.10,81.30,
2007,72,2,11.05,510.93,96.00,267.00,61.70,2.00,96.00,8.36,96.00,0.10,3279.41,4522683.00,0.60,0.50,0.85,16.00,89.00,
2006,73,2,11.86,4460.39,97.00,362.00,61.10,2.00,98.00,8.23,98.00,0.10,28482.69,44397319.00,0.60,0.50,0.84,15.90,88.00,
2005,77,2,11.92,405.45,96.00,22.00,6.50,2.00,96.00,8.12,96.00,0.10,2651.72,43653155.00,0.60,0.50,0.84,15.80,81.00,
2004,79,2,11.96,3715.37,97.00,26.00,59.90,2.00,97.00,8.50,97.00,0.10,24918.65,42921895.00,0.60,0.50,0.83,15.60,81.00,
2003,83,2,12.09,3205.02,81.00,256.00,59.30,2.00,99.00,7.99,98.00,0.10,21495.77,42187645.00,0.60,0.50,0.83,15.60,79.40,
2002,83,2,12.26,228.35,82.00,67.00,58.80,2.00,98.00,7.25,98.00,0.10,1719.54,41431558.00,0.60,0.50,0.83,15.70,79.50,
2001,84,2,9.86,2044.17,83.00,0.00,58.20,2.00,95.00,7.24,96.00,0.10,15323.61,485412.00,0.60,0.50,0.82,15.70,79.40,
2000,86,2,11.12,1934.40,77.00,152.00,57.60,2.00,95.00,7.21,95.00,0.10,14676.77,4567864.00,0.60,0.50,0.82,15.70,79.10,
2015,138,3,null,0.00,99.00,1568.00,23.40,3.00,99.00,null,99.00,0.10,3844.89,2966.00,15.10,15.00,0.76,14.00,74.90,
2014,141,3,2.37,42.73,99.00,1686.00,22.70,3.00,99.00,3.50,99.00,0.10,382.55,2771.00,15.20,15.00,0.76,14.00,74.70,
2013,142,3,2.56,41.62,99.00,2107.00,21.90,3.00,99.00,3.68,99.00,0.10,361.29,2585.00,15.20,15.10,0.76,13.80,74.60,
2012,143,3,2.8,20.77,99.00,51.00,21.20,4.00,99.00,3.21,99.00,0.10,335.52,2425.00,15.30,15.20,0.75,13.70,74.50,
2011,141,3,3.03,20.83,99.00,60.00,2.50,4.00,99.00,3.28,99.00,0.10,322.99,2271.00,15.30,15.30,0.75,13.60,74.50,
2010,138,3,2.31,191.73,99.00,79.00,19.80,4.00,99.00,3.43,99.00,0.10,2819.51,2119.00,15.30,15.30,0.74,13.50,74.50,
2009,183,4,2.05,13.39,97.00,21.00,19.20,4.00,97.00,3.37,97.00,0.10,216.68,19968.00,15.30,15.40,0.73,13.40,71.80,
2008,172,4,2.1,17.81,98.00,33.00,18.50,4.00,98.00,3.44,98.00,0.10,254.49,19817.00,15.40,15.40,0.73,13.30,72.30,
2007,146,4,2.29,127.64,98.00,44.00,17.90,5.00,98.00,3.76,98.00,0.10,1644.82,19668.00,15.40,15.50,0.72,13.20,73.70,
2006,145,4,1.96,120.25,98.00,0.00,17.20,5.00,98.00,4.60,98.00,0.10,1448.76,1952.00,15.40,15.50,0.72,13.10,73.80,
2005,138,4,1.97,97.77,99.00,3.00,16.60,5.00,99.00,4.60,99.00,0.10,1259.88,19373.00,15.40,15.50,0.71,12.90,74.20,
2004,197,6,1.56,15.35,62.00,35.00,16.10,10.00,97.00,4.28,97.00,0.10,174.67,19228.00,15.40,15.50,0.70,12.80,69.10,
2003,146,5,1.69,72.43,32.00,65.00,15.60,5.00,98.00,3.95,99.00,0.10,989.45,1983.00,15.40,15.50,0.70,12.70,73.90,
2002,149,5,1.62,59.64,null,139.00,15.10,5.00,98.00,3.89,98.00,0.10,873.15,18939.00,15.40,15.60,0.70,12.60,73.70,
2001,16,5,1.68,53.61,null,309.00,14.60,6.00,98.00,3.81,98.00,0.10,837.70,18797.00,15.40,15.60,0.69,12.50,72.70,
2000,175,5,1.45,60.49,null,16527.00,14.10,6.00,99.00,3.77,99.00,0.10,875.41,18655.00,15.30,15.50,0.68,12.40,71.50,
2015,225,58,null,0.00,93.00,3585.00,null,85.00,93.00,null,93.00,0.30,2513.88,3864783.00,null,null,0.49,7.20,64.10,
2014,229,59,0.01,253.61,94.00,676.00,null,86.00,94.00,8.43,94.00,0.30,2176.90,37737913.00,null,null,0.48,7.20,63.80,
2013,232,60,0.01,227.84,93.00,2813.00,null,88.00,93.00,8.42,93.00,0.30,1955.67,36849918.00,null,null,0.48,7.00,63.50,
2012,235,61,0.01,220.52,92.00,8523.00,null,89.00,92.00,8.20,92.00,0.30,1892.89,3599192.00,null,null,0.47,6.80,63.20,
2011,241,61,2.12,196.69,93.00,5616.00,null,91.00,93.00,8.30,93.00,0.30,1666.86,35167314.00,null,null,0.46,7.00,62.70,
2010,243,62,1.77,172.01,75.00,680.00,null,92.00,9.00,7.97,9.00,0.30,1476.48,34385963.00,null,null,0.46,7.00,62.50,
2009,248,63,1.99,17.05,72.00,68.00,null,94.00,81.00,8.40,81.00,0.30,1226.88,3365619.00,null,null,0.46,6.80,62.00,
2008,251,64,2.01,128.64,78.00,129.00,null,95.00,85.00,8.17,86.00,0.30,1291.53,32955496.00,null,null,0.44,6.30,61.80,
2007,254,65,2.01,86.13,78.00,327.00,null,97.00,84.00,4.72,84.00,0.30,1115.70,32282526.00,null,null,0.44,6.40,61.40,
2006,26,66,1.9,60.34,6.00,228.00,null,99.00,77.00,3.93,78.00,0.20,893.88,316764.00,null,null,0.43,6.20,61.00,
2005,261,66,1.55,37.59,22.00,1374.00,null,101.00,78.00,3.18,78.00,0.20,679.75,3911914.00,null,null,0.42,6.10,67.00,
2004,278,68,1.59,37.04,null,9562.00,null,102.00,74.00,3.39,74.00,0.20,565.57,3186341.00,null,null,0.41,5.70,59.70,
2003,278,69,1.74,35.35,null,4381.00,null,104.00,69.00,3.18,69.00,0.20,477.74,29435944.00,null,null,0.41,5.60,59.60,
2002,277,70,1.59,30.62,null,4529.00,null,106.00,6.00,2.95,6.00,0.20,412.15,28679565.00,null,null,0.40,5.60,59.40,
2001,283,71,1.81,28.88,null,4362.00,null,108.00,66.00,2.96,66.00,0.20,377.53,279455.00,null,null,0.40,5.60,58.90,
2000,284,71,1.76,30.86,null,2875.00,null,109.00,62.00,3.23,62.00,0.10,361.36,2725535.00,null,null,0.39,5.50,58.60,
2015,176,0,null,0.00,89.00,0.00,58.30,0.00,89.00,null,89.00,0.40,8818.98,55328.00,3.50,3.50,0.72,12.70,71.60,
2014,178,0,6.32,1132.43,85.00,0.00,57.70,0.00,85.00,5.69,85.00,0.40,9564.46,547928.00,3.50,3.50,0.72,12.70,71.40,
2013,179,0,6.02,1122.97,86.00,0.00,57.00,0.00,86.00,5.96,86.00,0.40,9484.57,54254.00,3.50,3.50,0.72,12.70,71.20,
2012,178,0,5.73,1168.32,84.00,0.00,56.30,0.00,84.00,6.90,84.00,0.90,9272.41,53777.00,3.50,3.40,0.71,12.70,71.30,
2011,187,0,5.64,989.13,86.00,0.00,55.50,0.00,86.00,5.93,86.00,0.10,8318.98,531589.00,3.50,3.40,0.70,12.50,76.00,
2010,19,0,5.26,99.08,86.00,0.00,54.80,0.00,96.00,5.81,96.00,0.50,833.31,52613.00,3.50,3.40,0.70,12.30,73.00,
2009,196,0,5.13,885.07,87.00,0.00,54.10,0.00,85.00,6.14,87.00,0.60,7443.85,52619.00,3.50,3.40,0.70,12.10,70.00,
2008,196,0,4.94,815.44,84.00,0.00,53.30,0.00,85.00,5.92,85.00,1.20,6858.16,515148.00,3.50,3.40,0.69,11.90,69.80,
2007,22,0,4.72,685.03,84.00,0.00,52.60,0.00,84.00,5.92,84.00,0.80,5761.40,5975.00,3.50,3.40,0.68,11.70,69.50,
2006,199,0,4.52,72.80,84.00,0.00,51.80,0.00,84.00,6.22,84.00,0.60,527.92,5437.00,3.50,3.40,0.68,11.50,69.30,
2005,25,0,4.47,418.92,83.00,0.00,51.10,0.00,84.00,6.78,83.00,0.60,3595.89,498946.00,3.50,3.40,0.67,11.30,68.90,
2004,214,0,4.55,4.23,null,0.00,5.40,0.00,84.00,6.88,85.00,0.90,36.49,49363.00,3.50,3.50,0.00,11.10,68.30,
2003,223,0,4.53,32.37,null,0.00,49.70,0.00,74.00,6.62,75.00,1.00,263.14,488332.00,3.50,3.50,0.00,10.90,68.00,
2002,221,0,4.41,250.71,null,0.00,49.00,0.00,74.00,7.14,73.00,1.60,2232.51,48344.00,3.50,3.50,0.00,11.00,67.90,
2001,219,0,4.23,191.21,null,0.00,48.30,0.00,65.00,8.38,68.00,1.80,1598.78,47774.00,3.60,3.50,0.00,11.00,67.70,
2000,224,0,4.29,268.18,null,0.00,47.60,0.00,7.00,9.65,71.00,0.40,1888.62,47239.00,3.60,3.60,0.00,11.10,67.40,
2015,373,2,null,0.00,9.00,0.00,32.30,3.00,84.00,null,9.00,7.10,3136.93,131911.00,4.00,4.10,0.54,11.40,58.90,
2014,382,2,0.01,574.39,98.00,0.00,31.80,3.00,98.00,9.25,98.00,7.30,3464.35,129597.00,4.30,4.30,0.54,11.40,58.40,
2013,393,2,0.01,708.96,98.00,0.00,31.20,3.00,98.00,9.66,98.00,9.80,3598.76,1271456.00,4.50,4.60,0.54,11.40,57.60,
2012,412,2,0.01,720.23,95.00,0.00,3.70,3.00,92.00,8.76,95.00,12.20,3851.52,1248158.00,4.80,4.90,0.53,11.30,56.50,
2011,438,2,5.2,735.71,91.00,0.00,3.20,3.00,85.00,8.61,91.00,15.70,3934.27,1225258.00,5.10,5.20,0.53,11.20,55.00,
2010,459,2,4.93,56.94,89.00,313.00,29.70,4.00,89.00,8.47,89.00,21.60,369.24,122843.00,5.40,5.60,0.52,11.00,53.60,
2009,46,3,4.9,47.62,88.00,26.00,29.30,4.00,89.00,8.46,88.00,33.70,332.52,118675.00,5.80,5.90,0.52,10.80,52.60,
2008,477,3,4.87,413.01,9.00,1.00,28.90,4.00,89.00,8.19,88.00,40.20,2842.44,1158897.00,6.10,6.30,0.51,10.60,51.40,
2007,51,3,5.55,43.37,92.00,0.00,28.50,4.00,88.00,7.50,87.00,40.70,347.49,1138434.00,6.50,6.70,0.51,10.50,50.00,
2006,564,3,5.53,437.08,93.00,0.00,28.20,4.00,88.00,6.81,87.00,43.70,2937.37,112514.00,6.90,7.10,0.50,9.90,47.80,
2005,63,3,5.08,372.17,95.00,0.00,27.80,4.00,88.00,6.80,86.00,49.10,2873.86,115873.00,7.30,7.50,0.50,9.70,46.00,
2004,69,3,5.78,37.44,93.00,0.00,27.40,4.00,88.00,5.88,86.00,50.30,2529.63,19553.00,7.70,7.90,0.49,9.40,45.60,
2003,6,3,5.65,2.82,9.00,350.00,27.10,4.00,87.00,5.71,85.00,50.60,22.99,187392.00,8.20,8.40,0.49,9.10,45.90,
2002,587,3,5.52,131.04,88.00,37.00,26.70,4.00,87.00,5.16,85.00,49.90,1325.00,1893.00,8.60,8.80,0.50,9.20,46.40,
2001,568,3,6.72,143.62,86.00,49.00,26.30,4.00,87.00,5.11,84.00,48.80,1437.63,172927.00,9.00,9.20,0.51,9.30,47.10,
2000,536,3,7.19,25.22,83.00,10.00,25.90,4.00,87.00,5.26,84.00,46.40,1637.46,161468.00,9.40,9.60,0.52,9.40,48.40,
2015,53,0,null,0.00,67.00,22.00,59.50,0.00,98.00,null,98.00,0.10,5585.26,9799186.00,1.50,1.40,0.91,15.90,82.40,
2014,54,0,7.3,1142.21,67.00,26.00,59.00,0.00,98.00,11.93,98.00,0.10,5918.20,969611.00,1.50,1.30,0.91,15.80,82.30,
2013,57,0,7.3,1212.67,67.00,51.00,58.50,0.00,98.00,11.97,98.00,0.10,6283.25,96379.00,1.40,1.30,0.90,15.80,81.90,
2012,57,0,7.4,10947.02,53.00,30.00,58.10,0.00,98.00,11.80,98.00,0.10,57134.78,9519374.00,1.40,1.30,0.90,15.80,81.70,
2011,58,0,7.4,11477.67,42.00,26.00,57.70,0.00,98.00,11.70,98.00,0.10,59593.29,9449213.00,1.40,1.30,0.90,16.00,81.70,
2010,58,0,7.2,778.25,null,6.00,57.30,0.00,98.00,9.47,98.00,0.10,5276.26,9378126.00,1.30,1.30,0.90,15.80,81.50,
2009,62,0,7.3,682.11,null,3.00,56.90,0.00,98.00,9.94,98.00,0.10,4627.59,9298515.00,1.30,1.30,0.90,15.80,81.40,
2008,62,0,6.9,8105.59,null,25.00,56.50,0.00,98.00,9.23,98.00,0.10,55746.84,9219637.00,1.30,1.30,0.90,15.70,81.10,
2007,63,0,6.9,7593.39,null,1.00,56.10,0.00,98.00,8.92,98.00,0.10,53324.38,914892.00,1.30,1.30,0.90,15.80,89.00,
2006,64,0,6.5,6369.52,null,19.00,55.70,0.00,98.00,8.95,98.00,0.10,46256.47,9855.00,1.30,1.30,0.89,15.90,88.00,
2005,66,0,6.5,599.04,null,13.00,55.30,0.00,98.00,9.60,98.00,0.10,4385.35,929572.00,1.30,1.30,0.89,16.00,85.00,
2004,7,0,6.6,5793.36,null,5.00,54.90,0.00,99.00,9.90,99.00,0.10,42442.22,8993531.00,1.30,1.30,0.89,16.00,83.00,
2003,69,0,6.9,5067.41,null,3.00,54.40,0.00,99.00,9.31,99.00,0.10,36961.43,8958229.00,1.30,1.30,0.88,15.90,82.00,
2002,71,0,6.9,3998.10,null,9.00,53.90,0.00,99.00,9.23,99.00,0.10,29571.74,8924958.00,1.30,1.30,0.88,15.90,79.90,
2001,73,0,6.6,3554.55,null,5.00,53.40,0.00,99.00,8.86,99.00,0.10,26969.24,889596.00,1.30,1.30,0.88,15.90,79.80,
2000,73,0,6.2,3689.73,null,59.00,52.80,0.00,99.00,8.18,99.00,0.10,29283.55,887219.00,1.40,1.30,0.87,15.90,79.60,
2015,49,0,null,0.00,null,35.00,57.40,0.00,97.00,null,97.00,0.10,8989.84,8282396.00,0.40,0.30,0.94,16.00,83.40,
2014,51,0,9.61,19479.91,null,23.00,57.00,0.00,96.00,11.66,96.00,0.10,85814.59,8188649.00,0.40,0.30,0.94,15.90,83.20,
2013,52,0,9.73,19099.05,null,175.00,56.60,0.00,96.00,11.71,96.00,0.10,84658.89,889346.00,0.40,0.30,0.93,15.80,83.00,
2012,54,0,9.86,18379.33,null,61.00,56.20,0.00,96.00,11.59,96.00,0.10,83164.39,7996861.00,0.50,0.30,0.93,15.70,82.70,
2011,55,0,9.99,18822.87,null,621.00,55.80,0.00,96.00,11.21,96.00,0.10,87998.44,7912398.00,0.50,0.30,0.93,15.60,82.60,
2010,57,0,10.01,2198.59,null,77.00,55.40,0.00,96.00,11.70,95.00,0.10,74276.72,782499.00,0.50,0.40,0.92,15.40,82.30,
2009,6,0,10.15,14714.83,null,958.00,55.00,0.00,96.00,11.00,95.00,0.10,69672.47,7743831.00,0.50,0.40,0.92,15.30,82.10,
2008,6,0,10.29,2084.26,null,2022.00,54.60,0.00,96.00,1.29,95.00,0.10,72119.57,7647675.00,0.50,0.40,0.91,15.30,82.00,
2007,63,0,10.44,11892.33,null,1015.00,54.10,0.00,94.00,1.21,94.00,0.10,63223.47,7551117.00,0.50,0.40,0.91,15.30,81.70,
2006,65,0,10.24,10598.08,null,0.00,53.70,0.00,94.00,1.39,94.00,0.10,57348.93,7483934.00,0.60,0.40,0.90,15.20,81.50,
2005,66,0,10.15,10055.35,null,60.00,53.20,0.00,94.00,1.86,94.00,0.10,54797.55,7437115.00,0.60,0.40,0.90,15.20,81.10,
2004,69,0,10.55,9495.54,null,39.00,52.80,0.00,95.00,1.96,93.00,0.10,53255.98,7389625.00,0.60,0.40,0.90,15.10,81.00,
2003,72,0,10.82,842.28,null,574.00,52.30,0.00,95.00,1.93,93.00,0.10,4796.56,73391.00,0.60,0.50,0.89,15.00,85.00,
2002,74,0,10.85,6853.63,null,0.00,51.80,0.00,95.00,1.61,93.00,0.10,41336.72,7284753.00,0.60,0.50,0.89,15.20,84.00,
2001,75,0,11.12,6478.35,null,700.00,51.30,0.00,95.00,1.28,93.00,0.10,38538.64,7229854.00,0.70,0.50,0.89,15.20,82.00,
2000,78,0,11.26,5834.58,null,0.00,5.80,0.00,95.00,9.91,93.00,0.10,37813.23,718425.00,0.70,0.50,0.88,15.10,79.70,
2015,293,6,null,0.00,41.00,45.00,57.10,8.00,5.00,null,41.00,0.10,null,18734987.00,6.30,6.10,0.55,9.00,64.50,
2014,294,7,0.01,0.00,47.00,594.00,56.20,8.00,52.00,3.25,43.00,0.10,null,19239.00,6.30,6.10,0.57,9.00,64.40,
2013,37,7,0.01,0.00,71.00,740.00,55.20,9.00,5.00,3.25,41.00,0.10,null,1989141.00,6.30,6.10,0.64,13.00,63.60,
2012,32,7,0.01,0.00,43.00,13.00,54.20,9.00,47.00,3.25,45.00,0.10,null,24271.00,6.30,6.10,0.65,12.50,62.80,
2011,163,7,0.76,0.00,66.00,13.00,53.20,8.00,6.00,3.23,72.00,0.10,null,2863993.00,6.30,6.10,0.65,12.00,71.70,
2010,127,7,0.78,0.00,84.00,26.00,52.30,9.00,83.00,3.28,8.00,0.10,null,2118834.00,6.40,6.10,0.65,11.70,73.70,
2009,124,7,0.81,0.00,84.00,22.00,51.30,9.00,83.00,3.55,8.00,0.10,null,2824893.00,6.40,6.20,0.65,11.80,73.80,
2008,122,8,0.8,0.00,83.00,19.00,5.40,9.00,83.00,3.40,79.00,0.10,null,2325443.00,6.40,6.20,0.65,11.60,73.80,
2007,121,8,0.83,17.98,83.00,403.00,49.40,9.00,83.00,3.72,8.00,0.10,258.35,1963286.00,6.40,6.20,0.64,11.50,73.80,
2006,123,8,0.97,122.65,83.00,517.00,48.50,10.00,83.00,3.78,8.00,0.10,1762.25,18914977.00,6.40,6.30,0.64,11.40,73.70,
2005,127,9,0.92,116.26,83.00,375.00,47.60,10.00,83.00,4.11,8.00,0.10,1577.46,18294611.00,6.50,6.30,0.62,11.00,73.50,
2004,131,9,0.93,10.21,82.00,189.00,46.80,10.00,84.00,4.48,81.00,0.10,148.85,1786638.00,6.50,6.30,0.61,10.60,73.20,
2003,134,9,1.29,94.76,81.00,801.00,46.00,11.00,85.00,5.12,83.00,0.10,1253.39,17415266.00,6.60,6.40,0.60,10.30,73.00,
2002,135,9,1.25,91.70,8.00,538.00,45.30,11.00,86.00,4.94,84.00,0.10,1263.13,178791.00,6.60,6.50,0.60,10.20,72.80,
2001,135,10,1.29,93.50,8.00,290.00,44.60,11.00,83.00,4.92,82.00,0.10,1258.42,16766899.00,6.70,6.50,0.59,10.10,72.70,
2000,136,10,1.41,81.73,79.00,146.00,43.90,12.00,86.00,4.92,84.00,0.10,1177.63,1641848.00,6.80,6.60,0.59,10.00,72.60,
2015,161,10,null,0.00,96.00,3.00,4.70,11.00,96.00,null,96.00,0.20,918.68,8548651.00,3.60,3.70,0.63,11.30,69.70,
2014,162,10,0.01,7.83,97.00,0.00,39.90,11.00,94.00,6.88,97.00,0.20,114.46,8362745.00,3.60,3.70,0.62,11.30,69.60,
2013,163,10,0.01,1.04,96.00,1.00,39.00,11.00,97.00,6.75,96.00,0.20,14.21,817789.00,3.60,3.70,0.62,11.20,69.30,
2012,164,10,0.01,71.51,94.00,16.00,38.20,12.00,96.00,6.39,94.00,0.20,954.73,799562.00,3.60,3.70,0.61,11.10,68.80,
2011,166,10,0.32,51.99,96.00,1.00,37.40,12.00,97.00,5.98,96.00,0.20,834.54,7815949.00,3.70,3.70,0.61,11.10,68.10,
2010,171,10,0.32,43.34,93.00,0.00,36.60,12.00,95.00,6.40,93.00,0.20,738.35,764163.00,3.70,3.80,0.60,11.10,67.30,
2009,174,10,0.3,35.72,93.00,0.00,35.90,12.00,93.00,5.93,93.00,0.20,666.35,7472819.00,3.70,3.80,0.60,11.10,66.70,
2008,178,10,0.32,4.15,86.00,0.00,35.30,12.00,87.00,5.58,86.00,0.30,76.91,739728.00,3.80,3.80,0.59,10.80,66.40,
2007,181,10,0.35,2.27,84.00,2.00,34.70,12.00,85.00,5.35,86.00,0.30,52.36,7152385.00,3.80,3.80,0.59,10.90,66.10,
2006,183,10,0.38,2.63,88.00,3.00,34.10,12.00,76.00,5.70,83.00,0.30,44.29,7557.00,3.80,3.90,0.58,10.70,65.90,
2005,194,10,0.37,19.84,81.00,0.00,33.50,12.00,79.00,5.89,84.00,0.30,337.36,6854176.00,3.80,3.90,0.57,10.60,65.50,
2004,177,11,0.38,2.09,81.00,4.00,33.00,13.00,82.00,5.70,86.00,0.30,39.28,6712841.00,3.90,3.90,0.56,10.50,65.90,
2003,182,11,0.36,13.26,58.00,2144.00,32.50,14.00,82.00,4.46,85.00,0.30,236.31,6576877.00,4.00,4.00,0.55,10.10,65.20,
2002,193,12,0.6,10.68,39.00,927.00,32.10,15.00,84.00,4.48,85.00,0.30,189.39,6447688.00,4.00,4.00,0.54,9.80,64.30,
2001,194,13,0.86,1.14,null,38.00,31.60,16.00,84.00,4.59,85.00,0.30,17.82,6327125.00,4.10,4.10,0.54,9.70,64.00,
2000,198,14,0.37,8.94,null,192.00,31.30,17.00,86.00,4.64,83.00,0.30,138.44,621625.00,4.20,4.10,0.53,9.60,63.70,
2015,148,8,null,0.00,99.00,154.00,33.60,9.00,99.00,null,99.00,0.10,5814.86,686576.00,7.70,7.70,0.74,13.60,74.90,
2014,152,8,6.41,789.08,99.00,0.00,32.40,10.00,99.00,4.12,99.00,0.10,5941.85,68416772.00,7.80,7.80,0.74,13.60,74.60,
2013,153,9,6.5,788.69,99.00,2641.00,31.30,10.00,99.00,4.00,99.00,0.10,6171.26,6814365.00,7.90,7.90,0.73,13.60,74.50,
2012,154,9,6.56,801.05,98.00,5197.00,3.10,11.00,99.00,4.17,99.00,0.10,5859.92,67843979.00,8.00,8.10,0.73,13.70,74.30,
2011,155,10,6.07,748.45,98.00,3156.00,29.00,11.00,99.00,4.12,99.00,0.20,5491.16,675313.00,8.10,8.20,0.72,13.30,74.10,
2010,158,10,5.95,71.69,98.00,2583.00,27.90,12.00,99.00,3.81,99.00,0.20,575.32,672888.00,8.20,8.30,0.71,13.10,73.90,
2009,16,11,5.88,547.21,98.00,6071.00,26.80,12.00,99.00,4.11,99.00,0.30,4212.55,66881867.00,8.30,8.50,0.71,13.00,73.70,
2008,162,11,5.92,609.95,98.00,7790.00,25.70,13.00,99.00,3.92,99.00,0.30,4378.69,6654576.00,8.50,8.60,0.70,12.90,73.50,
2007,165,12,6.2,520.76,96.00,3893.00,24.60,14.00,98.00,3.56,98.00,0.40,3972.26,66195615.00,8.60,8.80,0.69,12.30,73.30,
2006,168,13,6.18,433.92,96.00,3588.00,23.60,15.00,98.00,3.49,98.00,0.50,3368.95,65824164.00,8.70,8.90,0.69,12.40,73.00,
2005,177,13,6.26,321.20,96.00,3526.00,22.60,15.00,98.00,3.55,98.00,0.50,2893.65,6542547.00,8.90,9.10,0.68,12.00,72.50,
2004,189,14,6.17,301.36,96.00,4165.00,21.70,16.00,98.00,3.51,98.00,0.50,2659.84,652231.00,9.00,9.20,0.67,11.90,71.60,
2003,189,15,6.14,282.84,96.00,4519.00,2.90,18.00,98.00,3.58,98.00,0.60,2358.94,64554952.00,9.10,9.30,0.67,11.80,71.70,
2002,192,16,5.93,27.64,95.00,10315.00,2.20,19.00,97.00,3.70,96.00,0.70,296.55,6473164.00,9.20,9.50,0.66,11.50,71.40,
2001,194,17,5.92,176.06,95.00,7319.00,19.40,20.00,97.00,3.32,96.00,0.80,1893.15,63543322.00,9.30,9.60,0.65,11.20,71.20,
2000,194,18,5.88,0.28,95.00,4074.00,18.70,21.00,97.00,3.40,97.00,0.80,27.56,6295821.00,9.40,9.70,0.64,10.90,71.10,
2015,12,0,null,0.00,92.00,1.00,6.30,0.00,92.00,null,91.00,0.10,null,null,2.10,2.10,0.75,12.90,75.70,
2014,12,0,1.13,0.00,97.00,116.00,59.70,0.00,96.00,6.48,95.00,0.10,null,null,2.20,2.20,0.74,12.90,75.50,
2013,14,0,1.03,0.00,97.00,4.00,59.10,0.00,98.00,6.70,98.00,0.10,null,null,2.20,2.20,0.74,12.90,75.30,
2012,15,0,1.23,0.00,98.00,7.00,58.50,0.00,97.00,6.76,95.00,0.10,null,null,2.20,2.20,0.74,12.90,75.10,
2011,17,0,1.16,0.00,96.00,701.00,57.90,0.00,97.00,6.61,96.00,0.10,null,null,2.20,2.30,0.73,12.90,74.90,
2010,18,0,1.47,0.00,9.00,217.00,57.40,0.00,95.00,6.83,95.00,0.10,null,null,2.30,2.30,0.73,13.00,74.70,
2009,111,0,1.77,0.00,95.00,5.00,56.90,0.00,96.00,6.74,96.00,0.10,null,null,2.30,2.40,0.73,13.00,74.40,
2008,111,0,1.72,0.00,97.00,27.00,56.40,0.00,96.00,6.85,95.00,0.10,null,null,2.40,2.40,0.71,12.20,74.20,
2007,12,0,1.75,0.00,96.00,1.00,55.90,0.00,96.00,6.90,95.00,0.10,null,null,2.40,2.50,0.71,12.20,73.50,
2006,122,0,1.74,0.00,89.00,3.00,55.40,0.00,92.00,7.61,93.00,0.10,null,null,2.50,2.50,0.70,12.10,73.70,
2005,12,0,1.75,0.00,53.00,5.00,54.90,0.00,98.00,7.95,97.00,0.10,null,null,2.50,2.60,0.00,11.90,73.60,
2004,12,0,2.07,0.00,null,9.00,54.50,0.00,95.00,8.64,94.00,0.10,null,null,2.60,2.60,0.00,11.90,73.50,
2003,126,0,2.4,0.00,null,18.00,54.10,0.00,96.00,9.17,96.00,0.10,null,null,2.70,2.70,0.00,11.90,73.20,
2002,128,0,2.53,0.00,null,19.00,53.60,0.00,97.00,9.10,96.00,0.10,null,null,2.70,2.70,0.00,11.90,72.80,
2001,126,0,3.27,0.00,null,27.00,53.20,0.00,91.00,8.18,91.00,0.10,null,null,2.80,2.80,0.00,11.80,73.10,
2000,125,0,2.86,0.00,null,36.00,52.70,0.00,96.00,8.52,95.00,0.10,null,null,2.80,2.80,0.00,11.70,72.60,
2015,152,2,null,0.00,76.00,43.00,17.40,2.00,75.00,null,76.00,0.10,1161.77,124977.00,1.90,11.10,0.60,12.50,68.30,
2014,155,2,0.01,28.15,77.00,47.00,17.00,2.00,76.00,1.48,77.00,0.10,1153.52,1212814.00,1.90,11.10,0.61,12.50,68.00,
2013,158,2,0.01,3.38,82.00,4.00,16.60,2.00,82.00,1.29,82.00,0.10,117.77,1184366.00,11.10,11.20,0.62,12.50,67.70,
2012,159,2,0.01,30.18,83.00,16.00,16.20,2.00,83.00,1.10,83.00,0.10,1117.78,115676.00,11.20,11.30,0.62,12.50,67.40,
2011,161,2,0.5,2.73,67.00,763.00,15.80,3.00,66.00,0.76,67.00,0.10,114.56,1131523.00,11.30,11.40,0.61,12.50,67.20,
2010,163,2,0.1,38.58,72.00,50.00,15.50,3.00,72.00,0.92,72.00,0.10,849.86,119591.00,11.50,11.50,0.60,12.40,66.90,
2009,165,2,0.09,36.20,72.00,10.00,15.10,3.00,78.00,1.20,72.00,0.10,757.31,19221.00,11.60,11.60,0.60,12.10,66.60,
2008,168,2,0.06,36.69,79.00,0.00,14.70,3.00,79.00,0.74,79.00,0.10,643.72,17811.00,11.70,11.70,0.57,11.70,66.20,
2007,173,2,0.05,11.76,null,0.00,14.20,3.00,7.00,0.37,7.00,0.10,524.90,164973.00,11.80,11.80,0.54,11.30,65.80,
2006,186,2,0.04,28.13,null,90.00,13.90,3.00,62.00,0.65,63.00,0.10,441.53,148621.00,11.90,11.90,0.51,11.00,64.90,
2005,26,3,0.36,7.13,null,203.00,13.50,3.00,55.00,1.50,55.00,0.10,478.33,126484.00,12.00,11.90,0.49,10.60,63.70,
2004,229,3,0.38,8.42,null,41.00,13.20,3.00,57.00,1.31,57.00,0.10,467.54,996698.00,12.00,12.00,0.48,10.20,62.30,
2003,25,3,0.44,46.39,null,94.00,12.90,4.00,55.00,2.48,55.00,0.10,471.46,96852.00,12.10,12.10,0.48,9.80,61.00,
2002,261,3,0.48,5.65,null,0.00,12.60,4.00,38.00,3.89,54.00,0.10,48.62,923825.00,12.10,12.10,0.47,9.80,62.00,
2001,269,3,0.5,6.56,null,0.00,12.30,4.00,null,3.75,null,0.10,56.42,892531.00,12.10,12.20,0.47,9.80,59.40,
2000,276,3,0.5,49.07,null,0.00,11.90,4.00,null,3.26,null,0.10,422.29,87167.00,12.20,12.20,0.00,0.00,58.70,
2015,287,13,null,0.00,88.00,20.00,24.30,20.00,88.00,null,88.00,1.00,551.14,741682.00,6.50,6.20,0.48,12.00,59.90,
2014,285,13,0.01,4.88,87.00,577.00,23.70,20.00,85.00,5.25,87.00,1.00,62.13,7228915.00,6.60,6.40,0.47,12.00,59.70,
2013,287,14,0.01,48.73,84.00,564.00,23.10,20.00,84.00,5.12,84.00,1.50,579.43,742948.00,6.80,6.60,0.47,12.00,59.40,
2012,294,14,0.01,41.60,84.00,238.00,22.60,21.00,84.00,5.11,84.00,1.70,563.69,6859482.00,7.00,6.80,0.46,12.00,58.90,
2011,34,14,1.44,39.08,85.00,187.00,22.00,21.00,85.00,5.21,85.00,2.60,562.34,6679282.00,7.10,7.00,0.46,11.50,58.30,
2010,323,14,1.21,41.96,83.00,120.00,21.40,21.00,83.00,5.37,83.00,3.80,487.92,652952.00,7.30,7.20,0.45,11.00,57.40,
2009,336,14,1.24,77.10,78.00,425.00,2.90,22.00,78.00,6.64,78.00,4.30,499.65,633472.00,7.50,7.40,0.44,10.60,56.70,
2008,344,14,1.33,69.36,24.00,187.00,2.40,22.00,8.00,5.73,81.00,4.80,513.39,6161796.00,7.70,7.60,0.44,10.10,56.20,
2007,344,14,1.37,0.68,null,8.00,19.80,22.00,72.00,5.55,82.00,5.10,42.76,5997385.00,7.90,7.80,0.44,10.60,55.90,
2006,345,15,1.37,6.23,null,26.00,19.30,22.00,85.00,5.56,84.00,5.00,377.34,5837792.00,8.10,8.00,0.44,10.20,55.70,
2005,357,15,1.14,36.62,null,38.00,18.90,22.00,8.00,5.17,82.00,5.00,372.17,5683268.00,8.40,8.30,0.44,10.10,55.00,
2004,355,15,1.01,3.99,null,61.00,18.40,22.00,71.00,5.60,71.00,5.10,349.99,5534598.00,8.60,8.50,0.43,10.00,54.90,
2003,355,15,1.02,3.00,null,295.00,17.90,22.00,72.00,5.00,72.00,5.20,31.44,539141.00,8.80,8.70,0.43,9.90,54.70,
2002,351,15,1,2.00,null,363.00,17.50,22.00,58.00,4.70,59.00,5.30,28.83,5251472.00,9.00,8.90,0.43,9.70,54.70,
2001,345,14,0.95,2.05,null,1833.00,17.10,22.00,51.00,4.29,5.00,5.30,26.64,511177.00,9.20,9.10,0.43,9.40,54.60,
2000,339,14,1.1,2.03,null,3578.00,16.60,22.00,63.00,4.35,64.00,5.10,26.39,497367.00,9.40,9.30,0.42,9.30,54.60,
2015,133,0,null,0.00,78.00,0.00,75.20,0.00,8.00,null,78.00,0.10,493.78,16364.00,0.10,0.10,0.72,14.30,73.50,
2014,135,0,0.01,565.97,8.00,0.00,74.80,0.00,82.00,5.18,8.00,0.10,4192.35,15782.00,0.10,0.10,0.72,14.30,73.30,
2013,137,0,0.01,584.94,82.00,0.00,74.30,0.00,84.00,4.98,82.00,0.10,4266.56,15328.00,0.10,0.10,0.72,14.30,73.20,
2012,138,0,0.01,63.80,77.00,0.00,73.80,0.00,79.00,4.51,77.00,0.10,451.54,14951.00,0.10,0.10,0.72,14.40,73.00,
2011,14,0,0.96,7.03,82.00,0.00,73.30,0.00,84.00,4.60,82.00,0.10,445.19,14577.00,0.10,0.10,0.71,14.40,72.90,
2010,142,0,1.24,471.83,82.00,0.00,72.70,0.00,84.00,4.59,82.00,0.10,3547.60,14137.00,0.10,0.10,0.71,14.40,72.80,
2009,147,0,1.08,4.78,84.00,0.00,72.10,0.00,86.00,4.67,84.00,0.10,37.85,1364.00,0.10,0.10,0.70,14.50,72.50,
2008,145,0,1.1,569.63,84.00,0.00,71.50,0.00,88.00,5.13,86.00,0.10,3392.65,135.00,0.10,0.10,0.70,14.50,72.60,
2007,146,0,2.05,568.87,87.00,0.00,7.80,0.00,88.00,5.82,87.00,0.10,2932.32,12357.00,0.10,0.10,0.70,14.50,72.50,
2006,148,0,1.79,503.59,89.00,0.00,7.10,0.00,89.00,5.61,88.00,0.10,2892.52,11689.00,0.10,0.10,0.69,14.60,72.40,
2005,15,0,1.57,689.94,89.00,0.00,69.40,0.00,9.00,6.52,89.00,0.10,2594.75,1141.00,0.10,0.10,0.69,14.60,72.30,
2004,151,0,1.8,423.30,9.00,0.00,68.60,0.00,91.00,4.87,9.00,0.10,2284.38,146.00,0.10,0.10,0.69,14.60,72.20,
2003,153,0,1.79,45.85,85.00,0.00,67.80,0.00,91.00,5.90,9.00,0.10,229.71,99789.00,0.10,0.10,0.68,13.70,72.00,
2002,155,0,1.51,310.82,88.00,0.00,67.00,0.00,85.00,5.30,84.00,0.10,1842.44,99184.00,0.10,0.10,0.68,13.50,71.90,
2001,157,0,1.35,330.10,91.00,4.00,66.20,0.00,91.00,5.66,89.00,0.10,1837.98,98611.00,0.10,0.10,0.67,13.20,71.80,
2000,158,0,1.24,40.49,93.00,0.00,65.50,0.00,91.00,4.75,91.00,0.10,263.27,9882.00,0.10,0.10,0.68,13.70,71.60,
2015,17,0,null,0.00,9.00,0.00,47.10,0.00,88.00,null,96.00,0.30,17321.83,13692.00,5.70,5.90,0.78,12.70,71.20,
2014,171,0,6.94,1578.87,92.00,0.00,46.00,0.00,94.00,5.93,92.00,0.30,19325.24,1354493.00,5.80,6.00,0.78,12.70,71.10,
2013,172,0,6.71,167.27,92.00,0.00,45.00,0.00,94.00,5.98,92.00,0.30,1967.83,1348248.00,5.80,6.00,0.77,12.70,71.00,
2012,174,0,6.7,1486.24,92.00,0.00,44.00,0.00,91.00,5.78,92.00,0.40,19152.53,1341588.00,5.90,6.10,0.77,12.60,78.00,
2011,176,0,6.5,144.99,9.00,0.00,43.00,0.00,91.00,5.60,9.00,0.40,1953.98,1334788.00,5.90,6.20,0.77,12.60,76.00,
2010,179,0,6.5,1389.77,9.00,0.00,42.00,0.00,91.00,5.29,9.00,0.40,16683.95,13281.00,5.90,6.30,0.77,12.50,74.00,
2009,183,0,6.37,128.09,9.00,0.00,41.10,0.00,9.00,6.47,9.00,0.20,1458.88,1321618.00,6.00,6.40,0.77,12.50,71.00,
2008,185,0,6.41,1902.69,9.00,0.00,4.20,0.00,91.00,4.40,9.00,0.30,21188.12,1315372.00,6.10,6.40,0.77,12.40,69.90,
2007,187,0,6.37,136.88,89.00,0.00,39.30,0.00,9.00,4.82,88.00,0.70,1653.18,13926.00,6.10,6.50,0.76,12.40,69.70,
2006,188,0,6.35,103.37,89.00,0.00,38.40,0.00,89.00,4.49,92.00,0.60,1495.96,133144.00,6.20,6.60,0.75,12.30,69.60,
2005,189,0,6.12,1187.95,95.00,0.00,37.60,0.00,95.00,5.31,95.00,0.50,12323.13,1296934.00,6.30,6.70,0.75,12.30,69.50,
2004,19,0,5.82,11.85,94.00,0.00,36.80,0.00,94.00,5.22,94.00,1.00,129.52,129535.00,6.30,6.80,0.74,12.20,69.40,
2003,191,0,5.53,78.72,76.00,0.00,36.00,1.00,91.00,5.13,91.00,0.50,884.52,128452.00,6.40,6.90,0.73,12.00,69.30,
2002,192,0,5.12,72.04,5.00,0.00,35.20,1.00,96.00,5.00,96.00,2.00,749.63,1277837.00,6.50,7.00,0.72,11.90,69.20,
2001,194,0,4.55,516.71,null,0.00,34.40,1.00,91.00,4.40,91.00,1.20,6935.72,127238.00,6.60,7.10,0.71,11.80,69.10,
2000,197,0,4.68,43.60,null,0.00,33.60,1.00,9.00,4.17,9.00,0.90,643.95,1267984.00,6.70,7.20,0.71,11.70,69.10,
2015,1,3,null,0.00,98.00,16.00,61.20,3.00,98.00,null,98.00,0.10,3828.92,11273661.00,6.50,6.40,0.72,14.60,75.30,
2014,12,3,1.39,604.87,98.00,15.00,6.20,3.00,98.00,7.00,98.00,0.10,4271.68,1114398.00,6.50,6.40,0.72,14.70,75.10,
2013,13,3,1.29,594.65,98.00,16.00,59.30,3.00,98.00,7.26,98.00,0.10,4199.47,1114558.00,6.40,6.30,0.72,14.70,74.90,
2012,13,3,1.3,585.88,97.00,48.00,58.30,3.00,97.00,7.18,97.00,0.10,4137.55,1886668.00,6.40,6.30,0.72,14.60,74.90,
2011,13,3,1.29,623.21,98.00,11.00,57.40,3.00,98.00,7.15,98.00,0.10,4256.91,1761467.00,6.40,6.30,0.71,14.50,74.80,
2010,12,3,1.28,64.86,98.00,1.00,56.50,3.00,98.00,6.54,98.00,0.10,414.15,1639931.00,6.30,6.30,0.71,14.40,74.80,
2009,12,3,1.4,585.63,99.00,1.00,55.60,3.00,99.00,6.18,99.00,0.10,4129.98,1521834.00,6.30,6.30,0.71,14.40,74.70,
2008,12,3,1.37,53.08,99.00,2.00,54.70,3.00,99.00,5.63,99.00,0.10,431.93,147336.00,6.30,6.30,0.70,14.30,74.70,
2007,12,3,1.24,469.63,98.00,4.00,53.90,4.00,98.00,5.64,98.00,0.10,3778.18,129887.00,6.30,6.30,0.69,14.30,74.60,
2006,12,3,1.46,420.12,99.00,3.00,53.10,4.00,99.00,5.64,99.00,0.10,3371.71,1196136.00,6.30,6.30,0.69,14.20,74.40,
2005,14,3,1.37,379.51,97.00,15.00,52.20,4.00,98.00,5.57,98.00,0.10,3194.56,112482.00,6.40,6.30,0.68,13.90,74.20,
2004,15,3,1.36,379.77,96.00,1.00,51.40,4.00,97.00,5.63,97.00,0.10,3112.84,11761.00,6.40,6.30,0.67,13.60,74.00,
2003,17,4,1.34,321.77,92.00,22.00,5.60,4.00,95.00,5.36,95.00,0.10,2761.97,9939678.00,6.40,6.30,0.67,13.50,73.70,
2002,19,4,1.17,262.82,93.00,98.00,49.70,5.00,96.00,5.32,96.00,0.10,2346.59,9864326.00,6.50,6.40,0.66,13.30,73.50,
2001,11,4,1.19,257.29,94.00,231.00,48.90,5.00,98.00,5.29,98.00,0.10,2254.93,978571.00,6.50,6.40,0.65,13.10,73.20,
2000,112,4,1.21,264.78,94.00,47.00,48.10,5.00,97.00,5.40,97.00,0.10,2213.91,9699197.00,6.60,6.50,0.65,12.80,72.90,
2015,16,15,null,0.00,97.00,342.00,66.10,18.00,97.00,null,97.00,0.10,1979.53,78271472.00,4.90,4.80,0.76,14.50,75.80,
2014,17,16,1.45,181.91,96.00,565.00,65.30,19.00,96.00,5.41,96.00,0.10,12127.23,773628.00,4.90,4.70,0.76,14.50,75.50,
2013,19,17,1.41,188.14,97.00,7405.00,64.50,20.00,98.00,5.38,98.00,0.10,12542.94,75787333.00,4.90,4.70,0.75,14.40,75.20,
2012,112,19,1.54,20.75,97.00,349.00,63.70,22.00,97.00,5.24,97.00,0.10,1172.38,74569867.00,4.90,4.70,0.75,14.30,74.80,
2011,114,20,1.53,1275.88,96.00,111.00,62.80,23.00,97.00,5.29,97.00,0.10,11341.13,7349455.00,4.90,4.70,0.74,13.80,74.50,
2010,116,21,1.49,32.78,96.00,7.00,61.90,25.00,97.00,5.61,97.00,0.10,1672.57,72326914.00,4.90,4.70,0.71,13.00,74.20,
2009,118,23,1.4,106.95,94.00,4.00,61.10,27.00,96.00,6.80,96.00,0.10,936.50,71339185.00,4.90,4.80,0.71,12.50,73.90,
2008,121,25,1.39,22.67,92.00,0.00,6.20,29.00,96.00,6.70,96.00,0.10,185.69,74432.00,5.00,4.80,0.70,12.50,73.50,
2007,124,26,1.26,115.58,96.00,3.00,59.30,31.00,96.00,6.40,96.00,0.10,979.49,69597281.00,5.00,4.80,0.70,12.30,73.20,
2006,126,28,1.29,103.52,82.00,34.00,58.50,34.00,9.00,5.81,9.00,0.10,834.87,6876345.00,5.00,4.80,0.69,11.90,72.80,
2005,129,30,1.29,832.96,85.00,6200.00,57.60,36.00,9.00,5.45,9.00,0.10,7384.35,679346.00,5.00,4.90,0.68,11.90,72.40,
2004,132,33,1.35,1.13,77.00,8927.00,56.80,39.00,85.00,5.37,85.00,0.10,64.73,677855.00,5.10,4.90,0.68,12.00,72.00,
2003,135,35,1.42,459.11,68.00,5844.00,55.90,43.00,69.00,5.34,68.00,0.10,4718.51,668583.00,5.10,5.00,0.67,11.90,71.60,
2002,138,38,1.47,35.56,72.00,7823.00,55.10,46.00,78.00,5.36,78.00,0.10,366.57,6514354.00,5.20,5.00,0.66,11.50,71.20,
2001,14,41,1.49,256.43,77.00,30509.00,54.30,50.00,88.00,5.16,88.00,0.10,3119.64,64191474.00,5.20,5.10,0.65,11.10,78.00,
2000,143,44,1.54,421.30,71.00,16244.00,53.50,54.00,85.00,4.95,85.00,0.10,4316.55,6324121.00,5.30,5.20,0.64,10.70,74.00,
2015,215,6,null,0.00,99.00,0.00,48.60,7.00,99.00,null,99.00,0.10,6432.67,5565284.00,3.30,3.30,0.69,10.80,66.30,
2014,217,7,2.9,691.13,97.00,0.00,47.70,8.00,98.00,2.70,98.00,0.10,7962.37,5466241.00,3.30,3.30,0.68,10.80,66.00,
2013,228,7,2.93,63.75,98.00,0.00,46.70,8.00,98.00,2.12,98.00,0.10,734.43,5366277.00,3.20,3.30,0.68,10.70,65.40,
2012,22,7,2.75,579.41,98.00,0.00,45.90,8.00,98.00,1.96,97.00,0.10,6675.26,5267839.00,3.20,3.30,0.67,10.70,65.60,
2011,217,7,2.55,490.42,97.00,0.00,45.00,8.00,97.00,1.98,97.00,0.10,5649.98,517461.00,3.20,3.30,0.67,10.60,65.60,
2010,211,7,2.48,385.33,96.00,0.00,44.20,8.00,96.00,1.99,96.00,0.10,4439.23,58721.00,3.20,3.30,0.00,10.60,65.80,
2009,215,6,2.35,37.88,97.00,0.00,43.40,8.00,97.00,1.88,96.00,0.10,436.46,5795.00,3.20,3.30,0.00,10.50,65.60,
2008,235,6,2.4,34.24,96.00,0.00,42.70,8.00,96.00,1.93,96.00,0.10,394.47,4935762.00,3.20,3.30,0.00,10.50,64.50,
2007,241,6,2.58,0.36,98.00,59.00,42.00,8.00,98.00,2.16,98.00,0.10,26.37,487137.00,3.30,3.30,0.00,10.40,64.10,
2006,245,6,2.71,29.27,98.00,48.00,41.30,8.00,98.00,2.90,98.00,0.10,2136.67,48115.00,3.30,3.30,0.00,10.40,63.70,
2005,248,6,2.85,2.20,99.00,0.00,4.70,8.00,99.00,3.51,99.00,0.10,174.51,4754641.00,3.40,3.40,0.00,10.30,63.30,
2004,238,6,2.86,186.10,96.00,1.00,4.00,8.00,98.00,4.30,97.00,0.10,1453.92,473398.00,3.40,3.40,0.00,10.30,63.50,
2003,231,7,2.88,179.62,97.00,1.00,39.40,8.00,66.00,3.85,83.00,0.10,1283.89,4655741.00,3.50,3.40,0.00,10.30,63.40,
2002,229,7,2.33,130.38,96.00,11.00,38.70,8.00,99.00,3.34,98.00,0.10,967.92,4612.00,3.50,3.50,0.00,10.20,63.30,
2001,221,7,2.35,106.18,null,9.00,38.10,9.00,94.00,3.87,95.00,0.10,774.48,45648.00,3.60,3.50,0.00,10.20,64.00,
2000,224,7,2.9,88.24,null,113.00,37.50,9.00,98.00,3.94,97.00,0.10,643.18,4516131.00,3.60,3.60,0.00,0.00,63.80,
2013,null,0,0.01,78.28,9.00,0.00,79.30,0.00,9.00,16.61,9.00,0.10,3542.14,1819.00,0.20,0.10,null,0.00,null,
2015,291,66,null,0.00,78.00,478.00,18.50,93.00,82.00,null,78.00,3.10,693.90,414487.00,5.60,5.60,0.49,10.00,62.30,
2014,38,68,0.01,14.17,78.00,314.00,18.10,97.00,82.00,7.22,78.00,3.20,719.17,38833338.00,5.70,5.60,0.48,10.00,61.50,
2013,325,71,0.01,90.76,78.00,7878.00,17.60,103.00,82.00,7.47,78.00,4.00,662.49,37553726.00,5.70,5.70,0.48,10.00,67.00,
2012,339,73,0.01,92.89,78.00,2027.00,17.20,109.00,82.00,7.58,78.00,4.60,647.75,3636796.00,5.80,5.80,0.48,10.00,60.00,
2011,347,76,10.22,94.50,82.00,3312.00,16.70,114.00,82.00,9.90,82.00,6.80,584.40,3593648.00,5.90,5.90,0.48,10.70,59.30,
2010,362,79,10.03,116.20,8.00,1313.00,16.30,119.00,79.00,11.20,8.00,8.00,595.00,33915133.00,6.00,6.00,0.47,10.90,58.40,
2009,378,82,9.63,87.05,79.00,1601.00,15.90,124.00,78.00,8.43,79.00,8.10,647.18,32771895.00,6.10,6.10,0.46,10.80,57.50,
2008,41,84,9.79,72.85,71.00,1319.00,15.60,130.00,69.00,9.10,71.00,8.20,449.69,31663896.00,6.20,6.20,0.45,10.60,56.30,
2007,41,88,9.65,6.00,73.00,3776.00,15.20,137.00,7.00,9.76,73.00,8.40,41.86,359487.00,6.30,6.30,0.44,10.30,55.50,
2006,41,93,9.81,50.84,64.00,5736.00,14.80,145.00,62.00,9.86,64.00,8.60,336.46,2955662.00,6.40,6.40,0.43,10.60,54.90,
2005,446,99,10.09,44.53,64.00,22.00,14.50,155.00,59.00,9.36,64.00,8.70,315.79,2854394.00,6.50,6.50,0.43,10.90,53.20,
2004,485,104,9.89,36.61,62.00,141.00,14.20,164.00,58.00,8.90,62.00,8.90,288.24,27568436.00,6.60,6.60,0.43,11.60,51.30,
2003,53,109,10.16,4.43,44.00,29429.00,13.90,173.00,57.00,7.54,59.00,9.40,238.00,2662482.00,6.70,6.70,0.42,11.50,51.00,
2002,523,112,10.42,2.69,29.00,49871.00,13.60,181.00,57.00,7.78,57.00,10.00,24.24,2571848.00,6.80,6.80,0.40,11.00,48.80,
2001,539,115,10.57,26.98,null,48543.00,13.30,187.00,56.00,7.26,55.00,10.80,234.98,24854892.00,6.90,6.90,0.40,10.80,47.70,
2000,554,116,10.47,22.59,null,42554.00,13.00,191.00,55.00,6.77,52.00,11.60,257.63,2439274.00,7.00,7.00,0.38,9.80,46.60,
2015,195,4,null,0.00,22.00,105.00,61.30,5.00,51.00,null,23.00,0.20,2124.66,4515429.00,2.30,2.40,0.75,15.30,71.30,
2014,23,4,8.06,5.66,22.00,0.00,6.70,5.00,45.00,7.10,23.00,0.20,314.66,45271947.00,2.30,2.40,0.75,15.20,78.00,
2013,198,4,8.44,52.43,46.00,0.00,6.10,5.00,72.00,7.67,76.00,0.20,429.72,454896.00,2.30,2.40,0.74,15.20,71.00,
2012,25,5,8.44,453.78,46.00,12746.00,59.60,5.00,72.00,7.47,76.00,0.20,3855.42,455933.00,2.40,2.40,0.74,15.10,77.00,
2011,24,5,8.48,415.16,21.00,1333.00,59.00,5.00,54.00,6.98,5.00,0.20,3569.76,45761.00,2.40,2.50,0.73,14.90,75.00,
2010,212,5,8.39,375.68,48.00,39.00,58.50,6.00,57.00,7.81,52.00,0.20,2965.14,45877.00,2.40,2.50,0.73,14.90,69.80,
2009,231,5,8.71,324.55,66.00,0.00,58.00,6.00,74.00,7.80,71.00,0.30,2545.48,46533.00,2.50,2.60,0.73,14.90,69.20,
2008,273,5,9.46,456.46,84.00,48.00,57.60,6.00,91.00,6.63,9.00,0.40,3891.38,462582.00,2.50,2.60,0.73,14.90,67.70,
2007,277,5,8.86,46.20,92.00,1005.00,57.20,6.00,98.00,6.36,98.00,0.70,368.69,465935.00,2.50,2.70,0.72,14.80,67.50,
2006,267,5,7.99,29.38,96.00,42724.00,56.80,6.00,99.00,6.39,98.00,0.80,233.19,4678775.00,2.60,2.70,0.72,14.70,67.70,
2005,278,5,7.31,217.43,97.00,2392.00,56.40,6.00,95.00,6.41,96.00,0.90,1828.72,471515.00,2.70,2.80,0.71,14.50,67.00,
2004,267,5,6.79,180.35,98.00,146.00,56.10,6.00,99.00,6.61,99.00,1.00,1367.35,474516.00,2.70,2.80,0.70,14.60,67.40,
2003,256,6,5.92,21.22,77.00,411.00,55.70,6.00,99.00,6.93,97.00,0.90,148.52,4781295.00,2.80,2.90,0.69,14.30,67.60,
2002,256,6,4.89,115.74,48.00,7587.00,55.40,7.00,99.00,6.25,99.00,0.90,879.48,48225.00,2.90,3.00,0.68,13.90,67.60,
2001,253,6,4.31,8.90,7.00,16970.00,55.10,7.00,99.00,5.66,99.00,0.80,78.74,48683865.00,2.90,3.00,0.67,13.20,67.70,
2000,257,6,4.49,7.88,4.00,817.00,54.80,8.00,99.00,5.59,99.00,0.70,635.79,49175848.00,3.00,3.10,0.67,13.30,67.50,
2015,75,1,null,0.00,99.00,347.00,64.20,1.00,99.00,null,99.00,0.10,3911.75,null,5.30,5.10,0.84,13.30,77.10,
2014,77,1,1.91,3862.68,99.00,344.00,62.40,1.00,99.00,3.64,99.00,0.10,44449.74,null,5.20,5.00,0.83,13.30,76.90,
2013,78,1,1.82,377.20,98.00,0.00,6.50,1.00,98.00,3.49,98.00,0.10,4335.64,null,5.20,5.00,0.83,13.30,76.70,
2012,8,1,1.75,3663.76,96.00,132.00,58.60,1.00,96.00,3.45,96.00,0.10,42112.24,null,5.10,5.00,0.83,13.30,76.50,
2011,81,1,1.73,387.77,95.00,0.00,57.10,1.00,95.00,3.70,95.00,0.10,4462.31,null,5.10,4.90,0.82,13.30,76.30,
2010,82,1,1.69,308.07,94.00,87.00,55.80,1.00,94.00,3.93,94.00,0.10,3549.15,null,5.10,4.90,0.83,13.30,76.20,
2009,84,1,1.73,292.40,93.00,0.00,55.10,1.00,94.00,4.50,93.00,0.10,3372.58,null,5.10,4.90,0.83,13.20,76.00,
2008,85,1,1.86,4003.91,92.00,55.00,54.80,1.00,94.00,2.93,92.00,0.10,45758.96,null,5.10,4.90,0.83,13.10,75.80,
2007,87,1,1.69,3759.46,92.00,0.00,55.10,1.00,94.00,2.57,92.00,0.10,42672.61,null,5.10,4.90,0.83,12.90,75.60,
2006,89,1,1.74,3749.94,92.00,0.00,55.80,1.00,94.00,2.33,92.00,0.10,42372.22,null,5.10,4.90,0.82,12.80,75.40,
2005,92,1,1.79,3427.32,92.00,29.00,56.60,1.00,94.00,2.32,94.00,0.10,39439.82,null,5.10,4.90,0.82,12.60,75.30,
2004,95,1,1.77,2972.45,92.00,22.00,57.00,1.00,94.00,2.46,94.00,0.10,36161.18,null,5.20,4.90,0.81,12.40,75.10,
2003,98,1,1.74,277.18,92.00,42.00,56.80,1.00,94.00,2.65,94.00,0.10,3323.52,null,5.20,5.00,0.81,12.30,74.90,
2002,11,1,1.72,2598.84,92.00,53.00,56.00,1.00,94.00,2.72,94.00,0.10,31311.36,null,5.30,5.00,0.80,12.10,74.70,
2001,14,1,1.67,243.75,92.00,30.00,55.00,1.00,94.00,2.48,94.00,0.10,3161.53,null,5.30,5.10,0.80,12.00,74.50,
2000,17,1,1.64,262.96,92.00,69.00,54.10,1.00,94.00,2.38,94.00,0.10,3371.27,null,5.40,5.10,0.79,11.80,74.20,
2015,69,3,10.66,0.00,null,91.00,66.60,4.00,96.00,null,96.00,0.10,null,null,0.80,0.60,null,null,81.20,
2014,71,3,10.37,0.00,null,133.00,66.00,4.00,95.00,9.12,95.00,0.10,null,null,0.80,0.50,null,null,81.00,
2013,72,3,10.32,0.00,null,1919.00,65.40,4.00,95.00,9.34,95.00,0.10,null,null,0.80,0.50,null,null,87.00,
2012,72,3,10.42,0.00,null,2092.00,64.80,4.00,95.00,9.41,95.00,0.10,null,null,0.80,0.50,null,null,86.00,
2011,74,3,10.68,0.00,null,1112.00,64.20,4.00,95.00,9.34,95.00,0.10,null,null,0.80,0.50,null,null,86.00,
2010,77,3,10.88,0.00,null,443.00,63.60,4.00,94.00,9.51,94.00,0.10,null,null,0.80,0.50,null,null,82.00,
2009,78,4,10.79,0.00,null,1212.00,63.10,4.00,93.00,9.81,93.00,0.10,null,null,0.80,0.50,null,null,81.00,
2008,8,4,11.47,0.00,null,1445.00,62.50,4.00,92.00,8.85,92.00,0.10,null,null,0.80,0.50,null,null,79.60,
2007,8,4,11.84,0.00,null,1022.00,61.90,4.00,92.00,8.42,92.00,0.10,null,null,0.70,0.50,null,null,79.50,
2006,82,4,11.61,0.00,null,764.00,61.30,4.00,92.00,8.36,92.00,0.10,null,null,0.70,0.50,null,null,79.30,
2005,82,4,12.05,0.00,null,79.00,6.70,4.00,91.00,8.24,91.00,0.10,null,null,0.70,0.50,null,null,79.00,
2004,83,4,12.22,0.00,null,189.00,6.10,4.00,92.00,7.98,92.00,0.10,null,null,0.70,0.50,null,null,78.80,
2003,86,4,11.85,0.00,null,460.00,59.50,4.00,91.00,7.81,91.00,0.10,null,null,0.70,0.50,null,null,78.30,
2002,87,4,11.44,0.00,null,314.00,58.80,4.00,91.00,7.57,91.00,0.10,null,null,0.70,0.50,null,null,78.20,
2001,88,4,10.91,0.00,null,73.00,58.20,4.00,91.00,7.31,91.00,0.10,null,null,0.70,0.50,null,null,78.00,
2000,89,4,10.59,0.00,null,104.00,57.50,5.00,91.00,6.94,91.00,0.10,null,null,0.70,0.50,null,null,77.80,
2015,279,85,null,0.00,98.00,30.00,23.80,119.00,96.00,null,98.00,1.40,null,null,6.70,6.50,null,null,61.80,
2014,34,86,0.01,0.00,97.00,88.00,23.20,121.00,97.00,5.58,97.00,1.40,null,null,6.80,6.60,null,null,67.00,
2013,323,86,4.2,0.00,91.00,185.00,22.50,124.00,91.00,5.57,91.00,2.10,null,null,6.80,6.70,null,null,59.70,
2012,348,87,3.98,0.00,92.00,1668.00,21.90,126.00,9.00,5.72,92.00,2.40,null,null,6.90,6.80,null,null,58.60,
2011,348,88,4.04,0.00,9.00,1622.00,21.30,128.00,88.00,5.72,9.00,3.10,null,null,7.00,6.90,null,null,58.30,
2010,36,89,4.19,0.00,91.00,167.00,2.70,131.00,94.00,5.30,91.00,4.60,null,null,7.10,7.10,null,null,57.50,
2009,368,91,3.97,0.00,85.00,1574.00,2.20,135.00,88.00,3.97,85.00,6.40,null,null,7.20,7.20,null,null,56.90,
2008,376,92,3.44,0.00,86.00,3413.00,19.60,138.00,89.00,4.21,86.00,7.40,null,null,7.30,7.30,null,null,56.20,
2007,411,94,4.4,0.00,83.00,7726.00,19.10,141.00,88.00,4.72,83.00,8.50,null,null,7.50,7.40,null,null,54.50,
2006,437,96,4.07,0.00,9.00,2362.00,18.60,145.00,91.00,6.86,9.00,9.40,null,null,7.60,7.50,null,null,53.10,
2005,449,97,3.94,0.00,9.00,23.00,18.10,149.00,91.00,4.66,9.00,10.00,null,null,7.70,7.60,null,null,52.20,
2004,454,100,3.81,0.00,95.00,1419.00,17.70,154.00,95.00,4.10,95.00,10.80,null,null,7.80,7.80,null,null,51.50,
2003,459,103,2.34,0.00,95.00,1673.00,17.20,160.00,97.00,4.60,95.00,11.50,null,null,7.90,7.90,null,null,58.00,
2002,46,106,3.37,0.00,89.00,5131.00,16.80,166.00,91.00,3.59,89.00,12.10,null,null,8.00,8.00,null,null,52.00,
2001,46,110,4.09,0.00,null,11847.00,16.40,173.00,65.00,3.28,87.00,12.50,null,null,8.20,8.10,null,null,49.60,
2000,457,114,3.89,0.00,null,14649.00,16.00,181.00,64.00,2.64,79.00,12.80,null,null,8.30,8.30,null,null,49.20,
2015,13,23,null,0.00,92.00,188.00,69.60,26.00,93.00,null,95.00,0.10,null,null,0.80,0.60,null,null,79.30,
2014,14,23,8.82,0.00,92.00,667.00,69.10,27.00,93.00,17.14,95.00,0.10,null,null,0.80,0.60,null,null,79.10,
2013,16,23,8.82,0.00,91.00,187.00,68.60,27.00,93.00,16.90,94.00,0.10,null,null,0.70,0.60,null,null,78.90,
2012,16,24,8.82,0.00,9.00,55.00,68.00,28.00,93.00,17.20,94.00,0.10,null,null,0.70,0.60,null,null,78.80,
2011,16,25,8.67,0.00,91.00,220.00,67.50,29.00,94.00,17.60,96.00,0.10,null,null,0.70,0.60,null,null,78.70,
2010,15,25,8.55,0.00,92.00,63.00,66.90,30.00,93.00,17.20,95.00,0.10,null,null,0.70,0.60,null,null,78.70,
2009,18,26,8.71,0.00,92.00,71.00,66.30,31.00,93.00,17.00,95.00,0.10,null,null,0.70,0.60,null,null,78.50,
2008,18,27,8.74,0.00,94.00,140.00,65.70,31.00,94.00,16.20,96.00,0.10,null,null,0.70,0.60,null,null,78.20,
2007,11,27,8.74,0.00,93.00,43.00,65.10,32.00,93.00,15.57,96.00,0.10,null,null,0.70,0.60,null,null,78.10,
2006,113,28,8.63,0.00,93.00,55.00,64.40,33.00,93.00,15.27,96.00,0.10,null,null,0.70,0.60,null,null,77.80,
2005,112,28,8.52,0.00,93.00,66.00,63.80,33.00,92.00,15.15,96.00,0.10,null,null,0.70,0.60,null,null,77.50,
2004,111,28,8.48,0.00,92.00,37.00,63.10,33.00,92.00,15.14,96.00,0.10,null,null,0.70,0.60,null,null,77.50,
2003,114,28,8.4,0.00,92.00,56.00,62.40,33.00,91.00,15.60,96.00,0.10,null,null,0.70,0.60,null,null,77.20,
2002,115,28,8.33,0.00,88.00,41.00,61.70,33.00,9.00,14.55,94.00,0.10,null,null,0.80,0.60,null,null,77.00,
2001,115,28,8.25,0.00,89.00,116.00,6.90,33.00,89.00,13.73,94.00,0.10,null,null,0.80,0.60,null,null,76.90,
2000,114,28,8.21,0.00,9.00,85.00,6.10,33.00,9.00,13.70,94.00,0.10,null,null,0.80,0.70,null,null,76.80,
2015,116,0,null,0.00,95.00,0.00,64.00,0.00,95.00,null,95.00,0.10,15524.84,3431552.00,1.50,1.40,0.79,15.50,77.00,
2014,117,0,6.03,463.64,95.00,0.00,63.40,0.00,95.00,8.58,95.00,0.10,16737.90,3419546.00,1.50,1.40,0.79,15.50,76.80,
2013,117,0,5.82,482.80,94.00,0.00,62.90,0.00,94.00,8.68,94.00,0.10,16881.26,3485.00,1.50,1.40,0.79,15.50,76.80,
2012,118,0,5.77,339.72,95.00,0.00,62.30,0.00,95.00,8.74,95.00,0.10,1592.68,3396777.00,1.50,1.50,0.78,15.50,76.50,
2011,111,0,5.97,417.91,95.00,0.00,61.80,1.00,95.00,8.55,95.00,0.10,14166.50,3385624.00,1.50,1.50,0.78,15.50,77.00,
2010,118,0,6.21,2331.53,95.00,0.00,61.20,1.00,95.00,8.63,95.00,0.10,11938.21,3374415.00,1.50,1.50,0.78,15.60,76.30,
2009,118,0,6.67,1871.74,95.00,0.00,6.70,1.00,95.00,8.78,95.00,0.10,9415.17,3362755.00,1.50,1.50,0.77,15.50,76.60,
2008,119,1,6.76,24.73,94.00,0.00,6.10,1.00,94.00,8.17,94.00,0.10,962.31,335824.00,1.60,1.50,0.77,15.70,76.40,
2007,124,1,6.67,14.47,94.00,0.00,59.50,1.00,94.00,8.23,94.00,0.10,79.70,3339741.00,1.60,1.50,0.76,15.30,75.40,
2006,117,1,6.58,1712.23,95.00,0.00,58.90,1.00,95.00,11.17,95.00,0.10,5877.88,333143.00,1.60,1.60,0.76,15.20,76.20,
2005,123,1,6.35,152.54,96.00,0.00,58.30,1.00,96.00,11.15,96.00,0.10,522.95,3325612.00,1.60,1.60,0.75,15.50,75.70,
2004,122,1,5.66,882.36,94.00,0.00,57.70,1.00,95.00,11.59,94.00,0.10,4117.39,332496.00,1.70,1.60,0.75,15.50,75.40,
2003,121,1,5.11,160.84,91.00,0.00,57.00,1.00,91.00,6.52,91.00,0.10,3622.52,3325637.00,1.70,1.60,0.75,15.00,75.40,
2002,124,1,5.86,27.47,95.00,0.00,56.30,1.00,93.00,7.18,95.00,0.10,488.77,3327773.00,1.70,1.70,0.75,14.70,75.40,
2001,123,1,6.48,421.48,94.00,0.00,55.70,1.00,94.00,7.46,94.00,0.10,6281.38,332713.00,1.80,1.70,0.74,14.20,75.20,
2000,131,1,6.65,645.96,92.00,0.00,55.00,1.00,92.00,7.82,9.00,0.10,6871.90,3321245.00,1.80,1.70,0.74,14.00,75.10,
2015,184,15,null,0.00,99.00,22.00,44.70,17.00,99.00,null,99.00,0.10,2137.58,312989.00,3.00,3.10,0.70,12.10,69.40,
2014,184,16,0.01,0.44,99.00,8.00,43.90,18.00,99.00,5.84,99.00,0.10,25.45,37577.00,3.00,3.10,0.69,12.10,69.20,
2013,185,17,0.01,19.16,99.00,0.00,43.00,19.00,99.00,6.32,99.00,0.10,197.55,32432.00,3.00,3.10,0.68,12.00,69.10,
2012,184,18,0.01,16.71,99.00,0.00,42.20,21.00,99.00,6.49,99.00,0.10,174.47,297745.00,3.00,3.10,0.67,12.00,68.80,
2011,183,19,2.83,140.69,99.00,476.00,41.40,22.00,99.00,5.65,99.00,0.10,1564.97,293394.00,3.00,3.10,0.66,12.00,68.50,
2010,183,20,2.73,119.46,99.00,117.00,4.70,23.00,99.00,5.34,99.00,0.20,1377.82,285624.00,3.00,3.10,0.66,11.90,68.30,
2009,183,21,2.56,92.81,98.00,0.00,4.00,24.00,99.00,6.31,98.00,0.20,1213.27,277674.00,3.10,3.10,0.65,11.80,68.00,
2008,184,22,2.36,13.89,91.00,2.00,39.30,25.00,98.00,5.92,98.00,0.30,182.29,27328.00,3.10,3.10,0.64,11.90,67.90,
2007,184,22,2.15,9.29,99.00,863.00,38.70,26.00,98.00,5.81,96.00,0.30,83.48,26868.00,3.10,3.10,0.63,11.80,67.80,
2006,185,23,1.96,77.27,98.00,823.00,38.10,27.00,94.00,5.49,96.00,0.40,654.28,2648825.00,3.20,3.20,0.63,11.80,67.60,
2005,192,24,1.78,40.13,99.00,737.00,37.50,28.00,99.00,5.11,99.00,0.30,546.78,26167.00,3.20,3.20,0.62,11.70,67.30,
2004,183,24,1.59,34.42,99.00,75.00,37.00,29.00,99.00,5.11,99.00,0.30,465.12,2586435.00,3.20,3.20,0.61,11.60,67.80,
2003,183,25,1.54,28.52,99.00,85.00,36.40,30.00,99.00,5.17,98.00,0.30,396.13,2556765.00,3.30,3.30,0.61,11.30,67.20,
2002,186,27,1.47,24.99,62.00,25.00,35.90,32.00,99.00,5.44,99.00,0.20,383.35,2527185.00,3.30,3.30,0.60,11.00,67.10,
2001,185,28,1.53,43.66,null,22.00,35.30,34.00,99.00,5.28,99.00,0.20,456.73,2496445.00,3.40,3.30,0.59,10.70,67.40,
2000,189,30,1.6,48.51,null,80.00,34.80,36.00,99.00,5.29,99.00,0.10,558.22,24654.00,3.40,3.40,0.00,10.60,67.10,
2015,13,0,null,0.00,64.00,39.00,53.30,0.00,65.00,null,64.00,0.10,285.83,26463.00,1.50,1.40,0.60,10.80,72.00,
2014,134,0,0.01,564.82,64.00,10.00,52.50,0.00,65.00,5.20,64.00,0.10,3148.37,25885.00,1.50,1.40,0.60,10.80,71.70,
2013,135,0,0.01,447.55,64.00,0.00,51.70,0.00,65.00,3.92,64.00,0.10,3167.34,253142.00,1.50,1.40,0.59,10.80,71.60,
2012,138,0,0.01,427.99,64.00,0.00,5.80,0.00,65.00,3.70,64.00,0.10,3158.59,247485.00,1.50,1.40,0.59,10.80,71.40,
2011,141,0,0.85,457.97,63.00,0.00,49.90,0.00,65.00,3.85,65.00,0.10,3275.92,241871.00,1.50,1.40,0.59,10.80,71.20,
2010,145,0,0.91,471.86,62.00,0.00,49.10,0.00,66.00,4.71,65.00,0.10,2965.82,236295.00,1.50,1.40,0.59,10.80,71.00,
2009,149,0,0.83,361.09,62.00,0.00,48.20,0.00,66.00,3.90,66.00,0.10,2643.44,23785.00,1.50,1.50,0.59,10.70,78.00,
2008,153,0,1.18,345.34,61.00,0.00,47.40,0.00,66.00,3.66,67.00,0.10,2697.96,22534.00,1.50,1.50,0.58,10.70,75.00,
2007,157,0,1.01,342.49,6.00,0.00,46.60,0.00,67.00,3.67,67.00,0.10,2393.37,219953.00,1.60,1.50,0.58,10.70,73.00,
2006,161,0,1,43.20,59.00,0.00,45.70,0.00,67.00,3.96,68.00,0.10,247.98,214634.00,1.60,1.50,0.57,10.60,71.00,
2005,165,0,0.88,337.29,61.00,3.00,44.90,0.00,67.00,3.87,68.00,0.10,1886.43,2937.00,1.60,1.50,0.00,10.60,69.90,
2004,169,0,0.85,334.17,63.00,0.00,44.10,0.00,67.00,4.12,69.00,0.10,1787.95,24143.00,1.60,1.50,0.00,10.70,69.60,
2003,173,0,1.2,27.30,64.00,165.00,43.30,0.00,67.00,4.20,69.00,0.10,158.53,198964.00,1.60,1.60,0.00,10.40,69.40,
2002,176,0,1.24,171.14,66.00,101.00,42.60,0.00,67.00,3.52,7.00,0.10,1353.93,193956.00,1.70,1.60,0.00,10.20,69.30,
2001,179,0,0.91,163.11,68.00,7.00,41.90,0.00,67.00,3.37,7.00,0.10,1362.62,18929.00,1.70,1.60,0.00,10.10,69.10,
2000,18,0,1.21,21.90,7.00,9.00,41.10,0.00,67.00,3.28,71.00,0.10,1469.85,18563.00,1.70,1.70,0.00,9.60,69.00,
2015,157,9,null,0.00,87.00,0.00,62.10,10.00,87.00,null,87.00,0.10,null,null,1.60,1.50,0.77,14.30,74.10,
2014,158,9,6.47,0.00,78.00,0.00,61.50,10.00,79.00,5.26,78.00,0.10,null,null,1.60,1.50,0.77,14.20,73.90,
2013,159,9,6.71,0.00,82.00,0.00,61.00,10.00,82.00,4.94,82.00,0.10,null,null,1.60,1.50,0.77,14.20,73.80,
2012,161,9,6.7,0.00,81.00,1.00,6.40,10.00,73.00,4.80,81.00,0.10,null,null,1.60,1.50,0.77,14.10,73.70,
2011,158,9,6.74,0.00,78.00,0.00,59.90,10.00,78.00,5.24,78.00,0.10,null,null,1.60,1.50,0.76,14.10,73.80,
2010,158,9,7.22,0.00,78.00,0.00,59.30,10.00,74.00,5.40,78.00,0.10,null,null,1.60,1.50,0.75,14.00,73.70,
2009,166,9,7.59,0.00,84.00,0.00,58.80,10.00,75.00,5.81,84.00,0.10,null,null,1.60,1.50,0.75,14.00,73.60,
2008,168,9,8.18,0.00,53.00,0.00,58.20,10.00,76.00,3.98,5.00,0.10,null,null,1.60,1.50,0.75,13.40,73.20,
2007,165,9,8.7,0.00,62.00,32.00,57.60,10.00,67.00,5.25,62.00,0.10,null,null,1.60,1.50,0.73,12.90,73.40,
2006,163,9,8.27,0.00,71.00,78.00,57.10,11.00,73.00,4.85,71.00,0.10,null,null,1.60,1.60,0.71,12.40,73.60,
2005,158,9,7.92,0.00,88.00,0.00,56.50,11.00,8.00,4.69,87.00,0.10,null,null,1.70,1.60,0.70,11.80,73.60,
2004,161,10,7.55,0.00,82.00,0.00,55.90,11.00,83.00,4.78,86.00,0.10,null,null,1.70,1.60,0.69,11.60,73.30,
2003,172,10,6.3,0.00,72.00,0.00,55.30,12.00,86.00,4.93,68.00,0.10,null,null,1.70,1.60,0.69,11.60,72.40,
2002,167,10,6.89,0.00,6.00,2392.00,54.70,12.00,81.00,4.93,65.00,0.10,null,null,1.70,1.70,0.68,11.00,73.10,
2001,169,10,8.05,0.00,53.00,115.00,54.10,12.00,87.00,5.21,7.00,0.10,null,null,1.80,1.70,0.67,10.40,72.50,
2000,168,11,8.01,0.00,5.00,22.00,53.40,13.00,86.00,4.91,77.00,0.10,null,null,1.80,1.70,0.67,10.60,72.50,
2015,127,28,null,0.00,97.00,256.00,17.50,35.00,97.00,null,97.00,0.10,null,null,14.20,14.50,0.68,12.60,76.00,
2014,128,28,4.09,0.00,95.00,15033.00,16.70,35.00,96.00,7.70,95.00,0.10,null,null,14.30,14.70,0.68,12.50,75.90,
2013,129,28,4,0.00,59.00,1123.00,16.00,35.00,93.00,7.17,59.00,0.10,null,null,14.30,14.90,0.67,12.30,75.70,
2012,13,29,4.12,0.00,97.00,578.00,15.30,36.00,97.00,6.96,97.00,0.10,null,null,14.40,15.00,0.66,12.20,75.60,
2011,131,29,3.94,0.00,95.00,750.00,14.70,36.00,96.00,6.20,95.00,0.10,null,null,14.40,15.20,0.66,12.00,75.40,
2010,133,29,3.93,0.00,88.00,2809.00,14.00,35.00,94.00,6.36,93.00,0.10,null,null,14.50,15.40,0.65,11.90,75.20,
2009,134,29,3.86,0.00,94.00,6582.00,13.40,35.00,97.00,6.40,96.00,0.10,null,null,14.60,15.50,0.64,11.70,75.00,
2008,135,28,3.58,0.00,87.00,352.00,12.90,35.00,93.00,5.53,93.00,0.20,null,null,14.70,15.70,0.63,11.60,74.90,
2007,136,28,3.01,0.00,67.00,17.00,12.30,35.00,92.00,6.90,92.00,0.20,null,null,14.90,15.80,0.63,11.40,74.70,
2006,136,28,2.56,0.00,93.00,1978.00,11.80,35.00,94.00,5.56,94.00,0.20,null,null,15.10,15.90,0.62,11.30,74.60,
2005,136,29,2.7,0.00,94.00,410.00,11.30,36.00,94.00,5.38,95.00,0.20,null,null,15.30,16.00,0.61,11.10,74.40,
2004,136,29,2.86,0.00,94.00,217.00,1.90,36.00,96.00,5.90,96.00,0.20,null,null,15.40,16.10,0.60,11.00,74.20,
2003,137,30,2.19,0.00,78.00,2297.00,1.40,37.00,96.00,4.84,99.00,0.20,null,null,15.60,16.20,0.59,10.90,74.00,
2002,137,30,2.03,0.00,null,6755.00,1.00,39.00,92.00,4.70,75.00,0.20,null,null,15.60,16.30,0.58,10.70,73.80,
2001,138,32,1.84,0.00,null,12058.00,9.60,41.00,96.00,5.17,96.00,0.10,null,null,15.70,16.40,0.58,10.60,73.60,
2000,139,33,1.6,0.00,null,16512.00,9.20,43.00,96.00,4.89,96.00,0.10,null,null,15.80,16.40,0.57,10.40,73.40,
2015,224,37,null,0.00,69.00,468.00,41.30,47.00,63.00,null,69.00,0.10,null,null,13.60,13.40,0.50,9.00,65.70,
2014,228,37,0.01,0.00,73.00,815.00,4.40,47.00,67.00,5.64,73.00,0.10,null,null,13.70,13.50,0.50,9.00,65.40,
2013,226,36,0.04,0.00,73.00,400.00,39.60,46.00,67.00,5.78,73.00,0.10,null,null,13.70,13.50,0.50,9.00,65.40,
2012,236,36,0.04,0.00,67.00,2177.00,38.70,46.00,68.00,5.73,67.00,0.10,null,null,13.70,13.60,0.49,9.00,64.70,
2011,234,35,0.04,0.00,69.00,2676.00,37.90,45.00,69.00,5.40,69.00,0.10,null,null,13.70,13.60,0.49,8.60,64.60,
2010,233,35,0.06,0.00,76.00,510.00,37.20,45.00,77.00,5.17,76.00,0.10,null,null,13.70,13.70,0.49,8.50,64.40,
2009,235,36,0.03,0.00,76.00,130.00,36.40,46.00,76.00,5.32,76.00,0.10,null,null,13.80,13.70,0.48,8.40,64.10,
2008,238,37,0.04,0.00,78.00,7.00,35.70,47.00,78.00,5.12,78.00,0.10,null,null,13.80,13.70,0.48,8.50,63.80,
2007,24,38,0.05,0.00,79.00,13.00,35.10,49.00,79.00,4.92,79.00,0.10,null,null,13.80,13.80,0.48,8.60,63.40,
2006,242,39,0.04,0.00,78.00,8079.00,34.50,51.00,78.00,4.82,78.00,0.10,null,null,13.90,13.80,0.47,8.70,63.00,
2005,245,40,0.04,0.00,8.00,6285.00,33.90,53.00,8.00,4.58,79.00,0.10,null,null,13.90,13.80,0.47,8.60,62.60,
2004,247,42,0.06,0.00,43.00,12708.00,33.30,56.00,72.00,4.90,72.00,0.10,null,null,13.90,13.90,0.46,8.40,62.20,
2003,249,43,0.04,0.00,38.00,8536.00,32.70,58.00,61.00,5.00,61.00,0.10,null,null,14.00,13.90,0.46,8.20,61.90,
2002,25,45,0.07,0.00,31.00,890.00,32.20,61.00,64.00,4.22,65.00,0.10,null,null,14.00,14.00,0.45,8.00,61.50,
2001,251,46,0.08,0.00,19.00,485.00,31.70,63.00,73.00,4.34,73.00,0.10,null,null,14.00,14.00,0.44,7.90,61.10,
2000,252,48,0.07,0.00,14.00,0.00,31.20,66.00,74.00,4.14,74.00,0.10,null,null,14.10,14.10,0.44,7.70,68.00,
2015,33,27,null,0.00,9.00,9.00,23.40,40.00,9.00,null,9.00,4.10,1313.89,161587.00,6.30,6.10,0.58,12.50,61.80,
2014,314,28,0.01,196.67,86.00,9.00,22.80,41.00,78.00,4.99,86.00,4.30,1738.88,1562974.00,6.30,6.20,0.57,12.50,61.10,
2013,328,29,2.41,20.62,79.00,35.00,22.30,42.00,74.00,4.99,79.00,4.80,185.79,1515321.00,6.40,6.20,0.56,12.50,63.00,
2012,349,29,2.59,196.92,78.00,896.00,21.70,43.00,7.00,4.91,78.00,5.60,1734.94,14699937.00,6.50,6.30,0.55,12.30,59.20,
2011,366,29,2.57,183.05,81.00,13234.00,21.20,44.00,83.00,4.26,81.00,6.30,1644.62,14264756.00,6.60,6.40,0.54,12.00,58.20,
2010,363,30,2.47,184.36,83.00,15754.00,2.70,45.00,8.00,4.41,83.00,6.80,1463.21,138533.00,6.70,6.50,0.53,11.80,58.00,
2009,368,30,2.3,143.87,94.00,26.00,2.20,47.00,93.00,4.73,94.00,9.10,1139.11,13456417.00,6.70,6.60,0.52,11.60,57.40,
2008,45,31,2.12,153.68,87.00,140.00,19.70,49.00,9.00,4.87,87.00,11.90,1369.68,1382517.00,6.80,6.70,0.50,11.40,55.70,
2007,487,32,2.08,10.85,8.00,535.00,19.20,51.00,77.00,4.37,8.00,13.60,114.59,12725974.00,6.90,6.80,0.49,11.10,52.60,
2006,526,33,2.25,1.86,81.00,459.00,18.80,52.00,83.00,6.11,81.00,15.90,13.15,12383446.00,7.00,6.90,0.48,10.90,58.00,
2005,554,34,2.33,121.88,82.00,45.00,18.40,55.00,84.00,7.56,82.00,17.00,691.32,1252156.00,7.10,7.00,0.47,10.70,49.30,
2004,578,36,2.46,8.37,null,35.00,18.00,59.00,84.00,7.33,83.00,17.60,53.28,11731746.00,7.20,7.10,0.46,10.50,47.90,
2003,64,39,2.33,65.79,null,881.00,17.60,62.00,85.00,8.18,83.00,18.20,429.16,11421984.00,7.30,7.20,0.44,10.20,46.40,
2002,69,41,2.44,54.04,null,25036.00,17.30,66.00,85.00,6.93,84.00,18.40,377.14,111249.00,7.40,7.30,0.43,10.00,45.50,
2001,611,43,2.61,46.83,null,16997.00,17.10,70.00,86.00,6.56,85.00,18.60,378.27,1824125.00,7.40,7.40,0.42,9.80,44.60,
2000,614,44,2.62,45.62,null,30930.00,16.80,72.00,85.00,7.16,85.00,18.70,341.96,1531221.00,7.50,7.50,0.42,9.60,43.80,
2015,336,22,null,0.00,87.00,0.00,31.80,32.00,88.00,null,87.00,6.20,118.69,15777451.00,5.60,5.50,0.51,10.30,67.00,
2014,371,23,6.5,10.82,91.00,0.00,31.30,34.00,92.00,6.44,91.00,6.30,127.47,15411675.00,5.90,5.70,0.50,10.30,59.20,
2013,399,25,6.39,10.67,95.00,0.00,3.80,36.00,95.00,6.88,95.00,6.80,111.23,155456.00,6.20,6.00,0.49,10.40,58.00,
2012,429,26,6.09,92.60,97.00,0.00,3.30,39.00,95.00,6.69,95.00,8.80,955.65,1471826.00,6.50,6.40,0.46,9.80,56.60,
2011,464,28,6,63.75,94.00,0.00,29.90,42.00,93.00,6.31,93.00,13.30,839.93,14386649.00,6.80,6.70,0.45,10.10,54.90,
2010,527,29,5.21,53.31,9.00,9696.00,29.40,44.00,89.00,5.37,89.00,15.70,713.64,1486317.00,7.10,7.00,0.44,10.00,52.40,
2009,587,30,4.64,1.04,73.00,853.00,29.00,45.00,69.00,6.26,73.00,18.10,65.82,1381599.00,7.50,7.40,0.42,9.90,50.00,
2008,632,30,3.56,20.84,75.00,0.00,28.60,46.00,75.00,4.96,75.00,20.50,325.68,13558469.00,7.80,7.80,0.42,9.70,48.20,
2007,67,29,3.88,29.81,72.00,242.00,28.20,46.00,73.00,4.47,73.00,23.70,397.00,1332999.00,8.20,8.20,0.41,9.60,46.60,
2006,7,28,4.57,34.26,68.00,212.00,27.90,45.00,71.00,5.12,7.00,26.80,414.80,13124267.00,8.60,8.60,0.41,9.50,45.40,
2005,717,28,4.14,8.72,65.00,420.00,27.50,43.00,69.00,6.44,68.00,30.30,444.77,129432.00,9.00,9.00,0.41,9.30,44.60,
2004,723,27,4.36,0.00,68.00,31.00,27.10,42.00,67.00,7.13,65.00,33.60,454.37,12777511.00,9.40,9.40,0.41,9.20,44.30,
2003,715,26,4.06,0.00,7.00,998.00,26.70,41.00,7.00,6.52,68.00,36.70,453.35,12633897.00,9.80,9.90,0.42,9.50,44.50,
2002,73,25,4.43,0.00,73.00,304.00,26.30,40.00,73.00,6.53,71.00,39.80,57.35,125525.00,1.20,1.30,0.43,10.00,44.80,
2001,686,25,1.72,0.00,76.00,529.00,25.90,39.00,76.00,6.16,75.00,42.10,548.59,12366165.00,1.60,1.70,0.43,9.80,45.30,
2000,665,24,1.68,0.00,79.00,1483.00,25.50,39.00,78.00,7.10,78.00,43.50,547.36,12222251.00,11.00,11.20,0.43,9.80,46.00,
