RowID,OrderID,ShipDate,ShipMode,CustomerID,PostalCode,sales,profit,ProductID,City
9400,CA-2016-103128,2016-11-15,Standard Class,SC-20845,60004,14.11,1.23,OFF-AR-10003394,Arlington Heights
2373,CA-2016-159940,2016-07-11,Second Class,BF-11020,60505,2.63,0.82,OFF-FA-10000936,Aurora
9392,CA-2017-162474,2017-03-16,First Class,FH-14275,60505,7.99,2.60,TEC-PH-10004700,Aurora
659,US-2016-156097,2016-09-19,Same Day,EH-14125,60505,2.31,-3.46,OFF-BI-10004654,Aurora
8271,CA-2017-121790,2017-02-06,Standard Class,LP-17095,60505,9.34,3.15,OFF-AR-10003602,Aurora
4358,CA-2017-162565,2017-12-11,Same Day,RR-19315,60505,10.37,3.63,OFF-PA-10001937,Aurora
8327,CA-2017-103478,2017-07-24,Second Class,KL-16555,60505,2.86,-4.58,OFF-BI-10001890,Aurora
2374,CA-2016-159940,2016-07-11,Second Class,BF-11020,60505,23.69,7.70,OFF-PA-10001609,Aurora
1577,CA-2016-109057,2016-04-27,Standard Class,TT-21460,60505,23.95,2.40,OFF-ST-10002406,Aurora
8269,CA-2017-121790,2017-02-06,Standard Class,LP-17095,60505,31.68,2.77,OFF-SU-10004231,Aurora
8248,CA-2015-129217,2015-05-10,Same Day,DP-13390,60505,36.78,3.68,OFF-AR-10004602,Aurora
2208,US-2014-103905,2014-07-20,Standard Class,AW-10930,60505,38.27,3.83,TEC-PH-10001552,Aurora
8882,CA-2016-135594,2016-07-03,Second Class,AH-10120,60505,50.12,-0.63,TEC-AC-10003038,Aurora
2207,US-2014-103905,2014-07-20,Standard Class,AW-10930,60505,29.93,-46.39,OFF-BI-10001098,Aurora
2372,CA-2016-159940,2016-07-11,Second Class,BF-11020,60505,60.29,-27.13,FUR-FU-10004973,Aurora
1396,US-2017-117247,2017-10-14,Standard Class,CK-12760,60505,66.64,-42.65,FUR-TA-10001676,Aurora
8268,CA-2017-121790,2017-02-06,Standard Class,LP-17095,60505,69.38,-47.17,FUR-TA-10003469,Aurora
2643,CA-2016-124051,2016-12-30,First Class,KA-16525,60505,186.05,67.44,OFF-PA-10001289,Aurora
4359,CA-2017-162565,2017-12-11,Same Day,RR-19315,60505,77.72,-66.06,FUR-FU-10004306,Aurora
6949,CA-2015-130365,2015-04-29,Standard Class,ZC-21910,60505,128.06,-23.78,FUR-CH-10003535,Aurora
1382,US-2016-100566,2016-09-09,Standard Class,JK-16120,60505,83.95,-90.25,FUR-FU-10003394,Aurora
9745,CA-2017-141782,2017-01-25,Standard Class,BE-11410,60505,268.58,90.64,OFF-EN-10002230,Aurora
8328,CA-2017-103478,2017-07-24,Second Class,KL-16555,60505,94.19,-164.84,OFF-BI-10004224,Aurora
8247,CA-2015-129217,2015-05-10,Same Day,DP-13390,60505,70.97,-191.62,OFF-AP-10002439,Aurora
2375,CA-2016-159940,2016-07-11,Second Class,BF-11020,60505,253.37,-14.48,FUR-CH-10000785,Aurora
3107,CA-2017-127460,2017-07-14,Standard Class,FG-14260,60505,298.46,26.12,OFF-ST-10004340,Aurora
6948,CA-2015-130365,2015-04-29,Standard Class,ZC-21910,60505,221.02,-55.26,OFF-ST-10002574,Aurora
8944,CA-2017-111717,2017-10-16,Standard Class,SW-20245,60505,239.36,-47.87,FUR-CH-10001545,Aurora
4722,CA-2014-106229,2014-06-11,Second Class,NR-18550,60505,268.94,-209.77,FUR-TA-10002041,Aurora
4360,CA-2017-162565,2017-12-11,Same Day,RR-19315,60505,520.46,-14.87,FUR-CH-10003973,Aurora
7879,CA-2016-160241,2016-12-04,Second Class,DR-12940,60505,242.18,-302.72,FUR-FU-10003806,Aurora
658,US-2016-156097,2016-09-19,Same Day,EH-14125,60505,701.37,-50.10,FUR-CH-10001215,Aurora
1395,US-2017-117247,2017-10-14,Standard Class,CK-12760,60505,652.45,-430.62,FUR-TA-10002958,Aurora
3520,CA-2015-124975,2015-06-25,First Class,MG-17875,60505,796.42,-525.64,FUR-TA-10002645,Aurora
8270,CA-2017-121790,2017-02-06,Standard Class,LP-17095,60505,2003.17,250.40,TEC-PH-10002584,Aurora
9725,CA-2015-117898,2015-12-11,Standard Class,TB-21250,61701,12.22,4.43,OFF-EN-10004459,Bloomington
6687,US-2015-129637,2015-12-22,Standard Class,MC-18100,61701,13.12,1.48,OFF-AR-10003829,Bloomington
1174,US-2015-104430,2015-10-26,Standard Class,LT-17110,61701,5.18,-7.76,OFF-BI-10000301,Bloomington
9208,CA-2017-140781,2017-08-07,Standard Class,AB-10105,61701,39.82,7.47,TEC-AC-10000682,Bloomington
7377,US-2017-145597,2017-11-05,First Class,GG-14650,61701,54.34,5.43,OFF-AR-10001958,Bloomington
6686,US-2015-129637,2015-12-22,Standard Class,MC-18100,61701,41.55,-19.74,FUR-FU-10000965,Bloomington
6685,US-2015-129637,2015-12-22,Standard Class,MC-18100,61701,180.02,-15.75,OFF-ST-10003716,Bloomington
126,US-2014-134614,2014-09-25,Standard Class,PF-19165,61701,617.70,-407.68,FUR-TA-10004534,Bloomington
3095,CA-2015-114468,2015-08-23,Same Day,TD-20995,60440,10.37,3.63,OFF-PA-10000809,Bolingbrook
3096,CA-2015-114468,2015-08-23,Same Day,TD-20995,60440,12.03,2.26,OFF-FA-10003021,Bolingbrook
3097,CA-2015-114468,2015-08-23,Same Day,TD-20995,60440,5.77,-13.55,OFF-AP-10000696,Bolingbrook
3895,US-2014-112200,2014-11-28,Standard Class,TC-21475,60440,9.98,-16.47,OFF-BI-10002571,Bolingbrook
3094,CA-2015-114468,2015-08-23,Same Day,TD-20995,60440,31.68,2.77,OFF-SU-10004231,Bolingbrook
7454,CA-2017-134796,2017-06-30,Standard Class,FM-14380,60440,148.48,16.70,TEC-PH-10003505,Bolingbrook
9140,CA-2014-106971,2014-09-08,Standard Class,BM-11785,60089,475.94,95.19,TEC-AC-10000844,Buffalo Grove
5751,CA-2014-145800,2014-06-05,Standard Class,SS-20410,60089,355.45,-184.84,FUR-TA-10001539,Buffalo Grove
3493,CA-2015-157322,2015-07-06,Standard Class,RH-19600,60188,11.17,3.77,OFF-PA-10000659,Carol Stream
3491,CA-2015-157322,2015-07-06,Standard Class,RH-19600,60188,68.60,6.00,OFF-ST-10004507,Carol Stream
3492,CA-2015-157322,2015-07-06,Standard Class,RH-19600,60188,435.50,48.99,OFF-ST-10003208,Carol Stream
3489,CA-2015-157322,2015-07-06,Standard Class,RH-19600,60188,408.42,-5.83,FUR-CH-10004086,Carol Stream
3490,CA-2015-157322,2015-07-06,Standard Class,RH-19600,60188,382.12,-92.80,FUR-CH-10003774,Carol Stream
3865,CA-2015-157133,2015-12-03,Standard Class,LC-16885,61821,151.96,-182.35,FUR-FU-10004904,Champaign
9164,CA-2015-164007,2015-06-12,Standard Class,MG-17695,60610,2.38,0.74,TEC-AC-10003433,Chicago
8659,CA-2016-168361,2016-06-25,Standard Class,KB-16600,60623,0.84,-1.34,OFF-BI-10003727,Chicago
1974,CA-2014-148950,2014-12-19,Standard Class,JD-16015,60610,2.90,0.47,OFF-FA-10003059,Chicago
6556,CA-2014-137092,2014-10-22,Second Class,LS-16975,60653,3.81,1.24,OFF-PA-10002109,Chicago
8184,CA-2017-155642,2017-05-22,Standard Class,BM-11575,60653,1.89,-0.99,FUR-FU-10001918,Chicago
8776,CA-2016-163636,2016-12-09,Second Class,MP-18175,60623,3.54,0.31,OFF-AR-10001547,Chicago
3334,CA-2017-122595,2017-12-20,Standard Class,GM-14455,60653,2.03,-1.32,FUR-FU-10002963,Chicago
1824,CA-2016-168956,2016-02-20,Standard Class,EA-14035,60623,5.18,1.81,OFF-PA-10000809,Chicago
7445,CA-2017-127474,2017-02-07,Second Class,RD-19810,60610,5.18,1.81,OFF-PA-10001166,Chicago
2690,CA-2014-123064,2014-07-02,First Class,RA-19915,60653,5.25,1.64,OFF-AR-10004582,Chicago
6109,CA-2016-150007,2016-09-16,Standard Class,AS-10090,60653,6.00,2.10,OFF-LA-10001982,Chicago
9475,CA-2015-100818,2015-06-05,Second Class,JM-15265,60653,5.90,1.99,OFF-LA-10000443,Chicago
5541,US-2017-150595,2017-05-26,Standard Class,LE-16810,60653,1.59,-2.63,OFF-BI-10003274,Chicago
8983,CA-2016-110898,2016-03-12,Standard Class,LC-16870,60623,1.73,-2.76,OFF-BI-10004656,Chicago
6446,CA-2015-151785,2015-03-10,Standard Class,JJ-15445,60623,7.10,2.49,OFF-FA-10000611,Chicago
9751,CA-2016-113390,2016-10-15,Standard Class,EP-13915,60610,5.34,0.67,OFF-AR-10003183,Chicago
7792,CA-2016-108364,2016-12-24,Standard Class,BP-11050,60623,1.80,-2.88,OFF-BI-10002012,Chicago
9379,CA-2016-117625,2016-05-15,Standard Class,GM-14500,60610,7.07,2.39,OFF-EN-10001535,Chicago
102,CA-2016-158568,2016-09-02,Standard Class,RB-19465,60610,1.79,-3.04,OFF-BI-10002609,Chicago
3765,CA-2017-125878,2017-03-02,Standard Class,MH-18025,60623,1.79,-3.04,OFF-BI-10002609,Chicago
6506,CA-2016-152331,2016-06-30,Standard Class,LD-16855,60653,5.30,0.46,OFF-AR-10001547,Chicago
3253,CA-2017-110373,2017-10-30,Second Class,MA-17560,60610,7.06,2.21,OFF-AR-10003045,Chicago
3725,CA-2017-127264,2017-04-05,First Class,SA-20830,60653,7.06,2.21,OFF-AR-10003045,Chicago
8186,CA-2015-136728,2015-09-17,Second Class,AG-10900,60623,7.82,2.93,OFF-EN-10002621,Chicago
4547,CA-2015-126557,2015-07-17,Second Class,RL-19615,60610,1.93,-2.99,OFF-BI-10003314,Chicago
1822,CA-2016-168956,2016-02-20,Standard Class,EA-14035,60623,6.98,1.83,OFF-FA-10000304,Chicago
6110,CA-2016-150007,2016-09-16,Standard Class,AS-10090,60653,1.91,-3.24,OFF-BI-10004141,Chicago
7788,US-2016-117037,2016-05-20,First Class,LW-17215,60653,7.90,2.47,OFF-FA-10000936,Chicago
9809,CA-2017-145093,2017-07-26,Standard Class,PT-19090,60623,2.11,-3.38,OFF-BI-10001116,Chicago
7852,CA-2014-169649,2014-12-15,Standard Class,TS-21205,60653,8.45,2.96,OFF-PA-10000143,Chicago
7322,CA-2017-167626,2017-09-07,Standard Class,MY-18295,60623,8.90,3.34,OFF-PA-10003424,Chicago
1971,CA-2017-140242,2017-05-11,Standard Class,ML-17755,60623,6.41,0.64,OFF-AR-10004752,Chicago
4436,CA-2016-163398,2016-05-08,Standard Class,CB-12415,60653,2.18,-3.60,OFF-BI-10000014,Chicago
9407,CA-2014-152618,2014-03-17,First Class,RB-19465,60653,8.45,2.64,OFF-PA-10001215,Chicago
1044,CA-2017-115651,2017-07-12,First Class,NS-18640,60610,8.84,2.98,OFF-AR-10001130,Chicago
7071,CA-2016-164490,2016-09-10,Second Class,SU-20665,60653,9.25,3.35,OFF-PA-10004971,Chicago
3515,CA-2017-140326,2017-09-06,First Class,HW-14935,60653,6.91,0.86,OFF-AR-10001149,Chicago
7455,CA-2016-137743,2016-08-04,Standard Class,KH-16360,60623,9.25,3.12,OFF-LA-10003663,Chicago
4921,CA-2017-101728,2017-08-23,Standard Class,SC-20575,60653,2.30,-3.90,OFF-BI-10002393,Chicago
244,CA-2016-157749,2016-06-09,Second Class,KL-16645,60610,7.41,1.20,OFF-AR-10004685,Chicago
4548,CA-2015-126557,2015-07-17,Second Class,RL-19615,60610,6.91,0.69,OFF-AR-10003190,Chicago
8251,CA-2015-140221,2015-03-09,Second Class,MS-17365,60653,4.71,-1.88,FUR-FU-10000023,Chicago
7828,CA-2017-117114,2017-11-05,Standard Class,CY-12745,60610,9.91,3.22,OFF-EN-10001137,Chicago
243,CA-2016-157749,2016-06-09,Second Class,KL-16645,60610,4.04,-2.83,FUR-FU-10002505,Chicago
8801,CA-2017-148992,2017-11-27,Standard Class,CS-12250,60623,10.69,3.74,OFF-PA-10004285,Chicago
7985,CA-2017-152499,2017-01-25,Second Class,EH-13765,60623,7.87,0.89,OFF-AR-10003481,Chicago
6833,CA-2015-112522,2015-10-17,Standard Class,DP-13165,60610,8.02,1.00,OFF-AR-10003183,Chicago
4368,CA-2017-117044,2017-09-13,Second Class,HA-14920,60623,10.53,3.29,OFF-FA-10000936,Chicago
7606,CA-2016-101791,2016-05-31,Standard Class,BS-11665,60623,5.58,-1.68,FUR-FU-10002191,Chicago
4774,CA-2017-119746,2017-11-27,Standard Class,CM-12385,60610,11.52,4.18,OFF-LA-10001613,Chicago
7408,CA-2017-152079,2017-01-21,First Class,ML-17410,60653,11.52,4.18,OFF-LA-10001613,Chicago
8381,CA-2014-103527,2014-09-14,Second Class,CC-12220,60653,10.90,3.40,OFF-PA-10001622,Chicago
5511,US-2017-152569,2017-05-20,Standard Class,JD-16015,60653,11.12,3.48,TEC-PH-10002185,Chicago
8868,CA-2014-120411,2014-09-23,First Class,SB-20185,60653,11.12,3.48,TEC-PH-10002185,Chicago
7787,US-2016-117037,2016-05-20,First Class,LW-17215,60653,2.89,-4.77,OFF-BI-10000279,Chicago
9354,CA-2017-148411,2017-09-26,First Class,RO-19780,60623,11.42,3.71,OFF-PA-10002109,Chicago
9065,US-2014-151015,2014-10-20,Standard Class,BD-11500,60653,2.95,-4.86,OFF-BI-10000343,Chicago
3172,US-2016-133879,2016-03-28,Standard Class,KT-16465,60623,3.17,-4.75,OFF-BI-10004465,Chicago
7283,CA-2017-155936,2017-06-29,Standard Class,JK-15730,60653,3.04,-5.01,OFF-BI-10002432,Chicago
6872,CA-2016-145009,2016-12-08,Second Class,RF-19345,60610,11.95,3.88,OFF-LA-10004853,Chicago
3359,CA-2016-139234,2016-05-10,Standard Class,AF-10870,60610,3.21,-5.29,OFF-BI-10000773,Chicago
8982,CA-2016-110898,2016-03-12,Standard Class,LC-16870,60623,2.33,-6.30,OFF-AP-10001626,Chicago
6252,CA-2014-101147,2014-12-04,First Class,MC-17575,60623,2.39,-6.34,OFF-AP-10004249,Chicago
6302,US-2014-161305,2014-06-12,Standard Class,SB-20170,60623,13.98,4.72,OFF-EN-10000461,Chicago
9796,CA-2016-125920,2016-05-28,Standard Class,SH-19975,60610,3.80,-5.89,OFF-BI-10003429,Chicago
8458,US-2017-118556,2017-06-02,Second Class,TH-21235,60653,3.56,-6.24,OFF-BI-10004364,Chicago
9478,CA-2015-100818,2015-06-05,Second Class,JM-15265,60653,3.56,-6.24,OFF-BI-10004364,Chicago
4549,CA-2015-126557,2015-07-17,Second Class,RL-19615,60610,7.76,-2.13,FUR-FU-10001861,Chicago
5570,CA-2017-157966,2017-03-13,Same Day,SU-20665,60610,15.55,5.64,OFF-PA-10001934,Chicago
9523,CA-2014-169446,2014-12-25,Standard Class,SG-20605,60623,15.55,5.44,OFF-PA-10000295,Chicago
7984,CA-2017-152499,2017-01-25,Second Class,EH-13765,60623,15.12,4.91,OFF-FA-10002975,Chicago
6742,CA-2014-144029,2014-05-31,Standard Class,MM-18055,60623,13.39,3.18,OFF-AR-10000716,Chicago
7474,CA-2016-109652,2016-04-15,Standard Class,QJ-19255,60653,13.57,3.22,OFF-AR-10000034,Chicago
6903,CA-2017-111220,2017-09-08,Standard Class,JS-15595,60653,16.00,5.60,OFF-FA-10002280,Chicago
7161,CA-2015-145835,2015-05-18,Second Class,BF-11170,60623,16.00,5.60,OFF-FA-10002280,Chicago
551,CA-2015-113173,2015-11-17,Second Class,DK-13225,60653,8.72,-1.74,OFF-SU-10001935,Chicago
4773,CA-2017-119746,2017-11-27,Standard Class,CM-12385,60610,6.46,-4.04,FUR-FU-10004909,Chicago
4159,CA-2014-126907,2014-11-08,Standard Class,SM-20950,60610,15.70,5.10,OFF-PA-10000533,Chicago
4211,CA-2017-109715,2017-12-14,Standard Class,AH-10585,60623,15.98,5.00,OFF-PA-10004965,Chicago
9590,CA-2014-119172,2014-05-15,Standard Class,HD-14785,60610,17.47,5.68,OFF-PA-10003036,Chicago
3174,US-2016-133879,2016-03-28,Standard Class,KT-16465,60623,13.39,1.51,OFF-AR-10004956,Chicago
9066,US-2014-151015,2014-10-20,Standard Class,BD-11500,60653,19.14,6.94,OFF-PA-10001184,Chicago
3514,CA-2017-140326,2017-09-06,First Class,HW-14935,60653,17.76,5.55,OFF-PA-10004041,Chicago
6767,CA-2017-100615,2017-04-24,Standard Class,SJ-20215,60653,15.76,3.55,OFF-AR-10001683,Chicago
5098,US-2014-140452,2014-12-10,Standard Class,BK-11260,60610,4.60,-8.05,OFF-BI-10004965,Chicago
470,US-2016-100419,2016-12-20,Second Class,CC-12670,60610,4.79,-7.90,OFF-BI-10002194,Chicago
5416,US-2017-125647,2017-09-28,Standard Class,LC-16870,60653,20.74,7.26,OFF-PA-10004888,Chicago
176,US-2014-100853,2014-09-19,Standard Class,JB-15400,60623,20.16,6.55,OFF-LA-10003148,Chicago
1973,CA-2014-148950,2014-12-19,Standard Class,JD-16015,60610,5.10,-8.68,OFF-BI-10001249,Chicago
4369,CA-2017-117044,2017-09-13,Second Class,HA-14920,60623,20.54,6.42,OFF-PA-10003657,Chicago
1521,CA-2017-109946,2017-04-21,Standard Class,PL-18925,60610,16.52,2.06,OFF-AR-10001419,Chicago
580,CA-2017-118640,2017-07-26,Standard Class,CS-11950,60610,8.79,-5.71,FUR-FU-10001475,Chicago
2903,CA-2016-164035,2016-06-17,Standard Class,CR-12730,60610,23.12,8.38,OFF-PA-10002160,Chicago
4542,US-2017-132206,2017-06-21,Standard Class,MK-17905,60653,5.94,-8.90,OFF-BI-10000756,Chicago
6434,CA-2015-121405,2015-04-04,Standard Class,FC-14335,60610,23.52,8.53,OFF-PA-10001838,Chicago
5097,US-2014-140452,2014-12-10,Standard Class,BK-11260,60610,10.78,-4.85,FUR-FU-10002088,Chicago
9537,CA-2017-124191,2017-06-14,Second Class,TS-21610,60610,8.86,-6.86,FUR-FU-10002364,Chicago
3191,US-2015-163783,2015-12-31,Standard Class,DR-12940,60610,12.67,-3.17,OFF-ST-10002957,Chicago
7007,CA-2014-119466,2014-12-21,Standard Class,SP-20860,60623,8.54,-7.48,FUR-FU-10001546,Chicago
4981,US-2016-131114,2016-12-13,Second Class,RW-19630,60610,4.36,-11.76,OFF-AP-10003971,Chicago
240,CA-2016-157749,2016-06-09,Second Class,KL-16645,60610,11.69,-4.68,FUR-FU-10004351,Chicago
6558,CA-2014-137092,2014-10-22,Second Class,LS-16975,60653,24.42,7.94,OFF-LA-10003510,Chicago
238,CA-2016-157749,2016-06-09,Second Class,KL-16645,60610,25.92,9.40,OFF-PA-10003349,Chicago
5565,CA-2017-157966,2017-03-13,Same Day,SU-20665,60610,19.46,2.19,OFF-AR-10000799,Chicago
3924,CA-2017-146920,2017-08-31,Standard Class,SC-20305,60623,26.72,9.35,OFF-PA-10001461,Chicago
3923,CA-2017-146920,2017-08-31,Standard Class,SC-20305,60623,25.34,7.92,OFF-PA-10002479,Chicago
9873,CA-2017-146269,2017-10-06,Same Day,MH-17455,60623,19.15,1.20,OFF-AR-10004790,Chicago
9748,US-2014-140914,2014-11-15,Standard Class,BH-11710,60653,10.98,-7.96,FUR-FU-10000175,Chicago
4980,US-2016-131114,2016-12-13,Second Class,RW-19630,60610,20.57,1.54,OFF-SU-10001664,Chicago
6763,CA-2016-144764,2016-09-08,Standard Class,RL-19615,60623,29.24,9.87,OFF-LA-10000240,Chicago
9440,US-2014-154655,2014-10-17,Standard Class,BP-11050,60623,22.24,2.50,OFF-SU-10000898,Chicago
5542,US-2017-150595,2017-05-26,Standard Class,LE-16810,60653,22.34,2.51,OFF-SU-10000381,Chicago
6794,CA-2015-145394,2015-11-20,Standard Class,MC-17605,60610,21.49,1.61,OFF-ST-10000344,Chicago
5892,CA-2016-146157,2016-11-26,Standard Class,RD-19720,60610,21.57,1.62,OFF-ST-10001590,Chicago
4982,US-2016-131114,2016-12-13,Second Class,RW-19630,60610,19.04,-1.43,TEC-AC-10000199,Chicago
7400,CA-2014-124807,2014-07-15,Second Class,ME-17725,60610,23.84,3.28,TEC-AC-10002857,Chicago
255,US-2015-159982,2015-12-04,Standard Class,DR-12880,60623,12.13,-8.49,FUR-FU-10002505,Chicago
6904,CA-2017-111220,2017-09-08,Standard Class,JS-15595,60653,5.59,-15.09,OFF-AP-10003278,Chicago
7747,CA-2015-109113,2015-12-23,Standard Class,EK-13795,60610,25.49,4.78,TEC-AC-10004761,Chicago
6768,CA-2017-100615,2017-04-24,Standard Class,SJ-20215,60653,14.56,-6.19,FUR-FU-10002456,Chicago
241,CA-2016-157749,2016-06-09,Second Class,KL-16645,60610,31.98,11.19,TEC-PH-10000011,Chicago
7790,US-2016-117037,2016-05-20,First Class,LW-17215,60653,30.53,9.54,OFF-PA-10000791,Chicago
5049,US-2014-104759,2014-04-04,Standard Class,DD-13570,60610,8.13,-13.83,OFF-BI-10002071,Chicago
7399,CA-2014-124807,2014-07-15,Second Class,ME-17725,60610,35.86,13.00,OFF-PA-10001526,Chicago
7782,CA-2015-132136,2015-03-12,Standard Class,FO-14305,60623,8.57,-14.57,OFF-BI-10002706,Chicago
9512,CA-2014-130575,2014-12-16,First Class,CS-11845,60623,9.26,-13.90,OFF-BI-10002353,Chicago
4037,CA-2015-148859,2015-12-31,Standard Class,FH-14350,60623,24.82,1.55,OFF-ST-10004950,Chicago
6557,CA-2014-137092,2014-10-22,Second Class,LS-16975,60653,8.68,-14.76,OFF-BI-10000632,Chicago
622,US-2014-111171,2014-12-31,Standard Class,CA-12265,60610,8.69,-14.77,OFF-BI-10002103,Chicago
2160,CA-2016-159737,2016-09-09,Standard Class,CS-11950,60610,8.81,-14.97,OFF-BI-10004236,Chicago
9752,CA-2016-113390,2016-10-15,Standard Class,EP-13915,60610,27.72,3.46,OFF-AR-10001446,Chicago
5159,CA-2017-163006,2017-07-04,Second Class,GH-14410,60653,14.22,-10.31,FUR-FU-10003799,Chicago
4437,CA-2016-163398,2016-05-08,Standard Class,CB-12415,60653,27.38,2.74,OFF-AR-10003217,Chicago
5113,CA-2015-153073,2015-11-13,Same Day,HA-14905,60610,17.50,-7.44,FUR-FU-10001025,Chicago
5891,CA-2016-146157,2016-11-26,Standard Class,RD-19720,60610,38.43,13.45,OFF-PA-10001790,Chicago
672,US-2017-106663,2017-06-13,Standard Class,MO-17800,60653,36.35,11.36,OFF-PA-10002377,Chicago
3254,CA-2017-110373,2017-10-30,Second Class,MA-17560,60610,27.18,2.04,TEC-PH-10001536,Chicago
5567,CA-2017-157966,2017-03-13,Same Day,SU-20665,60610,29.76,1.86,OFF-AR-10003338,Chicago
8250,CA-2015-140221,2015-03-09,Second Class,MS-17365,60653,11.21,-16.82,OFF-BI-10002854,Chicago
1810,CA-2016-165484,2016-10-29,Standard Class,HK-14890,60610,16.16,-12.12,FUR-FU-10001196,Chicago
550,CA-2015-113173,2015-11-17,Second Class,DK-13225,60653,11.36,-17.05,OFF-BI-10004738,Chicago
8200,CA-2017-125269,2017-04-30,Standard Class,AF-10870,60610,10.43,-18.25,OFF-BI-10001628,Chicago
3360,CA-2016-139234,2016-05-10,Standard Class,AF-10870,60610,26.18,-3.27,TEC-AC-10004510,Chicago
3551,CA-2016-152555,2016-04-02,Second Class,ME-17320,60653,45.53,15.93,OFF-PA-10001295,Chicago
7331,CA-2016-149349,2016-11-13,First Class,SP-20650,60623,22.75,-8.53,FUR-FU-10001037,Chicago
5713,CA-2017-115805,2017-07-31,Same Day,KW-16435,60653,36.79,4.14,TEC-PH-10003092,Chicago
3886,US-2017-127341,2017-02-02,Standard Class,CK-12595,60653,12.13,-20.62,OFF-BI-10001072,Chicago
7789,US-2016-117037,2016-05-20,First Class,LW-17215,60653,22.61,-10.17,FUR-FU-10004973,Chicago
8183,CA-2017-155642,2017-05-22,Standard Class,BM-11575,60653,22.61,-10.17,FUR-FU-10004973,Chicago
3333,CA-2017-122595,2017-12-20,Standard Class,GM-14455,60653,52.68,19.75,TEC-PH-10003095,Chicago
8110,CA-2017-160122,2017-11-23,Standard Class,RD-19930,60623,55.58,20.84,OFF-EN-10002592,Chicago
3243,CA-2017-114524,2017-04-05,Second Class,EG-13900,60623,13.47,-22.90,OFF-BI-10002799,Chicago
1811,CA-2016-165484,2016-10-29,Standard Class,HK-14890,60610,54.82,17.82,OFF-PA-10000595,Chicago
5698,CA-2017-126123,2017-10-18,Standard Class,AG-10765,60623,13.46,-23.55,OFF-BI-10004224,Chicago
3437,US-2015-100531,2015-09-29,First Class,NM-18520,60610,24.29,-12.75,FUR-FU-10003849,Chicago
1975,CA-2014-148950,2014-12-19,Standard Class,JD-16015,60610,35.02,-2.19,TEC-AC-10002718,Chicago
5510,US-2017-152569,2017-05-20,Standard Class,JD-16015,60653,56.70,19.14,OFF-PA-10001736,Chicago
3436,US-2015-100531,2015-09-29,First Class,NM-18520,60610,15.08,-22.62,OFF-BI-10001670,Chicago
4421,CA-2015-163090,2015-11-21,Second Class,GH-14665,60610,40.92,3.07,OFF-SU-10002537,Chicago
670,US-2017-106663,2017-06-13,Standard Class,MO-17800,60653,23.98,-14.39,FUR-FU-10002759,Chicago
4131,CA-2014-115336,2014-11-25,Standard Class,AB-10600,60623,14.48,-23.89,OFF-BI-10001107,Chicago
9897,CA-2014-156342,2014-06-20,Second Class,JF-15415,60653,62.02,22.48,OFF-PA-10001725,Chicago
9524,CA-2014-169446,2014-12-25,Standard Class,SG-20605,60623,32.59,-7.74,OFF-ST-10000419,Chicago
5571,CA-2017-157966,2017-03-13,Same Day,SU-20665,60610,34.36,-7.30,TEC-PH-10001527,Chicago
3349,CA-2017-154732,2017-11-07,First Class,AH-10195,60623,16.03,-25.65,OFF-BI-10000474,Chicago
7446,CA-2017-127474,2017-02-07,Second Class,RD-19810,60610,65.58,23.77,OFF-PA-10001033,Chicago
1448,CA-2017-102337,2017-06-16,First Class,SD-20485,60653,47.98,6.00,TEC-PH-10002564,Chicago
100,CA-2016-158568,2016-09-02,Standard Class,RB-19465,60610,64.62,22.62,OFF-PA-10003256,Chicago
5096,US-2014-140452,2014-12-10,Standard Class,BK-11260,60610,35.04,-7.01,TEC-PH-10000307,Chicago
8185,US-2017-101721,2017-07-27,Standard Class,MY-17380,60623,63.31,20.58,OFF-PA-10003641,Chicago
1773,CA-2016-129686,2016-11-29,Second Class,GG-14650,60623,62.40,19.50,TEC-AC-10001266,Chicago
5099,US-2014-140452,2014-12-10,Standard Class,BK-11260,60610,35.17,-8.35,OFF-ST-10002485,Chicago
6764,CA-2016-144764,2016-09-08,Standard Class,RL-19615,60623,35.17,-8.35,OFF-ST-10002485,Chicago
8440,CA-2017-114370,2017-03-17,Second Class,BN-11470,60623,49.62,4.96,TEC-PH-10000213,Chicago
9516,CA-2014-154165,2014-02-24,Standard Class,DL-13315,60653,54.21,8.81,OFF-AR-10003631,Chicago
5094,US-2014-140452,2014-12-10,Standard Class,BK-11260,60610,14.02,-31.54,OFF-AP-10004036,Chicago
3358,CA-2017-100335,2017-09-13,Standard Class,NF-18595,60610,73.01,26.47,OFF-PA-10001685,Chicago
7223,CA-2017-113075,2017-09-06,Standard Class,MC-18100,60623,40.68,-7.12,TEC-AC-10003441,Chicago
1326,US-2014-117058,2014-05-30,First Class,LE-16810,60653,17.46,-30.56,OFF-BI-10004139,Chicago
7447,CA-2017-127474,2017-02-07,Second Class,RD-19810,60610,22.20,-26.09,FUR-FU-10004597,Chicago
5417,US-2017-125647,2017-09-28,Standard Class,LC-16870,60653,39.98,-9.00,TEC-PH-10004188,Chicago
6916,CA-2014-142510,2014-12-29,Standard Class,NP-18700,60623,17.90,-31.33,OFF-BI-10002824,Chicago
257,US-2015-159982,2015-12-04,Standard Class,DR-12880,60623,53.92,4.04,OFF-ST-10001590,Chicago
6796,CA-2015-145394,2015-11-20,Standard Class,MC-17605,60610,34.50,-15.53,FUR-FU-10001215,Chicago
2515,CA-2016-124506,2016-11-17,Standard Class,BB-11545,60623,47.99,-2.06,FUR-CH-10004540,Chicago
4061,CA-2016-129196,2016-11-07,Standard Class,XP-21865,60610,68.11,17.88,TEC-AC-10002473,Chicago
1820,US-2014-130379,2014-05-29,Standard Class,JL-15235,60623,29.32,-24.19,FUR-FU-10002553,Chicago
8253,CA-2015-140221,2015-03-09,Second Class,MS-17365,60653,60.42,6.04,OFF-ST-10000777,Chicago
6123,CA-2017-152660,2017-12-09,Standard Class,CB-12415,60610,61.57,4.62,OFF-ST-10000532,Chicago
7605,CA-2016-101791,2016-05-31,Standard Class,BS-11665,60623,25.18,-33.36,FUR-FU-10003247,Chicago
579,CA-2017-118640,2017-07-26,Standard Class,CS-11950,60610,69.71,8.71,OFF-ST-10002974,Chicago
6301,US-2014-161305,2014-06-12,Standard Class,SB-20170,60623,24.59,-38.11,OFF-BI-10002794,Chicago
1823,CA-2016-168956,2016-02-20,Standard Class,EA-14035,60623,62.96,-2.70,FUR-CH-10004754,Chicago
5050,US-2014-104759,2014-04-04,Standard Class,DD-13570,60610,79.98,14.00,TEC-AC-10004901,Chicago
5697,CA-2017-126123,2017-10-18,Standard Class,AG-10765,60623,27.40,-42.46,OFF-BI-10000309,Chicago
7853,CA-2014-169649,2014-12-15,Standard Class,TS-21205,60653,20.39,-53.01,OFF-AP-10003287,Chicago
6917,CA-2014-142510,2014-12-29,Standard Class,NP-18700,60623,124.03,44.96,OFF-PA-10001289,Chicago
7323,CA-2017-167626,2017-09-07,Standard Class,MY-18295,60623,100.80,21.42,TEC-AC-10004353,Chicago
5893,CA-2016-146157,2016-11-26,Standard Class,RD-19720,60610,81.58,2.04,TEC-AC-10003657,Chicago
4047,CA-2017-100356,2017-10-25,Standard Class,SP-20920,60653,23.99,-62.38,OFF-AP-10002191,Chicago
5678,CA-2014-126802,2015-01-05,Standard Class,ZC-21910,60610,38.98,-50.67,FUR-FU-10000193,Chicago
1010,CA-2017-135034,2017-08-03,First Class,AT-10735,60653,95.98,6.00,TEC-PH-10003931,Chicago
8201,CA-2017-125269,2017-04-30,Standard Class,AF-10870,60610,72.78,-18.20,OFF-ST-10004123,Chicago
5568,CA-2017-157966,2017-03-13,Same Day,SU-20665,60610,89.77,-2.56,FUR-CH-10003606,Chicago
2514,CA-2016-124506,2016-11-17,Standard Class,BB-11545,60623,95.97,1.20,TEC-AC-10003280,Chicago
6740,CA-2014-144029,2014-05-31,Standard Class,MM-18055,60623,102.62,7.70,OFF-ST-10001837,Chicago
2239,CA-2017-166849,2017-04-26,Standard Class,SJ-20125,60610,44.40,-52.17,FUR-FU-10004597,Chicago
4438,CA-2016-163398,2016-05-08,Standard Class,CB-12415,60653,26.41,-71.30,OFF-AP-10002403,Chicago
256,US-2015-159982,2015-12-04,Standard Class,DR-12880,60623,82.37,-19.56,OFF-ST-10004804,Chicago
8176,CA-2016-114944,2016-02-04,Standard Class,HE-14800,60623,156.51,52.82,OFF-PA-10003892,Chicago
101,CA-2016-158568,2016-09-02,Standard Class,RB-19465,60610,95.98,-10.80,TEC-AC-10001767,Chicago
8129,CA-2017-157350,2017-08-31,Standard Class,DP-13000,60610,64.96,-43.85,FUR-FU-10000222,Chicago
537,US-2017-122637,2017-09-08,Second Class,EP-13915,60653,42.62,-68.19,OFF-BI-10002429,Chicago
1273,US-2016-103646,2016-04-26,Standard Class,SP-20545,60623,44.85,-67.27,OFF-BI-10002854,Chicago
9477,CA-2015-100818,2015-06-05,Second Class,JM-15265,60653,51.56,-61.87,FUR-FU-10002703,Chicago
3861,CA-2017-154039,2017-02-22,Standard Class,JK-16120,60653,124.79,10.92,TEC-PH-10002789,Chicago
1271,US-2016-103646,2016-04-26,Standard Class,SP-20545,60623,102.34,-12.79,OFF-ST-10000563,Chicago
9896,CA-2014-115049,2014-09-30,Standard Class,MM-17920,60623,153.82,38.46,TEC-AC-10004859,Chicago
9476,CA-2015-100818,2015-06-05,Second Class,JM-15265,60653,173.49,54.22,OFF-PA-10001125,Chicago
6915,CA-2014-142510,2014-12-29,Standard Class,NP-18700,60623,132.16,9.91,OFF-ST-10000585,Chicago
1772,CA-2016-129686,2016-11-29,Second Class,GG-14650,60623,97.98,-24.50,OFF-ST-10004337,Chicago
4545,CA-2015-126557,2015-07-17,Second Class,RL-19615,60610,148.48,16.70,TEC-PH-10003505,Chicago
8457,US-2017-118556,2017-06-02,Second Class,TH-21235,60653,106.87,-29.01,FUR-CH-10001146,Chicago
4226,US-2014-102631,2014-12-17,Standard Class,EB-13840,60623,94.43,-42.49,FUR-FU-10003930,Chicago
1722,US-2015-123218,2015-12-25,Standard Class,KD-16345,60623,159.98,12.00,TEC-PH-10001061,Chicago
8111,CA-2017-160122,2017-11-23,Standard Class,RD-19930,60623,127.39,-25.48,FUR-CH-10000422,Chicago
2344,US-2014-155894,2014-07-30,Second Class,CL-11890,60623,123.55,-29.34,OFF-ST-10004804,Chicago
2306,CA-2016-115574,2016-12-24,First Class,BP-11185,60623,141.37,-14.14,FUR-BO-10003441,Chicago
4927,CA-2017-117653,2017-10-23,Standard Class,MO-17500,60623,91.28,-67.54,FUR-TA-10003008,Chicago
6937,CA-2016-129847,2016-09-04,First Class,TA-21385,60653,84.27,-75.84,FUR-FU-10000277,Chicago
7154,CA-2015-106208,2015-12-15,Standard Class,JW-16075,60610,53.09,-108.83,OFF-AP-10004980,Chicago
9923,US-2017-162124,2017-05-10,Standard Class,JF-15490,60653,191.97,28.80,TEC-AC-10001990,Chicago
6435,CA-2015-121405,2015-04-04,Standard Class,FC-14335,60610,180.96,13.57,TEC-PH-10002890,Chicago
1272,US-2016-103646,2016-04-26,Standard Class,SP-20545,60623,48.79,-126.86,OFF-AP-10004487,Chicago
671,US-2017-106663,2017-06-13,Standard Class,MO-17800,60653,108.93,-71.89,FUR-TA-10000688,Chicago
8187,CA-2015-136728,2015-09-17,Second Class,AG-10900,60623,170.07,-12.15,FUR-CH-10003817,Chicago
175,US-2014-100853,2014-09-19,Standard Class,JB-15400,60623,52.45,-131.12,OFF-AP-10000891,Chicago
5029,CA-2014-151792,2014-09-07,Second Class,CV-12295,60653,239.98,53.99,TEC-AC-10001606,Chicago
7563,US-2016-104815,2016-09-07,Standard Class,RB-19570,60610,198.74,0.00,FUR-BO-10003894,Chicago
3332,CA-2017-122595,2017-12-20,Standard Class,GM-14455,60653,227.98,28.50,TEC-AC-10000474,Chicago
438,CA-2016-147375,2016-06-14,Second Class,PO-19180,60623,313.49,113.64,OFF-PA-10001970,Chicago
5566,CA-2017-157966,2017-03-13,Same Day,SU-20665,60610,209.99,9.00,TEC-MA-10002109,Chicago
1446,CA-2017-102337,2017-06-16,First Class,SD-20485,60653,164.74,-39.12,OFF-ST-10004804,Chicago
1045,CA-2017-115651,2017-07-12,First Class,NS-18640,60610,58.46,-146.16,OFF-AP-10000055,Chicago
1723,US-2015-123218,2015-12-25,Standard Class,KD-16345,60623,255.97,51.19,TEC-AC-10000736,Chicago
4775,CA-2017-119746,2017-11-27,Standard Class,CM-12385,60610,222.38,16.68,TEC-PH-10004447,Chicago
7160,CA-2015-145835,2015-05-18,Second Class,BF-11170,60623,222.38,16.68,TEC-PH-10004447,Chicago
6795,CA-2015-145394,2015-11-20,Standard Class,MC-17605,60610,239.98,27.00,TEC-PH-10001051,Chicago
2233,CA-2017-132122,2017-07-14,Standard Class,JH-15820,60610,228.92,14.31,OFF-ST-10003692,Chicago
2008,CA-2017-165386,2017-08-04,First Class,CM-12190,60623,183.37,-36.67,FUR-BO-10003034,Chicago
9064,US-2014-151015,2014-10-20,Standard Class,BD-11500,60653,322.19,100.69,OFF-PA-10002581,Chicago
67,US-2015-164175,2015-05-05,Standard Class,PS-18970,60610,213.12,-15.22,FUR-CH-10001146,Chicago
549,CA-2015-113173,2015-11-17,Second Class,DK-13225,60653,250.27,15.64,OFF-ST-10000604,Chicago
5540,US-2017-150595,2017-05-26,Standard Class,LE-16810,60653,181.99,-54.60,FUR-CH-10000513,Chicago
9588,US-2017-129203,2017-04-22,Standard Class,BM-11575,60653,195.14,-43.91,OFF-ST-10001418,Chicago
1819,US-2014-130379,2014-05-29,Standard Class,JL-15235,60623,75.60,-166.32,OFF-AP-10001394,Chicago
8985,CA-2016-110898,2016-03-12,Standard Class,LC-16870,60623,145.98,-99.27,FUR-TA-10000849,Chicago
6554,CA-2014-137092,2014-10-22,Second Class,LS-16975,60653,319.97,71.99,TEC-AC-10001606,Chicago
9872,CA-2017-146269,2017-10-06,Same Day,MH-17455,60623,290.34,32.66,OFF-ST-10003208,Chicago
5415,US-2017-125647,2017-09-28,Standard Class,LC-16870,60653,73.18,-197.58,OFF-AP-10000390,Chicago
7448,CA-2017-127474,2017-02-07,Second Class,RD-19810,60610,419.40,146.79,OFF-PA-10000418,Chicago
9591,CA-2014-119172,2014-05-15,Standard Class,HD-14785,60610,104.58,-172.56,OFF-BI-10002026,Chicago
85,US-2017-119662,2017-11-16,First Class,CS-12400,60623,230.38,-48.95,OFF-ST-10003656,Chicago
6905,CA-2017-111220,2017-09-08,Standard Class,JS-15595,60653,235.92,-44.23,OFF-ST-10003994,Chicago
9522,CA-2014-169446,2014-12-25,Standard Class,SG-20605,60623,323.98,36.45,TEC-PH-10002817,Chicago
242,CA-2016-157749,2016-06-09,Second Class,KL-16645,60610,177.22,-120.51,FUR-TA-10002607,Chicago
265,CA-2016-125318,2016-06-13,Standard Class,RC-19825,60610,328.22,28.72,TEC-PH-10001433,Chicago
903,CA-2017-132353,2017-09-17,First Class,DB-13060,60653,323.98,20.25,TEC-PH-10004536,Chicago
1821,CA-2016-168956,2016-02-20,Standard Class,EA-14035,60623,92.06,-225.56,OFF-AP-10004233,Chicago
3922,CA-2016-110044,2016-07-02,Second Class,RF-19735,60610,359.98,36.00,TEC-PH-10001299,Chicago
1972,CA-2017-140242,2017-05-11,Standard Class,ML-17755,60623,408.74,76.64,TEC-AC-10004659,Chicago
6766,CA-2017-100615,2017-04-24,Standard Class,SJ-20215,60653,317.06,-18.12,FUR-CH-10002602,Chicago
5095,US-2014-140452,2014-12-10,Standard Class,BK-11260,60610,214.95,-120.37,FUR-TA-10004086,Chicago
304,US-2017-152380,2017-11-23,Standard Class,JH-15910,60623,219.07,-131.44,FUR-TA-10002533,Chicago
8984,CA-2016-110898,2016-03-12,Standard Class,LC-16870,60623,159.04,-194.82,FUR-FU-10003773,Chicago
6741,CA-2014-144029,2014-05-31,Standard Class,MM-18055,60623,359.77,-5.14,FUR-CH-10003981,Chicago
4544,CA-2015-126557,2015-07-17,Second Class,RL-19615,60610,383.61,-5.48,FUR-CH-10004477,Chicago
5725,CA-2014-103191,2014-09-27,Standard Class,VG-21805,60653,331.54,-82.88,OFF-ST-10002574,Chicago
9406,CA-2014-152618,2014-03-17,First Class,RB-19465,60653,574.91,156.05,TEC-MA-10003626,Chicago
5800,CA-2014-166716,2014-08-25,Second Class,CR-12730,60610,421.37,-6.02,FUR-CH-10004495,Chicago
1724,US-2015-123218,2015-12-25,Standard Class,KD-16345,60623,359.06,-71.81,FUR-BO-10003966,Chicago
7827,CA-2017-117114,2017-11-05,Standard Class,CY-12745,60610,508.77,38.16,TEC-PH-10004042,Chicago
6555,CA-2014-137092,2014-10-22,Second Class,LS-16975,60653,505.32,31.58,OFF-ST-10003805,Chicago
4546,CA-2015-126557,2015-07-17,Second Class,RL-19615,60610,537.54,53.75,TEC-PH-10000526,Chicago
3173,US-2016-133879,2016-03-28,Standard Class,KT-16465,60623,528.43,0.00,FUR-CH-10000665,Chicago
9353,CA-2017-148411,2017-09-26,First Class,RO-19780,60623,520.46,-14.87,FUR-CH-10003973,Chicago
9165,CA-2015-164007,2015-06-12,Standard Class,MG-17695,60610,143.13,-393.60,OFF-AP-10003849,Chicago
1447,CA-2017-102337,2017-06-16,First Class,SD-20485,60653,470.30,-87.34,FUR-CH-10004289,Chicago
8867,CA-2014-120411,2014-09-23,First Class,SB-20185,60653,493.43,-70.49,FUR-BO-10004218,Chicago
8553,CA-2014-140473,2014-06-03,Standard Class,MC-17425,60623,719.98,135.00,TEC-CO-10004202,Chicago
258,US-2015-159982,2015-12-04,Standard Class,DR-12880,60623,647.90,56.69,TEC-PH-10001580,Chicago
8119,US-2017-106551,2017-07-27,Standard Class,EB-13930,60653,526.34,-75.19,FUR-CH-10004997,Chicago
4550,CA-2015-126557,2015-07-17,Second Class,RL-19615,60610,659.17,49.44,TEC-PH-10003963,Chicago
5569,CA-2017-157966,2017-03-13,Same Day,SU-20665,60610,959.98,335.99,TEC-CO-10001449,Chicago
8252,CA-2015-140221,2015-03-09,Second Class,MS-17365,60653,180.98,-470.55,OFF-AP-10000828,Chicago
4058,CA-2014-163034,2014-11-28,Standard Class,DK-12985,60610,646.20,-8.08,OFF-ST-10000046,Chicago
5158,CA-2017-163006,2017-07-04,Second Class,GH-14410,60653,569.06,-178.85,FUR-CH-10000229,Chicago
3860,CA-2017-154039,2017-02-22,Standard Class,JK-16120,60653,480.96,-269.34,FUR-TA-10001932,Chicago
3553,CA-2016-152555,2016-04-02,Second Class,ME-17320,60653,812.74,60.96,TEC-PH-10001254,Chicago
239,CA-2016-157749,2016-06-09,Second Class,KL-16645,60610,419.68,-356.73,FUR-FU-10000576,Chicago
9749,US-2014-140914,2014-11-15,Standard Class,BH-11710,60653,797.94,-57.00,FUR-CH-10003379,Chicago
5157,CA-2017-163006,2017-07-04,Second Class,GH-14410,60653,1001.58,125.20,TEC-PH-10002584,Chicago
3552,CA-2016-152555,2016-04-02,Second Class,ME-17320,60653,844.12,-36.18,FUR-CH-10002965,Chicago
3513,CA-2017-140326,2017-09-06,First Class,HW-14935,60653,825.17,-117.88,FUR-BO-10000112,Chicago
437,CA-2016-147375,2016-06-14,Second Class,PO-19180,60623,1007.98,43.20,TEC-MA-10002937,Chicago
7456,CA-2016-137743,2016-08-04,Standard Class,KH-16360,60623,1036.62,51.83,OFF-ST-10001780,Chicago
7607,CA-2016-101791,2016-05-31,Standard Class,BS-11665,60623,1297.37,97.30,OFF-ST-10001496,Chicago
1714,US-2017-124968,2017-09-13,Second Class,MM-18055,60610,765.63,-566.56,FUR-TA-10004289,Chicago
6765,CA-2016-144764,2016-09-08,Standard Class,RL-19615,60623,1362.90,-19.47,TEC-MA-10003230,Chicago
1445,CA-2016-133725,2016-05-28,Standard Class,KL-16645,60623,1979.93,148.49,TEC-PH-10004165,Chicago
2847,CA-2017-152093,2017-09-15,Standard Class,SN-20560,60653,762.59,-1143.89,OFF-BI-10003527,Chicago
3056,US-2015-100377,2015-08-31,Standard Class,TS-21370,60623,2799.96,874.99,TEC-CO-10001046,Chicago
488,CA-2014-154627,2014-10-31,First Class,SA-20830,60610,2735.95,341.99,TEC-PH-10001363,Chicago
4992,US-2017-122714,2017-12-13,Standard Class,HG-14965,60653,1889.99,-2929.48,OFF-BI-10001120,Chicago
4758,US-2017-144582,2017-05-05,Standard Class,TC-21475,61832,43.37,-69.40,OFF-BI-10001575,Danville
459,US-2016-157945,2016-09-30,Standard Class,NF-18385,62521,8.93,3.35,OFF-EN-10001415,Decatur
8904,CA-2016-150483,2016-06-04,Standard Class,BP-11290,62521,10.37,3.63,OFF-PA-10004621,Decatur
4084,US-2017-151316,2017-06-30,Standard Class,MC-17635,62521,10.27,3.21,OFF-PA-10000327,Decatur
9844,CA-2014-163867,2014-06-06,First Class,RE-19450,62521,15.94,5.18,OFF-LA-10001771,Decatur
8677,CA-2017-163265,2017-02-21,Standard Class,JS-16030,62521,7.69,-3.65,FUR-FU-10004270,Decatur
8902,CA-2016-150483,2016-06-04,Standard Class,BP-11290,62521,18.50,6.70,OFF-PA-10001846,Decatur
8673,CA-2017-163265,2017-02-21,Standard Class,JS-16030,62521,18.37,6.20,OFF-FA-10004854,Decatur
181,CA-2014-166191,2014-12-09,Second Class,DK-13150,62521,24.82,1.86,OFF-ST-10003455,Decatur
8676,CA-2017-163265,2017-02-21,Standard Class,JS-16030,62521,28.03,3.50,OFF-AR-10004078,Decatur
5304,US-2014-139500,2014-11-20,Standard Class,AB-10165,62521,37.30,-1.07,FUR-CH-10002017,Decatur
8901,CA-2016-150483,2016-06-04,Standard Class,BP-11290,62521,32.06,-12.83,FUR-FU-10001379,Decatur
3879,CA-2014-151001,2014-04-07,First Class,JG-15805,62521,49.63,3.72,OFF-ST-10003455,Decatur
3880,CA-2014-151001,2014-04-07,First Class,JG-15805,62521,52.10,3.91,OFF-ST-10001031,Decatur
8675,CA-2017-163265,2017-02-21,Standard Class,JS-16030,62521,50.35,-8.18,OFF-ST-10000642,Decatur
9845,CA-2014-163867,2014-06-06,First Class,RE-19450,62521,61.54,-40.00,FUR-FU-10001475,Decatur
9846,CA-2014-163867,2014-06-06,First Class,RE-19450,62521,132.70,9.95,OFF-ST-10000877,Decatur
8903,CA-2016-150483,2016-06-04,Standard Class,BP-11290,62521,191.08,-38.22,FUR-CH-10000422,Decatur
182,CA-2014-166191,2014-12-09,Second Class,DK-13150,62521,408.74,76.64,TEC-AC-10004659,Decatur
7095,US-2015-153374,2015-02-13,Second Class,JF-15565,62521,479.95,89.99,TEC-AC-10001908,Decatur
4083,US-2017-151316,2017-06-30,Standard Class,MC-17635,62521,182.99,-320.24,OFF-BI-10004632,Decatur
8674,CA-2017-163265,2017-02-21,Standard Class,JS-16030,62521,600.56,-8.58,FUR-CH-10004063,Decatur
458,US-2016-157945,2016-09-30,Standard Class,NF-18385,62521,747.56,-96.11,FUR-CH-10002331,Decatur
7302,CA-2014-163468,2014-11-21,First Class,JK-15730,60016,2.89,-4.92,OFF-BI-10004728,Des Plaines
7300,CA-2014-163468,2014-11-21,First Class,JK-15730,60016,8.54,-7.48,FUR-FU-10001546,Des Plaines
6190,CA-2017-157903,2017-04-08,Standard Class,AM-10705,60016,383.84,47.98,TEC-PH-10004345,Des Plaines
7303,CA-2014-163468,2014-11-21,First Class,JK-15730,60016,381.72,-66.80,OFF-ST-10000025,Des Plaines
7301,CA-2014-163468,2014-11-21,First Class,JK-15730,60016,424.12,-30.29,FUR-BO-10003546,Des Plaines
7299,CA-2014-163468,2014-11-21,First Class,JK-15730,60016,292.10,-175.26,FUR-TA-10002533,Des Plaines
2423,CA-2016-155551,2016-04-23,Standard Class,CR-12580,60126,9.66,3.26,OFF-PA-10001560,Elmhurst
6549,CA-2014-113880,2014-03-05,Standard Class,VF-21715,60126,17.47,5.68,OFF-PA-10003036,Elmhurst
2422,CA-2016-155551,2016-04-23,Standard Class,CR-12580,60126,230.38,-48.95,OFF-ST-10003656,Elmhurst
6548,CA-2014-113880,2014-03-05,Standard Class,VF-21715,60126,634.12,-172.12,FUR-CH-10000863,Elmhurst
749,CA-2016-150889,2016-03-22,Second Class,PB-19105,60201,11.99,0.90,TEC-PH-10000004,Evanston
6202,CA-2015-146675,2015-04-20,Standard Class,SB-20185,60201,43.56,-4.90,TEC-AC-10004396,Evanston
1351,CA-2014-153976,2014-10-08,Second Class,BP-11290,60201,258.28,-70.10,FUR-CH-10002880,Evanston
6201,CA-2015-146675,2015-04-20,Standard Class,SB-20185,60201,1439.97,485.99,TEC-CO-10001766,Evanston
6849,US-2016-163461,2016-06-21,First Class,BT-11440,60423,76.86,26.90,OFF-PA-10003134,Frankfort
5248,US-2015-168914,2015-05-27,Standard Class,JE-15745,60423,20.77,-52.96,OFF-AP-10000358,Frankfort
4257,CA-2017-163160,2017-10-16,First Class,TS-21610,61032,10.48,-6.81,FUR-FU-10001424,Freeport
4656,CA-2014-160738,2014-05-10,Standard Class,KH-16330,61032,45.25,3.96,OFF-ST-10003442,Freeport
4255,CA-2017-163160,2017-10-16,First Class,TS-21610,61032,63.31,20.58,OFF-PA-10003127,Freeport
4256,CA-2017-163160,2017-10-16,First Class,TS-21610,61032,96.78,-145.18,OFF-BI-10000778,Freeport
6453,US-2015-110261,2015-12-23,Second Class,PR-18880,60025,158.38,13.86,TEC-PH-10001750,Glenview
4383,US-2015-122784,2015-07-27,Standard Class,RA-19915,60035,2.88,-4.46,OFF-BI-10000546,Highland Park
3260,US-2016-162103,2016-11-17,Standard Class,LB-16795,60035,3.14,-4.70,OFF-BI-10000285,Highland Park
2904,CA-2016-153577,2016-06-30,Standard Class,KH-16330,60035,37.46,12.18,OFF-PA-10000575,Highland Park
4385,US-2015-122784,2015-07-27,Standard Class,RA-19915,60035,153.58,13.44,TEC-PH-10001557,Highland Park
4384,US-2015-122784,2015-07-27,Standard Class,RA-19915,60035,384.94,-126.48,FUR-BO-10004690,Highland Park
2905,CA-2016-153577,2016-06-30,Standard Class,KH-16330,60035,539.66,-7.71,FUR-CH-10003981,Highland Park
4386,US-2015-122784,2015-07-27,Standard Class,RA-19915,60035,913.43,-52.20,FUR-BO-10002545,Highland Park
9146,CA-2015-126970,2015-09-24,Standard Class,TP-21130,60540,2.81,-4.49,OFF-BI-10000138,Naperville
740,CA-2014-112326,2014-01-08,Standard Class,PO-19195,60540,11.78,4.27,OFF-LA-10003223,Naperville
742,CA-2014-112326,2014-01-08,Standard Class,PO-19195,60540,3.54,-5.49,OFF-BI-10004094,Naperville
6900,US-2015-165512,2015-05-26,Second Class,VS-21820,60540,7.66,-13.02,OFF-BI-10001249,Naperville
42,CA-2017-120999,2017-09-15,Standard Class,LC-16930,60540,147.17,16.56,TEC-PH-10004093,Naperville
5038,CA-2017-141719,2017-11-21,Second Class,EG-13900,60540,239.96,83.99,TEC-AC-10003610,Naperville
741,CA-2014-112326,2014-01-08,Standard Class,PO-19195,60540,272.74,-64.77,OFF-ST-10002743,Naperville
6899,US-2015-165512,2015-05-26,Second Class,VS-21820,60540,602.65,-163.58,FUR-CH-10002880,Naperville
7002,CA-2015-104871,2015-04-03,Standard Class,DR-12940,61761,366.74,-110.02,FUR-CH-10003298,Normal
4860,CA-2017-136063,2017-12-19,Standard Class,SS-20140,60302,10.19,1.02,OFF-AR-10000823,Oak Park
110,CA-2015-129476,2015-10-20,Standard Class,PA-19060,60462,339.96,67.99,TEC-AC-10000844,Orland Park
9479,CA-2014-126193,2014-09-14,Standard Class,SS-20410,60543,13.16,4.11,OFF-FA-10000936,Oswego
9480,CA-2014-126193,2014-09-14,Standard Class,SS-20410,60543,3.83,-6.51,OFF-BI-10001249,Oswego
9481,CA-2014-126193,2014-09-14,Standard Class,SS-20410,60543,304.99,-533.73,OFF-BI-10004632,Oswego
6273,CA-2017-149706,2017-12-12,First Class,AS-10285,60067,116.31,23.26,TEC-AC-10001284,Palatine
5351,US-2017-103814,2017-12-16,Standard Class,LH-16900,60068,143.86,48.55,OFF-PA-10001019,Park Ridge
7315,CA-2016-121377,2016-06-02,Standard Class,TN-21040,60068,286.40,25.06,TEC-PH-10001817,Park Ridge
468,US-2015-101399,2015-01-24,Standard Class,JS-15940,60068,254.74,-312.06,FUR-FU-10002918,Park Ridge
6822,CA-2017-163860,2017-12-31,Standard Class,LO-17170,61604,2.96,-1.41,FUR-FU-10001935,Peoria
6819,CA-2017-163860,2017-12-31,Standard Class,LO-17170,61604,1.68,-2.69,OFF-BI-10003784,Peoria
6820,CA-2017-163860,2017-12-31,Standard Class,LO-17170,61604,7.97,-2.39,FUR-FU-10004586,Peoria
2688,US-2016-128195,2016-08-05,First Class,RA-19285,61604,3.98,-6.57,OFF-BI-10002003,Peoria
394,US-2014-134971,2014-06-10,Second Class,BP-11095,61604,12.46,-20.56,OFF-BI-10003982,Peoria
6821,CA-2017-163860,2017-12-31,Standard Class,LO-17170,61604,113.37,-3.24,FUR-CH-10004698,Peoria
1595,CA-2015-118423,2015-03-27,First Class,DP-13390,61604,359.06,-35.91,FUR-BO-10000362,Peoria
4225,CA-2016-108644,2016-10-03,First Class,SJ-20215,62301,1.96,-3.24,OFF-BI-10000343,Quincy
9035,CA-2015-148873,2015-10-05,Standard Class,EM-13960,62301,2.99,-4.49,OFF-BI-10003196,Quincy
1944,CA-2017-144064,2017-08-31,First Class,CP-12085,62301,3.24,-5.18,OFF-BI-10002012,Quincy
3814,CA-2015-103961,2015-11-09,Standard Class,NG-18430,62301,19.82,6.44,OFF-LA-10004484,Quincy
673,CA-2017-111178,2017-06-22,Standard Class,TD-20995,62301,19.56,1.71,OFF-AR-10001954,Quincy
1943,CA-2017-144064,2017-08-31,First Class,CP-12085,62301,27.44,2.40,OFF-ST-10004507,Quincy
1942,CA-2017-144064,2017-08-31,First Class,CP-12085,62301,47.36,17.76,OFF-LA-10004544,Quincy
377,US-2016-134656,2016-09-30,First Class,MM-18280,62301,99.14,30.98,OFF-PA-10003039,Quincy
9036,CA-2015-148873,2015-10-05,Standard Class,EM-13960,62301,108.77,2.72,TEC-AC-10003657,Quincy
8926,CA-2016-168032,2016-02-03,Standard Class,DF-13135,61107,1.73,-2.68,OFF-BI-10000546,Rockford
5454,US-2017-108700,2017-05-23,Standard Class,PJ-18835,61107,38.02,13.78,OFF-PA-10004733,Rockford
4237,CA-2016-162404,2016-07-27,Standard Class,NF-18475,61107,11.42,-18.84,OFF-BI-10000948,Rockford
6997,CA-2017-117443,2017-12-25,Second Class,JB-15400,61107,13.84,-22.14,OFF-BI-10004002,Rockford
3853,CA-2017-130526,2017-11-29,First Class,GT-14755,61107,33.57,-53.71,OFF-BI-10001524,Rockford
6998,CA-2017-117443,2017-12-25,Second Class,JB-15400,61107,175.87,63.75,OFF-PA-10004475,Rockford
7590,CA-2015-139738,2015-09-29,Standard Class,DK-12895,61107,128.74,12.87,OFF-AR-10004602,Rockford
1046,CA-2017-152702,2017-10-16,Standard Class,SN-20710,61107,254.60,-18.19,FUR-CH-10002304,Rockford
8927,CA-2016-168032,2016-02-03,Standard Class,DF-13135,61107,626.10,-538.45,FUR-TA-10004256,Rockford
6263,CA-2016-132479,2016-09-26,First Class,MK-17905,61107,442.37,-729.91,OFF-BI-10004584,Rockford
8925,CA-2016-168032,2016-02-03,Standard Class,DF-13135,61107,1439.97,144.00,TEC-PH-10004241,Rockford
8981,CA-2014-108182,2014-02-10,Second Class,DL-13315,60441,8.95,-14.77,OFF-BI-10001196,Romeoville
7204,CA-2014-118276,2015-01-02,Standard Class,MG-17890,60174,8.74,-4.80,FUR-FU-10002111,Saint Charles
8284,CA-2015-154284,2015-12-26,Second Class,SZ-20035,60174,59.90,14.23,OFF-AR-10001468,Saint Charles
7913,CA-2016-167605,2016-04-30,Second Class,RB-19570,60174,30.34,-31.86,FUR-FU-10001602,Saint Charles
8286,CA-2015-154284,2015-12-26,Second Class,SZ-20035,60174,51.76,-33.64,FUR-FU-10003039,Saint Charles
8283,CA-2015-154284,2015-12-26,Second Class,SZ-20035,60174,600.53,137.26,TEC-MA-10004241,Saint Charles
8285,CA-2015-154284,2015-12-26,Second Class,SZ-20035,60174,637.44,135.46,TEC-AC-10003198,Saint Charles
2502,CA-2017-131618,2017-06-20,First Class,LS-17200,60076,2.30,-3.57,OFF-BI-10000546,Skokie
2501,CA-2017-131618,2017-06-20,First Class,LS-17200,60076,12.22,4.43,OFF-PA-10001892,Skokie
1643,US-2014-134712,2014-12-04,Standard Class,BS-11380,60076,12.62,3.94,OFF-FA-10003112,Skokie
2503,CA-2017-131618,2017-06-20,First Class,LS-17200,60076,9.36,-16.38,OFF-BI-10001294,Skokie
2968,CA-2014-162866,2014-12-31,Standard Class,Co-12640,60076,30.02,3.00,OFF-ST-10002562,Skokie
7506,US-2017-106579,2017-06-13,Standard Class,BW-11200,60076,12.18,-18.87,OFF-BI-10000309,Skokie
6715,CA-2017-107629,2017-12-14,Same Day,DB-13060,60076,39.26,-4.91,TEC-AC-10004510,Skokie
2967,CA-2014-162866,2014-12-31,Standard Class,Co-12640,60076,32.95,-19.77,FUR-FU-10001473,Skokie
6716,CA-2017-107629,2017-12-14,Same Day,DB-13060,60076,95.23,25.00,OFF-AR-10002987,Skokie
6714,CA-2017-107629,2017-12-14,Same Day,DB-13060,60076,56.33,-26.76,FUR-FU-10004091,Skokie
6713,CA-2017-107629,2017-12-14,Same Day,DB-13060,60076,266.35,-292.99,FUR-FU-10002298,Skokie
3403,CA-2015-129700,2015-05-05,First Class,LA-16780,60477,22.29,-8.92,FUR-FU-10001940,Tinley Park
2591,US-2016-115455,2016-09-14,Standard Class,SE-20110,60090,14.14,-7.77,FUR-FU-10004671,Wheeling
9589,CA-2017-110940,2017-07-28,Standard Class,AZ-10750,60090,121.54,15.19,OFF-AR-10000380,Wheeling
2592,US-2016-115455,2016-09-14,Standard Class,SE-20110,60090,601.47,-300.74,FUR-TA-10003569,Wheeling
2572,CA-2017-109778,2017-07-21,Standard Class,VM-21685,60098,2.91,0.91,OFF-AR-10003759,Woodstock
2883,CA-2014-165540,2014-02-25,Standard Class,TM-21010,60098,8.85,-13.72,OFF-BI-10004094,Woodstock
2845,US-2016-162852,2016-12-31,Standard Class,BG-11695,60098,845.49,-12.08,FUR-CH-10004853,Woodstock
4447,US-2014-147704,2014-11-21,Standard Class,SR-20740,47401,29.12,14.27,OFF-BI-10001634,Bloomington
9098,US-2014-158365,2014-04-17,Standard Class,SV-20785,47401,32.40,15.55,OFF-PA-10000289,Bloomington
4446,US-2014-147704,2014-11-21,Standard Class,SR-20740,47401,31.68,14.26,OFF-PA-10003270,Bloomington
4445,US-2014-147704,2014-11-21,Standard Class,SR-20740,47401,78.35,36.82,OFF-EN-10004483,Bloomington
3887,CA-2016-167759,2016-03-08,Second Class,CC-12670,47401,134.85,37.76,TEC-PH-10003171,Bloomington
5872,CA-2016-154235,2016-09-28,Standard Class,RD-19900,47401,127.95,21.75,FUR-FU-10004006,Bloomington
4448,US-2014-147704,2014-11-21,Standard Class,SR-20740,47401,169.45,42.36,OFF-ST-10000675,Bloomington
9546,CA-2014-166590,2014-11-02,Standard Class,NC-18625,47201,1.98,0.89,TEC-AC-10003433,Columbus
447,CA-2017-154214,2017-03-25,Second Class,TB-21595,47201,2.91,1.37,FUR-FU-10000206,Columbus
4409,CA-2016-100041,2016-11-25,Standard Class,BF-10975,47201,4.91,2.31,OFF-BI-10000343,Columbus
6249,CA-2017-121580,2017-06-04,Standard Class,ML-17410,47201,6.24,2.62,FUR-FU-10003981,Columbus
6251,CA-2017-121580,2017-06-04,Standard Class,ML-17410,47201,7.98,3.99,OFF-PA-10004082,Columbus
4407,CA-2016-100041,2016-11-25,Standard Class,BF-10975,47201,9.08,4.09,OFF-PA-10001622,Columbus
2599,CA-2017-149048,2017-05-17,Standard Class,BM-11650,47201,14.94,7.32,OFF-PA-10001752,Columbus
2852,CA-2017-107342,2017-12-22,Standard Class,VF-21715,47201,28.16,13.24,OFF-PA-10001745,Columbus
980,CA-2015-157035,2015-12-12,First Class,KB-16600,47201,34.02,16.67,OFF-PA-10004156,Columbus
9072,CA-2015-136105,2015-06-16,Standard Class,SZ-20035,47201,24.56,6.88,OFF-ST-10002444,Columbus
3720,CA-2016-105900,2016-09-23,Standard Class,BS-11590,47201,33.40,12.36,OFF-AR-10002656,Columbus
675,CA-2017-130351,2017-12-08,First Class,RB-19570,47201,38.90,17.50,OFF-PA-10002137,Columbus
6248,CA-2017-121580,2017-06-04,Standard Class,ML-17410,47201,43.41,19.97,OFF-BI-10000632,Columbus
1077,CA-2016-161781,2016-09-30,First Class,CC-12100,47201,40.88,10.63,OFF-AR-10000255,Columbus
2188,CA-2017-143063,2017-08-15,Standard Class,IL-15100,47201,70.08,35.04,OFF-EN-10003134,Columbus
6198,CA-2015-149909,2015-11-17,Standard Class,RA-19915,47201,63.77,28.70,OFF-PA-10000726,Columbus
6199,CA-2015-149909,2015-11-17,Standard Class,RA-19915,47201,50.97,13.25,TEC-PH-10001536,Columbus
9547,CA-2014-166590,2014-11-02,Standard Class,NC-18625,47201,75.88,35.66,OFF-PA-10000482,Columbus
674,CA-2017-130351,2017-12-08,First Class,RB-19570,47201,61.44,16.59,OFF-AP-10004532,Columbus
6200,CA-2015-149909,2015-11-17,Standard Class,RA-19915,47201,96.08,46.12,OFF-PA-10001790,Columbus
676,CA-2017-130351,2017-12-08,First Class,RB-19570,47201,99.39,40.75,TEC-AC-10003832,Columbus
7557,CA-2017-159506,2017-12-02,Standard Class,JR-16210,47201,158.28,72.81,OFF-PA-10003641,Columbus
2189,CA-2017-143063,2017-08-15,Standard Class,IL-15100,47201,121.30,25.47,FUR-FU-10003708,Columbus
2595,CA-2017-149048,2017-05-17,Standard Class,BM-11650,47201,180.96,81.43,OFF-EN-10003296,Columbus
646,CA-2017-126221,2018-01-05,Standard Class,CC-12430,47201,209.30,56.51,OFF-AP-10002457,Columbus
4408,CA-2016-100041,2016-11-25,Standard Class,BF-10975,47201,314.55,150.98,OFF-PA-10000418,Columbus
5188,CA-2015-115567,2015-09-18,Standard Class,ZC-21910,47201,199.96,16.00,TEC-AC-10001314,Columbus
7558,CA-2017-159506,2017-12-02,Standard Class,JR-16210,47201,497.94,224.07,OFF-BI-10004519,Columbus
6250,CA-2017-121580,2017-06-04,Standard Class,ML-17410,47201,465.16,120.94,OFF-AP-10001564,Columbus
2597,CA-2017-149048,2017-05-17,Standard Class,BM-11650,47201,587.97,158.75,TEC-PH-10002310,Columbus
2598,CA-2017-149048,2017-05-17,Standard Class,BM-11650,47201,530.34,95.46,OFF-ST-10000078,Columbus
2596,CA-2017-149048,2017-05-17,Standard Class,BM-11650,47201,914.97,411.74,OFF-BI-10004632,Columbus
2190,CA-2017-143063,2017-08-15,Standard Class,IL-15100,47201,1454.49,378.17,TEC-PH-10003645,Columbus
5189,CA-2015-115567,2015-09-18,Standard Class,ZC-21910,47201,1516.20,394.21,FUR-CH-10000015,Columbus
4373,US-2017-169320,2017-07-25,Second Class,LH-16900,46514,11.68,5.49,OFF-AR-10003602,Elkhart
4374,US-2017-169320,2017-07-25,Second Class,LH-16900,46514,159.75,11.18,TEC-AC-10002550,Elkhart
9498,CA-2017-118213,2017-11-07,First Class,AB-10060,46142,4.41,2.03,OFF-PA-10002615,Greenwood
9500,CA-2017-118213,2017-11-07,First Class,AB-10060,46142,67.80,31.19,OFF-PA-10003673,Greenwood
9499,CA-2017-118213,2017-11-07,First Class,AB-10060,46142,167.94,82.29,OFF-PA-10000565,Greenwood
3940,US-2016-143448,2016-12-10,Same Day,MH-17455,46142,1424.90,356.23,FUR-CH-10003379,Greenwood
4283,CA-2014-103100,2014-12-23,First Class,AB-10105,46203,3.69,1.73,OFF-LA-10003720,Indianapolis
1692,CA-2017-129833,2017-12-15,Standard Class,HF-14995,46203,10.40,5.10,OFF-BI-10004182,Indianapolis
9446,CA-2015-168277,2015-06-03,Standard Class,KB-16315,46203,12.39,5.70,OFF-LA-10004484,Indianapolis
9952,CA-2017-121559,2017-06-03,Second Class,HW-14935,46203,17.38,8.69,OFF-BI-10002072,Indianapolis
3398,US-2017-148362,2017-07-08,Standard Class,KF-16285,46203,25.92,12.44,OFF-PA-10003441,Indianapolis
2237,CA-2015-145849,2015-09-17,Second Class,CT-11995,46203,24.32,8.27,OFF-AR-10000817,Indianapolis
1691,CA-2017-129833,2017-12-15,Standard Class,HF-14995,46203,33.45,15.39,OFF-PA-10000575,Indianapolis
9951,CA-2017-121559,2017-06-03,Second Class,HW-14935,46203,39.89,14.76,TEC-AC-10001714,Indianapolis
5236,CA-2016-111143,2016-11-22,First Class,TT-21265,46203,54.96,15.94,OFF-AP-10001947,Indianapolis
6642,CA-2017-128328,2017-08-09,Standard Class,PO-18865,46203,79.78,29.52,TEC-AC-10001714,Indianapolis
6641,CA-2017-128328,2017-08-09,Standard Class,PO-18865,46203,125.88,60.42,OFF-BI-10001989,Indianapolis
6643,CA-2017-128328,2017-08-09,Standard Class,PO-18865,46203,133.20,66.60,OFF-LA-10003498,Indianapolis
9950,CA-2017-121559,2017-06-03,Second Class,HW-14935,46203,83.97,15.95,TEC-AC-10004568,Indianapolis
6595,CA-2015-146290,2015-05-11,Standard Class,SV-20815,46203,125.93,35.26,OFF-AR-10001897,Indianapolis
3397,US-2017-148362,2017-07-08,Standard Class,KF-16285,46203,169.99,78.20,OFF-BI-10003656,Indianapolis
2236,CA-2015-145849,2015-09-17,Second Class,CT-11995,46203,190.86,11.45,OFF-ST-10000025,Indianapolis
8830,CA-2014-109680,2014-10-09,First Class,VP-21760,46203,386.34,54.09,OFF-ST-10001932,Indianapolis
3396,US-2017-148362,2017-07-08,Standard Class,KF-16285,46203,443.92,13.32,OFF-ST-10001128,Indianapolis
4073,CA-2015-156104,2015-12-08,Second Class,NP-18685,46203,999.98,449.99,TEC-CO-10002095,Indianapolis
4284,CA-2014-103100,2014-12-23,First Class,AB-10105,46203,1103.97,496.79,OFF-BI-10004600,Indianapolis
1906,CA-2017-154410,2017-10-24,First Class,MD-17860,46203,909.12,9.09,OFF-ST-10002743,Indianapolis
9948,CA-2017-121559,2017-06-03,Second Class,HW-14935,46203,1925.88,539.25,FUR-CH-10003746,Indianapolis
9949,CA-2017-121559,2017-06-03,Second Class,HW-14935,46203,2405.20,793.72,OFF-AP-10002945,Indianapolis
1141,CA-2016-152170,2016-11-15,Second Class,FH-14275,46350,17.38,8.69,OFF-BI-10002072,La Porte
1139,CA-2016-152170,2016-11-15,Second Class,FH-14275,46350,19.98,8.99,OFF-PA-10001763,La Porte
1140,CA-2016-152170,2016-11-15,Second Class,FH-14275,46350,20.58,5.56,OFF-AR-10003394,La Porte
1138,CA-2016-152170,2016-11-15,Second Class,FH-14275,46350,37.68,10.55,OFF-AP-10002350,La Porte
1265,CA-2016-155992,2016-10-02,First Class,CC-12220,46350,41.85,10.88,FUR-FU-10003724,La Porte
1264,CA-2016-155992,2016-10-02,First Class,CC-12220,46350,69.90,18.87,TEC-PH-10000215,La Porte
1137,CA-2016-152170,2016-11-15,Second Class,FH-14275,46350,287.52,129.38,OFF-EN-10002831,La Porte
2232,CA-2017-157091,2017-06-30,Standard Class,DB-13405,46350,526.45,31.59,FUR-FU-10000293,La Porte
2334,CA-2017-169285,2017-03-25,Standard Class,RW-19690,47905,5.78,2.83,OFF-PA-10004971,Lafayette
9887,CA-2014-146997,2014-01-27,Standard Class,SG-20605,47905,5.94,0.00,OFF-FA-10003467,Lafayette
3531,US-2016-152835,2016-05-23,Standard Class,RP-19855,47905,21.40,6.21,OFF-AR-10003056,Lafayette
6829,CA-2016-118689,2016-10-09,Standard Class,TC-20980,47905,34.37,16.84,OFF-BI-10003712,Lafayette
6830,CA-2016-118689,2016-10-09,Standard Class,TC-20980,47905,33.96,9.51,OFF-AR-10001958,Lafayette
6826,CA-2016-118689,2016-10-09,Standard Class,TC-20980,47905,32.48,4.87,OFF-ST-10001558,Lafayette
5720,CA-2017-126550,2017-04-02,Second Class,RD-19720,47905,81.40,21.16,OFF-ST-10001031,Lafayette
2333,CA-2017-169285,2017-03-25,Standard Class,RW-19690,47905,277.40,133.15,OFF-PA-10004071,Lafayette
4944,CA-2017-106782,2017-12-27,Standard Class,LP-17095,47905,375.34,18.77,OFF-ST-10004459,Lafayette
6828,CA-2016-118689,2016-10-09,Standard Class,TC-20980,47905,735.98,331.19,OFF-BI-10004600,Lafayette
2574,CA-2017-145128,2017-07-14,Standard Class,SM-20320,47905,526.45,31.59,FUR-FU-10000293,Lafayette
6827,CA-2016-118689,2016-10-09,Standard Class,TC-20980,47905,17499.95,8399.98,TEC-CO-10004722,Lafayette
8742,CA-2015-113222,2015-11-09,Same Day,AG-10765,46226,10.74,5.16,OFF-BI-10001890,Lawrence
6675,CA-2015-109337,2015-11-23,Second Class,DL-13330,46226,10.92,4.91,OFF-AR-10003759,Lawrence
6677,CA-2015-109337,2015-11-23,Second Class,DL-13330,46226,19.75,5.13,OFF-AP-10004052,Lawrence
9447,CA-2016-158617,2016-09-28,Standard Class,AC-10660,46226,35.88,16.15,OFF-PA-10002245,Lawrence
4371,US-2016-165078,2016-11-10,Standard Class,MA-17995,46226,39.68,16.27,OFF-AR-10002987,Lawrence
4372,US-2016-165078,2016-11-10,Standard Class,MA-17995,46226,51.75,24.84,OFF-LA-10000414,Lawrence
4370,US-2016-165078,2016-11-10,Standard Class,MA-17995,46226,104.90,50.35,OFF-BI-10001989,Lawrence
6676,CA-2015-109337,2015-11-23,Second Class,DL-13330,46226,83.90,22.65,TEC-MA-10002930,Lawrence
3867,CA-2017-146360,2017-04-25,Second Class,SC-20305,46226,155.34,55.92,TEC-AC-10003590,Lawrence
6678,CA-2015-109337,2015-11-23,Second Class,DL-13330,46226,393.54,165.29,TEC-AC-10000990,Lawrence
3655,CA-2017-133004,2017-09-05,Standard Class,AJ-10945,46226,638.73,166.07,OFF-AP-10002439,Lawrence
4215,CA-2016-164637,2016-03-08,Standard Class,RD-19480,46544,128.40,64.20,OFF-BI-10003876,Mishawaka
2496,CA-2014-136644,2014-06-22,Standard Class,SC-20575,46544,647.84,32.39,FUR-CH-10000225,Mishawaka
52,CA-2015-115742,2015-04-22,Standard Class,DP-13000,47150,6.16,2.96,FUR-FU-10001706,New Albany
50,CA-2015-115742,2015-04-22,Standard Class,DP-13000,47150,38.22,17.96,OFF-BI-10004410,New Albany
51,CA-2015-115742,2015-04-22,Standard Class,DP-13000,47150,75.18,35.33,OFF-LA-10002762,New Albany
53,CA-2015-115742,2015-04-22,Standard Class,DP-13000,47150,89.99,17.10,FUR-CH-10003061,New Albany
2284,CA-2015-153108,2015-03-09,Standard Class,SF-20200,47362,23.92,6.70,TEC-PH-10001552,New Castle
2285,CA-2015-153108,2015-03-09,Standard Class,SF-20200,47362,60.69,16.39,OFF-AP-10002222,New Castle
2916,CA-2015-134747,2015-10-17,Second Class,DL-12925,46060,12.56,5.65,OFF-BI-10001308,Noblesville
2915,CA-2015-134747,2015-10-17,Second Class,DL-12925,46060,135.72,35.29,TEC-PH-10002890,Noblesville
2917,CA-2015-134747,2015-10-17,Second Class,DL-12925,46060,263.96,71.27,TEC-PH-10001750,Noblesville
8469,US-2016-164196,2016-11-17,Standard Class,AS-10285,46060,2678.94,241.10,FUR-TA-10001950,Noblesville
4341,US-2014-129609,2014-03-22,Same Day,VM-21835,46368,16.28,6.51,OFF-AR-10003478,Portage
9860,CA-2017-113278,2017-01-20,Standard Class,HR-14770,47374,2.52,0.10,OFF-FA-10003472,Richmond
9864,CA-2017-113278,2017-01-20,Standard Class,HR-14770,47374,11.34,5.56,OFF-PA-10004156,Richmond
6260,CA-2015-150441,2015-08-17,Second Class,RA-19285,47374,11.36,5.57,OFF-BI-10003529,Richmond
1128,CA-2015-105970,2015-03-07,Standard Class,PA-19060,47374,10.16,2.64,OFF-AR-10003156,Richmond
9863,CA-2017-113278,2017-01-20,Standard Class,HR-14770,47374,12.12,2.55,TEC-AC-10001445,Richmond
9866,CA-2017-113278,2017-01-20,Standard Class,HR-14770,47374,18.96,8.53,FUR-FU-10001037,Richmond
2055,CA-2016-136434,2016-12-07,Standard Class,RD-19480,47374,17.31,5.19,FUR-FU-10001196,Richmond
4229,CA-2016-113803,2016-03-26,First Class,VG-21805,47374,22.48,10.34,OFF-PA-10001994,Richmond
4522,CA-2014-109491,2014-02-26,Standard Class,LC-16930,47374,20.32,6.91,FUR-FU-10000221,Richmond
9862,CA-2017-113278,2017-01-20,Standard Class,HR-14770,47374,18.76,5.25,OFF-ST-10002562,Richmond
7134,CA-2017-141439,2017-11-30,Standard Class,TT-21460,47374,27.46,9.89,FUR-FU-10001473,Richmond
5831,CA-2016-122063,2016-12-07,Standard Class,MM-17920,47374,29.98,8.09,FUR-CH-10004754,Richmond
9677,US-2014-120175,2014-12-03,Standard Class,MC-17635,47374,64.02,29.45,OFF-EN-10003862,Richmond
4521,CA-2014-109491,2014-02-26,Standard Class,LC-16930,47374,62.31,22.43,TEC-AC-10001284,Richmond
7135,CA-2017-141439,2017-11-30,Standard Class,TT-21460,47374,89.98,43.19,TEC-PH-10001819,Richmond
5898,CA-2016-167682,2016-04-09,Standard Class,ZD-21925,47374,71.12,22.05,FUR-FU-10003799,Richmond
9859,CA-2017-113278,2017-01-20,Standard Class,HR-14770,47374,67.40,17.52,OFF-ST-10001590,Richmond
1129,CA-2015-105970,2015-03-07,Standard Class,PA-19060,47374,101.88,50.94,OFF-EN-10001532,Richmond
9861,CA-2017-113278,2017-01-20,Standard Class,HR-14770,47374,67.80,1.36,TEC-PH-10000169,Richmond
9865,CA-2017-113278,2017-01-20,Standard Class,HR-14770,47374,159.80,70.31,TEC-AC-10004469,Richmond
6728,CA-2017-145443,2017-08-15,Second Class,SC-20695,47374,177.20,83.28,OFF-PA-10003302,Richmond
5899,CA-2016-167682,2016-04-09,Standard Class,ZD-21925,47374,259.96,124.78,TEC-PH-10000673,Richmond
3213,CA-2014-142314,2014-12-28,Standard Class,SF-20200,47374,207.24,58.03,OFF-AP-10002350,Richmond
7132,CA-2017-141439,2017-11-30,Standard Class,TT-21460,47374,257.94,67.06,FUR-TA-10001039,Richmond
4688,CA-2016-101987,2016-06-30,Standard Class,HL-15040,47374,440.91,123.45,TEC-PH-10001305,Richmond
5830,CA-2016-122063,2016-12-07,Standard Class,MM-17920,47374,581.96,104.75,FUR-TA-10004575,Richmond
5006,CA-2015-158659,2015-11-14,Second Class,SC-20695,47374,714.30,207.15,OFF-ST-10003306,Richmond
7136,CA-2017-141439,2017-11-30,Standard Class,TT-21460,47374,828.60,240.29,FUR-CH-10004287,Richmond
7133,CA-2017-141439,2017-11-30,Standard Class,TT-21460,47374,1879.96,545.19,TEC-PH-10002624,Richmond
1852,CA-2015-160472,2015-07-25,Second Class,RK-19300,46614,26.40,11.88,OFF-PA-10000528,South Bend
1850,CA-2015-160472,2015-07-25,Second Class,RK-19300,46614,34.76,9.73,OFF-ST-10000464,South Bend
1854,CA-2015-160472,2015-07-25,Second Class,RK-19300,46614,97.82,45.98,OFF-PA-10003129,South Bend
1853,CA-2015-160472,2015-07-25,Second Class,RK-19300,46614,106.75,49.10,OFF-EN-10000483,South Bend
1855,CA-2015-160472,2015-07-25,Second Class,RK-19300,46614,141.40,38.18,OFF-ST-10003442,South Bend
1851,CA-2015-160472,2015-07-25,Second Class,RK-19300,46614,831.20,124.68,TEC-AC-10002253,South Bend
9211,CA-2017-142776,2017-12-14,Second Class,RS-19870,52601,5.40,2.59,OFF-BI-10002012,Burlington
9210,CA-2017-142776,2017-12-14,Second Class,RS-19870,52601,7.28,3.49,OFF-EN-10003160,Burlington
1009,US-2017-106705,2017-12-31,Standard Class,PO-18850,52601,44.75,20.59,OFF-PA-10001509,Burlington
1281,CA-2016-160815,2016-09-06,First Class,TR-21325,52402,278.40,80.74,TEC-PH-10003505,Cedar Rapids
7840,US-2014-137869,2014-04-02,Standard Class,CV-12295,50315,6.12,2.88,OFF-EN-10001509,Des Moines
1087,CA-2016-167584,2016-08-12,Same Day,LC-16870,50315,6.48,3.11,OFF-PA-10000029,Des Moines
774,CA-2017-104220,2017-02-05,Standard Class,BV-11245,50315,7.71,3.47,OFF-BI-10003910,Des Moines
771,CA-2017-104220,2017-02-05,Standard Class,BV-11245,50315,18.28,9.14,OFF-BI-10001036,Des Moines
5948,CA-2015-115924,2015-09-18,Second Class,BE-11455,50315,25.90,12.69,OFF-BI-10004040,Des Moines
773,CA-2017-104220,2017-02-05,Standard Class,BV-11245,50315,32.35,16.18,OFF-BI-10000301,Des Moines
776,CA-2017-104220,2017-02-05,Standard Class,BV-11245,50315,34.58,14.52,FUR-FU-10002597,Des Moines
3522,CA-2016-114482,2016-11-25,Second Class,DM-13345,50315,40.46,19.83,OFF-PA-10003845,Des Moines
775,CA-2017-104220,2017-02-05,Standard Class,BV-11245,50315,40.30,10.88,OFF-AR-10004648,Des Moines
772,CA-2017-104220,2017-02-05,Standard Class,BV-11245,50315,207.00,51.75,TEC-PH-10004614,Des Moines
3523,CA-2016-114482,2016-11-25,Second Class,DM-13345,50315,404.94,109.33,TEC-PH-10001580,Des Moines
7841,US-2014-137869,2014-04-02,Standard Class,CV-12295,50315,1184.72,106.62,FUR-TA-10003954,Des Moines
3426,CA-2015-153381,2015-09-28,Standard Class,DE-13255,52001,15.24,6.86,OFF-BI-10001525,Dubuque
8001,US-2015-151407,2015-11-12,Standard Class,RD-19585,52001,263.96,76.55,TEC-PH-10003885,Dubuque
3427,CA-2015-153381,2015-09-28,Standard Class,DE-13255,52001,1408.10,394.27,FUR-CH-10000988,Dubuque
4190,CA-2016-157714,2016-09-30,Second Class,CS-12175,52240,9.99,4.50,OFF-PA-10004022,Iowa City
9915,CA-2017-160927,2017-01-31,Second Class,TM-21010,52302,12.96,6.22,OFF-PA-10003848,Marion
9917,CA-2017-160927,2017-01-31,Second Class,TM-21010,52302,13.48,3.50,OFF-ST-10001590,Marion
9918,CA-2017-160927,2017-01-31,Second Class,TM-21010,52302,14.91,4.62,FUR-FU-10000010,Marion
9916,CA-2017-160927,2017-01-31,Second Class,TM-21010,52302,94.85,45.53,OFF-PA-10000176,Marion
8416,CA-2017-107265,2017-04-12,Standard Class,ML-17755,52302,106.32,49.97,OFF-PA-10000474,Marion
9251,CA-2016-105354,2016-12-06,Standard Class,PW-19030,52302,115.84,54.44,OFF-BI-10001107,Marion
113,CA-2016-128867,2016-11-10,Standard Class,CL-12565,50322,27.24,13.35,OFF-BI-10003981,Urbandale
4227,CA-2017-120327,2017-11-16,Standard Class,WB-21850,50322,45.92,21.58,OFF-FA-10004854,Urbandale
112,CA-2016-128867,2016-11-10,Standard Class,CL-12565,50322,75.96,22.79,OFF-AR-10000380,Urbandale
6231,CA-2017-127656,2017-07-17,Standard Class,NW-18400,50701,30.32,11.82,OFF-AR-10001166,Waterloo
7613,US-2015-130491,2015-02-11,First Class,BH-11710,67846,5.81,1.80,OFF-FA-10000134,Garden City
7614,US-2015-130491,2015-02-11,First Class,BH-11710,67846,5.76,1.73,OFF-AR-10001149,Garden City
7612,US-2015-130491,2015-02-11,First Class,BH-11710,67846,9.54,4.29,OFF-PA-10000791,Garden City
8117,CA-2017-105543,2017-11-24,Same Day,BG-11695,67846,33.29,7.99,OFF-ST-10003123,Garden City
7371,CA-2014-107769,2014-10-31,Standard Class,BT-11395,67846,257.98,74.81,TEC-PH-10001336,Garden City
3781,CA-2014-149643,2014-11-20,Standard Class,RH-19510,66502,273.96,10.96,TEC-PH-10000038,Manhattan
5452,US-2014-119081,2014-09-19,Standard Class,TA-21385,66062,40.56,12.98,FUR-FU-10003464,Olathe
5450,US-2014-119081,2014-09-19,Standard Class,TA-21385,66062,57.40,10.91,TEC-AC-10001542,Olathe
1795,CA-2016-140774,2016-09-10,Standard Class,BE-11455,66062,107.94,26.98,OFF-AR-10004022,Olathe
5451,US-2014-119081,2014-09-19,Standard Class,TA-21385,66062,331.96,149.38,OFF-BI-10004519,Olathe
5449,US-2014-119081,2014-09-19,Standard Class,TA-21385,66062,357.93,7.16,OFF-SU-10000157,Olathe
5977,CA-2017-102155,2017-07-17,Standard Class,RR-19525,66212,13.56,6.24,OFF-PA-10003673,Overland Park
3275,CA-2017-116358,2017-11-06,Standard Class,KM-16225,66212,18.24,9.12,OFF-FA-10003495,Overland Park
3276,CA-2017-116358,2017-11-06,Standard Class,KM-16225,66212,27.78,9.17,OFF-AR-10004685,Overland Park
3476,CA-2016-144911,2016-11-30,First Class,RW-19630,66212,34.95,15.38,TEC-AC-10004633,Overland Park
3477,CA-2016-144911,2016-11-30,First Class,RW-19630,66212,152.00,69.92,OFF-BI-10000977,Overland Park
5976,CA-2017-102155,2017-07-17,Standard Class,RR-19525,66212,360.38,93.70,OFF-ST-10001496,Overland Park
4142,CA-2016-136287,2016-06-17,Standard Class,SS-20590,67212,18.90,8.69,OFF-LA-10003148,Wichita
4571,US-2015-152128,2015-05-27,Second Class,NM-18445,67212,21.24,8.07,OFF-AR-10002445,Wichita
5363,CA-2016-122017,2017-01-02,Standard Class,CD-11920,67212,70.56,23.99,FUR-FU-10000672,Wichita
5364,CA-2016-122017,2017-01-02,Standard Class,CD-11920,67212,81.96,22.95,OFF-AP-10001293,Wichita
4572,US-2015-152128,2015-05-27,Second Class,NM-18445,67212,127.96,60.14,OFF-BI-10001718,Wichita
4784,US-2017-147984,2017-01-31,Standard Class,GB-14575,67212,279.90,137.15,OFF-PA-10000806,Wichita
5414,CA-2016-153157,2016-09-14,First Class,TB-21625,67212,224.75,62.93,TEC-PH-10003171,Wichita
5717,CA-2015-124107,2015-10-12,Second Class,BM-11650,48104,29.16,8.46,TEC-PH-10003875,Ann Arbor
5719,CA-2015-124107,2015-10-12,Second Class,BM-11650,48104,29.40,5.23,OFF-AP-10003971,Ann Arbor
5718,CA-2015-124107,2015-10-12,Second Class,BM-11650,48104,57.96,27.24,OFF-EN-10003286,Ann Arbor
5635,CA-2015-134943,2015-12-06,First Class,SU-20665,48104,152.80,76.40,OFF-BI-10000666,Ann Arbor
5716,CA-2015-124107,2015-10-12,Second Class,BM-11650,48104,619.95,111.59,TEC-AC-10002049,Ann Arbor
426,CA-2017-149160,2017-11-26,Second Class,JM-15265,48187,28.40,11.08,FUR-FU-10003347,Canton
427,CA-2017-149160,2017-11-26,Second Class,JM-15265,48187,287.92,138.20,OFF-BI-10001543,Canton
3848,CA-2017-129000,2017-11-27,Second Class,SZ-20035,48187,501.81,0.00,OFF-ST-10001097,Canton
5638,CA-2017-113208,2017-04-02,Standard Class,ML-18040,48126,60.84,23.12,FUR-FU-10004245,Dearborn
626,CA-2015-138009,2015-12-03,Standard Class,SF-20965,48126,161.82,46.93,OFF-AR-10004042,Dearborn
623,CA-2015-138009,2015-12-03,Standard Class,SF-20965,48126,301.96,87.57,FUR-CH-10004853,Dearborn
624,CA-2015-138009,2015-12-03,Standard Class,SF-20965,48126,555.21,178.90,OFF-AP-10000179,Dearborn
625,CA-2015-138009,2015-12-03,Standard Class,SF-20965,48126,523.48,130.87,OFF-ST-10001272,Dearborn
9509,CA-2014-149104,2014-04-07,Second Class,RD-19900,48127,13.89,4.58,OFF-AR-10004685,Dearborn Heights
9507,CA-2014-149104,2014-04-07,Second Class,RD-19900,48127,26.70,7.48,OFF-AR-10002952,Dearborn Heights
9508,CA-2014-149104,2014-04-07,Second Class,RD-19900,48127,40.20,18.09,OFF-BI-10004209,Dearborn Heights
3475,CA-2017-111815,2017-03-10,Standard Class,EP-13915,48127,99.98,42.99,TEC-AC-10002926,Dearborn Heights
3474,CA-2017-111815,2017-03-10,Standard Class,EP-13915,48127,180.98,47.05,FUR-CH-10000785,Dearborn Heights
9510,CA-2014-149104,2014-04-07,Second Class,RD-19900,48127,689.82,20.69,OFF-ST-10000991,Dearborn Heights
226,CA-2015-163055,2015-08-16,Standard Class,DS-13180,48227,2.20,0.97,OFF-AR-10001026,Detroit
4113,CA-2015-153717,2015-12-31,Standard Class,DL-13495,48227,3.28,0.95,OFF-AR-10002375,Detroit
892,CA-2017-133256,2017-06-27,First Class,TH-21550,48227,4.54,2.04,OFF-PA-10001622,Detroit
3055,CA-2016-128517,2016-04-14,Second Class,SW-20350,48227,5.28,2.43,OFF-BI-10000831,Detroit
2924,CA-2014-156993,2014-07-04,Standard Class,RW-19630,48234,6.08,3.04,OFF-FA-10003495,Detroit
3955,CA-2014-133228,2014-04-09,Standard Class,MS-17710,48205,5.47,2.35,FUR-FU-10004020,Detroit
6388,CA-2014-134103,2014-02-04,Standard Class,MV-18190,48234,10.56,4.75,OFF-PA-10001204,Detroit
7703,CA-2016-114601,2016-09-02,Standard Class,AA-10480,48234,11.56,5.66,OFF-PA-10000605,Detroit
7707,CA-2016-114601,2016-09-02,Standard Class,AA-10480,48234,8.64,2.51,OFF-AR-10002578,Detroit
6984,CA-2016-116526,2016-09-05,Standard Class,JA-15970,48227,8.78,2.28,TEC-PH-10002365,Detroit
1471,CA-2017-139199,2017-12-13,Standard Class,DK-12835,48234,12.96,6.22,OFF-PA-10001293,Detroit
8532,CA-2016-156748,2016-12-06,Standard Class,BS-11755,48227,13.76,6.33,OFF-PA-10002713,Detroit
3654,CA-2017-109960,2017-12-11,Second Class,DB-13210,48234,14.94,7.02,OFF-PA-10000349,Detroit
9628,CA-2014-139283,2014-11-27,Standard Class,BT-11440,48227,14.67,6.75,OFF-BI-10002049,Detroit
441,CA-2016-115756,2016-09-07,Second Class,PK-19075,48227,12.22,3.67,FUR-FU-10000246,Detroit
4112,CA-2015-153717,2015-12-31,Standard Class,DL-13495,48227,17.34,8.50,OFF-PA-10002160,Detroit
6987,CA-2016-116526,2016-09-05,Standard Class,JA-15970,48227,11.96,2.99,OFF-AR-10004999,Detroit
893,CA-2017-133256,2017-06-27,First Class,TH-21550,48227,15.92,5.41,OFF-AR-10003158,Detroit
1081,CA-2015-110016,2015-12-04,Standard Class,BT-11395,48227,19.92,9.36,OFF-PA-10000349,Detroit
1902,CA-2016-151141,2016-08-23,First Class,DW-13480,48205,14.78,3.99,TEC-PH-10004924,Detroit
446,CA-2016-115756,2016-09-07,Second Class,PK-19075,48227,22.05,10.58,OFF-LA-10001317,Detroit
7215,CA-2015-103072,2015-09-30,Second Class,HW-14935,48205,16.40,4.76,OFF-AR-10000127,Detroit
8511,CA-2015-135853,2015-12-14,First Class,CA-12775,48205,23.00,10.35,OFF-BI-10004965,Detroit
6983,CA-2016-116526,2016-09-05,Standard Class,JA-15970,48227,24.10,11.09,OFF-BI-10004728,Detroit
7216,CA-2015-103072,2015-09-30,Second Class,HW-14935,48205,25.92,12.44,OFF-PA-10003172,Detroit
6988,CA-2016-116526,2016-09-05,Standard Class,JA-15970,48227,26.40,12.67,OFF-BI-10001116,Detroit
4695,US-2015-138121,2015-12-17,Same Day,JL-15835,48205,29.52,14.46,OFF-BI-10000320,Detroit
6986,CA-2016-116526,2016-09-05,Standard Class,JA-15970,48227,29.52,14.46,OFF-BI-10000320,Detroit
9097,US-2015-132836,2015-06-05,Standard Class,AJ-10945,48227,28.91,13.30,OFF-LA-10004178,Detroit
8531,CA-2016-156748,2016-12-06,Standard Class,BS-11755,48227,33.36,16.68,OFF-PA-10000380,Detroit
3653,CA-2017-109960,2017-12-11,Second Class,DB-13210,48234,33.72,15.51,OFF-BI-10001636,Detroit
7596,CA-2017-119655,2017-04-24,Standard Class,CV-12295,48234,36.56,18.28,OFF-BI-10001036,Detroit
3829,CA-2017-141733,2017-05-11,Standard Class,RW-19540,48234,26.64,7.46,FUR-CH-10002017,Detroit
3961,CA-2015-113901,2015-10-24,Standard Class,NH-18610,48227,38.28,17.61,OFF-BI-10001249,Detroit
884,CA-2016-165148,2016-10-24,First Class,PM-19135,48227,31.40,10.05,FUR-FU-10000732,Detroit
228,CA-2015-163055,2015-08-16,Standard Class,DS-13180,48227,21.98,0.22,OFF-ST-10002485,Detroit
1470,CA-2017-139199,2017-12-13,Standard Class,DK-12835,48234,41.54,19.52,OFF-BI-10003982,Detroit
3652,CA-2017-109960,2017-12-11,Second Class,DB-13210,48234,34.70,12.49,OFF-AR-10001860,Detroit
2774,CA-2016-131576,2016-11-26,Standard Class,RD-19585,48205,49.44,24.23,OFF-BI-10002852,Detroit
9096,US-2015-132836,2015-06-05,Standard Class,AJ-10945,48227,41.90,11.73,TEC-PH-10001300,Detroit
7311,CA-2015-121699,2015-08-14,Standard Class,BD-11320,48227,64.75,29.14,OFF-BI-10004632,Detroit
9585,CA-2017-132584,2017-08-27,First Class,HJ-14875,48234,53.72,13.97,OFF-ST-10000344,Detroit
444,CA-2016-115756,2016-09-07,Second Class,PK-19075,48227,91.36,42.03,OFF-PA-10002222,Detroit
443,CA-2016-115756,2016-09-07,Second Class,PK-19075,48227,70.95,20.58,OFF-ST-10003058,Detroit
898,CA-2014-144407,2014-09-15,Standard Class,MS-17365,48227,103.60,51.80,OFF-LA-10003923,Detroit
9151,US-2014-157070,2014-06-06,Standard Class,QJ-19255,48234,65.52,12.38,OFF-AP-10004859,Detroit
4110,CA-2015-153717,2015-12-31,Standard Class,DL-13495,48227,73.98,19.97,TEC-PH-10002923,Detroit
2058,CA-2017-120376,2017-12-25,First Class,TP-21130,48227,84.99,30.60,TEC-AC-10000844,Detroit
3956,CA-2014-133228,2014-04-09,Standard Class,MS-17710,48205,79.36,23.81,OFF-AR-10001955,Detroit
7626,CA-2015-136805,2015-05-27,Second Class,NM-18445,48234,75.33,19.59,FUR-FU-10003724,Detroit
4886,CA-2014-151379,2014-12-20,Standard Class,SC-20695,48227,114.20,52.53,OFF-PA-10000595,Detroit
3651,CA-2017-109960,2017-12-11,Second Class,DB-13210,48234,104.88,41.95,TEC-AC-10004859,Detroit
5281,CA-2017-152709,2017-10-12,Standard Class,DB-13210,48234,85.52,22.24,OFF-ST-10001837,Detroit
7356,CA-2015-139780,2016-01-02,Second Class,AH-10690,48205,116.40,52.38,OFF-BI-10004139,Detroit
3831,CA-2017-141733,2017-05-11,Standard Class,RW-19540,48234,87.44,18.46,OFF-AP-10001563,Detroit
9150,US-2014-157070,2014-06-06,Standard Class,QJ-19255,48234,138.56,66.51,OFF-BI-10001765,Detroit
5172,CA-2016-122903,2016-05-29,Second Class,LA-16780,48205,144.12,69.18,OFF-PA-10001790,Detroit
7595,CA-2017-119655,2017-04-24,Standard Class,CV-12295,48234,146.86,70.49,OFF-BI-10001989,Detroit
9315,CA-2015-111948,2015-11-11,Same Day,AG-10495,48234,123.86,46.79,OFF-AP-10002311,Detroit
4674,CA-2016-133550,2016-08-06,Standard Class,KL-16645,48205,118.99,33.32,TEC-PH-10001079,Detroit
8510,CA-2015-135853,2015-12-14,First Class,CA-12775,48205,125.99,31.50,TEC-PH-10003691,Detroit
6471,CA-2015-108532,2015-09-02,Standard Class,CC-12100,48234,131.98,35.63,TEC-PH-10001750,Detroit
8301,CA-2015-109169,2015-04-24,Standard Class,OT-18730,48234,180.96,81.43,OFF-EN-10003296,Detroit
6472,CA-2015-108532,2015-09-02,Standard Class,CC-12100,48234,114.52,11.45,TEC-AC-10004510,Detroit
4697,US-2015-138121,2015-12-17,Same Day,JL-15835,48205,142.36,38.44,FUR-CH-10004875,Detroit
3962,CA-2015-113901,2015-10-24,Standard Class,NH-18610,48227,149.95,44.98,TEC-PH-10002564,Detroit
8509,CA-2015-135853,2015-12-14,First Class,CA-12775,48205,175.23,61.33,TEC-AC-10004761,Detroit
3175,CA-2017-157483,2017-11-18,Standard Class,EP-13915,48227,181.86,50.92,OFF-AR-10004260,Detroit
2056,CA-2017-120376,2017-12-25,First Class,TP-21130,48227,199.95,63.98,TEC-AC-10001114,Detroit
4111,CA-2015-153717,2015-12-31,Standard Class,DL-13495,48227,160.98,20.93,FUR-BO-10004360,Detroit
7704,CA-2016-114601,2016-09-02,Standard Class,AA-10480,48234,209.97,58.79,TEC-PH-10002170,Detroit
5221,CA-2014-140487,2014-06-20,Standard Class,SR-20425,48234,212.94,57.49,FUR-BO-10000711,Detroit
5173,CA-2016-122903,2016-05-29,Second Class,LA-16780,48205,314.55,150.98,OFF-PA-10000994,Detroit
442,CA-2016-115756,2016-09-07,Second Class,PK-19075,48227,194.94,23.39,OFF-ST-10000060,Detroit
2783,CA-2016-139878,2016-11-16,Standard Class,LD-17005,48234,257.98,74.81,TEC-PH-10001336,Detroit
523,CA-2017-145142,2017-01-25,First Class,MC-17605,48234,210.98,21.10,FUR-TA-10001857,Detroit
4699,US-2015-138121,2015-12-17,Same Day,JL-15835,48205,212.13,14.85,FUR-FU-10002116,Detroit
4672,CA-2016-133550,2016-08-06,Standard Class,KL-16645,48205,283.14,72.36,OFF-AP-10001005,Detroit
445,CA-2016-115756,2016-09-07,Second Class,PK-19075,48227,242.94,29.15,FUR-CH-10002372,Detroit
9264,CA-2015-124499,2015-10-13,Standard Class,FM-14380,48227,269.91,53.98,OFF-AP-10002191,Detroit
9094,US-2015-132836,2015-06-05,Standard Class,AJ-10945,48227,299.98,83.99,TEC-PH-10001299,Detroit
723,CA-2016-142335,2016-12-19,Standard Class,MP-17965,48205,296.37,80.02,OFF-ST-10000036,Detroit
9095,US-2015-132836,2015-06-05,Standard Class,AJ-10945,48227,403.68,181.66,OFF-BI-10004224,Detroit
6389,CA-2014-134103,2014-02-04,Standard Class,MV-18190,48234,229.94,6.90,OFF-ST-10000991,Detroit
1919,CA-2015-123673,2015-10-31,Second Class,CH-12070,48227,299.90,74.97,TEC-PH-10001809,Detroit
4675,CA-2016-133550,2016-08-06,Standard Class,KL-16645,48205,272.94,30.02,FUR-FU-10002918,Detroit
9697,CA-2014-144281,2014-06-15,Second Class,HK-14890,48234,491.55,240.86,OFF-LA-10003930,Detroit
4696,US-2015-138121,2015-12-17,Same Day,JL-15835,48205,302.94,48.47,FUR-CH-10003846,Detroit
4418,CA-2017-112900,2017-04-12,Second Class,KL-16645,48205,478.24,219.99,OFF-BI-10002867,Detroit
9314,CA-2015-111948,2015-11-11,Same Day,AG-10495,48234,418.32,117.13,OFF-ST-10003282,Detroit
6985,CA-2016-116526,2016-09-05,Standard Class,JA-15970,48227,376.74,71.16,OFF-AP-10002457,Detroit
7706,CA-2016-114601,2016-09-02,Standard Class,AA-10480,48234,479.97,163.19,TEC-AC-10003911,Detroit
9033,CA-2017-105823,2017-06-26,Standard Class,RB-19465,48227,487.96,146.39,FUR-CH-10000454,Detroit
2059,CA-2017-120376,2017-12-25,First Class,TP-21130,48227,411.80,70.01,FUR-TA-10004534,Detroit
7705,CA-2016-114601,2016-09-02,Standard Class,AA-10480,48234,447.84,98.52,FUR-TA-10004147,Detroit
8534,CA-2016-156748,2016-12-06,Standard Class,BS-11755,48227,389.97,35.10,FUR-CH-10000513,Detroit
9263,CA-2015-124499,2015-10-13,Standard Class,FM-14380,48227,389.97,35.10,FUR-CH-10000513,Detroit
3830,CA-2017-141733,2017-05-11,Standard Class,RW-19540,48234,476.80,119.20,FUR-CH-10000595,Detroit
5220,CA-2017-145653,2017-08-31,Same Day,CA-12775,48205,498.26,134.53,FUR-CH-10004875,Detroit
3054,CA-2016-128517,2016-04-14,Second Class,SW-20350,48227,517.90,134.65,TEC-PH-10002555,Detroit
894,CA-2017-133256,2017-06-27,First Class,TH-21550,48227,543.92,135.98,TEC-PH-10002660,Detroit
4698,US-2015-138121,2015-12-17,Same Day,JL-15835,48205,546.66,136.66,FUR-CH-10003817,Detroit
4673,CA-2016-133550,2016-08-06,Standard Class,KL-16645,48205,635.96,165.35,TEC-PH-10004042,Detroit
8533,CA-2016-156748,2016-12-06,Standard Class,BS-11755,48227,496.86,24.84,OFF-ST-10001370,Detroit
2994,CA-2017-147291,2017-03-17,Standard Class,MJ-17740,48227,895.92,421.08,OFF-BI-10003091,Detroit
227,CA-2015-163055,2015-08-16,Standard Class,DS-13180,48227,622.45,136.94,FUR-TA-10003748,Detroit
7625,CA-2015-136805,2015-05-27,Second Class,NM-18445,48234,850.50,245.70,OFF-AP-10001394,Detroit
1469,CA-2017-139199,2017-12-13,Standard Class,DK-12835,48234,872.94,226.96,FUR-CH-10000847,Detroit
1082,CA-2015-110016,2015-12-04,Standard Class,BT-11395,48227,1106.91,121.76,FUR-CH-10002880,Detroit
3828,CA-2017-141733,2017-05-11,Standard Class,RW-19540,48234,1458.65,423.01,FUR-CH-10004086,Detroit
2057,CA-2017-120376,2017-12-25,First Class,TP-21130,48227,1586.69,412.54,FUR-CH-10002335,Detroit
722,CA-2016-142335,2016-12-19,Standard Class,MP-17965,48205,1652.94,231.41,FUR-TA-10000198,Detroit
978,CA-2017-159366,2017-01-10,First Class,BW-11110,48205,3059.98,680.00,TEC-MA-10000822,Detroit
5171,CA-2016-122903,2016-05-29,Second Class,LA-16780,48205,3504.90,700.98,FUR-CH-10002024,Detroit
9040,CA-2016-117121,2016-12-21,Standard Class,AB-10105,48205,9892.74,4946.37,OFF-BI-10000545,Detroit
8695,US-2014-112795,2014-08-28,Second Class,CR-12625,49505,19.44,9.53,OFF-PA-10001934,Grand Rapids
3251,CA-2016-157868,2016-12-29,Standard Class,MC-17590,49505,24.85,11.68,OFF-FA-10000992,Grand Rapids
9983,US-2016-157728,2016-09-28,Standard Class,RC-19960,49505,35.56,16.71,OFF-PA-10002195,Grand Rapids
9768,CA-2017-102659,2017-12-15,Standard Class,LW-17215,49505,54.90,26.90,OFF-BI-10000088,Grand Rapids
8484,CA-2016-126284,2016-09-24,Standard Class,EN-13780,49505,83.70,41.01,OFF-BI-10004828,Grand Rapids
9984,US-2016-157728,2016-09-28,Standard Class,RC-19960,49505,97.98,27.43,TEC-PH-10001305,Grand Rapids
4240,CA-2017-158673,2018-01-04,Standard Class,KB-16600,49505,209.70,100.66,OFF-PA-10000994,Grand Rapids
8463,CA-2015-169537,2015-09-07,Second Class,JH-15820,49423,7.50,3.60,OFF-LA-10001982,Holland
5679,CA-2016-143924,2016-08-03,Standard Class,SC-20680,49423,20.44,9.20,OFF-FA-10000735,Holland
5680,CA-2016-143924,2016-08-03,Standard Class,SC-20680,49423,109.92,53.86,OFF-PA-10002120,Holland
3586,CA-2015-121650,2015-12-16,Standard Class,KD-16495,49201,2.61,1.20,OFF-LA-10001045,Jackson
3583,CA-2015-121650,2015-12-16,Standard Class,KD-16495,49201,3.90,1.52,OFF-AR-10001149,Jackson
9356,CA-2015-110324,2015-12-05,Standard Class,MA-17560,49201,3.64,1.02,OFF-AR-10000823,Jackson
2680,CA-2017-127026,2017-01-27,Standard Class,MH-18115,49201,14.40,7.06,OFF-BI-10000546,Jackson
3739,CA-2016-133340,2016-12-13,Standard Class,LH-17155,49201,10.90,3.05,TEC-PH-10003988,Jackson
6318,CA-2014-100762,2014-11-29,Standard Class,NG-18355,49201,15.96,7.98,OFF-PA-10004082,Jackson
7688,CA-2016-169838,2016-11-29,Standard Class,BB-11545,49201,17.30,8.30,OFF-BI-10004002,Jackson
9357,CA-2015-110324,2015-12-05,Standard Class,MA-17560,49201,18.54,8.71,OFF-PA-10001776,Jackson
9355,CA-2015-110324,2015-12-05,Standard Class,MA-17560,49201,19.44,9.33,OFF-PA-10001826,Jackson
8813,US-2016-140172,2016-03-13,Standard Class,SP-20650,49201,13.90,3.75,OFF-AR-10002766,Jackson
4576,CA-2016-139395,2016-12-18,Standard Class,MG-17650,49201,13.90,3.61,OFF-AR-10003732,Jackson
72,CA-2017-114440,2017-09-17,Second Class,TB-21520,49201,19.05,8.76,OFF-PA-10004675,Jackson
4577,CA-2016-139395,2016-12-18,Standard Class,MG-17650,49201,26.86,6.71,OFF-ST-10000885,Jackson
4575,CA-2016-139395,2016-12-18,Standard Class,MG-17650,49201,33.48,8.70,FUR-FU-10003724,Jackson
1166,CA-2014-117709,2014-05-08,Standard Class,PM-18940,49201,46.80,21.06,OFF-BI-10001294,Jackson
6523,CA-2017-138289,2017-01-18,Second Class,AR-10540,49201,56.07,25.23,OFF-PA-10001260,Jackson
3740,CA-2016-133340,2016-12-13,Standard Class,LH-17155,49201,59.98,25.19,TEC-AC-10001109,Jackson
3741,CA-2016-133340,2016-12-13,Standard Class,LH-17155,49201,61.93,23.40,OFF-AP-10002311,Jackson
2682,CA-2017-127026,2017-01-27,Standard Class,MH-18115,49201,89.52,42.07,OFF-BI-10001196,Jackson
398,CA-2015-122259,2015-11-04,Standard Class,HP-14815,49201,70.12,21.04,OFF-SU-10002573,Jackson
6317,CA-2014-100762,2014-11-29,Standard Class,NG-18355,49201,144.12,69.18,OFF-PA-10001815,Jackson
7689,CA-2016-169838,2016-11-29,Standard Class,BB-11545,49201,160.00,62.40,TEC-AC-10004518,Jackson
6316,CA-2014-100762,2014-11-29,Standard Class,NG-18355,49201,196.62,96.34,OFF-LA-10003930,Jackson
6315,CA-2014-100762,2014-11-29,Standard Class,NG-18355,49201,151.92,45.58,OFF-AR-10000380,Jackson
2684,CA-2017-127026,2017-01-27,Standard Class,MH-18115,49201,164.99,49.50,TEC-PH-10003601,Jackson
8812,US-2016-140172,2016-03-13,Standard Class,SP-20650,49201,207.14,48.33,OFF-AP-10004233,Jackson
3585,CA-2015-121650,2015-12-16,Standard Class,KD-16495,49201,191.96,32.63,FUR-CH-10004289,Jackson
2683,CA-2017-127026,2017-01-27,Standard Class,MH-18115,49201,350.97,152.09,TEC-MA-10002981,Jackson
6522,CA-2017-138289,2017-01-18,Second Class,AR-10540,49201,302.67,72.64,FUR-CH-10004626,Jackson
912,CA-2017-137596,2017-09-07,Standard Class,BE-11335,49201,352.38,81.05,OFF-ST-10003816,Jackson
3662,CA-2016-155005,2016-06-15,Second Class,SC-20050,49201,377.97,94.49,TEC-PH-10003484,Jackson
4574,CA-2016-139395,2016-12-18,Standard Class,MG-17650,49201,657.93,184.22,TEC-PH-10002103,Jackson
2681,CA-2017-127026,2017-01-27,Standard Class,MH-18115,49201,619.95,111.59,TEC-AC-10002049,Jackson
3584,CA-2015-121650,2015-12-16,Standard Class,KD-16495,49201,801.96,200.49,FUR-TA-10003569,Jackson
910,CA-2017-137596,2017-09-07,Standard Class,BE-11335,49201,1199.80,323.95,TEC-PH-10001494,Jackson
911,CA-2017-137596,2017-09-07,Standard Class,BE-11335,49201,1928.78,829.38,TEC-AC-10004666,Jackson
7687,CA-2016-169838,2016-11-29,Standard Class,BB-11545,49201,1568.61,329.41,FUR-TA-10001095,Jackson
6521,CA-2017-138289,2017-01-18,Second Class,AR-10540,49201,5443.96,2504.22,OFF-BI-10004995,Jackson
1148,CA-2015-112452,2015-04-04,Same Day,NC-18340,48911,5.84,2.63,OFF-FA-10000735,Lansing
1149,CA-2015-112452,2015-04-04,Same Day,NC-18340,48911,12.76,5.87,OFF-BI-10003350,Lansing
1150,CA-2015-112452,2015-04-04,Same Day,NC-18340,48911,10.95,0.44,TEC-PH-10000307,Lansing
2124,CA-2017-167381,2017-09-24,Second Class,EH-14005,48911,27.72,13.31,OFF-LA-10000134,Lansing
3168,CA-2016-146682,2016-10-31,First Class,KW-16435,48911,67.00,32.16,FUR-FU-10002671,Lansing
2123,CA-2017-167381,2017-09-24,Second Class,EH-14005,48911,241.96,41.13,FUR-BO-10001972,Lansing
1151,CA-2015-112452,2015-04-04,Same Day,NC-18340,48911,599.98,209.99,TEC-CO-10004202,Lansing
1147,CA-2015-112452,2015-04-04,Same Day,NC-18340,48911,644.08,107.35,OFF-AP-10003849,Lansing
3032,CA-2015-168480,2015-09-27,Standard Class,DM-12955,48146,25.99,7.54,OFF-AR-10001044,Lincoln Park
2212,CA-2016-162313,2016-11-30,First Class,VB-21745,48146,167.29,29.74,OFF-AP-10003842,Lincoln Park
3031,CA-2015-168480,2015-09-27,Standard Class,DM-12955,48146,194.32,31.09,FUR-BO-10000468,Lincoln Park
5165,CA-2014-121006,2014-11-16,Standard Class,SC-20020,48640,3.90,1.52,OFF-AR-10001149,Midland
2302,CA-2014-162362,2014-11-18,Standard Class,JL-15505,48640,11.52,5.64,OFF-BI-10000546,Midland
2301,CA-2014-162362,2014-11-18,Standard Class,JL-15505,48640,12.72,6.36,OFF-BI-10000756,Midland
5166,CA-2014-121006,2014-11-16,Standard Class,SC-20020,48640,12.84,5.78,OFF-PA-10000130,Midland
6323,CA-2014-141299,2014-06-07,Second Class,RB-19795,48640,15.28,7.49,OFF-EN-10004459,Midland
5167,CA-2014-121006,2014-11-16,Standard Class,SC-20020,48640,15.84,7.13,OFF-PA-10002479,Midland
4143,US-2014-107699,2014-05-23,Standard Class,JH-15820,48640,57.42,26.41,OFF-BI-10001249,Midland
5169,CA-2014-121006,2014-11-16,Standard Class,SC-20020,48640,62.94,11.96,OFF-ST-10004950,Midland
7683,CA-2015-120782,2015-04-30,First Class,SD-20485,48640,186.73,41.50,OFF-AP-10003779,Midland
5170,CA-2014-121006,2014-11-16,Standard Class,SC-20020,48640,535.41,160.62,OFF-ST-10001490,Midland
5168,CA-2014-121006,2014-11-16,Standard Class,SC-20020,48640,563.94,112.79,FUR-CH-10004997,Midland
7684,CA-2015-120782,2015-04-30,First Class,SD-20485,48640,3812.97,1906.48,OFF-BI-10003527,Midland
4631,US-2015-126235,2015-10-15,Same Day,GA-14725,48858,17.14,6.17,FUR-FU-10000719,Mount Pleasant
5371,US-2017-136721,2017-04-12,Standard Class,NH-18610,48237,273.96,71.23,FUR-FU-10004665,Oak Park
5372,US-2017-136721,2017-04-12,Standard Class,NH-18610,48237,306.90,79.79,FUR-FU-10004188,Oak Park
644,CA-2017-106103,2017-06-15,Standard Class,SC-20305,48307,132.52,54.33,TEC-AC-10003832,Rochester Hills
8428,CA-2017-167017,2017-11-25,First Class,DC-12850,48066,4.36,0.17,OFF-SU-10001935,Roseville
8261,CA-2016-118101,2016-06-26,Same Day,SN-20560,48066,8.02,3.77,OFF-BI-10000773,Roseville
5217,US-2017-159562,2017-09-15,Standard Class,JB-16000,48066,17.48,8.22,OFF-EN-10000461,Roseville
7253,CA-2016-152457,2016-09-18,Standard Class,SC-20695,48066,68.52,31.52,OFF-PA-10003790,Roseville
8262,CA-2016-118101,2016-06-26,Same Day,SN-20560,48066,171.04,44.47,OFF-ST-10001837,Roseville
8260,CA-2016-118101,2016-06-26,Same Day,SN-20560,48066,368.91,180.77,OFF-PA-10000357,Roseville
4952,CA-2015-144190,2015-06-13,Standard Class,NC-18415,48073,12.96,6.22,OFF-PA-10000304,Royal Oak
1172,US-2014-100279,2014-03-14,Standard Class,SW-20275,48073,22.38,10.74,OFF-PA-10002259,Royal Oak
209,CA-2017-135860,2017-12-07,Standard Class,JH-15985,48601,15.92,7.48,OFF-BI-10003274,Saginaw
2930,CA-2017-143434,2017-11-24,Standard Class,ME-17320,48601,19.76,8.30,FUR-FU-10002597,Saginaw
210,CA-2017-135860,2017-12-07,Standard Class,JH-15985,48601,52.29,16.21,OFF-FA-10000134,Saginaw
207,CA-2017-135860,2017-12-07,Standard Class,JH-15985,48601,83.92,5.87,OFF-ST-10000642,Saginaw
211,CA-2017-135860,2017-12-07,Standard Class,JH-15985,48601,91.99,3.68,OFF-ST-10001522,Saginaw
208,CA-2017-135860,2017-12-07,Standard Class,JH-15985,48601,131.98,35.63,TEC-PH-10001700,Saginaw
3292,CA-2016-167290,2016-11-04,Standard Class,JF-15295,48310,11.68,3.50,OFF-AR-10004078,Sterling Heights
3003,CA-2015-130610,2015-07-10,Standard Class,VP-21730,48310,19.00,8.93,OFF-BI-10003655,Sterling Heights
3972,CA-2015-132374,2015-02-24,Second Class,PS-19045,48310,79.36,20.63,OFF-AR-10001615,Sterling Heights
306,CA-2014-130960,2015-01-04,Standard Class,KB-16600,48180,9.84,2.85,OFF-AR-10003651,Taylor
384,CA-2015-125395,2015-06-29,Second Class,LA-16780,48180,41.90,8.80,TEC-AC-10004708,Taylor
5163,CA-2016-115378,2016-11-23,Second Class,AJ-10945,48180,301.96,33.22,FUR-CH-10000863,Taylor
753,CA-2017-126074,2017-10-06,Standard Class,RF-19735,48183,2.88,1.41,OFF-BI-10000546,Trenton
6221,CA-2016-160220,2016-10-26,Standard Class,JS-16030,48183,20.86,1.46,OFF-ST-10000617,Trenton
5071,CA-2014-124478,2014-08-12,Standard Class,MA-17560,48183,38.34,17.25,OFF-EN-10002500,Trenton
6907,CA-2017-149468,2017-05-20,Same Day,AR-10405,48183,41.28,19.81,OFF-BI-10002225,Trenton
5072,CA-2014-124478,2014-08-12,Standard Class,MA-17560,48183,53.88,22.63,FUR-FU-10002088,Trenton
750,CA-2017-126074,2017-10-06,Standard Class,RF-19735,48183,58.05,26.70,OFF-BI-10003638,Trenton
752,CA-2017-126074,2017-10-06,Standard Class,RF-19735,48183,56.98,22.79,OFF-AR-10003478,Trenton
6219,CA-2016-160220,2016-10-26,Standard Class,JS-16030,48183,125.70,35.20,TEC-PH-10001300,Trenton
751,CA-2017-126074,2017-10-06,Standard Class,RF-19735,48183,157.74,56.79,FUR-FU-10003577,Trenton
5070,CA-2014-124478,2014-08-12,Standard Class,MA-17560,48183,167.54,37.23,OFF-AP-10002495,Trenton
6220,CA-2016-160220,2016-10-26,Standard Class,JS-16030,48183,191.98,51.83,TEC-PH-10001557,Trenton
5073,CA-2014-124478,2014-08-12,Standard Class,MA-17560,48183,299.98,83.99,TEC-PH-10001128,Trenton
5069,CA-2014-124478,2014-08-12,Standard Class,MA-17560,48183,549.99,275.00,TEC-CO-10001571,Trenton
6333,CA-2014-167927,2014-01-26,Standard Class,XP-21865,48185,14.73,4.86,FUR-FU-10002268,Westland
6327,CA-2014-167927,2014-01-26,Standard Class,XP-21865,48185,13.98,4.05,OFF-ST-10000760,Westland
6329,CA-2014-167927,2014-01-26,Standard Class,XP-21865,48185,19.05,8.95,OFF-BI-10000605,Westland
6334,CA-2014-167927,2014-01-26,Standard Class,XP-21865,48185,29.70,13.37,OFF-BI-10004364,Westland
4444,US-2016-111290,2016-07-26,Standard Class,DK-13375,48185,32.40,15.55,OFF-PA-10002262,Westland
4443,US-2016-111290,2016-07-26,Standard Class,DK-13375,48185,29.20,10.51,OFF-AR-10001761,Westland
6332,CA-2014-167927,2014-01-26,Standard Class,XP-21865,48185,43.92,12.74,OFF-AR-10004456,Westland
6331,CA-2014-167927,2014-01-26,Standard Class,XP-21865,48185,66.58,15.98,OFF-ST-10003123,Westland
4441,US-2016-111290,2016-07-26,Standard Class,DK-13375,48185,109.95,36.28,TEC-AC-10004975,Westland
6330,CA-2014-167927,2014-01-26,Standard Class,XP-21865,48185,247.72,93.58,OFF-AP-10002311,Westland
47,CA-2014-146703,2014-10-25,Second Class,PO-18865,48185,211.96,8.48,OFF-ST-10001713,Westland
6328,CA-2014-167927,2014-01-26,Standard Class,XP-21865,48185,272.94,30.02,FUR-FU-10002918,Westland
4442,US-2016-111290,2016-07-26,Standard Class,DK-13375,48185,965.85,135.22,OFF-ST-10001932,Westland
2928,CA-2017-158106,2017-06-10,Standard Class,CT-11995,55124,8.64,2.51,OFF-AR-10002255,Apple Valley
8431,US-2014-113124,2014-04-05,Standard Class,NC-18340,55124,129.30,6.46,OFF-ST-10001511,Apple Valley
9648,CA-2014-150518,2014-11-24,Standard Class,MW-18220,55433,221.16,57.50,OFF-ST-10000877,Coon Rapids
9649,CA-2014-150518,2014-11-24,Standard Class,MW-18220,55433,281.97,78.95,TEC-PH-10002103,Coon Rapids
757,CA-2014-106803,2015-01-02,Standard Class,DC-13285,55016,24.56,6.88,OFF-ST-10002444,Cottage Grove
758,CA-2014-106803,2015-01-02,Standard Class,DC-13285,55016,119.80,47.92,TEC-AC-10001267,Cottage Grove
1616,CA-2015-130022,2015-08-16,Standard Class,JK-16120,55122,3.75,1.80,OFF-LA-10002787,Eagan
2907,CA-2017-121615,2017-11-09,Standard Class,DL-12925,55122,8.56,3.85,OFF-PA-10000327,Eagan
2909,CA-2017-121615,2017-11-09,Standard Class,DL-12925,55122,14.94,6.87,OFF-LA-10001771,Eagan
46,CA-2016-118255,2016-03-13,First Class,ON-18715,55122,17.46,8.21,OFF-BI-10003291,Eagan
1618,CA-2015-130022,2015-08-16,Standard Class,JK-16120,55122,29.79,12.51,OFF-AR-10001915,Eagan
1617,CA-2015-130022,2015-08-16,Standard Class,JK-16120,55122,41.40,19.87,OFF-LA-10002043,Eagan
45,CA-2016-118255,2016-03-13,First Class,ON-18715,55122,45.98,19.77,TEC-AC-10000171,Eagan
2908,CA-2017-121615,2017-11-09,Standard Class,DL-12925,55122,52.40,14.15,OFF-ST-10001325,Eagan
829,CA-2017-126956,2017-08-28,Standard Class,GT-14710,55044,15.28,7.49,OFF-EN-10004459,Lakeville
2782,CA-2017-146724,2017-11-27,Standard Class,HG-15025,55044,22.00,9.68,OFF-AR-10001026,Lakeville
249,CA-2014-131926,2014-06-06,Second Class,DW-13480,55044,25.92,12.44,OFF-PA-10000061,Lakeville
1348,CA-2014-118339,2014-03-24,Standard Class,BN-11515,55044,19.68,5.71,OFF-AR-10003829,Lakeville
827,CA-2017-126956,2017-08-28,Standard Class,GT-14710,55044,35.00,16.80,OFF-FA-10002280,Lakeville
1350,CA-2014-118339,2014-03-24,Standard Class,BN-11515,55044,35.88,17.22,OFF-BI-10000136,Lakeville
1347,CA-2014-118339,2014-03-24,Standard Class,BN-11515,55044,47.18,23.59,OFF-PA-10000466,Lakeville
247,CA-2014-131926,2014-06-06,Second Class,DW-13480,55044,47.88,23.94,OFF-PA-10004082,Lakeville
828,CA-2017-126956,2017-08-28,Standard Class,GT-14710,55044,37.24,10.80,OFF-SU-10000381,Lakeville
1349,CA-2014-118339,2014-03-24,Standard Class,BN-11515,55044,53.40,25.10,OFF-BI-10001758,Lakeville
1346,CA-2014-118339,2014-03-24,Standard Class,BN-11515,55044,93.78,36.57,OFF-AP-10001154,Lakeville
6550,US-2015-164966,2015-07-31,First Class,GH-14410,55044,155.88,38.97,FUR-CH-10002304,Lakeville
246,CA-2014-131926,2014-06-06,Second Class,DW-13480,55044,166.72,41.68,OFF-ST-10002276,Lakeville
248,CA-2014-131926,2014-06-06,Second Class,DW-13480,55044,1503.25,496.07,OFF-AP-10002945,Lakeville
245,CA-2014-131926,2014-06-06,Second Class,DW-13480,55044,2001.86,580.54,FUR-CH-10004063,Lakeville
5478,CA-2017-169691,2017-06-18,First Class,Dp-13240,55369,17.94,8.79,OFF-PA-10003022,Maple Grove
5476,CA-2017-169691,2017-06-18,First Class,Dp-13240,55369,44.40,22.20,OFF-LA-10002312,Maple Grove
5477,CA-2017-169691,2017-06-18,First Class,Dp-13240,55369,84.55,22.83,OFF-ST-10001291,Maple Grove
3155,CA-2017-150497,2017-07-24,Standard Class,SM-20950,55369,735.98,331.19,OFF-BI-10004600,Maple Grove
1161,CA-2017-147039,2017-07-04,Standard Class,AA-10315,55407,11.54,5.77,OFF-BI-10004654,Minneapolis
4100,CA-2014-116904,2014-09-28,Standard Class,SC-20095,55407,12.94,6.47,OFF-BI-10000301,Minneapolis
93,CA-2015-149587,2015-02-05,Second Class,KB-16315,55407,12.96,6.22,OFF-PA-10003177,Minneapolis
9218,US-2017-118157,2017-11-17,First Class,AW-10930,55407,15.28,7.49,OFF-EN-10004459,Minneapolis
3046,CA-2017-125290,2017-11-10,Second Class,CC-12430,55407,13.90,3.61,OFF-AR-10001216,Minneapolis
641,CA-2016-147067,2016-12-22,Standard Class,JD-16150,55407,18.84,6.03,FUR-FU-10000732,Minneapolis
3047,CA-2017-125290,2017-11-10,Second Class,CC-12430,55407,26.38,12.13,OFF-PA-10003127,Minneapolis
95,CA-2015-149587,2015-02-05,Second Class,KB-16315,55407,32.96,16.15,OFF-BI-10002852,Minneapolis
4097,CA-2014-116904,2014-09-28,Standard Class,SC-20095,55407,32.40,15.55,OFF-PA-10004888,Minneapolis
5062,CA-2015-136798,2015-05-12,Standard Class,DL-12925,55407,43.98,21.99,OFF-BI-10003684,Minneapolis
94,CA-2015-149587,2015-02-05,Second Class,KB-16315,55407,53.34,16.54,FUR-FU-10003799,Minneapolis
8844,CA-2014-141173,2014-11-20,Second Class,JC-16105,55407,67.15,16.79,OFF-ST-10000885,Minneapolis
9633,CA-2017-154809,2017-02-17,Standard Class,MH-17455,55407,90.64,38.98,OFF-AP-10004785,Minneapolis
5064,CA-2015-136798,2015-05-12,Standard Class,DL-12925,55407,123.96,11.16,FUR-FU-10000723,Minneapolis
2158,CA-2014-124646,2014-06-24,First Class,DV-13465,55407,161.94,9.72,OFF-ST-10001469,Minneapolis
5063,CA-2015-136798,2015-05-12,Standard Class,DL-12925,55407,377.97,105.83,TEC-PH-10000441,Minneapolis
1160,CA-2017-147039,2017-07-04,Standard Class,AA-10315,55407,362.94,90.73,OFF-AP-10000576,Minneapolis
4098,CA-2014-116904,2014-09-28,Standard Class,SC-20095,55407,404.90,16.20,OFF-ST-10000736,Minneapolis
2157,CA-2014-124646,2014-06-24,First Class,DV-13465,55407,501.81,0.00,OFF-ST-10001097,Minneapolis
6047,CA-2016-154662,2016-06-16,Standard Class,BF-11215,55407,692.94,173.24,FUR-TA-10001771,Minneapolis
1897,CA-2017-141789,2017-10-06,First Class,AC-10450,55407,1793.98,843.17,OFF-BI-10001359,Minneapolis
6885,CA-2015-120677,2015-06-04,Standard Class,BD-11320,55407,2567.84,770.35,FUR-CH-10002320,Minneapolis
4099,CA-2014-116904,2014-09-28,Standard Class,SC-20095,55407,9449.95,4630.48,OFF-BI-10001120,Minneapolis
4262,CA-2017-158344,2017-08-11,Standard Class,CC-12475,56560,63.96,19.83,TEC-AC-10002006,Moorhead
2093,CA-2014-145926,2014-11-21,Standard Class,MP-17470,56560,479.90,81.58,FUR-CH-10004289,Moorhead
88,CA-2017-155558,2017-11-02,Standard Class,PG-18895,55901,6.16,2.96,OFF-LA-10000134,Rochester
5282,CA-2015-105158,2015-09-10,Standard Class,SP-20860,55901,6.16,2.96,FUR-FU-10001706,Rochester
2035,CA-2017-162481,2017-09-29,Standard Class,CT-11995,55901,8.26,3.88,OFF-BI-10002976,Rochester
4744,CA-2017-168123,2017-03-05,Same Day,JD-16060,55901,7.90,2.53,OFF-FA-10002763,Rochester
6532,US-2017-107384,2017-12-08,Standard Class,TP-21130,55901,8.80,2.55,OFF-AR-10001315,Rochester
4747,CA-2017-168123,2017-03-05,Same Day,JD-16060,55901,18.69,9.16,OFF-BI-10001097,Rochester
796,CA-2017-151428,2017-09-26,Standard Class,RH-19495,55901,20.16,9.88,OFF-BI-10000546,Rochester
103,CA-2016-129903,2016-12-04,Second Class,GZ-14470,55901,23.92,11.72,OFF-PA-10004040,Rochester
87,CA-2017-155558,2017-11-02,Standard Class,PG-18895,55901,19.99,6.80,TEC-AC-10001998,Rochester
5283,CA-2015-105158,2015-09-10,Standard Class,SP-20860,55901,36.84,17.31,OFF-PA-10001970,Rochester
8579,CA-2017-146164,2017-12-26,Standard Class,CM-12190,55901,31.16,7.79,OFF-ST-10001228,Rochester
4746,CA-2017-168123,2017-03-05,Same Day,JD-16060,55901,127.96,62.70,OFF-BI-10001071,Rochester
6533,US-2017-107384,2017-12-08,Standard Class,TP-21130,55901,142.80,29.99,TEC-AC-10004595,Rochester
4745,CA-2017-168123,2017-03-05,Same Day,JD-16060,55901,221.16,57.50,OFF-ST-10000877,Rochester
2036,CA-2017-162481,2017-09-29,Standard Class,CT-11995,55901,269.97,51.29,FUR-CH-10003061,Rochester
6534,US-2017-107384,2017-12-08,Standard Class,TP-21130,55901,399.95,143.98,TEC-AC-10001539,Rochester
8578,CA-2017-146164,2017-12-26,Standard Class,CM-12190,55901,607.52,97.20,FUR-TA-10004915,Rochester
5853,CA-2015-121783,2015-11-14,Standard Class,PO-19180,55113,29.22,12.86,FUR-FU-10004351,Roseville
5295,CA-2017-144883,2017-08-19,Standard Class,BO-11350,55113,50.40,23.18,OFF-LA-10000305,Roseville
5852,CA-2015-121783,2015-11-14,Standard Class,PO-19180,55113,74.76,34.39,OFF-BI-10001658,Roseville
5851,CA-2015-121783,2015-11-14,Standard Class,PO-19180,55113,549.99,275.00,TEC-CO-10001571,Roseville
5849,CA-2015-121783,2015-11-14,Standard Class,PO-19180,55113,715.64,178.91,OFF-AP-10003849,Roseville
5850,CA-2015-121783,2015-11-14,Standard Class,PO-19180,55113,795.51,143.19,OFF-ST-10000078,Roseville
3494,CA-2017-142034,2017-09-28,Standard Class,KB-16240,56301,72.00,12.96,TEC-AC-10002305,Saint Cloud
3495,CA-2017-142034,2017-09-28,Standard Class,KB-16240,56301,655.90,275.48,TEC-AC-10000990,Saint Cloud
3496,CA-2017-142034,2017-09-28,Standard Class,KB-16240,56301,603.92,181.18,FUR-CH-10000665,Saint Cloud
99,CA-2016-149223,2016-09-11,Standard Class,ER-13855,55106,77.88,22.59,OFF-AP-10000358,Saint Paul
1299,CA-2016-134425,2016-12-12,Second Class,QJ-19255,55106,114.95,2.30,TEC-PH-10003555,Saint Paul
5349,CA-2015-149811,2015-01-10,Standard Class,CS-12250,55125,32.34,15.52,OFF-BI-10003676,Woodbury
5350,CA-2015-149811,2015-01-10,Standard Class,CS-12250,55125,39.90,19.95,OFF-PA-10004082,Woodbury
8737,CA-2016-168774,2016-09-09,Standard Class,RP-19855,55125,535.41,160.62,OFF-ST-10001490,Woodbury
9257,CA-2014-168368,2014-02-15,Second Class,GA-14725,65203,9.64,4.43,OFF-BI-10004728,Columbia
9256,CA-2014-168368,2014-02-15,Second Class,GA-14725,65203,14.94,6.87,OFF-LA-10004853,Columbia
2006,CA-2014-111150,2015-01-04,Standard Class,RW-19630,65203,29.68,11.58,OFF-AR-10000034,Columbia
9259,CA-2014-168368,2014-02-15,Second Class,GA-14725,65203,51.90,24.39,OFF-BI-10004654,Columbia
2007,CA-2014-111150,2015-01-04,Standard Class,RW-19630,65203,47.53,16.16,TEC-AC-10000290,Columbia
9255,CA-2014-168368,2014-02-15,Second Class,GA-14725,65203,60.89,15.22,FUR-CH-10001146,Columbia
9260,CA-2014-168368,2014-02-15,Second Class,GA-14725,65203,64.96,2.60,OFF-ST-10002583,Columbia
8890,CA-2016-147256,2016-10-21,Second Class,FC-14245,65203,449.97,220.49,TEC-PH-10003072,Columbia
9258,CA-2014-168368,2014-02-15,Second Class,GA-14725,65203,332.94,53.27,FUR-FU-10002298,Columbia
8891,CA-2016-147256,2016-10-21,Second Class,FC-14245,65203,1927.59,751.76,OFF-AP-10003057,Columbia
512,CA-2017-135307,2017-11-27,First Class,LS-17245,64118,38.04,12.17,TEC-AC-10002399,Gladstone
511,CA-2017-135307,2017-11-27,First Class,LS-17245,64118,126.30,40.42,FUR-FU-10001290,Gladstone
145,CA-2017-155376,2017-12-27,Standard Class,SG-20080,64055,839.43,218.25,OFF-AP-10001058,Independence
3567,CA-2017-103877,2017-09-14,Standard Class,RD-19660,64055,1577.94,757.41,OFF-BI-10003650,Independence
1037,CA-2016-113061,2016-04-26,Standard Class,EL-13735,65109,86.62,8.66,FUR-FU-10003975,Jefferson City
5155,US-2015-124219,2015-08-08,First Class,KW-16570,63122,28.40,13.06,OFF-BI-10002215,Kirkwood
5156,US-2015-124219,2015-08-08,First Class,KW-16570,63122,212.94,34.07,FUR-FU-10000305,Kirkwood
8829,CA-2015-115168,2015-06-09,Standard Class,BB-11545,63301,10.56,4.75,OFF-PA-10000528,Saint Charles
9366,US-2014-166828,2014-08-25,First Class,JF-15415,63301,11.56,5.66,OFF-PA-10001846,Saint Charles
7141,CA-2017-128783,2017-09-07,Same Day,TG-21640,63301,113.52,46.54,TEC-AC-10002473,Saint Charles
7142,CA-2017-128783,2017-09-07,Same Day,TG-21640,63301,135.30,37.88,FUR-FU-10003623,Saint Charles
8021,CA-2017-167227,2017-11-05,First Class,NP-18670,63116,11.76,5.76,OFF-PA-10001838,Saint Louis
2623,CA-2014-164861,2014-12-06,Second Class,MC-17635,63116,25.92,12.44,OFF-PA-10001972,Saint Louis
8732,CA-2015-111017,2015-08-06,Standard Class,SC-20695,63116,52.59,15.78,OFF-SU-10002573,Saint Louis
8020,CA-2017-167227,2017-11-05,First Class,NP-18670,63116,83.90,20.98,OFF-AP-10001962,Saint Louis
2152,CA-2014-167360,2014-11-29,Second Class,RB-19435,63116,111.79,43.60,TEC-AC-10001772,Saint Louis
1041,CA-2016-127670,2016-03-24,Standard Class,RD-19660,63376,697.16,146.40,FUR-TA-10001095,Saint Peters
3110,CA-2016-121671,2016-07-22,Standard Class,AA-10480,65807,7.64,3.74,OFF-PA-10001892,Springfield
2663,CA-2017-159604,2017-04-15,First Class,CL-12700,65807,8.76,4.20,OFF-BI-10003460,Springfield
8990,US-2015-128587,2015-12-30,Standard Class,HM-14860,65807,9.68,3.78,FUR-FU-10003026,Springfield
1963,CA-2017-110905,2017-09-15,Second Class,RW-19690,65807,13.71,6.58,OFF-BI-10002954,Springfield
1959,CA-2017-110905,2017-09-15,Second Class,RW-19690,65807,16.20,7.78,OFF-BI-10003669,Springfield
9073,CA-2016-142524,2016-09-08,Standard Class,MB-18085,65807,16.56,7.78,OFF-EN-10003286,Springfield
1991,CA-2015-127509,2015-11-13,Standard Class,AS-10090,65807,17.34,8.50,OFF-PA-10002160,Springfield
1988,CA-2015-127509,2015-11-13,Standard Class,AS-10090,65807,17.22,7.92,OFF-BI-10002393,Springfield
3108,CA-2016-121671,2016-07-22,Standard Class,AA-10480,65807,21.93,10.09,OFF-PA-10001471,Springfield
6174,US-2014-106299,2014-08-08,Standard Class,NZ-18565,65807,21.20,9.12,TEC-AC-10003237,Springfield
1964,CA-2017-110905,2017-09-15,Second Class,RW-19690,65807,24.90,11.70,OFF-PA-10002586,Springfield
1990,CA-2015-127509,2015-11-13,Standard Class,AS-10090,65807,26.22,12.32,OFF-EN-10000781,Springfield
6173,US-2014-106299,2014-08-08,Standard Class,NZ-18565,65807,26.70,12.55,OFF-BI-10001758,Springfield
2403,CA-2017-145877,2017-04-04,Second Class,AS-10090,65807,28.40,13.35,OFF-EN-10001990,Springfield
6619,US-2017-167402,2017-01-18,Second Class,CP-12085,65807,32.40,15.55,OFF-PA-10004983,Springfield
1966,CA-2017-110905,2017-09-15,Second Class,RW-19690,65807,24.18,7.25,OFF-AP-10003281,Springfield
1960,CA-2017-110905,2017-09-15,Second Class,RW-19690,65807,33.99,14.62,OFF-AP-10004785,Springfield
4511,CA-2016-119935,2016-11-14,Standard Class,KM-16225,65807,37.30,17.16,FUR-FU-10001085,Springfield
5224,CA-2017-117401,2017-05-22,Second Class,PP-18955,65807,43.19,20.73,OFF-BI-10001267,Springfield
3111,CA-2016-121671,2016-07-22,Standard Class,AA-10480,65807,51.84,25.40,OFF-PA-10001934,Springfield
6633,US-2016-146857,2016-05-08,Second Class,BE-11455,65807,54.48,15.25,OFF-AP-10001205,Springfield
4512,CA-2016-119935,2016-11-14,Standard Class,KM-16225,65807,81.96,39.34,OFF-BI-10001597,Springfield
3851,CA-2015-142377,2015-12-09,Standard Class,MS-17980,65807,85.96,40.40,OFF-PA-10001970,Springfield
2402,CA-2017-145877,2017-04-04,Second Class,AS-10090,65807,94.20,23.55,OFF-ST-10000649,Springfield
1962,CA-2017-110905,2017-09-15,Second Class,RW-19690,65807,112.80,6.77,TEC-AC-10002217,Springfield
5223,CA-2017-117401,2017-05-22,Second Class,PP-18955,65807,114.95,2.30,TEC-PH-10003555,Springfield
6620,US-2017-167402,2017-01-18,Second Class,CP-12085,65807,209.94,54.58,OFF-AR-10004010,Springfield
6622,US-2017-167402,2017-01-18,Second Class,CP-12085,65807,212.94,53.23,FUR-BO-10001608,Springfield
9074,CA-2016-142524,2016-09-08,Standard Class,MB-18085,65807,279.95,67.19,TEC-AC-10000109,Springfield
3112,CA-2016-121671,2016-07-22,Standard Class,AA-10480,65807,265.17,47.73,OFF-ST-10000078,Springfield
3109,CA-2016-121671,2016-07-22,Standard Class,AA-10480,65807,242.94,4.86,OFF-ST-10002344,Springfield
1961,CA-2017-110905,2017-09-15,Second Class,RW-19690,65807,296.85,53.43,TEC-AC-10003023,Springfield
1965,CA-2017-110905,2017-09-15,Second Class,RW-19690,65807,286.29,17.18,OFF-ST-10000025,Springfield
5773,CA-2015-158939,2015-11-30,Standard Class,EA-14035,65807,599.99,234.00,TEC-CO-10002313,Springfield
5222,CA-2017-117401,2017-05-22,Second Class,PP-18955,65807,706.86,197.92,OFF-AP-10000938,Springfield
6175,US-2014-106299,2014-08-08,Standard Class,NZ-18565,65807,838.38,226.36,OFF-ST-10002011,Springfield
1989,CA-2015-127509,2015-11-13,Standard Class,AS-10090,65807,1024.38,215.12,FUR-TA-10002855,Springfield
8991,US-2015-128587,2015-12-30,Standard Class,HM-14860,65807,4899.93,2302.97,TEC-CO-10003763,Springfield
6621,US-2017-167402,2017-01-18,Second Class,CP-12085,65807,4164.05,83.28,OFF-SU-10002881,Springfield
4104,CA-2017-137456,2017-12-21,Same Day,RB-19465,68025,15.92,7.00,FUR-FU-10001940,Fremont
22,CA-2016-137330,2016-12-13,Standard Class,KB-16585,68025,19.46,5.06,OFF-AR-10000246,Fremont
7029,US-2016-157840,2016-12-23,Second Class,MC-17575,68025,33.90,15.59,OFF-PA-10003673,Fremont
7660,CA-2017-146493,2017-06-05,Standard Class,CV-12805,68025,53.90,25.87,OFF-BI-10003676,Fremont
23,CA-2016-137330,2016-12-13,Standard Class,KB-16585,68025,60.34,15.69,OFF-AP-10001492,Fremont
3582,CA-2017-117807,2017-10-07,Standard Class,DK-13090,68025,104.85,50.33,OFF-PA-10000994,Fremont
9569,CA-2017-104388,2017-07-07,First Class,DK-12835,68025,79.96,22.39,TEC-PH-10002293,Fremont
5475,CA-2017-121741,2017-12-26,Same Day,YC-21895,68025,750.68,37.53,OFF-ST-10004459,Fremont
5324,CA-2017-134439,2017-09-23,Second Class,TM-21010,68801,15.96,7.98,OFF-PA-10004082,Grand Island
5539,CA-2015-120551,2015-04-20,Standard Class,SS-20590,68701,17.43,8.02,OFF-BI-10002071,Norfolk
2793,CA-2014-125514,2014-09-22,First Class,BM-11650,68104,6.48,3.11,OFF-PA-10000029,Omaha
4077,CA-2015-100685,2015-12-21,Second Class,SM-20950,68104,7.04,3.31,OFF-BI-10003094,Omaha
4078,CA-2015-100685,2015-12-21,Second Class,SM-20950,68104,5.04,0.20,OFF-FA-10003472,Omaha
7381,CA-2016-105732,2016-09-18,Standard Class,AG-10270,68104,14.40,7.06,OFF-LA-10004559,Omaha
5418,CA-2014-132542,2014-10-08,Second Class,AM-10360,68104,15.36,7.68,OFF-BI-10004099,Omaha
7386,CA-2016-105732,2016-09-18,Standard Class,AG-10270,68104,17.64,8.64,OFF-PA-10001838,Omaha
7384,CA-2016-105732,2016-09-18,Standard Class,AG-10270,68104,17.61,8.45,OFF-PA-10002250,Omaha
6145,CA-2017-151190,2017-06-30,Standard Class,GT-14710,68104,20.07,9.23,OFF-PA-10000575,Omaha
7383,CA-2016-105732,2016-09-18,Standard Class,AG-10270,68104,16.90,5.07,OFF-SU-10004782,Omaha
808,CA-2015-140921,2015-02-05,First Class,AA-10375,68104,28.40,11.08,FUR-FU-10003347,Omaha
2791,CA-2014-125514,2014-09-22,First Class,BM-11650,68104,25.96,7.53,OFF-AP-10000358,Omaha
1509,CA-2017-108294,2017-12-10,Same Day,LS-16975,68104,34.50,15.53,OFF-BI-10004965,Omaha
3790,US-2016-133508,2016-04-21,Standard Class,SW-20350,68104,29.05,9.01,OFF-FA-10000134,Omaha
3717,CA-2017-144568,2017-06-02,Standard Class,JO-15550,68104,23.55,1.18,OFF-FA-10004395,Omaha
2792,CA-2014-125514,2014-09-22,First Class,BM-11650,68104,36.27,10.88,OFF-AP-10003281,Omaha
8481,CA-2014-109890,2014-07-27,Standard Class,PG-18820,68104,35.98,10.07,TEC-PH-10004100,Omaha
7389,CA-2016-105732,2016-09-18,Standard Class,AG-10270,68104,29.97,0.30,TEC-PH-10004897,Omaha
7380,CA-2016-105732,2016-09-18,Standard Class,AG-10270,68104,40.74,0.41,OFF-ST-10000419,Omaha
4079,CA-2015-100685,2015-12-21,Second Class,SM-20950,68104,116.28,56.98,OFF-PA-10001289,Omaha
9078,US-2014-124625,2014-11-07,Standard Class,SP-20650,68104,89.97,18.89,TEC-AC-10003280,Omaha
809,CA-2015-140921,2015-02-05,First Class,AA-10375,68104,149.97,50.99,TEC-AC-10004901,Omaha
7382,CA-2016-105732,2016-09-18,Standard Class,AG-10270,68104,149.95,41.99,TEC-PH-10001644,Omaha
9737,US-2015-100069,2015-07-03,Standard Class,NF-18475,68104,269.98,72.89,TEC-PH-10004667,Omaha
7385,CA-2016-105732,2016-09-18,Standard Class,AG-10270,68104,378.00,136.08,OFF-AP-10001394,Omaha
7387,CA-2016-105732,2016-09-18,Standard Class,AG-10270,68104,373.08,100.73,OFF-ST-10004340,Omaha
7579,CA-2016-138597,2016-12-21,First Class,PN-18775,68104,563.94,112.79,FUR-CH-10004997,Omaha
7388,CA-2016-105732,2016-09-18,Standard Class,AG-10270,68104,1336.44,387.57,FUR-FU-10003664,Omaha
5531,CA-2017-160885,2017-12-06,Standard Class,JK-16090,68104,2479.96,743.99,TEC-PH-10001795,Omaha
7485,CA-2017-135111,2018-01-02,Standard Class,CS-12400,58103,2.48,0.87,OFF-AR-10004707,Fargo
4366,CA-2017-111332,2017-05-22,Second Class,NC-18340,58103,7.41,3.48,OFF-FA-10001843,Fargo
7486,CA-2017-135111,2018-01-02,Standard Class,CS-12400,58103,25.90,12.69,OFF-BI-10004040,Fargo
4367,CA-2017-111332,2017-05-22,Second Class,NC-18340,58103,21.50,7.09,OFF-AR-10000657,Fargo
4364,CA-2017-111332,2017-05-22,Second Class,NC-18340,58103,25.92,8.29,OFF-AR-10001374,Fargo
4363,CA-2017-111332,2017-05-22,Second Class,NC-18340,58103,131.94,35.62,OFF-AR-10001953,Fargo
4365,CA-2017-111332,2017-05-22,Second Class,NC-18340,58103,704.76,162.09,OFF-ST-10003816,Fargo
5682,CA-2016-141551,2016-09-30,Standard Class,BP-11230,74012,6.48,3.11,OFF-PA-10001569,Broken Arrow
5681,CA-2016-141551,2016-09-30,Standard Class,BP-11230,74012,6.38,2.93,OFF-BI-10001249,Broken Arrow
9495,CA-2016-105207,2016-01-08,Standard Class,BO-11350,74012,11.88,5.35,OFF-BI-10004364,Broken Arrow
4074,US-2015-164308,2015-09-27,First Class,SC-20680,74012,821.94,213.70,TEC-PH-10004120,Broken Arrow
9494,CA-2016-105207,2016-01-08,Standard Class,BO-11350,74012,1592.85,350.43,FUR-TA-10000617,Broken Arrow
159,CA-2016-114104,2016-11-24,Standard Class,NP-18670,73034,14.62,6.87,OFF-LA-10002475,Edmond
160,CA-2016-114104,2016-11-24,Standard Class,NP-18670,73034,944.93,236.23,TEC-PH-10004536,Edmond
8147,US-2014-112949,2014-06-27,Standard Class,Co-12640,73505,3.52,1.69,OFF-AR-10003469,Lawton
4479,CA-2017-130211,2017-10-22,Same Day,BD-11620,73505,248.98,54.78,FUR-TA-10003748,Lawton
4478,CA-2017-130211,2017-10-22,Same Day,BD-11620,73505,333.09,23.32,OFF-ST-10000129,Lawton
8146,US-2014-112949,2014-06-27,Standard Class,Co-12640,73505,471.90,155.73,OFF-AP-10001005,Lawton
3286,CA-2017-150525,2017-02-25,Standard Class,JP-16135,74403,6.56,1.90,OFF-AR-10002375,Muskogee
3287,CA-2017-150525,2017-02-25,Standard Class,JP-16135,74403,13.11,3.41,OFF-AP-10000595,Muskogee
1832,CA-2017-145884,2017-10-21,Same Day,SL-20155,74403,262.11,62.91,FUR-TA-10002356,Muskogee
1831,CA-2017-145884,2017-10-21,Same Day,SL-20155,74403,1439.92,374.38,TEC-PH-10000895,Muskogee
456,CA-2016-100153,2016-12-17,Standard Class,KH-16630,73071,63.88,24.91,TEC-AC-10001772,Norman
3371,CA-2016-134887,2016-03-25,Same Day,TB-21280,73071,1287.45,244.62,TEC-AC-10003832,Norman
2523,CA-2016-124352,2016-10-21,Standard Class,CD-12790,73120,5.50,1.38,TEC-PH-10003442,Oklahoma City
5257,CA-2016-130078,2016-08-14,Standard Class,CC-12145,73120,10.56,4.75,OFF-PA-10003270,Oklahoma City
7287,CA-2016-149965,2016-06-25,Standard Class,BS-11365,73120,6.90,0.55,TEC-AC-10004877,Oklahoma City
2522,CA-2016-124352,2016-10-21,Standard Class,CD-12790,73120,12.96,6.22,OFF-PA-10003177,Oklahoma City
2519,CA-2016-124352,2016-10-21,Standard Class,CD-12790,73120,20.16,9.88,OFF-LA-10004559,Oklahoma City
2520,CA-2016-124352,2016-10-21,Standard Class,CD-12790,73120,29.46,14.44,OFF-LA-10003223,Oklahoma City
5025,US-2017-130953,2017-08-03,Standard Class,RF-19735,73120,33.48,16.41,OFF-BI-10004828,Oklahoma City
5138,CA-2016-128972,2016-11-17,Standard Class,TS-21430,73120,30.36,13.05,FUR-FU-10003096,Oklahoma City
9493,CA-2017-163188,2017-11-07,Same Day,EC-14050,73120,38.16,19.08,OFF-BI-10000756,Oklahoma City
7288,CA-2016-149965,2016-06-25,Standard Class,BS-11365,73120,57.69,23.65,FUR-FU-10004270,Oklahoma City
8009,CA-2015-110863,2015-11-24,Standard Class,AA-10645,73120,106.32,49.97,OFF-PA-10000474,Oklahoma City
2524,CA-2016-124352,2016-10-21,Standard Class,CD-12790,73120,121.60,55.94,OFF-BI-10000977,Oklahoma City
5027,US-2017-130953,2017-08-03,Standard Class,RF-19735,73120,137.62,60.55,OFF-AP-10002311,Oklahoma City
8802,CA-2016-140935,2016-11-12,First Class,AB-10015,73120,221.98,62.15,TEC-PH-10000562,Oklahoma City
4543,CA-2017-113474,2017-03-31,First Class,TM-21490,73120,325.86,149.90,OFF-EN-10004206,Oklahoma City
5028,US-2017-130953,2017-08-03,Standard Class,RF-19735,73120,302.67,72.64,FUR-CH-10004626,Oklahoma City
8803,CA-2016-140935,2016-11-12,First Class,AB-10015,73120,341.96,54.71,FUR-BO-10003966,Oklahoma City
5026,US-2017-130953,2017-08-03,Standard Class,RF-19735,73120,461.97,133.97,TEC-PH-10003012,Oklahoma City
1983,CA-2014-122749,2014-12-09,Standard Class,NG-18430,73120,479.96,134.39,TEC-PH-10003811,Oklahoma City
8008,CA-2015-110863,2015-11-24,Standard Class,AA-10645,73120,541.24,5.41,OFF-ST-10002756,Oklahoma City
2521,CA-2016-124352,2016-10-21,Standard Class,CD-12790,73120,868.59,251.89,OFF-AP-10002651,Oklahoma City
8010,CA-2015-110863,2015-11-24,Standard Class,AA-10645,73120,1323.90,383.93,FUR-CH-10002073,Oklahoma City
2511,CA-2016-136812,2016-11-23,Standard Class,AW-10930,73120,1117.92,55.90,OFF-ST-10003470,Oklahoma City
2974,CA-2017-111808,2017-12-20,Standard Class,AR-10510,74133,10.80,5.18,OFF-BI-10004656,Tulsa
2648,CA-2014-131002,2014-09-12,Second Class,TB-21400,74133,12.96,6.22,OFF-PA-10000223,Tulsa
2631,CA-2015-168186,2015-09-15,Standard Class,AB-10150,74133,14.94,7.02,OFF-PA-10000477,Tulsa
6421,CA-2016-140130,2016-11-05,Standard Class,HW-14935,74133,12.39,3.47,OFF-AR-10004269,Tulsa
5982,CA-2014-117765,2014-09-13,Standard Class,RB-19465,74133,19.86,5.76,OFF-ST-10003327,Tulsa
6265,US-2016-115952,2016-10-06,Same Day,JH-15910,74133,28.85,14.43,OFF-BI-10004654,Tulsa
6419,CA-2016-140130,2016-11-05,Standard Class,HW-14935,74133,21.96,6.15,OFF-SU-10001218,Tulsa
5980,CA-2014-117765,2014-09-13,Standard Class,RB-19465,74133,32.06,15.39,OFF-BI-10000474,Tulsa
8306,CA-2016-128671,2016-08-16,Standard Class,MT-18070,74133,32.40,15.55,OFF-PA-10001870,Tulsa
8307,CA-2016-128671,2016-08-16,Standard Class,MT-18070,74133,41.86,19.26,OFF-BI-10003305,Tulsa
2647,CA-2014-131002,2014-09-12,Second Class,TB-21400,74133,42.81,20.12,OFF-BI-10000948,Tulsa
4516,US-2017-111920,2017-10-26,Standard Class,PS-18970,74133,36.44,12.03,OFF-AR-10003179,Tulsa
2646,CA-2014-131002,2014-09-12,Second Class,TB-21400,74133,57.69,23.65,FUR-FU-10004270,Tulsa
8308,CA-2016-128671,2016-08-16,Standard Class,MT-18070,74133,77.56,35.68,OFF-BI-10003007,Tulsa
6158,CA-2016-104150,2016-08-05,Second Class,AG-10330,74133,81.54,38.32,OFF-EN-10002504,Tulsa
1809,CA-2016-164938,2016-02-13,First Class,PB-19210,74133,69.93,0.70,TEC-PH-10004897,Tulsa
2650,CA-2014-131002,2014-09-12,Second Class,TB-21400,74133,104.85,28.31,TEC-PH-10000215,Tulsa
5981,CA-2014-117765,2014-09-13,Standard Class,RB-19465,74133,161.96,45.35,FUR-CH-10004698,Tulsa
6159,CA-2016-104150,2016-08-05,Second Class,AG-10330,74133,167.28,23.42,TEC-AC-10004803,Tulsa
1970,CA-2017-117485,2017-09-29,Standard Class,BD-11320,74133,291.96,102.19,TEC-AC-10004659,Tulsa
6420,CA-2016-140130,2016-11-05,Standard Class,HW-14935,74133,368.97,81.17,FUR-CH-10002084,Tulsa
5979,CA-2014-117765,2014-09-13,Standard Class,RB-19465,74133,429.90,111.77,FUR-TA-10001039,Tulsa
6422,CA-2016-140130,2016-11-05,Standard Class,HW-14935,74133,332.94,9.99,OFF-ST-10001128,Tulsa
9448,CA-2017-136882,2017-06-03,Standard Class,DN-13690,74133,477.30,138.42,FUR-FU-10003664,Tulsa
2649,CA-2014-131002,2014-09-12,Second Class,TB-21400,74133,821.88,213.69,FUR-FU-10004665,Tulsa
4429,CA-2017-119452,2017-03-27,Standard Class,CL-12565,74133,1805.88,523.71,FUR-CH-10004495,Tulsa
9261,CA-2017-167976,2017-11-14,Second Class,JL-15505,57401,25.50,6.63,OFF-SU-10004661,Aberdeen
8150,CA-2014-167997,2014-01-29,First Class,CA-11965,57701,10.68,5.02,OFF-BI-10001758,Rapid City
8151,CA-2014-167997,2014-01-29,First Class,CA-11965,57701,141.96,39.75,FUR-BO-10004409,Rapid City
3270,CA-2014-115980,2014-07-19,Standard Class,VW-21775,57103,2.97,1.31,TEC-AC-10003709,Sioux Falls
3271,CA-2014-115980,2014-07-19,Standard Class,VW-21775,57103,6.54,2.68,OFF-FA-10000304,Sioux Falls
2314,CA-2017-122035,2017-07-25,Standard Class,EM-13825,57103,14.62,6.87,OFF-LA-10004093,Sioux Falls
2856,CA-2017-169810,2017-07-31,Standard Class,RB-19360,57103,20.23,9.51,OFF-LA-10003663,Sioux Falls
2316,CA-2017-122035,2017-07-25,Standard Class,EM-13825,57103,43.00,20.21,OFF-BI-10000404,Sioux Falls
2318,CA-2017-122035,2017-07-25,Standard Class,EM-13825,57103,60.83,30.41,OFF-BI-10002072,Sioux Falls
2317,CA-2017-122035,2017-07-25,Standard Class,EM-13825,57103,182.94,27.44,FUR-CH-10003833,Sioux Falls
2319,CA-2017-122035,2017-07-25,Standard Class,EM-13825,57103,389.97,132.59,TEC-AC-10003095,Sioux Falls
2315,CA-2017-122035,2017-07-25,Standard Class,EM-13825,57103,416.32,112.41,OFF-AP-10002118,Sioux Falls
6990,CA-2017-165099,2017-12-13,First Class,DK-13375,79605,1.39,-3.76,OFF-AP-10001634,Abilene
2976,CA-2015-137512,2015-05-12,Standard Class,AG-10675,75002,15.94,5.38,OFF-PA-10000213,Allen
1567,CA-2015-129112,2015-11-30,First Class,AW-10840,75002,21.48,-0.27,TEC-AC-10003038,Allen
1568,CA-2015-129112,2015-11-30,First Class,AW-10840,75002,8.78,-13.62,OFF-BI-10000088,Allen
2975,CA-2015-137512,2015-05-12,Standard Class,AG-10675,75002,244.01,-31.37,FUR-TA-10001095,Allen
7102,CA-2016-144337,2016-08-05,Second Class,SG-20890,79109,19.65,6.63,OFF-PA-10000249,Amarillo
8032,CA-2016-158806,2016-01-11,Standard Class,NM-18520,79109,25.92,9.07,OFF-PA-10004621,Amarillo
2668,CA-2016-111794,2016-09-30,Same Day,HG-15025,79109,28.35,9.57,OFF-PA-10000474,Amarillo
8031,CA-2016-158806,2016-01-11,Standard Class,NM-18520,79109,23.08,-10.96,FUR-FU-10004270,Amarillo
2667,CA-2016-111794,2016-09-30,Same Day,HG-15025,79109,79.51,20.87,TEC-AC-10003832,Amarillo
1438,CA-2015-139731,2015-10-15,Same Day,JE-15745,79109,263.88,42.88,TEC-AC-10004975,Amarillo
469,CA-2017-154907,2017-04-04,Standard Class,DS-13180,79109,205.33,-36.24,FUR-BO-10002824,Amarillo
7796,CA-2015-112711,2015-07-18,Standard Class,FM-14380,79109,307.17,30.72,TEC-PH-10000526,Amarillo
8505,CA-2016-109400,2016-05-06,Standard Class,NR-18550,79109,366.74,-110.02,FUR-CH-10003298,Amarillo
1439,CA-2015-139731,2015-10-15,Same Day,JE-15745,79109,2453.43,-350.49,FUR-CH-10002024,Amarillo
2609,CA-2014-127446,2014-11-30,Standard Class,MC-17590,76017,2.52,0.88,OFF-LA-10001317,Arlington
2428,CA-2016-169922,2016-06-17,Standard Class,MZ-17515,76017,1.34,-2.15,OFF-BI-10003784,Arlington
2611,CA-2014-127446,2014-11-30,Standard Class,MC-17590,76017,5.90,1.99,OFF-LA-10000248,Arlington
663,CA-2015-146563,2015-08-28,Standard Class,CB-12025,76017,2.72,-4.22,OFF-BI-10003981,Arlington
2823,CA-2017-131016,2017-09-20,First Class,DC-12850,76017,8.93,0.56,OFF-AR-10000122,Arlington
2613,CA-2014-127446,2014-11-30,Standard Class,MC-17590,76017,6.10,-3.96,FUR-FU-10000221,Arlington
2612,CA-2014-127446,2014-11-30,Standard Class,MC-17590,76017,15.70,5.10,OFF-PA-10000955,Arlington
6653,US-2017-124779,2017-09-11,First Class,BF-11020,76017,20.74,7.26,OFF-PA-10000061,Arlington
8223,CA-2014-152905,2014-02-24,Standard Class,AB-10015,76017,12.62,-2.52,OFF-ST-10000321,Arlington
2430,CA-2016-169922,2016-06-17,Standard Class,MZ-17515,76017,12.54,-9.09,FUR-FU-10004415,Arlington
2429,CA-2016-169922,2016-06-17,Standard Class,MZ-17515,76017,8.27,-13.65,OFF-BI-10001617,Arlington
2608,CA-2014-127446,2014-11-30,Standard Class,MC-17590,76017,24.67,0.00,TEC-AC-10001635,Arlington
9688,US-2017-130603,2017-10-06,Standard Class,SC-20050,76017,11.65,-17.47,OFF-BI-10000301,Arlington
6651,US-2017-124779,2017-09-11,First Class,BF-11020,76017,45.92,15.50,OFF-FA-10004854,Arlington
6652,US-2017-124779,2017-09-11,First Class,BF-11020,76017,21.18,-11.65,FUR-FU-10001095,Arlington
8414,CA-2016-147109,2016-12-21,Standard Class,AH-10075,76017,51.84,18.14,OFF-PA-10001972,Arlington
1924,CA-2016-156685,2016-07-10,Second Class,SC-20230,76017,47.62,3.57,OFF-AR-10000588,Arlington
2824,CA-2017-131016,2017-09-20,First Class,DC-12850,76017,47.58,-2.97,OFF-ST-10000352,Arlington
6649,US-2017-124779,2017-09-11,First Class,BF-11020,76017,42.62,-68.19,OFF-BI-10002429,Arlington
6562,CA-2017-144680,2017-04-02,First Class,SC-20260,76017,33.62,-90.77,OFF-AP-10003040,Arlington
8415,CA-2016-147109,2016-12-21,Standard Class,AH-10075,76017,165.60,-6.21,TEC-AC-10002942,Arlington
6650,US-2017-124779,2017-09-11,First Class,BF-11020,76017,319.98,107.99,TEC-CO-10001943,Arlington
6654,US-2017-124779,2017-09-11,First Class,BF-11020,76017,213.43,-39.64,FUR-CH-10003535,Arlington
1923,CA-2016-156685,2016-07-10,Second Class,SC-20230,76017,863.64,107.96,TEC-PH-10004345,Arlington
661,CA-2015-146563,2015-08-28,Standard Class,CB-12025,76017,724.08,-135.76,OFF-ST-10001511,Arlington
660,CA-2015-146563,2015-08-28,Standard Class,CB-12025,76017,999.43,124.93,OFF-ST-10001490,Arlington
662,CA-2015-146563,2015-08-28,Standard Class,CB-12025,76017,918.78,-118.13,FUR-TA-10001768,Arlington
2610,CA-2014-127446,2014-11-30,Standard Class,MC-17590,76017,1218.73,-121.87,FUR-TA-10000577,Arlington
2227,CA-2017-130771,2017-08-03,Standard Class,LA-16780,78745,2.90,0.47,OFF-FA-10003059,Austin
6073,CA-2015-120901,2016-01-04,Standard Class,BG-11035,78745,3.49,0.57,OFF-FA-10001561,Austin
4700,CA-2017-140298,2017-05-17,Standard Class,JK-16120,78745,5.25,0.59,OFF-AR-10003481,Austin
4702,CA-2017-140298,2017-05-17,Standard Class,JK-16120,78745,6.85,2.14,OFF-PA-10003657,Austin
3503,CA-2017-125115,2017-04-10,Same Day,RD-19930,78745,10.37,3.63,OFF-PA-10004101,Austin
6074,CA-2015-120901,2016-01-04,Standard Class,BG-11035,78745,5.89,-1.32,OFF-SU-10001225,Austin
1285,US-2015-149692,2015-12-12,Standard Class,KW-16435,78745,2.77,-4.85,OFF-BI-10002813,Austin
2923,US-2015-141453,2015-12-03,Second Class,DB-13270,78745,3.88,-5.82,OFF-BI-10000301,Austin
1500,CA-2017-130386,2017-11-18,Standard Class,NG-18430,78745,16.06,5.82,OFF-PA-10002749,Austin
6387,US-2017-104661,2017-01-18,First Class,TB-21250,78745,4.28,-6.63,OFF-BI-10001098,Austin
726,CA-2017-144113,2017-09-20,Standard Class,JF-15355,78745,17.57,6.37,OFF-EN-10001141,Austin
4149,CA-2017-106068,2017-10-28,Standard Class,RB-19330,78745,13.72,1.20,OFF-ST-10004507,Austin
4703,CA-2017-140298,2017-05-17,Standard Class,JK-16120,78745,8.00,-7.00,FUR-FU-10001967,Austin
4754,US-2015-167220,2015-12-16,Standard Class,JB-15925,78745,22.37,6.43,TEC-AC-10002018,Austin
1835,CA-2017-162691,2017-08-07,Standard Class,AS-10045,78745,36.29,12.70,OFF-PA-10003729,Austin
4148,CA-2017-106068,2017-10-28,Standard Class,RB-19330,78745,9.76,-15.13,OFF-BI-10000962,Austin
6385,US-2017-104661,2017-01-18,First Class,TB-21250,78745,47.98,14.40,TEC-AC-10003628,Austin
8916,US-2016-144057,2016-05-13,Standard Class,CV-12805,78745,13.18,-20.44,OFF-BI-10002852,Austin
8919,US-2016-144057,2016-05-13,Standard Class,CV-12805,78745,18.53,-27.79,OFF-BI-10002353,Austin
6386,US-2017-104661,2017-01-18,First Class,TB-21250,78745,62.59,13.30,TEC-AC-10002331,Austin
8918,US-2016-144057,2016-05-13,Standard Class,CV-12805,78745,76.64,26.82,OFF-PA-10004327,Austin
727,CA-2017-144113,2017-09-20,Standard Class,JF-15355,78745,55.99,5.60,TEC-PH-10002170,Austin
4150,CA-2017-106068,2017-10-28,Standard Class,RB-19330,78745,55.20,-2.07,TEC-AC-10002942,Austin
3504,CA-2017-125115,2017-04-10,Same Day,RD-19930,78745,95.74,20.34,TEC-AC-10001714,Austin
6384,US-2017-104661,2017-01-18,First Class,TB-21250,78745,32.78,-52.45,OFF-BI-10001597,Austin
4701,CA-2017-140298,2017-05-17,Standard Class,JK-16120,78745,74.42,-14.88,OFF-ST-10004180,Austin
345,US-2015-120712,2015-12-24,Standard Class,CS-12130,78745,88.80,-2.22,OFF-ST-10000107,Austin
2228,CA-2017-130771,2017-08-03,Standard Class,LA-16780,78745,124.79,15.60,TEC-PH-10002496,Austin
1501,CA-2017-130386,2017-11-18,Standard Class,NG-18430,78745,223.06,69.70,OFF-PA-10003823,Austin
6072,CA-2015-120901,2016-01-04,Standard Class,BG-11035,78745,152.69,-26.72,OFF-ST-10000025,Austin
8917,US-2016-144057,2016-05-13,Standard Class,CV-12805,78745,48.78,-131.72,OFF-AP-10000390,Austin
7724,CA-2015-139374,2015-09-14,Standard Class,AR-10345,78745,179.89,-2.57,FUR-CH-10003981,Austin
8820,CA-2015-142930,2015-12-02,Standard Class,EB-14170,78745,335.52,117.43,OFF-PA-10003395,Austin
4151,CA-2017-106068,2017-10-28,Standard Class,RB-19330,78745,259.14,-58.31,OFF-ST-10002344,Austin
3145,US-2016-148110,2016-09-11,Standard Class,AR-10825,78745,347.80,-24.84,FUR-CH-10002647,Austin
4862,CA-2014-138940,2014-04-16,Second Class,GM-14455,78745,758.35,265.42,TEC-PH-10001835,Austin
1502,CA-2017-130386,2017-11-18,Standard Class,NG-18430,78745,540.05,-47.25,OFF-ST-10003716,Austin
8915,US-2016-144057,2016-05-13,Standard Class,CV-12805,78745,856.66,107.08,OFF-ST-10001490,Austin
1834,CA-2017-162691,2017-08-07,Standard Class,AS-10045,78745,1439.98,-264.00,TEC-MA-10000488,Austin
3901,CA-2015-121097,2015-01-08,Standard Class,SF-20965,77520,10.37,3.63,OFF-PA-10001937,Baytown
9832,CA-2014-113257,2014-12-18,Second Class,SC-20305,77705,8.62,-2.59,FUR-FU-10001706,Beaumont
9530,CA-2017-101637,2017-03-25,Same Day,AC-10615,77705,12.77,0.96,OFF-ST-10002352,Beaumont
6874,CA-2014-124394,2014-10-22,Second Class,TB-21520,77705,10.78,-17.25,OFF-BI-10003676,Beaumont
6875,CA-2014-124394,2014-10-22,Second Class,TB-21520,77705,119.98,-18.00,TEC-AC-10001314,Beaumont
9831,CA-2014-113257,2014-12-18,Second Class,SC-20305,77705,319.97,95.99,TEC-AC-10004171,Beaumont
4027,CA-2017-139311,2017-08-13,First Class,SF-20965,76021,9.18,2.87,OFF-AR-10004582,Bedford
6124,CA-2015-142139,2015-09-05,Standard Class,SD-20485,76021,20.96,6.81,OFF-PA-10003883,Bedford
4026,CA-2017-139311,2017-08-13,First Class,SF-20965,76021,29.66,10.01,OFF-PA-10001776,Bedford
4029,CA-2017-139311,2017-08-13,First Class,SF-20965,76021,12.86,-22.51,OFF-BI-10004209,Bedford
4028,CA-2017-139311,2017-08-13,First Class,SF-20965,76021,153.58,13.44,TEC-PH-10001557,Bedford
1069,US-2017-139955,2017-09-30,Second Class,CM-12160,78521,1.74,-0.35,OFF-SU-10001935,Brownsville
7443,CA-2014-109932,2014-12-11,First Class,VP-21760,78521,10.69,3.74,OFF-PA-10001804,Brownsville
7632,CA-2014-162089,2014-03-31,First Class,MP-17470,78521,127.30,-9.09,FUR-CH-10002304,Brownsville
7631,CA-2014-162089,2014-03-31,First Class,MP-17470,78521,251.94,88.18,TEC-PH-10001819,Brownsville
7444,CA-2014-109932,2014-12-11,First Class,VP-21760,78521,237.10,20.75,OFF-ST-10000036,Brownsville
7630,CA-2014-162089,2014-03-31,First Class,MP-17470,78521,335.72,113.31,OFF-EN-10002230,Brownsville
3024,CA-2017-124674,2017-11-23,Standard Class,JB-16000,78521,327.73,-14.46,FUR-BO-10002202,Brownsville
9225,CA-2017-121160,2017-11-04,Same Day,FM-14290,77803,1.41,-2.32,OFF-BI-10003094,Bryan
9226,CA-2017-121160,2017-11-04,Same Day,FM-14290,77803,4.14,-6.42,OFF-BI-10004040,Bryan
9224,CA-2017-121160,2017-11-04,Same Day,FM-14290,77803,7.54,-13.19,OFF-BI-10001308,Bryan
9921,CA-2016-149272,2016-03-19,Standard Class,MY-18295,77803,22.39,-35.82,OFF-BI-10004233,Bryan
9227,CA-2017-121160,2017-11-04,Same Day,FM-14290,77803,52.75,-12.53,OFF-ST-10002485,Bryan
9920,CA-2016-149272,2016-03-19,Standard Class,MY-18295,77803,528.43,-143.43,FUR-CH-10000863,Bryan
1599,CA-2017-158876,2017-11-21,Second Class,AB-10150,75007,6.67,0.50,OFF-SU-10001165,Carrollton
1946,CA-2016-108581,2016-06-26,Standard Class,EA-14035,75007,10.37,3.63,OFF-PA-10000809,Carrollton
4958,CA-2015-127607,2015-03-26,Standard Class,JK-15730,75007,2.51,-4.40,OFF-BI-10001308,Carrollton
5243,CA-2017-146367,2017-08-08,Standard Class,HM-14860,75007,3.32,-5.64,OFF-BI-10002827,Carrollton
1598,CA-2017-158876,2017-11-21,Second Class,AB-10150,75007,16.90,5.28,OFF-PA-10000308,Carrollton
4959,CA-2015-127607,2015-03-26,Standard Class,JK-15730,75007,18.86,6.13,OFF-FA-10003485,Carrollton
1601,CA-2017-158876,2017-11-21,Second Class,AB-10150,75007,15.99,-13.99,FUR-FU-10001967,Carrollton
9904,CA-2014-122609,2014-11-18,Standard Class,DP-13000,75007,25.13,-6.91,FUR-FU-10004587,Carrollton
9318,CA-2017-124940,2017-02-26,Standard Class,DK-13090,75007,47.90,-2.99,TEC-AC-10002076,Carrollton
1945,CA-2016-108581,2016-06-26,Standard Class,EA-14035,75007,95.97,26.39,TEC-AC-10001109,Carrollton
6035,US-2015-155369,2015-04-25,Standard Class,PG-18820,75007,19.57,-52.83,OFF-AP-10002578,Carrollton
1600,CA-2017-158876,2017-11-21,Second Class,AB-10150,75007,99.14,8.67,OFF-AR-10003373,Carrollton
9905,CA-2014-122609,2014-11-18,Standard Class,DP-13000,75007,127.98,25.60,TEC-AC-10002567,Carrollton
6036,US-2015-155369,2015-04-25,Standard Class,PG-18820,75007,310.39,-512.15,OFF-BI-10003925,Carrollton
2573,CA-2016-155845,2016-08-15,Second Class,CM-12235,75007,1399.94,52.50,TEC-AC-10004145,Carrollton
6023,CA-2014-130869,2014-11-21,Standard Class,CB-12025,75104,7.08,2.48,OFF-EN-10002600,Cedar Hill
5530,CA-2017-136609,2017-08-11,Standard Class,TB-21355,75104,115.30,40.35,OFF-PA-10004381,Cedar Hill
3545,CA-2017-121216,2017-12-25,Second Class,MM-17920,77840,28.67,10.39,OFF-PA-10004519,College Station
3546,CA-2017-121216,2017-12-25,Second Class,MM-17920,77840,29.31,-74.75,OFF-AP-10001947,College Station
2151,US-2017-139969,2017-11-26,Standard Class,AF-10870,77840,233.06,-53.27,FUR-CH-10001973,College Station
3378,CA-2016-100671,2016-11-04,First Class,CS-12490,77301,111.67,6.98,OFF-ST-10004950,Conroe
1496,CA-2017-152485,2017-09-08,Standard Class,JD-15790,75019,10.19,3.19,OFF-AR-10003759,Coppell
1498,CA-2017-152485,2017-09-08,Standard Class,JD-15790,75019,13.12,3.77,OFF-AR-10001940,Coppell
1497,CA-2017-152485,2017-09-08,Standard Class,JD-15790,75019,16.78,-0.21,OFF-ST-10004950,Coppell
9445,CA-2015-104052,2015-03-02,First Class,TP-21565,75019,95.84,34.74,TEC-PH-10003215,Coppell
8434,US-2014-127635,2014-09-18,Second Class,SC-20260,78415,6.85,2.14,OFF-PA-10004610,Corpus Christi
8433,US-2014-127635,2014-09-18,Second Class,SC-20260,78415,6.05,-1.36,OFF-FA-10000053,Corpus Christi
2789,US-2014-117744,2014-12-06,Standard Class,MD-17860,78415,16.46,1.44,OFF-AR-10000940,Corpus Christi
8435,US-2014-127635,2014-09-18,Second Class,SC-20260,78415,9.96,-6.72,FUR-FU-10000550,Corpus Christi
8436,US-2014-127635,2014-09-18,Second Class,SC-20260,78415,8.55,-13.68,OFF-BI-10001721,Corpus Christi
6304,CA-2017-162712,2017-06-20,Second Class,NK-18490,78415,74.35,23.23,OFF-PA-10000167,Corpus Christi
2790,US-2014-117744,2014-12-06,Standard Class,MD-17860,78415,39.96,-23.98,FUR-FU-10002759,Corpus Christi
2788,US-2014-117744,2014-12-06,Standard Class,MD-17860,78415,58.36,-24.80,FUR-FU-10001588,Corpus Christi
5343,US-2014-168501,2014-11-27,Standard Class,JK-15325,75220,1.63,0.55,OFF-EN-10001509,Dallas
744,US-2016-146710,2016-08-31,Standard Class,SS-20875,75220,3.53,1.15,OFF-PA-10002615,Dallas
9833,CA-2014-133963,2014-05-22,Second Class,GA-14515,75220,3.98,1.44,OFF-PA-10001526,Dallas
7906,US-2015-118766,2015-10-22,Standard Class,LS-16975,75217,4.46,1.67,OFF-EN-10001415,Dallas
1333,CA-2014-122567,2014-02-21,Standard Class,MN-17935,75220,1.08,-1.73,OFF-BI-10002012,Dallas
8025,CA-2014-129189,2014-07-25,Standard Class,HM-14860,75217,1.04,-1.83,OFF-BI-10000494,Dallas
745,US-2016-146710,2016-08-31,Standard Class,SS-20875,75220,4.62,1.68,OFF-PA-10004971,Dallas
8220,CA-2014-120775,2014-10-07,Standard Class,RD-19930,75217,4.93,1.72,OFF-LA-10002271,Dallas
9312,CA-2017-148642,2017-03-12,Standard Class,DW-13540,75220,4.93,1.72,OFF-LA-10000134,Dallas
5102,CA-2014-158442,2014-03-17,Same Day,AZ-10750,75217,5.18,1.88,OFF-PA-10002195,Dallas
6879,US-2015-123918,2015-10-15,Same Day,CG-12520,75217,5.34,1.87,OFF-PA-10003001,Dallas
1666,CA-2016-128531,2016-11-26,Second Class,NS-18505,75217,4.34,0.87,OFF-FA-10002676,Dallas
8218,CA-2014-120775,2014-10-07,Standard Class,RD-19930,75217,4.34,0.87,OFF-FA-10002676,Dallas
5857,CA-2015-112214,2015-08-11,Standard Class,AH-10690,75220,1.36,-2.18,OFF-BI-10002982,Dallas
5101,CA-2014-158442,2014-03-17,Same Day,AZ-10750,75217,4.45,0.33,OFF-AR-10003732,Dallas
8980,CA-2015-150413,2015-10-24,Second Class,CS-11860,75220,1.72,-2.84,OFF-BI-10000404,Dallas
6398,CA-2017-131632,2017-11-04,Standard Class,AH-10120,75217,5.25,0.59,OFF-AR-10003651,Dallas
3391,CA-2017-101077,2017-03-30,Second Class,DB-13660,75081,6.85,2.14,OFF-PA-10004239,Dallas
8221,CA-2014-120775,2014-10-07,Standard Class,RD-19930,75217,1.79,-3.04,OFF-BI-10002609,Dallas
7068,CA-2016-114209,2016-05-26,Standard Class,AS-10285,75081,1.96,-3.24,OFF-BI-10000343,Dallas
2918,CA-2017-155047,2017-08-30,First Class,SE-20110,75220,5.95,0.37,OFF-AR-10003338,Dallas
5674,CA-2017-127922,2017-11-03,Standard Class,SH-19975,75081,8.45,2.64,OFF-PA-10001204,Dallas
7046,CA-2016-160136,2016-11-09,Standard Class,PJ-18835,75217,9.25,3.35,OFF-PA-10002160,Dallas
5055,CA-2015-141243,2015-01-08,Second Class,AH-10465,75217,7.06,0.79,OFF-AR-10001246,Dallas
9100,CA-2017-152933,2017-10-16,Standard Class,MG-17650,75081,10.37,3.76,OFF-PA-10001934,Dallas
3367,CA-2014-165379,2014-07-15,Standard Class,BM-11650,75217,10.37,3.63,OFF-PA-10003072,Dallas
8572,CA-2016-162222,2016-04-03,Same Day,SR-20740,75081,10.27,3.21,OFF-PA-10003893,Dallas
1800,CA-2016-121034,2016-08-10,Second Class,JF-15565,75081,11.17,3.63,OFF-FA-10000585,Dallas
3138,CA-2017-164168,2017-11-18,Standard Class,LS-16975,75081,12.22,4.43,OFF-EN-10001219,Dallas
7947,CA-2017-134194,2017-12-31,Standard Class,GA-14725,75081,3.17,-5.07,OFF-BI-10001116,Dallas
1770,CA-2017-146024,2017-03-08,Standard Class,SC-20770,75081,6.98,-1.40,OFF-SU-10001935,Dallas
3368,CA-2014-165379,2014-07-15,Standard Class,BM-11650,75217,14.35,4.49,OFF-PA-10002245,Dallas
4232,CA-2017-100223,2017-07-10,Standard Class,LS-16945,75220,15.55,5.64,OFF-PA-10000232,Dallas
612,CA-2016-161816,2016-04-30,First Class,NB-18655,75217,15.71,5.70,OFF-LA-10004345,Dallas
5103,CA-2014-158442,2014-03-17,Same Day,AZ-10750,75217,15.55,5.44,OFF-PA-10002365,Dallas
5114,CA-2016-147970,2016-02-02,Second Class,AB-10150,75220,15.55,5.44,OFF-PA-10003936,Dallas
5673,CA-2017-127922,2017-11-03,Standard Class,SH-19975,75081,15.84,5.54,OFF-EN-10003068,Dallas
2480,CA-2017-141992,2017-06-25,Standard Class,FO-14305,75220,11.18,0.84,OFF-SU-10002557,Dallas
7907,US-2015-118766,2015-10-22,Standard Class,LS-16975,75217,3.96,-6.93,OFF-BI-10002813,Dallas
4730,CA-2016-124681,2016-07-23,Second Class,SV-20935,75217,15.58,3.31,TEC-AC-10000487,Dallas
1669,CA-2016-128531,2016-11-26,Second Class,NS-18505,75217,14.04,1.58,OFF-AR-10003405,Dallas
920,CA-2016-165218,2016-03-11,Standard Class,RW-19630,75220,12.99,-0.81,OFF-ST-10001558,Dallas
212,CA-2015-101007,2015-02-13,Second Class,MS-17980,75220,20.80,6.50,TEC-AC-10001266,Dallas
8978,CA-2017-156622,2017-11-26,First Class,JP-15460,75220,6.10,-9.16,OFF-BI-10003707,Dallas
5086,CA-2015-144302,2015-06-23,Standard Class,ME-17320,75081,5.79,-9.56,OFF-BI-10001107,Dallas
9482,CA-2017-150504,2017-11-12,Standard Class,HG-14845,75220,18.16,1.82,OFF-ST-10000615,Dallas
4234,CA-2017-100223,2017-07-10,Standard Class,LS-16945,75220,6.32,-10.42,OFF-BI-10004492,Dallas
3062,CA-2017-127621,2017-03-07,Standard Class,RE-19450,75081,26.88,9.74,OFF-PA-10001307,Dallas
3707,CA-2017-160087,2017-03-22,Standard Class,EN-13780,75220,23.83,6.55,OFF-AR-10001915,Dallas
9287,CA-2017-154011,2017-06-26,Standard Class,DB-13270,75081,6.89,-11.02,OFF-BI-10003166,Dallas
8022,CA-2014-129189,2014-07-25,Standard Class,HM-14860,75217,4.99,-12.98,OFF-AP-10000124,Dallas
1515,CA-2017-112809,2017-08-22,Standard Class,RA-19915,75220,6.74,-11.46,OFF-BI-10001636,Dallas
8222,CA-2014-120775,2014-10-07,Standard Class,RD-19930,75217,15.07,-3.77,OFF-FA-10000254,Dallas
8507,CA-2016-130400,2016-03-12,Standard Class,SJ-20125,75217,27.96,8.39,TEC-AC-10004633,Dallas
4233,CA-2017-100223,2017-07-10,Standard Class,LS-16945,75220,31.10,11.28,OFF-PA-10002195,Dallas
666,CA-2017-132682,2017-06-10,Second Class,TH-21235,75081,23.76,2.08,OFF-SU-10004231,Dallas
1334,CA-2014-122567,2014-02-21,Standard Class,MN-17935,75220,7.96,-13.93,OFF-AP-10001303,Dallas
8997,US-2017-116491,2017-11-13,First Class,PG-18820,75081,35.18,12.31,TEC-PH-10004531,Dallas
8506,CA-2016-130400,2016-03-12,Standard Class,SJ-20125,75217,8.86,-14.17,OFF-BI-10001757,Dallas
8975,CA-2017-156622,2017-11-26,First Class,JP-15460,75220,36.29,12.70,OFF-PA-10000477,Dallas
3438,CA-2017-152583,2017-10-30,Same Day,RA-19945,75217,16.19,-8.50,FUR-FU-10003849,Dallas
5858,CA-2015-112214,2015-08-11,Standard Class,AH-10690,75220,14.76,-11.44,FUR-FU-10002364,Dallas
4071,CA-2016-145303,2016-08-31,First Class,TP-21415,75081,10.02,-16.54,OFF-BI-10002414,Dallas
5352,CA-2016-123932,2016-09-12,Standard Class,YC-21895,75217,41.92,15.20,OFF-PA-10004665,Dallas
3568,CA-2016-137176,2016-09-14,Second Class,DB-12910,75220,15.01,-12.01,FUR-FU-10003832,Dallas
5856,CA-2015-112214,2015-08-11,Standard Class,AH-10690,75220,23.04,-4.90,OFF-SU-10003567,Dallas
4231,CA-2017-100223,2017-07-10,Standard Class,LS-16945,75220,11.39,-17.66,OFF-BI-10003429,Dallas
7945,CA-2017-134194,2017-12-31,Standard Class,GA-14725,75081,31.74,2.38,OFF-AR-10001615,Dallas
3077,CA-2014-143903,2014-07-24,Standard Class,KM-16375,75217,16.74,-14.23,FUR-FU-10003724,Dallas
1771,CA-2017-146024,2017-03-08,Standard Class,SC-20770,75081,12.22,-20.17,OFF-BI-10003291,Dallas
2155,US-2016-120460,2016-05-05,Standard Class,BF-11170,75081,22.61,-10.17,FUR-FU-10004973,Dallas
5855,CA-2015-112214,2015-08-11,Standard Class,AH-10690,75220,33.49,-1.26,OFF-ST-10001505,Dallas
4070,CA-2016-145303,2016-08-31,First Class,TP-21415,75081,13.14,-21.68,OFF-BI-10000050,Dallas
1801,CA-2016-121034,2016-08-10,Second Class,JF-15565,75081,53.95,17.53,OFF-PA-10001994,Dallas
4394,CA-2016-108868,2016-09-12,Standard Class,KB-16585,75081,59.96,21.74,TEC-PH-10000923,Dallas
1664,CA-2016-128531,2016-11-26,Second Class,NS-18505,75217,41.92,3.67,OFF-ST-10001325,Dallas
7944,CA-2017-134194,2017-12-31,Standard Class,GA-14725,75081,44.69,5.03,OFF-SU-10000946,Dallas
8321,CA-2015-142937,2015-12-06,First Class,SF-20065,75220,45.04,4.50,OFF-AR-10003582,Dallas
3140,CA-2017-164168,2017-11-18,Standard Class,LS-16975,75081,22.85,-17.71,FUR-FU-10001756,Dallas
7793,CA-2017-169362,2017-10-15,First Class,SP-20860,75217,39.98,-1.50,TEC-AC-10001383,Dallas
3612,US-2016-131674,2016-11-30,Second Class,NC-18535,75217,58.42,16.79,TEC-AC-10004864,Dallas
3139,CA-2017-164168,2017-11-18,Standard Class,LS-16975,75081,44.78,-0.56,TEC-AC-10004568,Dallas
2771,US-2015-122140,2015-04-07,Standard Class,MO-17950,75220,47.98,1.80,TEC-AC-10003289,Dallas
8976,CA-2017-156622,2017-11-26,First Class,JP-15460,75220,78.30,29.36,OFF-PA-10002923,Dallas
746,US-2016-146710,2016-08-31,Standard Class,SS-20875,75220,55.17,6.21,OFF-SU-10004261,Dallas
9532,CA-2017-102729,2017-10-31,Standard Class,BF-11215,75217,55.62,5.56,OFF-ST-10000464,Dallas
3440,CA-2017-152583,2017-10-30,Same Day,RA-19945,75217,54.19,4.06,OFF-ST-10002214,Dallas
8621,US-2017-119319,2017-11-09,Second Class,LC-17050,75217,30.56,-19.86,FUR-FU-10003878,Dallas
2770,US-2015-122140,2015-04-07,Standard Class,MO-17950,75220,50.12,-0.63,TEC-AC-10003038,Dallas
8219,CA-2014-120775,2014-10-07,Standard Class,RD-19930,75217,31.78,-19.07,FUR-FU-10000758,Dallas
1668,CA-2016-128531,2016-11-26,Second Class,NS-18505,75217,74.35,23.23,OFF-PA-10000167,Dallas
7069,CA-2016-114209,2016-05-26,Standard Class,AS-10285,75081,82.66,31.00,OFF-PA-10003591,Dallas
1514,CA-2017-112809,2017-08-22,Standard Class,RA-19915,75220,21.38,-33.14,OFF-BI-10001098,Dallas
5805,CA-2017-113873,2017-11-19,Standard Class,KE-16420,75220,61.79,6.18,OFF-ST-10000943,Dallas
667,CA-2017-132682,2017-06-10,Second Class,TH-21235,75081,85.06,28.71,OFF-PA-10000474,Dallas
8023,CA-2014-129189,2014-07-25,Standard Class,HM-14860,75217,87.92,29.67,OFF-EN-10003567,Dallas
9313,CA-2017-148642,2017-03-12,Standard Class,DW-13540,75220,63.49,4.76,OFF-AR-10000588,Dallas
3137,CA-2017-164168,2017-11-18,Standard Class,LS-16975,75081,67.99,8.50,TEC-PH-10004908,Dallas
8212,CA-2016-116337,2016-11-12,Standard Class,MC-17845,75220,44.46,-17.78,FUR-FU-10002030,Dallas
743,US-2016-146710,2016-08-31,Standard Class,SS-20875,75220,51.52,-10.95,OFF-SU-10004498,Dallas
4393,CA-2016-108868,2016-09-12,Standard Class,KB-16585,75081,70.37,6.16,OFF-AR-10001953,Dallas
9624,CA-2017-137449,2017-06-30,First Class,ME-17725,75220,21.39,-54.55,OFF-AP-10000240,Dallas
3135,CA-2017-164168,2017-11-18,Standard Class,LS-16975,75081,30.56,-45.84,OFF-BI-10000666,Dallas
7732,CA-2017-140508,2017-09-21,First Class,PA-19060,75220,114.85,35.89,OFF-EN-10000927,Dallas
3295,CA-2014-138023,2014-08-18,First Class,KH-16510,75081,30.96,-52.63,OFF-BI-10003638,Dallas
3136,CA-2017-164168,2017-11-18,Standard Class,LS-16975,75081,77.95,-15.59,OFF-ST-10002583,Dallas
3827,CA-2014-132801,2014-10-12,Standard Class,JG-15805,75217,107.44,10.74,OFF-ST-10001228,Dallas
8508,CA-2016-130400,2016-03-12,Standard Class,SJ-20125,75217,146.35,49.39,OFF-EN-10001453,Dallas
1667,CA-2016-128531,2016-11-26,Second Class,NS-18505,75217,94.99,-2.37,TEC-AC-10003023,Dallas
919,CA-2016-165218,2016-03-11,Standard Class,RW-19630,75220,149.35,50.41,OFF-EN-10000056,Dallas
7943,CA-2017-134194,2017-12-31,Standard Class,GA-14725,75081,39.58,-59.37,OFF-BI-10003684,Dallas
7946,CA-2017-134194,2017-12-31,Standard Class,GA-14725,75081,40.98,-65.57,OFF-BI-10001597,Dallas
2769,US-2015-122140,2015-04-07,Standard Class,MO-17950,75220,32.19,-80.48,OFF-AP-10001242,Dallas
9431,CA-2015-166219,2015-08-31,Standard Class,BP-11185,75081,103.48,-16.26,FUR-TA-10004607,Dallas
7652,CA-2017-110821,2017-08-08,First Class,CK-12205,75081,119.45,-13.44,TEC-AC-10001552,Dallas
1734,US-2016-131149,2016-07-14,Standard Class,LH-17155,75081,154.24,17.35,OFF-AR-10002135,Dallas
7653,CA-2017-110821,2017-08-08,First Class,CK-12205,75081,118.16,-25.11,OFF-ST-10002790,Dallas
8134,CA-2015-131352,2015-10-13,Standard Class,GH-14485,75081,72.78,-70.96,FUR-FU-10003708,Dallas
8977,CA-2017-156622,2017-11-26,First Class,JP-15460,75220,127.79,-31.03,FUR-TA-10003008,Dallas
4276,CA-2015-123456,2015-07-13,Standard Class,KN-16450,75220,48.63,-121.58,OFF-AP-10002684,Dallas
6303,CA-2017-166919,2017-11-27,Standard Class,AH-10210,75220,195.96,19.60,TEC-PH-10001305,Dallas
2481,CA-2017-141992,2017-06-25,Standard Class,FO-14305,75220,153.58,-32.64,OFF-ST-10003656,Dallas
1513,CA-2017-112809,2017-08-22,Standard Class,RA-19915,75220,200.06,12.50,OFF-ST-10002276,Dallas
4072,CA-2016-145303,2016-08-31,First Class,TP-21415,75081,156.37,-52.89,FUR-BO-10003159,Dallas
9513,CA-2017-142461,2017-06-03,Second Class,KT-16480,75217,204.67,-6.02,FUR-BO-10001811,Dallas
6351,CA-2017-161557,2017-09-08,Standard Class,AG-10900,75217,108.40,-105.69,FUR-FU-10004622,Dallas
6878,US-2015-123918,2015-10-15,Same Day,CG-12520,75217,131.38,-95.25,FUR-FU-10004952,Dallas
5806,CA-2017-113873,2017-11-19,Standard Class,KE-16420,75220,206.00,-27.26,FUR-BO-10003441,Dallas
7608,CA-2017-121195,2017-12-27,First Class,NS-18505,75220,264.32,19.82,OFF-ST-10000585,Dallas
204,US-2017-116701,2017-12-21,Second Class,LC-17140,75220,66.28,-178.97,OFF-AP-10003217,Dallas
5344,US-2014-168501,2014-11-27,Standard Class,JK-15325,75220,267.96,16.75,TEC-PH-10004922,Dallas
5353,CA-2016-123932,2016-09-12,Standard Class,YC-21895,75217,329.58,37.08,TEC-PH-10002447,Dallas
8213,CA-2016-116337,2016-11-12,Standard Class,MC-17845,75220,314.09,19.63,OFF-ST-10001272,Dallas
7930,CA-2017-167549,2017-07-27,First Class,EM-14200,75217,298.12,-4.26,FUR-TA-10004767,Dallas
3076,CA-2014-143903,2014-07-24,Standard Class,KM-16375,75217,342.86,38.57,OFF-ST-10003306,Dallas
1665,CA-2016-128531,2016-11-26,Second Class,NS-18505,75217,297.58,-7.44,TEC-AC-10002049,Dallas
5054,CA-2015-141243,2015-01-08,Second Class,AH-10465,75217,398.40,84.66,TEC-AC-10003198,Dallas
3439,CA-2017-152583,2017-10-30,Same Day,RA-19945,75217,251.01,-68.13,FUR-TA-10002041,Dallas
611,CA-2016-161816,2016-04-30,First Class,NB-18655,75217,369.58,41.58,TEC-PH-10003012,Dallas
9099,CA-2017-152933,2017-10-16,Standard Class,MG-17650,75081,369.54,27.72,TEC-PH-10002085,Dallas
9625,CA-2017-137449,2017-06-30,First Class,ME-17725,75220,307.31,-39.51,FUR-TA-10002855,Dallas
668,CA-2017-132682,2017-06-10,Second Class,TH-21235,75081,381.58,28.62,TEC-PH-10004042,Dallas
1733,US-2016-131149,2016-07-14,Standard Class,LH-17155,75081,338.04,-33.80,OFF-ST-10000689,Dallas
6952,CA-2015-161767,2015-11-24,Standard Class,GK-14620,75217,479.99,56.00,TEC-MA-10002790,Dallas
3462,CA-2017-114258,2017-11-10,Second Class,EM-13825,75081,492.77,55.44,TEC-PH-10003012,Dallas
9626,CA-2017-137449,2017-06-30,First Class,ME-17725,75220,410.00,-96.47,FUR-BO-10000780,Dallas
9288,CA-2017-154011,2017-06-26,Standard Class,DB-13270,75081,457.49,-84.96,FUR-TA-10000688,Dallas
3525,CA-2016-132731,2016-11-28,Standard Class,GA-14515,75081,657.55,49.32,TEC-PH-10004120,Dallas
9101,CA-2017-152933,2017-10-16,Standard Class,MG-17650,75081,791.88,128.68,TEC-AC-10003033,Dallas
5362,CA-2017-100951,2017-06-10,First Class,NC-18625,75217,720.76,54.06,OFF-ST-10001496,Dallas
4230,CA-2017-100223,2017-07-10,Standard Class,LS-16945,75220,332.03,-348.63,FUR-FU-10003601,Dallas
8024,CA-2014-129189,2014-07-25,Standard Class,HM-14860,75217,657.93,-93.99,FUR-CH-10004997,Dallas
9430,CA-2015-166219,2015-08-31,Standard Class,BP-11185,75081,1099.96,82.50,TEC-PH-10004165,Dallas
8413,CA-2017-132290,2017-03-14,Standard Class,MD-17350,75217,933.41,-173.35,FUR-TA-10002228,Dallas
3078,CA-2014-143903,2014-07-24,Standard Class,KM-16375,75217,981.37,-140.20,FUR-CH-10002024,Dallas
5056,CA-2015-141243,2015-01-08,Second Class,AH-10465,75217,1352.40,-437.54,FUR-BO-10003272,Dallas
8641,US-2017-148551,2017-01-16,Standard Class,DB-13120,75217,760.98,-1141.47,OFF-BI-10000545,Dallas
4139,CA-2016-117226,2016-12-31,First Class,KD-16495,77536,6.92,-10.39,OFF-BI-10004654,Deer Park
3899,CA-2017-102267,2017-12-04,Standard Class,SC-20800,78539,2.37,0.83,OFF-FA-10000611,Edinburg
6056,CA-2016-113551,2016-08-20,First Class,NF-18385,78539,2.07,-3.41,OFF-BI-10001617,Edinburg
6057,CA-2016-113551,2016-08-20,First Class,NF-18385,78539,83.84,30.39,OFF-PA-10004665,Edinburg
6530,CA-2014-103744,2014-02-27,Standard Class,MG-17875,79907,6.94,2.34,OFF-LA-10004425,El Paso
5802,CA-2014-123225,2014-07-14,First Class,MN-17935,79907,10.37,3.63,OFF-PA-10000552,El Paso
6531,CA-2014-103744,2014-02-27,Standard Class,MG-17875,79907,4.43,-6.86,OFF-BI-10000320,El Paso
7729,CA-2016-106915,2016-12-02,Standard Class,GA-14515,79907,17.86,4.24,OFF-AR-10000716,El Paso
8362,CA-2017-147207,2017-01-04,Second Class,TS-21655,79907,5.43,-13.58,OFF-AP-10000027,El Paso
7948,CA-2014-131009,2014-03-05,Standard Class,SC-20380,79907,18.84,-3.53,OFF-FA-10004395,El Paso
6938,CA-2014-126963,2014-06-15,Same Day,PS-18760,79907,36.54,11.88,OFF-PA-10001952,El Paso
8361,CA-2017-147207,2017-01-04,Second Class,TS-21655,79907,31.74,3.97,OFF-AR-10001955,El Paso
4559,CA-2014-127383,2015-01-05,Standard Class,CM-11815,79907,49.57,17.97,OFF-EN-10004773,El Paso
2806,CA-2015-122623,2015-09-11,Standard Class,CC-12145,79907,47.52,-2.04,FUR-CH-10000553,El Paso
1575,CA-2014-101602,2014-12-18,First Class,MC-18100,79907,40.68,-9.15,TEC-PH-10000169,El Paso
7950,CA-2014-131009,2014-03-05,Standard Class,SC-20380,79907,63.55,-34.95,FUR-FU-10001095,El Paso
6936,CA-2017-137365,2017-12-03,Second Class,BP-11095,79907,95.98,-10.80,TEC-AC-10001767,El Paso
7951,CA-2014-131009,2014-03-05,Standard Class,SC-20380,79907,129.55,-22.67,OFF-ST-10001469,El Paso
8364,CA-2017-147207,2017-01-04,Second Class,TS-21655,79907,372.14,27.91,OFF-ST-10002615,El Paso
7949,CA-2014-131009,2014-03-05,Standard Class,SC-20380,79907,362.25,0.00,FUR-CH-10001270,El Paso
5801,CA-2014-123225,2014-07-14,First Class,MN-17935,79907,575.97,43.20,TEC-PH-10000895,El Paso
1576,CA-2014-101602,2014-12-18,First Class,MC-18100,79907,763.28,-21.81,FUR-CH-10004675,El Paso
8363,CA-2017-147207,2017-01-04,Second Class,TS-21655,79907,913.43,-169.64,FUR-TA-10002958,El Paso
1359,CA-2017-160045,2017-04-27,First Class,LB-16735,76106,1.99,-1.44,FUR-FU-10000010,Fort Worth
8766,CA-2015-107083,2015-11-27,Standard Class,BB-11545,76106,1.70,-2.54,OFF-BI-10000756,Fort Worth
8765,CA-2015-107083,2015-11-27,Standard Class,BB-11545,76106,5.34,0.73,OFF-AR-10002257,Fort Worth
2033,CA-2016-128923,2016-12-13,Standard Class,GB-14530,76106,9.39,3.29,OFF-PA-10002250,Fort Worth
16,US-2015-118983,2015-11-26,Standard Class,HP-14815,76106,2.54,-3.82,OFF-BI-10000756,Fort Worth
1274,CA-2016-119186,2016-05-26,Same Day,MS-17710,76106,10.37,3.63,OFF-PA-10004621,Fort Worth
2034,CA-2016-128923,2016-12-13,Standard Class,GB-14530,76106,9.33,0.82,OFF-AR-10000475,Fort Worth
1276,CA-2016-119186,2016-05-26,Same Day,MS-17710,76106,14.35,5.20,OFF-PA-10004040,Fort Worth
5756,CA-2014-163748,2014-10-18,Standard Class,HG-15025,76106,3.16,-8.53,OFF-AP-10004052,Fort Worth
8372,CA-2014-165393,2014-12-30,First Class,NC-18415,76106,4.98,-8.47,OFF-BI-10001658,Fort Worth
839,US-2016-137547,2016-03-12,Standard Class,EB-13705,76106,21.07,1.58,TEC-PH-10002365,Fort Worth
8768,CA-2015-107083,2015-11-27,Standard Class,BB-11545,76106,7.98,-13.17,OFF-BI-10002194,Fort Worth
3098,CA-2017-135692,2017-04-30,Standard Class,CV-12805,76106,33.12,11.59,OFF-LA-10001158,Fort Worth
4669,US-2017-133200,2017-05-11,Standard Class,DB-13555,76106,11.06,-18.80,OFF-BI-10002827,Fort Worth
544,CA-2014-103849,2014-05-16,Standard Class,PG-18895,76106,58.11,7.26,TEC-AC-10001465,Fort Worth
1277,CA-2016-119186,2016-05-26,Same Day,MS-17710,76106,63.99,-7.20,TEC-AC-10000580,Fort Worth
8767,CA-2015-107083,2015-11-27,Standard Class,BB-11545,76106,24.59,-67.62,OFF-AP-10004136,Fort Worth
545,CA-2014-103849,2014-05-16,Standard Class,PG-18895,76106,100.79,6.30,TEC-PH-10002597,Fort Worth
546,CA-2014-103849,2014-05-16,Standard Class,PG-18895,76106,66.11,-84.29,FUR-FU-10000723,Fort Worth
15,US-2015-118983,2015-11-26,Standard Class,HP-14815,76106,68.81,-123.86,OFF-AP-10002311,Fort Worth
1756,CA-2015-135622,2015-12-11,Second Class,TT-21460,76106,360.71,130.76,OFF-PA-10000100,Fort Worth
3099,CA-2017-135692,2017-04-30,Standard Class,CV-12805,76106,220.27,-42.11,FUR-BO-10002268,Fort Worth
1275,CA-2016-119186,2016-05-26,Same Day,MS-17710,76106,388.43,-88.78,FUR-CH-10001973,Fort Worth
4670,US-2017-133200,2017-05-11,Standard Class,DB-13555,76106,623.46,-119.19,FUR-BO-10001601,Fort Worth
4671,US-2017-133200,2017-05-11,Standard Class,DB-13555,76106,772.68,-57.95,OFF-ST-10001932,Fort Worth
5757,CA-2014-163748,2014-10-18,Standard Class,HG-15025,76106,1999.96,624.99,TEC-CO-10002095,Fort Worth
1757,CA-2015-135622,2015-12-11,Second Class,TT-21460,76106,1718.40,150.36,TEC-PH-10001817,Fort Worth
2748,US-2015-165449,2015-11-26,Standard Class,AP-10720,75034,27.17,-1.36,TEC-AC-10004127,Frisco
8518,CA-2017-149720,2017-06-07,Second Class,EM-14065,75034,30.34,-17.44,FUR-FU-10002501,Frisco
901,CA-2017-150959,2017-11-13,First Class,TD-20995,75043,10.44,3.39,OFF-LA-10001045,Garland
5305,US-2014-166310,2014-09-23,First Class,JS-15940,75043,8.54,-7.48,FUR-FU-10001546,Garland
7918,CA-2017-100783,2017-09-08,Second Class,JK-16120,75043,30.38,3.80,OFF-AR-10000380,Garland
902,CA-2017-150959,2017-11-13,First Class,TD-20995,75043,18.34,-32.09,OFF-BI-10001510,Garland
2138,CA-2015-156377,2016-01-05,Standard Class,TB-21625,75051,3.66,-5.85,OFF-BI-10002954,Grand Prairie
189,CA-2016-157000,2016-07-22,Standard Class,AM-10360,75051,20.02,6.25,OFF-PA-10001950,Grand Prairie
1411,CA-2017-105144,2017-11-11,Standard Class,SZ-20035,75051,23.68,8.88,OFF-LA-10003923,Grand Prairie
3938,CA-2015-118955,2015-06-20,Standard Class,LS-17230,75051,27.22,9.87,OFF-PA-10004156,Grand Prairie
3937,CA-2015-118955,2015-06-20,Standard Class,LS-17230,75051,28.75,9.34,OFF-EN-10001028,Grand Prairie
2137,CA-2015-156377,2016-01-05,Standard Class,TB-21625,75051,14.76,-11.44,FUR-FU-10002364,Grand Prairie
188,CA-2016-157000,2016-07-22,Standard Class,AM-10360,75051,37.22,3.72,OFF-ST-10001328,Grand Prairie
6370,CA-2016-103919,2016-10-07,Standard Class,TP-21565,75051,38.08,-29.51,FUR-FU-10001756,Grand Prairie
6107,CA-2014-120852,2014-12-25,Standard Class,WB-21850,75051,19.43,-49.55,OFF-AP-10001563,Grand Prairie
6108,CA-2014-120852,2014-12-25,Standard Class,WB-21850,75051,65.44,-8.18,TEC-AC-10004510,Grand Prairie
3244,CA-2017-113355,2017-12-05,Standard Class,SJ-20215,75051,219.80,24.73,TEC-PH-10004912,Grand Prairie
3939,CA-2015-118955,2015-06-20,Standard Class,LS-17230,75051,197.37,-25.38,FUR-CH-10001708,Grand Prairie
3245,CA-2017-113355,2017-12-05,Standard Class,SJ-20215,75051,317.06,-18.12,FUR-CH-10002602,Grand Prairie
1592,US-2016-132423,2016-04-19,Standard Class,MY-18295,76051,8.04,2.91,OFF-FA-10002988,Grapevine
1591,US-2016-132423,2016-04-19,Standard Class,MY-18295,76051,33.49,5.86,OFF-AR-10001221,Grapevine
2586,CA-2015-121041,2015-11-10,Standard Class,CS-12250,76117,6.61,2.15,OFF-EN-10001137,Haltom City
9109,CA-2015-132941,2015-05-28,First Class,MM-18280,76117,32.37,11.73,OFF-PA-10002160,Haltom City
9108,CA-2015-132941,2015-05-28,First Class,MM-18280,76117,22.37,1.68,OFF-SU-10002557,Haltom City
9110,CA-2015-132941,2015-05-28,First Class,MM-18280,76117,207.98,36.40,TEC-AC-10003095,Haltom City
3930,CA-2016-162082,2016-03-17,First Class,JS-15880,78550,5.18,1.88,OFF-PA-10001934,Harlingen
371,CA-2017-104745,2017-06-04,Standard Class,GT-14755,78550,25.92,9.40,OFF-PA-10002036,Harlingen
372,CA-2017-104745,2017-06-04,Standard Class,GT-14755,78550,53.42,4.67,OFF-ST-10002205,Harlingen
3931,CA-2016-162082,2016-03-17,First Class,JS-15880,78550,145.54,16.37,OFF-AR-10001044,Harlingen
3929,CA-2016-162082,2016-03-17,First Class,JS-15880,78550,241.33,-14.20,FUR-BO-10004409,Harlingen
3767,CA-2016-163153,2016-03-25,Standard Class,DM-12955,77036,1.34,0.50,OFF-AR-10001868,Houston
4872,CA-2017-164042,2017-05-27,Standard Class,KL-16645,77095,1.82,0.62,OFF-FA-10000840,Houston
6086,US-2016-132577,2016-11-27,Standard Class,JE-15475,77095,2.09,0.68,OFF-LA-10000262,Houston
4102,US-2017-102288,2017-06-23,Standard Class,ZC-21910,77095,0.44,-1.11,OFF-AP-10002906,Houston
6448,US-2017-119816,2017-03-06,Second Class,TT-21460,77095,2.46,0.86,OFF-LA-10002381,Houston
6569,CA-2014-100678,2014-04-22,Standard Class,KM-16720,77095,2.69,1.01,OFF-AR-10001868,Houston
2828,US-2014-112914,2014-09-30,Standard Class,MT-18070,77041,3.26,1.10,OFF-EN-10001509,Houston
5551,US-2014-159618,2014-11-16,Standard Class,DB-12970,77036,2.67,0.33,OFF-AR-10003183,Houston
8034,CA-2015-119690,2015-06-28,First Class,MV-17485,77041,0.98,-1.48,OFF-BI-10000201,Houston
3592,CA-2014-154186,2014-12-15,Second Class,RA-19285,77070,2.92,0.36,OFF-SU-10001574,Houston
6454,CA-2015-125710,2015-10-13,Standard Class,BT-11680,77036,3.44,0.56,OFF-AR-10000657,Houston
3788,CA-2016-169971,2016-09-09,Standard Class,IL-15100,77041,3.91,1.03,OFF-AR-10002804,Houston
8036,CA-2015-119690,2015-06-28,First Class,MV-17485,77041,4.61,1.67,OFF-LA-10001613,Houston
988,CA-2015-146829,2015-03-10,Same Day,TS-21340,77041,1.11,-1.89,OFF-BI-10004022,Houston
1107,US-2016-110156,2016-11-24,Standard Class,EH-13945,77041,2.33,-0.76,FUR-FU-10000206,Houston
8562,CA-2016-132829,2016-12-26,Second Class,LA-16780,77041,2.33,-0.76,FUR-FU-10000206,Houston
4875,CA-2017-164042,2017-05-27,Standard Class,KL-16645,77095,1.19,-1.96,OFF-BI-10001922,Houston
76,US-2017-118038,2017-12-11,First Class,KB-16600,77041,1.25,-1.93,OFF-BI-10004182,Houston
8966,CA-2017-106691,2017-11-12,Standard Class,CC-12370,77070,1.25,-1.93,OFF-BI-10000145,Houston
9794,CA-2014-127166,2014-05-23,Second Class,KH-16360,77070,4.83,1.63,OFF-PA-10001560,Houston
3326,CA-2014-165309,2014-11-15,Standard Class,KD-16270,77095,1.23,-1.97,OFF-BI-10001267,Houston
1113,US-2016-110156,2016-11-24,Standard Class,EH-13945,77041,1.19,-2.03,OFF-BI-10002609,Houston
7297,CA-2014-111899,2014-05-05,First Class,NC-18340,77036,5.47,1.85,OFF-FA-10000840,Houston
4782,CA-2014-159310,2014-11-12,Standard Class,SC-20725,77070,1.48,-2.21,OFF-BI-10000201,Houston
8723,CA-2016-120824,2016-06-16,Second Class,AW-10930,77070,1.52,-2.67,OFF-BI-10001525,Houston
8551,CA-2015-121132,2015-07-24,Standard Class,VB-21745,77041,6.26,2.04,OFF-LA-10002368,Houston
2529,CA-2015-124541,2015-04-10,Standard Class,TT-21220,77041,7.97,2.89,OFF-PA-10001526,Houston
281,US-2015-161991,2015-09-28,Second Class,SC-20725,77070,2.08,-3.43,OFF-BI-10004967,Houston
1750,US-2014-157406,2014-04-29,Standard Class,DA-13450,77095,6.24,0.55,OFF-AR-10002221,Houston
7495,US-2017-160836,2017-09-16,Standard Class,CC-12475,77070,1.56,-4.20,OFF-AP-10001626,Houston
4114,CA-2015-116687,2015-05-07,Standard Class,NC-18625,77095,8.86,2.99,OFF-LA-10000443,Houston
4530,CA-2016-134691,2016-11-18,Standard Class,KC-16540,77041,2.30,-3.90,OFF-BI-10002393,Houston
1419,CA-2015-126697,2015-09-24,First Class,SV-20815,77041,4.93,-1.48,FUR-FU-10001706,Houston
7185,CA-2017-133102,2017-08-24,Standard Class,ED-13885,77095,5.55,-1.04,OFF-SU-10000432,Houston
5384,CA-2016-149195,2016-09-07,Second Class,DM-13525,77070,10.37,3.76,OFF-PA-10002036,Houston
3087,CA-2017-118773,2017-02-14,Standard Class,TP-21415,77070,3.98,-2.69,FUR-FU-10000550,Houston
7450,CA-2017-105669,2017-09-22,Second Class,SJ-20125,77036,9.91,3.22,OFF-AR-10000390,Houston
1112,US-2016-110156,2016-11-24,Standard Class,EH-13945,77041,10.37,3.63,OFF-PA-10004735,Houston
1749,US-2014-157406,2014-04-29,Standard Class,DA-13450,77095,10.37,3.63,OFF-PA-10003543,Houston
5375,CA-2015-118738,2015-10-30,Standard Class,AG-10495,77041,10.37,3.63,OFF-PA-10001166,Houston
9558,CA-2014-103086,2014-10-19,Second Class,EB-14170,77095,5.31,-1.59,FUR-FU-10004586,Houston
7733,CA-2017-143294,2017-06-08,Standard Class,JD-15790,77070,10.69,3.74,OFF-PA-10000743,Houston
7186,CA-2017-133102,2017-08-24,Standard Class,ED-13885,77095,8.02,1.00,OFF-AR-10003183,Houston
3380,CA-2017-142867,2017-03-21,Standard Class,PO-19180,77095,10.27,3.21,OFF-PA-10004610,Houston
7493,US-2017-160836,2017-09-16,Standard Class,CC-12475,77070,10.27,3.21,OFF-PA-10004239,Houston
2827,US-2014-112914,2014-09-30,Standard Class,MT-18070,77041,2.72,-4.36,OFF-BI-10002982,Houston
6411,CA-2017-161774,2017-05-15,First Class,GT-14710,77041,7.99,0.70,TEC-PH-10004071,Houston
8719,CA-2016-120824,2016-06-16,Second Class,AW-10930,77070,11.26,3.94,OFF-AR-10003469,Houston
1103,US-2017-145863,2017-04-27,Standard Class,RP-19390,77041,2.69,-4.71,OFF-BI-10004140,Houston
4101,US-2017-102288,2017-06-23,Standard Class,ZC-21910,77095,2.26,-5.21,OFF-AP-10004655,Houston
9126,CA-2016-128916,2016-08-20,Second Class,MA-17560,77070,5.34,-2.14,FUR-FU-10000320,Houston
3233,US-2017-156356,2017-04-22,Standard Class,ND-18370,77095,2.90,-4.78,OFF-BI-10001107,Houston
5262,CA-2014-105165,2014-09-10,First Class,SZ-20035,77036,2.92,-4.82,OFF-BI-10000050,Houston
1104,US-2017-145863,2017-04-27,Standard Class,RP-19390,77041,2.93,-4.99,OFF-BI-10002049,Houston
8126,CA-2015-137064,2015-02-13,Standard Class,TS-21655,77070,2.93,-4.99,OFF-BI-10002049,Houston
6449,US-2017-119816,2017-03-06,Second Class,TT-21460,77095,8.72,0.65,OFF-ST-10000918,Houston
554,CA-2017-101945,2017-11-28,Standard Class,GT-14710,77070,10.82,2.57,OFF-FA-10004248,Houston
5310,CA-2017-131254,2017-11-21,First Class,NC-18415,77095,13.04,3.91,OFF-AR-10003876,Houston
4290,US-2015-117184,2015-05-21,Standard Class,ON-18715,77095,14.09,4.93,OFF-PA-10002250,Houston
1713,CA-2015-145401,2015-02-04,Standard Class,JP-15520,77070,14.30,5.01,OFF-PA-10004405,Houston
3194,CA-2014-165428,2014-09-04,First Class,JL-15130,77036,3.65,-6.02,OFF-BI-10002949,Houston
4266,US-2016-131611,2016-11-09,Standard Class,EP-13915,77036,3.56,-6.24,OFF-BI-10004364,Houston
6798,CA-2015-168809,2015-08-25,Same Day,MC-18100,77041,3.80,-6.08,OFF-BI-10000315,Houston
3241,US-2016-127971,2016-11-27,Standard Class,DW-13195,77095,7.07,-2.83,FUR-FU-10000023,Houston
8379,CA-2015-162964,2015-11-18,Standard Class,MF-18250,77095,15.55,5.64,OFF-PA-10003349,Houston
8720,CA-2016-120824,2016-06-16,Second Class,AW-10930,77070,15.55,5.64,OFF-PA-10000232,Houston
4514,CA-2016-145240,2016-09-08,First Class,BG-11740,77070,10.78,0.81,OFF-ST-10001590,Houston
3106,CA-2016-103037,2016-07-29,Standard Class,KH-16630,77070,15.71,5.70,OFF-LA-10004345,Houston
6690,CA-2017-104108,2017-12-09,Standard Class,RP-19855,77095,12.16,2.13,OFF-AR-10000817,Houston
2045,CA-2014-129168,2014-08-23,Standard Class,KB-16585,77095,15.55,5.44,OFF-PA-10001639,Houston
5373,CA-2015-118738,2015-10-30,Standard Class,AG-10495,77041,15.55,5.44,OFF-PA-10003177,Houston
6496,CA-2017-111262,2017-10-31,Second Class,KH-16510,77095,15.55,5.44,OFF-PA-10001937,Houston
7760,CA-2016-158925,2016-10-28,Standard Class,JP-15460,77041,15.55,5.44,OFF-PA-10003072,Houston
5467,CA-2014-107706,2014-02-19,Second Class,ST-20530,77095,16.18,6.07,OFF-PA-10000466,Houston
5383,CA-2016-149195,2016-09-07,Second Class,DM-13525,77070,15.81,5.34,OFF-FA-10001843,Houston
897,CA-2016-140634,2016-10-06,Second Class,HL-15040,77095,15.65,5.09,OFF-EN-10001099,Houston
4181,CA-2017-128426,2017-10-11,Standard Class,JK-15730,77036,4.24,-6.36,OFF-BI-10000756,Houston
1474,US-2015-105676,2015-12-02,Same Day,NM-18520,77036,6.69,-4.01,FUR-FU-10004270,Houston
7981,CA-2014-103800,2014-01-07,Standard Class,DP-13000,77095,16.45,5.55,OFF-PA-10000174,Houston
8552,CA-2015-121132,2015-07-24,Standard Class,VB-21745,77041,14.43,3.43,OFF-FA-10004248,Houston
4107,US-2016-148334,2016-08-26,Standard Class,DD-13570,77041,4.31,-6.90,OFF-BI-10003676,Houston
6087,US-2016-132577,2016-11-27,Standard Class,JE-15475,77095,4.49,-6.73,OFF-BI-10003196,Houston
1671,CA-2017-159457,2017-10-26,Standard Class,RD-19480,77095,16.68,5.21,TEC-PH-10002185,Houston
8718,CA-2016-120824,2016-06-16,Second Class,AW-10930,77070,6.98,-4.54,FUR-FU-10001424,Houston
5290,CA-2014-146283,2014-09-15,Standard Class,KT-16465,77036,17.90,6.27,OFF-PA-10002259,Houston
6799,CA-2015-168809,2015-08-25,Same Day,MC-18100,77041,7.88,-3.94,FUR-FU-10002240,Houston
4490,CA-2015-162621,2015-09-11,Standard Class,CA-12055,77036,4.47,-7.82,OFF-BI-10003708,Houston
1997,US-2017-147221,2017-12-04,Second Class,JS-16030,77036,8.75,-3.72,FUR-FU-10004020,Houston
5603,CA-2016-117919,2016-08-29,Second Class,TB-21355,77041,14.16,1.06,OFF-ST-10003572,Houston
520,CA-2015-157812,2015-03-26,Standard Class,DB-13210,77041,18.39,5.29,TEC-AC-10000171,Houston
3161,US-2014-150924,2014-09-16,Second Class,PT-19090,77070,5.18,-8.03,OFF-BI-10004040,Houston
7697,CA-2017-107958,2017-07-05,First Class,AH-10120,77036,5.23,-8.11,OFF-BI-10001787,Houston
3365,CA-2016-130050,2016-07-18,Second Class,MC-17425,77036,9.55,-3.82,FUR-FU-10001940,Houston
9125,CA-2016-128916,2016-08-20,Second Class,MA-17560,77070,9.55,-3.82,FUR-FU-10001940,Houston
5953,US-2017-141698,2017-04-21,Standard Class,SD-20485,77041,20.74,7.26,OFF-PA-10001826,Houston
7568,CA-2017-140802,2017-04-23,First Class,KN-16390,77070,20.74,7.26,OFF-PA-10001534,Houston
3328,CA-2014-165309,2014-11-15,Standard Class,KD-16270,77095,21.72,7.87,OFF-PA-10003724,Houston
5446,CA-2016-128307,2016-07-29,Standard Class,BE-11335,77041,20.94,7.07,OFF-EN-10003040,Houston
4503,CA-2014-116757,2014-07-04,Standard Class,MS-17980,77095,21.31,7.19,OFF-FA-10002815,Houston
8127,CA-2015-137064,2015-02-13,Standard Class,TS-21655,77070,18.53,4.40,TEC-AC-10003499,Houston
4192,CA-2015-129392,2015-07-08,Same Day,DM-13015,77070,21.12,6.60,OFF-PA-10004248,Houston
2084,CA-2014-110352,2014-11-29,Standard Class,ED-13885,77036,23.68,8.88,OFF-LA-10003923,Houston
8962,CA-2017-150266,2017-11-30,Standard Class,RO-19780,77070,18.69,3.74,OFF-AR-10001761,Houston
77,US-2017-118038,2017-12-11,First Class,KB-16600,77041,9.71,-5.82,FUR-FU-10000260,Houston
6083,US-2016-132577,2016-11-27,Standard Class,JE-15475,77095,6.22,-9.63,OFF-BI-10004040,Houston
9543,CA-2015-135251,2015-08-10,Standard Class,RP-19270,77095,6.23,-9.66,OFF-BI-10001097,Houston
7452,CA-2017-105669,2017-09-22,Second Class,SJ-20125,77036,5.80,-10.15,OFF-BI-10002412,Houston
6194,CA-2017-104927,2017-12-26,Standard Class,AG-10330,77095,6.33,-9.81,OFF-BI-10003429,Houston
5492,CA-2017-164098,2017-01-27,First Class,CG-12520,77070,18.16,1.82,OFF-ST-10000615,Houston
1676,CA-2015-143077,2015-09-21,Standard Class,SF-20965,77041,6.59,-10.21,OFF-BI-10000088,Houston
4502,CA-2014-116757,2014-07-04,Standard Class,MS-17980,77095,25.92,9.07,OFF-PA-10002005,Houston
5382,CA-2016-149195,2016-09-07,Second Class,DM-13525,77070,25.92,9.07,OFF-PA-10001870,Houston
6193,CA-2017-104927,2017-12-26,Standard Class,AG-10330,77095,25.92,9.07,OFF-PA-10000019,Houston
9322,US-2016-111563,2016-11-08,Standard Class,SM-20005,77041,11.38,-5.69,FUR-FU-10002445,Houston
7833,CA-2016-112382,2016-05-13,Standard Class,MB-18085,77036,19.14,1.91,TEC-PH-10001552,Houston
2307,CA-2015-160794,2015-08-08,First Class,MS-17980,77041,27.22,9.87,OFF-PA-10004156,Houston
6207,CA-2016-133697,2016-10-24,Second Class,CM-12445,77095,25.25,7.89,OFF-FA-10003112,Houston
8827,US-2014-157847,2014-04-06,Second Class,SC-20020,77095,26.72,9.35,OFF-PA-10002986,Houston
5265,CA-2014-105165,2014-09-10,First Class,SZ-20035,77036,21.86,3.55,OFF-AR-10003179,Houston
9102,CA-2015-163181,2015-11-12,Standard Class,AB-10105,77041,23.64,5.32,OFF-AR-10001683,Houston
9414,CA-2016-132017,2016-09-27,First Class,MH-17620,77041,6.82,-11.59,OFF-BI-10004001,Houston
2527,CA-2015-124541,2015-04-10,Standard Class,TT-21220,77041,6.90,-12.07,OFF-BI-10004965,Houston
8398,US-2014-120236,2014-09-04,First Class,MR-17545,77095,7.68,-11.52,OFF-BI-10004099,Houston
35,CA-2017-107727,2017-10-23,Second Class,MA-17560,77095,29.47,9.95,OFF-PA-10000249,Houston
5552,US-2014-159618,2014-11-16,Standard Class,DB-12970,77036,16.66,-3.12,OFF-SU-10000432,Houston
3195,CA-2014-165428,2014-09-04,First Class,JL-15130,77036,31.10,10.89,OFF-PA-10004100,Houston
439,CA-2017-130043,2017-09-19,Standard Class,BB-11545,77070,31.87,11.55,OFF-PA-10002230,Houston
6084,US-2016-132577,2016-11-27,Standard Class,JE-15475,77095,23.62,2.66,OFF-AR-10003481,Houston
2526,CA-2015-124541,2015-04-10,Standard Class,TT-21220,77041,25.49,4.46,TEC-AC-10002550,Houston
380,CA-2015-130792,2015-05-05,Standard Class,RA-19915,77095,23.83,2.68,OFF-ST-10003327,Houston
9486,CA-2016-164770,2016-12-04,Second Class,MY-18295,77036,30.82,9.63,OFF-PA-10003893,Houston
8679,CA-2016-112739,2016-09-07,Second Class,RD-19810,77070,8.61,-13.34,OFF-BI-10001132,Houston
9542,CA-2015-135251,2015-08-10,Standard Class,RP-19270,77095,35.52,13.32,OFF-LA-10004544,Houston
4046,CA-2015-136378,2015-04-07,Standard Class,CS-11845,77070,9.16,-13.73,OFF-BI-10003707,Houston
8828,US-2014-157847,2014-04-06,Second Class,SC-20020,77095,33.49,10.47,OFF-PA-10001593,Houston
7848,CA-2016-128706,2016-03-02,Standard Class,DW-13540,77070,16.19,-6.88,FUR-FU-10004053,Houston
2174,CA-2016-112025,2016-08-04,Standard Class,LS-16975,77070,9.26,-13.90,OFF-BI-10002353,Houston
2825,US-2014-112914,2014-09-30,Standard Class,MT-18070,77041,33.79,10.56,OFF-PA-10003270,Houston
6975,CA-2017-146185,2017-09-19,Standard Class,CC-12145,77095,31.74,8.33,OFF-AR-10002987,Houston
5419,CA-2015-110877,2015-10-26,First Class,JE-15715,77041,36.29,12.70,OFF-PA-10004621,Houston
5554,US-2014-159618,2014-11-16,Standard Class,DB-12970,77036,36.29,12.70,OFF-PA-10004100,Houston
4616,CA-2016-144540,2016-09-10,Standard Class,GH-14410,77070,28.44,4.27,OFF-FA-10002763,Houston
78,US-2017-118038,2017-12-11,First Class,KB-16600,77041,27.24,2.72,OFF-ST-10000615,Houston
6085,US-2016-132577,2016-11-27,Standard Class,JE-15475,77095,24.03,-0.60,TEC-AC-10000387,Houston
9675,US-2014-164644,2014-07-24,Second Class,JL-15850,77095,26.63,1.33,OFF-ST-10003123,Houston
2528,CA-2015-124541,2015-04-10,Standard Class,TT-21220,77041,9.65,-16.88,OFF-BI-10004209,Houston
6495,CA-2017-111262,2017-10-31,Second Class,KH-16510,77095,24.00,-2.70,TEC-AC-10002167,Houston
1110,US-2016-110156,2016-11-24,Standard Class,EH-13945,77041,40.97,13.83,OFF-EN-10003798,Houston
4569,CA-2015-111990,2015-11-13,Standard Class,DB-13660,77095,10.48,-17.29,OFF-BI-10003291,Houston
7537,CA-2017-103415,2017-12-08,Standard Class,MV-17485,77041,13.59,-14.27,FUR-FU-10000820,Houston
1108,US-2016-110156,2016-11-24,Standard Class,EH-13945,77041,10.78,-17.25,OFF-BI-10003676,Houston
4704,CA-2016-166240,2016-06-28,Standard Class,DH-13075,77095,8.71,-19.60,OFF-AP-10002082,Houston
379,CA-2015-130792,2015-05-05,Standard Class,RA-19915,77095,8.65,-20.33,OFF-AP-10000696,Houston
6497,CA-2017-111262,2017-10-31,Second Class,KH-16510,77095,26.18,-3.27,TEC-AC-10004510,Houston
5329,CA-2015-120320,2015-03-09,Standard Class,MV-18190,77036,31.92,2.39,TEC-PH-10000149,Houston
7177,US-2017-141677,2017-03-30,Standard Class,HK-14890,77070,32.23,2.42,OFF-ST-10000344,Houston
6809,CA-2015-128125,2015-04-05,Standard Class,EB-13705,77095,22.38,-7.83,FUR-FU-10001085,Houston
8559,CA-2016-132829,2016-12-26,Second Class,LA-16780,77041,45.36,14.74,OFF-LA-10002945,Houston
381,CA-2015-130792,2015-05-05,Standard Class,RA-19915,77095,12.18,-18.87,OFF-BI-10000309,Houston
6410,CA-2017-161774,2017-05-15,First Class,GT-14710,77041,47.95,16.18,OFF-PA-10000300,Houston
8033,CA-2015-119690,2015-06-28,First Class,MV-17485,77041,47.95,16.18,OFF-PA-10001019,Houston
8460,CA-2014-126200,2014-08-29,Standard Class,JE-15715,77070,12.38,-19.81,OFF-BI-10002225,Houston
1675,CA-2015-143077,2015-09-21,Standard Class,SF-20965,77041,21.94,-10.42,FUR-FU-10003535,Houston
399,CA-2016-108987,2016-09-10,Second Class,AG-10675,77036,35.95,3.60,OFF-ST-10001580,Houston
4268,US-2016-131611,2016-11-09,Standard Class,EP-13915,77036,12.59,-20.14,OFF-BI-10001989,Houston
7550,CA-2016-136595,2016-09-07,First Class,EM-13825,77036,21.20,-11.66,FUR-FU-10004671,Houston
9790,CA-2017-144491,2017-03-31,Standard Class,CJ-12010,77070,39.99,7.00,TEC-AC-10004901,Houston
3723,CA-2017-144036,2017-11-26,Standard Class,FO-14305,77070,35.71,2.23,OFF-AR-10000122,Houston
79,US-2014-147606,2014-11-30,Second Class,JE-15745,77070,19.30,-14.48,FUR-FU-10003194,Houston
1551,US-2017-124926,2017-11-18,Second Class,ME-17320,77095,9.32,-24.71,OFF-AP-10004868,Houston
7296,CA-2014-111899,2014-05-05,First Class,NC-18340,77036,37.84,2.84,OFF-AR-10001725,Houston
9792,CA-2014-127166,2014-05-23,Second Class,KH-16360,77070,56.06,21.02,OFF-EN-10003134,Houston
6206,CA-2016-133697,2016-10-24,Second Class,CM-12445,77095,51.02,15.94,OFF-PA-10000726,Houston
522,CA-2015-157812,2015-03-26,Standard Class,DB-13210,77041,14.11,-21.17,OFF-BI-10000285,Houston
3379,CA-2017-142867,2017-03-21,Standard Class,PO-19180,77095,13.78,-22.04,OFF-BI-10003166,Houston
1109,US-2016-110156,2016-11-24,Standard Class,EH-13945,77041,58.37,21.89,OFF-FA-10003495,Houston
6797,CA-2015-168809,2015-08-25,Same Day,MC-18100,77041,20.10,-16.59,FUR-FU-10001473,Houston
2525,CA-2015-124541,2015-04-10,Standard Class,TT-21220,77041,42.05,5.26,OFF-AR-10004078,Houston
4783,CA-2014-159310,2014-11-12,Standard Class,SC-20725,77070,40.71,3.56,OFF-SU-10004115,Houston
8998,CA-2017-122763,2017-03-20,Same Day,HG-14845,77041,56.70,19.14,OFF-PA-10000474,Houston
9544,CA-2015-135251,2015-08-10,Standard Class,RP-19270,77095,56.70,19.14,OFF-PA-10003302,Houston
8662,CA-2015-131856,2015-05-17,Standard Class,JG-15160,77041,21.97,-15.93,FUR-FU-10000175,Houston
2720,CA-2014-110030,2014-12-08,Second Class,LF-17185,77095,23.98,-14.39,FUR-FU-10002759,Houston
7188,CA-2017-133102,2017-08-24,Standard Class,ED-13885,77095,16.78,-22.24,FUR-FU-10003247,Houston
5077,CA-2014-134572,2014-04-22,Second Class,SV-20365,77070,44.84,5.61,OFF-ST-10004634,Houston
1759,CA-2014-139017,2014-05-17,Standard Class,RM-19375,77095,46.86,7.62,TEC-AC-10001013,Houston
7567,CA-2017-140802,2017-04-23,First Class,KN-16390,77070,47.98,8.40,TEC-AC-10001998,Houston
3234,US-2017-156356,2017-04-22,Standard Class,ND-18370,77095,32.54,-7.73,OFF-ST-10002301,Houston
6409,CA-2017-161774,2017-05-15,First Class,GT-14710,77041,46.20,5.78,OFF-AR-10001446,Houston
8322,US-2016-149790,2016-09-30,Standard Class,SC-20380,77095,15.62,-25.00,OFF-BI-10002026,Houston
4488,CA-2015-162621,2015-09-11,Standard Class,CA-12055,77036,16.27,-25.22,OFF-BI-10000962,Houston
2013,CA-2015-155761,2015-12-11,Same Day,SC-20800,77041,46.34,4.63,OFF-ST-10000943,Houston
9962,CA-2015-168088,2015-03-22,First Class,CM-12655,77041,65.58,23.77,OFF-PA-10000675,Houston
3088,CA-2017-118773,2017-02-14,Standard Class,TP-21415,77070,12.99,-32.48,OFF-AP-10000055,Houston
1111,US-2016-110156,2016-11-24,Standard Class,EH-13945,77041,71.96,25.19,TEC-PH-10003589,Houston
3187,CA-2014-123498,2014-11-09,First Class,TC-20980,77041,74.35,26.95,OFF-EN-10004773,Houston
8781,CA-2015-133585,2015-03-04,First Class,CM-12715,77070,55.33,6.22,OFF-AR-10003696,Houston
9795,CA-2014-127166,2014-05-23,Second Class,KH-16360,77070,18.24,-31.01,OFF-BI-10000977,Houston
6195,CA-2017-104927,2017-12-26,Standard Class,AG-10330,77095,75.88,26.56,OFF-PA-10000176,Houston
5264,CA-2014-105165,2014-09-10,First Class,SZ-20035,77036,46.69,-2.92,TEC-AC-10002718,Houston
7905,CA-2015-126669,2015-11-13,Standard Class,DO-13645,77036,76.64,26.82,OFF-PA-10001357,Houston
6412,CA-2017-161774,2017-05-15,First Class,GT-14710,77041,76.86,26.90,OFF-PA-10003134,Houston
2434,US-2017-112613,2017-05-31,Standard Class,JH-15910,77070,54.37,4.08,TEC-PH-10001536,Houston
7175,US-2017-141677,2017-03-30,Standard Class,HK-14890,77070,74.35,23.23,OFF-PA-10002581,Houston
5604,CA-2016-117919,2016-08-29,Second Class,TB-21355,77041,79.92,27.97,OFF-PA-10004353,Houston
9420,CA-2017-152926,2017-10-04,Second Class,SC-20695,77041,15.22,-38.82,OFF-AP-10004708,Houston
1794,CA-2014-104773,2014-12-13,Standard Class,TB-21175,77041,60.42,6.04,OFF-ST-10000777,Houston
8875,CA-2017-142489,2017-11-16,Second Class,TC-21295,77095,21.99,-32.98,OFF-BI-10003684,Houston
3789,CA-2016-169971,2016-09-09,Standard Class,IL-15100,77041,62.38,7.02,OFF-AR-10001044,Houston
2175,CA-2015-132507,2015-08-03,Second Class,CC-12610,77041,61.79,6.18,OFF-ST-10000943,Houston
402,CA-2016-108987,2016-09-10,Second Class,AG-10675,77036,57.58,0.72,TEC-AC-10000158,Houston
5296,CA-2017-142174,2017-03-09,Standard Class,DP-13000,77041,89.57,32.47,OFF-PA-10000806,Houston
5553,US-2014-159618,2014-11-16,Standard Class,DB-12970,77036,79.51,20.87,TEC-AC-10003832,Houston
7427,CA-2016-101693,2016-06-27,Second Class,LC-17140,77070,32.71,-26.17,FUR-FU-10003919,Houston
4874,CA-2017-164042,2017-05-27,Standard Class,KL-16645,77095,48.82,-11.59,OFF-ST-10002301,Houston
8722,CA-2016-120824,2016-06-16,Second Class,AW-10930,77070,67.54,6.75,OFF-ST-10002562,Houston
3327,CA-2014-165309,2014-11-15,Standard Class,KD-16270,77095,67.56,6.76,OFF-AR-10003582,Houston
9128,CA-2017-112473,2017-05-31,Standard Class,JL-15505,77070,50.14,-11.28,OFF-ST-10002182,Houston
6808,CA-2015-128125,2015-04-05,Standard Class,EB-13705,77095,98.38,35.66,OFF-PA-10000357,Houston
5768,CA-2017-126396,2017-09-12,Second Class,AR-10345,77070,85.20,20.23,TEC-AC-10003116,Houston
4873,CA-2017-164042,2017-05-27,Standard Class,KL-16645,77095,18.32,-46.72,OFF-AP-10001947,Houston
8459,CA-2014-126200,2014-08-29,Standard Class,JE-15715,77070,25.68,-39.80,OFF-BI-10002133,Houston
9973,CA-2016-130225,2016-09-17,Standard Class,RC-19960,77041,99.57,33.60,OFF-EN-10000056,Houston
6473,CA-2014-151897,2014-06-10,Standard Class,VT-21700,77070,100.24,33.83,OFF-LA-10001074,Houston
9039,CA-2017-157420,2017-11-21,Same Day,HZ-14950,77095,55.18,-12.41,TEC-PH-10003555,Houston
3186,CA-2014-123498,2014-11-09,First Class,TC-20980,77041,26.05,-44.28,OFF-BI-10000632,Houston
3232,US-2017-156356,2017-04-22,Standard Class,ND-18370,77095,26.05,-44.28,OFF-BI-10000632,Houston
6208,CA-2016-133697,2016-10-24,Second Class,CM-12445,77095,56.69,-14.58,FUR-CH-10002372,Houston
9718,CA-2016-108210,2016-05-31,Same Day,AT-10735,77041,79.96,8.00,TEC-PH-10002293,Houston
6168,CA-2015-142433,2015-04-25,Standard Class,ES-14020,77036,117.46,44.05,OFF-PA-10002377,Houston
7187,CA-2017-133102,2017-08-24,Standard Class,ED-13885,77095,74.59,-2.13,FUR-CH-10002017,Houston
3240,US-2016-127971,2016-11-27,Standard Class,DW-13195,77095,122.92,46.09,TEC-PH-10003095,Houston
38,CA-2015-117415,2015-12-31,Standard Class,SN-20710,77041,113.33,35.41,OFF-EN-10002986,Houston
9421,CA-2017-152926,2017-10-04,Second Class,SC-20695,77041,21.98,-56.06,OFF-AP-10001947,Houston
8378,CA-2015-162964,2015-11-18,Standard Class,MF-18250,77095,64.78,-14.58,OFF-ST-10002344,Houston
9012,CA-2015-137071,2015-12-21,First Class,ED-13885,77036,100.80,21.42,TEC-AC-10004353,Houston
1278,CA-2016-148698,2016-05-07,Standard Class,BD-11770,77070,86.35,5.40,OFF-AR-10004022,Houston
5555,US-2014-159618,2014-11-16,Standard Class,DB-12970,77036,67.99,-13.00,FUR-BO-10004467,Houston
4289,US-2015-117184,2015-05-21,Standard Class,ON-18715,77095,33.28,-49.92,OFF-BI-10002082,Houston
9105,CA-2015-163181,2015-11-12,Standard Class,AB-10105,77041,32.06,-51.30,OFF-BI-10000474,Houston
4489,CA-2015-162621,2015-09-11,Standard Class,CA-12055,77036,69.12,-14.69,OFF-SU-10003567,Houston
2557,US-2016-126844,2016-10-14,Standard Class,BW-11110,77070,51.71,-32.32,FUR-FU-10004909,Houston
8664,CA-2015-131856,2015-05-17,Standard Class,JG-15160,77041,127.90,41.57,OFF-PA-10001954,Houston
1858,US-2017-158218,2017-05-15,Second Class,AC-10420,77041,34.24,-53.07,OFF-BI-10002133,Houston
7426,CA-2016-101693,2016-06-27,Second Class,LC-17140,77070,85.25,-6.09,FUR-CH-10001146,Houston
8035,CA-2015-119690,2015-06-28,First Class,MV-17485,77041,75.38,-20.73,FUR-FU-10004587,Houston
4103,US-2017-102288,2017-06-23,Standard Class,ZC-21910,77095,146.18,47.51,OFF-PA-10000740,Houston
6571,CA-2014-100678,2014-04-22,Standard Class,KM-16720,77095,149.35,50.41,OFF-EN-10000056,Houston
1199,CA-2016-130946,2016-04-12,Standard Class,ZC-21910,77041,95.98,-4.11,FUR-CH-10004540,Houston
3766,CA-2016-163153,2016-03-25,Standard Class,DM-12955,77036,99.37,-1.42,FUR-TA-10004767,Houston
9103,CA-2015-163181,2015-11-12,Standard Class,AB-10105,77041,84.78,-16.96,OFF-ST-10001713,Houston
8705,CA-2016-111318,2016-07-26,First Class,IL-15100,77041,115.14,11.51,TEC-PH-10004100,Houston
7696,CA-2017-107958,2017-07-05,First Class,AH-10120,77036,163.96,59.44,OFF-PA-10000357,Houston
8106,CA-2017-159149,2017-02-19,First Class,CR-12820,77041,89.07,-17.03,FUR-BO-10001601,Houston
3768,CA-2015-103205,2015-12-10,Second Class,JJ-15760,77036,119.96,12.00,TEC-PH-10004896,Houston
1758,US-2015-107349,2015-07-15,First Class,SL-20155,77095,41.57,-66.51,OFF-BI-10001765,Houston
3086,CA-2017-118773,2017-02-14,Standard Class,TP-21415,77070,127.98,16.00,TEC-AC-10002402,Houston
8561,CA-2016-132829,2016-12-26,Second Class,LA-16780,77041,131.88,14.84,TEC-PH-10004912,Houston
1106,US-2016-110156,2016-11-24,Standard Class,EH-13945,77041,100.70,-16.36,OFF-ST-10000642,Houston
3404,CA-2017-168739,2017-06-05,Standard Class,HZ-14950,77095,65.42,-52.34,FUR-FU-10003919,Houston
2508,CA-2015-120397,2015-07-02,Same Day,RB-19435,77070,32.78,-85.24,OFF-AP-10001293,Houston
1418,CA-2015-126697,2015-09-24,First Class,SV-20815,77041,151.20,32.13,TEC-AC-10004353,Houston
6050,CA-2016-152765,2016-06-18,First Class,LS-17245,77036,173.49,54.22,OFF-PA-10000483,Houston
5292,CA-2014-146283,2014-09-15,Standard Class,KT-16465,77036,182.11,61.46,OFF-PA-10000482,Houston
8107,CA-2017-159149,2017-02-19,First Class,CR-12820,77041,175.44,52.63,OFF-AR-10000937,Houston
2012,CA-2015-155761,2015-12-11,Same Day,SC-20800,77041,159.98,36.00,TEC-AC-10001606,Houston
8680,CA-2016-112739,2016-09-07,Second Class,RD-19810,77070,159.56,33.91,TEC-AC-10001714,Houston
4269,US-2016-131611,2016-11-09,Standard Class,EP-13915,77036,171.96,45.14,TEC-AC-10004001,Houston
4617,CA-2015-159863,2015-09-07,Second Class,DS-13180,77095,134.38,6.72,TEC-AC-10000109,Houston
8310,CA-2014-168312,2014-03-07,Standard Class,GW-14605,77036,137.35,8.58,OFF-ST-10003692,Houston
3330,CA-2014-165309,2014-11-15,Standard Class,KD-16270,77095,148.48,16.70,TEC-PH-10003505,Houston
5420,CA-2015-110877,2015-10-26,First Class,JE-15715,77041,150.38,15.04,TEC-PH-10002103,Houston
1061,US-2015-125374,2015-03-29,Standard Class,JD-16060,77095,107.77,-29.25,FUR-CH-10003396,Houston
9793,CA-2014-127166,2014-05-23,Second Class,KH-16360,77070,107.77,-29.25,FUR-CH-10003396,Houston
5366,CA-2016-107790,2016-11-24,Standard Class,EH-13990,77041,151.19,13.23,TEC-PH-10004539,Houston
7189,CA-2017-133102,2017-08-24,Standard Class,ED-13885,77095,38.86,-99.10,OFF-AP-10001563,Houston
7173,US-2017-141677,2017-03-30,Standard Class,HK-14890,77070,143.96,1.80,TEC-AC-10000158,Houston
6081,CA-2017-154676,2017-08-08,First Class,NZ-18565,77070,151.06,7.55,OFF-ST-10001172,Houston
1857,US-2017-158218,2017-05-15,Second Class,AC-10420,77041,127.92,-15.99,OFF-ST-10000563,Houston
89,CA-2016-159695,2016-04-10,Second Class,GM-14455,77095,158.37,13.86,OFF-ST-10003442,Houston
4115,CA-2015-116687,2015-05-07,Standard Class,NC-18625,77095,158.38,13.86,TEC-PH-10001750,Houston
9104,CA-2015-163181,2015-11-12,Standard Class,AB-10105,77041,64.96,-84.45,FUR-FU-10000193,Houston
9323,US-2016-111563,2016-11-08,Standard Class,SM-20005,77041,66.11,-84.29,FUR-FU-10000723,Houston
8513,CA-2016-144645,2016-02-08,Standard Class,NS-18640,77041,73.78,-77.47,FUR-FU-10003601,Houston
8380,CA-2015-162964,2015-11-18,Standard Class,MF-18250,77095,223.89,69.97,OFF-EN-10003055,Houston
521,CA-2015-157812,2015-03-26,Standard Class,DB-13210,77041,129.57,-25.91,OFF-ST-10000736,Houston
401,CA-2016-108987,2016-09-10,Second Class,AG-10675,77036,131.14,-32.78,OFF-ST-10000934,Houston
3329,CA-2014-165309,2014-11-15,Standard Class,KD-16270,77095,262.34,95.10,OFF-PA-10001033,Houston
8999,CA-2017-122763,2017-03-20,Same Day,HG-14845,77041,274.06,102.77,OFF-PA-10002377,Houston
6447,US-2017-119816,2017-03-06,Second Class,TT-21460,77095,103.50,-77.63,FUR-FU-10004848,Houston
1912,CA-2017-121503,2017-07-06,Second Class,FH-14275,77041,273.90,92.44,OFF-PA-10001878,Houston
5261,CA-2014-105165,2014-09-10,First Class,SZ-20035,77036,196.78,14.76,TEC-PH-10000675,Houston
7266,US-2014-143721,2014-11-26,Second Class,DK-12835,77095,155.37,-35.51,FUR-CH-10001973,Houston
1180,CA-2016-168081,2016-04-27,Second Class,CA-12055,77070,258.70,64.67,TEC-AC-10003174,Houston
8455,CA-2016-125087,2016-04-23,Standard Class,TH-21115,77070,127.88,-67.14,FUR-FU-10004748,Houston
6572,CA-2014-100678,2014-04-22,Standard Class,KM-16720,77095,227.98,28.50,TEC-AC-10000474,Houston
9106,CA-2015-163181,2015-11-12,Standard Class,AB-10105,77041,177.65,-28.87,OFF-ST-10000129,Houston
9719,CA-2016-108210,2016-05-31,Same Day,AT-10735,77041,223.96,11.20,TEC-AC-10000109,Houston
9391,CA-2015-163734,2015-06-24,Standard Class,KM-16375,77070,228.92,14.31,OFF-ST-10003692,Houston
5263,CA-2014-105165,2014-09-10,First Class,SZ-20035,77036,200.79,-22.95,FUR-TA-10004154,Houston
8717,CA-2016-120824,2016-06-16,Second Class,AW-10930,77070,64.38,-160.96,OFF-AP-10001242,Houston
3331,CA-2014-165309,2014-11-15,Standard Class,KD-16270,77095,241.18,15.07,TEC-PH-10004959,Houston
40,CA-2015-117415,2015-12-31,Standard Class,SN-20710,77041,212.06,-15.15,FUR-CH-10004218,Houston
4615,CA-2016-144540,2016-09-10,Standard Class,GH-14410,77070,62.79,-166.39,OFF-AP-10002457,Houston
3894,US-2016-144547,2016-11-14,Standard Class,MS-17770,77036,279.94,48.99,TEC-AC-10004901,Houston
5309,CA-2017-131254,2017-11-21,First Class,NC-18415,77095,191.06,-46.40,FUR-CH-10003774,Houston
8383,CA-2016-163048,2016-02-15,Standard Class,MH-17440,77036,241.50,0.00,FUR-CH-10001270,Houston
8960,CA-2017-150266,2017-11-30,Standard Class,RO-19780,77070,67.84,-179.78,OFF-AP-10002867,Houston
8560,CA-2016-132829,2016-12-26,Second Class,LA-16780,77041,287.88,35.98,TEC-PH-10004345,Houston
9107,CA-2015-163181,2015-11-12,Standard Class,AB-10105,77041,287.91,33.59,TEC-MA-10001016,Houston
8959,CA-2017-150266,2017-11-30,Standard Class,RO-19780,77070,299.96,37.49,TEC-PH-10003437,Houston
1356,US-2014-160444,2014-07-05,Same Day,DC-12850,77036,220.78,-44.16,OFF-ST-10001522,Houston
9791,CA-2017-144491,2017-03-31,Standard Class,CJ-12010,77070,211.25,-66.39,FUR-CH-10001714,Houston
7176,US-2017-141677,2017-03-30,Standard Class,HK-14890,77070,87.17,-226.64,OFF-AP-10001205,Houston
1357,US-2014-160444,2014-07-05,Same Day,DC-12850,77036,281.42,-35.18,OFF-ST-10000563,Houston
41,CA-2015-117415,2015-12-31,Standard Class,SN-20710,77041,371.17,41.76,TEC-PH-10000486,Houston
6570,CA-2014-100678,2014-04-22,Standard Class,KM-16720,77095,317.06,-18.12,FUR-CH-10002602,Houston
2494,CA-2016-146206,2016-09-14,Second Class,KT-16480,77095,300.93,-34.39,FUR-TA-10004086,Houston
177,US-2017-152366,2017-04-25,Second Class,SJ-20500,77036,97.26,-243.16,OFF-AP-10002684,Houston
9087,CA-2016-143406,2016-09-30,Standard Class,LR-17035,77041,93.03,-251.19,OFF-AP-10001564,Houston
5690,CA-2015-119550,2015-12-31,Standard Class,RB-19705,77070,275.06,-90.38,FUR-CH-10002044,Houston
1198,CA-2016-130946,2016-04-12,Standard Class,ZC-21910,77041,431.93,64.79,TEC-AC-10001990,Houston
1306,CA-2016-101966,2016-07-16,Second Class,BM-11785,77036,419.94,52.49,TEC-PH-10003437,Houston
3239,US-2016-127971,2016-11-27,Standard Class,DW-13195,77095,318.43,-77.33,FUR-CH-10003774,Houston
7451,CA-2017-105669,2017-09-22,Second Class,SJ-20125,77036,318.43,-77.33,FUR-CH-10003774,Houston
2826,US-2014-112914,2014-09-30,Standard Class,MT-18070,77041,300.53,-97.23,FUR-BO-10003272,Houston
2517,CA-2014-128888,2014-11-22,Standard Class,PB-19105,77095,604.66,204.07,OFF-EN-10003001,Houston
8558,CA-2016-132829,2016-12-26,Second Class,LA-16780,77041,453.58,39.69,TEC-PH-10004539,Houston
2899,US-2015-114839,2015-04-30,Standard Class,PW-19240,77036,408.42,-5.83,FUR-CH-10004086,Houston
5374,CA-2015-118738,2015-10-30,Standard Class,AG-10495,77041,347.36,-69.47,FUR-TA-10002607,Houston
8311,CA-2014-168312,2014-03-07,Standard Class,GW-14605,77036,376.51,-43.03,FUR-TA-10001866,Houston
8453,CA-2016-125087,2016-04-23,Standard Class,TH-21115,77070,344.37,-93.47,FUR-CH-10002880,Houston
9963,CA-2015-168088,2015-03-22,First Class,CM-12655,77041,383.47,-67.67,FUR-BO-10004218,Houston
9545,CA-2015-135251,2015-08-10,Standard Class,RP-19270,77095,369.20,-114.02,FUR-BO-10003965,Houston
8792,CA-2017-162075,2017-03-24,Standard Class,TT-21220,77041,537.54,47.04,TEC-PH-10001557,Houston
8721,CA-2016-120824,2016-06-16,Second Class,AW-10930,77070,379.37,-119.23,FUR-CH-10000229,Houston
8108,CA-2017-159149,2017-02-19,First Class,CR-12820,77041,438.34,-87.67,TEC-PH-10000038,Houston
5078,CA-2014-134572,2014-04-22,Second Class,SV-20365,77070,401.59,-131.95,FUR-TA-10004442,Houston
1913,CA-2017-121503,2017-07-06,Second Class,FH-14275,77041,597.13,49.76,TEC-MA-10003674,Houston
8663,CA-2015-131856,2015-05-17,Standard Class,JG-15160,77041,619.15,69.65,TEC-PH-10001336,Houston
7494,US-2017-160836,2017-09-16,Standard Class,CC-12475,77070,512.19,-65.85,FUR-TA-10002855,Houston
39,CA-2015-117415,2015-12-31,Standard Class,SN-20710,77041,532.40,-46.98,FUR-BO-10002545,Houston
9088,CA-2016-143406,2016-09-30,Standard Class,LR-17035,77041,454.96,-136.49,FUR-CH-10000513,Houston
125,US-2014-152030,2014-12-28,Second Class,AD-10180,77041,600.56,-8.58,FUR-CH-10004063,Houston
9789,CA-2017-144491,2017-03-31,Standard Class,CJ-12010,77070,600.56,-8.58,FUR-CH-10004063,Houston
9692,CA-2015-130183,2015-11-17,Standard Class,PO-18850,77041,614.00,-18.06,FUR-BO-10001811,Houston
7349,CA-2014-130421,2014-03-07,Standard Class,SC-20020,77095,176.77,-459.61,OFF-AP-10002534,Houston
2495,CA-2016-146206,2016-09-14,Second Class,KT-16480,77095,719.96,54.00,TEC-PH-10000895,Houston
3085,CA-2017-118773,2017-02-14,Standard Class,TP-21415,77070,252.78,-417.09,OFF-BI-10004584,Houston
7289,CA-2014-158281,2014-09-07,Standard Class,AG-10525,77095,559.71,-121.27,TEC-MA-10002210,Houston
4781,CA-2014-159310,2014-11-12,Standard Class,SC-20725,77070,683.14,0.00,FUR-CH-10002758,Houston
4905,US-2014-161613,2014-12-03,Second Class,MC-17605,77070,674.06,-19.26,FUR-CH-10003746,Houston
282,US-2015-161991,2015-09-28,Second Class,SC-20725,77070,1114.40,376.11,TEC-PH-10001760,Houston
8128,CA-2015-137064,2015-02-13,Standard Class,TS-21655,77070,670.75,-125.77,OFF-ST-10003470,Houston
1417,CA-2015-126697,2015-09-24,First Class,SV-20815,77041,946.34,118.29,TEC-PH-10002922,Houston
5727,CA-2015-110548,2015-05-08,Standard Class,AH-10690,77095,946.34,118.29,TEC-PH-10002922,Houston
5076,CA-2014-134572,2014-04-22,Second Class,SV-20365,77070,744.10,-95.67,FUR-TA-10001705,Houston
7150,CA-2015-166583,2015-06-30,Standard Class,VD-21670,77070,971.88,109.34,TEC-PH-10001578,Houston
8961,CA-2017-150266,2017-11-30,Standard Class,RO-19780,77070,853.93,-24.40,FUR-CH-10002126,Houston
6408,CA-2017-161774,2017-05-15,First Class,GT-14710,77041,899.43,-12.85,FUR-CH-10003981,Houston
9485,CA-2016-164770,2016-12-04,Second Class,MY-18295,77036,781.86,-137.98,FUR-BO-10003893,Houston
5291,CA-2014-146283,2014-09-15,Standard Class,KT-16465,77036,966.70,-13.81,FUR-CH-10004287,Houston
4265,US-2016-131611,2016-11-09,Standard Class,EP-13915,77036,863.13,-160.30,FUR-TA-10002774,Houston
9788,CA-2017-144491,2017-03-31,Standard Class,CJ-12010,77070,1023.33,-30.10,FUR-BO-10001811,Houston
1996,US-2017-147221,2017-12-04,Second Class,JS-16030,77036,294.62,-766.01,OFF-AP-10002534,Houston
4267,US-2016-131611,2016-11-09,Standard Class,EP-13915,77036,956.66,-225.10,FUR-BO-10000780,Houston
8573,CA-2014-121629,2014-12-02,Standard Class,BT-11680,77041,998.85,-199.77,TEC-MA-10004679,Houston
8782,CA-2015-133585,2015-03-04,First Class,CM-12715,77070,1228.00,-36.12,FUR-BO-10001811,Houston
7453,CA-2017-105669,2017-09-22,Second Class,SJ-20125,77036,1415.76,88.48,TEC-PH-10002415,Houston
8454,CA-2016-125087,2016-04-23,Standard Class,TH-21115,77070,1554.94,77.75,OFF-ST-10001780,Houston
7174,US-2017-141677,2017-03-30,Standard Class,HK-14890,77070,2399.96,569.99,TEC-CO-10002313,Houston
3325,CA-2014-165309,2014-11-15,Standard Class,KD-16270,77095,896.99,-1480.03,OFF-BI-10001359,Houston
400,CA-2016-108987,2016-09-10,Second Class,AG-10675,77036,2396.27,-317.15,FUR-BO-10004834,Houston
264,US-2014-106992,2014-09-21,Second Class,SB-20290,77036,2519.96,-252.00,TEC-MA-10003353,Houston
1200,CA-2016-130946,2016-04-12,Standard Class,ZC-21910,77041,1088.79,-1850.95,OFF-BI-10004995,Houston
263,US-2014-106992,2014-09-21,Second Class,SB-20290,77036,3059.98,-510.00,TEC-MA-10000822,Houston
5311,CA-2017-131254,2017-11-21,First Class,NC-18415,77095,1525.19,-2287.78,OFF-BI-10003527,Houston
7549,CA-2014-103492,2014-10-15,Standard Class,CM-12715,77340,0.90,-1.57,OFF-BI-10004140,Huntsville
489,CA-2014-133753,2014-06-13,Second Class,CW-11905,77340,7.99,0.60,TEC-PH-10000376,Huntsville
8073,CA-2017-151750,2017-01-05,Standard Class,JM-15250,77340,12.74,2.23,OFF-AR-10003158,Huntsville
8074,CA-2017-151750,2017-01-05,Standard Class,JM-15250,77340,6.47,-9.71,OFF-BI-10000301,Huntsville
4713,CA-2014-108273,2014-12-21,Standard Class,EJ-13720,77340,36.29,12.70,OFF-PA-10000029,Huntsville
8778,CA-2016-102813,2016-07-03,First Class,EA-14035,77340,41.47,14.52,OFF-PA-10000520,Huntsville
7662,CA-2014-105417,2014-01-12,Standard Class,VS-21820,77340,10.43,-18.25,OFF-BI-10003708,Huntsville
7548,CA-2014-103492,2014-10-15,Standard Class,CM-12715,77340,11.98,-19.17,OFF-BI-10004817,Huntsville
8075,CA-2017-151750,2017-01-05,Standard Class,JM-15250,77340,13.75,-22.68,OFF-BI-10000343,Huntsville
490,CA-2014-133753,2014-06-13,Second Class,CW-11905,77340,63.98,10.40,TEC-AC-10000303,Huntsville
8076,CA-2017-151750,2017-01-05,Standard Class,JM-15250,77340,15.22,-38.82,OFF-AP-10004708,Huntsville
491,CA-2014-133753,2014-06-13,Second Class,CW-11905,77340,70.37,6.16,OFF-AR-10001953,Huntsville
7661,CA-2014-105417,2014-01-12,Standard Class,VS-21820,77340,76.73,-53.71,FUR-FU-10004864,Huntsville
4714,CA-2014-108273,2014-12-21,Standard Class,EJ-13720,77340,56.57,-74.95,FUR-FU-10002116,Huntsville
2843,CA-2017-135650,2017-03-27,Standard Class,AC-10660,77340,143.73,-32.34,OFF-ST-10001809,Huntsville
8931,US-2015-168704,2015-04-17,Standard Class,FP-14320,77340,239.98,18.00,TEC-PH-10001061,Huntsville
8930,US-2015-168704,2015-04-17,Standard Class,FP-14320,77340,211.37,-45.29,FUR-TA-10002530,Huntsville
8071,CA-2017-151750,2017-01-05,Standard Class,JM-15250,77340,141.42,-187.38,FUR-FU-10002116,Huntsville
8072,CA-2017-151750,2017-01-05,Standard Class,JM-15250,77340,310.74,-26.64,FUR-CH-10003199,Huntsville
8777,CA-2016-102813,2016-07-03,First Class,EA-14035,77340,528.43,0.00,FUR-CH-10000665,Huntsville
8070,CA-2017-151750,2017-01-05,Standard Class,JM-15250,77340,454.56,-107.96,OFF-ST-10002743,Huntsville
7546,CA-2014-103492,2014-10-15,Standard Class,CM-12715,77340,719.95,72.00,TEC-PH-10001128,Huntsville
7547,CA-2014-103492,2014-10-15,Standard Class,CM-12715,77340,755.94,66.15,TEC-PH-10004667,Huntsville
8929,US-2015-168704,2015-04-17,Standard Class,FP-14320,77340,609.98,-113.28,FUR-TA-10000688,Huntsville
2404,US-2016-110170,2016-10-03,Standard Class,HM-14860,77340,956.66,-225.10,FUR-BO-10000780,Huntsville
9429,CA-2014-152100,2014-05-16,Standard Class,VW-21775,77340,1212.96,-69.31,FUR-CH-10000015,Huntsville
7851,CA-2016-104311,2016-05-06,Standard Class,AS-10090,75061,5.04,1.76,OFF-LA-10000973,Irving
1459,CA-2016-123722,2016-09-30,Standard Class,NH-18610,75061,15.94,5.18,OFF-LA-10001569,Irving
7850,CA-2016-104311,2016-05-06,Standard Class,AS-10090,75061,12.67,-3.17,OFF-ST-10002957,Irving
7849,CA-2016-104311,2016-05-06,Standard Class,AS-10090,75061,18.94,-3.79,OFF-ST-10000321,Irving
6228,CA-2014-148782,2014-11-07,Standard Class,PO-18850,75061,88.78,7.77,TEC-PH-10002923,Irving
6666,CA-2016-115483,2016-07-18,Second Class,JS-15880,75061,219.84,79.69,OFF-PA-10001497,Irving
8877,US-2016-141264,2016-08-19,Standard Class,CT-11995,75061,58.92,-153.20,OFF-AP-10002534,Irving
8876,US-2016-141264,2016-08-19,Standard Class,CT-11995,75061,185.38,-34.76,OFF-SU-10003505,Irving
1885,CA-2017-154718,2017-01-23,Second Class,DL-12865,76248,6.00,2.10,OFF-LA-10003714,Keller
9835,CA-2016-126627,2016-10-12,First Class,WB-21850,77571,14.00,-6.30,FUR-FU-10004963,La Porte
9836,CA-2016-126627,2016-10-12,First Class,WB-21850,77571,16.39,-26.23,OFF-BI-10001597,La Porte
2165,CA-2016-154018,2016-10-19,Standard Class,HA-14920,78041,8.29,3.00,OFF-PA-10000551,Laredo
3308,CA-2014-104738,2014-12-31,Second Class,SP-20620,78041,2.29,-3.66,OFF-BI-10002160,Laredo
5699,CA-2016-143441,2016-11-05,Same Day,EB-14170,78041,11.84,4.44,OFF-LA-10002312,Laredo
593,CA-2014-135405,2014-01-13,Standard Class,MS-17830,78041,9.34,1.17,OFF-AR-10004078,Laredo
3305,CA-2014-104738,2014-12-31,Second Class,SP-20620,78041,12.98,4.71,OFF-EN-10004955,Laredo
2167,CA-2016-154018,2016-10-19,Standard Class,HA-14920,78041,15.87,1.19,OFF-AR-10002067,Laredo
2168,CA-2016-154018,2016-10-19,Standard Class,HA-14920,78041,6.29,-11.00,OFF-BI-10004140,Laredo
594,CA-2014-135405,2014-01-13,Standard Class,MS-17830,78041,31.20,9.75,TEC-AC-10001266,Laredo
3309,CA-2014-104738,2014-12-31,Second Class,SP-20620,78041,47.98,14.40,TEC-AC-10003628,Laredo
2164,CA-2016-154018,2016-10-19,Standard Class,HA-14920,78041,191.98,24.00,TEC-AC-10002402,Laredo
3306,CA-2014-104738,2014-12-31,Second Class,SP-20620,78041,217.58,19.04,TEC-PH-10002468,Laredo
2166,CA-2016-154018,2016-10-19,Standard Class,HA-14920,78041,139.92,-150.41,FUR-FU-10003394,Laredo
3307,CA-2014-104738,2014-12-31,Second Class,SP-20620,78041,328.78,28.77,TEC-PH-10000576,Laredo
8315,CA-2014-161508,2014-07-16,Standard Class,PV-18985,77573,3.49,0.57,OFF-FA-10001561,League City
8317,CA-2014-161508,2014-07-16,Standard Class,PV-18985,77573,16.03,5.61,OFF-PA-10001804,League City
8316,CA-2014-161508,2014-07-16,Standard Class,PV-18985,77573,22.29,3.90,OFF-AR-10003158,League City
4917,CA-2017-163125,2017-10-11,Second Class,MB-17305,77573,67.14,5.88,OFF-AR-10004344,League City
4918,CA-2017-163125,2017-10-11,Second Class,MB-17305,77573,254.06,-32.66,FUR-CH-10001802,League City
8314,CA-2014-161508,2014-07-16,Standard Class,PV-18985,77573,512.36,-14.64,FUR-CH-10002126,League City
9627,CA-2017-103520,2017-09-25,First Class,MH-17785,79424,9.25,3.35,OFF-PA-10001846,Lubbock
8495,CA-2015-109190,2015-10-28,Standard Class,CC-12685,79424,6.08,-10.34,OFF-BI-10000977,Lubbock
2005,US-2017-143028,2017-04-18,Standard Class,SC-20050,79424,11.36,-17.05,OFF-BI-10004738,Lubbock
6082,US-2014-165589,2014-02-18,Same Day,TB-21595,79424,25.16,-11.32,FUR-FU-10002396,Lubbock
8493,CA-2015-109190,2015-10-28,Standard Class,CC-12685,79424,60.74,20.50,OFF-PA-10000069,Lubbock
8494,CA-2015-109190,2015-10-28,Standard Class,CC-12685,79424,479.98,161.99,TEC-CO-10001943,Lubbock
9601,CA-2017-107797,2017-05-11,Second Class,EB-13705,76063,41.47,14.52,OFF-PA-10003848,Mansfield
8678,CA-2017-141705,2017-10-26,First Class,PO-18850,76063,517.40,-81.31,FUR-TA-10004607,Mansfield
7073,CA-2016-112256,2016-07-28,Standard Class,CK-12205,78501,5.18,1.81,OFF-PA-10004355,Mcallen
9305,US-2015-163433,2015-04-22,Second Class,MP-17965,78501,1.48,-2.29,OFF-BI-10000320,Mcallen
7072,CA-2016-112256,2016-07-28,Standard Class,CK-12205,78501,4.45,0.33,OFF-AR-10001216,Mcallen
4188,CA-2017-112536,2017-05-23,Standard Class,SG-20890,78501,2.00,-3.29,OFF-BI-10002571,Mcallen
9303,US-2015-163433,2015-04-22,Second Class,MP-17965,78501,7.87,0.89,OFF-AR-10003481,Mcallen
4189,CA-2017-112536,2017-05-23,Standard Class,SG-20890,78501,8.93,0.67,OFF-ST-10004835,Mcallen
9304,US-2015-163433,2015-04-22,Second Class,MP-17965,78501,15.55,5.44,OFF-PA-10003936,Mcallen
9300,US-2015-163433,2015-04-22,Second Class,MP-17965,78501,4.31,-6.90,OFF-BI-10003676,Mcallen
7076,CA-2016-112256,2016-07-28,Standard Class,CK-12205,78501,13.34,1.00,OFF-SU-10001165,Mcallen
7075,CA-2016-112256,2016-07-28,Standard Class,CK-12205,78501,4.75,-8.32,OFF-BI-10004364,Mcallen
4187,CA-2017-112536,2017-05-23,Standard Class,SG-20890,78501,6.87,-10.65,OFF-BI-10003712,Mcallen
6136,CA-2015-105613,2015-10-22,Standard Class,KN-16705,78501,27.70,3.46,TEC-AC-10000521,Mcallen
9297,US-2015-163433,2015-04-22,Second Class,MP-17965,78501,41.42,8.28,TEC-AC-10003590,Mcallen
9299,US-2015-163433,2015-04-22,Second Class,MP-17965,78501,74.35,6.51,OFF-AR-10003373,Mcallen
9301,US-2015-163433,2015-04-22,Second Class,MP-17965,78501,56.69,-20.25,FUR-CH-10000225,Mcallen
9302,US-2015-163433,2015-04-22,Second Class,MP-17965,78501,97.97,6.12,TEC-PH-10001870,Mcallen
7074,CA-2016-112256,2016-07-28,Standard Class,CK-12205,78501,175.92,15.39,OFF-AR-10001953,Mcallen
9298,US-2015-163433,2015-04-22,Second Class,MP-17965,78501,244.77,24.48,TEC-PH-10003357,Mcallen
6137,CA-2015-105613,2015-10-22,Standard Class,KN-16705,78501,73.16,-186.57,OFF-AP-10000026,Mcallen
2107,US-2014-152723,2014-09-26,Same Day,HG-14965,75150,0.88,-1.40,OFF-BI-10003460,Mesquite
3573,US-2017-126081,2017-07-04,Standard Class,FC-14335,75150,5.18,1.81,OFF-PA-10003953,Mesquite
3710,CA-2014-120544,2014-11-27,Standard Class,SS-20140,75150,5.54,1.66,TEC-AC-10003709,Mesquite
3708,CA-2014-120544,2014-11-27,Standard Class,SS-20140,75150,6.37,-2.55,FUR-FU-10001940,Mesquite
3709,CA-2014-120544,2014-11-27,Standard Class,SS-20140,75150,34.18,-87.15,OFF-AP-10004336,Mesquite
3193,CA-2017-158953,2017-06-08,Standard Class,ML-18040,77489,6.37,-9.55,OFF-BI-10002557,Missouri City
8159,CA-2017-136238,2017-12-31,Standard Class,KB-16240,79762,16.03,5.61,OFF-PA-10004285,Odessa
3756,CA-2016-116799,2016-03-06,First Class,JG-15310,79762,42.78,15.51,OFF-PA-10001892,Odessa
9217,CA-2017-103765,2017-11-30,Standard Class,JG-15310,79762,13.76,-24.77,OFF-AP-10002311,Odessa
5278,CA-2014-113859,2014-09-17,Standard Class,BC-11125,79762,340.12,-9.72,FUR-CH-10004698,Odessa
3757,CA-2016-116799,2016-03-06,First Class,JG-15310,79762,563.43,-56.34,FUR-CH-10004983,Odessa
3948,CA-2016-119963,2016-11-22,Standard Class,SN-20710,77506,6.37,1.03,OFF-AR-10003514,Pasadena
985,CA-2017-100314,2017-10-05,Standard Class,AS-10630,77506,7.97,2.59,OFF-LA-10001569,Pasadena
262,US-2017-155299,2017-06-12,Standard Class,Dl-13600,77506,1.62,-4.47,OFF-AP-10002203,Pasadena
3950,CA-2016-119963,2016-11-22,Standard Class,SN-20710,77506,19.65,6.63,OFF-PA-10001970,Pasadena
3261,CA-2014-151554,2014-11-15,First Class,CM-11815,77506,20.74,7.26,OFF-PA-10004609,Pasadena
3394,CA-2014-105340,2014-11-25,First Class,EH-14185,77506,6.93,-11.08,OFF-BI-10001765,Pasadena
8115,CA-2017-144820,2017-10-07,Second Class,LW-16825,77506,20.64,2.32,OFF-AR-10004817,Pasadena
986,CA-2017-100314,2017-10-05,Standard Class,AS-10630,77506,27.97,9.44,OFF-EN-10000461,Pasadena
3949,CA-2016-119963,2016-11-22,Standard Class,SN-20710,77506,48.85,15.88,OFF-LA-10003510,Pasadena
9592,US-2016-105452,2016-07-31,Standard Class,BF-11005,77506,24.70,-9.88,FUR-FU-10003691,Pasadena
5191,US-2017-136679,2017-11-18,Standard Class,XP-21865,77506,45.04,4.50,OFF-AR-10003582,Pasadena
1463,CA-2016-152289,2016-08-28,First Class,LC-16930,77506,159.98,44.00,TEC-AC-10004571,Pasadena
5190,US-2017-136679,2017-11-18,Standard Class,XP-21865,77506,167.95,-27.29,TEC-AC-10004855,Pasadena
3951,CA-2016-119963,2016-11-22,Standard Class,SN-20710,77506,255.11,-18.22,FUR-CH-10003817,Pasadena
987,CA-2017-100314,2017-10-05,Standard Class,AS-10630,77506,336.51,44.87,TEC-MA-10003066,Pasadena
9593,US-2016-105452,2016-07-31,Standard Class,BF-11005,77506,302.72,-378.40,FUR-FU-10003806,Pasadena
1464,CA-2016-152289,2016-08-28,First Class,LC-16930,77506,1024.72,-29.28,FUR-CH-10002126,Pasadena
3211,US-2017-108245,2017-09-27,Standard Class,SH-19975,77581,13.39,5.02,OFF-EN-10001415,Pearland
3212,US-2017-108245,2017-09-27,Standard Class,SH-19975,77581,11.23,-18.53,OFF-BI-10000773,Pearland
3912,CA-2017-126788,2017-06-06,First Class,AB-10105,77581,470.38,52.92,TEC-PH-10001619,Pearland
3018,US-2016-160528,2016-08-30,Standard Class,MH-18115,78577,22.61,-10.17,FUR-FU-10004973,Pharr
7845,US-2017-123834,2017-07-25,Standard Class,GM-14500,78577,124.40,-21.33,FUR-TA-10001676,Pharr
3019,US-2016-160528,2016-08-30,Standard Class,MH-18115,78577,666.40,-33.32,TEC-AC-10002842,Pharr
3017,US-2016-160528,2016-08-30,Standard Class,MH-18115,78577,727.30,-172.73,OFF-ST-10002743,Pharr
6256,CA-2017-139444,2017-09-15,Standard Class,GK-14620,75023,9.86,3.45,OFF-LA-10000134,Plano
7762,CA-2017-123071,2017-12-06,First Class,CC-12550,75023,10.37,3.63,OFF-PA-10003729,Plano
3510,CA-2014-166863,2014-06-24,Standard Class,SC-20020,75023,11.65,4.08,OFF-PA-10000587,Plano
3507,CA-2014-166863,2014-06-24,Standard Class,SC-20020,75023,3.39,-5.09,OFF-BI-10000756,Plano
5940,CA-2017-122077,2017-05-25,Standard Class,JF-15295,75023,13.22,4.30,OFF-LA-10004178,Plano
1694,US-2016-158708,2016-06-29,Second Class,AB-10255,75023,13.62,3.57,TEC-AC-10003133,Plano
3509,CA-2014-166863,2014-06-24,Standard Class,SC-20020,75023,15.55,5.44,OFF-PA-10001166,Plano
5939,CA-2017-122077,2017-05-25,Standard Class,JF-15295,75023,95.99,9.60,TEC-PH-10003811,Plano
1673,CA-2017-111647,2017-07-07,Standard Class,RD-19585,75023,167.97,62.99,TEC-PH-10002726,Plano
3506,CA-2014-166863,2014-06-24,Standard Class,SC-20020,75023,201.58,20.16,TEC-PH-10000369,Plano
3508,CA-2014-166863,2014-06-24,Standard Class,SC-20020,75023,193.07,-19.87,FUR-BO-10001608,Plano
3511,CA-2014-166863,2014-06-24,Standard Class,SC-20020,75023,418.80,-97.72,TEC-MA-10001972,Plano
3512,CA-2014-166863,2014-06-24,Standard Class,SC-20020,75023,509.49,-127.37,OFF-ST-10004123,Plano
7306,CA-2014-137274,2014-04-02,Standard Class,MG-18145,75023,890.84,-152.72,FUR-TA-10001889,Plano
6439,US-2017-113992,2017-12-19,Standard Class,LC-16885,75023,974.99,-97.50,FUR-TA-10000577,Plano
7005,CA-2014-126333,2014-12-28,Standard Class,ME-18010,77642,5.18,1.81,OFF-PA-10000223,Port Arthur
4439,CA-2016-162726,2017-01-02,Standard Class,MT-17815,77642,10.37,3.63,OFF-PA-10001972,Port Arthur
4286,CA-2015-105690,2015-11-26,Second Class,CA-11965,77642,11.70,3.95,OFF-LA-10000240,Port Arthur
4440,CA-2016-162726,2017-01-02,Standard Class,MT-17815,77642,23.68,7.40,OFF-PA-10004041,Port Arthur
4287,CA-2015-105690,2015-11-26,Second Class,CA-11965,77642,439.99,165.00,TEC-CO-10001571,Port Arthur
4285,CA-2015-105690,2015-11-26,Second Class,CA-11965,77642,246.13,-76.01,FUR-BO-10003965,Port Arthur
37,CA-2016-117590,2016-12-10,First Class,GH-14485,75080,190.92,-147.96,FUR-FU-10003664,Richardson
36,CA-2016-117590,2016-12-10,First Class,GH-14485,75080,1097.54,123.47,TEC-PH-10004977,Richardson
5200,CA-2016-103982,2016-03-08,Standard Class,AA-10315,78664,2.30,0.78,OFF-FA-10001332,Round Rock
954,CA-2017-136539,2017-12-31,Standard Class,GH-14665,78664,27.17,2.72,OFF-AR-10001958,Round Rock
5202,CA-2016-103982,2016-03-08,Standard Class,AA-10315,78664,41.72,5.74,TEC-AC-10002857,Round Rock
955,CA-2017-136539,2017-12-31,Standard Class,GH-14665,78664,78.85,-11.60,FUR-BO-10004709,Round Rock
5201,CA-2016-103982,2016-03-08,Standard Class,AA-10315,78664,431.98,32.40,TEC-PH-10000895,Round Rock
3317,CA-2017-161739,2017-11-15,Second Class,EB-13750,78664,341.96,-427.45,FUR-FU-10001468,Round Rock
5199,CA-2016-103982,2016-03-08,Standard Class,AA-10315,78664,3930.07,-786.01,OFF-SU-10000151,Round Rock
8113,CA-2016-130393,2016-12-03,Second Class,JM-15865,76903,11.65,-30.87,OFF-AP-10004859,San Angelo
8114,CA-2016-130393,2016-12-03,Second Class,JM-15865,76903,85.25,-1.22,FUR-CH-10004477,San Angelo
8112,CA-2016-130393,2016-12-03,Second Class,JM-15865,76903,248.43,-17.75,FUR-CH-10002647,San Angelo
2172,US-2017-137491,2017-11-25,Standard Class,LC-16930,76903,305.31,-8.72,FUR-CH-10004675,San Angelo
3897,CA-2017-134285,2017-12-12,Standard Class,DS-13180,78207,3.55,1.24,OFF-FA-10000611,San Antonio
2347,CA-2016-159373,2016-03-18,Standard Class,LT-17110,78207,1.27,-2.16,OFF-BI-10004141,San Antonio
429,CA-2017-152275,2017-10-08,Standard Class,KH-16630,78207,6.67,0.50,OFF-AR-10000369,San Antonio
6864,CA-2017-138618,2017-12-08,Standard Class,MY-17380,78207,10.37,3.63,OFF-PA-10000520,San Antonio
165,CA-2014-139892,2014-09-12,Standard Class,BM-11140,78207,9.94,2.73,OFF-AR-10004441,San Antonio
3858,US-2017-105389,2017-10-28,Second Class,DM-13015,78207,10.27,0.90,OFF-AR-10000634,San Antonio
3856,US-2017-105389,2017-10-28,Second Class,DM-13015,78207,3.56,-6.24,OFF-BI-10004364,San Antonio
5487,CA-2015-156608,2015-10-29,Standard Class,MT-18070,78207,3.59,-6.29,OFF-BI-10004140,San Antonio
3898,CA-2017-134285,2017-12-12,Standard Class,DS-13180,78207,15.55,5.44,OFF-PA-10000304,San Antonio
3969,US-2015-163685,2015-06-05,Standard Class,KE-16420,78207,5.73,-9.16,OFF-BI-10001890,San Antonio
9780,CA-2014-169019,2014-07-30,Standard Class,LF-17185,78207,4.84,-12.09,OFF-AP-10003281,San Antonio
9779,CA-2014-169019,2014-07-30,Standard Class,LF-17185,78207,8.88,-13.32,OFF-BI-10001679,San Antonio
3616,CA-2017-112529,2017-11-21,First Class,SC-20770,78207,31.78,8.74,OFF-AR-10001915,San Antonio
918,US-2014-141215,2014-06-21,Standard Class,KL-16555,78207,8.57,-14.57,OFF-BI-10002706,San Antonio
1549,CA-2015-111395,2015-11-27,Standard Class,VB-21745,78207,27.06,2.37,OFF-ST-10001291,San Antonio
4005,CA-2016-145730,2016-03-08,Standard Class,CC-12220,78207,36.60,11.90,OFF-EN-10000483,San Antonio
169,CA-2014-139892,2014-09-12,Standard Class,BM-11140,78207,32.06,6.81,OFF-AR-10002656,San Antonio
1843,CA-2015-135391,2015-02-11,Second Class,FA-14230,78207,40.10,13.53,OFF-LA-10001074,San Antonio
9776,CA-2014-169019,2014-07-30,Standard Class,LF-17185,78207,17.50,-10.06,FUR-FU-10004666,San Antonio
3970,US-2015-163685,2015-06-05,Standard Class,KE-16420,78207,42.24,13.20,OFF-PA-10002606,San Antonio
8604,US-2016-116365,2016-01-08,Standard Class,CA-12310,78207,30.08,-5.26,TEC-AC-10002217,San Antonio
5767,CA-2016-149685,2016-10-15,Standard Class,PM-19135,78207,60.14,20.30,OFF-LA-10004545,San Antonio
9777,CA-2014-169019,2014-07-30,Standard Class,LF-17185,78207,16.78,-26.85,OFF-BI-10001524,San Antonio
1863,CA-2014-151078,2014-11-12,Same Day,RF-19840,78207,49.63,4.96,OFF-ST-10001328,San Antonio
2346,CA-2016-159373,2016-03-18,Standard Class,LT-17110,78207,70.08,24.53,OFF-PA-10000659,San Antonio
1548,CA-2015-111395,2015-11-27,Standard Class,VB-21745,78207,23.91,-40.65,OFF-BI-10002867,San Antonio
1844,CA-2015-135391,2015-02-11,Second Class,FA-14230,78207,40.78,-30.59,FUR-FU-10001986,San Antonio
9193,CA-2015-141810,2015-11-07,Standard Class,BB-10990,78207,29.37,-47.00,OFF-BI-10001524,San Antonio
4767,CA-2015-123155,2015-03-12,First Class,NS-18640,78207,113.52,29.80,TEC-AC-10002473,San Antonio
9578,CA-2015-143147,2015-05-28,Second Class,PS-18760,78207,104.93,-4.50,FUR-CH-10004754,San Antonio
6777,US-2016-152373,2016-09-11,Standard Class,PT-19090,78207,93.46,-17.52,OFF-ST-10003479,San Antonio
8030,CA-2016-166373,2016-10-25,Standard Class,JF-15565,78207,106.08,-9.28,TEC-AC-10002323,San Antonio
916,US-2014-141215,2014-06-21,Standard Class,KL-16555,78207,99.92,-18.56,FUR-TA-10001520,San Antonio
9576,CA-2015-143147,2015-05-28,Second Class,PS-18760,78207,105.69,-28.69,FUR-CH-10000863,San Antonio
171,CA-2014-139892,2014-09-12,Standard Class,BM-11140,78207,143.98,9.00,TEC-PH-10003931,San Antonio
4560,CA-2014-110219,2014-05-08,First Class,EB-13870,78207,127.87,-9.13,FUR-CH-10001146,San Antonio
8606,US-2016-116365,2016-01-08,Standard Class,CA-12310,78207,180.96,13.57,TEC-PH-10002890,San Antonio
8605,US-2016-116365,2016-01-08,Standard Class,CA-12310,78207,165.60,-6.21,TEC-AC-10002942,San Antonio
1547,CA-2015-111395,2015-11-27,Standard Class,VB-21745,78207,335.52,117.43,OFF-PA-10000994,San Antonio
1751,CA-2015-139094,2015-11-27,Standard Class,MO-17800,78207,206.96,-32.52,FUR-TA-10004607,San Antonio
4004,CA-2016-145730,2016-03-08,Standard Class,CC-12220,78207,287.91,33.59,TEC-MA-10001016,San Antonio
9194,CA-2015-141810,2015-11-07,Standard Class,BB-10990,78207,344.70,38.78,TEC-PH-10002200,San Antonio
167,CA-2014-139892,2014-09-12,Standard Class,BM-11140,78207,275.93,-58.63,OFF-ST-10000991,San Antonio
4822,CA-2015-140025,2015-04-11,Standard Class,PF-19120,78207,383.95,47.99,TEC-AC-10002402,San Antonio
4768,CA-2015-123155,2015-03-12,First Class,NS-18640,78207,359.88,22.49,TEC-PH-10001809,San Antonio
1877,CA-2017-112039,2017-03-29,Standard Class,JC-15775,78207,470.38,47.04,TEC-PH-10000984,San Antonio
9778,CA-2014-169019,2014-07-30,Standard Class,LF-17185,78207,431.14,-26.95,TEC-AC-10002076,San Antonio
9577,CA-2015-143147,2015-05-28,Second Class,PS-18760,78207,399.54,-79.91,TEC-MA-10004679,San Antonio
3142,US-2014-122959,2014-12-12,Same Day,CY-12745,78207,210.39,-336.63,OFF-BI-10003650,San Antonio
2348,CA-2016-159373,2016-03-18,Standard Class,LT-17110,78207,557.59,0.00,FUR-TA-10004619,San Antonio
170,CA-2014-139892,2014-09-12,Standard Class,BM-11140,78207,177.98,-453.85,OFF-AP-10002518,San Antonio
4003,CA-2016-145730,2016-03-08,Standard Class,CC-12220,78207,637.90,-127.58,FUR-TA-10004915,San Antonio
3857,US-2017-105389,2017-10-28,Second Class,DM-13015,78207,823.96,51.50,TEC-PH-10002824,San Antonio
3615,CA-2017-112529,2017-11-21,First Class,SC-20770,78207,718.12,-71.81,FUR-TA-10002622,San Antonio
917,US-2014-141215,2014-06-21,Standard Class,KL-16555,78207,797.94,-57.00,FUR-CH-10003379,San Antonio
4821,CA-2015-140025,2015-04-11,Standard Class,PF-19120,78207,463.25,-1181.28,OFF-AP-10002651,San Antonio
168,CA-2014-139892,2014-09-12,Standard Class,BM-11140,78207,1740.06,-24.86,FUR-CH-10004287,San Antonio
9775,CA-2014-169019,2014-07-30,Standard Class,LF-17185,78207,2177.58,-3701.89,OFF-BI-10004995,San Antonio
166,CA-2014-139892,2014-09-12,Standard Class,BM-11140,78207,8159.95,-1359.99,TEC-MA-10000822,San Antonio
8582,CA-2014-130673,2014-05-22,Second Class,MC-17590,78666,10.37,3.63,OFF-PA-10000289,San Marcos
8581,CA-2014-130673,2014-05-22,Second Class,MC-17590,78666,10.33,-5.94,FUR-FU-10003489,San Marcos
8583,CA-2014-130673,2014-05-22,Second Class,MC-17590,78666,20.78,-3.64,TEC-AC-10004227,San Marcos
8584,CA-2014-130673,2014-05-22,Second Class,MC-17590,78666,66.96,-13.39,OFF-ST-10000636,San Marcos
6625,CA-2015-141250,2015-01-23,Standard Class,PM-18940,77590,102.44,-13.17,FUR-TA-10002855,Texas City
6626,CA-2015-141250,2015-01-23,Standard Class,PM-18940,77590,199.30,-8.54,FUR-CH-10004875,Texas City
8894,CA-2014-124723,2014-08-12,Standard Class,GZ-14470,77590,489.23,41.93,FUR-TA-10001307,Texas City
8567,CA-2016-134110,2016-11-18,First Class,BG-11035,75056,15.23,5.52,OFF-PA-10000697,The Colony
4304,CA-2016-121601,2016-10-04,Same Day,MO-17500,75056,59.75,19.42,OFF-EN-10003862,The Colony
8566,CA-2016-134110,2016-11-18,First Class,BG-11035,75056,67.18,6.72,TEC-PH-10002350,The Colony
677,US-2017-119438,2017-03-23,Standard Class,CD-11980,75701,2.69,-7.39,OFF-AP-10000804,Tyler
678,US-2017-119438,2017-03-23,Standard Class,CD-11980,75701,27.82,4.52,TEC-AC-10003614,Tyler
679,US-2017-119438,2017-03-23,Standard Class,CD-11980,75701,82.52,-41.26,FUR-FU-10003553,Tyler
837,US-2014-115987,2014-09-13,Second Class,LH-17020,75701,51.18,-79.34,OFF-BI-10001071,Tyler
680,US-2017-119438,2017-03-23,Standard Class,CD-11980,75701,182.99,-320.24,OFF-BI-10004632,Tyler
9293,CA-2017-124114,2017-03-02,Same Day,RS-19765,76706,0.56,-0.95,OFF-BI-10004022,Waco
5175,CA-2017-106432,2017-10-24,Standard Class,CA-12265,76706,2.07,-3.52,OFF-BI-10002799,Waco
6568,CA-2017-131282,2017-02-08,Second Class,CB-12025,76706,7.12,0.71,OFF-AR-10003087,Waco
5774,CA-2016-117408,2016-09-06,Standard Class,TP-21130,76706,23.97,2.40,OFF-ST-10001580,Waco
5176,CA-2017-106432,2017-10-24,Standard Class,CA-12265,76706,328.40,-91.76,FUR-BO-10004360,Waco
6567,CA-2017-131282,2017-02-08,Second Class,CB-12025,76706,243.99,-426.99,OFF-BI-10004632,Waco
1553,CA-2014-130274,2014-05-05,First Class,JS-15940,54915,21.56,10.35,OFF-LA-10002195,Appleton
9514,CA-2016-125220,2016-10-19,Standard Class,BE-11410,54915,1649.75,544.42,TEC-AC-10003033,Appleton
9378,CA-2017-155362,2017-12-21,Standard Class,DP-13105,54703,32.56,8.47,OFF-ST-10001031,Eau Claire
3006,CA-2014-148761,2014-05-21,Standard Class,PA-19060,54703,91.68,45.84,OFF-BI-10000666,Eau Claire
4810,CA-2015-151589,2015-12-30,First Class,RE-19450,54703,195.64,91.95,OFF-PA-10003228,Eau Claire
4811,CA-2015-151589,2015-12-30,First Class,RE-19450,54703,239.90,71.97,TEC-PH-10004345,Eau Claire
9162,CA-2016-160108,2016-12-12,Standard Class,AG-10900,54703,405.86,32.47,FUR-BO-10003450,Eau Claire
9163,CA-2016-160108,2016-12-12,Standard Class,AG-10900,54703,680.01,176.80,FUR-CH-10002335,Eau Claire
6683,CA-2017-154466,2017-01-02,First Class,DP-13390,53132,3.60,1.73,OFF-BI-10002012,Franklin
6695,US-2016-163538,2016-08-30,Standard Class,SS-20515,53132,47.97,14.87,TEC-AC-10002006,Franklin
6852,US-2016-100461,2016-01-12,Standard Class,JO-15145,53132,106.05,49.84,OFF-BI-10001460,Franklin
151,CA-2016-114489,2016-12-09,Standard Class,JE-16165,53132,171.55,80.63,OFF-BI-10002735,Franklin
149,CA-2016-114489,2016-12-09,Standard Class,JE-16165,53132,149.97,6.00,TEC-PH-10001448,Franklin
148,CA-2016-114489,2016-12-09,Standard Class,JE-16165,53132,384.45,103.80,TEC-PH-10000215,Franklin
9285,CA-2014-161032,2014-11-23,Standard Class,MK-17905,53132,392.94,43.22,FUR-CH-10001482,Franklin
6851,US-2016-100461,2016-01-12,Standard Class,JO-15145,53132,1565.88,407.13,FUR-BO-10002545,Franklin
150,CA-2016-114489,2016-12-09,Standard Class,JE-16165,53132,1951.84,585.55,FUR-CH-10000454,Franklin
9721,CA-2016-119641,2016-09-26,Standard Class,CS-12250,54302,18.96,7.58,FUR-FU-10002445,Green Bay
8934,CA-2016-102134,2016-03-19,Standard Class,SP-20545,54302,16.74,4.35,FUR-FU-10003724,Green Bay
760,CA-2017-133333,2017-09-22,Standard Class,BF-11020,54302,22.72,10.22,OFF-PA-10002377,Green Bay
541,CA-2014-140795,2014-02-03,First Class,BD-11500,54302,468.90,206.32,TEC-AC-10001432,Green Bay
3998,CA-2015-105627,2015-03-12,Standard Class,DK-12895,53142,14.98,4.49,OFF-AR-10002704,Kenosha
1788,CA-2015-154326,2015-02-19,Standard Class,RP-19855,53142,134.97,64.79,TEC-PH-10001819,Kenosha
1790,CA-2015-154326,2015-02-19,Standard Class,RP-19855,53142,139.95,26.59,TEC-AC-10004568,Kenosha
8639,CA-2017-118346,2017-07-24,First Class,PO-19180,53142,399.95,143.98,TEC-AC-10000736,Kenosha
3999,CA-2015-105627,2015-03-12,Standard Class,DK-12895,53142,373.08,82.08,FUR-FU-10000308,Kenosha
3995,CA-2015-105627,2015-03-12,Standard Class,DK-12895,53142,512.94,97.46,FUR-BO-10002916,Kenosha
1789,CA-2015-154326,2015-02-19,Standard Class,RP-19855,53142,699.98,195.99,TEC-PH-10000560,Kenosha
3997,CA-2015-105627,2015-03-12,Standard Class,DK-12895,53142,769.95,223.29,TEC-PH-10003012,Kenosha
3996,CA-2015-105627,2015-03-12,Standard Class,DK-12895,53142,860.93,189.40,FUR-CH-10002084,Kenosha
5621,US-2016-124163,2016-09-30,Standard Class,SC-20695,54601,3.04,1.03,OFF-AR-10000817,La Crosse
4555,CA-2016-101448,2016-02-29,Second Class,EB-13930,54601,56.82,28.41,OFF-BI-10004738,La Crosse
5623,US-2016-124163,2016-09-30,Standard Class,SC-20695,54601,68.64,17.16,FUR-FU-10000755,La Crosse
5622,US-2016-124163,2016-09-30,Standard Class,SC-20695,54601,201.96,50.49,FUR-CH-10004218,La Crosse
5620,US-2016-124163,2016-09-30,Standard Class,SC-20695,54601,499.95,174.98,TEC-AC-10001908,La Crosse
3416,CA-2016-116540,2016-09-02,Same Day,SS-20590,53711,1.81,0.65,OFF-FA-10002676,Madison
3417,CA-2016-116540,2016-09-02,Same Day,SS-20590,53711,8.26,3.88,OFF-BI-10004970,Madison
5732,CA-2017-117324,2017-12-13,Standard Class,JP-15520,53711,27.52,12.66,OFF-PA-10002713,Madison
5730,CA-2017-117324,2017-12-13,Standard Class,JP-15520,53711,61.06,28.09,OFF-LA-10003510,Madison
1793,CA-2014-120474,2014-12-03,First Class,RP-19390,53711,46.64,12.59,OFF-AR-10000475,Madison
5728,CA-2017-117324,2017-12-13,Standard Class,JP-15520,53711,178.11,32.06,TEC-AC-10003023,Madison
5731,CA-2017-117324,2017-12-13,Standard Class,JP-15520,53711,459.92,41.39,FUR-BO-10003159,Madison
17,CA-2014-105893,2014-11-18,Standard Class,PK-19075,53711,665.88,13.32,OFF-ST-10004186,Madison
5729,CA-2017-117324,2017-12-13,Standard Class,JP-15520,53711,1089.75,305.13,OFF-AP-10003590,Madison
1792,CA-2014-120474,2014-12-03,First Class,RP-19390,53711,2807.84,673.88,FUR-CH-10001854,Madison
9009,CA-2017-107825,2017-11-18,Same Day,NB-18655,53209,5.82,2.74,FUR-FU-10000206,Milwaukee
9008,CA-2017-107825,2017-11-18,Same Day,NB-18655,53209,7.38,3.47,OFF-LA-10003720,Milwaukee
6691,US-2017-165869,2017-08-05,Standard Class,LS-17200,53209,17.52,8.41,OFF-BI-10003460,Milwaukee
5079,CA-2017-143217,2017-11-17,Standard Class,CG-12040,53209,18.24,8.57,OFF-BI-10002949,Milwaukee
9891,US-2016-115441,2016-07-28,Second Class,SH-19975,53209,20.62,9.69,OFF-PA-10004996,Milwaukee
7351,CA-2017-142125,2017-10-27,Standard Class,JB-15400,53209,21.90,10.51,OFF-BI-10003460,Milwaukee
5280,US-2017-104094,2017-09-11,Standard Class,AG-10675,53209,13.48,1.89,TEC-AC-10002134,Milwaukee
8523,US-2016-160206,2016-04-07,Standard Class,MY-18295,53209,12.99,0.26,TEC-PH-10000148,Milwaukee
3813,CA-2017-147753,2017-03-05,Same Day,PK-19075,53209,25.06,11.78,OFF-LA-10003537,Milwaukee
9501,CA-2016-149237,2016-05-30,Standard Class,CM-12235,53209,26.94,11.31,FUR-FU-10002088,Milwaukee
4598,US-2017-169502,2017-08-31,Standard Class,MG-17650,53209,21.81,5.89,OFF-SU-10004115,Milwaukee
1786,CA-2017-166317,2017-09-26,Standard Class,JE-15610,53209,33.04,15.53,OFF-BI-10002976,Milwaukee
8933,CA-2017-143252,2017-12-24,Standard Class,HE-14800,53209,29.34,10.86,TEC-AC-10002331,Milwaukee
7350,CA-2017-142125,2017-10-27,Standard Class,JB-15400,53209,38.82,19.41,OFF-BI-10000301,Milwaukee
1658,CA-2014-127159,2014-05-15,First Class,HL-15040,53209,34.79,10.78,FUR-FU-10000010,Milwaukee
816,CA-2015-106565,2015-03-23,First Class,BW-11110,53209,51.84,24.88,OFF-PA-10000061,Milwaukee
9007,CA-2017-107825,2017-11-18,Same Day,NB-18655,53209,37.76,10.57,OFF-ST-10000777,Milwaukee
914,CA-2017-102519,2017-11-29,First Class,BM-11650,53209,46.94,19.25,FUR-FU-10004091,Milwaukee
6051,CA-2015-153878,2015-04-30,Standard Class,TS-21655,53209,57.75,16.17,OFF-AR-10000658,Milwaukee
1787,CA-2017-166317,2017-09-26,Standard Class,JE-15610,53209,86.97,25.22,TEC-PH-10001615,Milwaukee
4599,US-2017-169502,2017-08-31,Standard Class,MG-17650,53209,91.60,26.56,OFF-AP-10001947,Milwaukee
9006,CA-2017-107825,2017-11-18,Same Day,NB-18655,53209,92.52,24.98,OFF-ST-10001321,Milwaukee
9895,US-2016-115441,2016-07-28,Second Class,SH-19975,53209,95.20,27.61,FUR-FU-10001756,Milwaukee
9892,US-2016-115441,2016-07-28,Second Class,SH-19975,53209,124.25,48.46,TEC-AC-10003116,Milwaukee
2941,CA-2017-155880,2017-03-31,Standard Class,JD-16150,53209,90.99,14.56,FUR-CH-10000422,Milwaukee
8932,CA-2017-143252,2017-12-24,Standard Class,HE-14800,53209,99.95,22.99,FUR-FU-10001057,Milwaukee
915,CA-2017-102519,2017-11-29,First Class,BM-11650,53209,143.73,56.05,TEC-AC-10001772,Milwaukee
1785,CA-2017-166317,2017-09-26,Standard Class,JE-15610,53209,98.16,9.82,TEC-AC-10004510,Milwaukee
2811,CA-2015-135685,2015-11-18,Second Class,MP-18175,53209,179.82,84.52,OFF-PA-10000157,Milwaukee
6692,US-2017-165869,2017-08-05,Standard Class,LS-17200,53209,155.88,54.56,OFF-AP-10002472,Milwaukee
2812,CA-2015-135685,2015-11-18,Second Class,MP-18175,53209,185.58,76.09,FUR-FU-10001185,Milwaukee
1784,CA-2017-166317,2017-09-26,Standard Class,JE-15610,53209,219.84,107.72,OFF-PA-10004475,Milwaukee
2813,CA-2015-135685,2015-11-18,Second Class,MP-18175,53209,214.11,36.40,FUR-TA-10001520,Milwaukee
6052,CA-2015-153878,2015-04-30,Standard Class,TS-21655,53209,272.40,76.27,OFF-AP-10001205,Milwaukee
9893,US-2016-115441,2016-07-28,Second Class,SH-19975,53209,297.55,83.31,TEC-PH-10002262,Milwaukee
9894,US-2016-115441,2016-07-28,Second Class,SH-19975,53209,403.56,96.85,FUR-CH-10004626,Milwaukee
2943,CA-2017-155880,2017-03-31,Standard Class,JD-16150,53209,368.97,40.59,FUR-CH-10002880,Milwaukee
2345,CA-2016-119025,2016-02-28,Standard Class,PV-18985,53209,490.32,137.29,OFF-AP-10001205,Milwaukee
2815,CA-2015-135685,2015-11-18,Second Class,MP-18175,53209,653.55,111.10,FUR-TA-10000688,Milwaukee
5035,CA-2015-103954,2015-08-13,Second Class,HR-14770,53209,687.40,48.12,FUR-BO-10004690,Milwaukee
2415,CA-2016-156300,2017-01-02,Standard Class,TB-21595,53209,754.45,60.36,FUR-CH-10001714,Milwaukee
2814,CA-2015-135685,2015-11-18,Second Class,MP-18175,53209,999.96,229.99,TEC-AC-10004145,Milwaukee
1253,CA-2015-154956,2015-07-09,Standard Class,IM-15070,53209,1099.96,285.99,TEC-PH-10004165,Milwaukee
8563,CA-2016-123540,2016-04-06,Second Class,DJ-13420,53209,1454.90,378.27,FUR-CH-10000847,Milwaukee
2942,CA-2017-155880,2017-03-31,Standard Class,JD-16150,53209,1526.56,427.44,FUR-CH-10004675,Milwaukee
7991,US-2016-117793,2016-08-29,Standard Class,MA-17560,53081,1.98,0.89,TEC-AC-10003433,Sheboygan
7990,US-2016-117793,2016-08-29,Standard Class,MA-17560,53081,14.97,4.19,OFF-ST-10002406,Sheboygan
7988,US-2016-117793,2016-08-29,Standard Class,MA-17560,53081,25.20,11.59,OFF-LA-10002945,Sheboygan
7989,US-2016-117793,2016-08-29,Standard Class,MA-17560,53081,37.59,17.67,OFF-LA-10003537,Sheboygan
7257,CA-2016-152730,2016-06-04,Standard Class,EM-14140,54880,5.56,1.45,OFF-AR-10003732,Superior
7259,CA-2016-152730,2016-06-04,Standard Class,EM-14140,54880,14.70,3.97,OFF-AR-10000940,Superior
4013,CA-2015-153612,2015-12-27,Standard Class,BT-11305,54880,17.12,4.96,OFF-AR-10000203,Superior
7260,CA-2016-152730,2016-06-04,Standard Class,EM-14140,54880,45.36,21.77,OFF-PA-10004888,Superior
7255,CA-2016-152730,2016-06-04,Standard Class,EM-14140,54880,47.40,21.33,FUR-FU-10001037,Superior
7256,CA-2016-152730,2016-06-04,Standard Class,EM-14140,54880,49.76,13.93,OFF-ST-10000876,Superior
7261,CA-2016-152730,2016-06-04,Standard Class,EM-14140,54880,125.99,35.28,TEC-PH-10000441,Superior
7254,CA-2016-152730,2016-06-04,Standard Class,EM-14140,54880,364.74,109.42,OFF-AP-10002684,Superior
7258,CA-2016-152730,2016-06-04,Standard Class,EM-14140,54880,629.10,301.97,OFF-PA-10000994,Superior
2772,CA-2016-163986,2016-09-10,Standard Class,JJ-15445,53186,54.50,14.17,OFF-ST-10000918,Waukesha
4834,CA-2014-120278,2014-11-12,Standard Class,MS-17365,54401,12.39,5.82,OFF-BI-10004970,Wausau
4833,CA-2014-120278,2014-11-12,Standard Class,MS-17365,54401,22.58,5.87,OFF-ST-10002214,Wausau
4832,CA-2014-120278,2014-11-12,Standard Class,MS-17365,54401,36.63,9.89,OFF-ST-10004258,Wausau
4831,CA-2014-120278,2014-11-12,Standard Class,MS-17365,54401,245.88,68.85,OFF-AP-10001293,Wausau
3764,CA-2016-156251,2016-08-18,Second Class,TS-21160,53214,8.52,4.17,OFF-BI-10003529,West Allis
3763,CA-2016-156251,2016-08-18,Second Class,TS-21160,53214,241.96,24.20,FUR-BO-10001337,West Allis
3357,US-2014-150434,2014-07-24,Standard Class,CA-12310,6010,3.81,1.83,OFF-BI-10002160,Bristol
3356,US-2014-150434,2014-07-24,Standard Class,CA-12310,6010,20.88,9.60,OFF-BI-10003694,Bristol
8461,CA-2014-146500,2014-09-04,Standard Class,AT-10735,6010,25.30,11.89,OFF-BI-10002432,Bristol
3355,US-2014-150434,2014-07-24,Standard Class,CA-12310,6010,70.56,-4.03,FUR-TA-10004152,Bristol
1860,CA-2015-121608,2015-09-05,First Class,JB-15400,6010,100.49,25.12,TEC-PH-10004959,Bristol
1859,CA-2015-121608,2015-09-05,First Class,JB-15400,6010,137.62,60.55,OFF-AP-10002311,Bristol
8462,CA-2014-146500,2014-09-04,Standard Class,AT-10735,6010,95.94,9.59,OFF-ST-10000563,Bristol
3354,US-2014-150434,2014-07-24,Standard Class,CA-12310,6010,359.98,93.59,TEC-PH-10000895,Bristol
8392,CA-2017-110625,2017-12-30,Standard Class,JB-16045,6810,27.46,9.89,FUR-FU-10001473,Danbury
186,CA-2016-105018,2016-12-02,Standard Class,SK-19990,6824,7.16,3.44,OFF-BI-10001890,Fairfield
2336,CA-2017-152695,2017-12-10,Same Day,CC-12220,6824,10.86,5.10,OFF-EN-10004030,Fairfield
4261,CA-2017-164819,2017-10-19,Second Class,RS-19420,6824,13.05,6.00,OFF-LA-10001045,Fairfield
6314,CA-2017-120019,2017-02-21,Standard Class,NG-18355,6824,14.99,7.35,TEC-PH-10000923,Fairfield
5706,CA-2014-155593,2014-11-08,Standard Class,RP-19390,6824,11.64,3.38,OFF-SU-10002522,Fairfield
4928,CA-2017-143245,2017-12-06,Standard Class,AD-10180,6824,19.44,9.33,OFF-PA-10001972,Fairfield
7233,CA-2017-153843,2017-03-15,First Class,SC-20380,6824,27.12,12.48,OFF-PA-10003673,Fairfield
7231,CA-2017-153843,2017-03-15,First Class,SC-20380,6824,30.88,15.44,OFF-BI-10002353,Fairfield
2211,CA-2014-125556,2014-11-16,Second Class,ML-17410,6824,43.80,21.02,OFF-BI-10003460,Fairfield
6793,CA-2014-141005,2014-08-18,First Class,CS-12355,6824,62.94,30.21,OFF-BI-10001989,Fairfield
4249,CA-2016-157336,2016-12-05,Second Class,SJ-20500,6824,88.08,40.52,OFF-BI-10004236,Fairfield
3236,CA-2016-140746,2016-01-15,Same Day,RC-19825,6824,181.80,-15.58,FUR-TA-10002903,Fairfield
2337,CA-2017-152695,2017-12-10,Same Day,CC-12220,6824,426.79,123.77,OFF-AP-10000026,Fairfield
7232,CA-2017-153843,2017-03-15,First Class,SC-20380,6824,465.16,120.94,OFF-AP-10001564,Fairfield
9693,CA-2015-107902,2015-09-02,Standard Class,SM-20950,6824,470.36,122.29,OFF-ST-10001837,Fairfield
6313,CA-2017-120019,2017-02-21,Standard Class,NG-18355,6824,579.51,81.13,OFF-ST-10001932,Fairfield
2210,CA-2014-125556,2014-11-16,Second Class,ML-17410,6824,832.93,233.22,TEC-PH-10001079,Fairfield
4250,CA-2016-157336,2016-12-05,Second Class,SJ-20500,6824,751.92,150.38,FUR-CH-10004997,Fairfield
4929,CA-2017-143245,2017-12-06,Standard Class,AD-10180,6824,897.15,251.20,FUR-CH-10000155,Fairfield
4551,US-2017-107636,2017-05-02,First Class,NM-18520,6040,5.76,2.82,OFF-LA-10003388,Manchester
368,CA-2016-155516,2016-10-21,Same Day,MK-17905,6040,7.36,0.15,OFF-SU-10001225,Manchester
367,CA-2016-155516,2016-10-21,Same Day,MK-17905,6040,23.20,10.44,OFF-BI-10002412,Manchester
8387,CA-2015-149601,2015-06-03,Standard Class,TB-21625,6040,16.24,2.44,OFF-ST-10001558,Manchester
8388,CA-2015-149601,2015-06-03,Standard Class,TB-21625,6040,77.55,21.71,OFF-ST-10001328,Manchester
6144,CA-2017-121083,2017-07-15,Standard Class,JF-15190,6040,119.04,48.81,OFF-AR-10002987,Manchester
369,CA-2016-155516,2016-10-21,Same Day,MK-17905,6040,104.79,29.34,OFF-ST-10002406,Manchester
6141,CA-2017-121083,2017-07-15,Standard Class,JF-15190,6040,274.80,134.65,OFF-PA-10001497,Manchester
6143,CA-2017-121083,2017-07-15,Standard Class,JF-15190,6040,257.98,74.81,TEC-PH-10001336,Manchester
6142,CA-2017-121083,2017-07-15,Standard Class,JF-15190,6040,195.64,3.91,OFF-ST-10002554,Manchester
370,CA-2016-155516,2016-10-21,Same Day,MK-17905,6040,1043.92,271.42,FUR-BO-10002545,Manchester
5866,US-2014-117968,2014-08-07,Second Class,RS-19420,6450,4.56,2.01,OFF-AR-10004165,Meriden
6452,CA-2015-156510,2015-09-29,Standard Class,EH-13990,6450,6.70,2.21,OFF-AR-10004930,Meriden
6450,CA-2015-156510,2015-09-29,Standard Class,EH-13990,6450,10.76,5.16,OFF-BI-10000822,Meriden
6680,CA-2017-145037,2017-09-07,Second Class,TB-21055,6450,10.90,2.83,OFF-ST-10000918,Meriden
5642,CA-2017-106355,2017-04-05,First Class,AT-10435,6450,11.12,2.89,OFF-AR-10000246,Meriden
1836,CA-2014-141278,2014-06-24,First Class,RM-19375,6450,21.40,6.21,OFF-AR-10003056,Meriden
6451,CA-2015-156510,2015-09-29,Standard Class,EH-13990,6450,45.68,21.01,OFF-PA-10002222,Meriden
6681,CA-2017-145037,2017-09-07,Second Class,TB-21055,6450,79.92,37.56,OFF-PA-10000157,Meriden
5865,US-2014-117968,2014-08-07,Second Class,RS-19420,6450,79.47,22.25,OFF-AP-10002765,Meriden
6682,CA-2017-145037,2017-09-07,Second Class,TB-21055,6450,146.82,73.41,OFF-PA-10002499,Meriden
5867,US-2014-117968,2014-08-07,Second Class,RS-19420,6450,1133.35,294.67,FUR-CH-10002335,Meriden
9767,CA-2017-101959,2017-03-06,Standard Class,DB-13660,6457,7.78,3.50,OFF-PA-10002137,Middletown
9766,CA-2017-101959,2017-03-06,Standard Class,DB-13660,6457,9.84,4.72,OFF-BI-10001757,Middletown
7797,US-2015-145121,2015-10-06,Standard Class,MP-17965,6457,26.90,13.18,OFF-BI-10001078,Middletown
1460,CA-2014-155271,2014-05-04,Same Day,AA-10480,6457,27.46,9.89,FUR-FU-10001473,Middletown
2283,CA-2016-132143,2016-09-05,First Class,FM-14215,6457,48.16,22.15,OFF-PA-10002713,Middletown
8156,US-2017-143770,2017-03-24,Standard Class,RD-19720,6457,61.96,27.88,OFF-PA-10001125,Middletown
2295,CA-2017-127929,2017-12-27,Standard Class,FM-14215,6457,181.95,38.21,FUR-FU-10003708,Middletown
8155,US-2017-143770,2017-03-24,Standard Class,RD-19720,6457,238.00,38.08,TEC-AC-10002842,Middletown
1336,CA-2016-122133,2016-05-23,Standard Class,JR-15670,6457,552.56,0.00,OFF-ST-10002574,Middletown
9206,CA-2016-146423,2016-04-21,Same Day,BT-11680,6460,15.48,4.49,OFF-AR-10004817,Milford
5735,CA-2017-143574,2017-07-02,First Class,DR-12880,6460,25.16,8.55,FUR-FU-10003976,Milford
5734,CA-2017-143574,2017-07-02,First Class,DR-12880,6460,30.69,7.98,OFF-SU-10002537,Milford
9207,CA-2016-146423,2016-04-21,Same Day,BT-11680,6460,51.84,24.88,OFF-PA-10003797,Milford
8160,CA-2016-120803,2016-03-13,Standard Class,RB-19465,6460,199.75,87.89,TEC-AC-10004469,Milford
5733,CA-2017-143574,2017-07-02,First Class,DR-12880,6460,638.82,185.26,FUR-BO-10002598,Milford
4820,CA-2017-117436,2017-06-14,Standard Class,LW-17125,6360,10.36,5.08,OFF-BI-10004040,Norwich
1328,CA-2016-128258,2016-03-31,First Class,CP-12085,6360,11.34,5.56,OFF-PA-10004156,Norwich
913,CA-2015-133627,2015-06-07,Standard Class,SC-20050,6360,22.20,9.10,FUR-FU-10001935,Norwich
8467,CA-2015-101000,2015-04-14,Standard Class,IG-15085,6360,370.14,144.35,OFF-AP-10000179,Norwich
8385,CA-2016-145135,2016-11-28,First Class,CD-12790,6484,13.36,6.41,OFF-PA-10004285,Shelton
8384,CA-2016-145135,2016-11-28,First Class,CD-12790,6484,59.97,14.99,TEC-AC-10003447,Shelton
5425,US-2017-120649,2017-01-26,Standard Class,JF-15490,6708,3.52,1.02,OFF-AR-10001545,Waterbury
7744,CA-2016-133613,2016-06-22,Standard Class,CP-12340,6708,7.96,3.74,OFF-BI-10002003,Waterbury
7746,CA-2016-133613,2016-06-22,Standard Class,CP-12340,6708,9.84,2.85,OFF-AR-10003829,Waterbury
4706,CA-2016-158435,2016-05-18,First Class,AG-10900,6708,14.62,6.87,OFF-LA-10002475,Waterbury
7920,CA-2017-139822,2017-09-21,Standard Class,Dp-13240,6708,38.62,10.81,OFF-ST-10000943,Waterbury
4705,CA-2016-158435,2016-05-18,First Class,AG-10900,6708,65.17,18.90,OFF-SU-10000381,Waterbury
7921,CA-2017-139822,2017-09-21,Standard Class,Dp-13240,6708,59.98,10.80,TEC-AC-10001090,Waterbury
6379,CA-2017-150623,2017-04-14,Standard Class,DB-13360,6708,99.99,42.00,TEC-AC-10004571,Waterbury
4707,CA-2016-158435,2016-05-18,First Class,AG-10900,6708,173.24,17.32,FUR-FU-10003975,Waterbury
6380,CA-2017-150623,2017-04-14,Standard Class,DB-13360,6708,286.15,71.54,OFF-ST-10003692,Waterbury
7745,CA-2016-133613,2016-06-22,Standard Class,CP-12340,6708,566.97,153.08,TEC-PH-10004539,Waterbury
717,CA-2014-130092,2014-01-14,First Class,SV-20365,19901,9.94,3.08,FUR-FU-10000010,Dover
9291,CA-2014-163650,2014-09-25,First Class,TT-21220,19901,9.84,2.85,OFF-AR-10002375,Dover
3833,US-2015-111927,2015-11-19,Standard Class,LS-17230,19901,19.96,9.38,OFF-BI-10002571,Dover
8267,CA-2014-118304,2014-05-04,Standard Class,KH-16360,19901,19.98,5.19,TEC-PH-10000376,Dover
49,CA-2016-169194,2016-06-25,Standard Class,LH-16900,19901,21.80,6.10,TEC-PH-10003988,Dover
9292,CA-2014-163650,2014-09-25,First Class,TT-21220,19901,34.50,15.53,OFF-BI-10004965,Dover
48,CA-2016-169194,2016-06-25,Standard Class,LH-16900,19901,45.00,4.95,TEC-AC-10002167,Dover
3832,US-2015-111927,2015-11-19,Standard Class,LS-17230,19901,76.14,26.65,FUR-FU-10004017,Dover
1602,CA-2016-164672,2016-05-13,Second Class,GB-14530,19901,211.96,42.39,FUR-FU-10001488,Dover
5336,CA-2014-103331,2014-08-31,Standard Class,KB-16315,19711,3.38,1.55,OFF-PA-10002659,Newark
9966,CA-2016-146374,2016-12-10,Second Class,HE-14800,19711,4.98,2.34,OFF-PA-10000349,Newark
1530,CA-2015-148432,2015-11-10,Second Class,MC-18130,19711,7.30,3.43,OFF-PA-10001274,Newark
3486,CA-2016-151169,2016-10-26,Standard Class,MY-18295,19711,7.92,3.56,OFF-BI-10002813,Newark
9744,CA-2016-137127,2016-06-22,Standard Class,JJ-15445,19711,9.45,4.54,OFF-LA-10001641,Newark
6945,CA-2014-148369,2014-09-27,Standard Class,TH-21115,19711,11.12,5.45,OFF-BI-10004876,Newark
7823,US-2014-115413,2014-08-31,Standard Class,PP-18955,19711,8.64,2.51,OFF-AR-10003770,Newark
5334,CA-2014-103331,2014-08-31,Standard Class,KB-16315,19711,10.68,4.06,FUR-FU-10001731,Newark
9965,CA-2016-146374,2016-12-10,Second Class,HE-14800,19711,13.40,6.43,FUR-FU-10002671,Newark
2488,CA-2015-104514,2015-01-04,Second Class,CB-12535,19711,9.84,2.66,OFF-AR-10001473,Newark
3729,CA-2016-165169,2016-06-11,Standard Class,JL-15235,19711,14.94,6.87,OFF-LA-10000407,Newark
3728,CA-2016-165169,2016-06-11,Standard Class,JL-15235,19711,11.16,2.79,OFF-AR-10000122,Newark
5335,CA-2014-103331,2014-08-31,Standard Class,KB-16315,19711,17.34,8.50,OFF-PA-10002160,Newark
7128,US-2016-117541,2016-11-20,Standard Class,JM-16195,19711,16.45,7.57,OFF-PA-10001609,Newark
9465,CA-2014-109127,2014-12-25,Standard Class,JC-15775,19711,17.28,7.95,OFF-LA-10004409,Newark
2489,CA-2015-104514,2015-01-04,Second Class,CB-12535,19711,20.04,9.62,OFF-PA-10004285,Newark
7129,US-2016-117541,2016-11-20,Standard Class,JM-16195,19711,19.92,6.57,FUR-FU-10000550,Newark
6344,CA-2015-146255,2015-03-10,First Class,EM-14140,19711,30.44,14.92,OFF-BI-10000309,Newark
3738,CA-2016-115476,2016-03-17,Same Day,VM-21835,19711,32.54,15.94,OFF-BI-10000962,Newark
8408,CA-2017-140480,2017-07-12,Standard Class,HE-14800,19711,28.91,8.67,OFF-AR-10001419,Newark
2737,CA-2015-115798,2015-11-19,Standard Class,KL-16645,19711,42.28,19.87,OFF-PA-10001560,Newark
3446,CA-2015-131779,2015-06-17,Standard Class,LE-16810,19711,29.90,5.08,OFF-ST-10001505,Newark
1529,CA-2015-148432,2015-11-10,Second Class,MC-18130,19711,26.18,0.52,OFF-FA-10004968,Newark
7624,CA-2014-124464,2014-07-20,Standard Class,SS-20515,19711,39.48,11.05,OFF-AP-10000576,Newark
7639,CA-2017-104885,2017-03-08,Standard Class,DB-13555,19711,57.96,27.24,OFF-EN-10003286,Newark
8407,CA-2017-140480,2017-07-12,Standard Class,HE-14800,19711,39.98,9.20,FUR-FU-10001057,Newark
3073,CA-2014-119375,2014-11-22,Standard Class,YC-21895,19711,57.75,26.57,OFF-AR-10003752,Newark
7641,CA-2017-104885,2017-03-08,Standard Class,DB-13555,19711,68.04,33.34,OFF-PA-10002764,Newark
6324,CA-2014-104402,2014-06-23,Standard Class,DB-13660,19711,65.97,31.01,TEC-MA-10000423,Newark
6345,CA-2015-146255,2015-03-10,First Class,EM-14140,19711,69.28,33.25,OFF-BI-10001765,Newark
7638,CA-2017-104885,2017-03-08,Standard Class,DB-13555,19711,59.52,15.48,OFF-AR-10001615,Newark
2739,CA-2015-115798,2015-11-19,Standard Class,KL-16645,19711,89.98,43.19,TEC-PH-10001819,Newark
9967,CA-2016-146374,2016-12-10,Second Class,HE-14800,19711,109.69,51.55,OFF-EN-10004483,Newark
3063,CA-2015-145184,2015-11-29,First Class,JD-16150,19711,83.97,23.51,TEC-PH-10002350,Newark
2487,CA-2015-104514,2015-01-04,Second Class,CB-12535,19711,85.52,22.24,OFF-ST-10001837,Newark
5479,CA-2016-121356,2016-11-24,Standard Class,SJ-20500,19711,128.40,62.92,OFF-BI-10002133,Newark
6343,CA-2015-146255,2015-03-10,First Class,EM-14140,19711,119.85,52.73,TEC-AC-10004469,Newark
3737,CA-2016-115476,2016-03-17,Same Day,VM-21835,19711,129.98,62.39,TEC-PH-10000673,Newark
4779,CA-2017-132346,2017-11-11,Standard Class,PK-19075,19711,100.94,33.31,OFF-AP-10000696,Newark
8405,CA-2017-140480,2017-07-12,Standard Class,HE-14800,19711,83.92,5.87,FUR-FU-10003247,Newark
8406,CA-2017-140480,2017-07-12,Standard Class,HE-14800,19711,141.90,58.18,TEC-AC-10002473,Newark
3093,CA-2016-112123,2016-03-08,Standard Class,BH-11710,19711,166.44,79.89,OFF-PA-10001977,Newark
7824,US-2014-115413,2014-08-31,Standard Class,PP-18955,19711,149.97,52.49,TEC-AC-10002800,Newark
3064,CA-2015-145184,2015-11-29,First Class,JD-16150,19711,104.97,7.35,TEC-AC-10000397,Newark
3072,CA-2014-119375,2014-11-22,Standard Class,YC-21895,19711,124.41,14.93,FUR-FU-10002379,Newark
1604,CA-2017-116645,2017-12-04,Standard Class,ME-17725,19711,155.94,45.22,OFF-AR-10001044,Newark
6539,CA-2015-109862,2015-10-30,Standard Class,HK-14890,19711,158.99,41.34,TEC-PH-10004042,Newark
8409,CA-2017-140480,2017-07-12,Standard Class,HE-14800,19711,174.95,45.49,OFF-AR-10004010,Newark
8336,CA-2017-161655,2017-05-18,Second Class,CW-11905,19711,299.52,149.76,OFF-BI-10002082,Newark
6540,CA-2015-109862,2015-10-30,Standard Class,HK-14890,19711,291.10,75.69,FUR-CH-10002439,Newark
3091,CA-2016-112123,2016-03-08,Standard Class,BH-11710,19711,447.86,219.45,OFF-BI-10001071,Newark
2738,CA-2015-115798,2015-11-19,Standard Class,KL-16645,19711,299.97,56.99,FUR-BO-10004467,Newark
3727,CA-2016-165169,2016-06-11,Standard Class,JL-15235,19711,360.38,93.70,OFF-ST-10001496,Newark
2736,CA-2015-115798,2015-11-19,Standard Class,KL-16645,19711,377.97,94.49,TEC-PH-10003691,Newark
7640,CA-2017-104885,2017-03-08,Standard Class,DB-13555,19711,441.96,101.65,FUR-BO-10003660,Newark
5211,CA-2015-156755,2015-01-18,Standard Class,YS-21880,19711,465.18,120.95,OFF-ST-10002615,Newark
3092,CA-2016-112123,2016-03-08,Standard Class,BH-11710,19711,479.95,129.59,TEC-PH-10001557,Newark
6346,CA-2015-146255,2015-03-10,First Class,EM-14140,19711,587.97,170.51,TEC-PH-10001619,Newark
3071,CA-2014-119375,2014-11-22,Standard Class,YC-21895,19711,2934.33,792.27,OFF-ST-10002011,Newark
4191,CA-2017-166709,2017-11-22,Standard Class,HL-15040,19711,10499.97,5039.99,TEC-CO-10004722,Newark
4943,CA-2015-156482,2015-02-13,Standard Class,IL-15100,19805,5.68,1.76,OFF-AR-10001022,Wilmington
5393,US-2014-123183,2014-11-25,Standard Class,GR-14560,19805,9.96,4.58,OFF-LA-10001569,Wilmington
9705,CA-2017-147032,2017-08-04,Standard Class,LB-16795,19805,11.01,5.39,OFF-BI-10002897,Wilmington
9703,CA-2017-147032,2017-08-04,Standard Class,LB-16795,19805,11.54,5.54,OFF-PA-10003256,Wilmington
8817,CA-2015-144274,2015-11-25,Second Class,PW-19240,19805,13.12,5.64,OFF-AR-10001940,Wilmington
8818,CA-2015-144274,2015-11-25,Second Class,PW-19240,19805,16.56,7.78,OFF-EN-10003286,Wilmington
5392,US-2014-123183,2014-11-25,Standard Class,GR-14560,19805,22.50,10.80,OFF-LA-10002787,Wilmington
2091,CA-2017-166142,2017-07-19,Standard Class,MM-17260,19805,26.55,13.01,OFF-BI-10004094,Wilmington
121,CA-2016-103730,2016-06-15,First Class,SC-20725,19805,30.84,13.88,OFF-BI-10003910,Wilmington
8819,CA-2015-144274,2015-11-25,Second Class,PW-19240,19805,38.88,18.66,OFF-PA-10003441,Wilmington
8816,CA-2015-144274,2015-11-25,Second Class,PW-19240,19805,44.10,20.73,OFF-PA-10001583,Wilmington
120,CA-2016-103730,2016-06-15,First Class,SC-20725,19805,47.04,18.35,FUR-FU-10002157,Wilmington
124,CA-2016-103730,2016-06-15,First Class,SC-20725,19805,68.04,19.73,TEC-PH-10003875,Wilmington
4622,CA-2015-161214,2015-10-08,Second Class,SF-20965,19805,77.55,21.71,OFF-ST-10001328,Wilmington
123,CA-2016-103730,2016-06-15,First Class,SC-20725,19805,115.02,51.76,OFF-EN-10002500,Wilmington
5394,US-2014-123183,2014-11-25,Standard Class,GR-14560,19805,213.08,102.28,OFF-BI-10002429,Wilmington
5041,CA-2015-136469,2015-07-12,First Class,TS-21370,19805,221.06,103.90,OFF-BI-10004492,Wilmington
122,CA-2016-103730,2016-06-15,First Class,SC-20725,19805,226.56,63.44,OFF-ST-10000777,Wilmington
4942,CA-2015-156482,2015-02-13,Standard Class,IL-15100,19805,283.92,82.34,FUR-BO-10002598,Wilmington
8815,CA-2015-144274,2015-11-25,Second Class,PW-19240,19805,307.98,89.31,TEC-PH-10003012,Wilmington
5039,CA-2015-136469,2015-07-12,First Class,TS-21370,19805,199.84,-37.11,FUR-TA-10001520,Wilmington
5065,CA-2017-122196,2017-09-24,First Class,CA-12265,19805,391.98,113.67,TEC-PH-10004977,Wilmington
2092,CA-2017-166142,2017-07-19,Standard Class,MM-17260,19805,310.44,-48.78,FUR-TA-10004607,Wilmington
9704,CA-2017-147032,2017-08-04,Standard Class,LB-16795,19805,849.95,390.98,OFF-BI-10003656,Wilmington
5040,CA-2015-136469,2015-07-12,First Class,TS-21370,19805,716.00,193.32,TEC-PH-10001817,Wilmington
5395,US-2014-123183,2014-11-25,Standard Class,GR-14560,19805,1025.88,235.95,FUR-BO-10000362,Wilmington
4941,CA-2015-156482,2015-02-13,Standard Class,IL-15100,19805,1268.82,266.45,FUR-CH-10001708,Wilmington
1640,CA-2016-157266,2016-05-31,Standard Class,TB-21280,20016,9.64,4.43,OFF-BI-10004728,Washington
1641,CA-2016-157266,2016-05-31,Standard Class,TB-21280,20016,12.70,5.84,OFF-PA-10004675,Washington
1639,CA-2016-157266,2016-05-31,Standard Class,TB-21280,20016,19.44,9.33,OFF-PA-10002689,Washington
1021,CA-2015-124450,2015-05-03,Standard Class,GT-14710,20016,22.74,8.87,OFF-AR-10001166,Washington
4597,CA-2016-140564,2016-12-10,Second Class,TC-21475,20016,33.92,13.23,OFF-AR-10000034,Washington
1846,US-2017-158512,2017-01-17,Second Class,DA-13450,20016,40.08,19.24,OFF-PA-10001804,Washington
1847,US-2017-158512,2017-01-17,Second Class,DA-13450,20016,37.68,15.83,FUR-FU-10004973,Washington
1642,CA-2016-157266,2016-05-31,Standard Class,TB-21280,20016,41.37,17.38,FUR-FU-10000629,Washington
1023,CA-2015-124450,2015-05-03,Standard Class,GT-14710,20016,1379.92,648.56,TEC-MA-10004212,Washington
1022,CA-2015-124450,2015-05-03,Standard Class,GT-14710,20016,1267.53,316.88,FUR-CH-10000309,Washington
9157,CA-2014-134215,2014-08-08,Standard Class,ML-17395,4401,101.96,27.53,OFF-AP-10001271,Bangor
2257,CA-2016-164091,2016-09-22,Standard Class,LA-16780,4401,109.48,33.94,FUR-FU-10004952,Bangor
9158,CA-2014-134215,2014-08-08,Standard Class,ML-17395,4401,259.74,124.68,OFF-PA-10004353,Bangor
9159,CA-2014-134215,2014-08-08,Standard Class,ML-17395,4401,255.42,104.72,TEC-AC-10002473,Bangor
2256,CA-2016-164091,2016-09-22,Standard Class,LA-16780,4401,437.85,131.35,TEC-PH-10001944,Bangor
4736,CA-2015-155054,2015-06-19,Standard Class,PS-19045,4240,8.26,3.88,OFF-BI-10004970,Lewiston
4737,CA-2015-155054,2015-06-19,Standard Class,PS-19045,4240,29.84,13.43,OFF-BI-10002824,Lewiston
4738,CA-2015-155054,2015-06-19,Standard Class,PS-19045,4240,67.98,14.96,TEC-AC-10003657,Lewiston
4246,CA-2017-117702,2017-12-04,Standard Class,LS-16975,21215,1.64,0.74,OFF-AR-10004582,Baltimore
1777,CA-2014-118976,2014-05-03,Standard Class,MY-18295,21215,3.15,1.51,OFF-LA-10000452,Baltimore
6459,US-2017-133361,2017-05-17,First Class,AJ-10780,21215,3.76,1.09,OFF-AR-10001919,Baltimore
1776,CA-2014-118976,2014-05-03,Standard Class,MY-18295,21215,5.34,1.50,OFF-AR-10004752,Baltimore
6708,CA-2014-167724,2014-04-18,Standard Class,BF-11170,21215,7.83,3.60,OFF-LA-10002368,Baltimore
4718,CA-2015-129042,2015-12-17,Standard Class,EM-13960,21215,8.22,2.22,OFF-AR-10001662,Baltimore
4602,CA-2015-146948,2015-07-20,Standard Class,MG-17890,21215,11.52,5.41,OFF-FA-10001332,Baltimore
6781,US-2016-147711,2016-09-08,Second Class,HF-14995,21215,12.76,5.87,OFF-BI-10003350,Baltimore
5599,CA-2017-151176,2017-02-20,Standard Class,SV-20785,21215,10.71,2.78,OFF-AR-10000614,Baltimore
6460,US-2017-133361,2017-05-17,First Class,AJ-10780,21215,14.70,6.62,OFF-AR-10003045,Baltimore
6780,US-2016-147711,2016-09-08,Second Class,HF-14995,21215,14.76,4.28,FUR-FU-10002364,Baltimore
1774,CA-2014-118976,2014-05-03,Standard Class,MY-18295,21215,20.86,9.39,OFF-BI-10001628,Baltimore
5890,CA-2016-166625,2016-04-17,First Class,JM-15580,21215,25.06,11.78,OFF-BI-10002414,Baltimore
4248,CA-2017-117702,2017-12-04,Standard Class,LS-16975,21215,20.90,7.52,FUR-FU-10004270,Baltimore
5694,US-2015-138093,2015-12-16,Standard Class,KM-16225,21215,26.40,12.67,OFF-PA-10000143,Baltimore
5691,US-2015-138093,2015-12-16,Standard Class,KM-16225,21215,27.36,9.30,OFF-AR-10000817,Baltimore
5598,CA-2017-151176,2017-02-20,Standard Class,SV-20785,21215,25.02,6.51,OFF-SU-10001165,Baltimore
2077,CA-2017-140676,2017-09-15,First Class,BF-11080,21215,39.90,19.95,OFF-PA-10004082,Baltimore
5692,US-2015-138093,2015-12-16,Standard Class,KM-16225,21215,44.75,20.59,OFF-PA-10001509,Baltimore
6461,US-2017-133361,2017-05-17,First Class,AJ-10780,21215,37.20,9.30,OFF-AR-10003338,Baltimore
6782,US-2016-147711,2016-09-08,Second Class,HF-14995,21215,58.48,27.49,OFF-LA-10004093,Baltimore
6464,US-2017-133361,2017-05-17,First Class,AJ-10780,21215,74.00,37.00,OFF-LA-10004544,Baltimore
7739,CA-2017-141103,2017-08-06,Standard Class,JF-15355,21215,89.95,43.18,TEC-PH-10003589,Baltimore
2079,CA-2017-140676,2017-09-15,First Class,BF-11080,21215,94.85,45.53,OFF-PA-10004243,Baltimore
8090,US-2015-117492,2015-08-09,First Class,NS-18640,21215,77.58,20.17,OFF-AP-10001492,Baltimore
2704,CA-2014-143413,2014-05-30,Standard Class,RP-19390,21215,116.28,56.98,OFF-PA-10002319,Baltimore
2078,CA-2017-140676,2017-09-15,First Class,BF-11080,21215,90.86,26.35,OFF-AP-10000358,Baltimore
7180,US-2016-144351,2016-11-18,Standard Class,RC-19960,21215,89.97,25.19,TEC-PH-10001644,Baltimore
6462,US-2017-133361,2017-05-17,First Class,AJ-10780,21215,89.97,18.89,TEC-AC-10003280,Baltimore
4601,CA-2015-146948,2015-07-20,Standard Class,MG-17890,21215,137.25,63.13,OFF-EN-10000483,Baltimore
6694,CA-2017-144225,2017-10-02,Second Class,CC-12475,21215,164.88,80.79,OFF-PA-10000062,Baltimore
4186,CA-2016-111493,2016-10-22,First Class,CM-12160,21215,98.16,9.82,TEC-AC-10004510,Baltimore
5693,US-2015-138093,2015-12-16,Standard Class,KM-16225,21215,134.99,36.45,TEC-PH-10004667,Baltimore
4600,CA-2015-146948,2015-07-20,Standard Class,MG-17890,21215,150.98,43.78,FUR-CH-10004853,Baltimore
4272,CA-2016-123806,2016-11-27,Second Class,LA-16780,21215,207.76,85.18,FUR-FU-10000965,Baltimore
8432,CA-2017-155621,2017-11-13,Standard Class,KN-16450,21215,274.20,112.42,FUR-FU-10003535,Baltimore
6463,US-2017-133361,2017-05-17,First Class,AJ-10780,21215,261.96,23.58,FUR-CH-10003298,Baltimore
8157,CA-2016-131296,2016-10-09,Standard Class,MS-17830,21215,239.37,-23.94,FUR-TA-10002622,Baltimore
6779,US-2016-147711,2016-09-08,Second Class,HF-14995,21215,344.94,31.04,FUR-BO-10003159,Baltimore
1775,CA-2014-118976,2014-05-03,Standard Class,MY-18295,21215,497.61,129.38,OFF-ST-10000877,Baltimore
5695,US-2015-138093,2015-12-16,Standard Class,KM-16225,21215,542.94,141.16,FUR-CH-10000785,Baltimore
7184,CA-2017-128853,2017-04-23,First Class,JM-15250,21215,908.82,227.21,FUR-CH-10004218,Baltimore
4247,CA-2017-117702,2017-12-04,Standard Class,LS-16975,21215,1049.20,272.79,FUR-FU-10000576,Baltimore
7811,CA-2016-134334,2016-02-15,First Class,DK-13090,20735,4.77,2.15,OFF-PA-10000791,Clinton
7812,CA-2016-134334,2016-02-15,First Class,DK-13090,20735,7.98,2.07,OFF-AR-10001770,Clinton
7814,CA-2016-134334,2016-02-15,First Class,DK-13090,20735,10.56,4.65,FUR-FU-10003274,Clinton
3681,CA-2015-132626,2015-07-14,Standard Class,BT-11680,20735,12.39,5.70,OFF-LA-10000476,Clinton
6603,CA-2014-154095,2014-12-07,Standard Class,ON-18715,20735,15.66,7.20,OFF-LA-10000634,Clinton
3678,CA-2015-132626,2015-07-14,Standard Class,BT-11680,20735,15.80,5.06,OFF-FA-10002763,Clinton
5582,CA-2017-163818,2017-10-08,Standard Class,PS-18970,20735,19.98,8.59,FUR-FU-10000076,Clinton
2368,CA-2017-123659,2017-02-13,First Class,MN-17935,20735,23.12,11.33,OFF-PA-10002464,Clinton
1094,CA-2015-165085,2015-12-31,Standard Class,BT-11485,20735,28.90,14.16,OFF-PA-10000605,Clinton
3685,CA-2015-132626,2015-07-14,Standard Class,BT-11680,20735,43.68,21.40,OFF-BI-10001634,Clinton
3734,CA-2015-109575,2015-09-23,Standard Class,KH-16630,20735,65.08,31.89,OFF-BI-10000962,Clinton
3730,CA-2015-109575,2015-09-23,Standard Class,KH-16630,20735,41.96,7.97,OFF-ST-10004950,Clinton
6600,CA-2014-154095,2014-12-07,Standard Class,ON-18715,20735,60.72,23.68,FUR-FU-10003849,Clinton
3682,CA-2015-132626,2015-07-14,Standard Class,BT-11680,20735,84.09,42.05,OFF-BI-10002854,Clinton
1372,CA-2017-136672,2017-03-12,Standard Class,MG-17890,20735,49.08,4.91,TEC-AC-10004510,Clinton
3683,CA-2015-132626,2015-07-14,Standard Class,BT-11680,20735,79.36,32.54,OFF-AR-10002987,Clinton
6610,US-2015-118906,2015-03-10,Same Day,KB-16585,20735,89.82,25.15,OFF-ST-10002406,Clinton
3686,CA-2015-132626,2015-07-14,Standard Class,BT-11680,20735,98.21,28.48,OFF-ST-10003722,Clinton
6601,CA-2014-154095,2014-12-07,Standard Class,ON-18715,20735,146.82,73.41,OFF-PA-10002923,Clinton
3684,CA-2015-132626,2015-07-14,Standard Class,BT-11680,20735,153.36,70.55,OFF-BI-10004001,Clinton
3680,CA-2015-132626,2015-07-14,Standard Class,BT-11680,20735,181.96,20.02,FUR-FU-10002918,Clinton
6602,CA-2014-154095,2014-12-07,Standard Class,ON-18715,20735,239.84,64.76,FUR-CH-10004754,Clinton
9370,CA-2017-113460,2017-11-09,Second Class,KN-16390,20735,272.97,43.68,FUR-CH-10000422,Clinton
1095,CA-2015-165085,2015-12-31,Standard Class,BT-11485,20735,355.96,103.23,OFF-AP-10002518,Clinton
3679,CA-2015-132626,2015-07-14,Standard Class,BT-11680,20735,464.97,209.24,TEC-MA-10002428,Clinton
3732,CA-2015-109575,2015-09-23,Standard Class,KH-16630,20735,499.99,130.00,TEC-PH-10000730,Clinton
7813,CA-2016-134334,2016-02-15,First Class,DK-13090,20735,550.43,-47.18,FUR-TA-10002356,Clinton
3731,CA-2015-109575,2015-09-23,Standard Class,KH-16630,20735,636.86,0.00,OFF-ST-10004123,Clinton
3733,CA-2015-109575,2015-09-23,Standard Class,KH-16630,20735,1259.93,327.58,TEC-PH-10000895,Clinton
8760,CA-2016-114307,2016-07-26,Standard Class,MF-17665,21044,5.40,2.59,OFF-BI-10002012,Columbia
3182,CA-2017-152912,2017-11-12,Second Class,BM-11650,21044,9.64,4.43,OFF-BI-10004728,Columbia
7765,US-2017-118941,2017-08-12,Same Day,BB-11545,21044,17.52,5.26,OFF-AR-10004078,Columbia
3605,CA-2017-112956,2017-08-27,Standard Class,TH-21550,21044,25.16,8.55,FUR-FU-10003976,Columbia
8759,CA-2016-114307,2016-07-26,Standard Class,MF-17665,21044,27.42,9.32,FUR-FU-10000794,Columbia
888,CA-2017-150707,2017-10-19,Standard Class,EL-13735,21044,37.66,18.45,OFF-BI-10001078,Columbia
8758,CA-2016-114307,2016-07-26,Standard Class,MF-17665,21044,51.84,24.88,OFF-PA-10004100,Columbia
8757,CA-2016-114307,2016-07-26,Standard Class,MF-17665,21044,37.68,10.55,OFF-AP-10002350,Columbia
5239,CA-2014-166744,2014-09-24,Standard Class,DN-13690,21044,59.98,26.39,TEC-AC-10003628,Columbia
3606,CA-2017-112956,2017-08-27,Standard Class,TH-21550,21044,91.92,31.25,FUR-FU-10004960,Columbia
7922,CA-2017-107713,2017-03-17,Standard Class,JB-16000,21044,174.30,81.92,OFF-BI-10002026,Columbia
4400,CA-2016-131737,2016-03-17,Same Day,GZ-14470,21044,199.90,89.95,OFF-EN-10003055,Columbia
5237,CA-2014-166744,2014-09-24,Standard Class,DN-13690,21044,164.22,50.91,FUR-FU-10004952,Columbia
3604,CA-2017-112956,2017-08-27,Standard Class,TH-21550,21044,277.40,133.15,OFF-PA-10000357,Columbia
7767,US-2017-118941,2017-08-12,Same Day,BB-11545,21044,219.90,59.37,OFF-AR-10001953,Columbia
5238,CA-2014-166744,2014-09-24,Standard Class,DN-13690,21044,362.94,36.29,FUR-BO-10001337,Columbia
3185,CA-2017-152912,2017-11-12,Second Class,BM-11650,21044,544.38,157.87,OFF-ST-10003208,Columbia
3183,CA-2017-152912,2017-11-12,Second Class,BM-11650,21044,826.62,355.45,TEC-AC-10004666,Columbia
4401,CA-2016-131737,2016-03-17,Same Day,GZ-14470,21044,901.95,297.64,OFF-AP-10002945,Columbia
4402,CA-2016-131737,2016-03-17,Same Day,GZ-14470,21044,971.50,252.59,FUR-FU-10004306,Columbia
3184,CA-2017-152912,2017-11-12,Second Class,BM-11650,21044,1633.14,473.61,OFF-ST-10003208,Columbia
7281,CA-2015-162782,2015-02-27,Standard Class,PW-19240,21044,2541.98,1270.99,OFF-BI-10003527,Columbia
7766,US-2017-118941,2017-08-12,Same Day,BB-11545,21044,1779.90,373.78,FUR-CH-10002331,Columbia
4919,CA-2016-160304,2016-01-07,Standard Class,BM-11575,20877,173.94,38.27,FUR-BO-10004709,Gaithersburg
4920,CA-2016-160304,2016-01-07,Standard Class,BM-11575,20877,231.98,67.27,TEC-PH-10000455,Gaithersburg
9294,US-2017-116505,2017-11-21,Second Class,TB-21625,21740,43.80,20.59,OFF-BI-10000050,Hagerstown
9132,CA-2017-100055,2017-05-31,Standard Class,MD-17860,20707,27.46,9.89,FUR-FU-10001473,Laurel
9133,CA-2017-100055,2017-05-31,Standard Class,MD-17860,20707,125.13,36.29,OFF-AP-10001469,Laurel
8190,CA-2015-140375,2015-10-05,Second Class,SG-20470,20852,7.38,3.62,OFF-BI-10000320,Rockville
8189,CA-2015-140375,2015-10-05,Second Class,SG-20470,20852,19.44,9.33,OFF-PA-10001870,Rockville
9068,CA-2016-150077,2016-02-10,Standard Class,MS-17365,20852,90.48,23.52,TEC-PH-10002890,Rockville
1178,CA-2016-113621,2016-12-05,Standard Class,JE-15745,20852,172.50,51.75,FUR-CH-10001270,Rockville
1179,CA-2016-113621,2016-12-05,Standard Class,JE-15745,20852,179.97,44.99,TEC-PH-10003931,Rockville
8332,CA-2016-153269,2016-03-12,First Class,PS-18760,1810,11.21,3.36,OFF-ST-10004634,Andover
8334,CA-2016-153269,2016-03-12,First Class,PS-18760,1810,17.94,8.79,OFF-PA-10001801,Andover
8335,CA-2016-153269,2016-03-12,First Class,PS-18760,1810,51.80,23.31,OFF-BI-10004632,Andover
8333,CA-2016-153269,2016-03-12,First Class,PS-18760,1810,354.90,88.72,FUR-CH-10002647,Andover
6298,CA-2014-141313,2014-12-31,Standard Class,AJ-10780,1915,141.76,66.63,OFF-PA-10003302,Beverly
6297,CA-2014-141313,2014-12-31,Standard Class,AJ-10780,1915,704.25,84.51,OFF-ST-10000689,Beverly
6296,CA-2014-141313,2014-12-31,Standard Class,AJ-10780,1915,1737.18,503.78,OFF-AP-10002651,Beverly
6269,CA-2015-115392,2015-10-04,Second Class,RM-19675,2138,22.45,10.33,OFF-BI-10000829,Cambridge
8745,CA-2015-162376,2015-11-25,Second Class,HD-14785,2138,17.12,4.96,OFF-AR-10003056,Cambridge
8044,US-2017-133081,2017-03-15,Standard Class,PV-18985,2138,26.72,11.76,FUR-FU-10001379,Cambridge
8746,CA-2015-162376,2015-11-25,Second Class,HD-14785,2138,59.94,28.17,OFF-PA-10000300,Cambridge
8043,US-2017-133081,2017-03-15,Standard Class,PV-18985,2138,63.88,24.91,TEC-AC-10001772,Cambridge
6268,CA-2015-115392,2015-10-04,Second Class,RM-19675,2138,311.98,93.59,TEC-PH-10002496,Cambridge
1539,CA-2017-121888,2017-09-17,Second Class,CL-11890,2149,16.28,6.51,OFF-AR-10003478,Everett
8910,CA-2017-160661,2017-10-31,Standard Class,SA-20830,2149,21.93,10.31,OFF-LA-10002475,Everett
7669,CA-2015-130974,2015-11-29,Second Class,MA-17560,2149,40.08,19.24,OFF-PA-10000743,Everett
8227,CA-2017-104136,2017-11-04,Second Class,SF-20065,2149,40.99,20.09,OFF-PA-10001033,Everett
1538,CA-2017-121888,2017-09-17,Second Class,CL-11890,2149,39.99,11.60,TEC-PH-10000439,Everett
7670,CA-2015-130974,2015-11-29,Second Class,MA-17560,2149,59.94,28.17,OFF-PA-10001019,Everett
7673,CA-2015-130974,2015-11-29,Second Class,MA-17560,2149,38.97,4.68,FUR-FU-10002506,Everett
2846,CA-2017-138163,2017-11-20,First Class,XP-21865,2149,50.94,14.26,OFF-AR-10001958,Everett
3762,CA-2017-104577,2017-05-17,Standard Class,CK-12205,2149,87.60,42.05,OFF-PA-10000659,Everett
9635,CA-2014-151330,2014-10-17,First Class,TC-21295,2149,79.45,22.25,OFF-ST-10000615,Everett
7674,CA-2015-130974,2015-11-29,Second Class,MA-17560,2149,154.90,69.70,OFF-PA-10003823,Everett
8226,CA-2017-104136,2017-11-04,Second Class,SF-20065,2149,189.70,91.06,OFF-PA-10004243,Everett
1541,CA-2017-121888,2017-09-17,Second Class,CL-11890,2149,242.48,116.39,OFF-BI-10001765,Everett
7672,CA-2015-130974,2015-11-29,Second Class,MA-17560,2149,170.98,32.49,FUR-BO-10002916,Everett
9634,CA-2014-151330,2014-10-17,First Class,TC-21295,2149,177.00,30.09,TEC-AC-10000865,Everett
7671,CA-2015-130974,2015-11-29,Second Class,MA-17560,2149,259.98,88.39,TEC-AC-10003095,Everett
4619,CA-2015-117800,2015-09-26,Standard Class,TH-21550,2149,542.94,141.16,FUR-CH-10000785,Everett
4618,CA-2015-117800,2015-09-26,Standard Class,TH-21550,2149,589.90,147.47,TEC-PH-10002415,Everett
7675,CA-2015-130974,2015-11-29,Second Class,MA-17560,2149,446.07,0.00,FUR-TA-10004619,Everett
1540,CA-2017-121888,2017-09-17,Second Class,CL-11890,2149,782.94,203.56,FUR-BO-10002545,Everett
9636,CA-2014-151330,2014-10-17,First Class,TC-21295,2149,1628.82,260.61,FUR-CH-10000749,Everett
1782,CA-2015-111094,2015-07-13,Standard Class,CB-12535,2038,6.58,3.03,OFF-PA-10001609,Franklin
1918,CA-2015-105634,2015-11-14,Standard Class,HA-14905,2038,11.65,3.38,OFF-AR-10001573,Franklin
2855,CA-2017-137344,2017-08-20,Same Day,EM-13810,2038,40.29,10.48,OFF-ST-10000344,Franklin
2342,US-2014-143231,2015-01-03,First Class,GM-14455,2038,63.20,23.38,FUR-FU-10002501,Franklin
2817,CA-2015-104626,2015-09-08,Standard Class,DR-12940,2038,60.74,15.19,FUR-CH-10003817,Franklin
4185,CA-2016-143749,2016-12-07,First Class,AG-10300,2038,81.94,20.48,FUR-BO-10002853,Franklin
8394,CA-2016-142594,2016-12-06,Second Class,EJ-14155,2038,111.15,48.91,FUR-FU-10002045,Franklin
2816,CA-2015-104626,2015-09-08,Standard Class,DR-12940,2038,114.60,51.57,OFF-BI-10001510,Franklin
1783,CA-2015-111094,2015-07-13,Standard Class,CB-12535,2038,122.94,59.01,OFF-BI-10001597,Franklin
2343,US-2014-143231,2015-01-03,First Class,GM-14455,2038,113.97,27.35,TEC-AC-10000358,Franklin
2818,CA-2015-104626,2015-09-08,Standard Class,DR-12940,2038,124.36,27.36,FUR-FU-10000308,Franklin
8393,CA-2016-142594,2016-12-06,Second Class,EJ-14155,2038,137.94,35.86,TEC-PH-10000193,Franklin
8396,CA-2016-142594,2016-12-06,Second Class,EJ-14155,2038,366.01,-47.06,FUR-TA-10001095,Franklin
8395,CA-2016-142594,2016-12-06,Second Class,EJ-14155,2038,901.95,297.64,OFF-AP-10002945,Franklin
2819,CA-2015-104626,2015-09-08,Standard Class,DR-12940,2038,1088.76,315.74,OFF-ST-10003208,Franklin
2747,CA-2014-155887,2014-05-17,Standard Class,KT-16480,2038,700.06,-130.01,FUR-TA-10002228,Franklin
378,US-2017-134481,2017-08-31,Standard Class,AR-10405,2038,1488.42,-297.68,FUR-TA-10004915,Franklin
2416,CA-2015-146087,2015-07-11,Standard Class,PP-18955,1040,301.96,60.39,FUR-BO-10002824,Holyoke
1312,CA-2016-141082,2016-12-13,Standard Class,FM-14380,1841,3.69,1.73,OFF-LA-10001404,Lawrence
8351,US-2015-115238,2015-05-04,Standard Class,JW-15220,1841,6.48,3.11,OFF-PA-10002689,Lawrence
5327,CA-2015-152681,2015-01-22,Standard Class,SC-20260,1841,6.68,2.00,OFF-AR-10003183,Lawrence
8348,US-2015-115238,2015-05-04,Standard Class,JW-15220,1841,9.48,3.79,FUR-FU-10002445,Lawrence
6565,CA-2014-166086,2014-05-12,Standard Class,CT-11995,1841,8.64,2.51,OFF-AR-10002578,Lawrence
6563,CA-2014-166086,2014-05-12,Standard Class,CT-11995,1841,16.14,7.91,OFF-BI-10001078,Lawrence
5878,CA-2014-152443,2014-05-26,Standard Class,FG-14260,1841,17.94,8.79,OFF-PA-10003022,Lawrence
7701,CA-2017-151799,2017-12-18,Standard Class,BF-11170,1841,17.28,8.12,OFF-FA-10001332,Lawrence
6425,CA-2017-115777,2017-08-24,Standard Class,DO-13645,1841,19.44,9.33,OFF-PA-10000552,Lawrence
4926,CA-2017-126438,2017-09-13,First Class,AR-10345,1841,14.88,3.72,OFF-AR-10003338,Lawrence
526,CA-2015-158792,2016-01-02,Standard Class,BD-11605,1841,22.20,10.43,OFF-FA-10002815,Lawrence
8350,US-2015-115238,2015-05-04,Standard Class,JW-15220,1841,24.30,10.45,FUR-FU-10001025,Lawrence
8347,US-2015-115238,2015-05-04,Standard Class,JW-15220,1841,31.40,13.19,FUR-FU-10002960,Lawrence
7700,CA-2017-151799,2017-12-18,Standard Class,BF-11170,1841,25.71,6.68,OFF-SU-10001664,Lawrence
8037,CA-2015-153738,2015-09-22,First Class,AG-10270,1841,37.68,16.96,OFF-BI-10001308,Lawrence
424,CA-2017-125388,2017-10-23,Standard Class,MP-17965,1841,32.70,8.50,OFF-ST-10000918,Lawrence
6661,CA-2015-129322,2015-08-10,Second Class,DB-13405,1841,39.66,11.90,OFF-AR-10004587,Lawrence
1325,CA-2014-107153,2014-10-03,Standard Class,GZ-14545,1841,46.26,12.49,OFF-ST-10001321,Lawrence
423,CA-2017-125388,2017-10-23,Standard Class,MP-17965,1841,56.56,14.71,FUR-FU-10004712,Lawrence
1313,CA-2016-141082,2016-12-13,Standard Class,FM-14380,1841,122.12,56.18,OFF-LA-10001474,Lawrence
7699,CA-2017-151799,2017-12-18,Standard Class,BF-11170,1841,73.85,2.22,OFF-ST-10002790,Lawrence
6662,CA-2015-129322,2015-08-10,Second Class,DB-13405,1841,113.92,33.04,OFF-AP-10004336,Lawrence
8349,US-2015-115238,2015-05-04,Standard Class,JW-15220,1841,209.50,58.66,TEC-PH-10001300,Lawrence
5879,CA-2014-152443,2014-05-26,Standard Class,FG-14260,1841,245.88,68.85,OFF-AP-10001293,Lawrence
4415,CA-2017-132339,2017-08-23,Standard Class,JB-15400,1841,387.99,182.36,OFF-BI-10003925,Lawrence
5877,CA-2014-152443,2014-05-26,Standard Class,FG-14260,1841,447.86,219.45,OFF-BI-10001071,Lawrence
6564,CA-2014-166086,2014-05-12,Standard Class,CT-11995,1841,194.25,-38.85,FUR-TA-10003469,Lawrence
6663,CA-2015-129322,2015-08-10,Second Class,DB-13405,1841,447.86,210.49,OFF-BI-10001718,Lawrence
5595,CA-2017-160325,2017-09-24,Same Day,BP-11095,1841,391.98,109.75,TEC-PH-10000984,Lawrence
5596,CA-2017-160325,2017-09-24,Same Day,BP-11095,1841,437.85,131.35,TEC-PH-10001944,Lawrence
7702,CA-2017-151799,2017-12-18,Standard Class,BF-11170,1841,526.58,-52.66,FUR-TA-10003473,Lawrence
6566,CA-2014-166086,2014-05-12,Standard Class,CT-11995,1841,872.32,244.25,FUR-CH-10004675,Lawrence
7698,CA-2017-151799,2017-12-18,Standard Class,BF-11170,1841,1199.98,467.99,TEC-CO-10002313,Lawrence
5769,CA-2015-154900,2015-02-28,Standard Class,SS-20875,1453,3.15,1.51,OFF-LA-10001641,Leominster
2032,CA-2015-117961,2015-11-30,Standard Class,GP-14740,1453,10.95,5.15,OFF-PA-10001274,Leominster
2029,CA-2015-117961,2015-11-30,Standard Class,GP-14740,1453,14.73,6.92,OFF-BI-10000343,Leominster
5770,CA-2015-154900,2015-02-28,Standard Class,SS-20875,1453,22.72,10.22,OFF-PA-10002377,Leominster
2031,CA-2015-117961,2015-11-30,Standard Class,GP-14740,1453,61.04,30.52,OFF-BI-10003707,Leominster
2030,CA-2015-117961,2015-11-30,Standard Class,GP-14740,1453,104.90,25.18,OFF-ST-10001172,Leominster
9729,CA-2017-167395,2017-12-04,First Class,KM-16720,1852,4.36,0.17,OFF-SU-10001935,Lowell
347,CA-2017-134306,2017-07-12,Standard Class,TD-20995,1852,7.56,3.10,OFF-AR-10004027,Lowell
8006,CA-2014-143210,2014-12-03,First Class,AA-10645,1852,9.82,3.24,FUR-FU-10002268,Lowell
349,CA-2017-134306,2017-07-12,Standard Class,TD-20995,1852,12.96,4.15,OFF-AR-10001374,Lowell
348,CA-2017-134306,2017-07-12,Standard Class,TD-20995,1852,24.56,11.54,OFF-PA-10000249,Lowell
2673,CA-2014-126403,2014-09-12,Second Class,RR-19525,1852,26.20,12.84,OFF-PA-10004665,Lowell
8005,CA-2014-143210,2014-12-03,First Class,AA-10645,1852,45.84,15.59,FUR-FU-10003878,Lowell
3188,CA-2017-159352,2017-03-17,Standard Class,KB-16585,1852,69.93,32.17,TEC-PH-10004700,Lowell
5085,CA-2016-108350,2016-06-09,Second Class,SC-20230,1852,105.52,48.54,OFF-PA-10003656,Lowell
2671,CA-2014-126403,2014-09-12,Second Class,RR-19525,1852,166.44,79.89,OFF-PA-10001144,Lowell
8004,CA-2014-143210,2014-12-03,First Class,AA-10645,1852,271.90,78.85,TEC-PH-10004434,Lowell
9727,CA-2017-167395,2017-12-04,First Class,KM-16720,1852,286.86,80.32,OFF-AP-10001293,Lowell
434,CA-2016-127369,2016-06-07,First Class,DB-13060,1852,714.30,207.15,OFF-ST-10003306,Lowell
2672,CA-2014-126403,2014-09-12,Second Class,RR-19525,1852,785.88,212.19,FUR-CH-10003761,Lowell
9728,CA-2017-167395,2017-12-04,First Class,KM-16720,1852,979.95,284.19,TEC-PH-10004977,Lowell
2674,CA-2014-126403,2014-09-12,Second Class,RR-19525,1852,1325.85,238.65,OFF-ST-10000078,Lowell
2545,US-2016-114174,2016-09-14,Standard Class,AP-10720,2148,14.76,6.94,OFF-LA-10000248,Malden
2394,CA-2016-128111,2016-03-23,Standard Class,CS-12355,2148,39.68,10.32,OFF-AR-10000588,Malden
2544,US-2016-114174,2016-09-14,Standard Class,AP-10720,2148,173.94,13.92,FUR-BO-10003450,Malden
9028,US-2016-152415,2016-09-22,Standard Class,PO-18865,1752,14.82,6.22,FUR-FU-10002597,Marlborough
9029,US-2016-152415,2016-09-22,Standard Class,PO-18865,1752,191.82,61.38,FUR-FU-10004864,Marlborough
8948,CA-2017-148355,2017-12-28,Standard Class,NC-18535,2740,12.30,6.15,OFF-BI-10000201,New Bedford
8947,CA-2017-148355,2017-12-28,Standard Class,NC-18535,2740,19.44,9.33,OFF-PA-10001972,New Bedford
8607,CA-2017-162936,2017-08-22,Standard Class,CM-12160,2740,23.18,7.65,TEC-AC-10003614,New Bedford
1458,CA-2015-111297,2015-08-21,Standard Class,SC-20440,2740,52.20,23.49,OFF-BI-10002412,New Bedford
6007,CA-2017-129581,2017-12-18,Standard Class,KN-16390,2740,128.85,3.87,TEC-PH-10001527,New Bedford
3346,CA-2016-145982,2016-08-31,Second Class,TB-21055,2169,11.68,5.26,OFF-FA-10000735,Quincy
3954,CA-2017-152961,2017-01-19,Standard Class,SC-20095,2169,12.70,5.84,OFF-PA-10004675,Quincy
2153,CA-2015-123505,2015-11-26,Standard Class,AR-10540,2169,14.94,7.02,OFF-PA-10002586,Quincy
3664,US-2017-129777,2017-07-09,Standard Class,FM-14290,2169,24.56,11.54,OFF-PA-10001970,Quincy
3347,CA-2016-145982,2016-08-31,Second Class,TB-21055,2169,29.00,13.92,OFF-BI-10000174,Quincy
3344,CA-2016-145982,2016-08-31,Second Class,TB-21055,2169,59.97,28.79,TEC-PH-10000011,Quincy
3345,CA-2016-145982,2016-08-31,Second Class,TB-21055,2169,81.54,36.69,OFF-PA-10002666,Quincy
3342,CA-2016-145982,2016-08-31,Second Class,TB-21055,2169,122.97,60.26,OFF-PA-10000675,Quincy
3852,CA-2015-127593,2015-09-21,Same Day,DH-13675,2169,85.30,14.50,FUR-FU-10004006,Quincy
3663,US-2017-129777,2017-07-09,Standard Class,FM-14290,2169,258.90,93.20,TEC-AC-10003590,Quincy
3343,CA-2016-145982,2016-08-31,Second Class,TB-21055,2169,244.62,20.97,FUR-TA-10001307,Quincy
7955,CA-2014-138359,2014-04-06,Standard Class,KH-16330,2151,6.24,3.06,OFF-BI-10000145,Revere
3363,CA-2015-139962,2015-12-20,Standard Class,Dp-13240,2151,19.44,9.33,OFF-PA-10004451,Revere
3364,CA-2015-139962,2015-12-20,Standard Class,Dp-13240,2151,37.88,18.94,OFF-BI-10004738,Revere
3466,US-2015-147242,2015-09-14,Standard Class,EH-13765,2151,61.96,16.11,OFF-AP-10003842,Revere
7954,CA-2014-138359,2014-04-06,Standard Class,KH-16330,2151,66.96,2.68,OFF-ST-10000636,Revere
3468,US-2015-147242,2015-09-14,Standard Class,EH-13765,2151,278.82,125.47,OFF-PA-10003039,Revere
3467,US-2015-147242,2015-09-14,Standard Class,EH-13765,2151,361.96,83.25,FUR-BO-10004695,Revere
4906,US-2014-146353,2014-10-16,Second Class,JE-15610,3301,22.92,11.00,OFF-BI-10003476,Concord
6400,CA-2017-151981,2017-08-12,Standard Class,GM-14455,3301,24.64,11.83,OFF-LA-10002195,Concord
877,CA-2016-116736,2016-01-21,Standard Class,CC-12430,3301,29.99,13.20,TEC-AC-10003628,Concord
872,CA-2015-131128,2015-10-20,First Class,TB-21520,3301,34.44,17.22,OFF-PA-10003591,Concord
1176,CA-2016-161207,2016-09-03,Standard Class,AB-10060,3301,27.93,8.10,OFF-SU-10000381,Concord
5597,CA-2015-159779,2015-09-29,Standard Class,SB-20185,3301,68.62,32.25,OFF-BI-10002735,Concord
5546,CA-2017-102967,2017-09-26,Standard Class,MG-17890,3301,67.40,17.52,OFF-ST-10001590,Concord
8577,CA-2017-106747,2017-07-04,First Class,TS-21505,3301,102.30,26.60,FUR-FU-10004188,Concord
9557,CA-2015-156853,2015-12-05,Second Class,HP-14815,3301,184.66,84.94,OFF-PA-10003656,Concord
6242,CA-2017-141572,2017-05-31,Second Class,LO-17170,3301,247.44,101.45,FUR-FU-10001185,Concord
6401,CA-2017-151981,2017-08-12,Standard Class,GM-14455,3301,227.88,68.36,OFF-AR-10000380,Concord
4907,US-2014-146353,2014-10-16,Second Class,JE-15610,3301,269.90,16.19,OFF-ST-10001469,Concord
876,CA-2016-116736,2016-01-21,Standard Class,CC-12430,3301,322.59,64.52,FUR-FU-10004017,Concord
878,CA-2016-116736,2016-01-21,Standard Class,CC-12430,3301,371.97,66.95,TEC-AC-10002049,Concord
6399,CA-2017-151981,2017-08-12,Standard Class,GM-14455,3301,824.95,247.49,TEC-PH-10003601,Concord
4163,CA-2015-163587,2015-03-18,Standard Class,EP-13915,3820,16.52,7.60,OFF-LA-10004484,Dover
7487,US-2015-134558,2015-12-24,Second Class,PM-19135,3820,29.90,14.65,OFF-PA-10001184,Dover
6744,CA-2015-156923,2015-02-20,Standard Class,SP-20860,3820,35.88,16.15,OFF-PA-10002751,Dover
2130,US-2014-114188,2014-05-22,Second Class,RF-19345,3820,33.28,9.32,OFF-AP-10000124,Dover
2131,US-2014-114188,2014-05-22,Second Class,RF-19345,3820,38.52,11.94,OFF-AR-10004511,Dover
2132,US-2014-114188,2014-05-22,Second Class,RF-19345,3820,139.86,60.14,FUR-FU-10000076,Dover
9750,CA-2016-158358,2016-03-08,Standard Class,EM-13810,3820,159.98,57.59,TEC-AC-10002567,Dover
4164,CA-2015-163587,2015-03-18,Standard Class,EP-13915,3820,671.94,315.81,OFF-BI-10003091,Dover
7489,US-2015-134558,2015-12-24,Second Class,PM-19135,3820,1053.16,-105.32,FUR-TA-10003473,Dover
7488,US-2015-134558,2015-12-24,Second Class,PM-19135,3820,2249.91,517.48,TEC-AC-10004145,Dover
6724,US-2017-166394,2017-09-06,Second Class,VM-21835,3060,14.82,6.97,OFF-FA-10001843,Nashua
6032,CA-2016-101168,2016-12-31,Standard Class,SS-20140,3060,21.12,6.55,FUR-FU-10003142,Nashua
7505,CA-2016-158043,2016-02-04,Second Class,JK-15325,8401,23.36,11.68,OFF-EN-10003134,Atlantic City
1696,CA-2015-156335,2015-09-28,Second Class,PO-19195,7002,14.46,7.09,OFF-BI-10003314,Bayonne
1695,CA-2015-156335,2015-09-28,Second Class,PO-19195,7002,63.96,19.83,TEC-AC-10002006,Bayonne
1697,CA-2015-156335,2015-09-28,Second Class,PO-19195,7002,104.98,52.49,TEC-PH-10002726,Bayonne
8330,CA-2017-118577,2017-10-11,Standard Class,XP-21865,7109,6.48,3.11,OFF-PA-10004888,Belleville
824,CA-2017-101434,2017-06-27,Standard Class,TR-21325,7109,9.82,4.81,OFF-LA-10003223,Belleville
303,CA-2016-142545,2016-11-03,Standard Class,JD-15895,7109,14.28,6.57,OFF-BI-10002706,Belleville
299,CA-2016-142545,2016-11-03,Standard Class,JD-15895,7109,32.40,15.55,OFF-PA-10002105,Belleville
301,CA-2016-142545,2016-11-03,Standard Class,JD-15895,7109,56.91,27.32,OFF-PA-10004243,Belleville
302,CA-2016-142545,2016-11-03,Standard Class,JD-15895,7109,77.60,38.02,FUR-FU-10001861,Belleville
8329,CA-2017-118577,2017-10-11,Standard Class,XP-21865,7109,143.70,68.98,OFF-PA-10001357,Belleville
823,CA-2017-101434,2017-06-27,Standard Class,TR-21325,7109,239.97,71.99,TEC-AC-10002402,Belleville
8161,CA-2016-134138,2016-02-20,Standard Class,JD-15790,7109,227.96,36.47,FUR-CH-10001545,Belleville
300,CA-2016-142545,2016-11-03,Standard Class,JD-15895,7109,1082.48,10.82,OFF-ST-10002756,Belleville
1537,CA-2016-112389,2016-11-02,Standard Class,JM-15655,8302,11.67,3.03,OFF-AP-10001626,Bridgeton
1536,CA-2016-112389,2016-11-02,Standard Class,JM-15655,8302,40.74,0.41,OFF-ST-10000419,Bridgeton
7982,CA-2014-113383,2014-09-13,First Class,SF-20065,7011,81.92,22.12,OFF-AP-10004532,Clifton
7983,CA-2014-113383,2014-09-13,First Class,SF-20065,7011,254.90,76.47,FUR-FU-10001986,Clifton
9812,CA-2016-117583,2016-11-30,First Class,CB-12025,7017,25.92,12.44,OFF-PA-10001246,East Orange
9377,CA-2017-108756,2017-12-29,Standard Class,PO-18865,7017,31.80,13.67,TEC-AC-10003237,East Orange
9813,CA-2016-117583,2016-11-30,First Class,CB-12025,7017,34.65,9.70,OFF-AR-10000658,East Orange
9815,CA-2016-117583,2016-11-30,First Class,CB-12025,7017,79.95,38.38,OFF-BI-10004233,East Orange
9814,CA-2016-117583,2016-11-30,First Class,CB-12025,7017,204.95,100.43,OFF-PA-10000100,East Orange
1033,CA-2014-163552,2014-07-15,Standard Class,LA-16780,7601,14.40,7.06,OFF-LA-10001175,Hackensack
314,CA-2014-120887,2014-10-03,Standard Class,TS-21205,7601,87.54,37.64,FUR-FU-10001588,Hackensack
1032,CA-2014-163552,2014-07-15,Standard Class,LA-16780,7601,124.11,52.13,FUR-FU-10000629,Hackensack
1029,CA-2014-163552,2014-07-15,Standard Class,LA-16780,7601,177.20,83.28,OFF-PA-10000474,Hackensack
1030,CA-2014-163552,2014-07-15,Standard Class,LA-16780,7601,197.97,57.41,TEC-PH-10003885,Hackensack
1031,CA-2014-163552,2014-07-15,Standard Class,LA-16780,7601,854.94,213.74,FUR-CH-10003379,Hackensack
1182,CA-2014-128146,2014-06-25,Standard Class,DB-13060,8701,3.76,1.09,OFF-AR-10001919,Lakewood
9890,CA-2017-166499,2017-03-20,First Class,VG-21805,8701,8.94,2.41,OFF-AR-10002467,Lakewood
4279,US-2016-107440,2016-04-20,Standard Class,BS-11365,8701,9.96,3.29,FUR-FU-10000550,Lakewood
8423,CA-2017-150091,2017-10-16,Standard Class,NP-18670,8701,17.90,8.77,OFF-FA-10000621,Lakewood
5593,CA-2014-164742,2014-10-18,Second Class,ML-17395,8701,18.94,9.47,OFF-BI-10004738,Lakewood
4280,US-2016-107440,2016-04-20,Standard Class,BS-11365,8701,25.30,11.89,OFF-BI-10002432,Lakewood
4844,US-2016-139388,2016-11-09,First Class,CC-12475,8701,14.96,0.30,OFF-FA-10004968,Lakewood
9369,CA-2016-154998,2016-04-09,First Class,ES-14080,8701,37.94,18.21,OFF-PA-10004243,Lakewood
8424,CA-2017-150091,2017-10-16,Standard Class,NP-18670,8701,40.48,17.41,FUR-FU-10004053,Lakewood
307,CA-2014-111003,2014-06-06,Standard Class,CR-12625,8701,45.48,20.92,OFF-BI-10001072,Lakewood
3221,US-2015-137008,2015-10-08,Standard Class,JP-15460,8701,51.12,23.00,OFF-EN-10002500,Lakewood
6756,CA-2017-124205,2017-09-19,Standard Class,TC-21145,8701,47.40,18.96,FUR-FU-10002445,Lakewood
8422,CA-2017-150091,2017-10-16,Standard Class,NP-18670,8701,45.00,4.95,TEC-AC-10002167,Lakewood
3220,US-2015-137008,2015-10-08,Standard Class,JP-15460,8701,94.85,45.53,OFF-PA-10001295,Lakewood
3222,US-2015-137008,2015-10-08,Standard Class,JP-15460,8701,90.00,32.40,TEC-AC-10000892,Lakewood
6759,CA-2017-124205,2017-09-19,Standard Class,TC-21145,8701,81.96,0.00,OFF-ST-10000934,Lakewood
6769,CA-2014-109302,2014-08-16,Standard Class,CS-12175,8701,196.21,98.11,OFF-BI-10002854,Lakewood
308,CA-2014-111003,2014-06-06,Standard Class,CR-12625,8701,289.20,83.87,OFF-AR-10002135,Lakewood
5592,CA-2014-164742,2014-10-18,Second Class,ML-17395,8701,245.98,27.06,FUR-CH-10002880,Lakewood
6758,CA-2017-124205,2017-09-19,Standard Class,TC-21145,8701,395.94,102.94,TEC-PH-10002115,Lakewood
6757,CA-2017-124205,2017-09-19,Standard Class,TC-21145,8701,512.96,143.63,FUR-CH-10003606,Lakewood
1181,CA-2014-128146,2014-06-25,Standard Class,DB-13060,8701,1322.93,357.19,TEC-PH-10004539,Lakewood
8425,CA-2017-150091,2017-10-16,Standard Class,NP-18670,8701,2154.90,129.29,FUR-BO-10003404,Lakewood
4278,US-2016-107440,2016-04-20,Standard Class,BS-11365,8701,9099.93,2365.98,TEC-MA-10001047,Lakewood
850,CA-2014-107755,2014-02-12,Standard Class,CK-12760,7036,115.36,49.60,TEC-AC-10000710,Linden
268,CA-2016-111010,2016-01-28,Standard Class,PG-18895,7960,7.56,0.30,OFF-FA-10003472,Morristown
7581,CA-2015-123113,2015-11-27,Second Class,AT-10735,7960,17.94,4.49,OFF-AR-10004999,Morristown
8879,CA-2017-126928,2017-09-23,Standard Class,GZ-14470,7960,34.05,9.53,OFF-ST-10000615,Morristown
5646,CA-2017-127117,2017-04-19,Standard Class,HM-14860,7960,74.45,20.10,FUR-FU-10004018,Morristown
8878,CA-2017-126928,2017-09-23,Standard Class,GZ-14470,7960,480.00,225.60,TEC-MA-10004626,Morristown
4861,CA-2016-101546,2016-12-24,Standard Class,GK-14620,7960,1793.98,843.17,OFF-BI-10001359,Morristown
7580,CA-2015-123113,2015-11-27,Second Class,AT-10735,7960,2625.12,735.03,OFF-AP-10000275,Morristown
860,CA-2017-161984,2017-04-15,Standard Class,SJ-20125,8901,7.16,3.58,OFF-FA-10000624,New Brunswick
859,CA-2017-161984,2017-04-15,Standard Class,SJ-20125,8901,7.61,3.58,OFF-PA-10004569,New Brunswick
7157,CA-2017-126718,2017-05-04,Standard Class,KT-16480,7050,4.91,2.41,OFF-LA-10004055,Orange
8979,CA-2014-119529,2014-11-05,Second Class,DM-13345,7050,5.76,2.82,OFF-BI-10000546,Orange
2881,CA-2016-102932,2016-09-23,Second Class,SD-20485,7050,25.44,12.72,OFF-BI-10000756,Orange
2882,CA-2016-102932,2016-09-23,Second Class,SD-20485,7050,27.93,8.10,OFF-SU-10000381,Orange
4430,CA-2017-147725,2017-09-14,Same Day,LT-17110,7050,70.95,18.45,OFF-AR-10001725,Orange
8389,CA-2014-139423,2014-11-05,Standard Class,DG-13300,7050,76.12,22.07,OFF-AP-10004708,Orange
2445,CA-2016-146934,2016-05-27,Standard Class,AF-10870,7055,26.88,12.90,OFF-EN-10002973,Passaic
2444,CA-2016-146934,2016-05-27,Standard Class,AF-10870,7055,95.10,30.43,TEC-AC-10002399,Passaic
2446,CA-2016-146934,2016-05-27,Standard Class,AF-10870,7055,257.98,74.81,TEC-PH-10001336,Passaic
2442,CA-2016-146934,2016-05-27,Standard Class,AF-10870,7055,174.29,-19.92,FUR-TA-10003748,Passaic
2441,CA-2016-146934,2016-05-27,Standard Class,AF-10870,7055,345.00,86.25,TEC-PH-10004614,Passaic
2443,CA-2016-146934,2016-05-27,Standard Class,AF-10870,7055,662.84,172.34,OFF-AP-10003217,Passaic
6754,CA-2016-154767,2016-06-30,Second Class,BP-11155,7501,7.96,3.74,OFF-BI-10002003,Paterson
9488,US-2017-125213,2017-12-13,First Class,NB-18655,7501,6.54,2.16,OFF-FA-10001561,Paterson
8862,CA-2015-125934,2015-09-18,Standard Class,SN-20560,7501,8.92,3.92,FUR-FU-10002107,Paterson
9785,CA-2015-149748,2015-06-02,Second Class,EM-13825,7501,8.28,2.98,FUR-FU-10001847,Paterson
6752,CA-2016-154767,2016-06-30,Second Class,BP-11155,7501,8.74,2.27,OFF-AP-10000595,Paterson
8519,CA-2017-118003,2017-12-10,Standard Class,DO-13645,7501,12.99,1.56,FUR-FU-10002506,Paterson
8861,CA-2015-125934,2015-09-18,Standard Class,SN-20560,7501,31.05,14.90,OFF-LA-10000414,Paterson
8865,CA-2015-125934,2015-09-18,Standard Class,SN-20560,7501,38.88,18.66,OFF-PA-10000556,Paterson
6753,CA-2016-154767,2016-06-30,Second Class,BP-11155,7501,61.96,27.88,OFF-PA-10003039,Paterson
9784,CA-2015-149748,2015-06-02,Second Class,EM-13825,7501,62.18,16.79,OFF-ST-10004340,Paterson
1968,CA-2017-165841,2017-12-28,Standard Class,DB-13210,7501,69.50,20.16,OFF-SU-10000898,Paterson
8864,CA-2015-125934,2015-09-18,Standard Class,SN-20560,7501,111.04,29.98,OFF-AP-10003860,Paterson
1969,CA-2017-165841,2017-12-28,Standard Class,DB-13210,7501,166.44,79.89,OFF-PA-10001144,Paterson
6751,CA-2016-154767,2016-06-30,Second Class,BP-11155,7501,121.96,20.73,FUR-CH-10003535,Paterson
8863,CA-2015-125934,2015-09-18,Standard Class,SN-20560,7501,209.60,96.42,OFF-BI-10004593,Paterson
8520,CA-2017-118003,2017-12-10,Standard Class,DO-13645,7501,182.22,45.56,FUR-CH-10003817,Paterson
9783,CA-2015-149748,2015-06-02,Second Class,EM-13825,7501,274.80,134.65,OFF-PA-10002120,Paterson
6755,CA-2016-154767,2016-06-30,Second Class,BP-11155,7501,275.24,121.11,OFF-AP-10002311,Paterson
1967,CA-2017-165841,2017-12-28,Standard Class,DB-13210,7501,281.97,78.95,TEC-PH-10002103,Paterson
8521,CA-2017-118003,2017-12-10,Standard Class,DO-13645,7501,302.94,18.18,FUR-CH-10004860,Paterson
4653,CA-2017-132647,2017-02-23,Standard Class,GH-14410,8861,11.76,5.76,OFF-PA-10001838,Perth Amboy
2048,CA-2016-131835,2016-07-21,Standard Class,MC-17590,8861,55.48,26.63,OFF-PA-10004071,Perth Amboy
9201,CA-2016-152688,2016-10-20,First Class,NR-18550,8861,120.98,12.10,FUR-BO-10001337,Perth Amboy
2046,CA-2016-131835,2016-07-21,Standard Class,MC-17590,8861,162.64,45.54,OFF-AP-10004487,Perth Amboy
4654,CA-2017-132647,2017-02-23,Standard Class,GH-14410,8861,166.45,39.95,OFF-ST-10003123,Perth Amboy
9202,CA-2016-152688,2016-10-20,First Class,NR-18550,8861,315.98,148.51,OFF-BI-10004584,Perth Amboy
3463,CA-2015-152611,2015-02-23,Second Class,KA-16525,8861,286.79,74.57,OFF-AR-10003903,Perth Amboy
2047,CA-2016-131835,2016-07-21,Standard Class,MC-17590,8861,597.00,280.59,TEC-PH-10001760,Perth Amboy
645,US-2017-127719,2017-07-25,Standard Class,TW-21025,7060,6.48,3.18,OFF-PA-10001934,Plainfield
2734,CA-2014-107594,2014-07-06,Standard Class,EH-13945,7060,5.58,2.18,OFF-AR-10000716,Plainfield
4327,CA-2016-153346,2016-01-27,First Class,TB-21355,7060,9.21,2.30,OFF-AR-10000315,Plainfield
4328,CA-2016-153346,2016-01-27,First Class,TB-21355,7060,18.00,8.28,OFF-PA-10000007,Plainfield
9970,CA-2017-153871,2017-12-17,Standard Class,RB-19435,7060,22.75,6.60,OFF-AP-10003622,Plainfield
9968,CA-2017-153871,2017-12-17,Standard Class,RB-19435,7060,40.20,18.09,OFF-BI-10004209,Plainfield
3988,CA-2017-112333,2017-04-14,Standard Class,KF-16285,7060,41.95,10.49,OFF-AP-10001962,Plainfield
2733,CA-2014-107594,2014-07-06,Standard Class,EH-13945,7060,73.98,19.97,TEC-PH-10002923,Plainfield
2460,CA-2017-138548,2017-08-21,Standard Class,JG-15160,7060,97.84,25.44,OFF-AP-10002578,Plainfield
6575,CA-2016-160535,2016-11-30,Standard Class,BP-11050,7060,319.92,118.37,TEC-MA-10004255,Plainfield
9969,CA-2017-153871,2017-12-17,Standard Class,RB-19435,7060,735.98,331.19,OFF-BI-10004600,Plainfield
6574,CA-2016-160535,2016-11-30,Standard Class,BP-11050,7060,563.40,67.61,OFF-ST-10000689,Plainfield
3987,CA-2017-112333,2017-04-14,Standard Class,KF-16285,7060,2591.56,621.97,OFF-ST-10001780,Plainfield
6668,CA-2017-122175,2017-05-14,Second Class,CA-12775,8360,6.16,2.96,OFF-LA-10002271,Vineland
6838,CA-2015-116260,2015-07-12,Standard Class,BF-10975,8360,11.12,2.89,OFF-AR-10003732,Vineland
6669,CA-2017-122175,2017-05-14,Second Class,CA-12775,8360,17.00,4.42,OFF-SU-10004661,Vineland
5034,CA-2016-155166,2017-01-02,Standard Class,BB-11545,8360,26.49,7.42,OFF-AP-10002765,Vineland
6667,CA-2017-122175,2017-05-14,Second Class,CA-12775,8360,42.85,15.43,FUR-FU-10000719,Vineland
6670,CA-2017-122175,2017-05-14,Second Class,CA-12775,8360,87.40,34.96,TEC-AC-10004859,Vineland
5033,CA-2016-155166,2017-01-02,Standard Class,BB-11545,8360,212.94,25.55,FUR-CH-10003968,Vineland
1462,US-2016-128902,2016-03-15,Standard Class,MB-18085,8360,244.01,-31.37,FUR-TA-10001095,Vineland
2879,CA-2016-152072,2016-01-19,Standard Class,Dp-13240,7090,4.66,1.35,OFF-AR-10001573,Westfield
5902,CA-2016-159639,2016-12-02,Standard Class,PC-18745,7090,31.56,10.41,FUR-FU-10001889,Westfield
2878,CA-2016-152072,2016-01-19,Standard Class,Dp-13240,7090,52.34,24.60,OFF-EN-10003040,Westfield
198,CA-2017-107720,2017-11-13,Standard Class,VM-21685,7090,46.26,12.03,OFF-ST-10001414,Westfield
2518,CA-2017-123134,2017-05-07,Standard Class,DW-13585,7090,129.93,12.99,FUR-FU-10003975,Westfield
2880,CA-2016-152072,2016-01-19,Standard Class,Dp-13240,7090,254.97,91.79,TEC-AC-10000844,Westfield
5207,CA-2015-102015,2015-09-18,Standard Class,TM-21010,13021,1.24,0.58,OFF-FA-10000490,Auburn
5205,CA-2015-102015,2015-09-18,Standard Class,TM-21010,13021,9.26,3.06,OFF-AR-10004685,Auburn
452,CA-2016-166674,2016-04-03,Second Class,RB-19360,13021,9.84,2.85,OFF-AR-10004974,Auburn
5777,CA-2016-105277,2016-12-08,Standard Class,LM-17065,13021,15.53,5.82,OFF-BI-10000301,Auburn
5208,CA-2015-102015,2015-09-18,Standard Class,TM-21010,13021,20.70,9.94,OFF-LA-10002043,Auburn
990,CA-2017-167899,2017-05-26,Standard Class,JG-15805,13021,17.97,5.21,OFF-AR-10001988,Auburn
5210,CA-2015-102015,2015-09-18,Standard Class,TM-21010,13021,27.18,12.77,OFF-EN-10002504,Auburn
5209,CA-2015-102015,2015-09-18,Standard Class,TM-21010,13021,28.90,14.16,OFF-PA-10002464,Auburn
4682,CA-2016-169215,2016-07-18,Second Class,RE-19450,13021,29.61,13.32,OFF-FA-10000936,Auburn
451,CA-2016-166674,2016-04-03,Second Class,RB-19360,13021,30.48,7.92,OFF-AR-10003156,Auburn
899,CA-2017-160983,2017-10-31,Second Class,GB-14530,13021,46.96,22.54,OFF-PA-10002250,Auburn
453,CA-2016-166674,2016-04-03,Second Class,RB-19360,13021,35.12,9.13,TEC-PH-10002365,Auburn
448,CA-2016-166674,2016-04-03,Second Class,RB-19360,13021,59.52,15.48,OFF-AR-10000588,Auburn
5206,CA-2015-102015,2015-09-18,Standard Class,TM-21010,13021,105.98,4.24,OFF-ST-10001713,Auburn
449,CA-2016-166674,2016-04-03,Second Class,RB-19360,13021,161.94,9.72,OFF-ST-10001469,Auburn
450,CA-2016-166674,2016-04-03,Second Class,RB-19360,13021,263.88,71.25,OFF-AR-10001953,Auburn
989,CA-2017-167899,2017-05-26,Standard Class,JG-15805,13021,520.05,72.81,FUR-FU-10004071,Auburn
1232,CA-2015-132570,2015-11-02,Second Class,KT-16480,14215,2.78,0.72,OFF-AR-10000369,Buffalo
7758,CA-2017-112844,2017-11-16,Second Class,SP-20620,14215,43.60,12.21,TEC-PH-10003988,Buffalo
1233,CA-2015-132570,2015-11-02,Second Class,KT-16480,14215,79.96,35.98,OFF-EN-10003055,Buffalo
4780,CA-2014-150301,2014-07-10,First Class,MH-18025,14215,63.88,10.65,FUR-CH-10002647,Buffalo
7759,CA-2017-112844,2017-11-16,Second Class,SP-20620,14215,154.95,30.99,FUR-FU-10004845,Buffalo
9428,CA-2014-167486,2014-11-30,Standard Class,JO-15145,14215,199.90,39.98,FUR-FU-10003268,Buffalo
3944,US-2016-142685,2016-06-30,Standard Class,MG-17695,14215,835.17,16.70,OFF-SU-10000157,Buffalo
6559,CA-2015-166947,2015-06-10,Standard Class,EB-13750,14215,1522.64,169.18,FUR-CH-10004997,Buffalo
6535,CA-2014-128209,2014-11-22,Standard Class,GT-14710,14215,2152.78,726.56,OFF-BI-10001359,Buffalo
6536,CA-2014-128209,2014-11-22,Standard Class,GT-14710,14215,4007.84,-50.10,FUR-BO-10002213,Buffalo
1345,CA-2015-131758,2015-05-31,Standard Class,KB-16315,11520,13.05,6.00,OFF-LA-10000262,Freeport
9269,CA-2015-151869,2015-09-25,Same Day,CS-11950,11520,20.04,9.62,OFF-PA-10002947,Freeport
3952,CA-2014-121167,2014-11-30,Second Class,MO-17500,11520,17.25,6.04,OFF-BI-10003676,Freeport
1344,CA-2015-131758,2015-05-31,Standard Class,KB-16315,11520,47.82,14.35,OFF-AR-10000411,Freeport
9268,CA-2015-151869,2015-09-25,Same Day,CS-11950,11520,102.58,6.84,FUR-CH-10001545,Freeport
4147,CA-2015-136196,2015-12-04,Standard Class,TP-21415,11520,322.59,64.52,FUR-FU-10004017,Freeport
8591,CA-2017-126676,2017-09-30,First Class,FH-14365,11550,7.98,3.91,OFF-EN-10004846,Hempstead
3374,CA-2015-161718,2015-12-10,Standard Class,SO-20335,11550,28.44,11.38,FUR-FU-10002445,Hempstead
2912,CA-2014-113929,2014-06-21,Standard Class,CK-12205,11550,41.40,19.46,OFF-EN-10003286,Hempstead
2913,CA-2014-113929,2014-06-21,Standard Class,CK-12205,11550,35.00,10.50,OFF-AR-10003772,Hempstead
2914,CA-2014-113929,2014-06-21,Standard Class,CK-12205,11550,39.55,14.34,OFF-BI-10002852,Hempstead
3376,CA-2015-161718,2015-12-10,Standard Class,SO-20335,11550,39.96,10.39,TEC-PH-10000376,Hempstead
8570,CA-2016-162390,2016-12-12,Standard Class,DP-13105,11550,222.35,77.82,OFF-BI-10001721,Hempstead
3377,CA-2015-161718,2015-12-10,Standard Class,SO-20335,11550,361.76,68.33,FUR-CH-10002965,Hempstead
3375,CA-2015-161718,2015-12-10,Standard Class,SO-20335,11550,364.41,8.10,FUR-CH-10002372,Hempstead
8571,CA-2016-162390,2016-12-12,Standard Class,DP-13105,11550,479.98,90.00,TEC-CO-10004202,Hempstead
8569,CA-2016-162390,2016-12-12,Standard Class,DP-13105,11550,968.74,314.84,OFF-BI-10004318,Hempstead
8921,CA-2014-132983,2014-05-03,Standard Class,DS-13180,14701,159.98,57.59,TEC-AC-10000736,Jamestown
2493,CA-2014-144624,2014-11-23,Standard Class,JM-15865,14701,4548.81,1228.18,TEC-PH-10002885,Jamestown
471,CA-2015-154144,2015-12-24,Standard Class,MH-17785,11757,55.48,26.63,OFF-PA-10004071,Lindenhurst
4777,CA-2016-101630,2016-02-23,Second Class,CK-12760,11561,8.67,4.07,OFF-LA-10004425,Long Beach
3574,CA-2017-117023,2017-08-12,Standard Class,JW-15955,11561,11.68,5.49,OFF-AR-10003602,Long Beach
8323,CA-2016-130778,2016-11-25,Standard Class,ND-18370,11561,8.74,2.27,OFF-AP-10000595,Long Beach
7748,CA-2015-156153,2015-06-02,Second Class,CW-11905,11561,7.56,0.30,OFF-FA-10003472,Long Beach
4167,CA-2015-160213,2015-03-13,Standard Class,AR-10825,11561,19.44,9.33,OFF-PA-10003848,Long Beach
1263,CA-2017-105053,2017-07-09,Second Class,CS-12355,11561,17.47,6.33,OFF-BI-10001634,Long Beach
4314,CA-2014-123127,2014-09-12,Standard Class,SP-20620,11561,16.78,4.20,OFF-AP-10001962,Long Beach
2141,CA-2014-159520,2014-06-11,Standard Class,GT-14635,11561,17.14,4.46,OFF-SU-10001664,Long Beach
8062,CA-2015-156013,2015-09-26,Standard Class,TC-20980,11561,24.45,8.86,OFF-BI-10002437,Long Beach
9985,CA-2015-100251,2015-05-23,Standard Class,DV-13465,11561,31.50,15.12,OFF-LA-10003766,Long Beach
4778,CA-2016-101630,2016-02-23,Second Class,CK-12760,11561,25.71,6.68,OFF-SU-10001664,Long Beach
6262,CA-2017-103506,2017-07-27,Standard Class,LR-17035,11561,41.40,19.87,OFF-LA-10001158,Long Beach
7561,US-2014-137155,2014-11-05,Standard Class,DL-12925,11561,31.68,9.82,FUR-FU-10003142,Long Beach
8324,CA-2016-130778,2016-11-25,Standard Class,ND-18370,11561,44.75,20.59,OFF-PA-10001509,Long Beach
2897,CA-2014-169033,2014-04-03,Standard Class,KM-16720,11561,49.65,20.85,OFF-AR-10001915,Long Beach
8061,CA-2015-156013,2015-09-26,Standard Class,TC-20980,11561,61.40,28.86,OFF-PA-10001970,Long Beach
7149,CA-2016-139941,2016-06-17,Standard Class,CB-12415,11561,52.56,18.40,OFF-AP-10004036,Long Beach
5750,CA-2017-104913,2017-11-22,Standard Class,DK-13090,11561,74.95,36.73,TEC-PH-10000923,Long Beach
9986,CA-2015-100251,2015-05-23,Standard Class,DV-13465,11561,55.60,16.12,OFF-SU-10000898,Long Beach
9367,CA-2014-108147,2014-06-13,Standard Class,RD-19480,11561,68.48,25.68,OFF-BI-10003876,Long Beach
7987,CA-2016-137939,2016-07-23,Second Class,PJ-19015,11561,89.95,43.18,TEC-PH-10003589,Long Beach
7148,CA-2016-139941,2016-06-17,Standard Class,CB-12415,11561,92.94,41.82,OFF-PA-10000241,Long Beach
1556,CA-2017-120761,2017-09-08,Standard Class,AB-10150,11561,91.96,39.54,TEC-AC-10000171,Long Beach
3575,CA-2017-117023,2017-08-12,Standard Class,JW-15955,11561,104.80,26.20,OFF-AR-10004062,Long Beach
7560,US-2014-137155,2014-11-05,Standard Class,DL-12925,11561,167.94,82.29,OFF-PA-10000806,Long Beach
2140,CA-2014-159520,2014-06-11,Standard Class,GT-14635,11561,149.54,50.47,OFF-BI-10003982,Long Beach
1876,US-2016-112977,2016-03-16,Standard Class,CJ-12010,11561,176.78,-22.10,FUR-BO-10003272,Long Beach
9781,CA-2016-153178,2016-09-18,Standard Class,CL-12565,11561,437.85,131.35,TEC-PH-10001944,Long Beach
7559,US-2014-137155,2014-11-05,Standard Class,DL-12925,11561,533.94,154.84,OFF-AP-10002518,Long Beach
9782,CA-2016-153178,2016-09-18,Standard Class,CL-12565,11561,673.57,252.59,OFF-BI-10004390,Long Beach
5150,CA-2014-141796,2014-06-21,Same Day,JG-15160,11561,1214.85,352.31,TEC-PH-10001578,Long Beach
5764,CA-2015-162047,2015-11-05,First Class,FH-14365,11561,1448.82,209.27,FUR-CH-10004983,Long Beach
2142,CA-2014-159520,2014-06-11,Standard Class,GT-14635,11561,991.76,-347.12,FUR-TA-10003238,Long Beach
9368,CA-2014-108147,2014-06-13,Standard Class,RD-19480,11561,1676.88,83.84,OFF-ST-10003470,Long Beach
6322,CA-2014-123316,2014-10-17,Standard Class,SP-20545,10550,7.75,2.81,OFF-BI-10002764,Mount Vernon
5139,CA-2017-128335,2017-10-05,Standard Class,JA-15970,10550,23.34,10.97,OFF-EN-10001539,Mount Vernon
5140,CA-2017-128335,2017-10-05,Standard Class,JA-15970,10550,51.55,24.23,OFF-PA-10004996,Mount Vernon
4216,CA-2014-103590,2014-12-04,Standard Class,JL-15505,10550,62.28,29.27,OFF-EN-10004007,Mount Vernon
713,US-2017-100048,2017-05-24,Standard Class,RS-19765,10550,281.34,109.72,OFF-AP-10001154,Mount Vernon
715,US-2017-100048,2017-05-24,Standard Class,RS-19765,10550,299.97,113.99,TEC-AC-10001606,Mount Vernon
714,US-2017-100048,2017-05-24,Standard Class,RS-19765,10550,307.98,89.31,TEC-PH-10003012,Mount Vernon
8275,CA-2017-164112,2017-07-04,Standard Class,ND-18460,10550,1085.42,282.21,OFF-ST-10002615,Mount Vernon
9959,US-2014-143287,2014-11-17,Standard Class,KN-16705,10801,7.30,2.19,OFF-SU-10001574,New Rochelle
9030,CA-2014-138198,2014-07-23,Standard Class,JL-15130,10801,13.90,4.52,OFF-BI-10002103,New Rochelle
9957,US-2014-143287,2014-11-17,Standard Class,KN-16705,10801,46.35,21.78,OFF-PA-10001776,New Rochelle
891,CA-2017-132934,2017-06-26,Standard Class,JE-15475,10801,51.31,18.60,OFF-BI-10001098,New Rochelle
4348,CA-2016-120355,2016-09-25,Standard Class,MM-17260,10801,60.72,26.11,FUR-FU-10004053,New Rochelle
428,CA-2014-101476,2014-09-13,First Class,SD-20485,10801,69.99,30.10,TEC-MA-10000029,New Rochelle
9958,US-2014-143287,2014-11-17,Standard Class,KN-16705,10801,223.92,109.72,OFF-PA-10004039,New Rochelle
890,CA-2017-132934,2017-06-26,Standard Class,JE-15475,10801,149.95,14.99,TEC-AC-10000927,New Rochelle
4347,CA-2016-120355,2016-09-25,Standard Class,MM-17260,10801,631.78,140.40,FUR-CH-10001394,New Rochelle
1225,CA-2016-126004,2016-12-05,First Class,BM-11140,10024,1.73,0.60,OFF-BI-10004656,New York City
7927,CA-2017-120404,2017-11-24,Second Class,KH-16330,10035,2.97,1.34,TEC-AC-10003433,New York City
2466,CA-2017-148691,2017-12-09,Standard Class,CS-12460,10009,3.15,1.51,OFF-LA-10001317,New York City
7109,CA-2016-109666,2016-04-26,Standard Class,KM-16720,10035,3.28,1.48,OFF-AR-10004582,New York City
8015,CA-2017-120168,2017-05-25,Same Day,TB-21625,10009,3.29,1.48,OFF-FA-10000936,New York City
1252,CA-2017-115602,2017-12-24,Standard Class,DJ-13630,10009,3.20,1.38,OFF-AR-10000462,New York City
8708,CA-2014-146815,2014-09-13,Standard Class,PP-18955,10009,3.52,1.69,OFF-AR-10003469,New York City
5153,US-2014-121566,2014-07-06,Standard Class,CS-11860,10011,2.69,0.84,OFF-BI-10004528,New York City
180,CA-2015-137225,2015-12-19,Standard Class,JK-15640,10009,3.28,1.41,OFF-AR-10001940,New York City
1465,US-2016-104794,2016-12-19,First Class,KD-16495,10009,3.68,1.80,OFF-FA-10001754,New York City
352,CA-2016-129714,2016-09-03,First Class,AB-10060,10009,3.05,1.07,OFF-BI-10002160,New York City
3942,CA-2017-117863,2017-05-23,Standard Class,TS-21340,10024,3.05,1.03,OFF-BI-10000605,New York City
9803,CA-2015-122973,2015-07-20,Second Class,PJ-19015,10024,3.33,1.21,OFF-BI-10004182,New York City
9249,CA-2016-127761,2016-11-14,Standard Class,SW-20275,10009,3.64,1.37,OFF-BI-10002557,New York City
5404,CA-2017-123043,2017-08-29,Standard Class,AH-10195,10024,3.74,1.31,OFF-BI-10000138,New York City
1486,CA-2014-119032,2014-12-03,Standard Class,MS-17770,10035,3.76,1.32,OFF-FA-10003021,New York City
5144,CA-2016-111213,2016-04-05,Standard Class,FP-14320,10009,3.59,1.12,OFF-BI-10004140,New York City
2089,CA-2016-140501,2016-06-28,Standard Class,IM-15070,10009,3.96,1.47,OFF-FA-10004076,New York City
6172,CA-2016-141523,2016-12-24,Second Class,MH-17440,10035,3.52,1.02,OFF-AR-10001545,New York City
6099,CA-2017-100111,2017-09-26,Standard Class,SV-20365,10035,4.36,1.79,OFF-FA-10000304,New York City
9657,CA-2014-156160,2014-09-29,Standard Class,AS-10090,10035,3.98,1.39,OFF-BI-10003355,New York City
3084,CA-2014-100328,2014-02-03,Standard Class,JC-15340,10024,3.93,1.33,OFF-BI-10000343,New York City
8517,CA-2016-132899,2016-04-11,Standard Class,SF-20200,10009,3.64,0.98,OFF-AR-10002833,New York City
1955,CA-2017-157987,2017-09-06,Standard Class,AC-10615,10009,4.92,2.21,OFF-AR-10004582,New York City
7028,CA-2017-131653,2017-02-05,Standard Class,RD-19585,10011,5.22,2.40,OFF-LA-10001045,New York City
71,CA-2016-106075,2016-09-23,Standard Class,HM-14980,10009,4.62,1.73,OFF-BI-10004654,New York City
6393,CA-2016-129126,2016-12-19,Standard Class,PK-19075,10011,5.76,2.82,OFF-LA-10003190,New York City
1492,CA-2017-166436,2017-11-28,Standard Class,TS-21370,10035,5.88,2.88,OFF-PA-10001838,New York City
2875,US-2017-102638,2017-12-31,First Class,MC-17845,10035,6.03,2.95,OFF-FA-10002988,New York City
6981,CA-2014-146990,2014-11-08,First Class,BP-11095,10024,5.92,2.84,OFF-FA-10000611,New York City
1585,CA-2015-131338,2015-08-12,First Class,NP-18325,10024,6.16,2.96,FUR-FU-10001706,New York City
5178,CA-2016-123015,2016-12-30,Standard Class,AJ-10795,10024,4.99,1.68,OFF-BI-10004967,New York City
5829,CA-2017-161067,2017-09-06,Second Class,KB-16405,10035,5.56,2.22,OFF-AR-10003251,New York City
1400,CA-2016-124485,2016-11-26,First Class,NC-18340,10035,6.48,3.11,OFF-PA-10004888,New York City
2390,US-2015-127040,2015-12-10,Standard Class,SG-20605,10009,6.48,3.11,OFF-PA-10004255,New York City
9874,CA-2016-100587,2016-12-14,Standard Class,SL-20155,10024,6.48,3.11,OFF-PA-10004609,New York City
6305,CA-2017-107552,2017-05-05,Same Day,AI-10855,10035,6.68,3.21,OFF-PA-10002947,New York City
6373,CA-2017-143035,2017-10-05,Second Class,CC-12430,10009,6.63,3.12,OFF-AR-10001130,New York City
1620,US-2016-118780,2016-09-14,Second Class,PN-18775,10011,6.69,3.08,OFF-PA-10000575,New York City
2294,CA-2015-130995,2015-11-06,Standard Class,QJ-19255,10009,4.95,1.34,TEC-PH-10000347,New York City
5154,US-2014-121566,2014-07-06,Standard Class,CS-11860,10011,6.60,2.90,OFF-AR-10001026,New York City
7952,CA-2015-145814,2015-11-24,Standard Class,KD-16345,10035,5.98,2.24,OFF-BI-10003196,New York City
2457,CA-2017-140949,2017-03-22,Second Class,DB-13405,10011,7.31,3.44,OFF-LA-10004093,New York City
4200,CA-2015-143105,2015-12-10,Same Day,MA-17560,10024,7.31,3.44,OFF-LA-10004093,New York City
2479,CA-2014-145212,2014-09-19,Standard Class,DC-12850,10011,5.46,1.47,OFF-AR-10002833,New York City
7205,CA-2015-136658,2015-09-17,Standard Class,BO-11425,10024,6.08,2.07,OFF-AR-10000817,New York City
8629,CA-2015-164084,2015-09-12,Standard Class,AG-10525,10011,6.10,2.06,OFF-BI-10000605,New York City
364,CA-2017-144904,2017-09-30,Standard Class,KW-16435,10009,5.56,1.45,OFF-AR-10003732,New York City
7340,CA-2015-159590,2015-07-21,First Class,KC-16255,10009,5.76,1.61,OFF-AR-10003190,New York City
5219,CA-2017-167080,2017-06-14,Standard Class,LC-16930,10011,8.40,4.20,OFF-AR-10001868,New York City
5499,CA-2017-164378,2017-07-18,Second Class,MM-18055,10024,7.83,3.60,OFF-LA-10000634,New York City
483,CA-2014-127691,2014-07-27,Standard Class,EM-14065,10024,5.96,1.67,OFF-AR-10002053,New York City
5714,US-2014-143707,2014-03-05,Standard Class,HR-14770,10035,5.94,1.60,TEC-PH-10003655,New York City
4978,CA-2015-165050,2015-12-09,First Class,AH-10210,10024,6.69,2.34,OFF-BI-10003727,New York City
969,CA-2017-135279,2017-04-11,First Class,BS-11800,10011,8.64,4.23,OFF-LA-10001613,New York City
356,CA-2016-138520,2016-04-13,Standard Class,JL-15505,10035,8.26,3.80,OFF-EN-10001137,New York City
350,CA-2016-129714,2016-09-03,First Class,AB-10060,10009,6.79,2.31,TEC-AC-10000290,New York City
5583,CA-2016-161158,2016-05-13,Standard Class,PS-18970,10024,8.00,3.44,OFF-AR-10000462,New York City
5502,CA-2017-164378,2017-07-18,Second Class,MM-18055,10024,8.96,4.39,OFF-PA-10004519,New York City
5498,CA-2017-164378,2017-07-18,Second Class,MM-18055,10024,6.56,1.90,OFF-AR-10001177,New York City
9594,CA-2017-108931,2017-09-19,Standard Class,HZ-14950,10024,8.56,3.85,OFF-PA-10002741,New York City
9631,CA-2016-168844,2016-06-06,Standard Class,NM-18520,10011,7.15,2.32,OFF-BI-10002609,New York City
8631,CA-2015-164084,2015-09-12,Standard Class,AG-10525,10011,7.24,2.39,OFF-FA-10003059,New York City
7012,US-2014-135881,2014-05-27,Standard Class,GT-14710,10035,5.04,0.15,OFF-SU-10003002,New York City
7325,US-2017-126053,2017-12-08,First Class,CS-11950,10024,9.45,4.54,OFF-LA-10003766,New York City
1716,CA-2016-154788,2016-05-04,Standard Class,JL-15835,10011,7.71,2.80,OFF-BI-10003314,New York City
6638,CA-2017-103352,2017-11-30,Second Class,RP-19390,10011,6.99,2.03,OFF-AR-10001573,New York City
9678,CA-2016-144785,2016-04-23,Standard Class,CS-12490,10009,6.99,2.03,OFF-AR-10001573,New York City
9679,CA-2016-144785,2016-04-23,Standard Class,CS-12490,10009,6.84,1.85,OFF-SU-10004290,New York City
9691,CA-2017-140536,2017-04-05,First Class,TA-21385,10035,7.04,2.04,OFF-AR-10001545,New York City
965,CA-2017-135279,2017-04-11,First Class,BS-11800,10011,9.82,4.81,OFF-LA-10004055,New York City
4761,CA-2014-121573,2014-11-07,Standard Class,SG-20605,10009,7.86,2.85,OFF-BI-10003712,New York City
1244,US-2016-162859,2016-02-22,Standard Class,PG-18820,10009,8.72,3.58,OFF-FA-10000304,New York City
9805,CA-2015-122973,2015-07-20,Second Class,PJ-19015,10024,7.38,2.14,FUR-FU-10002364,New York City
1703,CA-2015-114069,2015-07-15,Second Class,ND-18370,10035,9.96,4.68,OFF-PA-10000349,New York City
9888,CA-2017-169607,2017-10-15,First Class,CA-12265,10024,9.96,4.68,OFF-PA-10000477,New York City
8331,CA-2017-113572,2017-11-11,Standard Class,FP-14320,10024,7.88,2.52,TEC-AC-10002370,New York City
1163,CA-2014-127964,2014-03-08,Standard Class,AP-10720,10035,9.99,4.60,TEC-PH-10004700,New York City
7111,CA-2016-109666,2016-04-26,Standard Class,KM-16720,10035,7.76,2.25,OFF-SU-10002522,New York City
7124,CA-2015-128013,2015-08-16,Standard Class,MF-18250,10035,10.02,4.41,FUR-FU-10000320,New York City
9272,CA-2016-100510,2016-05-17,Standard Class,HM-14860,10024,10.02,4.41,FUR-FU-10000320,New York City
1073,CA-2017-106943,2017-11-19,Standard Class,FO-14305,10035,8.64,3.02,OFF-BI-10003669,New York City
1588,CA-2015-131338,2015-08-12,First Class,NP-18325,10024,10.65,5.01,OFF-FA-10000992,New York City
1211,CA-2016-137050,2016-07-18,Second Class,SW-20755,10009,8.54,2.88,OFF-BI-10001031,New York City
1057,CA-2015-110667,2015-04-08,Standard Class,NF-18595,10009,9.09,3.29,OFF-BI-10003529,New York City
9609,CA-2017-117128,2017-12-08,Second Class,BF-11080,10024,11.07,5.20,OFF-LA-10000248,New York City
1398,CA-2016-124485,2016-11-26,First Class,NC-18340,10035,11.56,5.66,OFF-PA-10004971,New York City
9595,CA-2017-108931,2017-09-19,Standard Class,HZ-14950,10024,11.56,5.66,OFF-PA-10003845,New York City
1208,CA-2016-137050,2016-07-18,Second Class,SW-20755,10009,9.14,3.20,OFF-BI-10002160,New York City
6058,CA-2014-107524,2014-03-08,Standard Class,KN-16705,10009,11.36,5.34,OFF-EN-10001990,New York City
7114,CA-2016-109666,2016-04-26,Standard Class,KM-16720,10035,9.28,3.25,OFF-BI-10000174,New York City
2453,CA-2017-140949,2017-03-22,Second Class,DB-13405,10011,9.14,3.09,OFF-BI-10000605,New York City
873,CA-2014-148488,2014-12-15,Standard Class,SM-20005,10009,11.36,5.23,OFF-PA-10004470,New York City
4281,CA-2014-166989,2014-11-18,Standard Class,RM-19675,10011,11.36,5.23,OFF-PA-10004470,New York City
6354,US-2015-109015,2015-09-12,Standard Class,BS-11590,10011,8.39,2.10,OFF-AP-10001962,New York City
9876,CA-2015-130855,2016-01-05,Standard Class,RF-19840,10035,6.36,0.06,OFF-SU-10003936,New York City
9941,CA-2016-169824,2016-12-17,Standard Class,NS-18640,10009,11.20,4.82,OFF-AR-10000462,New York City
9536,CA-2016-116596,2016-10-31,Standard Class,BW-11200,10011,9.73,3.28,OFF-BI-10002949,New York City
2901,CA-2015-166464,2015-09-17,Standard Class,PG-18895,10035,12.60,6.05,OFF-LA-10001317,New York City
3914,CA-2017-148068,2017-09-25,Standard Class,MM-18280,10035,9.82,3.24,FUR-FU-10002268,New York City
5983,CA-2016-114895,2016-11-28,Standard Class,MV-18190,10035,12.96,6.35,OFF-PA-10000232,New York City
7235,CA-2016-137337,2016-03-12,Standard Class,GB-14575,10011,12.96,6.35,OFF-PA-10001934,New York City
967,CA-2017-135279,2017-04-11,First Class,BS-11800,10011,12.96,6.22,OFF-PA-10004621,New York City
2328,CA-2015-105102,2015-09-19,Second Class,BM-11575,10035,12.96,6.22,OFF-PA-10002365,New York City
4470,CA-2017-168641,2017-11-30,Standard Class,KA-16525,10035,12.96,6.22,OFF-PA-10001972,New York City
9469,CA-2017-102925,2017-11-10,Second Class,CD-12280,10024,12.96,6.22,OFF-PA-10001870,New York City
3973,CA-2016-167556,2016-04-02,Standard Class,JM-15250,10009,13.48,6.74,OFF-PA-10000466,New York City
1054,CA-2015-110667,2015-04-08,Standard Class,NF-18595,10009,11.16,4.35,OFF-AR-10000716,New York City
5634,CA-2016-101742,2016-09-28,Second Class,CR-12580,10009,10.53,3.68,OFF-BI-10004187,New York City
618,CA-2017-117947,2017-08-23,Second Class,NG-18355,10011,9.94,3.08,FUR-FU-10000010,New York City
548,CA-2017-162929,2017-11-22,First Class,AS-10135,10035,13.36,6.41,OFF-PA-10002986,New York City
9319,US-2017-108343,2017-07-25,Standard Class,AR-10825,10009,13.36,6.41,OFF-PA-10000743,New York City
9853,CA-2016-158155,2016-05-06,Standard Class,EH-13765,10009,13.08,6.02,OFF-PA-10000533,New York City
8775,CA-2015-132276,2015-02-28,Standard Class,LC-16960,10024,10.90,3.81,OFF-BI-10002982,New York City
8204,CA-2015-114811,2015-11-08,Same Day,KD-16495,10024,11.82,4.73,FUR-FU-10002240,New York City
1209,CA-2016-137050,2016-07-18,Second Class,SW-20755,10009,14.07,6.89,OFF-FA-10002988,New York City
4951,CA-2016-125815,2016-10-31,Second Class,DL-13330,10009,12.42,5.22,OFF-AR-10004441,New York City
1017,CA-2015-108665,2015-07-10,Standard Class,KM-16225,10011,13.96,6.70,FUR-FU-10002191,New York City
8611,CA-2014-151946,2014-06-09,Standard Class,BT-11440,10035,13.96,6.70,FUR-FU-10002191,New York City
3100,CA-2017-131233,2017-04-19,Standard Class,CS-12355,10024,10.78,3.50,OFF-BI-10000829,New York City
2296,CA-2015-113145,2015-11-05,Standard Class,VD-21670,10011,13.52,6.22,OFF-PA-10002659,New York City
9658,CA-2014-156160,2014-09-29,Standard Class,AS-10090,10035,13.04,5.74,OFF-AR-10003876,New York City
4986,CA-2014-125171,2014-09-03,Same Day,AG-10390,10009,14.40,7.06,OFF-LA-10001175,New York City
538,CA-2015-147851,2015-12-08,Standard Class,MP-17470,10009,10.75,3.36,OFF-BI-10004528,New York City
6096,CA-2017-100111,2017-09-26,Standard Class,SV-20365,10035,13.76,6.33,OFF-PA-10002713,New York City
1701,CA-2015-114069,2015-07-15,Second Class,ND-18370,10035,11.81,4.28,OFF-BI-10000320,New York City
572,CA-2017-164826,2018-01-04,Standard Class,JF-15415,10024,13.96,6.42,OFF-FA-10000585,New York City
5954,US-2014-105151,2014-03-31,First Class,SG-20890,10009,10.50,2.94,OFF-AR-10001231,New York City
4091,CA-2016-161473,2016-04-05,Standard Class,TB-21175,10035,10.95,3.29,OFF-SU-10001574,New York City
6079,CA-2016-151561,2016-09-07,Standard Class,PG-18820,10011,10.95,3.29,OFF-SU-10001574,New York City
9472,CA-2017-102925,2017-11-10,Second Class,CD-12280,10024,11.42,3.71,OFF-BI-10002706,New York City
6098,CA-2017-100111,2017-09-26,Standard Class,SV-20365,10035,11.78,3.98,OFF-BI-10000343,New York City
9829,CA-2017-169999,2017-06-26,Standard Class,JS-15685,10035,11.57,3.76,OFF-BI-10004728,New York City
1207,CA-2016-137050,2016-07-18,Second Class,SW-20755,10009,11.21,3.36,OFF-ST-10004634,New York City
8320,CA-2017-133620,2017-11-18,Standard Class,EM-14065,10009,11.21,3.36,OFF-ST-10004634,New York City
6392,CA-2016-129126,2016-12-19,Standard Class,PK-19075,10011,14.62,6.73,OFF-PA-10001471,New York City
9441,CA-2014-100391,2014-05-29,Standard Class,BW-11065,10035,14.62,6.73,OFF-PA-10001471,New York City
2602,CA-2016-165848,2016-06-04,Same Day,EN-13780,10035,14.94,7.02,OFF-PA-10000349,New York City
4931,US-2014-138828,2014-09-03,First Class,KD-16345,10009,14.94,7.02,OFF-PA-10000349,New York City
7469,CA-2014-138100,2014-09-20,Standard Class,AA-10315,10011,14.94,7.02,OFF-PA-10000349,New York City
5445,CA-2015-148712,2015-04-23,Standard Class,JM-15535,10035,10.71,2.78,OFF-AR-10000614,New York City
5608,CA-2017-105193,2017-03-31,Standard Class,JL-15835,10024,11.05,2.98,OFF-AR-10001547,New York City
6118,US-2016-113677,2016-11-19,Standard Class,CM-12655,10011,14.94,6.87,OFF-LA-10001569,New York City
1289,CA-2016-154711,2016-11-26,Standard Class,TB-21355,10009,12.19,4.11,OFF-BI-10000605,New York City
1948,CA-2017-157987,2017-09-06,Standard Class,AC-10615,10009,11.54,3.46,FUR-FU-10001196,New York City
480,CA-2016-100790,2016-07-02,Standard Class,JG-15805,10024,14.70,6.62,OFF-AR-10003045,New York City
9409,CA-2017-162789,2017-09-24,Second Class,LC-17140,10035,12.07,3.98,FUR-FU-10004864,New York City
841,CA-2015-100454,2015-11-25,Standard Class,BM-11650,10035,11.52,3.34,OFF-AR-10002578,New York City
9331,US-2015-153283,2015-11-18,Standard Class,EB-14110,10035,15.56,7.31,OFF-EN-10001539,New York City
3941,CA-2017-117863,2017-05-23,Standard Class,TS-21340,10024,14.56,6.26,FUR-FU-10002456,New York City
7470,CA-2014-138100,2014-09-20,Standard Class,AA-10315,10011,14.56,6.26,FUR-FU-10002456,New York City
3443,CA-2017-168858,2017-11-23,Standard Class,JD-16150,10011,16.74,8.37,OFF-EN-10001415,New York City
3826,CA-2015-140984,2015-09-18,Standard Class,CC-12685,10011,12.96,4.54,OFF-BI-10002012,New York City
7553,CA-2014-140396,2014-11-25,Standard Class,KH-16330,10024,12.96,4.54,OFF-BI-10003669,New York City
6922,CA-2017-109211,2017-04-10,Standard Class,PS-19045,10011,16.98,8.49,OFF-EN-10001532,New York City
3820,CA-2017-141873,2017-10-14,Standard Class,HG-14845,10024,12.82,4.33,OFF-BI-10001031,New York City
9851,CA-2016-158155,2016-05-06,Standard Class,EH-13765,10009,12.56,4.02,FUR-FU-10000732,New York City
7722,CA-2015-108588,2015-01-10,Standard Class,BG-11695,10009,13.17,4.61,OFF-BI-10004506,New York City
7199,US-2015-156797,2015-08-15,Standard Class,PO-19180,10035,11.96,3.11,OFF-AR-10001427,New York City
759,CA-2017-117240,2017-07-28,Standard Class,CP-12340,10009,13.13,4.27,OFF-BI-10000848,New York City
2639,CA-2017-108441,2017-06-18,Standard Class,SB-20170,10035,13.13,4.27,OFF-BI-10000848,New York City
2209,CA-2015-129854,2015-08-26,Standard Class,RB-19705,10009,16.52,7.60,OFF-AR-10000390,New York City
3742,CA-2016-137848,2016-01-21,Standard Class,WB-21850,10011,16.52,7.60,OFF-EN-10001137,New York City
6458,CA-2014-110065,2014-08-11,Standard Class,SP-20650,10009,15.96,7.02,OFF-AR-10004165,New York City
54,CA-2016-105816,2016-12-17,Standard Class,JM-15265,10024,15.26,6.26,OFF-FA-10000304,New York City
4467,CA-2017-168641,2017-11-30,Standard Class,KA-16525,10035,16.38,7.37,OFF-AR-10003759,New York City
2154,CA-2016-117282,2016-07-18,Standard Class,DR-12880,10009,14.16,5.13,OFF-BI-10004094,New York City
5736,CA-2014-111773,2014-07-03,Standard Class,JK-15625,10024,13.92,4.87,OFF-BI-10000174,New York City
992,CA-2016-110023,2016-09-11,First Class,TS-21610,10024,14.62,5.48,OFF-BI-10001036,New York City
3383,CA-2015-130659,2015-12-09,Second Class,MS-17365,10035,17.94,8.79,OFF-EN-10004147,New York City
7119,CA-2017-104906,2017-02-17,Standard Class,JP-15460,10009,17.94,8.79,OFF-PA-10001184,New York City
1950,CA-2017-157987,2017-09-06,Standard Class,AC-10615,10009,12.98,3.76,OFF-AP-10000358,New York City
7721,CA-2015-108588,2015-01-10,Standard Class,BG-11695,10009,17.48,8.22,OFF-EN-10000461,New York City
4830,CA-2016-152408,2016-05-21,Standard Class,TT-21220,10035,13.78,4.48,OFF-BI-10002393,New York City
4183,US-2017-136868,2017-10-12,Standard Class,CR-12820,10035,17.04,7.67,OFF-PA-10002377,New York City
1958,CA-2017-157987,2017-09-06,Standard Class,AC-10615,10009,17.12,7.70,OFF-PA-10003893,New York City
2464,CA-2017-148691,2017-12-09,Standard Class,CS-12460,10009,14.62,5.12,OFF-BI-10001553,New York City
6776,CA-2015-105361,2015-04-04,Standard Class,CM-12115,10024,17.64,8.11,OFF-PA-10002615,New York City
7894,CA-2017-125367,2017-07-30,Standard Class,NM-18445,10011,13.92,4.35,OFF-BI-10002412,New York City
681,CA-2016-164511,2016-11-24,Standard Class,DJ-13630,10024,14.35,4.66,OFF-BI-10003305,New York City
4092,CA-2016-161473,2016-04-05,Standard Class,TB-21175,10035,14.35,4.66,OFF-BI-10003305,New York City
9868,US-2015-116981,2015-03-28,Second Class,SM-20950,10009,13.11,3.41,OFF-AP-10000595,New York City
2638,CA-2017-108441,2017-06-18,Standard Class,SB-20170,10035,19.04,9.33,OFF-PA-10000697,New York City
2451,CA-2017-140949,2017-03-22,Second Class,DB-13405,10011,18.75,9.00,OFF-LA-10000081,New York City
3178,CA-2017-122280,2017-09-10,Same Day,SH-20395,10024,18.76,9.00,OFF-PA-10004911,New York City
2086,CA-2016-140501,2016-06-28,Standard Class,IM-15070,10009,18.45,8.67,OFF-LA-10000248,New York City
1953,CA-2017-157987,2017-09-06,Standard Class,AC-10615,10009,18.90,9.07,OFF-LA-10001641,New York City
3026,CA-2015-164441,2015-11-13,Standard Class,AC-10450,10011,17.94,8.07,OFF-PA-10001667,New York City
6749,CA-2017-100230,2017-12-15,Standard Class,AA-10375,10035,17.94,8.07,OFF-PA-10002245,New York City
6748,CA-2017-100230,2017-12-15,Standard Class,AA-10375,10035,14.95,5.05,OFF-BI-10002498,New York City
357,CA-2016-138520,2016-04-13,Standard Class,JL-15505,10035,17.04,6.99,OFF-AR-10002399,New York City
3284,CA-2014-159478,2014-10-06,Standard Class,MH-17785,10035,15.24,5.18,FUR-FU-10000221,New York City
3822,CA-2017-141873,2017-10-14,Standard Class,HG-14845,10024,18.98,8.92,OFF-PA-10000069,New York City
9178,CA-2016-166618,2016-11-18,Standard Class,DP-13000,10035,13.98,3.91,TEC-PH-10003356,New York City
1004,CA-2015-124891,2015-07-31,Same Day,RH-19495,10024,19.44,9.33,OFF-PA-10004621,New York City
1170,CA-2017-145226,2017-12-10,Second Class,DL-13315,10035,19.44,9.33,OFF-PA-10003172,New York City
3913,CA-2017-148068,2017-09-25,Standard Class,MM-18280,10035,19.44,9.33,OFF-PA-10001639,New York City
5712,US-2015-160857,2015-05-15,Standard Class,NW-18400,10024,19.44,9.33,OFF-PA-10003363,New York City
5814,CA-2015-150196,2015-07-03,First Class,SR-20740,10024,19.44,9.33,OFF-PA-10003797,New York City
5798,CA-2014-124856,2014-10-03,Second Class,LD-17005,10011,18.90,8.69,OFF-LA-10000121,New York City
8805,CA-2014-157644,2014-12-31,First Class,AH-10030,10035,18.90,8.69,OFF-LA-10003148,New York City
7615,CA-2015-113740,2015-08-28,Second Class,SC-20380,10035,14.91,4.62,FUR-FU-10000010,New York City
506,CA-2017-134978,2017-11-15,Second Class,EB-13705,10024,15.92,5.37,OFF-BI-10003274,New York City
2133,CA-2015-156524,2015-11-26,Standard Class,DL-12865,10011,19.65,9.04,OFF-PA-10003883,New York City
4412,CA-2014-130624,2014-06-24,First Class,TB-21280,10024,19.65,9.04,OFF-PA-10003883,New York City
362,CA-2017-144904,2017-09-30,Standard Class,KW-16435,10009,20.70,9.94,OFF-LA-10001158,New York City
4090,CA-2016-161473,2016-04-05,Standard Class,TB-21175,10035,20.70,9.94,OFF-LA-10001297,New York City
8483,US-2017-118535,2017-02-15,Standard Class,DJ-13510,10024,20.70,9.94,OFF-LA-10001297,New York City
574,CA-2017-164826,2018-01-04,Standard Class,JF-15415,10024,14.85,4.01,TEC-PH-10000347,New York City
6394,CA-2016-129126,2016-12-19,Standard Class,PK-19075,10011,21.48,10.53,OFF-FA-10000621,New York City
1287,CA-2015-124268,2015-07-08,Standard Class,AD-10180,10035,15.48,4.49,OFF-AR-10004817,New York City
1397,CA-2016-124485,2016-11-26,First Class,NC-18340,10035,17.22,6.03,OFF-BI-10000822,New York City
7728,US-2015-150231,2015-03-20,Second Class,JK-15640,10009,17.52,6.31,OFF-AR-10001761,New York City
261,CA-2017-163139,2017-12-03,Second Class,CC-12670,10009,17.52,6.13,OFF-BI-10003460,New York City
923,CA-2015-111164,2015-04-15,Standard Class,SE-20110,10009,21.99,10.56,TEC-PH-10004531,New York City
8609,CA-2014-151946,2014-06-09,Standard Class,BT-11440,10035,15.56,4.05,OFF-AP-10001626,New York City
7483,CA-2014-113964,2014-09-30,Standard Class,JP-16135,10011,18.46,6.92,OFF-BI-10004654,New York City
8403,CA-2015-110814,2015-12-09,Second Class,BD-11635,10009,22.68,11.11,OFF-PA-10004156,New York City
4197,US-2015-134271,2015-04-23,Second Class,RF-19735,10024,21.93,10.31,OFF-LA-10004093,New York City
9608,CA-2017-117128,2017-12-08,Second Class,BF-11080,10024,21.60,9.94,OFF-PA-10000007,New York City
6259,CA-2015-133536,2015-03-30,Second Class,JH-15820,10009,22.92,11.23,OFF-EN-10004459,New York City
6336,CA-2014-133305,2014-07-15,Standard Class,MH-17455,10011,18.28,6.40,OFF-BI-10002954,New York City
9025,CA-2016-102127,2016-07-02,Standard Class,VP-21760,10035,20.97,9.02,TEC-AC-10002018,New York City
9925,CA-2015-159534,2015-03-23,First Class,DH-13075,10035,23.99,11.99,OFF-EN-10004386,New York City
3823,CA-2017-141873,2017-10-14,Standard Class,HG-14845,10024,18.24,6.16,OFF-BI-10003655,New York City
7011,US-2014-135881,2014-05-27,Standard Class,GT-14710,10035,17.96,5.84,OFF-BI-10000829,New York City
1507,CA-2017-154935,2017-12-29,Standard Class,AR-10540,10024,17.88,5.59,OFF-BI-10003708,New York City
2564,CA-2015-110632,2015-03-22,Second Class,HR-14830,10009,15.02,2.70,TEC-AC-10000387,New York City
2588,CA-2017-131695,2017-07-06,Standard Class,RA-19285,10024,22.23,9.78,FUR-FU-10002045,New York City
6396,CA-2016-129126,2016-12-19,Standard Class,PK-19075,10011,17.15,4.63,OFF-ST-10004507,New York City
6347,CA-2017-104822,2017-10-20,Same Day,RB-19465,10024,24.55,12.03,OFF-LA-10002034,New York City
5615,CA-2016-158001,2016-08-27,Standard Class,JP-15460,10035,21.30,8.73,OFF-AR-10002399,New York City
5129,CA-2014-160766,2014-09-14,Same Day,DM-13015,10009,16.99,4.42,TEC-PH-10001536,New York City
6925,CA-2015-137925,2015-12-04,Standard Class,JL-15235,10035,23.66,10.88,OFF-PA-10002659,New York City
8016,CA-2017-120168,2017-05-25,Same Day,TB-21625,10009,18.84,6.03,FUR-FU-10000732,New York City
6832,US-2017-123204,2017-07-27,Standard Class,CS-11860,10024,17.48,4.54,OFF-AP-10002287,New York City
4863,CA-2016-125164,2016-11-14,Standard Class,SH-19975,10011,20.37,7.38,OFF-BI-10001191,New York City
351,CA-2016-129714,2016-09-03,First Class,AB-10060,10009,24.56,11.54,OFF-PA-10001970,New York City
8574,CA-2015-164623,2015-10-22,First Class,MS-17770,10035,24.56,11.54,OFF-PA-10000249,New York City
2491,CA-2015-141040,2015-10-13,Second Class,TB-21250,10024,23.92,10.76,OFF-PA-10002245,New York City
4404,CA-2014-127936,2014-09-04,First Class,CL-12565,10009,21.24,8.07,OFF-AR-10002445,New York City
8028,CA-2015-132465,2015-09-15,Second Class,DM-13525,10035,19.99,6.80,TEC-AC-10001998,New York City
4480,CA-2014-147235,2014-03-28,Standard Class,CD-11920,10024,24.90,11.70,OFF-PA-10004948,New York City
7786,US-2014-111353,2014-12-06,Standard Class,PB-19150,10009,25.06,11.78,OFF-LA-10002762,New York City
1290,CA-2016-154711,2016-11-26,Standard Class,TB-21355,10009,20.82,7.50,OFF-AR-10001860,New York City
194,CA-2015-102281,2015-10-14,First Class,MP-17470,10035,19.90,6.57,OFF-AR-10003514,New York City
7310,CA-2017-112172,2017-06-14,Second Class,MM-18280,10024,14.13,0.71,OFF-FA-10004395,New York City
259,CA-2017-163139,2017-12-03,Second Class,CC-12670,10009,20.37,6.93,TEC-AC-10000290,New York City
6444,CA-2016-101161,2016-10-20,Standard Class,BW-11110,10024,24.90,11.45,OFF-LA-10000407,New York City
8053,CA-2014-109904,2014-07-17,Second Class,BF-10975,10009,17.94,4.49,OFF-AR-10004999,New York City
2338,CA-2014-110639,2014-08-23,Same Day,RH-19495,10009,25.92,12.44,OFF-PA-10003936,New York City
7554,CA-2014-140396,2014-11-25,Standard Class,KH-16330,10024,25.92,12.44,OFF-PA-10000223,New York City
9037,CA-2015-166492,2015-04-10,First Class,RP-19390,10035,25.92,12.44,OFF-PA-10002262,New York City
9385,CA-2017-100433,2017-08-16,Standard Class,SJ-20125,10009,25.92,12.44,OFF-PA-10003441,New York City
4108,CA-2015-105599,2015-09-07,Same Day,MC-17275,10011,13.96,0.28,OFF-ST-10002486,New York City
7019,US-2016-154256,2016-06-27,Second Class,SM-20005,10035,25.83,12.14,OFF-LA-10003720,New York City
4794,US-2015-141684,2015-07-04,Standard Class,MM-18055,10011,24.96,11.23,OFF-PA-10002870,New York City
5914,US-2015-126977,2015-09-23,Standard Class,PF-19120,10035,14.90,1.04,OFF-ST-10000617,New York City
305,CA-2015-144253,2015-05-09,Second Class,AS-10225,10024,26.80,12.86,FUR-FU-10002671,New York City
3105,US-2017-140074,2017-03-29,Standard Class,EC-14050,10024,25.68,11.56,OFF-PA-10002741,New York City
4977,CA-2015-165050,2015-12-09,First Class,AH-10210,10024,21.36,7.21,OFF-BI-10001031,New York City
3735,CA-2017-168193,2017-03-11,Second Class,RM-19750,10011,26.38,12.13,OFF-PA-10002254,New York City
2105,CA-2017-167101,2017-03-28,Second Class,BM-11650,10009,26.00,11.70,TEC-AC-10001266,New York City
3158,CA-2015-139584,2015-08-28,Standard Class,EM-13810,10009,26.00,11.70,TEC-AC-10001266,New York City
1881,CA-2015-109512,2015-03-05,Same Day,LF-17185,10011,29.34,14.67,OFF-EN-10002621,New York City
3179,CA-2017-105235,2017-12-11,Standard Class,SM-20950,10011,20.94,6.07,FUR-FU-10001487,New York City
5008,CA-2015-169796,2015-11-14,Standard Class,Dp-13240,10035,17.94,3.05,OFF-ST-10001505,New York City
8466,CA-2015-116512,2015-04-14,Standard Class,MC-18100,10024,17.94,3.05,OFF-ST-10001505,New York City
6397,CA-2016-129126,2016-12-19,Standard Class,PK-19075,10011,23.12,7.80,OFF-BI-10000279,New York City
8242,CA-2014-109855,2014-09-05,Standard Class,LH-16900,10009,23.74,8.31,OFF-BI-10004716,New York City
390,CA-2017-101798,2017-12-15,Standard Class,MV-18190,10009,23.36,7.88,OFF-BI-10000050,New York City
858,CA-2014-125612,2014-08-08,Standard Class,BK-11260,10035,21.36,5.77,OFF-ST-10003221,New York City
1477,US-2017-104955,2017-03-24,Standard Class,CG-12040,10024,28.91,13.30,OFF-LA-10003121,New York City
3607,CA-2016-119683,2016-03-16,Second Class,CK-12595,10024,29.34,13.50,OFF-EN-10001099,New York City
3197,CA-2017-109750,2017-07-28,Standard Class,FH-14365,10009,29.97,14.09,TEC-PH-10000702,New York City
5333,CA-2016-123120,2016-09-08,Standard Class,CV-12295,10011,22.72,6.59,OFF-SU-10002503,New York City
3361,US-2015-142020,2015-06-08,Second Class,TC-21535,10024,30.44,14.31,OFF-PA-10004569,New York City
1165,CA-2014-127964,2014-03-08,Standard Class,AP-10720,10035,25.32,9.18,OFF-BI-10003429,New York City
7098,CA-2016-101980,2016-08-20,First Class,RP-19390,10009,25.32,9.18,OFF-BI-10003429,New York City
2213,CA-2017-107874,2017-11-25,Standard Class,SW-20275,10035,27.42,11.24,FUR-FU-10003535,New York City
6982,CA-2014-146990,2014-11-08,First Class,BP-11095,10024,30.18,13.88,OFF-PA-10000246,New York City
7041,CA-2017-103443,2017-12-23,Standard Class,AT-10735,10009,24.82,8.38,OFF-BI-10001617,New York City
3310,CA-2015-144386,2015-11-11,Standard Class,GT-14635,10009,25.34,8.87,OFF-BI-10001116,New York City
8905,US-2016-126431,2016-06-30,Same Day,SU-20665,10009,30.53,14.04,OFF-LA-10001474,New York City
1242,CA-2016-128727,2016-09-04,Standard Class,MO-17800,10024,22.00,5.50,TEC-PH-10003442,New York City
7857,CA-2014-103429,2014-05-31,First Class,LW-16825,10024,25.58,8.95,OFF-BI-10004233,New York City
8512,CA-2016-103359,2016-12-26,Standard Class,LC-16885,10035,25.58,8.95,OFF-BI-10004233,New York City
1947,CA-2017-157987,2017-09-06,Standard Class,AC-10615,10009,23.10,6.47,OFF-AR-10000658,New York City
4162,CA-2017-115546,2017-05-18,Standard Class,AH-10465,10035,22.58,5.87,OFF-ST-10002214,New York City
9038,CA-2015-166492,2015-04-10,First Class,RP-19390,10035,22.58,5.87,OFF-ST-10002214,New York City
4903,CA-2017-110884,2017-03-12,Standard Class,SH-20395,10035,25.92,9.07,OFF-BI-10003669,New York City
3149,CA-2016-120558,2016-06-10,First Class,RD-19810,10035,32.40,15.55,OFF-PA-10003441,New York City
6490,US-2017-148866,2017-09-24,Standard Class,JM-15535,10011,32.40,15.55,OFF-PA-10004782,New York City
5403,CA-2017-123043,2017-08-29,Standard Class,AH-10195,10024,24.67,7.71,OFF-BI-10003910,New York City
6238,US-2016-155180,2016-01-29,Standard Class,TB-21280,10009,26.34,9.22,OFF-BI-10004506,New York City
9461,CA-2014-101833,2014-11-22,Second Class,FG-14260,10024,34.44,17.22,OFF-PA-10003591,New York City
3794,CA-2015-163762,2015-11-30,Standard Class,JE-15475,10024,29.79,12.51,OFF-AR-10001915,New York City
6511,CA-2017-102197,2017-12-26,Standard Class,DK-13150,10009,34.02,16.67,OFF-PA-10004156,New York City
7551,CA-2014-140396,2014-11-25,Standard Class,KH-16330,10024,34.74,17.37,OFF-EN-10002592,New York City
9179,CA-2016-166618,2016-11-18,Standard Class,DP-13000,10035,23.65,6.15,OFF-AR-10001725,New York City
1951,CA-2017-157987,2017-09-06,Standard Class,AC-10615,10009,26.43,8.92,OFF-BI-10004970,New York City
4628,CA-2016-101336,2016-11-18,Standard Class,CK-12760,10011,24.88,6.97,OFF-ST-10000876,New York City
9063,CA-2016-101623,2016-03-06,Standard Class,RR-19525,10035,36.48,18.24,OFF-FA-10003495,New York City
4766,CA-2015-118227,2015-04-28,Standard Class,DB-13270,10009,25.99,7.54,OFF-AR-10001044,New York City
2361,US-2014-148838,2014-03-21,Standard Class,CP-12340,10024,34.86,16.38,OFF-PA-10002960,New York City
358,CA-2016-138520,2016-04-13,Standard Class,JL-15505,10035,34.40,15.82,OFF-PA-10002713,New York City
9203,CA-2016-153836,2016-11-03,Standard Class,EH-13765,10011,28.75,10.06,OFF-BI-10004817,New York City
4524,CA-2014-107454,2014-11-06,Standard Class,RD-19720,10024,34.86,16.04,OFF-LA-10001569,New York City
6059,CA-2014-107524,2014-03-08,Standard Class,KN-16705,10009,36.40,17.47,OFF-PA-10000587,New York City
3780,CA-2017-118521,2017-02-20,Standard Class,LF-17185,10035,37.94,18.21,OFF-PA-10003465,New York City
5528,CA-2015-142055,2015-05-10,First Class,AB-10255,10009,37.94,18.21,OFF-PA-10003465,New York City
6443,CA-2016-101161,2016-10-20,Standard Class,BW-11110,10024,37.94,18.21,OFF-PA-10001295,New York City
8774,CA-2015-132276,2015-02-28,Standard Class,LC-16960,10024,26.88,6.72,OFF-AP-10000804,New York City
6941,CA-2017-107132,2017-06-30,Standard Class,SC-20260,10009,28.40,8.24,OFF-SU-10002503,New York City
8191,US-2017-155866,2017-11-21,Standard Class,CC-12370,10011,38.88,18.66,OFF-PA-10004735,New York City
7030,CA-2016-145548,2016-11-16,Standard Class,EB-13750,10011,28.14,7.88,OFF-ST-10002562,New York City
2397,CA-2015-137897,2015-11-19,Standard Class,PJ-18835,10035,37.00,16.65,OFF-PA-10004041,New York City
6093,CA-2017-100111,2017-09-26,Standard Class,SV-20365,10035,38.52,18.10,OFF-PA-10000807,New York City
3974,CA-2016-167556,2016-04-02,Standard Class,JM-15250,10009,29.80,9.31,OFF-BI-10003708,New York City
1226,CA-2016-126004,2016-12-05,First Class,BM-11140,10024,40.56,19.87,OFF-PA-10001685,New York City
1042,CA-2016-102981,2016-09-09,Second Class,MO-17500,10035,31.86,11.15,TEC-AC-10004761,New York City
1719,CA-2016-169943,2016-05-24,Standard Class,BN-11515,10011,35.92,15.09,FUR-FU-10002088,New York City
9270,US-2017-102183,2017-08-28,Standard Class,PK-19075,10035,32.09,11.23,OFF-BI-10003476,New York City
5653,CA-2017-109099,2017-10-11,Standard Class,MM-18280,10009,40.99,20.09,OFF-PA-10001033,New York City
6295,CA-2014-141152,2014-09-19,First Class,RF-19345,10024,33.55,12.58,OFF-BI-10002931,New York City
856,CA-2014-125612,2014-08-08,Standard Class,BK-11260,10035,39.96,18.78,OFF-PA-10001019,New York City
9581,CA-2017-152975,2017-09-16,First Class,RB-19705,10035,29.95,8.69,OFF-AR-10001988,New York City
2391,US-2015-127040,2015-12-10,Standard Class,SG-20605,10009,41.86,20.51,OFF-PA-10001184,New York City
1249,CA-2017-115602,2017-12-24,Standard Class,DJ-13630,10009,38.82,17.47,OFF-AR-10002280,New York City
5617,CA-2016-158001,2016-08-27,Standard Class,JP-15460,10035,29.34,7.92,OFF-AR-10001954,New York City
1338,CA-2017-100524,2017-04-02,Second Class,CM-12115,10011,29.78,8.04,FUR-FU-10004018,New York City
5330,CA-2016-111941,2016-12-28,Second Class,BD-11620,10035,33.57,11.75,OFF-BI-10001524,New York City
6594,CA-2016-126795,2016-06-16,Second Class,GT-14710,10024,33.57,11.75,OFF-BI-10001989,New York City
7860,CA-2014-103429,2014-05-31,First Class,LW-16825,10024,39.96,17.98,OFF-PA-10001712,New York City
9919,CA-2015-105508,2015-09-29,Standard Class,JF-15190,10035,39.98,17.99,OFF-EN-10003055,New York City
573,CA-2017-164826,2018-01-04,Standard Class,JF-15415,10024,33.26,11.23,OFF-BI-10001922,New York City
2181,CA-2016-128818,2016-05-11,Standard Class,CJ-12010,10009,44.40,22.20,OFF-LA-10003923,New York City
6441,CA-2016-101161,2016-10-20,Standard Class,BW-11110,10024,34.70,12.49,OFF-AR-10001860,New York City
4202,CA-2015-143105,2015-12-10,Same Day,MA-17560,10024,41.28,18.99,OFF-PA-10002713,New York City
8266,CA-2014-131800,2015-01-04,Standard Class,AJ-10960,10035,35.45,12.85,OFF-BI-10003429,New York City
9511,CA-2016-105263,2016-08-11,Standard Class,LM-17065,10024,38.34,15.72,OFF-AR-10002399,New York City
6171,CA-2016-141523,2016-12-24,Second Class,MH-17440,10035,34.25,11.56,OFF-BI-10000948,New York City
9398,CA-2014-125997,2014-09-23,First Class,MW-18220,10011,30.98,8.05,OFF-AP-10003842,New York City
6486,CA-2017-113908,2017-06-09,Standard Class,KN-16390,10011,45.36,22.23,OFF-PA-10004156,New York City
6188,CA-2015-138954,2015-11-17,First Class,MH-17785,10035,34.94,11.79,OFF-BI-10003963,New York City
3362,US-2015-142020,2015-06-08,Second Class,TC-21535,10024,35.28,12.00,FUR-FU-10000672,New York City
8804,CA-2014-157644,2014-12-31,First Class,AH-10030,10035,34.77,11.47,TEC-AC-10003614,New York City
2339,CA-2014-110639,2014-08-23,Same Day,RH-19495,10009,45.92,22.50,OFF-PA-10004530,New York City
627,CA-2017-163020,2017-09-19,Standard Class,MO-17800,10009,35.56,12.09,FUR-FU-10000221,New York City
4329,CA-2017-118360,2017-04-07,Standard Class,JC-15775,10011,42.93,19.32,OFF-PA-10000791,New York City
1171,CA-2017-145226,2017-12-10,Second Class,DL-13315,10035,31.92,8.30,OFF-ST-10002352,New York City
5131,CA-2014-160766,2014-09-14,Same Day,DM-13015,10009,44.82,21.07,OFF-PA-10000213,New York City
5226,CA-2016-119865,2016-06-26,Standard Class,AS-10090,10011,36.56,12.80,OFF-BI-10001553,New York City
6697,US-2016-155103,2016-12-07,Standard Class,JF-15190,10024,35.23,11.45,OFF-BI-10004236,New York City
7035,CA-2016-145548,2016-11-16,Standard Class,EB-13750,10011,35.23,11.45,OFF-BI-10004236,New York City
4260,CA-2017-118367,2017-11-02,Second Class,LO-17170,10035,47.98,23.99,OFF-EN-10004386,New York City
4389,CA-2017-111556,2017-11-22,First Class,CD-11920,10035,46.76,22.44,OFF-PA-10003651,New York City
1791,CA-2014-102008,2014-10-04,Standard Class,RA-19915,10011,48.94,24.47,OFF-PA-10004092,New York City
8906,US-2016-126431,2016-06-30,Same Day,SU-20665,10009,30.84,6.17,TEC-AC-10001635,New York City
2565,CA-2015-110632,2015-03-22,Second Class,HR-14830,10009,33.82,9.13,OFF-ST-10001291,New York City
617,CA-2017-117947,2017-08-23,Second Class,NG-18355,10011,40.48,15.79,FUR-FU-10003849,New York City
5447,US-2016-127425,2016-08-31,Standard Class,DR-12880,10035,33.00,8.25,TEC-PH-10003442,New York City
9027,CA-2016-102127,2016-07-02,Standard Class,VP-21760,10035,37.74,12.83,FUR-FU-10003976,New York City
7798,CA-2017-166184,2017-03-27,First Class,HR-14830,10035,47.01,22.09,OFF-EN-10004483,New York City
7108,CA-2016-109666,2016-04-26,Standard Class,KM-16720,10035,25.98,0.78,TEC-PH-10004774,New York City
1798,US-2017-139465,2017-08-30,First Class,MR-17545,10024,37.01,11.57,OFF-BI-10003910,New York City
9940,CA-2016-169824,2016-12-17,Standard Class,NS-18640,10009,35.52,9.95,OFF-SU-10000952,New York City
5707,CA-2017-136000,2017-09-25,Second Class,SC-20440,10009,40.18,14.56,OFF-BI-10004828,New York City
353,CA-2016-129714,2016-09-03,First Class,AB-10060,10009,49.12,23.09,OFF-PA-10001970,New York City
3128,CA-2017-147564,2017-10-06,Standard Class,BP-11155,10011,49.12,23.09,OFF-PA-10004438,New York City
6335,CA-2014-133305,2014-07-15,Standard Class,MH-17455,10011,49.12,23.09,OFF-PA-10001970,New York City
405,CA-2017-117933,2017-12-29,Standard Class,RF-19840,10024,35.91,9.70,OFF-AP-10004249,New York City
966,CA-2017-135279,2017-04-11,First Class,BS-11800,10011,35.97,9.71,OFF-AR-10004344,New York City
3976,CA-2016-167556,2016-04-02,Standard Class,JM-15250,10009,41.33,14.98,OFF-BI-10000320,New York City
391,CA-2017-101798,2017-12-15,Standard Class,MV-18190,10009,39.98,13.59,TEC-AC-10001998,New York City
365,CA-2017-144904,2017-09-30,Standard Class,KW-16435,10009,47.12,20.73,FUR-FU-10000023,New York City
4630,CA-2016-101336,2016-11-18,Standard Class,CK-12760,10011,36.63,9.89,OFF-ST-10004258,New York City
5212,CA-2015-130876,2015-05-16,Second Class,AZ-10750,10024,36.63,9.89,OFF-ST-10004258,New York City
620,CA-2017-117947,2017-08-23,Second Class,NG-18355,10011,37.91,10.99,TEC-PH-10002538,New York City
192,CA-2015-102281,2015-10-14,First Class,MP-17470,10035,51.84,24.88,OFF-PA-10000061,New York City
547,CA-2017-162929,2017-11-22,First Class,AS-10135,10035,41.28,13.93,OFF-BI-10000404,New York City
1720,CA-2016-169943,2016-05-24,Standard Class,BN-11515,10011,39.76,12.33,FUR-FU-10000010,New York City
9358,CA-2016-168046,2016-01-28,Second Class,JD-15895,10024,43.12,15.09,OFF-BI-10003676,New York City
6698,US-2016-155103,2016-12-07,Standard Class,JF-15190,10024,54.96,26.93,OFF-PA-10000062,New York City
9534,CA-2016-116596,2016-10-31,Standard Class,BW-11200,10011,40.67,12.61,OFF-FA-10000134,New York City
2956,CA-2016-153353,2016-08-24,Standard Class,GG-14650,10035,39.99,11.60,TEC-PH-10000439,New York City
1584,CA-2015-131338,2015-08-12,First Class,NP-18325,10024,47.04,18.35,FUR-FU-10002157,New York City
1288,CA-2016-154711,2016-11-26,Standard Class,TB-21355,10009,39.88,11.17,FUR-FU-10000397,New York City
711,CA-2014-113887,2014-04-07,First Class,TH-21550,10035,55.48,26.63,OFF-PA-10004071,New York City
7031,CA-2016-145548,2016-11-16,Standard Class,EB-13750,10011,36.00,6.48,TEC-AC-10002305,New York City
2781,CA-2017-167668,2017-05-08,First Class,TC-21295,10035,59.20,29.60,OFF-LA-10004544,New York City
3238,CA-2016-146836,2016-05-02,Same Day,CC-12475,10024,45.58,15.95,OFF-BI-10000315,New York City
854,CA-2016-123274,2016-02-24,Standard Class,GT-14710,10035,44.46,14.67,FUR-FU-10004090,New York City
4532,CA-2016-118759,2016-11-17,First Class,MB-17305,10009,40.44,10.51,OFF-ST-10001590,New York City
1409,CA-2016-130407,2016-09-06,Standard Class,KD-16270,10024,39.98,9.99,FUR-FU-10001967,New York City
6366,CA-2017-144848,2017-04-05,First Class,DS-13030,10009,41.22,11.13,TEC-PH-10004006,New York City
322,CA-2014-164973,2014-11-09,Standard Class,NM-18445,10024,43.57,13.07,OFF-ST-10002974,New York City
4760,CA-2014-121573,2014-11-07,Standard Class,SG-20605,10009,48.90,18.34,OFF-BI-10000666,New York City
7027,US-2017-101840,2017-02-12,Standard Class,SP-20545,10024,46.24,15.61,OFF-BI-10000279,New York City
710,CA-2014-112158,2014-12-04,First Class,DP-13165,10035,46.72,15.77,OFF-BI-10000050,New York City
111,CA-2017-146780,2017-12-30,Standard Class,CV-12805,10035,41.96,10.91,FUR-FU-10001934,New York City
7324,US-2017-126053,2017-12-08,First Class,CS-11950,10024,41.96,10.91,FUR-FU-10001934,New York City
7316,CA-2017-115322,2017-05-16,Second Class,ZC-21910,10024,43.92,12.74,OFF-AR-10004456,New York City
3743,CA-2016-137848,2016-01-21,Standard Class,WB-21850,10011,60.12,28.86,OFF-PA-10004285,New York City
9142,CA-2016-139409,2016-09-07,First Class,FW-14395,10011,43.60,12.21,TEC-PH-10003988,New York City
1210,CA-2016-137050,2016-07-18,Second Class,SW-20755,10009,41.86,10.47,OFF-AR-10004999,New York City
9535,CA-2016-116596,2016-10-31,Standard Class,BW-11200,10011,33.48,1.34,OFF-ST-10000636,New York City
7842,CA-2016-116603,2016-07-22,Standard Class,AT-10735,10024,45.96,13.79,OFF-AP-10002892,New York City
3744,CA-2016-137848,2016-01-21,Standard Class,WB-21850,10011,49.54,17.34,OFF-BI-10002225,New York City
3237,CA-2016-146836,2016-05-02,Same Day,CC-12475,10024,44.94,12.58,OFF-ST-10001580,New York City
6095,CA-2017-100111,2017-09-26,Standard Class,SV-20365,10035,45.40,12.71,OFF-ST-10000615,New York City
6510,CA-2017-102197,2017-12-26,Standard Class,DK-13150,10009,50.35,17.62,OFF-BI-10001524,New York City
1721,CA-2016-169943,2016-05-24,Standard Class,BN-11515,10011,47.74,14.92,OFF-BI-10002824,New York City
4414,CA-2014-130624,2014-06-24,First Class,TB-21280,10024,59.70,26.86,OFF-AP-10001303,New York City
909,CA-2017-143259,2018-01-03,Standard Class,PO-18865,10009,52.78,19.79,OFF-BI-10003684,New York City
6217,CA-2015-161711,2015-12-03,Standard Class,MC-17425,10035,62.24,29.25,OFF-EN-10001539,New York City
4864,CA-2016-125164,2016-11-14,Standard Class,SH-19975,10011,49.85,16.82,OFF-BI-10003982,New York City
9924,CA-2015-159534,2015-03-23,First Class,DH-13075,10035,49.85,16.82,OFF-BI-10003982,New York City
5500,CA-2017-164378,2017-07-18,Second Class,MM-18055,10024,41.90,8.80,TEC-AC-10004708,New York City
4996,CA-2014-132227,2014-11-10,Standard Class,SZ-20035,10011,52.06,18.87,OFF-BI-10000962,New York City
8188,CA-2016-127194,2016-12-16,Standard Class,BW-11110,10024,62.82,29.53,OFF-PA-10000659,New York City
4580,US-2014-150126,2014-08-02,Standard Class,AS-10045,10035,65.78,32.23,OFF-PA-10002709,New York City
1175,CA-2015-132080,2015-08-25,First Class,DP-13105,10035,50.11,16.29,OFF-BI-10003694,New York City
2459,CA-2017-140949,2017-03-22,Second Class,DB-13405,10011,46.53,12.10,OFF-ST-10003455,New York City
1491,CA-2017-151911,2017-05-05,Second Class,DL-13495,10024,62.96,28.33,OFF-EN-10002986,New York City
3025,CA-2015-164441,2015-11-13,Standard Class,AC-10450,10011,52.27,17.64,OFF-BI-10001922,New York City
8138,CA-2014-103219,2014-11-13,Standard Class,BF-11215,10035,56.52,21.48,FUR-FU-10004091,New York City
2626,CA-2017-127180,2017-10-24,First Class,TA-21385,10024,63.90,28.75,OFF-EN-10002500,New York City
2395,CA-2015-137897,2015-11-19,Standard Class,PJ-18835,10035,37.60,2.26,TEC-AC-10002217,New York City
5117,CA-2017-154137,2017-11-17,Standard Class,MT-17815,10009,35.48,0.00,OFF-ST-10003324,New York City
2185,CA-2016-128818,2016-05-11,Standard Class,CJ-12010,10009,63.68,28.02,FUR-FU-10001940,New York City
8608,CA-2014-151946,2014-06-09,Standard Class,BT-11440,10035,56.96,21.08,FUR-FU-10002878,New York City
2396,CA-2015-137897,2015-11-19,Standard Class,PJ-18835,10035,59.90,23.96,TEC-AC-10001267,New York City
2458,CA-2017-140949,2017-03-22,Second Class,DB-13405,10011,59.10,22.46,OFF-AR-10001683,New York City
5126,CA-2014-160766,2014-09-14,Same Day,DM-13015,10009,68.46,31.49,OFF-EN-10001099,New York City
6943,CA-2017-107132,2017-06-30,Standard Class,SC-20260,10009,68.52,31.52,OFF-PA-10003790,New York City
3447,CA-2016-158869,2016-08-07,First Class,AH-10690,10024,70.88,33.31,OFF-PA-10000474,New York City
571,CA-2017-164826,2018-01-04,Standard Class,JF-15415,10024,72.45,34.78,OFF-LA-10001297,New York City
7034,CA-2016-145548,2016-11-16,Standard Class,EB-13750,10011,55.01,17.19,OFF-BI-10001510,New York City
2556,CA-2015-111458,2015-09-30,Standard Class,PF-19165,10035,50.00,12.00,TEC-AC-10001590,New York City
9360,CA-2016-168046,2016-01-28,Second Class,JD-15895,10024,45.98,7.82,FUR-FU-10000747,New York City
2454,CA-2017-140949,2017-03-22,Second Class,DB-13405,10011,57.06,18.26,TEC-AC-10002399,New York City
5331,CA-2016-123120,2016-09-08,Standard Class,CV-12295,10011,63.94,24.94,FUR-FU-10004748,New York City
1340,CA-2017-100524,2017-04-02,Second Class,CM-12115,10011,75.04,36.02,OFF-PA-10004911,New York City
1582,CA-2015-131338,2015-08-12,First Class,NP-18325,10024,41.96,2.94,OFF-ST-10000642,New York City
3532,CA-2016-155565,2016-05-28,Same Day,EH-13765,10035,54.90,15.37,OFF-SU-10001218,New York City
6033,CA-2017-104010,2017-04-25,First Class,TD-20995,10011,54.90,15.37,OFF-SU-10001218,New York City
7113,CA-2016-109666,2016-04-26,Standard Class,KM-16720,10035,54.90,15.37,OFF-SU-10001218,New York City
5799,CA-2014-124856,2014-10-03,Second Class,LD-17005,10011,77.52,37.98,OFF-PA-10001289,New York City
6104,CA-2017-100111,2017-09-26,Standard Class,SV-20365,10035,59.97,20.39,TEC-AC-10001998,New York City
9397,CA-2014-125997,2014-09-23,First Class,MW-18220,10011,75.18,35.33,OFF-LA-10002762,New York City
5332,CA-2016-123120,2016-09-08,Standard Class,CV-12295,10011,60.60,20.45,OFF-BI-10001460,New York City
6950,CA-2017-143021,2017-11-19,Same Day,AP-10720,10011,58.41,18.25,OFF-BI-10001628,New York City
6216,CA-2015-161711,2015-12-03,Standard Class,MC-17425,10035,68.16,27.95,FUR-FU-10000087,New York City
3537,CA-2016-145842,2016-06-20,Second Class,FM-14380,10024,40.74,0.41,OFF-ST-10000419,New York City
2605,CA-2016-165848,2016-06-04,Same Day,EN-13780,10035,61.12,20.78,FUR-FU-10003878,New York City
9939,CA-2016-169824,2016-12-17,Standard Class,NS-18640,10009,60.35,19.92,FUR-FU-10004864,New York City
3180,CA-2017-105235,2017-12-11,Standard Class,SM-20950,10011,58.68,18.19,FUR-FU-10000521,New York City
3981,CA-2014-114517,2014-12-27,Standard Class,TH-21235,10024,56.52,15.83,OFF-AP-10002350,New York City
4048,US-2015-166520,2015-07-19,First Class,KE-16420,10035,80.88,39.63,OFF-PA-10000501,New York City
5444,CA-2015-148712,2015-04-23,Standard Class,JM-15535,10035,62.30,21.02,OFF-BI-10001900,New York City
8907,US-2016-126431,2016-06-30,Same Day,SU-20665,10009,75.06,33.78,OFF-PA-10001950,New York City
4109,CA-2015-105599,2015-09-07,Same Day,MC-17275,10011,27.41,-14.16,FUR-TA-10003837,New York City
4930,US-2014-138828,2014-09-03,First Class,KD-16345,10009,57.75,16.17,OFF-AR-10000658,New York City
2298,CA-2015-113145,2015-11-05,Standard Class,VD-21670,10011,42.95,1.29,TEC-PH-10001527,New York City
7931,CA-2016-120082,2016-03-27,Second Class,DK-12835,10024,59.52,17.86,OFF-AR-10001955,New York City
7929,CA-2017-120404,2017-11-24,Second Class,KH-16330,10035,50.97,9.17,FUR-FU-10000820,New York City
5968,CA-2016-166912,2016-01-17,First Class,BE-11335,10009,81.98,40.17,OFF-PA-10001033,New York City
6078,CA-2016-151561,2016-09-07,Standard Class,PG-18820,10011,72.48,30.44,TEC-AC-10003399,New York City
6485,CA-2017-113908,2017-06-09,Standard Class,KN-16390,10011,78.66,36.18,TEC-MA-10003173,New York City
1224,CA-2016-126004,2016-12-05,First Class,BM-11140,10024,78.15,34.39,TEC-AC-10001432,New York City
6339,CA-2017-143112,2017-10-09,Standard Class,TS-21370,10035,87.80,43.90,TEC-PH-10003095,New York City
2662,CA-2017-123372,2017-12-02,Standard Class,DG-13300,10035,79.96,35.98,OFF-EN-10003055,New York City
7737,CA-2014-105872,2014-06-06,Standard Class,JG-15160,10024,70.37,26.39,OFF-BI-10003684,New York City
7720,CA-2015-108588,2015-01-10,Standard Class,BG-11695,10009,59.52,15.48,OFF-AR-10001615,New York City
5134,CA-2017-155607,2017-11-30,Standard Class,FG-14260,10009,58.73,14.68,OFF-AP-10001962,New York City
840,CA-2015-100454,2015-11-25,Standard Class,BM-11650,10035,60.45,16.32,OFF-AR-10004648,New York City
2993,CA-2016-134376,2016-10-06,Standard Class,TT-21265,10024,61.44,16.59,OFF-AP-10004532,New York City
1780,CA-2016-124667,2016-11-16,Standard Class,BD-11770,10011,59.97,14.99,TEC-AC-10003447,New York City
2327,CA-2015-105102,2015-09-19,Second Class,BM-11575,10035,46.38,1.16,FUR-BO-10004709,New York City
5143,CA-2016-111213,2016-04-05,Standard Class,FP-14320,10009,63.84,18.51,OFF-SU-10000946,New York City
880,CA-2017-111689,2017-12-02,Second Class,HP-14815,10024,68.47,23.11,OFF-BI-10003984,New York City
5915,US-2015-126977,2015-09-23,Standard Class,PF-19120,10035,87.71,41.22,OFF-LA-10002762,New York City
7236,CA-2016-137337,2016-03-12,Standard Class,GB-14575,10011,69.46,22.57,OFF-BI-10000632,New York City
1796,US-2017-139465,2017-08-30,First Class,MR-17545,10024,63.84,16.60,OFF-ST-10002352,New York City
2640,CA-2017-108441,2017-06-18,Standard Class,SB-20170,10035,64.14,16.68,OFF-AR-10004691,New York City
8620,CA-2017-132437,2017-09-13,Second Class,EM-14095,10024,65.12,16.93,OFF-ST-10001031,New York City
3323,CA-2015-120810,2015-07-27,Standard Class,TH-21550,10009,68.94,20.68,OFF-AP-10002892,New York City
6445,CA-2016-101161,2016-10-20,Standard Class,BW-11110,10024,82.26,33.73,FUR-FU-10003535,New York City
3192,CA-2017-123981,2017-10-08,Standard Class,RW-19630,10035,65.99,17.16,TEC-PH-10002115,New York City
9050,CA-2014-124513,2014-09-25,Standard Class,SL-20155,10011,66.03,17.17,OFF-AR-10002956,New York City
7403,CA-2017-168172,2017-08-10,Standard Class,SH-20395,10011,70.12,21.04,OFF-SU-10002573,New York City
5708,US-2015-160857,2015-05-15,Standard Class,NW-18400,10024,79.44,30.19,FUR-FU-10001095,New York City
4904,CA-2017-110884,2017-03-12,Standard Class,SH-20395,10035,91.59,42.13,OFF-LA-10003510,New York City
4392,CA-2017-111556,2017-11-22,First Class,CD-11920,10035,68.97,19.31,OFF-AR-10004602,New York City
2326,CA-2015-105102,2015-09-19,Second Class,BM-11575,10035,79.87,29.95,OFF-BI-10002082,New York City
683,CA-2016-164511,2016-11-24,Standard Class,DJ-13630,10024,68.60,18.52,OFF-ST-10004507,New York City
976,US-2017-103247,2017-10-08,Second Class,PO-19195,10011,75.79,25.58,OFF-BI-10004492,New York City
922,CA-2015-111164,2015-04-15,Standard Class,SE-20110,10009,85.14,34.91,TEC-AC-10002473,New York City
8202,CA-2015-114811,2015-11-08,Same Day,KD-16495,10024,67.15,16.79,OFF-ST-10000885,New York City
6187,CA-2015-138954,2015-11-17,First Class,MH-17785,10035,70.95,20.58,OFF-ST-10003058,New York City
9723,CA-2016-105781,2016-02-20,Standard Class,JF-15565,10024,89.97,39.59,TEC-AC-10003628,New York City
1619,US-2016-118780,2016-09-14,Second Class,PN-18775,10011,59.48,8.92,OFF-ST-10000352,New York City
6094,CA-2017-100111,2017-09-26,Standard Class,SV-20365,10035,72.64,21.79,TEC-AC-10001465,New York City
8627,CA-2015-164084,2015-09-12,Standard Class,AG-10525,10011,70.26,18.97,OFF-ST-10003638,New York City
191,CA-2015-102281,2015-10-14,First Class,MP-17470,10035,71.76,20.09,TEC-PH-10001552,New York City
653,CA-2017-140844,2017-06-23,Standard Class,AR-10405,10035,97.82,45.98,OFF-PA-10003892,New York City
2627,CA-2017-127180,2017-10-24,First Class,TA-21385,10024,52.99,0.53,TEC-PH-10003800,New York City
7112,CA-2016-109666,2016-04-26,Standard Class,KM-16720,10035,71.96,17.99,OFF-AR-10004022,New York City
2180,CA-2016-128818,2016-05-11,Standard Class,CJ-12010,10009,85.23,30.90,OFF-BI-10000309,New York City
2463,CA-2017-148691,2017-12-09,Standard Class,CS-12460,10009,83.92,29.37,OFF-BI-10001524,New York City
1056,CA-2015-110667,2015-04-08,Standard Class,NF-18595,10009,82.34,27.79,OFF-BI-10002735,New York City
4282,CA-2014-166989,2014-11-18,Standard Class,RM-19675,10011,69.26,14.62,FUR-CH-10001797,New York City
8736,US-2014-169390,2014-02-10,Second Class,CS-12250,10024,64.96,9.74,OFF-ST-10001558,New York City
3736,CA-2017-168193,2017-03-11,Second Class,RM-19750,10011,71.97,16.55,FUR-FU-10002554,New York City
1408,CA-2016-130407,2016-09-06,Standard Class,KD-16270,10024,75.48,19.62,OFF-AR-10002240,New York City
97,CA-2017-161018,2017-11-11,Second Class,PN-18775,10009,96.53,40.54,FUR-FU-10000629,New York City
9852,CA-2016-158155,2016-05-06,Standard Class,EH-13765,10009,90.48,33.93,OFF-BI-10001670,New York City
9506,CA-2016-113607,2016-10-18,Standard Class,PW-19030,10009,111.96,54.86,OFF-PA-10001970,New York City
4627,CA-2016-101336,2016-11-18,Standard Class,CK-12760,10011,77.55,20.16,OFF-ST-10003455,New York City
5922,US-2015-126977,2015-09-23,Standard Class,PF-19120,10035,110.96,53.26,OFF-PA-10004071,New York City
9470,CA-2017-102925,2017-11-10,Second Class,CD-12280,10024,110.96,53.26,OFF-PA-10004071,New York City
2455,CA-2017-140949,2017-03-22,Second Class,DB-13405,10011,71.60,13.60,TEC-AC-10003038,New York City
253,CA-2016-146941,2016-12-13,First Class,DL-13315,10024,80.58,22.56,OFF-ST-10001228,New York City
3442,CA-2014-158337,2014-03-14,Second Class,KA-16525,10024,108.92,49.01,OFF-PA-10002137,New York City
5135,CA-2017-155607,2017-11-30,Standard Class,FG-14260,10009,93.34,32.67,OFF-BI-10003364,New York City
621,CA-2017-117947,2017-08-23,Second Class,NG-18355,10011,88.02,27.29,FUR-FU-10000521,New York City
6372,CA-2017-143035,2017-10-05,Second Class,CC-12430,10009,83.92,21.82,FUR-FU-10001934,New York City
682,CA-2016-164511,2016-11-24,Standard Class,DJ-13630,10024,64.96,2.60,OFF-ST-10002583,New York City
9656,CA-2014-156160,2014-09-29,Standard Class,AS-10090,10035,97.44,35.08,FUR-FU-10001876,New York City
1781,CA-2016-124667,2016-11-16,Standard Class,BD-11770,10011,83.36,20.84,OFF-ST-10002276,New York City
5443,CA-2015-148712,2015-04-23,Standard Class,JM-15535,10035,99.60,36.85,TEC-AC-10003198,New York City
2150,CA-2017-102771,2017-04-05,Standard Class,DO-13435,10035,84.95,22.09,TEC-PH-10001536,New York City
9474,CA-2017-102925,2017-11-10,Second Class,CD-12280,10024,101.40,38.53,FUR-FU-10004245,New York City
9928,CA-2015-159534,2015-03-23,First Class,DH-13075,10035,83.92,20.14,OFF-ST-10001172,New York City
3967,CA-2016-149902,2016-04-06,Standard Class,DW-13540,10024,88.04,22.89,OFF-AR-10002956,New York City
4525,CA-2014-107454,2014-11-06,Standard Class,RD-19720,10024,89.34,24.12,FUR-FU-10004018,New York City
6940,CA-2017-107132,2017-06-30,Standard Class,SC-20260,10009,102.37,37.11,OFF-BI-10001071,New York City
2085,CA-2016-140501,2016-06-28,Standard Class,IM-15070,10009,122.12,56.18,OFF-LA-10003510,New York City
5923,US-2015-126977,2015-09-23,Standard Class,PF-19120,10035,67.80,1.36,TEC-PH-10000169,New York City
5917,US-2015-126977,2015-09-23,Standard Class,PF-19120,10035,94.60,27.43,OFF-ST-10003058,New York City
708,CA-2014-112158,2014-12-04,First Class,DP-13165,10035,119.96,52.78,TEC-AC-10003628,New York City
9580,CA-2017-152975,2017-09-16,First Class,RB-19705,10035,70.98,3.55,OFF-ST-10001370,New York City
2716,CA-2014-127187,2014-12-08,Standard Class,CP-12085,10024,129.98,62.39,TEC-PH-10000673,New York City
7032,CA-2016-145548,2016-11-16,Standard Class,EB-13750,10011,92.94,25.09,OFF-AR-10003373,New York City
8853,CA-2014-119977,2014-10-13,Second Class,DN-13690,10011,123.92,55.76,OFF-PA-10003823,New York City
874,CA-2014-148488,2014-12-15,Standard Class,SM-20005,10009,106.34,37.22,OFF-BI-10000315,New York City
9013,CA-2016-121447,2016-02-22,First Class,EA-14035,10011,135.80,66.54,FUR-FU-10001861,New York City
7234,CA-2016-137337,2016-03-12,Standard Class,GB-14575,10011,113.60,44.30,FUR-FU-10003347,New York City
3351,CA-2016-147536,2016-12-31,Standard Class,AR-10510,10024,89.97,18.89,TEC-AC-10003280,New York City
6639,CA-2017-103352,2017-11-30,Second Class,RP-19390,10011,107.42,36.26,OFF-BI-10001196,New York City
2393,US-2015-127040,2015-12-10,Standard Class,SG-20605,10009,113.92,42.15,FUR-FU-10002878,New York City
3980,CA-2014-114517,2014-12-27,Standard Class,TH-21235,10024,53.32,-19.55,FUR-TA-10001676,New York City
6097,CA-2017-100111,2017-09-26,Standard Class,SV-20365,10035,80.99,8.10,FUR-CH-10003061,New York City
2139,US-2017-157896,2017-11-16,Same Day,CB-12415,10009,146.82,73.41,OFF-PA-10004092,New York City
8628,CA-2015-164084,2015-09-12,Standard Class,AG-10525,10011,90.00,16.20,TEC-AC-10002305,New York City
619,CA-2017-117947,2017-08-23,Second Class,NG-18355,10011,107.42,33.57,OFF-BI-10002824,New York City
1587,CA-2015-131338,2015-08-12,First Class,NP-18325,10024,143.70,68.98,OFF-PA-10001357,New York City
7125,CA-2015-128013,2015-08-16,Standard Class,MF-18250,10035,144.12,69.18,OFF-PA-10001815,New York City
1168,CA-2017-145226,2017-12-10,Second Class,DL-13315,10035,109.48,33.94,FUR-FU-10004952,New York City
857,CA-2014-125612,2014-08-08,Standard Class,BK-11260,10035,102.30,26.60,OFF-SU-10002537,New York City
3231,CA-2017-131625,2017-09-05,Second Class,BN-11515,10009,114.90,39.07,FUR-FU-10004960,New York City
6442,CA-2016-101161,2016-10-20,Standard Class,BW-11110,10024,99.87,23.97,OFF-ST-10003123,New York City
6103,CA-2017-100111,2017-09-26,Standard Class,SV-20365,10035,104.85,28.31,TEC-PH-10000215,New York City
5827,CA-2017-161067,2017-09-06,Second Class,KB-16405,10035,90.80,14.12,FUR-CH-10004626,New York City
1399,CA-2016-124485,2016-11-26,First Class,NC-18340,10035,88.40,11.49,TEC-AC-10002323,New York City
8093,CA-2017-143658,2017-11-13,Second Class,SR-20425,10035,109.90,32.97,OFF-AR-10002818,New York City
8027,CA-2015-132465,2015-09-15,Second Class,DM-13525,10035,78.80,1.58,OFF-ST-10003641,New York City
2088,CA-2016-140501,2016-06-28,Standard Class,IM-15070,10009,146.73,68.96,OFF-PA-10003129,New York City
3324,CA-2015-120810,2015-07-27,Standard Class,TH-21550,10009,128.82,50.24,FUR-FU-10002253,New York City
2362,US-2014-148838,2014-03-21,Standard Class,CP-12340,10024,155.04,75.97,OFF-PA-10000919,New York City
2456,CA-2017-140949,2017-03-22,Second Class,DB-13405,10011,107.44,27.93,OFF-ST-10000344,New York City
5797,CA-2014-124856,2014-10-03,Second Class,LD-17005,10011,117.36,36.38,FUR-FU-10000521,New York City
5585,CA-2017-105333,2017-12-04,Standard Class,VP-21730,10011,83.56,1.67,OFF-ST-10002182,New York City
9204,CA-2016-153836,2016-11-03,Standard Class,EH-13765,10011,114.95,32.19,OFF-AR-10004602,New York City
4954,CA-2015-153906,2015-03-20,Standard Class,MS-17980,10009,85.90,2.58,TEC-PH-10001527,New York City
6189,CA-2015-138954,2015-11-17,First Class,MH-17785,10035,119.04,35.71,OFF-AR-10001955,New York City
1164,CA-2014-127964,2014-03-08,Standard Class,AP-10720,10035,125.76,40.87,OFF-BI-10004593,New York City
1055,CA-2015-110667,2015-04-08,Standard Class,NF-18595,10009,108.40,22.76,FUR-FU-10004622,New York City
6368,CA-2017-144848,2017-04-05,First Class,DS-13030,10009,119.02,33.33,TEC-PH-10002262,New York City
2601,CA-2017-108553,2017-04-29,Standard Class,SK-19990,10024,122.71,36.81,OFF-SU-10002573,New York City
1862,US-2017-121251,2017-03-27,First Class,GM-14440,10009,119.96,33.59,TEC-PH-10004896,New York City
2600,CA-2017-108553,2017-04-29,Standard Class,SK-19990,10024,121.94,35.36,OFF-AP-10000026,New York City
8080,US-2016-164945,2016-11-27,Standard Class,CA-12055,10009,134.27,47.00,OFF-BI-10001524,New York City
6750,CA-2017-100230,2017-12-15,Standard Class,AA-10375,10035,116.98,29.25,TEC-PH-10004522,New York City
908,CA-2017-143259,2018-01-03,Standard Class,PO-18865,10009,90.93,2.73,TEC-PH-10004774,New York City
2452,CA-2017-140949,2017-03-22,Second Class,DB-13405,10011,119.70,31.12,TEC-PH-10000149,New York City
4468,CA-2017-168641,2017-11-30,Standard Class,KA-16525,10035,167.96,78.94,OFF-EN-10003001,New York City
2840,US-2015-104185,2015-09-08,Second Class,JB-15400,10009,120.33,31.29,OFF-ST-10001526,New York City
8177,CA-2016-135965,2016-09-25,First Class,SZ-20035,10035,128.34,37.22,OFF-ST-10002370,New York City
9632,CA-2016-168844,2016-06-06,Standard Class,NM-18520,10011,179.70,88.05,TEC-PH-10003215,New York City
7096,CA-2016-101980,2016-08-20,First Class,RP-19390,10009,146.69,55.01,OFF-BI-10000666,New York City
1018,CA-2015-108665,2015-07-10,Standard Class,KM-16225,10011,155.82,63.89,FUR-FU-10000965,New York City
7411,CA-2014-103058,2014-07-24,First Class,AG-10270,10011,99.98,8.00,TEC-AC-10001314,New York City
8265,CA-2014-131800,2015-01-04,Standard Class,AJ-10960,10035,122.94,30.73,OFF-AP-10004136,New York City
3608,CA-2014-163559,2014-09-28,Second Class,ST-20530,10035,139.44,47.06,OFF-BI-10002026,New York City
654,CA-2017-140844,2017-06-23,Standard Class,AR-10405,10035,103.12,10.31,TEC-AC-10001101,New York City
7916,CA-2017-165323,2017-06-21,Standard Class,SR-20740,10024,101.34,8.11,TEC-AC-10004992,New York City
1223,CA-2016-126004,2016-12-05,First Class,BM-11140,10024,113.79,20.48,FUR-FU-10001602,New York City
9471,CA-2017-102925,2017-11-10,Second Class,CD-12280,10024,99.98,4.00,TEC-PH-10001448,New York City
7042,CA-2017-103443,2017-12-23,Standard Class,AT-10735,10009,124.36,27.36,FUR-FU-10000308,New York City
7321,CA-2017-100097,2017-11-29,Second Class,MN-17935,10009,135.30,37.88,FUR-FU-10003623,New York City
6457,CA-2014-110065,2014-08-11,Standard Class,SP-20650,10009,135.99,36.72,TEC-PH-10002468,New York City
9804,CA-2015-122973,2015-07-20,Second Class,PJ-19015,10024,135.99,36.72,TEC-PH-10002468,New York City
968,CA-2017-135279,2017-04-11,First Class,BS-11800,10011,191.60,91.97,OFF-PA-10001281,New York City
4203,CA-2015-143105,2015-12-10,Same Day,MA-17560,10024,184.66,84.94,OFF-PA-10002254,New York City
5880,CA-2016-133319,2016-09-11,Standard Class,MV-17485,10011,192.16,92.24,OFF-PA-10001815,New York City
2465,CA-2017-148691,2017-12-09,Standard Class,CS-12460,10009,136.99,36.99,TEC-PH-10000576,New York City
8751,US-2015-163825,2015-06-19,First Class,LC-16885,10009,133.98,33.49,TEC-PH-10004922,New York City
6371,CA-2016-113425,2016-11-21,Same Day,JK-16120,10009,113.57,12.78,FUR-BO-10002598,New York City
9311,US-2016-102141,2016-08-31,Standard Class,KD-16615,10024,146.69,45.84,OFF-BI-10001510,New York City
4629,CA-2016-101336,2016-11-18,Standard Class,CK-12760,10011,140.75,39.41,OFF-AR-10003582,New York City
7222,US-2017-104437,2017-01-31,Standard Class,TG-21310,10035,137.94,35.86,TEC-PH-10000193,New York City
484,CA-2014-127691,2014-07-27,Standard Class,EM-14065,10024,159.98,57.59,TEC-AC-10002567,New York City
7200,US-2015-156797,2015-08-15,Standard Class,PO-19180,10035,138.00,34.50,TEC-PH-10004614,New York City
9473,CA-2017-102925,2017-11-10,Second Class,CD-12280,10024,128.12,24.20,FUR-CH-10004875,New York City
5710,US-2015-160857,2015-05-15,Standard Class,NW-18400,10024,127.76,21.29,FUR-CH-10002647,New York City
8014,CA-2017-120168,2017-05-25,Same Day,TB-21625,10009,120.00,13.20,TEC-AC-10002167,New York City
9467,CA-2017-102925,2017-11-10,Second Class,CD-12280,10024,164.69,55.58,OFF-BI-10002735,New York City
6951,CA-2017-143021,2017-11-19,Same Day,AP-10720,10011,79.97,-29.32,FUR-TA-10001676,New York City
8192,US-2017-155866,2017-11-21,Standard Class,CC-12370,10011,187.76,76.98,FUR-FU-10004091,New York City
318,CA-2014-164973,2014-11-09,Standard Class,NM-18445,10024,135.88,24.16,FUR-CH-10002602,New York City
5614,CA-2016-147431,2016-02-07,Standard Class,AB-10105,10011,117.96,5.90,OFF-ST-10003994,New York City
7100,CA-2015-124933,2015-12-30,Second Class,DF-13135,10009,212.64,99.94,OFF-PA-10003302,New York City
2705,CA-2017-156818,2017-07-13,Second Class,JD-16015,10009,132.60,17.24,TEC-AC-10002323,New York City
2104,CA-2017-167101,2017-03-28,Second Class,BM-11650,10009,221.92,106.52,OFF-PA-10000357,New York City
5515,CA-2015-103177,2015-05-31,First Class,EN-13780,10009,160.32,44.89,OFF-AP-10004540,New York City
3141,CA-2015-112557,2015-04-28,First Class,JL-15850,10035,206.43,90.83,OFF-AP-10002311,New York City
8544,CA-2014-137575,2014-08-11,Standard Class,TB-21625,10035,199.98,83.99,TEC-AC-10004571,New York City
9024,CA-2015-165799,2015-07-02,First Class,SG-20470,10024,117.88,1.31,FUR-CH-10001482,New York City
6092,CA-2017-100111,2017-09-26,Standard Class,SV-20365,10035,212.80,95.76,TEC-AC-10002647,New York City
1579,CA-2016-102456,2016-02-29,First Class,DL-12865,10011,170.88,49.56,OFF-AP-10004336,New York City
1019,CA-2015-108665,2015-07-10,Standard Class,KM-16225,10011,124.95,2.50,TEC-PH-10004188,New York City
9828,CA-2017-169999,2017-06-26,Standard Class,JS-15685,10035,129.30,6.46,OFF-ST-10001511,New York City
7583,CA-2015-142734,2015-04-21,Standard Class,DM-13345,10024,127.76,2.84,FUR-CH-10003968,New York City
5516,CA-2015-103177,2015-05-31,First Class,EN-13780,10009,128.85,3.87,TEC-PH-10001527,New York City
7040,CA-2017-103443,2017-12-23,Standard Class,AT-10735,10009,166.72,41.68,OFF-ST-10002276,New York City
5227,CA-2016-119865,2016-06-26,Standard Class,AS-10090,10011,186.14,60.50,OFF-BI-10003007,New York City
1957,CA-2017-157987,2017-09-06,Standard Class,AC-10615,10009,167.97,40.31,TEC-AC-10000109,New York City
9026,CA-2016-102127,2016-07-02,Standard Class,VP-21760,10035,139.96,9.80,TEC-AC-10000397,New York City
6080,CA-2016-151561,2016-09-07,Standard Class,PG-18820,10011,191.82,61.38,FUR-FU-10004864,New York City
9854,CA-2016-158155,2016-05-06,Standard Class,EH-13765,10009,214.70,83.73,FUR-FU-10002253,New York City
2604,CA-2016-165848,2016-06-04,Same Day,EN-13780,10035,136.78,5.13,FUR-BO-10000362,New York City
9320,US-2017-108343,2017-07-25,Standard Class,AR-10825,10009,163.76,25.47,FUR-CH-10002780,New York City
4051,CA-2017-136350,2017-06-26,Second Class,GA-14515,10011,172.76,32.63,FUR-CH-10001891,New York City
1952,CA-2017-157987,2017-09-06,Standard Class,AC-10615,10009,197.97,57.41,TEC-PH-10003885,New York City
2262,US-2015-137960,2015-12-18,Same Day,MW-18220,10035,166.24,24.94,TEC-AC-10002253,New York City
7171,US-2017-168613,2017-10-14,Standard Class,GM-14440,10009,145.76,3.24,FUR-CH-10002372,New York City
6509,CA-2017-102197,2017-12-26,Standard Class,DK-13150,10009,279.90,137.15,OFF-PA-10001970,New York City
6831,CA-2016-140438,2016-12-27,Second Class,PW-19030,10009,197.97,53.45,TEC-PH-10001750,New York City
3005,CA-2016-131499,2016-09-10,First Class,MG-17875,10011,207.48,62.24,OFF-AP-10003779,New York City
6629,CA-2015-135489,2015-09-22,Second Class,GW-14605,10024,279.86,134.33,TEC-PH-10000011,New York City
9927,CA-2015-159534,2015-03-23,First Class,DH-13075,10035,199.98,53.99,TEC-PH-10002310,New York City
1413,CA-2016-136329,2016-07-13,Standard Class,JD-15895,10035,165.28,14.88,FUR-FU-10000723,New York City
5920,US-2015-126977,2015-09-23,Standard Class,PF-19120,10035,209.97,58.79,TEC-PH-10002170,New York City
8402,CA-2015-110814,2015-12-09,Second Class,BD-11635,10009,164.65,12.81,FUR-CH-10003535,New York City
7013,US-2014-135881,2014-05-27,Standard Class,GT-14710,10035,208.16,56.20,OFF-AP-10002118,New York City
9321,US-2017-108343,2017-07-25,Standard Class,AR-10825,10009,183.92,31.27,FUR-FU-10000747,New York City
2297,CA-2015-113145,2015-11-05,Standard Class,VD-21670,10011,259.70,106.48,FUR-FU-10000965,New York City
4646,CA-2016-143910,2016-08-16,Standard Class,BC-11125,10011,145.76,-8.10,FUR-CH-10000225,New York City
3311,CA-2016-111416,2016-09-22,Standard Class,LW-17215,10035,232.40,78.44,OFF-BI-10002026,New York City
8401,CA-2015-110814,2015-12-09,Second Class,BD-11635,10009,232.40,78.44,OFF-BI-10002026,New York City
7339,CA-2014-163412,2014-12-23,Second Class,SM-20950,10035,192.19,36.30,FUR-CH-10004875,New York City
975,US-2017-103247,2017-10-08,Second Class,PO-19195,10011,160.93,3.22,TEC-PH-10003555,New York City
7859,CA-2014-103429,2014-05-31,First Class,LW-16825,10024,235.95,77.86,OFF-AP-10001005,New York City
8707,CA-2014-146815,2014-09-13,Standard Class,PP-18955,10009,172.76,13.44,FUR-CH-10004289,New York City
8026,CA-2015-132465,2015-09-15,Second Class,DM-13525,10035,210.68,50.56,FUR-FU-10000277,New York City
6529,CA-2014-146864,2014-12-26,Standard Class,BT-11530,10024,216.40,56.26,OFF-ST-10004946,New York City
7026,US-2017-101840,2017-02-12,Standard Class,SP-20545,10024,227.46,65.96,TEC-PH-10002538,New York City
5448,US-2016-127425,2016-08-31,Standard Class,DR-12880,10035,249.95,87.48,TEC-AC-10002800,New York City
2758,CA-2016-127775,2016-06-13,Second Class,ES-14020,10035,239.97,71.99,TEC-AC-10002402,New York City
7099,CA-2017-144596,2017-11-10,Standard Class,CD-11980,10011,318.96,149.91,OFF-PA-10003302,New York City
1717,CA-2016-169943,2016-05-24,Standard Class,BN-11515,10011,242.90,70.44,OFF-AP-10001563,New York City
7344,CA-2014-168473,2014-12-31,Standard Class,TB-21520,10009,191.88,19.19,OFF-ST-10000563,New York City
4865,CA-2017-163531,2017-06-30,Standard Class,SC-20725,10024,239.97,67.19,TEC-PH-10001425,New York City
842,CA-2015-100454,2015-11-25,Standard Class,BM-11650,10035,186.05,9.30,FUR-BO-10001519,New York City
2184,CA-2016-128818,2016-05-11,Standard Class,CJ-12010,10009,199.95,21.99,TEC-AC-10001767,New York City
1227,CA-2016-126004,2016-12-05,First Class,BM-11140,10024,182.94,3.66,OFF-ST-10001418,New York City
7317,CA-2016-132066,2016-10-20,Standard Class,NB-18655,10011,142.18,-37.92,FUR-TA-10001539,New York City
2587,CA-2017-131695,2017-07-06,Standard Class,RA-19285,10024,248.57,67.11,OFF-ST-10001476,New York City
1228,CA-2016-126004,2016-12-05,First Class,BM-11140,10024,193.86,11.63,OFF-ST-10000676,New York City
3181,CA-2017-105235,2017-12-11,Standard Class,SM-20950,10011,254.90,68.82,OFF-AP-10001271,New York City
7097,CA-2016-101980,2016-08-20,First Class,RP-19390,10009,276.78,89.95,OFF-BI-10004318,New York City
689,CA-2017-161480,2017-12-29,Standard Class,RA-19285,10035,191.98,4.80,FUR-BO-10004015,New York City
5828,CA-2017-161067,2017-09-06,Second Class,KB-16405,10035,181.76,-8.08,FUR-CH-10004860,New York City
5916,US-2015-126977,2015-09-23,Standard Class,PF-19120,10035,199.76,8.88,FUR-CH-10001973,New York City
7006,CA-2015-141740,2015-11-05,Standard Class,JF-15490,10009,205.16,13.68,FUR-CH-10001545,New York City
320,CA-2014-164973,2014-11-09,Standard Class,NM-18445,10024,275.94,80.02,TEC-PH-10004093,New York City
9724,CA-2014-101364,2014-12-26,Standard Class,TW-21025,10011,296.71,100.14,OFF-BI-10003984,New York City
6395,CA-2016-129126,2016-12-19,Standard Class,PK-19075,10011,396.92,198.46,FUR-FU-10002937,New York City
254,CA-2016-146941,2016-12-13,First Class,DL-13315,10024,361.92,162.86,OFF-EN-10003296,New York City
1956,CA-2017-157987,2017-09-06,Standard Class,AC-10615,10009,238.00,38.08,TEC-AC-10002842,New York City
652,CA-2016-132661,2016-10-29,Standard Class,SR-20740,10024,379.40,178.32,OFF-PA-10000482,New York City
4182,US-2017-136868,2017-10-12,Standard Class,CR-12820,10035,319.96,115.19,TEC-AC-10001539,New York City
440,CA-2017-157252,2017-01-23,Second Class,CV-12805,10024,207.85,2.31,FUR-CH-10003396,New York City
7800,CA-2017-166184,2017-03-27,First Class,HR-14830,10035,207.85,2.31,FUR-CH-10003396,New York City
5130,CA-2014-160766,2014-09-14,Same Day,DM-13015,10009,287.97,80.63,TEC-PH-10000526,New York City
4390,CA-2017-111556,2017-11-22,First Class,CD-11920,10035,183.97,-25.30,FUR-BO-10003159,New York City
5973,CA-2017-115105,2017-02-11,Standard Class,BD-11770,10024,240.78,30.10,FUR-BO-10001811,New York City
3420,CA-2015-150791,2015-09-13,Standard Class,CC-12430,10024,271.76,60.39,FUR-CH-10000665,New York City
8972,CA-2017-122308,2017-03-28,Standard Class,MV-17485,10011,271.76,60.39,FUR-CH-10000665,New York City
1534,CA-2016-139885,2016-12-08,Standard Class,EB-13840,10035,212.88,0.00,OFF-ST-10003324,New York City
1589,CA-2015-131338,2015-08-12,First Class,NP-18325,10024,247.80,34.69,TEC-AC-10002600,New York City
260,CA-2017-163139,2017-12-03,Second Class,CC-12670,10009,221.55,6.65,OFF-ST-10002790,New York City
8162,CA-2015-120915,2015-10-03,Second Class,JJ-15445,10035,293.52,76.32,OFF-AP-10002578,New York City
5826,CA-2017-161067,2017-09-06,Second Class,KB-16405,10035,419.40,201.31,OFF-PA-10000418,New York City
1580,CA-2015-131338,2015-08-12,First Class,NP-18325,10024,307.98,89.31,TEC-PH-10003012,New York City
8163,CA-2015-120915,2015-10-03,Second Class,JJ-15445,10035,307.98,89.31,TEC-PH-10003012,New York City
2308,CA-2017-116225,2017-11-09,Standard Class,SV-20935,10009,390.75,171.93,TEC-AC-10001432,New York City
6340,CA-2017-143112,2017-10-09,Standard Class,TS-21370,10035,221.38,2.46,FUR-CH-10002880,New York City
6762,CA-2016-162943,2016-07-26,Second Class,DB-12970,10035,253.76,31.02,FUR-CH-10001708,New York City
8295,US-2017-146906,2017-03-17,Standard Class,MT-17815,10011,299.90,74.97,TEC-PH-10001809,New York City
1414,CA-2014-146640,2014-07-05,Standard Class,HA-14905,10024,334.77,108.80,OFF-BI-10002867,New York City
4050,CA-2017-136350,2017-06-26,Second Class,GA-14515,10011,276.69,49.80,FUR-FU-10003601,New York City
321,CA-2014-164973,2014-11-09,Standard Class,NM-18445,10024,360.00,129.60,TEC-AC-10000892,New York City
9468,CA-2017-102925,2017-11-10,Second Class,CD-12280,10024,166.50,-66.60,FUR-TA-10003469,New York City
6367,CA-2017-144848,2017-04-05,First Class,DS-13030,10009,240.37,7.21,OFF-SU-10000646,New York City
855,CA-2016-123274,2016-02-24,Standard Class,GT-14710,10035,242.94,9.72,OFF-ST-10000736,New York City
3101,CA-2017-131233,2017-04-19,Standard Class,CS-12355,10024,242.35,9.09,FUR-BO-10003441,New York City
6355,US-2015-109015,2015-09-12,Standard Class,BS-11590,10011,337.98,101.39,TEC-PH-10002922,New York City
7033,CA-2016-145548,2016-11-16,Standard Class,EB-13750,10011,245.65,8.19,FUR-CH-10003774,New York City
5514,CA-2015-103177,2015-05-31,First Class,EN-13780,10009,239.97,2.40,TEC-PH-10001795,New York City
1797,US-2017-139465,2017-08-30,First Class,MR-17545,10024,347.97,100.91,TEC-PH-10000455,New York City
6091,CA-2017-100111,2017-09-26,Standard Class,SV-20365,10035,272.65,18.18,FUR-CH-10003846,New York City
803,CA-2016-136133,2016-08-23,Second Class,HW-14935,10024,355.32,99.49,OFF-AP-10000576,New York City
6077,CA-2016-151561,2016-09-07,Standard Class,PG-18820,10011,468.90,206.32,TEC-AC-10001432,New York City
8046,CA-2016-145611,2016-09-24,Standard Class,HA-14905,10035,393.25,129.77,OFF-AP-10001005,New York City
5587,CA-2017-105333,2017-12-04,Standard Class,VP-21730,10011,269.49,5.39,OFF-ST-10001809,New York City
2718,CA-2014-100006,2014-09-13,Standard Class,DK-13375,10024,377.97,109.61,TEC-PH-10002075,New York City
1169,CA-2017-145226,2017-12-10,Second Class,DL-13315,10035,272.94,0.00,OFF-ST-10004123,New York City
6761,CA-2017-100636,2017-06-30,Standard Class,DO-13435,10035,272.94,0.00,OFF-ST-10004123,New York City
6128,CA-2016-124100,2016-04-06,Standard Class,EH-13990,10009,328.00,54.67,FUR-CH-10003817,New York City
1243,US-2016-162859,2016-02-22,Standard Class,PG-18820,10009,398.35,124.49,OFF-BI-10004519,New York City
9403,CA-2016-105459,2016-08-17,Second Class,NP-18700,10024,209.15,-66.23,FUR-TA-10001095,New York City
6696,US-2016-155103,2016-12-07,Standard Class,JF-15190,10024,415.18,134.93,OFF-BI-10004318,New York City
8779,CA-2017-135377,2017-12-18,Standard Class,BP-11095,10024,287.98,7.20,FUR-BO-10004015,New York City
2087,CA-2016-140501,2016-06-28,Standard Class,IM-15070,10009,324.90,38.99,OFF-ST-10000060,New York City
1861,US-2017-121251,2017-03-27,First Class,GM-14440,10009,257.57,-28.98,FUR-BO-10001918,New York City
9722,CA-2016-105781,2016-02-20,Standard Class,JF-15565,10024,326.65,39.92,FUR-CH-10001802,New York City
3975,CA-2016-167556,2016-04-02,Standard Class,JM-15250,10009,414.00,124.20,FUR-FU-10004848,New York City
5974,CA-2015-143980,2015-12-29,Standard Class,JK-15640,10011,414.96,124.49,OFF-AP-10003779,New York City
6778,US-2017-166037,2017-01-31,Standard Class,CL-12700,10009,449.91,157.47,TEC-AC-10002800,New York City
924,CA-2015-111164,2015-04-15,Standard Class,SE-20110,10009,406.60,113.85,OFF-AP-10004487,New York City
8243,CA-2014-109855,2014-09-05,Standard Class,LH-16900,10009,357.00,57.12,TEC-AC-10002842,New York City
2433,CA-2014-148586,2014-03-31,Standard Class,AZ-10750,10009,366.79,65.21,FUR-CH-10002439,New York City
6374,CA-2017-143035,2017-10-05,Second Class,CC-12430,10009,371.97,66.95,TEC-AC-10002049,New York City
6551,CA-2015-126739,2015-11-03,Second Class,JH-16180,10035,327.56,21.84,FUR-CH-10000422,New York City
3219,CA-2017-104640,2017-11-16,Standard Class,FH-14275,10024,430.88,124.96,TEC-PH-10002200,New York City
907,CA-2017-143259,2018-01-03,Standard Class,PO-18865,10009,323.14,12.12,FUR-BO-10003441,New York City
4728,CA-2014-119151,2014-11-29,Second Class,MP-18175,10009,275.95,-37.94,FUR-BO-10003159,New York City
1882,CA-2015-109512,2015-03-05,Same Day,LF-17185,10011,383.61,63.93,FUR-CH-10001146,New York City
2490,CA-2015-141040,2015-10-13,Second Class,TB-21250,10024,631.96,303.34,TEC-PH-10001835,New York City
9273,CA-2016-100510,2016-05-17,Standard Class,HM-14860,10024,631.96,303.34,TEC-PH-10001835,New York City
7858,CA-2014-103429,2014-05-31,First Class,LW-16825,10024,464.00,134.56,TEC-PH-10003505,New York City
3821,CA-2017-141873,2017-10-14,Standard Class,HG-14845,10024,314.35,-15.72,FUR-BO-10003034,New York City
5021,CA-2017-136511,2017-03-25,Second Class,MZ-17515,10011,347.58,17.38,OFF-SU-10003505,New York City
7799,CA-2017-166184,2017-03-27,First Class,HR-14830,10035,469.99,136.30,TEC-PH-10002624,New York City
4184,US-2017-136868,2017-10-12,Standard Class,CR-12820,10035,344.91,10.35,OFF-ST-10000991,New York City
1412,CA-2016-136329,2016-07-13,Standard Class,JD-15895,10035,408.01,72.53,FUR-CH-10002335,New York City
4531,CA-2016-118759,2016-11-17,First Class,MB-17305,10009,408.01,72.53,FUR-CH-10002335,New York City
4469,CA-2017-168641,2017-11-30,Standard Class,KA-16525,10035,321.57,-16.08,FUR-BO-10000780,New York City
2569,CA-2017-148929,2017-09-11,Standard Class,SP-20620,10011,478.08,133.86,OFF-ST-10003282,New York City
3593,CA-2016-108434,2016-12-07,Second Class,JG-15160,10024,465.18,120.95,OFF-ST-10002615,New York City
9533,CA-2016-116596,2016-10-31,Standard Class,BW-11200,10011,427.64,80.78,FUR-CH-10000553,New York City
1949,CA-2017-157987,2017-09-06,Standard Class,AC-10615,10009,254.53,-93.33,FUR-TA-10001889,New York City
5709,US-2015-160857,2015-05-15,Standard Class,NW-18400,10024,357.93,7.16,OFF-SU-10000157,New York City
3384,CA-2015-130659,2015-12-09,Second Class,MS-17365,10035,384.17,29.88,FUR-CH-10003535,New York City
3230,CA-2014-154641,2014-08-16,Standard Class,KL-16645,10035,375.34,18.77,OFF-ST-10004459,New York City
3157,CA-2015-139584,2015-08-28,Standard Class,EM-13810,10009,284.36,-75.83,FUR-TA-10001539,New York City
4648,CA-2016-139556,2016-04-30,Standard Class,DB-13360,10009,434.65,62.78,FUR-CH-10004983,New York City
1597,CA-2017-132234,2017-10-18,First Class,MY-17380,10011,547.30,175.14,FUR-FU-10001290,New York City
2300,CA-2015-113145,2015-11-05,Standard Class,VD-21670,10011,503.96,125.99,TEC-PH-10002597,New York City
1627,CA-2015-164539,2015-11-22,Standard Class,PO-19180,10011,523.25,141.28,OFF-AP-10002457,New York City
5586,CA-2017-105333,2017-12-04,Standard Class,VP-21730,10011,546.06,163.82,TEC-PH-10001468,New York City
2182,CA-2016-128818,2016-05-11,Standard Class,CJ-12010,10009,442.76,59.04,FUR-CH-10002084,New York City
5605,CA-2015-142475,2015-12-07,Standard Class,BS-11380,10011,590.35,206.62,OFF-BI-10003718,New York City
1550,CA-2014-134278,2014-07-08,First Class,EP-13915,10011,559.99,175.00,TEC-CO-10001046,New York City
6901,CA-2015-140557,2015-09-11,Standard Class,TN-21040,10009,559.93,167.98,TEC-AC-10002402,New York City
7337,CA-2015-113152,2015-12-30,Standard Class,JK-15625,10024,449.57,56.20,FUR-BO-10002613,New York City
355,CA-2016-138520,2016-04-13,Standard Class,JL-15505,10035,388.70,-4.86,FUR-BO-10002268,New York City
5228,CA-2016-119865,2016-06-26,Standard Class,AS-10090,10011,353.57,-44.20,FUR-BO-10003272,New York City
8610,CA-2014-151946,2014-06-09,Standard Class,BT-11440,10035,353.57,-44.20,FUR-BO-10003272,New York City
7928,CA-2017-120404,2017-11-24,Second Class,KH-16330,10035,569.99,171.00,TEC-PH-10001363,New York City
363,CA-2017-144904,2017-09-30,Standard Class,KW-16435,10009,488.65,86.87,FUR-CH-10000785,New York City
5128,CA-2014-160766,2014-09-14,Same Day,DM-13015,10009,601.30,198.43,OFF-AP-10002945,New York City
5440,CA-2016-167115,2016-04-09,Standard Class,EH-14185,10035,588.78,184.00,OFF-BI-10004600,New York City
4161,CA-2017-115546,2017-05-18,Standard Class,AH-10465,10035,539.97,134.99,TEC-PH-10002834,New York City
9584,CA-2017-116127,2017-06-27,Second Class,SB-20185,10024,400.78,-5.01,FUR-BO-10002213,New York City
8203,CA-2015-114811,2015-11-08,Same Day,KD-16495,10024,549.98,142.99,TEC-PH-10004165,New York City
4049,US-2015-166520,2015-07-19,First Class,KE-16420,10035,599.90,191.97,TEC-AC-10001990,New York City
9359,CA-2016-168046,2016-01-28,Second Class,JD-15895,10024,313.72,-99.35,FUR-TA-10001095,New York City
2900,CA-2015-166464,2015-09-17,Standard Class,PG-18895,10035,479.98,60.00,TEC-CO-10000971,New York City
9361,CA-2016-168046,2016-01-28,Second Class,JD-15895,10024,428.68,0.00,OFF-ST-10004337,New York City
5924,CA-2016-130288,2016-11-30,Second Class,DK-13225,10011,313.18,-120.05,FUR-TA-10002958,New York City
7396,CA-2016-110975,2016-12-30,Standard Class,DB-12970,10024,313.18,-120.05,FUR-TA-10002958,New York City
664,CA-2016-123666,2016-03-30,Standard Class,SP-20545,10011,459.95,18.40,OFF-ST-10001522,New York City
5921,US-2015-126977,2015-09-23,Standard Class,PF-19120,10035,659.90,217.77,TEC-AC-10003033,New York City
1020,CA-2015-108665,2015-07-10,Standard Class,KM-16225,10011,601.65,156.43,OFF-ST-10001526,New York City
7110,CA-2016-109666,2016-04-26,Standard Class,KM-16720,10035,459.88,13.80,OFF-ST-10000991,New York City
2229,CA-2016-139157,2016-10-05,Standard Class,GM-14680,10024,330.59,-115.71,FUR-TA-10003238,New York City
3016,US-2015-138919,2015-09-21,Standard Class,LS-16975,10035,344.22,-103.27,FUR-TA-10004154,New York City
1718,CA-2016-169943,2016-05-24,Standard Class,BN-11515,10011,454.90,0.00,OFF-ST-10004123,New York City
8013,CA-2017-120168,2017-05-25,Same Day,TB-21625,10009,663.92,207.47,OFF-BI-10004519,New York City
4413,CA-2014-130624,2014-06-24,First Class,TB-21280,10024,617.97,160.67,TEC-PH-10003963,New York City
8206,CA-2015-114811,2015-11-08,Same Day,KD-16495,10024,577.76,115.55,FUR-CH-10003746,New York City
6747,CA-2017-159156,2017-11-16,First Class,KB-16600,10009,629.95,163.79,TEC-PH-10004389,New York City
9394,CA-2014-125997,2014-09-23,First Class,MW-18220,10011,629.95,157.49,TEC-PH-10003484,New York City
7336,CA-2015-113152,2015-12-30,Standard Class,JK-15625,10024,843.90,371.32,TEC-AC-10002049,New York City
9395,CA-2014-125997,2014-09-23,First Class,MW-18220,10011,631.78,140.40,FUR-CH-10001394,New York City
1883,CA-2015-109512,2015-03-05,Same Day,LF-17185,10011,563.40,67.61,OFF-ST-10000689,New York City
9659,CA-2014-156160,2014-09-29,Standard Class,AS-10090,10035,579.53,83.71,FUR-CH-10004983,New York City
6942,CA-2017-107132,2017-06-30,Standard Class,SC-20260,10009,713.88,214.16,OFF-ST-10001490,New York City
6484,CA-2017-113908,2017-06-09,Standard Class,KN-16390,10011,384.77,-115.43,FUR-TA-10001932,New York City
1339,CA-2017-100524,2017-04-02,Second Class,CM-12115,10011,677.58,176.17,TEC-PH-10002549,New York City
970,CA-2017-135279,2017-04-11,First Class,BS-11800,10011,501.81,0.00,OFF-ST-10001097,New York City
5726,CA-2015-103933,2015-09-27,First Class,DR-12880,10011,899.91,395.96,TEC-AC-10004171,New York City
981,CA-2016-144939,2016-10-08,Standard Class,EB-13870,10035,599.29,93.22,FUR-CH-10003199,New York City
8049,CA-2016-168543,2016-07-07,Standard Class,DK-13225,10035,706.86,197.92,OFF-AP-10000938,New York City
9880,CA-2016-122581,2016-08-25,Standard Class,JK-15370,10035,573.17,63.69,FUR-CH-10002961,New York City
4735,CA-2016-120530,2016-04-12,Standard Class,Dl-13600,10035,658.75,146.39,FUR-CH-10000454,New York City
1581,CA-2015-131338,2015-08-12,First Class,NP-18325,10024,382.81,-153.12,FUR-TA-10002607,New York City
925,CA-2016-149797,2016-09-20,Standard Class,AH-10075,10011,841.57,294.55,OFF-BI-10003650,New York City
4979,CA-2015-165050,2015-12-09,First Class,AH-10210,10024,773.94,224.44,TEC-PH-10001336,New York City
4201,CA-2015-143105,2015-12-10,Same Day,MA-17560,10024,799.98,250.00,TEC-CO-10002095,New York City
3825,CA-2015-140984,2015-09-18,Standard Class,CC-12685,10011,879.98,329.99,TEC-CO-10001571,New York City
6946,CA-2016-106243,2016-10-04,Standard Class,GM-14680,10011,523.92,-26.20,FUR-BO-10003034,New York City
1212,CA-2016-137050,2016-07-18,Second Class,SW-20755,10009,579.14,21.72,FUR-BO-10004695,New York City
4759,CA-2014-121573,2014-11-07,Standard Class,SG-20605,10009,783.96,219.51,TEC-PH-10000984,New York City
5125,CA-2014-160766,2014-09-14,Same Day,DM-13015,10009,464.29,-108.33,FUR-TA-10001039,New York City
5501,CA-2017-164378,2017-07-18,Second Class,MM-18055,10024,664.15,88.55,FUR-CH-10002084,New York City
193,CA-2015-102281,2015-10-14,First Class,MP-17470,10035,626.35,46.98,FUR-BO-10002545,New York City
6191,CA-2016-157259,2016-12-28,Standard Class,JM-15535,10035,799.56,207.89,FUR-FU-10003192,New York City
6440,CA-2014-166891,2014-10-06,First Class,CC-12220,10024,589.41,-6.55,FUR-CH-10003298,New York City
9582,CA-2017-152975,2017-09-16,First Class,RB-19705,10035,589.41,-6.55,FUR-CH-10003298,New York City
8630,CA-2015-164084,2015-09-12,Standard Class,AG-10525,10011,481.18,-120.29,FUR-TA-10003569,New York City
6132,CA-2014-163447,2014-12-31,Standard Class,TB-21190,10011,767.21,161.97,FUR-CH-10004477,New York City
6969,CA-2015-110765,2015-10-20,Second Class,MP-17965,10011,824.97,214.49,TEC-PH-10004165,New York City
7953,CA-2015-145814,2015-11-24,Standard Class,KD-16345,10035,861.76,249.91,TEC-PH-10002200,New York City
3218,CA-2017-104640,2017-11-16,Standard Class,FH-14275,10024,931.18,314.27,OFF-BI-10003925,New York City
7552,CA-2014-140396,2014-11-25,Standard Class,KH-16330,10024,833.94,216.82,TEC-PH-10004447,New York City
481,CA-2016-100790,2016-07-02,Standard Class,JG-15805,10024,704.25,84.51,OFF-ST-10000689,New York City
1043,CA-2016-102981,2016-09-09,Second Class,MO-17500,10035,722.35,90.29,FUR-BO-10001811,New York City
6926,CA-2015-137925,2015-12-04,Standard Class,JL-15235,10035,681.41,42.59,FUR-BO-10001608,New York City
3007,CA-2017-116519,2017-10-15,First Class,CR-12730,10009,904.90,253.37,OFF-AP-10000828,New York City
9250,CA-2016-127761,2016-11-14,Standard Class,SW-20275,10009,881.93,220.48,TEC-PH-10003691,New York City
8029,CA-2015-132465,2015-09-15,Second Class,DM-13525,10035,772.68,108.18,OFF-ST-10001932,New York City
9399,CA-2014-125997,2014-09-23,First Class,MW-18220,10011,1349.91,661.46,TEC-PH-10003072,New York City
7397,CA-2016-110975,2016-12-30,Standard Class,DB-12970,10024,866.65,173.33,FUR-CH-10003746,New York City
1586,CA-2015-131338,2015-08-12,First Class,NP-18325,10024,979.95,274.39,TEC-PH-10000984,New York City
4251,CA-2014-168130,2014-09-19,Same Day,BS-11365,10011,887.10,177.42,FUR-CH-10000988,New York City
2641,CA-2017-108441,2017-06-18,Standard Class,SB-20170,10035,858.24,143.04,FUR-CH-10000595,New York City
7320,CA-2017-100097,2017-11-29,Second Class,MN-17935,10009,979.95,264.59,TEC-PH-10002310,New York City
55,CA-2016-105816,2016-12-17,Standard Class,JM-15265,10024,1029.95,298.69,TEC-PH-10002447,New York City
3824,CA-2015-140984,2015-09-18,Standard Class,CC-12685,10011,991.20,257.71,OFF-ST-10000585,New York City
9926,CA-2015-159534,2015-03-23,First Class,DH-13075,10035,1087.94,353.58,OFF-BI-10003656,New York City
2360,US-2014-148838,2014-03-21,Standard Class,CP-12340,10024,613.91,-122.78,FUR-TA-10004175,New York City
9579,CA-2017-152975,2017-09-16,First Class,RB-19705,10035,1079.85,323.95,TEC-PH-10004586,New York City
5616,CA-2016-158001,2016-08-27,Standard Class,JP-15460,10035,1040.80,281.02,OFF-AP-10002118,New York City
1583,CA-2015-131338,2015-08-12,First Class,NP-18325,10024,1217.57,456.59,OFF-BI-10000545,New York City
8478,CA-2015-145758,2015-10-30,Same Day,BF-11020,10024,1035.80,269.31,TEC-MA-10004552,New York City
3505,CA-2016-150945,2016-12-20,Second Class,JK-16120,10009,900.08,117.01,OFF-ST-10003716,New York City
190,CA-2015-102281,2015-10-14,First Class,MP-17470,10035,899.14,112.39,FUR-BO-10002613,New York City
2299,CA-2015-113145,2015-11-05,Standard Class,VD-21670,10011,1399.93,601.97,TEC-AC-10001838,New York City
9867,US-2015-116981,2015-03-28,Second Class,SM-20950,10009,1085.42,282.21,OFF-ST-10002615,New York City
1493,CA-2017-166436,2017-11-28,Standard Class,TS-21370,10035,977.29,173.74,FUR-CH-10000785,New York City
9396,CA-2014-125997,2014-09-23,First Class,MW-18220,10011,801.57,-10.02,FUR-BO-10002213,New York City
9505,CA-2016-113607,2016-10-18,Standard Class,PW-19030,10009,1091.93,272.98,TEC-PH-10004094,New York City
6505,CA-2017-128265,2017-11-22,Second Class,VW-21775,10011,1247.64,349.34,OFF-ST-10000142,New York City
9408,CA-2017-162789,2017-09-24,Second Class,LC-17140,10035,1071.00,171.36,TEC-AC-10002842,New York City
4391,CA-2017-111556,2017-11-22,First Class,CD-11920,10035,1259.97,327.59,TEC-PH-10001459,New York City
3296,CA-2017-113418,2017-10-03,First Class,CM-12655,10035,1704.89,767.20,TEC-MA-10002428,New York City
6101,CA-2017-100111,2017-09-26,Standard Class,SV-20365,10035,1299.66,350.91,TEC-PH-10002885,New York City
881,CA-2017-111689,2017-12-02,Second Class,HP-14815,10024,1242.90,262.39,FUR-CH-10004287,New York City
2603,CA-2016-165848,2016-06-04,Same Day,EN-13780,10035,1349.85,364.46,TEC-MA-10003356,New York City
709,CA-2014-112158,2014-12-04,First Class,DP-13165,10035,883.92,-110.49,FUR-BO-10003272,New York City
1250,CA-2017-115602,2017-12-24,Standard Class,DJ-13630,10009,1141.94,139.57,FUR-CH-10001708,New York City
5142,CA-2016-111213,2016-04-05,Standard Class,FP-14320,10009,1317.49,292.78,FUR-CH-10000454,New York City
5796,CA-2014-124856,2014-10-03,Second Class,LD-17005,10011,1395.54,362.84,OFF-ST-10002615,New York City
4727,CA-2014-119151,2014-11-29,Second Class,MP-18175,10009,1117.92,55.90,OFF-ST-10003470,New York City
1954,CA-2017-157987,2017-09-06,Standard Class,AC-10615,10009,1282.41,213.74,FUR-CH-10003379,New York City
1251,CA-2017-115602,2017-12-24,Standard Class,DJ-13630,10009,1704.56,511.37,OFF-AP-10000891,New York City
5007,CA-2015-169796,2015-11-14,Standard Class,Dp-13240,10035,2321.90,1114.51,TEC-MA-10000045,New York City
3385,CA-2015-130659,2015-12-09,Second Class,MS-17365,10035,1799.75,539.92,TEC-PH-10004586,New York City
9404,CA-2016-105459,2016-08-17,Second Class,NP-18700,10024,1591.02,286.38,OFF-ST-10000078,New York City
1563,US-2017-102890,2017-06-30,Same Day,SG-20470,10011,1044.63,-295.98,FUR-TA-10000577,New York City
1003,CA-2015-124891,2015-07-31,Same Day,RH-19495,10024,1090.78,-290.88,FUR-TA-10002903,New York City
1670,US-2015-157154,2015-01-15,Standard Class,MM-17920,10011,1018.10,-373.30,FUR-TA-10001889,New York City
5127,CA-2014-160766,2014-09-14,Same Day,DM-13015,10009,2799.96,1371.98,TEC-MA-10003979,New York City
2661,CA-2017-123372,2017-12-02,Standard Class,DG-13300,10035,1979.89,494.97,TEC-PH-10002834,New York City
2392,US-2015-127040,2015-12-10,Standard Class,SG-20605,10009,1619.91,97.19,TEC-AC-10002637,New York City
1002,CA-2015-124891,2015-07-31,Same Day,RH-19495,10024,2309.65,762.18,TEC-AC-10003033,New York City
1702,CA-2015-114069,2015-07-15,Second Class,ND-18370,10035,1931.04,321.84,FUR-CH-10000595,New York City
2359,US-2014-148838,2014-03-21,Standard Class,CP-12340,10024,1071.58,-553.65,FUR-TA-10001950,New York City
6117,US-2016-113677,2016-11-19,Standard Class,CM-12655,10011,2279.96,592.79,TEC-PH-10002114,New York City
7915,CA-2017-165323,2017-06-21,Standard Class,SR-20740,10024,3404.50,1668.20,TEC-MA-10003673,New York City
2625,CA-2017-127180,2017-10-24,First Class,TA-21385,10024,2399.60,647.89,TEC-PH-10001494,New York City
5711,US-2015-160857,2015-05-15,Standard Class,NW-18400,10024,2799.94,1014.98,TEC-CO-10004115,New York City
3444,CA-2017-168858,2017-11-23,Standard Class,JD-16150,10011,2504.74,626.18,OFF-AP-10003849,New York City
6102,CA-2017-100111,2017-09-26,Standard Class,SV-20365,10035,2254.41,375.74,FUR-CH-10001215,New York City
8750,US-2015-163825,2015-06-19,First Class,LC-16885,10009,3050.38,1143.89,OFF-BI-10003527,New York City
319,CA-2014-164973,2014-11-09,Standard Class,NM-18445,10024,3991.98,1995.99,TEC-MA-10002927,New York City
2358,US-2014-148838,2014-03-21,Standard Class,CP-12340,10024,1579.75,-447.59,FUR-TA-10003473,New York City
5919,US-2015-126977,2015-09-23,Standard Class,PF-19120,10035,2003.92,-25.05,FUR-BO-10002213,New York City
9057,CA-2015-160227,2015-11-04,First Class,ED-13885,10011,2621.32,553.39,FUR-CH-10002073,New York City
8272,CA-2016-169670,2016-12-31,Standard Class,JE-15715,10009,2563.06,313.26,FUR-CH-10002331,New York City
6100,CA-2017-100111,2017-09-26,Standard Class,SV-20365,10035,2888.13,609.72,FUR-CH-10004086,New York City
8205,CA-2015-114811,2015-11-08,Same Day,KD-16495,10024,4643.80,2229.02,TEC-MA-10000045,New York City
2183,CA-2016-128818,2016-05-11,Standard Class,CJ-12010,10009,3999.95,1159.99,TEC-MA-10000488,New York City
9271,US-2017-102183,2017-08-28,Standard Class,PK-19075,10035,4305.55,1453.12,OFF-BI-10001359,New York City
354,CA-2016-129714,2016-09-03,First Class,AB-10060,10009,4355.17,1415.43,OFF-BI-10004995,New York City
9426,CA-2014-116246,2014-09-17,Second Class,LW-17215,10035,3785.29,420.59,FUR-CH-10002024,New York City
6341,CA-2017-143112,2017-10-09,Standard Class,TS-21370,10035,5199.96,1351.99,TEC-MA-10001047,New York City
5918,US-2015-126977,2015-09-23,Standard Class,PF-19120,10035,4228.70,158.58,FUR-BO-10004834,New York City
6627,CA-2014-145541,2014-12-21,Standard Class,TB-21400,10024,6999.96,2239.99,TEC-MA-10001127,New York City
2624,CA-2017-127180,2017-10-24,First Class,TA-21385,10024,11199.97,3919.99,TEC-CO-10004722,New York City
1476,CA-2016-113138,2016-11-25,Standard Class,NP-18685,14304,17.71,6.42,OFF-BI-10000320,Niagara Falls
1475,CA-2016-113138,2016-11-25,Standard Class,NP-18685,14304,17.28,5.01,OFF-AR-10003770,Niagara Falls
9934,CA-2014-166555,2014-07-14,First Class,JK-15205,14304,164.85,47.81,TEC-PH-10004912,Niagara Falls
732,US-2016-150861,2016-12-06,First Class,EG-13900,11572,6.30,3.02,OFF-LA-10001317,Oceanside
5340,CA-2015-146486,2015-11-14,Second Class,DV-13465,11572,12.24,5.75,OFF-EN-10001509,Oceanside
3133,CA-2014-107916,2014-08-26,First Class,JP-15460,11572,13.28,6.37,FUR-FU-10004586,Oceanside
5341,CA-2015-146486,2015-11-14,Second Class,DV-13465,11572,13.98,6.01,TEC-AC-10002018,Oceanside
2853,CA-2016-136371,2016-03-21,Second Class,SV-20935,11572,14.98,6.89,FUR-FU-10000409,Oceanside
3134,CA-2014-107916,2014-08-26,First Class,JP-15460,11572,12.67,4.44,OFF-BI-10001116,Oceanside
3316,CA-2017-169978,2017-12-28,Standard Class,HG-15025,11572,14.38,4.85,OFF-BI-10001900,Oceanside
1910,CA-2017-105886,2017-12-23,Standard Class,DB-13660,11572,18.96,8.53,FUR-FU-10001037,Oceanside
2854,CA-2016-136371,2016-03-21,Second Class,SV-20935,11572,20.32,6.91,FUR-FU-10000221,Oceanside
5118,CA-2015-127173,2015-10-03,Standard Class,GM-14500,11572,34.44,16.19,OFF-FA-10004854,Oceanside
730,US-2016-150861,2016-12-06,First Class,EG-13900,11572,33.63,10.09,OFF-ST-10004634,Oceanside
5308,US-2016-168410,2016-02-26,Standard Class,BV-11245,11572,39.98,2.00,TEC-PH-10002583,Oceanside
5306,US-2016-168410,2016-02-26,Standard Class,BV-11245,11572,68.95,28.96,FUR-FU-10000629,Oceanside
5120,CA-2015-127173,2015-10-03,Standard Class,GM-14500,11572,79.06,28.66,OFF-BI-10000088,Oceanside
728,US-2016-150861,2016-12-06,First Class,EG-13900,11572,182.72,84.05,OFF-PA-10001954,Oceanside
5307,US-2016-168410,2016-02-26,Standard Class,BV-11245,11572,296.37,80.02,OFF-ST-10000036,Oceanside
3315,CA-2017-169978,2017-12-28,Standard Class,HG-15025,11572,271.76,48.31,FUR-CH-10002602,Oceanside
5339,CA-2015-146486,2015-11-14,Second Class,DV-13465,11572,244.55,4.89,OFF-ST-10002554,Oceanside
5119,CA-2015-127173,2015-10-03,Standard Class,GM-14500,11572,629.93,296.07,TEC-MA-10002859,Oceanside
731,US-2016-150861,2016-12-06,First Class,EG-13900,11572,542.65,102.50,FUR-CH-10002965,Oceanside
729,US-2016-150861,2016-12-06,First Class,EG-13900,11572,400.03,-153.35,FUR-TA-10002228,Oceanside
5342,CA-2015-146486,2015-11-14,Second Class,DV-13465,11572,899.95,54.00,TEC-AC-10002637,Oceanside
2269,CA-2017-105480,2017-12-26,Standard Class,DK-13225,14609,6.48,3.11,OFF-PA-10002787,Rochester
4609,CA-2015-135020,2015-06-02,Standard Class,MS-17770,14609,6.10,2.06,OFF-BI-10000605,Rochester
2270,CA-2017-105480,2017-12-26,Standard Class,DK-13225,14609,6.98,2.36,OFF-BI-10003291,Rochester
2893,CA-2017-139913,2017-10-29,Standard Class,JC-16105,14609,11.56,5.66,OFF-PA-10003739,Rochester
493,CA-2014-113362,2014-09-19,Standard Class,AJ-10960,14609,11.07,5.09,OFF-EN-10003845,Rochester
798,CA-2015-124653,2015-12-26,First Class,DB-13120,14609,12.96,6.22,OFF-PA-10002365,Rochester
8065,CA-2016-132997,2016-11-09,First Class,LW-17215,14609,12.96,6.22,OFF-PA-10004983,Rochester
4846,CA-2015-124044,2015-07-26,Second Class,MS-17830,14609,10.51,3.68,OFF-BI-10003460,Rochester
1746,CA-2014-133270,2014-06-09,First Class,BM-11785,14609,13.36,4.94,OFF-AR-10002656,Rochester
6062,CA-2015-134201,2015-04-16,Standard Class,EH-14125,14609,14.67,6.01,OFF-AR-10002804,Rochester
799,CA-2015-124653,2015-12-26,First Class,DB-13120,14609,21.56,10.35,OFF-LA-10002271,Rochester
885,CA-2014-134061,2014-05-04,Standard Class,LL-16840,14609,17.46,5.94,FUR-FU-10001424,Rochester
2894,CA-2017-139913,2017-10-29,Standard Class,JC-16105,14609,26.40,11.88,OFF-PA-10002479,Rochester
2978,CA-2017-134607,2017-10-08,Second Class,HL-15040,14609,22.58,5.87,OFF-ST-10002214,Rochester
7685,CA-2015-116876,2015-02-21,Standard Class,TT-21070,14609,26.42,9.58,OFF-BI-10002897,Rochester
3004,CA-2017-104381,2017-12-23,Standard Class,RD-19810,14609,33.38,10.43,OFF-BI-10001628,Rochester
4610,CA-2015-135020,2015-06-02,Standard Class,MS-17770,14609,45.36,21.77,OFF-PA-10004255,Rochester
7065,CA-2017-169474,2017-02-09,Standard Class,JF-15355,14609,32.67,8.49,OFF-AP-10003971,Rochester
2896,CA-2017-139913,2017-10-29,Standard Class,JC-16105,14609,35.88,10.05,TEC-PH-10001552,Rochester
5345,CA-2015-112053,2015-10-13,Second Class,SH-20395,14609,31.95,2.24,TEC-AC-10002550,Rochester
3701,CA-2017-169411,2017-12-29,Standard Class,AC-10615,14609,37.93,6.83,FUR-FU-10001602,Rochester
4607,CA-2015-135020,2015-06-02,Standard Class,MS-17770,14609,45.99,13.34,TEC-PH-10004093,Rochester
2895,CA-2017-139913,2017-10-29,Standard Class,JC-16105,14609,69.08,29.01,FUR-FU-10000771,Rochester
797,CA-2015-124653,2015-12-26,First Class,DB-13120,14609,132.79,63.74,OFF-PA-10000176,Rochester
6061,CA-2015-134201,2015-04-16,Standard Class,EH-14125,14609,142.04,38.35,OFF-ST-10001476,Rochester
8066,CA-2016-132997,2016-11-09,First Class,LW-17215,14609,116.82,5.84,OFF-ST-10003479,Rochester
8067,CA-2016-132997,2016-11-09,First Class,LW-17215,14609,276.78,89.95,OFF-BI-10004318,Rochester
8063,CA-2016-132997,2016-11-09,First Class,LW-17215,14609,263.96,71.27,TEC-PH-10000586,Rochester
2117,CA-2015-159786,2015-10-17,Second Class,RK-19300,14609,209.67,-13.98,FUR-TA-10001307,Rochester
8064,CA-2016-132997,2016-11-09,First Class,LW-17215,14609,359.97,100.79,TEC-PH-10003811,Rochester
4608,CA-2015-135020,2015-06-02,Standard Class,MS-17770,14609,535.41,160.62,OFF-ST-10001490,Rochester
7686,CA-2015-116876,2015-02-21,Standard Class,TT-21070,14609,625.99,187.80,TEC-PH-10002584,Rochester
492,CA-2014-113362,2014-09-19,Standard Class,AJ-10960,14609,449.15,8.98,OFF-ST-10001809,Rochester
9604,CA-2016-129861,2016-06-23,Standard Class,DM-13345,14609,376.87,-213.56,FUR-TA-10003715,Rochester
7203,CA-2016-120369,2016-10-28,Same Day,VB-21745,14609,756.80,75.68,FUR-FU-10003806,Rochester
8833,CA-2015-153423,2015-06-27,Standard Class,SW-20455,14609,1217.57,456.59,OFF-BI-10000545,Rochester
9504,CA-2016-101329,2016-04-29,Standard Class,MM-17920,13440,2.88,0.81,OFF-AR-10003190,Rome
9503,CA-2016-101329,2016-04-29,Standard Class,MM-17920,13440,32.13,8.35,OFF-AR-10000614,Rome
4528,US-2017-105046,2017-07-23,Standard Class,BE-11335,13440,39.08,14.46,FUR-FU-10004848,Rome
4527,US-2017-105046,2017-07-23,Standard Class,BE-11335,13440,99.90,47.95,OFF-PA-10004353,Rome
7826,CA-2015-127327,2015-02-07,Standard Class,PW-19030,13440,90.88,15.15,FUR-CH-10004218,Rome
4526,US-2017-105046,2017-07-23,Standard Class,BE-11335,13440,269.98,67.50,TEC-PH-10004536,Rome
62,CA-2016-111682,2016-06-18,First Class,TB-21055,12180,1.68,0.84,OFF-AR-10001868,Troy
7165,CA-2014-122070,2014-04-24,Second Class,AH-10030,12180,9.91,3.35,OFF-BI-10004970,Troy
59,CA-2016-111682,2016-06-18,First Class,TB-21055,12180,14.56,6.99,OFF-PA-10000587,Troy
57,CA-2016-111682,2016-06-18,First Class,TB-21055,12180,32.40,15.55,OFF-PA-10001569,Troy
479,CA-2016-152632,2016-11-02,Standard Class,JE-15475,12180,40.20,19.30,FUR-FU-10002671,Troy
8229,CA-2016-123050,2016-04-08,Second Class,BC-11125,12180,31.02,8.07,OFF-ST-10003455,Troy
60,CA-2016-111682,2016-06-18,First Class,TB-21055,12180,30.00,3.30,TEC-AC-10002167,Troy
61,CA-2016-111682,2016-06-18,First Class,TB-21055,12180,48.48,16.36,OFF-BI-10001460,Troy
2713,CA-2017-146031,2017-07-31,Second Class,GM-14440,12180,60.12,22.24,OFF-AR-10002656,Troy
8230,CA-2016-123050,2016-04-08,Second Class,BC-11125,12180,89.97,37.79,TEC-AC-10001109,Troy
8228,CA-2016-123050,2016-04-08,Second Class,BC-11125,12180,82.64,7.44,FUR-FU-10000723,Troy
6006,CA-2015-100657,2015-11-07,Standard Class,SW-20245,12180,109.76,8.54,FUR-CH-10003535,Troy
7164,CA-2014-122070,2014-04-24,Second Class,AH-10030,12180,247.84,121.44,OFF-EN-10004773,Troy
56,CA-2016-111682,2016-06-18,First Class,TB-21055,12180,208.56,52.14,OFF-ST-10000604,Troy
58,CA-2016-111682,2016-06-18,First Class,TB-21055,12180,319.41,7.10,FUR-CH-10003968,Troy
5820,CA-2014-124730,2014-11-26,Same Day,LS-17245,13501,11.52,5.64,OFF-LA-10001613,Utica
5817,CA-2014-124730,2014-11-26,Same Day,LS-17245,13501,12.91,4.68,OFF-BI-10001078,Utica
5818,CA-2014-124730,2014-11-26,Same Day,LS-17245,13501,17.09,5.77,OFF-BI-10001031,Utica
8807,CA-2016-113082,2016-09-16,Standard Class,MC-17590,13501,40.48,14.57,FUR-FU-10002813,Utica
5819,CA-2014-124730,2014-11-26,Same Day,LS-17245,13501,93.15,44.71,OFF-LA-10001158,Utica
9889,CA-2015-127544,2015-08-12,Standard Class,RD-19585,13501,79.99,28.80,TEC-AC-10000736,Utica
7492,US-2017-118598,2017-11-16,Same Day,CM-12190,13501,119.94,6.00,TEC-PH-10002583,Utica
5816,CA-2014-124730,2014-11-26,Same Day,LS-17245,13501,279.96,78.39,TEC-PH-10002170,Utica
7617,CA-2016-144309,2016-12-16,Standard Class,CM-12235,13601,18.54,8.71,OFF-PA-10001776,Watertown
2925,CA-2014-157721,2014-09-05,First Class,JM-16195,13601,19.90,8.96,OFF-AP-10001303,Watertown
4125,CA-2014-127523,2014-05-18,Standard Class,BG-11695,13601,35.91,9.70,OFF-AP-10004249,Watertown
2926,CA-2014-157721,2014-09-05,First Class,JM-16195,13601,70.71,4.95,FUR-FU-10002116,Watertown
8686,CA-2017-137323,2017-11-18,Second Class,PW-19030,13601,96.36,25.05,OFF-ST-10003996,Watertown
2957,CA-2017-123638,2017-07-04,Standard Class,MA-17995,13601,191.65,31.94,FUR-CH-10002647,Watertown
1921,US-2017-111423,2017-08-19,First Class,EH-13765,13601,462.56,97.65,FUR-CH-10003981,Watertown
7618,CA-2016-144309,2016-12-16,Standard Class,CM-12235,13601,679.96,220.99,OFF-BI-10003656,Watertown
1920,US-2017-111423,2017-08-19,First Class,EH-13765,13601,895.92,302.37,OFF-BI-10003091,Watertown
1546,CA-2014-150245,2015-01-04,Second Class,PC-18745,13601,1573.49,196.69,FUR-BO-10002613,Watertown
3863,CA-2014-135755,2014-05-10,Standard Class,NC-18415,10701,10.90,3.95,OFF-BI-10003981,Yonkers
5297,CA-2017-108791,2017-07-31,Standard Class,TM-21490,10701,14.89,4.02,FUR-FU-10004018,Yonkers
8499,CA-2014-169061,2014-03-08,Second Class,AB-10150,10701,18.62,5.40,OFF-SU-10000381,Yonkers
1084,US-2016-143819,2016-03-05,Standard Class,KD-16270,10701,26.38,12.13,OFF-PA-10003127,Yonkers
3862,CA-2014-135755,2014-05-10,Standard Class,NC-18415,10701,40.18,14.56,OFF-BI-10004828,Yonkers
5269,US-2017-114657,2017-11-21,Standard Class,MH-18115,10701,52.44,24.12,TEC-MA-10003173,Yonkers
8500,CA-2014-169061,2014-03-08,Second Class,AB-10150,10701,49.63,16.75,OFF-BI-10001617,Yonkers
8497,CA-2014-169061,2014-03-08,Second Class,AB-10150,10701,59.52,15.48,OFF-AR-10000588,Yonkers
8501,CA-2014-169061,2014-03-08,Second Class,AB-10150,10701,97.82,45.98,OFF-PA-10001878,Yonkers
3700,CA-2017-160416,2017-11-18,Second Class,AD-10180,10701,163.96,70.50,TEC-AC-10004114,Yonkers
1085,US-2016-143819,2016-03-05,Standard Class,KD-16270,10701,362.92,105.25,OFF-ST-10003208,Yonkers
8498,CA-2014-169061,2014-03-08,Second Class,AB-10150,10701,479.97,177.59,TEC-AC-10002001,Yonkers
5298,CA-2017-108791,2017-07-31,Standard Class,TM-21490,10701,543.92,135.98,TEC-PH-10002660,Yonkers
1083,US-2016-143819,2016-03-05,Standard Class,KD-16270,10701,836.59,-264.92,FUR-TA-10001095,Yonkers
1086,US-2016-143819,2016-03-05,Standard Class,KD-16270,10701,4899.93,2400.97,TEC-MA-10003979,Yonkers
4324,US-2015-147662,2015-02-19,Standard Class,KB-16315,44312,2.29,-1.68,OFF-BI-10002160,Akron
3563,CA-2017-109757,2017-09-09,Second Class,MD-17350,44312,4.37,-3.06,OFF-BI-10001634,Akron
3561,CA-2017-109757,2017-09-09,Second Class,MD-17350,44312,8.26,0.62,OFF-AR-10002335,Akron
3564,CA-2017-109757,2017-09-09,Second Class,MD-17350,44312,11.52,3.74,OFF-PA-10000007,Akron
3202,CA-2014-164224,2014-05-20,Second Class,TT-21070,44312,15.94,5.78,OFF-PA-10001526,Akron
9922,CA-2014-111360,2014-11-30,Standard Class,AT-10435,44312,5.74,-4.59,OFF-BI-10003350,Akron
8390,CA-2016-102596,2016-12-30,First Class,RD-19810,44312,17.18,6.23,OFF-FA-10000621,Akron
4325,US-2015-147662,2015-02-19,Standard Class,KB-16315,44312,14.35,0.90,OFF-AR-10004999,Akron
201,CA-2017-105074,2017-06-29,Standard Class,MB-17305,44312,21.74,6.79,OFF-PA-10002666,Akron
4322,US-2015-147662,2015-02-19,Standard Class,KB-16315,44312,14.95,-11.96,OFF-BI-10001658,Akron
3562,CA-2017-109757,2017-09-09,Second Class,MD-17350,44312,25.56,-20.45,OFF-BI-10004001,Akron
5370,CA-2017-147403,2017-09-13,First Class,KH-16630,44312,85.06,28.71,OFF-PA-10003302,Akron
4326,US-2015-147662,2015-02-19,Standard Class,KB-16315,44312,71.98,0.90,TEC-AC-10003280,Akron
3201,CA-2014-164224,2014-05-20,Second Class,TT-21070,44312,149.23,3.73,FUR-FU-10000308,Akron
8693,CA-2016-136770,2016-08-18,Standard Class,SP-20650,44312,279.96,48.99,TEC-AC-10000420,Akron
4093,CA-2017-166576,2017-05-18,First Class,JM-15865,44312,221.02,-55.26,OFF-ST-10002574,Akron
8692,CA-2016-136770,2016-08-18,Standard Class,SP-20650,44312,247.19,-49.44,TEC-PH-10001530,Akron
8691,CA-2016-136770,2016-08-18,Standard Class,SP-20650,44312,259.90,-56.31,TEC-PH-10003580,Akron
454,CA-2017-147277,2017-10-24,Standard Class,EB-13705,44312,284.36,-75.83,FUR-TA-10001539,Akron
4323,US-2015-147662,2015-02-19,Standard Class,KB-16315,44312,323.98,-81.00,TEC-PH-10002834,Akron
455,CA-2017-147277,2017-10-24,Standard Class,EB-13705,44312,665.41,66.54,OFF-ST-10000142,Akron
9518,CA-2015-123939,2015-08-26,Second Class,MS-17710,43402,6.91,2.51,OFF-LA-10003190,Bowling Green
4842,CA-2016-136049,2016-12-28,Standard Class,NM-18520,43402,5.55,-4.07,OFF-BI-10001267,Bowling Green
9517,CA-2015-123939,2015-08-26,Second Class,MS-17710,43402,26.98,4.05,TEC-PH-10000923,Bowling Green
9619,CA-2017-160633,2017-11-21,Standard Class,BS-11380,43402,86.35,5.40,OFF-AR-10004022,Bowling Green
9620,CA-2017-160633,2017-11-21,Standard Class,BS-11380,43402,139.96,-1.75,TEC-AC-10002335,Bowling Green
2516,CA-2014-106572,2014-09-10,Standard Class,NP-18700,43402,264.32,19.82,OFF-ST-10000585,Bowling Green
9519,CA-2015-123939,2015-08-26,Second Class,MS-17710,43402,435.50,48.99,OFF-ST-10003208,Bowling Green
9618,CA-2017-160633,2017-11-21,Standard Class,BS-11380,43402,899.98,75.00,TEC-CO-10002095,Bowling Green
389,CA-2014-115973,2014-11-26,First Class,NG-18430,45231,2.62,0.43,OFF-AR-10004757,Cincinnati
6281,CA-2017-152226,2017-05-16,Standard Class,JH-15910,45231,5.90,1.99,OFF-LA-10000443,Cincinnati
1035,CA-2016-109820,2016-11-22,First Class,AG-10390,45231,2.63,-1.93,OFF-BI-10003460,Cincinnati
1321,CA-2017-167703,2017-02-08,Standard Class,MC-17575,45231,5.23,-4.18,OFF-BI-10002071,Cincinnati
3144,CA-2017-162572,2017-09-27,Second Class,RB-19360,45231,10.61,0.93,OFF-AR-10001547,Cincinnati
1034,CA-2016-109820,2016-11-22,First Class,AG-10390,45231,15.70,5.10,OFF-PA-10000955,Cincinnati
8660,CA-2016-153185,2016-09-08,Standard Class,MH-17620,45231,30.96,11.22,OFF-PA-10002246,Cincinnati
1036,CA-2016-109820,2016-11-22,First Class,AG-10390,45231,14.43,-10.58,OFF-BI-10000474,Cincinnati
777,CA-2014-165974,2014-07-06,Standard Class,DL-12865,45231,32.76,3.69,OFF-AR-10003405,Cincinnati
8426,CA-2016-137652,2016-08-30,First Class,EB-13750,45231,18.43,-12.29,OFF-BI-10004099,Cincinnati
270,US-2017-145366,2017-12-13,Standard Class,CA-12310,45231,57.58,21.59,OFF-EN-10004386,Cincinnati
269,US-2017-145366,2017-12-13,Standard Class,CA-12310,45231,37.21,-7.44,OFF-ST-10004180,Cincinnati
2161,CA-2016-141019,2016-05-14,Same Day,LH-17155,45231,79.38,29.77,FUR-FU-10002937,Cincinnati
5611,CA-2015-145828,2015-10-07,First Class,MB-17305,45231,53.04,-4.64,TEC-AC-10002323,Cincinnati
3143,CA-2017-162572,2017-09-27,Second Class,RB-19360,45231,119.96,35.99,TEC-AC-10003628,Cincinnati
1322,CA-2017-167703,2017-02-08,Standard Class,MC-17575,45231,285.55,35.69,OFF-ST-10001490,Cincinnati
1234,CA-2016-153682,2016-05-31,First Class,BG-11695,45231,839.99,70.00,TEC-CO-10001046,Cincinnati
6546,US-2017-154872,2017-05-18,Standard Class,DP-13000,44105,5.04,1.76,OFF-LA-10000973,Cleveland
1633,CA-2016-106530,2016-05-08,Same Day,CL-12565,44105,10.37,3.63,OFF-PA-10004451,Cleveland
1632,CA-2016-106530,2016-05-08,Same Day,CL-12565,44105,10.69,3.74,OFF-PA-10002986,Cleveland
9295,CA-2017-161340,2017-05-31,Standard Class,AM-10360,44105,13.87,5.03,OFF-PA-10002464,Cleveland
702,CA-2017-114552,2017-09-08,Standard Class,Dl-13600,44105,15.07,4.14,FUR-FU-10002960,Cleveland
5082,US-2015-137533,2015-12-18,Same Day,JK-15640,44105,20.74,7.26,OFF-PA-10003441,Cleveland
9878,US-2017-166324,2017-04-21,First Class,BE-11455,44105,8.70,-6.38,OFF-BI-10000174,Cleveland
1629,CA-2017-101049,2017-06-25,Second Class,AS-10240,44105,17.92,2.46,FUR-FU-10004415,Cleveland
9131,CA-2016-130911,2016-03-26,Second Class,DC-12850,44105,18.66,1.63,OFF-AR-10000475,Cleveland
6547,US-2017-154872,2017-05-18,Standard Class,DP-13000,44105,24.78,7.75,OFF-PA-10000483,Cleveland
8438,CA-2015-112823,2015-12-16,Standard Class,RA-19945,44105,25.49,4.46,TEC-AC-10002550,Cleveland
669,CA-2014-156314,2014-12-26,First Class,RP-19390,44105,30.36,8.73,FUR-FU-10003096,Cleveland
7284,CA-2017-169439,2017-09-13,Standard Class,LC-17140,44105,25.92,3.89,OFF-AR-10001374,Cleveland
1634,CA-2016-106530,2016-05-08,Same Day,CL-12565,44105,25.12,1.57,OFF-ST-10000649,Cleveland
7914,US-2017-105697,2017-08-27,First Class,JE-15715,44105,25.70,1.93,OFF-ST-10003996,Cleveland
5701,CA-2016-125661,2016-11-26,First Class,CA-12055,44105,40.75,15.28,OFF-EN-10001532,Cleveland
7726,CA-2016-113978,2016-09-29,Standard Class,TS-21505,44105,24.22,-4.84,OFF-ST-10004963,Cleveland
6230,CA-2016-148208,2016-01-27,Standard Class,BT-11530,44105,55.18,15.86,TEC-AC-10000171,Cleveland
1635,CA-2016-106530,2016-05-08,Same Day,CL-12565,44105,58.11,7.26,TEC-AC-10001465,Cleveland
9881,CA-2015-104297,2015-05-31,First Class,CC-12100,44105,85.06,28.71,OFF-PA-10000474,Cleveland
5013,US-2017-160465,2017-07-26,Standard Class,SW-20350,44105,33.93,-22.62,OFF-BI-10001670,Cleveland
7285,CA-2017-169439,2017-09-13,Standard Class,LC-17140,44105,66.11,-9.09,FUR-FU-10000723,Cleveland
1630,CA-2017-101049,2017-06-25,Second Class,AS-10240,44105,41.26,-34.38,OFF-BI-10001510,Cleveland
6545,US-2017-154872,2017-05-18,Standard Class,DP-13000,44105,58.17,-46.54,OFF-BI-10003007,Cleveland
5594,US-2017-108014,2017-11-25,Standard Class,JH-15430,44105,59.91,-45.93,OFF-BI-10003984,Cleveland
6229,CA-2016-148208,2016-01-27,Standard Class,BT-11530,44105,110.38,-20.24,TEC-PH-10004093,Cleveland
8672,US-2014-159611,2014-12-31,Second Class,KB-16315,44105,118.16,-25.11,OFF-ST-10002790,Cleveland
9879,US-2017-166324,2017-04-21,First Class,BE-11455,44105,122.38,-24.48,TEC-PH-10004080,Cleveland
5702,CA-2016-125661,2016-11-26,First Class,CA-12055,44105,139.96,-22.74,TEC-AC-10004855,Cleveland
9296,CA-2017-161340,2017-05-31,Standard Class,AM-10360,44105,115.96,-64.94,FUR-BO-10004709,Cleveland
2539,CA-2015-168746,2015-01-29,Second Class,SV-20365,44105,155.37,-36.25,TEC-PH-10002555,Cleveland
5014,US-2017-160465,2017-07-26,Standard Class,SW-20350,44105,222.32,25.01,OFF-ST-10000136,Cleveland
8671,US-2014-159611,2014-12-31,Second Class,KB-16315,44105,182.35,-18.24,FUR-FU-10004904,Cleveland
2537,CA-2015-168746,2015-01-29,Second Class,SV-20365,44105,181.99,-54.60,FUR-CH-10000513,Cleveland
5015,US-2017-160465,2017-07-26,Standard Class,SW-20350,44105,210.56,-52.64,TEC-PH-10004522,Cleveland
7725,CA-2016-113978,2016-09-29,Standard Class,TS-21505,44105,286.26,17.89,OFF-AP-10003849,Cleveland
7727,CA-2016-113978,2016-09-29,Standard Class,TS-21505,44105,331.54,-82.88,OFF-ST-10002574,Cleveland
2538,CA-2015-168746,2015-01-29,Second Class,SV-20365,44105,431.98,-100.79,TEC-PH-10000895,Cleveland
9130,CA-2016-130911,2016-03-26,Second Class,DC-12850,44105,301.47,-241.18,FUR-BO-10004357,Cleveland
9877,US-2017-166324,2017-04-21,First Class,BE-11455,44105,848.54,-21.21,OFF-ST-10000078,Cleveland
1631,CA-2016-106530,2016-05-08,Same Day,CL-12565,44105,1006.06,88.03,OFF-ST-10002011,Cleveland
1830,CA-2014-103373,2014-05-24,Standard Class,BS-11755,44105,779.80,-168.96,TEC-PH-10002885,Cleveland
3544,CA-2016-157511,2016-09-20,First Class,SV-20365,43229,2.67,0.37,OFF-AR-10002257,Columbus
9556,CA-2015-111612,2015-12-02,Standard Class,EB-14110,43229,3.01,0.56,OFF-FA-10003021,Columbus
7755,CA-2015-161795,2015-12-23,Second Class,AH-10075,43229,3.01,0.34,OFF-AR-10001919,Columbus
115,CA-2014-115259,2014-08-27,Second Class,RC-19960,43229,4.72,1.65,OFF-EN-10002600,Columbus
8846,CA-2017-156664,2017-12-23,Standard Class,BP-11290,43229,4.82,1.75,OFF-FA-10002988,Columbus
6597,CA-2017-157112,2017-04-26,First Class,GG-14650,43229,5.34,1.87,OFF-PA-10001804,Columbus
3542,CA-2016-157511,2016-09-20,First Class,SV-20365,43229,5.35,1.61,FUR-FU-10002107,Columbus
4762,CA-2016-117660,2017-01-04,Standard Class,BM-11785,43229,5.90,1.99,OFF-LA-10003720,Columbus
6910,CA-2014-126277,2014-09-18,Second Class,LH-16900,43229,2.50,-2.00,OFF-BI-10004022,Columbus
9373,CA-2015-111339,2015-05-31,First Class,VP-21760,43229,8.04,2.91,OFF-FA-10002988,Columbus
8886,CA-2014-107398,2014-08-30,Standard Class,BS-11590,43229,2.86,-2.29,OFF-BI-10004141,Columbus
3786,CA-2017-112487,2017-12-30,Standard Class,TC-21535,43229,3.13,-2.61,OFF-BI-10000494,Columbus
7509,US-2017-161935,2017-07-18,Standard Class,JL-15835,43229,9.25,3.35,OFF-PA-10000605,Columbus
656,CA-2016-137239,2016-08-28,Standard Class,CR-12730,43229,3.32,-2.65,OFF-BI-10002827,Columbus
1542,CA-2014-166884,2014-03-16,Second Class,CK-12205,43229,8.32,2.29,FUR-FU-10003981,Columbus
4493,CA-2014-150798,2014-12-03,Second Class,JK-15730,43229,8.13,1.42,FUR-FU-10000221,Columbus
3410,US-2017-150847,2017-05-06,Standard Class,JF-15490,43229,10.37,3.63,OFF-PA-10004451,Columbus
8441,CA-2016-158302,2016-12-12,Second Class,JB-16045,43229,10.58,3.44,OFF-PA-10002615,Columbus
3472,CA-2017-122644,2017-11-17,Standard Class,SF-20965,43229,10.85,3.53,OFF-PA-10003673,Columbus
2378,US-2014-164616,2014-08-21,Second Class,MS-17770,43229,9.18,1.15,OFF-SU-10004768,Columbus
8527,CA-2017-161172,2017-03-16,Same Day,SP-20920,43229,5.19,-3.46,OFF-BI-10004654,Columbus
6712,CA-2017-163069,2017-08-21,Second Class,PJ-19015,43229,9.91,1.24,OFF-AR-10001419,Columbus
1543,CA-2014-166884,2014-03-16,Second Class,CK-12205,43229,10.46,1.70,OFF-FA-10001561,Columbus
2340,CA-2014-121727,2014-08-24,Standard Class,JK-15625,43229,10.72,1.74,OFF-AR-10004930,Columbus
4420,CA-2014-139633,2014-12-24,Standard Class,EC-14050,43229,5.48,-4.02,OFF-BI-10002954,Columbus
5601,CA-2014-108903,2014-10-03,Same Day,DO-13435,43229,14.48,4.89,OFF-EN-10004030,Columbus
7247,US-2014-127978,2014-03-08,Standard Class,JS-15595,43229,15.12,4.91,OFF-LA-10000305,Columbus
9572,CA-2015-113131,2015-09-24,Same Day,MB-17305,43229,15.84,5.54,OFF-EN-10003068,Columbus
1875,CA-2014-147914,2014-06-09,Standard Class,MP-17470,43229,16.22,5.88,OFF-PA-10001685,Columbus
7514,US-2017-161935,2017-07-18,Standard Class,JL-15835,43229,13.12,2.13,OFF-AR-10004757,Columbus
8885,CA-2014-107398,2014-08-30,Standard Class,BS-11590,43229,6.53,-4.57,OFF-BI-10001982,Columbus
9570,CA-2015-113131,2015-09-24,Same Day,MB-17305,43229,6.73,-4.49,OFF-BI-10003196,Columbus
5574,CA-2014-151162,2014-12-09,Standard Class,EA-14035,43229,17.47,5.68,OFF-PA-10003036,Columbus
5995,CA-2016-162187,2016-12-11,Same Day,NS-18640,43229,13.52,1.69,OFF-SU-10004782,Columbus
291,CA-2016-110772,2016-11-24,Second Class,NZ-18565,43229,18.50,6.24,OFF-LA-10004689,Columbus
290,CA-2016-110772,2016-11-24,Second Class,NZ-18565,43229,19.10,6.68,OFF-FA-10002983,Columbus
4763,CA-2016-117660,2017-01-04,Standard Class,BM-11785,43229,13.71,1.03,OFF-SU-10001664,Columbus
3408,US-2014-150119,2014-04-27,Standard Class,LB-16795,43229,7.49,-5.24,OFF-BI-10000145,Columbus
8845,CA-2017-156664,2017-12-23,Standard Class,BP-11290,43229,7.24,-6.03,OFF-BI-10004209,Columbus
133,US-2017-164147,2017-02-05,First Class,DW-13585,43229,21.46,6.97,OFF-FA-10002780,Columbus
3409,US-2014-150119,2014-04-27,Standard Class,LB-16795,43229,22.34,7.82,FUR-FU-10002191,Columbus
9574,CA-2015-113131,2015-09-24,Same Day,MB-17305,43229,17.12,1.93,OFF-AR-10003504,Columbus
3473,CA-2017-122644,2017-11-17,Standard Class,SF-20965,43229,18.54,3.01,TEC-AC-10003614,Columbus
1693,US-2016-154361,2016-03-19,Standard Class,HZ-14950,43229,21.88,6.29,FUR-FU-10004020,Columbus
9464,CA-2014-156545,2014-03-03,First Class,JS-16030,43229,19.46,3.40,OFF-AR-10003560,Columbus
116,CA-2014-115259,2014-08-27,Second Class,RC-19960,43229,23.98,7.49,OFF-PA-10004965,Columbus
9573,CA-2015-113131,2015-09-24,Same Day,MB-17305,43229,24.42,7.94,OFF-LA-10003510,Columbus
6596,CA-2017-157112,2017-04-26,First Class,GG-14650,43229,11.76,-7.84,OFF-BI-10000285,Columbus
3104,CA-2016-124562,2016-12-12,Standard Class,JP-16135,43229,12.96,-9.50,OFF-BI-10001267,Columbus
4494,CA-2014-150798,2014-12-03,Second Class,JK-15730,43229,36.29,12.70,OFF-PA-10001972,Columbus
2363,CA-2017-136497,2017-04-20,Standard Class,RF-19840,43229,13.71,-10.05,OFF-BI-10001553,Columbus
5825,CA-2014-115056,2014-05-02,Same Day,AR-10510,43229,26.14,1.96,OFF-AP-10003971,Columbus
114,CA-2014-115259,2014-08-27,Second Class,RC-19960,43229,40.10,14.53,OFF-FA-10000621,Columbus
783,US-2015-157014,2015-10-06,Second Class,BM-11785,43229,24.00,-2.70,TEC-AC-10002167,Columbus
8874,US-2014-105137,2014-10-10,Same Day,RB-19435,43229,18.26,-13.39,OFF-BI-10002429,Columbus
9571,CA-2015-113131,2015-09-24,Same Day,MB-17305,43229,33.57,1.68,OFF-ST-10001172,Columbus
8887,CA-2014-107398,2014-08-30,Standard Class,BS-11590,43229,20.86,-16.68,OFF-BI-10002103,Columbus
3630,CA-2017-155957,2017-11-30,Standard Class,CC-12610,43229,52.27,9.80,OFF-AP-10002082,Columbus
8526,CA-2017-161172,2017-03-16,Same Day,SP-20920,43229,51.26,7.69,FUR-FU-10003424,Columbus
9371,CA-2015-111339,2015-05-31,First Class,VP-21760,43229,41.57,-4.16,FUR-FU-10002506,Columbus
5575,CA-2014-151162,2014-12-09,Standard Class,EA-14035,43229,36.74,-9.18,TEC-PH-10001870,Columbus
8522,CA-2016-141887,2016-01-15,Standard Class,MP-17470,43229,54.99,8.94,FUR-FU-10002268,Columbus
785,US-2015-157014,2015-10-06,Second Class,BM-11785,43229,47.98,0.60,TEC-AC-10000057,Columbus
132,US-2017-164147,2017-02-05,First Class,DW-13585,43229,78.30,29.36,OFF-PA-10002377,Columbus
1596,CA-2017-149181,2017-05-12,Standard Class,MD-17350,43229,47.99,-2.06,FUR-CH-10004540,Columbus
8529,CA-2017-161172,2017-03-16,Same Day,SP-20920,43229,54.22,3.39,OFF-ST-10000675,Columbus
784,US-2015-157014,2015-10-06,Second Class,BM-11785,43229,35.49,-15.62,FUR-BO-10004409,Columbus
8525,CA-2017-161172,2017-03-16,Same Day,SP-20920,43229,44.38,-7.40,TEC-PH-10004348,Columbus
5600,CA-2014-108903,2014-10-03,Same Day,DO-13435,43229,55.98,4.20,OFF-AR-10004010,Columbus
5573,CA-2014-151162,2014-12-09,Standard Class,EA-14035,43229,29.94,-23.95,OFF-BI-10003719,Columbus
782,US-2015-157014,2015-10-06,Second Class,BM-11785,43229,32.07,-22.45,OFF-BI-10001098,Columbus
4824,CA-2016-140018,2016-11-26,Standard Class,CK-12205,43229,30.34,-24.28,TEC-MA-10000752,Columbus
7249,US-2014-127978,2014-03-08,Standard Class,JS-15595,43229,44.67,-10.05,OFF-ST-10002486,Columbus
7511,US-2017-161935,2017-07-18,Standard Class,JL-15835,43229,62.04,4.65,OFF-ST-10003455,Columbus
9555,CA-2015-111612,2015-12-02,Standard Class,EB-14110,43229,71.12,9.78,FUR-FU-10003799,Columbus
8847,CA-2017-156664,2017-12-23,Standard Class,BP-11290,43229,91.36,29.69,OFF-PA-10002222,Columbus
4826,CA-2016-140018,2016-11-26,Standard Class,CK-12205,43229,77.95,15.59,FUR-FU-10001876,Columbus
5572,CA-2014-151162,2014-12-09,Standard Class,EA-14035,43229,98.38,35.66,OFF-PA-10001033,Columbus
5994,CA-2016-162187,2016-12-11,Same Day,NS-18640,43229,64.96,-4.06,OFF-ST-10001558,Columbus
131,US-2017-164147,2017-02-05,First Class,DW-13585,43229,59.97,-11.99,TEC-PH-10002293,Columbus
6020,CA-2014-152422,2014-10-10,Second Class,BD-11635,43229,91.92,11.49,OFF-AP-10002892,Columbus
117,CA-2014-115259,2014-08-27,Second Class,RC-19960,43229,130.46,44.03,OFF-EN-10002504,Columbus
657,CA-2016-137239,2016-08-28,Standard Class,CR-12730,43229,134.29,45.32,OFF-EN-10002230,Columbus
4876,CA-2014-132864,2014-12-07,Standard Class,KN-16390,43229,119.80,29.95,TEC-AC-10001267,Columbus
655,CA-2016-137239,2016-08-28,Standard Class,CR-12730,43229,113.55,8.52,OFF-AP-10002439,Columbus
3543,CA-2016-157511,2016-09-20,First Class,SV-20365,43229,99.37,-7.10,FUR-CH-10002647,Columbus
8528,CA-2017-161172,2017-03-16,Same Day,SP-20920,43229,159.98,44.00,TEC-AC-10004571,Columbus
8848,CA-2017-156664,2017-12-23,Standard Class,BP-11290,43229,130.11,13.01,OFF-AP-10004487,Columbus
763,CA-2015-114923,2015-02-13,Standard Class,LH-17020,43229,107.98,-27.00,TEC-PH-10003931,Columbus
2377,US-2014-164616,2014-08-21,Second Class,MS-17770,43229,76.78,-58.86,OFF-BI-10001718,Columbus
293,CA-2016-110772,2016-11-24,Second Class,NZ-18565,43229,86.97,-48.70,FUR-BO-10004709,Columbus
4825,CA-2016-140018,2016-11-26,Standard Class,CK-12205,43229,127.55,-9.11,FUR-CH-10003817,Columbus
5602,CA-2014-108903,2014-10-03,Same Day,DO-13435,43229,142.49,-3.56,TEC-AC-10003023,Columbus
9239,CA-2017-138156,2017-02-14,First Class,MM-17260,43229,147.57,-3.69,FUR-FU-10003601,Columbus
1314,US-2016-134488,2016-09-30,Standard Class,PK-19075,43229,155.37,-13.32,FUR-CH-10003199,Columbus
8873,US-2014-105137,2014-10-10,Same Day,RB-19435,43229,101.99,-71.40,TEC-MA-10002694,Columbus
3631,CA-2017-155957,2017-11-30,Standard Class,CC-12610,43229,213.14,23.98,OFF-AP-10004708,Columbus
292,CA-2016-110772,2016-11-24,Second Class,NZ-18565,43229,255.98,54.40,TEC-AC-10002001,Columbus
7513,US-2017-161935,2017-07-18,Standard Class,JL-15835,43229,239.46,17.96,OFF-ST-10001837,Columbus
5576,CA-2014-151162,2014-12-09,Standard Class,EA-14035,43229,179.94,-44.98,TEC-PH-10001809,Columbus
8769,CA-2015-151722,2015-10-09,Standard Class,IL-15100,43229,288.00,57.60,TEC-AC-10000892,Columbus
7512,US-2017-161935,2017-07-18,Standard Class,JL-15835,43229,396.92,148.85,FUR-FU-10002937,Columbus
1431,CA-2017-122700,2017-11-30,Standard Class,LT-17110,43229,220.75,-40.47,TEC-PH-10003092,Columbus
1403,US-2016-161396,2016-04-25,Standard Class,GM-14455,43229,205.18,-58.13,FUR-TA-10002622,Columbus
1404,US-2016-161396,2016-04-25,Standard Class,GM-14455,43229,419.40,146.79,OFF-PA-10000418,Columbus
6204,CA-2016-133669,2016-10-27,Standard Class,SV-20935,43229,235.15,-47.03,TEC-PH-10001305,Columbus
3406,US-2014-150119,2014-04-27,Standard Class,LB-16795,43229,281.37,-12.06,FUR-CH-10002965,Columbus
3407,US-2014-150119,2014-04-27,Standard Class,LB-16795,43229,281.37,-12.06,FUR-CH-10002965,Columbus
5997,CA-2016-162187,2016-12-11,Same Day,NS-18640,43229,387.14,24.20,OFF-AP-10000576,Columbus
9372,CA-2015-111339,2015-05-31,First Class,VP-21760,43229,317.06,-86.06,FUR-CH-10000863,Columbus
6258,CA-2017-141425,2017-11-06,Second Class,AR-10825,43229,384.59,-81.73,OFF-SU-10000646,Columbus
5998,CA-2016-162187,2016-12-11,Same Day,NS-18640,43229,328.59,-147.87,FUR-TA-10003008,Columbus
7248,US-2014-127978,2014-03-08,Standard Class,JS-15595,43229,302.45,-199.62,FUR-BO-10001972,Columbus
4492,CA-2014-150798,2014-12-03,Second Class,JK-15730,43229,659.99,110.00,TEC-CO-10001571,Columbus
5996,CA-2016-162187,2016-12-11,Same Day,NS-18640,43229,458.43,-137.53,FUR-CH-10003298,Columbus
3835,CA-2014-105984,2014-11-24,Same Day,MY-18295,43229,611.06,-34.92,FUR-CH-10000847,Columbus
4495,CA-2014-150798,2014-12-03,Second Class,JK-15730,43229,909.72,-51.98,FUR-CH-10000015,Columbus
1987,CA-2016-147417,2016-07-27,First Class,CB-12415,43229,1439.98,192.00,TEC-CO-10001449,Columbus
3834,CA-2014-105984,2014-11-24,Same Day,MY-18295,43229,1049.97,-209.99,TEC-PH-10000560,Columbus
7510,US-2017-161935,2017-07-18,Standard Class,JL-15835,43229,1889.95,-377.99,TEC-PH-10000560,Columbus
8047,CA-2016-113600,2016-12-17,Second Class,SH-20395,44221,2.21,-1.48,OFF-BI-10000201,Cuyahoga Falls
1152,CA-2015-113971,2015-05-14,Standard Class,CB-12535,44221,8.35,1.25,FUR-FU-10001852,Cuyahoga Falls
7861,CA-2017-152261,2017-03-06,Standard Class,JA-15970,44221,18.53,-12.35,OFF-BI-10002353,Cuyahoga Falls
220,CA-2015-169397,2015-12-27,First Class,JB-15925,43017,5.58,1.81,OFF-FA-10000585,Dublin
4838,CA-2017-106831,2017-06-03,First Class,FH-14350,43017,3.80,-2.66,OFF-BI-10003429,Dublin
3657,CA-2017-158036,2017-09-14,Standard Class,DB-13555,43017,9.10,1.71,TEC-AC-10002558,Dublin
221,CA-2015-169397,2015-12-27,First Class,JB-15925,43017,22.70,8.23,OFF-PA-10004000,Dublin
4839,CA-2017-106831,2017-06-03,First Class,FH-14350,43017,27.74,10.06,OFF-PA-10000682,Dublin
6746,CA-2017-111269,2017-06-18,Second Class,CS-12355,43017,23.92,1.79,OFF-AR-10001427,Dublin
225,CA-2015-169397,2015-12-27,First Class,JB-15925,43017,27.17,2.72,OFF-AR-10001958,Dublin
222,CA-2015-169397,2015-12-27,First Class,JB-15925,43017,19.78,-13.84,OFF-BI-10002852,Dublin
223,CA-2015-169397,2015-12-27,First Class,JB-15925,43017,72.70,19.08,FUR-FU-10000087,Dublin
4840,CA-2017-106831,2017-06-03,First Class,FH-14350,43017,158.38,-34.31,TEC-PH-10001700,Dublin
6745,CA-2017-111269,2017-06-18,Second Class,CS-12355,43017,479.95,107.99,TEC-AC-10001606,Dublin
224,CA-2015-169397,2015-12-27,First Class,JB-15925,43017,479.99,-383.99,TEC-MA-10001148,Dublin
1728,US-2017-164056,2017-05-04,Second Class,FM-14215,43017,1048.35,-69.89,FUR-TA-10001307,Dublin
8716,CA-2017-121678,2017-11-20,Second Class,BM-11650,44035,1.82,-1.40,OFF-BI-10002949,Elyria
9010,CA-2017-106047,2017-07-18,Standard Class,CS-11860,45014,3.82,1.19,OFF-PA-10000791,Fairfield
2370,US-2016-129469,2016-09-27,Standard Class,KL-16555,45014,4.91,0.31,OFF-AR-10000315,Fairfield
9982,CA-2017-163566,2017-08-06,First Class,TB-21055,45014,16.52,5.37,OFF-LA-10004484,Fairfield
4909,CA-2014-133809,2014-11-23,Second Class,MS-17530,45014,9.59,-2.08,TEC-PH-10004875,Fairfield
4908,CA-2014-133809,2014-11-23,Second Class,MS-17530,45014,11.81,-8.66,OFF-BI-10001757,Fairfield
2425,US-2017-147669,2017-12-30,Standard Class,SV-20935,45014,13.02,-10.42,OFF-BI-10000632,Fairfield
2427,US-2017-147669,2017-12-30,Standard Class,SV-20935,45014,39.31,12.78,OFF-FA-10002975,Fairfield
7392,CA-2017-160031,2017-12-07,Second Class,LT-16765,45014,74.35,23.23,OFF-PA-10000241,Fairfield
9899,CA-2016-112830,2016-06-10,Standard Class,LP-17095,45014,82.64,0.00,FUR-FU-10004845,Fairfield
1889,CA-2014-142587,2014-10-22,First Class,TB-21520,45014,121.79,13.70,OFF-AP-10004708,Fairfield
3285,CA-2014-103702,2014-09-17,Standard Class,AF-10885,45014,63.92,-46.88,OFF-BI-10002429,Fairfield
2424,US-2017-147669,2017-12-30,Standard Class,SV-20935,45014,158.93,41.72,TEC-AC-10002473,Fairfield
2426,US-2017-147669,2017-12-30,Standard Class,SV-20935,45014,273.06,-104.67,FUR-TA-10002645,Fairfield
9898,CA-2016-112830,2016-06-10,Standard Class,LP-17095,45014,466.32,34.97,FUR-FU-10004306,Fairfield
1890,CA-2014-142587,2014-10-22,First Class,TB-21520,45014,409.59,-122.88,FUR-TA-10000617,Fairfield
2369,US-2016-129469,2016-09-27,Standard Class,KL-16555,45014,532.70,-26.64,FUR-FU-10002298,Fairfield
7398,CA-2014-141649,2014-09-30,Same Day,DM-12955,45014,795.41,59.66,OFF-AP-10003217,Fairfield
616,CA-2017-138611,2017-11-17,Second Class,CK-12595,43123,3.65,-2.80,OFF-BI-10002949,Grove City
615,CA-2017-138611,2017-11-17,Second Class,CK-12595,43123,119.94,15.99,TEC-PH-10000011,Grove City
197,CA-2014-140004,2014-03-25,Standard Class,CB-12025,45011,6.05,1.59,OFF-AR-10004027,Hamilton
196,CA-2014-140004,2014-03-25,Standard Class,CB-12025,45011,7.41,1.20,OFF-AR-10004685,Hamilton
5471,CA-2016-158547,2016-06-04,Standard Class,JM-16195,45011,123.92,9.29,OFF-AP-10003842,Hamilton
4419,CA-2014-160157,2014-12-27,Standard Class,MH-17455,45011,190.85,-21.47,FUR-FU-10003773,Hamilton
2169,CA-2017-117870,2017-01-30,Second Class,JH-15820,44240,14.02,1.75,OFF-AR-10004078,Kent
9442,CA-2014-165477,2014-12-31,Second Class,RE-19405,44240,48.36,6.04,OFF-AP-10003281,Kent
2170,CA-2017-117870,2017-01-30,Second Class,JH-15820,44240,71.98,-9.00,TEC-AC-10000927,Kent
4375,CA-2016-158575,2016-11-24,Standard Class,SB-20290,44240,103.97,16.89,OFF-AP-10002998,Kent
2171,CA-2017-117870,2017-01-30,Second Class,JH-15820,44240,107.98,-27.00,TEC-PH-10003931,Kent
5432,CA-2017-117422,2017-10-25,Standard Class,FC-14245,44107,4.06,1.37,OFF-PA-10002195,Lakewood
4303,CA-2014-123253,2014-08-25,Second Class,DE-13255,44107,3.91,1.03,OFF-AR-10002804,Lakewood
5433,CA-2017-117422,2017-10-25,Standard Class,FC-14245,44107,6.22,-4.97,OFF-BI-10002799,Lakewood
9076,US-2015-136259,2015-11-08,First Class,CB-12415,44107,7.22,-5.53,OFF-BI-10000773,Lakewood
7871,CA-2017-122112,2017-09-29,Standard Class,CA-11965,44107,24.45,8.86,OFF-EN-10004459,Lakewood
8970,CA-2017-157469,2017-12-07,Standard Class,ES-14080,44107,19.73,1.73,OFF-AR-10001662,Lakewood
6898,CA-2017-122028,2017-08-25,Standard Class,CK-12205,44107,10.78,-7.91,OFF-BI-10004817,Lakewood
5641,CA-2014-147900,2014-09-28,Standard Class,JK-15640,44107,28.80,10.08,OFF-PA-10003063,Lakewood
9077,US-2015-136259,2015-11-08,First Class,CB-12415,44107,27.20,2.04,OFF-SU-10004661,Lakewood
8276,CA-2015-143882,2015-06-30,Standard Class,DB-13360,44107,43.06,15.61,OFF-PA-10004040,Lakewood
2044,US-2017-158946,2017-11-23,Standard Class,JW-15220,44107,38.86,7.77,OFF-AR-10001860,Lakewood
2712,CA-2017-132430,2017-10-11,First Class,CP-12085,44107,45.89,9.18,FUR-FU-10003577,Lakewood
7659,CA-2017-155740,2017-08-02,First Class,TC-21475,44107,76.78,-53.74,OFF-BI-10001071,Lakewood
5431,CA-2017-117422,2017-10-25,Standard Class,FC-14245,44107,161.57,16.16,OFF-AP-10000938,Lakewood
8971,CA-2017-157469,2017-12-07,Standard Class,ES-14080,44107,151.19,-25.20,TEC-PH-10004531,Lakewood
7353,CA-2017-152135,2017-03-18,Second Class,MG-17650,44107,445.44,-81.66,TEC-PH-10003505,Lakewood
6286,CA-2016-125080,2016-10-26,Standard Class,VW-21775,44107,661.18,-231.41,FUR-TA-10003238,Lakewood
9622,CA-2014-115133,2014-09-30,Standard Class,DA-13450,43130,3.15,0.47,TEC-AC-10002370,Lancaster
5399,CA-2016-163202,2016-10-02,Standard Class,BM-11650,43130,2.91,-2.03,OFF-BI-10002764,Lancaster
6026,CA-2017-139717,2017-08-26,Second Class,DM-13015,43130,10.37,3.76,OFF-PA-10002195,Lancaster
6053,CA-2016-124016,2016-09-26,Second Class,JS-15940,43130,11.95,4.03,OFF-PA-10002586,Lancaster
4351,US-2017-100482,2017-04-15,Standard Class,JL-15130,43130,16.77,1.47,OFF-ST-10001325,Lancaster
7523,CA-2016-162383,2016-09-11,Standard Class,MD-17350,43130,8.86,-6.49,OFF-BI-10001757,Lancaster
9621,CA-2014-115133,2014-09-30,Standard Class,DA-13450,43130,16.70,1.25,OFF-AP-10001634,Lancaster
7522,CA-2016-162383,2016-09-11,Standard Class,MD-17350,43130,8.95,-7.46,OFF-BI-10002824,Lancaster
2696,CA-2016-161662,2016-02-09,First Class,BE-11410,43130,30.35,10.62,OFF-PA-10003465,Lancaster
3430,US-2017-111024,2017-07-06,Second Class,SZ-20035,43130,30.96,11.22,OFF-PA-10002246,Lancaster
6054,CA-2016-124016,2016-09-26,Second Class,JS-15940,43130,28.00,7.70,FUR-FU-10004963,Lancaster
3428,US-2017-111024,2017-07-06,Second Class,SZ-20035,43130,32.90,11.10,OFF-PA-10000174,Lancaster
9623,CA-2014-115133,2014-09-30,Standard Class,DA-13450,43130,32.90,11.10,OFF-PA-10000174,Lancaster
6055,CA-2016-124016,2016-09-26,Second Class,JS-15940,43130,12.20,-9.76,OFF-BI-10002071,Lancaster
8018,US-2014-131870,2014-09-11,First Class,NF-18595,43130,30.82,2.70,OFF-AR-10000634,Lancaster
4352,US-2017-100482,2017-04-15,Standard Class,JL-15130,43130,27.12,-4.75,TEC-AC-10003441,Lancaster
7182,CA-2016-138667,2016-12-30,Second Class,MW-18220,43130,40.00,0.50,TEC-AC-10003063,Lancaster
8017,US-2014-131870,2014-09-11,First Class,NF-18595,43130,60.67,12.89,FUR-FU-10002501,Lancaster
7774,CA-2016-108196,2016-12-02,Standard Class,CS-12505,43130,59.98,12.00,TEC-AC-10000926,Lancaster
2831,CA-2016-124149,2016-04-26,First Class,MJ-17740,43130,78.30,29.36,OFF-PA-10002923,Lancaster
2830,CA-2016-124149,2016-04-26,First Class,MJ-17740,43130,55.92,6.29,OFF-ST-10000760,Lancaster
2829,CA-2016-124149,2016-04-26,First Class,MJ-17740,43130,108.34,37.92,OFF-PA-10002421,Lancaster
9606,US-2017-122672,2017-11-09,Standard Class,HG-14965,43130,70.72,-6.19,TEC-AC-10002323,Lancaster
7524,CA-2016-162383,2016-09-11,Standard Class,MD-17350,43130,85.25,-1.22,FUR-CH-10004477,Lancaster
6342,US-2017-105830,2017-01-02,First Class,DB-13660,43130,156.51,-35.22,OFF-ST-10002554,Lancaster
9607,US-2017-122672,2017-11-09,Standard Class,HG-14965,43130,194.35,-43.73,OFF-ST-10002344,Lancaster
3429,US-2017-111024,2017-07-06,Second Class,SZ-20035,43130,215.15,-103.99,FUR-TA-10002041,Lancaster
6025,CA-2017-139717,2017-08-26,Second Class,DM-13015,43130,646.27,64.63,OFF-AP-10000938,Lancaster
7772,CA-2016-108196,2016-12-02,Standard Class,CS-12505,43130,456.59,-304.39,OFF-BI-10000545,Lancaster
3588,CA-2017-121839,2017-09-28,Standard Class,MH-18115,43130,1169.69,-253.43,TEC-PH-10002885,Lancaster
7773,CA-2016-108196,2016-12-02,Standard Class,CS-12505,43130,4499.98,-6599.98,TEC-MA-10000418,Lancaster
1331,CA-2017-127705,2017-06-06,Standard Class,AB-10255,44052,2.97,-0.64,TEC-PH-10000347,Lorain
2380,CA-2016-118052,2016-05-10,Standard Class,BE-11455,44052,7.22,1.71,OFF-FA-10004248,Lorain
1332,CA-2017-127705,2017-06-06,Standard Class,AB-10255,44052,27.44,2.40,OFF-ST-10004507,Lorain
4035,US-2016-108777,2016-12-12,Same Day,JM-15655,44052,18.69,-14.33,OFF-BI-10003982,Lorain
2381,CA-2016-118052,2016-05-10,Standard Class,BE-11455,44052,49.57,15.49,OFF-PA-10002581,Lorain
849,CA-2017-107503,2017-01-06,Standard Class,GA-14725,44052,48.90,8.56,FUR-FU-10003878,Lorain
2382,CA-2016-118052,2016-05-10,Standard Class,BE-11455,44052,54.71,11.63,FUR-FU-10004848,Lorain
4036,US-2016-108777,2016-12-12,Same Day,JM-15655,44052,383.95,76.79,TEC-AC-10002567,Lorain
6640,CA-2014-108609,2014-11-02,Second Class,AJ-10780,44052,1421.66,-734.53,FUR-TA-10003954,Lorain
5703,US-2014-123519,2014-12-21,Standard Class,SS-20875,43302,2.62,0.30,OFF-AR-10003829,Marion
6205,CA-2017-145660,2017-12-03,First Class,MG-17650,43302,7.71,1.74,FUR-FU-10002885,Marion
7651,CA-2015-101889,2015-12-31,Standard Class,DB-13120,43302,19.87,6.71,OFF-EN-10003286,Marion
2223,CA-2015-131884,2015-12-06,Same Day,DK-13375,43302,37.38,4.67,OFF-AR-10004078,Marion
5497,CA-2017-117821,2017-06-16,Standard Class,HG-15025,43302,63.92,19.18,TEC-AC-10004469,Marion
6282,CA-2015-116484,2015-11-26,Standard Class,JK-15205,43302,63.82,9.57,FUR-FU-10002874,Marion
6209,CA-2017-148138,2017-10-03,Standard Class,ME-18010,43302,51.17,-6.40,OFF-ST-10000563,Marion
4529,CA-2017-152856,2017-09-10,Second Class,RS-19765,43302,116.83,33.59,TEC-AC-10004864,Marion
2224,CA-2015-131884,2015-12-06,Same Day,DK-13375,43302,70.69,-24.24,FUR-CH-10004860,Marion
6283,CA-2015-116484,2015-11-26,Standard Class,JK-15205,43302,141.55,-26.54,OFF-ST-10003994,Marion
5704,US-2014-123519,2014-12-21,Standard Class,SS-20875,43302,136.53,-52.34,FUR-TA-10002645,Marion
5705,US-2014-123519,2014-12-21,Standard Class,SS-20875,43302,263.96,42.89,TEC-AC-10003033,Marion
2222,CA-2015-131884,2015-12-06,Same Day,DK-13375,43302,485.94,-89.09,TEC-PH-10001578,Marion
7650,CA-2015-101889,2015-12-31,Standard Class,DB-13120,43302,1548.99,-464.70,FUR-TA-10004154,Marion
9870,CA-2014-114195,2014-11-03,First Class,EA-14035,45040,3.13,-2.61,OFF-BI-10000494,Mason
9871,CA-2014-114195,2014-11-03,First Class,EA-14035,45040,22.43,-17.94,OFF-BI-10001658,Mason
9869,CA-2014-114195,2014-11-03,First Class,EA-14035,45040,68.70,16.32,FUR-FU-10002253,Mason
213,CA-2015-146262,2015-01-09,Standard Class,VW-21775,44256,23.68,8.88,OFF-LA-10004544,Medina
6504,CA-2014-129147,2014-11-06,Standard Class,LC-17050,44256,19.24,-13.47,OFF-BI-10001098,Medina
6503,CA-2014-129147,2014-11-06,Standard Class,LC-17050,44256,50.23,-10.05,TEC-PH-10001552,Medina
5294,CA-2015-111073,2015-12-30,Standard Class,MC-18100,44256,51.59,-15.48,FUR-TA-10004086,Medina
215,CA-2015-146262,2015-01-09,Standard Class,VW-21775,44256,62.98,-14.70,TEC-PH-10002844,Medina
217,CA-2015-146262,2015-01-09,Standard Class,VW-21775,44256,89.58,4.48,TEC-AC-10000109,Medina
6502,CA-2014-129147,2014-11-06,Standard Class,LC-17050,44256,539.96,-107.99,TEC-PH-10001299,Medina
214,CA-2015-146262,2015-01-09,Standard Class,VW-21775,44256,452.45,-244.32,FUR-BO-10004695,Medina
216,CA-2015-146262,2015-01-09,Standard Class,VW-21775,44256,1188.00,-950.40,TEC-MA-10000864,Medina
4477,CA-2017-121300,2017-09-29,Same Day,MG-17680,44060,8.45,2.64,OFF-PA-10002606,Mentor
4475,CA-2017-121300,2017-09-29,Same Day,MG-17680,44060,15.55,5.44,OFF-PA-10002787,Mentor
4476,CA-2017-121300,2017-09-29,Same Day,MG-17680,44060,21.25,7.44,FUR-FU-10004586,Mentor
4472,CA-2017-121300,2017-09-29,Same Day,MG-17680,44060,63.69,-15.47,FUR-CH-10003774,Mentor
4473,CA-2017-121300,2017-09-29,Same Day,MG-17680,44060,239.98,65.99,TEC-AC-10004571,Mentor
4474,CA-2017-121300,2017-09-29,Same Day,MG-17680,44060,344.22,-189.32,FUR-TA-10004442,Mentor
1814,US-2017-161193,2017-11-26,Standard Class,BT-11680,43055,4.66,1.57,FUR-FU-10000206,Newark
9564,CA-2016-129280,2016-05-05,First Class,SM-20905,43055,6.00,2.10,OFF-LA-10000081,Newark
3609,CA-2014-140228,2014-05-03,Standard Class,GB-14530,43055,6.91,2.51,OFF-LA-10001613,Newark
9630,CA-2014-118192,2014-01-18,Standard Class,MM-17920,43055,3.44,-2.52,OFF-BI-10003476,Newark
513,CA-2016-106341,2016-10-23,First Class,LF-17185,43055,7.15,0.72,OFF-AR-10002053,Newark
2571,CA-2017-134404,2017-12-27,Same Day,DR-12880,43055,13.25,3.64,OFF-AR-10004441,Newark
5664,CA-2016-141957,2016-07-21,Same Day,JG-15310,43055,18.66,1.40,OFF-AR-10000914,Newark
5665,CA-2016-141957,2016-07-21,Same Day,JG-15310,43055,11.09,-8.13,OFF-BI-10001116,Newark
179,US-2015-101511,2015-11-23,Second Class,JE-15745,43055,15.88,-3.77,OFF-SU-10002189,Newark
9629,CA-2014-118192,2014-01-18,Standard Class,MM-17920,43055,37.41,13.09,OFF-PA-10002947,Newark
3610,CA-2014-140228,2014-05-03,Standard Class,GB-14530,43055,27.10,2.03,OFF-ST-10002214,Newark
2742,CA-2016-165015,2016-02-27,Second Class,BD-11725,43055,46.72,17.52,OFF-EN-10003134,Newark
7106,CA-2017-128944,2017-06-21,Second Class,KH-16330,43055,38.78,7.27,FUR-FU-10004909,Newark
9561,CA-2016-129280,2016-05-05,First Class,SM-20905,43055,51.97,10.39,FUR-FU-10001876,Newark
1813,US-2017-161193,2017-11-26,Standard Class,BT-11680,43055,77.60,28.13,FUR-FU-10001861,Newark
5666,CA-2016-141957,2016-07-21,Same Day,JG-15310,43055,66.69,4.17,OFF-ST-10002276,Newark
718,CA-2017-108910,2017-09-29,Standard Class,KC-16540,43055,103.06,24.48,FUR-FU-10002253,Newark
147,CA-2014-110072,2014-10-28,Standard Class,MG-17680,43055,93.89,12.91,FUR-FU-10000521,Newark
5667,CA-2016-141957,2016-07-21,Same Day,JG-15310,43055,99.49,8.71,OFF-ST-10004340,Newark
3061,CA-2016-144554,2016-11-12,Standard Class,DM-13345,43055,119.98,22.50,TEC-AC-10002800,Newark
9559,CA-2016-129280,2016-05-05,First Class,SM-20905,43055,132.52,34.79,TEC-AC-10003832,Newark
3758,CA-2016-111283,2016-03-04,Standard Class,LC-16870,43055,111.10,8.33,OFF-AR-10001615,Newark
3153,CA-2015-147830,2015-12-18,First Class,NF-18385,43055,101.99,-17.00,TEC-PH-10004908,Newark
7107,CA-2017-128944,2017-06-21,Second Class,KH-16330,43055,122.33,1.53,TEC-AC-10001553,Newark
3154,CA-2015-147830,2015-12-18,First Class,NF-18385,43055,262.86,69.00,FUR-FU-10004091,Newark
2570,CA-2017-134404,2017-12-27,Same Day,DR-12880,43055,164.39,-35.62,TEC-PH-10000576,Newark
3611,CA-2014-140228,2014-05-03,Standard Class,GB-14530,43055,177.57,-37.73,OFF-ST-10001128,Newark
9560,CA-2016-129280,2016-05-05,First Class,SM-20905,43055,195.64,-44.02,OFF-ST-10002554,Newark
9563,CA-2016-129280,2016-05-05,First Class,SM-20905,43055,224.94,-164.95,TEC-MA-10003589,Newark
178,US-2015-101511,2015-11-23,Second Class,JE-15745,43055,396.80,-11.34,FUR-CH-10004698,Newark
1866,US-2017-116659,2017-11-12,Same Day,NG-18355,43055,370.78,-92.70,TEC-PH-10002824,Newark
9562,CA-2016-129280,2016-05-05,First Class,SM-20905,43055,431.98,-75.60,TEC-AC-10002637,Newark
7105,CA-2017-128944,2017-06-21,Second Class,KH-16330,43055,760.12,-43.44,FUR-CH-10000785,Newark
3151,CA-2015-147830,2015-12-18,First Class,NF-18385,43055,2025.36,607.61,TEC-AC-10002049,Newark
3152,CA-2015-147830,2015-12-18,First Class,NF-18385,43055,1799.99,-2639.99,TEC-MA-10000418,Newark
1437,CA-2017-106852,2017-06-27,Standard Class,ST-20530,44134,5.25,0.59,OFF-AR-10003829,Parma
4899,US-2014-122021,2014-10-17,First Class,AC-10660,44134,7.97,2.89,OFF-PA-10002230,Parma
6113,CA-2016-124590,2016-11-16,Standard Class,SP-20920,44134,16.75,5.44,OFF-FA-10000585,Parma
1436,CA-2017-106852,2017-06-27,Standard Class,ST-20530,44134,31.10,10.89,OFF-PA-10001639,Parma
9875,CA-2016-166653,2016-09-24,Second Class,NP-18685,44134,63.97,19.99,OFF-EN-10003055,Parma
6112,CA-2016-124590,2016-11-16,Standard Class,SP-20920,44134,110.10,33.03,OFF-AP-10002311,Parma
4898,US-2014-122021,2014-10-17,First Class,AC-10660,44134,183.37,-7.86,FUR-CH-10003761,Parma
6115,CA-2016-124590,2016-11-16,Standard Class,SP-20920,44134,449.37,-12.84,FUR-CH-10003746,Parma
6111,CA-2016-124590,2016-11-16,Standard Class,SP-20920,44134,1474.80,-21.07,FUR-CH-10004495,Parma
6114,CA-2016-124590,2016-11-16,Standard Class,SP-20920,44134,1537.07,0.00,FUR-CH-10000454,Parma
3640,CA-2016-145177,2016-11-14,Standard Class,PP-18955,45503,4.62,1.68,OFF-PA-10000682,Springfield
8274,CA-2015-104059,2015-06-15,Second Class,FC-14245,45503,3.42,0.30,OFF-AR-10000634,Springfield
2958,CA-2017-168900,2017-05-09,Standard Class,SH-20395,45503,2.31,-1.93,OFF-BI-10003910,Springfield
3634,CA-2016-145177,2016-11-14,Standard Class,PP-18955,45503,9.22,3.34,OFF-LA-10001613,Springfield
2775,CA-2017-143455,2017-11-18,Standard Class,ML-17755,45503,10.37,3.63,OFF-PA-10004451,Springfield
5804,US-2017-106796,2017-05-19,Standard Class,JP-16135,45503,10.27,1.16,OFF-AR-10003504,Springfield
7734,CA-2016-165673,2016-05-19,Second Class,MN-17935,45503,15.23,5.52,OFF-PA-10000697,Springfield
1026,CA-2016-126529,2016-01-13,Second Class,DE-13255,45503,15.55,5.44,OFF-PA-10001166,Springfield
3637,CA-2016-145177,2016-11-14,Standard Class,PP-18955,45503,22.25,7.51,OFF-PA-10001776,Springfield
900,US-2016-114622,2016-04-12,First Class,JR-16210,45503,8.90,-6.53,OFF-BI-10004716,Springfield
2630,US-2017-165344,2017-11-15,First Class,SB-20290,45503,11.22,-7.48,OFF-BI-10003196,Springfield
7008,CA-2015-154823,2015-08-25,Standard Class,KN-16390,45503,12.83,-8.98,OFF-BI-10001098,Springfield
1028,CA-2016-126529,2016-01-13,Second Class,DE-13255,45503,15.59,-9.87,TEC-PH-10000148,Springfield
6886,CA-2017-123036,2017-09-17,Standard Class,HA-14905,45503,37.06,8.80,TEC-AC-10003499,Springfield
7010,CA-2015-154823,2015-08-25,Standard Class,KN-16390,45503,25.98,-3.90,FUR-FU-10000193,Springfield
4395,CA-2014-142965,2014-07-20,Same Day,SW-20245,45503,25.98,-5.20,OFF-ST-10002583,Springfield
1027,CA-2016-126529,2016-01-13,Second Class,DE-13255,45503,63.31,20.58,OFF-PA-10003656,Springfield
4396,CA-2014-142965,2014-07-20,Same Day,SW-20245,45503,27.36,-21.89,OFF-BI-10000977,Springfield
2628,US-2017-165344,2017-11-15,First Class,SB-20290,45503,60.86,9.13,TEC-AC-10002399,Springfield
3635,CA-2016-145177,2016-11-14,Standard Class,PP-18955,45503,41.96,-9.79,TEC-PH-10000376,Springfield
3636,CA-2016-145177,2016-11-14,Standard Class,PP-18955,45503,89.57,32.47,OFF-PA-10004039,Springfield
9696,US-2016-151260,2016-12-14,First Class,SC-20695,45503,73.54,9.19,OFF-AP-10002892,Springfield
3642,CA-2016-145177,2016-11-14,Standard Class,PP-18955,45503,69.89,-46.59,OFF-BI-10002082,Springfield
3639,CA-2016-145177,2016-11-14,Standard Class,PP-18955,45503,148.29,29.66,FUR-FU-10000758,Springfield
8399,CA-2017-120061,2017-11-07,Second Class,SR-20425,45503,155.37,-35.51,FUR-CH-10001973,Springfield
6383,CA-2016-127236,2016-04-02,Standard Class,TB-21595,45503,158.38,-36.95,TEC-PH-10000141,Springfield
3641,CA-2016-145177,2016-11-14,Standard Class,PP-18955,45503,178.92,-29.07,TEC-AC-10002550,Springfield
3638,CA-2016-145177,2016-11-14,Standard Class,PP-18955,45503,334.88,29.30,OFF-AP-10002457,Springfield
6887,CA-2017-123036,2017-09-17,Standard Class,HA-14905,45503,259.90,-56.31,TEC-PH-10003580,Springfield
9090,CA-2016-131093,2016-09-20,Second Class,TS-21610,45503,295.40,-62.77,OFF-ST-10002790,Springfield
6382,CA-2016-127236,2016-04-02,Standard Class,TB-21595,45503,299.98,-167.99,FUR-BO-10004015,Springfield
9900,US-2014-117380,2014-04-03,Standard Class,MP-18175,45503,330.59,-143.25,FUR-TA-10000198,Springfield
7009,CA-2015-154823,2015-08-25,Standard Class,KN-16390,45503,598.46,-42.75,FUR-CH-10003379,Springfield
9834,CA-2017-130302,2017-09-19,Standard Class,CY-12745,45503,895.94,190.39,TEC-AC-10002001,Springfield
543,US-2015-120161,2015-12-23,Standard Class,LM-17065,45503,646.78,-145.52,OFF-ST-10001809,Springfield
2629,US-2017-165344,2017-11-15,First Class,SB-20290,45503,653.00,-935.96,TEC-MA-10002210,Springfield
1066,CA-2015-161263,2015-04-21,Standard Class,TS-21160,43615,1.45,0.24,OFF-FA-10003059,Toledo
2728,CA-2017-119193,2017-12-24,First Class,SK-19990,43615,1.64,-1.31,OFF-BI-10000848,Toledo
1064,CA-2015-161263,2015-04-21,Standard Class,TS-21160,43615,7.87,1.28,OFF-AR-10004757,Toledo
9800,CA-2015-128608,2015-01-17,Standard Class,CS-12490,43615,10.38,2.21,TEC-AC-10000487,Toledo
8755,CA-2017-152198,2017-09-10,First Class,JD-16015,43615,4.86,-3.56,OFF-BI-10003669,Toledo
9797,CA-2015-128608,2015-01-17,Standard Class,CS-12490,43615,10.37,1.56,OFF-AR-10001374,Toledo
932,CA-2017-144932,2017-04-17,First Class,AB-10165,43615,13.87,5.03,OFF-PA-10004971,Toledo
3702,CA-2016-126543,2016-01-13,Second Class,MF-17665,43615,15.17,3.79,FUR-FU-10002445,Toledo
8756,CA-2017-152198,2017-09-10,First Class,JD-16015,43615,6.26,-5.21,OFF-BI-10001628,Toledo
8754,CA-2017-152198,2017-09-10,First Class,JD-16015,43615,17.71,5.98,OFF-LA-10000443,Toledo
930,CA-2017-144932,2017-04-17,First Class,AB-10165,43615,14.59,2.55,OFF-AR-10003560,Toledo
1063,CA-2015-161263,2015-04-21,Standard Class,TS-21160,43615,10.42,-2.21,OFF-FA-10004838,Toledo
2288,US-2017-112928,2017-06-05,Second Class,BB-10990,43615,17.48,1.31,OFF-AP-10002287,Toledo
2868,CA-2016-115588,2016-11-12,Second Class,AF-10885,43615,14.72,-3.31,OFF-SU-10001225,Toledo
9799,CA-2015-128608,2015-01-17,Standard Class,CS-12490,43615,26.38,2.64,TEC-PH-10000912,Toledo
5016,CA-2014-153850,2014-11-29,Standard Class,TH-21100,43615,35.17,9.67,FUR-FU-10002960,Toledo
3595,CA-2016-164154,2016-09-17,Standard Class,NZ-18565,43615,37.52,3.75,OFF-ST-10002562,Toledo
3594,CA-2016-164154,2016-09-17,Standard Class,NZ-18565,43615,22.43,-17.94,OFF-BI-10001658,Toledo
1062,CA-2015-161263,2015-04-21,Standard Class,TS-21160,43615,45.22,4.52,OFF-AP-10002350,Toledo
2869,CA-2016-115588,2016-11-12,Second Class,AF-10885,43615,38.98,-2.44,OFF-ST-10001558,Toledo
931,CA-2017-144932,2017-04-17,First Class,AB-10165,43615,89.86,21.34,OFF-AR-10001468,Toledo
1067,CA-2015-161263,2015-04-21,Standard Class,TS-21160,43615,55.47,-46.23,OFF-BI-10004330,Toledo
3900,CA-2017-157980,2017-12-09,First Class,SH-20395,43615,127.98,25.60,TEC-AC-10002567,Toledo
9801,CA-2015-128608,2015-01-17,Standard Class,CS-12490,43615,107.12,-21.42,TEC-PH-10002262,Toledo
1065,CA-2015-161263,2015-04-21,Standard Class,TS-21160,43615,118.78,-27.72,TEC-PH-10002115,Toledo
3010,CA-2016-115525,2016-07-29,Standard Class,RR-19525,43615,243.88,27.44,OFF-AP-10000026,Toledo
7410,CA-2014-121769,2014-04-12,Standard Class,JS-15880,43615,172.11,-94.66,FUR-TA-10004442,Toledo
9798,CA-2015-128608,2015-01-17,Standard Class,CS-12490,43615,235.19,-43.12,TEC-PH-10004977,Toledo
9022,CA-2015-129525,2015-11-20,Standard Class,VP-21760,43615,166.92,-116.84,OFF-BI-10002133,Toledo
2729,CA-2017-119193,2017-12-24,First Class,SK-19990,43615,629.96,94.49,TEC-PH-10003072,Toledo
3070,US-2017-120089,2017-11-30,Same Day,ML-17755,43615,663.94,82.99,OFF-AP-10003779,Toledo
5017,CA-2014-153850,2014-11-29,Standard Class,TH-21100,43615,1502.38,-250.40,TEC-PH-10002584,Toledo
3673,CA-2016-104969,2016-04-14,Standard Class,EH-14125,45373,8.87,3.22,OFF-EN-10002312,Troy
9092,CA-2015-162950,2015-07-03,Second Class,DW-13585,45373,15.55,5.44,OFF-PA-10003177,Troy
9345,CA-2017-109085,2017-02-20,First Class,CK-12325,45373,5.71,-4.76,OFF-BI-10001525,Troy
8293,CA-2015-106362,2015-12-15,Standard Class,LC-16885,45373,10.33,-7.58,OFF-BI-10003166,Troy
8568,US-2016-136581,2016-11-12,First Class,SV-20365,45373,31.10,10.89,OFF-PA-10002787,Troy
9347,CA-2017-109085,2017-02-20,First Class,CK-12325,45373,30.14,8.29,FUR-FU-10004973,Troy
6841,CA-2015-166338,2015-12-07,First Class,MP-18175,45373,14.83,-10.38,OFF-BI-10002852,Troy
2785,CA-2016-116974,2016-10-15,Standard Class,MP-17965,45373,23.98,-15.58,TEC-PH-10004897,Troy
9346,CA-2017-109085,2017-02-20,First Class,CK-12325,45373,57.59,-11.52,TEC-PH-10000526,Troy
3674,CA-2016-104969,2016-04-14,Standard Class,EH-14125,45373,121.10,-100.92,OFF-BI-10004224,Troy
9344,CA-2017-109085,2017-02-20,First Class,CK-12325,45373,455.97,-106.39,FUR-TA-10001086,Troy
9093,CA-2015-162950,2015-07-03,Second Class,DW-13585,45373,482.94,-376.69,FUR-BO-10001918,Troy
9348,CA-2017-109085,2017-02-20,First Class,CK-12325,45373,899.43,-12.85,FUR-CH-10003981,Troy
3045,CA-2015-135174,2015-05-02,Second Class,BP-11230,45373,1022.97,-255.74,TEC-PH-10001530,Troy
1527,CA-2016-122392,2016-07-27,Standard Class,CJ-12010,18103,4.16,0.36,OFF-AR-10002221,Allentown
9188,US-2015-130512,2015-08-25,Standard Class,SM-20320,18103,3.49,-0.70,OFF-SU-10001935,Allentown
1528,CA-2016-122392,2016-07-27,Standard Class,CJ-12010,18103,11.65,3.35,FUR-FU-10002456,Allentown
9189,US-2015-130512,2015-08-25,Standard Class,SM-20320,18103,21.73,3.80,TEC-AC-10000290,Allentown
9192,US-2015-130512,2015-08-25,Standard Class,SM-20320,18103,49.57,15.49,OFF-PA-10003625,Allentown
9191,US-2015-130512,2015-08-25,Standard Class,SM-20320,18103,99.59,-82.99,OFF-BI-10004519,Allentown
9190,US-2015-130512,2015-08-25,Standard Class,SM-20320,18103,663.07,-165.77,OFF-ST-10002574,Allentown
3792,CA-2015-111325,2015-02-28,First Class,BT-11395,16602,4.42,-3.39,OFF-BI-10000343,Altoona
3793,CA-2015-111325,2015-02-28,First Class,BT-11395,16602,16.03,2.20,OFF-AR-10002257,Altoona
8634,CA-2016-107783,2016-07-29,First Class,OT-18730,18018,9.48,0.71,OFF-AP-10004052,Bethlehem
5256,CA-2015-125185,2015-03-07,Second Class,AH-10195,18018,33.57,-5.45,FUR-FU-10003247,Bethlehem
5255,CA-2015-125185,2015-03-07,Second Class,AH-10195,18018,99.37,-7.10,FUR-CH-10002647,Bethlehem
8632,CA-2016-107783,2016-07-29,First Class,OT-18730,18018,177.45,-78.08,FUR-BO-10004409,Bethlehem
8633,CA-2016-107783,2016-07-29,First Class,OT-18730,18018,1369.76,-913.18,OFF-BI-10000545,Bethlehem
699,CA-2015-119291,2015-05-17,First Class,JO-15550,19013,2.70,0.81,OFF-AR-10001118,Chester
1254,CA-2017-144638,2017-03-14,Standard Class,MH-18115,19013,5.25,0.59,OFF-AR-10003958,Chester
1256,CA-2017-144638,2017-03-14,Standard Class,MH-18115,19013,6.70,0.50,FUR-FU-10003724,Chester
701,CA-2015-119291,2015-05-17,First Class,JO-15550,19013,4.90,-3.43,OFF-BI-10001982,Chester
7086,CA-2017-112004,2017-09-28,First Class,AH-10075,19013,8.60,-6.30,OFF-BI-10003476,Chester
696,CA-2015-119291,2015-05-17,First Class,JO-15550,19013,47.36,17.76,OFF-LA-10002312,Chester
700,CA-2015-119291,2015-05-17,First Class,JO-15550,19013,18.59,-13.63,OFF-BI-10001575,Chester
1257,CA-2017-144638,2017-03-14,Standard Class,MH-18115,19013,43.87,11.52,FUR-FU-10003535,Chester
1255,CA-2017-144638,2017-03-14,Standard Class,MH-18115,19013,35.91,-8.38,TEC-PH-10000149,Chester
698,CA-2015-119291,2015-05-17,First Class,JO-15550,19013,97.70,31.75,OFF-LA-10003510,Chester
4022,CA-2014-154963,2014-06-27,Standard Class,AA-10645,19013,82.78,-15.18,TEC-PH-10004093,Chester
697,CA-2015-119291,2015-05-17,First Class,JO-15550,19013,200.98,62.81,OFF-EN-10000927,Chester
4021,CA-2014-154963,2014-06-27,Standard Class,AA-10645,19013,170.06,-4.86,FUR-CH-10004698,Chester
695,CA-2015-119291,2015-05-17,First Class,JO-15550,19013,198.27,17.35,OFF-AR-10003373,Chester
7087,CA-2017-112004,2017-09-28,First Class,AH-10075,19013,190.90,-42.95,OFF-SU-10000157,Chester
4023,CA-2014-154963,2014-06-27,Standard Class,AA-10645,19013,853.93,0.00,FUR-CH-10000454,Chester
4689,US-2017-154851,2017-04-03,Standard Class,BP-11155,17602,5.71,-4.76,OFF-BI-10001525,Lancaster
2205,CA-2015-128860,2015-07-05,Standard Class,SC-20725,17602,20.10,1.76,FUR-FU-10001473,Lancaster
7332,CA-2017-115119,2017-10-30,Standard Class,SC-20440,17602,61.54,-13.33,TEC-PH-10001433,Lancaster
869,CA-2014-136742,2014-04-10,Standard Class,GP-14740,17602,44.91,-35.93,OFF-BI-10003719,Lancaster
4870,CA-2017-131366,2017-11-29,Standard Class,SC-20440,17602,89.99,-15.00,TEC-PH-10003437,Lancaster
4871,CA-2017-131366,2017-11-29,Standard Class,SC-20440,17602,229.54,83.21,OFF-PA-10000675,Lancaster
7333,CA-2017-115119,2017-10-30,Standard Class,SC-20440,17602,81.44,-65.15,OFF-BI-10003007,Lancaster
7562,CA-2016-105746,2016-12-31,First Class,BD-11605,17602,170.79,0.00,FUR-CH-10000454,Lancaster
9720,CA-2017-166835,2017-11-14,Second Class,DK-13375,17602,221.02,-55.26,OFF-ST-10002574,Lancaster
3991,CA-2014-137589,2014-11-08,Standard Class,MS-17770,17602,286.34,-64.43,OFF-SU-10000157,Lancaster
3214,CA-2016-132409,2016-05-31,Standard Class,TH-21235,19134,1.50,0.17,OFF-AR-10001919,Philadelphia
4712,CA-2014-112403,2014-03-31,Same Day,JO-15280,19120,0.85,-0.60,OFF-BI-10003529,Philadelphia
31,US-2015-150630,2015-09-21,Standard Class,TB-21520,19140,3.26,1.10,OFF-EN-10001509,Philadelphia
1686,CA-2017-149489,2017-04-27,First Class,DK-12835,19143,1.19,-0.99,OFF-BI-10002813,Philadelphia
388,CA-2015-122756,2015-12-07,Standard Class,DK-13225,19140,2.96,0.78,FUR-FU-10001935,Philadelphia
3596,CA-2017-148012,2017-12-15,Standard Class,KM-16225,19143,2.62,0.43,OFF-AR-10004757,Philadelphia
5116,CA-2017-125640,2017-07-29,Standard Class,DD-13570,19134,3.30,1.07,OFF-LA-10004178,Philadelphia
9946,CA-2014-111157,2014-03-06,Standard Class,NH-18610,19120,3.42,1.07,OFF-PA-10000327,Philadelphia
5503,CA-2017-127782,2017-11-06,Standard Class,TH-21115,19140,3.31,0.66,FUR-FU-10001847,Philadelphia
4052,CA-2014-122931,2014-10-03,Standard Class,SM-20950,19134,4.22,1.48,OFF-AR-10003469,Philadelphia
1060,CA-2016-105284,2016-11-30,Standard Class,MG-17650,19143,4.42,1.60,OFF-FA-10001754,Philadelphia
1216,US-2017-118087,2017-09-13,Standard Class,SP-20620,19134,4.67,1.58,OFF-AR-10003602,Philadelphia
1726,CA-2015-127453,2015-12-20,First Class,JK-15370,19143,3.55,0.44,OFF-AP-10002906,Philadelphia
8704,CA-2015-133494,2015-03-05,Standard Class,RP-19390,19120,3.55,0.44,OFF-AP-10002906,Philadelphia
6377,CA-2016-163216,2016-10-10,First Class,AW-10930,19143,4.93,1.72,OFF-LA-10000134,Philadelphia
2071,CA-2016-146521,2016-07-23,Second Class,CC-12610,19134,1.94,-1.29,OFF-BI-10000301,Philadelphia
4154,CA-2017-100160,2017-09-11,Standard Class,CB-12025,19134,4.90,1.65,OFF-EN-10001509,Philadelphia
1490,CA-2014-136280,2014-12-06,Standard Class,Co-12640,19143,5.04,1.76,OFF-LA-10000452,Philadelphia
2998,CA-2014-138317,2014-06-25,Standard Class,NW-18400,19120,3.98,0.65,FUR-FU-10000550,Philadelphia
3304,US-2014-159926,2014-11-22,Standard Class,CS-11950,19140,1.94,-1.43,OFF-BI-10004656,Philadelphia
4757,CA-2017-169817,2017-09-25,Standard Class,EB-13870,19143,1.91,-1.53,OFF-BI-10004141,Philadelphia
817,CA-2016-149370,2016-09-19,Standard Class,DB-13210,19140,5.34,1.87,OFF-PA-10003651,Philadelphia
2200,CA-2015-135363,2015-04-02,Standard Class,CK-12205,19120,5.23,1.70,OFF-PA-10000533,Philadelphia
8444,US-2016-155173,2016-03-10,Standard Class,JB-16045,19120,2.04,-1.50,OFF-BI-10002982,Philadelphia
7178,CA-2017-133067,2017-05-10,Standard Class,MY-18295,19140,2.20,-1.54,OFF-BI-10002897,Philadelphia
2411,CA-2014-162684,2014-08-06,Standard Class,AS-10630,19120,5.68,1.92,OFF-FA-10000992,Philadelphia
3932,CA-2016-132094,2016-09-02,Standard Class,VG-21805,19140,5.47,1.64,OFF-AR-10004165,Philadelphia
1648,CA-2015-105221,2015-11-03,First Class,VM-21685,19140,3.17,-0.71,OFF-FA-10001135,Philadelphia
9736,CA-2014-128062,2014-11-22,Second Class,AD-10180,19134,5.88,1.98,OFF-PA-10001583,Philadelphia
9432,CA-2015-111864,2015-06-19,Same Day,PP-18955,19134,5.90,1.99,OFF-LA-10004677,Philadelphia
1024,CA-2015-167269,2015-06-20,Standard Class,PB-19150,19134,6.21,2.17,OFF-EN-10003072,Philadelphia
5868,CA-2016-158211,2016-01-08,Standard Class,BP-11185,19143,4.67,0.58,OFF-AR-10004078,Philadelphia
1449,US-2014-112564,2014-04-24,First Class,TS-21160,19134,2.50,-1.75,OFF-BI-10004876,Philadelphia
1052,US-2015-153500,2015-07-05,First Class,DG-13300,19134,6.72,2.44,OFF-PA-10001307,Philadelphia
8590,CA-2017-145338,2017-01-31,First Class,BD-11770,19120,4.77,0.48,OFF-AR-10002053,Philadelphia
5089,CA-2015-109001,2015-03-09,Standard Class,KN-16390,19120,2.56,-1.79,OFF-BI-10003529,Philadelphia
8826,CA-2015-115399,2015-12-22,First Class,AG-10900,19134,6.91,2.51,OFF-LA-10003190,Philadelphia
6353,US-2015-161347,2015-09-19,Standard Class,HG-14845,19120,2.41,-2.01,OFF-BI-10004209,Philadelphia
2050,CA-2015-142237,2015-07-13,First Class,CK-12595,19134,2.50,-2.00,OFF-BI-10004022,Philadelphia
8054,CA-2017-152205,2017-10-05,Standard Class,SF-20965,19134,2.65,-1.86,OFF-BI-10004094,Philadelphia
7974,US-2015-126753,2015-08-20,Standard Class,SP-20860,19134,2.72,-1.91,OFF-BI-10003981,Philadelphia
9548,CA-2016-131744,2016-06-20,Second Class,SC-20770,19134,6.85,2.14,OFF-PA-10004610,Philadelphia
1135,US-2016-134908,2016-06-09,Standard Class,JS-15940,19134,7.56,2.65,OFF-LA-10000973,Philadelphia
9437,CA-2015-160787,2015-09-25,Same Day,BM-11785,19143,2.95,-2.06,OFF-BI-10003712,Philadelphia
4659,CA-2015-112130,2015-05-07,Standard Class,SV-20785,19140,7.97,2.89,OFF-PA-10002230,Philadelphia
5861,CA-2015-157434,2015-05-04,Second Class,JK-15640,19120,7.97,2.89,OFF-PA-10001526,Philadelphia
602,US-2016-100720,2016-07-21,Standard Class,CK-12205,19120,5.84,0.73,OFF-SU-10001574,Philadelphia
8356,CA-2017-132199,2017-05-08,Standard Class,BO-11350,19134,8.00,2.80,OFF-FA-10002280,Philadelphia
199,US-2017-124303,2017-07-13,Standard Class,FH-14365,19120,2.95,-2.26,OFF-BI-10000343,Philadelphia
3910,CA-2015-167010,2015-04-10,Standard Class,VT-21700,19143,7.58,2.37,FUR-FU-10001037,Philadelphia
9673,CA-2016-114867,2016-12-28,Standard Class,FM-14290,19143,7.97,2.69,OFF-PA-10000477,Philadelphia
1214,US-2017-118087,2017-09-13,Standard Class,SP-20620,19134,3.04,-2.33,OFF-BI-10002432,Philadelphia
819,CA-2014-140858,2014-07-02,Standard Class,CA-12775,19140,3.17,-2.43,OFF-BI-10003094,Philadelphia
9410,US-2017-110149,2017-12-13,First Class,WB-21850,19143,3.27,-2.51,OFF-BI-10000014,Philadelphia
613,CA-2016-121223,2016-09-13,Second Class,GD-14590,19143,8.45,2.64,OFF-PA-10001204,Philadelphia
4011,CA-2017-100811,2017-11-24,First Class,CC-12475,19143,8.45,2.64,OFF-PA-10001204,Philadelphia
1557,CA-2016-109176,2016-05-15,Standard Class,JW-16075,19140,9.34,3.50,OFF-EN-10003134,Philadelphia
608,US-2014-105767,2014-05-27,Standard Class,AR-10510,19134,3.28,-2.63,OFF-BI-10000848,Philadelphia
5505,CA-2017-127782,2017-11-06,Standard Class,TH-21115,19140,8.86,2.88,OFF-EN-10003845,Philadelphia
5456,CA-2017-160962,2017-05-02,Standard Class,MC-17605,19143,6.85,0.77,OFF-AR-10003056,Philadelphia
9583,CA-2016-107475,2016-06-11,Standard Class,RS-19870,19120,9.65,3.50,OFF-FA-10002988,Philadelphia
1743,CA-2017-152807,2017-11-03,Standard Class,MC-18100,19140,7.17,0.99,FUR-FU-10004415,Philadelphia
3459,CA-2017-136448,2017-09-18,First Class,AS-10090,19143,3.44,-2.76,OFF-BI-10002393,Philadelphia
9405,CA-2017-141663,2017-04-17,Standard Class,DP-13105,19134,7.92,1.68,OFF-FA-10004076,Philadelphia
1472,US-2015-161466,2015-09-27,Second Class,ON-18715,19120,6.85,0.60,OFF-AR-10000634,Philadelphia
4686,CA-2016-159912,2016-09-03,Standard Class,GB-14530,19120,3.49,-2.79,OFF-BI-10002071,Philadelphia
7471,CA-2015-100734,2015-09-20,Standard Class,AC-10615,19143,3.58,-2.86,OFF-BI-10002609,Philadelphia
6810,CA-2017-156237,2017-09-15,First Class,PS-18760,19140,3.88,-2.59,OFF-BI-10000301,Philadelphia
7976,US-2015-126753,2015-08-20,Standard Class,SP-20860,19134,3.76,-2.76,OFF-BI-10003727,Philadelphia
1688,CA-2017-143798,2017-12-12,First Class,AW-10840,19140,10.37,3.63,OFF-PA-10000788,Philadelphia
6428,CA-2016-143714,2016-05-27,Standard Class,CC-12370,19120,10.37,3.63,OFF-PA-10000029,Philadelphia
7973,US-2015-126753,2015-08-20,Standard Class,SP-20860,19134,10.37,3.63,OFF-PA-10002787,Philadelphia
9964,CA-2015-143700,2015-07-26,Same Day,AS-10240,19140,10.37,3.63,OFF-PA-10003072,Philadelphia
6524,CA-2016-129308,2016-07-13,Standard Class,CC-12100,19120,10.08,3.28,OFF-LA-10002945,Philadelphia
5112,CA-2014-138450,2014-10-22,Standard Class,EH-13765,19134,10.05,3.14,OFF-PA-10003016,Philadelphia
8690,CA-2014-101427,2014-12-30,Standard Class,AY-10555,19140,8.02,1.10,OFF-AR-10002257,Philadelphia
3965,CA-2016-120257,2016-09-28,Standard Class,PW-19240,19140,7.87,0.89,OFF-AR-10003481,Philadelphia
8539,CA-2015-157343,2015-06-11,Standard Class,HD-14785,19143,8.02,1.00,OFF-AR-10003183,Philadelphia
7977,US-2015-126753,2015-08-20,Standard Class,SP-20860,19134,10.27,3.21,OFF-PA-10000130,Philadelphia
1564,CA-2015-158554,2015-11-09,Same Day,CM-12190,19134,11.35,4.12,OFF-PA-10004000,Philadelphia
4235,CA-2014-168823,2014-09-24,First Class,MA-17560,19143,11.35,4.12,OFF-PA-10004000,Philadelphia
7593,CA-2016-158778,2016-09-09,Standard Class,DB-13210,19134,7.87,0.59,OFF-AR-10000896,Philadelphia
6418,CA-2016-111976,2016-03-12,Standard Class,BD-11620,19120,5.98,-1.35,OFF-FA-10004968,Philadelphia
277,CA-2017-132976,2017-10-17,Standard Class,AG-10495,19140,11.65,4.08,OFF-PA-10000673,Philadelphia
5455,CA-2017-160962,2017-05-02,Standard Class,MC-17605,19143,8.38,0.73,OFF-ST-10001325,Philadelphia
7045,US-2017-165358,2017-07-23,Standard Class,SV-20365,19134,9.18,1.15,OFF-SU-10004768,Philadelphia
933,CA-2017-114216,2017-09-06,Standard Class,RK-19300,19140,12.19,4.11,OFF-PA-10002195,Philadelphia
1215,US-2017-118087,2017-09-13,Standard Class,SP-20620,19134,4.50,-3.60,OFF-BI-10000069,Philadelphia
7791,CA-2017-160801,2017-09-19,Same Day,FG-14260,19120,4.84,-3.39,OFF-BI-10001132,Philadelphia
2766,CA-2017-165757,2017-06-28,Standard Class,PL-18925,19140,8.93,0.67,OFF-ST-10004835,Philadelphia
334,US-2016-150147,2016-04-29,Second Class,JL-15850,19134,4.90,-3.43,OFF-BI-10001982,Philadelphia
9549,CA-2016-131744,2016-06-20,Second Class,SC-20770,19134,4.63,-3.86,OFF-BI-10003910,Philadelphia
5250,CA-2015-106215,2015-04-21,Standard Class,BN-11470,19143,12.58,4.09,OFF-FA-10001229,Philadelphia
3602,CA-2014-159835,2014-11-24,Standard Class,RB-19330,19143,12.45,3.89,OFF-PA-10002137,Philadelphia
9071,CA-2017-147550,2017-12-05,First Class,KE-16420,19134,11.35,2.70,FUR-FU-10001918,Philadelphia
4238,CA-2017-104024,2017-09-03,Second Class,MD-17860,19134,9.41,0.71,OFF-AR-10001972,Philadelphia
8935,CA-2017-130036,2017-08-27,Same Day,BP-11185,19120,12.67,3.96,OFF-PA-10000528,Philadelphia
1992,CA-2017-111374,2017-02-28,Standard Class,CB-12415,19134,4.96,-3.80,OFF-BI-10004970,Philadelphia
5011,CA-2015-102876,2015-09-14,Standard Class,LR-17035,19134,4.92,-3.94,OFF-BI-10000848,Philadelphia
8739,US-2017-131961,2017-12-11,First Class,MJ-17740,19140,13.25,3.64,OFF-AR-10004441,Philadelphia
8810,US-2017-110646,2017-10-31,Standard Class,JF-15190,19134,14.76,4.98,OFF-LA-10001404,Philadelphia
2691,CA-2017-156412,2017-12-08,Standard Class,CM-12160,19134,5.35,-4.46,OFF-BI-10004364,Philadelphia
1803,CA-2017-158379,2017-09-26,Second Class,JA-15970,19134,5.61,-4.30,OFF-BI-10002498,Philadelphia
7365,CA-2016-127243,2016-12-04,Standard Class,DS-13180,19140,12.67,2.69,OFF-FA-10004076,Philadelphia
8139,CA-2016-102561,2016-07-22,Standard Class,NK-18490,19140,11.26,1.27,OFF-AR-10001545,Philadelphia
879,US-2014-158638,2014-09-21,Standard Class,AG-10765,19120,5.89,-4.12,OFF-BI-10003712,Philadelphia
926,CA-2014-132962,2014-09-16,First Class,JM-15535,19143,15.55,5.44,OFF-PA-10003543,Philadelphia
936,CA-2016-140081,2016-06-24,Standard Class,CG-12040,19120,15.55,5.44,OFF-PA-10001870,Philadelphia
951,US-2017-110576,2017-12-02,Standard Class,RB-19795,19120,15.55,5.44,OFF-PA-10000788,Philadelphia
2199,CA-2015-135363,2015-04-02,Standard Class,CK-12205,19120,15.55,5.44,OFF-PA-10003177,Philadelphia
3597,CA-2014-102869,2014-09-14,Second Class,LC-17140,19140,15.55,5.44,OFF-PA-10000788,Philadelphia
4153,CA-2017-100160,2017-09-11,Standard Class,CB-12025,19134,15.55,5.44,OFF-PA-10003072,Philadelphia
5931,US-2017-169551,2017-07-09,First Class,RL-19615,19120,15.55,5.44,OFF-PA-10004100,Philadelphia
5520,CA-2017-117667,2017-12-09,Standard Class,MS-17980,19134,13.39,3.18,OFF-AR-10000716,Philadelphia
200,US-2017-124303,2017-07-13,Standard Class,FH-14365,19120,16.06,5.82,OFF-PA-10002749,Philadelphia
2053,CA-2015-142237,2015-07-13,First Class,CK-12595,19134,11.12,0.83,OFF-AR-10003732,Philadelphia
2920,CA-2016-160129,2016-11-23,Same Day,LS-17200,19140,14.37,3.95,FUR-FU-10002088,Philadelphia
6526,CA-2016-129308,2016-07-13,Standard Class,CC-12100,19120,5.71,-4.76,OFF-BI-10001525,Philadelphia
6427,CA-2016-143714,2016-05-27,Standard Class,CC-12370,19120,6.29,-4.20,OFF-BI-10004308,Philadelphia
8050,CA-2014-144974,2014-09-30,Standard Class,CM-12715,19140,5.97,-4.58,OFF-BI-10003274,Philadelphia
599,CA-2016-120180,2016-07-16,First Class,TP-21130,19134,11.63,1.02,OFF-SU-10004115,Philadelphia
5876,CA-2015-130554,2015-04-09,First Class,FM-14290,19140,11.74,1.03,OFF-AR-10001954,Philadelphia
868,CA-2016-134362,2016-10-02,First Class,LS-16945,19140,15.94,5.18,OFF-LA-10004853,Philadelphia
9278,CA-2017-122539,2017-12-05,Standard Class,SC-20305,19140,15.94,5.18,OFF-LA-10004853,Philadelphia
1318,CA-2017-157651,2017-12-14,Standard Class,HA-14920,19120,14.20,3.37,TEC-AC-10003116,Philadelphia
3613,CA-2015-110093,2015-12-08,Standard Class,AB-10255,19134,16.45,5.55,OFF-PA-10000174,Philadelphia
7354,CA-2016-151974,2016-09-29,Standard Class,RD-19660,19134,16.52,5.37,OFF-LA-10004484,Philadelphia
2051,CA-2015-142237,2015-07-13,First Class,CK-12595,19134,6.48,-4.75,OFF-BI-10003669,Philadelphia
2145,CA-2016-155481,2016-09-05,Standard Class,DK-13225,19140,16.69,5.42,OFF-FA-10002780,Philadelphia
5088,CA-2015-109001,2015-03-09,Standard Class,KN-16390,19120,10.31,-1.29,TEC-AC-10001101,Philadelphia
7103,CA-2014-117478,2014-09-24,First Class,LH-16750,19140,6.57,-5.04,OFF-BI-10000050,Philadelphia
6071,CA-2017-167542,2017-08-20,Standard Class,KD-16495,19120,17.54,5.92,OFF-LA-10004093,Philadelphia
5105,CA-2015-167374,2015-03-30,Second Class,GM-14500,19140,16.78,5.03,TEC-AC-10004633,Philadelphia
8141,CA-2016-102561,2016-07-22,Standard Class,NK-18490,19140,18.50,6.70,OFF-PA-10004971,Philadelphia
7366,CA-2016-127243,2016-12-04,Standard Class,DS-13180,19140,6.89,-5.05,OFF-BI-10003166,Philadelphia
5934,US-2017-169551,2017-07-09,First Class,RL-19615,19120,16.78,4.82,TEC-AC-10002018,Philadelphia
4816,CA-2014-139598,2014-12-31,Standard Class,MG-17695,19134,18.26,6.16,OFF-PA-10004569,Philadelphia
34,US-2015-150630,2015-09-21,Standard Class,TB-21520,19140,15.76,3.55,OFF-AR-10001683,Philadelphia
278,CA-2017-132976,2017-10-17,Standard Class,AG-10495,19140,18.18,5.91,OFF-PA-10004470,Philadelphia
5933,US-2017-169551,2017-07-09,First Class,RL-19615,19120,13.39,1.00,OFF-ST-10004835,Philadelphia
3599,CA-2014-102869,2014-09-14,Second Class,LC-17140,19140,17.47,5.02,FUR-FU-10002456,Philadelphia
1405,US-2014-118486,2014-04-08,First Class,SD-20485,19143,10.30,-2.19,OFF-SU-10004498,Philadelphia
33,US-2015-150630,2015-09-21,Standard Class,TB-21520,19140,6.86,-5.71,OFF-BI-10001525,Philadelphia
2135,CA-2015-122210,2015-12-04,Standard Class,WB-21850,19134,10.58,-2.38,OFF-FA-10000053,Philadelphia
4687,CA-2016-159912,2016-09-03,Standard Class,GB-14530,19120,10.58,-2.38,OFF-FA-10000053,Philadelphia
6507,US-2016-128909,2016-10-11,Second Class,SP-20545,19143,19.14,5.98,OFF-PA-10001593,Philadelphia
1687,CA-2017-149489,2017-04-27,First Class,DK-12835,19143,7.52,-5.76,OFF-BI-10002414,Philadelphia
8482,CA-2016-138583,2016-05-28,Standard Class,DP-13390,19120,16.66,3.33,OFF-AR-10001860,Philadelphia
2919,CA-2016-160129,2016-11-23,Same Day,LS-17200,19140,15.80,2.37,OFF-FA-10002763,Philadelphia
3554,CA-2017-107832,2017-11-26,Second Class,FH-14275,19120,7.48,-5.98,OFF-BI-10001658,Philadelphia
1742,CA-2017-152807,2017-11-03,Standard Class,MC-18100,19140,20.74,7.26,OFF-PA-10004355,Philadelphia
2129,CA-2015-134859,2015-10-09,Standard Class,JK-16120,19134,20.74,7.26,OFF-PA-10001293,Philadelphia
2980,CA-2015-139850,2015-06-17,Standard Class,GB-14575,19134,20.74,7.26,OFF-PA-10003848,Philadelphia
3034,CA-2017-134173,2017-09-21,Standard Class,AB-10060,19143,20.74,7.26,OFF-PA-10004355,Philadelphia
6787,CA-2017-121293,2017-07-28,Second Class,JC-15775,19143,20.74,7.26,OFF-PA-10004100,Philadelphia
4676,CA-2017-139416,2017-03-29,Second Class,AG-10270,19120,15.01,1.50,FUR-FU-10003832,Philadelphia
9279,CA-2017-122539,2017-12-05,Standard Class,SC-20305,19140,8.00,-5.60,OFF-BI-10001759,Philadelphia
1744,CA-2017-152807,2017-11-03,Standard Class,MC-18100,19140,11.17,-2.51,OFF-ST-10002486,Philadelphia
9215,US-2017-120908,2017-10-02,First Class,BF-10975,19120,20.66,6.97,OFF-LA-10004677,Philadelphia
5496,CA-2015-113523,2015-09-08,Standard Class,SC-20440,19140,7.66,-6.12,OFF-BI-10001249,Philadelphia
4236,CA-2014-168823,2014-09-24,First Class,MA-17560,19143,20.81,7.02,OFF-LA-10004425,Philadelphia
5984,CA-2017-112984,2017-09-18,Second Class,EH-14185,19143,20.54,6.42,OFF-PA-10003657,Philadelphia
4055,CA-2014-122931,2014-10-03,Standard Class,SM-20950,19134,20.93,6.80,OFF-PA-10000533,Philadelphia
9119,CA-2017-153045,2017-01-24,Second Class,NS-18505,19140,21.70,7.05,OFF-PA-10003673,Philadelphia
1760,CA-2014-141817,2014-01-12,Standard Class,MB-18085,19143,19.54,4.88,OFF-AR-10003478,Philadelphia
8667,CA-2016-163951,2017-01-02,First Class,CJ-11875,19140,16.52,1.65,OFF-AR-10004269,Philadelphia
5521,CA-2017-117667,2017-12-09,Standard Class,MS-17980,19134,23.92,8.67,OFF-PA-10002709,Philadelphia
1218,US-2017-118087,2017-09-13,Standard Class,SP-20620,19134,17.02,1.70,FUR-FU-10001867,Philadelphia
4583,CA-2016-121993,2016-06-12,First Class,JB-16000,19140,23.62,7.97,OFF-LA-10003720,Philadelphia
6932,CA-2014-164182,2014-07-18,Standard Class,ST-20530,19140,13.49,-2.25,TEC-PH-10002070,Philadelphia
6066,CA-2015-119942,2015-04-07,First Class,TT-21070,19120,23.90,7.77,OFF-LA-10001569,Philadelphia
280,CA-2017-132976,2017-10-17,Standard Class,AG-10495,19140,24.84,8.69,OFF-LA-10002043,Philadelphia
4660,CA-2015-112130,2015-05-07,Standard Class,SV-20785,19140,18.20,2.05,OFF-AP-10003622,Philadelphia
9155,CA-2016-132990,2016-08-03,Second Class,KM-16660,19140,19.31,3.14,FUR-FU-10004864,Philadelphia
3002,CA-2014-138317,2014-06-25,Standard Class,NW-18400,19120,9.01,-7.20,OFF-BI-10000069,Philadelphia
1362,CA-2017-125199,2017-10-25,Standard Class,HM-14860,19120,23.68,7.40,OFF-PA-10004041,Philadelphia
3200,CA-2017-164000,2017-12-22,Standard Class,AH-10030,19134,18.70,2.34,OFF-AR-10003183,Philadelphia
8051,CA-2014-144974,2014-09-30,Standard Class,CM-12715,19140,21.18,4.77,FUR-FU-10001095,Philadelphia
5052,CA-2015-134922,2015-11-11,Standard Class,KB-16240,19140,24.40,7.93,OFF-EN-10000483,Philadelphia
2997,CA-2014-138317,2014-06-25,Standard Class,NW-18400,19120,24.90,8.40,OFF-EN-10001539,Philadelphia
5009,CA-2015-102876,2015-09-14,Standard Class,LR-17035,19134,9.52,-6.98,OFF-BI-10004781,Philadelphia
29,US-2015-150630,2015-09-21,Standard Class,TB-21520,19140,9.62,-7.05,OFF-BI-10000474,Philadelphia
341,CA-2014-122336,2014-04-17,Second Class,JD-15895,19140,17.86,1.12,OFF-AR-10000122,Philadelphia
3381,CA-2017-103156,2017-11-24,First Class,TD-20995,19120,24.05,7.21,FUR-FU-10000320,Philadelphia
8538,CA-2015-157343,2015-06-11,Standard Class,HD-14785,19143,25.92,9.07,OFF-PA-10000552,Philadelphia
3617,CA-2016-154536,2016-09-09,Standard Class,JC-15340,19120,9.55,-7.33,OFF-BI-10004410,Philadelphia
7179,CA-2017-133067,2017-05-10,Standard Class,MY-18295,19140,9.40,-7.52,OFF-BI-10003694,Philadelphia
7556,CA-2014-114181,2014-05-14,Second Class,AF-10885,19134,22.32,5.30,OFF-AR-10000716,Philadelphia
6783,CA-2017-121293,2017-07-28,Second Class,JC-15775,19143,20.10,3.01,FUR-FU-10000732,Philadelphia
4658,CA-2015-112130,2015-05-07,Standard Class,SV-20785,19140,23.70,6.52,OFF-AP-10003266,Philadelphia
6527,CA-2016-129308,2016-07-13,Standard Class,CC-12100,19120,9.42,-7.85,OFF-BI-10001308,Philadelphia
3906,CA-2015-167010,2015-04-10,Standard Class,VT-21700,19143,10.43,-6.95,OFF-BI-10002072,Philadelphia
952,US-2017-110576,2017-12-02,Standard Class,RB-19795,19120,25.34,7.92,OFF-PA-10002479,Philadelphia
953,CA-2017-131156,2017-04-07,Standard Class,KH-16360,19143,25.47,7.64,FUR-FU-10001940,Philadelphia
2764,CA-2017-165757,2017-06-28,Standard Class,PL-18925,19140,10.33,-7.58,OFF-BI-10003166,Philadelphia
3908,CA-2015-167010,2015-04-10,Standard Class,VT-21700,19143,14.85,-3.22,TEC-PH-10000347,Philadelphia
609,US-2014-105767,2014-05-27,Standard Class,AR-10510,19134,21.17,2.38,OFF-AR-10001246,Philadelphia
5504,CA-2017-127782,2017-11-06,Standard Class,TH-21115,19140,20.14,1.26,OFF-AP-10001962,Philadelphia
8586,US-2017-132927,2017-12-15,Standard Class,RD-19720,19134,11.09,-8.13,OFF-BI-10001116,Philadelphia
4152,CA-2017-100160,2017-09-11,Standard Class,CB-12025,19134,29.24,9.87,OFF-LA-10002475,Philadelphia
4264,CA-2017-110429,2017-11-08,Standard Class,DM-13015,19143,11.67,-7.78,OFF-BI-10000216,Philadelphia
974,CA-2014-115791,2014-01-18,Second Class,DL-13315,19134,30.07,10.15,OFF-LA-10001074,Philadelphia
1868,CA-2015-127110,2015-06-30,Standard Class,CH-12070,19143,31.10,10.89,OFF-PA-10003309,Philadelphia
3458,CA-2017-136448,2017-09-18,First Class,AS-10090,19143,22.51,2.25,FUR-FU-10003832,Philadelphia
4121,CA-2017-117394,2017-09-10,Standard Class,MM-17920,19120,19.04,-1.43,TEC-AC-10000199,Philadelphia
2143,CA-2016-155481,2016-09-05,Standard Class,DK-13225,19140,30.48,9.91,OFF-PA-10004675,Philadelphia
7264,CA-2017-156363,2017-10-28,Standard Class,ML-17395,19134,31.68,11.09,OFF-EN-10003068,Philadelphia
9698,CA-2016-122511,2016-03-11,Same Day,BT-11485,19140,30.34,9.48,FUR-FU-10001037,Philadelphia
1706,CA-2015-100545,2015-11-26,Standard Class,IM-15070,19120,11.61,-9.29,OFF-BI-10003638,Philadelphia
7145,US-2017-141558,2017-03-16,Standard Class,MH-17290,19140,12.29,-8.61,OFF-BI-10002794,Philadelphia
343,CA-2014-122336,2014-04-17,Second Class,JD-15895,19140,30.99,10.07,OFF-FA-10002780,Philadelphia
6060,CA-2014-138072,2015-01-03,Standard Class,GA-14725,19120,27.97,6.99,TEC-AC-10004859,Philadelphia
8123,CA-2014-138128,2014-12-15,Standard Class,FP-14320,19134,30.67,9.59,OFF-EN-10002500,Philadelphia
4582,CA-2016-120250,2016-09-22,First Class,AP-10720,19140,25.63,3.84,FUR-FU-10003424,Philadelphia
2054,CA-2015-142237,2015-07-13,First Class,CK-12595,19134,25.34,3.48,FUR-FU-10003142,Philadelphia
9712,CA-2014-114251,2014-11-10,Standard Class,MD-17350,19143,13.19,-8.80,OFF-BI-10003684,Philadelphia
1663,CA-2017-144526,2017-05-06,Standard Class,QJ-19255,19143,13.90,-9.26,OFF-BI-10002353,Philadelphia
7710,CA-2014-139542,2014-10-29,Standard Class,EH-14185,19120,13.70,-9.59,OFF-BI-10000309,Philadelphia
3395,US-2017-131583,2017-06-10,Same Day,CL-11890,19143,40.03,15.01,OFF-PA-10000380,Philadelphia
8352,CA-2017-132199,2017-05-08,Standard Class,BO-11350,19134,32.45,7.30,FUR-FU-10004245,Philadelphia
9117,CA-2017-153045,2017-01-24,Second Class,NS-18505,19140,31.97,6.39,FUR-FU-10002759,Philadelphia
3614,CA-2015-110093,2015-12-08,Standard Class,AB-10255,19134,36.78,10.58,TEC-AC-10000171,Philadelphia
818,CA-2014-140858,2014-07-02,Standard Class,CA-12775,19140,41.47,14.52,OFF-PA-10000304,Philadelphia
7418,US-2016-114013,2016-03-15,Second Class,SC-20770,19134,41.24,13.92,OFF-PA-10004996,Philadelphia
5104,CA-2015-167374,2015-03-30,Second Class,GM-14500,19140,40.03,12.51,OFF-PA-10001950,Philadelphia
4661,CA-2015-112130,2015-05-07,Standard Class,SV-20785,19140,27.55,-0.34,TEC-AC-10001542,Philadelphia
1680,CA-2014-122882,2014-09-13,Standard Class,SB-20290,19134,32.38,4.32,TEC-PH-10003589,Philadelphia
3215,CA-2016-132409,2016-05-31,Standard Class,TH-21235,19134,34.85,6.53,OFF-AP-10002082,Philadelphia
2144,CA-2016-155481,2016-09-05,Standard Class,DK-13225,19140,23.99,-4.80,TEC-PH-10002293,Philadelphia
4817,CA-2014-139598,2014-12-31,Standard Class,MG-17695,19134,34.66,5.63,OFF-AP-10002998,Philadelphia
5260,CA-2017-158722,2017-10-26,Standard Class,MA-17560,19120,45.53,15.93,OFF-PA-10000176,Philadelphia
934,CA-2016-140081,2016-06-24,Standard Class,CG-12040,19120,45.06,15.21,OFF-PA-10001745,Philadelphia
7425,CA-2017-135069,2017-04-14,Standard Class,BS-11755,19143,36.67,6.42,FUR-FU-10003878,Philadelphia
2767,CA-2017-167752,2017-01-18,First Class,RW-19690,19134,34.38,3.87,OFF-AP-10000159,Philadelphia
6813,CA-2017-156237,2017-09-15,First Class,PS-18760,19140,18.31,-12.21,OFF-BI-10003707,Philadelphia
8537,CA-2015-157343,2015-06-11,Standard Class,HD-14785,19143,18.31,-12.21,OFF-BI-10003707,Philadelphia
6811,CA-2017-156237,2017-09-15,First Class,PS-18760,19140,12.59,-18.04,TEC-MA-10002930,Philadelphia
5422,US-2016-151827,2016-04-02,Second Class,CS-11950,19134,31.98,1.20,TEC-AC-10003289,Philadelphia
6934,CA-2014-164182,2014-07-18,Standard Class,ST-20530,19140,31.98,1.20,FUR-FU-10001057,Philadelphia
9935,CA-2016-114405,2016-04-12,Standard Class,AS-10240,19120,33.53,2.51,OFF-AP-10003278,Philadelphia
3676,CA-2017-154109,2017-11-11,Standard Class,ML-17410,19143,47.95,16.18,OFF-PA-10000157,Philadelphia
8542,CA-2015-157287,2015-12-23,First Class,HR-14830,19140,33.57,1.68,OFF-ST-10001172,Philadelphia
973,CA-2014-115791,2014-01-18,Second Class,DL-13315,19134,18.59,-13.63,OFF-BI-10001575,Philadelphia
4063,US-2016-122182,2016-03-14,Standard Class,BD-11770,19143,39.99,7.50,TEC-AC-10002800,Philadelphia
4405,CA-2015-164336,2015-07-10,Standard Class,MW-18220,19140,34.80,2.17,TEC-AC-10002345,Philadelphia
4199,US-2016-161683,2016-12-08,Standard Class,CJ-12010,19134,18.19,-14.55,OFF-BI-10001072,Philadelphia
531,US-2015-138303,2015-09-07,Standard Class,MG-18145,19134,52.51,19.69,OFF-EN-10001335,Philadelphia
5110,CA-2014-138450,2014-10-22,Standard Class,EH-13765,19134,52.51,19.69,OFF-EN-10001335,Philadelphia
6157,CA-2017-151484,2017-04-23,First Class,CV-12805,19120,42.41,9.54,FUR-FU-10004671,Philadelphia
9936,CA-2016-114405,2016-04-12,Standard Class,AS-10240,19120,36.74,3.67,OFF-ST-10001627,Philadelphia
6784,CA-2017-121293,2017-07-28,Second Class,JC-15775,19143,37.75,4.25,OFF-SU-10004884,Philadelphia
3461,CA-2017-136448,2017-09-18,First Class,AS-10090,19143,47.98,14.40,TEC-AC-10003628,Philadelphia
1681,CA-2014-122882,2014-09-13,Standard Class,SB-20290,19134,42.37,8.47,FUR-FU-10000758,Philadelphia
9717,US-2016-144477,2016-08-14,Second Class,DB-13270,19134,37.31,2.80,OFF-AR-10000914,Philadelphia
333,US-2016-150147,2016-04-29,Second Class,JL-15850,19134,20.72,-13.82,OFF-BI-10001153,Philadelphia
3933,CA-2016-132094,2016-09-02,Standard Class,VG-21805,19140,47.98,13.20,TEC-AC-10001109,Philadelphia
4140,CA-2017-127313,2017-12-04,First Class,RA-19285,19120,37.39,2.34,OFF-ST-10001228,Philadelphia
4012,CA-2017-100811,2017-11-24,First Class,CC-12475,19143,39.30,3.93,OFF-ST-10002444,Philadelphia
6237,CA-2016-144400,2016-02-27,Standard Class,AC-10420,19120,57.58,21.59,OFF-EN-10004386,Philadelphia
7972,US-2015-126753,2015-08-20,Standard Class,SP-20860,19134,31.18,-5.46,TEC-AC-10004227,Philadelphia
6935,CA-2014-164182,2014-07-18,Standard Class,ST-20530,19140,41.58,4.68,OFF-AR-10001044,Philadelphia
2844,CA-2017-112865,2017-05-22,Standard Class,BH-11710,19140,36.05,-0.90,TEC-AC-10000387,Philadelphia
2225,CA-2017-121909,2017-08-05,Standard Class,EA-14035,19134,54.82,17.82,OFF-PA-10003790,Philadelphia
4054,CA-2014-122931,2014-10-03,Standard Class,SM-20950,19134,55.44,18.02,OFF-LA-10002945,Philadelphia
6933,CA-2014-164182,2014-07-18,Standard Class,ST-20530,19140,23.99,-13.99,TEC-PH-10002583,Philadelphia
8052,CA-2014-144974,2014-09-30,Standard Class,CM-12715,19140,41.38,3.10,OFF-AP-10001492,Philadelphia
1647,CA-2015-105221,2015-11-03,First Class,VM-21685,19140,35.36,-3.09,TEC-AC-10002323,Philadelphia
7421,US-2016-114013,2016-03-15,Second Class,SC-20770,19134,23.16,-15.44,OFF-BI-10002353,Philadelphia
4814,CA-2016-121370,2016-11-19,Second Class,EB-14110,19134,48.58,9.72,FUR-FU-10002813,Philadelphia
2981,CA-2015-139850,2015-06-17,Standard Class,GB-14575,19134,43.30,4.33,FUR-FU-10003623,Philadelphia
7263,CA-2017-156363,2017-10-28,Standard Class,ML-17395,19134,32.70,-6.54,TEC-PH-10003988,Philadelphia
2784,US-2016-106677,2016-11-10,Standard Class,AS-10285,19134,23.99,-15.99,TEC-PH-10003187,Philadelphia
7147,US-2017-141558,2017-03-16,Standard Class,MH-17290,19140,43.28,3.25,OFF-ST-10004946,Philadelphia
7709,CA-2014-139542,2014-10-29,Standard Class,EH-14185,19120,40.78,0.51,TEC-AC-10001553,Philadelphia
7716,US-2017-101518,2017-11-08,Standard Class,PB-19105,19140,40.78,0.51,TEC-AC-10001553,Philadelphia
7367,CA-2016-127243,2016-12-04,Standard Class,DS-13180,19140,32.54,-7.73,OFF-ST-10002301,Philadelphia
3001,CA-2014-138317,2014-06-25,Standard Class,NW-18400,19120,44.42,3.89,OFF-AP-10003860,Philadelphia
9219,US-2015-164238,2015-08-20,Standard Class,JW-15955,19120,44.69,3.35,OFF-ST-10002352,Philadelphia
4406,CA-2015-164336,2015-07-10,Standard Class,MW-18220,19140,38.98,-2.44,OFF-ST-10001558,Philadelphia
6154,CA-2017-151484,2017-04-23,First Class,CV-12805,19120,51.97,10.39,FUR-FU-10001876,Philadelphia
4809,CA-2014-149055,2014-11-28,Standard Class,PB-19210,19134,62.81,21.20,OFF-EN-10003040,Philadelphia
9715,CA-2014-114251,2014-11-10,Standard Class,MD-17350,19143,58.42,16.79,TEC-AC-10004864,Philadelphia
6920,CA-2015-102806,2015-05-28,Standard Class,HG-14965,19143,24.59,-18.03,OFF-BI-10001597,Philadelphia
529,US-2015-138303,2015-09-07,Standard Class,MG-18145,19134,36.34,-7.27,OFF-ST-10004963,Philadelphia
1070,US-2015-150161,2015-07-29,Standard Class,RB-19795,19143,25.18,-18.46,OFF-BI-10001524,Philadelphia
8353,CA-2017-132199,2017-05-08,Standard Class,BO-11350,19134,26.39,-17.59,OFF-BI-10003684,Philadelphia
6155,CA-2017-151484,2017-04-23,First Class,CV-12805,19120,51.34,5.78,OFF-ST-10002370,Philadelphia
4657,CA-2015-112130,2015-05-07,Standard Class,SV-20785,19140,59.90,14.23,OFF-AR-10001468,Philadelphia
1327,CA-2015-120439,2015-06-18,Standard Class,AD-10180,19120,51.07,5.11,FUR-FU-10001867,Philadelphia
4158,CA-2015-101091,2015-12-09,Second Class,SW-20245,19140,26.06,-19.98,OFF-BI-10001107,Philadelphia
7591,CA-2016-158778,2016-09-09,Standard Class,DB-13210,19134,58.25,11.65,FUR-FU-10000260,Philadelphia
4804,CA-2017-136364,2017-07-17,Second Class,MH-17455,19140,39.59,-7.26,TEC-PH-10003885,Philadelphia
4157,CA-2015-101091,2015-12-09,Second Class,SW-20245,19140,47.98,0.60,TEC-AC-10003280,Philadelphia
5519,CA-2017-117667,2017-12-09,Standard Class,MS-17980,19134,54.77,6.85,FUR-FU-10004093,Philadelphia
8973,US-2014-149034,2014-11-21,First Class,RD-19900,19120,47.50,-1.19,TEC-AC-10003023,Philadelphia
3902,CA-2015-151043,2015-11-20,Standard Class,MG-17680,19143,47.98,-1.20,TEC-AC-10001090,Philadelphia
8854,US-2015-115343,2015-09-25,First Class,FO-14305,19143,55.60,6.25,OFF-SU-10000898,Philadelphia
328,US-2016-141544,2016-08-31,First Class,PO-18850,19143,54.22,3.39,OFF-ST-10000675,Philadelphia
935,CA-2016-140081,2016-06-24,Standard Class,CG-12040,19120,29.72,-21.79,OFF-BI-10004826,Philadelphia
3909,CA-2015-167010,2015-04-10,Standard Class,VT-21700,19143,41.99,-9.80,TEC-PH-10002844,Philadelphia
3457,CA-2017-136448,2017-09-18,First Class,AS-10090,19143,71.98,19.79,TEC-AC-10001109,Philadelphia
162,CA-2015-119697,2015-12-31,Second Class,EM-13960,19134,54.38,1.36,TEC-AC-10003657,Philadelphia
2126,CA-2017-144862,2017-12-05,Standard Class,EH-14005,19143,62.96,9.44,TEC-PH-10000923,Philadelphia
279,CA-2017-132976,2017-10-17,Standard Class,AG-10495,19140,59.71,5.97,OFF-ST-10000876,Philadelphia
821,CA-2014-140858,2014-07-02,Standard Class,CA-12775,19140,31.09,-22.80,OFF-BI-10004230,Philadelphia
3252,CA-2017-119389,2017-04-19,First Class,BG-11740,19120,60.31,5.28,FUR-FU-10001473,Philadelphia
3303,US-2014-159926,2014-11-22,Standard Class,CS-11950,19140,60.31,5.28,FUR-FU-10001473,Philadelphia
2765,CA-2017-165757,2017-06-28,Standard Class,PL-18925,19140,31.16,-23.89,OFF-BI-10003982,Philadelphia
1650,CA-2015-120341,2015-09-29,Second Class,SF-20200,19143,45.89,-9.18,TEC-PH-10003357,Philadelphia
4399,US-2014-138758,2014-07-11,Standard Class,JL-15835,19120,69.01,12.08,FUR-FU-10003039,Philadelphia
1805,CA-2017-158379,2017-09-26,Second Class,JA-15970,19134,79.98,23.00,TEC-AC-10002926,Philadelphia
8967,CA-2016-134180,2016-11-07,Standard Class,JP-16135,19120,72.00,14.40,TEC-AC-10000892,Philadelphia
9714,CA-2014-114251,2014-11-10,Standard Class,MD-17350,19143,51.56,-6.45,TEC-AC-10001101,Philadelphia
2921,CA-2016-160129,2016-11-23,Same Day,LS-17200,19140,70.45,12.33,FUR-FU-10003976,Philadelphia
2128,CA-2015-134859,2015-10-09,Standard Class,JK-16120,19134,64.94,6.49,FUR-FU-10003623,Philadelphia
8808,US-2017-110646,2017-10-31,Standard Class,JF-15190,19134,33.28,-27.73,OFF-BI-10004330,Philadelphia
8589,CA-2015-138492,2015-05-22,Standard Class,FC-14335,19140,51.97,-10.39,OFF-ST-10002583,Philadelphia
344,CA-2014-122336,2014-04-17,Second Class,JD-15895,19140,71.93,8.39,TEC-PH-10000702,Philadelphia
4294,CA-2017-130967,2017-03-16,Standard Class,EB-13870,19140,53.98,-10.80,TEC-PH-10004896,Philadelphia
4141,CA-2017-127313,2017-12-04,First Class,RA-19285,19120,79.12,13.85,FUR-FU-10003798,Philadelphia
610,US-2014-105767,2014-05-27,Standard Class,AR-10510,19134,55.19,-10.12,TEC-PH-10003092,Philadelphia
331,US-2016-141544,2016-08-31,First Class,PO-18850,19143,37.76,-27.69,OFF-BI-10001524,Philadelphia
330,US-2016-141544,2016-08-31,First Class,PO-18850,19143,100.24,33.83,OFF-LA-10001074,Philadelphia
1217,US-2017-118087,2017-09-13,Standard Class,SP-20620,19134,95.88,28.76,TEC-AC-10004469,Philadelphia
2999,CA-2014-138317,2014-06-25,Standard Class,NW-18400,19120,95.97,28.79,TEC-AC-10003628,Philadelphia
2125,CA-2017-144862,2017-12-05,Standard Class,EH-14005,19143,104.68,35.33,OFF-EN-10003040,Philadelphia
1558,CA-2016-109176,2016-05-15,Standard Class,JW-16075,19140,79.36,9.92,OFF-AR-10001955,Philadelphia
7298,CA-2015-101126,2015-02-14,Second Class,NB-18655,19143,77.24,7.72,OFF-ST-10000943,Philadelphia
3598,CA-2014-102869,2014-09-14,Second Class,LC-17140,19140,64.70,-4.85,TEC-AC-10002134,Philadelphia
4805,CA-2017-136364,2017-07-17,Second Class,MH-17455,19140,91.01,19.34,FUR-FU-10002501,Philadelphia
24,US-2017-156909,2017-07-18,Second Class,SF-20065,19140,71.37,-1.02,FUR-CH-10002774,Philadelphia
141,CA-2016-110366,2016-09-07,Second Class,JD-15895,19140,82.80,10.35,FUR-FU-10004848,Philadelphia
9411,US-2017-110149,2017-12-13,First Class,WB-21850,19143,87.92,15.39,FUR-FU-10001475,Philadelphia
1516,US-2017-160759,2017-12-17,Standard Class,AI-10855,19120,63.69,-9.10,FUR-CH-10002961,Philadelphia
6525,CA-2016-129308,2016-07-13,Standard Class,CC-12100,19120,59.99,-13.00,TEC-PH-10002310,Philadelphia
4818,CA-2014-139598,2014-12-31,Standard Class,MG-17695,19134,81.55,8.16,OFF-AP-10003287,Philadelphia
6197,CA-2017-113453,2017-10-28,Standard Class,CM-12160,19143,71.38,-4.46,OFF-ST-10000352,Philadelphia
32,US-2015-150630,2015-09-21,Standard Class,TB-21520,19140,86.30,9.71,OFF-AR-10004042,Philadelphia
2851,US-2016-128293,2016-06-05,First Class,KC-16255,19120,64.78,-12.96,OFF-ST-10000736,Philadelphia
2136,CA-2015-122210,2015-12-04,Standard Class,WB-21850,19134,94.92,15.82,TEC-PH-10002807,Philadelphia
1679,CA-2014-122882,2014-09-13,Standard Class,SB-20290,19134,64.78,-14.58,OFF-ST-10002344,Philadelphia
3904,CA-2015-167010,2015-04-10,Standard Class,VT-21700,19143,98.11,18.40,OFF-AP-10004036,Philadelphia
8445,US-2016-155173,2016-03-10,Standard Class,JB-16045,19120,68.24,-12.51,TEC-PH-10002538,Philadelphia
1727,CA-2015-127453,2015-12-20,First Class,JK-15370,19143,88.83,7.77,OFF-AP-10003860,Philadelphia
7227,CA-2017-127397,2017-02-28,Standard Class,ES-14080,19134,123.92,38.73,OFF-PA-10001125,Philadelphia
9773,CA-2016-104983,2016-07-03,Same Day,FM-14215,19143,123.92,38.73,OFF-PA-10000167,Philadelphia
2127,CA-2014-126032,2014-06-28,Standard Class,BS-11665,19143,86.38,1.08,TEC-AC-10000158,Philadelphia
8011,CA-2014-127859,2014-03-20,Second Class,QJ-19255,19134,126.62,41.15,OFF-PA-10003641,Philadelphia
4663,CA-2015-112130,2015-05-07,Standard Class,SV-20785,19140,76.75,-9.59,OFF-ST-10000563,Philadelphia
1685,CA-2017-149489,2017-04-27,First Class,DK-12835,19143,99.28,12.41,OFF-AP-10002495,Philadelphia
6491,CA-2014-149594,2014-09-19,Standard Class,MF-18250,19120,103.94,16.89,FUR-FU-10000222,Philadelphia
4057,CA-2014-122931,2014-10-03,Standard Class,SM-20950,19134,67.18,-20.15,FUR-TA-10004147,Philadelphia
317,CA-2014-164259,2014-12-30,First Class,SP-20860,19143,99.14,8.67,OFF-AR-10003373,Philadelphia
7592,CA-2016-158778,2016-09-09,Standard Class,DB-13210,19134,71.25,-19.34,FUR-CH-10001146,Philadelphia
3300,US-2014-159926,2014-11-22,Standard Class,CS-11950,19140,51.00,-40.80,OFF-BI-10003656,Philadelphia
3301,US-2014-159926,2014-11-22,Standard Class,CS-11950,19140,76.79,-16.32,OFF-ST-10003656,Philadelphia
7419,US-2016-114013,2016-03-15,Second Class,SC-20770,19134,51.90,-41.52,OFF-BI-10004318,Philadelphia
1407,US-2014-118486,2014-04-08,First Class,SD-20485,19143,116.78,21.90,TEC-AC-10004659,Philadelphia
1869,CA-2015-127110,2015-06-30,Standard Class,CH-12070,19143,78.26,-17.61,OFF-ST-10002554,Philadelphia
6186,CA-2015-138331,2015-08-12,Standard Class,JK-15625,19120,106.80,10.68,OFF-AR-10002952,Philadelphia
6356,CA-2014-110611,2014-10-13,Standard Class,JD-16015,19120,83.92,-13.64,OFF-ST-10000642,Philadelphia
1615,US-2016-113509,2016-03-19,Standard Class,PL-18925,19143,83.98,-13.65,TEC-AC-10004855,Philadelphia
971,CA-2014-115791,2014-01-18,Second Class,DL-13315,19134,127.10,28.60,FUR-FU-10001095,Philadelphia
8809,US-2017-110646,2017-10-31,Standard Class,JF-15190,19134,118.65,19.77,TEC-PH-10002807,Philadelphia
3445,CA-2016-116344,2016-08-02,Standard Class,JO-15145,19140,84.78,-16.96,OFF-ST-10001713,Philadelphia
3772,US-2016-101196,2016-05-17,Standard Class,FM-14215,19140,82.37,-19.56,OFF-ST-10004804,Philadelphia
332,US-2016-150147,2016-04-29,Second Class,JL-15850,19134,82.80,-20.70,TEC-PH-10004614,Philadelphia
8740,US-2017-131961,2017-12-11,First Class,MJ-17740,19140,83.99,-21.00,TEC-PH-10001924,Philadelphia
30,US-2015-150630,2015-09-21,Standard Class,TB-21520,19140,124.20,15.53,FUR-FU-10004848,Philadelphia
724,CA-2014-117429,2014-10-13,Standard Class,MR-17545,19140,129.92,21.11,FUR-FU-10000222,Philadelphia
8355,CA-2017-132199,2017-05-08,Standard Class,BO-11350,19134,64.20,-44.94,OFF-BI-10002133,Philadelphia
1361,CA-2017-125199,2017-10-25,Standard Class,HM-14860,19120,123.26,9.24,OFF-AR-10002956,Philadelphia
6475,CA-2014-149524,2014-01-15,First Class,BS-11590,19140,61.96,-53.29,FUR-BO-10003433,Philadelphia
9947,CA-2014-111157,2014-03-06,Standard Class,NH-18610,19120,151.20,32.13,TEC-AC-10004353,Philadelphia
6814,CA-2017-156237,2017-09-15,First Class,PS-18760,19140,127.94,4.80,FUR-FU-10001057,Philadelphia
2543,CA-2014-164385,2014-09-30,Second Class,NB-18580,19134,143.95,14.40,OFF-AP-10002191,Philadelphia
5930,US-2017-169551,2017-07-09,First Class,RL-19615,19120,87.21,-45.35,FUR-BO-10001519,Philadelphia
3267,US-2014-126571,2014-10-15,Standard Class,JF-15565,19120,201.43,67.98,OFF-EN-10002230,Philadelphia
6417,CA-2016-111976,2016-03-12,Standard Class,BD-11620,19120,108.58,-25.33,TEC-PH-10002890,Philadelphia
8182,CA-2015-119879,2015-11-25,Standard Class,SS-20410,19120,110.97,-24.04,TEC-PH-10002923,Philadelphia
9124,US-2016-158288,2016-11-28,Second Class,EH-13945,19120,78.76,-57.76,OFF-BI-10003364,Philadelphia
1884,CA-2016-118570,2016-11-17,Standard Class,CC-12430,19143,217.06,78.68,OFF-PA-10001289,Philadelphia
6812,CA-2017-156237,2017-09-15,First Class,PS-18760,19140,113.37,-29.15,FUR-CH-10002372,Philadelphia
9316,CA-2016-161907,2016-04-09,Standard Class,JH-16180,19140,118.78,-27.72,TEC-PH-10000141,Philadelphia
6429,CA-2016-143714,2016-05-27,Standard Class,CC-12370,19120,122.38,-24.48,TEC-PH-10004080,Philadelphia
1134,US-2016-134908,2016-06-09,Standard Class,JS-15940,19134,124.61,-23.36,OFF-ST-10003479,Philadelphia
4471,CA-2017-156895,2017-05-12,Standard Class,DJ-13510,19140,128.06,-23.78,FUR-CH-10003535,Philadelphia
7422,US-2016-114013,2016-03-15,Second Class,SC-20770,19134,126.08,-28.37,OFF-ST-10003641,Philadelphia
972,CA-2014-115791,2014-01-18,Second Class,DL-13315,19134,124.20,-31.05,TEC-PH-10004614,Philadelphia
3675,CA-2017-154109,2017-11-11,Standard Class,ML-17410,19143,127.37,-30.93,FUR-CH-10003774,Philadelphia
3600,CA-2014-102869,2014-09-14,Second Class,LC-17140,19140,135.52,-31.62,TEC-PH-10002549,Philadelphia
600,US-2016-100720,2016-07-21,Standard Class,CK-12205,19120,143.98,-28.80,TEC-PH-10001425,Philadelphia
7424,CA-2017-135069,2017-04-14,Standard Class,BS-11755,19143,195.10,21.95,OFF-AP-10000026,Philadelphia
6785,CA-2017-121293,2017-07-28,Second Class,JC-15775,19143,138.59,-34.65,FUR-TA-10001771,Philadelphia
7472,CA-2015-100734,2015-09-20,Standard Class,AC-10615,19143,147.18,-29.44,OFF-ST-10001522,Philadelphia
5059,CA-2016-120796,2016-04-07,Standard Class,CS-11950,19140,99.85,-83.20,OFF-BI-10004330,Philadelphia
5869,CA-2016-158211,2016-01-08,Standard Class,BP-11185,19143,104.58,-80.18,OFF-BI-10002026,Philadelphia
1213,US-2017-118087,2017-09-13,Standard Class,SP-20620,19134,141.37,-48.47,FUR-CH-10004860,Philadelphia
1406,US-2014-118486,2014-04-08,First Class,SD-20485,19143,154.76,-36.11,FUR-TA-10001039,Philadelphia
2977,CA-2017-139773,2017-12-04,Same Day,DV-13045,19143,188.55,-2.69,FUR-CH-10001797,Philadelphia
1219,US-2017-118087,2017-09-13,Standard Class,SP-20620,19134,258.70,64.67,TEC-AC-10003174,Philadelphia
1051,US-2015-153500,2015-07-05,First Class,DG-13300,19134,168.46,-29.48,FUR-FU-10000293,Philadelphia
927,CA-2014-132962,2014-09-16,First Class,JM-15535,19143,252.00,53.55,TEC-AC-10004353,Philadelphia
7146,US-2017-141558,2017-03-16,Standard Class,MH-17290,19140,154.76,-46.43,FUR-TA-10004086,Philadelphia
5379,CA-2014-125542,2014-12-07,First Class,NB-18655,19134,172.74,-30.23,OFF-ST-10001469,Philadelphia
7044,US-2017-165358,2017-07-23,Standard Class,SV-20365,19134,198.74,-14.20,FUR-CH-10002647,Philadelphia
822,CA-2014-140858,2014-07-02,Standard Class,CA-12775,19140,335.52,117.43,OFF-PA-10003395,Philadelphia
4398,US-2014-138758,2014-07-11,Standard Class,JL-15835,19120,172.19,-46.74,FUR-CH-10002880,Philadelphia
8635,CA-2017-159793,2017-08-29,Standard Class,SV-20365,19140,130.98,-89.07,FUR-BO-10001798,Philadelphia
5111,CA-2014-138450,2014-10-22,Standard Class,EH-13765,19134,186.91,-35.05,OFF-ST-10003479,Philadelphia
1649,CA-2015-120341,2015-09-29,Second Class,SF-20200,19143,121.10,-100.92,OFF-BI-10004224,Philadelphia
1053,US-2015-153500,2015-07-05,First Class,DG-13300,19134,282.89,56.58,FUR-FU-10004460,Philadelphia
9483,CA-2015-158351,2015-06-24,Second Class,BC-11125,19134,319.98,92.00,TEC-AC-10001838,Philadelphia
3782,CA-2015-135314,2015-07-14,Second Class,MC-17575,19120,269.98,40.50,TEC-PH-10003072,Philadelphia
5378,CA-2014-125542,2014-12-07,First Class,NB-18655,19134,348.49,117.61,OFF-EN-10000056,Philadelphia
4685,CA-2016-159912,2016-09-03,Standard Class,GB-14530,19120,163.88,-81.94,FUR-BO-10002853,Philadelphia
5518,CA-2017-117667,2017-12-09,Standard Class,MS-17980,19134,239.96,-10.28,FUR-CH-10004540,Philadelphia
2049,CA-2015-142237,2015-07-13,First Class,CK-12595,19134,289.80,36.23,FUR-FU-10004848,Philadelphia
3027,CA-2017-169054,2017-04-26,Standard Class,MO-17800,19140,254.35,0.00,FUR-FU-10001488,Philadelphia
7975,US-2015-126753,2015-08-20,Standard Class,SP-20860,19134,254.35,0.00,FUR-FU-10001488,Philadelphia
8140,CA-2016-102561,2016-07-22,Standard Class,NK-18490,19140,284.08,24.86,OFF-ST-10001476,Philadelphia
4819,CA-2014-139598,2014-12-31,Standard Class,MG-17695,19134,227.14,-42.59,OFF-ST-10001370,Philadelphia
3266,US-2014-126571,2014-10-15,Standard Class,JF-15565,19120,281.90,10.57,OFF-ST-10003816,Philadelphia
8109,US-2017-167570,2017-12-15,Standard Class,EG-13900,19140,215.54,-58.50,FUR-CH-10003396,Philadelphia
2134,CA-2015-122210,2015-12-04,Standard Class,WB-21850,19134,152.99,-122.39,OFF-BI-10003656,Philadelphia
5522,CA-2017-117667,2017-12-09,Standard Class,MS-17980,19134,255.97,-28.80,TEC-AC-10000580,Philadelphia
6786,CA-2017-121293,2017-07-28,Second Class,JC-15775,19143,259.92,-25.99,OFF-ST-10000060,Philadelphia
1689,CA-2017-143798,2017-12-12,First Class,AW-10840,19140,310.88,23.32,FUR-FU-10004306,Philadelphia
4684,CA-2016-159912,2016-09-03,Standard Class,GB-14530,19120,241.92,-56.45,FUR-TA-10004152,Philadelphia
6156,CA-2017-151484,2017-04-23,First Class,CV-12805,19120,332.70,33.27,OFF-ST-10000142,Philadelphia
4198,US-2016-161683,2016-12-08,Standard Class,CJ-12010,19134,394.82,93.77,OFF-AP-10000179,Philadelphia
7359,US-2014-115189,2015-01-03,Second Class,AR-10345,19143,251.96,-50.39,TEC-PH-10002170,Philadelphia
3127,CA-2017-149895,2017-09-12,Standard Class,EB-14110,19134,258.53,-47.40,TEC-PH-10002200,Philadelphia
9711,CA-2014-114251,2014-11-10,Standard Class,MD-17350,19143,273.57,-34.20,FUR-FU-10001468,Philadelphia
5385,CA-2017-161410,2017-07-03,Standard Class,CC-12220,19143,358.20,41.79,TEC-PH-10001760,Philadelphia
871,CA-2016-158099,2016-09-05,First Class,PK-18910,19143,280.78,-46.80,TEC-PH-10002496,Philadelphia
7416,US-2016-114013,2016-03-15,Second Class,SC-20770,19134,379.96,47.49,TEC-AC-10000474,Philadelphia
5421,US-2016-151827,2016-04-02,Second Class,CS-11950,19134,280.78,-60.84,TEC-PH-10002789,Philadelphia
9439,CA-2017-126144,2017-08-05,Standard Class,GM-14680,19134,285.58,-57.12,TEC-PH-10001079,Philadelphia
6508,US-2016-128909,2016-10-11,Second Class,SP-20545,19143,332.83,-24.96,FUR-FU-10004071,Philadelphia
327,US-2016-141544,2016-08-31,First Class,PO-18850,19143,290.90,-67.88,TEC-PH-10003645,Philadelphia
9550,CA-2016-131744,2016-06-20,Second Class,SC-20770,19134,453.60,90.72,OFF-AP-10001394,Philadelphia
1363,CA-2017-125199,2017-10-25,Standard Class,HM-14860,19120,309.58,-56.76,TEC-PH-10001336,Philadelphia
7368,CA-2016-127243,2016-12-04,Standard Class,DS-13180,19140,347.80,-24.84,FUR-CH-10002647,Philadelphia
3000,CA-2014-138317,2014-06-25,Standard Class,NW-18400,19120,206.99,-172.49,TEC-MA-10004521,Philadelphia
1725,CA-2015-127453,2015-12-20,First Class,JK-15370,19143,434.35,43.44,OFF-AP-10000828,Philadelphia
7415,US-2016-114013,2016-03-15,Second Class,SC-20770,19134,386.68,-5.52,FUR-CH-10004287,Philadelphia
6105,US-2017-132381,2017-08-24,First Class,Dp-13240,19143,314.53,-83.88,FUR-TA-10002356,Philadelphia
4812,CA-2016-121370,2016-11-19,Second Class,EB-14110,19134,380.06,-21.72,FUR-CH-10000785,Philadelphia
7801,CA-2017-157413,2017-06-06,Standard Class,BW-11065,19120,324.74,-77.13,OFF-ST-10002756,Philadelphia
6196,CA-2017-113453,2017-10-28,Standard Class,CM-12160,19143,329.99,-77.00,TEC-PH-10004165,Philadelphia
7582,CA-2015-169656,2015-08-16,First Class,EJ-13720,19143,422.86,15.86,OFF-ST-10003816,Philadelphia
6815,CA-2017-156237,2017-09-15,First Class,PS-18760,19140,241.17,-168.82,TEC-MA-10001681,Philadelphia
7364,CA-2016-127243,2016-12-04,Standard Class,DS-13180,19140,340.18,-73.71,TEC-PH-10004539,Philadelphia
937,CA-2016-140081,2016-06-24,Standard Class,CG-12040,19120,447.70,33.58,OFF-AP-10001058,Philadelphia
2052,CA-2015-142237,2015-07-13,First Class,CK-12595,19134,341.49,-73.18,FUR-CH-10003833,Philadelphia
8543,CA-2015-157287,2015-12-23,First Class,HR-14830,19140,422.63,0.00,FUR-CH-10001270,Philadelphia
9280,CA-2017-122539,2017-12-05,Standard Class,SC-20305,19140,398.97,-28.50,FUR-CH-10003379,Philadelphia
2726,CA-2017-149888,2017-11-13,Standard Class,EP-13915,19120,359.97,-71.99,TEC-PH-10003811,Philadelphia
7917,CA-2015-110891,2015-11-24,Standard Class,PO-19195,19140,344.37,-93.47,FUR-CH-10002880,Philadelphia
5935,US-2017-169551,2017-07-09,First Class,RL-19615,19120,527.92,85.79,TEC-AC-10003033,Philadelphia
7880,CA-2016-155747,2016-06-21,Standard Class,JS-15685,19140,337.18,-118.01,FUR-TA-10003392,Philadelphia
5386,CA-2017-161410,2017-07-03,Standard Class,CC-12220,19143,545.92,72.79,TEC-PH-10000673,Philadelphia
8968,CA-2016-134180,2016-11-07,Standard Class,JP-16135,19120,470.15,-13.43,FUR-CH-10004886,Philadelphia
8354,CA-2017-132199,2017-05-08,Standard Class,BO-11350,19134,373.47,-112.04,FUR-TA-10003748,Philadelphia
2727,CA-2017-149888,2017-11-13,Standard Class,EP-13915,19120,350.35,-140.14,FUR-TA-10000849,Philadelphia
4053,CA-2014-122931,2014-10-03,Standard Class,SM-20950,19134,409.27,-81.85,FUR-TA-10004175,Philadelphia
1745,CA-2017-152807,2017-11-03,Standard Class,MC-18100,19140,442.40,-55.30,TEC-AC-10001142,Philadelphia
7221,CA-2017-154760,2017-01-13,Standard Class,BP-11290,19140,274.49,-228.74,OFF-BI-10004632,Philadelphia
8443,US-2016-155173,2016-03-10,Standard Class,JB-16045,19120,431.94,-71.99,TEC-PH-10004586,Philadelphia
9220,US-2015-164238,2015-08-20,Standard Class,JW-15955,19120,301.47,-205.00,FUR-BO-10000780,Philadelphia
2448,CA-2016-119165,2016-11-06,Standard Class,BD-11320,19143,492.83,-14.08,FUR-CH-10000988,Philadelphia
9116,CA-2017-153045,2017-01-24,Second Class,NS-18505,19140,429.60,-93.08,TEC-PH-10001817,Philadelphia
948,US-2017-110576,2017-12-02,Standard Class,RB-19795,19120,516.49,-12.91,FUR-FU-10003601,Philadelphia
7043,US-2017-165358,2017-07-23,Standard Class,SV-20365,19134,599.97,70.00,TEC-CO-10001943,Philadelphia
9552,CA-2015-147690,2015-11-14,Standard Class,SC-20020,19140,577.58,43.32,OFF-ST-10001526,Philadelphia
3905,CA-2015-167010,2015-04-10,Standard Class,VT-21700,19143,563.81,21.14,OFF-ST-10003816,Philadelphia
7484,CA-2014-129938,2014-12-17,Second Class,EB-13705,19140,445.80,-108.27,FUR-CH-10003774,Philadelphia
5087,CA-2015-109001,2015-03-09,Standard Class,KN-16390,19120,466.16,-93.23,TEC-PH-10000562,Philadelphia
3911,CA-2015-167010,2015-04-10,Standard Class,VT-21700,19143,352.45,-211.47,FUR-BO-10004218,Philadelphia
7555,CA-2014-114181,2014-05-14,Second Class,AF-10885,19134,349.96,-216.98,FUR-BO-10004467,Philadelphia
9000,CA-2017-137785,2017-05-17,Standard Class,MH-18115,19140,458.43,-124.43,FUR-CH-10001482,Philadelphia
601,US-2016-100720,2016-07-21,Standard Class,CK-12205,19120,494.38,-115.35,TEC-PH-10003963,Philadelphia
2242,US-2016-126893,2016-11-30,Standard Class,CT-11995,19134,494.98,-115.50,TEC-PH-10004165,Philadelphia
2330,US-2015-147739,2015-12-29,Standard Class,JD-16150,19140,547.14,-68.39,FUR-FU-10001468,Philadelphia
3907,CA-2015-167010,2015-04-10,Standard Class,VT-21700,19143,547.14,-68.39,FUR-FU-10001468,Philadelphia
8855,US-2015-115343,2015-09-25,First Class,FO-14305,19143,617.98,-7.72,TEC-AC-10003832,Philadelphia
7971,US-2015-126753,2015-08-20,Standard Class,SP-20860,19134,519.79,-112.62,TEC-PH-10003580,Philadelphia
3302,US-2014-159926,2014-11-22,Standard Class,CS-11950,19140,539.96,-107.99,TEC-PH-10001128,Philadelphia
7417,US-2016-114013,2016-03-15,Second Class,SC-20770,19134,539.91,-116.98,TEC-PH-10001494,Philadelphia
7238,CA-2016-164924,2016-07-10,Same Day,EA-14035,19143,341.99,-319.19,TEC-MA-10000904,Philadelphia
7420,US-2016-114013,2016-03-15,Second Class,SC-20770,19134,552.56,-138.14,OFF-ST-10002574,Philadelphia
7360,US-2014-115189,2015-01-03,Second Class,AR-10345,19143,523.76,-192.05,FUR-TA-10004575,Philadelphia
3603,CA-2014-159835,2014-11-24,Standard Class,RB-19330,19143,657.93,-93.99,FUR-CH-10004997,Philadelphia
5932,US-2017-169551,2017-07-09,First Class,RL-19615,19120,683.99,-114.00,TEC-PH-10001363,Philadelphia
530,US-2015-138303,2015-09-07,Standard Class,MG-18145,19134,666.25,-149.91,OFF-SU-10002881,Philadelphia
387,CA-2015-122756,2015-12-07,Standard Class,DK-13225,19140,482.34,-337.64,TEC-MA-10001681,Philadelphia
1662,CA-2017-144526,2017-05-06,Standard Class,QJ-19255,19143,677.58,-158.10,TEC-PH-10002549,Philadelphia
8249,CA-2016-133816,2016-05-13,Second Class,CS-12400,19134,743.99,-124.00,TEC-PH-10001795,Philadelphia
4662,CA-2015-112130,2015-05-07,Standard Class,SV-20785,19140,844.12,-36.18,FUR-CH-10002965,Philadelphia
614,CA-2016-121223,2016-09-13,Second Class,GD-14590,19143,728.95,-157.94,TEC-PH-10004667,Philadelphia
8936,CA-2017-130036,2017-08-27,Same Day,BP-11185,19120,1119.89,209.98,TEC-AC-10001908,Philadelphia
5187,US-2015-154389,2015-12-03,Standard Class,EH-14125,19140,748.75,-162.23,TEC-PH-10002789,Philadelphia
342,CA-2014-122336,2014-04-17,Second Class,JD-15895,19140,509.97,-407.98,OFF-BI-10003656,Philadelphia
5010,CA-2015-102876,2015-09-14,Standard Class,LR-17035,19134,791.96,-131.99,TEC-PH-10002680,Philadelphia
949,US-2017-110576,2017-12-02,Standard Class,RB-19795,19120,1007.23,75.54,FUR-FU-10000576,Philadelphia
9317,CA-2016-161907,2016-04-09,Standard Class,JH-16180,19140,769.18,-163.45,OFF-SU-10000646,Philadelphia
7594,CA-2016-158778,2016-09-09,Standard Class,DB-13210,19134,887.27,-63.38,FUR-CH-10000309,Philadelphia
9118,CA-2017-153045,2017-01-24,Second Class,NS-18505,19140,887.27,-63.38,FUR-CH-10000309,Philadelphia
3460,CA-2017-136448,2017-09-18,First Class,AS-10090,19143,538.19,-412.62,OFF-BI-10001359,Philadelphia
8124,CA-2014-138128,2014-12-15,Standard Class,FP-14320,19134,1079.98,126.00,TEC-CO-10001766,Philadelphia
7144,US-2017-141558,2017-03-16,Standard Class,MH-17290,19140,776.85,-181.26,TEC-PH-10002555,Philadelphia
1682,CA-2014-122882,2014-09-13,Standard Class,SB-20290,19134,399.54,-559.36,TEC-MA-10004679,Philadelphia
4813,CA-2016-121370,2016-11-19,Second Class,EB-14110,19134,1199.98,180.00,TEC-CO-10004115,Philadelphia
329,US-2016-141544,2016-08-31,First Class,PO-18850,19143,786.74,-258.50,FUR-CH-10003312,Philadelphia
5506,CA-2017-127782,2017-11-06,Standard Class,TH-21115,19140,859.20,-186.16,TEC-PH-10001817,Philadelphia
1690,CA-2014-142839,2014-08-20,Standard Class,TS-21610,19143,853.09,-227.49,FUR-TA-10001539,Philadelphia
7423,US-2016-114013,2016-03-15,Second Class,SC-20770,19134,449.10,-643.71,TEC-MA-10001148,Philadelphia
4498,CA-2017-155075,2017-12-09,Standard Class,GW-14605,19140,631.18,-462.86,OFF-BI-10003650,Philadelphia
9289,US-2017-165456,2017-12-03,First Class,TB-21625,19134,1079.32,-15.42,FUR-CH-10003981,Philadelphia
7228,CA-2017-127397,2017-02-28,Standard Class,ES-14080,19134,1319.80,214.47,TEC-AC-10003033,Philadelphia
5630,US-2016-146066,2016-08-23,Second Class,RB-19465,19143,815.29,-339.70,FUR-TA-10002530,Philadelphia
9713,CA-2014-114251,2014-11-10,Standard Class,MD-17350,19143,1080.10,-94.51,OFF-ST-10003716,Philadelphia
820,CA-2014-140858,2014-07-02,Standard Class,CA-12775,19140,1228.46,0.00,FUR-CH-10001394,Philadelphia
8800,CA-2014-116666,2014-05-10,First Class,KT-16480,19134,1799.97,240.00,TEC-CO-10001449,Philadelphia
2768,CA-2017-167752,2017-01-18,First Class,RW-19690,19134,1924.16,312.68,OFF-AP-10002945,Philadelphia
8181,CA-2015-119879,2015-11-25,Standard Class,SS-20410,19120,1252.70,-480.20,FUR-TA-10002958,Philadelphia
9674,CA-2016-114867,2016-12-28,Standard Class,FM-14290,19143,1499.97,-374.99,TEC-PH-10002645,Philadelphia
870,CA-2016-158099,2016-09-05,First Class,PK-18910,19143,1141.47,-760.98,OFF-BI-10000545,Philadelphia
2535,US-2017-117723,2017-08-18,Second Class,DL-13495,19120,1801.63,-337.81,OFF-ST-10004459,Philadelphia
4056,CA-2014-122931,2014-10-03,Standard Class,SM-20950,19134,1801.63,-337.81,OFF-ST-10004459,Philadelphia
1220,US-2017-118087,2017-09-13,Standard Class,SP-20620,19134,1931.96,-386.39,TEC-PH-10002200,Philadelphia
950,US-2017-110576,2017-12-02,Standard Class,RB-19795,19120,2065.32,-619.60,FUR-TA-10004154,Philadelphia
28,US-2015-150630,2015-09-21,Standard Class,TB-21520,19140,3083.43,-1665.05,FUR-BO-10004834,Philadelphia
7244,CA-2017-118892,2017-08-22,Second Class,TP-21415,19134,4416.17,-630.88,FUR-CH-10002024,Philadelphia
1804,CA-2017-158379,2017-09-26,Second Class,JA-15970,19134,4663.74,-1049.34,OFF-SU-10002881,Philadelphia
6426,CA-2016-143714,2016-05-27,Standard Class,CC-12370,19120,8399.98,1120.00,TEC-CO-10004722,Philadelphia
8825,CA-2017-117156,2017-03-23,Second Class,TB-21055,19601,8.86,2.88,OFF-EN-10003845,Reading
1922,CA-2015-125178,2015-10-09,Standard Class,MZ-17515,19601,15.01,1.50,OFF-ST-10002562,Reading
5955,CA-2014-155796,2014-11-15,Second Class,TS-21430,19601,23.97,7.79,FUR-FU-10000409,Reading
8430,CA-2016-118129,2016-12-21,Second Class,CL-12565,19601,303.92,-30.39,FUR-FU-10004904,Reading
5956,CA-2014-155796,2014-11-15,Second Class,TS-21430,19601,521.96,-250.54,FUR-BO-10002545,Reading
8476,CA-2017-169404,2017-04-14,Standard Class,NC-18625,17403,65.58,23.77,OFF-PA-10001033,York
2147,US-2016-152051,2016-06-29,Standard Class,TS-21160,17403,38.09,-27.93,OFF-BI-10004781,York
8475,CA-2017-169404,2017-04-14,Standard Class,NC-18625,17403,37.90,-29.05,OFF-BI-10004492,York
2148,US-2016-152051,2016-06-29,Standard Class,TS-21160,17403,254.35,-50.87,OFF-ST-10001713,York
2146,US-2016-152051,2016-06-29,Standard Class,TS-21160,17403,422.06,-18.09,FUR-CH-10002965,York
8451,CA-2017-125451,2017-10-24,First Class,AH-10075,2920,2.22,0.67,OFF-AP-10002906,Cranston
4205,CA-2014-145387,2014-11-02,Second Class,AM-10705,2920,10.16,4.78,OFF-PA-10002195,Cranston
4208,CA-2014-145387,2014-11-02,Second Class,AM-10705,2920,17.67,7.77,FUR-FU-10000023,Cranston
4206,CA-2014-145387,2014-11-02,Second Class,AM-10705,2920,14.76,4.28,FUR-FU-10002364,Cranston
4207,CA-2014-145387,2014-11-02,Second Class,AM-10705,2920,34.08,15.68,OFF-BI-10004001,Cranston
8447,CA-2017-125451,2017-10-24,First Class,AH-10075,2920,35.00,14.70,FUR-FU-10004963,Cranston
8450,CA-2017-125451,2017-10-24,First Class,AH-10075,2920,43.44,21.29,OFF-PA-10003724,Cranston
4204,CA-2014-145387,2014-11-02,Second Class,AM-10705,2920,49.25,18.72,OFF-AR-10001683,Cranston
5888,CA-2017-151596,2017-10-11,First Class,BP-11050,2920,42.76,11.12,OFF-ST-10001837,Cranston
9937,CA-2017-132955,2017-06-28,Standard Class,SC-20575,2920,102.93,48.38,OFF-BI-10002735,Cranston
8448,CA-2017-125451,2017-10-24,First Class,AH-10075,2920,210.68,50.56,FUR-FU-10000277,Cranston
8446,CA-2017-125451,2017-10-24,First Class,AH-10075,2920,240.74,-13.76,FUR-TA-10001039,Cranston
7821,CA-2017-152436,2017-12-10,Second Class,CW-11905,2920,592.74,160.04,OFF-ST-10000036,Cranston
4210,CA-2014-145387,2014-11-02,Second Class,AM-10705,2920,385.69,-60.61,FUR-TA-10003238,Cranston
8449,CA-2017-125451,2017-10-24,First Class,AH-10075,2920,637.90,-127.58,FUR-TA-10004915,Cranston
4209,CA-2014-145387,2014-11-02,Second Class,AM-10705,2920,1604.90,481.47,FUR-CH-10002320,Cranston
4968,CA-2015-122406,2015-08-05,Second Class,BE-11455,2908,8.40,4.12,OFF-PA-10001307,Providence
7604,CA-2016-152520,2016-07-12,Standard Class,TH-21115,2908,12.96,6.22,OFF-PA-10000289,Providence
7679,CA-2014-133592,2015-01-07,Standard Class,KM-16375,2908,14.94,7.02,OFF-PA-10002586,Providence
9539,US-2017-169488,2017-09-09,First Class,AA-10375,2908,16.90,7.77,OFF-PA-10002659,Providence
2022,CA-2016-168354,2016-09-21,First Class,RH-19510,2908,17.04,7.67,OFF-PA-10002377,Providence
1286,CA-2016-119445,2016-07-03,Standard Class,GM-14500,2908,14.90,1.04,OFF-ST-10000617,Providence
1440,CA-2017-122735,2017-04-15,Second Class,BD-11320,2908,29.70,13.37,OFF-BI-10004364,Providence
7666,US-2016-140158,2016-10-08,Standard Class,DR-12940,2908,30.40,13.98,OFF-BI-10000977,Providence
9540,US-2017-169488,2017-09-09,First Class,AA-10375,2908,39.96,18.78,OFF-PA-10000157,Providence
1441,CA-2017-122735,2017-04-15,Second Class,BD-11320,2908,39.96,17.98,OFF-PA-10001712,Providence
2023,CA-2016-168354,2016-09-21,First Class,RH-19510,2908,49.53,23.77,OFF-BI-10004826,Providence
6470,CA-2016-163804,2016-12-08,Standard Class,DB-13270,2908,72.42,23.90,FUR-FU-10004864,Providence
7166,CA-2016-158610,2016-09-22,First Class,CK-12595,2908,69.52,17.38,OFF-ST-10000604,Providence
6024,US-2017-128832,2017-04-27,First Class,LS-16945,2908,69.98,4.90,TEC-AC-10004855,Providence
7668,US-2016-140158,2016-10-08,Standard Class,DR-12940,2908,119.10,34.54,OFF-ST-10000136,Providence
4970,CA-2015-122406,2015-08-05,Second Class,BE-11455,2908,110.98,15.54,FUR-CH-10001973,Providence
7678,CA-2014-133592,2015-01-07,Standard Class,KM-16375,2908,195.64,91.95,OFF-PA-10003228,Providence
4540,CA-2015-104129,2015-03-02,Standard Class,ES-14080,2908,105.98,1.06,TEC-PH-10003800,Providence
4969,CA-2015-122406,2015-08-05,Second Class,BE-11455,2908,199.98,83.99,TEC-AC-10004571,Providence
4967,CA-2015-122406,2015-08-05,Second Class,BE-11455,2908,128.85,3.87,TEC-PH-10001527,Providence
3103,CA-2017-119578,2017-12-27,Second Class,JG-15310,2908,220.98,50.83,FUR-BO-10003660,Providence
7681,CA-2014-133592,2015-01-07,Standard Class,KM-16375,2908,341.96,78.65,FUR-BO-10000362,Providence
6469,CA-2016-163804,2016-12-08,Standard Class,DB-13270,2908,629.95,176.39,TEC-PH-10000441,Providence
7682,CA-2014-133592,2015-01-07,Standard Class,KM-16375,2908,605.88,151.47,FUR-CH-10004218,Providence
4541,CA-2015-104129,2015-03-02,Standard Class,ES-14080,2908,493.92,-28.22,FUR-TA-10004152,Providence
2024,CA-2016-168354,2016-09-21,First Class,RH-19510,2908,872.32,244.25,FUR-CH-10004675,Providence
3102,CA-2017-119578,2017-12-27,Second Class,JG-15310,2908,695.16,34.76,OFF-SU-10003505,Providence
7680,CA-2014-133592,2015-01-07,Standard Class,KM-16375,2908,1687.80,742.63,TEC-AC-10002049,Providence
2021,CA-2016-168354,2016-09-21,First Class,RH-19510,2908,1606.23,481.87,OFF-ST-10001490,Providence
6468,CA-2016-163804,2016-12-08,Standard Class,DB-13270,2908,2079.40,582.23,OFF-ST-10000142,Providence
7667,US-2016-140158,2016-10-08,Standard Class,DR-12940,2908,5399.91,2591.96,TEC-CO-10001449,Providence
397,CA-2017-165603,2017-10-19,Second Class,SS-20140,2886,12.96,6.22,OFF-PA-10002552,Warwick
396,CA-2017-165603,2017-10-19,Second Class,SS-20140,2886,49.96,9.49,OFF-ST-10000798,Warwick
4361,CA-2016-127642,2016-05-23,First Class,CP-12340,2886,111.96,54.86,OFF-PA-10000565,Warwick
2371,CA-2017-155152,2017-07-09,Second Class,MP-17965,2886,252.00,93.24,TEC-AC-10004353,Warwick
6528,CA-2016-157791,2016-12-28,Second Class,CA-11965,2886,1999.96,899.98,TEC-CO-10002095,Warwick
5183,CA-2017-108749,2017-09-15,First Class,DJ-13510,2895,45.78,22.89,OFF-BI-10003707,Woonsocket
5182,CA-2017-108749,2017-09-15,First Class,DJ-13510,2895,45.36,21.77,OFF-PA-10003797,Woonsocket
3990,CA-2014-122588,2014-11-27,Second Class,AR-10540,2895,52.96,20.12,FUR-FU-10001095,Woonsocket
5093,CA-2015-119102,2015-05-27,Standard Class,KH-16690,2895,51.45,13.89,OFF-ST-10004507,Woonsocket
9390,US-2017-127292,2017-01-23,Standard Class,RM-19375,5408,2.04,0.96,OFF-EN-10001509,Burlington
9148,US-2016-165505,2016-01-27,Standard Class,CB-12535,5408,8.04,2.73,OFF-AR-10003477,Burlington
9388,US-2017-127292,2017-01-23,Standard Class,RM-19375,5408,12.28,5.77,OFF-PA-10001970,Burlington
9387,US-2017-127292,2017-01-23,Standard Class,RM-19375,5408,79.92,37.56,OFF-PA-10000157,Burlington
9147,US-2016-165505,2016-01-27,Standard Class,CB-12535,5408,99.98,42.99,TEC-AC-10002926,Burlington
2235,CA-2017-104066,2017-12-10,Standard Class,QJ-19255,5408,205.03,67.66,TEC-AC-10001013,Burlington
9389,US-2017-127292,2017-01-23,Standard Class,RM-19375,5408,542.94,152.02,OFF-AP-10000828,Burlington
5275,CA-2015-162887,2015-11-09,Second Class,SV-20785,5408,715.20,178.80,FUR-CH-10000595,Burlington
8799,US-2016-150140,2016-04-10,Standard Class,VM-21685,5408,1294.75,336.63,TEC-PH-10002555,Burlington
9149,US-2016-165505,2016-01-27,Standard Class,CB-12535,5408,1564.29,406.72,OFF-ST-10001526,Burlington
9742,CA-2015-117086,2015-11-12,Standard Class,QJ-19255,5408,4404.90,1013.13,FUR-BO-10004834,Burlington
7896,CA-2017-124744,2017-06-25,Standard Class,EH-14125,26003,6.24,3.06,OFF-BI-10000145,Wheeling
7895,CA-2017-124744,2017-06-25,Standard Class,EH-14125,26003,82.40,40.38,OFF-BI-10002852,Wheeling
7897,CA-2017-124744,2017-06-25,Standard Class,EH-14125,26003,447.84,219.44,OFF-PA-10001970,Wheeling
9487,CA-2017-130505,2017-10-12,Same Day,NF-18385,26003,673.34,-76.95,FUR-TA-10001932,Wheeling
3448,CA-2017-102554,2017-06-15,Standard Class,KN-16705,36830,3.76,1.09,OFF-AR-10001919,Auburn
6924,CA-2015-134257,2015-03-19,Second Class,MS-17710,36830,7.38,3.39,OFF-EN-10003845,Auburn
2015,CA-2016-145905,2016-09-23,Standard Class,AM-10705,36830,13.08,6.02,OFF-PA-10000533,Auburn
6923,CA-2015-134257,2015-03-19,Second Class,MS-17710,36830,491.55,240.86,OFF-LA-10003930,Auburn
2014,CA-2016-145905,2016-09-23,Standard Class,AM-10705,36830,350.98,84.24,FUR-CH-10001854,Auburn
2016,CA-2016-145905,2016-09-23,Standard Class,AM-10705,36830,900.08,117.01,OFF-ST-10003716,Auburn
9670,CA-2017-145275,2017-04-06,Standard Class,AH-10465,35601,14.94,6.87,OFF-LA-10001569,Decatur
81,CA-2016-127208,2016-06-15,First Class,SC-20770,35601,16.74,8.04,OFF-BI-10002309,Decatur
3704,CA-2015-104941,2015-06-19,Standard Class,DH-13075,35601,19.14,8.80,OFF-BI-10001249,Decatur
8338,CA-2014-153087,2015-01-03,Standard Class,TC-20980,35601,23.92,11.72,OFF-PA-10001243,Decatur
3706,CA-2015-104941,2015-06-19,Standard Class,DH-13075,35601,32.40,15.55,OFF-PA-10003363,Decatur
3703,CA-2015-104941,2015-06-19,Standard Class,DH-13075,35601,24.78,6.94,OFF-AR-10004269,Decatur
3269,CA-2014-143840,2014-05-29,Standard Class,EH-14185,35601,44.95,12.59,TEC-PH-10003171,Decatur
3268,CA-2014-143840,2014-05-29,Standard Class,EH-14185,35601,135.98,33.99,TEC-PH-10002660,Decatur
80,CA-2016-127208,2016-06-15,First Class,SC-20770,35601,208.16,56.20,OFF-AP-10002118,Decatur
8554,US-2017-102904,2017-11-20,Standard Class,CB-12025,35601,239.92,23.99,TEC-AC-10000927,Decatur
8339,CA-2014-153087,2015-01-03,Standard Class,TC-20980,35601,498.00,184.26,TEC-AC-10003198,Decatur
3705,CA-2015-104941,2015-06-19,Standard Class,DH-13075,35601,899.97,314.99,TEC-CO-10004202,Decatur
5927,US-2014-118997,2014-04-12,Standard Class,RA-19885,35601,1215.92,316.14,FUR-TA-10001086,Decatur
1578,CA-2016-154403,2016-05-27,Standard Class,AP-10720,35630,4.98,2.44,OFF-PA-10001526,Florence
1433,CA-2014-120768,2014-12-21,Second Class,IM-15070,35630,7.27,1.96,OFF-SU-10004115,Florence
1270,CA-2017-100426,2017-06-08,Standard Class,DC-12850,35630,12.48,5.62,OFF-PA-10002870,Florence
1432,CA-2014-120768,2014-12-21,Second Class,IM-15070,35630,152.76,74.85,OFF-BI-10001191,Florence
1434,CA-2014-120768,2014-12-21,Second Class,IM-15070,35630,1819.86,163.79,FUR-CH-10000513,Florence
2835,CA-2017-134649,2017-01-31,Second Class,CA-11965,35244,7.16,3.44,OFF-BI-10001890,Hoover
2834,CA-2017-134649,2017-01-31,Second Class,CA-11965,35244,15.47,4.18,OFF-AR-10001547,Hoover
2741,CA-2017-122707,2017-04-18,First Class,EB-13750,35244,25.98,1.56,TEC-AC-10004227,Hoover
2740,CA-2017-122707,2017-04-18,First Class,EB-13750,35244,477.24,9.54,OFF-SU-10000157,Hoover
4923,CA-2017-114055,2017-12-29,Second Class,MH-18115,35810,3.62,1.19,OFF-FA-10003059,Huntsville
9011,CA-2017-127803,2017-05-23,Standard Class,ND-18460,35810,26.16,12.82,OFF-BI-10001787,Huntsville
7654,CA-2015-121552,2015-03-27,Standard Class,FW-14395,35810,19.56,5.48,OFF-AR-10003217,Huntsville
2187,CA-2016-101378,2016-07-14,Same Day,RH-19600,35810,29.00,7.25,TEC-AC-10002345,Huntsville
4922,CA-2017-114055,2017-12-29,Second Class,MH-18115,35810,96.08,46.12,OFF-PA-10004381,Huntsville
8343,CA-2016-132549,2016-11-30,Standard Class,JK-15370,35810,73.36,19.81,OFF-ST-10001325,Huntsville
4925,CA-2017-114055,2017-12-29,Second Class,MH-18115,35810,90.48,23.52,TEC-PH-10002890,Huntsville
9490,US-2016-102232,2016-08-11,Standard Class,MF-17665,35810,197.05,59.12,OFF-AR-10000538,Huntsville
4924,CA-2017-114055,2017-12-29,Second Class,MH-18115,35810,629.10,301.97,OFF-PA-10000994,Huntsville
5517,US-2016-138408,2016-11-21,Second Class,KC-16255,35810,1319.96,527.98,TEC-AC-10003870,Huntsville
3482,CA-2014-124023,2014-04-10,First Class,PJ-19015,36608,8.96,2.78,FUR-FU-10004415,Mobile
1454,CA-2016-133711,2016-11-29,First Class,MC-17425,36608,33.75,16.88,OFF-BI-10004352,Mobile
3502,CA-2016-108616,2016-10-03,Standard Class,JK-15730,36608,25.92,7.78,OFF-AR-10001149,Mobile
3501,CA-2016-108616,2016-10-03,Standard Class,JK-15730,36608,62.94,30.21,OFF-BI-10001989,Mobile
1452,CA-2016-133711,2016-11-29,First Class,MC-17425,36608,70.98,34.78,OFF-PA-10001685,Mobile
1453,CA-2016-133711,2016-11-29,First Class,MC-17425,36608,91.68,45.84,OFF-BI-10000666,Mobile
3818,CA-2015-102582,2015-09-19,Standard Class,NW-18400,36608,59.97,0.00,TEC-PH-10003187,Mobile
3500,CA-2016-108616,2016-10-03,Standard Class,JK-15730,36608,209.97,71.39,TEC-AC-10000420,Mobile
3817,CA-2015-102582,2015-09-19,Standard Class,NW-18400,36608,801.96,200.49,FUR-TA-10003569,Mobile
3819,CA-2015-102582,2015-09-19,Standard Class,NW-18400,36608,1056.86,306.49,FUR-CH-10004853,Mobile
1455,CA-2016-133711,2016-11-29,First Class,MC-17425,36608,3040.00,1459.20,TEC-MA-10000010,Mobile
5556,CA-2017-116113,2017-10-06,Second Class,JW-15220,36116,10.16,3.45,FUR-FU-10002963,Montgomery
2198,CA-2014-163013,2014-12-04,Standard Class,BF-11080,36116,14.67,3.96,OFF-AR-10001954,Montgomery
535,CA-2016-168753,2016-05-31,Second Class,RL-19615,36116,22.75,11.38,OFF-BI-10002557,Montgomery
6255,CA-2015-151624,2015-09-14,Standard Class,VW-21775,36116,21.36,8.12,FUR-FU-10001731,Montgomery
6824,CA-2015-154291,2015-07-29,Standard Class,YS-21880,36116,98.46,49.23,OFF-EN-10001335,Montgomery
1976,CA-2014-110408,2014-10-20,Second Class,AS-10225,36116,275.97,11.04,OFF-ST-10001522,Montgomery
6825,CA-2015-154291,2015-07-29,Standard Class,YS-21880,36116,358.58,39.44,FUR-TA-10002041,Montgomery
1978,CA-2014-110408,2014-10-20,Second Class,AS-10225,36116,545.88,70.96,FUR-CH-10003774,Montgomery
534,CA-2016-168753,2016-05-31,Second Class,RL-19615,36116,979.95,274.39,TEC-PH-10000984,Montgomery
1977,CA-2014-110408,2014-10-20,Second Class,AS-10225,36116,1394.95,362.69,TEC-PH-10002352,Montgomery
4937,CA-2017-150931,2017-01-13,Standard Class,DP-13390,35401,33.74,15.52,OFF-BI-10004728,Tuscaloosa
7151,CA-2017-100412,2017-12-26,Standard Class,SR-20425,35401,141.96,35.49,FUR-CH-10002647,Tuscaloosa
5860,CA-2015-108119,2015-11-08,Standard Class,MS-17530,72032,301.96,45.29,FUR-TA-10002530,Conway
962,CA-2015-160059,2015-11-30,Standard Class,TB-21190,72701,6.24,3.06,OFF-BI-10000145,Fayetteville
5928,CA-2014-114314,2014-10-15,Standard Class,DB-13555,72701,7.31,3.44,OFF-LA-10000240,Fayetteville
5929,CA-2014-114314,2014-10-15,Standard Class,DB-13555,72701,8.92,3.92,FUR-FU-10002107,Fayetteville
8263,CA-2016-100307,2016-12-19,Standard Class,TC-21475,72701,19.44,9.33,OFF-PA-10002552,Fayetteville
7890,CA-2016-148684,2016-12-29,Standard Class,TS-21655,72701,19.89,5.37,OFF-AR-10003811,Fayetteville
3850,CA-2017-161053,2017-09-23,First Class,JE-15745,72701,34.95,15.38,TEC-AC-10004633,Fayetteville
5277,CA-2017-147333,2017-12-20,Standard Class,KL-16555,72701,44.75,8.50,TEC-AC-10003038,Fayetteville
496,CA-2015-134782,2015-12-31,Standard Class,MD-17350,72701,105.42,51.66,OFF-EN-10001434,Fayetteville
7893,CA-2016-148684,2016-12-29,Standard Class,TS-21655,72701,106.32,49.97,OFF-PA-10003302,Fayetteville
5276,CA-2017-147333,2017-12-20,Standard Class,KL-16555,72701,159.80,70.31,TEC-AC-10004469,Fayetteville
7892,CA-2016-148684,2016-12-29,Standard Class,TS-21655,72701,343.85,137.54,FUR-FU-10003553,Fayetteville
7891,CA-2016-148684,2016-12-29,Standard Class,TS-21655,72701,399.98,171.99,TEC-AC-10001838,Fayetteville
3849,CA-2017-161053,2017-09-23,First Class,JE-15745,72701,691.96,318.30,OFF-BI-10004318,Fayetteville
9034,CA-2014-152268,2014-09-07,Standard Class,SC-20095,72701,1793.98,843.17,OFF-BI-10001359,Fayetteville
6718,CA-2016-134789,2016-04-15,Standard Class,CK-12325,71901,25.92,12.70,OFF-PA-10001934,Hot Springs
6717,CA-2016-134789,2016-04-15,Standard Class,CK-12325,71901,30.00,14.40,OFF-FA-10002280,Hot Springs
2642,CA-2015-169740,2015-02-25,Standard Class,LM-17065,71901,29.99,3.00,TEC-AC-10000927,Hot Springs
6719,CA-2016-134789,2016-04-15,Standard Class,CK-12325,71901,159.92,31.98,FUR-FU-10003268,Hot Springs
1125,US-2014-147627,2014-01-26,Standard Class,HL-15040,72401,6.63,1.79,OFF-AR-10003811,Jonesboro
5875,CA-2017-133095,2017-06-04,Same Day,EH-14005,72401,9.54,4.39,OFF-BI-10004141,Jonesboro
1126,US-2014-147627,2014-01-26,Standard Class,HL-15040,72401,23.34,10.97,OFF-EN-10001539,Jonesboro
1123,US-2014-147627,2014-01-26,Standard Class,HL-15040,72401,22.96,6.66,OFF-AR-10002375,Jonesboro
1124,US-2014-147627,2014-01-26,Standard Class,HL-15040,72401,38.60,11.58,FUR-FU-10003194,Jonesboro
6978,US-2016-119298,2016-11-28,First Class,EP-13915,72401,59.98,17.99,TEC-PH-10002564,Jonesboro
5874,CA-2017-133095,2017-06-04,Same Day,EH-14005,72401,108.08,54.04,OFF-BI-10002353,Jonesboro
9602,CA-2016-117604,2016-09-09,Standard Class,JP-15520,72401,239.50,114.96,OFF-PA-10001357,Jonesboro
4089,US-2014-156559,2014-08-26,Standard Class,LH-16900,72401,638.82,172.48,FUR-BO-10000711,Jonesboro
1122,US-2014-147627,2014-01-26,Standard Class,HL-15040,72401,699.93,181.98,TEC-PH-10001061,Jonesboro
1127,US-2014-147627,2014-01-26,Standard Class,HL-15040,72401,1067.94,224.27,FUR-CH-10002331,Jonesboro
5537,US-2016-167472,2016-06-07,First Class,CK-12595,72209,11.67,5.60,OFF-BI-10000591,Little Rock
5538,US-2016-167472,2016-06-07,First Class,CK-12595,72209,12.96,6.22,OFF-PA-10001534,Little Rock
5864,CA-2016-101525,2016-05-04,Second Class,CM-12235,72209,11.16,4.35,OFF-AR-10000716,Little Rock
2533,CA-2014-111500,2014-08-21,Standard Class,DJ-13510,72209,12.67,4.56,OFF-FA-10002676,Little Rock
2798,CA-2017-158743,2017-10-27,Standard Class,IG-15085,72209,13.36,4.14,OFF-AR-10002257,Little Rock
2532,CA-2014-111500,2014-08-21,Standard Class,DJ-13510,72209,17.96,8.26,OFF-BI-10000829,Little Rock
5863,CA-2016-101525,2016-05-04,Second Class,CM-12235,72209,19.44,9.33,OFF-PA-10003936,Little Rock
2201,US-2014-165659,2014-06-06,Standard Class,LT-17110,72209,22.20,9.10,FUR-FU-10001935,Little Rock
2799,CA-2017-158743,2017-10-27,Standard Class,IG-15085,72209,39.96,18.78,OFF-PA-10001019,Little Rock
5533,US-2016-167472,2016-06-07,First Class,CK-12595,72209,26.85,5.10,TEC-AC-10003038,Little Rock
6856,US-2017-162670,2017-12-28,Second Class,MF-18250,72209,44.96,20.68,OFF-PA-10001994,Little Rock
5535,US-2016-167472,2016-06-07,First Class,CK-12595,72209,59.94,28.17,OFF-PA-10000157,Little Rock
5536,US-2016-167472,2016-06-07,First Class,CK-12595,72209,64.14,30.79,OFF-BI-10001721,Little Rock
6853,US-2017-162670,2017-12-28,Second Class,MF-18250,72209,62.04,17.37,OFF-ST-10001328,Little Rock
5862,CA-2016-101525,2016-05-04,Second Class,CM-12235,72209,109.92,53.86,OFF-PA-10001497,Little Rock
2531,CA-2014-111500,2014-08-21,Standard Class,DJ-13510,72209,114.20,52.53,OFF-PA-10000595,Little Rock
2800,CA-2017-158743,2017-10-27,Standard Class,IG-15085,72209,145.85,70.01,OFF-BI-10003364,Little Rock
6857,US-2017-162670,2017-12-28,Second Class,MF-18250,72209,182.94,85.98,OFF-EN-10001453,Little Rock
5532,US-2016-167472,2016-06-07,First Class,CK-12595,72209,179.94,75.57,TEC-AC-10001109,Little Rock
5534,US-2016-167472,2016-06-07,First Class,CK-12595,72209,323.37,129.35,TEC-AC-10003174,Little Rock
2534,CA-2014-111500,2014-08-21,Standard Class,DJ-13510,72209,339.96,122.39,TEC-AC-10000844,Little Rock
6854,US-2017-162670,2017-12-28,Second Class,MF-18250,72209,494.97,148.49,TEC-PH-10003601,Little Rock
6855,US-2017-162670,2017-12-28,Second Class,MF-18250,72209,367.96,14.72,OFF-ST-10001522,Little Rock
2202,US-2014-165659,2014-06-06,Standard Class,LT-17110,72209,881.93,229.30,TEC-PH-10002563,Little Rock
9254,CA-2017-102309,2017-09-25,Second Class,DO-13645,71603,12.96,6.22,OFF-PA-10002005,Pine Bluff
9253,CA-2017-102309,2017-09-25,Second Class,DO-13645,71603,199.95,63.98,TEC-AC-10001114,Pine Bluff
5387,CA-2017-152786,2017-03-17,Standard Class,GA-14725,72756,40.41,18.59,OFF-BI-10000829,Rogers
9761,CA-2017-159135,2017-11-08,Standard Class,KM-16375,72762,4.30,1.42,OFF-AR-10000657,Springdale
3896,CA-2017-110212,2017-05-05,Standard Class,SJ-20125,71854,48.90,18.09,TEC-AC-10002331,Texarkana
5234,CA-2014-115084,2014-10-22,Standard Class,LS-17200,71854,605.34,145.28,FUR-CH-10004626,Texarkana
1907,US-2016-150567,2016-05-21,Standard Class,RP-19855,32712,2.95,-2.16,OFF-BI-10001757,Apopka
5687,CA-2014-131541,2014-07-28,Same Day,CK-12205,32712,14.32,5.19,OFF-FA-10000621,Apopka
4725,CA-2016-131968,2016-11-15,Standard Class,LB-16795,32712,9.89,-6.92,OFF-BI-10002852,Apopka
5689,CA-2014-131541,2014-07-28,Same Day,CK-12205,32712,48.94,16.52,OFF-EN-10000781,Apopka
1908,US-2016-150567,2016-05-21,Standard Class,RP-19855,32712,27.02,-21.61,OFF-BI-10000069,Apopka
5688,CA-2014-131541,2014-07-28,Same Day,CK-12205,32712,129.89,12.99,FUR-FU-10003623,Apopka
4726,CA-2016-131968,2016-11-15,Standard Class,LB-16795,32712,671.54,50.37,OFF-AP-10001058,Apopka
964,CA-2014-127488,2014-09-24,Second Class,MS-17365,33433,4.61,1.67,OFF-LA-10001613,Boca Raton
7993,CA-2016-133872,2016-06-17,First Class,VM-21835,33433,18.46,2.31,TEC-AC-10000521,Boca Raton
7992,CA-2016-133872,2016-06-17,First Class,VM-21835,33433,39.94,-26.62,OFF-BI-10002082,Boca Raton
1915,CA-2017-124597,2017-05-05,Standard Class,AS-10630,33437,4.61,1.67,OFF-LA-10003190,Boynton Beach
7305,US-2017-117450,2017-09-08,Standard Class,DO-13645,33437,10.37,3.63,OFF-PA-10000289,Boynton Beach
1917,CA-2017-124597,2017-05-05,Standard Class,AS-10630,33437,11.95,3.88,OFF-LA-10001569,Boynton Beach
2106,US-2014-167633,2014-10-05,Standard Class,BW-11200,33437,15.55,5.44,OFF-PA-10004888,Boynton Beach
1916,CA-2017-124597,2017-05-05,Standard Class,AS-10630,33437,15.53,4.85,OFF-AR-10002280,Boynton Beach
1235,CA-2016-144344,2016-10-28,Same Day,PG-18820,33437,47.95,13.79,FUR-FU-10000076,Boynton Beach
1237,CA-2016-144344,2016-10-28,Same Day,PG-18820,33437,63.97,0.00,FUR-FU-10003268,Boynton Beach
1236,CA-2016-144344,2016-10-28,Same Day,PG-18820,33437,37.42,-29.94,OFF-BI-10003719,Boynton Beach
7304,US-2017-117450,2017-09-08,Standard Class,DO-13645,33437,97.18,6.07,FUR-CH-10003817,Boynton Beach
1238,CA-2016-144344,2016-10-28,Same Day,PG-18820,33437,165.05,41.26,FUR-FU-10003553,Boynton Beach
8923,CA-2016-145709,2016-10-08,Standard Class,AH-10690,33134,11.57,2.60,FUR-FU-10002885,Coral Gables
8922,CA-2016-145709,2016-10-08,Standard Class,AH-10690,33134,52.68,19.75,TEC-PH-10003095,Coral Gables
9336,CA-2017-110198,2017-05-02,First Class,AG-10900,33065,4.61,1.50,OFF-LA-10004409,Coral Springs
2558,US-2015-112508,2015-03-30,Standard Class,BP-11185,33065,6.99,0.52,OFF-AP-10002287,Coral Springs
1194,US-2015-130519,2015-09-15,Same Day,NG-18355,33065,15.55,5.44,OFF-PA-10001937,Coral Springs
1195,US-2015-130519,2015-09-15,Same Day,NG-18355,33065,15.71,2.55,FUR-FU-10002268,Coral Springs
1196,US-2015-130519,2015-09-15,Same Day,NG-18355,33065,24.67,2.16,OFF-ST-10001321,Coral Springs
1197,US-2015-130519,2015-09-15,Same Day,NG-18355,33065,55.97,-2.10,FUR-FU-10003394,Coral Springs
9335,CA-2017-110198,2017-05-02,First Class,AG-10900,33065,314.35,-15.72,FUR-BO-10001798,Coral Springs
2911,CA-2015-118444,2015-11-09,Standard Class,VD-21670,33065,387.14,24.20,OFF-AP-10000576,Coral Springs
8208,CA-2015-122266,2015-04-30,Standard Class,SA-20830,32114,2.62,0.43,OFF-AR-10004757,Daytona Beach
4335,CA-2015-112375,2015-12-27,Standard Class,RD-19720,32114,27.31,9.22,OFF-EN-10003798,Daytona Beach
4334,CA-2015-112375,2015-12-27,Standard Class,RD-19720,32114,50.88,14.63,TEC-AC-10003237,Daytona Beach
8207,CA-2015-122266,2015-04-30,Standard Class,SA-20830,32114,191.52,-76.61,FUR-TA-10000577,Daytona Beach
6591,CA-2014-164749,2014-03-26,First Class,BG-11740,33445,9.91,3.22,OFF-LA-10004484,Delray Beach
9277,CA-2016-113236,2016-05-29,Second Class,CP-12085,33445,47.92,11.98,TEC-AC-10001267,Delray Beach
9276,CA-2016-113236,2016-05-29,Second Class,CP-12085,33445,184.70,13.85,OFF-ST-10000532,Delray Beach
1320,CA-2014-160773,2014-07-05,Standard Class,LW-16825,32725,5.18,-3.63,OFF-BI-10000546,Deltona
2159,CA-2017-148166,2017-10-26,Standard Class,NK-18490,32725,17.86,2.01,OFF-AR-10004956,Deltona
5133,CA-2015-123330,2015-06-27,Standard Class,EP-13915,32725,107.98,37.79,TEC-PH-10001819,Deltona
5106,CA-2014-116568,2014-12-20,Standard Class,BM-11785,32725,186.30,13.97,FUR-CH-10002439,Deltona
1319,CA-2014-160773,2014-07-05,Standard Class,LW-16825,32725,575.92,71.99,TEC-PH-10004586,Deltona
2530,CA-2014-108707,2014-10-29,Standard Class,DB-12910,33311,10.37,3.63,OFF-PA-10000788,Fort Lauderdale
4965,CA-2016-141180,2016-05-19,Second Class,DP-13000,33311,7.76,-5.18,OFF-BI-10000301,Fort Lauderdale
2773,CA-2017-158967,2017-12-12,First Class,BT-11680,33311,19.10,5.73,FUR-FU-10001940,Fort Lauderdale
5,US-2015-108966,2015-10-18,Standard Class,SO-20335,33311,22.37,2.52,OFF-ST-10000760,Fort Lauderdale
3785,CA-2017-125752,2017-08-04,Standard Class,EH-14125,33311,41.42,8.28,TEC-AC-10003590,Fort Lauderdale
9806,CA-2016-136322,2016-10-26,Standard Class,AP-10720,33311,45.57,9.68,FUR-FU-10002878,Fort Lauderdale
9807,CA-2016-136322,2016-10-26,Standard Class,AP-10720,33311,28.75,-21.08,OFF-BI-10004817,Fort Lauderdale
7201,CA-2016-104276,2016-12-03,Standard Class,HF-14995,33311,116.76,14.60,TEC-PH-10001944,Fort Lauderdale
3488,CA-2017-120705,2017-09-11,Standard Class,MG-17875,33311,147.18,-29.44,OFF-ST-10001522,Fort Lauderdale
7202,CA-2016-104276,2016-12-03,Standard Class,HF-14995,33311,331.02,-114.35,FUR-TA-10001039,Fort Lauderdale
6707,CA-2016-112277,2016-09-15,Standard Class,SC-20695,33311,519.68,58.46,TEC-PH-10003505,Fort Lauderdale
7277,CA-2014-120670,2014-11-06,Standard Class,JK-16120,33311,799.92,239.98,TEC-AC-10004171,Fort Lauderdale
8661,CA-2017-124765,2017-11-30,Standard Class,HZ-14950,33311,723.92,-81.44,FUR-BO-10003965,Fort Lauderdale
6989,CA-2017-158561,2017-11-16,Second Class,BB-11545,33311,1158.12,130.29,OFF-AP-10002651,Fort Lauderdale
4,US-2015-108966,2015-10-18,Standard Class,SO-20335,33311,957.58,-383.03,FUR-TA-10000577,Fort Lauderdale
3770,CA-2014-153913,2014-12-20,Second Class,KB-16585,33012,1.98,0.67,OFF-FA-10000490,Hialeah
1887,CA-2014-140165,2014-05-15,First Class,EH-14005,33012,7.10,2.40,OFF-FA-10002815,Hialeah
9771,CA-2016-123533,2016-11-30,Standard Class,SC-20050,33012,10.53,3.42,OFF-PA-10001609,Hialeah
7192,CA-2016-116918,2016-10-06,Second Class,JK-15205,33012,5.39,-4.49,OFF-BI-10004140,Hialeah
4330,CA-2017-149853,2017-10-09,Standard Class,PO-18850,33012,15.55,5.44,OFF-PA-10000556,Hialeah
2695,CA-2014-143182,2014-10-20,Standard Class,DL-12865,33012,15.38,4.04,FUR-FU-10004270,Hialeah
8957,CA-2017-105620,2017-12-28,First Class,JH-15430,33012,21.00,5.78,FUR-FU-10004963,Hialeah
4331,CA-2017-149853,2017-10-09,Standard Class,PO-18850,33012,17.92,1.12,OFF-AP-10000804,Hialeah
7193,CA-2016-116918,2016-10-06,Second Class,JK-15205,33012,30.98,5.03,OFF-AR-10003631,Hialeah
5759,CA-2015-149300,2015-11-23,First Class,BH-11710,33012,32.98,-1.98,TEC-MA-10000423,Hialeah
9772,CA-2016-123533,2016-11-30,Standard Class,SC-20050,33012,42.38,4.24,OFF-AP-10002765,Hialeah
725,CA-2016-114713,2016-07-12,Standard Class,SC-20695,33012,45.58,5.13,OFF-SU-10004664,Hialeah
8325,CA-2017-144456,2017-09-09,First Class,FC-14245,33012,61.68,5.40,OFF-ST-10001321,Hialeah
8958,CA-2017-105620,2017-12-28,First Class,JH-15430,33012,120.00,-7.20,TEC-MA-10004626,Hialeah
8326,CA-2017-144456,2017-09-09,First Class,FC-14245,33012,158.38,13.86,TEC-PH-10001750,Hialeah
9770,CA-2016-123533,2016-11-30,Standard Class,SC-20050,33012,339.92,8.50,FUR-BO-10001619,Hialeah
1888,CA-2014-140165,2014-05-15,First Class,EH-14005,33012,398.35,-331.96,OFF-BI-10004519,Hialeah
3769,CA-2014-153913,2014-12-20,Second Class,KB-16585,33012,1013.83,101.38,FUR-CH-10000988,Hialeah
7252,CA-2016-116764,2016-09-02,Standard Class,EM-13825,33021,9.22,3.34,OFF-LA-10002473,Hollywood
4132,CA-2015-111703,2015-07-09,Standard Class,KB-16315,33021,11.95,4.03,OFF-PA-10000349,Hollywood
8474,CA-2015-169733,2015-10-26,Second Class,GM-14500,33021,9.95,1.00,OFF-ST-10000876,Hollywood
4133,CA-2015-111703,2015-07-09,Standard Class,KB-16315,33021,15.55,5.64,OFF-PA-10003349,Hollywood
6415,CA-2017-142671,2017-11-14,Second Class,DR-12940,33021,11.52,-7.68,OFF-BI-10004099,Hollywood
6138,US-2016-142251,2016-11-04,Second Class,FO-14305,33021,32.06,11.22,OFF-PA-10002986,Hollywood
7924,CA-2017-134096,2017-09-29,Standard Class,PP-18955,33021,15.57,-11.42,OFF-BI-10004002,Hollywood
8995,CA-2014-109043,2014-08-17,First Class,CS-12355,33021,91.36,29.69,OFF-PA-10000312,Hollywood
8996,CA-2014-109043,2014-08-17,First Class,CS-12355,33021,152.24,17.13,OFF-AP-10004708,Hollywood
9042,CA-2014-114335,2014-10-03,Standard Class,XP-21865,33021,337.09,16.85,FUR-FU-10000277,Hollywood
7923,CA-2017-134096,2017-09-29,Standard Class,PP-18955,33021,383.96,38.40,TEC-PH-10000526,Hollywood
3947,CA-2017-167871,2017-11-23,Standard Class,AF-10870,33030,2.94,-0.66,OFF-SU-10001225,Homestead
3946,CA-2017-167871,2017-11-23,Standard Class,AF-10870,33030,44.38,15.53,OFF-PA-10001977,Homestead
1136,US-2016-148803,2016-12-11,Same Day,LR-16915,33030,85.22,7.46,OFF-ST-10001476,Homestead
2218,CA-2014-151953,2014-09-25,Standard Class,DB-13555,32216,2.82,0.99,OFF-AR-10003469,Jacksonville
4664,CA-2016-111409,2016-09-22,Standard Class,PO-18850,32216,3.00,1.05,OFF-LA-10002787,Jacksonville
2606,CA-2014-112718,2014-12-21,Standard Class,KN-16450,32216,1.17,-0.86,OFF-BI-10000591,Jacksonville
6598,CA-2014-169257,2014-06-12,Standard Class,SV-20785,32216,1.37,-0.91,OFF-BI-10002557,Jacksonville
8235,CA-2017-102204,2017-05-06,Standard Class,CJ-12010,32216,3.33,0.42,OFF-SU-10001212,Jacksonville
3257,CA-2015-155453,2015-08-14,Standard Class,RA-19885,32216,4.61,1.67,OFF-LA-10001613,Jacksonville
8240,CA-2017-103065,2017-10-20,Same Day,PT-19090,32216,4.45,1.11,OFF-AR-10003251,Jacksonville
3464,CA-2016-165470,2016-11-30,Standard Class,HJ-14875,32216,5.08,1.65,OFF-PA-10004675,Jacksonville
8239,CA-2017-103065,2017-10-20,Same Day,PT-19090,32216,6.67,2.50,OFF-PA-10000380,Jacksonville
5489,CA-2017-134495,2017-04-04,Second Class,BF-11020,32216,6.26,2.04,OFF-LA-10000262,Jacksonville
4801,US-2016-148901,2016-05-19,Standard Class,MK-17905,32216,4.77,0.42,OFF-AR-10002467,Jacksonville
864,CA-2016-134474,2016-01-07,Second Class,AJ-10795,32216,5.25,0.59,OFF-AR-10003958,Jacksonville
8238,CA-2017-103065,2017-10-20,Same Day,PT-19090,32216,4.77,-0.77,OFF-ST-10000617,Jacksonville
6321,CA-2017-160017,2017-10-02,Standard Class,SP-20860,32216,10.37,3.63,OFF-PA-10001800,Jacksonville
2700,CA-2014-145317,2014-03-23,Standard Class,SM-20320,32216,8.02,1.00,OFF-AR-10003183,Jacksonville
5790,CA-2017-115070,2017-04-14,Second Class,MG-18205,32216,4.42,-3.09,OFF-BI-10003712,Jacksonville
435,US-2014-150574,2014-12-25,Standard Class,MK-18160,32216,4.81,-3.69,OFF-BI-10000773,Jacksonville
1282,CA-2017-122154,2017-04-11,First Class,SA-20830,32216,15.12,4.91,OFF-LA-10000121,Jacksonville
5789,CA-2017-115070,2017-04-14,Second Class,MG-18205,32216,12.32,1.85,FUR-FU-10003829,Jacksonville
3816,CA-2016-152471,2016-07-08,Same Day,ZD-21925,32216,15.98,5.00,OFF-PA-10004965,Jacksonville
7347,CA-2017-168389,2017-12-17,Standard Class,DV-13045,32216,13.58,1.36,OFF-AR-10001958,Jacksonville
2702,CA-2014-145317,2014-03-23,Standard Class,SM-20320,32216,18.94,5.92,OFF-FA-10003112,Jacksonville
2699,CA-2014-145317,2014-03-23,Standard Class,SM-20320,32216,21.38,7.48,OFF-PA-10001804,Jacksonville
9443,CA-2017-165904,2017-04-11,Standard Class,HR-14770,32216,16.26,1.22,OFF-AR-10003156,Jacksonville
4614,US-2017-165953,2017-01-06,Standard Class,EP-13915,32216,23.48,8.22,OFF-PA-10002250,Jacksonville
4802,US-2016-148901,2016-05-19,Standard Class,MK-17905,32216,10.38,-7.61,OFF-BI-10004002,Jacksonville
5490,CA-2017-134495,2017-04-04,Second Class,BF-11020,32216,20.81,1.82,OFF-AP-10002222,Jacksonville
4798,US-2016-148901,2016-05-19,Standard Class,MK-17905,32216,31.10,10.89,OFF-PA-10004983,Jacksonville
2711,US-2015-120572,2015-12-15,Standard Class,GH-14425,32216,12.83,-8.98,OFF-BI-10001098,Jacksonville
4799,US-2016-148901,2016-05-19,Standard Class,MK-17905,32216,30.19,8.30,FUR-FU-10002396,Jacksonville
2701,CA-2014-145317,2014-03-23,Standard Class,SM-20320,32216,30.77,8.08,FUR-FU-10004270,Jacksonville
4803,US-2016-148901,2016-05-19,Standard Class,MK-17905,32216,13.39,-9.82,OFF-BI-10002309,Jacksonville
4972,US-2016-153815,2016-11-09,First Class,KL-16555,32216,36.11,12.64,OFF-PA-10002421,Jacksonville
553,CA-2017-112774,2017-09-12,First Class,RC-19960,32216,34.50,6.04,FUR-FU-10003039,Jacksonville
5488,CA-2017-134495,2017-04-04,Second Class,BF-11020,32216,23.98,-5.69,TEC-PH-10004897,Jacksonville
4973,US-2016-153815,2016-11-09,First Class,KL-16555,32216,35.57,5.78,FUR-FU-10004090,Jacksonville
1283,CA-2017-122154,2017-04-11,First Class,SA-20830,32216,17.43,-13.36,OFF-BI-10002026,Jacksonville
8241,CA-2017-103065,2017-10-20,Same Day,PT-19090,32216,43.94,6.04,FUR-FU-10000175,Jacksonville
4800,US-2016-148901,2016-05-19,Standard Class,MK-17905,32216,43.60,4.36,TEC-PH-10003988,Jacksonville
6599,CA-2014-169257,2014-06-12,Standard Class,SV-20785,32216,62.02,22.48,OFF-PA-10002319,Jacksonville
3465,CA-2017-128699,2017-12-05,Second Class,ND-18370,32216,47.99,7.20,TEC-AC-10001990,Jacksonville
4613,US-2017-165953,2017-01-06,Standard Class,EP-13915,32216,47.62,3.57,OFF-AR-10000588,Jacksonville
5529,CA-2015-137106,2015-04-04,Standard Class,SC-20260,32216,79.96,27.99,TEC-PH-10000011,Jacksonville
865,CA-2016-134474,2016-01-07,Second Class,AJ-10795,32216,59.18,5.18,TEC-PH-10002923,Jacksonville
4974,US-2016-153815,2016-11-09,First Class,KL-16555,32216,88.77,31.07,OFF-PA-10004071,Jacksonville
9515,CA-2014-100293,2014-03-18,Standard Class,NF-18475,32216,91.06,31.87,OFF-PA-10000176,Jacksonville
7348,CA-2017-168389,2017-12-17,Standard Class,DV-13045,32216,64.78,-12.15,FUR-CH-10000225,Jacksonville
7346,CA-2017-168389,2017-12-17,Standard Class,DV-13045,32216,73.57,-16.55,TEC-PH-10003555,Jacksonville
4126,CA-2017-123239,2017-07-31,Second Class,MG-18145,32216,91.03,-2.28,FUR-FU-10001602,Jacksonville
4797,US-2016-148901,2016-05-19,Standard Class,MK-17905,32216,57.58,-44.15,OFF-BI-10001718,Jacksonville
2703,CA-2014-145317,2014-03-23,Standard Class,SM-20320,32216,122.35,15.29,FUR-FU-10001986,Jacksonville
1880,US-2017-166611,2017-04-02,Standard Class,CK-12760,32216,68.74,-48.12,OFF-BI-10001191,Jacksonville
3656,CA-2017-168102,2017-04-30,Standard Class,CP-12340,32216,113.57,-21.29,OFF-ST-10001370,Jacksonville
863,CA-2016-134474,2016-01-07,Second Class,AJ-10795,32216,191.47,40.69,TEC-AC-10001714,Jacksonville
8594,CA-2017-159667,2017-11-13,Standard Class,PM-19135,32216,191.98,38.40,TEC-AC-10002567,Jacksonville
8955,CA-2014-156790,2014-08-10,Second Class,VG-21790,32216,155.46,-7.77,FUR-BO-10000468,Jacksonville
1284,CA-2017-122154,2017-04-11,First Class,SA-20830,32216,251.64,88.07,OFF-PA-10000994,Jacksonville
9444,CA-2017-165904,2017-04-11,Standard Class,HR-14770,32216,219.18,19.18,TEC-PH-10000576,Jacksonville
1468,CA-2015-100769,2015-05-16,Same Day,TH-21550,32216,255.97,32.00,TEC-AC-10002402,Jacksonville
4971,US-2016-153815,2016-11-09,First Class,KL-16555,32216,207.98,-28.60,FUR-CH-10000513,Jacksonville
5491,CA-2017-134495,2017-04-04,Second Class,BF-11020,32216,218.35,-19.11,FUR-CH-10003774,Jacksonville
436,US-2014-150574,2014-12-25,Standard Class,MK-18160,32216,247.80,-18.59,TEC-AC-10002600,Jacksonville
8595,CA-2017-159667,2017-11-13,Standard Class,PM-19135,32216,499.17,31.20,TEC-PH-10004094,Jacksonville
756,CA-2016-140928,2016-09-22,Standard Class,NB-18655,32216,383.44,-167.32,FUR-TA-10001095,Jacksonville
4976,CA-2015-142202,2015-09-23,Second Class,JR-16210,32216,717.12,152.39,TEC-AC-10003198,Jacksonville
1261,CA-2017-117079,2017-10-27,Standard Class,JR-15700,32216,863.88,107.99,TEC-PH-10004586,Jacksonville
3815,CA-2016-152471,2016-07-08,Same Day,ZD-21925,32216,823.96,51.50,TEC-PH-10002824,Jacksonville
2697,CA-2014-145317,2014-03-23,Standard Class,SM-20320,32216,821.30,-16.43,TEC-MA-10003626,Jacksonville
991,CA-2015-153549,2015-03-31,Second Class,SL-20155,32216,1166.92,131.28,FUR-CH-10004086,Jacksonville
7345,CA-2017-168389,2017-12-17,Standard Class,DV-13045,32216,721.88,-420.00,FUR-TA-10004289,Jacksonville
4520,CA-2017-107167,2017-06-14,Standard Class,ND-18460,32216,1347.52,84.22,OFF-ST-10003805,Jacksonville
8236,CA-2017-102204,2017-05-06,Standard Class,CJ-12010,32216,933.26,-458.15,FUR-TA-10001889,Jacksonville
5186,CA-2015-134719,2015-10-15,Standard Class,JD-15790,32216,1801.63,-337.81,OFF-ST-10004459,Jacksonville
8237,CA-2017-102204,2017-05-06,Standard Class,CJ-12010,32216,2803.92,0.00,FUR-CH-10002024,Jacksonville
2698,CA-2014-145317,2014-03-23,Standard Class,SM-20320,32216,22638.48,-1811.08,TEC-MA-10002412,Jacksonville
5441,US-2017-153633,2017-11-18,Second Class,TC-21295,33458,2.06,0.15,OFF-AR-10002335,Jupiter
8365,CA-2017-137631,2017-05-02,Standard Class,JL-15235,34741,751.98,84.60,TEC-PH-10002624,Kissimmee
6165,CA-2014-103989,2014-03-21,First Class,MC-17605,33801,4.99,1.37,FUR-FU-10003981,Lakeland
3124,CA-2015-121720,2015-06-12,First Class,JE-15610,33801,3.77,-3.14,OFF-BI-10001308,Lakeland
6162,CA-2014-103989,2014-03-21,First Class,MC-17605,33801,11.81,3.99,OFF-LA-10000443,Lakeland
4253,CA-2015-155068,2015-10-23,Same Day,RA-19285,33801,10.69,2.27,OFF-AR-10002656,Lakeland
4254,CA-2015-155068,2015-10-23,Same Day,RA-19285,33801,11.82,1.03,TEC-PH-10004924,Lakeland
6166,CA-2014-103989,2014-03-21,First Class,MC-17605,33801,20.02,5.50,FUR-FU-10002508,Lakeland
6163,CA-2014-103989,2014-03-21,First Class,MC-17605,33801,26.16,1.96,OFF-ST-10000918,Lakeland
528,CA-2017-113558,2017-10-26,Standard Class,PH-18790,33801,45.70,5.14,FUR-FU-10001756,Lakeland
3121,CA-2015-121720,2015-06-12,First Class,JE-15610,33801,48.67,7.30,FUR-FU-10003464,Lakeland
3122,CA-2015-121720,2015-06-12,First Class,JE-15610,33801,60.77,7.60,OFF-AR-10000380,Lakeland
6164,CA-2014-103989,2014-03-21,First Class,MC-17605,33801,33.57,-25.74,OFF-BI-10001196,Lakeland
4252,CA-2015-155068,2015-10-23,Same Day,RA-19285,33801,55.94,-13.29,TEC-PH-10004897,Lakeland
6167,CA-2014-103989,2014-03-21,First Class,MC-17605,33801,170.24,53.20,TEC-AC-10002647,Lakeland
3123,CA-2015-121720,2015-06-12,First Class,JE-15610,33801,78.60,-62.88,OFF-BI-10004593,Lakeland
3120,CA-2015-121720,2015-06-12,First Class,JE-15610,33801,249.58,31.20,TEC-PH-10002496,Lakeland
6161,CA-2014-103989,2014-03-21,First Class,MC-17605,33801,323.98,28.35,TEC-PH-10004667,Lakeland
7037,CA-2014-124618,2014-05-04,Second Class,CS-11860,33801,479.98,90.00,TEC-CO-10004202,Lakeland
3126,CA-2015-121720,2015-06-12,First Class,JE-15610,33801,563.81,21.14,OFF-ST-10003816,Lakeland
527,CA-2017-113558,2017-10-26,Standard Class,PH-18790,33801,683.95,42.75,FUR-CH-10003379,Lakeland
8137,CA-2016-118073,2016-08-16,Standard Class,CS-12490,33801,562.29,-255.59,FUR-TA-10002533,Lakeland
3125,CA-2015-121720,2015-06-12,First Class,JE-15610,33801,1036.62,51.83,OFF-ST-10001780,Lakeland
3119,CA-2015-121720,2015-06-12,First Class,JE-15610,33801,1123.92,-182.64,FUR-CH-10003312,Lakeland
4422,CA-2014-117016,2014-03-09,Standard Class,SC-20095,33063,15.55,2.33,OFF-AR-10001374,Margate
44,CA-2017-139619,2017-09-23,Standard Class,ES-14080,32935,95.62,9.56,OFF-ST-10003282,Melbourne
8292,CA-2014-156244,2014-08-16,Standard Class,DH-13675,33180,2.95,1.00,OFF-LA-10000443,Miami
5480,CA-2014-101770,2014-04-04,Standard Class,KB-16240,33180,1.87,-1.31,OFF-BI-10001097,Miami
7312,CA-2015-162761,2015-10-13,Standard Class,SC-20575,33178,1.87,-1.31,OFF-BI-10000145,Miami
5293,CA-2017-151218,2017-06-23,First Class,PJ-19015,33180,4.46,0.33,OFF-ST-10004835,Miami
3774,US-2014-102715,2014-04-13,Second Class,JK-15370,33180,6.91,2.33,OFF-FA-10001332,Miami
403,CA-2014-113166,2014-12-26,First Class,LF-17185,33180,9.57,3.47,OFF-PA-10001947,Miami
5274,US-2016-158309,2016-11-29,First Class,PA-19060,33142,3.74,-2.62,OFF-BI-10000145,Miami
3265,CA-2016-122518,2016-03-08,Second Class,RF-19345,33180,10.08,3.53,OFF-LA-10001641,Miami
8291,CA-2014-156244,2014-08-16,Standard Class,DH-13675,33180,5.55,-1.04,OFF-SU-10000432,Miami
3776,US-2014-102715,2014-04-13,Second Class,JK-15370,33180,10.37,3.63,OFF-PA-10000029,Miami
6735,CA-2015-141754,2015-12-25,Standard Class,EM-14200,33142,11.70,3.95,OFF-LA-10004093,Miami
5628,CA-2017-148810,2017-06-30,Standard Class,DR-12880,33180,13.87,4.68,OFF-LA-10004689,Miami
6106,CA-2015-147011,2015-06-22,Standard Class,HR-14830,33178,13.63,3.58,OFF-AR-10002399,Miami
7137,CA-2015-163965,2015-11-27,Standard Class,SS-20875,33180,7.23,-5.78,OFF-BI-10004728,Miami
634,CA-2017-144694,2017-09-26,Second Class,BD-11605,33180,17.88,2.46,TEC-AC-10002857,Miami
5486,CA-2014-107573,2014-12-17,Standard Class,PB-19150,33178,23.47,7.63,OFF-EN-10001099,Miami
7138,CA-2015-163965,2015-11-27,Standard Class,SS-20875,33180,17.44,1.31,OFF-ST-10000918,Miami
8725,US-2016-135209,2016-12-31,Second Class,MH-17290,33178,25.34,8.87,OFF-PA-10000143,Miami
1898,CA-2014-169775,2014-09-02,Second Class,RA-19945,33178,29.81,10.81,OFF-EN-10001749,Miami
9586,CA-2016-160598,2016-08-28,First Class,SV-20815,33142,31.01,11.24,OFF-PA-10002319,Miami
7313,CA-2015-162761,2015-10-13,Standard Class,SC-20575,33178,11.21,-8.60,OFF-BI-10002498,Miami
8287,CA-2014-156244,2014-08-16,Standard Class,DH-13675,33180,31.10,10.89,OFF-PA-10000295,Miami
6004,US-2017-146878,2017-09-27,Standard Class,DL-12865,33142,12.29,-8.61,OFF-BI-10002794,Miami
9990,CA-2014-110422,2014-01-23,Second Class,TB-21400,33180,25.25,4.10,FUR-FU-10001889,Miami
8724,US-2016-135209,2016-12-31,Second Class,MH-17290,33178,37.41,13.09,OFF-PA-10002986,Miami
2500,US-2017-133781,2017-06-23,First Class,DC-12850,33178,37.61,12.69,OFF-EN-10004483,Miami
7369,CA-2017-161851,2017-04-17,First Class,BP-11095,33180,15.57,-11.94,OFF-BI-10004654,Miami
6048,CA-2015-105571,2015-11-11,Standard Class,CP-12340,33142,16.15,-12.92,OFF-BI-10003305,Miami
7314,CA-2015-162761,2015-10-13,Standard Class,SC-20575,33178,37.38,7.48,OFF-AR-10001761,Miami
6729,CA-2016-165827,2016-11-09,Standard Class,MF-17665,33180,50.50,8.21,FUR-FU-10001889,Miami
2271,CA-2017-164917,2017-12-07,Standard Class,MK-17905,33180,47.96,4.20,OFF-AR-10004344,Miami
8288,CA-2014-156244,2014-08-16,Standard Class,DH-13675,33180,47.96,4.20,OFF-AR-10004344,Miami
1531,CA-2015-103793,2015-03-31,Standard Class,BV-11245,33142,74.35,23.23,OFF-PA-10001125,Miami
3779,US-2017-148768,2017-12-02,Second Class,PN-18775,33180,71.98,9.00,TEC-PH-10002564,Miami
5836,CA-2015-101868,2015-06-16,Standard Class,MJ-17740,33178,38.52,-26.96,OFF-BI-10002133,Miami
5837,CA-2015-101868,2015-06-16,Standard Class,MJ-17740,33178,72.60,-8.17,TEC-AC-10004396,Miami
1048,CA-2016-169103,2016-03-13,Standard Class,ZC-21910,33142,102.36,-3.84,FUR-FU-10004006,Miami
5835,CA-2015-101868,2015-06-16,Standard Class,MJ-17740,33178,64.20,-42.80,OFF-BI-10003876,Miami
7139,CA-2015-163965,2015-11-27,Standard Class,SS-20875,33180,62.88,-50.30,OFF-BI-10004593,Miami
8625,CA-2015-136147,2015-11-18,Standard Class,FM-14380,33178,111.96,-1.40,TEC-AC-10004568,Miami
8289,CA-2014-156244,2014-08-16,Standard Class,DH-13675,33180,158.93,41.72,TEC-AC-10002473,Miami
635,CA-2017-144694,2017-09-26,Second Class,BD-11605,33180,235.94,85.53,OFF-LA-10003930,Miami
3798,CA-2017-121314,2017-09-26,First Class,BE-11410,33178,251.64,88.07,OFF-PA-10003395,Miami
8290,CA-2014-156244,2014-08-16,Standard Class,DH-13675,33180,211.25,15.84,OFF-AP-10002403,Miami
6031,US-2017-152492,2017-07-06,Same Day,AH-10585,33142,239.24,23.92,FUR-CH-10000155,Miami
8624,CA-2015-136147,2015-11-18,Standard Class,FM-14380,33178,121.10,-100.92,OFF-BI-10004224,Miami
1900,CA-2014-169775,2014-09-02,Second Class,RA-19945,33178,174.06,-110.76,FUR-TA-10001857,Miami
5629,CA-2017-148810,2017-06-30,Standard Class,DR-12880,33180,273.55,-13.68,FUR-CH-10001545,Miami
3777,US-2014-102715,2014-04-13,Second Class,JK-15370,33180,335.94,41.99,TEC-AC-10001874,Miami
3775,US-2014-102715,2014-04-13,Second Class,JK-15370,33180,383.98,81.59,TEC-AC-10002001,Miami
7140,CA-2015-163965,2015-11-27,Standard Class,SS-20875,33180,290.35,-36.29,FUR-BO-10001337,Miami
6352,CA-2017-161130,2017-11-08,Standard Class,BF-11275,33178,361.38,27.10,TEC-PH-10002549,Miami
5485,CA-2017-148999,2017-02-04,Standard Class,EB-13870,33142,419.14,-68.11,FUR-CH-10002044,Miami
2801,CA-2016-153318,2016-10-28,First Class,JS-15595,33180,783.96,78.40,TEC-PH-10000984,Miami
1899,CA-2014-169775,2014-09-02,Second Class,RA-19945,33178,505.18,-336.78,OFF-BI-10004390,Miami
1047,CA-2016-169103,2016-03-13,Standard Class,ZC-21910,33142,1363.96,85.25,TEC-PH-10001530,Miami
6049,CA-2015-105571,2015-11-11,Standard Class,CP-12340,33142,1345.48,-1031.54,OFF-BI-10001359,Miami
7965,CA-2017-104864,2017-11-23,Second Class,JS-15685,33023,20.74,7.26,OFF-PA-10004609,Miramar
7966,CA-2017-104864,2017-11-23,Second Class,JS-15685,33023,41.47,14.52,OFF-PA-10003309,Miramar
7963,CA-2017-104864,2017-11-23,Second Class,JS-15685,33023,20.23,-16.19,OFF-BI-10001636,Miramar
7962,CA-2017-104864,2017-11-23,Second Class,JS-15685,33023,81.36,-19.32,OFF-ST-10002301,Miramar
4075,CA-2017-108112,2017-11-20,Standard Class,DK-12895,33023,220.06,55.02,FUR-FU-10003553,Miramar
4076,CA-2017-108112,2017-11-20,Standard Class,DK-12895,33023,339.14,0.00,FUR-FU-10001488,Miramar
7964,CA-2017-104864,2017-11-23,Second Class,JS-15685,33023,389.06,48.63,OFF-AP-10002684,Miramar
4564,CA-2017-129490,2017-09-30,Standard Class,SJ-20125,33023,419.14,-57.63,FUR-CH-10003298,Miramar
8941,CA-2014-130918,2014-08-24,Second Class,JP-15520,33161,7.63,-1.81,OFF-SU-10003936,North Miami
3576,CA-2015-143532,2015-03-24,Standard Class,DC-12850,33161,14.50,4.89,OFF-PA-10001560,North Miami
8824,CA-2017-100622,2017-11-07,Standard Class,DK-13090,32839,10.69,3.74,OFF-PA-10002947,Orlando
8822,CA-2017-100622,2017-11-07,Standard Class,DK-13090,32839,4.09,-3.00,OFF-BI-10002982,Orlando
7616,CA-2014-148425,2014-12-04,Standard Class,RF-19345,32839,6.64,-4.43,OFF-BI-10000201,Orlando
2863,CA-2017-106537,2017-08-17,Standard Class,RH-19495,32839,20.74,7.26,OFF-PA-10000223,Orlando
8514,CA-2017-141614,2017-06-09,Standard Class,NS-18640,32839,20.74,7.26,OFF-PA-10002787,Orlando
6493,CA-2016-113845,2016-11-25,Standard Class,FA-14230,32839,39.72,4.47,OFF-ST-10003327,Orlando
8823,CA-2017-100622,2017-11-07,Standard Class,DK-13090,32839,55.98,4.20,OFF-AR-10004010,Orlando
3530,CA-2015-141145,2015-09-23,Standard Class,DB-13405,32839,87.17,10.90,TEC-AC-10001465,Orlando
6494,CA-2016-113845,2016-11-25,Standard Class,FA-14230,32839,244.77,24.48,TEC-PH-10003357,Orlando
6492,CA-2016-113845,2016-11-25,Standard Class,FA-14230,32839,289.57,10.86,FUR-BO-10004695,Orlando
8821,CA-2017-100622,2017-11-07,Standard Class,DK-13090,32839,959.98,311.99,TEC-CO-10003236,Orlando
2121,US-2017-168690,2017-01-13,Standard Class,TS-21085,32174,2.81,-1.97,OFF-BI-10000145,Ormond Beach
2850,CA-2016-123617,2016-12-03,Standard Class,AJ-10780,32137,7.43,-5.70,OFF-BI-10002976,Palm Coast
5437,CA-2014-103317,2014-07-08,First Class,DM-13525,32137,19.52,5.37,FUR-FU-10001591,Palm Coast
712,CA-2017-146136,2017-09-07,Standard Class,AP-10915,32137,24.45,8.86,OFF-EN-10001219,Palm Coast
5438,CA-2014-103317,2014-07-08,First Class,DM-13525,32137,9.81,-6.87,OFF-BI-10001787,Palm Coast
5439,CA-2014-103317,2014-07-08,First Class,DM-13525,32137,213.22,15.99,FUR-FU-10003192,Palm Coast
6477,CA-2017-140872,2017-06-10,Standard Class,NR-18550,33024,5.20,0.58,OFF-AP-10003622,Pembroke Pines
4755,CA-2017-126354,2017-02-08,Standard Class,SC-20380,33024,3.88,-2.59,OFF-BI-10000301,Pembroke Pines
6476,CA-2017-140872,2017-06-10,Standard Class,NR-18550,33024,4.55,-3.49,OFF-BI-10002432,Pembroke Pines
6479,CA-2017-140872,2017-06-10,Standard Class,NR-18550,33024,15.55,5.44,OFF-PA-10000809,Pembroke Pines
4666,CA-2016-116232,2016-09-26,Standard Class,AC-10450,33024,16.56,5.80,OFF-LA-10001158,Pembroke Pines
4665,CA-2016-116232,2016-09-26,Standard Class,AC-10450,33024,7.51,-6.00,OFF-BI-10004022,Pembroke Pines
6481,CA-2017-140872,2017-06-10,Standard Class,NR-18550,33024,24.47,1.84,OFF-AP-10002287,Pembroke Pines
4756,CA-2017-126354,2017-02-08,Standard Class,SC-20380,33024,115.30,40.35,OFF-PA-10004381,Pembroke Pines
386,US-2015-168935,2015-12-02,Standard Class,DO-13435,33024,83.98,-1.05,TEC-AC-10002335,Pembroke Pines
6483,CA-2017-140872,2017-06-10,Standard Class,NR-18550,33024,110.40,-4.14,TEC-AC-10002942,Pembroke Pines
6478,CA-2017-140872,2017-06-10,Standard Class,NR-18550,33024,205.99,-2.57,TEC-AC-10003832,Pembroke Pines
6482,CA-2017-140872,2017-06-10,Standard Class,NR-18550,33024,241.57,0.00,FUR-BO-10002824,Pembroke Pines
6480,CA-2017-140872,2017-06-10,Standard Class,NR-18550,33024,503.96,50.40,TEC-PH-10000441,Pembroke Pines
385,US-2015-168935,2015-12-02,Standard Class,DO-13435,33024,375.46,-157.01,FUR-TA-10000617,Pembroke Pines
4879,US-2016-131891,2016-07-31,First Class,PW-19240,32503,2.21,-1.48,OFF-BI-10000201,Pensacola
3660,CA-2015-128083,2015-03-17,Standard Class,EB-13750,33317,6.41,1.44,FUR-FU-10001731,Plantation
3658,CA-2015-128083,2015-03-17,Standard Class,EB-13750,33317,8.69,2.93,OFF-EN-10004030,Plantation
3809,CA-2015-113628,2015-11-19,Standard Class,AH-10690,33317,4.66,-3.73,OFF-BI-10002799,Plantation
3808,CA-2015-113628,2015-11-19,Standard Class,AH-10690,33317,5.24,-4.02,OFF-BI-10003291,Plantation
3807,CA-2015-113628,2015-11-19,Standard Class,AH-10690,33317,11.76,1.32,OFF-AR-10001246,Plantation
3659,CA-2015-128083,2015-03-17,Standard Class,EB-13750,33317,30.88,3.86,FUR-FU-10003194,Plantation
3811,CA-2015-113628,2015-11-19,Standard Class,AH-10690,33317,100.79,10.08,TEC-PH-10000441,Plantation
3812,CA-2015-113628,2015-11-19,Standard Class,AH-10690,33317,146.14,16.44,FUR-CH-10004477,Plantation
8557,CA-2015-117884,2015-03-22,Same Day,DC-13285,33317,150.41,-33.84,OFF-ST-10002182,Plantation
8556,CA-2015-117884,2015-03-22,Same Day,DC-13285,33317,447.94,89.59,TEC-AC-10002567,Plantation
3810,CA-2015-113628,2015-11-19,Standard Class,AH-10690,33317,523.92,-72.04,FUR-CH-10003298,Plantation
2780,CA-2017-108322,2017-05-05,Standard Class,SS-20140,33068,2.38,0.74,TEC-AC-10003433,Pompano Beach
2779,CA-2017-108322,2017-05-05,Standard Class,SS-20140,33068,23.68,6.22,FUR-FU-10001935,Pompano Beach
8377,CA-2017-156272,2017-03-27,Standard Class,PW-19030,33068,64.38,8.05,OFF-AP-10001242,Pompano Beach
1893,CA-2017-145310,2017-12-24,Second Class,JP-15520,32127,7.82,2.93,OFF-EN-10002621,Port Orange
3688,CA-2016-108567,2016-05-24,Standard Class,DB-13210,34952,2.69,-2.25,OFF-BI-10004140,Port Saint Lucie
8576,CA-2017-101273,2017-08-30,Second Class,ST-20530,34952,14.34,0.90,OFF-AP-10000804,Port Saint Lucie
4000,US-2015-149629,2015-07-20,Second Class,MP-17965,34952,231.92,5.80,FUR-BO-10004709,Port Saint Lucie
9819,CA-2015-162201,2015-06-12,Standard Class,AG-10495,33710,4.45,0.33,OFF-AR-10003856,Saint Petersburg
9820,CA-2015-162201,2015-06-12,Standard Class,AG-10495,33710,9.00,3.15,OFF-LA-10001982,Saint Petersburg
316,CA-2014-167850,2014-08-16,Standard Class,AG-10525,33710,15.55,5.44,OFF-PA-10001937,Saint Petersburg
2870,CA-2017-143861,2017-06-19,Standard Class,LC-16885,33710,17.09,1.07,FUR-FU-10001546,Saint Petersburg
9821,CA-2015-162201,2015-06-12,Standard Class,AG-10495,33710,42.24,13.20,OFF-PA-10001215,Saint Petersburg
5430,CA-2014-136861,2014-09-07,First Class,PR-18880,33710,31.98,2.00,FUR-FU-10001967,Saint Petersburg
9138,CA-2014-123400,2014-02-09,Standard Class,EB-13930,33710,18.34,-12.22,OFF-BI-10000666,Saint Petersburg
9822,CA-2015-162201,2015-06-12,Standard Class,AG-10495,33710,18.26,-13.39,OFF-BI-10002429,Saint Petersburg
9816,CA-2015-162201,2015-06-12,Standard Class,AG-10495,33710,173.49,54.22,OFF-PA-10002581,Saint Petersburg
9818,CA-2015-162201,2015-06-12,Standard Class,AG-10495,33710,173.21,45.47,FUR-FU-10001185,Saint Petersburg
315,CA-2014-167850,2014-08-16,Standard Class,AG-10525,33710,178.38,22.30,TEC-PH-10002398,Saint Petersburg
9139,CA-2014-123400,2014-02-09,Standard Class,EB-13930,33710,180.96,13.57,TEC-PH-10002890,Saint Petersburg
769,CA-2014-106810,2014-05-20,Standard Class,AJ-10795,33710,310.88,23.32,FUR-FU-10004306,Saint Petersburg
9817,CA-2015-162201,2015-06-12,Standard Class,AG-10495,33710,516.96,-6.46,OFF-ST-10000046,Saint Petersburg
8564,US-2017-108315,2017-05-04,Standard Class,MH-18115,32771,4.84,-3.55,OFF-BI-10000822,Sanford
8565,US-2017-108315,2017-05-04,Standard Class,MH-18115,32771,220.70,-8.28,FUR-FU-10000747,Sanford
4301,CA-2017-129021,2017-08-26,Second Class,PO-18850,32303,2.78,0.42,FUR-FU-10001852,Tallahassee
4302,CA-2017-129021,2017-08-26,Second Class,PO-18850,32303,8.72,2.94,OFF-PA-10000141,Tallahassee
9242,CA-2017-110310,2017-11-02,Standard Class,NB-18655,32303,6.58,0.58,OFF-AR-10001662,Tallahassee
9241,CA-2017-110310,2017-11-02,Standard Class,NB-18655,32303,5.61,-3.92,OFF-BI-10001097,Tallahassee
2749,CA-2015-110247,2015-12-08,Standard Class,RH-19555,32303,8.23,-6.03,OFF-BI-10001553,Tallahassee
7769,CA-2017-154088,2017-11-17,Standard Class,LB-16735,32303,26.72,9.35,OFF-PA-10003651,Tallahassee
4299,CA-2017-129021,2017-08-26,Second Class,PO-18850,32303,49.57,15.49,OFF-PA-10000241,Tallahassee
9240,CA-2017-110310,2017-11-02,Standard Class,NB-18655,32303,56.78,20.58,OFF-PA-10001685,Tallahassee
3170,CA-2016-138695,2016-06-03,Standard Class,KC-16675,32303,62.19,19.43,OFF-PA-10001667,Tallahassee
8752,CA-2016-105662,2016-05-09,Standard Class,RB-19465,32303,93.25,31.47,OFF-PA-10001001,Tallahassee
4300,CA-2017-129021,2017-08-26,Second Class,PO-18850,32303,161.38,12.10,OFF-AP-10003040,Tallahassee
8753,CA-2016-105662,2016-05-09,Standard Class,RB-19465,32303,177.48,19.97,TEC-PH-10001198,Tallahassee
3169,CA-2016-138695,2016-06-03,Standard Class,KC-16675,32303,390.27,-24.39,FUR-CH-10003833,Tallahassee
7730,US-2016-109260,2016-09-30,Standard Class,TN-21040,32303,431.98,-75.60,TEC-AC-10002637,Tallahassee
2555,CA-2016-118626,2016-08-20,Standard Class,JC-15775,32303,705.54,70.55,TEC-PH-10000369,Tallahassee
2839,CA-2016-147368,2016-06-12,First Class,TC-21295,32303,695.70,-27.83,TEC-MA-10002178,Tallahassee
4298,CA-2017-129021,2017-08-26,Second Class,PO-18850,32303,4367.90,327.59,TEC-PH-10001459,Tallahassee
6257,CA-2015-133977,2015-09-08,Second Class,AT-10435,33319,3.44,-2.53,OFF-BI-10003166,Tamarac
288,CA-2016-112697,2016-12-20,Second Class,AH-10195,33319,194.53,24.32,OFF-AP-10002684,Tamarac
287,CA-2016-112697,2016-12-20,Second Class,AH-10195,33319,254.06,-169.37,OFF-BI-10000778,Tamarac
289,CA-2016-112697,2016-12-20,Second Class,AH-10195,33319,961.48,-204.31,OFF-SU-10000646,Tamarac
9383,CA-2014-154158,2014-12-27,Second Class,CC-12670,33614,1.34,0.50,OFF-AR-10001868,Tampa
3382,US-2017-162208,2017-08-30,First Class,SP-20620,33614,2.90,0.98,OFF-EN-10004030,Tampa
9568,CA-2014-130428,2014-03-31,Same Day,TG-21640,33614,4.03,1.06,OFF-AR-10004027,Tampa
2440,CA-2017-139948,2017-07-22,Standard Class,SW-20455,33614,7.90,2.17,FUR-FU-10002597,Tampa
8277,US-2016-139262,2016-02-25,Standard Class,LC-16960,33614,3.76,-2.76,OFF-BI-10003727,Tampa
234,US-2017-100930,2017-04-12,Standard Class,CS-12400,33614,5.33,-3.55,OFF-BI-10001679,Tampa
563,CA-2014-145576,2014-09-18,Second Class,CA-12775,33614,13.13,3.77,FUR-FU-10004020,Tampa
562,CA-2014-145576,2014-09-18,Second Class,CA-12775,33614,13.00,1.30,OFF-AP-10003914,Tampa
5815,US-2015-106495,2015-06-17,First Class,AC-10450,33614,11.67,-0.73,TEC-AC-10002718,Tampa
605,CA-2014-149958,2014-03-19,Standard Class,AS-10240,33614,7.22,-5.53,OFF-BI-10000773,Tampa
835,CA-2016-165316,2016-07-27,Standard Class,JB-15400,33614,23.70,6.52,OFF-AP-10003266,Tampa
9567,CA-2014-130428,2014-03-31,Same Day,TG-21640,33614,12.65,-10.12,OFF-BI-10001636,Tampa
9380,CA-2014-154158,2014-12-27,Second Class,CC-12670,33614,45.53,15.93,OFF-PA-10001295,Tampa
834,CA-2016-165316,2016-07-27,Standard Class,JB-15400,33614,35.22,2.64,OFF-AR-10002956,Tampa
3993,CA-2015-161998,2015-05-05,Standard Class,DB-13120,33614,41.38,4.65,OFF-SU-10004261,Tampa
7335,CA-2015-125563,2015-04-17,Standard Class,PR-18880,33614,54.53,14.31,FUR-FU-10000087,Tampa
604,CA-2014-149958,2014-03-19,Standard Class,AS-10240,33614,45.70,5.14,FUR-FU-10001756,Tampa
3992,CA-2015-161998,2015-05-05,Standard Class,DB-13120,33614,63.55,14.30,FUR-FU-10001095,Tampa
7334,CA-2015-125563,2015-04-17,Standard Class,PR-18880,33614,67.36,10.10,FUR-FU-10001290,Tampa
9381,CA-2014-154158,2014-12-27,Second Class,CC-12670,33614,64.78,6.48,FUR-CH-10004698,Tampa
8278,US-2016-139262,2016-02-25,Standard Class,LC-16960,33614,34.86,-26.73,OFF-BI-10002026,Tampa
3878,CA-2016-140641,2016-11-02,Standard Class,EP-13915,33614,38.19,-26.73,OFF-BI-10001191,Tampa
606,CA-2014-149958,2014-03-19,Standard Class,AS-10240,33614,43.19,-31.67,OFF-BI-10001543,Tampa
2513,CA-2017-155089,2017-12-06,Standard Class,DB-12910,33614,45.66,-33.48,OFF-BI-10002429,Tampa
607,CA-2014-149958,2014-03-19,Standard Class,AS-10240,33614,131.90,47.82,OFF-PA-10002120,Tampa
9384,CA-2014-154158,2014-12-27,Second Class,CC-12670,33614,83.92,-1.05,OFF-ST-10004950,Tampa
603,CA-2014-149958,2014-03-19,Standard Class,AS-10240,33614,142.78,17.85,OFF-ST-10001490,Tampa
3994,CA-2015-161998,2015-05-05,Standard Class,DB-13120,33614,172.70,10.79,OFF-AR-10004022,Tampa
235,US-2017-100930,2017-04-12,Standard Class,CS-12400,33614,258.07,0.00,FUR-FU-10004017,Tampa
232,US-2017-100930,2017-04-12,Standard Class,CS-12400,33614,233.86,-102.05,FUR-TA-10001705,Tampa
836,CA-2016-165316,2016-07-27,Standard Class,JB-15400,33614,265.48,-111.50,TEC-MA-10004002,Tampa
8279,US-2016-139262,2016-02-25,Standard Class,LC-16960,33614,432.46,32.43,OFF-ST-10001496,Tampa
9382,CA-2014-154158,2014-12-27,Second Class,CC-12670,33614,424.27,-10.61,OFF-ST-10000078,Tampa
236,US-2017-100930,2017-04-12,Standard Class,CS-12400,33614,617.98,-7.72,TEC-AC-10003832,Tampa
233,US-2017-100930,2017-04-12,Standard Class,CS-12400,33614,620.61,-248.25,FUR-TA-10003473,Tampa
9566,CA-2014-130428,2014-03-31,Same Day,TG-21640,33614,1125.49,98.48,FUR-CH-10002965,Tampa
7834,CA-2015-128958,2015-01-28,Standard Class,CR-12820,33407,13.12,2.13,OFF-AR-10004757,West Palm Beach
9283,CA-2016-160486,2017-01-04,Standard Class,EH-14185,33407,72.22,25.28,OFF-PA-10002421,West Palm Beach
6914,CA-2015-104115,2015-06-16,Standard Class,JH-15910,33407,55.98,4.20,TEC-PH-10002844,West Palm Beach
4724,CA-2016-159653,2016-05-22,Same Day,JF-15490,30605,14.73,7.22,OFF-LA-10004345,Athens
7181,CA-2014-106054,2014-01-07,First Class,JO-15145,30605,12.78,5.24,OFF-AR-10002399,Athens
5683,CA-2014-164315,2014-04-08,Standard Class,RD-19585,30605,15.84,7.13,OFF-PA-10004248,Athens
9988,CA-2017-163629,2017-11-21,Standard Class,RA-19885,30605,79.99,28.80,TEC-AC-10001539,Athens
5685,CA-2014-164315,2014-04-08,Standard Class,RD-19585,30605,154.90,40.27,OFF-AP-10003842,Athens
8357,CA-2016-163174,2016-08-30,Standard Class,XP-21865,30605,186.54,41.04,FUR-FU-10000308,Athens
9989,CA-2017-163629,2017-11-21,Standard Class,RA-19885,30605,206.10,55.65,TEC-PH-10004006,Athens
5684,CA-2014-164315,2014-04-08,Standard Class,RD-19585,30605,1049.93,293.98,TEC-PH-10001128,Athens
5894,CA-2017-159954,2017-09-14,Standard Class,SS-20410,30318,2.78,1.36,OFF-BI-10004876,Atlanta
507,CA-2015-145352,2015-03-22,Standard Class,CM-12385,30318,2.74,0.74,OFF-AR-10001662,Atlanta
2265,CA-2016-131065,2016-11-16,Second Class,AA-10375,30318,5.28,2.38,OFF-PA-10002479,Atlanta
2266,CA-2016-131065,2016-11-16,Second Class,AA-10375,30318,8.26,3.88,OFF-BI-10004970,Atlanta
4015,CA-2015-165624,2015-08-28,Standard Class,FH-14350,30318,8.64,4.23,OFF-LA-10003190,Atlanta
6806,CA-2014-125682,2014-11-25,First Class,RB-19645,30318,9.96,4.88,OFF-PA-10001752,Atlanta
508,CA-2015-145352,2015-03-22,Standard Class,CM-12385,30318,8.34,2.17,OFF-AR-10003856,Atlanta
762,CA-2017-126046,2017-11-07,Standard Class,JC-16105,30318,12.39,5.70,OFF-LA-10004484,Atlanta
7195,CA-2016-110492,2016-02-14,First Class,JS-15880,30318,15.92,7.48,OFF-BI-10003274,Atlanta
1570,CA-2017-165029,2017-11-30,Standard Class,AH-10075,30318,12.84,3.72,OFF-AR-10003504,Atlanta
7126,CA-2016-123176,2016-09-29,Second Class,JG-15160,30318,17.94,8.79,OFF-PA-10003971,Atlanta
7127,CA-2016-123176,2016-09-29,Second Class,JG-15160,30318,13.89,4.58,OFF-AR-10004685,Atlanta
4017,CA-2015-165624,2015-08-28,Standard Class,FH-14350,30318,21.40,9.63,OFF-PA-10003893,Atlanta
7343,CA-2014-116190,2014-07-31,Standard Class,SG-20470,30318,25.71,9.26,FUR-FU-10000719,Atlanta
5562,CA-2017-133263,2017-04-02,Second Class,JE-15610,30318,34.54,17.27,OFF-BI-10001153,Atlanta
4020,CA-2015-165624,2015-08-28,Standard Class,FH-14350,30318,25.86,6.72,OFF-AP-10001492,Atlanta
6979,CA-2017-155159,2017-11-29,Second Class,DL-13315,30318,48.87,23.95,OFF-PA-10003724,Atlanta
5564,CA-2017-133263,2017-04-02,Second Class,JE-15610,30318,64.12,30.78,OFF-BI-10000474,Atlanta
509,CA-2015-145352,2015-03-22,Standard Class,CM-12385,30318,46.74,11.69,OFF-ST-10001228,Atlanta
6789,CA-2015-118843,2015-09-20,Standard Class,JH-15910,30318,69.93,31.47,OFF-PA-10001712,Atlanta
4018,CA-2015-165624,2015-08-28,Standard Class,FH-14350,30318,97.88,48.94,OFF-PA-10002499,Atlanta
7341,CA-2014-116190,2014-07-31,Standard Class,SG-20470,30318,67.88,18.33,FUR-CH-10000553,Atlanta
2859,CA-2017-138975,2017-05-23,Standard Class,SC-20380,30318,67.80,4.07,TEC-AC-10003441,Atlanta
8762,CA-2016-159891,2016-02-06,Standard Class,BF-11170,30318,125.36,58.92,OFF-EN-10004483,Atlanta
7342,CA-2014-116190,2014-07-31,Standard Class,SG-20470,30318,162.89,76.56,OFF-LA-10002762,Atlanta
9774,CA-2016-160234,2016-07-03,Standard Class,PF-19225,30318,135.95,39.43,TEC-PH-10004434,Atlanta
4016,CA-2015-165624,2015-08-28,Standard Class,FH-14350,30318,193.80,94.96,OFF-PA-10002319,Atlanta
5053,US-2017-120607,2017-05-19,Same Day,JC-15775,30318,195.64,91.95,OFF-PA-10003129,Atlanta
6788,CA-2015-118843,2015-09-20,Standard Class,JH-15910,30318,129.93,12.99,FUR-FU-10003975,Atlanta
2862,CA-2017-138975,2017-05-23,Standard Class,SC-20380,30318,286.93,140.60,OFF-PA-10000100,Atlanta
4019,CA-2015-165624,2015-08-28,Standard Class,FH-14350,30318,251.91,47.86,TEC-AC-10004568,Atlanta
2860,CA-2017-138975,2017-05-23,Standard Class,SC-20380,30318,377.97,98.27,TEC-PH-10004389,Atlanta
2264,CA-2016-131065,2016-11-16,Second Class,AA-10375,30318,499.98,115.00,TEC-AC-10004145,Atlanta
4014,CA-2015-165624,2015-08-28,Standard Class,FH-14350,30318,542.94,152.02,OFF-AP-10000828,Atlanta
8761,CA-2016-159891,2016-02-06,Standard Class,BF-11170,30318,1270.99,635.50,OFF-BI-10003527,Atlanta
7194,CA-2016-110492,2016-02-14,First Class,JS-15880,30318,1350.12,175.52,OFF-ST-10003716,Atlanta
2861,CA-2017-138975,2017-05-23,Standard Class,SC-20380,30318,1628.82,374.63,FUR-BO-10004695,Atlanta
5563,CA-2017-133263,2017-04-02,Second Class,JE-15610,30318,2999.95,1439.98,TEC-CO-10001449,Atlanta
510,CA-2015-145352,2015-03-22,Standard Class,CM-12385,30318,6354.95,3177.47,OFF-BI-10003527,Atlanta
1982,CA-2015-119592,2015-12-16,Second Class,MM-18280,31907,3.76,1.80,OFF-BI-10004187,Columbus
5643,CA-2016-127985,2016-04-05,Second Class,DB-12910,31907,7.04,3.10,FUR-FU-10003274,Columbus
3718,CA-2016-142370,2016-09-23,Standard Class,TP-21130,31907,5.04,0.15,OFF-SU-10003002,Columbus
8535,CA-2015-169677,2015-01-15,Second Class,KS-16300,31907,9.82,4.81,OFF-LA-10003223,Columbus
2577,CA-2014-129091,2014-11-27,Standard Class,RA-19885,31907,11.36,5.34,OFF-EN-10001990,Columbus
2293,CA-2015-149342,2015-04-25,Standard Class,TS-21160,31907,12.96,6.22,OFF-PA-10001166,Columbus
2575,CA-2014-129091,2014-11-27,Standard Class,RA-19885,31907,16.23,7.95,OFF-EN-10004955,Columbus
4160,US-2016-164588,2016-04-23,Standard Class,AP-10915,31907,12.84,3.72,OFF-AR-10003056,Columbus
2987,CA-2016-139269,2016-05-30,Standard Class,JB-16045,31907,19.36,9.29,OFF-PA-10002893,Columbus
361,CA-2017-155698,2017-03-11,First Class,VB-21745,31907,20.70,9.94,OFF-LA-10001158,Columbus
2927,CA-2017-128629,2017-07-14,Second Class,BP-11155,31907,18.84,7.91,FUR-FU-10000771,Columbus
8545,CA-2016-119074,2016-03-31,Standard Class,DS-13180,31907,20.24,8.70,FUR-FU-10004053,Columbus
6894,CA-2017-164756,2017-09-22,Standard Class,SS-20140,31907,20.32,6.91,FUR-FU-10002963,Columbus
6893,CA-2017-164756,2017-09-22,Standard Class,SS-20140,31907,25.92,12.44,OFF-PA-10003848,Columbus
6671,CA-2017-161088,2017-05-29,Standard Class,MH-18115,31907,29.84,13.43,OFF-BI-10002824,Columbus
8547,CA-2016-119074,2016-03-31,Standard Class,DS-13180,31907,32.54,15.94,OFF-BI-10000962,Columbus
1304,US-2017-126179,2017-07-07,Standard Class,CS-12460,31907,23.99,5.52,FUR-FU-10002554,Columbus
2986,CA-2016-139269,2016-05-30,Standard Class,JB-16045,31907,24.96,6.24,FUR-FU-10000755,Columbus
6264,CA-2017-160724,2017-05-10,Standard Class,YS-21880,31907,34.50,15.53,OFF-BI-10004965,Columbus
6957,CA-2016-157588,2016-07-19,Standard Class,AR-10570,31907,36.40,17.11,OFF-BI-10003963,Columbus
5185,CA-2017-163335,2017-09-27,First Class,AG-10675,31907,38.71,17.81,OFF-BI-10002827,Columbus
6770,CA-2017-139787,2017-09-23,Standard Class,JP-16135,31907,35.40,13.45,OFF-AR-10002445,Columbus
9857,CA-2014-120950,2014-11-11,Standard Class,GA-14515,31907,43.68,20.97,OFF-PA-10000587,Columbus
6896,CA-2017-164756,2017-09-22,Standard Class,SS-20140,31907,34.48,10.00,OFF-SU-10004261,Columbus
5252,US-2016-169369,2016-12-18,Standard Class,EC-14050,31907,49.12,23.09,OFF-PA-10004438,Columbus
6891,CA-2017-164756,2017-09-22,Standard Class,SS-20140,31907,50.96,24.46,OFF-PA-10000673,Columbus
8546,CA-2016-119074,2016-03-31,Standard Class,DS-13180,31907,39.92,11.18,FUR-FU-10003731,Columbus
1495,CA-2014-123925,2014-12-19,Second Class,RF-19840,31907,40.05,11.21,OFF-AR-10002952,Columbus
5184,CA-2017-163335,2017-09-27,First Class,AG-10675,31907,40.29,10.07,OFF-ST-10000885,Columbus
8038,CA-2017-169012,2017-07-14,Standard Class,BF-11275,31907,41.91,10.90,OFF-AP-10003278,Columbus
6958,CA-2016-157588,2016-07-19,Standard Class,AR-10570,31907,51.75,15.53,FUR-FU-10004848,Columbus
8312,US-2017-105935,2017-01-31,Standard Class,BD-11500,31907,62.72,24.46,FUR-FU-10002157,Columbus
7764,CA-2015-103093,2015-02-07,Standard Class,FO-14305,31907,74.52,35.02,OFF-EN-10003286,Columbus
5873,CA-2017-129910,2017-04-03,Standard Class,ME-17320,31907,59.76,16.73,OFF-ST-10003282,Columbus
5107,CA-2015-147102,2015-09-26,Standard Class,NH-18610,31907,66.36,23.23,TEC-AC-10000682,Columbus
2759,CA-2016-146171,2016-03-15,Standard Class,JP-16135,31907,76.92,31.54,FUR-FU-10004270,Columbus
1456,CA-2017-148474,2017-06-19,Standard Class,ME-17320,31907,91.20,41.95,OFF-BI-10000977,Columbus
4263,CA-2017-123351,2017-09-25,Standard Class,KT-16480,31907,80.48,24.14,OFF-AP-10001242,Columbus
2717,CA-2017-128475,2017-08-31,Standard Class,SC-20680,31907,71.98,15.12,TEC-AC-10000158,Columbus
6890,CA-2017-164756,2017-09-22,Standard Class,SS-20140,31907,95.68,26.79,TEC-PH-10001552,Columbus
6892,CA-2017-164756,2017-09-22,Standard Class,SS-20140,31907,113.94,34.18,OFF-AR-10000380,Columbus
7156,US-2015-136749,2015-12-27,Second Class,LH-16900,31907,157.90,74.21,OFF-BI-10004492,Columbus
3746,CA-2016-149979,2016-09-28,Second Class,RA-19915,31907,118.25,34.29,OFF-ST-10003058,Columbus
8892,CA-2016-162159,2016-09-18,First Class,CR-12625,31907,121.78,30.45,FUR-CH-10001146,Columbus
2902,CA-2017-124898,2017-09-15,Standard Class,DB-12910,31907,184.66,84.94,OFF-PA-10003656,Columbus
6897,CA-2017-164756,2017-09-22,Standard Class,SS-20140,31907,244.55,114.94,OFF-PA-10003228,Columbus
3719,CA-2016-142370,2016-09-23,Standard Class,TP-21130,31907,249.95,107.48,TEC-AC-10002926,Columbus
2576,CA-2014-129091,2014-11-27,Standard Class,RA-19885,31907,319.90,156.75,OFF-BI-10001071,Columbus
1508,CA-2016-134208,2016-09-23,Standard Class,CS-12505,31907,396.00,190.08,TEC-MA-10004458,Columbus
1305,US-2017-126179,2017-07-07,Standard Class,CS-12460,31907,287.97,77.75,TEC-PH-10001557,Columbus
2291,CA-2015-149342,2015-04-25,Standard Class,TS-21160,31907,287.97,77.75,TEC-PH-10001557,Columbus
7155,US-2015-136749,2015-12-27,Second Class,LH-16900,31907,275.88,46.90,FUR-FU-10000747,Columbus
5251,US-2016-169369,2016-12-18,Standard Class,EC-14050,31907,249.95,20.00,TEC-AC-10001314,Columbus
3050,CA-2017-121419,2017-04-04,First Class,TC-21475,31907,360.00,129.60,TEC-AC-10000892,Columbus
6151,US-2016-106600,2016-04-11,First Class,RM-19375,31907,354.90,88.72,FUR-BO-10001608,Columbus
2303,CA-2016-106558,2016-01-21,Standard Class,DL-13495,31907,316.00,31.60,TEC-AC-10001142,Columbus
3747,CA-2016-149979,2016-09-28,Second Class,RA-19915,31907,368.97,81.17,FUR-CH-10002084,Columbus
6895,CA-2017-164756,2017-09-22,Standard Class,SS-20140,31907,411.98,119.47,TEC-PH-10002447,Columbus
2292,CA-2015-149342,2015-04-25,Standard Class,TS-21160,31907,595.38,297.69,FUR-FU-10002937,Columbus
8246,US-2014-143581,2014-08-23,Standard Class,BS-11365,31907,344.91,10.35,OFF-ST-10000991,Columbus
3049,CA-2017-121419,2017-04-04,First Class,TC-21475,31907,411.80,70.01,FUR-TA-10004534,Columbus
2760,CA-2016-146171,2016-03-15,Standard Class,JP-16135,31907,481.32,125.14,OFF-ST-10001526,Columbus
2578,CA-2014-129091,2014-11-27,Standard Class,RA-19885,31907,675.12,290.30,OFF-AP-10002734,Columbus
1457,CA-2017-148474,2017-06-19,Standard Class,ME-17320,31907,452.94,67.94,FUR-TA-10002530,Columbus
360,CA-2017-155698,2017-03-11,First Class,VB-21745,31907,647.84,168.44,OFF-AP-10001124,Columbus
8280,CA-2017-146192,2017-04-26,Standard Class,BD-11725,31907,675.06,87.76,OFF-ST-10003716,Columbus
2988,CA-2016-139269,2016-05-30,Standard Class,JB-16045,31907,1267.65,152.12,OFF-ST-10000689,Columbus
8313,US-2017-105935,2017-01-31,Standard Class,BD-11500,31907,2939.93,764.38,TEC-PH-10001459,Columbus
8077,CA-2015-106187,2015-06-29,Standard Class,RF-19345,30344,27.42,9.32,FUR-FU-10000794,East Point
8079,CA-2015-106187,2015-06-29,Standard Class,RF-19345,30344,75.00,18.00,TEC-AC-10001590,East Point
8078,CA-2015-106187,2015-06-29,Standard Class,RF-19345,30344,165.98,74.69,OFF-BI-10004519,East Point
3624,CA-2014-159184,2014-09-19,Standard Class,JC-15775,31204,7.16,3.44,OFF-BI-10001890,Macon
1279,CA-2014-163293,2014-09-11,First Class,KC-16255,31204,32.97,12.86,TEC-AC-10004209,Macon
1829,US-2015-140851,2015-07-15,Second Class,ND-18460,31204,38.88,18.66,OFF-PA-10000019,Macon
3454,CA-2015-153325,2015-03-02,Second Class,ST-20530,31204,58.72,27.01,OFF-BI-10004236,Macon
1280,CA-2014-163293,2014-09-11,First Class,KC-16255,31204,83.88,30.20,TEC-AC-10000023,Macon
3623,CA-2014-159184,2014-09-19,Standard Class,JC-15775,31204,142.40,52.69,FUR-FU-10002878,Macon
4796,CA-2015-120516,2015-08-17,Standard Class,CK-12595,30062,5.64,2.71,OFF-BI-10004187,Marietta
6253,CA-2014-165806,2014-04-07,Same Day,VM-21685,30062,58.32,27.99,OFF-PA-10003441,Marietta
4888,CA-2016-163167,2016-11-30,Second Class,RF-19345,30062,101.70,6.10,TEC-AC-10003441,Marietta
4887,CA-2016-163167,2016-11-30,Second Class,RF-19345,30062,182.67,52.97,FUR-CH-10004477,Marietta
6254,CA-2014-165806,2014-04-07,Same Day,VM-21685,30062,200.97,50.24,TEC-PH-10004922,Marietta
4890,CA-2016-163167,2016-11-30,Second Class,RF-19345,30062,1263.30,315.82,OFF-ST-10003805,Marietta
4889,CA-2016-163167,2016-11-30,Second Class,RF-19345,30062,1126.02,56.30,OFF-ST-10004459,Marietta
4006,US-2015-168732,2015-12-16,Standard Class,KM-16660,30076,1.78,0.50,OFF-AR-10003087,Roswell
1120,CA-2015-142755,2015-09-08,Standard Class,CS-12355,30076,4.36,2.05,OFF-PA-10000141,Roswell
6089,CA-2015-137281,2015-06-17,Standard Class,BF-10975,30076,6.48,3.11,OFF-PA-10001870,Roswell
3888,CA-2014-100895,2014-06-06,Standard Class,SV-20785,30076,8.56,2.65,OFF-AR-10004511,Roswell
1121,CA-2015-142755,2015-09-08,Standard Class,CS-12355,30076,15.28,7.49,OFF-EN-10004459,Roswell
5644,CA-2015-166604,2015-05-20,Second Class,AH-10690,30076,17.94,8.79,OFF-EN-10004147,Roswell
4007,US-2015-168732,2015-12-16,Standard Class,KM-16660,30076,25.92,12.44,OFF-PA-10000520,Roswell
2848,CA-2017-157854,2017-04-15,Standard Class,DM-13345,30076,56.28,15.76,FUR-FU-10003832,Roswell
2305,CA-2017-157931,2017-09-22,Second Class,MO-17800,30076,106.32,49.97,OFF-PA-10000474,Roswell
4008,US-2015-168732,2015-12-16,Standard Class,KM-16660,30076,101.94,21.41,TEC-AC-10001553,Roswell
1914,CA-2014-103366,2014-01-17,First Class,EH-13990,30076,149.95,65.98,TEC-AC-10003628,Roswell
1118,CA-2015-142755,2015-09-08,Standard Class,CS-12355,30076,279.90,137.15,OFF-PA-10001970,Roswell
3889,CA-2014-100895,2014-06-06,Standard Class,SV-20785,30076,239.97,67.19,TEC-PH-10001425,Roswell
3890,CA-2014-100895,2014-06-06,Standard Class,SV-20785,30076,356.94,107.08,OFF-ST-10001490,Roswell
1119,CA-2015-142755,2015-09-08,Standard Class,CS-12355,30076,619.95,111.59,TEC-AC-10002049,Roswell
2304,CA-2017-157931,2017-09-22,Second Class,MO-17800,30076,723.92,188.22,FUR-CH-10000785,Roswell
1837,CA-2017-122693,2017-02-21,Second Class,NH-18610,30076,1245.86,361.30,OFF-AP-10002518,Roswell
2849,CA-2017-157854,2017-04-15,Standard Class,DM-13345,30076,2690.97,1264.76,OFF-BI-10001359,Roswell
9002,CA-2014-103807,2014-12-09,Standard Class,EM-13825,30328,5.95,0.83,TEC-AC-10000199,Sandy Springs
8837,US-2017-132675,2017-09-28,Standard Class,KF-16285,30328,12.72,4.96,OFF-AR-10000034,Sandy Springs
9003,CA-2014-103807,2014-12-09,Standard Class,EM-13825,30328,15.24,7.16,OFF-PA-10002195,Sandy Springs
8838,US-2017-132675,2017-09-28,Standard Class,KF-16285,30328,15.75,7.56,OFF-LA-10003766,Sandy Springs
8836,US-2017-132675,2017-09-28,Standard Class,KF-16285,30328,14.28,3.71,OFF-AR-10000614,Sandy Springs
8834,US-2017-132675,2017-09-28,Standard Class,KF-16285,30328,15.51,3.88,OFF-ST-10004950,Sandy Springs
4423,CA-2017-159464,2017-05-19,First Class,TB-21355,30328,17.24,4.48,OFF-AP-10001492,Sandy Springs
4425,CA-2017-159464,2017-05-19,First Class,TB-21355,30328,34.75,15.64,TEC-PH-10002185,Sandy Springs
8231,CA-2016-162355,2016-07-02,Second Class,PF-19165,30328,35.97,9.71,OFF-AR-10004344,Sandy Springs
4427,CA-2017-159464,2017-05-19,First Class,TB-21355,30328,55.98,15.67,TEC-PH-10002350,Sandy Springs
4426,CA-2017-159464,2017-05-19,First Class,TB-21355,30328,113.94,54.69,OFF-BI-10000315,Sandy Springs
8835,US-2017-132675,2017-09-28,Standard Class,KF-16285,30328,89.90,25.17,TEC-PH-10003171,Sandy Springs
4424,CA-2017-159464,2017-05-19,First Class,TB-21355,30328,302.94,75.73,FUR-BO-10003546,Sandy Springs
8232,CA-2016-162355,2016-07-02,Second Class,PF-19165,30328,1266.86,291.38,FUR-BO-10004695,Sandy Springs
2376,CA-2017-119669,2017-01-30,Standard Class,TP-21130,30080,5.67,0.11,OFF-FA-10000053,Smyrna
7038,CA-2017-161970,2017-09-27,Standard Class,PB-19105,30080,12.96,6.22,OFF-PA-10004255,Smyrna
1385,US-2016-108504,2016-02-05,Same Day,PP-18955,30080,9.45,0.19,OFF-FA-10000053,Smyrna
5508,CA-2016-150000,2016-04-14,Standard Class,PG-18820,30080,17.92,8.60,OFF-EN-10002973,Smyrna
7039,CA-2017-161970,2017-09-27,Standard Class,PB-19105,30080,17.94,6.46,OFF-AR-10003896,Smyrna
1386,US-2016-108504,2016-02-05,Same Day,PP-18955,30080,18.84,7.16,FUR-FU-10004091,Smyrna
1391,US-2016-108504,2016-02-05,Same Day,PP-18955,30080,122.97,60.26,OFF-PA-10000357,Smyrna
9971,CA-2015-103772,2015-07-02,Standard Class,MP-17470,30080,119.56,55.00,OFF-BI-10002867,Smyrna
1389,US-2016-108504,2016-02-05,Same Day,PP-18955,30080,104.85,28.31,TEC-PH-10000215,Smyrna
1383,US-2016-108504,2016-02-05,Same Day,PP-18955,30080,80.98,1.62,OFF-ST-10002344,Smyrna
1388,US-2016-108504,2016-02-05,Same Day,PP-18955,30080,167.96,78.94,OFF-EN-10003001,Smyrna
9972,CA-2015-103772,2015-07-02,Standard Class,MP-17470,30080,140.75,42.23,OFF-AR-10000538,Smyrna
1392,US-2016-108504,2016-02-05,Same Day,PP-18955,30080,154.44,1.54,OFF-ST-10004804,Smyrna
1384,US-2016-108504,2016-02-05,Same Day,PP-18955,30080,348.84,170.93,OFF-PA-10001289,Smyrna
1393,US-2016-108504,2016-02-05,Same Day,PP-18955,30080,342.37,160.91,OFF-PA-10003892,Smyrna
1387,US-2016-108504,2016-02-05,Same Day,PP-18955,30080,239.98,52.80,FUR-BO-10004015,Smyrna
1390,US-2016-108504,2016-02-05,Same Day,PP-18955,30080,484.83,126.06,TEC-PH-10003645,Smyrna
2341,CA-2016-137736,2016-11-15,Standard Class,DC-13285,31088,41.86,10.47,OFF-AR-10004999,Warner Robins
636,CA-2015-168004,2015-10-09,Second Class,DJ-13420,31088,392.94,43.22,FUR-CH-10001482,Warner Robins
9882,CA-2014-153927,2014-08-13,First Class,LL-16840,30188,14.04,6.74,OFF-BI-10000138,Woodstock
9883,CA-2014-153927,2014-08-13,First Class,LL-16840,30188,272.61,98.14,TEC-AC-10000023,Woodstock
2566,CA-2017-109589,2017-12-24,First Class,BD-11635,42104,71.00,27.69,TEC-AC-10003116,Bowling Green
1842,CA-2016-157763,2016-07-23,Standard Class,KH-16330,42104,140.81,39.43,FUR-CH-10000988,Bowling Green
8515,CA-2015-122168,2015-08-26,Standard Class,HG-14965,41042,17.52,8.23,OFF-AR-10003602,Florence
9961,CA-2017-141446,2017-09-18,Second Class,CL-12700,41042,18.00,3.24,TEC-AC-10002305,Florence
8516,CA-2015-122168,2015-08-26,Standard Class,HG-14965,41042,35.76,10.01,OFF-AR-10002053,Florence
833,CA-2017-129462,2017-06-21,Second Class,JE-15745,41042,65.99,17.16,TEC-PH-10002085,Florence
4095,CA-2015-102491,2015-08-28,Standard Class,KW-16435,41042,79.96,18.39,TEC-AC-10003289,Florence
831,CA-2017-129462,2017-06-21,Second Class,JE-15745,41042,180.66,50.58,OFF-AP-10003884,Florence
832,CA-2017-129462,2017-06-21,Second Class,JE-15745,41042,191.98,51.83,TEC-PH-10001557,Florence
830,CA-2017-129462,2017-06-21,Second Class,JE-15745,41042,301.96,90.59,FUR-CH-10000665,Florence
4096,CA-2015-102491,2015-08-28,Standard Class,KW-16435,41042,587.97,170.51,TEC-PH-10001619,Florence
4094,CA-2015-102491,2015-08-28,Standard Class,KW-16435,41042,3080.00,1416.80,TEC-MA-10000864,Florence
6040,CA-2016-131205,2016-09-08,Standard Class,AA-10645,40324,5.28,2.53,OFF-AR-10003469,Georgetown
9334,CA-2017-127726,2017-09-13,Second Class,SS-20410,40324,14.20,6.67,OFF-FA-10000992,Georgetown
6037,CA-2016-131205,2016-09-08,Standard Class,AA-10645,40324,42.60,16.61,FUR-FU-10003347,Georgetown
6038,CA-2016-131205,2016-09-08,Standard Class,AA-10645,40324,113.94,54.69,OFF-BI-10000315,Georgetown
6039,CA-2016-131205,2016-09-08,Standard Class,AA-10645,40324,129.92,5.20,OFF-ST-10002583,Georgetown
9333,CA-2017-127726,2017-09-13,Second Class,SS-20410,40324,195.68,50.88,OFF-AP-10002578,Georgetown
5060,CA-2016-109722,2016-12-07,Second Class,TP-21130,40324,699.98,195.99,TEC-PH-10000560,Georgetown
5061,CA-2016-109722,2016-12-07,Second Class,TP-21130,40324,584.82,70.18,OFF-ST-10000060,Georgetown
4880,CA-2017-143567,2017-11-05,Second Class,TB-21175,42420,5.32,2.61,OFF-EN-10004846,Henderson
9080,CA-2016-108105,2016-02-23,Standard Class,GW-14605,42420,5.80,2.61,OFF-BI-10002412,Henderson
7481,CA-2014-167199,2014-01-10,Standard Class,ME-17320,42420,6.54,3.01,OFF-PA-10000955,Henderson
7477,CA-2014-167199,2014-01-10,Standard Class,ME-17320,42420,5.48,1.48,OFF-AR-10001662,Henderson
3539,CA-2014-158771,2014-05-09,Same Day,SB-20290,42420,9.45,4.54,OFF-LA-10001641,Henderson
997,CA-2015-162537,2015-11-03,Standard Class,RD-19585,42420,10.67,4.91,OFF-EN-10003862,Henderson
4432,CA-2016-168893,2016-11-08,Second Class,AP-10915,42420,7.98,2.07,OFF-AR-10001770,Henderson
4434,CA-2016-168893,2016-11-08,Second Class,AP-10915,42420,8.75,2.63,OFF-AR-10003772,Henderson
8640,CA-2014-129819,2014-12-15,Second Class,KC-16675,42420,12.39,5.82,OFF-BI-10004970,Henderson
4379,CA-2015-140830,2015-12-02,Second Class,PS-18970,42420,17.48,8.22,OFF-EN-10000461,Henderson
4431,CA-2016-168893,2016-11-08,Second Class,AP-10915,42420,20.00,9.60,OFF-FA-10002280,Henderson
3540,CA-2014-158771,2014-05-09,Same Day,SB-20290,42420,20.65,9.50,OFF-LA-10003121,Henderson
2553,CA-2017-101042,2017-11-23,Standard Class,AB-10105,42420,21.96,10.76,OFF-BI-10000088,Henderson
999,CA-2015-162537,2015-11-03,Standard Class,RD-19585,42420,24.10,9.16,FUR-FU-10002885,Henderson
4433,CA-2016-168893,2016-11-08,Second Class,AP-10915,42420,24.10,9.16,FUR-FU-10002885,Henderson
4841,CA-2017-154123,2017-11-25,Standard Class,SC-20050,42420,27.58,11.58,FUR-FU-10000629,Henderson
1000,CA-2015-162537,2015-11-03,Standard Class,RD-19585,42420,33.11,12.91,FUR-FU-10001918,Henderson
3541,CA-2014-158771,2014-05-09,Same Day,SB-20290,42420,45.36,21.77,OFF-PA-10002689,Henderson
998,CA-2015-162537,2015-11-03,Standard Class,RD-19585,42420,36.63,9.89,OFF-ST-10004258,Henderson
7094,CA-2015-119480,2015-01-13,Standard Class,CC-12685,42420,51.55,24.23,OFF-PA-10004996,Henderson
7480,CA-2014-167199,2014-01-10,Standard Class,ME-17320,42420,31.12,0.31,OFF-FA-10001883,Henderson
7093,CA-2015-119480,2015-01-13,Standard Class,CC-12685,42420,42.76,11.12,OFF-AR-10004691,Henderson
2323,CA-2015-109470,2016-01-03,Second Class,KC-16255,42420,60.64,27.89,OFF-BI-10001072,Henderson
3089,US-2017-159205,2017-04-02,Second Class,DB-12910,42420,61.00,25.62,FUR-FU-10001591,Henderson
2324,CA-2015-109470,2016-01-03,Second Class,KC-16255,42420,76.30,38.15,OFF-BI-10003707,Henderson
4380,CA-2015-140830,2015-12-02,Second Class,PS-18970,42420,71.88,32.35,OFF-EN-10002831,Henderson
4883,CA-2017-143567,2017-11-05,Second Class,TB-21175,42420,59.92,16.78,OFF-ST-10001580,Henderson
2322,CA-2015-109470,2016-01-03,Second Class,KC-16255,42420,94.74,44.53,OFF-BI-10004492,Henderson
7091,CA-2015-119480,2015-01-13,Standard Class,CC-12685,42420,106.32,49.97,OFF-PA-10000474,Henderson
3538,CA-2014-158771,2014-05-09,Same Day,SB-20290,42420,83.25,14.98,OFF-ST-10000107,Henderson
539,CA-2015-134894,2015-12-11,Standard Class,DK-12985,42420,152.94,41.29,OFF-AP-10001271,Henderson
7092,CA-2015-119480,2015-01-13,Standard Class,CC-12685,42420,163.44,45.76,OFF-AP-10001205,Henderson
2325,CA-2015-109470,2016-01-03,Second Class,KC-16255,42420,364.80,167.81,OFF-BI-10000977,Henderson
540,CA-2015-134894,2015-12-11,Standard Class,DK-12985,42420,283.92,70.98,FUR-CH-10002647,Henderson
1,CA-2016-152156,2016-11-11,Second Class,CG-12520,42420,261.96,41.91,FUR-BO-10001798,Henderson
7478,CA-2014-167199,2014-01-10,Standard Class,ME-17320,42420,391.98,113.67,TEC-PH-10004977,Henderson
9079,CA-2016-108105,2016-02-23,Standard Class,GW-14605,42420,318.08,34.99,FUR-FU-10003773,Henderson
7476,CA-2014-167199,2014-01-10,Standard Class,ME-17320,42420,609.98,274.49,OFF-BI-10004632,Henderson
3090,US-2017-159205,2017-04-02,Second Class,DB-12910,42420,671.93,188.14,TEC-PH-10000526,Henderson
2,CA-2016-152156,2016-11-11,Second Class,CG-12520,42420,731.94,219.58,FUR-CH-10000454,Henderson
7479,CA-2014-167199,2014-01-10,Standard Class,ME-17320,42420,755.96,204.11,TEC-PH-10004539,Henderson
2552,CA-2017-101042,2017-11-23,Standard Class,AB-10105,42420,821.88,213.69,FUR-FU-10004665,Henderson
4435,CA-2016-168893,2016-11-08,Second Class,AP-10915,42420,842.94,160.16,FUR-TA-10003392,Henderson
4881,CA-2017-143567,2017-11-05,Second Class,TB-21175,42420,975.92,292.78,FUR-CH-10000454,Henderson
9274,CA-2017-146983,2017-09-06,Standard Class,AH-10210,42420,1577.94,757.41,OFF-BI-10003650,Henderson
9075,CA-2014-136336,2014-04-26,Standard Class,DB-13555,42420,828.84,0.00,OFF-ST-10002574,Henderson
4882,CA-2017-143567,2017-11-05,Second Class,TB-21175,42420,2249.91,517.48,TEC-AC-10004145,Henderson
7475,CA-2014-167199,2014-01-10,Standard Class,ME-17320,42420,2573.82,746.41,FUR-CH-10004063,Henderson
8580,CA-2016-111605,2017-01-02,Standard Class,JW-15955,40214,2.61,1.20,OFF-LA-10002368,Louisville
665,CA-2016-143308,2016-11-04,Same Day,RC-19825,40214,10.74,5.26,OFF-FA-10000621,Louisville
7634,US-2017-158526,2017-12-31,Second Class,KH-16360,40214,12.53,5.89,OFF-BI-10002414,Louisville
6465,US-2016-155404,2016-09-28,Standard Class,AS-10630,40214,13.28,6.37,FUR-FU-10004586,Louisville
6613,CA-2015-107678,2015-04-28,Standard Class,JK-16090,40214,21.30,9.80,OFF-BI-10002215,Louisville
6498,CA-2015-103135,2015-07-28,Standard Class,SS-20515,40214,20.94,6.07,FUR-FU-10001487,Louisville
7635,US-2017-158526,2017-12-31,Second Class,KH-16360,40214,34.58,10.03,OFF-AR-10003696,Louisville
9786,CA-2015-155635,2015-05-13,Standard Class,ME-17725,40214,48.81,23.92,OFF-BI-10000962,Louisville
7001,CA-2017-123687,2017-05-29,First Class,KC-16675,40214,25.76,0.77,OFF-SU-10004498,Louisville
6218,US-2015-129553,2015-08-02,Standard Class,PG-18820,40214,29.97,0.30,TEC-PH-10004897,Louisville
3082,US-2017-132297,2017-06-02,Standard Class,DW-13480,40214,58.34,28.00,OFF-BI-10003364,Louisville
1358,CA-2016-145247,2016-05-07,First Class,ND-18370,40214,79.14,36.40,OFF-PA-10003641,Louisville
6501,CA-2015-103135,2015-07-28,Standard Class,SS-20515,40214,90.06,41.43,OFF-BI-10000069,Louisville
6413,CA-2017-151211,2017-08-23,Standard Class,AH-10120,40214,102.93,48.38,OFF-BI-10002735,Louisville
847,CA-2015-114300,2015-10-17,Standard Class,AF-10885,40214,83.72,23.44,TEC-PH-10001552,Louisville
6499,CA-2015-103135,2015-07-28,Standard Class,SS-20515,40214,135.09,62.14,OFF-BI-10000069,Louisville
2003,CA-2017-163510,2017-12-28,Second Class,JW-15955,40214,95.94,9.59,OFF-ST-10000563,Louisville
6414,CA-2017-151211,2017-08-23,Standard Class,AH-10120,40214,98.16,9.82,TEC-AC-10004510,Louisville
8636,CA-2014-160094,2014-05-02,First Class,JM-16195,40214,174.95,45.49,OFF-AR-10004010,Louisville
6612,CA-2015-107678,2015-04-28,Standard Class,JK-16090,40214,191.96,51.83,FUR-CH-10001891,Louisville
7000,CA-2017-123687,2017-05-29,First Class,KC-16675,40214,208.44,62.53,OFF-AP-10002670,Louisville
6615,CA-2015-107678,2015-04-28,Standard Class,JK-16090,40214,209.88,35.68,FUR-FU-10003394,Louisville
7637,US-2017-158526,2017-12-31,Second Class,KH-16360,40214,258.75,77.63,FUR-CH-10001270,Louisville
848,CA-2015-114300,2015-10-17,Standard Class,AF-10885,40214,287.94,77.74,FUR-CH-10001891,Louisville
7636,US-2017-158526,2017-12-31,Second Class,KH-16360,40214,300.98,87.28,FUR-CH-10004495,Louisville
6500,CA-2015-103135,2015-07-28,Standard Class,SS-20515,40214,279.86,64.37,TEC-AC-10003289,Louisville
2004,CA-2017-163510,2017-12-28,Second Class,JW-15955,40214,304.45,76.11,FUR-CH-10001146,Louisville
9091,US-2017-148831,2017-10-15,First Class,AH-10210,40214,348.56,104.57,OFF-ST-10002974,Louisville
6614,CA-2015-107678,2015-04-28,Standard Class,JK-16090,40214,469.95,131.59,TEC-PH-10002103,Louisville
3083,US-2017-132297,2017-06-02,Standard Class,DW-13480,40214,539.97,134.99,TEC-PH-10002834,Louisville
9463,US-2017-109610,2017-11-30,Second Class,BS-11590,40214,701.96,168.47,FUR-CH-10001854,Louisville
8637,CA-2014-160094,2014-05-02,First Class,JM-16195,40214,826.00,214.76,OFF-ST-10000585,Louisville
7633,US-2017-158526,2017-12-31,Second Class,KH-16360,40214,1207.84,314.04,FUR-CH-10002602,Louisville
1323,CA-2017-121804,2017-03-08,Standard Class,LP-17095,42071,72.80,19.66,OFF-AP-10004859,Murray
3009,CA-2016-124772,2016-12-06,First Class,JG-15160,42071,191.82,74.81,FUR-FU-10004748,Murray
5913,CA-2014-120432,2014-08-26,Second Class,DW-13585,42301,25.50,6.63,OFF-SU-10004661,Owensboro
5889,CA-2015-147879,2015-05-12,Standard Class,CC-12220,42301,45.68,21.01,OFF-PA-10001952,Owensboro
3590,CA-2017-146535,2017-11-30,Standard Class,FM-14290,40475,2.88,1.41,OFF-BI-10000546,Richmond
419,CA-2017-154816,2017-11-10,Standard Class,VB-21745,40475,5.78,2.83,OFF-PA-10003845,Richmond
7520,US-2017-167920,2017-12-12,Second Class,JL-15835,40475,5.76,2.65,OFF-LA-10004409,Richmond
3402,CA-2014-102274,2014-11-26,Standard Class,DH-13075,40475,5.46,1.47,OFF-AR-10002833,Richmond
4829,CA-2014-152562,2014-11-08,Standard Class,JO-15145,40475,5.64,1.64,OFF-AR-10001919,Richmond
4213,CA-2014-166457,2014-05-09,Second Class,PF-19120,40475,6.56,1.90,OFF-AR-10003651,Richmond
4212,CA-2014-166457,2014-05-09,Second Class,PF-19120,40475,9.42,4.24,OFF-PA-10003016,Richmond
1443,CA-2017-117695,2017-08-08,First Class,PW-19030,40475,13.76,6.33,OFF-PA-10002713,Richmond
7018,CA-2014-114790,2014-03-13,Second Class,FM-14215,40475,14.94,7.02,OFF-PA-10000213,Richmond
7517,US-2017-167920,2017-12-12,Second Class,JL-15835,40475,15.92,7.48,OFF-BI-10003274,Richmond
4214,CA-2014-166457,2014-05-09,Second Class,PF-19120,40475,24.56,11.54,OFF-PA-10001363,Richmond
5424,CA-2017-103009,2017-11-05,Second Class,PJ-18835,40475,26.40,11.88,OFF-PA-10001215,Richmond
7519,US-2017-167920,2017-12-12,Second Class,JL-15835,40475,15.14,0.61,OFF-ST-10004963,Richmond
3550,CA-2017-155292,2017-10-31,First Class,RD-19810,40475,30.00,14.40,OFF-LA-10001982,Richmond
7515,US-2017-167920,2017-12-12,Second Class,JL-15835,40475,29.36,13.51,OFF-BI-10004236,Richmond
7016,CA-2014-114790,2014-03-13,Second Class,FM-14215,40475,32.96,14.17,TEC-AC-10000710,Richmond
3548,CA-2017-155292,2017-10-31,First Class,RD-19810,40475,35.06,10.52,OFF-SU-10002573,Richmond
3549,CA-2017-155292,2017-10-31,First Class,RD-19810,40475,33.94,9.16,FUR-CH-10000553,Richmond
3399,CA-2014-102274,2014-11-26,Standard Class,DH-13075,40475,36.99,9.99,TEC-PH-10002923,Richmond
4828,CA-2014-152562,2014-11-08,Standard Class,JO-15145,40475,69.52,19.47,OFF-ST-10000464,Richmond
9912,US-2014-157231,2014-04-09,Standard Class,RP-19855,40475,115.36,56.53,OFF-BI-10002852,Richmond
587,CA-2015-128139,2015-07-09,Standard Class,BD-11725,40475,70.98,4.97,FUR-CH-10003956,Richmond
1554,CA-2017-158386,2017-10-21,Standard Class,BO-11425,40475,124.75,57.38,OFF-BI-10003719,Richmond
7518,US-2017-167920,2017-12-12,Second Class,JL-15835,40475,146.45,48.33,TEC-AC-10001013,Richmond
3547,CA-2017-155292,2017-10-31,First Class,RD-19810,40475,105.98,4.24,OFF-ST-10004963,Richmond
7015,CA-2014-114790,2014-03-13,Second Class,FM-14215,40475,146.76,38.16,OFF-AP-10002578,Richmond
588,CA-2015-128139,2015-07-09,Standard Class,BD-11725,40475,294.93,144.52,OFF-LA-10003930,Richmond
7516,US-2017-167920,2017-12-12,Second Class,JL-15835,40475,214.90,62.32,OFF-AP-10000159,Richmond
3401,CA-2014-102274,2014-11-26,Standard Class,DH-13075,40475,193.95,9.70,OFF-ST-10001511,Richmond
3400,CA-2014-102274,2014-11-26,Standard Class,DH-13075,40475,629.10,301.97,OFF-PA-10004359,Richmond
7017,CA-2014-114790,2014-03-13,Second Class,FM-14215,40475,587.97,164.63,TEC-PH-10000984,Richmond
5754,CA-2016-118514,2016-02-10,Standard Class,LC-17050,40475,866.40,225.26,FUR-CH-10000015,Richmond
7521,US-2017-167920,2017-12-12,Second Class,JL-15835,40475,1399.98,629.99,TEC-CO-10001046,Richmond
3591,CA-2017-146535,2017-11-30,Standard Class,FM-14290,40475,1443.96,375.43,OFF-ST-10001526,Richmond
767,CA-2014-162775,2014-01-15,Second Class,CS-12250,71111,5.64,2.71,OFF-BI-10004187,Bossier City
764,CA-2014-162775,2014-01-15,Second Class,CS-12250,71111,11.36,5.34,OFF-EN-10001990,Bossier City
765,CA-2014-162775,2014-01-15,Second Class,CS-12250,71111,50.94,25.47,OFF-EN-10001532,Bossier City
7665,CA-2014-151967,2014-10-26,Standard Class,NB-18580,71111,129.92,10.39,FUR-FU-10000193,Bossier City
766,CA-2014-162775,2014-01-15,Second Class,CS-12250,71111,646.74,258.70,TEC-AC-10003174,Bossier City
768,CA-2014-162775,2014-01-15,Second Class,CS-12250,71111,572.58,34.35,OFF-ST-10000025,Bossier City
6021,US-2016-156692,2016-08-13,Same Day,HG-15025,70065,17.34,4.68,OFF-AP-10002222,Kenner
6022,US-2016-156692,2016-08-13,Same Day,HG-15025,70065,71.98,15.12,TEC-AC-10000158,Kenner
6403,CA-2017-125472,2017-05-31,First Class,BD-11725,70506,3.89,1.87,OFF-BI-10000591,Lafayette
6404,CA-2017-125472,2017-05-31,First Class,BD-11725,70506,8.01,3.04,FUR-FU-10001731,Lafayette
9221,CA-2017-103212,2017-10-14,First Class,MH-18025,70506,11.07,5.20,OFF-LA-10000248,Lafayette
5124,CA-2014-149538,2014-04-08,Standard Class,KB-16585,70506,12.96,6.35,OFF-PA-10002195,Lafayette
1934,CA-2017-161200,2017-08-10,Second Class,SV-20365,70506,15.40,7.39,FUR-FU-10001706,Lafayette
5123,CA-2014-149538,2014-04-08,Standard Class,KB-16585,70506,19.44,9.33,OFF-PA-10003797,Lafayette
9223,CA-2017-103212,2017-10-14,First Class,MH-18025,70506,25.92,12.44,OFF-PA-10004355,Lafayette
4362,US-2017-163195,2017-02-21,Second Class,LL-16840,70506,29.16,8.46,TEC-PH-10003875,Lafayette
8741,CA-2016-102498,2016-07-25,First Class,JG-15160,70506,73.20,21.23,OFF-AR-10004456,Lafayette
5122,CA-2014-149538,2014-04-08,Standard Class,KB-16585,70506,99.98,42.99,TEC-AC-10002926,Lafayette
9981,US-2015-151435,2015-09-09,Second Class,SW-20455,70506,85.98,22.35,FUR-TA-10001039,Lafayette
1933,CA-2017-161200,2017-08-10,Second Class,SV-20365,70506,145.74,23.32,FUR-BO-10000468,Lafayette
4031,CA-2017-124296,2017-12-28,Standard Class,CS-12355,70506,232.88,60.55,FUR-CH-10002439,Lafayette
6402,CA-2017-125472,2017-05-31,First Class,BD-11725,70506,241.96,33.87,FUR-BO-10000330,Lafayette
5121,CA-2014-149538,2014-04-08,Standard Class,KB-16585,70506,232.55,9.30,OFF-ST-10004180,Lafayette
4030,CA-2017-124296,2017-12-28,Standard Class,CS-12355,70506,479.97,239.99,TEC-MA-10003183,Lafayette
1628,CA-2015-143119,2015-09-30,Standard Class,MC-17275,70506,517.50,155.25,FUR-CH-10001270,Lafayette
9222,CA-2017-103212,2017-10-14,First Class,MH-18025,70506,1504.52,346.04,FUR-TA-10003473,Lafayette
3589,CA-2017-158729,2017-12-21,First Class,AC-10450,70506,1665.62,33.31,OFF-SU-10002881,Lafayette
2892,CA-2014-142727,2014-04-30,Second Class,HG-14845,70601,17.94,8.61,OFF-BI-10000136,Lake Charles
2891,CA-2014-142727,2014-04-30,Second Class,HG-14845,70601,51.96,12.99,FUR-CH-10002304,Lake Charles
6693,CA-2017-160899,2017-08-13,Second Class,DR-12940,70601,477.51,219.65,OFF-BI-10000632,Lake Charles
804,CA-2016-115504,2016-03-17,Standard Class,MC-18130,71203,12.96,6.22,OFF-PA-10003953,Monroe
3038,US-2015-123960,2015-06-16,Standard Class,BD-11605,71203,32.40,15.55,OFF-PA-10004451,Monroe
3039,US-2015-123960,2015-06-16,Standard Class,BD-11605,71203,29.16,10.79,FUR-FU-10004666,Monroe
3036,US-2015-123960,2015-06-16,Standard Class,BD-11605,71203,36.26,16.68,OFF-BI-10002799,Monroe
185,CA-2014-158274,2014-11-24,Second Class,RM-19675,71203,29.00,7.25,TEC-AC-10002345,Monroe
3037,US-2015-123960,2015-06-16,Standard Class,BD-11605,71203,56.30,15.76,OFF-AR-10003582,Monroe
3035,US-2015-123960,2015-06-16,Standard Class,BD-11605,71203,53.70,10.20,TEC-AC-10003038,Monroe
5354,US-2016-101616,2016-09-06,First Class,CY-12745,71203,87.28,41.02,OFF-BI-10000014,Monroe
2512,CA-2015-102722,2015-04-19,First Class,KW-16570,71203,106.50,41.53,TEC-AC-10003116,Monroe
184,CA-2014-158274,2014-11-24,Second Class,RM-19675,71203,149.95,41.99,TEC-PH-10004896,Monroe
183,CA-2014-158274,2014-11-24,Second Class,RM-19675,71203,503.96,131.03,TEC-PH-10003273,Monroe
5610,CA-2017-117198,2017-09-05,Standard Class,BG-11035,71203,659.90,217.77,TEC-AC-10003033,Monroe
4612,CA-2016-109407,2016-01-26,Second Class,HG-14965,39503,31.36,15.68,OFF-BI-10000285,Gulfport
1245,CA-2017-133641,2017-05-21,Standard Class,EJ-14155,39503,48.69,23.86,OFF-EN-10004955,Gulfport
3312,CA-2016-162747,2016-03-25,Second Class,AH-10030,39503,86.45,38.04,FUR-FU-10003691,Gulfport
5989,CA-2016-163776,2016-07-25,Standard Class,JS-16030,39401,8.60,4.04,OFF-BI-10000404,Hattiesburg
7856,CA-2017-135587,2017-12-12,Standard Class,BH-11710,39401,52.00,23.40,TEC-AC-10001266,Hattiesburg
5986,CA-2016-163776,2016-07-25,Standard Class,JS-16030,39401,77.56,35.68,OFF-BI-10003007,Hattiesburg
5987,CA-2016-163776,2016-07-25,Standard Class,JS-16030,39401,87.92,0.88,OFF-ST-10002485,Hattiesburg
5985,CA-2016-163776,2016-07-25,Standard Class,JS-16030,39401,185.58,76.09,FUR-FU-10001185,Hattiesburg
5988,CA-2016-163776,2016-07-25,Standard Class,JS-16030,39401,245.94,120.51,OFF-PA-10001033,Hattiesburg
4581,CA-2015-164427,2015-08-06,Standard Class,AR-10405,39401,239.70,105.47,TEC-AC-10004469,Hattiesburg
7855,CA-2017-135587,2017-12-12,Standard Class,BH-11710,39401,320.64,89.78,OFF-AP-10004540,Hattiesburg
5990,CA-2016-163776,2016-07-25,Standard Class,JS-16030,39401,504.90,126.22,FUR-BO-10003546,Hattiesburg
5557,CA-2015-125066,2015-12-18,Standard Class,KD-16495,39212,6.16,1.97,FUR-FU-10003829,Jackson
7428,US-2014-164763,2014-03-21,Standard Class,MH-17440,39212,11.43,5.37,OFF-BI-10000605,Jackson
2098,US-2016-146570,2016-05-20,Standard Class,SN-20710,39212,8.34,2.17,OFF-AR-10003856,Jackson
9612,CA-2017-144365,2017-10-30,Standard Class,CS-11950,39212,11.68,5.26,OFF-FA-10000735,Jackson
7430,US-2014-164763,2014-03-21,Standard Class,MH-17440,39212,12.96,6.35,OFF-PA-10003349,Jackson
3579,CA-2016-104157,2016-07-29,Standard Class,MT-17815,39212,7.89,0.32,OFF-ST-10000321,Jackson
687,CA-2014-157784,2014-07-08,First Class,MC-17845,39212,14.62,6.87,OFF-LA-10001934,Jackson
7431,US-2014-164763,2014-03-21,Standard Class,MH-17440,39212,16.00,7.68,OFF-PA-10003063,Jackson
3722,CA-2016-151155,2016-12-24,Standard Class,AB-10255,39212,15.42,6.94,OFF-BI-10003910,Jackson
688,CA-2014-157784,2014-07-08,First Class,MC-17845,39212,19.44,9.33,OFF-PA-10000304,Jackson
3721,CA-2016-151155,2016-12-24,Standard Class,AB-10255,39212,18.92,7.38,FUR-FU-10001918,Jackson
7429,US-2014-164763,2014-03-21,Standard Class,MH-17440,39212,30.44,14.92,OFF-BI-10000309,Jackson
3196,CA-2016-169026,2016-08-13,Standard Class,CM-12655,39212,23.34,0.23,OFF-FA-10001883,Jackson
3528,CA-2017-148922,2017-12-15,Second Class,SU-20665,39212,45.84,22.00,OFF-BI-10003476,Jackson
7432,US-2014-164763,2014-03-21,Standard Class,MH-17440,39212,32.67,8.49,OFF-AP-10003971,Jackson
9170,CA-2016-140571,2016-03-19,Standard Class,SJ-20125,39212,45.68,21.01,OFF-PA-10001954,Jackson
5005,CA-2014-156006,2014-05-02,Second Class,TM-21010,39212,47.79,16.25,TEC-AC-10002550,Jackson
3580,CA-2016-104157,2016-07-29,Standard Class,MT-17815,39212,65.50,32.09,OFF-PA-10004665,Jackson
3527,CA-2017-148922,2017-12-15,Second Class,SU-20665,39212,38.97,0.78,TEC-PH-10000148,Jackson
5558,CA-2015-125066,2015-12-18,Standard Class,KD-16495,39212,56.30,15.76,OFF-AR-10003582,Jackson
3516,CA-2016-168536,2016-12-24,Standard Class,SC-20800,39212,66.30,8.62,TEC-AC-10002323,Jackson
2097,US-2016-146570,2016-05-20,Standard Class,SN-20710,39212,91.96,25.75,OFF-AR-10004602,Jackson
3469,CA-2016-146143,2016-12-19,Standard Class,MC-17845,39212,133.38,58.69,FUR-FU-10002045,Jackson
7979,CA-2014-166051,2014-06-05,Standard Class,JK-15625,39212,113.73,32.98,TEC-PH-10002538,Jackson
956,CA-2017-119305,2017-12-04,Standard Class,SW-20275,39212,173.80,43.45,OFF-ST-10000604,Jackson
853,CA-2016-113747,2016-06-04,Standard Class,VD-21670,39212,185.88,50.19,OFF-AR-10003373,Jackson
9169,CA-2016-140571,2016-03-19,Standard Class,SJ-20125,39212,319.76,147.09,OFF-PA-10001954,Jackson
8172,CA-2016-146150,2016-02-19,Standard Class,FM-14380,39212,264.18,68.69,OFF-AR-10002240,Jackson
2096,US-2016-146570,2016-05-20,Standard Class,SN-20710,39212,511.84,240.56,OFF-BI-10001718,Jackson
686,CA-2014-157784,2014-07-08,First Class,MC-17845,39212,479.97,163.19,TEC-AC-10003911,Jackson
3526,CA-2017-148922,2017-12-15,Second Class,SU-20665,39212,599.97,257.99,TEC-AC-10001838,Jackson
7978,CA-2014-166051,2014-06-05,Standard Class,JK-15625,39212,659.97,197.99,TEC-PH-10002680,Jackson
425,CA-2017-155705,2017-08-23,Second Class,NF-18385,39212,866.40,225.26,FUR-CH-10000015,Jackson
3581,CA-2016-104157,2016-07-29,Standard Class,MT-17815,39212,2430.08,388.81,FUR-TA-10004915,Jackson
5949,CA-2017-161046,2017-03-05,Same Day,CB-12535,38671,42.68,19.63,OFF-EN-10003862,Southaven
2278,CA-2014-104283,2014-06-30,Standard Class,LM-17065,38671,85.98,22.35,FUR-TA-10001039,Southaven
5952,CA-2017-161046,2017-03-05,Same Day,CB-12535,38671,234.36,112.49,OFF-BI-10002026,Southaven
2279,CA-2014-104283,2014-06-30,Standard Class,LM-17065,38671,223.96,53.75,TEC-AC-10000109,Southaven
5950,CA-2017-161046,2017-03-05,Same Day,CB-12535,38671,299.97,125.99,TEC-AC-10004571,Southaven
5951,CA-2017-161046,2017-03-05,Same Day,CB-12535,38671,262.24,78.67,OFF-AP-10000891,Southaven
2277,CA-2014-104283,2014-06-30,Standard Class,LM-17065,38671,306.20,0.00,OFF-ST-10004337,Southaven
3966,CA-2014-164910,2014-11-17,Second Class,DM-13345,28806,7.87,0.89,OFF-AR-10003651,Asheville
2676,CA-2017-132185,2017-12-02,Standard Class,DB-13615,28806,8.76,0.77,OFF-AR-10000422,Asheville
7664,CA-2017-139493,2017-09-19,Standard Class,SG-20605,28806,15.92,2.79,OFF-AR-10003158,Asheville
5461,US-2014-107405,2014-03-25,Standard Class,TS-21205,28806,16.27,-3.86,OFF-ST-10002301,Asheville
4355,CA-2017-153654,2017-11-26,Second Class,MD-17860,28806,19.01,-12.67,OFF-BI-10004465,Asheville
2677,CA-2017-132185,2017-12-02,Standard Class,DB-13615,28806,43.58,4.36,OFF-AP-10001205,Asheville
793,CA-2016-105256,2016-05-20,Same Day,JK-15730,28806,1363.96,85.25,TEC-PH-10001530,Asheville
8318,CA-2017-130904,2017-04-16,Standard Class,HM-14980,27217,1.75,0.15,OFF-AR-10000422,Burlington
1394,CA-2017-124828,2017-07-04,First Class,YS-21880,27217,9.55,1.55,OFF-AR-10003514,Burlington
8319,CA-2017-130904,2017-04-16,Standard Class,HM-14980,27217,20.99,2.36,OFF-AR-10000127,Burlington
1039,CA-2017-121818,2017-11-21,First Class,JH-15430,27217,23.97,2.70,OFF-AR-10000203,Burlington
1040,CA-2017-121818,2017-11-21,First Class,JH-15430,27217,28.73,1.80,OFF-AR-10004790,Burlington
685,US-2017-168116,2017-11-04,Same Day,GT-14635,27217,167.44,14.65,OFF-AP-10002457,Burlington
5066,CA-2017-142090,2017-12-07,Standard Class,SC-20380,27217,383.98,81.59,TEC-AC-10002001,Burlington
8411,CA-2016-130820,2016-11-15,Same Day,ON-18715,27217,630.02,-199.51,FUR-TA-10001768,Burlington
5067,CA-2017-142090,2017-12-07,Standard Class,SC-20380,27217,1781.68,-653.28,FUR-TA-10001889,Burlington
2929,US-2017-120390,2017-10-26,Standard Class,TH-21550,27217,1633.19,-1306.55,OFF-BI-10004995,Burlington
684,US-2017-168116,2017-11-04,Same Day,GT-14635,27217,7999.98,-3839.99,TEC-MA-10004125,Burlington
2721,CA-2014-121286,2014-11-08,Second Class,ON-18715,27511,8.38,2.72,OFF-FA-10000585,Cary
705,CA-2014-138527,2014-09-17,Standard Class,BN-11470,27511,10.37,3.63,OFF-PA-10001800,Cary
707,CA-2014-138527,2014-09-17,Standard Class,BN-11470,27511,15.22,2.28,TEC-AC-10002399,Cary
2722,CA-2014-121286,2014-11-08,Second Class,ON-18715,27511,58.24,5.10,OFF-AP-10004859,Cary
706,CA-2014-138527,2014-09-17,Standard Class,BN-11470,27511,166.84,18.77,OFF-AP-10001469,Cary
9089,CA-2015-150308,2015-12-20,Standard Class,RR-19525,27511,246.17,21.54,TEC-PH-10001433,Cary
267,CA-2017-136826,2017-06-20,Standard Class,CB-12535,27514,14.02,4.73,OFF-AR-10003602,Chapel Hill
109,CA-2017-119004,2017-11-28,Standard Class,JM-15250,28205,3.30,1.07,OFF-AR-10000390,Charlotte
7878,CA-2015-148705,2015-03-18,Standard Class,EB-14170,28205,5.04,1.76,OFF-LA-10001641,Charlotte
8298,US-2015-158911,2015-07-11,Standard Class,RS-19765,28205,4.93,0.74,FUR-FU-10003829,Charlotte
4066,CA-2014-102673,2014-11-05,Standard Class,KH-16630,28205,7.52,1.41,OFF-FA-10003021,Charlotte
8299,US-2015-158911,2015-07-11,Standard Class,RS-19765,28205,11.78,4.27,OFF-LA-10003223,Charlotte
4067,CA-2014-102673,2014-11-05,Standard Class,KH-16630,28205,10.27,0.90,OFF-AR-10000634,Charlotte
7738,CA-2017-108287,2017-12-20,First Class,AG-10330,28205,12.67,1.43,OFF-AR-10001315,Charlotte
1838,CA-2014-117345,2014-08-05,Standard Class,BF-10975,28205,17.54,5.92,OFF-LA-10000240,Charlotte
3387,CA-2017-148404,2017-10-11,Standard Class,Dp-13240,28205,18.94,5.92,OFF-FA-10003112,Charlotte
7080,CA-2016-106950,2016-09-06,Standard Class,JE-15715,28205,19.46,3.40,OFF-AR-10003560,Charlotte
7677,CA-2014-142951,2014-10-08,Same Day,JG-15115,28205,23.47,4.99,TEC-AC-10002331,Charlotte
359,CA-2016-130001,2016-04-28,Standard Class,HK-14890,28205,36.24,11.32,OFF-PA-10002666,Charlotte
108,CA-2017-119004,2017-11-28,Standard Class,JM-15250,28205,27.99,2.10,TEC-PH-10002844,Charlotte
7083,CA-2016-106950,2016-09-06,Standard Class,JE-15715,28205,17.22,-12.63,OFF-BI-10003166,Charlotte
231,US-2014-156216,2014-09-17,Standard Class,EA-14035,28205,18.65,-12.43,OFF-BI-10001679,Charlotte
1839,CA-2014-117345,2014-08-05,Standard Class,BF-10975,28205,44.13,12.14,FUR-FU-10000629,Charlotte
4068,CA-2014-102673,2014-11-05,Standard Class,KH-16630,28205,47.81,15.54,OFF-LA-10001771,Charlotte
8860,US-2017-114356,2017-08-26,Standard Class,TT-21460,28205,35.96,3.60,TEC-PH-10003171,Charlotte
7078,CA-2016-106950,2016-09-06,Standard Class,JE-15715,28205,22.91,-17.57,OFF-BI-10000014,Charlotte
7783,CA-2016-162236,2016-11-06,Second Class,ER-13855,28205,45.25,3.96,OFF-ST-10003442,Charlotte
8650,CA-2016-164574,2016-08-03,Standard Class,RH-19555,28205,27.40,-20.09,OFF-BI-10002429,Charlotte
1258,US-2016-168620,2016-12-28,Second Class,RB-19795,28205,27.88,-20.45,OFF-BI-10001575,Charlotte
1841,CA-2014-117345,2014-08-05,Standard Class,BF-10975,28205,78.30,29.36,OFF-PA-10002377,Charlotte
1840,CA-2014-117345,2014-08-05,Standard Class,BF-10975,28205,62.92,10.22,OFF-AP-10001005,Charlotte
107,CA-2017-119004,2017-11-28,Standard Class,JM-15250,28205,74.11,17.60,TEC-AC-10003499,Charlotte
4128,CA-2014-127299,2014-09-24,Standard Class,JL-15835,28205,67.34,7.58,OFF-ST-10003722,Charlotte
1097,CA-2017-160423,2017-01-26,Standard Class,PS-19045,28205,35.78,-28.63,OFF-BI-10004001,Charlotte
6637,CA-2017-144498,2017-05-06,Same Day,MB-18085,28205,122.12,39.69,OFF-LA-10003510,Charlotte
3389,CA-2017-148404,2017-10-11,Standard Class,Dp-13240,28205,50.45,-33.64,OFF-BI-10002854,Charlotte
6635,CA-2017-144498,2017-05-06,Same Day,MB-18085,28205,68.54,-52.55,OFF-BI-10003982,Charlotte
875,CA-2017-114636,2017-08-29,Standard Class,GA-14725,28205,192.16,67.26,OFF-PA-10001790,Charlotte
7756,CA-2017-100902,2017-11-21,Standard Class,CK-12595,28205,268.24,93.88,OFF-PA-10002558,Charlotte
1260,US-2016-168620,2016-12-28,Second Class,RB-19795,28205,255.68,76.70,TEC-AC-10004469,Charlotte
3390,CA-2017-148404,2017-10-11,Standard Class,Dp-13240,28205,154.76,-36.11,FUR-TA-10001039,Charlotte
3388,CA-2017-148404,2017-10-11,Standard Class,Dp-13240,28205,222.38,16.68,TEC-PH-10004447,Charlotte
7785,CA-2016-162236,2016-11-06,Second Class,ER-13855,28205,185.38,-34.76,OFF-SU-10003505,Charlotte
9830,US-2017-152842,2017-07-23,Standard Class,NF-18385,28205,242.35,15.15,FUR-CH-10004218,Charlotte
1206,CA-2017-133235,2017-08-04,First Class,LH-16750,28205,271.96,17.00,TEC-PH-10002660,Charlotte
7079,CA-2016-106950,2016-09-06,Standard Class,JE-15715,28205,309.46,34.81,OFF-AP-10000159,Charlotte
1096,CA-2017-160423,2017-01-26,Standard Class,PS-19045,28205,348.21,30.47,OFF-ST-10004340,Charlotte
7757,CA-2017-100902,2017-11-21,Standard Class,CK-12595,28205,431.16,107.79,TEC-AC-10003174,Charlotte
5975,CA-2016-135636,2016-10-13,Standard Class,DB-13615,28205,387.72,-67.85,OFF-ST-10000676,Charlotte
3386,CA-2017-148404,2017-10-11,Standard Class,Dp-13240,28205,580.67,65.33,OFF-ST-10003208,Charlotte
6636,CA-2017-144498,2017-05-06,Same Day,MB-18085,28205,627.17,70.56,TEC-PH-10004977,Charlotte
1259,US-2016-168620,2016-12-28,Second Class,RB-19795,28205,540.05,-47.25,OFF-ST-10003716,Charlotte
7081,CA-2016-106950,2016-09-06,Standard Class,JE-15715,28205,472.52,-149.63,FUR-TA-10001768,Charlotte
8649,CA-2016-164574,2016-08-03,Standard Class,RH-19555,28205,704.76,26.43,OFF-ST-10003816,Charlotte
7082,CA-2016-106950,2016-09-06,Standard Class,JE-15715,28205,1012.68,303.80,TEC-AC-10002049,Charlotte
2898,US-2016-164630,2016-01-09,Standard Class,EB-13975,28205,959.97,120.00,TEC-CO-10000971,Charlotte
4069,CA-2014-102673,2014-11-05,Standard Class,KH-16630,28205,978.84,110.12,TEC-PH-10004434,Charlotte
7784,CA-2016-162236,2016-11-06,Second Class,ER-13855,28205,876.30,-292.10,FUR-TA-10002533,Charlotte
4129,CA-2014-127299,2014-09-24,Standard Class,JL-15835,28205,2624.99,-944.99,TEC-MA-10001127,Charlotte
4065,US-2014-130358,2014-06-26,First Class,DL-13330,28027,3.10,0.35,OFF-SU-10002522,Concord
5833,CA-2016-142895,2016-07-26,Standard Class,BP-11290,28027,6.26,2.04,OFF-LA-10000262,Concord
13,CA-2017-114412,2017-04-20,Standard Class,AA-10480,28027,15.55,5.44,OFF-PA-10002365,Concord
4064,US-2014-130358,2014-06-26,First Class,DL-13330,28027,20.02,1.75,OFF-AR-10002766,Concord
7269,CA-2016-133368,2016-01-20,Standard Class,AG-10675,28027,89.57,32.47,OFF-PA-10004039,Concord
7270,CA-2016-133368,2016-01-20,Standard Class,AG-10675,28027,315.78,31.58,FUR-FU-10003374,Concord
5834,CA-2016-142895,2016-07-26,Standard Class,BP-11290,28027,363.92,0.00,FUR-CH-10002961,Concord
9640,CA-2015-116638,2015-01-31,Second Class,JH-15985,28027,4297.64,-1862.31,FUR-TA-10000198,Concord
4878,US-2014-155817,2014-10-09,Standard Class,SL-20155,27707,6.19,0.46,OFF-AR-10002335,Durham
8884,US-2017-115252,2017-10-25,Standard Class,MY-18295,27707,14.35,4.49,OFF-PA-10001667,Durham
8193,CA-2015-141327,2015-12-03,First Class,LR-16915,27707,6.05,-4.23,OFF-BI-10000546,Durham
8883,US-2017-115252,2017-10-25,Standard Class,MY-18295,27707,15.98,1.40,TEC-PH-10004071,Durham
4877,US-2014-155817,2014-10-09,Standard Class,SL-20155,27707,61.57,4.62,OFF-ST-10000532,Durham
8194,CA-2015-141327,2015-12-03,First Class,LR-16915,27707,98.35,9.84,OFF-AP-10001293,Durham
6790,CA-2015-161445,2015-09-09,Second Class,CC-12610,27707,140.74,12.31,OFF-AR-10001953,Durham
84,CA-2015-149734,2015-09-08,Standard Class,JC-16105,27707,200.98,62.81,OFF-EN-10000927,Durham
8195,CA-2015-141327,2015-12-03,First Class,LR-16915,27707,335.74,25.18,FUR-FU-10000576,Durham
2635,CA-2015-116750,2015-07-10,Second Class,BF-10975,28314,4.93,0.74,FUR-FU-10003829,Fayetteville
9418,CA-2014-148285,2014-10-31,Standard Class,RD-19810,28314,10.37,3.63,OFF-PA-10001166,Fayetteville
1732,CA-2014-125136,2014-10-03,Standard Class,KD-16495,28314,10.69,3.74,OFF-PA-10001804,Fayetteville
9419,CA-2014-148285,2014-10-31,Standard Class,RD-19810,28314,11.95,4.03,OFF-PA-10000349,Fayetteville
7379,CA-2015-136224,2015-05-31,Same Day,ML-18265,28314,10.27,1.16,OFF-AR-10003504,Fayetteville
2471,US-2016-135923,2016-01-28,Standard Class,CM-11935,28314,14.27,4.28,FUR-FU-10002107,Fayetteville
2636,CA-2015-116750,2015-07-10,Second Class,BF-10975,28314,7.23,-5.78,OFF-BI-10004728,Fayetteville
4568,US-2017-149510,2017-12-10,Standard Class,MC-17575,28314,24.45,8.86,OFF-PA-10001892,Fayetteville
2970,CA-2017-167941,2017-11-09,Second Class,JF-15565,28314,31.10,10.89,OFF-PA-10001800,Fayetteville
3517,US-2016-113649,2016-08-12,First Class,HA-14920,28314,30.82,9.63,OFF-PA-10000130,Fayetteville
2972,CA-2017-167941,2017-11-09,Second Class,JF-15565,28314,28.27,6.36,FUR-FU-10004671,Fayetteville
2971,CA-2017-167941,2017-11-09,Second Class,JF-15565,28314,13.27,-10.62,OFF-BI-10002827,Fayetteville
7714,CA-2017-139353,2017-10-30,Second Class,JM-15250,28314,47.95,16.18,OFF-PA-10000300,Fayetteville
3518,US-2016-113649,2016-08-12,First Class,HA-14920,28314,44.78,4.48,TEC-PH-10002350,Fayetteville
4566,US-2017-149510,2017-12-10,Standard Class,MC-17575,28314,45.22,4.52,OFF-AP-10002350,Fayetteville
4567,US-2017-149510,2017-12-10,Standard Class,MC-17575,28314,28.78,-21.11,OFF-BI-10004233,Fayetteville
2473,US-2016-135923,2016-01-28,Standard Class,CM-11935,28314,64.86,6.49,OFF-AP-10000692,Fayetteville
7712,CA-2017-139353,2017-10-30,Second Class,JM-15250,28314,77.95,15.59,FUR-FU-10001876,Fayetteville
1731,CA-2014-125136,2014-10-03,Standard Class,KD-16495,28314,96.26,31.28,OFF-PA-10001457,Fayetteville
2842,US-2017-135062,2017-09-04,Second Class,RL-19615,28314,229.54,83.21,OFF-PA-10000100,Fayetteville
7713,CA-2017-139353,2017-10-30,Second Class,JM-15250,28314,147.18,-29.44,OFF-ST-10001522,Fayetteville
2858,CA-2016-154690,2016-08-17,Second Class,CC-12370,28314,225.30,22.53,FUR-CH-10000988,Fayetteville
5361,US-2017-126060,2017-04-18,Standard Class,DW-13585,28314,198.27,-32.22,FUR-BO-10003433,Fayetteville
2973,CA-2017-167941,2017-11-09,Second Class,JF-15565,28314,259.14,-51.83,OFF-ST-10000736,Fayetteville
2969,CA-2017-167941,2017-11-09,Second Class,JF-15565,28314,499.58,43.71,OFF-AP-10002118,Fayetteville
3519,US-2016-113649,2016-08-12,First Class,HA-14920,28314,569.54,64.07,OFF-AP-10002518,Fayetteville
2472,US-2016-135923,2016-01-28,Standard Class,CM-11935,28314,451.14,-67.67,FUR-BO-10002213,Fayetteville
433,US-2016-123750,2016-04-21,Standard Class,RB-19795,28052,4.77,-0.77,OFF-ST-10000617,Gastonia
432,US-2016-123750,2016-04-21,Standard Class,RB-19795,28052,291.96,54.74,TEC-AC-10004659,Gastonia
431,US-2016-123750,2016-04-21,Standard Class,RB-19795,28052,408.74,76.64,TEC-AC-10004659,Gastonia
430,US-2016-123750,2016-04-21,Standard Class,RB-19795,28052,189.59,-145.35,OFF-BI-10004584,Gastonia
6720,CA-2016-130442,2016-12-19,First Class,SF-20065,27534,34.94,3.06,OFF-AP-10004859,Goldsboro
7274,US-2016-150357,2016-10-14,Standard Class,EB-13975,27405,4.09,-2.73,OFF-BI-10002557,Greensboro
1768,US-2014-158057,2014-03-26,Standard Class,CC-12685,27405,7.64,-5.86,OFF-BI-10004410,Greensboro
5606,CA-2016-134516,2016-09-25,Standard Class,FM-14215,27405,17.09,1.07,FUR-FU-10001546,Greensboro
9458,CA-2017-151855,2017-06-03,Standard Class,BW-11110,27405,12.06,-10.05,OFF-BI-10004209,Greensboro
7273,US-2016-150357,2016-10-14,Standard Class,EB-13975,27405,20.61,-4.38,OFF-SU-10004498,Greensboro
9457,CA-2017-151855,2017-06-03,Standard Class,BW-11110,27405,27.19,0.34,TEC-AC-10002380,Greensboro
6760,CA-2017-165715,2017-12-08,Standard Class,BG-11035,27405,32.78,2.46,OFF-AR-10003903,Greensboro
9671,CA-2015-133396,2015-08-15,First Class,GK-14620,27405,64.68,8.09,OFF-AR-10001446,Greensboro
1769,US-2014-158057,2014-03-26,Standard Class,CC-12685,27405,51.47,-39.46,OFF-BI-10002735,Greensboro
5607,CA-2016-134516,2016-09-25,Standard Class,FM-14215,27405,98.39,-11.07,FUR-CH-10002880,Greensboro
5316,CA-2016-154060,2016-05-08,Standard Class,DL-12865,27405,187.06,11.69,FUR-CH-10002304,Greensboro
3799,CA-2017-147760,2017-11-05,First Class,KL-16555,27405,523.76,-192.05,FUR-TA-10004575,Greensboro
3800,CA-2017-147760,2017-11-05,First Class,KL-16555,27405,1359.96,119.00,TEC-PH-10002483,Greensboro
5312,CA-2016-123414,2016-08-27,Standard Class,SU-20665,27834,9.22,3.34,OFF-LA-10004559,Greenville
5749,CA-2016-113733,2016-12-12,Standard Class,LH-16900,27834,16.56,-2.48,TEC-AC-10004877,Greenville
5313,CA-2016-123414,2016-08-27,Standard Class,SU-20665,27834,28.05,3.51,OFF-SU-10002573,Greenville
1262,US-2016-144393,2016-11-04,Standard Class,SM-20950,27834,17.62,-14.09,OFF-BI-10004236,Greenville
5748,CA-2016-113733,2016-12-12,Standard Class,LH-16900,27834,68.11,17.88,TEC-AC-10002473,Greenville
5747,CA-2016-113733,2016-12-12,Standard Class,LH-16900,27834,249.58,31.20,TEC-PH-10002496,Greenville
7534,US-2017-134642,2017-02-28,Standard Class,SW-20245,27834,196.78,-22.14,FUR-CH-10002880,Greenville
7535,US-2017-134642,2017-02-28,Standard Class,SW-20245,27834,231.92,5.80,FUR-BO-10004709,Greenville
7647,US-2014-115196,2014-09-13,Standard Class,DL-12925,27834,1299.99,-572.00,TEC-MA-10002073,Greenville
8924,CA-2017-133928,2017-06-17,Standard Class,ZC-21910,28601,4.57,-3.81,OFF-BI-10001525,Hickory
3487,US-2016-134761,2016-11-30,Same Day,DB-13210,28601,36.19,2.71,TEC-PH-10002890,Hickory
8646,CA-2015-108259,2015-11-15,Standard Class,NS-18640,28540,4.71,1.41,FUR-FU-10000023,Jacksonville
8644,CA-2015-108259,2015-11-15,Standard Class,NS-18640,28540,5.04,1.64,OFF-LA-10002945,Jacksonville
1737,CA-2017-101483,2017-07-31,Second Class,AG-10675,28540,4.37,0.38,OFF-AR-10002833,Jacksonville
1748,CA-2016-155670,2016-08-17,Second Class,EM-14065,28540,10.27,3.21,OFF-PA-10004947,Jacksonville
1184,CA-2017-138779,2017-01-15,First Class,RB-19570,28540,7.92,0.69,TEC-PH-10003655,Jacksonville
4605,US-2015-113327,2015-05-29,Second Class,BF-11170,28540,12.22,4.43,OFF-EN-10004459,Jacksonville
8989,CA-2015-123092,2015-12-07,Standard Class,JG-15115,28540,9.34,1.17,OFF-AR-10004078,Jacksonville
3804,CA-2016-156503,2016-10-20,Standard Class,NC-18415,28540,12.77,1.44,OFF-SU-10000946,Jacksonville
4603,US-2015-113327,2015-05-29,Second Class,BF-11170,28540,18.27,5.94,OFF-PA-10003790,Jacksonville
6029,CA-2016-157364,2016-11-21,First Class,LT-17110,28540,18.48,6.01,OFF-AR-10003752,Jacksonville
1183,CA-2017-138779,2017-01-15,First Class,RB-19570,28540,21.74,7.34,OFF-EN-10002504,Jacksonville
7754,CA-2015-158323,2015-12-03,First Class,AB-10600,28540,17.09,1.07,FUR-FU-10001546,Jacksonville
4769,CA-2017-158883,2017-06-03,Same Day,CS-11860,28540,25.34,9.19,OFF-PA-10004733,Jacksonville
3802,CA-2016-156503,2016-10-20,Standard Class,NC-18415,28540,22.70,5.96,TEC-AC-10002473,Jacksonville
1747,CA-2016-155670,2016-08-17,Second Class,EM-14065,28540,11.23,-8.24,OFF-BI-10000138,Jacksonville
8643,CA-2015-108259,2015-11-15,Standard Class,NS-18640,28540,31.50,11.81,OFF-FA-10000624,Jacksonville
1736,CA-2017-101483,2017-07-31,Second Class,AG-10675,28540,22.00,1.38,TEC-PH-10003442,Jacksonville
3805,CA-2016-156503,2016-10-20,Standard Class,NC-18415,28540,35.01,13.13,OFF-EN-10001335,Jacksonville
6488,CA-2015-120621,2015-03-26,Standard Class,JW-16075,28540,12.84,-9.85,OFF-BI-10000948,Jacksonville
8264,CA-2015-138457,2015-09-17,Standard Class,AM-10705,28540,13.09,-10.04,OFF-BI-10000014,Jacksonville
3806,CA-2016-156503,2016-10-20,Standard Class,NC-18415,28540,39.15,14.68,OFF-PA-10002377,Jacksonville
6432,CA-2014-165764,2014-11-07,Standard Class,SH-20395,28540,14.30,-10.49,OFF-BI-10002982,Jacksonville
7870,US-2017-166233,2017-07-09,Standard Class,MO-17950,28540,24.00,-2.70,TEC-AC-10002167,Jacksonville
6430,CA-2014-165764,2014-11-07,Standard Class,SH-20395,28540,25.98,-1.62,OFF-ST-10001558,Jacksonville
1342,CA-2017-113481,2017-01-04,First Class,AS-10045,28540,15.66,-12.53,OFF-BI-10003694,Jacksonville
1735,CA-2017-101483,2017-07-31,Second Class,AG-10675,28540,34.85,6.53,OFF-AP-10002082,Jacksonville
3470,CA-2015-100888,2015-04-10,Standard Class,MH-17455,28540,47.95,16.18,OFF-PA-10001019,Jacksonville
4080,CA-2015-165414,2015-12-24,First Class,LS-17245,28540,47.98,4.80,TEC-PH-10002293,Jacksonville
8281,CA-2017-134810,2017-05-10,First Class,MC-17605,28540,65.23,22.02,OFF-EN-10002504,Jacksonville
1343,CA-2017-113481,2017-01-04,First Class,AS-10045,28540,28.85,-21.16,OFF-BI-10000474,Jacksonville
7153,CA-2014-137911,2014-10-15,Standard Class,BP-11095,28540,88.77,31.07,OFF-PA-10004071,Jacksonville
2746,CA-2017-163321,2017-08-11,Second Class,FM-14380,28540,79.99,22.00,TEC-AC-10004571,Jacksonville
3803,CA-2016-156503,2016-10-20,Standard Class,NC-18415,28540,93.02,33.72,OFF-PA-10002319,Jacksonville
3159,US-2016-162677,2016-03-27,First Class,DB-13210,28540,67.64,5.92,OFF-ST-10001291,Jacksonville
8986,CA-2015-123092,2015-12-07,Standard Class,JG-15115,28540,77.95,12.67,FUR-FU-10000222,Jacksonville
8645,CA-2015-108259,2015-11-15,Standard Class,NS-18640,28540,39.88,-29.24,OFF-BI-10000315,Jacksonville
1006,CA-2015-111199,2015-11-17,Standard Class,JK-15730,28540,115.30,40.35,OFF-PA-10001790,Jacksonville
3199,CA-2014-131527,2014-12-07,Standard Class,TB-21280,28540,95.97,9.60,TEC-PH-10001644,Jacksonville
3801,CA-2016-156503,2016-10-20,Standard Class,NC-18415,28540,102.59,10.26,FUR-CH-10003606,Jacksonville
8988,CA-2015-123092,2015-12-07,Standard Class,JG-15115,28540,105.58,9.24,TEC-PH-10001700,Jacksonville
4604,US-2015-113327,2015-05-29,Second Class,BF-11170,28540,153.73,53.80,OFF-PA-10003134,Jacksonville
4606,US-2015-113327,2015-05-29,Second Class,BF-11170,28540,167.94,50.38,TEC-AC-10003628,Jacksonville
3160,US-2016-162677,2016-03-27,First Class,DB-13210,28540,119.98,-18.00,TEC-AC-10001314,Jacksonville
8987,CA-2015-123092,2015-12-07,Standard Class,JG-15115,28540,95.97,-73.58,OFF-BI-10001718,Jacksonville
8282,CA-2017-134810,2017-05-10,First Class,MC-17605,28540,207.00,25.88,FUR-CH-10001270,Jacksonville
6489,CA-2015-120621,2015-03-26,Standard Class,JW-16075,28540,295.46,96.02,OFF-PA-10002254,Jacksonville
6433,CA-2014-165764,2014-11-07,Standard Class,SH-20395,28540,410.35,-51.29,FUR-FU-10001468,Jacksonville
1341,CA-2017-113481,2017-01-04,First Class,AS-10045,28540,695.70,-27.83,TEC-MA-10002178,Jacksonville
6487,CA-2015-120621,2015-03-26,Standard Class,JW-16075,28540,962.08,156.34,OFF-AP-10002945,Jacksonville
6431,CA-2014-165764,2014-11-07,Standard Class,SH-20395,28540,945.04,-299.26,FUR-TA-10001768,Jacksonville
2267,CA-2017-149146,2017-10-12,Same Day,SM-20320,28110,7.97,2.69,OFF-PA-10003919,Monroe
9286,CA-2015-102778,2015-11-24,First Class,JH-15820,28110,18.18,4.77,FUR-FU-10000087,Monroe
5083,CA-2016-155138,2016-09-12,Standard Class,JM-15580,28110,35.17,8.35,TEC-AC-10004209,Monroe
1090,CA-2017-158407,2017-06-10,Standard Class,LW-16990,28110,31.98,2.00,FUR-FU-10001967,Monroe
5084,CA-2016-155138,2016-09-12,Standard Class,JM-15580,28110,64.70,23.46,OFF-PA-10000501,Monroe
1091,CA-2017-158407,2017-06-10,Standard Class,LW-16990,28110,71.98,25.19,TEC-PH-10001819,Monroe
8790,CA-2017-126914,2017-06-19,Standard Class,JE-15715,28110,77.73,-3.89,FUR-BO-10000468,Monroe
1833,CA-2015-131422,2015-11-09,Standard Class,GB-14530,28110,207.00,25.88,FUR-CH-10001270,Monroe
8789,CA-2017-126914,2017-06-19,Standard Class,JE-15715,28110,698.35,52.38,FUR-CH-10000847,Monroe
7370,CA-2015-110345,2015-03-11,Second Class,TG-21310,27604,4.61,1.67,OFF-LA-10001175,Raleigh
3283,US-2014-117170,2014-09-24,Standard Class,KT-16465,27604,4.62,1.68,OFF-PA-10000682,Raleigh
8851,CA-2015-140718,2015-07-04,First Class,FA-14230,27604,2.89,-2.31,OFF-BI-10004728,Raleigh
8852,CA-2015-140718,2015-07-04,First Class,FA-14230,27604,9.39,3.29,OFF-PA-10002250,Raleigh
2645,CA-2016-149111,2016-04-21,Second Class,BF-11170,27604,18.62,6.29,FUR-FU-10000206,Raleigh
4998,CA-2017-155824,2017-03-15,Standard Class,KS-16300,27604,13.09,-10.04,OFF-BI-10000014,Raleigh
2644,CA-2016-149111,2016-04-21,Second Class,BF-11170,27604,36.79,4.14,TEC-PH-10003092,Raleigh
5758,CA-2015-119634,2015-08-16,Standard Class,BW-11065,27604,46.15,12.11,FUR-FU-10004270,Raleigh
3282,US-2014-117170,2014-09-24,Standard Class,KT-16465,27604,47.98,13.20,TEC-AC-10001109,Raleigh
7809,US-2016-137295,2016-01-13,Standard Class,VS-21820,27604,47.62,5.95,OFF-AR-10001955,Raleigh
4997,CA-2017-155824,2017-03-15,Standard Class,KS-16300,27604,48.78,3.66,OFF-AP-10000390,Raleigh
8773,CA-2017-115882,2017-09-17,First Class,DB-13555,27604,74.35,23.23,OFF-PA-10001125,Raleigh
7808,US-2016-137295,2016-01-13,Standard Class,VS-21820,27604,30.83,-24.66,OFF-BI-10004236,Raleigh
8849,CA-2015-140718,2015-07-04,First Class,FA-14230,27604,74.24,8.35,TEC-PH-10003505,Raleigh
7810,US-2016-137295,2016-01-13,Standard Class,VS-21820,27604,108.78,10.88,TEC-PH-10004080,Raleigh
8850,CA-2015-140718,2015-07-04,First Class,FA-14230,27604,159.84,45.95,FUR-FU-10000076,Raleigh
6405,CA-2015-156328,2015-12-05,Standard Class,RM-19375,27604,177.48,19.97,TEC-PH-10001198,Raleigh
9808,CA-2017-107209,2017-07-31,Second Class,JW-15955,27604,194.85,12.18,FUR-CH-10001146,Raleigh
3453,CA-2014-157609,2014-03-21,Second Class,KN-16705,27604,471.92,29.50,TEC-PH-10002415,Raleigh
4683,CA-2016-127698,2016-11-30,Same Day,MV-18190,27604,863.93,86.39,TEC-PH-10003811,Raleigh
8772,CA-2017-115882,2017-09-17,First Class,DB-13555,27604,942.78,94.28,OFF-AP-10002534,Raleigh
1828,CA-2016-109344,2016-02-11,Second Class,CH-12070,27604,1127.98,126.90,TEC-PH-10002624,Raleigh
2687,CA-2016-133123,2016-09-11,Standard Class,KB-16315,27360,3.20,-2.46,OFF-BI-10001031,Thomasville
1478,CA-2016-121958,2016-11-17,Standard Class,CS-12505,27360,52.14,5.87,OFF-SU-10000381,Thomasville
2686,CA-2016-133123,2016-09-11,Standard Class,KB-16315,27360,95.95,29.98,OFF-EN-10003055,Thomasville
979,CA-2016-145499,2016-05-31,First Class,RW-19690,28403,3.28,-2.63,OFF-BI-10000848,Wilmington
1324,CA-2017-162635,2017-10-10,First Class,EB-14170,28403,10.82,3.52,OFF-PA-10002659,Wilmington
8048,CA-2017-130834,2017-11-06,Second Class,JM-16195,28403,16.27,5.29,OFF-PA-10003673,Wilmington
2095,US-2015-164357,2015-11-29,Standard Class,SF-20065,28403,13.12,1.48,OFF-AR-10001177,Wilmington
556,CA-2014-155852,2014-03-07,Second Class,AJ-10945,28403,19.46,3.40,OFF-AR-10003560,Wilmington
8087,CA-2017-120894,2017-05-02,Standard Class,JL-15130,28403,28.08,5.26,OFF-AP-10000252,Wilmington
404,CA-2014-155208,2014-04-20,Standard Class,SP-20650,28403,39.07,9.77,OFF-AR-10003478,Wilmington
8397,CA-2014-152254,2014-06-30,Same Day,BD-11620,28403,310.69,108.74,OFF-PA-10001144,Wilmington
2714,CA-2014-110100,2014-04-29,Standard Class,LC-16885,28403,302.38,37.80,TEC-PH-10004531,Wilmington
9137,CA-2016-124254,2016-04-17,Standard Class,TB-21175,27893,10.27,3.47,OFF-PA-10000807,Wilson
6703,CA-2015-153535,2015-05-24,Standard Class,SG-20470,27893,6.41,-4.91,OFF-BI-10001031,Wilson
6630,CA-2015-125696,2015-10-06,Standard Class,NP-18685,27893,7.38,-5.41,OFF-BI-10001757,Wilson
9136,CA-2016-124254,2016-04-17,Standard Class,TB-21175,27893,51.98,-5.20,OFF-ST-10000060,Wilson
6702,CA-2015-153535,2015-05-24,Standard Class,SG-20470,27893,163.14,20.39,FUR-FU-10001986,Wilson
9135,CA-2016-124254,2016-04-17,Standard Class,TB-21175,27893,129.55,-22.67,OFF-ST-10001469,Wilson
6967,CA-2016-157161,2016-07-20,Second Class,JD-15895,29203,6.46,3.17,OFF-BI-10002764,Columbia
6963,CA-2016-157161,2016-07-20,Second Class,JD-15895,29203,10.20,4.79,OFF-EN-10001509,Columbia
4174,CA-2016-152163,2016-06-30,Same Day,JF-15355,29203,12.96,6.22,OFF-PA-10000788,Columbia
4173,CA-2016-152163,2016-06-30,Same Day,JF-15355,29203,14.20,6.53,OFF-BI-10002215,Columbia
6183,CA-2015-158421,2015-09-26,Standard Class,GB-14575,29203,14.60,6.86,OFF-BI-10000050,Columbia
5195,CA-2014-101560,2014-11-30,Second Class,CS-12250,29203,13.12,4.33,OFF-AR-10004757,Columbia
6179,CA-2015-158421,2015-09-26,Standard Class,GB-14575,29203,23.92,11.72,OFF-PA-10001801,Columbia
3171,CA-2017-107461,2017-12-26,Second Class,PK-19075,29203,23.88,11.22,OFF-BI-10002003,Columbia
6965,CA-2016-157161,2016-07-20,Second Class,JD-15895,29203,24.10,11.09,OFF-BI-10004728,Columbia
2554,CA-2016-155439,2016-09-18,Standard Class,PN-18775,29203,25.92,12.44,OFF-PA-10000029,Columbia
6964,CA-2016-157161,2016-07-20,Second Class,JD-15895,29203,22.32,5.58,OFF-AR-10003338,Columbia
5196,CA-2014-101560,2014-11-30,Second Class,CS-12250,29203,45.66,22.37,OFF-BI-10000309,Columbia
4175,CA-2016-152163,2016-06-30,Same Day,JF-15355,29203,58.34,28.00,OFF-BI-10003364,Columbia
6968,CA-2016-157161,2016-07-20,Second Class,JD-15895,29203,60.12,28.86,OFF-PA-10001461,Columbia
3773,CA-2014-115357,2014-08-11,Second Class,RF-19735,29203,62.91,22.65,TEC-AC-10000023,Columbia
5194,CA-2014-101560,2014-11-30,Second Class,CS-12250,29203,85.96,40.40,OFF-PA-10001363,Columbia
6180,CA-2015-158421,2015-09-26,Standard Class,GB-14575,29203,63.96,6.40,OFF-ST-10000563,Columbia
6966,CA-2016-157161,2016-07-20,Second Class,JD-15895,29203,75.98,18.24,TEC-AC-10000358,Columbia
6177,CA-2015-158421,2015-09-26,Standard Class,GB-14575,29203,85.96,24.07,OFF-ST-10002444,Columbia
4178,CA-2014-128846,2014-04-12,Standard Class,RS-19765,29203,122.97,60.26,OFF-PA-10000100,Columbia
6178,CA-2015-158421,2015-09-26,Standard Class,GB-14575,29203,121.96,57.32,OFF-EN-10001453,Columbia
6182,CA-2015-158421,2015-09-26,Standard Class,GB-14575,29203,113.73,32.98,TEC-PH-10002538,Columbia
786,CA-2015-154921,2015-05-28,Standard Class,EA-14035,29203,186.69,87.74,OFF-EN-10000056,Columbia
86,CA-2017-140088,2017-05-30,Second Class,PO-18865,29203,301.96,33.22,FUR-CH-10000863,Columbia
1565,CA-2014-116239,2014-03-04,Same Day,CL-12565,29203,354.90,17.75,OFF-ST-10001370,Columbia
5193,CA-2014-101560,2014-11-30,Second Class,CS-12250,29203,397.60,43.74,FUR-FU-10003773,Columbia
6181,CA-2015-158421,2015-09-26,Standard Class,GB-14575,29203,629.95,176.39,TEC-PH-10000369,Columbia
4177,CA-2014-128846,2014-04-12,Standard Class,RS-19765,29203,629.95,163.79,TEC-PH-10003273,Columbia
6184,CA-2015-158421,2015-09-26,Standard Class,GB-14575,29203,887.84,17.76,OFF-ST-10004186,Columbia
6176,CA-2015-158421,2015-09-26,Standard Class,GB-14575,29203,1690.04,422.51,FUR-CH-10000309,Columbia
4556,CA-2015-130218,2015-03-26,First Class,SG-20470,29501,31.56,14.20,OFF-FA-10003112,Florence
4557,CA-2015-130218,2015-03-26,First Class,SG-20470,29501,27.92,0.56,OFF-ST-10002486,Florence
2401,CA-2017-147361,2017-09-15,Standard Class,SB-20290,29501,56.45,14.68,OFF-ST-10002214,Florence
6008,CA-2017-129028,2017-04-03,First Class,GB-14530,29501,127.95,21.75,FUR-FU-10004006,Florence
1901,CA-2016-140543,2016-07-03,Second Class,Co-12640,29501,191.88,19.19,OFF-ST-10000563,Florence
2400,CA-2017-147361,2017-09-15,Standard Class,SB-20290,29501,628.81,12.58,OFF-ST-10001809,Florence
2979,CA-2014-109232,2014-01-16,Second Class,ND-18370,29464,545.94,87.35,FUR-CH-10000422,Mount Pleasant
6909,US-2017-135503,2017-12-15,Standard Class,JE-16165,29406,14.76,4.28,FUR-FU-10002364,North Charleston
2449,CA-2015-128027,2015-09-17,Second Class,CM-12385,29406,269.49,5.39,OFF-ST-10001809,North Charleston
3745,CA-2014-113047,2014-10-24,Same Day,AP-10915,29730,11.85,3.79,OFF-FA-10002763,Rock Hill
2593,CA-2017-128300,2017-11-26,Second Class,RS-19765,29483,79.10,39.55,TEC-PH-10002807,Summerville
2594,CA-2017-128300,2017-11-26,Second Class,RS-19765,29483,327.84,157.36,OFF-BI-10001597,Summerville
6067,CA-2015-151547,2015-01-23,Standard Class,AH-10465,38134,88.96,10.01,OFF-SU-10000898,Bartlett
4156,CA-2016-139689,2017-01-03,Standard Class,MP-17965,37620,2.81,-1.97,OFF-BI-10000145,Bristol
2206,CA-2016-164350,2016-09-12,Second Class,CG-12040,37620,67.56,8.45,OFF-AR-10000538,Bristol
4155,CA-2016-139689,2017-01-03,Standard Class,MP-17965,37620,38.09,-27.93,OFF-BI-10004781,Bristol
3842,US-2014-109162,2014-06-12,Standard Class,KE-16420,37620,170.35,10.65,FUR-CH-10002647,Bristol
119,US-2015-136476,2015-04-10,Standard Class,GG-14650,37620,157.79,-115.72,OFF-BI-10003650,Bristol
8914,CA-2017-102610,2017-11-08,Standard Class,CA-12265,37421,4.93,1.72,OFF-LA-10002195,Chattanooga
8913,CA-2017-102610,2017-11-08,Standard Class,CA-12265,37421,3.56,-2.97,OFF-BI-10004364,Chattanooga
3041,US-2016-147991,2016-05-09,Standard Class,ZD-21925,37421,16.72,3.34,FUR-FU-10004270,Chattanooga
8738,CA-2017-161592,2017-04-10,Standard Class,CS-12175,37421,8.10,-5.94,OFF-BI-10003669,Chattanooga
8911,CA-2017-102610,2017-11-08,Standard Class,CA-12265,37421,95.98,15.60,TEC-AC-10000303,Chattanooga
7391,CA-2017-108035,2017-12-03,Standard Class,TT-21070,37421,101.52,19.04,FUR-FU-10004017,Chattanooga
9456,CA-2016-140977,2016-06-19,Second Class,JL-15175,37421,91.47,-1.83,TEC-MA-10003493,Chattanooga
5810,CA-2016-125017,2016-02-11,Standard Class,KB-16240,37421,132.22,-18.18,FUR-FU-10000723,Chattanooga
8912,CA-2017-102610,2017-11-08,Standard Class,CA-12265,37421,143.93,-32.38,TEC-PH-10000127,Chattanooga
7390,CA-2017-108035,2017-12-03,Standard Class,TT-21070,37421,390.37,48.80,FUR-CH-10000454,Chattanooga
8473,US-2017-132031,2017-04-27,Standard Class,PN-18775,37042,3.00,1.05,OFF-LA-10000081,Clarksville
4357,CA-2015-155600,2015-12-07,Second Class,RO-19780,37042,36.96,12.01,OFF-AR-10003752,Clarksville
8471,US-2017-132031,2017-04-27,Standard Class,PN-18775,37042,45.41,11.92,TEC-AC-10002473,Clarksville
2335,CA-2014-140886,2014-10-04,Standard Class,KW-16570,37042,69.22,11.25,OFF-AP-10000696,Clarksville
8472,US-2017-132031,2017-04-27,Standard Class,PN-18775,37042,77.95,-11.69,FUR-FU-10000193,Clarksville
8470,US-2017-132031,2017-04-27,Standard Class,PN-18775,37042,387.14,-14.52,FUR-BO-10001972,Clarksville
4356,CA-2015-155600,2015-12-07,Second Class,RO-19780,37042,1598.06,-1065.37,OFF-BI-10000545,Clarksville
838,US-2017-156083,2017-11-11,Standard Class,JL-15175,38401,9.66,3.26,OFF-PA-10001560,Columbia
4626,CA-2017-147228,2017-09-14,Standard Class,SO-20335,38401,14.14,4.24,FUR-FU-10000023,Columbia
4623,CA-2017-147228,2017-09-14,Standard Class,SO-20335,38401,8.83,-1.99,OFF-SU-10001225,Columbia
8993,CA-2017-159100,2017-10-21,Standard Class,VP-21760,38401,18.53,4.40,TEC-AC-10003499,Columbia
3322,CA-2014-134551,2014-12-25,Standard Class,TS-21505,38401,25.92,9.07,OFF-PA-10002689,Columbia
7267,CA-2017-122987,2017-08-16,Same Day,SJ-20215,38401,13.43,-11.19,OFF-BI-10002824,Columbia
6243,CA-2014-134621,2014-12-28,Standard Class,DP-13390,38401,18.24,-14.59,OFF-BI-10000977,Columbia
3320,CA-2014-134551,2014-12-25,Standard Class,TS-21505,38401,43.51,3.81,OFF-AP-10004868,Columbia
3989,US-2016-159415,2016-04-22,Standard Class,CS-12175,38401,79.12,13.85,FUR-FU-10003798,Columbia
7268,CA-2017-122987,2017-08-16,Same Day,SJ-20215,38401,67.14,-0.84,OFF-ST-10004950,Columbia
4624,CA-2017-147228,2017-09-14,Standard Class,SO-20335,38401,177.54,62.14,OFF-PA-10000357,Columbia
229,US-2015-145436,2015-03-04,Standard Class,VD-21670,38401,161.57,-28.27,FUR-CH-10004860,Columbia
4625,CA-2017-147228,2017-09-14,Standard Class,SO-20335,38401,258.48,-3.23,OFF-ST-10000046,Columbia
230,US-2015-145436,2015-03-04,Standard Class,VD-21670,38401,389.70,43.84,FUR-CH-10004477,Columbia
4966,CA-2015-109708,2015-05-28,Second Class,CY-12745,38401,467.04,58.38,TEC-PH-10001944,Columbia
3321,CA-2014-134551,2014-12-25,Standard Class,TS-21505,38401,662.88,74.57,FUR-CH-10004287,Columbia
6474,CA-2016-113292,2016-03-20,Second Class,DB-13060,38401,871.80,87.18,OFF-AP-10003590,Columbia
8994,CA-2017-159100,2017-10-21,Standard Class,VP-21760,38401,1875.26,-968.88,FUR-TA-10001950,Columbia
7806,CA-2015-102260,2015-09-26,Standard Class,SJ-20125,37064,2.82,0.32,OFF-AR-10001315,Franklin
4340,CA-2017-133501,2017-08-31,Standard Class,DK-12895,37064,5.18,1.81,OFF-PA-10004888,Franklin
3259,US-2016-161844,2016-12-14,Second Class,DK-12835,37064,2.95,-2.06,OFF-BI-10003712,Franklin
7807,CA-2015-102260,2015-09-26,Standard Class,SJ-20125,37064,3.20,-2.56,OFF-BI-10000042,Franklin
7803,CA-2015-102260,2015-09-26,Standard Class,SJ-20125,37064,12.00,4.20,OFF-LA-10003714,Franklin
8622,CA-2017-104318,2017-05-18,Standard Class,FH-14275,37064,20.77,2.34,OFF-AP-10000358,Franklin
205,CA-2017-126382,2017-06-07,Standard Class,HK-14890,37064,35.17,9.67,FUR-FU-10002960,Franklin
7805,CA-2015-102260,2015-09-26,Standard Class,SJ-20125,37064,25.42,-4.77,OFF-ST-10002289,Franklin
4752,CA-2016-159989,2016-12-13,Standard Class,EB-13870,37064,40.68,-9.15,TEC-PH-10000169,Franklin
3258,US-2016-161844,2016-12-14,Second Class,DK-12835,37064,79.97,-29.32,FUR-TA-10001676,Franklin
7804,CA-2015-102260,2015-09-26,Standard Class,SJ-20125,37064,720.06,-63.01,OFF-ST-10003716,Franklin
9160,CA-2016-118934,2016-08-14,Standard Class,GH-14410,37075,4.34,-3.04,OFF-BI-10003314,Hendersonville
6224,CA-2017-140627,2017-12-27,Standard Class,DK-12985,37075,12.26,1.07,OFF-AR-10000422,Hendersonville
9161,CA-2016-118934,2016-08-14,Standard Class,GH-14410,37075,11.88,-7.92,OFF-BI-10004465,Hendersonville
6223,CA-2017-140627,2017-12-27,Standard Class,DK-12985,37075,72.70,19.08,FUR-FU-10000087,Hendersonville
6225,CA-2017-140627,2017-12-27,Standard Class,DK-12985,37075,218.35,-54.59,OFF-ST-10004123,Hendersonville
1484,CA-2017-101210,2017-08-28,Second Class,DW-13540,38301,3.42,1.07,OFF-PA-10000130,Jackson
1483,CA-2017-101210,2017-08-28,Second Class,DW-13540,38301,9.73,1.70,OFF-AR-10003560,Jackson
8953,CA-2017-150910,2017-12-28,Standard Class,JL-15130,38301,23.13,2.89,OFF-AR-10001419,Jackson
8952,CA-2017-150910,2017-12-28,Standard Class,JL-15130,38301,26.16,1.96,OFF-ST-10000918,Jackson
8951,CA-2017-150910,2017-12-28,Standard Class,JL-15130,38301,46.86,7.62,TEC-AC-10001013,Jackson
8954,CA-2017-150910,2017-12-28,Standard Class,JL-15130,38301,59.24,16.29,OFF-AP-10003266,Jackson
7822,CA-2016-169334,2016-10-24,Second Class,GW-14605,38301,111.67,6.98,OFF-ST-10004950,Jackson
4753,CA-2017-103499,2017-11-24,Standard Class,ES-14020,38301,209.57,-23.58,FUR-CH-10001482,Jackson
4271,CA-2015-166975,2015-11-30,Standard Class,SH-20635,38301,692.47,190.43,FUR-FU-10003930,Jackson
8950,CA-2017-150910,2017-12-28,Standard Class,JL-15130,38301,934.96,-249.32,FUR-TA-10002903,Jackson
2009,CA-2014-116407,2014-11-21,Standard Class,JF-15190,37604,4.22,0.48,OFF-AR-10001315,Johnson City
4914,CA-2017-127306,2017-01-18,Standard Class,BH-11710,37604,2.51,-1.84,OFF-BI-10003727,Johnson City
3877,CA-2016-136231,2016-09-07,Second Class,DM-13015,37604,10.27,3.21,OFF-PA-10000327,Johnson City
4913,CA-2017-127306,2017-01-18,Standard Class,BH-11710,37604,5.97,-4.58,OFF-BI-10002003,Johnson City
4910,CA-2017-127306,2017-01-18,Standard Class,BH-11710,37604,18.34,6.65,OFF-EN-10001219,Johnson City
3874,CA-2016-136231,2016-09-07,Second Class,DM-13015,37604,23.47,7.63,OFF-EN-10001099,Johnson City
2011,CA-2014-116407,2014-11-21,Standard Class,JF-15190,37604,24.90,7.78,OFF-PA-10002137,Johnson City
4911,CA-2017-127306,2017-01-18,Standard Class,BH-11710,37604,36.29,12.70,OFF-PA-10000019,Johnson City
3876,CA-2016-136231,2016-09-07,Second Class,DM-13015,37604,108.78,6.80,TEC-PH-10002660,Johnson City
4912,CA-2017-127306,2017-01-18,Standard Class,BH-11710,37604,111.98,7.00,TEC-PH-10001924,Johnson City
3875,CA-2016-136231,2016-09-07,Second Class,DM-13015,37604,86.06,-63.11,OFF-BI-10001597,Johnson City
2010,CA-2014-116407,2014-11-21,Standard Class,JF-15190,37604,333.06,29.14,OFF-AP-10002118,Johnson City
8785,US-2017-129224,2017-03-23,Standard Class,AS-10630,37918,4.61,1.67,OFF-LA-10003190,Knoxville
3885,CA-2014-152849,2014-07-12,Standard Class,DW-13195,37918,4.37,0.38,OFF-AR-10002833,Knoxville
2197,CA-2016-136483,2016-12-06,Standard Class,AG-10390,37918,4.70,0.41,OFF-AR-10000940,Knoxville
5807,CA-2016-149783,2016-09-07,Second Class,DL-13315,37918,12.19,4.11,OFF-PA-10002195,Knoxville
5318,US-2017-162558,2017-10-05,First Class,Dp-13240,37918,9.66,1.57,FUR-FU-10004864,Knoxville
8199,CA-2017-102736,2017-09-09,Standard Class,LP-17095,37918,15.55,5.44,OFF-PA-10001800,Knoxville
5317,US-2017-162558,2017-10-05,First Class,Dp-13240,37918,11.81,1.33,FUR-FU-10002364,Knoxville
5319,US-2017-162558,2017-10-05,First Class,Dp-13240,37918,20.74,7.26,OFF-PA-10003172,Knoxville
5323,US-2017-162558,2017-10-05,First Class,Dp-13240,37918,19.76,5.93,FUR-FU-10003691,Knoxville
6045,CA-2017-145702,2017-05-24,Second Class,AH-10075,37918,27.89,10.11,OFF-PA-10001526,Knoxville
5809,CA-2016-149783,2016-09-07,Second Class,DL-13315,37918,31.74,8.33,OFF-AR-10002987,Knoxville
8345,US-2014-155544,2014-03-25,Standard Class,GM-14440,37918,32.95,6.59,FUR-FU-10001473,Knoxville
8344,US-2014-155544,2014-03-25,Standard Class,GM-14440,37918,59.20,22.20,OFF-LA-10004544,Knoxville
5320,US-2017-162558,2017-10-05,First Class,Dp-13240,37918,27.36,-21.89,OFF-BI-10000977,Knoxville
5322,US-2017-162558,2017-10-05,First Class,Dp-13240,37918,34.24,-26.25,OFF-BI-10003984,Knoxville
8198,CA-2017-102736,2017-09-09,Standard Class,LP-17095,37918,71.96,7.20,OFF-AR-10001897,Knoxville
7449,CA-2017-115448,2017-11-14,First Class,MH-18025,37918,88.92,14.45,FUR-FU-10004090,Knoxville
5808,CA-2016-149783,2016-09-07,Second Class,DL-13315,37918,87.17,8.72,OFF-AP-10001205,Knoxville
8197,CA-2017-102736,2017-09-09,Standard Class,LP-17095,37918,89.57,-1.12,TEC-AC-10004568,Knoxville
6538,CA-2014-169684,2014-10-23,First Class,FH-14365,37918,98.35,-24.59,OFF-ST-10000934,Knoxville
8346,US-2014-155544,2014-03-25,Standard Class,GM-14440,37918,218.38,-10.92,FUR-CH-10000422,Knoxville
6044,CA-2017-145702,2017-05-24,Second Class,AH-10075,37918,314.35,-35.36,FUR-CH-10001482,Knoxville
6537,CA-2014-169684,2014-10-23,First Class,FH-14365,37918,328.59,-147.87,FUR-TA-10003008,Knoxville
5321,US-2017-162558,2017-10-05,First Class,Dp-13240,37918,2314.12,-1002.78,FUR-TA-10000198,Knoxville
6466,CA-2015-114503,2015-11-17,Standard Class,AA-10375,37087,84.96,6.37,OFF-ST-10003572,Lebanon
6133,CA-2017-145737,2017-09-20,Standard Class,AB-10165,37087,163.96,59.44,OFF-PA-10001033,Lebanon
6287,CA-2016-121020,2016-10-31,Standard Class,CG-12040,37087,239.98,18.00,TEC-PH-10001061,Lebanon
7901,CA-2017-128363,2017-08-18,Standard Class,DC-12850,38109,1.58,0.48,TEC-AC-10003709,Memphis
2664,CA-2016-164784,2016-05-04,First Class,HF-14995,38109,3.98,1.29,OFF-LA-10001569,Memphis
2666,CA-2016-164784,2016-05-04,First Class,HF-14995,38109,2.74,-2.01,OFF-BI-10002954,Memphis
3649,CA-2015-168459,2015-11-27,Standard Class,MC-17275,38109,2.95,-2.06,OFF-BI-10003712,Memphis
3783,CA-2017-165204,2017-11-16,Second Class,MN-17935,38109,8.90,3.34,OFF-PA-10003424,Memphis
7903,CA-2017-128363,2017-08-18,Standard Class,DC-12850,38109,14.76,4.80,OFF-EN-10003845,Memphis
4994,CA-2015-153038,2015-12-25,Standard Class,RB-19645,38109,18.43,5.99,OFF-LA-10004008,Memphis
5618,CA-2017-125745,2017-07-04,Standard Class,DV-13045,38109,19.52,5.37,FUR-FU-10001591,Memphis
7900,CA-2017-128363,2017-08-18,Standard Class,DC-12850,38109,24.32,9.12,OFF-FA-10003495,Memphis
4995,CA-2015-153038,2015-12-25,Standard Class,RB-19645,38109,20.32,3.56,FUR-FU-10000221,Memphis
3943,CA-2017-160458,2017-05-29,Second Class,EH-13945,38109,25.92,9.07,OFF-PA-10001166,Memphis
9265,US-2017-128118,2017-11-30,Standard Class,MY-17380,38109,11.67,-7.78,OFF-BI-10000216,Memphis
7761,CA-2014-155390,2014-12-11,Standard Class,BG-11035,38109,42.21,13.72,OFF-PA-10003641,Memphis
7902,CA-2017-128363,2017-08-18,Standard Class,DC-12850,38109,31.98,0.00,FUR-FU-10003268,Memphis
3650,CA-2015-168459,2015-11-27,Standard Class,MC-17275,38109,55.10,18.60,OFF-FA-10004854,Memphis
4993,CA-2015-153038,2015-12-25,Standard Class,RB-19645,38109,55.94,18.88,OFF-EN-10000461,Memphis
9266,US-2017-128118,2017-11-30,Standard Class,MY-17380,38109,64.85,24.32,OFF-EN-10003448,Memphis
8969,CA-2014-166730,2014-12-31,First Class,DD-13570,38109,39.13,-8.80,OFF-ST-10002554,Memphis
75,US-2015-134026,2015-05-02,Standard Class,JE-15745,38109,72.78,-18.20,OFF-ST-10004123,Memphis
74,US-2015-134026,2015-05-02,Standard Class,JE-15745,38109,97.04,1.21,FUR-FU-10003708,Memphis
6376,CA-2014-107811,2014-05-03,Standard Class,LA-16780,38109,99.92,-1.25,OFF-ST-10000798,Memphis
7898,CA-2017-128363,2017-08-18,Standard Class,DC-12850,38109,272.05,30.61,OFF-AP-10001563,Memphis
495,US-2016-120929,2016-03-21,Second Class,RO-19780,38109,189.88,-94.94,FUR-TA-10001857,Memphis
4843,CA-2017-118402,2017-10-04,Standard Class,JO-15280,38109,243.92,-54.88,OFF-ST-10001418,Memphis
7904,CA-2017-128363,2017-08-18,Standard Class,DC-12850,38109,423.65,47.66,FUR-CH-10002073,Memphis
6375,CA-2014-107811,2014-05-03,Standard Class,LA-16780,38109,561.58,70.20,FUR-CH-10001394,Memphis
2665,CA-2016-164784,2016-05-04,First Class,HF-14995,38109,370.62,-142.07,FUR-TA-10004534,Memphis
3784,CA-2017-165204,2017-11-16,Second Class,MN-17935,38109,720.06,-63.01,OFF-ST-10003716,Memphis
73,US-2015-134026,2015-05-02,Standard Class,JE-15745,38109,831.94,-114.39,FUR-CH-10000513,Memphis
7899,CA-2017-128363,2017-08-18,Standard Class,DC-12850,38109,1614.58,-1237.85,OFF-BI-10001359,Memphis
8727,CA-2015-103870,2015-12-31,Standard Class,SP-20860,37130,4.73,0.71,TEC-AC-10002370,Murfreesboro
8216,CA-2015-120845,2015-10-02,Standard Class,ML-17395,37130,2.47,-1.81,OFF-BI-10004506,Murfreesboro
8217,CA-2015-120845,2015-10-02,Standard Class,ML-17395,37130,3.26,-2.28,OFF-BI-10001982,Murfreesboro
8215,CA-2015-120845,2015-10-02,Standard Class,ML-17395,37130,10.48,3.80,OFF-PA-10004665,Murfreesboro
2286,CA-2016-112676,2016-05-08,First Class,PJ-18835,37130,14.35,5.20,OFF-PA-10003971,Murfreesboro
8214,CA-2015-120845,2015-10-02,Standard Class,ML-17395,37130,6.34,-4.65,OFF-BI-10001116,Murfreesboro
326,CA-2017-153339,2017-11-05,Second Class,DJ-13510,37130,15.99,1.00,FUR-FU-10001967,Murfreesboro
8730,CA-2015-103870,2015-12-31,Standard Class,SP-20860,37130,22.51,2.25,OFF-ST-10002562,Murfreesboro
8728,CA-2015-103870,2015-12-31,Standard Class,SP-20860,37130,53.35,16.01,FUR-FU-10002030,Murfreesboro
8731,CA-2015-103870,2015-12-31,Standard Class,SP-20860,37130,72.74,-12.73,TEC-AC-10004227,Murfreesboro
8729,CA-2015-103870,2015-12-31,Standard Class,SP-20860,37130,131.10,8.19,FUR-BO-10002853,Murfreesboro
6266,CA-2014-146731,2014-11-08,Standard Class,AT-10735,37211,3.49,1.18,OFF-PA-10000141,Nashville
3959,CA-2016-156573,2016-06-02,Standard Class,RB-19360,37211,4.45,0.33,OFF-AR-10003732,Nashville
3455,CA-2015-153626,2015-07-14,Standard Class,EB-13870,37211,5.16,0.84,OFF-AR-10000657,Nashville
2562,CA-2015-144288,2015-12-31,Standard Class,MB-17305,37211,9.22,3.34,OFF-LA-10003190,Nashville
4985,CA-2015-160696,2015-09-10,Standard Class,CK-12760,37211,7.24,1.18,OFF-FA-10003059,Nashville
2563,CA-2015-144288,2015-12-31,Standard Class,MB-17305,37211,10.37,3.63,OFF-PA-10002787,Nashville
7049,CA-2016-119515,2016-08-16,First Class,TR-21325,37211,15.55,5.44,OFF-PA-10000552,Nashville
3456,CA-2016-166485,2016-02-27,Standard Class,AH-10210,37211,16.50,5.57,OFF-PA-10004996,Nashville
3958,CA-2016-156573,2016-06-02,Standard Class,RB-19360,37211,11.28,-8.65,OFF-BI-10002414,Nashville
8698,CA-2017-119284,2017-06-20,Standard Class,TS-21205,37211,31.17,9.35,FUR-FU-10004351,Nashville
7130,CA-2016-166282,2016-04-22,Standard Class,PK-19075,37211,35.17,8.35,TEC-AC-10004209,Nashville
3960,CA-2016-156573,2016-06-02,Standard Class,RB-19360,37211,44.76,14.55,FUR-FU-10001085,Nashville
5108,CA-2017-132213,2017-04-26,First Class,PN-18775,37211,42.05,5.26,OFF-AR-10004078,Nashville
9177,CA-2016-118178,2016-03-24,Standard Class,CC-12610,37211,31.09,-20.72,OFF-BI-10001153,Nashville
5109,CA-2017-132213,2017-04-26,First Class,PN-18775,37211,67.92,6.79,OFF-AR-10001958,Nashville
8703,CA-2017-119284,2017-06-20,Standard Class,TS-21205,37211,91.36,29.69,OFF-PA-10000312,Nashville
8701,CA-2017-119284,2017-06-20,Standard Class,TS-21205,37211,76.61,6.70,OFF-AP-10004249,Nashville
8211,CA-2017-128769,2017-09-12,Standard Class,DM-12955,37211,81.57,7.14,OFF-AP-10001271,Nashville
4288,CA-2017-127516,2018-01-03,Standard Class,EH-14005,37211,64.78,-12.96,OFF-ST-10000736,Nashville
7131,CA-2016-166282,2016-04-22,Standard Class,PK-19075,37211,123.09,40.00,OFF-PA-10003022,Nashville
8648,US-2015-131842,2015-12-08,First Class,RR-19525,37211,97.42,10.96,FUR-CH-10004477,Nashville
6267,CA-2014-146731,2014-11-08,Standard Class,AT-10735,37211,143.86,48.55,OFF-PA-10001019,Nashville
8702,CA-2017-119284,2017-06-20,Standard Class,TS-21205,37211,142.78,17.85,OFF-ST-10001490,Nashville
8699,CA-2017-119284,2017-06-20,Standard Class,TS-21205,37211,120.96,-28.22,FUR-TA-10004152,Nashville
8697,CA-2017-119284,2017-06-20,Standard Class,TS-21205,37211,239.98,27.00,TEC-PH-10001051,Nashville
8210,CA-2015-141565,2015-09-24,Standard Class,BG-11035,37211,294.37,-58.87,OFF-ST-10001522,Nashville
7293,CA-2017-109183,2017-12-09,Standard Class,LR-16915,37211,649.00,-272.58,TEC-MA-10001856,Nashville
8700,CA-2017-119284,2017-06-20,Standard Class,TS-21205,37211,2239.94,223.99,TEC-PH-10000560,Nashville
8209,CA-2015-141565,2015-09-24,Standard Class,BG-11035,37211,1369.76,-913.18,OFF-BI-10000545,Nashville
1603,US-2016-132857,2016-12-17,Standard Class,CA-12775,37167,6.67,1.67,OFF-AR-10003251,Smyrna
6730,CA-2015-156734,2015-06-20,First Class,BV-11245,37167,6.13,-4.49,OFF-BI-10002982,Smyrna
6732,CA-2015-156734,2015-06-20,First Class,BV-11245,37167,20.74,7.26,OFF-PA-10001937,Smyrna
3621,CA-2016-109743,2016-09-29,Standard Class,SH-19975,37167,40.78,4.59,OFF-AR-10003727,Smyrna
3622,CA-2016-109743,2016-09-29,Standard Class,SH-19975,37167,63.94,5.59,TEC-PH-10004071,Smyrna
7121,US-2014-147774,2014-01-26,Standard Class,MM-18280,37167,67.19,-51.52,OFF-BI-10003091,Smyrna
6731,CA-2015-156734,2015-06-20,First Class,BV-11245,37167,643.14,56.27,FUR-CH-10002965,Smyrna
3279,CA-2014-102988,2014-04-09,Second Class,GM-14695,22304,12.96,6.35,OFF-PA-10003349,Alexandria
2584,US-2014-155502,2014-01-31,Standard Class,SD-20485,22304,12.42,4.47,FUR-FU-10001847,Alexandria
2582,US-2014-155502,2014-01-31,Standard Class,SD-20485,22304,16.68,8.34,OFF-PA-10000380,Alexandria
2581,US-2014-155502,2014-01-31,Standard Class,SD-20485,22304,19.44,9.33,OFF-PA-10003072,Alexandria
4138,CA-2017-110926,2017-11-23,Standard Class,DD-13570,22304,25.06,12.53,OFF-FA-10000624,Alexandria
3277,CA-2014-102988,2014-04-09,Second Class,GM-14695,22304,22.96,7.58,OFF-AR-10004757,Alexandria
3280,CA-2014-102988,2014-04-09,Second Class,GM-14695,22304,22.96,6.66,OFF-AR-10000127,Alexandria
921,CA-2014-138296,2014-12-12,Standard Class,RC-19825,22304,24.56,6.88,OFF-ST-10002444,Alexandria
3278,CA-2014-102988,2014-04-09,Second Class,GM-14695,22304,28.99,8.41,TEC-PH-10001615,Alexandria
2579,US-2014-155502,2014-01-31,Standard Class,SD-20485,22304,62.82,30.78,FUR-FU-10004587,Alexandria
2723,CA-2016-164735,2016-04-19,Second Class,TB-21400,22304,81.20,12.18,OFF-ST-10001558,Alexandria
5647,CA-2015-104241,2015-01-09,Standard Class,AG-10495,22304,192.22,69.20,FUR-FU-10001473,Alexandria
2585,US-2014-155502,2014-01-31,Standard Class,SD-20485,22304,187.98,52.63,TEC-PH-10002103,Alexandria
2583,US-2014-155502,2014-01-31,Standard Class,SD-20485,22304,155.35,0.00,TEC-PH-10004833,Alexandria
2580,US-2014-155502,2014-01-31,Standard Class,SD-20485,22304,489.92,0.00,OFF-ST-10004337,Alexandria
3281,CA-2014-102988,2014-04-09,Second Class,GM-14695,22304,4164.05,83.28,OFF-SU-10002881,Alexandria
309,CA-2017-126774,2017-04-17,First Class,SH-20395,22204,4.89,2.00,OFF-AR-10002804,Arlington
8337,CA-2016-101469,2016-07-08,Standard Class,KH-16360,22204,7.70,3.16,OFF-AR-10003986,Arlington
5244,CA-2016-149454,2016-07-26,First Class,KM-16375,22204,10.44,4.80,OFF-BI-10003694,Arlington
8596,CA-2014-111934,2014-05-07,First Class,GD-14590,22204,11.88,5.35,OFF-BI-10004364,Arlington
8491,CA-2016-158841,2016-02-04,Second Class,SE-20110,22204,18.69,7.10,FUR-FU-10001731,Arlington
8296,CA-2016-166380,2016-06-03,Standard Class,EB-13750,22204,26.55,12.74,OFF-EN-10002600,Arlington
5840,CA-2015-134992,2015-09-26,Second Class,MG-17875,22204,32.40,15.55,OFF-PA-10001972,Arlington
7753,CA-2015-133242,2015-06-24,Standard Class,KH-16510,22204,33.02,15.85,OFF-BI-10004826,Arlington
7751,CA-2015-133242,2015-06-24,Standard Class,KH-16510,22204,34.60,16.61,OFF-BI-10004002,Arlington
8490,CA-2016-158841,2016-02-04,Second Class,SE-20110,22204,36.40,18.20,OFF-BI-10002557,Arlington
8597,CA-2014-111934,2014-05-07,First Class,GD-14590,22204,35.44,16.66,OFF-PA-10000474,Arlington
1352,CA-2016-162901,2016-03-31,First Class,AS-10045,22204,31.40,7.85,OFF-ST-10000649,Arlington
8866,CA-2015-158148,2015-12-26,Standard Class,JM-15865,22204,36.27,10.88,OFF-AP-10003281,Arlington
7843,CA-2014-158470,2014-04-23,Second Class,AG-10390,22204,58.05,26.70,OFF-BI-10003638,Arlington
8683,CA-2014-133634,2014-11-10,Standard Class,SR-20740,22204,47.79,16.25,TEC-AC-10002550,Arlington
4127,CA-2017-156769,2017-05-09,First Class,GZ-14470,22204,54.66,18.04,OFF-AR-10003179,Arlington
5841,CA-2015-134992,2015-09-26,Second Class,MG-17875,22204,47.98,11.04,FUR-FU-10002554,Arlington
7844,CA-2014-158470,2014-04-23,Second Class,AG-10390,22204,71.28,34.21,OFF-PA-10001569,Arlington
7749,CA-2015-133242,2015-06-24,Standard Class,KH-16510,22204,60.84,19.47,FUR-FU-10003464,Arlington
3242,US-2016-140809,2016-02-03,First Class,CK-12760,22204,56.45,14.68,OFF-ST-10002214,Arlington
8086,CA-2016-105753,2016-10-26,Standard Class,LC-16960,22204,61.10,18.33,FUR-FU-10000246,Arlington
1303,CA-2015-115847,2015-09-24,Second Class,TC-21535,22204,61.96,4.34,FUR-BO-10003433,Arlington
8297,CA-2016-166380,2016-06-03,Standard Class,EB-13750,22204,111.98,26.88,TEC-AC-10000109,Arlington
7846,CA-2015-125976,2015-10-02,Standard Class,JK-15205,22204,154.90,69.70,OFF-PA-10001125,Arlington
6578,CA-2015-153752,2015-12-11,Second Class,RO-19780,22204,173.94,50.44,TEC-PH-10001615,Arlington
2263,CA-2017-122994,2017-02-09,First Class,MV-17485,22204,359.97,79.19,FUR-BO-10004015,Arlington
7752,CA-2015-133242,2015-06-24,Standard Class,KH-16510,22204,467.97,140.39,TEC-PH-10002496,Arlington
4342,CA-2017-130309,2017-12-21,Standard Class,GB-14575,22204,544.38,157.87,OFF-ST-10003208,Arlington
7750,CA-2015-133242,2015-06-24,Standard Class,KH-16510,22204,450.04,58.51,OFF-ST-10003716,Arlington
770,CA-2016-157245,2016-05-24,Standard Class,LE-16810,22204,641.96,179.75,FUR-CH-10003746,Arlington
7847,CA-2015-125976,2015-10-02,Standard Class,JK-15205,22204,1871.88,561.56,TEC-PH-10002496,Arlington
8489,CA-2016-158841,2016-02-04,Second Class,SE-20110,22204,8749.95,2799.98,TEC-MA-10001127,Arlington
1895,US-2017-108063,2017-12-05,First Class,AS-10090,22901,34.65,10.40,OFF-AR-10001446,Charlottesville
6674,CA-2015-135510,2015-09-12,Standard Class,TW-21025,22901,67.96,12.23,FUR-FU-10000820,Charlottesville
1998,CA-2014-131905,2014-02-09,First Class,ND-18460,23320,15.00,7.20,OFF-LA-10002787,Chesapeake
5633,CA-2014-127614,2014-02-15,Standard Class,NF-18385,23320,17.46,8.21,OFF-BI-10003291,Chesapeake
6876,US-2016-121013,2016-09-10,Standard Class,MM-17920,23320,25.06,11.78,OFF-LA-10004545,Chesapeake
8341,CA-2014-161634,2014-11-20,Standard Class,CC-12220,23320,32.40,15.55,OFF-PA-10002262,Chesapeake
7781,CA-2016-139381,2016-04-22,Standard Class,RF-19840,23320,29.56,7.98,TEC-PH-10004924,Chesapeake
4134,CA-2014-128839,2014-09-13,Standard Class,TT-21070,23320,45.00,21.60,OFF-FA-10002280,Chesapeake
3921,US-2015-148817,2015-12-07,Standard Class,KD-16495,23320,63.96,30.70,OFF-BI-10004233,Chesapeake
3920,US-2015-148817,2015-12-07,Standard Class,KD-16495,23320,61.68,16.65,OFF-ST-10001321,Chesapeake
2000,CA-2014-131905,2014-02-09,First Class,ND-18460,23320,144.95,42.04,TEC-PH-10001615,Chesapeake
1999,CA-2014-131905,2014-02-09,First Class,ND-18460,23320,161.61,42.02,TEC-PH-10003645,Chesapeake
4135,CA-2014-128839,2014-09-13,Standard Class,TT-21070,23320,209.97,90.29,TEC-MA-10000029,Chesapeake
5631,CA-2014-127614,2014-02-15,Standard Class,NF-18385,23320,234.45,103.16,TEC-AC-10001432,Chesapeake
9605,CA-2015-138625,2015-11-05,First Class,EG-13900,23320,197.72,55.36,OFF-AP-10003099,Chesapeake
7780,CA-2016-139381,2016-04-22,Standard Class,RF-19840,23320,203.92,55.06,OFF-AP-10001271,Chesapeake
3029,CA-2017-116855,2017-12-21,Standard Class,AI-10855,23320,504.90,80.78,FUR-CH-10003846,Chesapeake
2841,US-2014-125521,2014-03-19,Standard Class,CK-12325,23320,1139.92,284.98,FUR-CH-10003379,Chesapeake
5632,CA-2014-127614,2014-02-15,Standard Class,NF-18385,23320,1256.22,75.37,FUR-TA-10003715,Chesapeake
6877,US-2016-121013,2016-09-10,Standard Class,MM-17920,23320,1652.94,314.06,FUR-TA-10003238,Chesapeake
9734,CA-2014-114321,2014-08-25,Standard Class,NC-18535,23666,20.12,9.26,OFF-PA-10000246,Hampton
6995,CA-2015-109386,2015-11-13,Second Class,RH-19600,23666,27.90,6.97,OFF-AR-10000122,Hampton
6991,CA-2015-109386,2015-11-13,Second Class,RH-19600,23666,44.43,18.66,OFF-AP-10003266,Hampton
4579,CA-2015-110947,2015-06-15,Standard Class,AG-10765,23666,113.10,56.55,OFF-BI-10001670,Hampton
9787,US-2014-114377,2014-11-05,Same Day,BG-11035,23666,149.90,40.47,FUR-CH-10004754,Hampton
6993,CA-2015-109386,2015-11-13,Second Class,RH-19600,23666,186.54,41.04,FUR-FU-10000308,Hampton
6992,CA-2015-109386,2015-11-13,Second Class,RH-19600,23666,226.20,58.81,TEC-PH-10002890,Hampton
6994,CA-2015-109386,2015-11-13,Second Class,RH-19600,23666,265.86,79.76,OFF-AR-10000380,Hampton
4515,CA-2016-120873,2016-10-31,Second Class,BW-11200,23666,290.98,75.65,FUR-CH-10000847,Hampton
9733,CA-2014-114321,2014-08-25,Standard Class,NC-18535,23666,500.24,145.07,FUR-CH-10001797,Hampton
9735,CA-2014-114321,2014-08-25,Standard Class,NC-18535,23666,896.99,421.59,OFF-BI-10001359,Hampton
9067,CA-2017-152968,2017-05-30,Standard Class,BM-11785,22801,23.08,6.92,TEC-AC-10000521,Harrisonburg
8832,CA-2015-145324,2015-11-19,Standard Class,DH-13675,22801,39.96,14.39,FUR-FU-10002759,Harrisonburg
1157,CA-2014-136567,2014-12-21,First Class,PS-19045,22801,62.31,29.29,OFF-BI-10003982,Harrisonburg
1155,CA-2014-136567,2014-12-21,First Class,PS-19045,22801,122.48,0.00,OFF-ST-10004337,Harrisonburg
1158,CA-2014-136567,2014-12-21,First Class,PS-19045,22801,455.10,100.12,FUR-TA-10000617,Harrisonburg
1812,CA-2014-132612,2014-06-11,Second Class,FO-14305,22801,1441.30,245.02,FUR-TA-10004534,Harrisonburg
1156,CA-2014-136567,2014-12-21,First Class,PS-19045,22801,2244.48,493.79,FUR-TA-10001932,Harrisonburg
7574,CA-2014-100916,2014-10-26,Standard Class,FH-14275,23602,2.84,0.88,OFF-AR-10001022,Newport News
2467,CA-2017-128755,2017-05-08,Standard Class,MK-18160,23602,9.11,4.10,OFF-PA-10000726,Newport News
4641,CA-2016-102162,2016-09-16,Standard Class,JF-15565,23602,11.09,5.43,OFF-EN-10002312,Newport News
2470,CA-2017-128755,2017-05-08,Standard Class,MK-18160,23602,16.91,4.57,OFF-ST-10001291,Newport News
9401,CA-2015-167696,2015-09-21,Standard Class,BD-11500,23602,31.12,14.63,OFF-EN-10001539,Newport News
2469,CA-2017-128755,2017-05-08,Standard Class,MK-18160,23602,32.40,15.55,OFF-PA-10004983,Newport News
5002,CA-2016-136126,2016-05-24,Same Day,EH-14125,23602,69.50,20.16,OFF-SU-10000898,Newport News
5003,CA-2016-136126,2016-05-24,Same Day,EH-14125,23602,191.60,91.97,OFF-PA-10004327,Newport News
7572,CA-2014-100916,2014-10-26,Standard Class,FH-14275,23602,194.70,9.73,OFF-ST-10003479,Newport News
2468,CA-2017-128755,2017-05-08,Standard Class,MK-18160,23602,571.44,165.72,OFF-ST-10003306,Newport News
7573,CA-2014-100916,2014-10-26,Standard Class,FH-14275,23602,591.32,112.35,FUR-TA-10004607,Newport News
4640,CA-2016-102162,2016-09-16,Standard Class,JF-15565,23602,1599.92,751.96,TEC-CO-10001943,Newport News
9754,CA-2017-113705,2017-03-29,Second Class,LC-16870,23223,8.26,3.80,OFF-LA-10000476,Richmond
4647,CA-2014-146885,2014-06-05,Standard Class,EB-13840,23223,13.62,6.13,OFF-PA-10001622,Richmond
7163,CA-2014-138709,2014-07-09,Standard Class,MS-17770,23223,15.60,7.64,OFF-BI-10000145,Richmond
9114,CA-2014-132010,2014-10-15,First Class,MA-17995,23223,15.18,7.13,OFF-BI-10002432,Richmond
9755,CA-2017-113705,2017-03-29,Second Class,LC-16870,23223,17.76,8.88,OFF-BI-10001679,Richmond
9759,CA-2017-113705,2017-03-29,Second Class,LC-16870,23223,17.64,8.11,OFF-PA-10002615,Richmond
7162,CA-2014-138709,2014-07-09,Standard Class,MS-17770,23223,21.84,10.92,OFF-PA-10004734,Richmond
790,CA-2015-115938,2015-06-30,Standard Class,SA-20830,23223,15.42,4.16,OFF-ST-10001321,Richmond
9689,US-2017-135986,2017-06-27,Standard Class,PG-18895,23223,32.40,15.55,OFF-PA-10001534,Richmond
9112,CA-2014-132010,2014-10-15,First Class,MA-17995,23223,22.96,4.36,TEC-AC-10001542,Richmond
9111,CA-2014-132010,2014-10-15,First Class,MA-17995,23223,36.40,17.47,OFF-EN-10003160,Richmond
791,CA-2015-115938,2015-06-30,Standard Class,SA-20830,23223,43.04,21.09,OFF-BI-10001132,Richmond
8791,CA-2015-169572,2015-09-12,Standard Class,AG-10525,23223,46.62,21.45,OFF-BI-10002799,Richmond
3977,US-2016-116400,2016-10-24,First Class,EB-13930,23223,39.92,11.18,FUR-FU-10003731,Richmond
8682,CA-2016-143805,2016-12-03,Second Class,JD-15895,23223,40.70,11.80,OFF-SU-10004664,Richmond
9282,US-2017-152898,2017-09-15,Standard Class,CB-12025,23223,67.90,20.37,OFF-AP-10000027,Richmond
4319,US-2017-136189,2017-12-11,Standard Class,DC-13285,23223,82.38,25.54,FUR-FU-10000175,Richmond
789,CA-2015-115938,2015-06-30,Standard Class,SA-20830,23223,143.96,69.10,OFF-BI-10001543,Richmond
5715,CA-2017-116939,2017-09-29,Standard Class,AG-10900,23223,177.55,47.94,OFF-ST-10001476,Richmond
2320,CA-2015-117828,2015-12-26,First Class,BD-11500,23223,194.32,56.35,OFF-AP-10001563,Richmond
9758,CA-2017-113705,2017-03-29,Second Class,LC-16870,23223,206.10,55.65,TEC-PH-10004006,Richmond
9757,CA-2017-113705,2017-03-29,Second Class,LC-16870,23223,292.10,58.42,FUR-TA-10002533,Richmond
792,CA-2015-115938,2015-06-30,Standard Class,SA-20830,23223,332.94,79.91,FUR-CH-10003199,Richmond
9113,CA-2014-132010,2014-10-15,First Class,MA-17995,23223,315.20,6.30,OFF-ST-10003641,Richmond
9756,CA-2017-113705,2017-03-29,Second Class,LC-16870,23223,332.94,9.99,OFF-ST-10001128,Richmond
9690,US-2017-135986,2017-06-27,Standard Class,PG-18895,23223,503.96,125.99,TEC-PH-10003691,Richmond
8681,CA-2016-143805,2016-12-03,Second Class,JD-15895,23223,2104.55,694.50,OFF-AP-10002945,Richmond
6586,CA-2017-104731,2017-07-27,Standard Class,AM-10705,24153,8.80,3.87,FUR-FU-10003274,Salem
6589,CA-2017-104731,2017-07-27,Standard Class,AM-10705,24153,14.94,7.17,OFF-BI-10003355,Salem
6587,CA-2017-104731,2017-07-27,Standard Class,AM-10705,24153,19.68,5.71,OFF-AR-10003829,Salem
1401,CA-2016-159212,2016-11-05,Standard Class,KM-16375,24153,21.80,6.10,TEC-PH-10003988,Salem
8412,CA-2016-159765,2016-05-12,Second Class,TH-21100,24153,27.86,9.19,OFF-AR-10003514,Salem
2287,CA-2017-165687,2017-11-23,Standard Class,CS-12355,24153,35.04,12.26,OFF-AP-10004036,Salem
8148,US-2017-146822,2017-06-14,Standard Class,AG-10675,24153,49.12,23.09,OFF-PA-10000249,Salem
6584,CA-2017-104731,2017-07-27,Standard Class,AM-10705,24153,101.94,29.56,OFF-AR-10003727,Salem
1402,CA-2016-159212,2016-11-05,Standard Class,KM-16375,24153,251.79,118.34,OFF-EN-10002230,Salem
6585,CA-2017-104731,2017-07-27,Standard Class,AM-10705,24153,271.96,67.99,TEC-PH-10002660,Salem
6590,CA-2017-104731,2017-07-27,Standard Class,AM-10705,24153,231.72,11.59,OFF-SU-10003505,Salem
6588,CA-2017-104731,2017-07-27,Standard Class,AM-10705,24153,302.94,69.68,FUR-BO-10003441,Salem
6292,CA-2017-143756,2017-12-05,First Class,ME-17725,24153,701.96,168.47,FUR-CH-10001854,Salem
866,CA-2014-149020,2014-01-15,Standard Class,AJ-10780,22153,2.89,1.36,OFF-LA-10004272,Springfield
5755,CA-2015-150749,2015-04-03,Second Class,AS-10240,22153,5.56,1.45,OFF-AR-10003732,Springfield
9083,CA-2017-169005,2017-11-06,Standard Class,BG-11035,22153,5.56,1.45,OFF-AR-10000246,Springfield
1730,CA-2016-106894,2016-02-07,Same Day,CA-12265,22153,7.83,3.60,OFF-LA-10001045,Springfield
6843,CA-2016-123946,2016-09-17,Standard Class,AJ-10795,22153,11.34,5.22,OFF-FA-10002975,Springfield
6391,CA-2015-147529,2015-02-11,Standard Class,DK-12835,22153,12.96,6.35,OFF-PA-10003349,Springfield
7587,CA-2014-163223,2014-03-25,Standard Class,KH-16690,22153,9.32,2.70,OFF-AR-10001573,Springfield
6170,CA-2014-101266,2014-08-30,Second Class,MM-17920,22153,13.36,6.41,OFF-PA-10002986,Springfield
7585,CA-2014-163223,2014-03-25,Standard Class,KH-16690,22153,14.40,6.62,OFF-LA-10004409,Springfield
7925,CA-2016-125843,2016-08-16,First Class,RF-19840,22153,22.32,10.71,OFF-BI-10002309,Springfield
8900,CA-2015-163237,2015-08-09,Second Class,EM-14095,22153,25.06,11.78,OFF-LA-10004545,Springfield
4244,CA-2016-159142,2016-04-05,First Class,ME-17320,22153,27.81,13.07,OFF-PA-10001776,Springfield
5925,CA-2017-146458,2017-11-22,Second Class,RB-19435,22153,22.96,6.66,OFF-AR-10001177,Springfield
3484,CA-2014-124688,2014-08-29,First Class,CC-12610,22153,29.12,12.52,FUR-FU-10002456,Springfield
2435,CA-2015-154746,2015-11-17,First Class,PJ-18835,22153,33.96,16.98,OFF-EN-10001532,Springfield
6842,CA-2016-123946,2016-09-17,Standard Class,AJ-10795,22153,20.70,1.66,TEC-AC-10004877,Springfield
929,CA-2015-115091,2015-10-09,Standard Class,JJ-15760,22153,28.84,9.52,OFF-AP-10000696,Springfield
9021,CA-2014-100706,2014-12-18,Second Class,LE-16810,22153,29.46,9.72,FUR-FU-10002268,Springfield
1131,CA-2016-112102,2016-04-16,Standard Class,BD-11605,22153,40.99,20.09,OFF-PA-10000100,Springfield
882,CA-2015-129098,2015-10-13,Standard Class,DK-13090,22153,30.84,8.33,OFF-ST-10001321,Springfield
3697,CA-2016-142097,2016-10-20,Standard Class,QJ-19255,22153,43.26,14.28,OFF-AP-10000696,Springfield
867,CA-2014-149020,2014-01-15,Standard Class,AJ-10780,22153,51.94,21.30,FUR-FU-10000965,Springfield
5303,CA-2016-113831,2016-06-03,Standard Class,AH-10690,22153,62.10,29.81,OFF-LA-10001297,Springfield
928,CA-2015-115091,2015-10-09,Standard Class,JJ-15760,22153,46.20,12.94,OFF-AR-10000658,Springfield
3696,CA-2016-142097,2016-10-20,Standard Class,QJ-19255,22153,66.54,32.60,OFF-EN-10002312,Springfield
1132,CA-2016-112102,2016-04-16,Standard Class,BD-11605,22153,63.90,28.75,OFF-EN-10002500,Springfield
70,CA-2016-119823,2016-06-06,First Class,KD-16270,22153,75.88,35.66,OFF-PA-10000482,Springfield
7926,CA-2016-125843,2016-08-16,First Class,RF-19840,22153,103.60,51.80,OFF-LA-10003923,Springfield
7586,CA-2014-163223,2014-03-25,Standard Class,KH-16690,22153,122.97,60.26,OFF-PA-10000675,Springfield
7588,CA-2014-163223,2014-03-25,Standard Class,KH-16690,22153,122.94,59.01,OFF-BI-10001597,Springfield
6844,CA-2016-123946,2016-09-17,Standard Class,AJ-10795,22153,67.90,0.68,OFF-ST-10000419,Springfield
1729,CA-2016-106894,2016-02-07,Same Day,CA-12265,22153,100.00,21.00,TEC-AC-10003063,Springfield
9020,CA-2014-100706,2014-12-18,Second Class,LE-16810,22153,99.98,8.00,TEC-AC-10001314,Springfield
9553,CA-2015-163923,2015-06-03,Standard Class,BD-11560,22153,151.96,36.47,TEC-AC-10000358,Springfield
3695,CA-2016-142097,2016-10-20,Standard Class,QJ-19255,22153,232.96,116.48,OFF-BI-10002082,Springfield
7265,CA-2017-122056,2017-06-17,Standard Class,PG-18895,22153,181.86,50.92,OFF-AR-10004260,Springfield
4243,CA-2016-159142,2016-04-05,First Class,ME-17320,22153,149.97,6.00,TEC-PH-10001448,Springfield
6390,CA-2015-147529,2015-02-11,Standard Class,DK-12835,22153,311.15,146.24,OFF-EN-10000056,Springfield
1302,CA-2016-137043,2016-12-25,Second Class,LC-17140,22153,286.38,83.05,FUR-FU-10003664,Springfield
1130,CA-2016-112102,2016-04-16,Standard Class,BD-11605,22153,343.92,75.66,FUR-TA-10004086,Springfield
8899,CA-2015-163237,2015-08-09,Second Class,EM-14095,22153,494.97,148.49,TEC-PH-10003601,Springfield
1301,CA-2016-137043,2016-12-25,Second Class,LC-17140,22153,572.76,166.10,FUR-FU-10003664,Springfield
3483,CA-2014-124688,2014-08-29,First Class,CC-12610,22153,579.95,168.19,TEC-PH-10000455,Springfield
2436,CA-2015-154746,2015-11-17,First Class,PJ-18835,22153,826.11,322.18,OFF-AP-10003057,Springfield
6845,CA-2016-123946,2016-09-17,Standard Class,AJ-10795,22153,1059.12,307.14,FUR-CH-10002073,Springfield
8555,CA-2016-102092,2016-12-11,First Class,PM-18940,22153,1056.86,158.53,FUR-TA-10002530,Springfield
3485,CA-2014-124688,2014-08-29,First Class,CC-12610,22153,1202.94,300.74,FUR-TA-10003569,Springfield
5302,CA-2016-113831,2016-06-03,Standard Class,AH-10690,22153,1979.70,653.30,TEC-AC-10003033,Springfield
5301,CA-2016-113831,2016-06-03,Standard Class,AH-10690,22153,2275.50,386.83,FUR-TA-10002645,Springfield
7584,CA-2014-163223,2014-03-25,Standard Class,KH-16690,22153,3499.93,909.98,TEC-PH-10000730,Springfield
1765,CA-2016-110254,2016-08-08,Standard Class,ML-17755,23434,4.13,1.90,OFF-LA-10004484,Suffolk
1767,CA-2016-110254,2016-08-08,Standard Class,ML-17755,23434,9.82,4.81,OFF-LA-10002034,Suffolk
7692,US-2017-128951,2017-07-17,First Class,RS-19420,23434,12.96,6.22,OFF-PA-10003177,Suffolk
9085,CA-2015-104038,2015-02-08,First Class,LO-17170,23434,29.90,13.46,OFF-PA-10002751,Suffolk
1764,CA-2016-110254,2016-08-08,Standard Class,ML-17755,23434,35.06,10.52,OFF-SU-10002573,Suffolk
1766,CA-2016-110254,2016-08-08,Standard Class,ML-17755,23434,109.80,46.12,FUR-FU-10001591,Suffolk
1674,CA-2015-150560,2015-12-12,First Class,SW-20455,23434,196.62,96.34,OFF-LA-10003930,Suffolk
7690,US-2017-128951,2017-07-17,First Class,RS-19420,23434,179.94,50.38,OFF-AP-10002191,Suffolk
9084,CA-2015-104038,2015-02-08,First Class,LO-17170,23434,146.73,2.93,OFF-ST-10002554,Suffolk
7691,US-2017-128951,2017-07-17,First Class,RS-19420,23434,872.94,157.13,FUR-TA-10004575,Suffolk
6131,CA-2017-162033,2017-04-02,Standard Class,EM-14200,23464,3.76,1.32,OFF-FA-10003021,Virginia Beach
5854,US-2014-138835,2014-09-14,Standard Class,DA-13450,23464,9.64,4.72,OFF-BI-10003314,Virginia Beach
1590,CA-2016-109911,2016-05-16,Standard Class,VG-21805,23464,10.96,2.96,OFF-AR-10001662,Virginia Beach
9603,CA-2014-130155,2014-05-22,First Class,TD-20995,23464,34.20,9.23,OFF-SU-10004737,Virginia Beach
6130,CA-2017-162033,2017-04-02,Standard Class,EM-14200,23464,53.25,20.77,TEC-AC-10003116,Virginia Beach
5279,CA-2014-159681,2014-12-13,Standard Class,PO-18850,23464,105.52,48.54,OFF-PA-10003641,Virginia Beach
7143,CA-2014-122217,2014-11-29,Standard Class,HP-14815,23464,111.15,48.91,FUR-FU-10002045,Virginia Beach
8964,CA-2016-157280,2016-11-07,First Class,LW-17125,23464,89.97,18.89,TEC-AC-10000057,Virginia Beach
5253,CA-2015-132318,2015-11-02,First Class,TT-21220,23464,182.91,53.04,OFF-AP-10000026,Virginia Beach
8920,CA-2014-160276,2014-04-08,Standard Class,AH-10690,23464,177.68,46.20,FUR-FU-10003192,Virginia Beach
6665,CA-2017-162173,2017-10-31,Standard Class,OT-18730,23464,251.58,113.21,OFF-EN-10002831,Virginia Beach
8963,CA-2016-157280,2016-11-07,First Class,LW-17125,23464,273.96,71.23,FUR-FU-10004665,Virginia Beach
6664,CA-2017-162173,2017-10-31,Standard Class,OT-18730,23464,356.85,60.66,FUR-TA-10001520,Virginia Beach
996,CA-2014-117639,2014-05-25,Standard Class,MW-18235,23464,617.97,173.03,TEC-PH-10001530,Virginia Beach
8965,CA-2016-157280,2016-11-07,First Class,LW-17125,23464,756.80,75.68,FUR-FU-10003806,Virginia Beach
995,CA-2014-117639,2014-05-25,Standard Class,MW-18235,23464,2715.93,1276.49,OFF-BI-10003925,Virginia Beach
7458,CA-2015-137974,2015-04-18,First Class,LL-16840,22980,9.14,4.57,OFF-BI-10001036,Waynesboro
2366,US-2016-108637,2016-03-18,Standard Class,AB-10060,22980,46.00,20.70,OFF-BI-10004965,Waynesboro
692,US-2014-117135,2014-06-23,Second Class,NP-18325,22980,36.84,10.32,OFF-ST-10002444,Waynesboro
2364,US-2016-108637,2016-03-18,Standard Class,AB-10060,22980,127.88,40.92,FUR-FU-10004864,Waynesboro
690,US-2014-117135,2014-06-23,Second Class,NP-18325,22980,104.01,14.56,FUR-FU-10004071,Waynesboro
2365,US-2016-108637,2016-03-18,Standard Class,AB-10060,22980,160.32,44.89,OFF-AP-10004540,Waynesboro
691,US-2014-117135,2014-06-23,Second Class,NP-18325,22980,284.82,74.05,TEC-PH-10002033,Waynesboro
7460,CA-2015-137974,2015-04-18,First Class,LL-16840,22980,523.26,125.58,FUR-BO-10001519,Waynesboro
7457,CA-2015-137974,2015-04-18,First Class,LL-16840,22980,569.64,148.11,TEC-PH-10002033,Waynesboro
7459,CA-2015-137974,2015-04-18,First Class,LL-16840,22980,1196.86,119.69,FUR-FU-10001468,Waynesboro
9152,US-2015-106873,2015-09-29,Second Class,KM-16720,85323,14.58,2.37,OFF-AR-10003179,Avondale
9154,US-2015-106873,2015-09-29,Second Class,KM-16720,85323,16.46,1.85,OFF-AR-10001246,Avondale
9153,US-2015-106873,2015-09-29,Second Class,KM-16720,85323,23.20,1.45,TEC-AC-10002345,Avondale
9195,CA-2014-146843,2014-12-06,Standard Class,PB-19150,85323,47.99,3.60,OFF-SU-10001664,Avondale
9196,CA-2014-146843,2014-12-06,Standard Class,PB-19150,85323,102.24,-16.61,TEC-AC-10002550,Avondale
4772,US-2014-167262,2014-11-03,Second Class,AC-10450,85323,742.34,83.51,TEC-PH-10000486,Avondale
4336,CA-2015-154795,2015-12-24,Standard Class,GZ-14470,86442,7.92,2.77,OFF-EN-10003068,Bullhead City
4337,CA-2015-154795,2015-12-24,Standard Class,GZ-14470,86442,14.37,3.95,FUR-FU-10002088,Bullhead City
5148,CA-2017-128734,2017-12-31,Standard Class,JL-15175,85224,8.54,1.92,FUR-FU-10001731,Chandler
9960,CA-2017-137421,2017-10-11,Standard Class,AJ-10945,85224,9.34,1.87,OFF-AR-10001761,Chandler
5434,CA-2017-129707,2017-04-29,Standard Class,LH-16750,85224,8.90,0.67,OFF-AR-10000246,Chandler
6416,CA-2017-144750,2017-08-21,Same Day,DL-13495,85224,83.88,29.36,OFF-PA-10003395,Chandler
6381,US-2014-163797,2014-04-13,Standard Class,PC-19000,85224,49.79,-11.83,OFF-FA-10001883,Chandler
9041,CA-2014-138177,2014-09-24,Standard Class,ND-18460,85224,73.92,-45.83,FUR-TA-10004607,Chandler
5149,CA-2017-128734,2017-12-31,Standard Class,JL-15175,85224,842.38,105.30,FUR-CH-10001394,Chandler
6976,CA-2015-112144,2015-07-02,Standard Class,CY-12745,85234,5.90,1.99,OFF-LA-10000443,Gilbert
3881,CA-2015-129896,2015-06-20,Standard Class,PF-19120,85234,9.57,2.99,OFF-PA-10002245,Gilbert
6658,CA-2017-135937,2017-02-27,Standard Class,KM-16375,85234,10.64,3.86,OFF-EN-10004846,Gilbert
6656,CA-2017-135937,2017-02-27,Standard Class,KM-16375,85234,31.99,4.80,TEC-AC-10001114,Gilbert
3884,CA-2015-129896,2015-06-20,Standard Class,PF-19120,85234,40.26,11.07,FUR-FU-10002396,Gilbert
6659,CA-2017-135937,2017-02-27,Standard Class,KM-16375,85234,68.70,16.32,FUR-FU-10002253,Gilbert
6657,CA-2017-135937,2017-02-27,Standard Class,KM-16375,85234,51.17,-6.40,OFF-ST-10000563,Gilbert
3882,CA-2015-129896,2015-06-20,Standard Class,PF-19120,85234,82.37,-19.56,OFF-ST-10004804,Gilbert
69,CA-2014-106376,2014-12-10,Standard Class,BS-11590,85234,167.97,62.99,TEC-PH-10002726,Gilbert
6655,CA-2017-135937,2017-02-27,Standard Class,KM-16375,85234,333.58,25.02,TEC-PH-10004447,Gilbert
3883,CA-2015-129896,2015-06-20,Standard Class,PF-19120,85234,364.70,-36.47,FUR-FU-10004904,Gilbert
6660,CA-2017-135937,2017-02-27,Standard Class,KM-16375,85234,386.91,-185.72,FUR-TA-10001039,Gilbert
6977,CA-2015-112144,2015-07-02,Standard Class,CY-12745,85234,621.76,46.63,FUR-FU-10004306,Gilbert
2660,CA-2015-135538,2015-12-28,Standard Class,HR-14830,85234,883.84,99.43,FUR-CH-10004287,Gilbert
68,CA-2014-106376,2014-12-10,Standard Class,BS-11590,85234,1113.02,111.30,OFF-AR-10002671,Gilbert
3836,CA-2014-100363,2014-04-15,Standard Class,JM-15655,85301,2.37,0.83,OFF-FA-10000611,Glendale
5442,CA-2017-155929,2017-09-13,Standard Class,AI-10855,85301,6.37,2.39,OFF-PA-10000859,Glendale
2954,CA-2017-134915,2017-11-12,Same Day,EM-14140,85301,7.92,0.69,TEC-PH-10000347,Glendale
8400,CA-2015-133837,2015-04-18,Standard Class,TH-21100,85301,10.74,0.81,OFF-ST-10000344,Glendale
3837,CA-2014-100363,2014-04-15,Standard Class,JM-15655,85301,19.01,6.89,OFF-PA-10004733,Glendale
2951,CA-2017-134915,2017-11-12,Same Day,EM-14140,85301,23.12,8.38,OFF-PA-10002160,Glendale
4558,US-2017-117331,2017-10-28,Standard Class,ND-18370,85301,8.56,-6.56,OFF-BI-10003984,Glendale
1705,CA-2016-106306,2016-03-08,Same Day,PG-18820,85301,9.70,-7.11,OFF-BI-10003676,Glendale
2950,CA-2017-134915,2017-11-12,Same Day,EM-14140,85301,41.60,13.00,TEC-AC-10001266,Glendale
3661,CA-2016-161676,2016-07-23,Standard Class,JP-15460,85301,33.80,4.22,OFF-SU-10004782,Glendale
1981,CA-2016-112669,2016-04-14,Same Day,KT-16465,85301,42.98,4.30,OFF-ST-10001228,Glendale
9646,US-2017-107979,2017-06-13,Standard Class,FO-14305,85301,35.17,-8.35,OFF-ST-10002485,Glendale
3156,CA-2014-128986,2014-08-05,Second Class,GH-14410,85301,93.02,33.72,OFF-PA-10001289,Glendale
9645,US-2017-107979,2017-06-13,Standard Class,FO-14305,85301,89.54,12.31,TEC-AC-10002006,Glendale
9412,CA-2016-108959,2016-03-14,Second Class,MH-17785,85301,104.70,6.54,OFF-ST-10001272,Glendale
2952,CA-2017-134915,2017-11-12,Same Day,EM-14140,85301,113.89,9.97,FUR-CH-10004875,Glendale
1467,CA-2014-151708,2014-08-14,Standard Class,MB-17305,85301,95.98,-10.80,TEC-AC-10001767,Glendale
2953,CA-2017-134915,2017-11-12,Same Day,EM-14140,85301,113.57,-5.68,FUR-FU-10000305,Glendale
9647,US-2017-107979,2017-06-13,Standard Class,FO-14305,85301,72.59,-48.39,OFF-BI-10000778,Glendale
1466,CA-2014-151708,2014-08-14,Standard Class,MB-17305,85301,121.38,-3.03,FUR-FU-10001602,Glendale
8814,CA-2015-127754,2015-07-31,Standard Class,CK-12760,85301,266.35,13.32,FUR-CH-10003199,Glendale
2955,CA-2017-134915,2017-11-12,Same Day,EM-14140,85301,671.98,50.40,TEC-PH-10001459,Glendale
1980,CA-2016-112669,2016-04-14,Same Day,KT-16465,85301,933.54,105.02,FUR-CH-10004086,Glendale
1075,CA-2016-134348,2016-11-19,Standard Class,MS-17710,85204,4.37,-3.35,OFF-BI-10004967,Mesa
1074,CA-2016-134348,2016-11-19,Standard Class,MS-17710,85204,6.27,-4.60,OFF-BI-10003727,Mesa
7865,CA-2015-143364,2015-07-19,Second Class,TG-21310,85204,18.50,6.70,OFF-PA-10001846,Mesa
536,CA-2016-126613,2016-07-16,Standard Class,AA-10375,85204,16.77,1.47,OFF-ST-10001325,Mesa
3689,CA-2017-140760,2017-06-05,Second Class,DO-13435,85204,25.34,7.92,OFF-PA-10002479,Mesa
4170,CA-2015-100216,2015-04-14,First Class,HJ-14875,85204,31.10,10.89,OFF-PA-10000788,Mesa
3690,CA-2017-140760,2017-06-05,Second Class,DO-13435,85204,43.92,15.92,OFF-EN-10001141,Mesa
8477,CA-2017-134880,2017-10-31,Standard Class,TW-21025,85204,44.78,16.23,OFF-PA-10004039,Mesa
1076,CA-2016-134348,2016-11-19,Standard Class,MS-17710,85204,31.98,2.00,TEC-AC-10003447,Mesa
4349,CA-2017-169894,2017-11-29,Second Class,MV-17485,85204,20.72,-15.20,OFF-BI-10004230,Mesa
4171,CA-2015-100216,2015-04-14,First Class,HJ-14875,85204,54.82,17.82,OFF-PA-10002968,Mesa
1422,CA-2015-124800,2015-09-30,Standard Class,RW-19540,85204,60.67,14.41,OFF-AP-10004980,Mesa
7711,US-2015-142811,2015-04-07,Standard Class,JL-15850,85204,87.80,32.92,TEC-PH-10003095,Mesa
1420,CA-2015-124800,2015-09-30,Standard Class,RW-19540,85204,86.27,31.27,OFF-PA-10000501,Mesa
9386,CA-2017-163097,2017-08-31,Standard Class,SF-20200,85204,120.58,33.16,FUR-FU-10004973,Mesa
4565,CA-2014-101175,2014-12-14,Standard Class,DM-12955,85204,100.70,-1.26,OFF-ST-10004950,Mesa
1421,CA-2015-124800,2015-09-30,Standard Class,RW-19540,85204,72.59,-48.39,OFF-BI-10000778,Mesa
1424,CA-2015-124800,2015-09-30,Standard Class,RW-19540,85204,119.90,-1.50,OFF-ST-10000798,Mesa
1423,CA-2015-124800,2015-09-30,Standard Class,RW-19540,85204,77.03,-59.06,OFF-BI-10003984,Mesa
1425,CA-2015-124800,2015-09-30,Standard Class,RW-19540,85204,263.96,23.10,TEC-PH-10001750,Mesa
7152,CA-2017-142909,2017-12-25,Second Class,AG-10330,85204,182.55,-135.09,FUR-TA-10003008,Mesa
7867,CA-2015-143364,2015-07-19,Second Class,TG-21310,85204,127.76,-191.65,FUR-BO-10001608,Mesa
7864,CA-2015-143364,2015-07-19,Second Class,TG-21310,85204,272.74,-64.77,OFF-ST-10002743,Mesa
7866,CA-2015-143364,2015-07-19,Second Class,TG-21310,85204,441.92,49.72,FUR-CH-10004287,Mesa
1426,CA-2015-124800,2015-09-30,Standard Class,RW-19540,85204,363.65,-86.37,OFF-ST-10002743,Mesa
4350,CA-2017-169894,2017-11-29,Second Class,MV-17485,85204,415.87,-41.59,OFF-ST-10000060,Mesa
5978,CA-2017-116953,2017-04-25,First Class,SV-20935,85204,552.00,34.50,TEC-PH-10004614,Mesa
947,US-2015-140200,2015-07-28,First Class,CA-12775,85204,393.17,-204.45,FUR-TA-10002356,Mesa
2039,CA-2015-122287,2015-06-23,Standard Class,SN-20560,85345,11.95,4.33,OFF-PA-10001661,Peoria
2040,CA-2015-122287,2015-06-23,Standard Class,SN-20560,85345,4.54,-3.33,OFF-BI-10004656,Peoria
9435,CA-2015-119627,2015-08-23,Standard Class,SC-20725,85345,10.27,1.16,OFF-AR-10000203,Peoria
2312,US-2017-120418,2017-06-12,First Class,BC-11125,85345,15.87,1.98,OFF-AR-10001955,Peoria
2041,CA-2015-122287,2015-06-23,Standard Class,SN-20560,85345,9.16,-6.10,OFF-BI-10003707,Peoria
9434,CA-2015-119627,2015-08-23,Standard Class,SC-20725,85345,36.29,12.70,OFF-PA-10001937,Peoria
9433,CA-2015-119627,2015-08-23,Standard Class,SC-20725,85345,30.08,-5.26,TEC-AC-10002217,Peoria
2042,CA-2015-122287,2015-06-23,Standard Class,SN-20560,85345,75.36,20.72,FUR-FU-10004973,Peoria
2310,US-2017-120418,2017-06-12,First Class,BC-11125,85345,68.45,7.70,OFF-ST-10002370,Peoria
2311,US-2017-120418,2017-06-12,First Class,BC-11125,85345,88.04,6.60,OFF-AR-10002956,Peoria
5161,CA-2015-156146,2015-10-30,Second Class,AG-10495,85345,68.72,-14.60,TEC-PH-10001527,Peoria
5160,CA-2015-156146,2015-10-30,Second Class,AG-10495,85345,105.58,9.24,TEC-PH-10001700,Peoria
8642,CA-2017-147767,2017-12-02,Same Day,SV-20935,85345,67.86,-45.24,OFF-BI-10001670,Peoria
2309,US-2017-120418,2017-06-12,First Class,BC-11125,85345,280.79,35.10,FUR-CH-10001394,Peoria
2313,US-2017-120418,2017-06-12,First Class,BC-11125,85345,215.59,-48.51,OFF-ST-10001809,Peoria
9436,CA-2015-119627,2015-08-23,Standard Class,SC-20725,85345,252.80,-31.60,TEC-AC-10001142,Peoria
7357,CA-2016-114748,2016-10-14,Standard Class,MZ-17335,85023,1.41,0.16,OFF-AR-10001315,Phoenix
7208,CA-2016-143476,2016-09-13,First Class,LC-16930,85023,2.91,0.91,OFF-AR-10003759,Phoenix
2548,US-2015-128090,2015-08-22,Standard Class,JM-15865,85023,2.30,0.26,OFF-AR-10002255,Phoenix
2551,US-2015-128090,2015-08-22,Standard Class,JM-15865,85023,5.04,1.76,OFF-LA-10000452,Phoenix
1451,US-2015-160150,2015-07-20,First Class,TS-21085,85023,2.02,-1.35,OFF-BI-10004352,Phoenix
127,US-2017-107272,2017-11-12,Standard Class,TS-21610,85023,2.39,-1.83,OFF-BI-10003274,Phoenix
7433,CA-2014-161249,2014-08-13,Standard Class,RD-19720,85023,4.46,-0.95,OFF-FA-10004838,Phoenix
2082,CA-2015-120103,2015-12-29,Standard Class,MS-17365,85023,7.71,1.74,FUR-FU-10002885,Phoenix
7210,CA-2016-143476,2016-09-13,First Class,LC-16930,85023,9.57,2.99,OFF-PA-10001667,Phoenix
958,CA-2017-102414,2017-05-18,Second Class,JA-15970,85023,4.75,-3.17,OFF-BI-10004465,Phoenix
6003,CA-2014-124079,2014-12-17,Standard Class,RF-19345,85023,5.21,-4.17,OFF-BI-10002103,Phoenix
959,CA-2017-102414,2017-05-18,Second Class,JA-15970,85023,15.55,5.64,OFF-PA-10002333,Phoenix
8787,CA-2017-145765,2017-06-02,Standard Class,CM-11815,85023,15.55,5.44,OFF-PA-10001534,Phoenix
3917,US-2017-142573,2017-07-23,Standard Class,ML-17410,85023,16.10,5.23,OFF-PA-10000246,Phoenix
7629,US-2015-159499,2015-11-23,Second Class,EM-14095,85023,16.52,5.37,OFF-LA-10003121,Phoenix
7209,CA-2016-143476,2016-09-13,First Class,LC-16930,85023,20.74,7.26,OFF-PA-10001837,Phoenix
3918,US-2017-142573,2017-07-23,Standard Class,ML-17410,85023,7.66,-6.12,OFF-BI-10003350,Phoenix
4085,CA-2017-163692,2017-09-09,First Class,Dp-13240,85023,7.86,-6.02,OFF-BI-10003291,Phoenix
9001,CA-2014-133389,2014-06-22,Same Day,TB-21280,85023,8.23,-6.03,OFF-BI-10001553,Phoenix
6971,CA-2017-153822,2017-09-25,Standard Class,AB-10105,85023,12.62,-2.52,OFF-ST-10000321,Phoenix
7434,CA-2014-161249,2014-08-13,Standard Class,RD-19720,85023,9.35,-6.54,OFF-BI-10001097,Phoenix
463,CA-2016-109869,2016-04-29,Standard Class,TN-21040,85023,23.56,7.07,FUR-FU-10000023,Phoenix
6772,CA-2017-139402,2017-12-13,Standard Class,NC-18535,85023,13.01,-9.97,OFF-BI-10000279,Phoenix
7628,US-2015-159499,2015-11-23,Second Class,EM-14095,85023,23.34,-1.46,TEC-AC-10002718,Phoenix
957,CA-2017-102414,2017-05-18,Second Class,JA-15970,85023,29.59,2.59,TEC-PH-10002923,Phoenix
3297,US-2015-110569,2015-05-30,Standard Class,EB-13870,85023,19.19,-12.80,OFF-BI-10001036,Phoenix
6974,CA-2017-153822,2017-09-25,Standard Class,AB-10105,85023,18.18,-13.94,OFF-BI-10001460,Phoenix
8623,US-2016-114230,2016-11-30,Standard Class,CM-12235,85023,39.81,3.98,OFF-ST-10000876,Phoenix
6679,CA-2014-150329,2014-10-14,Standard Class,SD-20485,85023,46.87,3.52,FUR-FU-10003724,Phoenix
6804,CA-2016-109827,2016-12-31,Standard Class,LW-16825,85023,47.97,4.20,FUR-CH-10004754,Phoenix
465,CA-2016-109869,2016-04-29,Standard Class,TN-21040,85023,28.48,-20.89,OFF-BI-10000315,Phoenix
2996,US-2014-150532,2014-07-21,Standard Class,PB-19150,85023,55.92,6.29,OFF-ST-10000760,Phoenix
6848,CA-2016-162110,2016-07-22,Standard Class,NP-18670,85023,55.99,3.50,TEC-PH-10001924,Phoenix
6802,CA-2016-109827,2016-12-31,Standard Class,LW-16825,85023,45.12,-7.90,TEC-AC-10002217,Phoenix
6800,CA-2016-109827,2016-12-31,Standard Class,LW-16825,85023,35.45,-24.10,FUR-TA-10002607,Phoenix
2080,CA-2015-120103,2015-12-29,Standard Class,MS-17365,85023,106.23,37.18,OFF-PA-10001295,Phoenix
467,CA-2016-109869,2016-04-29,Standard Class,TN-21040,85023,78.27,5.87,OFF-AP-10002578,Phoenix
6803,CA-2016-109827,2016-12-31,Standard Class,LW-16825,85023,100.80,21.42,TEC-AC-10004353,Phoenix
6002,CA-2014-124079,2014-12-17,Standard Class,RF-19345,85023,87.96,7.70,FUR-FU-10002553,Phoenix
6972,CA-2017-153822,2017-09-25,Standard Class,AB-10105,85023,89.58,4.48,TEC-AC-10000109,Phoenix
4513,CA-2016-118969,2016-10-03,First Class,LP-17095,85023,54.79,-40.18,OFF-BI-10002429,Phoenix
2081,CA-2015-120103,2015-12-29,Standard Class,MS-17365,85023,111.98,11.20,TEC-PH-10002170,Phoenix
3298,US-2015-110569,2015-05-30,Standard Class,EB-13870,85023,121.79,13.70,OFF-AP-10004708,Phoenix
3916,US-2017-142573,2017-07-23,Standard Class,ML-17410,85023,161.57,10.10,FUR-CH-10004218,Phoenix
7358,CA-2016-114748,2016-10-14,Standard Class,MZ-17335,85023,169.57,0.00,FUR-FU-10001488,Phoenix
9541,CA-2015-135727,2015-05-16,Second Class,PS-18970,85023,191.97,16.80,FUR-CH-10004540,Phoenix
8786,CA-2017-145765,2017-06-02,Standard Class,CM-11815,85023,195.96,19.60,TEC-PH-10001305,Phoenix
2550,US-2015-128090,2015-08-22,Standard Class,JM-15865,85023,313.02,105.65,OFF-PA-10001878,Phoenix
128,US-2017-107272,2017-11-12,Standard Class,TS-21610,85023,243.99,30.50,OFF-ST-10002974,Phoenix
8788,CA-2017-145765,2017-06-02,Standard Class,CM-11815,85023,271.97,54.39,TEC-AC-10000844,Phoenix
466,CA-2016-109869,2016-04-29,Standard Class,TN-21040,85023,185.38,-34.76,OFF-SU-10003505,Phoenix
6771,CA-2017-139402,2017-12-13,Standard Class,NC-18535,85023,419.40,146.79,OFF-PA-10004359,Phoenix
7627,US-2015-159499,2015-11-23,Second Class,EM-14095,85023,325.63,28.49,OFF-AP-10002867,Phoenix
3919,US-2017-142573,2017-07-23,Standard Class,ML-17410,85023,311.98,-42.90,FUR-CH-10000513,Phoenix
6973,CA-2017-153822,2017-09-25,Standard Class,AB-10105,85023,471.92,29.50,TEC-PH-10002415,Phoenix
5012,US-2017-139647,2017-05-13,First Class,TS-21370,85023,209.98,-356.96,FUR-BO-10004467,Phoenix
1410,US-2016-122245,2016-09-30,Standard Class,AB-10105,85023,393.17,-204.45,FUR-TA-10002356,Phoenix
6801,CA-2016-109827,2016-12-31,Standard Class,LW-16825,85023,269.97,-386.96,TEC-MA-10003356,Phoenix
3724,US-2014-169789,2015-01-04,Standard Class,MF-17665,85023,551.99,-459.99,OFF-BI-10004600,Phoenix
3915,US-2017-142573,2017-07-23,Standard Class,ML-17410,85023,801.60,-448.90,FUR-TA-10001932,Phoenix
9232,CA-2014-148383,2014-12-31,Standard Class,RP-19390,85023,946.76,-694.29,OFF-BI-10003650,Phoenix
2549,US-2015-128090,2015-08-22,Standard Class,JM-15865,85023,1879.96,211.50,TEC-PH-10002624,Phoenix
464,CA-2016-109869,2016-04-29,Standard Class,TN-21040,85023,1272.63,-814.48,FUR-TA-10001889,Phoenix
1007,CA-2015-105312,2015-11-09,First Class,MT-17815,85254,7.08,2.48,OFF-EN-10002600,Scottsdale
1008,CA-2015-105312,2015-11-09,First Class,MT-17815,85254,4.40,-3.52,OFF-BI-10002049,Scottsdale
7101,CA-2014-159625,2014-11-28,Standard Class,SM-20005,85254,23.47,8.80,OFF-EN-10002621,Scottsdale
5464,CA-2014-146591,2014-01-20,First Class,TS-21340,85254,56.06,19.62,OFF-PA-10000659,Scottsdale
5463,CA-2014-146591,2014-01-20,First Class,TS-21340,85254,32.34,-23.72,OFF-BI-10003676,Scottsdale
5465,CA-2014-146591,2014-01-20,First Class,TS-21340,85254,108.72,36.69,OFF-EN-10002504,Scottsdale
2542,CA-2016-144792,2016-05-04,Standard Class,KD-16615,85254,111.89,22.38,FUR-FU-10002759,Scottsdale
152,CA-2016-158834,2016-03-16,First Class,TW-21025,85254,157.92,17.77,OFF-AP-10000326,Scottsdale
153,CA-2016-158834,2016-03-16,First Class,TW-21025,85254,203.18,15.24,TEC-PH-10001254,Scottsdale
5338,CA-2017-111577,2017-10-21,Standard Class,AJ-10780,85254,307.78,111.57,OFF-PA-10000062,Scottsdale
1932,CA-2016-152121,2016-11-29,Second Class,CC-12670,85254,271.99,23.80,TEC-PH-10002483,Scottsdale
5466,CA-2014-146591,2014-01-20,First Class,TS-21340,85254,181.47,-320.60,FUR-BO-10001972,Scottsdale
6043,CA-2016-117912,2016-02-08,Standard Class,TB-21520,85635,14.37,3.95,FUR-FU-10002088,Sierra Vista
647,CA-2016-103947,2016-04-08,Standard Class,BB-10990,85635,31.56,9.86,OFF-FA-10003112,Sierra Vista
648,CA-2016-103947,2016-04-08,Standard Class,BB-10990,85635,30.14,3.01,OFF-AP-10002350,Sierra Vista
3224,CA-2014-108189,2014-10-05,First Class,ES-14080,85281,4.67,1.46,OFF-FA-10000735,Tempe
3198,CA-2015-149384,2015-07-10,Same Day,EH-13945,85281,3.37,-2.24,OFF-BI-10003196,Tempe
1533,CA-2017-159884,2017-09-05,Standard Class,JF-15490,85281,8.38,2.72,OFF-FA-10000585,Tempe
3223,CA-2014-108189,2014-10-05,First Class,ES-14080,85281,9.41,3.41,OFF-PA-10001838,Tempe
3229,CA-2014-108189,2014-10-05,First Class,ES-14080,85281,7.16,-0.09,TEC-AC-10003038,Tempe
3226,CA-2014-108189,2014-10-05,First Class,ES-14080,85281,12.77,4.63,OFF-EN-10004846,Tempe
1532,CA-2017-159884,2017-09-05,Standard Class,JF-15490,85281,10.74,0.81,OFF-ST-10000344,Tempe
3227,CA-2014-108189,2014-10-05,First Class,ES-14080,85281,15.36,-3.26,OFF-SU-10003567,Tempe
8429,US-2017-132220,2017-11-16,Standard Class,DJ-13510,85281,62.35,-10.91,TEC-AC-10004227,Tempe
3699,CA-2014-140039,2014-09-17,Standard Class,ON-18715,85281,79.40,5.96,OFF-ST-10001034,Tempe
3228,CA-2014-108189,2014-10-05,First Class,ES-14080,85281,230.38,20.16,TEC-PH-10001557,Tempe
3225,CA-2014-108189,2014-10-05,First Class,ES-14080,85281,318.40,107.46,TEC-PH-10001760,Tempe
2886,US-2016-159856,2016-10-22,Standard Class,EP-13915,85281,307.92,-34.64,FUR-CH-10003396,Tempe
9402,CA-2014-159814,2014-06-28,Standard Class,LP-17080,85705,4.27,0.96,FUR-FU-10001731,Tucson
4694,CA-2014-138681,2014-12-22,First Class,CT-11995,85705,8.45,2.64,OFF-PA-10003270,Tucson
375,US-2014-119137,2014-07-27,Standard Class,AG-10900,85705,9.24,0.92,OFF-AR-10000658,Tucson
9655,CA-2017-161893,2017-01-27,Standard Class,HP-14815,85705,4.94,-3.62,OFF-BI-10004506,Tucson
5545,CA-2016-134936,2016-12-25,Standard Class,ES-14080,85705,5.21,-4.17,OFF-BI-10002103,Tucson
1523,CA-2015-144806,2015-12-11,Standard Class,GH-14425,85705,19.92,6.72,OFF-PA-10002586,Tucson
373,US-2014-119137,2014-07-27,Standard Class,AG-10900,85705,8.16,-5.71,OFF-BI-10001982,Tucson
5544,CA-2016-134936,2016-12-25,Standard Class,ES-14080,85705,10.44,-7.66,OFF-BI-10000174,Tucson
7742,CA-2015-147816,2015-09-26,Second Class,CM-11935,85705,35.12,13.17,TEC-PH-10003095,Tucson
4690,CA-2014-138681,2014-12-22,First Class,CT-11995,85705,51.97,10.39,FUR-FU-10001876,Tucson
4691,CA-2014-138681,2014-12-22,First Class,CT-11995,85705,71.98,21.59,TEC-AC-10003628,Tucson
2871,CA-2014-148040,2014-03-26,Standard Class,BF-11275,85705,74.35,23.23,OFF-PA-10002581,Tucson
8442,CA-2017-145779,2017-05-10,Standard Class,DB-13615,85705,84.42,27.44,OFF-PA-10002254,Tucson
1364,US-2017-155425,2017-11-11,First Class,AB-10600,85705,38.39,-25.59,OFF-BI-10001036,Tucson
1526,CA-2015-144806,2015-12-11,Standard Class,GH-14425,85705,86.30,9.71,OFF-AR-10004042,Tucson
9654,CA-2017-161893,2017-01-27,Standard Class,HP-14815,85705,95.98,12.00,TEC-AC-10001874,Tucson
1524,CA-2015-144806,2015-12-11,Standard Class,GH-14425,85705,198.27,61.96,OFF-PA-10003039,Tucson
4693,CA-2014-138681,2014-12-22,First Class,CT-11995,85705,221.92,77.67,OFF-PA-10000357,Tucson
6046,CA-2015-113215,2015-09-08,Standard Class,CP-12085,85705,238.15,89.31,FUR-FU-10002937,Tucson
1522,CA-2015-144806,2015-12-11,Standard Class,GH-14425,85705,206.11,48.95,FUR-FU-10002253,Tucson
1365,US-2017-155425,2017-11-11,First Class,AB-10600,85705,95.99,-64.00,TEC-MA-10003183,Tucson
1367,US-2017-155425,2017-11-11,First Class,AB-10600,85705,201.58,15.12,TEC-PH-10002563,Tucson
1366,US-2017-155425,2017-11-11,First Class,AB-10600,85705,239.95,-35.99,TEC-AC-10001314,Tucson
4692,CA-2014-138681,2014-12-22,First Class,CT-11995,85705,242.35,-42.41,FUR-CH-10004860,Tucson
2103,CA-2014-123295,2014-07-18,Same Day,AH-10120,85705,259.14,-25.91,FUR-CH-10002372,Tucson
1525,CA-2015-144806,2015-12-11,Standard Class,GH-14425,85705,247.10,-58.69,OFF-ST-10004804,Tucson
542,CA-2016-136924,2016-07-17,First Class,ES-14080,85705,380.86,38.09,TEC-PH-10002262,Tucson
2872,CA-2014-148040,2014-03-26,Standard Class,BF-11275,85705,314.35,-35.36,FUR-CH-10001482,Tucson
376,US-2014-119137,2014-07-27,Standard Class,AG-10900,85705,479.04,-29.94,TEC-AC-10002076,Tucson
5543,CA-2016-134936,2016-12-25,Standard Class,ES-14080,85705,455.97,-218.87,FUR-TA-10001086,Tucson
374,US-2014-119137,2014-07-27,Standard Class,AG-10900,85705,1023.94,179.19,TEC-AC-10003911,Tucson
1368,US-2017-155425,2017-11-11,First Class,AB-10600,85705,899.14,-146.11,FUR-CH-10003312,Tucson
8088,CA-2016-106621,2016-09-30,Second Class,DM-12955,85364,10.50,1.18,OFF-AR-10002375,Yuma
4823,CA-2016-134222,2016-07-11,Same Day,NZ-18565,85364,44.86,-35.88,OFF-BI-10001658,Yuma
7280,CA-2016-108224,2016-05-14,Same Day,TH-21235,85364,185.53,48.70,TEC-AC-10003832,Yuma
7282,CA-2017-159282,2017-10-21,Standard Class,GH-14410,85364,599.99,-479.99,TEC-MA-10001148,Yuma
4885,CA-2017-104080,2017-03-15,Standard Class,AH-10210,92804,3.36,0.87,OFF-AR-10001972,Anaheim
7061,CA-2016-165330,2016-12-11,Same Day,WB-21850,92804,5.87,2.13,OFF-BI-10002897,Anaheim
4902,CA-2017-120936,2017-12-21,Standard Class,CA-12310,92804,13.98,3.63,OFF-SU-10002557,Anaheim
7053,CA-2016-165330,2016-12-11,Same Day,WB-21850,92804,30.98,13.94,OFF-PA-10000241,Anaheim
9907,US-2015-129007,2015-09-15,First Class,KD-16615,92804,25.03,7.82,OFF-BI-10001628,Anaheim
7052,CA-2016-165330,2016-12-11,Same Day,WB-21850,92804,23.32,6.06,OFF-AR-10000914,Anaheim
7056,CA-2016-165330,2016-12-11,Same Day,WB-21850,92804,35.81,11.19,OFF-BI-10002824,Anaheim
9910,US-2015-129007,2015-09-15,First Class,KD-16615,92804,44.67,12.06,FUR-FU-10004018,Anaheim
9944,CA-2014-143371,2015-01-03,Standard Class,MD-17350,92804,51.15,13.30,OFF-SU-10002537,Anaheim
7059,CA-2016-165330,2016-12-11,Same Day,WB-21850,92804,50.22,2.01,OFF-ST-10000636,Anaheim
7060,CA-2016-165330,2016-12-11,Same Day,WB-21850,92804,83.42,24.19,OFF-AP-10001469,Anaheim
5132,CA-2017-146626,2018-01-05,Standard Class,BP-11185,92804,101.12,37.41,FUR-FU-10002501,Anaheim
9906,US-2015-129007,2015-09-15,First Class,KD-16615,92804,131.88,55.39,FUR-FU-10004973,Anaheim
7057,CA-2016-165330,2016-12-11,Same Day,WB-21850,92804,122.69,39.87,OFF-BI-10004001,Anaheim
7054,CA-2016-165330,2016-12-11,Same Day,WB-21850,92804,119.96,25.19,TEC-AC-10000057,Anaheim
4884,CA-2017-104080,2017-03-15,Standard Class,AH-10210,92804,171.20,64.20,OFF-BI-10003876,Anaheim
9911,US-2015-129007,2015-09-15,First Class,KD-16615,92804,209.70,100.66,OFF-PA-10000994,Anaheim
7051,CA-2016-165330,2016-12-11,Same Day,WB-21850,92804,209.60,68.12,OFF-BI-10004593,Anaheim
9909,US-2015-129007,2015-09-15,First Class,KD-16615,92804,207.35,24.88,FUR-FU-10002379,Anaheim
2822,CA-2017-100202,2017-01-05,Standard Class,BD-11620,92804,302.38,22.68,TEC-PH-10002563,Anaheim
4901,CA-2017-120936,2017-12-21,Standard Class,CA-12310,92804,481.32,125.14,OFF-ST-10001526,Anaheim
7055,CA-2016-165330,2016-12-11,Same Day,WB-21850,92804,363.92,-31.84,FUR-CH-10003774,Anaheim
9908,US-2015-129007,2015-09-15,First Class,KD-16615,92804,717.72,71.77,FUR-CH-10000155,Anaheim
7058,CA-2016-165330,2016-12-11,Same Day,WB-21850,92804,892.14,111.52,FUR-TA-10004619,Anaheim
9943,CA-2014-143371,2015-01-03,Standard Class,MD-17350,92804,998.82,29.96,OFF-ST-10001128,Anaheim
555,CA-2017-100650,2017-07-03,Second Class,DK-13225,92804,1295.78,310.99,OFF-ST-10001780,Anaheim
5871,CA-2016-128223,2016-06-14,Same Day,EB-13705,92804,1293.49,80.84,FUR-TA-10001771,Anaheim
1133,US-2016-114776,2016-12-07,First Class,GG-14650,94509,19.44,9.33,OFF-PA-10004100,Antioch
3080,CA-2017-101182,2017-09-05,First Class,KB-16405,92307,12.96,6.22,OFF-PA-10001800,Apple Valley
5651,CA-2017-142342,2017-07-19,Second Class,AJ-10795,92307,10.56,0.00,OFF-ST-10002957,Apple Valley
5649,CA-2017-142342,2017-07-19,Second Class,AJ-10795,92307,32.40,15.55,OFF-PA-10004609,Apple Valley
3081,CA-2017-101182,2017-09-05,First Class,KB-16405,92307,43.18,15.11,TEC-PH-10003589,Apple Valley
5650,CA-2017-142342,2017-07-19,Second Class,AJ-10795,92307,57.90,28.95,OFF-EN-10002592,Apple Valley
6203,CA-2016-118332,2016-12-23,Standard Class,PK-19075,92307,563.92,7.05,FUR-CH-10001708,Apple Valley
5652,CA-2017-142342,2017-07-19,Second Class,AJ-10795,92307,1194.17,210.74,FUR-BO-10002613,Apple Valley
3578,CA-2016-103163,2016-06-11,Standard Class,FM-14290,93309,4.73,2.32,OFF-PA-10004000,Bakersfield
3577,CA-2016-103163,2016-06-11,Standard Class,FM-14290,93309,4.78,1.55,OFF-BI-10003305,Bakersfield
3934,CA-2017-123001,2017-09-08,Standard Class,AW-10840,93309,9.40,2.73,OFF-AR-10001919,Bakersfield
4500,CA-2016-124814,2016-04-16,Standard Class,FM-14215,93309,12.96,6.22,OFF-PA-10002787,Bakersfield
5100,CA-2015-141936,2015-08-12,Standard Class,PN-18775,93309,19.15,6.46,OFF-BI-10002194,Bakersfield
4501,CA-2016-124814,2016-04-16,Standard Class,FM-14215,93309,23.20,8.12,OFF-BI-10000174,Bakersfield
5791,CA-2017-140186,2017-10-02,First Class,PG-18820,93309,35.00,16.80,OFF-FA-10002280,Bakersfield
9676,CA-2016-137393,2016-05-10,Standard Class,GM-14500,93309,41.60,14.14,FUR-FU-10001617,Bakersfield
5795,CA-2017-140186,2017-10-02,First Class,PG-18820,93309,46.67,16.34,OFF-BI-10003364,Bakersfield
5794,CA-2017-140186,2017-10-02,First Class,PG-18820,93309,51.75,15.53,FUR-FU-10004848,Bakersfield
3935,CA-2017-123001,2017-09-08,Standard Class,AW-10840,93309,74.00,37.00,OFF-LA-10004544,Bakersfield
5793,CA-2017-140186,2017-10-02,First Class,PG-18820,93309,97.84,25.44,OFF-AP-10002578,Bakersfield
5792,CA-2017-140186,2017-10-02,First Class,PG-18820,93309,72.78,0.00,FUR-CH-10002961,Bakersfield
3936,CA-2017-123001,2017-09-08,Standard Class,AW-10840,93309,201.58,12.60,TEC-PH-10003484,Bakersfield
2778,CA-2015-138534,2015-07-19,Second Class,JM-15535,93309,195.47,-13.80,FUR-BO-10003159,Bakersfield
8305,CA-2017-135419,2017-11-09,Standard Class,BG-11740,93309,486.37,36.48,FUR-TA-10001086,Bakersfield
7936,CA-2017-166093,2017-08-24,Standard Class,RW-19540,94513,8.56,3.85,OFF-PA-10003893,Brentwood
6906,US-2017-149006,2017-12-08,Second Class,BN-11470,94513,10.68,2.88,OFF-ST-10003221,Brentwood
7937,CA-2017-166093,2017-08-24,Standard Class,RW-19540,94513,13.92,4.87,OFF-BI-10000174,Brentwood
7934,CA-2017-166093,2017-08-24,Standard Class,RW-19540,94513,23.36,11.68,OFF-EN-10003134,Brentwood
1985,CA-2014-164721,2014-11-27,Second Class,LW-16825,94513,23.88,10.51,FUR-FU-10001940,Brentwood
1986,CA-2014-164721,2014-11-27,Second Class,LW-16825,94513,26.76,12.31,OFF-PA-10000575,Brentwood
7693,CA-2014-102330,2015-01-03,Standard Class,AI-10855,94513,88.80,44.40,OFF-LA-10003923,Brentwood
266,CA-2015-155040,2015-11-15,Standard Class,AH-10210,94513,79.90,35.16,TEC-AC-10004469,Brentwood
2074,CA-2017-122504,2017-11-12,Second Class,DB-13270,94513,59.97,13.79,TEC-AC-10003289,Brentwood
7935,CA-2017-166093,2017-08-24,Standard Class,RW-19540,94513,71.98,9.00,TEC-PH-10002564,Brentwood
7940,CA-2017-166093,2017-08-24,Standard Class,RW-19540,94513,221.06,77.37,OFF-BI-10004230,Brentwood
1984,CA-2014-164721,2014-11-27,Second Class,LW-16825,94513,320.88,93.06,OFF-AP-10000240,Brentwood
7694,CA-2014-102330,2015-01-03,Standard Class,AI-10855,94513,319.97,36.00,TEC-PH-10001051,Brentwood
7939,CA-2017-166093,2017-08-24,Standard Class,RW-19540,94513,540.57,140.55,OFF-ST-10001496,Brentwood
2075,CA-2017-122504,2017-11-12,Second Class,DB-13270,94513,761.54,66.64,TEC-PH-10002468,Brentwood
7938,CA-2017-166093,2017-08-24,Standard Class,RW-19540,94513,2518.29,654.76,OFF-AP-10001058,Brentwood
7328,US-2014-131275,2014-03-24,Standard Class,SC-20050,91505,111.00,14.43,FUR-FU-10004597,Burbank
7329,US-2014-131275,2014-03-24,Standard Class,SC-20050,91505,1279.97,415.99,TEC-MA-10001148,Burbank
7330,US-2014-131275,2014-03-24,Standard Class,SC-20050,91505,1856.19,334.11,OFF-ST-10000078,Burbank
7214,CA-2017-154949,2017-10-19,Standard Class,MC-17275,93010,14.73,7.22,OFF-LA-10002034,Camarillo
7405,CA-2015-100146,2015-05-19,Standard Class,CB-12535,93010,122.91,34.41,FUR-FU-10001979,Camarillo
7406,CA-2015-100146,2015-05-19,Standard Class,CB-12535,93010,97.57,-6.10,FUR-CH-10003833,Camarillo
7404,CA-2015-100146,2015-05-19,Standard Class,CB-12535,93010,509.96,42.00,FUR-BO-10004015,Camarillo
7407,CA-2015-100146,2015-05-19,Standard Class,CB-12535,93010,722.35,81.26,FUR-CH-10004495,Camarillo
5782,CA-2015-155586,2015-12-16,Second Class,XP-21865,95928,2.21,0.60,OFF-AR-10001547,Chico
7961,CA-2017-131807,2017-10-10,Standard Class,GG-14650,95928,7.99,2.70,TEC-PH-10000702,Chico
7957,CA-2017-131807,2017-10-10,Standard Class,GG-14650,95928,14.90,6.85,OFF-FA-10002780,Chico
5783,CA-2015-155586,2015-12-16,Second Class,XP-21865,95928,15.52,7.45,OFF-EN-10003072,Chico
7958,CA-2017-131807,2017-10-10,Standard Class,GG-14650,95928,15.80,4.11,OFF-AP-10004052,Chico
5784,CA-2015-155586,2015-12-16,Second Class,XP-21865,95928,36.44,16.40,OFF-PA-10000726,Chico
7959,CA-2017-131807,2017-10-10,Standard Class,GG-14650,95928,72.90,26.97,FUR-FU-10004666,Chico
7960,CA-2017-131807,2017-10-10,Standard Class,GG-14650,95928,206.35,5.16,FUR-TA-10004086,Chico
6291,US-2015-139675,2015-03-18,Second Class,NF-18595,95928,327.76,91.77,FUR-FU-10001979,Chico
7956,CA-2017-131807,2017-10-10,Standard Class,GG-14650,95928,435.17,-59.84,FUR-CH-10001190,Chico
6290,US-2015-139675,2015-03-18,Second Class,NF-18595,95928,915.14,102.95,FUR-CH-10004063,Chico
4764,CA-2014-112851,2014-09-21,Standard Class,NR-18550,91911,182.94,85.98,OFF-EN-10001453,Chula Vista
6135,CA-2016-146766,2016-11-04,Same Day,TT-21220,91911,192.80,55.91,OFF-AR-10002135,Chula Vista
3778,CA-2015-107937,2015-05-08,Standard Class,JB-16045,91911,665.88,106.54,FUR-FU-10002298,Chula Vista
4296,CA-2017-169124,2017-07-10,Standard Class,MB-17305,95610,129.39,54.34,FUR-FU-10001215,Citrus Heights
2421,CA-2017-159597,2017-11-14,Standard Class,MC-17590,92236,99.99,44.00,TEC-AC-10004171,Coachella
2420,CA-2017-159597,2017-11-14,Standard Class,MC-17590,92236,63.56,3.18,OFF-ST-10002289,Coachella
7084,CA-2017-118724,2017-07-25,Second Class,AR-10825,94521,3.52,1.69,OFF-AR-10003469,Concord
9587,CA-2016-108630,2016-11-18,Same Day,BE-11410,94521,61.12,22.16,OFF-BI-10002437,Concord
2149,CA-2014-141607,2014-12-17,Standard Class,WB-21850,94521,43.31,4.33,FUR-FU-10003975,Concord
7047,CA-2014-150581,2014-04-12,Standard Class,NM-18445,94521,99.59,2.49,FUR-TA-10003748,Concord
457,US-2014-110674,2014-02-18,Standard Class,SC-20095,94521,129.57,-24.29,FUR-CH-10000225,Concord
5859,US-2017-153255,2017-09-07,Second Class,JK-15730,94521,239.67,14.10,FUR-BO-10004218,Concord
7048,CA-2014-150581,2014-04-12,Standard Class,NM-18445,94521,399.96,139.99,TEC-AC-10001908,Concord
7085,CA-2017-118724,2017-07-25,Second Class,AR-10825,94521,1626.19,121.96,TEC-PH-10002549,Concord
9993,CA-2017-121258,2017-03-03,Standard Class,DB-13060,92627,29.60,13.32,OFF-PA-10004041,Costa Mesa
6088,CA-2015-114048,2015-12-18,Standard Class,EH-13945,92627,29.22,12.86,FUR-FU-10004351,Costa Mesa
1416,CA-2017-115994,2017-01-31,Second Class,BT-11305,92627,37.74,12.83,FUR-FU-10003976,Costa Mesa
500,CA-2016-126158,2016-07-31,Standard Class,SC-20095,92627,69.30,22.87,FUR-FU-10000073,Costa Mesa
9991,CA-2017-121258,2017-03-03,Standard Class,DB-13060,92627,91.96,15.63,FUR-FU-10000747,Costa Mesa
497,CA-2016-126158,2016-07-31,Standard Class,SC-20095,92627,119.62,40.37,OFF-BI-10002498,Costa Mesa
2719,CA-2017-144827,2017-12-27,Standard Class,SE-20110,92627,124.36,33.58,OFF-ST-10004340,Costa Mesa
498,CA-2016-126158,2016-07-31,Standard Class,SC-20095,92627,255.76,81.84,FUR-FU-10004864,Costa Mesa
1415,CA-2017-115994,2017-01-31,Second Class,BT-11305,92627,239.97,26.40,TEC-AC-10000580,Costa Mesa
499,CA-2016-126158,2016-07-31,Standard Class,SC-20095,92627,241.57,18.12,FUR-CH-10002602,Costa Mesa
9992,CA-2017-121258,2017-03-03,Standard Class,DB-13060,92627,258.58,19.39,TEC-PH-10003645,Costa Mesa
4586,US-2017-163790,2017-11-04,Second Class,NL-18310,94526,8.80,4.22,OFF-AR-10003469,Danville
4588,US-2017-163790,2017-11-04,Second Class,NL-18310,94526,5.58,0.17,OFF-FA-10004838,Danville
4589,US-2017-163790,2017-11-04,Second Class,NL-18310,94526,25.02,10.51,FUR-FU-10002508,Danville
4585,US-2017-163790,2017-11-04,Second Class,NL-18310,94526,76.58,38.29,OFF-EN-10001335,Danville
4587,US-2017-163790,2017-11-04,Second Class,NL-18310,94526,590.35,206.62,OFF-BI-10003718,Danville
4590,US-2017-163790,2017-11-04,Second Class,NL-18310,94526,452.55,22.63,OFF-ST-10001511,Danville
7889,CA-2016-113117,2016-08-22,Standard Class,JP-15520,95616,32.40,15.55,OFF-PA-10000019,Davis
9672,US-2017-140312,2017-11-19,Standard Class,KL-16645,94568,22.00,1.38,TEC-PH-10003442,Dublin
8273,CA-2016-139549,2016-10-25,Standard Class,MY-18295,92020,387.14,4.84,FUR-CH-10001802,El Cajon
6846,CA-2014-147543,2014-07-12,Standard Class,BC-11125,92020,478.48,47.85,FUR-CH-10000155,El Cajon
2820,CA-2016-160500,2016-05-08,First Class,DM-13015,92024,6.72,2.35,OFF-BI-10003784,Encinitas
1114,CA-2017-140585,2017-12-23,Second Class,RA-19915,92024,46.67,16.34,OFF-BI-10003364,Encinitas
1116,CA-2017-140585,2017-12-23,Second Class,RA-19915,92024,119.98,57.59,TEC-AC-10003610,Encinitas
1115,CA-2017-140585,2017-12-23,Second Class,RA-19915,92024,119.83,-12.69,FUR-BO-10002206,Encinitas
2821,CA-2016-160500,2016-05-08,First Class,DM-13015,92024,298.78,7.47,FUR-TA-10003748,Encinitas
8585,CA-2014-104808,2014-02-08,Second Class,MH-17440,92025,17.25,6.04,OFF-BI-10003676,Escondido
4776,CA-2017-108091,2017-11-21,Standard Class,EK-13795,92025,23.36,6.07,OFF-AR-10000255,Escondido
1162,CA-2014-126522,2014-09-05,Second Class,LT-16765,92025,53.94,15.64,OFF-AR-10004042,Escondido
5740,US-2017-147886,2017-03-31,First Class,DH-13075,94533,12.96,6.35,OFF-PA-10000232,Fairfield
1297,CA-2017-115427,2018-01-03,Standard Class,EB-13975,94533,13.90,4.52,OFF-BI-10002103,Fairfield
5744,US-2017-147886,2017-03-31,First Class,DH-13075,94533,20.04,9.62,OFF-PA-10000743,Fairfield
5743,US-2017-147886,2017-03-31,First Class,DH-13075,94533,26.72,12.83,OFF-PA-10003651,Fairfield
1298,CA-2017-115427,2018-01-03,Standard Class,EB-13975,94533,20.72,6.47,OFF-BI-10004632,Fairfield
5746,US-2017-147886,2017-03-31,First Class,DH-13075,94533,21.56,6.90,FUR-FU-10003829,Fairfield
5741,US-2017-147886,2017-03-31,First Class,DH-13075,94533,26.48,10.06,FUR-FU-10001095,Fairfield
5742,US-2017-147886,2017-03-31,First Class,DH-13075,94533,532.72,53.27,TEC-MA-10004679,Fairfield
5745,US-2017-147886,2017-03-31,First Class,DH-13075,94533,795.48,7.95,OFF-ST-10002743,Fairfield
8599,CA-2014-141110,2014-11-30,Standard Class,LS-17200,93727,4.32,1.51,OFF-BI-10002012,Fresno
7070,CA-2014-141901,2014-08-14,Standard Class,GM-14500,93727,5.98,2.69,OFF-PA-10001667,Fresno
8602,CA-2014-141110,2014-11-30,Standard Class,LS-17200,93727,7.31,2.56,OFF-BI-10001553,Fresno
8488,CA-2017-124716,2017-03-31,Standard Class,BD-11560,93727,11.94,5.97,OFF-PA-10000859,Fresno
8600,CA-2014-141110,2014-11-30,Standard Class,LS-17200,93727,14.94,7.02,OFF-PA-10002586,Fresno
5230,CA-2017-124436,2017-03-22,Second Class,SA-20830,93727,14.62,5.12,OFF-BI-10001553,Fresno
2384,US-2017-117534,2017-03-26,First Class,CV-12295,93727,16.02,4.49,OFF-AR-10003087,Fresno
5233,CA-2017-124436,2017-03-22,Second Class,SA-20830,93727,27.50,9.28,OFF-BI-10000343,Fresno
5232,CA-2017-124436,2017-03-22,Second Class,SA-20830,93727,30.93,12.68,FUR-FU-10001185,Fresno
8486,CA-2017-124716,2017-03-31,Standard Class,BD-11560,93727,45.68,21.01,OFF-PA-10000740,Fresno
7802,CA-2014-143637,2014-03-29,Second Class,MS-17710,93727,40.48,14.57,FUR-FU-10002813,Fresno
8601,CA-2014-141110,2014-11-30,Standard Class,LS-17200,93727,40.54,11.35,OFF-AP-10000692,Fresno
4172,CA-2017-100601,2017-11-20,Standard Class,JK-15370,93727,48.86,0.98,OFF-ST-10002486,Fresno
8487,CA-2017-124716,2017-03-31,Standard Class,BD-11560,93727,110.96,53.26,OFF-PA-10001144,Fresno
8371,CA-2016-163972,2016-10-21,Standard Class,MG-17890,93727,120.67,21.29,FUR-BO-10003894,Fresno
2385,US-2017-117534,2017-03-26,First Class,CV-12295,93727,185.92,62.75,OFF-BI-10002026,Fresno
2383,US-2017-117534,2017-03-26,First Class,CV-12295,93727,176.04,45.77,OFF-AP-10002403,Fresno
2025,US-2017-111241,2017-08-22,Second Class,GM-14500,93727,239.12,77.71,OFF-BI-10002867,Fresno
2386,US-2017-117534,2017-03-26,First Class,CV-12295,93727,211.17,15.84,TEC-PH-10000141,Fresno
3209,CA-2016-108882,2016-01-15,Standard Class,LA-16780,93727,349.95,118.98,TEC-AC-10000420,Fresno
3210,CA-2016-108882,2016-01-15,Standard Class,LA-16780,93727,377.93,141.72,TEC-PH-10002726,Fresno
1248,CA-2014-168494,2014-12-14,Second Class,NP-18700,93727,254.97,12.00,FUR-BO-10004467,Fresno
2387,US-2017-117534,2017-03-26,First Class,CV-12295,93727,479.98,60.00,TEC-CO-10000971,Fresno
1246,CA-2014-168494,2014-12-14,Second Class,NP-18700,93727,764.69,95.59,FUR-TA-10004619,Fresno
5231,CA-2017-124436,2017-03-22,Second Class,SA-20830,93727,697.16,8.71,FUR-TA-10001095,Fresno
1247,CA-2014-168494,2014-12-14,Second Class,NP-18700,93727,3610.85,135.41,FUR-TA-10003473,Fresno
325,CA-2016-162138,2016-04-27,Standard Class,GK-14620,92345,99.99,35.00,TEC-AC-10001908,Hesperia
324,CA-2016-162138,2016-04-27,Standard Class,GK-14620,92345,251.52,81.74,OFF-BI-10004593,Hesperia
2651,US-2016-146794,2016-09-30,Standard Class,SH-19975,92345,424.96,20.00,FUR-BO-10004467,Hesperia
8340,CA-2017-135076,2017-04-17,Standard Class,YS-21880,92345,436.70,-38.21,FUR-CH-10003774,Hesperia
1892,CA-2014-157623,2014-03-18,Standard Class,DK-13225,92646,3.38,1.25,OFF-AR-10003723,Huntington Beach
4983,CA-2014-160066,2014-11-22,Standard Class,AH-10075,92646,5.22,2.40,OFF-LA-10001045,Huntington Beach
1891,CA-2014-157623,2014-03-18,Standard Class,DK-13225,92646,10.56,4.75,OFF-PA-10001204,Huntington Beach
7482,CA-2016-124583,2016-09-03,Second Class,LB-16795,92646,12.78,5.75,OFF-EN-10002500,Huntington Beach
417,CA-2017-122105,2017-06-28,Standard Class,CJ-12010,92646,95.92,25.90,OFF-AR-10004344,Huntington Beach
6902,US-2017-135013,2017-07-24,Same Day,HR-14830,92646,2399.96,839.99,TEC-CO-10001449,Huntington Beach
276,CA-2017-118136,2017-09-17,First Class,BB-10990,90301,5.98,1.55,OFF-AR-10001427,Inglewood
275,CA-2017-118136,2017-09-17,First Class,BB-10990,90301,8.82,4.06,OFF-PA-10002615,Inglewood
9699,CA-2017-154116,2017-12-19,Standard Class,KM-16660,90301,22.83,10.73,OFF-PA-10004569,Inglewood
3751,CA-2017-161956,2017-08-29,Second Class,DR-12880,90301,28.40,8.24,OFF-SU-10002503,Inglewood
3431,CA-2017-148264,2017-12-09,First Class,LF-17185,90301,29.79,8.64,OFF-ST-10003327,Inglewood
3433,CA-2017-148264,2017-12-09,First Class,LF-17185,90301,60.12,28.86,OFF-PA-10003651,Inglewood
9700,CA-2017-154116,2017-12-19,Standard Class,KM-16660,90301,54.32,16.30,OFF-AP-10000027,Inglewood
3753,CA-2017-161956,2017-08-29,Second Class,DR-12880,90301,116.28,56.98,OFF-PA-10001289,Inglewood
3748,CA-2017-161956,2017-08-29,Second Class,DR-12880,90301,198.46,99.23,FUR-FU-10002937,Inglewood
3432,CA-2017-148264,2017-12-09,First Class,LF-17185,90301,128.90,15.47,FUR-FU-10002703,Inglewood
9701,CA-2017-154116,2017-12-19,Standard Class,KM-16660,90301,196.78,14.76,TEC-PH-10000675,Inglewood
3752,CA-2017-161956,2017-08-29,Second Class,DR-12880,90301,230.28,23.03,FUR-CH-10004886,Inglewood
3749,CA-2017-161956,2017-08-29,Second Class,DR-12880,90301,321.92,96.58,OFF-AP-10001242,Inglewood
3755,CA-2017-161956,2017-08-29,Second Class,DR-12880,90301,354.90,17.75,OFF-ST-10001370,Inglewood
3754,CA-2017-161956,2017-08-29,Second Class,DR-12880,90301,841.57,294.55,OFF-BI-10003650,Inglewood
3750,CA-2017-161956,2017-08-29,Second Class,DR-12880,90301,879.98,329.99,TEC-CO-10001571,Inglewood
5636,CA-2017-123022,2017-09-08,Standard Class,SC-20050,91941,82.56,28.90,OFF-BI-10002225,La Mesa
5637,CA-2017-123022,2017-09-08,Standard Class,SC-20050,91941,284.97,85.49,TEC-AC-10000474,La Mesa
2536,CA-2015-143238,2015-09-08,First Class,LO-17170,92253,46.32,18.06,TEC-AC-10003499,La Quinta
6999,US-2016-134369,2016-09-22,Standard Class,BC-11125,92677,12.96,6.35,OFF-PA-10002195,Laguna Niguel
6320,CA-2017-161459,2017-11-29,Second Class,EB-13750,92677,34.08,15.34,OFF-PA-10002377,Laguna Niguel
6319,CA-2017-161459,2017-11-29,Second Class,EB-13750,92677,39.96,3.50,TEC-PH-10004071,Laguna Niguel
1535,CA-2017-124086,2017-02-14,Standard Class,MP-18175,92677,203.98,16.80,FUR-BO-10004015,Laguna Niguel
800,CA-2015-101910,2015-12-03,Standard Class,CD-11920,92530,283.92,17.75,FUR-CH-10002647,Lake Elsinore
7872,CA-2016-101672,2016-10-07,Standard Class,DB-12910,92630,6.16,2.96,OFF-LA-10002271,Lake Forest
7874,CA-2016-101672,2016-10-07,Standard Class,DB-12910,92630,8.56,3.85,OFF-PA-10004610,Lake Forest
5763,CA-2017-158169,2017-08-15,First Class,JM-16195,92630,54.92,19.77,FUR-FU-10001473,Lake Forest
7875,CA-2016-101672,2016-10-07,Standard Class,DB-12910,92630,97.82,45.98,OFF-PA-10001878,Lake Forest
5762,CA-2017-158169,2017-08-15,First Class,JM-16195,92630,542.94,152.02,OFF-AP-10000828,Lake Forest
7873,CA-2016-101672,2016-10-07,Standard Class,DB-12910,92630,915.14,102.95,FUR-CH-10004063,Lake Forest
6069,CA-2017-166695,2017-05-24,Standard Class,CC-12430,90712,6.98,3.35,FUR-FU-10002191,Lakewood
5325,CA-2015-119508,2015-12-09,Standard Class,TZ-21580,90712,16.90,6.25,OFF-AR-10003723,Lakewood
5326,CA-2015-119508,2015-12-09,Standard Class,TZ-21580,90712,25.08,9.03,FUR-FU-10004270,Lakewood
8665,CA-2017-126634,2017-03-31,Second Class,AB-10165,90712,94.20,39.56,FUR-FU-10004973,Lakewood
3986,CA-2016-108735,2016-04-21,Standard Class,JM-15535,90712,257.50,24.24,FUR-BO-10003441,Lakewood
9462,CA-2014-100867,2014-10-24,Standard Class,EH-14125,90712,321.55,20.10,TEC-PH-10004922,Lakewood
6070,CA-2017-166695,2017-05-24,Standard Class,CC-12430,90712,343.20,38.61,TEC-MA-10003176,Lakewood
6068,CA-2017-166695,2017-05-24,Standard Class,CC-12430,90712,518.27,-97.18,FUR-CH-10000225,Lakewood
5588,CA-2015-149993,2015-03-20,First Class,GA-14725,93534,10.90,3.60,OFF-FA-10001561,Lancaster
787,CA-2017-129567,2017-03-21,Second Class,CL-12565,93534,17.46,5.89,OFF-BI-10000014,Lancaster
2027,CA-2016-113516,2016-09-10,Second Class,VM-21685,93534,33.02,11.56,OFF-BI-10002225,Lancaster
2028,CA-2016-113516,2016-09-10,Second Class,VM-21685,93534,67.14,23.50,OFF-BI-10001989,Lancaster
788,CA-2015-154620,2015-12-16,Standard Class,LT-17110,93534,348.93,34.89,FUR-CH-10004675,Lancaster
9850,CA-2014-142979,2014-04-18,Standard Class,EH-13765,95240,39.68,16.27,OFF-AR-10002987,Lodi
9802,CA-2017-137918,2017-10-06,Standard Class,JK-15730,95240,97.30,28.22,OFF-SU-10000898,Lodi
5654,US-2014-134187,2014-11-11,Standard Class,TH-21235,90805,2.94,0.79,OFF-AR-10000940,Long Beach
9839,US-2016-125402,2016-09-30,Standard Class,DL-12865,90805,4.98,2.29,OFF-LA-10001771,Long Beach
323,CA-2014-156601,2014-09-24,Standard Class,FA-14230,90805,7.16,3.58,OFF-FA-10000624,Long Beach
6705,CA-2015-139164,2015-06-28,Standard Class,CS-12355,90805,5.43,1.79,OFF-FA-10003059,Long Beach
9842,US-2016-125402,2016-09-30,Standard Class,DL-12865,90805,5.76,1.67,OFF-AR-10002255,Long Beach
7375,US-2017-123862,2017-01-09,Second Class,JF-15190,90805,7.89,3.55,OFF-FA-10003112,Long Beach
578,CA-2015-149713,2015-09-22,Second Class,TG-21640,90805,7.30,2.19,OFF-SU-10001574,Long Beach
9837,US-2016-125402,2016-09-30,Standard Class,DL-12865,90805,10.90,5.12,OFF-PA-10000141,Long Beach
3042,CA-2017-149559,2017-09-12,Same Day,KF-16285,90805,12.96,6.22,OFF-PA-10003172,Long Beach
577,CA-2015-149713,2015-09-22,Second Class,TG-21640,90805,19.92,9.76,OFF-PA-10001450,Long Beach
3043,CA-2017-149559,2017-09-12,Same Day,KF-16285,90805,22.18,10.87,OFF-EN-10002312,Long Beach
9838,US-2016-125402,2016-09-30,Standard Class,DL-12865,90805,29.60,14.80,OFF-LA-10003923,Long Beach
4739,CA-2015-105725,2015-02-24,Standard Class,GT-14755,90805,61.06,28.09,OFF-LA-10003510,Long Beach
4740,CA-2015-105725,2015-02-24,Standard Class,GT-14755,90805,35.54,-0.89,FUR-TA-10001676,Long Beach
9841,US-2016-125402,2016-09-30,Standard Class,DL-12865,90805,44.74,4.47,TEC-PH-10003356,Long Beach
5525,CA-2016-147123,2016-12-12,First Class,SJ-20125,90805,80.28,36.93,OFF-PA-10000575,Long Beach
7373,US-2017-123862,2017-01-09,Second Class,JF-15190,90805,61.02,0.61,OFF-ST-10002301,Long Beach
7374,US-2017-123862,2017-01-09,Second Class,JF-15190,90805,110.11,31.93,OFF-SU-10004884,Long Beach
576,CA-2015-149713,2015-09-22,Second Class,TG-21640,90805,160.72,78.75,OFF-PA-10004530,Long Beach
7372,US-2017-123862,2017-01-09,Second Class,JF-15190,90805,153.78,44.60,OFF-ST-10000760,Long Beach
6706,CA-2015-139164,2015-06-28,Standard Class,CS-12355,90805,143.98,9.00,TEC-PH-10003931,Long Beach
6704,CA-2015-139164,2015-06-28,Standard Class,CS-12355,90805,217.58,19.04,TEC-PH-10002468,Long Beach
9840,US-2016-125402,2016-09-30,Standard Class,DL-12865,90805,479.98,161.99,TEC-CO-10001943,Long Beach
6150,CA-2017-101322,2017-12-31,First Class,JG-15310,90805,340.70,-34.07,FUR-CH-10003968,Long Beach
704,CA-2015-142027,2015-04-14,Standard Class,JK-15370,90805,369.91,-13.87,FUR-TA-10002774,Long Beach
9843,US-2016-125402,2016-09-30,Standard Class,DL-12865,90805,483.14,60.39,FUR-CH-10000665,Long Beach
3044,CA-2017-149559,2017-09-12,Same Day,KF-16285,90805,2054.27,256.78,FUR-CH-10002320,Long Beach
8173,CA-2014-114125,2014-07-13,Standard Class,GH-14410,90049,2.88,1.41,OFF-LA-10004559,Los Angeles
4117,CA-2015-153416,2015-11-29,Standard Class,TS-21340,90036,3.17,0.99,OFF-BI-10002813,Los Angeles
8060,CA-2015-121188,2015-09-04,Standard Class,CB-12025,90049,4.16,1.75,FUR-FU-10003981,Los Angeles
2873,CA-2017-135167,2017-06-20,Standard Class,SC-20800,90036,4.26,1.75,OFF-AR-10002399,Los Angeles
6127,CA-2017-145772,2017-06-07,Standard Class,SS-20140,90036,3.91,1.27,OFF-BI-10002049,Los Angeles
6774,CA-2016-119018,2016-11-08,Standard Class,CW-11905,90004,4.18,1.30,OFF-BI-10000494,Los Angeles
3645,CA-2014-156594,2014-12-23,Second Class,MC-17845,90008,4.13,1.16,OFF-AR-10004269,Los Angeles
7159,CA-2016-131380,2016-03-31,Second Class,CC-12220,90032,5.98,2.93,OFF-PA-10001243,Los Angeles
4410,US-2014-154879,2014-05-11,Standard Class,SN-20710,90004,5.78,2.72,OFF-LA-10004425,Los Angeles
335,CA-2015-137946,2015-09-04,Second Class,DB-13615,90045,4.75,1.60,OFF-BI-10001922,Los Angeles
161,CA-2016-162733,2016-05-12,First Class,TT-21070,90045,5.98,2.69,OFF-PA-10002751,Los Angeles
3647,CA-2014-146528,2014-07-27,Second Class,VF-21715,90045,6.48,3.18,OFF-PA-10002195,Los Angeles
1505,CA-2015-153388,2015-08-07,Standard Class,PC-19000,90004,6.72,3.36,OFF-AR-10001868,Los Angeles
9229,CA-2014-153619,2014-11-03,Same Day,TC-21535,90049,6.72,3.36,OFF-AR-10001868,Los Angeles
92,CA-2016-109806,2016-09-22,Standard Class,JS-15685,90036,6.48,3.11,OFF-PA-10000304,Los Angeles
1144,CA-2014-146969,2014-10-03,Standard Class,AP-10915,90045,6.48,3.11,OFF-PA-10002105,Los Angeles
4450,CA-2015-121965,2015-06-23,Standard Class,LH-17155,90032,6.48,3.11,OFF-PA-10004355,Los Angeles
9954,CA-2015-141593,2015-12-16,Second Class,DB-12970,90045,6.48,3.11,OFF-PA-10004983,Los Angeles
5047,CA-2016-158694,2016-11-13,Second Class,AI-10855,90036,5.18,1.81,OFF-BI-10004656,Los Angeles
7980,CA-2015-113040,2015-08-31,Standard Class,CC-12100,90045,5.10,1.66,OFF-BI-10001249,Los Angeles
5944,CA-2014-104178,2014-08-29,Standard Class,JM-15265,90036,6.28,2.64,FUR-FU-10000771,Los Angeles
3619,CA-2017-141929,2017-09-08,Standard Class,RA-19285,90004,5.56,1.74,TEC-PH-10002185,Los Angeles
1608,US-2016-115819,2016-04-24,Second Class,JO-15280,90049,5.84,1.97,OFF-BI-10000050,Los Angeles
3566,CA-2016-130029,2016-07-06,First Class,GT-14755,90049,3.96,0.08,OFF-FA-10001135,Los Angeles
6859,CA-2017-128965,2017-04-22,Standard Class,PS-18760,90008,7.38,3.47,OFF-LA-10001404,Los Angeles
1231,CA-2017-100013,2017-11-11,Standard Class,ZC-21910,90045,5.68,1.76,OFF-AR-10001022,Los Angeles
1606,US-2016-115819,2016-04-24,Second Class,JO-15280,90049,5.46,1.53,OFF-AR-10000823,Los Angeles
7503,US-2017-120147,2017-03-30,Same Day,TB-21400,90036,6.08,2.07,OFF-AR-10000817,Los Angeles
9617,CA-2016-140256,2016-08-29,Standard Class,PW-19030,90049,5.76,1.67,OFF-AR-10002255,Los Angeles
5356,CA-2014-113768,2014-05-19,Standard Class,AH-10030,90004,8.00,3.84,OFF-PA-10003063,Los Angeles
515,CA-2017-163405,2017-12-25,Standard Class,BN-11515,90049,5.88,1.71,OFF-AR-10001246,Los Angeles
5761,US-2016-111528,2016-12-30,Same Day,JP-16135,90032,6.38,2.15,OFF-BI-10002194,Los Angeles
5942,CA-2017-112431,2017-10-14,Second Class,RW-19690,90049,5.88,1.59,OFF-AR-10000940,Los Angeles
4584,US-2016-100405,2016-08-28,Second Class,TS-21430,90045,8.26,3.80,OFF-AR-10000390,Los Angeles
8102,CA-2015-149846,2015-05-26,Standard Class,SB-20185,90045,8.26,3.80,OFF-LA-10004484,Los Angeles
1473,CA-2017-164959,2017-07-15,Standard Class,KN-16390,90004,8.67,4.07,OFF-LA-10004272,Los Angeles
5579,CA-2017-137498,2017-09-14,Second Class,LC-17050,90004,6.56,1.90,OFF-AR-10003829,Los Angeles
9238,CA-2016-126732,2016-09-06,Standard Class,LR-16915,90036,7.31,2.56,OFF-BI-10001553,Los Angeles
4217,CA-2015-111234,2015-02-22,Standard Class,AB-10600,90004,9.24,4.44,OFF-LA-10002271,Los Angeles
5462,CA-2017-101574,2017-10-04,Standard Class,BD-11725,90032,9.24,4.44,FUR-FU-10001706,Los Angeles
7623,US-2014-144078,2014-11-29,Standard Class,RB-19435,90004,7.44,2.60,OFF-AR-10004707,Los Angeles
514,CA-2017-163405,2017-12-25,Standard Class,BN-11515,90049,6.63,1.79,OFF-AR-10003811,Los Angeles
2887,CA-2017-102099,2017-12-19,First Class,EP-13915,90008,6.63,1.79,OFF-AR-10003811,Los Angeles
2412,CA-2015-142041,2015-06-09,Second Class,EM-13810,90036,7.52,2.63,OFF-BI-10004187,Los Angeles
6773,CA-2016-119018,2016-11-08,Standard Class,CW-11905,90004,7.71,2.80,OFF-BI-10003314,Los Angeles
1849,CA-2017-128370,2017-09-10,Same Day,FH-14275,90004,7.18,2.25,OFF-BI-10004140,Los Angeles
3843,CA-2014-101931,2014-10-31,First Class,TS-21370,90049,7.18,2.25,OFF-BI-10004140,Los Angeles
4845,US-2014-128685,2014-04-05,First Class,MZ-17515,90008,7.18,2.25,OFF-BI-10004140,Los Angeles
4307,CA-2016-161095,2016-06-28,Same Day,CS-12250,90032,7.75,2.81,OFF-BI-10002764,Los Angeles
2589,CA-2016-137729,2016-05-09,Standard Class,BF-11005,90004,5.98,1.02,OFF-ST-10001505,Los Angeles
5390,CA-2017-164707,2017-02-21,Second Class,CV-12805,90045,9.82,4.81,OFF-LA-10004345,Los Angeles
2353,CA-2017-109701,2017-12-03,Same Day,AM-10360,90032,10.08,5.04,OFF-AR-10001868,Los Angeles
7854,CA-2015-144890,2015-12-29,Standard Class,SM-20320,90049,9.96,4.88,OFF-PA-10001526,Los Angeles
7,CA-2014-115812,2014-06-14,Standard Class,BH-11710,90032,7.28,1.97,OFF-AR-10002833,Los Angeles
1510,CA-2017-103611,2017-09-15,First Class,JM-15535,90036,8.36,3.01,FUR-FU-10004270,Los Angeles
2787,CA-2015-149972,2015-09-23,First Class,CD-12790,90036,7.90,2.53,OFF-FA-10002763,Los Angeles
1818,CA-2015-125423,2015-12-15,Second Class,MC-17575,90036,9.96,4.58,OFF-LA-10001771,Los Angeles
5004,CA-2016-155033,2016-10-12,Standard Class,CC-12475,90032,10.56,5.07,OFF-PA-10000143,Los Angeles
2351,CA-2017-109701,2017-12-03,Same Day,AM-10360,90032,10.86,5.32,OFF-PA-10003724,Los Angeles
9051,CA-2015-165554,2015-05-22,Standard Class,AJ-10780,90004,10.86,5.32,OFF-PA-10003724,Los Angeles
9884,CA-2014-112291,2014-04-08,Standard Class,KE-16420,90008,11.16,5.58,OFF-EN-10001415,Los Angeles
5407,US-2016-143280,2016-02-26,Standard Class,TZ-21580,90045,10.65,5.01,OFF-FA-10000992,Los Angeles
5348,CA-2017-108539,2017-03-23,Second Class,SC-20725,90045,8.54,2.88,OFF-BI-10001031,Los Angeles
5963,CA-2014-140732,2014-11-13,Second Class,MA-17560,90004,7.78,2.02,OFF-AP-10001626,Los Angeles
1230,CA-2017-100013,2017-11-11,Standard Class,ZC-21910,90045,8.73,2.97,FUR-FU-10001424,Los Angeles
5526,CA-2017-154501,2017-05-05,Standard Class,EA-14035,90008,9.78,4.01,OFF-AR-10002804,Los Angeles
8492,CA-2017-106824,2017-07-11,Standard Class,AT-10735,90049,5.94,0.12,OFF-FA-10001135,Los Angeles
1143,CA-2014-146969,2014-10-03,Standard Class,AP-10915,90045,8.72,2.88,OFF-FA-10001561,Los Angeles
4594,CA-2016-129868,2016-12-31,Standard Class,MC-18130,90004,7.90,2.05,OFF-AP-10004052,Los Angeles
2349,CA-2017-109701,2017-12-03,Same Day,AM-10360,90032,9.02,3.16,OFF-BI-10004187,Los Angeles
9639,US-2017-125808,2017-11-15,Second Class,EP-13915,90032,11.56,5.66,OFF-PA-10001846,Los Angeles
8391,CA-2017-153227,2017-12-06,First Class,CS-12250,90032,11.76,5.76,OFF-PA-10001838,Los Angeles
9565,CA-2015-161242,2015-06-08,Standard Class,CG-12040,90045,11.76,5.76,OFF-PA-10001838,Los Angeles
1610,US-2016-115819,2016-04-24,Second Class,JO-15280,90049,9.34,3.27,OFF-BI-10000591,Los Angeles
2413,CA-2014-151295,2014-11-16,Standard Class,JA-15970,90045,11.96,5.86,OFF-PA-10001947,Los Angeles
4535,CA-2015-163104,2015-03-26,Standard Class,MC-18130,90004,11.96,5.86,OFF-PA-10001947,Los Angeles
2060,CA-2014-106439,2014-11-04,Standard Class,GG-14650,90049,11.34,5.22,OFF-FA-10002975,Los Angeles
1177,CA-2014-120243,2014-12-30,Second Class,AT-10435,90004,11.56,5.43,OFF-LA-10004425,Los Angeles
3759,CA-2015-167745,2015-09-23,Standard Class,GB-14530,90049,11.68,5.49,OFF-AR-10003602,Los Angeles
3844,CA-2014-101931,2014-10-31,First Class,TS-21370,90049,6.28,0.06,OFF-SU-10002301,Los Angeles
7237,CA-2014-138737,2014-12-10,First Class,FP-14320,90049,8.64,2.42,OFF-AR-10003190,Los Angeles
4485,CA-2016-109365,2016-11-08,Standard Class,XP-21865,90049,9.30,3.02,OFF-BI-10002071,Los Angeles
3558,CA-2017-118542,2017-12-05,Standard Class,CC-12550,90008,10.13,3.67,OFF-BI-10003429,Los Angeles
8549,CA-2015-149566,2015-12-10,Standard Class,GB-14530,90049,12.60,6.05,OFF-LA-10000452,Los Angeles
6126,CA-2017-145772,2017-06-07,Standard Class,SS-20140,90036,11.96,5.38,OFF-PA-10001593,Los Angeles
420,CA-2017-110478,2017-03-09,Standard Class,SP-20860,90045,9.32,2.70,OFF-AR-10001573,Los Angeles
4638,CA-2017-168228,2017-04-29,First Class,AP-10915,90045,12.39,5.70,OFF-AR-10000390,Los Angeles
9708,CA-2016-161746,2016-10-27,Standard Class,CS-11950,90045,12.39,5.70,OFF-AR-10000390,Los Angeles
906,CA-2016-130477,2016-04-12,Standard Class,LC-17140,90032,12.96,6.22,OFF-PA-10000019,Los Angeles
2888,CA-2017-102099,2017-12-19,First Class,EP-13915,90008,12.96,6.22,OFF-PA-10003172,Los Angeles
3565,CA-2016-130029,2016-07-06,First Class,GT-14755,90049,12.96,6.22,OFF-PA-10000552,Los Angeles
6870,US-2016-126452,2016-08-28,Standard Class,SC-20230,90004,12.96,6.22,OFF-PA-10003848,Los Angeles
8504,CA-2014-164903,2014-02-24,Standard Class,SR-20740,90049,12.96,6.22,OFF-PA-10003363,Los Angeles
7198,CA-2014-116785,2014-04-30,Standard Class,MH-17290,90036,12.60,5.80,OFF-LA-10000305,Los Angeles
1594,CA-2014-117317,2014-10-19,Same Day,JF-15490,90032,13.44,6.59,OFF-PA-10004519,Los Angeles
1504,CA-2016-100468,2016-11-30,Standard Class,AT-10435,90045,9.94,3.08,FUR-FU-10000010,Los Angeles
8689,CA-2016-144015,2016-06-26,Same Day,AH-10075,90036,12.48,5.62,OFF-PA-10002870,Los Angeles
5018,CA-2014-127558,2014-11-18,First Class,SS-20410,90008,10.11,3.24,FUR-FU-10002505,Los Angeles
5347,CA-2017-108539,2017-03-23,Second Class,SC-20725,90045,10.90,3.95,OFF-BI-10003981,Los Angeles
2248,CA-2015-116092,2015-02-18,Second Class,JM-16195,90004,13.36,6.41,OFF-PA-10004285,Los Angeles
6552,CA-2017-161578,2017-12-21,Second Class,RB-19465,90036,13.36,6.41,OFF-PA-10002986,Los Angeles
9976,US-2016-103674,2016-12-10,Standard Class,AP-10720,90032,13.36,6.41,OFF-PA-10000743,Los Angeles
6030,US-2016-112970,2016-11-15,First Class,TB-21250,90049,9.84,2.85,OFF-AR-10003829,Los Angeles
3535,CA-2014-110849,2014-04-23,Standard Class,JL-15835,90049,10.75,3.55,OFF-AR-10000657,Los Angeles
7869,CA-2016-136994,2016-06-02,Standard Class,LS-17245,90045,13.38,6.15,OFF-PA-10000575,Los Angeles
5423,US-2016-163258,2017-01-02,Standard Class,PF-19225,90045,11.23,3.93,OFF-BI-10000138,Los Angeles
6860,CA-2017-128965,2017-04-22,Standard Class,PS-18760,90008,10.90,3.60,OFF-FA-10001561,Los Angeles
2250,CA-2015-116092,2015-02-18,Second Class,JM-16195,90004,11.52,4.18,OFF-BI-10000546,Los Angeles
26,CA-2016-121755,2016-01-20,Second Class,EH-13945,90049,11.65,4.22,OFF-BI-10001634,Los Angeles
1025,CA-2017-106964,2017-12-20,First Class,HR-14770,90045,11.81,4.28,OFF-BI-10000320,Los Angeles
6953,CA-2015-129917,2015-10-03,First Class,HM-14980,90008,11.81,4.13,OFF-BI-10001757,Los Angeles
6014,CA-2016-159016,2016-03-11,First Class,KF-16285,90008,14.90,7.15,OFF-PA-10004405,Los Angeles
3,CA-2016-138688,2016-06-16,Second Class,DV-13045,90036,14.62,6.87,OFF-LA-10000240,Los Angeles
846,CA-2016-161669,2016-11-09,First Class,EM-14095,90036,14.62,6.87,OFF-LA-10004093,Los Angeles
8793,CA-2014-162992,2014-12-21,First Class,BP-11095,90008,14.62,6.87,OFF-LA-10001934,Los Angeles
1229,CA-2017-100013,2017-11-11,Standard Class,ZC-21910,90045,15.28,7.49,OFF-EN-10001219,Los Angeles
7571,CA-2014-133830,2014-12-10,Standard Class,RL-19615,90045,15.00,7.20,OFF-FA-10002280,Los Angeles
63,CA-2015-135545,2015-11-30,Standard Class,KM-16720,90004,13.98,6.15,TEC-AC-10004633,Los Angeles
5247,CA-2016-156265,2016-08-04,Second Class,BF-11020,90032,12.54,4.70,OFF-BI-10000285,Los Angeles
6865,US-2016-126452,2016-08-28,Standard Class,SC-20230,90004,12.67,4.75,OFF-BI-10004465,Los Angeles
5380,CA-2016-136021,2016-08-18,Standard Class,JM-15580,90045,15.54,7.61,OFF-PA-10000551,Los Angeles
6241,US-2016-131912,2016-10-31,Second Class,LH-17155,90008,11.74,3.82,OFF-BI-10004236,Los Angeles
9667,CA-2017-157448,2017-11-20,Standard Class,LC-16885,90049,12.42,4.47,FUR-FU-10001847,Los Angeles
3536,CA-2014-110849,2014-04-23,Standard Class,JL-15835,90049,11.62,3.60,OFF-FA-10000134,Los Angeles
2836,CA-2017-110842,2017-11-16,Standard Class,GA-14725,90036,10.89,2.83,OFF-AP-10003971,Los Angeles
845,CA-2016-161669,2016-11-09,First Class,EM-14095,90036,11.36,3.29,OFF-SU-10002503,Los Angeles
1779,CA-2015-105347,2015-11-28,Standard Class,DP-13000,90004,14.70,6.62,OFF-AR-10003045,Los Angeles
421,CA-2017-110478,2017-03-09,Standard Class,SP-20860,90045,15.25,7.01,OFF-EN-10000483,Los Angeles
4291,CA-2017-102407,2017-12-13,Second Class,AT-10435,90004,11.16,2.79,OFF-AR-10000122,Los Angeles
4449,CA-2015-121965,2015-06-23,Standard Class,LH-17155,90032,12.56,4.02,FUR-FU-10000732,Los Angeles
5776,CA-2016-142398,2016-04-16,Standard Class,BP-11290,90036,13.21,4.62,OFF-BI-10004826,Los Angeles
2689,CA-2015-153220,2015-11-14,First Class,YC-21895,90032,15.70,7.07,OFF-PA-10003016,Los Angeles
7393,CA-2017-147844,2017-05-06,Standard Class,DD-13570,90049,15.70,7.07,OFF-PA-10003016,Los Angeles
4710,CA-2017-138149,2017-06-30,First Class,WB-21850,90049,11.68,3.04,OFF-AR-10000255,Los Angeles
2068,CA-2014-106439,2014-11-04,Standard Class,GG-14650,90049,12.39,3.72,OFF-AR-10001419,Los Angeles
9979,US-2016-103674,2016-12-10,Standard Class,AP-10720,90032,13.38,4.68,OFF-BI-10003727,Los Angeles
3945,CA-2016-133144,2016-05-21,Second Class,DO-13435,90036,17.34,8.50,OFF-PA-10004971,Los Angeles
8688,CA-2016-144015,2016-06-26,Same Day,AH-10075,90036,17.90,8.95,OFF-FA-10000624,Los Angeles
4827,US-2017-136707,2017-11-15,First Class,JE-15610,90036,14.02,4.91,OFF-BI-10003460,Los Angeles
2447,CA-2015-100573,2015-09-30,Standard Class,AM-10705,90004,17.48,8.22,OFF-EN-10000461,Los Angeles
3534,CA-2014-110849,2014-04-23,Standard Class,JL-15835,90049,13.12,3.80,OFF-AR-10002375,Los Angeles
8939,CA-2015-134117,2015-12-19,Second Class,PG-18895,90008,16.40,7.05,OFF-AR-10001940,Los Angeles
3963,CA-2017-134838,2017-02-20,First Class,ED-13885,90045,12.84,3.47,OFF-AR-10000634,Los Angeles
5075,CA-2017-151071,2017-04-29,Second Class,MB-18085,90049,13.90,4.52,OFF-BI-10002103,Los Angeles
886,CA-2015-143602,2015-04-28,Second Class,JS-15595,90045,13.94,4.53,OFF-BI-10002071,Los Angeles
8670,CA-2015-158918,2015-12-25,Second Class,AI-10855,90036,17.12,7.70,OFF-PA-10004947,Los Angeles
9230,CA-2017-133718,2017-07-26,First Class,TB-21520,90045,15.19,5.51,OFF-BI-10003429,Los Angeles
1856,CA-2014-114643,2014-06-17,Standard Class,FM-14215,90032,14.52,4.79,OFF-AR-10003631,Los Angeles
1683,US-2016-101497,2016-09-30,Second Class,PS-18760,90008,18.97,9.11,OFF-PA-10000176,Los Angeles
4815,CA-2016-111696,2016-05-10,First Class,TB-21625,90004,17.94,8.07,OFF-PA-10002751,Los Angeles
337,CA-2015-137946,2015-09-04,Second Class,DB-13615,90045,14.37,4.49,OFF-BI-10004140,Los Angeles
3499,CA-2016-107328,2016-08-15,Standard Class,CA-12055,90036,15.24,5.33,OFF-BI-10002160,Los Angeles
6034,CA-2015-130253,2015-12-18,Standard Class,PP-18955,90036,15.24,5.18,FUR-FU-10002963,Los Angeles
5737,CA-2014-148614,2014-01-25,Standard Class,MV-17485,90049,19.36,9.29,OFF-PA-10002893,Los Angeles
9015,CA-2017-143084,2017-03-22,Standard Class,BP-11050,90008,19.40,9.31,OFF-EN-10003072,Los Angeles
2252,CA-2015-116092,2015-02-18,Second Class,JM-16195,90004,19.44,9.33,OFF-PA-10000477,Los Angeles
2837,CA-2017-110842,2017-11-16,Standard Class,GA-14725,90036,19.44,9.33,OFF-PA-10000520,Los Angeles
4118,CA-2015-153416,2015-11-29,Standard Class,TS-21340,90036,19.44,9.33,OFF-PA-10002005,Los Angeles
4312,CA-2014-125829,2014-11-11,Standard Class,WB-21850,90045,19.44,9.33,OFF-PA-10000223,Los Angeles
4486,CA-2016-109365,2016-11-08,Standard Class,XP-21865,90049,19.44,9.33,OFF-PA-10000477,Los Angeles
5328,CA-2014-130813,2014-01-08,Second Class,LS-17230,90049,19.44,9.33,OFF-PA-10002005,Los Angeles
6018,CA-2014-102652,2014-04-12,Standard Class,AY-10555,90049,19.44,9.33,OFF-PA-10003309,Los Angeles
7361,CA-2016-163594,2016-04-14,First Class,JF-15295,90036,19.44,9.33,OFF-PA-10000809,Los Angeles
9014,CA-2017-143084,2017-03-22,Standard Class,BP-11050,90008,13.90,3.75,OFF-AR-10002766,Los Angeles
6927,CA-2016-140046,2016-08-03,Standard Class,KM-16660,90032,18.90,8.69,OFF-LA-10000305,Los Angeles
4481,CA-2016-109365,2016-11-08,Standard Class,XP-21865,90049,15.26,5.04,OFF-FA-10001561,Los Angeles
6888,CA-2017-120222,2017-05-02,Standard Class,LL-16840,90032,19.05,8.76,OFF-PA-10004675,Los Angeles
5771,CA-2015-103835,2015-09-28,Standard Class,SC-20440,90032,14.91,4.62,FUR-FU-10000010,Los Angeles
904,CA-2016-130477,2016-04-12,Standard Class,LC-17140,90032,20.04,9.62,OFF-PA-10002947,Los Angeles
6378,US-2016-116442,2016-12-22,Standard Class,BP-11230,90004,14.76,4.28,FUR-FU-10002364,Los Angeles
2062,CA-2014-106439,2014-11-04,Standard Class,GG-14650,90049,15.97,5.39,OFF-BI-10002571,Los Angeles
5048,CA-2016-158694,2016-11-13,Second Class,AI-10855,90036,14.70,3.97,OFF-AR-10001227,Los Angeles
2156,CA-2016-111115,2016-07-27,Second Class,LB-16735,90032,21.48,10.74,OFF-FA-10000624,Los Angeles
557,CA-2016-113243,2016-06-15,Standard Class,OT-18730,90045,20.70,9.94,OFF-LA-10001297,Los Angeles
9686,CA-2017-118668,2017-01-04,Second Class,FW-14395,90032,16.59,5.81,TEC-AC-10000682,Los Angeles
1173,CA-2014-158064,2014-04-25,Standard Class,AA-10375,90008,16.52,5.58,OFF-BI-10002976,Los Angeles
8480,US-2016-119270,2016-03-16,Standard Class,SW-20245,90036,19.98,8.99,OFF-PA-10004022,Los Angeles
3648,CA-2014-146528,2014-07-27,Second Class,VF-21715,90045,15.52,4.50,OFF-SU-10002522,Los Angeles
172,CA-2014-118962,2014-08-09,Standard Class,CS-12130,90004,20.94,9.84,OFF-PA-10000659,Los Angeles
1699,CA-2015-148376,2015-12-31,Standard Class,AG-10900,90008,21.56,10.35,OFF-LA-10002381,Los Angeles
6684,CA-2014-109134,2014-11-10,Standard Class,DE-13255,90008,20.04,8.82,FUR-FU-10000320,Los Angeles
1572,US-2014-157385,2014-11-25,First Class,SC-20095,90004,21.84,10.48,OFF-EN-10003160,Los Angeles
6005,CA-2017-107244,2017-09-11,Standard Class,AG-10390,90004,19.76,8.30,FUR-FU-10002597,Los Angeles
9120,US-2016-155971,2016-06-12,Standard Class,RB-19795,90036,22.05,10.58,OFF-LA-10000452,Los Angeles
6956,CA-2015-115420,2015-05-02,Standard Class,LS-16945,90004,21.34,9.82,OFF-EN-10003862,Los Angeles
2945,CA-2017-126242,2017-11-24,Standard Class,MC-18100,90049,18.70,7.11,FUR-FU-10002685,Los Angeles
7338,CA-2017-165155,2017-09-23,First Class,BM-11575,90045,15.51,3.88,OFF-ST-10004950,Los Angeles
2289,CA-2017-143343,2017-06-13,First Class,BW-11200,90032,16.40,4.76,OFF-AR-10002375,Los Angeles
6617,CA-2016-123512,2016-06-19,First Class,MV-18190,90045,22.50,10.80,OFF-LA-10000081,Los Angeles
6169,CA-2015-132815,2015-09-22,Second Class,RW-19540,90008,22.96,11.25,OFF-PA-10004530,Los Angeles
6862,CA-2017-128965,2017-04-22,Standard Class,PS-18760,90008,23.04,11.29,OFF-LA-10003190,Los Angeles
5897,CA-2014-168305,2014-11-08,Standard Class,PL-18925,90049,21.40,9.63,OFF-PA-10004947,Los Angeles
1193,CA-2017-117212,2017-02-28,Second Class,BT-11530,90036,23.12,11.33,OFF-PA-10000682,Los Angeles
3760,CA-2015-167745,2015-09-23,Standard Class,GB-14530,90049,16.90,5.07,OFF-SU-10004782,Los Angeles
6723,CA-2017-102974,2017-09-24,Standard Class,DP-13105,90032,16.74,4.85,OFF-AR-10004956,Los Angeles
2990,CA-2016-139010,2016-02-26,Second Class,MC-17635,90032,18.56,6.50,OFF-BI-10000174,Los Angeles
7440,US-2017-163657,2017-09-06,Standard Class,JL-15235,90049,18.72,6.55,OFF-BI-10000138,Los Angeles
2989,CA-2016-139010,2016-02-26,Second Class,MC-17635,90032,12.99,0.78,TEC-AC-10004227,Los Angeles
1609,US-2016-115819,2016-04-24,Second Class,JO-15280,90049,22.72,10.22,OFF-PA-10002377,Los Angeles
2616,CA-2014-147298,2014-05-03,Standard Class,AG-10300,90049,18.29,5.71,OFF-BI-10001525,Los Angeles
2959,CA-2015-158456,2015-12-29,Standard Class,KT-16465,90032,19.94,7.23,OFF-BI-10001097,Los Angeles
9,CA-2014-115812,2014-06-14,Standard Class,BH-11710,90032,18.50,5.78,OFF-BI-10003910,Los Angeles
4591,CA-2016-129868,2016-12-31,Standard Class,MC-18130,90004,17.76,4.97,OFF-SU-10000952,Los Angeles
9740,CA-2017-129294,2017-03-21,Standard Class,KD-16615,90032,19.68,6.89,OFF-BI-10001757,Los Angeles
4950,CA-2017-107125,2017-12-02,Standard Class,BD-11320,90045,18.84,6.03,FUR-FU-10000732,Los Angeles
9484,CA-2014-122679,2014-07-28,Standard Class,AB-10255,90008,19.68,6.49,OFF-AR-10004757,Los Angeles
2064,CA-2014-106439,2014-11-04,Standard Class,GG-14650,90049,19.30,6.03,OFF-BI-10004209,Los Angeles
6611,CA-2016-168921,2016-10-22,First Class,AG-10495,90049,19.30,6.03,OFF-BI-10004209,Los Angeles
9236,CA-2016-126732,2016-09-06,Standard Class,LR-16915,90036,18.69,5.23,OFF-AR-10004752,Los Angeles
9975,US-2016-103674,2016-12-10,Standard Class,AP-10720,90032,18.69,5.23,OFF-AR-10004752,Los Angeles
90,CA-2016-109806,2016-09-22,Standard Class,JS-15685,90036,20.10,6.63,OFF-AR-10004930,Los Angeles
5946,CA-2014-104178,2014-08-29,Standard Class,JM-15265,90036,25.92,12.44,OFF-PA-10004983,Los Angeles
7743,CA-2017-105326,2017-08-27,Standard Class,KT-16480,90036,25.92,12.44,OFF-PA-10001639,Los Angeles
5738,CA-2014-148614,2014-01-25,Standard Class,MV-17485,90049,19.30,5.79,FUR-FU-10003194,Los Angeles
4242,CA-2014-133704,2014-09-26,Standard Class,MA-17995,90004,20.23,6.58,OFF-BI-10001636,Los Angeles
4311,CA-2014-125829,2014-11-11,Standard Class,WB-21850,90045,21.94,8.23,OFF-BI-10001036,Los Angeles
8794,CA-2014-162992,2014-12-21,First Class,BP-11095,90008,22.55,8.79,OFF-FA-10004248,Los Angeles
9978,US-2016-103674,2016-12-10,Standard Class,AP-10720,90032,13.86,0.00,OFF-FA-10003467,Los Angeles
3761,CA-2015-167745,2015-09-23,Standard Class,GB-14530,90049,24.40,10.25,FUR-FU-10001591,Los Angeles
4196,CA-2016-124233,2016-04-14,Standard Class,CK-12595,90032,24.70,10.37,FUR-FU-10002597,Los Angeles
9709,CA-2016-161746,2016-10-27,Standard Class,CS-11950,90045,19.96,5.59,FUR-FU-10003731,Los Angeles
1071,CA-2015-144652,2015-11-26,Standard Class,SN-20560,90008,19.46,5.06,OFF-AR-10003732,Los Angeles
9611,CA-2016-130638,2016-05-19,Second Class,SC-20095,90045,27.72,13.31,OFF-LA-10002195,Los Angeles
7569,CA-2014-133830,2014-12-10,Standard Class,RL-19615,90045,26.46,11.91,OFF-AR-10003045,Los Angeles
5961,CA-2017-150602,2017-02-14,Second Class,ML-17395,90045,21.12,6.55,FUR-FU-10003142,Los Angeles
6858,CA-2017-128965,2017-04-22,Standard Class,PS-18760,90008,28.14,13.51,OFF-PA-10004911,Los Angeles
8502,CA-2015-102316,2015-03-03,Second Class,DH-13075,90045,15.98,1.20,TEC-PH-10000376,Los Angeles
485,CA-2017-140963,2017-06-13,First Class,MT-18070,90045,29.60,14.80,OFF-LA-10003923,Los Angeles
8896,CA-2016-167241,2016-08-22,Standard Class,BD-11320,90004,17.94,3.05,OFF-ST-10001505,Los Angeles
5020,CA-2014-127558,2014-11-18,First Class,SS-20410,90008,20.46,5.32,OFF-SU-10002537,Los Angeles
5068,CA-2017-160934,2017-01-19,Standard Class,TT-21460,90008,21.40,6.21,OFF-AR-10003504,Los Angeles
7197,CA-2014-116785,2014-04-30,Standard Class,MH-17290,90036,21.40,6.21,OFF-AR-10003504,Los Angeles
3424,CA-2016-134803,2016-06-03,Standard Class,CL-12565,90004,22.72,7.38,OFF-BI-10002215,Los Angeles
7183,CA-2017-150609,2017-05-04,Standard Class,NZ-18565,90032,23.24,7.55,OFF-BI-10002071,Los Angeles
4315,CA-2015-115945,2015-06-30,Standard Class,AB-10165,90045,20.96,5.24,OFF-AR-10004062,Los Angeles
9205,CA-2016-104689,2016-12-05,Standard Class,FH-14365,90004,23.04,6.91,OFF-AR-10001149,Los Angeles
64,CA-2015-135545,2015-11-30,Standard Class,KM-16720,90004,25.82,9.36,OFF-BI-10001078,Los Angeles
7967,CA-2015-138219,2015-03-30,Standard Class,BP-11095,90049,33.36,16.68,OFF-PA-10000380,Los Angeles
559,CA-2016-113243,2016-06-15,Standard Class,OT-18730,90045,32.40,15.55,OFF-PA-10003441,Los Angeles
1016,CA-2015-133025,2015-09-19,Second Class,MO-17800,90036,32.40,15.55,OFF-PA-10004100,Los Angeles
2889,CA-2017-102099,2017-12-19,First Class,EP-13915,90008,32.40,15.55,OFF-PA-10000289,Los Angeles
9216,CA-2016-152646,2016-11-26,Standard Class,TH-21235,90049,32.40,15.55,OFF-PA-10004451,Los Angeles
6722,CA-2017-102974,2017-09-24,Standard Class,DP-13105,90032,23.32,6.06,OFF-AR-10000914,Los Angeles
694,CA-2015-131534,2015-04-02,Standard Class,AB-10165,90036,33.40,16.03,OFF-PA-10000743,Los Angeles
6847,US-2016-159093,2016-05-14,Standard Class,RS-19420,90036,32.04,14.42,OFF-PA-10001260,Los Angeles
844,CA-2016-161669,2016-11-09,First Class,EM-14095,90036,26.98,8.77,OFF-BI-10001636,Los Angeles
3449,CA-2016-162614,2016-10-13,Standard Class,TB-21250,90049,27.26,8.86,OFF-BI-10004001,Los Angeles
4509,US-2014-138247,2014-12-29,Standard Class,BF-11170,90045,23.99,5.52,FUR-FU-10002554,Los Angeles
7395,CA-2017-147844,2017-05-06,Standard Class,DD-13570,90049,34.40,15.82,OFF-PA-10002713,Los Angeles
1337,US-2017-123281,2017-04-07,Standard Class,JF-15190,90008,25.11,6.53,FUR-FU-10003724,Los Angeles
5259,US-2017-115595,2017-10-11,First Class,XP-21865,90032,35.20,16.54,OFF-PA-10001745,Los Angeles
8811,CA-2017-120614,2017-06-04,Standard Class,SM-20950,90004,37.52,18.01,OFF-PA-10004911,Los Angeles
8898,CA-2016-167241,2016-08-22,Standard Class,BD-11320,90004,37.52,18.01,OFF-PA-10004911,Los Angeles
8135,CA-2015-121776,2015-02-21,Standard Class,RD-19585,90008,36.84,17.31,OFF-PA-10001970,Los Angeles
4806,CA-2015-137708,2015-11-25,Second Class,NG-18430,90008,37.94,18.21,OFF-PA-10000176,Los Angeles
5272,CA-2017-125913,2017-01-16,Same Day,JO-15145,90008,27.92,8.10,FUR-FU-10001487,Los Angeles
4497,CA-2017-112753,2017-06-23,Standard Class,CC-12670,90032,38.88,19.05,OFF-PA-10002036,Los Angeles
8175,CA-2014-114125,2014-07-13,Standard Class,GH-14410,90049,23.92,4.07,OFF-ST-10001505,Los Angeles
4508,US-2014-138247,2014-12-29,Standard Class,BF-11170,90045,20.34,0.20,OFF-ST-10002301,Los Angeles
6017,CA-2014-102652,2014-04-12,Standard Class,AY-10555,90049,33.11,12.91,FUR-FU-10001918,Los Angeles
1315,CA-2016-145919,2016-12-23,Standard Class,HG-14965,90032,38.88,18.66,OFF-PA-10003072,Los Angeles
6775,CA-2016-119018,2016-11-08,Standard Class,CW-11905,90004,38.88,18.66,OFF-PA-10000295,Los Angeles
7067,CA-2016-147473,2016-06-03,Standard Class,NL-18310,90049,38.88,18.66,OFF-PA-10004782,Los Angeles
2992,CA-2016-139010,2016-02-26,Second Class,MC-17635,90032,31.25,10.94,OFF-BI-10002309,Los Angeles
2083,CA-2017-104647,2017-02-28,Standard Class,CK-12595,90008,37.44,16.85,OFF-PA-10002870,Los Angeles
2332,CA-2016-155187,2016-09-26,Second Class,LA-16780,90004,41.70,20.85,OFF-PA-10000380,Los Angeles
5406,US-2016-143280,2016-02-26,Standard Class,TZ-21580,90045,36.24,15.22,TEC-AC-10003399,Los Angeles
9987,CA-2016-125794,2016-10-03,Standard Class,ML-17410,90008,36.24,15.22,TEC-AC-10003399,Los Angeles
7816,US-2017-109316,2017-06-10,First Class,MG-17680,90049,17.52,-3.50,TEC-PH-10000307,Los Angeles
8541,CA-2017-147354,2017-03-13,Standard Class,KB-16315,90008,30.84,9.64,OFF-BI-10003910,Los Angeles
8548,CA-2015-149566,2015-12-10,Standard Class,GB-14530,90049,39.00,17.55,TEC-AC-10001266,Los Angeles
7536,US-2017-160143,2017-04-07,Standard Class,HG-14965,90004,29.70,8.02,OFF-SU-10004231,Los Angeles
8100,CA-2016-169663,2016-03-13,First Class,RH-19510,90045,26.85,5.10,TEC-AC-10003038,Los Angeles
4308,CA-2016-161095,2016-06-28,Same Day,CS-12250,90032,33.57,11.75,OFF-BI-10001524,Los Angeles
5179,US-2015-120502,2015-04-19,Standard Class,BT-11395,90036,37.68,15.83,FUR-FU-10004973,Los Angeles
3148,CA-2014-109218,2014-07-03,Second Class,AR-10825,90004,32.40,10.37,OFF-AR-10001374,Los Angeles
5896,CA-2014-168305,2014-11-08,Standard Class,PL-18925,90049,44.40,22.20,OFF-LA-10003498,Los Angeles
5779,CA-2014-105270,2014-11-18,Standard Class,AP-10915,90008,30.48,7.92,OFF-AR-10003156,Los Angeles
4563,CA-2015-118871,2015-12-09,Second Class,HM-14860,90049,36.40,13.83,FUR-FU-10002111,Los Angeles
9955,CA-2015-141593,2015-12-16,Second Class,DB-12970,90045,34.25,11.56,OFF-BI-10000948,Los Angeles
9234,CA-2016-126732,2016-09-06,Standard Class,LR-16915,90036,23.67,0.95,OFF-ST-10000321,Los Angeles
1038,CA-2015-127418,2015-06-14,First Class,JJ-15445,90004,36.62,13.73,OFF-BI-10003707,Los Angeles
7363,CA-2016-163594,2016-04-14,First Class,JF-15295,90036,36.62,13.73,OFF-BI-10003707,Los Angeles
7468,CA-2017-148985,2017-11-15,Second Class,TB-21190,90045,34.92,11.87,FUR-FU-10001424,Los Angeles
4807,CA-2015-137708,2015-11-25,Second Class,NG-18430,90008,42.80,19.26,OFF-PA-10000327,Los Angeles
4808,CA-2015-137708,2015-11-25,Second Class,NG-18430,90008,33.63,10.09,OFF-ST-10004634,Los Angeles
1807,US-2016-116729,2016-12-28,First Class,GK-14620,90049,45.36,21.77,OFF-PA-10002005,Los Angeles
3557,CA-2017-118542,2017-12-05,Standard Class,CC-12550,90008,45.36,21.77,OFF-PA-10004735,Los Angeles
1573,US-2014-157385,2014-11-25,First Class,SC-20095,90004,29.99,6.30,TEC-AC-10003280,Los Angeles
9732,CA-2017-124261,2017-11-19,Standard Class,JE-15715,90049,34.24,9.93,OFF-AR-10003504,Los Angeles
2960,CA-2015-158456,2015-12-29,Standard Class,KT-16465,90032,45.92,21.58,OFF-FA-10004854,Los Angeles
3985,CA-2016-135265,2016-07-09,Second Class,CC-12370,90045,48.94,24.47,OFF-PA-10002923,Los Angeles
4179,CA-2016-148593,2016-06-18,Second Class,BD-11320,90045,46.35,21.78,OFF-PA-10001776,Los Angeles
5581,CA-2017-137498,2017-09-14,Second Class,LC-17050,90004,47.52,22.81,OFF-PA-10000143,Los Angeles
2241,CA-2016-146633,2016-11-17,Second Class,TG-21310,90049,38.14,13.35,OFF-BI-10002982,Los Angeles
4795,CA-2015-144722,2015-03-23,Standard Class,MF-18250,90036,43.13,18.11,FUR-FU-10001215,Los Angeles
8003,CA-2015-110870,2015-12-15,First Class,KD-16270,90032,25.76,0.52,OFF-SU-10001225,Los Angeles
843,CA-2016-161669,2016-11-09,First Class,EM-14095,90036,37.44,11.70,OFF-BI-10001294,Los Angeles
1489,CA-2015-140410,2015-11-07,Standard Class,CM-12655,90008,42.60,16.61,FUR-FU-10003347,Los Angeles
7570,CA-2014-133830,2014-12-10,Standard Class,RL-19615,90045,49.12,23.09,OFF-PA-10001363,Los Angeles
6871,US-2016-126452,2016-08-28,Standard Class,SC-20230,90004,47.52,21.38,OFF-PA-10002606,Los Angeles
9651,CA-2016-107104,2016-11-30,Standard Class,MS-17365,90045,37.17,10.41,OFF-AR-10004269,Los Angeles
1605,US-2016-115819,2016-04-24,Second Class,JO-15280,90049,39.96,12.99,TEC-PH-10004700,Los Angeles
8058,CA-2015-121188,2015-09-04,Standard Class,CB-12025,90049,41.36,13.96,OFF-BI-10001617,Los Angeles
5398,CA-2016-145492,2016-11-27,Standard Class,MC-17605,90004,39.00,11.31,OFF-AP-10003622,Los Angeles
8174,CA-2014-114125,2014-07-13,Standard Class,GH-14410,90049,41.90,14.14,OFF-BI-10003291,Los Angeles
4483,CA-2016-109365,2016-11-08,Standard Class,XP-21865,90049,43.58,15.80,OFF-BI-10003981,Los Angeles
8059,CA-2015-121188,2015-09-04,Standard Class,CB-12025,90049,43.18,15.11,TEC-PH-10003589,Los Angeles
7462,US-2015-136987,2015-04-14,Second Class,AR-10540,90004,52.76,24.27,OFF-PA-10003127,Los Angeles
2249,CA-2015-116092,2015-02-18,Second Class,JM-16195,90004,41.72,13.04,OFF-BI-10001628,Los Angeles
6019,CA-2014-102652,2014-04-12,Standard Class,AY-10555,90049,55.48,26.63,OFF-PA-10001977,Los Angeles
5000,CA-2016-129238,2016-02-04,Standard Class,SC-20050,90045,56.70,27.78,OFF-PA-10002764,Los Angeles
4482,CA-2016-109365,2016-11-08,Standard Class,XP-21865,90049,43.32,14.30,OFF-AP-10002998,Los Angeles
8613,CA-2016-146437,2016-01-31,Second Class,HG-14965,90036,39.68,10.32,OFF-AR-10000588,Los Angeles
3971,CA-2014-135090,2014-11-26,Standard Class,SP-20920,90036,53.82,24.22,OFF-PA-10002245,Los Angeles
3129,CA-2014-136399,2014-12-17,First Class,CC-12100,90049,44.46,14.67,FUR-FU-10004090,Los Angeles
1503,CA-2016-100468,2016-11-30,Standard Class,AT-10435,90045,33.52,3.35,TEC-PH-10001300,Los Angeles
761,CA-2015-112319,2015-09-05,Standard Class,AR-10510,90004,58.32,27.99,OFF-PA-10003441,Los Angeles
9231,CA-2017-133718,2017-07-26,First Class,TB-21520,90045,58.32,27.99,OFF-PA-10002689,Los Angeles
5147,CA-2017-161333,2017-02-07,Standard Class,JL-15835,90045,46.80,16.38,OFF-AP-10000252,Los Angeles
6222,US-2017-157224,2017-09-18,Second Class,JB-16000,90045,56.70,26.08,OFF-LA-10000121,Los Angeles
7245,US-2017-151127,2017-05-25,First Class,RL-19615,90049,49.56,18.83,OFF-AR-10002445,Los Angeles
6337,CA-2016-165995,2016-09-06,Standard Class,BG-11740,90008,47.04,15.99,FUR-FU-10000672,Los Angeles
9847,CA-2017-169327,2017-09-04,Second Class,MH-17290,90008,43.10,11.21,OFF-AP-10001492,Los Angeles
4241,CA-2014-133704,2014-09-26,Standard Class,MA-17995,90004,43.92,11.86,OFF-AP-10001366,Los Angeles
6672,CA-2014-154837,2014-08-27,Second Class,RB-19645,90032,49.57,17.35,OFF-BI-10001575,Los Angeles
6850,CA-2014-101462,2014-04-25,Standard Class,BP-11230,90045,59.92,27.56,FUR-FU-10000409,Los Angeles
5045,CA-2016-158694,2016-11-13,Second Class,AI-10855,90036,61.40,28.86,OFF-PA-10001363,Los Angeles
3964,CA-2017-134838,2017-02-20,First Class,ED-13885,90045,44.67,12.06,FUR-FU-10004018,Los Angeles
9454,CA-2015-129546,2015-10-05,Standard Class,RP-19855,90032,47.19,13.69,OFF-SU-10004884,Los Angeles
4721,CA-2015-142601,2015-04-20,Second Class,DE-13255,90004,61.96,27.88,OFF-PA-10000483,Los Angeles
5507,US-2016-162026,2016-10-08,Same Day,JE-15745,90036,61.96,27.88,OFF-PA-10000167,Los Angeles
6954,CA-2015-129917,2015-10-03,First Class,HM-14980,90008,53.57,19.42,OFF-BI-10004828,Los Angeles
2063,CA-2014-106439,2014-11-04,Standard Class,GG-14650,90049,64.74,30.43,OFF-PA-10000477,Los Angeles
9953,CA-2015-141593,2015-12-16,Second Class,DB-12970,90045,55.26,20.72,OFF-BI-10001153,Los Angeles
6,CA-2014-115812,2014-06-14,Standard Class,BH-11710,90032,48.86,14.17,FUR-FU-10001487,Los Angeles
3644,CA-2014-156594,2014-12-23,Second Class,MC-17845,90008,47.30,12.30,OFF-AR-10001725,Los Angeles
4639,CA-2017-168228,2017-04-29,First Class,AP-10915,90045,47.30,12.30,OFF-AR-10001725,Los Angeles
5042,CA-2016-158694,2016-11-13,Second Class,AI-10855,90036,67.71,32.50,OFF-PA-10002421,Los Angeles
5947,CA-2014-104178,2014-08-29,Standard Class,JM-15265,90036,48.84,13.19,OFF-ST-10004258,Los Angeles
2669,US-2015-139759,2015-08-30,Standard Class,NL-18310,90045,40.78,4.59,FUR-CH-10002774,Los Angeles
6125,CA-2017-145772,2017-06-07,Standard Class,SS-20140,90036,44.75,8.50,TEC-AC-10003038,Los Angeles
6009,CA-2015-135580,2016-01-03,Standard Class,CL-12565,90049,68.52,31.52,OFF-PA-10000595,Los Angeles
7294,CA-2016-113656,2016-01-29,Standard Class,CB-12415,90036,59.99,21.60,FUR-FU-10000719,Los Angeles
4596,CA-2016-129868,2016-12-31,Standard Class,MC-18130,90004,53.97,15.11,OFF-AR-10001897,Los Angeles
2614,CA-2016-137204,2016-05-05,Standard Class,BO-11350,90045,41.57,2.60,FUR-CH-10002304,Los Angeles
2331,CA-2016-155187,2016-09-26,Second Class,LA-16780,90004,41.96,2.94,OFF-ST-10000642,Los Angeles
525,US-2016-139486,2016-05-23,First Class,LH-17155,90032,66.26,27.17,TEC-AC-10003832,Los Angeles
9376,CA-2015-126347,2015-12-19,Second Class,AJ-10945,90045,50.00,10.50,TEC-AC-10003063,Los Angeles
4858,CA-2015-137526,2015-01-17,Standard Class,PB-19150,90004,77.60,38.02,FUR-FU-10001861,Los Angeles
4711,CA-2017-138149,2017-06-30,First Class,WB-21850,90049,62.31,22.43,TEC-AC-10001284,Los Angeles
9885,CA-2014-112291,2014-04-08,Standard Class,KE-16420,90008,62.31,22.43,TEC-AC-10001284,Los Angeles
6868,US-2016-126452,2016-08-28,Standard Class,SC-20230,90004,31.98,-8.00,TEC-PH-10003187,Los Angeles
6361,CA-2015-115693,2015-12-15,Standard Class,FC-14245,90032,56.30,15.76,OFF-AR-10003582,Los Angeles
8840,CA-2014-153808,2014-04-10,Second Class,FH-14275,90004,65.57,23.77,OFF-BI-10002794,Los Angeles
5218,CA-2017-134635,2017-04-17,Second Class,NS-18640,90049,79.14,36.40,OFF-PA-10002254,Los Angeles
6467,CA-2017-153080,2017-05-25,Second Class,EH-13945,90008,68.46,25.33,TEC-AC-10002331,Los Angeles
2191,CA-2016-118913,2016-06-29,Standard Class,AS-10240,90049,60.81,17.03,OFF-AP-10000692,Los Angeles
7394,CA-2017-147844,2017-05-06,Standard Class,DD-13570,90049,59.52,15.48,OFF-AR-10001615,Los Angeles
8342,CA-2017-141481,2017-06-14,First Class,ZD-21925,90036,61.44,16.59,OFF-AP-10004532,Los Angeles
9043,CA-2015-168760,2015-09-26,Second Class,MM-18280,90049,61.44,16.59,OFF-AP-10004532,Los Angeles
9455,CA-2015-129546,2015-10-05,Standard Class,RP-19855,90032,36.78,-8.28,TEC-PH-10003555,Los Angeles
1146,CA-2014-146969,2014-10-03,Standard Class,AP-10915,90045,62.18,16.79,OFF-ST-10004340,Los Angeles
9652,CA-2016-107104,2016-11-30,Standard Class,MS-17365,90045,64.96,19.49,OFF-AP-10000055,Los Angeles
4857,CA-2015-137526,2015-01-17,Standard Class,PB-19150,90004,70.01,24.50,OFF-BI-10003364,Los Angeles
533,US-2017-129441,2017-09-11,Standard Class,JC-15340,90032,47.94,2.40,FUR-FU-10000448,Los Angeles
6889,CA-2017-120222,2017-05-02,Standard Class,LL-16840,90032,73.34,27.50,OFF-BI-10000666,Los Angeles
5181,US-2015-120502,2015-04-19,Standard Class,BT-11395,90036,75.84,29.58,OFF-AP-10004980,Los Angeles
2476,CA-2016-114972,2016-11-06,First Class,PF-19225,90032,87.71,41.22,OFF-LA-10004545,Los Angeles
8136,CA-2015-121776,2015-02-21,Standard Class,RD-19585,90008,87.71,41.22,OFF-LA-10002762,Los Angeles
2350,CA-2017-109701,2017-12-03,Same Day,AM-10360,90032,69.46,22.57,OFF-BI-10000632,Los Angeles
7004,CA-2014-133158,2014-08-21,Second Class,DW-13195,90045,69.46,22.57,OFF-BI-10000632,Los Angeles
6294,CA-2015-151253,2015-04-26,Standard Class,AZ-10750,90008,64.14,16.68,OFF-AR-10004691,Los Angeles
9739,CA-2017-129294,2017-03-21,Standard Class,KD-16615,90032,70.46,22.90,OFF-BI-10004236,Los Angeles
5781,US-2015-159513,2015-04-09,Standard Class,JD-15790,90049,71.98,24.29,TEC-MA-10003329,Los Angeles
2492,CA-2014-113579,2014-12-15,Second Class,KD-16345,90049,90.24,41.51,OFF-PA-10001457,Los Angeles
9326,CA-2017-121853,2017-09-29,Standard Class,DB-13660,90036,72.96,23.71,OFF-BI-10000977,Los Angeles
4961,CA-2016-166226,2016-11-22,Standard Class,TC-21535,90008,67.84,18.32,OFF-AP-10002867,Los Angeles
4506,US-2014-138247,2014-12-29,Standard Class,BF-11170,90045,62.85,13.20,TEC-AC-10004708,Los Angeles
581,CA-2015-132906,2015-09-14,Standard Class,CC-12145,90004,51.52,1.55,OFF-SU-10004498,Los Angeles
3632,CA-2017-132178,2017-05-08,Second Class,DB-12970,90004,69.52,19.47,OFF-ST-10000464,Los Angeles
9058,CA-2015-149097,2015-10-24,Standard Class,SV-20785,90045,74.76,23.92,FUR-FU-10003424,Los Angeles
755,CA-2015-135272,2015-12-12,Standard Class,MS-17830,90036,79.92,28.77,FUR-FU-10002759,Los Angeles
5001,CA-2017-159688,2017-05-12,Standard Class,AB-10060,90004,79.99,28.80,TEC-AC-10000736,Los Angeles
5838,CA-2017-133207,2017-12-03,Standard Class,DO-13645,90036,57.57,5.76,TEC-PH-10004100,Los Angeles
1607,US-2016-115819,2016-04-24,Second Class,JO-15280,90049,73.20,21.23,OFF-AR-10004456,Los Angeles
1488,CA-2015-140410,2015-11-07,Standard Class,CM-12655,90008,89.97,37.79,TEC-AC-10001109,Los Angeles
1613,CA-2014-156349,2014-05-30,Standard Class,ML-17395,90008,83.98,31.49,TEC-PH-10002726,Los Angeles
8839,CA-2014-153808,2014-04-10,Second Class,FH-14275,90004,70.95,18.45,OFF-AR-10001725,Los Angeles
9121,US-2016-155971,2016-06-12,Standard Class,RB-19795,90036,99.90,46.95,OFF-PA-10000210,Los Angeles
2407,CA-2017-108574,2017-10-11,Standard Class,MG-18145,90045,79.92,26.97,TEC-PH-10000702,Los Angeles
4297,CA-2017-117261,2017-09-10,Standard Class,TH-21235,90032,54.32,0.54,OFF-ST-10000419,Los Angeles
2475,CA-2016-114972,2016-11-06,First Class,PF-19225,90032,82.95,29.03,TEC-AC-10000682,Los Angeles
4960,CA-2016-166226,2016-11-22,Standard Class,TC-21535,90008,61.19,6.12,TEC-PH-10003357,Los Angeles
9453,CA-2015-129546,2015-10-05,Standard Class,RP-19855,90032,81.79,26.58,OFF-BI-10004001,Los Angeles
4621,CA-2017-145219,2017-12-25,First Class,RM-19675,90049,90.48,33.93,OFF-BI-10001670,Los Angeles
5145,CA-2017-161333,2017-02-07,Standard Class,JL-15835,90045,86.26,29.33,FUR-FU-10003039,Los Angeles
8404,CA-2016-154067,2016-02-07,Standard Class,SM-20950,90036,105.52,48.54,OFF-PA-10002254,Los Angeles
2352,CA-2017-109701,2017-12-03,Same Day,AM-10360,90032,79.47,22.25,OFF-AP-10002765,Los Angeles
66,CA-2015-135545,2015-11-30,Standard Class,KM-16720,90004,79.76,22.33,FUR-FU-10000397,Los Angeles
4245,CA-2014-138436,2014-03-30,Standard Class,JD-15895,90036,66.30,8.62,TEC-AC-10002323,Los Angeles
173,CA-2014-118962,2014-08-09,Standard Class,CS-12130,90004,110.96,53.26,OFF-PA-10001144,Los Angeles
1911,CA-2016-105963,2016-11-22,Standard Class,SC-20770,90008,99.39,40.75,TEC-AC-10003832,Los Angeles
4484,CA-2016-109365,2016-11-08,Standard Class,XP-21865,90049,116.28,56.98,OFF-PA-10001725,Los Angeles
2061,CA-2014-106439,2014-11-04,Standard Class,GG-14650,90049,80.30,20.88,OFF-ST-10003996,Los Angeles
1189,CA-2017-117212,2017-02-28,Second Class,BT-11530,90036,81.92,22.12,OFF-AP-10004532,Los Angeles
4339,CA-2015-125234,2015-11-30,Standard Class,SN-20710,90049,113.82,53.50,OFF-PA-10000482,Los Angeles
5427,CA-2016-153598,2016-12-06,First Class,NM-18520,90045,111.90,51.47,FUR-FU-10001085,Los Angeles
6010,CA-2015-135580,2016-01-03,Standard Class,CL-12565,90049,74.94,14.24,OFF-ST-10000798,Los Angeles
4316,CA-2015-115945,2015-06-30,Standard Class,AB-10165,90045,88.75,27.73,OFF-BI-10004330,Los Angeles
8940,CA-2015-134117,2015-12-19,Second Class,PG-18895,90008,92.96,31.37,OFF-BI-10002026,Los Angeles
4120,CA-2015-153416,2015-11-29,Standard Class,TS-21340,90036,91.39,29.70,OFF-BI-10002706,Los Angeles
905,CA-2016-130477,2016-04-12,Standard Class,LC-17140,90032,64.96,2.60,OFF-ST-10002583,Los Angeles
5389,CA-2017-164707,2017-02-21,Second Class,CV-12805,90045,109.53,47.10,TEC-AC-10004864,Los Angeles
1569,US-2017-152002,2017-06-11,Same Day,DV-13465,90004,122.97,60.26,OFF-PA-10000357,Los Angeles
9233,CA-2016-126732,2016-09-06,Standard Class,LR-16915,90036,94.68,31.24,FUR-FU-10001889,Los Angeles
7467,CA-2016-138282,2016-05-23,Standard Class,AH-10690,90008,87.84,23.72,OFF-AP-10001366,Los Angeles
9122,CA-2017-122007,2017-03-20,Second Class,JK-15325,90032,90.86,26.35,OFF-AP-10000358,Los Angeles
5945,CA-2014-104178,2014-08-29,Standard Class,JM-15265,90036,95.10,30.43,TEC-AC-10002399,Los Angeles
7620,CA-2017-151225,2017-10-29,First Class,JM-15655,90032,71.96,7.20,TEC-PH-10004100,Los Angeles
91,CA-2016-109806,2016-09-22,Standard Class,JS-15685,90036,73.58,8.28,TEC-PH-10004093,Los Angeles
218,CA-2016-130162,2016-10-31,Standard Class,JH-15910,90032,93.06,26.06,OFF-ST-10001328,Los Angeles
524,US-2016-139486,2016-05-23,First Class,LH-17155,90032,55.18,-12.41,TEC-PH-10003555,Los Angeles
5964,CA-2014-140732,2014-11-13,Second Class,MA-17560,90004,123.92,55.76,OFF-PA-10003625,Los Angeles
5381,CA-2016-136021,2016-08-18,Standard Class,JM-15580,90045,105.55,35.62,TEC-MA-10000423,Los Angeles
4136,CA-2017-105914,2017-10-08,Standard Class,PV-18985,90036,112.12,42.05,OFF-BI-10002854,Los Angeles
9747,CA-2017-137505,2017-11-24,Same Day,BP-11290,90008,71.09,-1.78,FUR-TA-10001676,Los Angeles
9938,CA-2016-164889,2016-06-06,Second Class,CP-12340,90049,71.09,-1.78,FUR-TA-10001676,Los Angeles
7663,US-2017-141509,2017-09-30,First Class,SC-20575,90036,99.20,25.79,OFF-AR-10002067,Los Angeles
721,CA-2016-112942,2016-02-18,Standard Class,RD-19810,90045,146.82,73.41,OFF-PA-10004092,Los Angeles
7491,CA-2015-108672,2015-09-16,Standard Class,FA-14230,90032,106.68,33.07,FUR-FU-10003799,Los Angeles
43,CA-2016-101343,2016-07-22,Standard Class,RA-19885,90049,77.88,3.89,OFF-ST-10003479,Los Angeles
3405,CA-2015-152527,2015-10-17,Same Day,CM-12190,90004,77.88,3.89,OFF-ST-10003479,Los Angeles
9252,CA-2017-155712,2017-03-08,Standard Class,KD-16615,90008,107.65,33.64,OFF-BI-10004224,Los Angeles
8104,CA-2015-149846,2015-05-26,Standard Class,SB-20185,90045,104.79,29.34,OFF-ST-10002406,Los Angeles
5895,CA-2017-100825,2017-09-14,Standard Class,KD-16495,90036,99.87,23.97,OFF-ST-10003123,Los Angeles
7088,US-2017-143175,2017-08-06,Second Class,GA-14515,90004,99.87,23.97,OFF-ST-10003123,Los Angeles
1698,CA-2015-148376,2015-12-31,Standard Class,AG-10900,90008,106.96,31.02,OFF-AP-10000240,Los Angeles
7657,US-2014-120740,2014-04-15,Same Day,PS-18970,90049,106.96,31.02,OFF-AP-10000240,Los Angeles
2670,US-2015-139759,2015-08-30,Standard Class,NL-18310,90045,105.96,29.67,OFF-AP-10002765,Los Angeles
6016,CA-2014-102652,2014-04-12,Standard Class,AY-10555,90049,91.96,15.63,FUR-FU-10000747,Los Angeles
4949,CA-2017-107125,2017-12-02,Standard Class,BD-11320,90045,117.49,41.12,OFF-BI-10001989,Los Angeles
1450,CA-2015-145821,2015-05-07,Standard Class,JB-15400,90008,88.75,11.09,TEC-PH-10004348,Los Angeles
4411,US-2014-154879,2014-05-11,Standard Class,SN-20710,90004,107.94,30.22,OFF-AR-10001897,Los Angeles
65,CA-2015-135545,2015-11-30,Standard Class,KM-16720,90004,146.73,68.96,OFF-PA-10003892,Los Angeles
27,CA-2016-121755,2016-01-20,Second Class,EH-13945,90049,90.57,11.77,TEC-AC-10003027,Los Angeles
5624,CA-2016-121748,2016-10-28,Second Class,VW-21775,90032,100.00,21.00,TEC-AC-10003063,Los Angeles
10,CA-2014-115812,2014-06-14,Standard Class,BH-11710,90032,114.90,34.47,OFF-AP-10002892,Los Angeles
6293,CA-2015-151253,2015-04-26,Standard Class,AZ-10750,90008,88.78,7.77,TEC-PH-10002923,Los Angeles
2838,CA-2017-110842,2017-11-16,Standard Class,GA-14725,90036,121.60,39.52,OFF-BI-10000977,Los Angeles
7250,CA-2015-158491,2015-06-09,Second Class,BP-11155,90008,119.98,35.99,TEC-AC-10001874,Los Angeles
6980,CA-2017-149076,2017-01-19,Standard Class,SO-20335,90036,154.90,69.70,OFF-PA-10000483,Los Angeles
4338,CA-2015-125234,2015-11-30,Standard Class,SN-20710,90049,107.97,22.67,TEC-AC-10000158,Los Angeles
9741,CA-2017-129294,2017-03-21,Standard Class,KD-16615,90032,140.67,54.86,OFF-AP-10001154,Los Angeles
3074,CA-2016-125206,2016-01-05,First Class,LR-16915,90045,114.46,28.61,OFF-ST-10003692,Los Angeles
5225,US-2017-109582,2017-09-17,Second Class,JM-15865,90036,166.44,79.89,OFF-PA-10004071,Los Angeles
6153,CA-2017-139437,2017-07-08,Standard Class,RD-19585,90004,87.92,0.88,OFF-ST-10002485,Los Angeles
7158,CA-2016-131380,2016-03-31,Second Class,CC-12220,90032,87.92,0.88,OFF-ST-10002485,Los Angeles
1335,CA-2014-121664,2014-05-10,Standard Class,HP-14815,90049,140.74,52.78,OFF-BI-10003684,Los Angeles
478,CA-2016-103891,2016-07-19,Standard Class,KH-16690,90008,95.76,7.18,TEC-PH-10000149,Los Angeles
9521,CA-2016-101189,2016-02-09,Standard Class,JB-15400,90049,93.02,3.72,OFF-ST-10004180,Los Angeles
4637,CA-2017-168228,2017-04-29,First Class,AP-10915,90045,123.92,33.46,OFF-AR-10003373,Los Angeles
129,US-2016-125969,2016-11-10,Second Class,LS-16975,90004,81.42,-9.16,FUR-CH-10001146,Los Angeles
5043,CA-2016-158694,2016-11-13,Second Class,AI-10855,90036,129.92,38.98,OFF-AP-10000055,Los Angeles
4709,CA-2017-138149,2017-06-30,First Class,WB-21850,90049,130.71,39.21,OFF-ST-10002974,Los Angeles
1909,CA-2015-157959,2015-02-04,First Class,RW-19540,90008,136.92,41.08,FUR-FU-10004093,Los Angeles
9666,CA-2017-157448,2017-11-20,Standard Class,LC-16885,90049,119.94,23.99,FUR-FU-10003268,Los Angeles
8709,CA-2014-119144,2014-11-18,First Class,JD-16150,90008,79.97,-17.99,TEC-PH-10004188,Los Angeles
3422,CA-2016-134803,2016-06-03,Standard Class,CL-12565,90004,182.72,84.05,OFF-PA-10003790,Los Angeles
4451,CA-2015-121965,2015-06-23,Standard Class,LH-17155,90032,186.69,87.74,OFF-EN-10000056,Los Angeles
5146,CA-2017-161333,2017-02-07,Standard Class,JL-15835,90045,139.04,38.93,OFF-ST-10000464,Los Angeles
8880,US-2015-107944,2015-03-25,First Class,AM-10360,90008,192.72,92.51,OFF-PA-10000659,Los Angeles
6913,US-2017-128398,2017-05-05,Second Class,EM-13825,90049,159.56,59.04,TEC-AC-10001714,Los Angeles
4999,CA-2016-129238,2016-02-04,Standard Class,SC-20050,90045,109.59,8.22,TEC-PH-10004120,Los Angeles
5780,CA-2014-105270,2014-11-18,Standard Class,AP-10915,90008,112.65,11.26,FUR-CH-10000988,Los Angeles
1267,US-2014-167738,2014-12-29,Standard Class,JC-16105,90045,142.86,41.43,OFF-ST-10003306,Los Angeles
9849,CA-2017-169327,2017-09-04,Second Class,MH-17290,90008,147.92,46.23,OFF-BI-10004330,Los Angeles
6075,CA-2017-121398,2017-12-29,Standard Class,FH-14365,90008,153.55,51.82,OFF-BI-10001718,Los Angeles
4562,CA-2015-118871,2015-12-09,Second Class,HM-14860,90049,110.35,8.28,TEC-PH-10000193,Los Angeles
3075,CA-2015-126137,2015-10-08,Standard Class,BS-11755,90032,120.67,18.45,FUR-BO-10004409,Los Angeles
9886,CA-2014-112291,2014-04-08,Standard Class,KE-16420,90008,159.98,57.59,TEC-AC-10000736,Los Angeles
3847,CA-2014-101931,2014-10-31,First Class,TS-21370,90049,141.40,38.18,OFF-ST-10003442,Los Angeles
3712,CA-2017-113670,2017-10-17,First Class,RS-19765,90045,204.95,100.43,OFF-PA-10000675,Los Angeles
8118,US-2017-113201,2017-07-05,Standard Class,TT-21220,90045,204.95,100.43,OFF-PA-10000675,Los Angeles
3646,CA-2014-156594,2014-12-23,Second Class,MC-17845,90008,155.12,50.41,OFF-BI-10003007,Los Angeles
8116,CA-2017-101014,2017-09-04,Standard Class,RW-19540,90049,148.02,41.45,FUR-FU-10003374,Los Angeles
2276,CA-2014-157882,2014-10-08,Second Class,AR-10405,90036,122.35,13.76,FUR-CH-10002774,Los Angeles
7719,US-2017-146213,2017-09-14,Standard Class,MC-17605,90032,159.96,51.19,TEC-AC-10001114,Los Angeles
7658,US-2014-120740,2014-04-15,Same Day,PS-18970,90049,187.76,76.98,FUR-FU-10004091,Los Angeles
9141,CA-2017-123029,2017-10-02,Second Class,BT-11530,90049,159.98,47.99,TEC-AC-10002402,Los Angeles
6618,CA-2016-123512,2016-06-19,First Class,MV-18190,90045,219.84,107.72,OFF-PA-10001497,Los Angeles
7090,CA-2017-118864,2017-06-19,Second Class,KH-16690,90032,119.96,7.50,TEC-PH-10001809,Los Angeles
6866,US-2016-126452,2016-08-28,Standard Class,SC-20230,90004,91.96,-20.69,TEC-PH-10003555,Los Angeles
3791,CA-2014-107139,2014-07-11,Standard Class,DP-13390,90004,180.96,67.86,OFF-BI-10001670,Los Angeles
9324,CA-2017-121853,2017-09-29,Standard Class,DB-13660,90036,211.04,97.08,OFF-PA-10003641,Los Angeles
1192,CA-2017-117212,2017-02-28,Second Class,BT-11530,90036,223.92,109.72,OFF-PA-10001970,Los Angeles
6721,CA-2017-102974,2017-09-24,Standard Class,DP-13105,90032,149.95,31.49,TEC-AC-10000057,Los Angeles
8938,CA-2015-134117,2015-12-19,Second Class,PG-18895,90008,135.98,17.00,TEC-PH-10004908,Los Angeles
4293,CA-2017-102407,2017-12-13,Second Class,AT-10435,90004,189.00,68.04,OFF-AP-10001394,Los Angeles
5245,CA-2016-156265,2016-08-04,Second Class,BF-11020,90032,136.46,15.35,FUR-TA-10001691,Los Angeles
1316,CA-2016-145919,2016-12-23,Standard Class,HG-14965,90032,183.84,62.51,FUR-FU-10004960,Los Angeles
3423,CA-2016-134803,2016-06-03,Standard Class,CL-12565,90004,131.60,7.90,TEC-AC-10002217,Los Angeles
6823,US-2017-115609,2017-11-07,Standard Class,CS-12505,90036,168.10,43.71,OFF-AP-10003040,Los Angeles
8588,CA-2017-162015,2017-07-18,Standard Class,KB-16240,90049,168.10,43.71,OFF-AP-10003040,Los Angeles
9765,CA-2014-123855,2014-06-23,Standard Class,MC-18100,90036,139.80,12.23,TEC-PH-10000215,Los Angeles
9452,CA-2015-129546,2015-10-05,Standard Class,RP-19855,90032,186.15,55.84,OFF-AP-10002495,Los Angeles
6743,US-2017-101784,2017-07-11,Standard Class,PO-18850,90008,122.14,-13.74,FUR-CH-10001146,Los Angeles
2275,CA-2014-157882,2014-10-08,Second Class,AR-10405,90036,143.43,3.59,FUR-TA-10001866,Los Angeles
693,CA-2015-131534,2015-04-02,Standard Class,AB-10165,90036,166.24,24.94,TEC-AC-10002253,Los Angeles
2709,CA-2015-121797,2015-02-06,Standard Class,CC-12145,90049,227.36,81.85,FUR-FU-10001876,Los Angeles
1360,US-2014-151925,2014-09-30,Second Class,KT-16465,90049,145.57,0.00,FUR-CH-10002961,Los Angeles
7504,US-2017-120147,2017-03-30,Same Day,TB-21400,90036,164.79,18.54,TEC-PH-10002447,Los Angeles
6134,CA-2016-148096,2016-08-19,First Class,AO-10810,90045,161.28,12.10,FUR-TA-10004152,Los Angeles
4561,CA-2015-118871,2015-12-09,Second Class,HM-14860,90049,271.44,122.15,OFF-EN-10003296,Los Angeles
6012,CA-2015-135580,2016-01-03,Standard Class,CL-12565,90049,271.44,122.15,OFF-EN-10003296,Los Angeles
1659,CA-2017-161809,2017-01-26,Standard Class,TH-21100,90045,160.78,10.05,TEC-PH-10004922,Los Angeles
6553,CA-2017-161578,2017-12-21,Second Class,RB-19465,90036,158.90,7.95,OFF-ST-10002289,Los Angeles
1142,CA-2014-146969,2014-10-03,Standard Class,AP-10915,90045,204.60,53.20,FUR-FU-10004188,Los Angeles
8937,CA-2015-134117,2015-12-19,Second Class,PG-18895,90008,204.85,53.26,OFF-AR-10003903,Los Angeles
4593,CA-2016-129868,2016-12-31,Standard Class,MC-18130,90004,146.35,-5.49,FUR-CH-10003535,Los Angeles
3620,CA-2017-141929,2017-09-08,Standard Class,RA-19285,90004,217.85,65.36,OFF-ST-10002974,Los Angeles
8881,US-2015-107944,2015-03-25,First Class,AM-10360,90008,239.97,86.39,TEC-AC-10000736,Los Angeles
187,CA-2014-123260,2014-08-30,Standard Class,FM-14290,90032,176.80,22.98,TEC-AC-10002323,Los Angeles
8897,CA-2016-167241,2016-08-22,Standard Class,BD-11320,90004,165.60,10.35,TEC-PH-10004614,Los Angeles
2066,CA-2014-106439,2014-11-04,Standard Class,GG-14650,90049,146.35,-9.15,FUR-CH-10003833,Los Angeles
7409,CA-2016-129728,2016-06-06,Standard Class,JG-15310,90032,167.84,11.75,FUR-FU-10003247,Los Angeles
4504,US-2014-138247,2014-12-29,Standard Class,BF-11170,90045,173.66,17.37,TEC-PH-10000213,Los Angeles
5388,CA-2017-164707,2017-02-21,Second Class,CV-12805,90045,167.98,10.50,TEC-PH-10001924,Los Angeles
1927,US-2016-139710,2016-06-15,Standard Class,GM-14680,90045,177.48,19.97,TEC-PH-10001198,Los Angeles
2406,CA-2017-108574,2017-10-11,Standard Class,MG-18145,90045,128.74,-28.97,TEC-PH-10003555,Los Angeles
6284,CA-2016-100944,2016-09-28,Standard Class,EH-13765,90049,304.90,143.30,OFF-EN-10001453,Los Angeles
6867,US-2016-126452,2016-08-28,Standard Class,SC-20230,90004,254.97,91.79,TEC-AC-10000844,Los Angeles
4487,CA-2016-109365,2016-11-08,Standard Class,XP-21865,90049,314.55,150.98,OFF-PA-10004359,Los Angeles
8841,CA-2014-153808,2014-04-10,Second Class,FH-14275,90004,299.97,131.99,TEC-AC-10004171,Los Angeles
8002,CA-2015-110870,2015-12-15,First Class,KD-16270,90032,299.94,128.97,TEC-AC-10002926,Los Angeles
5436,CA-2015-160171,2015-10-24,Standard Class,RM-19675,90008,270.00,97.20,TEC-AC-10000892,Los Angeles
8647,CA-2016-113341,2016-11-29,Standard Class,MH-17455,90032,194.35,19.44,FUR-CH-10004698,Los Angeles
1159,CA-2016-149314,2016-07-07,Second Class,GB-14530,90004,195.18,19.52,FUR-CH-10002126,Los Angeles
7715,CA-2014-150203,2014-12-07,First Class,JB-15925,90032,250.26,72.58,OFF-AP-10001469,Los Angeles
4510,CA-2017-167003,2017-05-29,Standard Class,VS-21820,90036,171.29,-6.42,FUR-TA-10001520,Los Angeles
1808,US-2016-116729,2016-12-28,First Class,GK-14620,90049,254.24,76.27,TEC-AC-10001465,Los Angeles
1815,CA-2015-131597,2015-09-18,Standard Class,SP-20620,90045,170.14,-8.51,FUR-TA-10002607,Los Angeles
532,CA-2015-102848,2015-11-09,Second Class,KB-16240,90036,190.72,11.92,FUR-CH-10000595,Los Angeles
7619,CA-2017-151225,2017-10-29,First Class,JM-15655,90032,189.58,9.48,FUR-TA-10001539,Los Angeles
3273,CA-2015-146038,2015-02-16,Standard Class,SJ-20215,90049,203.92,22.94,FUR-CH-10002774,Los Angeles
1612,CA-2014-156349,2014-05-30,Standard Class,ML-17395,90008,201.58,20.16,TEC-PH-10000441,Los Angeles
2509,CA-2017-163902,2017-03-08,Standard Class,MY-17380,90045,196.78,14.76,TEC-PH-10000675,Los Angeles
3421,CA-2016-134803,2016-06-03,Standard Class,CL-12565,90004,262.24,78.67,OFF-AP-10000891,Los Angeles
9086,CA-2016-126102,2016-09-12,Second Class,DV-13465,90049,276.78,89.95,OFF-BI-10004318,Los Angeles
6577,CA-2017-123085,2017-03-08,Standard Class,EJ-13720,90008,170.35,-17.04,FUR-CH-10003968,Los Angeles
1778,CA-2015-105347,2015-11-28,Standard Class,DP-13000,90004,368.91,180.77,OFF-PA-10000675,Los Angeles
3533,CA-2014-110849,2014-04-23,Standard Class,JL-15835,90049,287.97,97.19,TEC-MA-10002859,Los Angeles
5943,CA-2016-151092,2016-08-13,Standard Class,VG-21790,90032,211.17,18.48,TEC-PH-10001700,Los Angeles
3903,US-2015-119312,2015-10-07,Second Class,CS-12400,90045,270.34,75.70,OFF-ST-10000943,Los Angeles
8796,CA-2014-162992,2014-12-21,First Class,BP-11095,90008,211.17,15.84,TEC-PH-10002085,Los Angeles
7576,CA-2015-129532,2015-12-12,Standard Class,YS-21880,90036,236.00,40.12,TEC-AC-10000865,Los Angeles
8456,CA-2016-154081,2016-05-29,Standard Class,JE-15610,90049,222.38,22.24,TEC-PH-10001918,Los Angeles
2752,CA-2014-158029,2014-05-30,Standard Class,HF-14995,90008,225.30,22.53,FUR-CH-10000988,Los Angeles
7597,CA-2015-164567,2015-06-19,Standard Class,GK-14620,90004,225.58,22.56,TEC-PH-10002103,Los Angeles
2067,CA-2014-106439,2014-11-04,Standard Class,GG-14650,90049,251.91,47.86,TEC-AC-10004568,Los Angeles
1221,CA-2014-110184,2014-07-16,Standard Class,BF-11170,90036,249.75,44.95,OFF-ST-10000107,Los Angeles
5993,US-2017-163300,2017-09-21,Standard Class,ES-14020,90049,184.75,-20.78,FUR-CH-10003396,Los Angeles
8503,CA-2015-102316,2015-03-03,Second Class,DH-13075,90045,184.75,-20.78,FUR-CH-10003396,Los Angeles
2615,CA-2014-147298,2014-05-03,Standard Class,AG-10300,90049,230.28,23.03,FUR-CH-10004886,Los Angeles
2685,CA-2017-137085,2017-07-06,Standard Class,CT-11995,90004,312.55,101.58,OFF-BI-10000632,Los Angeles
130,US-2016-125969,2016-11-10,Second Class,LS-16975,90004,238.56,26.24,FUR-FU-10003773,Los Angeles
7825,CA-2014-125150,2014-05-23,Standard Class,PW-19030,90036,232.88,17.47,FUR-CH-10002439,Los Angeles
7575,CA-2015-129532,2015-12-12,Standard Class,YS-21880,90036,221.96,4.44,OFF-ST-10004186,Los Angeles
9977,US-2016-103674,2016-12-10,Standard Class,AP-10720,90032,249.58,31.20,TEC-PH-10002496,Los Angeles
8687,CA-2016-144015,2016-06-26,Same Day,AH-10075,90036,231.72,11.59,OFF-SU-10003505,Los Angeles
3130,CA-2014-136399,2014-12-17,First Class,CC-12100,90049,241.57,18.12,FUR-CH-10002602,Los Angeles
2590,CA-2016-137729,2016-05-09,Standard Class,BF-11005,90004,246.17,21.54,TEC-PH-10001433,Los Angeles
6616,CA-2016-123512,2016-06-19,First Class,MV-18190,90045,239.67,14.10,FUR-BO-10004218,Los Angeles
1222,CA-2014-110184,2014-07-16,Standard Class,BF-11170,90036,255.94,28.79,TEC-PH-10000439,Los Angeles
6861,CA-2017-128965,2017-04-22,Standard Class,PS-18760,90008,274.89,46.73,TEC-AC-10001383,Los Angeles
2944,CA-2017-126242,2017-11-24,Standard Class,MC-18100,90049,305.01,76.25,OFF-ST-10000675,Los Angeles
9738,CA-2017-129294,2017-03-21,Standard Class,KD-16615,90032,310.12,80.63,OFF-ST-10002615,Los Angeles
9707,CA-2016-161746,2016-10-27,Standard Class,CS-11950,90045,242.14,12.11,FUR-CH-10004626,Los Angeles
7362,CA-2016-163594,2016-04-14,First Class,JF-15295,90036,194.35,-36.44,FUR-CH-10000225,Los Angeles
6863,CA-2017-128965,2017-04-22,Standard Class,PS-18760,90008,218.35,-19.11,FUR-CH-10003774,Los Angeles
5180,US-2015-120502,2015-04-19,Standard Class,BT-11395,90036,258.58,19.39,TEC-PH-10003645,Los Angeles
7441,US-2017-163657,2017-09-06,Standard Class,JL-15235,90049,236.53,-2.96,FUR-TA-10004607,Los Angeles
3555,CA-2014-120838,2014-03-26,Second Class,PO-18865,90036,330.40,85.90,OFF-ST-10000585,Los Angeles
9974,US-2016-103674,2016-12-10,Standard Class,AP-10720,90032,271.96,27.20,TEC-PH-10004080,Los Angeles
2474,CA-2016-114972,2016-11-06,First Class,PF-19225,90032,217.58,-29.92,FUR-CH-10001190,Los Angeles
6013,CA-2015-135580,2016-01-03,Standard Class,CL-12565,90049,287.88,35.98,TEC-PH-10004345,Los Angeles
7835,CA-2015-106257,2015-04-17,Second Class,EB-14110,90045,241.57,-15.10,FUR-TA-10002530,Los Angeles
5355,CA-2014-113768,2014-05-19,Standard Class,AH-10030,90004,279.46,20.96,FUR-CH-10002439,Los Angeles
5580,CA-2017-137498,2017-09-14,Second Class,LC-17050,90004,243.92,-15.24,FUR-CH-10003833,Los Angeles
4505,US-2014-138247,2014-12-29,Standard Class,BF-11170,90045,361.96,101.35,OFF-AP-10000828,Los Angeles
2637,CA-2015-162369,2015-08-19,Standard Class,TT-21265,90045,323.10,61.39,OFF-ST-10000046,Los Angeles
487,CA-2017-140963,2017-06-13,First Class,MT-18070,90045,279.96,17.50,TEC-PH-10001924,Los Angeles
9610,CA-2016-130638,2016-05-19,Second Class,SC-20095,90045,282.84,19.80,FUR-FU-10002116,Los Angeles
7003,CA-2014-133158,2014-08-21,Second Class,DW-13195,90045,289.24,26.03,FUR-FU-10000723,Los Angeles
1611,CA-2014-156349,2014-05-30,Standard Class,ML-17395,90008,290.67,27.36,FUR-BO-10000362,Los Angeles
9956,CA-2015-141593,2015-12-16,Second Class,DB-12970,90045,273.57,10.26,FUR-TA-10002622,Los Angeles
6076,CA-2017-121398,2017-12-29,Standard Class,FH-14365,90008,270.62,2.71,OFF-ST-10002756,Los Angeles
8895,CA-2016-167241,2016-08-22,Standard Class,BD-11320,90004,312.03,43.68,FUR-FU-10004071,Los Angeles
4592,CA-2016-129868,2016-12-31,Standard Class,MC-18130,90004,302.38,30.24,TEC-PH-10002275,Los Angeles
1268,US-2014-167738,2014-12-29,Standard Class,JC-16105,90045,292.27,18.27,FUR-CH-10001146,Los Angeles
9228,CA-2017-140515,2017-03-24,Standard Class,GZ-14545,90008,381.36,106.78,OFF-AP-10001205,Los Angeles
4010,CA-2017-144463,2017-01-05,Standard Class,SC-20725,90036,474.43,199.26,FUR-FU-10001215,Los Angeles
5044,CA-2016-158694,2016-11-13,Second Class,AI-10855,90036,467.46,191.66,FUR-FU-10000965,Los Angeles
8888,CA-2014-169642,2014-07-30,Second Class,BB-10990,90036,276.28,0.00,OFF-ST-10002574,Los Angeles
8530,CA-2017-137624,2017-11-17,Standard Class,ME-17320,90008,241.42,-36.21,FUR-CH-10001714,Los Angeles
8056,CA-2015-121188,2015-09-04,Standard Class,CB-12025,90049,307.67,28.96,FUR-BO-10004695,Los Angeles
219,CA-2016-130162,2016-10-31,Standard Class,JH-15910,90032,302.38,22.68,TEC-PH-10002563,Los Angeles
1879,CA-2017-118885,2018-01-02,Standard Class,JG-15160,90049,302.38,22.68,TEC-PH-10002563,Los Angeles
8710,CA-2014-119144,2014-11-18,First Class,JD-16150,90008,305.97,25.20,FUR-BO-10004015,Los Angeles
9980,US-2016-103674,2016-12-10,Standard Class,AP-10720,90032,437.47,153.12,OFF-BI-10002026,Los Angeles
3983,CA-2016-135265,2016-07-09,Second Class,CC-12370,90045,287.97,-3.60,FUR-CH-10003061,Los Angeles
4317,CA-2015-115945,2015-06-30,Standard Class,AB-10165,90045,304.23,9.13,OFF-ST-10001963,Los Angeles
6338,CA-2016-165995,2016-09-06,Standard Class,BG-11740,90008,339.96,42.49,TEC-PH-10004908,Los Angeles
9653,CA-2016-107104,2016-11-30,Standard Class,MS-17365,90045,595.38,297.69,FUR-FU-10002937,Los Angeles
5246,CA-2016-156265,2016-08-04,Second Class,BF-11020,90032,333.58,33.36,TEC-PH-10001918,Los Angeles
5941,CA-2017-112431,2017-10-14,Second Class,RW-19690,90049,435.84,130.75,TEC-AC-10001465,Los Angeles
4313,CA-2014-125829,2014-11-11,Standard Class,WB-21850,90045,447.97,139.99,TEC-MA-10003246,Los Angeles
8974,CA-2017-159226,2017-04-27,Second Class,RL-19615,90008,344.98,28.41,FUR-BO-10004709,Los Angeles
8303,US-2017-167318,2017-07-31,Standard Class,GZ-14545,90036,362.35,45.29,FUR-CH-10000665,Los Angeles
174,CA-2014-118962,2014-08-09,Standard Class,CS-12130,90004,340.14,21.26,FUR-CH-10003817,Los Angeles
566,CA-2017-137099,2017-12-10,First Class,FP-14320,90008,374.38,46.80,TEC-PH-10002496,Los Angeles
6042,CA-2017-122364,2017-09-29,Standard Class,FA-14230,90008,506.28,177.20,TEC-MA-10001031,Los Angeles
8178,CA-2017-149699,2017-12-24,First Class,CM-12115,90008,474.95,142.49,TEC-AC-10000474,Los Angeles
8711,CA-2014-119144,2014-11-18,First Class,JD-16150,90008,344.91,10.35,OFF-ST-10000991,Los Angeles
1848,CA-2017-128370,2017-09-10,Same Day,FH-14275,90004,362.35,27.18,FUR-CH-10002602,Los Angeles
3618,CA-2017-141929,2017-09-08,Standard Class,RA-19285,90004,487.98,152.50,OFF-BI-10004632,Los Angeles
3643,CA-2014-156594,2014-12-23,Second Class,MC-17845,90008,487.98,152.50,OFF-BI-10004632,Los Angeles
7246,CA-2017-145807,2017-02-13,Standard Class,SB-20170,90032,354.90,17.75,OFF-ST-10001370,Los Angeles
5992,US-2017-163300,2017-09-21,Standard Class,ES-14020,90049,369.54,32.34,TEC-PH-10001700,Los Angeles
9059,CA-2015-149097,2015-10-24,Standard Class,SV-20785,90045,364.78,27.36,FUR-TA-10001086,Los Angeles
9710,CA-2016-161746,2016-10-27,Standard Class,CS-11950,90045,340.92,3.41,OFF-ST-10002743,Los Angeles
5625,CA-2016-121748,2016-10-28,Second Class,VW-21775,90032,359.98,21.60,TEC-AC-10002637,Los Angeles
418,CA-2016-148796,2016-04-18,Standard Class,PB-19150,90004,383.80,38.38,FUR-CH-10004886,Los Angeles
4552,US-2014-165862,2014-07-17,Standard Class,GK-14620,90049,351.22,4.39,FUR-TA-10002855,Los Angeles
3498,CA-2016-107328,2016-08-15,Standard Class,CA-12055,90036,487.92,136.62,OFF-AP-10004487,Los Angeles
9746,CA-2017-137505,2017-11-24,Same Day,BP-11290,90008,364.08,9.10,FUR-TA-10000617,Los Angeles
3131,CA-2014-136399,2014-12-17,First Class,CC-12100,90049,395.00,39.50,TEC-AC-10001142,Los Angeles
5760,US-2016-111528,2016-12-30,Same Day,JP-16135,90032,481.32,125.14,OFF-ST-10001526,Los Angeles
1574,US-2014-157385,2014-11-25,First Class,SC-20095,90004,381.44,23.84,FUR-CH-10000595,Los Angeles
3893,US-2016-163881,2016-11-30,Standard Class,SP-20860,90036,559.92,190.37,TEC-AC-10000420,Los Angeles
4859,CA-2015-137526,2015-01-17,Standard Class,PB-19150,90004,464.85,92.97,FUR-FU-10004845,Los Angeles
9848,CA-2017-169327,2017-09-04,Second Class,MH-17290,90008,511.50,132.99,FUR-FU-10004188,Los Angeles
2251,CA-2015-116092,2015-02-18,Second Class,JM-16195,90004,541.44,157.02,OFF-AP-10001391,Los Angeles
4573,CA-2017-126662,2017-07-21,Standard Class,AB-10255,90036,479.98,90.00,TEC-CO-10004202,Los Angeles
5405,US-2016-143280,2016-02-26,Standard Class,TZ-21580,90045,445.96,55.74,TEC-PH-10002398,Los Angeles
2065,CA-2014-106439,2014-11-04,Standard Class,GG-14650,90049,405.64,12.17,OFF-ST-10001963,Los Angeles
4119,CA-2015-153416,2015-11-29,Standard Class,TS-21340,90036,454.86,54.58,OFF-ST-10000060,Los Angeles
4491,CA-2017-105921,2017-08-21,Standard Class,JM-15250,90032,418.30,5.23,FUR-TA-10001095,Los Angeles
5273,CA-2017-125913,2017-01-16,Same Day,JO-15145,90008,399.67,-14.99,FUR-TA-10001520,Los Angeles
8619,CA-2017-117513,2017-03-08,Standard Class,BT-11395,90004,399.67,-14.99,FUR-TA-10001520,Los Angeles
8540,CA-2017-147354,2017-03-13,Standard Class,KB-16315,90008,479.98,60.00,TEC-CO-10000971,Los Angeles
7461,US-2015-136987,2015-04-14,Second Class,AR-10540,90004,639.97,215.99,TEC-CO-10001943,Los Angeles
2510,CA-2017-163902,2017-03-08,Standard Class,MY-17380,90045,479.94,52.79,TEC-AC-10000580,Los Angeles
8039,CA-2017-109393,2017-07-02,Second Class,JC-15775,90032,436.00,5.13,FUR-BO-10003966,Los Angeles
1098,CA-2014-159338,2014-06-28,First Class,NS-18640,90049,447.84,11.20,FUR-TA-10004147,Los Angeles
1878,CA-2017-118885,2018-01-02,Standard Class,JG-15160,90049,393.57,-44.28,FUR-CH-10002880,Los Angeles
7836,CA-2015-106257,2015-04-17,Second Class,EB-14110,90045,479.92,41.99,TEC-PH-10001494,Los Angeles
2991,CA-2016-139010,2016-02-26,Second Class,MC-17635,90032,449.15,8.98,OFF-ST-10001809,Los Angeles
3891,US-2016-163881,2016-11-30,Standard Class,SP-20860,90036,659.90,217.77,TEC-AC-10003033,Los Angeles
6955,CA-2015-129917,2015-10-03,First Class,HM-14980,90008,503.96,50.40,TEC-PH-10000369,Los Angeles
1145,CA-2014-146969,2014-10-03,Standard Class,AP-10915,90045,686.32,223.05,TEC-MA-10004241,Los Angeles
3845,CA-2014-101931,2014-10-31,First Class,TS-21370,90049,480.74,14.42,OFF-SU-10000646,Los Angeles
7621,US-2014-144078,2014-11-29,Standard Class,RB-19435,90004,539.92,47.24,TEC-PH-10001580,Los Angeles
3497,CA-2016-107328,2016-08-15,Standard Class,CA-12055,90036,513.02,12.83,FUR-TA-10001932,Los Angeles
3711,CA-2017-113670,2017-10-17,First Class,RS-19765,90045,510.24,6.38,FUR-TA-10001705,Los Angeles
6285,CA-2016-100944,2016-09-28,Standard Class,EH-13765,90049,563.24,56.32,FUR-CH-10000988,Los Angeles
8795,CA-2014-162992,2014-12-21,First Class,BP-11095,90008,583.80,72.97,TEC-PH-10001944,Los Angeles
5346,CA-2017-108539,2017-03-23,Second Class,SC-20725,90045,725.84,210.49,OFF-ST-10003208,Los Angeles
3425,CA-2016-134803,2016-06-03,Standard Class,CL-12565,90004,558.40,41.88,TEC-MA-10001972,Los Angeles
5962,CA-2014-140732,2014-11-13,Second Class,MA-17560,90004,575.93,57.59,TEC-PH-10001425,Los Angeles
5046,CA-2016-158694,2016-11-13,Second Class,AI-10855,90036,720.76,187.40,OFF-ST-10001496,Los Angeles
9325,CA-2017-121853,2017-09-29,Standard Class,DB-13660,90036,594.82,59.48,FUR-CH-10003973,Los Angeles
9237,CA-2016-126732,2016-09-06,Standard Class,LR-16915,90036,568.73,28.44,FUR-TA-10001539,Los Angeles
486,CA-2017-140963,2017-06-13,First Class,MT-18070,90045,514.16,-30.25,FUR-BO-10001337,Los Angeles
5400,CA-2016-117681,2016-04-14,Standard Class,HF-14995,90004,556.66,6.55,FUR-BO-10001798,Los Angeles
1317,CA-2016-145919,2016-12-23,Standard Class,HG-14965,90032,579.30,28.97,OFF-SU-10003505,Los Angeles
3132,CA-2014-136399,2014-12-17,First Class,CC-12100,90049,627.17,70.56,TEC-PH-10004977,Los Angeles
5428,US-2016-108497,2016-06-14,Same Day,MH-17290,90036,599.16,35.24,FUR-BO-10004218,Los Angeles
3556,CA-2014-120838,2014-03-26,Second Class,PO-18865,90036,604.75,37.80,TEC-PH-10003484,Los Angeles
6944,CA-2015-139248,2015-07-30,Standard Class,RD-19930,90032,623.96,39.00,TEC-PH-10004094,Los Angeles
9115,CA-2016-135461,2016-02-10,Second Class,EB-13975,90049,623.96,39.00,TEC-PH-10004094,Los Angeles
1625,CA-2015-157084,2015-12-24,Standard Class,JG-15160,90049,675.96,84.50,TEC-PH-10002922,Los Angeles
4708,CA-2017-138149,2017-06-30,First Class,WB-21850,90049,895.92,302.37,OFF-BI-10003091,Los Angeles
7251,CA-2015-158491,2015-06-09,Second Class,BP-11155,90008,989.97,395.99,TEC-AC-10003870,Los Angeles
2414,CA-2014-151295,2014-11-16,Standard Class,JA-15970,90045,629.06,31.45,FUR-TA-10002356,Los Angeles
4309,CA-2014-125829,2014-11-11,Standard Class,WB-21850,90045,666.34,66.63,TEC-PH-10001079,Los Angeles
2786,CA-2015-149972,2015-09-23,First Class,CD-12790,90036,601.54,0.00,FUR-CH-10004997,Los Angeles
6576,CA-2017-123085,2017-03-08,Standard Class,EJ-13720,90008,1049.44,440.76,TEC-AC-10000990,Los Angeles
336,CA-2015-137946,2015-09-04,Second Class,DB-13615,90045,959.98,335.99,TEC-CO-10001449,Los Angeles
8055,CA-2015-121188,2015-09-04,Standard Class,CB-12025,90049,892.35,267.70,OFF-ST-10001490,Los Angeles
5019,CA-2014-127558,2014-11-18,First Class,SS-20410,90008,772.47,146.77,TEC-AC-10003832,Los Angeles
2240,CA-2016-146633,2016-11-17,Second Class,TG-21310,90049,1016.79,381.30,OFF-BI-10003527,Los Angeles
4310,CA-2014-125829,2014-11-11,Standard Class,WB-21850,90045,573.73,-64.54,FUR-TA-10002041,Los Angeles
3846,CA-2014-101931,2014-10-31,First Class,TS-21370,90049,617.00,-36.29,FUR-BO-10001337,Los Angeles
6160,CA-2016-161025,2016-12-09,Standard Class,GM-14440,90049,772.68,108.18,OFF-ST-10001932,Los Angeles
5775,CA-2016-142398,2016-04-16,Standard Class,BP-11290,90036,638.29,-31.91,FUR-CH-10001545,Los Angeles
7622,US-2014-144078,2014-11-29,Standard Class,RB-19435,90004,725.34,54.40,FUR-CH-10002335,Los Angeles
1571,US-2014-157385,2014-11-25,First Class,SC-20095,90004,603.92,-67.94,FUR-CH-10000863,Los Angeles
2477,CA-2016-114972,2016-11-06,First Class,PF-19225,90032,1101.48,429.58,OFF-AP-10003057,Los Angeles
8057,CA-2015-121188,2015-09-04,Standard Class,CB-12025,90049,728.82,29.15,OFF-ST-10000736,Los Angeles
1626,CA-2015-157084,2015-12-24,Standard Class,JG-15160,90049,1265.85,556.97,TEC-AC-10002049,Los Angeles
8105,CA-2015-149846,2015-05-26,Standard Class,SB-20185,90045,775.73,58.18,TEC-PH-10003645,Los Angeles
3633,CA-2017-132178,2017-05-08,Second Class,DB-12970,90004,763.44,45.81,OFF-ST-10000025,Los Angeles
4507,US-2014-138247,2014-12-29,Standard Class,BF-11170,90045,818.38,51.15,TEC-PH-10001530,Los Angeles
6041,CA-2017-122364,2017-09-29,Standard Class,FA-14230,90008,859.20,75.18,TEC-PH-10001817,Los Angeles
1191,CA-2017-117212,2017-02-28,Second Class,BT-11530,90036,892.22,89.22,FUR-CH-10003973,Los Angeles
7646,CA-2015-161452,2015-04-11,Standard Class,CA-11965,90036,892.22,89.22,FUR-CH-10003973,Los Angeles
3787,CA-2016-144218,2016-11-04,Standard Class,JD-15895,90045,1085.42,282.21,OFF-ST-10002615,Los Angeles
8,CA-2014-115812,2014-06-14,Standard Class,BH-11710,90032,907.15,90.72,TEC-PH-10002275,Los Angeles
5772,CA-2015-103835,2015-09-28,Standard Class,SC-20440,90032,1158.12,335.85,OFF-AP-10002651,Los Angeles
1190,CA-2017-117212,2017-02-28,Second Class,BT-11530,90036,889.54,66.72,TEC-PH-10004447,Los Angeles
4496,CA-2017-112753,2017-06-23,Standard Class,CC-12670,90032,917.92,75.59,FUR-BO-10004015,Los Angeles
12,CA-2014-115812,2014-06-14,Standard Class,BH-11710,90032,911.42,68.36,TEC-PH-10002033,Los Angeles
4595,CA-2016-129868,2016-12-31,Standard Class,MC-18130,90004,902.71,33.85,FUR-TA-10003473,Los Angeles
8370,CA-2016-118745,2016-06-16,Standard Class,SV-20365,90049,902.71,33.85,FUR-TA-10003473,Los Angeles
4292,CA-2017-102407,2017-12-13,Second Class,AT-10435,90004,896.33,22.41,FUR-TA-10003748,Los Angeles
2405,CA-2017-108574,2017-10-11,Standard Class,MG-18145,90045,1115.91,200.86,TEC-AC-10002049,Los Angeles
7066,CA-2014-106726,2014-12-08,First Class,RS-19765,90008,1261.33,327.95,OFF-ST-10001496,Los Angeles
4720,CA-2015-142601,2015-04-20,Second Class,DE-13255,90004,947.17,9.47,OFF-ST-10002756,Los Angeles
283,CA-2015-130890,2015-11-06,Standard Class,JO-15280,90004,1038.84,51.94,FUR-TA-10002903,Los Angeles
5426,CA-2016-153598,2016-12-06,First Class,NM-18520,90045,1649.95,659.98,TEC-AC-10003870,Los Angeles
8302,US-2017-167318,2017-07-31,Standard Class,GZ-14545,90036,1649.95,659.98,TEC-AC-10003870,Los Angeles
9235,CA-2016-126732,2016-09-06,Standard Class,LR-16915,90036,1091.17,68.20,TEC-PH-10001530,Los Angeles
8587,CA-2017-162015,2017-07-18,Standard Class,KB-16240,90049,1287.45,244.62,TEC-AC-10003832,Los Angeles
6688,CA-2015-165162,2015-05-21,Standard Class,HG-15025,90032,1117.92,55.90,OFF-ST-10003470,Los Angeles
1487,CA-2015-140410,2015-11-07,Standard Class,CM-12655,90008,1212.85,106.12,TEC-PH-10003580,Los Angeles
1506,CA-2015-153388,2015-08-07,Standard Class,PC-19000,90004,1004.98,-175.87,FUR-TA-10003715,Los Angeles
5435,CA-2015-160171,2015-10-24,Standard Class,RM-19675,90008,1640.70,459.40,OFF-AP-10000275,Los Angeles
7815,US-2017-109316,2017-06-10,First Class,MG-17680,90049,1497.67,140.96,FUR-BO-10004834,Los Angeles
4137,CA-2017-105914,2017-10-08,Standard Class,PV-18985,90036,1575.14,204.77,OFF-ST-10003716,Los Angeles
2478,CA-2017-102750,2017-09-08,Second Class,GM-14695,90036,1322.35,-99.18,FUR-TA-10000198,Los Angeles
5991,US-2017-163300,2017-09-21,Standard Class,ES-14020,90049,2357.49,884.06,OFF-BI-10004390,Los Angeles
3892,US-2016-163881,2016-11-30,Standard Class,SP-20860,90036,1684.75,210.59,FUR-CH-10001394,Los Angeles
558,CA-2016-113243,2016-06-15,Standard Class,OT-18730,90045,1335.68,-217.05,FUR-TA-10004256,Los Angeles
11,CA-2014-115812,2014-06-14,Standard Class,BH-11710,90032,1706.18,85.31,FUR-TA-10001539,Los Angeles
2710,CA-2015-121797,2015-02-06,Standard Class,CC-12145,90049,1919.98,216.00,TEC-MA-10000488,Los Angeles
3984,CA-2016-135265,2016-07-09,Second Class,CC-12370,90045,2799.96,944.99,TEC-CO-10003763,Los Angeles
4620,CA-2017-145219,2017-12-25,First Class,RM-19675,90049,2879.95,1007.98,TEC-CO-10001449,Los Angeles
6011,CA-2015-135580,2016-01-03,Standard Class,CL-12565,90049,2548.56,286.71,TEC-MA-10004002,Los Angeles
3274,CA-2017-133865,2017-05-12,Standard Class,PS-19045,90032,3359.95,1049.98,TEC-CO-10001046,Los Angeles
1806,US-2016-116729,2016-12-28,First Class,GK-14620,90049,2575.94,257.59,TEC-PH-10002200,Los Angeles
8103,CA-2015-149846,2015-05-26,Standard Class,SB-20185,90045,2973.32,334.50,TEC-MA-10004002,Los Angeles
6869,US-2016-126452,2016-08-28,Standard Class,SC-20230,90004,2887.06,180.44,FUR-TA-10003569,Los Angeles
9413,CA-2015-164777,2015-01-29,First Class,SC-20305,90036,2803.92,0.00,FUR-CH-10002024,Los Angeles
8101,CA-2016-169663,2016-03-13,First Class,RH-19510,90045,3357.60,377.73,TEC-MA-10000984,Los Angeles
9650,CA-2016-107104,2016-11-30,Standard Class,MS-17365,90045,3406.66,160.31,FUR-BO-10002213,Los Angeles
6015,CA-2016-159016,2016-03-11,First Class,KF-16285,90008,4158.91,363.90,TEC-PH-10002885,Los Angeles
4534,CA-2014-140403,2014-10-10,Same Day,TN-21040,95336,15.28,7.49,OFF-EN-10001219,Manteca
4533,CA-2014-140403,2014-10-10,Same Day,TN-21040,95336,122.35,13.76,FUR-CH-10002774,Manteca
2163,CA-2017-166296,2017-03-19,Standard Class,KF-16285,95336,314.55,150.98,OFF-PA-10004359,Manteca
9497,US-2016-123610,2016-05-16,Standard Class,VM-21835,92691,8.67,2.34,OFF-AP-10002222,Mission Viejo
643,CA-2017-167913,2017-08-03,Second Class,JL-15835,92691,26.25,12.60,OFF-LA-10002787,Mission Viejo
9496,US-2016-123610,2016-05-16,Standard Class,VM-21835,92691,120.00,46.80,TEC-AC-10004518,Mission Viejo
642,CA-2017-167913,2017-08-03,Second Class,JL-15835,92691,330.40,85.90,OFF-ST-10000585,Mission Viejo
3366,CA-2014-115161,2014-02-02,First Class,LC-17050,92691,290.67,3.42,FUR-BO-10003966,Mission Viejo
8019,CA-2017-114804,2017-10-19,Second Class,BF-11020,95351,52.79,4.62,TEC-PH-10001700,Modesto
7352,CA-2017-141138,2017-11-16,Standard Class,GH-14425,95351,111.79,43.60,TEC-AC-10001772,Modesto
8125,US-2017-150070,2017-09-12,Standard Class,JA-15970,95351,161.57,-28.27,FUR-CH-10004860,Modesto
6835,CA-2016-142615,2016-11-24,Standard Class,BM-11575,90640,27.88,3.90,TEC-AC-10004803,Montebello
7777,CA-2014-166961,2014-12-31,Standard Class,CD-12790,92553,7.86,3.62,OFF-FA-10003485,Moreno Valley
7776,CA-2014-166961,2014-12-31,Standard Class,CD-12790,92553,10.98,2.96,OFF-AP-10001366,Moreno Valley
7611,CA-2014-133354,2014-02-24,First Class,SA-20830,92553,19.44,9.33,OFF-PA-10001800,Moreno Valley
5057,CA-2015-162166,2015-09-11,First Class,NM-18520,92553,26.40,11.88,OFF-PA-10002606,Moreno Valley
7779,CA-2014-166961,2014-12-31,Standard Class,CD-12790,92553,37.06,13.90,OFF-BI-10002353,Moreno Valley
9350,CA-2016-114860,2016-12-28,Standard Class,DN-13690,92553,41.96,10.91,FUR-FU-10001934,Moreno Valley
7778,CA-2014-166961,2014-12-31,Standard Class,CD-12790,92553,51.45,13.89,OFF-ST-10004507,Moreno Valley
5058,CA-2015-162166,2015-09-11,First Class,NM-18520,92553,41.88,0.84,OFF-ST-10002486,Moreno Valley
8909,CA-2015-109603,2015-01-31,Standard Class,EM-13825,92553,182.72,84.05,OFF-PA-10003790,Moreno Valley
9349,CA-2016-114860,2016-12-28,Standard Class,DN-13690,92553,842.72,202.25,FUR-FU-10000277,Moreno Valley
7910,CA-2016-149762,2016-12-07,Standard Class,RD-19720,95037,21.92,5.92,OFF-AR-10001662,Morgan Hill
7911,CA-2016-149762,2016-12-07,Standard Class,RD-19720,95037,48.72,7.31,OFF-ST-10001558,Morgan Hill
7912,CA-2016-149762,2016-12-07,Standard Class,RD-19720,95037,205.67,-12.10,FUR-BO-10001337,Morgan Hill
7909,CA-2016-149762,2016-12-07,Standard Class,RD-19720,95037,268.70,6.72,FUR-TA-10004147,Morgan Hill
1005,CA-2015-126445,2015-08-31,Standard Class,RA-19945,92563,484.65,92.08,OFF-ST-10000046,Murrieta
1089,CA-2016-166163,2016-08-20,Second Class,CY-12745,94601,3.15,1.51,OFF-LA-10000452,Oakland
4856,CA-2014-113320,2014-12-15,Second Class,LH-17155,94601,9.24,4.44,FUR-FU-10001706,Oakland
1752,CA-2017-168837,2017-10-17,First Class,JW-15955,94601,9.46,3.69,FUR-FU-10001918,Oakland
8386,CA-2017-137582,2017-09-08,Standard Class,CV-12805,94601,11.81,4.13,OFF-BI-10001757,Oakland
4854,CA-2014-113320,2014-12-15,Second Class,LH-17155,94601,12.54,4.51,FUR-FU-10004270,Oakland
4855,CA-2014-113320,2014-12-15,Second Class,LH-17155,94601,8.94,0.63,OFF-ST-10000617,Oakland
3335,US-2017-109253,2017-08-22,First Class,PR-18880,94601,17.12,4.96,OFF-AR-10000203,Oakland
2162,CA-2016-101938,2016-01-12,Standard Class,DW-13480,94601,34.58,10.03,OFF-AR-10003696,Oakland
3341,US-2017-109253,2017-08-22,First Class,PR-18880,94601,51.75,24.84,OFF-LA-10001158,Oakland
6270,CA-2017-102379,2017-12-06,Standard Class,BB-11545,94601,39.99,-8.00,TEC-PH-10001448,Oakland
5204,CA-2015-142454,2015-08-19,Standard Class,RE-19450,94601,70.26,18.97,OFF-ST-10003638,Oakland
1088,CA-2016-166163,2016-08-20,Second Class,CY-12745,94601,71.98,7.20,TEC-PH-10004896,Oakland
3339,US-2017-109253,2017-08-22,First Class,PR-18880,94601,117.14,42.46,OFF-BI-10000962,Oakland
5203,CA-2015-142454,2015-08-19,Standard Class,RE-19450,94601,104.23,28.14,FUR-FU-10004018,Oakland
4059,CA-2015-124058,2015-11-24,Standard Class,LC-16885,94601,72.74,-15.46,TEC-PH-10004774,Oakland
3217,CA-2014-114433,2014-05-17,Standard Class,NP-18325,94601,149.97,52.49,TEC-AC-10002800,Oakland
3337,US-2017-109253,2017-08-22,First Class,PR-18880,94601,129.92,10.39,FUR-FU-10000193,Oakland
6272,CA-2017-102379,2017-12-06,Standard Class,BB-11545,94601,179.90,44.98,OFF-AR-10004022,Oakland
3340,US-2017-109253,2017-08-22,First Class,PR-18880,94601,203.52,54.95,OFF-AP-10002867,Oakland
8614,CA-2016-138233,2016-11-14,Standard Class,PF-19165,94601,479.97,177.59,TEC-AC-10002001,Oakland
3336,US-2017-109253,2017-08-22,First Class,PR-18880,94601,431.97,37.80,TEC-PH-10004667,Oakland
6424,CA-2015-149650,2015-10-27,First Class,RD-19660,94601,454.27,-73.82,FUR-CH-10003956,Oakland
4060,CA-2015-124058,2015-11-24,Standard Class,LC-16885,94601,572.16,35.76,FUR-CH-10000595,Oakland
3338,US-2017-109253,2017-08-22,First Class,PR-18880,94601,568.73,28.44,FUR-TA-10001539,Oakland
1614,CA-2017-138380,2017-12-25,Standard Class,YS-21880,94601,1000.02,290.01,OFF-ST-10003306,Oakland
6271,CA-2017-102379,2017-12-06,Standard Class,BB-11545,94601,1159.06,43.46,FUR-CH-10004983,Oakland
4975,CA-2016-164896,2016-11-12,Standard Class,PS-19045,92054,12.90,6.32,OFF-PA-10002246,Oceanside
9438,CA-2017-107853,2017-05-31,Standard Class,CD-11920,92054,12.96,6.22,OFF-PA-10000520,Oceanside
2966,CA-2017-137428,2017-12-21,Second Class,AY-10555,92054,18.96,7.58,FUR-FU-10002445,Oceanside
2965,CA-2017-137428,2017-12-21,Second Class,AY-10555,92054,24.32,8.21,OFF-BI-10002949,Oceanside
4611,US-2017-141852,2017-11-14,Standard Class,JE-15745,92054,47.12,20.73,FUR-FU-10000023,Oceanside
2963,CA-2017-137428,2017-12-21,Second Class,AY-10555,92054,81.57,9.18,FUR-CH-10002774,Oceanside
2964,CA-2017-137428,2017-12-21,Second Class,AY-10555,92054,97.18,6.07,FUR-CH-10003817,Oceanside
960,CA-2015-112571,2015-09-22,Same Day,DL-12925,92054,204.60,53.20,FUR-FU-10004188,Oceanside
2072,US-2017-110996,2017-11-25,Standard Class,KA-16525,91761,283.92,-46.14,FUR-CH-10003956,Ontario
7435,CA-2015-148180,2015-07-31,Standard Class,BP-11095,93030,9.14,3.09,OFF-BI-10000605,Oxnard
9174,US-2016-155768,2016-11-30,Same Day,LB-16795,93030,22.92,11.23,OFF-EN-10001219,Oxnard
7436,CA-2015-148180,2015-07-31,Standard Class,BP-11095,93030,23.14,8.39,OFF-BI-10003314,Oxnard
9172,US-2016-155768,2016-11-30,Same Day,LB-16795,93030,47.90,22.99,OFF-PA-10001357,Oxnard
9171,US-2016-155768,2016-11-30,Same Day,LB-16795,93030,31.96,1.60,FUR-FU-10000448,Oxnard
8612,CA-2017-123624,2017-11-17,Second Class,SE-20110,93030,82.95,29.03,TEC-AC-10000682,Oxnard
7437,CA-2015-148180,2015-07-31,Standard Class,BP-11095,93030,99.20,25.79,OFF-AR-10002067,Oxnard
6312,CA-2014-112837,2014-09-16,Standard Class,LW-17125,93030,127.95,21.75,FUR-FU-10004006,Oxnard
9173,US-2016-155768,2016-11-30,Same Day,LB-16795,93030,1112.94,222.59,OFF-ST-10002292,Oxnard
2244,CA-2017-103380,2017-11-25,Standard Class,BF-11005,91104,5.56,1.45,OFF-AR-10003856,Pasadena
2245,CA-2017-103380,2017-11-25,Standard Class,BF-11005,91104,9.02,3.52,OFF-FA-10004248,Pasadena
2246,CA-2017-103380,2017-11-25,Standard Class,BF-11005,91104,8.62,2.24,OFF-AP-10001492,Pasadena
8225,CA-2016-104633,2016-06-16,Standard Class,EA-14035,91104,12.96,6.22,OFF-PA-10004782,Pasadena
1308,CA-2016-141397,2016-06-21,First Class,RC-19825,91104,17.71,6.42,OFF-BI-10000320,Pasadena
1309,CA-2016-141397,2016-06-21,First Class,RC-19825,91104,21.78,5.66,OFF-AP-10003971,Pasadena
7243,CA-2017-136651,2017-04-25,Second Class,JF-15355,91104,24.14,7.97,FUR-FU-10004864,Pasadena
4168,CA-2014-157924,2014-10-13,First Class,HA-14920,91104,31.92,8.30,OFF-ST-10002352,Pasadena
1307,CA-2016-141397,2016-06-21,First Class,RC-19825,91104,46.76,22.44,OFF-PA-10002986,Pasadena
2002,CA-2017-166128,2017-04-18,Standard Class,LW-17215,91104,41.86,14.23,OFF-AR-10001221,Pasadena
7241,CA-2017-136651,2017-04-25,Second Class,JF-15355,91104,66.36,26.54,FUR-FU-10002445,Pasadena
5578,CA-2016-136686,2016-12-16,Standard Class,RF-19840,91104,56.52,15.83,OFF-AP-10002350,Pasadena
2243,CA-2017-103380,2017-11-25,Standard Class,BF-11005,91104,56.56,15.27,OFF-ST-10003442,Pasadena
7242,CA-2017-136651,2017-04-25,Second Class,JF-15355,91104,92.88,30.19,OFF-BI-10003638,Pasadena
8224,CA-2016-104633,2016-06-16,Standard Class,EA-14035,91104,185.88,83.65,OFF-PA-10000241,Pasadena
1310,CA-2016-141397,2016-06-21,First Class,RC-19825,91104,161.94,9.72,OFF-ST-10001469,Pasadena
1311,CA-2016-141397,2016-06-21,First Class,RC-19825,91104,161.57,-8.08,FUR-CH-10003846,Pasadena
3040,CA-2017-101749,2017-10-08,Standard Class,AS-10045,91104,171.29,-6.42,FUR-TA-10001520,Pasadena
2001,CA-2017-166128,2017-04-18,Standard Class,LW-17215,91104,199.95,21.99,TEC-AC-10001767,Pasadena
5164,CA-2015-161627,2015-07-11,Standard Class,SJ-20215,91104,170.35,-17.04,FUR-CH-10003968,Pasadena
5577,CA-2016-136686,2016-12-16,Standard Class,RF-19840,91104,383.64,122.76,FUR-FU-10004864,Pasadena
9374,CA-2017-102820,2017-05-11,Standard Class,CS-11950,91104,419.94,52.49,TEC-PH-10003437,Pasadena
4169,CA-2014-157924,2014-10-13,First Class,HA-14920,91104,433.57,-65.04,FUR-CH-10000229,Pasadena
2247,CA-2017-103380,2017-11-25,Standard Class,BF-11005,91104,659.98,49.50,TEC-PH-10004165,Pasadena
146,CA-2015-110744,2015-09-12,Standard Class,HA-14920,91104,671.93,20.16,OFF-ST-10003656,Pasadena
1369,CA-2017-133249,2017-07-11,First Class,SZ-20035,90660,145.90,62.74,FUR-FU-10001588,Pico Rivera
9660,CA-2014-100860,2014-03-30,Second Class,CS-12505,91767,18.75,9.00,OFF-LA-10001982,Pomona
9575,CA-2015-148495,2015-08-13,Same Day,SF-20065,91767,31.56,10.41,FUR-FU-10001889,Pomona
1512,CA-2017-100384,2017-06-30,Standard Class,NH-18610,91767,35.82,11.82,OFF-AR-10003514,Pomona
6805,CA-2014-152233,2014-10-06,First Class,KH-16510,91767,99.98,34.99,TEC-AC-10002800,Pomona
2069,CA-2015-133452,2015-04-19,Standard Class,ZC-21910,91767,199.96,69.99,TEC-AC-10002800,Pomona
1511,CA-2017-100384,2017-06-30,Standard Class,NH-18610,91767,385.60,111.82,OFF-AR-10002135,Pomona
2070,CA-2015-133452,2015-04-19,Standard Class,ZC-21910,91767,710.83,-97.74,FUR-TA-10003954,Pomona
2090,CA-2015-139290,2015-10-30,Standard Class,MY-17380,91730,5.76,2.65,OFF-LA-10004008,Rancho Cucamonga
5258,US-2017-114034,2017-01-08,Standard Class,DL-13315,91730,38.88,18.66,OFF-PA-10004735,Rancho Cucamonga
3008,CA-2014-130729,2014-10-29,Standard Class,AA-10375,91730,34.27,11.14,OFF-BI-10002706,Rancho Cucamonga
7676,CA-2017-133487,2017-05-09,Second Class,TS-21655,91730,152.94,41.29,OFF-AP-10001271,Rancho Cucamonga
5766,US-2014-126340,2014-11-14,Standard Class,EB-13870,96003,333.58,25.02,TEC-PH-10004447,Redding
2110,CA-2015-164882,2015-10-31,Same Day,SG-20080,92374,5.04,1.26,OFF-AR-10004272,Redlands
5214,CA-2016-145898,2016-09-26,Same Day,CM-12445,92374,7.83,3.60,OFF-LA-10000262,Redlands
3319,CA-2015-165057,2015-09-15,Standard Class,SC-20725,92374,8.64,4.23,OFF-LA-10003190,Redlands
195,CA-2015-131457,2015-11-06,Standard Class,MZ-17515,92374,14.28,6.71,OFF-EN-10001509,Redlands
2111,CA-2015-164882,2015-10-31,Same Day,SG-20080,92374,17.45,8.03,OFF-FA-10000585,Redlands
2108,CA-2015-164882,2015-10-31,Same Day,SG-20080,92374,19.98,9.39,OFF-PA-10000157,Redlands
5216,CA-2016-145898,2016-09-26,Same Day,CM-12445,92374,29.90,13.46,OFF-PA-10001667,Redlands
2113,CA-2015-164882,2015-10-31,Same Day,SG-20080,92374,29.70,8.02,OFF-SU-10004231,Redlands
5215,CA-2016-145898,2016-09-26,Same Day,CM-12445,92374,35.40,13.45,OFF-AR-10002445,Redlands
2115,CA-2015-164882,2015-10-31,Same Day,SG-20080,92374,46.84,12.65,OFF-ST-10003638,Redlands
5213,CA-2016-145898,2016-09-26,Same Day,CM-12445,92374,51.45,13.89,OFF-ST-10004507,Redlands
3318,CA-2015-165057,2015-09-15,Standard Class,SC-20725,92374,181.35,48.96,OFF-AR-10004648,Redlands
2109,CA-2015-164882,2015-10-31,Same Day,SG-20080,92374,398.35,124.49,OFF-BI-10004519,Redlands
2112,CA-2015-164882,2015-10-31,Same Day,SG-20080,92374,323.14,20.20,FUR-CH-10004218,Redlands
2116,CA-2015-164882,2015-10-31,Same Day,SG-20080,92374,425.83,20.04,FUR-BO-10002213,Redlands
2114,CA-2015-164882,2015-10-31,Same Day,SG-20080,92374,1295.84,145.78,TEC-PH-10001578,Redlands
4947,CA-2016-151372,2016-09-06,First Class,JH-15985,90278,4.36,1.79,OFF-FA-10000304,Redondo Beach
6215,CA-2014-128538,2014-10-15,Standard Class,AS-10240,90278,7.64,3.74,OFF-EN-10001219,Redondo Beach
4946,CA-2016-151372,2016-09-06,First Class,JH-15985,90278,11.68,3.94,OFF-BI-10000050,Redondo Beach
2796,CA-2014-154599,2014-04-17,Standard Class,KN-16450,90278,18.09,6.56,OFF-BI-10002764,Redondo Beach
4945,CA-2016-151372,2016-09-06,First Class,JH-15985,90278,96.08,46.12,OFF-PA-10004381,Redondo Beach
2797,CA-2014-154599,2014-04-17,Standard Class,KN-16450,90278,308.50,-18.15,FUR-BO-10001337,Redondo Beach
2795,CA-2014-154599,2014-04-17,Standard Class,KN-16450,90278,438.37,38.36,TEC-PH-10000576,Redondo Beach
2794,CA-2014-154599,2014-04-17,Standard Class,KN-16450,90278,1075.09,94.07,TEC-PH-10001557,Redondo Beach
6116,CA-2016-133802,2016-03-20,Standard Class,SP-20650,94061,41.90,14.14,OFF-BI-10003291,Redwood City
3235,CA-2016-138933,2016-04-27,First Class,JL-15130,92503,3.98,1.39,OFF-BI-10003355,Riverside
6962,CA-2017-162096,2017-11-10,Same Day,TB-21190,92503,7.80,2.11,OFF-AR-10002221,Riverside
8131,CA-2014-127866,2014-07-23,First Class,JD-15895,92503,11.96,5.86,OFF-PA-10003971,Riverside
3687,CA-2016-102792,2016-12-19,Standard Class,JC-15340,92503,9.84,3.25,OFF-AR-10004757,Riverside
939,CA-2015-148250,2015-12-17,Standard Class,RP-19270,92503,12.96,6.22,OFF-PA-10000289,Riverside
9665,US-2015-120957,2015-12-07,Same Day,KH-16690,92503,12.96,6.22,OFF-PA-10003953,Riverside
8132,CA-2014-127866,2014-07-23,First Class,JD-15895,92503,13.12,3.80,OFF-AR-10003481,Riverside
1105,CA-2016-112340,2016-10-27,Standard Class,NM-18520,92503,22.92,11.23,OFF-PA-10001892,Riverside
8130,CA-2014-127866,2014-07-23,First Class,JD-15895,92503,41.94,15.10,TEC-AC-10000023,Riverside
9343,CA-2016-119123,2016-03-18,Standard Class,DB-13360,92503,51.18,19.19,OFF-BI-10001036,Riverside
7771,CA-2016-155978,2016-07-31,Same Day,TS-21205,92503,45.96,13.79,OFF-AP-10002892,Riverside
940,CA-2015-148250,2015-12-17,Standard Class,RP-19270,92503,134.48,34.96,OFF-AP-10003040,Riverside
8133,CA-2014-127866,2014-07-23,First Class,JD-15895,92503,535.41,160.62,OFF-ST-10001490,Riverside
7770,CA-2016-155978,2016-07-31,Same Day,TS-21205,92503,1039.73,90.98,TEC-PH-10002885,Riverside
6947,CA-2015-126466,2015-11-13,Standard Class,JO-15550,95661,2.48,1.17,OFF-FA-10000490,Roseville
6561,CA-2016-160941,2016-07-26,Standard Class,DK-12835,95661,3.15,1.51,OFF-LA-10003766,Roseville
137,CA-2016-145583,2016-10-19,Standard Class,LC-16885,95661,4.02,1.97,OFF-FA-10002988,Roseville
6791,CA-2016-124527,2016-11-17,First Class,IM-15055,95661,8.32,2.81,OFF-BI-10004967,Roseville
8300,US-2014-103338,2014-03-15,Standard Class,RB-19435,95661,7.98,2.07,OFF-AR-10001770,Roseville
136,CA-2016-145583,2016-10-19,Standard Class,LC-16885,95661,11.52,3.46,OFF-AR-10001149,Roseville
9212,CA-2015-167479,2015-03-19,Standard Class,AI-10855,95661,19.44,9.33,OFF-PA-10002105,Roseville
134,CA-2016-145583,2016-10-19,Standard Class,LC-16885,95661,20.04,9.62,OFF-PA-10001804,Roseville
7589,CA-2017-122945,2017-11-22,Standard Class,MB-18085,95661,17.31,5.19,FUR-FU-10001196,Roseville
135,CA-2016-145583,2016-10-19,Standard Class,LC-16885,95661,35.44,16.66,OFF-PA-10001736,Roseville
140,CA-2016-145583,2016-10-19,Standard Class,LC-16885,95661,43.12,20.70,FUR-FU-10001706,Roseville
139,CA-2016-145583,2016-10-19,Standard Class,LC-16885,95661,65.88,18.45,OFF-SU-10001218,Roseville
138,CA-2016-145583,2016-10-19,Standard Class,LC-16885,95661,76.18,26.66,OFF-BI-10004781,Roseville
6560,CA-2016-160941,2016-07-26,Standard Class,DK-12835,95661,419.90,197.35,OFF-EN-10003001,Roseville
6792,CA-2016-162348,2016-11-15,Standard Class,BF-11170,95823,9.98,2.79,FUR-FU-10003731,Sacramento
4088,CA-2016-111913,2016-08-06,Second Class,LC-16930,95823,11.78,3.98,OFF-BI-10000343,Sacramento
3521,CA-2015-168767,2015-04-15,Standard Class,DM-12955,95823,12.83,4.33,OFF-BI-10000773,Sacramento
8763,CA-2016-112578,2017-01-02,Standard Class,FO-14305,95823,14.03,4.07,OFF-ST-10003722,Sacramento
4087,CA-2016-111913,2016-08-06,Second Class,LC-16930,95823,20.95,7.07,OFF-BI-10003291,Sacramento
8764,CA-2016-112578,2017-01-02,Standard Class,FO-14305,95823,27.96,7.27,OFF-SU-10002557,Sacramento
8858,CA-2017-135909,2017-10-20,Standard Class,JW-15220,95823,31.98,-8.00,TEC-PH-10003187,Sacramento
9599,CA-2015-149517,2015-09-23,Standard Class,FC-14245,95823,60.84,19.47,FUR-FU-10003464,Sacramento
2367,CA-2014-102295,2014-11-26,Second Class,EH-13990,95823,120.71,-18.11,FUR-CH-10001714,Sacramento
8857,CA-2017-135909,2017-10-20,Standard Class,JW-15220,95823,209.94,39.89,TEC-AC-10002335,Sacramento
4086,CA-2016-111913,2016-08-06,Second Class,LC-16930,95823,302.38,30.24,TEC-PH-10002275,Sacramento
6918,CA-2014-124247,2014-12-21,Standard Class,SH-20635,95823,1403.92,70.20,FUR-CH-10001854,Sacramento
8859,CA-2017-135909,2017-10-20,Standard Class,JW-15220,95823,5083.96,1906.48,OFF-BI-10003527,Sacramento
851,CA-2016-152534,2016-06-25,Second Class,DP-13105,93905,5.16,1.34,OFF-AR-10002335,Salinas
1427,US-2015-164448,2015-11-04,Second Class,DK-12835,93905,9.73,3.28,OFF-BI-10002949,Salinas
1428,US-2015-164448,2015-11-04,Second Class,DK-12835,93905,14.75,7.08,OFF-EN-10002600,Salinas
852,CA-2016-152534,2016-06-25,Second Class,DP-13105,93905,38.88,18.66,OFF-PA-10001870,Salinas
1429,US-2015-164448,2015-11-04,Second Class,DK-12835,93905,29.80,9.31,OFF-BI-10003708,Salinas
2186,CA-2017-124576,2017-08-04,Second Class,HK-14890,93905,54.90,18.53,OFF-BI-10002735,Salinas
7014,CA-2017-141201,2017-12-11,Second Class,DB-12910,93905,148.26,15.70,FUR-BO-10001519,Salinas
1430,US-2015-164448,2015-11-04,Second Class,DK-12835,93905,427.42,196.61,OFF-LA-10003510,Salinas
9931,CA-2015-104948,2015-11-17,Standard Class,KH-16510,92404,9.87,3.46,OFF-BI-10001267,San Bernardino
2018,CA-2015-113110,2015-03-23,Standard Class,BK-11260,92404,14.62,6.87,OFF-LA-10000240,San Bernardino
2017,CA-2015-113110,2015-03-23,Standard Class,BK-11260,92404,17.57,6.37,OFF-BI-10000088,San Bernardino
9933,CA-2015-104948,2015-11-17,Standard Class,KH-16510,92404,29.96,13.48,OFF-PA-10004610,San Bernardino
2020,CA-2015-113110,2015-03-23,Standard Class,BK-11260,92404,40.14,19.67,OFF-PA-10002749,San Bernardino
2019,CA-2015-113110,2015-03-23,Standard Class,BK-11260,92404,33.36,8.67,OFF-SU-10001165,San Bernardino
8089,CA-2015-107020,2015-07-14,Standard Class,MV-18190,92404,39.92,12.97,OFF-BI-10003719,San Bernardino
8410,CA-2015-134082,2015-12-17,Standard Class,JK-15640,92404,110.53,38.68,OFF-BI-10004230,San Bernardino
9932,CA-2015-104948,2015-11-17,Standard Class,KH-16510,92404,683.33,-40.20,FUR-BO-10004357,San Bernardino
9668,CA-2016-126270,2016-04-27,Standard Class,AF-10870,92672,18.09,6.56,OFF-BI-10002764,San Clemente
9669,CA-2016-126270,2016-04-27,Standard Class,AF-10870,92672,71.97,35.98,OFF-EN-10004386,San Clemente
1295,CA-2015-101707,2015-08-31,Standard Class,PF-19165,92105,3.08,1.48,OFF-LA-10000134,San Diego
5299,CA-2016-106656,2016-09-26,First Class,DV-13045,92037,4.08,1.92,OFF-EN-10001509,San Diego
3294,CA-2014-106264,2014-12-30,Standard Class,CK-12595,92024,3.48,1.11,FUR-FU-10001852,San Diego
2260,CA-2015-117611,2015-11-10,Second Class,MZ-17335,92024,5.00,2.40,OFF-FA-10002280,San Diego
251,CA-2016-145625,2016-09-17,Standard Class,KC-16540,92037,7.61,3.58,OFF-PA-10004569,San Diego
5584,CA-2014-116673,2014-12-19,Second Class,JO-15280,92037,6.16,1.97,FUR-FU-10003829,San Diego
2388,CA-2015-145065,2015-12-15,First Class,DK-13375,92105,7.86,3.62,OFF-FA-10001229,San Diego
8956,CA-2014-126480,2014-09-24,Standard Class,HG-14965,92024,8.56,3.85,OFF-PA-10004610,San Diego
4732,US-2015-103996,2015-03-31,Second Class,RB-19435,92105,9.87,4.54,OFF-PA-10001609,San Diego
5137,CA-2015-146696,2015-12-19,Standard Class,RD-19480,92105,8.10,2.73,OFF-BI-10002432,San Diego
5970,CA-2014-141726,2014-07-22,First Class,CC-12145,92105,8.70,3.16,OFF-BI-10001982,San Diego
3871,CA-2015-132486,2015-10-27,Second Class,JF-15355,92105,11.56,5.66,OFF-PA-10004971,San Diego
3872,CA-2015-132486,2015-10-27,Second Class,JF-15355,92105,11.80,5.66,OFF-EN-10002600,San Diego
6064,CA-2015-111780,2015-12-30,Second Class,RA-19285,92037,12.60,6.17,OFF-PA-10001307,San Diego
1704,CA-2014-139857,2014-02-06,Standard Class,CD-12790,92037,12.35,5.80,OFF-FA-10001843,San Diego
3204,CA-2014-158372,2014-11-16,Standard Class,RD-19900,92037,10.99,4.29,TEC-AC-10004209,San Diego
7490,CA-2017-157196,2017-11-09,Standard Class,AA-10645,92105,12.96,6.22,OFF-PA-10003172,San Diego
482,CA-2014-134677,2014-10-10,Standard Class,XP-21865,92024,9.09,1.91,TEC-AC-10001445,San Diego
8142,CA-2016-100993,2016-02-10,Standard Class,AZ-10750,92037,14.73,7.22,OFF-LA-10003223,San Diego
8166,CA-2015-168207,2015-11-06,Standard Class,LT-17110,92105,11.95,4.18,OFF-BI-10003355,San Diego
3864,CA-2017-123246,2017-10-19,Second Class,AJ-10960,92037,10.64,2.77,OFF-AR-10001770,San Diego
6699,CA-2017-145429,2017-07-25,Standard Class,SW-20455,92024,16.34,7.68,OFF-PA-10003205,San Diego
4106,US-2017-155999,2017-08-13,Standard Class,JK-15370,92105,13.76,4.64,OFF-BI-10000404,San Diego
6065,CA-2015-111780,2015-12-30,Second Class,RA-19285,92037,17.94,8.07,OFF-PA-10001667,San Diego
5470,CA-2014-132451,2014-09-27,First Class,KF-16285,92105,19.44,9.33,OFF-PA-10004888,San Diego
5971,CA-2014-141726,2014-07-22,First Class,CC-12145,92105,19.92,9.76,OFF-PA-10002230,San Diego
5300,CA-2016-106656,2016-09-26,First Class,DV-13045,92037,18.90,8.69,OFF-LA-10003148,San Diego
7442,CA-2015-120446,2015-11-18,First Class,JG-15805,92105,18.90,8.69,OFF-LA-10003148,San Diego
8949,CA-2014-132913,2014-12-26,First Class,AS-10090,92037,13.97,3.63,OFF-AP-10003278,San Diego
4734,US-2015-103996,2015-03-31,Second Class,RB-19435,92105,19.92,9.56,FUR-FU-10004586,San Diego
5753,CA-2016-125850,2016-01-28,Standard Class,FP-14320,92037,20.65,9.50,OFF-LA-10004484,San Diego
1741,CA-2014-110527,2014-08-16,Standard Class,ED-13885,92037,20.88,9.60,OFF-LA-10000262,San Diego
3293,CA-2014-106264,2014-12-30,Standard Class,CK-12595,92024,11.91,0.12,OFF-SU-10002189,San Diego
2607,CA-2016-154053,2016-03-10,Standard Class,MG-17890,92024,16.99,4.93,OFF-AR-10003727,San Diego
1058,CA-2017-167150,2017-12-17,Standard Class,BP-11185,92037,19.94,7.23,OFF-BI-10001097,San Diego
801,CA-2017-105809,2017-02-23,First Class,HW-14935,92105,22.23,7.34,FUR-FU-10004090,San Diego
2947,CA-2017-169859,2017-12-18,Standard Class,MP-18175,92024,26.25,11.03,FUR-FU-10004963,San Diego
7919,CA-2015-152513,2015-07-08,Second Class,JP-16135,92024,22.85,7.43,OFF-BI-10002706,San Diego
2389,CA-2015-145065,2015-12-15,First Class,DK-13375,92105,24.45,8.86,OFF-BI-10002437,San Diego
8685,CA-2016-155446,2016-12-23,Standard Class,TN-21040,92024,21.21,4.45,TEC-AC-10001445,San Diego
5846,CA-2015-126725,2015-11-21,Standard Class,BS-11665,92105,32.40,15.55,OFF-PA-10001639,San Diego
1545,CA-2014-107181,2014-02-08,Standard Class,DB-13270,92024,34.24,16.09,OFF-PA-10000350,San Diego
1762,CA-2015-130785,2015-09-09,Standard Class,AG-10900,92105,28.75,9.70,OFF-BI-10001900,San Diego
8715,CA-2017-136623,2017-07-16,Standard Class,TS-21430,92105,29.80,9.31,OFF-BI-10003708,San Diego
8748,CA-2017-128076,2017-02-07,Standard Class,BO-11350,92105,30.96,10.06,OFF-BI-10003638,San Diego
5848,CA-2015-126725,2015-11-21,Standard Class,BS-11665,92105,36.60,15.37,FUR-FU-10001591,San Diego
3079,CA-2014-104780,2014-05-25,Standard Class,BT-11530,92037,31.84,10.51,OFF-AR-10003514,San Diego
3208,CA-2014-158372,2014-11-16,Standard Class,RD-19900,92037,39.84,18.33,OFF-LA-10000407,San Diego
2743,CA-2014-149244,2014-11-08,Standard Class,MS-17530,92037,35.34,13.43,FUR-FU-10004671,San Diego
5752,CA-2016-125850,2016-01-28,Standard Class,FP-14320,92037,44.40,22.20,OFF-LA-10003498,San Diego
2949,CA-2017-169859,2017-12-18,Standard Class,MP-18175,92024,43.70,20.54,OFF-EN-10000461,San Diego
1293,CA-2015-101707,2015-08-31,Standard Class,PF-19165,92105,32.94,9.22,OFF-SU-10001218,San Diego
6299,CA-2014-169852,2014-10-26,Standard Class,SF-20965,92024,36.36,12.27,OFF-BI-10001460,San Diego
7376,CA-2017-100580,2017-08-20,Standard Class,MK-17905,92037,36.02,11.71,OFF-BI-10000069,San Diego
3797,US-2014-117163,2014-02-02,Standard Class,EJ-13720,92037,36.44,12.03,OFF-AR-10003179,San Diego
9687,CA-2017-116498,2017-06-03,Standard Class,KA-16525,92037,35.10,10.18,OFF-AR-10003405,San Diego
9062,CA-2015-136420,2015-11-21,First Class,CS-12250,92024,50.12,23.56,OFF-LA-10002762,San Diego
5972,CA-2014-141726,2014-07-22,First Class,CC-12145,92105,43.02,15.49,FUR-FU-10003577,San Diego
3205,CA-2014-158372,2014-11-16,Standard Class,RD-19900,92037,39.88,11.17,FUR-FU-10000397,San Diego
5024,CA-2016-133795,2016-12-24,Standard Class,JE-15475,92037,39.92,11.18,FUR-FU-10003731,San Diego
5482,CA-2017-105487,2017-10-14,Standard Class,CS-12250,92105,36.00,6.48,TEC-AC-10002305,San Diego
3677,CA-2015-156440,2015-12-09,Standard Class,MH-17620,92105,44.46,14.67,FUR-FU-10004090,San Diego
4733,US-2015-103996,2015-03-31,Second Class,RB-19435,92105,53.25,20.77,TEC-AC-10003116,San Diego
6701,CA-2017-145429,2017-07-25,Standard Class,SW-20455,92024,50.35,17.62,OFF-BI-10001524,San Diego
7832,CA-2015-137302,2015-04-30,Standard Class,BW-11110,92105,50.35,17.62,OFF-BI-10001524,San Diego
9743,CA-2017-131303,2017-12-02,Standard Class,EP-13915,92037,62.65,29.45,OFF-LA-10001074,San Diego
3206,CA-2014-158372,2014-11-16,Standard Class,RD-19900,92037,62.24,28.01,OFF-PA-10002137,San Diego
4195,CA-2015-154200,2015-06-22,Standard Class,BG-11740,92105,51.98,15.07,OFF-AR-10001044,San Diego
2043,CA-2015-104493,2015-10-08,Standard Class,EB-13705,92105,57.50,20.13,OFF-BI-10004817,San Diego
3207,CA-2014-158372,2014-11-16,Standard Class,RD-19900,92037,53.20,14.90,FUR-FU-10001867,San Diego
5484,CA-2017-105487,2017-10-14,Standard Class,CS-12250,92105,40.68,0.41,OFF-ST-10002301,San Diego
3314,US-2014-133130,2014-09-30,Standard Class,TH-21100,92037,81.98,40.17,OFF-PA-10000675,San Diego
2948,CA-2017-169859,2017-12-18,Standard Class,MP-18175,92024,64.96,22.74,OFF-BI-10000174,San Diego
1059,CA-2017-167150,2017-12-17,Standard Class,BP-11185,92037,65.57,22.95,OFF-BI-10001597,San Diego
3795,US-2014-117163,2014-02-02,Standard Class,EJ-13720,92037,57.23,14.31,OFF-ST-10003692,San Diego
7830,CA-2015-137302,2015-04-30,Standard Class,BW-11110,92105,59.52,15.48,OFF-AR-10000588,San Diego
2497,CA-2015-122371,2015-09-30,Standard Class,BS-11800,92037,64.17,18.61,OFF-ST-10002370,San Diego
3529,CA-2016-130680,2016-06-29,Standard Class,BD-11320,92024,38.24,-9.56,TEC-PH-10004833,San Diego
5022,CA-2016-133795,2016-12-24,Standard Class,JE-15475,92037,72.64,21.79,TEC-AC-10001465,San Diego
1925,CA-2017-126865,2017-12-07,Second Class,NP-18325,92024,92.94,41.82,OFF-PA-10003039,San Diego
5844,CA-2015-126725,2015-11-21,Standard Class,BS-11665,92105,80.96,29.15,FUR-FU-10002813,San Diego
3353,US-2014-134733,2014-09-28,Standard Class,BM-11650,92037,83.98,31.49,TEC-PH-10002726,San Diego
1544,CA-2014-107181,2014-02-08,Standard Class,DB-13270,92024,82.90,29.01,OFF-BI-10004230,San Diego
595,CA-2014-131450,2014-08-15,Standard Class,LR-16915,92024,76.12,22.07,OFF-AP-10004708,San Diego
5969,CA-2014-141726,2014-07-22,First Class,CC-12145,92105,104.85,50.33,OFF-PA-10000418,San Diego
9167,CA-2016-100300,2016-06-26,Second Class,MJ-17740,92037,104.85,50.33,OFF-PA-10000418,San Diego
9061,CA-2015-136420,2015-11-21,First Class,CS-12250,92024,89.70,33.64,OFF-BI-10002854,San Diego
5811,US-2015-163279,2015-03-26,Standard Class,JD-16150,92037,105.52,48.54,OFF-PA-10003127,San Diego
1552,CA-2016-159345,2016-06-22,Standard Class,IG-15085,92024,111.96,54.86,OFF-PA-10000806,San Diego
7829,CA-2015-137302,2015-04-30,Standard Class,BW-11110,92105,63.94,6.39,FUR-CH-10002017,San Diego
1294,CA-2015-101707,2015-08-31,Standard Class,PF-19165,92105,114.20,52.53,OFF-PA-10002968,San Diego
4984,CA-2016-109925,2016-11-10,Second Class,IM-15070,92105,84.84,22.91,OFF-ST-10003442,San Diego
8164,CA-2015-168207,2015-11-06,Standard Class,LT-17110,92105,96.96,33.94,FUR-FU-10004909,San Diego
2498,CA-2015-122371,2015-09-30,Standard Class,BS-11800,92037,124.46,58.50,OFF-EN-10000056,San Diego
8714,CA-2017-136623,2017-07-16,Standard Class,TS-21430,92105,71.95,5.40,TEC-PH-10000004,San Diego
2253,CA-2016-117849,2016-04-17,Second Class,JK-16120,92105,143.70,68.98,OFF-PA-10004327,San Diego
5812,US-2015-163279,2015-03-26,Standard Class,JD-16150,92037,91.96,15.63,FUR-FU-10000747,San Diego
8165,CA-2015-168207,2015-11-06,Standard Class,LT-17110,92105,117.49,41.12,OFF-BI-10001524,San Diego
887,CA-2017-115364,2017-07-02,Standard Class,OT-18730,92105,83.76,1.68,OFF-ST-10002486,San Diego
3868,CA-2015-132486,2015-10-27,Second Class,JF-15355,92105,148.32,63.78,TEC-AC-10000710,San Diego
1092,CA-2015-143490,2015-12-13,Standard Class,NP-18325,92105,120.15,33.64,OFF-AR-10002952,San Diego
2675,CA-2017-136875,2017-12-03,Same Day,TC-21295,92024,166.44,79.89,OFF-PA-10000357,San Diego
3524,CA-2016-137673,2016-09-10,Standard Class,ML-17395,92105,116.00,29.00,TEC-AC-10002345,San Diego
7941,CA-2016-146325,2016-12-17,First Class,DS-13180,92037,81.42,-9.16,FUR-CH-10001146,San Diego
5481,CA-2017-105487,2017-10-14,Standard Class,CS-12250,92105,103.19,11.61,TEC-PH-10001336,San Diego
7942,CA-2016-146325,2016-12-17,First Class,DS-13180,92037,134.80,35.05,OFF-ST-10001590,San Diego
7997,US-2017-105998,2017-11-05,First Class,CR-12580,92037,199.75,87.89,TEC-AC-10004469,San Diego
4731,US-2015-103996,2015-03-31,Second Class,RB-19435,92105,212.64,99.94,OFF-PA-10001736,San Diego
1011,CA-2014-158540,2014-11-26,First Class,VG-21790,92037,151.72,27.31,FUR-FU-10001602,San Diego
5483,CA-2017-105487,2017-10-14,Standard Class,CS-12250,92105,239.96,115.18,TEC-AC-10003610,San Diego
8143,CA-2016-100993,2016-02-10,Standard Class,AZ-10750,92037,186.54,50.37,OFF-ST-10004340,San Diego
4105,US-2017-155999,2017-08-13,Standard Class,JK-15370,92105,159.96,18.00,TEC-PH-10000439,San Diego
2776,CA-2016-144729,2016-10-25,Standard Class,JE-15745,92037,154.44,1.54,OFF-ST-10004804,San Diego
2876,US-2016-167339,2016-01-23,Second Class,TD-20995,92037,153.57,-5.76,FUR-CH-10004289,San Diego
9168,CA-2016-100300,2016-06-26,Second Class,MJ-17740,92037,241.44,72.43,OFF-AP-10001242,San Diego
3870,CA-2015-132486,2015-10-27,Second Class,JF-15355,92105,191.97,16.80,FUR-CH-10004540,San Diego
7190,CA-2016-164399,2016-11-15,First Class,DW-13480,92024,203.98,25.50,TEC-PH-10004908,San Diego
6673,CA-2015-153794,2015-09-16,Standard Class,SB-20290,92024,265.86,79.76,OFF-AR-10000380,San Diego
5882,CA-2016-133935,2016-09-22,Standard Class,JW-15220,92105,368.91,180.77,OFF-PA-10000100,San Diego
8145,CA-2016-100993,2016-02-10,Standard Class,AZ-10750,92037,159.97,-31.99,TEC-PH-10001448,San Diego
802,CA-2017-105809,2017-02-23,First Class,HW-14935,92105,215.97,18.90,TEC-PH-10001580,San Diego
8747,CA-2017-128076,2017-02-07,Standard Class,BO-11350,92105,210.58,12.63,FUR-FU-10000293,San Diego
1093,CA-2015-143490,2015-12-13,Standard Class,NP-18325,92105,219.18,19.18,TEC-PH-10000576,San Diego
8749,CA-2017-128076,2017-02-07,Standard Class,BO-11350,92105,239.98,39.00,TEC-MA-10002109,San Diego
6700,CA-2017-145429,2017-07-25,Standard Class,SW-20455,92024,225.30,22.53,FUR-CH-10000988,San Diego
3869,CA-2015-132486,2015-10-27,Second Class,JF-15355,92105,240.78,27.09,FUR-CH-10004495,San Diego
5847,CA-2015-126725,2015-11-21,Standard Class,BS-11665,92105,225.57,2.82,FUR-CH-10001708,San Diego
598,CA-2014-131450,2014-08-15,Standard Class,LR-16915,92024,327.76,91.77,FUR-FU-10001979,San Diego
7831,CA-2015-137302,2015-04-30,Standard Class,BW-11110,92105,311.98,39.00,TEC-PH-10003174,San Diego
5843,CA-2015-126725,2015-11-21,Standard Class,BS-11665,92105,304.90,6.10,OFF-ST-10001418,San Diego
2261,CA-2015-117611,2015-11-10,Second Class,MZ-17335,92024,371.97,66.95,TEC-AC-10002049,San Diego
1763,CA-2015-130785,2015-09-09,Standard Class,AG-10900,92105,293.20,-20.70,FUR-BO-10003159,San Diego
4397,CA-2016-148740,2016-11-19,Standard Class,AH-10690,92024,361.38,27.10,TEC-PH-10002549,San Diego
5832,CA-2015-111206,2015-07-22,Standard Class,RF-19735,92105,519.96,176.79,TEC-AC-10003095,San Diego
3796,US-2014-117163,2014-02-02,Standard Class,EJ-13720,92037,333.00,-16.65,FUR-TA-10003469,San Diego
748,CA-2014-124429,2014-05-27,Same Day,MH-17785,92105,359.32,7.19,OFF-ST-10001809,San Diego
5842,CA-2015-126725,2015-11-21,Standard Class,BS-11665,92105,415.97,52.00,TEC-PH-10003174,San Diego
597,CA-2014-131450,2014-08-15,Standard Class,LR-16915,92024,445.96,55.74,TEC-PH-10002398,San Diego
3352,US-2014-134733,2014-09-28,Standard Class,BM-11650,92037,436.00,20.52,FUR-BO-10002916,San Diego
1761,CA-2015-130785,2015-09-09,Standard Class,AG-10900,92105,411.33,-4.84,FUR-BO-10000330,San Diego
5619,CA-2015-101154,2015-09-21,First Class,CM-12190,92105,443.92,8.88,OFF-ST-10004186,San Diego
7036,CA-2017-119494,2017-11-13,Standard Class,JE-15610,92105,523.39,52.34,FUR-CH-10004675,San Diego
8158,CA-2016-103464,2016-11-22,Standard Class,PG-18820,92105,595.00,95.20,TEC-AC-10002842,San Diego
5469,CA-2014-132451,2014-09-27,First Class,KF-16285,92105,585.55,73.19,FUR-CH-10000454,San Diego
9134,CA-2015-157805,2015-09-04,Standard Class,RH-19510,92037,555.96,41.70,TEC-PH-10004447,San Diego
5640,CA-2014-154893,2014-12-27,Standard Class,GM-14440,92024,572.16,35.76,FUR-CH-10000595,San Diego
3203,CA-2014-158372,2014-11-16,Standard Class,RD-19900,92037,601.54,60.15,TEC-PH-10002103,San Diego
8167,CA-2015-168207,2015-11-06,Standard Class,LT-17110,92105,512.50,-30.15,FUR-BO-10004357,San Diego
8144,CA-2016-100993,2016-02-10,Standard Class,AZ-10750,92037,557.73,6.97,FUR-TA-10001095,San Diego
3313,US-2014-133130,2014-09-30,Standard Class,TH-21100,92037,603.92,45.29,FUR-CH-10002602,San Diego
747,CA-2014-124429,2014-05-27,Same Day,MH-17785,92105,567.12,-28.36,FUR-TA-10002607,San Diego
8869,CA-2016-158260,2016-11-08,Standard Class,CC-12475,92037,686.40,77.22,TEC-MA-10003176,San Diego
5023,CA-2016-133795,2016-12-24,Standard Class,JE-15475,92037,772.47,146.77,TEC-AC-10003832,San Diego
8712,CA-2014-105648,2014-03-07,Standard Class,EJ-14155,92037,626.35,-23.49,FUR-TA-10002958,San Diego
7191,CA-2016-164399,2016-11-15,First Class,DW-13480,92024,674.35,-8.43,FUR-TA-10003392,San Diego
5845,CA-2015-126725,2015-11-21,Standard Class,BS-11665,92105,777.21,54.40,OFF-ST-10000129,San Diego
5881,CA-2016-133935,2016-09-22,Standard Class,JW-15220,92105,801.57,50.10,FUR-CH-10001215,San Diego
596,CA-2014-131450,2014-08-15,Standard Class,LR-16915,92024,1199.98,434.99,TEC-CO-10004115,San Diego
2874,CA-2017-137022,2017-11-22,Standard Class,SW-20275,92105,811.28,24.34,OFF-ST-10001963,San Diego
3873,CA-2015-132486,2015-10-27,Second Class,JF-15355,92105,842.35,42.12,FUR-CH-10001854,San Diego
2877,US-2016-167339,2016-01-23,Second Class,TD-20995,92037,1013.49,76.01,FUR-CH-10000785,San Diego
6063,CA-2015-111780,2015-12-30,Second Class,RA-19285,92037,1199.96,224.99,TEC-CO-10004202,San Diego
5883,CA-2016-133935,2016-09-22,Standard Class,JW-15220,92105,885.53,-99.62,FUR-CH-10002880,San Diego
5639,CA-2014-154893,2014-12-27,Standard Class,GM-14440,92024,1325.76,149.15,FUR-CH-10004287,San Diego
5813,US-2015-163279,2015-03-26,Standard Class,JD-16150,92037,1487.98,186.00,TEC-PH-10001795,San Diego
2857,CA-2016-128594,2016-08-29,First Class,DJ-13510,92037,1603.14,100.20,FUR-CH-10001215,San Diego
7998,US-2017-105998,2017-11-05,First Class,CR-12580,92037,1673.18,20.91,FUR-TA-10001095,San Diego
8893,CA-2015-111038,2015-12-06,Standard Class,LC-16960,92037,2676.67,267.67,FUR-CH-10003973,San Diego
252,CA-2016-145625,2016-09-17,Standard Class,KC-16540,92037,3347.37,636.00,TEC-AC-10003832,San Diego
9166,CA-2016-100300,2016-06-26,Second Class,MJ-17740,92037,4476.80,503.64,TEC-MA-10000984,San Diego
2762,CA-2017-126536,2017-10-14,First Class,NK-18490,94110,0.99,0.44,TEC-AC-10003709,San Francisco
4655,CA-2017-159107,2017-06-26,Second Class,KT-16480,94110,2.88,1.35,OFF-FA-10001332,San Francisco
6520,US-2017-116652,2017-09-19,Standard Class,RD-19480,94122,2.69,0.84,OFF-BI-10004528,San Francisco
9338,CA-2014-155264,2014-10-22,Second Class,RP-19270,94110,2.99,1.12,OFF-BI-10003196,San Francisco
3452,CA-2014-168592,2014-09-14,Standard Class,DP-13390,94110,4.02,1.97,OFF-FA-10002988,San Francisco
9248,CA-2017-130106,2017-05-26,Standard Class,VF-21715,94109,2.78,0.72,OFF-AR-10003732,San Francisco
781,CA-2015-144267,2015-08-23,First Class,NZ-18565,94110,4.28,1.93,OFF-PA-10003657,San Francisco
3626,CA-2017-113530,2017-05-21,Second Class,BC-11125,94109,3.52,1.02,OFF-AR-10001315,San Francisco
9052,CA-2014-141838,2014-03-31,Second Class,DK-12835,94122,3.36,0.84,OFF-AR-10004272,San Francisco
3441,CA-2015-144099,2015-11-30,Same Day,PO-19195,94122,4.30,1.56,OFF-BI-10001078,San Francisco
3854,US-2017-131849,2017-06-10,Standard Class,GH-14410,94122,4.95,2.18,FUR-FU-10004164,San Francisco
7648,CA-2016-138968,2016-03-16,First Class,FC-14335,94110,4.54,1.65,OFF-BI-10003529,San Francisco
2398,CA-2017-169264,2017-08-16,Second Class,NP-18700,94109,5.76,2.82,OFF-LA-10001613,San Francisco
8092,CA-2015-127502,2015-12-14,Standard Class,MT-17815,94110,5.76,2.82,OFF-LA-10001613,San Francisco
273,CA-2015-155334,2015-07-31,First Class,HA-14920,94109,5.28,2.32,FUR-FU-10003274,San Francisco
2617,CA-2017-147942,2017-04-05,Standard Class,MS-17365,94110,5.78,2.72,OFF-LA-10003663,San Francisco
7775,CA-2016-152800,2016-04-15,First Class,SP-20920,94109,6.12,2.88,OFF-EN-10001509,San Francisco
1117,CA-2016-144855,2016-07-24,Second Class,DL-13495,94110,6.30,3.02,OFF-LA-10003766,San Francisco
2753,CA-2015-155306,2015-04-21,Standard Class,GA-14515,94122,5.56,2.22,OFF-AR-10003251,San Francisco
9245,CA-2014-113271,2014-07-14,Standard Class,DS-13030,94122,5.56,2.22,OFF-AR-10003251,San Francisco
7740,CA-2014-154781,2014-11-26,Standard Class,SC-20680,94110,6.58,3.03,OFF-PA-10001609,San Francisco
1709,CA-2017-123491,2017-11-05,Standard Class,JK-15205,94122,7.42,3.71,OFF-PA-10003424,San Francisco
8684,CA-2017-101665,2017-11-30,Standard Class,TZ-21580,94122,5.16,1.34,OFF-AR-10002335,San Francisco
2504,CA-2016-149482,2016-11-19,Standard Class,RR-19315,94110,7.38,3.47,OFF-LA-10000248,San Francisco
8479,CA-2017-158736,2017-12-24,Standard Class,TT-21460,94110,5.76,1.67,OFF-AR-10002578,San Francisco
3627,CA-2017-113530,2017-05-21,Second Class,BC-11125,94109,5.58,1.40,OFF-AR-10000122,San Francisco
4457,US-2015-146745,2015-09-08,Standard Class,AS-10630,94110,6.37,2.15,OFF-BI-10003274,San Francisco
9123,CA-2017-162250,2017-11-24,Same Day,PR-18880,94109,7.78,3.50,OFF-PA-10002137,San Francisco
3587,CA-2017-161823,2017-09-08,Standard Class,AG-10300,94122,5.96,1.67,OFF-AR-10002053,San Francisco
4771,US-2016-114888,2016-09-24,Second Class,CC-12430,94109,6.24,1.87,OFF-SU-10001212,San Francisco
2931,CA-2015-168564,2015-08-08,Same Day,TT-21220,94109,6.61,2.23,OFF-BI-10004970,San Francisco
9682,CA-2017-122770,2017-12-18,Standard Class,EP-13915,94122,8.64,4.23,OFF-LA-10004559,San Francisco
4990,CA-2017-107321,2017-09-04,Standard Class,AW-10930,94110,6.67,2.17,OFF-BI-10004022,San Francisco
2932,CA-2015-168564,2015-08-08,Same Day,TT-21220,94109,7.28,2.73,OFF-BI-10002557,San Francisco
1100,CA-2016-107216,2016-06-17,First Class,PV-18985,94122,8.73,4.10,FUR-FU-10000206,San Francisco
9307,CA-2014-128237,2014-03-30,Standard Class,CA-12265,94110,6.56,1.90,OFF-AR-10003829,San Francisco
3057,CA-2017-131492,2017-10-24,Second Class,HH-15010,94110,8.96,4.30,OFF-EN-10002973,San Francisco
1755,CA-2017-116715,2017-12-05,First Class,VW-21775,94122,8.56,3.85,OFF-PA-10003893,San Francisco
2884,CA-2016-130799,2016-11-16,Second Class,BK-11260,94110,6.96,2.23,FUR-FU-10001852,San Francisco
1266,CA-2017-110380,2017-09-07,Standard Class,PF-19225,94122,6.57,1.77,OFF-AR-10000422,San Francisco
5900,CA-2017-108000,2017-01-16,Standard Class,LS-16945,94110,9.78,4.89,OFF-EN-10002621,San Francisco
338,CA-2014-129924,2014-07-17,Standard Class,AC-10420,94122,7.71,2.80,OFF-BI-10003314,San Francisco
1099,CA-2016-107216,2016-06-17,First Class,PV-18985,94122,7.04,2.04,OFF-AR-10001545,San Francisco
410,CA-2017-117457,2017-12-12,Standard Class,KH-16510,94110,9.68,4.65,OFF-PA-10002893,San Francisco
9695,CA-2017-130148,2017-09-28,Second Class,NK-18490,94110,7.30,2.19,OFF-SU-10001574,San Francisco
794,CA-2014-156433,2014-09-26,Standard Class,ES-14020,94110,9.96,4.58,OFF-LA-10001569,San Francisco
8575,CA-2014-159849,2014-09-19,Same Day,JK-15640,94110,5.67,0.11,OFF-FA-10000053,San Francisco
9450,CA-2014-140032,2014-09-13,Standard Class,TS-21340,94109,8.61,3.01,OFF-BI-10000822,San Francisco
5822,CA-2017-117632,2017-05-18,Standard Class,CS-12175,94122,7.77,2.10,OFF-AP-10004868,San Francisco
143,CA-2017-106180,2017-09-23,Standard Class,SH-19975,94122,10.86,5.10,OFF-EN-10004030,San Francisco
2659,CA-2016-150343,2016-08-20,Standard Class,PK-19075,94110,10.86,5.10,OFF-EN-10004030,San Francisco
5609,CA-2015-168634,2015-12-11,Standard Class,AF-10870,94109,7.78,2.02,OFF-AP-10001626,San Francisco
8468,CA-2016-168557,2016-09-23,Standard Class,FH-14275,94122,8.93,3.12,OFF-BI-10002309,San Francisco
6513,CA-2017-167640,2017-03-10,Standard Class,FC-14245,94109,11.52,5.64,OFF-LA-10004559,San Francisco
9492,CA-2017-111738,2017-01-07,Standard Class,CM-12385,94110,9.12,3.10,OFF-AR-10000817,San Francisco
19,CA-2014-143336,2014-08-31,Second Class,ZD-21925,94109,8.56,2.48,OFF-AR-10003056,San Francisco
3479,CA-2016-131289,2016-12-14,Standard Class,SP-20620,94110,8.56,2.48,OFF-AR-10003056,San Francisco
2757,CA-2015-155306,2015-04-21,Standard Class,GA-14515,94122,11.96,5.86,OFF-PA-10001184,San Francisco
1102,CA-2016-107216,2016-06-17,First Class,PV-18985,94122,8.64,2.51,OFF-AR-10002255,San Francisco
7820,CA-2017-150469,2017-01-30,Standard Class,CJ-12010,94109,11.84,5.68,OFF-FA-10000611,San Francisco
5030,CA-2017-139304,2017-02-02,Standard Class,VG-21790,94109,8.34,2.17,OFF-AR-10001216,San Francisco
2499,CA-2016-126935,2016-05-24,Standard Class,BT-11395,94109,9.58,3.35,OFF-BI-10004817,San Francisco
7217,CA-2015-150770,2015-05-06,First Class,LC-16870,94109,8.82,2.56,OFF-AR-10001246,San Francisco
7528,US-2017-106145,2017-09-26,Same Day,RA-19885,94109,9.24,2.96,FUR-FU-10003829,San Francisco
5031,CA-2017-139304,2017-02-02,Standard Class,VG-21790,94109,8.57,2.23,OFF-SU-10001664,San Francisco
2219,CA-2017-130841,2017-07-31,Standard Class,MH-17620,94110,9.98,3.62,OFF-BI-10000145,San Francisco
142,CA-2017-106180,2017-09-23,Standard Class,SH-19975,94122,8.82,2.38,OFF-AR-10000940,San Francisco
4145,CA-2017-112725,2017-02-06,Standard Class,EH-14125,94110,8.82,2.38,OFF-AR-10001227,San Francisco
9685,CA-2017-122770,2017-12-18,Standard Class,EP-13915,94122,12.96,6.35,OFF-PA-10000232,San Francisco
4499,CA-2014-103401,2014-11-26,Standard Class,GR-14560,94110,12.96,6.22,OFF-PA-10003309,San Francisco
5724,CA-2016-165820,2016-09-30,Standard Class,DW-13585,94109,12.96,6.22,OFF-PA-10004735,San Francisco
6961,CA-2015-167255,2015-09-29,Second Class,RH-19510,94110,12.96,6.22,OFF-PA-10003441,San Francisco
274,CA-2015-155334,2015-07-31,First Class,HA-14920,94109,10.92,4.09,OFF-BI-10002557,San Francisco
1652,CA-2014-135699,2014-08-29,Same Day,HH-15010,94110,13.36,6.41,OFF-PA-10003001,San Francisco
9247,CA-2017-130106,2017-05-26,Standard Class,VF-21715,94109,9.84,2.85,OFF-AR-10003651,San Francisco
4144,CA-2017-112725,2017-02-06,Standard Class,EH-14125,94110,12.74,5.73,OFF-AR-10003759,San Francisco
2804,CA-2015-159380,2015-05-16,Standard Class,CS-12505,94122,12.84,5.78,OFF-PA-10003893,San Francisco
4554,US-2014-106334,2015-01-02,Standard Class,JF-15490,94122,12.84,5.78,OFF-PA-10003657,San Francisco
630,CA-2017-133431,2017-12-21,Standard Class,LC-17140,94122,13.23,6.09,OFF-PA-10002615,San Francisco
861,CA-2014-133851,2014-06-16,Standard Class,CM-12445,94122,7.36,0.15,OFF-SU-10001225,San Francisco
5493,CA-2014-105249,2014-11-28,Same Day,DH-13675,94122,7.36,0.15,OFF-SU-10001225,San Francisco
883,US-2017-123463,2017-12-23,Same Day,GZ-14470,94109,13.48,5.93,OFF-AR-10001118,San Francisco
5081,US-2017-133312,2017-11-29,Standard Class,BD-11500,94122,10.48,2.83,OFF-ST-10001325,San Francisco
8946,CA-2014-128622,2014-11-17,Second Class,SC-20260,94110,10.95,3.29,OFF-SU-10001574,San Francisco
6348,CA-2015-104486,2015-05-06,Standard Class,PO-18850,94109,12.18,4.41,OFF-BI-10000309,San Francisco
4770,US-2016-114888,2016-09-24,Second Class,CC-12430,94109,11.95,4.18,OFF-BI-10003355,San Francisco
3162,CA-2014-153969,2014-09-25,Standard Class,HF-14995,94109,15.56,7.31,OFF-EN-10001539,San Francisco
7167,CA-2014-117464,2014-07-24,Second Class,NP-18325,94122,11.52,3.23,OFF-AR-10003190,San Francisco
3413,CA-2016-100244,2016-09-24,Standard Class,GM-14695,94122,11.76,3.18,OFF-AR-10000940,San Francisco
6147,CA-2017-105130,2017-11-25,Standard Class,PJ-18835,94122,11.76,3.18,OFF-AR-10003394,San Francisco
1684,CA-2016-147585,2016-11-12,Standard Class,CB-12535,94110,14.82,6.22,FUR-FU-10002597,San Francisco
1291,CA-2016-163384,2016-11-12,First Class,CC-12430,94122,13.22,4.46,OFF-BI-10004970,San Francisco
5459,CA-2017-116680,2017-09-06,Second Class,PK-19075,94122,13.34,4.34,OFF-BI-10004022,San Francisco
941,CA-2016-105760,2016-06-20,First Class,KC-16255,94110,17.12,8.05,OFF-PA-10000350,San Francisco
9337,CA-2017-130715,2017-09-20,Standard Class,CY-12745,94110,17.90,8.77,OFF-FA-10000621,San Francisco
1678,CA-2016-122728,2016-05-24,Standard Class,EB-13930,94110,17.94,8.79,OFF-PA-10004040,San Francisco
1354,CA-2017-162978,2017-05-09,Standard Class,LW-16990,94109,17.61,8.45,OFF-PA-10002250,San Francisco
5886,US-2014-109456,2014-10-17,Same Day,LS-17245,94110,14.35,5.02,OFF-BI-10000136,San Francisco
4180,US-2017-119039,2017-03-10,Standard Class,BF-11170,94109,14.98,5.43,OFF-BI-10004182,San Francisco
4519,CA-2016-101385,2016-09-30,Standard Class,JW-16075,94109,16.56,6.96,OFF-AR-10004441,San Francisco
9243,CA-2014-113271,2014-07-14,Standard Class,DS-13030,94122,14.30,4.65,OFF-BI-10002609,San Francisco
4041,CA-2014-110786,2015-01-02,Standard Class,AJ-10795,94110,14.35,4.66,OFF-BI-10003305,San Francisco
9341,CA-2014-155264,2014-10-22,Second Class,RP-19270,94110,18.75,9.00,OFF-LA-10002787,San Francisco
2259,CA-2017-105214,2017-06-19,First Class,TS-21610,94122,18.54,8.71,OFF-PA-10001776,San Francisco
1561,CA-2014-105172,2014-04-09,Standard Class,PK-18910,94109,18.90,9.07,OFF-LA-10001641,San Francisco
3167,CA-2014-153969,2014-09-25,Standard Class,HF-14995,94109,19.35,9.48,OFF-PA-10002246,San Francisco
1937,CA-2015-141768,2015-05-27,Second Class,NP-18685,94109,14.73,4.86,FUR-FU-10002268,San Francisco
8069,US-2015-160563,2015-10-24,Standard Class,NS-18640,94109,16.02,6.09,FUR-FU-10001731,San Francisco
629,CA-2017-133431,2017-12-21,Standard Class,LC-17140,94122,15.24,5.14,OFF-BI-10000605,San Francisco
6931,CA-2016-140382,2016-06-25,Second Class,RD-19900,94109,19.98,9.39,OFF-PA-10001019,San Francisco
82,CA-2014-139451,2014-10-16,Standard Class,DN-13690,94122,14.90,4.17,OFF-AR-10002053,San Francisco
3451,CA-2014-168592,2014-09-14,Standard Class,DP-13390,94110,14.97,4.19,OFF-ST-10002406,San Francisco
2220,CA-2017-130841,2017-07-31,Standard Class,MH-17620,94110,14.98,4.19,OFF-ST-10001580,San Francisco
963,CA-2016-120859,2016-09-04,First Class,CV-12805,94110,21.88,10.94,OFF-EN-10001335,San Francisco
795,CA-2014-156433,2014-09-26,Standard Class,ES-14020,94110,21.72,10.64,OFF-PA-10003724,San Francisco
9308,CA-2014-128237,2014-03-30,Standard Class,CA-12265,94110,14.88,3.72,OFF-AR-10003338,San Francisco
6959,CA-2015-167255,2015-09-29,Second Class,RH-19510,94110,15.51,4.34,OFF-ST-10001328,San Francisco
7530,US-2017-106145,2017-09-26,Same Day,RA-19885,94109,17.04,5.54,OFF-BI-10002215,San Francisco
7206,CA-2017-137414,2017-10-06,Standard Class,CM-12115,94109,17.46,5.94,FUR-FU-10001424,San Francisco
2885,CA-2016-164483,2016-02-03,Standard Class,JF-15490,94122,17.46,5.89,OFF-BI-10000014,San Francisco
1499,CA-2016-141586,2016-10-20,First Class,NK-18490,94122,18.16,6.58,OFF-BI-10003981,San Francisco
5192,US-2017-141943,2017-05-09,Standard Class,DK-12985,94122,23.16,11.58,OFF-EN-10003448,San Francisco
9825,US-2014-164406,2014-08-19,Standard Class,BD-11605,94122,17.86,6.25,OFF-BI-10002309,San Francisco
4039,CA-2014-110786,2015-01-02,Standard Class,AJ-10795,94110,21.12,9.50,OFF-PA-10000528,San Francisco
6929,CA-2016-140382,2016-06-25,Second Class,RD-19900,94109,21.93,10.31,OFF-LA-10001934,San Francisco
5965,CA-2017-119011,2017-08-25,Standard Class,LR-17035,94109,17.22,5.17,OFF-SU-10004768,San Francisco
805,CA-2017-135783,2017-04-24,First Class,GM-14440,94122,18.28,6.22,FUR-FU-10000794,San Francisco
7230,CA-2014-157546,2014-07-22,First Class,RD-19720,94122,22.83,10.73,OFF-PA-10004569,San Francisco
780,CA-2015-144267,2015-08-23,First Class,NZ-18565,94110,23.92,11.72,OFF-PA-10001947,San Francisco
2399,CA-2017-169264,2017-08-16,Second Class,NP-18700,94109,16.68,4.34,OFF-AR-10000246,San Francisco
3471,US-2016-150035,2016-12-05,Standard Class,CL-11890,94122,16.74,4.35,FUR-FU-10003724,San Francisco
862,CA-2014-133851,2014-06-16,Standard Class,CM-12445,94122,23.10,10.63,OFF-AR-10003752,San Francisco
5824,CA-2017-117632,2017-05-18,Standard Class,CS-12175,94122,19.17,6.47,OFF-BI-10001900,San Francisco
4837,CA-2017-167661,2017-10-10,Standard Class,MP-18175,94110,19.94,7.23,OFF-BI-10001097,San Francisco
2173,CA-2014-152296,2014-08-03,First Class,IL-15100,94122,19.75,6.91,OFF-BI-10004506,San Francisco
9856,CA-2017-138870,2017-06-23,Standard Class,GA-14515,94109,24.56,11.54,OFF-PA-10004438,San Francisco
9339,CA-2014-155264,2014-10-22,Second Class,RP-19270,94110,20.06,7.02,OFF-BI-10003727,San Francisco
4343,CA-2017-105410,2017-03-22,First Class,ND-18370,94110,19.82,6.69,OFF-BI-10004970,San Francisco
1711,CA-2017-123491,2017-11-05,Standard Class,JK-15205,94122,19.90,6.57,OFF-AR-10003514,San Francisco
4940,CA-2014-157147,2014-01-18,Standard Class,BD-11605,94109,19.90,6.57,OFF-AR-10003514,San Francisco
1480,US-2016-108455,2016-12-08,Standard Class,MK-18160,94122,25.92,12.44,OFF-PA-10002262,San Francisco
7609,CA-2017-163209,2017-05-07,Standard Class,MK-18160,94122,25.92,12.44,OFF-PA-10001166,San Francisco
1520,CA-2017-116204,2017-02-14,Second Class,VW-21775,94110,21.34,7.73,OFF-BI-10001759,San Francisco
5905,US-2017-153948,2017-11-06,Same Day,FM-14290,94122,26.40,12.67,OFF-PA-10000143,San Francisco
7292,CA-2016-153661,2016-01-31,First Class,SC-20725,94122,26.01,12.22,OFF-LA-10004689,San Francisco
408,CA-2017-117457,2017-12-12,Standard Class,KH-16510,94110,27.15,13.30,OFF-PA-10003724,San Francisco
5409,CA-2017-108854,2017-12-14,Standard Class,DM-13345,94109,22.42,8.41,OFF-BI-10002854,San Francisco
2805,CA-2015-159380,2015-05-16,Standard Class,CS-12505,94122,25.68,11.56,OFF-PA-10004239,San Francisco
3559,CA-2017-152737,2017-11-12,Standard Class,TS-21505,94122,21.79,7.63,OFF-BI-10002982,San Francisco
1739,CA-2015-130204,2015-09-09,Standard Class,DB-13120,94122,17.90,3.40,TEC-AC-10003038,San Francisco
5358,CA-2014-150490,2014-08-11,Standard Class,SS-20590,94122,16.36,1.64,TEC-AC-10004510,San Francisco
411,CA-2017-117457,2017-12-12,Standard Class,KH-16510,94110,28.35,13.61,OFF-LA-10003766,San Francisco
5359,CA-2014-150490,2014-08-11,Standard Class,SS-20590,94122,15.78,0.63,OFF-ST-10000321,San Francisco
83,CA-2014-139451,2014-10-16,Standard Class,DN-13690,94122,21.39,6.20,OFF-ST-10002370,San Francisco
4417,CA-2014-153983,2014-12-06,Standard Class,AH-10210,94122,30.40,15.20,OFF-FA-10003495,San Francisco
21,CA-2014-143336,2014-08-31,Second Class,ZD-21925,94109,22.72,7.38,OFF-BI-10002215,San Francisco
9310,CA-2014-128237,2014-03-30,Standard Class,CA-12265,94110,25.44,9.92,OFF-AR-10000034,San Francisco
9929,CA-2016-129630,2016-09-04,Same Day,IM-15055,94122,24.27,8.74,FUR-FU-10000260,San Francisco
5315,CA-2017-137876,2017-05-05,Standard Class,DJ-13510,94110,30.56,14.97,OFF-EN-10001219,San Francisco
5959,CA-2016-127138,2016-03-15,Second Class,DK-13225,94109,30.56,14.97,OFF-EN-10004459,San Francisco
3957,CA-2016-114951,2016-07-03,Standard Class,DN-13690,94109,22.14,6.42,FUR-FU-10002364,San Francisco
6512,CA-2017-167640,2017-03-10,Standard Class,FC-14245,94109,23.88,8.12,OFF-AR-10003158,San Francisco
9694,CA-2017-130148,2017-09-28,Second Class,NK-18490,94110,31.08,15.23,OFF-PA-10000551,San Francisco
5907,US-2017-153948,2017-11-06,Same Day,FM-14290,94122,16.95,1.02,TEC-AC-10003441,San Francisco
2408,CA-2017-144589,2017-01-25,Standard Class,TM-21010,94122,24.20,7.99,OFF-AR-10003631,San Francisco
6300,CA-2017-107314,2017-12-03,First Class,MZ-17335,94109,25.83,9.56,FUR-FU-10003489,San Francisco
7610,CA-2017-163209,2017-05-07,Standard Class,MK-18160,94122,22.96,6.66,OFF-AR-10003651,San Francisco
3058,CA-2017-131492,2017-10-24,Second Class,HH-15010,94110,31.50,15.12,OFF-LA-10001641,San Francisco
7355,CA-2017-154102,2017-02-13,Standard Class,SN-20560,94109,29.90,13.46,OFF-PA-10001593,San Francisco
5901,CA-2015-146465,2015-11-24,Standard Class,PB-18805,94122,24.19,7.56,OFF-BI-10004528,San Francisco
4038,CA-2014-110786,2015-01-02,Standard Class,AJ-10795,94110,24.90,8.22,FUR-FU-10000550,San Francisco
4452,CA-2016-147137,2016-07-06,First Class,AA-10645,94109,25.40,8.64,FUR-FU-10000221,San Francisco
3372,CA-2017-123778,2017-09-30,Standard Class,BS-11755,94122,25.82,9.04,OFF-BI-10000822,San Francisco
1292,CA-2016-163384,2016-11-12,First Class,CC-12430,94122,32.40,15.55,OFF-PA-10003172,San Francisco
9246,CA-2014-113271,2014-07-14,Standard Class,DS-13030,94122,32.40,15.55,OFF-PA-10002365,San Francisco
4388,CA-2016-156811,2016-11-02,Standard Class,BP-11095,94122,25.03,7.82,OFF-BI-10001628,San Francisco
6325,CA-2015-110289,2015-11-02,Standard Class,NB-18655,94109,33.40,16.03,OFF-PA-10002986,San Francisco
889,CA-2014-104976,2014-12-16,Standard Class,CK-12760,94122,34.68,16.99,OFF-PA-10003845,San Francisco
5357,CA-2016-138037,2016-10-03,Standard Class,AR-10540,94109,27.24,9.53,OFF-BI-10002982,San Francisco
4748,CA-2016-120005,2016-03-03,Same Day,TS-21160,94110,25.35,7.61,OFF-SU-10004782,San Francisco
4765,CA-2017-123701,2017-11-27,First Class,PG-18820,94110,27.76,9.99,OFF-AR-10001860,San Francisco
6593,CA-2015-103716,2015-05-06,Standard Class,KB-16585,94110,19.80,1.73,TEC-PH-10000347,San Francisco
5700,CA-2017-148320,2017-11-08,Standard Class,PG-18895,94109,35.88,17.58,OFF-PA-10003022,San Francisco
9053,CA-2014-141838,2014-03-31,Second Class,DK-12835,94122,27.94,9.43,OFF-BI-10003291,San Francisco
9460,CA-2014-138240,2014-10-14,Standard Class,SJ-20500,94122,15.99,-3.00,TEC-PH-10002583,San Francisco
1101,CA-2016-107216,2016-06-17,First Class,PV-18985,94122,29.29,9.67,TEC-AC-10001013,San Francisco
7529,US-2017-106145,2017-09-26,Same Day,RA-19885,94109,35.88,16.15,OFF-PA-10002245,San Francisco
1300,CA-2015-121391,2015-10-07,First Class,AA-10315,94109,26.96,7.01,OFF-ST-10001590,San Francisco
3059,CA-2017-131492,2017-10-24,Second Class,HH-15010,94110,30.56,10.39,FUR-FU-10003878,San Francisco
9683,CA-2017-122770,2017-12-18,Standard Class,EP-13915,94122,38.88,18.66,OFF-PA-10003172,San Francisco
8122,CA-2016-116722,2016-11-16,Standard Class,LP-17080,94110,31.50,11.03,OFF-BI-10001890,San Francisco
1481,US-2016-108455,2016-12-08,Standard Class,MK-18160,94122,40.46,19.83,OFF-PA-10002464,San Francisco
7226,CA-2016-109953,2016-07-18,Standard Class,RB-19360,94122,30.80,10.16,FUR-FU-10000073,San Francisco
8843,US-2016-112396,2016-02-13,Standard Class,JR-16210,94110,31.86,11.15,TEC-AC-10004761,San Francisco
5270,CA-2017-144484,2017-09-11,Same Day,CB-12025,94110,32.36,11.65,FUR-FU-10000260,San Francisco
1330,CA-2016-142762,2016-05-27,Standard Class,LD-17005,94109,37.05,16.30,FUR-FU-10003691,San Francisco
2356,CA-2015-111514,2015-09-02,First Class,SC-20260,94122,36.51,15.70,TEC-AC-10004864,San Francisco
5884,CA-2016-136301,2016-03-15,Second Class,EH-13765,94109,28.28,7.35,FUR-FU-10004712,San Francisco
1886,CA-2016-147578,2016-04-26,Second Class,PG-18895,94122,31.56,10.41,FUR-FU-10001889,San Francisco
3165,CA-2014-153969,2014-09-25,Standard Class,HF-14995,94109,38.52,17.33,OFF-PA-10000327,San Francisco
5494,CA-2014-105249,2014-11-28,Same Day,DH-13675,94122,41.40,19.87,OFF-LA-10002043,San Francisco
5906,US-2017-153948,2017-11-06,Same Day,FM-14290,94122,41.40,19.87,OFF-LA-10000414,San Francisco
2946,CA-2016-166443,2016-11-05,First Class,LH-17020,94122,38.29,16.46,FUR-FU-10004020,San Francisco
2867,US-2017-103828,2017-08-13,Same Day,JK-15370,94122,31.92,9.26,OFF-SU-10000946,San Francisco
1738,CA-2015-130204,2015-09-09,Standard Class,DB-13120,94122,31.44,8.49,OFF-ST-10001325,San Francisco
2864,US-2017-103828,2017-08-13,Same Day,JK-15370,94122,31.44,8.49,OFF-ST-10001325,San Francisco
5904,US-2017-153948,2017-11-06,Same Day,FM-14290,94122,45.36,22.23,OFF-PA-10002764,San Francisco
1707,CA-2017-123491,2017-11-05,Standard Class,JK-15205,94122,43.86,20.61,OFF-LA-10003077,San Francisco
4749,CA-2016-120005,2016-03-03,Same Day,TS-21160,94110,35.28,12.00,FUR-FU-10000672,San Francisco
4453,CA-2016-147137,2016-07-06,First Class,AA-10645,94109,43.96,20.66,OFF-EN-10003567,San Francisco
3480,CA-2016-131289,2016-12-14,Standard Class,SP-20620,94110,45.36,21.77,OFF-PA-10003363,San Francisco
4719,CA-2015-109736,2015-10-11,First Class,DJ-13420,94109,45.36,21.77,OFF-PA-10004101,San Francisco
9502,US-2015-158589,2015-11-24,Standard Class,KW-16570,94109,32.04,8.01,FUR-FU-10001546,San Francisco
5590,CA-2016-115224,2016-12-11,Second Class,DB-13615,94110,34.05,9.53,OFF-ST-10000615,San Francisco
6350,CA-2015-104486,2015-05-06,Standard Class,PO-18850,94109,35.06,10.52,OFF-SU-10002573,San Francisco
5739,CA-2017-156139,2017-01-06,Standard Class,BP-11155,94109,38.38,13.43,OFF-BI-10004233,San Francisco
6592,CA-2015-103716,2015-05-06,Standard Class,KB-16585,94110,34.65,9.70,OFF-AR-10000658,San Francisco
9769,CA-2017-142328,2017-12-14,Standard Class,TC-21535,94122,50.04,25.02,OFF-PA-10000380,San Francisco
1482,US-2016-108455,2016-12-08,Standard Class,MK-18160,94122,33.87,8.81,OFF-ST-10002214,San Francisco
1442,CA-2017-128160,2017-12-24,Second Class,MM-17920,94110,36.67,11.46,OFF-BI-10001510,San Francisco
8374,CA-2016-152940,2016-11-13,First Class,RO-19780,94110,29.74,4.46,OFF-ST-10000352,San Francisco
3628,CA-2017-113530,2017-05-21,Second Class,BC-11125,94109,36.32,10.90,TEC-AC-10001465,San Francisco
382,CA-2016-134775,2016-10-29,First Class,AS-10285,94109,50.96,25.48,OFF-PA-10004734,San Francisco
6456,CA-2017-161102,2017-08-03,First Class,EC-14050,94110,36.96,11.46,FUR-FU-10003142,San Francisco
9706,CA-2017-125990,2017-10-23,Standard Class,JS-16030,94122,39.62,13.87,OFF-BI-10004826,San Francisco
9054,CA-2014-141838,2014-03-31,Second Class,DK-12835,94122,28.78,2.88,TEC-PH-10004100,San Francisco
9290,CA-2014-111857,2014-04-26,Second Class,NM-18445,94109,48.91,22.99,OFF-PA-10001878,San Francisco
6148,CA-2017-105130,2017-11-25,Standard Class,PJ-18835,94122,40.74,14.77,OFF-BI-10001191,San Francisco
560,CA-2017-118731,2017-11-22,Second Class,LP-17080,94110,42.60,16.61,FUR-FU-10003347,San Francisco
8309,CA-2016-149335,2016-07-25,Same Day,BC-11125,94122,37.17,11.15,OFF-AR-10001419,San Francisco
3855,US-2017-131849,2017-06-10,Standard Class,GH-14410,94122,26.40,0.00,OFF-ST-10002957,San Francisco
4835,CA-2017-167661,2017-10-10,Standard Class,MP-18175,94110,39.92,13.47,OFF-BI-10002571,San Francisco
6349,CA-2015-104486,2015-05-06,Standard Class,PO-18850,94109,37.32,10.45,OFF-ST-10000876,San Francisco
4632,CA-2017-168396,2017-08-08,Second Class,BD-11725,94122,51.75,24.84,OFF-LA-10001297,San Francisco
4455,CA-2016-147137,2016-07-06,First Class,AA-10645,94109,27.92,0.56,OFF-ST-10002486,San Francisco
3060,CA-2017-131492,2017-10-24,Second Class,HH-15010,94110,24.37,-3.35,FUR-TA-10003837,San Francisco
8524,CA-2017-133074,2017-09-25,Standard Class,DB-13615,94109,55.86,27.93,OFF-PA-10004082,San Francisco
2255,CA-2015-169201,2015-09-30,First Class,HG-14965,94110,43.56,15.25,OFF-AP-10002082,San Francisco
7723,US-2017-138086,2017-04-20,Standard Class,JO-15550,94109,40.74,12.22,OFF-AP-10000027,San Francisco
412,CA-2017-117457,2017-12-12,Standard Class,KH-16510,94110,55.98,27.43,OFF-PA-10001970,San Francisco
9213,CA-2014-144071,2014-12-15,Standard Class,DJ-13420,94110,39.88,11.17,FUR-FU-10000397,San Francisco
9423,CA-2014-145254,2014-07-27,Standard Class,NC-18535,94122,40.70,11.80,OFF-SU-10004664,San Francisco
2254,CA-2015-169201,2015-09-30,First Class,HG-14965,94110,43.26,14.28,OFF-AP-10000696,San Francisco
9855,CA-2017-138870,2017-06-23,Standard Class,GA-14515,94109,50.32,21.13,FUR-FU-10002396,San Francisco
9309,CA-2014-128237,2014-03-30,Standard Class,CA-12265,94110,45.48,15.92,TEC-AC-10002558,San Francisco
2076,CA-2014-131051,2014-12-05,Standard Class,TR-21325,94122,58.20,28.52,FUR-FU-10001861,San Francisco
6623,CA-2014-130449,2014-09-09,First Class,VP-21760,94109,41.88,12.15,FUR-FU-10001487,San Francisco
9330,CA-2015-164497,2015-11-30,First Class,AJ-10945,94110,45.28,15.40,OFF-AP-10004655,San Francisco
6129,US-2014-158400,2014-10-28,First Class,AH-10030,94109,49.41,18.53,OFF-BI-10002353,San Francisco
2431,CA-2017-100748,2017-05-20,Standard Class,RB-19795,94110,58.48,27.49,OFF-LA-10000240,San Francisco
6624,CA-2014-130449,2014-09-09,First Class,VP-21760,94109,58.48,27.49,OFF-LA-10001934,San Francisco
8120,CA-2016-116722,2016-11-16,Standard Class,LP-17080,94110,41.96,10.91,FUR-FU-10001934,San Francisco
7286,CA-2017-151183,2017-10-19,Standard Class,BK-11260,94110,46.36,15.30,TEC-AC-10003614,San Francisco
9826,US-2014-164406,2014-08-19,Standard Class,BD-11605,94122,46.44,15.09,OFF-BI-10003638,San Francisco
7278,CA-2016-157217,2016-07-21,First Class,TC-21535,94110,35.98,4.50,TEC-PH-10002070,San Francisco
5411,CA-2017-108854,2017-12-14,Standard Class,DM-13345,94109,42.76,11.12,OFF-ST-10001837,San Francisco
779,CA-2015-144267,2015-08-23,First Class,NZ-18565,94110,59.94,28.17,OFF-PA-10000157,San Francisco
5903,US-2017-153948,2017-11-06,Same Day,FM-14290,94122,59.94,28.17,OFF-PA-10000157,San Francisco
5549,CA-2014-159800,2014-11-30,First Class,SG-20470,94109,43.68,11.79,OFF-AP-10004859,San Francisco
4387,CA-2016-156811,2016-11-02,Standard Class,BP-11095,94122,43.92,11.86,OFF-AP-10001366,San Francisco
383,CA-2016-134775,2016-10-29,First Class,AS-10285,94109,49.54,17.34,OFF-BI-10002225,San Francisco
7220,CA-2015-150770,2015-05-06,First Class,LC-16870,94109,49.57,17.35,OFF-BI-10001575,San Francisco
3450,CA-2014-168592,2014-09-14,Standard Class,DP-13390,94110,56.65,24.36,OFF-AP-10004785,San Francisco
6739,CA-2016-123358,2016-04-17,Standard Class,BT-11680,94122,48.03,15.61,OFF-BI-10000069,San Francisco
3415,CA-2016-100244,2016-09-24,Standard Class,GM-14695,94122,48.64,15.81,OFF-BI-10000977,San Francisco
7291,CA-2016-153661,2016-01-31,First Class,SC-20725,94122,50.78,17.77,OFF-BI-10004781,San Francisco
5360,CA-2014-150490,2014-08-11,Standard Class,SS-20590,94122,45.98,12.87,OFF-AR-10004602,San Francisco
5177,CA-2016-148908,2016-11-08,First Class,JH-15985,94109,53.25,19.97,OFF-BI-10002082,San Francisco
98,CA-2017-157833,2017-06-20,First Class,KD-16345,94122,51.31,17.96,OFF-BI-10001721,San Francisco
476,CA-2014-144666,2014-11-11,Second Class,JP-15520,94110,62.65,28.82,OFF-PA-10001509,San Francisco
4836,CA-2017-167661,2017-10-10,Standard Class,MP-18175,94110,61.96,27.88,OFF-PA-10002581,San Francisco
5429,CA-2016-113096,2016-09-04,First Class,SZ-20035,94122,46.53,12.10,OFF-ST-10003455,San Francisco
3411,CA-2016-100244,2016-09-24,Standard Class,GM-14695,94122,65.79,30.26,OFF-PA-10001471,San Francisco
8666,CA-2016-118500,2016-11-18,First Class,HJ-14875,94122,49.50,13.37,OFF-SU-10004231,San Francisco
9716,CA-2016-116379,2016-11-12,Standard Class,LD-17005,94122,57.58,20.15,OFF-BI-10001543,San Francisco
7538,CA-2016-106460,2016-02-22,Second Class,GT-14710,94109,70.88,33.31,OFF-PA-10001736,San Francisco
2231,CA-2014-128055,2014-04-05,Standard Class,AA-10315,94122,52.98,14.83,OFF-AP-10002765,San Francisco
8376,CA-2015-158701,2015-01-10,Standard Class,JL-15175,94110,56.16,17.55,OFF-BI-10001294,San Francisco
2505,CA-2014-143917,2014-07-27,Second Class,KL-16645,94122,53.72,15.04,OFF-ST-10001228,San Francisco
7527,US-2017-106145,2017-09-26,Same Day,RA-19885,94109,71.88,33.06,OFF-EN-10001028,San Francisco
3414,CA-2016-100244,2016-09-24,Standard Class,GM-14695,94122,77.52,37.98,OFF-PA-10002319,San Francisco
5397,US-2016-147340,2016-09-24,Same Day,EB-13750,94110,63.20,23.38,FUR-FU-10002501,San Francisco
9425,CA-2014-145254,2014-07-27,Standard Class,NC-18535,94122,45.00,4.95,TEC-AC-10002167,San Francisco
7218,CA-2015-150770,2015-05-06,First Class,LC-16870,94109,62.50,21.87,OFF-BI-10002026,San Francisco
7507,CA-2014-115889,2014-11-06,Standard Class,SH-20395,94122,46.38,5.22,TEC-PH-10001615,San Francisco
6455,CA-2017-161102,2017-08-03,First Class,EC-14050,94110,56.56,15.27,OFF-ST-10003442,San Francisco
739,CA-2014-132500,2014-09-12,Standard Class,GZ-14470,94110,49.98,8.50,TEC-AC-10001383,San Francisco
3163,CA-2014-153969,2014-09-25,Standard Class,HF-14995,94109,78.35,36.82,OFF-EN-10004483,San Francisco
5229,US-2014-147648,2014-11-30,Standard Class,LS-16975,94109,81.98,40.17,OFF-PA-10001033,San Francisco
8598,US-2016-117387,2016-10-31,Standard Class,PA-19060,94122,67.14,25.18,OFF-BI-10004308,San Francisco
346,CA-2017-169901,2017-06-19,Standard Class,CC-12550,94122,47.98,4.80,TEC-PH-10002293,San Francisco
5314,CA-2017-137876,2017-05-05,Standard Class,DJ-13510,94110,64.96,21.44,FUR-FU-10000222,San Francisco
2507,CA-2014-143917,2014-07-27,Second Class,KL-16645,94122,77.92,34.28,FUR-FU-10004351,San Francisco
2866,US-2017-103828,2017-08-13,Same Day,JK-15370,94122,59.52,15.48,OFF-AR-10000588,San Francisco
3164,CA-2014-153969,2014-09-25,Standard Class,HF-14995,94109,59.52,15.48,OFF-AR-10001615,San Francisco
4381,CA-2015-152891,2015-10-30,Standard Class,TB-21625,94110,60.45,16.32,OFF-AR-10004648,San Francisco
896,CA-2016-105494,2016-11-12,First Class,PC-18745,94122,70.01,24.50,OFF-BI-10003364,San Francisco
4044,CA-2014-110786,2015-01-02,Standard Class,AJ-10795,94110,70.56,23.99,FUR-FU-10000672,San Francisco
5074,CA-2015-145485,2015-11-05,Same Day,JM-16195,94109,62.80,15.70,OFF-ST-10000649,San Francisco
5408,CA-2017-108854,2017-12-14,Standard Class,DM-13345,94109,87.92,40.44,OFF-PA-10003022,San Francisco
4953,CA-2017-117926,2017-12-12,Second Class,AS-10225,94109,69.48,20.84,OFF-AP-10002670,San Francisco
477,CA-2014-144666,2014-11-11,Second Class,JP-15520,94110,94.85,45.53,OFF-PA-10003465,San Francisco
8842,US-2016-112396,2016-02-13,Standard Class,JR-16210,94110,89.97,39.59,TEC-AC-10003628,San Francisco
5151,CA-2017-125101,2017-03-10,Second Class,SH-19975,94109,67.78,16.95,OFF-ST-10000675,San Francisco
9214,CA-2014-144071,2014-12-15,Standard Class,DJ-13420,94110,79.44,28.60,FUR-FU-10000758,San Francisco
9824,US-2014-164406,2014-08-19,Standard Class,BD-11605,94122,92.94,41.82,OFF-PA-10000167,San Francisco
8536,US-2014-163146,2014-05-20,Standard Class,CC-12475,94122,56.40,3.38,TEC-AC-10002217,San Francisco
8245,CA-2014-109897,2014-08-16,Standard Class,BW-11200,94122,85.44,31.61,FUR-FU-10002878,San Francisco
5778,CA-2016-112060,2016-12-09,Standard Class,KT-16465,94109,104.85,50.33,OFF-PA-10000994,San Francisco
1651,CA-2014-135699,2014-08-29,Same Day,HH-15010,94110,109.92,53.86,OFF-PA-10004475,San Francisco
1754,CA-2017-116715,2017-12-05,First Class,VW-21775,94122,109.92,53.86,OFF-PA-10004475,San Francisco
5410,CA-2017-108854,2017-12-14,Standard Class,DM-13345,94109,90.48,33.93,OFF-BI-10001670,San Francisco
561,CA-2017-118731,2017-11-22,Second Class,LP-17080,94110,84.06,27.32,OFF-BI-10000069,San Francisco
6518,US-2017-116652,2017-09-19,Standard Class,RD-19480,94122,99.30,41.71,OFF-AR-10001915,San Francisco
9520,US-2017-104451,2017-05-12,Second Class,MM-18055,94110,81.08,22.70,OFF-AP-10000692,San Francisco
7229,CA-2014-157546,2014-07-22,First Class,RD-19720,94122,89.71,30.28,OFF-BI-10002498,San Francisco
8908,CA-2016-139934,2016-12-20,First Class,AY-10555,94110,66.98,6.70,TEC-PH-10001552,San Francisco
4025,CA-2017-130764,2017-10-28,First Class,JO-15145,94110,95.84,34.74,TEC-PH-10003215,San Francisco
2865,US-2017-103828,2017-08-13,Same Day,JK-15370,94122,83.79,22.62,OFF-AP-10004249,San Francisco
1329,CA-2017-106033,2017-10-18,Second Class,FG-14260,94110,87.92,26.38,OFF-AR-10002818,San Francisco
1050,CA-2014-139192,2014-05-31,Second Class,LC-16885,94109,99.99,38.00,TEC-AC-10001606,San Francisco
825,US-2014-102071,2014-05-15,Standard Class,PG-18820,94110,67.80,4.07,TEC-AC-10003441,San Francisco
8375,CA-2015-158701,2015-01-10,Standard Class,JL-15175,94110,87.36,23.59,OFF-AP-10004859,San Francisco
2763,CA-2017-126536,2017-10-14,First Class,NK-18490,94110,101.84,36.92,OFF-BI-10001191,San Francisco
8304,US-2014-120313,2014-11-02,Second Class,NL-18310,94110,73.58,8.28,TEC-PH-10003092,San Francisco
7741,CA-2014-154781,2014-11-26,Standard Class,SC-20680,94110,94.99,28.50,TEC-AC-10000474,San Francisco
475,CA-2014-144666,2014-11-11,Second Class,JP-15520,94110,92.52,24.98,OFF-ST-10001321,San Francisco
6928,CA-2016-140382,2016-06-25,Second Class,RD-19900,94109,93.68,25.29,OFF-ST-10003638,San Francisco
6736,CA-2016-123358,2016-04-17,Standard Class,BT-11680,94122,113.76,44.37,OFF-AP-10004980,San Francisco
5696,CA-2016-126165,2016-05-07,Second Class,AH-10465,94109,71.09,-1.78,FUR-TA-10001676,San Francisco
1710,CA-2017-123491,2017-11-05,Standard Class,JK-15205,94122,71.99,-0.90,FUR-CH-10003061,San Francisco
1871,CA-2014-116932,2014-07-25,Standard Class,ME-18010,94122,99.20,25.79,OFF-AR-10002067,San Francisco
6960,CA-2015-167255,2015-09-29,Second Class,RH-19510,94110,146.82,73.41,OFF-PA-10002377,San Francisco
144,CA-2017-106180,2017-09-23,Standard Class,SH-19975,94122,143.70,68.98,OFF-PA-10004327,San Francisco
5141,CA-2015-154886,2015-11-12,Standard Class,SW-20455,94109,119.90,43.16,TEC-AC-10001956,San Francisco
4729,CA-2014-123323,2014-11-12,Standard Class,LH-16900,94110,123.14,46.18,OFF-BI-10003684,San Francisco
4635,CA-2015-130456,2015-08-26,Standard Class,DS-13180,94122,80.98,3.24,OFF-ST-10000736,San Francisco
9340,CA-2014-155264,2014-10-22,Second Class,RP-19270,94110,146.73,68.96,OFF-PA-10003228,San Francisco
1677,CA-2016-122728,2016-05-24,Standard Class,EB-13930,94110,104.28,26.07,OFF-ST-10000604,San Francisco
6519,US-2017-116652,2017-09-19,Standard Class,RD-19480,94122,108.96,30.51,OFF-AP-10001205,San Francisco
2745,CA-2015-140144,2015-06-25,Second Class,SC-20770,94122,125.98,47.24,TEC-PH-10002726,San Francisco
5032,CA-2017-139304,2017-02-02,Standard Class,VG-21790,94109,119.62,40.37,OFF-BI-10002498,San Francisco
8992,US-2017-139577,2017-10-06,Standard Class,TN-21040,94110,104.75,22.00,TEC-AC-10004708,San Francisco
1740,CA-2015-130204,2015-09-09,Standard Class,DB-13120,94122,129.45,46.60,TEC-AC-10003590,San Francisco
5509,CA-2015-168529,2015-10-12,Standard Class,MB-17305,94122,145.90,62.74,FUR-FU-10001588,San Francisco
5289,US-2017-136784,2017-05-05,Standard Class,AD-10180,94122,163.96,80.34,OFF-PA-10000675,San Francisco
2618,CA-2017-147942,2017-04-05,Standard Class,MS-17365,94110,121.68,38.02,OFF-BI-10001294,San Francisco
8945,CA-2014-154592,2014-12-08,First Class,EH-14005,94109,164.88,80.79,OFF-PA-10000062,San Francisco
7172,CA-2017-125381,2017-04-27,Second Class,SG-20605,94109,107.97,22.67,TEC-AC-10000158,San Francisco
4345,CA-2017-105410,2017-03-22,First Class,ND-18370,94110,99.54,10.95,TEC-AC-10001552,San Francisco
4318,CA-2015-136735,2015-08-02,Standard Class,HA-14920,94110,167.86,78.89,OFF-EN-10002230,San Francisco
6689,CA-2017-140494,2017-03-15,Second Class,CM-11815,94109,111.96,21.27,TEC-AC-10004568,San Francisco
2355,CA-2015-111514,2015-09-02,First Class,SC-20260,94122,137.24,46.32,OFF-BI-10002735,San Francisco
3262,CA-2014-140662,2014-11-19,First Class,TS-21205,94109,99.98,8.00,TEC-AC-10001314,San Francisco
5887,US-2014-109456,2014-10-17,Same Day,LS-17245,94110,179.97,86.39,TEC-AC-10003610,San Francisco
5967,CA-2017-119011,2017-08-25,Standard Class,LR-17035,94109,107.88,10.79,TEC-PH-10003171,San Francisco
4652,CA-2017-150987,2017-04-12,Standard Class,AH-10120,94110,195.76,97.88,OFF-PA-10002923,San Francisco
7224,CA-2016-109953,2016-07-18,Standard Class,RB-19360,94122,110.38,12.42,TEC-PH-10004093,San Francisco
7225,CA-2016-109953,2016-07-18,Standard Class,RB-19360,94122,151.62,50.03,OFF-AP-10002998,San Francisco
9459,CA-2014-138240,2014-10-14,Standard Class,SJ-20500,94122,144.60,41.93,OFF-AR-10002135,San Francisco
8382,CA-2016-134544,2016-03-19,Second Class,AC-10660,94109,84.78,-20.14,TEC-PH-10003800,San Francisco
5550,CA-2014-159800,2014-11-30,First Class,SG-20470,94109,139.93,34.98,TEC-AC-10003447,San Francisco
9342,CA-2014-155264,2014-10-22,Second Class,RP-19270,94110,117.58,11.76,TEC-PH-10001305,San Francisco
1936,CA-2017-101245,2017-12-03,Standard Class,LW-16990,94109,166.16,59.82,TEC-AC-10001284,San Francisco
6326,CA-2015-110289,2015-11-02,Standard Class,NB-18655,94109,210.84,103.31,OFF-EN-10001434,San Francisco
5468,CA-2016-122448,2016-06-14,Standard Class,DB-13210,94109,122.35,13.76,FUR-CH-10002774,San Francisco
9823,US-2014-164406,2014-08-19,Standard Class,BD-11605,94122,152.91,42.81,OFF-AP-10003287,San Francisco
3373,CA-2017-123778,2017-09-30,Standard Class,BS-11755,94122,160.96,48.29,OFF-AP-10001242,San Francisco
9244,CA-2014-113271,2014-07-14,Standard Class,DS-13030,94122,119.83,7.05,FUR-BO-10004218,San Francisco
4633,CA-2017-168396,2017-08-08,Second Class,BD-11725,94122,123.96,11.16,FUR-FU-10000723,San Francisco
895,CA-2016-105494,2016-11-12,First Class,PC-18745,94122,155.82,42.07,OFF-ST-10002205,San Francisco
4346,CA-2017-105410,2017-03-22,First Class,ND-18370,94110,199.96,85.98,TEC-AC-10002926,San Francisco
6634,CA-2016-166275,2016-10-24,Same Day,SS-20590,94109,199.99,86.00,TEC-AC-10001838,San Francisco
5958,CA-2016-127138,2016-03-15,Second Class,DK-13225,94109,154.90,40.27,OFF-AP-10003842,San Francisco
272,CA-2015-155334,2015-07-31,First Class,HA-14920,94109,209.93,92.37,TEC-AC-10003628,San Francisco
2922,CA-2017-164329,2017-01-30,Same Day,MM-17920,94109,129.30,6.46,OFF-ST-10001511,San Francisco
826,US-2014-102071,2014-05-15,Standard Class,PG-18820,94110,167.97,40.31,TEC-AC-10000109,San Francisco
6289,CA-2014-100090,2014-07-12,Standard Class,EB-13705,94122,196.70,68.85,OFF-BI-10001597,San Francisco
1935,CA-2017-101245,2017-12-03,Standard Class,LW-16990,94109,244.55,114.94,OFF-PA-10003129,San Francisco
4651,CA-2017-150987,2017-04-12,Standard Class,AH-10120,94110,244.55,114.94,OFF-PA-10001878,San Francisco
1926,CA-2017-102834,2017-03-13,Standard Class,LW-16990,94110,199.98,69.99,TEC-AC-10001908,San Francisco
1708,CA-2017-123491,2017-11-05,Standard Class,JK-15205,94122,148.48,16.70,TEC-PH-10003505,San Francisco
414,CA-2017-117457,2017-12-12,Standard Class,KH-16510,94110,113.57,-18.45,FUR-CH-10003956,San Francisco
2933,CA-2015-168564,2015-08-08,Same Day,TT-21220,94109,144.78,10.86,FUR-CH-10000785,San Francisco
4146,CA-2017-112725,2017-02-06,Standard Class,EH-14125,94110,120.78,-13.59,FUR-CH-10000863,San Francisco
2410,CA-2017-155985,2017-03-25,First Class,BE-11335,94122,211.84,76.26,FUR-FU-10000758,San Francisco
6912,CA-2017-168942,2017-08-05,Second Class,EM-13960,94109,186.54,50.37,OFF-ST-10004340,San Francisco
9942,CA-2017-164028,2017-11-30,Standard Class,JL-15835,94122,223.58,87.20,TEC-AC-10001772,San Francisco
406,CA-2017-117457,2017-12-12,Standard Class,KH-16510,94110,179.95,37.79,TEC-AC-10000158,San Francisco
4456,US-2015-146745,2015-09-08,Standard Class,AS-10630,94110,129.57,-12.96,FUR-CH-10002372,San Francisco
6738,CA-2016-123358,2016-04-17,Standard Class,BT-11680,94122,150.66,6.03,OFF-ST-10000636,San Francisco
6514,CA-2017-167640,2017-03-10,Standard Class,FC-14245,94109,286.93,140.60,OFF-PA-10001033,San Francisco
9684,CA-2017-122770,2017-12-18,Standard Class,EP-13915,94122,201.04,54.28,FUR-FU-10001473,San Francisco
4045,CA-2015-137750,2015-06-30,Standard Class,JF-15565,94110,204.85,57.36,FUR-FU-10001979,San Francisco
4043,CA-2014-110786,2015-01-02,Standard Class,AJ-10795,94110,274.77,126.39,OFF-LA-10001474,San Francisco
7170,CA-2014-117464,2014-07-24,Second Class,NP-18325,94122,170.35,19.16,FUR-TA-10004767,San Francisco
8068,US-2015-160563,2015-10-24,Standard Class,NS-18640,94109,239.97,86.39,TEC-AC-10002567,San Francisco
2744,CA-2015-140144,2015-06-25,Second Class,SC-20770,94122,257.64,100.48,FUR-FU-10002253,San Francisco
2357,CA-2015-111514,2015-09-02,First Class,SC-20260,94122,239.98,80.99,TEC-MA-10000597,San Francisco
5966,CA-2017-119011,2017-08-25,Standard Class,LR-17035,94109,226.56,63.44,OFF-ST-10000777,San Francisco
1353,CA-2017-162978,2017-05-09,Standard Class,LW-16990,94109,183.96,20.70,TEC-PH-10003092,San Francisco
7169,CA-2014-117464,2014-07-24,Second Class,NP-18325,94122,236.50,68.58,OFF-ST-10003058,San Francisco
3264,CA-2014-140662,2014-11-19,First Class,TS-21205,94109,241.44,72.43,OFF-AP-10001242,San Francisco
4042,CA-2014-110786,2015-01-02,Standard Class,AJ-10795,94110,191.98,19.20,TEC-PH-10001425,San Francisco
1068,CA-2016-157686,2016-10-02,First Class,BD-11620,94122,194.85,12.18,FUR-CH-10001146,San Francisco
6515,CA-2017-167640,2017-03-10,Standard Class,FC-14245,94109,206.38,23.22,TEC-PH-10001336,San Francisco
3412,CA-2016-100244,2016-09-24,Standard Class,GM-14695,94122,271.98,88.39,OFF-BI-10003656,San Francisco
9664,CA-2017-132619,2017-09-05,Standard Class,MS-17770,94109,193.95,9.70,OFF-ST-10001511,San Francisco
6149,CA-2016-161928,2016-06-29,Second Class,AC-10660,94109,201.58,12.60,TEC-PH-10003484,San Francisco
2754,CA-2015-155306,2015-04-21,Standard Class,GA-14515,94122,323.37,129.35,TEC-AC-10003174,San Francisco
20,CA-2014-143336,2014-08-31,Second Class,ZD-21925,94109,213.48,16.01,TEC-PH-10001949,San Francisco
3866,CA-2014-124709,2014-07-29,Second Class,GW-14605,94122,238.00,38.08,TEC-AC-10002842,San Francisco
366,CA-2014-123344,2014-09-29,Standard Class,JD-16060,94109,211.96,8.48,OFF-ST-10001713,San Francisco
4553,US-2014-106334,2015-01-02,Standard Class,JF-15490,94122,230.28,23.03,FUR-CH-10004886,San Francisco
9827,US-2014-164406,2014-08-19,Standard Class,BD-11605,94122,195.14,-12.20,FUR-CH-10003833,San Francisco
5235,CA-2017-131037,2017-08-23,First Class,TM-21490,94110,210.01,2.63,FUR-TA-10001768,San Francisco
473,CA-2014-144666,2014-11-11,Second Class,JP-15520,94110,222.67,10.48,FUR-BO-10001601,San Francisco
3166,CA-2014-153969,2014-09-25,Standard Class,HF-14995,94109,239.98,24.00,TEC-PH-10001299,San Francisco
7219,CA-2015-150770,2015-05-06,First Class,LC-16870,94109,339.96,122.39,TEC-AC-10000844,San Francisco
6139,CA-2014-131247,2014-04-04,Standard Class,GA-14725,94110,205.67,-12.10,FUR-BO-10001337,San Francisco
6516,US-2017-116652,2017-09-19,Standard Class,RD-19480,94122,218.35,0.00,FUR-CH-10002961,San Francisco
7290,CA-2016-153661,2016-01-31,First Class,SC-20725,94122,305.01,76.25,OFF-ST-10000675,San Francisco
2409,CA-2017-144589,2017-01-25,Standard Class,TM-21010,94122,359.98,130.49,TEC-PH-10003072,San Francisco
4636,CA-2017-116288,2017-03-17,Standard Class,BS-11380,94122,242.94,9.72,OFF-ST-10000736,San Francisco
5821,CA-2017-117632,2017-05-18,Standard Class,CS-12175,94122,238.62,4.77,OFF-SU-10000157,San Francisco
1873,CA-2014-116932,2014-07-25,Standard Class,ME-18010,94122,272.85,27.28,FUR-TA-10004175,San Francisco
7279,CA-2016-157217,2016-07-21,First Class,TC-21535,94110,389.97,132.59,TEC-AC-10003095,San Francisco
7508,CA-2014-115889,2014-11-06,Standard Class,SH-20395,94122,362.92,105.25,OFF-ST-10003208,San Francisco
9680,CA-2015-130113,2015-12-31,Standard Class,AH-10030,94122,323.10,61.39,OFF-ST-10000046,San Francisco
9424,CA-2014-145254,2014-07-27,Standard Class,NC-18535,94122,302.38,37.80,TEC-PH-10004531,San Francisco
5591,CA-2016-115224,2016-12-11,Second Class,DB-13615,94110,352.38,81.05,OFF-ST-10003816,San Francisco
4382,CA-2015-152891,2015-10-30,Standard Class,TB-21625,94110,253.18,-31.65,FUR-TA-10001857,San Francisco
8694,CA-2016-118311,2016-10-28,Standard Class,ED-13885,94110,450.00,162.00,TEC-AC-10000892,San Francisco
1355,CA-2017-162978,2017-05-09,Standard Class,LW-16990,94109,300.90,11.28,FUR-TA-10003473,San Francisco
8696,CA-2017-127096,2017-09-17,Second Class,CS-12400,94109,300.90,11.28,FUR-TA-10003473,San Francisco
5271,CA-2017-144484,2017-09-11,Same Day,CB-12025,94110,406.60,113.85,OFF-AP-10004487,San Francisco
250,CA-2016-154739,2016-12-15,Second Class,LH-17155,94109,321.57,28.14,FUR-CH-10002965,San Francisco
961,CA-2017-152142,2017-11-19,Standard Class,LW-16990,94110,321.57,28.14,FUR-CH-10002965,San Francisco
3560,CA-2017-152737,2017-11-12,Standard Class,TS-21505,94122,439.80,145.13,TEC-AC-10004975,San Francisco
5823,CA-2017-117632,2017-05-18,Standard Class,CS-12175,94122,285.48,-10.71,FUR-TA-10001520,San Francisco
9044,CA-2016-168830,2016-11-13,Standard Class,ML-17395,94122,479.97,163.19,TEC-AC-10003911,San Francisco
1715,CA-2017-104003,2017-10-13,Standard Class,DC-13285,94110,307.67,-14.48,FUR-BO-10003965,San Francisco
4939,CA-2014-157147,2014-01-18,Standard Class,BD-11605,94109,334.00,3.93,FUR-BO-10003034,San Francisco
7207,CA-2017-137414,2017-10-06,Standard Class,CM-12115,94109,369.16,32.30,TEC-MA-10002930,San Francisco
472,CA-2014-144666,2014-11-11,Second Class,JP-15520,94110,340.92,3.41,OFF-ST-10002743,San Francisco
2273,CA-2015-142944,2015-03-11,Standard Class,JL-15850,94122,435.26,95.76,FUR-FU-10000308,San Francisco
3263,CA-2014-140662,2014-11-19,First Class,TS-21205,94109,733.95,352.30,OFF-PA-10003395,San Francisco
5080,US-2017-133312,2017-11-29,Standard Class,BD-11500,94122,359.50,-29.61,FUR-BO-10002213,San Francisco
8713,US-2015-145422,2015-12-07,Standard Class,PW-19240,94110,359.50,-29.61,FUR-BO-10002213,San Francisco
9538,CA-2016-148747,2016-09-27,First Class,AS-10045,94110,477.67,84.29,FUR-BO-10002613,San Francisco
4218,CA-2017-149881,2017-04-03,First Class,NC-18535,94110,482.66,85.18,FUR-BO-10003894,San Francisco
1753,CA-2017-116715,2017-12-05,First Class,VW-21775,94122,559.62,151.10,OFF-ST-10004340,San Francisco
5495,CA-2014-105249,2014-11-28,Same Day,DH-13675,94122,411.33,-4.84,FUR-BO-10000330,San Francisco
2230,CA-2014-128055,2014-04-05,Standard Class,AA-10315,94122,673.57,252.59,OFF-BI-10004390,San Francisco
6517,US-2017-116652,2017-09-19,Standard Class,RD-19480,94122,529.90,105.98,FUR-FU-10001488,San Francisco
8121,CA-2016-116722,2016-11-16,Standard Class,LP-17080,94110,451.15,0.00,FUR-CH-10004997,San Francisco
4040,CA-2014-110786,2015-01-02,Standard Class,AJ-10795,94110,767.95,287.98,TEC-MA-10003183,San Francisco
6737,CA-2016-123358,2016-04-17,Standard Class,BT-11680,94122,579.51,81.13,OFF-ST-10001932,San Francisco
778,CA-2015-144267,2015-08-23,First Class,NZ-18565,94110,544.01,40.80,FUR-CH-10002335,San Francisco
4416,CA-2014-153983,2014-12-06,Standard Class,AH-10210,94122,575.92,71.99,TEC-PH-10004586,San Francisco
271,CA-2017-163979,2018-01-02,Second Class,KH-16690,94110,725.84,210.49,OFF-ST-10003208,San Francisco
7908,CA-2016-112585,2016-08-02,First Class,RW-19630,94122,715.64,178.91,OFF-AP-10003849,San Francisco
9422,CA-2014-145254,2014-07-27,Standard Class,NC-18535,94122,604.75,60.48,TEC-PH-10000441,San Francisco
4024,CA-2017-130764,2017-10-28,First Class,JO-15145,94110,556.66,6.55,FUR-BO-10003034,San Francisco
4634,CA-2015-130456,2015-08-26,Standard Class,DS-13180,94122,586.40,34.49,FUR-BO-10003893,San Francisco
6288,CA-2014-100090,2014-07-12,Standard Class,EB-13705,94122,502.49,-87.94,FUR-TA-10003715,San Francisco
9681,CA-2015-130113,2015-12-31,Standard Class,AH-10030,94122,668.16,75.17,TEC-PH-10003505,San Francisco
4991,CA-2017-107321,2017-09-04,Standard Class,AW-10930,94110,689.41,77.56,TEC-PH-10002200,San Francisco
474,CA-2014-144666,2014-11-11,Second Class,JP-15520,94110,703.97,88.00,TEC-PH-10002680,San Francisco
7531,US-2017-106145,2017-09-26,Same Day,RA-19885,94109,931.18,314.27,OFF-BI-10003925,San Francisco
2541,CA-2015-113404,2015-07-16,Same Day,EM-13810,94122,700.15,78.77,FUR-CH-10004086,San Francisco
3625,CA-2017-113530,2017-05-21,Second Class,BC-11125,94109,681.41,42.59,FUR-CH-10002647,San Francisco
7168,CA-2014-117464,2014-07-24,Second Class,NP-18325,94122,717.72,71.77,FUR-CH-10000155,San Francisco
5957,CA-2016-127138,2016-03-15,Second Class,DK-13225,94109,676.55,6.77,OFF-ST-10002756,San Francisco
5960,CA-2016-127138,2016-03-15,Second Class,DK-13225,94109,770.35,77.04,FUR-CH-10003746,San Francisco
2755,CA-2015-155306,2015-04-21,Standard Class,GA-14515,94122,783.96,68.60,TEC-PH-10002310,San Francisco
339,CA-2014-129924,2014-07-17,Standard Class,AC-10420,94122,698.35,-17.46,FUR-TA-10004575,San Francisco
2274,CA-2015-142944,2015-03-11,Standard Class,JL-15850,94122,1119.98,377.99,TEC-CO-10003763,San Francisco
1872,CA-2014-116932,2014-07-25,Standard Class,ME-18010,94122,801.57,50.10,FUR-CH-10001215,San Francisco
8244,CA-2014-109897,2014-08-16,Standard Class,BW-11200,94122,806.34,50.40,TEC-PH-10003691,San Francisco
407,CA-2017-117457,2017-12-12,Standard Class,KH-16510,94110,1199.98,434.99,TEC-CO-10004115,San Francisco
6930,CA-2016-140382,2016-06-25,Second Class,RD-19900,94109,862.34,97.01,TEC-PH-10003012,San Francisco
4344,CA-2017-105410,2017-03-22,First Class,ND-18370,94110,657.50,-131.50,TEC-PH-10000038,San Francisco
754,CA-2016-110499,2016-04-09,First Class,YC-21895,94110,1199.98,374.99,TEC-CO-10002095,San Francisco
8168,CA-2016-144148,2016-08-05,Standard Class,AH-10690,94122,863.13,-32.37,FUR-TA-10002774,San Francisco
1049,CA-2014-139192,2014-05-31,Second Class,LC-16885,94109,1113.50,125.27,TEC-PH-10000486,San Francisco
2756,CA-2015-155306,2015-04-21,Standard Class,GA-14515,94122,1447.65,419.82,OFF-AP-10002651,San Francisco
2221,CA-2017-130841,2017-07-31,Standard Class,MH-17620,94110,1145.60,100.24,TEC-PH-10001817,San Francisco
4454,CA-2016-147137,2016-07-06,First Class,AA-10645,94109,1279.17,225.74,FUR-BO-10001811,San Francisco
4938,CA-2014-157147,2014-01-18,Standard Class,BD-11605,94109,1325.85,238.65,OFF-ST-10000078,San Francisco
409,CA-2017-117457,2017-12-12,Standard Class,KH-16510,94110,1004.02,-112.95,FUR-TA-10002041,San Francisco
552,CA-2016-136406,2016-04-17,Second Class,BD-11320,94110,1121.57,0.00,FUR-CH-10002024,San Francisco
2258,CA-2017-105214,2017-06-19,First Class,TS-21610,94122,1212.96,90.97,FUR-CH-10000015,San Francisco
6152,CA-2014-111871,2014-03-21,Second Class,EK-13795,94110,1198.33,70.49,FUR-BO-10004218,San Francisco
1712,CA-2017-123491,2017-11-05,Standard Class,JK-15205,94122,1702.12,510.64,OFF-AP-10002684,San Francisco
7649,CA-2016-138968,2016-03-16,First Class,FC-14335,94110,1352.03,84.50,FUR-CH-10000309,San Francisco
413,CA-2017-117457,2017-12-12,Standard Class,KH-16510,94110,1336.83,31.45,FUR-BO-10001972,San Francisco
9760,CA-2016-146913,2016-11-05,Standard Class,SF-20965,94109,1403.92,70.20,FUR-CH-10001854,San Francisco
9491,CA-2017-111738,2017-01-07,Standard Class,CM-12385,94110,2022.27,682.52,OFF-BI-10004584,San Francisco
2354,CA-2015-111514,2015-09-02,First Class,SC-20260,94122,1552.83,200.95,FUR-BO-10002545,San Francisco
5460,CA-2017-116680,2017-09-06,Second Class,PK-19075,94122,1478.27,92.39,FUR-TA-10001771,San Francisco
8452,CA-2014-131387,2014-04-30,First Class,AI-10855,94122,1679.96,126.00,TEC-PH-10001459,San Francisco
2540,CA-2015-113404,2015-07-16,Same Day,EM-13810,94122,1348.70,-219.16,FUR-CH-10003312,San Francisco
3481,CA-2016-131289,2016-12-14,Standard Class,SP-20620,94110,1421.66,-195.48,FUR-TA-10003954,San Francisco
3299,CA-2017-136308,2017-11-16,Same Day,MW-18235,94122,1919.98,216.00,TEC-MA-10000488,San Francisco
9930,CA-2016-129630,2016-09-04,Same Day,IM-15055,94122,2799.96,944.99,TEC-CO-10003763,San Francisco
3771,CA-2016-155530,2016-12-21,Standard Class,CM-12160,94122,2003.52,-325.57,FUR-TA-10004256,San Francisco
4219,CA-2017-149881,2017-04-03,First Class,NC-18535,94110,4799.98,360.00,TEC-MA-10000418,San Francisco
5885,CA-2016-136301,2016-03-15,Second Class,EH-13765,94109,4912.59,196.50,OFF-SU-10000151,San Francisco
2506,CA-2014-143917,2014-07-27,Second Class,KL-16645,94122,8187.65,327.51,OFF-SU-10000151,San Francisco
4377,CA-2014-166954,2014-04-30,Standard Class,BT-11305,91776,270.72,78.51,OFF-AP-10001391,San Gabriel
4376,CA-2014-166954,2014-04-30,Standard Class,BT-11305,91776,303.25,63.68,FUR-FU-10003708,San Gabriel
4378,CA-2014-166954,2014-04-30,Standard Class,BT-11305,91776,1487.04,148.70,FUR-CH-10003973,San Gabriel
2214,CA-2017-129378,2017-10-02,First Class,NS-18505,95123,1.44,0.50,OFF-BI-10002012,San Jose
993,CA-2016-105585,2016-08-27,First Class,RF-19735,95123,10.23,4.91,OFF-FA-10002983,San Jose
6146,CA-2014-133543,2014-12-26,Standard Class,KM-16660,95123,11.76,3.18,OFF-AR-10003394,San Jose
9551,CA-2015-160864,2015-05-06,First Class,NF-18595,95123,13.85,5.19,OFF-BI-10004654,San Jose
5910,US-2016-113985,2016-12-07,Standard Class,KD-16495,95123,14.52,5.66,FUR-FU-10003026,San Jose
7272,CA-2016-123337,2016-09-22,Standard Class,KD-16495,95123,17.48,4.54,OFF-AP-10002287,San Jose
5908,US-2016-113985,2016-12-07,Standard Class,KD-16495,95123,24.70,9.26,OFF-BI-10002353,San Jose
9596,CA-2017-104619,2017-01-29,Standard Class,KD-16495,95123,25.86,6.72,OFF-AP-10001492,San Jose
2450,CA-2016-140207,2016-11-10,Standard Class,CS-12400,95123,29.12,9.83,OFF-BI-10003963,San Jose
9197,CA-2014-103310,2014-05-15,Standard Class,GM-14680,95123,39.96,19.18,OFF-PA-10004353,San Jose
7240,CA-2016-101651,2016-12-30,Standard Class,SC-20305,95123,39.76,18.69,OFF-EN-10001990,San Jose
7239,CA-2016-101651,2016-12-30,Standard Class,SC-20305,95123,43.96,18.46,FUR-FU-10000771,San Jose
5241,CA-2016-116561,2016-09-17,Standard Class,EB-14110,95123,39.87,12.96,OFF-BI-10001658,San Jose
9199,CA-2014-103310,2014-05-15,Standard Class,GM-14680,95123,41.04,11.08,OFF-SU-10004737,San Jose
154,CA-2015-124919,2015-06-02,First Class,SP-20650,95123,58.38,26.27,OFF-PA-10001950,San Jose
5909,US-2016-113985,2016-12-07,Standard Class,KD-16495,95123,59.70,26.86,OFF-AP-10001303,San Jose
8234,CA-2014-158225,2014-09-28,Standard Class,SE-20110,95123,40.68,0.41,OFF-ST-10002301,San Jose
2215,CA-2017-129378,2017-10-02,First Class,NS-18505,95123,61.78,20.85,OFF-BI-10001922,San Jose
4570,CA-2014-169460,2014-04-21,Second Class,NF-18595,95123,76.14,26.65,FUR-FU-10004017,San Jose
155,CA-2015-124919,2015-06-02,First Class,SP-20650,95123,105.52,48.54,OFF-PA-10002254,San Jose
7307,CA-2016-144092,2016-11-07,Second Class,LH-17155,95123,72.00,12.96,TEC-AC-10002305,San Jose
156,CA-2015-124919,2015-06-02,First Class,SP-20650,95123,80.88,21.03,OFF-ST-10001590,San Jose
5911,US-2016-113985,2016-12-07,Standard Class,KD-16495,95123,104.18,33.86,OFF-BI-10000632,San Jose
7309,CA-2016-144092,2016-11-07,Second Class,LH-17155,95123,158.13,77.48,OFF-EN-10001434,San Jose
6369,US-2017-147998,2017-05-24,Standard Class,SA-20830,95123,133.12,49.92,OFF-BI-10002082,San Jose
994,CA-2016-105585,2016-08-27,First Class,RF-19735,95123,154.90,69.70,OFF-PA-10003625,San Jose
2217,CA-2017-129378,2017-10-02,First Class,NS-18505,95123,108.61,9.50,FUR-CH-10000553,San Jose
9598,CA-2017-104619,2017-01-29,Standard Class,KD-16495,95123,110.35,8.28,TEC-PH-10000193,San Jose
7308,CA-2016-144092,2016-11-07,Second Class,LH-17155,95123,113.89,9.97,FUR-CH-10004875,San Jose
2547,CA-2017-108070,2017-04-20,Standard Class,JE-15745,95123,102.83,-6.05,FUR-BO-10001337,San Jose
8233,CA-2014-158225,2014-09-28,Standard Class,SE-20110,95123,169.45,42.36,OFF-ST-10000675,San Jose
4458,CA-2017-115175,2017-08-12,Standard Class,MC-17575,95123,244.55,114.94,OFF-PA-10001878,San Jose
1799,CA-2016-100965,2016-07-11,Standard Class,RM-19375,95123,215.65,73.32,FUR-FU-10003039,San Jose
6239,CA-2015-134075,2015-12-16,Standard Class,HA-14905,95123,166.50,21.65,FUR-FU-10004597,San Jose
2216,CA-2017-129378,2017-10-02,First Class,NS-18505,95123,241.96,60.49,OFF-AP-10000576,San Jose
9597,CA-2017-104619,2017-01-29,Standard Class,KD-16495,95123,276.78,89.95,OFF-BI-10004318,San Jose
2546,CA-2017-108070,2017-04-20,Standard Class,JE-15745,95123,205.92,2.06,OFF-ST-10004804,San Jose
9200,CA-2014-103310,2014-05-15,Standard Class,GM-14680,95123,256.78,32.10,FUR-CH-10002320,San Jose
6240,CA-2015-134075,2015-12-16,Standard Class,HA-14905,95123,360.38,93.70,OFF-ST-10001496,San Jose
7271,CA-2016-123337,2016-09-22,Standard Class,KD-16495,95123,273.67,-12.88,FUR-BO-10001918,San Jose
5240,CA-2016-116561,2016-09-17,Standard Class,EB-14110,95123,332.94,6.66,OFF-ST-10004186,San Jose
9198,CA-2014-103310,2014-05-15,Standard Class,GM-14680,95123,1432.00,125.30,TEC-PH-10001817,San Jose
9702,CA-2016-105291,2016-11-04,Standard Class,SP-20920,93405,3.62,1.19,OFF-FA-10003059,San Luis Obispo
3216,CA-2017-150189,2017-07-10,First Class,VG-21790,94403,75.18,35.33,OFF-LA-10002762,San Mateo
6605,CA-2016-148852,2016-05-31,Standard Class,SV-20785,92704,5.94,0.00,OFF-FA-10003467,Santa Ana
9082,CA-2017-166898,2017-09-13,Second Class,KH-16630,92704,19.44,9.33,OFF-PA-10002262,Santa Ana
8149,US-2016-131058,2016-12-31,Standard Class,EM-14140,92704,20.16,9.88,OFF-LA-10001613,Santa Ana
814,CA-2017-143686,2017-05-14,Same Day,PJ-19015,92704,18.28,6.22,FUR-FU-10000794,Santa Ana
9055,CA-2017-117009,2017-09-28,Standard Class,BK-11260,92704,21.96,6.15,OFF-SU-10001218,Santa Ana
6606,CA-2016-148852,2016-05-31,Standard Class,SV-20785,92704,45.36,21.77,OFF-PA-10001293,Santa Ana
4176,CA-2015-154340,2015-11-30,First Class,EK-13795,92704,56.30,15.76,OFF-AR-10003582,Santa Ana
9081,CA-2017-166898,2017-09-13,Second Class,KH-16630,92704,143.95,17.99,TEC-PH-10002564,Santa Ana
6834,CA-2016-153101,2016-09-08,Same Day,PJ-19015,92704,146.04,-12.78,FUR-TA-10003008,Santa Ana
6607,CA-2016-148852,2016-05-31,Standard Class,SV-20785,92704,211.17,23.76,TEC-PH-10003885,Santa Ana
6609,CA-2016-148852,2016-05-31,Standard Class,SV-20785,92704,371.98,116.24,TEC-MA-10002428,Santa Ana
7104,CA-2017-147410,2017-09-08,Standard Class,EJ-14155,92704,421.10,105.28,OFF-ST-10003805,Santa Ana
6608,CA-2016-148852,2016-05-31,Standard Class,SV-20785,92704,484.70,-84.82,FUR-CH-10004860,Santa Ana
815,CA-2017-143686,2017-05-14,Same Day,PJ-19015,92704,1399.93,601.97,TEC-AC-10001838,Santa Ana
5527,CA-2017-166933,2017-04-28,Standard Class,MG-17890,93101,1.81,0.65,OFF-FA-10002676,Santa Barbara
8196,CA-2015-136700,2015-12-11,Second Class,DB-13120,93101,8.96,4.39,OFF-PA-10004519,Santa Barbara
9914,CA-2015-132388,2015-10-12,First Class,KN-16390,93101,31.05,14.90,OFF-LA-10000414,Santa Barbara
9662,CA-2016-160717,2016-06-11,Standard Class,ME-17320,93101,26.96,3.77,TEC-AC-10002134,Santa Barbara
6921,CA-2017-121706,2017-03-02,Standard Class,BM-11140,93101,356.79,99.90,OFF-AP-10003287,Santa Barbara
9663,CA-2016-160717,2016-06-11,Standard Class,ME-17320,93101,477.60,161.19,TEC-PH-10001760,Santa Barbara
9913,CA-2015-132388,2015-10-12,First Class,KN-16390,93101,362.14,-54.32,FUR-CH-10001714,Santa Barbara
9661,CA-2016-160717,2016-06-11,Standard Class,ME-17320,93101,3023.93,226.79,TEC-PH-10001459,Santa Barbara
237,CA-2017-160514,2017-11-16,Standard Class,DB-13120,95051,10.56,4.75,OFF-PA-10002479,Santa Clara
8368,CA-2014-109918,2014-09-12,Second Class,LR-17035,95051,20.56,9.66,OFF-PA-10000174,Santa Clara
5523,CA-2016-110982,2016-06-07,First Class,CK-12205,95051,21.55,7.00,OFF-BI-10000829,Santa Clara
8367,CA-2014-109918,2014-09-12,Second Class,LR-17035,95051,27.36,7.39,OFF-SU-10004290,Santa Clara
5524,CA-2016-110982,2016-06-07,First Class,CK-12205,95051,58.24,15.72,OFF-AP-10004859,Santa Clara
8369,CA-2014-109918,2014-09-12,Second Class,LR-17035,95051,83.92,31.47,OFF-BI-10004308,Santa Clara
6140,US-2015-113593,2015-04-20,First Class,NC-18415,93454,115.44,30.01,OFF-ST-10000532,Santa Maria
4354,CA-2017-107748,2017-12-12,Second Class,AG-10330,95207,12.96,6.22,OFF-PA-10002005,Stockton
2995,CA-2016-112893,2016-09-13,Second Class,AT-10735,95207,55.36,18.68,OFF-BI-10004654,Stockton
4353,CA-2017-107748,2017-12-12,Second Class,AG-10330,95207,95.84,34.74,TEC-PH-10003215,Stockton
2118,CA-2016-130267,2016-09-23,Standard Class,SW-20245,95207,159.88,73.54,OFF-PA-10002222,Stockton
6711,CA-2016-149503,2016-12-12,First Class,SP-20650,95207,273.92,99.30,OFF-BI-10002133,Stockton
8889,CA-2017-103968,2017-12-07,Standard Class,ML-17755,95207,629.64,107.04,FUR-FU-10003394,Stockton
9045,CA-2017-137463,2017-12-20,Second Class,KM-16225,94086,5.98,2.24,OFF-BI-10003196,Sunnyvale
9048,CA-2017-137463,2017-12-20,Second Class,KM-16225,94086,29.95,8.69,OFF-AR-10001988,Sunnyvale
9049,CA-2017-137463,2017-12-20,Second Class,KM-16225,94086,44.40,22.20,OFF-LA-10003498,Sunnyvale
9047,CA-2017-137463,2017-12-20,Second Class,KM-16225,94086,149.95,31.49,TEC-AC-10000057,Sunnyvale
9046,CA-2017-137463,2017-12-20,Second Class,KM-16225,94086,189.95,45.59,TEC-AC-10000358,Sunnyvale
2122,CA-2017-158246,2017-11-11,First Class,JB-15400,94086,215.98,-2.70,FUR-CH-10003061,Sunnyvale
3289,CA-2015-157770,2015-12-15,First Class,RD-19585,92592,29.20,9.86,OFF-BI-10000050,Temecula
3291,CA-2015-157770,2015-12-15,First Class,RD-19585,92592,36.24,15.22,TEC-AC-10003399,Temecula
3290,CA-2015-157770,2015-12-15,First Class,RD-19585,92592,248.85,27.37,TEC-AC-10001552,Temecula
3288,CA-2015-157770,2015-12-15,First Class,RD-19585,92592,494.38,49.44,TEC-PH-10001530,Temecula
7262,CA-2017-137001,2017-06-13,Second Class,GZ-14545,91360,14.70,4.12,OFF-AR-10001231,Thousand Oaks
6837,CA-2017-142643,2017-10-20,Standard Class,DL-13495,91360,22.72,9.32,FUR-FU-10000087,Thousand Oaks
5803,CA-2015-163440,2015-03-24,First Class,RD-19900,91360,15.98,1.20,TEC-PH-10000376,Thousand Oaks
2379,CA-2015-148628,2015-12-11,Standard Class,KM-16375,91360,32.75,15.07,OFF-PA-10003883,Thousand Oaks
6836,CA-2017-142643,2017-10-20,Standard Class,DL-13495,91360,152.65,70.22,OFF-LA-10003510,Thousand Oaks
942,CA-2016-142958,2016-12-20,Standard Class,RW-19630,90503,6.10,2.21,OFF-BI-10001759,Torrance
6840,CA-2017-107517,2017-02-09,Standard Class,FC-14335,90503,371.20,41.76,TEC-PH-10003505,Torrance
943,CA-2016-142958,2016-12-20,Standard Class,RW-19630,90503,1114.27,41.79,FUR-TA-10000577,Torrance
6839,CA-2017-107517,2017-02-09,Standard Class,FC-14335,90503,1640.70,459.40,OFF-AP-10000275,Torrance
2751,CA-2014-154669,2014-08-11,Second Class,TM-21010,95687,423.28,110.05,OFF-ST-10000532,Vacaville
2724,CA-2014-153479,2014-10-08,Standard Class,DF-13135,94591,14.45,6.79,OFF-LA-10004689,Vallejo
640,CA-2016-115917,2016-05-25,Standard Class,RB-19465,94591,15.42,5.01,OFF-BI-10004728,Vallejo
1374,US-2014-157021,2014-04-06,Second Class,KM-16720,94591,17.09,5.55,OFF-BI-10000042,Vallejo
1373,US-2014-157021,2014-04-06,Second Class,KM-16720,94591,29.60,14.80,OFF-LA-10002312,Vallejo
2725,CA-2014-153479,2014-10-08,Standard Class,DF-13135,94591,95.65,31.09,OFF-BI-10002867,Vallejo
639,CA-2016-115917,2016-05-25,Standard Class,RB-19465,94591,1049.20,272.79,FUR-FU-10000576,Vallejo
3272,CA-2015-155145,2015-12-29,Second Class,KN-16450,93277,7.92,3.48,TEC-AC-10003709,Visalia
7464,CA-2016-103709,2016-09-15,Standard Class,LP-17095,93277,14.88,3.72,OFF-AR-10003338,Visalia
7465,CA-2016-103709,2016-09-15,Standard Class,LP-17095,93277,34.24,15.41,OFF-PA-10004610,Visalia
7466,CA-2016-103709,2016-09-15,Standard Class,LP-17095,93277,261.74,65.44,OFF-ST-10001272,Visalia
7498,CA-2017-121048,2017-07-18,Standard Class,TC-21295,92683,4.96,2.33,OFF-FA-10000490,Westminster
7496,CA-2017-121048,2017-07-18,Standard Class,TC-21295,92683,4.45,1.45,OFF-BI-10004022,Westminster
9181,CA-2017-156776,2017-08-11,Standard Class,JL-15505,92683,11.95,4.18,OFF-BI-10003355,Westminster
7500,CA-2017-121048,2017-07-18,Standard Class,TC-21295,92683,18.84,7.91,FUR-FU-10002960,Westminster
9184,CA-2017-156776,2017-08-11,Standard Class,JL-15505,92683,24.56,11.54,OFF-PA-10001970,Westminster
9182,CA-2017-156776,2017-08-11,Standard Class,JL-15505,92683,31.13,11.67,OFF-BI-10000216,Westminster
1479,CA-2017-121468,2017-11-20,First Class,KD-16345,92683,31.97,2.40,TEC-PH-10000376,Westminster
9185,CA-2017-156776,2017-08-11,Standard Class,JL-15505,92683,51.75,15.53,FUR-FU-10004848,Westminster
9183,CA-2017-156776,2017-08-11,Standard Class,JL-15505,92683,55.76,7.81,TEC-AC-10004803,Westminster
7499,CA-2017-121048,2017-07-18,Standard Class,TC-21295,92683,71.92,20.86,OFF-AR-10004042,Westminster
7501,CA-2017-121048,2017-07-18,Standard Class,TC-21295,92683,140.97,19.74,TEC-AC-10000991,Westminster
9994,CA-2017-119914,2017-05-09,Second Class,CC-12220,92683,243.16,72.95,OFF-AP-10002684,Westminster
9186,CA-2017-156776,2017-08-11,Standard Class,JL-15505,92683,207.18,25.90,FUR-CH-10002317,Westminster
7497,CA-2017-121048,2017-07-18,Standard Class,TC-21295,92683,276.69,49.80,FUR-FU-10003601,Westminster
7502,CA-2017-121048,2017-07-18,Standard Class,TC-21295,92683,470.38,52.92,TEC-PH-10004977,Westminster
9180,CA-2017-156776,2017-08-11,Standard Class,JL-15505,92683,707.88,44.24,TEC-PH-10002415,Westminster
9187,CA-2017-156776,2017-08-11,Standard Class,JL-15505,92683,1473.10,412.47,OFF-AP-10002534,Westminster
206,CA-2017-108329,2017-12-14,Standard Class,LE-16810,90604,444.77,44.48,TEC-PH-10001918,Whittier
3189,US-2017-146416,2017-10-22,Second Class,JE-16165,95695,3.75,1.80,OFF-LA-10003714,Woodland
3190,US-2017-146416,2017-10-22,Second Class,JE-16165,95695,20.93,7.59,OFF-BI-10001787,Woodland
9613,CA-2016-110086,2016-09-22,Standard Class,BD-11320,95695,239.98,24.00,TEC-PH-10001299,Woodland
3348,CA-2015-112014,2015-08-20,Standard Class,ON-18715,92399,50.80,13.21,OFF-AR-10003156,Yucaipa
313,CA-2016-142902,2016-09-14,Second Class,BP-11185,80004,6.26,2.04,OFF-LA-10000634,Arvada
310,CA-2016-142902,2016-09-14,Second Class,BP-11185,80004,15.14,3.59,FUR-FU-10001918,Arvada
312,CA-2016-142902,2016-09-14,Second Class,BP-11185,80004,15.23,1.71,FUR-FU-10001756,Arvada
311,CA-2016-142902,2016-09-14,Second Class,BP-11185,80004,466.77,52.51,FUR-CH-10004086,Arvada
4934,CA-2015-106978,2015-10-04,Standard Class,ZC-21910,80013,1.08,-0.79,OFF-BI-10002012,Aurora
4935,CA-2015-106978,2015-10-04,Standard Class,ZC-21910,80013,4.51,0.85,OFF-FA-10003021,Aurora
3419,CA-2015-151841,2015-05-02,Standard Class,TC-21475,80013,5.84,0.73,OFF-SU-10001574,Aurora
4933,CA-2015-106978,2015-10-04,Standard Class,ZC-21910,80013,12.54,4.23,OFF-EN-10004483,Aurora
7994,US-2015-165743,2015-11-23,Second Class,MM-18055,80013,4.90,-3.43,OFF-BI-10001982,Aurora
4464,US-2017-125717,2017-09-30,First Class,DS-13030,80013,14.35,5.20,OFF-PA-10003022,Aurora
7050,CA-2014-141355,2014-09-30,Standard Class,BF-11005,80013,14.58,2.37,OFF-AR-10003179,Aurora
5662,CA-2016-108875,2016-09-30,Standard Class,CL-12700,80013,21.44,7.50,FUR-FU-10002671,Aurora
7996,US-2015-165743,2015-11-23,Second Class,MM-18055,80013,9.61,-7.37,OFF-BI-10001758,Aurora
1865,US-2016-100839,2016-10-17,Standard Class,NC-18625,80013,24.96,4.37,FUR-FU-10001617,Aurora
8550,CA-2015-126186,2015-09-12,First Class,GB-14530,80013,24.64,4.00,FUR-FU-10000073,Aurora
6734,CA-2014-120096,2014-07-07,First Class,KE-16420,80013,32.43,3.24,OFF-AP-10000692,Aurora
4460,US-2017-125717,2017-09-30,First Class,DS-13030,80013,32.78,3.28,FUR-FU-10001979,Aurora
637,US-2016-123470,2016-08-21,Standard Class,ME-17725,80013,18.88,-13.85,OFF-BI-10001989,Aurora
3418,CA-2015-151841,2015-05-02,Standard Class,TC-21475,80013,43.56,3.27,OFF-AP-10003971,Aurora
4462,US-2017-125717,2017-09-30,First Class,DS-13030,80013,54.38,1.36,TEC-AC-10003657,Aurora
106,US-2015-156867,2015-11-17,Standard Class,LC-16870,80013,36.88,-25.82,OFF-BI-10002794,Aurora
632,US-2016-135720,2016-12-13,Second Class,FM-14380,80013,119.80,29.95,TEC-AC-10001267,Aurora
105,US-2015-156867,2015-11-17,Standard Class,LC-16870,80013,102.36,-3.84,FUR-FU-10004006,Aurora
638,US-2016-123470,2016-08-21,Standard Class,ME-17725,80013,122.33,12.23,OFF-AP-10003287,Aurora
8012,US-2015-136427,2015-06-23,First Class,JM-16195,80013,125.94,15.74,TEC-PH-10002070,Aurora
6733,CA-2014-120096,2014-07-07,First Class,KE-16420,80013,177.54,62.14,OFF-PA-10001977,Aurora
1444,CA-2015-166135,2015-10-06,Standard Class,SC-20440,80013,139.42,17.43,OFF-ST-10002974,Aurora
4463,US-2017-125717,2017-09-30,First Class,DS-13030,80013,76.78,-58.86,OFF-BI-10001718,Aurora
4166,US-2017-106131,2017-01-16,First Class,TP-21565,80013,168.62,14.75,OFF-ST-10003638,Aurora
4461,US-2017-125717,2017-09-30,First Class,DS-13030,80013,147.18,-29.44,OFF-ST-10001522,Aurora
4465,US-2017-125717,2017-09-30,First Class,DS-13030,80013,209.79,26.22,OFF-AP-10000891,Aurora
4165,US-2017-106131,2017-01-16,First Class,TP-21565,80013,169.06,-14.79,TEC-AC-10003027,Aurora
104,US-2015-156867,2015-11-17,Standard Class,LC-16870,80013,238.90,-26.88,TEC-AC-10001552,Aurora
633,US-2016-135720,2016-12-13,Second Class,FM-14380,80013,300.77,30.08,TEC-PH-10002103,Aurora
631,US-2016-135720,2016-12-13,Second Class,FM-14380,80013,243.38,-51.72,OFF-ST-10001963,Aurora
7995,US-2015-165743,2015-11-23,Second Class,MM-18055,80013,145.76,-247.80,FUR-BO-10002268,Aurora
5663,CA-2016-108875,2016-09-30,Standard Class,CL-12700,80013,511.06,-95.82,OFF-ST-10001370,Aurora
1864,US-2016-100839,2016-10-17,Standard Class,NC-18625,80013,727.45,-465.57,FUR-TA-10004575,Aurora
1940,CA-2016-112109,2016-07-12,Standard Class,JE-15715,80020,8.74,-6.12,OFF-BI-10001634,Broomfield
1938,CA-2016-112109,2016-07-12,Standard Class,JE-15715,80020,19.97,-13.31,OFF-BI-10002082,Broomfield
1939,CA-2016-112109,2016-07-12,Standard Class,JE-15715,80020,33.49,-1.26,OFF-ST-10001505,Broomfield
9554,CA-2016-125724,2016-09-27,Standard Class,SM-20950,80020,68.43,8.55,FUR-FU-10000246,Broomfield
1941,CA-2016-112109,2016-07-12,Standard Class,JE-15715,80020,662.88,74.57,FUR-CH-10004287,Broomfield
7718,CA-2015-149636,2015-01-12,Standard Class,SP-20620,80906,1.94,-1.36,OFF-BI-10002764,Colorado Springs
4787,CA-2015-104346,2015-12-16,Standard Class,IM-15070,80906,4.22,0.48,OFF-AR-10001545,Colorado Springs
4989,CA-2016-149279,2016-04-28,Standard Class,CL-12700,80906,3.11,-2.18,OFF-BI-10004040,Colorado Springs
4403,CA-2016-114538,2016-12-27,First Class,RC-19825,80906,11.33,2.55,OFF-AR-10002445,Colorado Springs
4987,CA-2016-149279,2016-04-28,Standard Class,CL-12700,80906,15.55,5.44,OFF-PA-10003441,Colorado Springs
8626,CA-2015-156118,2015-12-12,Standard Class,HG-14965,80906,15.70,5.10,OFF-PA-10000533,Colorado Springs
4785,CA-2015-104346,2015-12-16,Standard Class,IM-15070,80906,13.12,1.15,OFF-AR-10001473,Colorado Springs
1371,US-2015-103471,2015-12-28,Standard Class,JR-15670,80906,14.04,1.58,OFF-AR-10003405,Colorado Springs
4793,CA-2015-104346,2015-12-16,Standard Class,IM-15070,80906,27.70,9.69,OFF-PA-10003256,Colorado Springs
298,CA-2014-111451,2014-12-28,First Class,KL-16555,80906,27.55,9.30,OFF-FA-10004854,Colorado Springs
7717,CA-2015-149636,2015-01-12,Standard Class,SP-20620,80906,29.60,9.25,OFF-PA-10004041,Colorado Springs
4789,CA-2015-104346,2015-12-16,Standard Class,IM-15070,80906,52.42,15.07,FUR-FU-10002456,Colorado Springs
4790,CA-2015-104346,2015-12-16,Standard Class,IM-15070,80906,54.92,10.98,FUR-FU-10001473,Colorado Springs
4792,CA-2015-104346,2015-12-16,Standard Class,IM-15070,80906,85.06,28.71,OFF-PA-10001166,Colorado Springs
2777,CA-2015-127019,2015-12-25,Standard Class,ER-13855,80906,60.98,4.57,OFF-AP-10003971,Colorado Springs
4788,CA-2015-104346,2015-12-16,Standard Class,IM-15070,80906,58.08,-6.53,TEC-AC-10004396,Colorado Springs
3968,CA-2016-146010,2016-05-23,First Class,EH-14125,80906,40.63,-32.51,OFF-BI-10003638,Colorado Springs
297,CA-2014-111451,2014-12-28,First Class,KL-16555,80906,78.60,-62.88,OFF-BI-10004593,Colorado Springs
295,CA-2014-111451,2014-12-28,First Class,KL-16555,80906,230.35,20.16,FUR-CH-10001891,Colorado Springs
4786,CA-2015-104346,2015-12-16,Standard Class,IM-15070,80906,69.58,-143.79,FUR-BO-10003450,Colorado Springs
294,CA-2014-111451,2014-12-28,First Class,KL-16555,80906,300.42,78.86,FUR-FU-10004091,Colorado Springs
296,CA-2014-111451,2014-12-28,First Class,KL-16555,80906,218.35,-24.56,FUR-FU-10002918,Colorado Springs
4791,CA-2015-104346,2015-12-16,Standard Class,IM-15070,80906,364.95,-248.17,FUR-TA-10000849,Colorado Springs
4988,CA-2016-149279,2016-04-28,Standard Class,CL-12700,80906,1325.76,149.15,FUR-CH-10004287,Colorado Springs
1370,US-2015-103471,2015-12-28,Standard Class,JR-15670,80906,590.06,-786.74,FUR-BO-10002613,Colorado Springs
6604,CA-2017-146346,2017-06-20,First Class,RA-19945,80022,146.35,-32.93,OFF-ST-10001418,Commerce City
203,CA-2014-133690,2014-08-05,First Class,BS-11755,80219,2.60,0.29,OFF-AP-10003622,Denver
7022,CA-2014-124737,2014-08-27,Standard Class,AP-10915,80219,4.22,1.27,FUR-FU-10003274,Denver
1202,CA-2016-114727,2016-07-24,Standard Class,LS-16945,80219,1.87,-1.44,OFF-BI-10004967,Denver
7021,CA-2014-124737,2014-08-27,Standard Class,AP-10915,80219,6.80,0.51,OFF-SU-10004661,Denver
7020,CA-2014-124737,2014-08-27,Standard Class,AP-10915,80219,15.55,5.44,OFF-PA-10001837,Denver
585,CA-2017-145233,2017-12-05,Standard Class,DV-13465,80219,6.78,-4.75,OFF-BI-10002764,Denver
3694,US-2015-131359,2015-11-02,Second Class,FA-14230,80219,15.49,3.68,FUR-FU-10003026,Denver
3726,CA-2016-151512,2017-01-02,Standard Class,SH-19975,80219,18.72,3.51,OFF-AP-10000252,Denver
7969,CA-2016-157707,2016-10-12,First Class,CC-12610,80219,15.99,-3.00,TEC-PH-10002583,Denver
1072,CA-2016-152814,2016-05-02,Standard Class,EH-14005,80219,29.47,9.95,OFF-PA-10001970,Denver
7024,CA-2014-124737,2014-08-27,Standard Class,AP-10915,80219,31.10,10.89,OFF-PA-10000019,Denver
584,CA-2017-145233,2017-12-05,Standard Class,DV-13465,80219,31.15,3.50,OFF-AP-10000358,Denver
806,CA-2014-134313,2014-11-07,Standard Class,RA-19915,80219,43.18,4.32,OFF-AR-10001897,Denver
7542,US-2017-112347,2017-12-06,Standard Class,BS-11380,80219,49.62,4.96,TEC-PH-10000213,Denver
7564,CA-2017-157672,2017-10-07,First Class,RB-19795,80219,63.82,13.56,TEC-AC-10001714,Denver
3693,US-2015-131359,2015-11-02,Second Class,FA-14230,80219,87.96,30.79,TEC-PH-10004531,Denver
1928,CA-2017-121538,2017-11-30,First Class,RH-19495,80219,88.77,31.07,OFF-PA-10004071,Denver
7540,US-2017-112347,2017-12-06,Standard Class,BS-11380,80219,36.62,-24.42,OFF-BI-10003707,Denver
7544,US-2017-112347,2017-12-06,Standard Class,BS-11380,80219,57.36,-14.34,TEC-PH-10004833,Denver
2102,US-2014-140116,2014-03-17,Standard Class,KT-16480,80219,83.17,9.36,OFF-AR-10001044,Denver
583,CA-2017-145233,2017-12-05,Standard Class,DV-13465,80219,105.58,9.24,TEC-PH-10000586,Denver
7539,US-2017-112347,2017-12-06,Standard Class,BS-11380,80219,114.29,12.86,OFF-ST-10003306,Denver
3691,US-2015-131359,2015-11-02,Second Class,FA-14230,80219,59.99,-46.00,TEC-MA-10000597,Denver
7970,CA-2016-157707,2016-10-12,First Class,CC-12610,80219,120.78,13.59,FUR-CH-10004853,Denver
7023,CA-2014-124737,2014-08-27,Standard Class,AP-10915,80219,143.64,10.77,TEC-PH-10000149,Denver
3953,US-2016-151862,2016-03-08,Standard Class,ON-18715,80219,159.98,14.00,TEC-PH-10003535,Denver
7025,CA-2014-124737,2014-08-27,Standard Class,AP-10915,80219,223.06,69.70,OFF-PA-10001125,Denver
3692,US-2015-131359,2015-11-02,Second Class,FA-14230,80219,439.99,165.00,TEC-CO-10001571,Denver
7968,CA-2016-157707,2016-10-12,First Class,CC-12610,80219,90.88,-190.85,FUR-BO-10001567,Denver
3601,CA-2017-138310,2017-06-30,Standard Class,NP-18700,80219,431.93,64.79,TEC-AC-10001990,Denver
1205,CA-2016-114727,2016-07-24,Standard Class,LS-16945,80219,338.04,-33.80,OFF-ST-10000689,Denver
586,CA-2017-145233,2017-12-05,Standard Class,DV-13465,80219,406.37,30.48,TEC-PH-10001254,Denver
202,CA-2014-133690,2014-08-05,First Class,BS-11755,80219,218.75,-161.88,FUR-TA-10004289,Denver
582,CA-2017-145233,2017-12-05,Standard Class,DV-13465,80219,470.38,52.92,TEC-PH-10004977,Denver
1201,CA-2016-114727,2016-07-24,Standard Class,LS-16945,80219,544.01,40.80,FUR-CH-10002335,Denver
7543,US-2017-112347,2017-12-06,Standard Class,BS-11380,80219,508.70,0.00,FUR-FU-10001488,Denver
1204,CA-2016-114727,2016-07-24,Standard Class,LS-16945,80219,593.57,0.00,OFF-ST-10002292,Denver
7541,US-2017-112347,2017-12-06,Standard Class,BS-11380,80219,242.35,-363.53,FUR-BO-10003546,Denver
9393,CA-2015-130848,2015-10-25,Same Day,DG-13300,80219,582.34,-29.12,FUR-CH-10000422,Denver
2101,US-2014-140116,2014-03-17,Standard Class,KT-16480,80219,636.41,-15.91,OFF-ST-10000078,Denver
7545,US-2017-112347,2017-12-06,Standard Class,BS-11380,80219,906.68,68.00,FUR-CH-10002335,Denver
1203,CA-2016-114727,2016-07-24,Standard Class,LS-16945,80219,854.35,10.68,FUR-CH-10002331,Denver
4459,CA-2017-105851,2017-03-20,Standard Class,SE-20110,80219,1332.50,-299.81,OFF-SU-10002881,Denver
807,CA-2014-134313,2014-11-07,Standard Class,RA-19915,80219,1983.97,248.00,TEC-PH-10001795,Denver
2692,US-2016-144211,2016-09-02,Standard Class,CS-12130,80112,15.48,5.61,OFF-PA-10002246,Englewood
2693,US-2016-144211,2016-09-02,Standard Class,CS-12130,80112,108.58,8.14,TEC-PH-10002890,Englewood
4642,CA-2017-130141,2017-10-24,Second Class,HA-14905,80525,3.17,-2.53,OFF-BI-10000831,Fort Collins
9284,CA-2017-102218,2017-09-04,Second Class,LW-17215,80525,11.70,3.95,OFF-LA-10002475,Fort Collins
2329,CA-2017-138422,2017-09-26,First Class,KN-16705,80525,14.35,5.20,OFF-EN-10004147,Fort Collins
3177,US-2017-132059,2017-09-29,Standard Class,AP-10915,80525,47.98,0.60,TEC-AC-10003280,Fort Collins
9023,US-2016-141880,2016-08-23,First Class,TC-21475,80525,98.33,9.83,FUR-FU-10001979,Fort Collins
3176,US-2017-132059,2017-09-29,Standard Class,AP-10915,80525,180.59,-240.78,FUR-BO-10001811,Fort Collins
4643,CA-2017-130141,2017-10-24,Second Class,HA-14905,80525,579.14,-28.96,FUR-CH-10000749,Fort Collins
8593,CA-2017-101700,2017-04-26,First Class,SO-20335,80634,11.66,3.35,FUR-FU-10001025,Greeley
8592,CA-2017-101700,2017-04-26,First Class,SO-20335,80634,18.69,7.01,OFF-EN-10003134,Greeley
2226,CA-2016-106383,2016-03-21,Second Class,BT-11440,80122,72.29,-98.80,FUR-BO-10002202,Littleton
8496,CA-2016-143154,2016-12-08,Standard Class,AS-10225,80501,165.60,-6.21,TEC-AC-10002942,Longmont
7532,CA-2016-107146,2016-06-19,First Class,LC-16885,80501,266.35,-13.32,FUR-FU-10002298,Longmont
7533,CA-2016-107146,2016-06-19,First Class,LC-16885,80501,483.14,54.35,FUR-CH-10004853,Longmont
982,CA-2014-163419,2014-11-14,Second Class,TZ-21580,80027,3.39,0.81,OFF-AR-10000034,Louisville
9903,CA-2017-117646,2017-08-25,Standard Class,SC-20845,80027,6.67,2.09,OFF-PA-10001950,Louisville
4009,CA-2015-107468,2015-12-22,Standard Class,MK-17905,80027,6.85,0.60,OFF-AR-10000634,Louisville
4523,CA-2017-105445,2017-02-25,Second Class,BP-11095,80027,9.43,3.07,OFF-FA-10001229,Louisville
3015,CA-2017-134845,2017-04-23,Standard Class,SR-20425,80027,20.74,7.26,OFF-PA-10002005,Louisville
5286,CA-2017-105991,2017-05-06,First Class,LH-17020,80027,21.24,7.43,OFF-EN-10002600,Louisville
3014,CA-2017-134845,2017-04-23,Standard Class,SR-20425,80027,8.96,-6.57,OFF-BI-10003355,Louisville
9902,CA-2017-117646,2017-08-25,Standard Class,SC-20845,80027,22.75,7.11,FUR-FU-10001037,Louisville
5287,CA-2017-105991,2017-05-06,First Class,LH-17020,80027,9.55,-7.32,OFF-BI-10003274,Louisville
3011,CA-2017-134845,2017-04-23,Standard Class,SR-20425,80027,12.03,-9.22,OFF-BI-10000773,Louisville
2439,CA-2014-164210,2014-11-20,Second Class,PW-19240,80027,35.81,12.53,OFF-PA-10002259,Louisville
1269,CA-2017-121412,2017-09-27,Standard Class,BG-11695,80027,29.33,3.67,FUR-FU-10000246,Louisville
3013,CA-2017-134845,2017-04-23,Standard Class,SR-20425,80027,21.59,-15.84,OFF-BI-10001543,Louisville
8465,CA-2015-144043,2015-05-15,Standard Class,AB-10165,80027,46.69,-2.92,TEC-AC-10002718,Louisville
8771,CA-2016-151148,2016-09-13,Same Day,PO-19180,80027,83.14,5.20,FUR-CH-10002304,Louisville
8770,CA-2016-151148,2016-09-13,Same Day,PO-19180,80027,146.95,9.18,TEC-PH-10001870,Louisville
422,CA-2014-142048,2014-06-25,First Class,JE-15745,80027,196.75,56.57,TEC-AC-10004114,Louisville
4716,US-2015-122910,2015-05-16,Standard Class,LT-16765,80027,201.58,20.16,TEC-PH-10000441,Louisville
9901,CA-2017-117646,2017-08-25,Standard Class,SC-20845,80027,237.10,20.75,OFF-ST-10000036,Louisville
5288,CA-2017-105991,2017-05-06,First Class,LH-17020,80027,89.99,-152.98,FUR-BO-10004467,Louisville
2438,CA-2014-164210,2014-11-20,Second Class,PW-19240,80027,145.98,-99.27,FUR-TA-10000849,Louisville
983,CA-2014-163419,2014-11-14,Second Class,TZ-21580,80027,559.98,56.00,TEC-PH-10000560,Louisville
984,CA-2014-163419,2014-11-14,Second Class,TZ-21580,80027,603.92,75.49,FUR-CH-10000665,Louisville
3012,CA-2017-134845,2017-04-23,Standard Class,SR-20425,80027,2549.99,-3399.98,TEC-MA-10000822,Louisville
6090,US-2017-162068,2017-12-31,Second Class,PC-18745,80538,1.19,-0.99,OFF-BI-10002813,Loveland
5092,CA-2017-156720,2018-01-03,Standard Class,JM-15580,80538,3.02,-0.60,OFF-FA-10003472,Loveland
5090,CA-2017-132738,2017-08-07,First Class,HM-14860,80538,7.97,2.89,OFF-PA-10001752,Loveland
5091,CA-2017-132738,2017-08-07,First Class,HM-14860,80538,8.78,3.18,OFF-EN-10001141,Loveland
504,US-2016-105578,2016-06-04,Standard Class,MY-17380,80134,2.38,-1.90,OFF-BI-10000831,Parker
5472,CA-2017-116946,2017-12-23,Standard Class,TS-21505,80134,13.36,4.01,FUR-FU-10000320,Parker
505,US-2016-105578,2016-06-04,Standard Class,MY-17380,80134,32.79,11.89,OFF-PA-10000357,Parker
502,US-2016-105578,2016-06-04,Standard Class,MY-17380,80134,14.95,-11.96,OFF-BI-10001658,Parker
501,US-2016-105578,2016-06-04,Standard Class,MY-17380,80134,22.62,-15.08,OFF-BI-10001670,Parker
5473,CA-2017-116946,2017-12-23,Standard Class,TS-21505,80134,78.26,-17.61,OFF-ST-10002554,Parker
5474,CA-2017-116946,2017-12-23,Standard Class,TS-21505,80134,102.02,-183.63,FUR-BO-10000468,Parker
503,US-2016-105578,2016-06-04,Standard Class,MY-17380,80134,801.57,50.10,FUR-CH-10001215,Parker
5174,CA-2015-107741,2015-03-10,First Class,FC-14335,81001,3.41,0.89,OFF-AR-10002399,Pueblo
2678,US-2014-160780,2014-06-21,Same Day,SV-20785,81001,11.09,-8.13,OFF-BI-10001116,Pueblo
7644,US-2016-157490,2016-10-07,First Class,LB-16795,81001,11.98,-9.18,OFF-BI-10002571,Pueblo
7643,US-2016-157490,2016-10-07,First Class,LB-16795,81001,17.90,-14.92,OFF-BI-10002824,Pueblo
2679,US-2014-160780,2014-06-21,Same Day,SV-20785,81001,25.16,-16.78,OFF-BI-10002931,Pueblo
7645,US-2016-157490,2016-10-07,First Class,LB-16795,81001,67.96,0.85,TEC-AC-10001553,Pueblo
1296,CA-2015-138898,2015-05-29,Standard Class,JH-16180,81001,845.73,84.57,OFF-AP-10004487,Pueblo
7642,US-2016-157490,2016-10-07,First Class,LB-16795,81001,703.71,-938.28,TEC-MA-10001695,Pueblo
7884,CA-2017-118017,2017-12-06,Second Class,LC-16870,80229,10.32,3.74,OFF-PA-10002246,Thornton
8427,CA-2015-128356,2015-10-07,Standard Class,RP-19390,80229,10.94,0.96,OFF-SU-10004290,Thornton
7888,CA-2017-118017,2017-12-06,Second Class,LC-16870,80229,16.19,4.66,FUR-FU-10004053,Thornton
7881,CA-2017-118017,2017-12-06,Second Class,LC-16870,80229,13.34,1.00,OFF-AR-10003856,Thornton
7887,CA-2017-118017,2017-12-06,Second Class,LC-16870,80229,16.72,3.34,FUR-FU-10004270,Thornton
7886,CA-2017-118017,2017-12-06,Second Class,LC-16870,80229,23.38,7.01,FUR-FU-10004351,Thornton
7885,CA-2017-118017,2017-12-06,Second Class,LC-16870,80229,47.32,5.92,OFF-SU-10004782,Thornton
7882,CA-2017-118017,2017-12-06,Second Class,LC-16870,80229,76.75,10.55,TEC-AC-10002006,Thornton
7883,CA-2017-118017,2017-12-06,Second Class,LC-16870,80229,102.34,14.07,TEC-AC-10002006,Thornton
3859,CA-2014-140816,2014-12-20,Same Day,TC-21295,80229,447.94,89.59,TEC-AC-10001539,Thornton
4466,CA-2015-163895,2015-08-11,Standard Class,NS-18640,83704,3.30,1.12,OFF-BI-10004970,Boise
9726,CA-2017-142293,2017-09-20,First Class,SC-20380,83704,89.97,37.79,TEC-AC-10001109,Boise
4194,CA-2015-150875,2015-11-20,Standard Class,HK-14890,83704,304.78,22.86,TEC-PH-10001254,Boise
4193,CA-2015-150875,2015-11-20,Standard Class,HK-14890,83704,696.42,160.18,FUR-TA-10000577,Boise
6000,US-2014-112991,2014-12-14,Standard Class,SH-19975,83605,25.92,12.44,OFF-PA-10000019,Caldwell
6001,US-2014-112991,2014-12-14,Standard Class,SH-19975,83605,91.36,42.03,OFF-PA-10002222,Caldwell
5999,US-2014-112991,2014-12-14,Standard Class,SH-19975,83605,338.35,4.23,FUR-CH-10001708,Caldwell
4578,US-2014-121734,2014-04-16,Standard Class,SE-20110,83501,9.58,3.35,OFF-BI-10004817,Lewiston
8856,CA-2017-163671,2017-12-30,Standard Class,DP-13105,83642,21.31,7.99,OFF-BI-10001679,Meridian
3053,US-2017-148054,2017-10-11,Standard Class,NZ-18565,83642,37.94,18.21,OFF-PA-10001295,Meridian
3051,US-2017-148054,2017-10-11,Standard Class,NZ-18565,83642,41.96,2.94,FUR-FU-10003247,Meridian
3052,US-2017-148054,2017-10-11,Standard Class,NZ-18565,83642,227.84,66.07,OFF-AP-10004336,Meridian
9018,CA-2016-161361,2016-03-28,Second Class,MV-17485,83201,17.64,8.64,OFF-PA-10001838,Pocatello
9019,CA-2016-161361,2016-03-28,Second Class,MV-17485,83201,17.04,5.54,OFF-BI-10002215,Pocatello
6436,US-2017-116897,2017-05-29,First Class,JG-15160,83201,35.00,14.70,FUR-FU-10004963,Pocatello
5672,CA-2015-141012,2015-06-11,Second Class,TG-21640,83201,140.38,8.77,TEC-PH-10004522,Pocatello
5671,CA-2015-141012,2015-06-11,Second Class,TG-21640,83201,355.36,92.39,FUR-FU-10003192,Pocatello
6438,US-2017-116897,2017-05-29,First Class,JG-15160,83201,302.38,22.68,TEC-PH-10004389,Pocatello
6437,US-2017-116897,2017-05-29,First Class,JG-15160,83201,477.15,28.63,OFF-ST-10000025,Pocatello
8783,CA-2016-116911,2016-09-20,Standard Class,JD-16150,83301,20.42,6.64,OFF-BI-10001249,Twin Falls
8784,CA-2016-116911,2016-09-20,Standard Class,JD-16150,83301,1128.39,259.53,FUR-TA-10003473,Twin Falls
3028,CA-2014-106719,2014-08-24,Same Day,RB-19645,59102,8.29,2.69,OFF-BI-10002799,Billings
2038,CA-2015-119214,2015-01-27,Standard Class,CW-11905,59715,14.62,6.87,OFF-LA-10003077,Bozeman
2037,CA-2015-119214,2015-01-27,Standard Class,CW-11905,59715,29.04,13.94,OFF-PA-10002893,Bozeman
5589,CA-2014-168158,2014-07-24,Standard Class,EM-14140,59405,6.10,2.21,OFF-BI-10001759,Great Falls
518,CA-2017-127432,2017-01-27,Standard Class,AD-10180,59405,11.96,5.38,OFF-PA-10001667,Great Falls
517,CA-2017-127432,2017-01-27,Standard Class,AD-10180,59405,51.45,13.89,OFF-ST-10004507,Great Falls
8358,CA-2014-110555,2014-04-18,Standard Class,MM-18055,59405,87.08,24.38,OFF-ST-10000876,Great Falls
8359,CA-2014-110555,2014-04-18,Standard Class,MM-18055,59405,105.58,9.24,TEC-PH-10000586,Great Falls
8360,CA-2014-110555,2014-04-18,Standard Class,MM-18055,59405,217.44,91.32,TEC-AC-10003399,Great Falls
519,CA-2017-127432,2017-01-27,Standard Class,AD-10180,59405,1126.02,56.30,OFF-ST-10004459,Great Falls
516,CA-2017-127432,2017-01-27,Standard Class,AD-10180,59405,2999.95,1379.98,TEC-CO-10003236,Great Falls
5152,CA-2017-169929,2017-09-28,First Class,LS-17200,59601,39.90,10.37,OFF-ST-10002352,Helena
7276,CA-2015-144519,2015-11-17,Standard Class,AW-10930,59601,63.98,21.75,FUR-FU-10000794,Helena
7275,CA-2015-144519,2015-11-17,Standard Class,AW-10930,59601,339.96,42.49,TEC-PH-10004908,Helena
1896,CA-2015-109197,2016-01-04,Standard Class,JO-15280,59801,487.98,152.50,OFF-BI-10004632,Missoula
7116,US-2016-102239,2016-05-06,First Class,LW-16990,89015,5.73,2.00,OFF-BI-10001890,Henderson
1867,CA-2017-118857,2017-04-18,First Class,AH-10075,89015,196.45,70.72,FUR-FU-10004460,Henderson
7115,US-2016-102239,2016-05-06,First Class,LW-16990,89015,1685.88,320.32,FUR-TA-10003392,Henderson
9143,US-2017-166688,2017-05-26,Standard Class,RD-19480,89115,8.29,3.00,OFF-BI-10004040,Las Vegas
7656,CA-2015-107685,2015-12-02,Second Class,JM-15865,89115,25.92,12.44,OFF-PA-10003848,Las Vegas
7794,CA-2015-127481,2015-12-15,Second Class,JD-15895,89115,32.40,15.88,OFF-PA-10002036,Las Vegas
9156,CA-2014-102645,2014-01-28,Standard Class,IM-15055,89115,40.08,19.24,OFF-PA-10001804,Las Vegas
6996,CA-2015-166800,2015-11-26,Standard Class,AG-10300,89115,31.08,8.39,OFF-AP-10004868,Las Vegas
8437,CA-2015-151470,2015-09-26,Standard Class,AM-10705,89115,45.58,16.52,OFF-BI-10004040,Las Vegas
3370,CA-2015-115511,2015-11-25,Standard Class,NW-18400,89115,66.05,23.12,OFF-BI-10002225,Las Vegas
9145,US-2017-166688,2017-05-26,Standard Class,RD-19480,89115,64.90,18.82,OFF-AP-10000358,Las Vegas
7795,CA-2015-127481,2015-12-15,Second Class,JD-15895,89115,97.88,48.94,OFF-PA-10002377,Las Vegas
395,CA-2017-102946,2017-07-05,Standard Class,VP-21730,89115,75.79,25.58,OFF-BI-10004492,Las Vegas
7655,CA-2015-107685,2015-12-02,Second Class,JM-15865,89115,80.96,29.15,FUR-FU-10002813,Las Vegas
3369,CA-2015-115511,2015-11-25,Standard Class,NW-18400,89115,141.96,41.17,FUR-BO-10002598,Las Vegas
9144,US-2017-166688,2017-05-26,Standard Class,RD-19480,89115,1123.13,70.20,TEC-PH-10004094,Las Vegas
5559,US-2015-114741,2015-12-10,Standard Class,IL-15100,89031,6.48,3.11,OFF-PA-10000048,North Las Vegas
5561,US-2015-114741,2015-12-10,Standard Class,IL-15100,89031,14.94,6.87,OFF-LA-10004853,North Las Vegas
9267,CA-2014-125759,2014-02-09,First Class,NM-18445,89031,14.56,5.53,FUR-FU-10002111,North Las Vegas
4955,CA-2014-160262,2014-06-13,Second Class,TS-21205,89031,18.06,4.70,OFF-AR-10002335,North Las Vegas
7818,CA-2016-138478,2016-10-26,Second Class,DP-13390,89031,35.88,17.58,OFF-PA-10001801,North Las Vegas
4957,CA-2014-160262,2014-06-13,Second Class,TS-21205,89031,37.40,14.21,FUR-FU-10002685,North Las Vegas
1672,CA-2016-107615,2016-03-25,First Class,RB-19645,89031,58.58,19.33,TEC-AC-10001013,North Las Vegas
4956,CA-2014-160262,2014-06-13,Second Class,TS-21205,89031,79.14,36.40,OFF-PA-10003641,North Las Vegas
7817,CA-2016-138478,2016-10-26,Second Class,DP-13390,89031,113.22,29.44,OFF-AR-10002240,North Las Vegas
3840,CA-2014-126760,2014-08-02,Standard Class,KM-16720,89031,134.01,36.18,FUR-FU-10004018,North Las Vegas
3841,CA-2014-126760,2014-08-02,Standard Class,KM-16720,89031,170.97,70.10,TEC-AC-10004814,North Las Vegas
3839,CA-2014-126760,2014-08-02,Standard Class,KM-16720,89031,674.35,-109.58,FUR-CH-10003312,North Las Vegas
3838,CA-2014-126760,2014-08-02,Standard Class,KM-16720,89031,911.98,114.00,TEC-PH-10001363,North Las Vegas
5560,US-2015-114741,2015-12-10,Standard Class,IL-15100,89031,1325.85,238.65,OFF-ST-10000078,North Las Vegas
1517,CA-2017-148446,2017-12-14,Second Class,MC-17845,89031,1669.60,116.87,FUR-TA-10004256,North Las Vegas
7819,CA-2016-138478,2016-10-26,Second Class,DP-13390,89031,4535.98,1644.29,OFF-BI-10001120,North Las Vegas
1153,CA-2017-160395,2017-01-06,Standard Class,KL-16555,89502,3.64,1.64,OFF-AR-10003759,Reno
8706,US-2014-132745,2014-10-05,Standard Class,NF-18475,89502,4.71,0.00,OFF-FA-10000254,Reno
1154,CA-2017-160395,2017-01-06,Standard Class,KL-16555,89502,159.77,53.92,OFF-BI-10003984,Reno
8603,US-2014-133949,2014-12-31,Same Day,JL-15175,89502,475.94,59.49,TEC-PH-10004908,Reno
7089,CA-2015-105844,2015-10-27,Second Class,JF-15415,89431,79.36,23.81,OFF-AR-10001955,Sparks
5453,CA-2016-140613,2016-07-29,Standard Class,KN-16705,89431,86.20,25.00,OFF-SU-10004261,Sparks
2419,CA-2016-107202,2016-05-28,Standard Class,LC-16930,89431,2396.40,179.73,TEC-MA-10000112,Sparks
8099,CA-2017-122798,2017-12-31,Standard Class,SV-20935,87105,4.28,1.93,OFF-PA-10004239,Albuquerque
4428,US-2017-103226,2017-09-28,Standard Class,DW-13195,87105,27.18,12.23,OFF-PA-10002666,Albuquerque
3068,CA-2017-106859,2017-03-18,Second Class,BF-11215,87105,45.36,21.77,OFF-PA-10001534,Albuquerque
4321,CA-2014-152345,2015-01-03,Second Class,ST-20530,87105,33.29,7.99,OFF-ST-10003123,Albuquerque
4320,CA-2014-152345,2015-01-03,Second Class,ST-20530,87105,23.98,-5.69,TEC-PH-10004897,Albuquerque
2418,CA-2017-168655,2017-10-18,Standard Class,ML-18040,87105,79.87,29.95,OFF-BI-10002082,Albuquerque
3065,CA-2017-106859,2017-03-18,Second Class,BF-11215,87105,90.80,25.42,OFF-ST-10000615,Albuquerque
8098,CA-2017-122798,2017-12-31,Standard Class,SV-20935,87105,118.25,34.29,OFF-ST-10003058,Albuquerque
3066,CA-2017-106859,2017-03-18,Second Class,BF-11215,87105,140.74,49.26,TEC-PH-10004531,Albuquerque
3067,CA-2017-106859,2017-03-18,Second Class,BF-11215,87105,214.95,88.13,TEC-AC-10004001,Albuquerque
9275,US-2014-134054,2014-10-10,Same Day,FC-14335,87105,255.85,112.57,OFF-AR-10000937,Albuquerque
3069,CA-2017-106859,2017-03-18,Second Class,BF-11215,87105,288.24,138.36,OFF-PA-10001815,Albuquerque
8464,CA-2014-100881,2014-03-31,Standard Class,DR-12940,87105,302.38,22.68,TEC-PH-10003273,Albuquerque
2417,CA-2017-168655,2017-10-18,Standard Class,ML-18040,87105,595.00,95.20,TEC-AC-10002842,Albuquerque
2619,CA-2017-115931,2017-12-26,Standard Class,JM-15655,88220,4.17,1.08,OFF-AR-10000369,Carlsbad
5115,CA-2016-150658,2016-11-22,Standard Class,MS-17365,88220,10.78,3.37,OFF-BI-10004140,Carlsbad
9017,CA-2016-131639,2016-12-23,Standard Class,NS-18640,88220,11.42,3.85,OFF-BI-10000948,Carlsbad
9016,CA-2016-131639,2016-12-23,Standard Class,NS-18640,88220,13.49,4.38,OFF-BI-10001636,Carlsbad
2622,CA-2017-115931,2017-12-26,Standard Class,JM-15655,88220,18.45,8.67,OFF-LA-10001404,Carlsbad
2707,CA-2017-155873,2017-06-21,Standard Class,AB-10255,88220,19.44,9.33,OFF-PA-10001246,Carlsbad
2706,CA-2017-155873,2017-06-21,Standard Class,AB-10255,88220,16.68,4.34,OFF-SU-10001165,Carlsbad
163,CA-2016-154508,2016-11-20,Standard Class,RD-19900,88220,28.40,13.35,OFF-EN-10001990,Carlsbad
2621,CA-2017-115931,2017-12-26,Standard Class,JM-15655,88220,37.32,10.45,OFF-ST-10000876,Carlsbad
2620,CA-2017-115931,2017-12-26,Standard Class,JM-15655,88220,67.04,6.70,TEC-PH-10001300,Carlsbad
2708,CA-2017-155873,2017-06-21,Standard Class,AB-10255,88220,192.16,92.24,OFF-PA-10001815,Carlsbad
5412,CA-2017-166856,2017-09-22,Standard Class,TS-21505,88101,10.08,3.53,OFF-BI-10002012,Clovis
5413,CA-2017-166856,2017-09-22,Standard Class,TS-21505,88101,101.34,8.11,TEC-AC-10004992,Clovis
2094,CA-2015-149678,2015-04-15,Second Class,AW-10840,87401,12.88,0.39,OFF-SU-10004498,Farmington
938,US-2017-111745,2017-11-06,First Class,RA-19885,87401,159.99,54.40,TEC-AC-10003911,Farmington
2437,CA-2017-140053,2017-07-10,Standard Class,CA-12265,87401,545.85,114.63,FUR-FU-10003708,Farmington
9127,CA-2015-157028,2015-12-03,Standard Class,MA-17995,88001,8.28,3.48,OFF-AR-10004441,Las Cruces
2803,CA-2017-143329,2017-11-08,Standard Class,DL-13330,88001,41.37,17.38,FUR-FU-10000629,Las Cruces
2735,CA-2015-129770,2015-02-23,Second Class,JE-15715,88001,49.12,23.09,OFF-PA-10000249,Las Cruces
6710,CA-2015-123141,2015-11-19,Standard Class,GZ-14470,87124,230.35,20.16,FUR-CH-10001891,Rio Rancho
6709,CA-2015-123141,2015-11-19,Standard Class,GZ-14470,87124,883.84,99.43,FUR-CH-10004287,Rio Rancho
9306,CA-2015-137603,2015-09-24,Standard Class,MH-17290,87505,8.40,2.18,OFF-AR-10001972,Santa Fe
3478,CA-2014-143385,2014-09-05,Standard Class,SJ-20500,87505,92.52,18.50,TEC-AC-10001635,Santa Fe
6311,CA-2016-163328,2016-11-06,Second Class,TP-21565,97405,15.18,5.31,OFF-PA-10000176,Eugene
6306,CA-2016-163328,2016-11-06,Second Class,TP-21565,97405,17.58,-4.18,OFF-SU-10002301,Eugene
6308,CA-2016-163328,2016-11-06,Second Class,TP-21565,97405,47.95,16.78,OFF-PA-10004353,Eugene
6307,CA-2016-163328,2016-11-06,Second Class,TP-21565,97405,104.78,-14.41,FUR-CH-10003298,Eugene
6310,CA-2016-163328,2016-11-06,Second Class,TP-21565,97405,629.18,228.08,OFF-LA-10003930,Eugene
6309,CA-2016-163328,2016-11-06,Second Class,TP-21565,97405,650.35,-97.55,FUR-CH-10000229,Eugene
7525,CA-2014-125731,2014-09-16,Standard Class,CL-12565,97030,21.73,7.60,OFF-EN-10003072,Gresham
4900,CA-2016-130484,2016-08-27,Standard Class,SG-20470,97030,26.35,-18.45,OFF-BI-10000088,Gresham
3033,US-2016-114293,2016-11-26,Standard Class,JH-16180,97030,195.14,-12.20,FUR-CH-10003833,Gresham
3030,US-2016-164189,2016-03-28,Standard Class,DR-12880,97030,403.17,25.20,TEC-PH-10003691,Gresham
7526,CA-2014-125731,2014-09-16,Standard Class,CL-12565,97030,1487.04,148.70,FUR-CH-10003973,Gresham
7319,CA-2017-158120,2017-11-21,Standard Class,KH-16330,97123,4.16,-3.46,OFF-BI-10002813,Hillsboro
8743,US-2015-144771,2015-10-04,First Class,CK-12205,97123,11.03,3.03,FUR-FU-10000629,Hillsboro
7318,CA-2017-158120,2017-11-21,Standard Class,KH-16330,97123,19.61,6.62,OFF-PA-10003205,Hillsboro
8744,US-2015-144771,2015-10-04,First Class,CK-12205,97123,53.04,-4.64,TEC-AC-10002323,Hillsboro
5513,US-2014-137680,2014-03-02,Standard Class,JH-15430,97504,22.78,7.69,OFF-PA-10000069,Medford
4258,CA-2015-101924,2015-09-09,Standard Class,KB-16585,97504,9.76,-6.83,OFF-BI-10000962,Medford
1894,CA-2016-100083,2016-11-29,Standard Class,CD-11980,97504,24.78,7.75,OFF-PA-10000241,Medford
5512,US-2014-137680,2014-03-02,Standard Class,JH-15430,97504,32.90,11.10,OFF-PA-10000174,Medford
977,US-2017-100209,2017-07-15,Standard Class,TD-20995,97206,1.08,-0.79,OFF-BI-10002012,Portland
7768,CA-2015-169299,2015-08-26,First Class,DO-13435,97206,7.15,0.72,OFF-AR-10002053,Portland
8942,CA-2016-159023,2016-11-05,First Class,NW-18400,97206,4.16,-3.46,OFF-BI-10002813,Portland
96,US-2017-109484,2017-11-12,Standard Class,RB-19705,97206,5.68,-3.79,OFF-BI-10004738,Portland
7877,CA-2017-168403,2017-09-15,Standard Class,DK-12835,97206,11.18,0.84,OFF-AP-10003278,Portland
9810,US-2014-139640,2014-11-11,Second Class,TB-21595,97206,25.92,9.07,OFF-PA-10000304,Portland
7876,CA-2017-168403,2017-09-15,Standard Class,DK-12835,97206,31.10,11.28,OFF-PA-10002036,Portland
286,CA-2015-130883,2015-10-02,Standard Class,TB-21520,97206,31.10,10.89,OFF-PA-10004100,Portland
2099,CA-2017-124401,2017-09-12,Standard Class,RD-19900,97206,37.68,2.36,OFF-ST-10000649,Portland
7933,US-2016-168095,2016-07-20,Standard Class,MC-17425,97206,105.52,34.29,OFF-PA-10003641,Portland
284,CA-2015-130883,2015-10-02,Standard Class,TB-21520,97206,141.76,47.84,OFF-PA-10000474,Portland
2833,CA-2014-148915,2014-11-05,Standard Class,ND-18370,97206,155.98,54.59,TEC-PH-10000673,Portland
9811,US-2014-139640,2014-11-11,Second Class,TB-21595,97206,120.77,9.06,OFF-AR-10002240,Portland
6226,CA-2015-133445,2015-10-09,Standard Class,JF-15490,97206,66.29,-103.86,FUR-BO-10003660,Portland
285,CA-2015-130883,2015-10-02,Standard Class,TB-21520,97206,239.80,47.96,TEC-AC-10001956,Portland
2100,CA-2017-124401,2017-09-12,Standard Class,RD-19900,97206,279.94,80.48,TEC-AC-10002926,Portland
7932,US-2016-168095,2016-07-20,Standard Class,MC-17425,97206,230.28,23.03,FUR-CH-10004886,Portland
2234,CA-2015-123232,2015-12-16,Second Class,DJ-13630,97206,319.97,36.00,TEC-PH-10001051,Portland
6227,CA-2015-133445,2015-10-09,Standard Class,JF-15490,97206,291.17,-14.56,FUR-CH-10000422,Portland
4715,CA-2017-121643,2017-05-20,First Class,AB-10105,97206,344.70,38.78,TEC-PH-10002200,Portland
6185,CA-2016-143609,2016-12-13,First Class,DB-13270,97206,403.92,25.25,FUR-CH-10004218,Portland
8943,CA-2016-159023,2016-11-05,First Class,NW-18400,97206,179.99,-251.99,TEC-MA-10003337,Portland
9489,CA-2015-156566,2015-10-04,First Class,EM-13960,97206,572.80,50.12,TEC-PH-10001817,Portland
2832,CA-2014-148915,2014-11-05,Standard Class,ND-18370,97206,443.92,-94.33,OFF-ST-10001128,Portland
1826,CA-2016-167507,2016-12-28,Standard Class,SA-20830,97756,11.84,3.11,FUR-FU-10001935,Redmond
1827,CA-2016-167507,2016-12-28,Standard Class,SA-20830,97756,22.78,4.84,FUR-FU-10002878,Redmond
1825,CA-2016-167507,2016-12-28,Standard Class,SA-20830,97756,31.32,-25.06,OFF-BI-10003694,Redmond
6646,US-2015-156496,2015-08-16,Standard Class,WB-21850,97756,133.47,15.02,OFF-AP-10001469,Redmond
9129,US-2017-147655,2017-09-05,First Class,AS-10045,97756,88.07,-58.72,OFF-BI-10002931,Redmond
6645,US-2015-156496,2015-08-16,Standard Class,WB-21850,97756,139.94,-31.49,TEC-PH-10004188,Redmond
4295,CA-2017-101581,2017-10-27,Standard Class,DW-13195,97756,177.22,-120.51,FUR-TA-10002607,Redmond
6644,US-2015-156496,2015-08-16,Standard Class,WB-21850,97756,438.37,38.36,TEC-PH-10000576,Redmond
7763,CA-2017-156391,2017-09-28,First Class,SL-20155,97301,2.22,0.56,OFF-AR-10003251,Salem
1979,CA-2015-109939,2015-05-12,Standard Class,AA-10375,97301,5.25,0.59,OFF-AR-10000127,Salem
7064,CA-2017-127712,2017-09-05,Standard Class,MG-17890,97301,6.21,0.70,OFF-SU-10002522,Salem
2802,US-2015-110163,2015-11-04,First Class,GA-14725,97301,7.88,1.77,OFF-AR-10001683,Salem
592,US-2016-156986,2016-03-24,Standard Class,ZC-21910,97301,10.37,3.63,OFF-PA-10004101,Salem
3671,CA-2014-129364,2014-12-13,Standard Class,TB-21250,97301,10.37,3.63,OFF-PA-10001569,Salem
3670,CA-2014-129364,2014-12-13,Standard Class,TB-21250,97301,11.52,3.74,OFF-LA-10004409,Salem
5657,CA-2016-145261,2016-12-21,First Class,AH-10120,97301,11.65,3.79,OFF-PA-10003036,Salem
4849,CA-2014-164469,2014-06-27,Second Class,GK-14620,97301,9.33,0.82,OFF-AR-10000475,Salem
5660,CA-2016-145261,2016-12-21,First Class,AH-10120,97301,15.94,5.18,OFF-LA-10000407,Salem
3666,CA-2014-129364,2014-12-13,Standard Class,TB-21250,97301,6.46,-4.52,OFF-BI-10001132,Salem
590,US-2016-156986,2016-03-24,Standard Class,ZC-21910,97301,20.74,7.26,OFF-PA-10002005,Salem
5656,CA-2016-145261,2016-12-21,First Class,AH-10120,97301,18.69,2.34,OFF-AR-10004078,Salem
3668,CA-2014-129364,2014-12-13,Standard Class,TB-21250,97301,13.88,-2.60,OFF-SU-10000432,Salem
3665,CA-2014-129364,2014-12-13,Standard Class,TB-21250,97301,27.89,9.06,OFF-LA-10001569,Salem
8780,CA-2015-165813,2015-03-22,Second Class,BM-11785,97301,29.30,2.56,OFF-ST-10004258,Salem
591,US-2016-156986,2016-03-24,Standard Class,ZC-21910,97301,16.82,-12.90,OFF-BI-10002498,Salem
3667,CA-2014-129364,2014-12-13,Standard Class,TB-21250,97301,52.68,19.75,TEC-PH-10003095,Salem
5661,CA-2016-145261,2016-12-21,First Class,AH-10120,97301,28.68,-7.17,TEC-PH-10004833,Salem
3672,CA-2014-129364,2014-12-13,Standard Class,TB-21250,97301,39.07,2.93,OFF-ST-10001031,Salem
4848,CA-2014-164469,2014-06-27,Second Class,GK-14620,97301,71.63,17.91,OFF-AR-10003478,Salem
5655,CA-2016-145261,2016-12-21,First Class,AH-10120,97301,45.24,-30.16,OFF-BI-10001670,Salem
589,US-2016-156986,2016-03-24,Standard Class,ZC-21910,97301,84.78,-20.14,TEC-PH-10003800,Salem
5658,CA-2016-145261,2016-12-21,First Class,AH-10120,97301,112.78,-8.46,TEC-AC-10000991,Salem
3669,CA-2014-129364,2014-12-13,Standard Class,TB-21250,97301,103.92,-18.19,TEC-AC-10004227,Salem
4847,CA-2014-164469,2014-06-27,Second Class,GK-14620,97301,263.96,19.80,TEC-PH-10002115,Salem
5659,CA-2016-145261,2016-12-21,First Class,AH-10120,97301,377.45,-264.21,FUR-TA-10002530,Salem
1903,CA-2017-167094,2017-10-22,First Class,DK-12835,97477,5.18,1.81,OFF-PA-10003953,Springfield
1994,CA-2017-133648,2017-07-02,Standard Class,ML-17755,97477,5.34,0.73,OFF-AR-10002257,Springfield
7598,CA-2014-131947,2014-09-22,Standard Class,JA-15970,97477,5.25,0.46,OFF-AR-10001473,Springfield
5721,CA-2015-138674,2015-11-17,First Class,KB-16585,97477,8.72,2.29,OFF-FA-10000304,Springfield
1995,CA-2017-133648,2017-07-02,Standard Class,ML-17755,97477,11.30,-2.12,OFF-FA-10004395,Springfield
6120,CA-2017-143378,2017-09-25,Standard Class,JR-16210,97477,23.83,6.55,OFF-AR-10001915,Springfield
7063,CA-2016-157742,2016-12-31,Second Class,KL-16645,97477,27.79,10.42,OFF-EN-10002592,Springfield
1905,CA-2017-167094,2017-10-22,First Class,DK-12835,97477,28.40,6.75,TEC-AC-10003116,Springfield
8084,CA-2015-150714,2015-10-31,Standard Class,KH-16690,97477,14.30,-10.49,OFF-BI-10002982,Springfield
7600,CA-2014-131947,2014-09-22,Standard Class,JA-15970,97477,40.24,13.08,OFF-PA-10000246,Springfield
9600,CA-2015-116841,2015-04-18,Standard Class,TP-21130,97477,35.21,2.64,OFF-AP-10002403,Springfield
7599,CA-2014-131947,2014-09-22,Standard Class,JA-15970,97477,38.26,4.78,OFF-AR-10000411,Springfield
5786,CA-2017-141117,2017-10-08,Standard Class,JK-16090,97477,39.07,4.40,OFF-SU-10004664,Springfield
7603,CA-2014-131947,2014-09-22,Standard Class,JA-15970,97477,55.92,16.78,TEC-AC-10004633,Springfield
5787,CA-2017-141117,2017-10-08,Standard Class,JK-16090,97477,22.64,-16.60,OFF-BI-10003676,Springfield
6362,US-2014-107993,2014-11-30,Standard Class,SE-20110,97477,51.02,8.29,OFF-AR-10003179,Springfield
1993,CA-2017-133648,2017-07-02,Standard Class,ML-17755,97477,71.04,26.64,OFF-LA-10003923,Springfield
2984,US-2014-112872,2014-12-11,Second Class,RC-19960,97477,53.42,4.67,OFF-ST-10002205,Springfield
7601,CA-2014-131947,2014-09-22,Standard Class,JA-15970,97477,29.93,-21.95,TEC-MA-10004086,Springfield
5365,CA-2014-123477,2014-01-21,Second Class,DW-13195,97477,64.86,6.49,OFF-AP-10000692,Springfield
6648,US-2016-127334,2016-12-21,Standard Class,MP-18175,97477,87.17,8.72,OFF-AP-10001205,Springfield
8082,CA-2015-150714,2015-10-31,Standard Class,KH-16690,97477,131.90,47.82,OFF-PA-10001497,Springfield
5788,CA-2017-141117,2017-10-08,Standard Class,JK-16090,97477,95.14,10.70,OFF-AR-10003727,Springfield
5722,CA-2015-138674,2015-11-17,First Class,KB-16585,97477,91.18,4.56,TEC-AC-10000358,Springfield
8081,CA-2015-150714,2015-10-31,Standard Class,KH-16690,97477,146.54,47.63,OFF-LA-10001474,Springfield
7602,CA-2014-131947,2014-09-22,Standard Class,JA-15970,97477,148.70,46.47,OFF-PA-10003039,Springfield
5723,CA-2015-138674,2015-11-17,First Class,KB-16585,97477,159.97,29.99,TEC-AC-10002800,Springfield
6119,CA-2017-143378,2017-09-25,Standard Class,JR-16210,97477,191.98,19.20,TEC-PH-10001425,Springfield
8083,CA-2015-150714,2015-10-31,Standard Class,KH-16690,97477,203.88,20.39,OFF-AP-10003287,Springfield
6122,CA-2017-143378,2017-09-25,Standard Class,JR-16210,97477,72.59,-128.24,FUR-BO-10001972,Springfield
6121,CA-2017-143378,2017-09-25,Standard Class,JR-16210,97477,409.22,61.38,FUR-FU-10004864,Springfield
1904,CA-2017-167094,2017-10-22,First Class,DK-12835,97477,478.48,47.85,FUR-CH-10000155,Springfield
2985,US-2014-112872,2014-12-11,Second Class,RC-19960,97477,275.49,-170.80,FUR-TA-10003238,Springfield
8180,CA-2015-112767,2015-08-06,Standard Class,DK-12985,97477,277.50,-188.70,FUR-TA-10003469,Springfield
5785,CA-2017-141117,2017-10-08,Standard Class,JK-16090,97477,217.76,-384.72,FUR-BO-10001972,Springfield
9332,CA-2016-108056,2016-10-03,Standard Class,ES-14080,97477,859.20,75.18,TEC-PH-10001817,Springfield
6647,US-2016-127334,2016-12-21,Standard Class,MP-18175,97477,564.20,-304.67,FUR-TA-10003473,Springfield
8085,CA-2015-150714,2015-10-31,Standard Class,KH-16690,97477,718.64,-161.69,OFF-ST-10001809,Springfield
4082,CA-2016-140417,2016-09-29,Standard Class,KE-16420,97224,5.02,-3.52,OFF-BI-10004828,Tigard
1636,CA-2014-168984,2014-12-02,Standard Class,NW-18400,97224,15.55,5.44,OFF-PA-10001166,Tigard
7414,CA-2017-121125,2017-06-03,Standard Class,MG-17890,97224,13.59,-0.34,FUR-FU-10000820,Tigard
4081,CA-2016-140417,2016-09-29,Standard Class,KE-16420,97224,60.05,22.52,OFF-PA-10000380,Tigard
7413,CA-2017-121125,2017-06-03,Standard Class,MG-17890,97224,35.36,-3.09,TEC-AC-10002323,Tigard
7412,CA-2017-121125,2017-06-03,Standard Class,MG-17890,97224,156.79,17.64,TEC-PH-10001619,Tigard
1638,CA-2014-168984,2014-12-02,Standard Class,NW-18400,97224,438.34,-87.67,TEC-PH-10000038,Tigard
1637,CA-2014-168984,2014-12-02,Standard Class,NW-18400,97224,669.08,-167.27,OFF-ST-10001097,Tigard
5547,CA-2017-151008,2017-09-08,First Class,JM-16195,84020,25.16,10.57,FUR-FU-10002396,Draper
6423,CA-2014-159121,2014-07-31,Standard Class,JO-15145,84020,111.93,34.70,TEC-AC-10002006,Draper
5548,CA-2017-151008,2017-09-08,First Class,JM-16195,84020,126.56,47.46,TEC-PH-10002807,Draper
340,CA-2015-128167,2015-06-26,Second Class,KL-16645,84041,4.96,2.33,OFF-FA-10000490,Layton
4936,CA-2015-155124,2015-03-21,Standard Class,KS-16300,84043,16.78,1.68,TEC-PH-10003356,Lehi
7473,CA-2016-139997,2016-07-03,First Class,EM-14140,84043,1499.95,449.99,TEC-CO-10000971,Lehi
4680,CA-2014-114510,2014-03-19,Standard Class,JF-15295,84321,21.36,5.77,OFF-ST-10003221,Logan
4677,CA-2014-114510,2014-03-19,Standard Class,JF-15295,84321,33.09,11.17,OFF-BI-10001617,Logan
4681,CA-2014-114510,2014-03-19,Standard Class,JF-15295,84321,62.05,20.17,OFF-BI-10003007,Logan
4679,CA-2014-114510,2014-03-19,Standard Class,JF-15295,84321,82.80,6.62,TEC-AC-10004877,Logan
4678,CA-2014-114510,2014-03-19,Standard Class,JF-15295,84321,80.98,3.24,OFF-ST-10000736,Logan
4274,US-2017-158505,2017-07-21,Same Day,SF-20200,84107,25.99,7.54,OFF-AR-10001044,Murray
2761,CA-2014-129574,2014-05-29,First Class,Dp-13240,84107,48.40,23.23,OFF-PA-10002893,Murray
4273,US-2017-158505,2017-07-21,Same Day,SF-20200,84107,71.93,6.29,TEC-PH-10004071,Murray
8797,CA-2016-106397,2016-07-13,Standard Class,MJ-17740,84057,12.96,6.22,OFF-PA-10003441,Orem
7708,CA-2017-100237,2017-10-19,Standard Class,SV-20815,84057,11.68,4.20,OFF-AR-10001761,Orem
2560,CA-2015-147788,2015-06-04,Standard Class,TM-21010,84057,15.75,7.56,OFF-LA-10003766,Orem
8798,CA-2016-106397,2016-07-13,Standard Class,MJ-17740,84057,45.98,12.87,OFF-AR-10004602,Orem
719,CA-2014-104472,2014-06-07,Standard Class,CK-12325,84057,59.81,19.44,OFF-BI-10001658,Orem
720,CA-2014-104472,2014-06-07,Standard Class,CK-12325,84057,73.32,22.00,FUR-FU-10000246,Orem
2561,CA-2015-147788,2015-06-04,Standard Class,TM-21010,84057,323.10,61.39,OFF-ST-10000046,Orem
25,CA-2015-106320,2015-09-30,Standard Class,EB-13870,84057,1044.63,240.26,FUR-TA-10000577,Orem
2559,CA-2015-147788,2015-06-04,Standard Class,TM-21010,84057,1406.86,140.69,FUR-BO-10004357,Orem
7062,CA-2015-132633,2015-02-05,Second Class,KH-16630,84062,12.14,4.10,OFF-BI-10002432,Pleasant Grove
1381,CA-2014-126361,2014-08-09,Second Class,VD-21670,84062,13.18,4.78,OFF-BI-10002852,Pleasant Grove
1378,CA-2014-126361,2014-08-09,Second Class,VD-21670,84062,16.40,4.26,OFF-AR-10000896,Pleasant Grove
1380,CA-2014-126361,2014-08-09,Second Class,VD-21670,84062,158.90,7.95,OFF-ST-10002289,Pleasant Grove
1377,CA-2014-126361,2014-08-09,Second Class,VD-21670,84062,447.84,219.44,OFF-PA-10000806,Pleasant Grove
1379,CA-2014-126361,2014-08-09,Second Class,VD-21670,84062,399.96,35.00,TEC-PH-10002310,Pleasant Grove
1376,CA-2014-126361,2014-08-09,Second Class,VD-21670,84062,1089.75,305.13,OFF-AP-10003590,Pleasant Grove
2652,CA-2017-112515,2017-09-21,Second Class,AS-10225,84604,10.78,3.50,OFF-BI-10000829,Provo
2658,CA-2017-112515,2017-09-21,Second Class,AS-10225,84604,14.40,7.06,OFF-LA-10001175,Provo
2653,CA-2017-112515,2017-09-21,Second Class,AS-10225,84604,11.78,4.27,OFF-BI-10003712,Provo
5396,CA-2014-104829,2014-11-21,Second Class,JG-15805,84604,21.98,9.89,OFF-PA-10003016,Provo
2656,CA-2017-112515,2017-09-21,Second Class,AS-10225,84604,25.58,8.95,OFF-BI-10004233,Provo
2238,CA-2016-122322,2016-07-21,Standard Class,RH-19510,84604,44.40,12.43,OFF-SU-10000952,Provo
2654,CA-2017-112515,2017-09-21,Second Class,AS-10225,84604,164.88,80.79,OFF-PA-10000062,Provo
2657,CA-2017-112515,2017-09-21,Second Class,AS-10225,84604,261.74,65.44,OFF-ST-10001272,Provo
1375,CA-2015-120362,2015-09-19,Standard Class,CA-12265,84604,912.75,118.66,FUR-TA-10003008,Provo
2655,CA-2017-112515,2017-09-21,Second Class,AS-10225,84604,1292.94,77.58,FUR-BO-10003404,Provo
5648,CA-2017-168179,2017-11-07,Standard Class,JB-16000,84106,19.44,9.33,OFF-PA-10001800,Salt Lake City
2176,CA-2016-125738,2016-10-21,Standard Class,PB-18805,84106,45.68,21.01,OFF-PA-10000740,Salt Lake City
2178,CA-2016-125738,2016-10-21,Standard Class,PB-18805,84106,41.72,13.04,OFF-BI-10001628,Salt Lake City
2177,CA-2016-125738,2016-10-21,Standard Class,PB-18805,84106,60.12,28.86,OFF-PA-10003001,Salt Lake City
2179,CA-2016-125738,2016-10-21,Standard Class,PB-18805,84106,71.60,32.94,OFF-PA-10001509,Salt Lake City
8806,US-2017-100398,2017-08-23,Standard Class,DO-13435,84106,102.72,37.24,OFF-BI-10002133,Salt Lake City
7868,CA-2014-100972,2014-11-24,Second Class,DB-13360,84106,166.44,79.89,OFF-PA-10000357,Salt Lake City
8045,CA-2017-165008,2017-09-17,Second Class,DO-13645,84106,295.06,106.96,OFF-BI-10002794,Salt Lake City
3020,CA-2015-123568,2015-11-14,Standard Class,SC-20095,84084,5.04,0.20,OFF-FA-10002701,West Jordan
3022,CA-2015-123568,2015-11-14,Standard Class,SC-20095,84084,66.69,22.01,FUR-FU-10004090,West Jordan
18,CA-2014-167164,2014-05-15,Second Class,AG-10270,84084,55.50,9.99,OFF-ST-10000107,West Jordan
3021,CA-2015-123568,2015-11-14,Standard Class,SC-20095,84084,92.94,41.82,OFF-PA-10001125,West Jordan
3023,CA-2015-123568,2015-11-14,Standard Class,SC-20095,84084,91.68,28.65,OFF-BI-10001510,West Jordan
1802,CA-2016-149461,2016-11-19,Standard Class,AS-10135,98002,4.18,1.50,FUR-FU-10004270,Auburn
1555,CA-2015-111507,2015-02-13,Standard Class,VW-21775,98006,5.28,1.53,OFF-AR-10001315,Bellevue
6628,CA-2014-138513,2014-05-27,Standard Class,EH-13990,98006,12.96,6.22,OFF-PA-10003177,Bellevue
3435,CA-2017-131212,2017-12-09,Standard Class,AB-10165,98006,14.98,5.43,OFF-BI-10000145,Bellevue
7295,CA-2015-148964,2015-05-31,Standard Class,RD-19900,98006,20.24,7.89,FUR-FU-10003849,Bellevue
3434,CA-2017-131212,2017-12-09,Standard Class,AB-10165,98006,24.82,8.38,OFF-BI-10001617,Bellevue
6244,CA-2016-165561,2016-11-28,Standard Class,CR-12580,98006,25.35,7.61,OFF-SU-10004782,Bellevue
2567,CA-2017-123967,2017-11-03,Second Class,SF-20200,98226,25.12,7.85,OFF-BI-10001308,Bellingham
5926,CA-2017-150420,2017-06-08,Standard Class,GD-14590,98226,1099.50,362.83,TEC-AC-10004975,Bellingham
2568,CA-2017-123967,2017-11-03,Second Class,SF-20200,98226,2665.62,239.91,FUR-TA-10003954,Bellingham
4033,CA-2016-169957,2016-09-30,Standard Class,SN-20710,98042,29.90,14.65,OFF-PA-10004040,Covington
7439,CA-2015-145457,2015-03-27,Second Class,CP-12085,98042,46.90,13.13,FUR-FU-10003832,Covington
4034,CA-2016-169957,2016-09-30,Standard Class,SN-20710,98042,100.00,21.00,TEC-AC-10003063,Covington
4032,CA-2016-169957,2016-09-30,Standard Class,SN-20710,98042,236.88,66.33,OFF-AP-10000576,Covington
5051,CA-2015-150511,2015-09-24,Standard Class,AB-10060,98198,18.54,8.71,OFF-PA-10001776,Des Moines
9070,CA-2016-106278,2016-09-05,Second Class,BM-11140,98198,65.94,30.99,OFF-EN-10003567,Des Moines
5254,US-2014-131982,2014-03-11,Second Class,NP-18685,98198,107.65,33.64,OFF-BI-10004224,Des Moines
392,US-2014-135972,2014-09-23,Second Class,JG-15115,98198,246.38,27.72,TEC-PH-10003012,Des Moines
9069,CA-2016-106278,2016-09-05,Second Class,BM-11140,98198,215.98,-2.70,FUR-CH-10003061,Des Moines
8179,CA-2016-166429,2016-09-08,Standard Class,TG-21310,98198,999.98,449.99,TEC-CO-10002095,Des Moines
393,US-2014-135972,2014-09-23,Second Class,JG-15115,98198,1799.97,701.99,TEC-CO-10002313,Des Moines
8615,CA-2016-165918,2016-09-14,Standard Class,BD-11770,98026,7.38,3.47,OFF-LA-10003720,Edmonds
810,CA-2014-151995,2014-10-15,First Class,ZC-21910,98026,11.52,3.23,OFF-AR-10003190,Edmonds
8616,CA-2016-165918,2016-09-14,Standard Class,BD-11770,98026,14.26,4.46,OFF-BI-10004364,Edmonds
5457,CA-2017-130631,2018-01-02,Standard Class,BS-11755,98026,19.60,9.60,OFF-FA-10000089,Edmonds
9329,US-2017-130687,2017-09-10,First Class,PF-19225,98026,25.98,7.27,OFF-AR-10004260,Edmonds
813,CA-2014-151995,2014-10-15,First Class,ZC-21910,98026,25.78,2.58,TEC-AC-10001101,Edmonds
8618,CA-2016-165918,2016-09-14,Standard Class,BD-11770,98026,39.62,13.87,OFF-BI-10004826,Edmonds
8617,CA-2016-165918,2016-09-14,Standard Class,BD-11770,98026,81.98,40.17,OFF-PA-10000100,Edmonds
9327,US-2017-130687,2017-09-10,First Class,PF-19225,98026,80.96,34.81,FUR-FU-10004053,Edmonds
5458,CA-2017-130631,2018-01-02,Standard Class,BS-11755,98026,68.46,20.54,FUR-FU-10004093,Edmonds
6583,CA-2016-148516,2016-08-11,Standard Class,DW-13585,98026,179.97,86.39,TEC-AC-10003610,Edmonds
812,CA-2014-151995,2014-10-15,First Class,ZC-21910,98026,213.92,62.04,OFF-AP-10000240,Edmonds
9328,US-2017-130687,2017-09-10,First Class,PF-19225,98026,455.71,34.18,TEC-PH-10002033,Edmonds
811,CA-2014-151995,2014-10-15,First Class,ZC-21910,98026,1298.55,311.65,FUR-TA-10002903,Edmonds
6807,CA-2017-162880,2017-12-29,Standard Class,GD-14590,98208,3.86,1.40,OFF-BI-10003314,Everett
9176,CA-2017-119424,2017-06-14,Second Class,SB-20185,98031,19.44,9.33,OFF-PA-10001639,Kent
1623,CA-2017-108560,2017-07-15,Standard Class,JC-15385,98031,23.17,7.82,OFF-BI-10001107,Kent
5198,CA-2014-159709,2014-05-15,Standard Class,AI-10855,98031,43.60,4.36,TEC-PH-10003988,Kent
1624,CA-2017-108560,2017-07-15,Standard Class,JC-15385,98031,50.00,10.50,TEC-AC-10003063,Kent
9175,CA-2017-119424,2017-06-14,Second Class,SB-20185,98031,71.98,9.00,TEC-PH-10002564,Kent
5197,CA-2014-159709,2014-05-15,Standard Class,AI-10855,98031,158.13,77.48,OFF-EN-10001434,Kent
1621,CA-2017-108560,2017-07-15,Standard Class,JC-15385,98031,198.46,99.23,FUR-FU-10002937,Kent
1622,CA-2017-108560,2017-07-15,Standard Class,JC-15385,98031,786.48,385.38,OFF-LA-10003930,Kent
6213,CA-2017-149944,2017-11-16,Second Class,MB-17305,98632,18.24,9.12,OFF-FA-10003495,Longview
6970,CA-2016-163937,2016-01-13,Second Class,JB-16000,98632,24.85,7.70,FUR-FU-10000010,Longview
6214,CA-2017-149944,2017-11-16,Second Class,MB-17305,98632,76.12,22.07,OFF-AP-10004708,Longview
575,CA-2016-127250,2016-11-07,Standard Class,SF-20200,98270,8.82,2.38,OFF-AR-10003394,Marysville
8007,CA-2016-139808,2016-10-11,Standard Class,MC-18100,98270,93.36,0.93,OFF-FA-10001883,Marysville
1013,CA-2017-118437,2017-06-21,Second Class,PF-19165,98502,14.03,4.07,OFF-ST-10003722,Olympia
3715,CA-2014-135608,2014-12-10,Second Class,JK-15625,98502,45.68,21.01,OFF-PA-10001954,Olympia
1012,CA-2017-118437,2017-06-21,Second Class,PF-19165,98502,155.25,46.58,FUR-FU-10004848,Olympia
1593,CA-2015-122826,2015-06-25,Second Class,RD-19480,98502,201.57,22.68,TEC-PH-10004830,Olympia
3716,CA-2014-135608,2014-12-10,Second Class,JK-15625,98502,603.92,45.29,FUR-CH-10002602,Olympia
4850,CA-2014-107818,2014-09-14,Standard Class,MC-17275,99301,5.88,2.65,OFF-AR-10003045,Pasco
7327,US-2017-128447,2017-11-17,Standard Class,MC-17845,99301,28.79,10.08,OFF-BI-10001543,Pasco
4852,CA-2014-107818,2014-09-14,Standard Class,MC-17275,99301,303.84,91.15,OFF-AR-10000380,Pasco
7326,US-2017-128447,2017-11-17,Standard Class,MC-17845,99301,400.80,112.22,OFF-AP-10004540,Pasco
4853,CA-2014-107818,2014-09-14,Standard Class,MC-17275,99301,485.88,19.44,OFF-ST-10000736,Pasco
4851,CA-2014-107818,2014-09-14,Standard Class,MC-17275,99301,975.92,121.99,FUR-CH-10000454,Pasco
9449,US-2016-148957,2016-09-23,Standard Class,CC-12430,98052,12.32,5.91,OFF-LA-10002195,Redmond
4332,CA-2017-107909,2017-09-06,Standard Class,SS-20875,98052,19.99,6.80,TEC-AC-10001998,Redmond
4333,CA-2017-107909,2017-09-06,Standard Class,SS-20875,98052,22.92,8.02,OFF-BI-10003476,Redmond
6365,CA-2017-110443,2017-11-25,Standard Class,CK-12205,98059,51.84,24.88,OFF-PA-10003797,Renton
6363,CA-2017-110443,2017-11-25,Standard Class,CK-12205,98059,150.80,56.55,OFF-BI-10001670,Renton
6364,CA-2017-110443,2017-11-25,Standard Class,CK-12205,98059,1039.99,104.00,TEC-MA-10002073,Renton
7118,CA-2014-143168,2014-10-23,Second Class,IG-15085,98103,1.34,0.47,OFF-BI-10003784,Seattle
565,CA-2015-130736,2015-12-09,First Class,JF-15490,98105,2.61,1.20,OFF-LA-10000634,Seattle
1655,US-2017-132444,2017-11-21,First Class,CD-12280,98105,2.96,1.42,OFF-FA-10000611,Seattle
9753,US-2016-158680,2016-07-02,First Class,NZ-18565,98115,2.50,0.90,OFF-BI-10000145,Seattle
1562,CA-2017-107293,2017-09-06,First Class,CS-12400,98115,2.78,0.72,OFF-AR-10003732,Seattle
4275,CA-2015-142692,2015-10-28,Standard Class,AG-10495,98105,3.59,1.12,OFF-BI-10004140,Seattle
6873,CA-2015-162544,2015-12-19,First Class,SG-20080,98105,4.98,2.34,OFF-PA-10004948,Seattle
5268,CA-2017-147452,2017-10-03,First Class,CS-11845,98103,3.89,1.01,OFF-AP-10001626,Seattle
2119,CA-2017-155460,2017-04-15,First Class,RW-19630,98105,5.28,2.38,OFF-PA-10002479,Seattle
8651,CA-2014-142769,2014-09-13,Same Day,RP-19390,98103,5.70,2.68,OFF-FA-10000840,Seattle
4893,CA-2016-135776,2016-12-30,Standard Class,EH-13765,98103,4.20,1.18,OFF-AR-10001231,Seattle
5626,CA-2014-126683,2014-09-30,Second Class,PP-18955,98115,6.16,2.96,FUR-FU-10001706,Seattle
1870,CA-2016-148201,2016-08-29,Second Class,CC-12145,98103,6.48,3.11,OFF-PA-10000019,Seattle
1929,US-2017-101539,2017-03-18,Second Class,VM-21685,98105,6.48,3.11,OFF-PA-10001972,Seattle
6359,CA-2017-139080,2017-01-28,Standard Class,CS-12250,98103,6.48,3.11,OFF-PA-10002262,Seattle
6580,CA-2016-169887,2016-10-22,Same Day,MS-17530,98105,6.68,3.21,OFF-PA-10003001,Seattle
6816,CA-2014-144414,2014-06-21,Standard Class,GH-14425,98105,6.24,2.62,FUR-FU-10003981,Seattle
1816,CA-2015-164833,2015-06-04,Same Day,LL-16840,98105,7.38,3.47,OFF-LA-10000443,Seattle
564,CA-2015-130736,2015-12-09,First Class,JF-15490,98105,3.96,0.00,OFF-FA-10003467,Seattle
2203,CA-2015-138002,2015-09-12,Standard Class,BT-11305,98103,6.10,2.13,OFF-BI-10002160,Seattle
2486,CA-2017-126067,2017-09-03,Standard Class,KN-16705,98105,5.56,1.45,OFF-AR-10003856,Seattle
4644,CA-2015-147501,2015-08-06,Standard Class,Co-12640,98105,6.37,2.15,OFF-BI-10002003,Seattle
2432,CA-2017-129805,2018-01-02,Standard Class,HM-14860,98103,7.40,3.03,FUR-FU-10001935,Seattle
4869,CA-2017-122490,2017-11-18,Standard Class,TT-21070,98103,8.64,4.23,OFF-LA-10001613,Seattle
1080,CA-2017-132521,2017-09-25,Second Class,DW-13540,98105,6.88,2.32,OFF-BI-10000404,Seattle
4723,US-2017-135230,2017-09-07,Standard Class,CK-12325,98103,7.58,2.96,OFF-AR-10001166,Seattle
2073,CA-2016-129693,2016-12-02,Standard Class,TC-20980,98105,7.31,2.56,OFF-BI-10002954,Seattle
3978,CA-2017-101308,2017-10-07,Standard Class,FG-14260,98105,8.94,4.11,OFF-FA-10002780,Seattle
157,CA-2015-118948,2015-06-03,Standard Class,NK-18490,98105,6.63,1.79,OFF-AR-10001547,Seattle
2730,CA-2017-104801,2017-02-19,Standard Class,FH-14350,98105,6.63,1.79,OFF-AR-10001547,Seattle
8653,CA-2014-142769,2014-09-13,Same Day,RP-19390,98103,7.30,2.19,OFF-SU-10001574,Seattle
3572,CA-2017-168109,2017-07-03,Same Day,JK-15640,98105,7.99,2.70,TEC-PH-10000702,Seattle
4741,CA-2017-164364,2017-11-16,Standard Class,CS-12355,98115,9.96,4.58,OFF-LA-10004853,Seattle
1656,US-2017-132444,2017-11-21,First Class,CD-12280,98105,8.45,2.96,OFF-BI-10001116,Seattle
7986,CA-2016-151498,2016-04-24,First Class,DN-13690,98115,8.32,2.81,OFF-BI-10004967,Seattle
6725,CA-2016-128811,2016-09-16,Standard Class,SF-20200,98103,10.47,4.82,OFF-FA-10000585,Seattle
6726,CA-2016-128811,2016-09-16,Standard Class,SF-20200,98103,11.07,5.20,OFF-LA-10003720,Seattle
5266,CA-2017-147452,2017-10-03,First Class,CS-11845,98103,11.76,5.76,OFF-PA-10001838,Seattle
6581,CA-2016-169887,2016-10-22,Same Day,MS-17530,98105,8.34,2.25,OFF-AR-10002766,Seattle
6573,CA-2016-161543,2016-05-16,Standard Class,RD-19720,98105,11.96,5.86,OFF-PA-10003971,Seattle
5368,CA-2017-158071,2017-06-15,Standard Class,BD-11320,98103,11.56,5.43,OFF-LA-10004689,Seattle
1817,CA-2015-164833,2015-06-04,Same Day,LL-16840,98105,9.26,3.06,OFF-AR-10004685,Seattle
4891,CA-2016-135776,2016-12-30,Standard Class,EH-13765,98103,8.82,2.56,OFF-AR-10001246,Seattle
9529,CA-2017-156958,2017-12-06,First Class,PB-18805,98115,9.30,3.02,OFF-BI-10002071,Seattle
2268,CA-2017-137470,2017-09-17,Same Day,TP-21415,98115,12.96,6.35,OFF-PA-10002001,Seattle
2808,CA-2015-148635,2015-07-27,Second Class,MH-18025,98115,12.96,6.22,OFF-PA-10004782,Seattle
5675,CA-2016-146318,2016-01-27,Standard Class,MC-17275,98105,12.96,6.22,OFF-PA-10003953,Seattle
8096,CA-2017-133046,2017-07-31,Second Class,DK-13375,98115,12.96,6.22,OFF-PA-10002787,Seattle
7838,CA-2015-149083,2015-09-30,Standard Class,SH-19975,98103,12.60,5.80,OFF-LA-10002945,Seattle
9417,CA-2015-127824,2015-10-22,Standard Class,JC-15775,98115,10.11,3.24,FUR-FU-10002505,Seattle
4742,CA-2017-164364,2017-11-16,Standard Class,CS-12355,98115,9.21,2.30,OFF-AR-10000315,Seattle
9730,CA-2014-111962,2014-10-04,Standard Class,EB-14170,98115,10.05,3.14,OFF-BI-10001308,Seattle
1239,CA-2014-127012,2014-08-15,Standard Class,GM-14680,98105,12.35,5.43,FUR-FU-10003691,Seattle
7735,CA-2017-134418,2017-09-20,Standard Class,GM-14500,98103,12.42,5.22,OFF-AR-10004441,Seattle
7213,US-2016-119046,2016-06-06,Standard Class,EH-13765,98115,11.23,3.93,OFF-BI-10000138,Seattle
2983,CA-2014-131310,2014-07-18,Standard Class,CL-12565,98115,11.26,3.80,OFF-BI-10003094,Seattle
5668,CA-2016-142405,2016-06-15,Standard Class,SE-20110,98103,14.62,6.87,OFF-LA-10004093,Seattle
8669,CA-2016-149916,2016-12-24,Second Class,ED-13885,98115,11.56,3.76,TEC-MA-10000752,Seattle
1185,CA-2014-127131,2014-11-30,Standard Class,HR-14830,98103,12.10,4.23,OFF-BI-10004656,Seattle
6274,US-2016-139087,2016-07-22,Second Class,DK-13375,98105,12.42,4.47,FUR-FU-10001847,Seattle
6247,CA-2015-112305,2015-11-25,Standard Class,KB-16405,98105,13.98,6.01,TEC-AC-10002018,Seattle
6027,CA-2017-136007,2017-03-02,Standard Class,AC-10615,98115,8.40,0.34,OFF-FA-10002701,Seattle
3713,CA-2017-166198,2017-04-24,First Class,JW-15955,98103,11.54,3.46,TEC-AC-10000521,Seattle
7999,US-2014-148194,2014-05-07,First Class,BS-11365,98105,12.18,3.90,FUR-FU-10001852,Seattle
2715,CA-2015-103723,2015-12-06,Standard Class,BT-11305,98105,13.90,5.56,OFF-AR-10003251,Seattle
6280,US-2016-139087,2016-07-22,Second Class,DK-13375,98105,12.82,4.17,OFF-BI-10000042,Seattle
8652,CA-2014-142769,2014-09-13,Same Day,RP-19390,98103,14.19,5.53,FUR-FU-10001918,Seattle
1661,CA-2017-127285,2017-11-06,Standard Class,MM-18055,98115,13.90,5.21,OFF-BI-10002072,Seattle
9351,CA-2016-159009,2016-09-27,Standard Class,DP-13105,98115,13.22,4.46,OFF-BI-10004970,Seattle
4539,CA-2017-138464,2017-07-12,Standard Class,VF-21715,98115,13.12,4.33,OFF-AR-10004757,Seattle
5136,CA-2016-151323,2016-10-28,Standard Class,AB-10255,98103,17.05,8.18,OFF-FA-10002983,Seattle
2807,CA-2015-148635,2015-07-27,Second Class,MH-18025,98115,9.42,0.47,OFF-FA-10004395,Seattle
6817,CA-2014-144414,2014-06-21,Standard Class,GH-14425,98105,17.90,8.95,OFF-FA-10000624,Seattle
1519,CA-2014-111059,2014-02-06,Second Class,TB-21400,98105,13.27,4.31,OFF-BI-10002827,Seattle
9416,CA-2015-127824,2015-10-22,Standard Class,JC-15775,98115,17.94,8.79,OFF-PA-10001184,Seattle
7120,CA-2017-118122,2017-11-24,Standard Class,GG-14650,98103,13.90,4.52,OFF-BI-10002103,Seattle
4916,CA-2015-161830,2015-09-26,Second Class,ME-17725,98105,14.95,5.42,OFF-BI-10001097,Seattle
6261,CA-2015-162607,2015-05-18,Standard Class,RO-19780,98115,14.59,4.92,OFF-BI-10002949,Seattle
5242,CA-2016-110730,2016-09-26,Second Class,CM-11815,98115,13.68,3.69,OFF-SU-10004737,Seattle
3350,US-2016-157308,2016-08-21,Standard Class,NM-18520,98105,15.71,5.70,OFF-BI-10003712,Seattle
569,CA-2017-156951,2017-10-08,Standard Class,EB-13840,98105,19.44,9.33,OFF-PA-10004451,Seattle
6233,US-2017-142188,2017-09-11,Same Day,JF-15415,98105,19.44,9.33,OFF-PA-10002005,Seattle
7736,US-2016-106313,2016-08-26,Standard Class,DG-13300,98105,19.44,9.33,OFF-PA-10001870,Seattle
8733,CA-2017-116988,2017-06-29,Second Class,PW-19030,98105,19.44,9.33,OFF-PA-10003848,Seattle
8153,CA-2017-140151,2017-03-25,First Class,RB-19360,98115,20.04,9.62,OFF-PA-10002986,Seattle
8870,CA-2017-101805,2017-12-06,Standard Class,SH-19975,98105,15.92,5.37,OFF-BI-10002003,Seattle
4536,CA-2017-138464,2017-07-12,Standard Class,VF-21715,98115,15.84,4.91,FUR-FU-10003142,Seattle
2961,CA-2017-143665,2017-04-30,Standard Class,PO-19180,98115,20.34,9.36,OFF-PA-10003673,Seattle
2910,CA-2017-166415,2017-02-23,Standard Class,ME-17725,98103,11.22,0.22,OFF-FA-10004968,Seattle
9641,CA-2014-104563,2014-03-12,Standard Class,CM-12715,98103,20.65,9.50,OFF-AR-10000390,Seattle
4517,US-2016-128678,2016-09-20,Standard Class,RB-19570,98105,21.40,10.06,OFF-PA-10000807,Seattle
4221,CA-2017-134565,2017-06-13,Second Class,TB-21400,98103,18.29,6.63,OFF-BI-10001759,Seattle
5369,CA-2017-158071,2017-06-15,Standard Class,BD-11320,98103,15.58,3.90,OFF-ST-10001228,Seattle
9209,CA-2017-141747,2017-08-08,Second Class,SC-20230,98105,16.06,4.18,OFF-ST-10003996,Seattle
4538,CA-2017-138464,2017-07-12,Standard Class,VF-21715,98115,18.24,6.20,OFF-AR-10003560,Seattle
738,CA-2017-131954,2017-01-25,Standard Class,DS-13030,98115,18.72,6.55,OFF-BI-10000138,Seattle
1241,CA-2014-127012,2014-08-15,Standard Class,GM-14680,98105,22.96,10.79,OFF-FA-10004854,Seattle
7196,CA-2016-147683,2016-11-17,Standard Class,PO-19180,98103,19.54,7.23,FUR-FU-10004848,Seattle
8294,US-2017-168802,2017-11-07,Standard Class,JO-15145,98103,18.37,5.97,OFF-BI-10002393,Seattle
9363,CA-2017-111591,2017-03-25,Standard Class,PS-18970,98105,13.02,0.39,OFF-FA-10004838,Seattle
6357,CA-2017-139080,2017-01-28,Standard Class,CS-12250,98103,19.68,6.89,OFF-BI-10001757,Seattle
8658,CA-2014-142769,2014-09-13,Same Day,RP-19390,98103,22.66,9.74,OFF-AP-10004785,Seattle
6727,CA-2016-128811,2016-09-16,Standard Class,SF-20200,98103,20.70,7.76,OFF-BI-10000301,Seattle
716,CA-2014-153150,2014-07-06,Second Class,Dl-13600,98105,19.92,6.97,OFF-BI-10003355,Seattle
3248,US-2017-140907,2017-12-12,Second Class,BP-11185,98103,18.24,5.29,OFF-AR-10000799,Seattle
3982,CA-2017-119564,2017-12-20,Standard Class,PL-18925,98115,22.77,9.79,FUR-FU-10003096,Seattle
2890,CA-2017-164049,2017-11-06,Standard Class,KH-16630,98105,23.85,10.73,OFF-PA-10000791,Seattle
3256,CA-2016-155474,2016-07-14,Standard Class,CC-12220,98105,19.30,6.03,OFF-BI-10004209,Seattle
4963,CA-2014-156587,2014-03-08,First Class,AB-10015,98103,17.94,4.66,OFF-AR-10001427,Seattle
8094,CA-2017-133046,2017-07-31,Second Class,DK-13375,98115,23.88,10.51,FUR-FU-10001940,Seattle
9056,CA-2015-128993,2015-09-17,Second Class,CC-12670,98103,21.98,8.57,TEC-AC-10004209,Seattle
1187,CA-2014-127131,2014-11-30,Standard Class,HR-14830,98103,25.92,12.44,OFF-PA-10001800,Seattle
6358,CA-2017-139080,2017-01-28,Standard Class,CS-12250,98103,25.92,12.44,OFF-PA-10004621,Seattle
6276,US-2016-139087,2016-07-22,Second Class,DK-13375,98105,24.75,10.89,FUR-FU-10004164,Seattle
4239,CA-2017-147144,2017-03-28,First Class,MZ-17335,98105,19.83,5.95,OFF-AR-10004587,Seattle
8095,CA-2017-133046,2017-07-31,Second Class,DK-13375,98115,26.20,12.05,OFF-PA-10003883,Seattle
7438,CA-2014-165568,2014-02-19,Standard Class,BF-11020,98105,21.36,7.21,OFF-BI-10001031,Seattle
7862,CA-2015-142993,2015-10-17,Standard Class,KA-16525,98103,17.90,3.40,TEC-AC-10003038,Seattle
4948,CA-2014-102085,2014-10-09,Standard Class,JD-16015,98115,29.24,13.74,OFF-LA-10002475,Seattle
6246,CA-2015-112305,2015-11-25,Standard Class,KB-16405,98105,22.14,6.42,FUR-FU-10002364,Seattle
9364,CA-2017-111591,2017-03-25,Standard Class,PS-18970,98105,22.14,6.42,FUR-FU-10002364,Seattle
3118,CA-2016-150350,2016-08-30,Standard Class,MS-17770,98105,15.88,0.16,OFF-SU-10002189,Seattle
5284,CA-2014-133424,2014-04-04,Standard Class,Dl-13600,98105,15.84,0.00,OFF-ST-10002957,Seattle
9614,CA-2014-128524,2014-11-13,First Class,MZ-17515,98115,22.98,6.89,OFF-AP-10002892,Seattle
3150,US-2014-109036,2014-12-25,Standard Class,KH-16510,98103,31.05,14.90,OFF-LA-10002043,Seattle
4932,CA-2017-143651,2017-03-30,Standard Class,FM-14215,98103,23.10,6.93,OFF-AR-10001446,Seattle
7211,US-2016-119046,2016-06-06,Standard Class,EH-13765,98115,30.18,13.88,OFF-PA-10000246,Seattle
2461,CA-2015-142419,2015-07-13,Second Class,SC-20380,98115,29.97,13.49,OFF-PA-10001763,Seattle
4124,CA-2017-133823,2017-05-12,Same Day,LP-17080,98103,26.03,9.44,OFF-BI-10000962,Seattle
7402,CA-2016-110009,2016-09-13,Standard Class,TR-21325,98103,30.87,14.20,OFF-PA-10002615,Seattle
5936,CA-2016-103107,2016-07-04,Same Day,RB-19465,98103,25.40,8.64,FUR-FU-10000221,Seattle
5391,CA-2017-163874,2017-11-12,Second Class,NC-18535,98105,26.35,9.55,OFF-BI-10000088,Seattle
944,CA-2015-120880,2015-06-03,Standard Class,JL-15850,98105,32.40,15.55,OFF-PA-10004101,Seattle
6881,CA-2015-137113,2015-12-05,Second Class,TW-21025,98105,32.40,15.55,OFF-PA-10004255,Seattle
4062,US-2015-138716,2015-09-20,First Class,CS-11845,98105,25.03,7.82,OFF-BI-10001628,Seattle
4750,CA-2016-123526,2016-12-25,First Class,BV-11245,98103,33.40,16.03,OFF-PA-10002986,Seattle
3115,CA-2016-150350,2016-08-30,Standard Class,MS-17770,98105,34.68,16.99,OFF-PA-10002160,Seattle
164,CA-2016-113817,2016-11-11,Standard Class,MJ-17740,98115,27.68,9.69,OFF-BI-10004002,Seattle
5337,CA-2015-169278,2015-05-25,Standard Class,ME-18010,98105,26.98,8.77,OFF-BI-10001636,Seattle
1435,US-2016-153129,2016-12-30,Standard Class,FP-14320,98105,33.90,15.59,OFF-PA-10003673,Seattle
736,CA-2017-131954,2017-01-25,Standard Class,DS-13030,98115,27.94,9.43,OFF-BI-10003291,Seattle
4220,CA-2017-134565,2017-06-13,Second Class,TB-21400,98103,37.94,18.21,OFF-PA-10004243,Seattle
4892,CA-2016-135776,2016-12-30,Standard Class,EH-13765,98103,37.94,18.21,OFF-PA-10001295,Seattle
2936,US-2016-169040,2016-12-12,Standard Class,GT-14710,98105,35.89,16.15,OFF-EN-10000927,Seattle
4743,CA-2017-164364,2017-11-16,Standard Class,CS-12355,98115,27.93,8.10,OFF-SU-10000381,Seattle
4123,CA-2017-133823,2017-05-12,Same Day,LP-17080,98103,37.59,17.67,OFF-LA-10004545,Seattle
2962,CA-2017-143665,2017-04-30,Standard Class,PO-19180,98115,39.28,19.25,OFF-LA-10002034,Seattle
9362,CA-2017-111591,2017-03-25,Standard Class,PS-18970,98105,30.58,10.32,OFF-BI-10004410,Seattle
4122,CA-2017-133823,2017-05-12,Same Day,LP-17080,98103,37.44,16.85,OFF-PA-10002870,Seattle
8042,CA-2017-121489,2017-08-25,Second Class,CM-11815,98115,33.18,11.61,TEC-AC-10000682,Seattle
8831,CA-2016-167983,2016-08-24,Second Class,RP-19270,98115,33.44,11.70,OFF-BI-10003727,Seattle
3927,CA-2014-103940,2014-09-21,Standard Class,BN-11515,98103,35.34,13.43,FUR-FU-10004671,Seattle
9427,CA-2016-160479,2016-09-20,Standard Class,AH-10585,98105,35.40,13.45,OFF-AR-10002445,Seattle
5285,CA-2014-133424,2014-04-04,Standard Class,Dl-13600,98105,44.40,22.20,OFF-LA-10002312,Seattle
1560,CA-2016-126809,2016-04-13,Standard Class,EB-13750,98103,35.35,12.82,OFF-BI-10003712,Seattle
2632,US-2017-110604,2017-05-20,Standard Class,JF-15295,98103,39.96,17.18,FUR-FU-10000076,Seattle
2195,CA-2016-128412,2016-12-17,Standard Class,AP-10915,98105,35.10,12.29,OFF-AP-10000252,Seattle
1079,CA-2017-132521,2017-09-25,Second Class,DW-13540,98105,31.44,8.49,OFF-ST-10001325,Seattle
6192,CA-2017-107986,2017-12-13,Same Day,MW-18220,98103,31.44,8.49,OFF-ST-10001325,Seattle
7122,CA-2017-166926,2017-12-08,Standard Class,SO-20335,98105,41.86,18.84,OFF-PA-10001593,Seattle
5645,CA-2017-120719,2017-03-26,First Class,SJ-20125,98105,34.76,11.30,OFF-BI-10002103,Seattle
5377,CA-2017-134152,2017-05-31,Standard Class,RP-19855,98103,31.44,7.86,OFF-AR-10004062,Seattle
2483,CA-2017-126067,2017-09-03,Standard Class,KN-16705,98105,35.17,11.43,TEC-PH-10000912,Seattle
8657,CA-2014-142769,2014-09-13,Same Day,RP-19390,98103,48.94,24.47,OFF-PA-10002923,Seattle
4895,CA-2016-135776,2016-12-30,Standard Class,EH-13765,98103,47.90,22.99,OFF-PA-10004327,Seattle
8726,CA-2017-148145,2017-03-23,Standard Class,SW-20275,98115,46.20,21.25,OFF-AR-10003752,Seattle
6544,US-2017-107888,2017-11-19,First Class,CC-12220,98103,33.29,7.99,OFF-ST-10003123,Seattle
5677,CA-2014-135993,2014-06-02,Standard Class,PJ-18835,98115,27.60,2.21,TEC-AC-10004877,Seattle
6279,US-2016-139087,2016-07-22,Second Class,DK-13375,98105,20.78,-4.68,TEC-PH-10000148,Seattle
4915,CA-2015-161830,2015-09-26,Second Class,ME-17725,98105,35.96,10.43,OFF-AR-10004042,Seattle
7577,CA-2014-134726,2014-11-07,Second Class,SW-20755,98115,41.94,15.10,TEC-AC-10000023,Seattle
8152,CA-2017-140151,2017-03-25,First Class,RB-19360,98115,32.48,4.87,OFF-ST-10001558,Seattle
6919,CA-2016-105473,2016-04-18,Second Class,BM-11785,98115,28.80,0.86,OFF-SU-10003567,Seattle
7077,CA-2016-167416,2016-05-17,Standard Class,JM-15580,98105,54.90,26.90,OFF-EN-10001141,Seattle
7401,CA-2016-110009,2016-09-13,Standard Class,TR-21325,98103,43.13,14.66,FUR-FU-10003039,Seattle
9531,CA-2017-111759,2017-07-12,Standard Class,MR-17545,98103,52.76,24.27,OFF-PA-10003127,Seattle
3925,CA-2014-103940,2014-09-21,Standard Class,BN-11515,98103,30.28,1.21,OFF-ST-10004963,Seattle
3048,CA-2014-137351,2014-10-04,Standard Class,DB-13615,98105,43.18,13.49,OFF-BI-10003910,Seattle
1240,CA-2014-127012,2014-08-15,Standard Class,GM-14680,98105,40.97,10.65,OFF-AR-10003903,Seattle
9466,CA-2016-126858,2016-11-23,Standard Class,JM-15265,98115,31.96,1.60,FUR-FU-10000448,Seattle
4896,CA-2016-135776,2016-12-30,Standard Class,EH-13765,98103,61.96,30.36,OFF-EN-10004773,Seattle
2937,US-2016-169040,2016-12-12,Standard Class,GT-14710,98105,47.21,15.34,OFF-BI-10001636,Seattle
5037,CA-2014-169803,2014-04-12,Standard Class,SC-20260,98115,33.90,2.03,TEC-AC-10003441,Seattle
3117,CA-2016-150350,2016-08-30,Standard Class,MS-17770,98105,43.10,11.21,OFF-AP-10001492,Seattle
5249,US-2017-110989,2017-11-05,Second Class,EJ-14155,98105,43.50,10.88,TEC-AC-10002345,Seattle
462,CA-2015-109638,2015-12-22,Standard Class,JH-15985,98115,51.31,18.60,OFF-BI-10001098,Seattle
4518,US-2016-128678,2016-09-20,Standard Class,RB-19570,98105,48.66,15.82,OFF-BI-10002103,Seattle
7212,US-2016-119046,2016-06-06,Standard Class,EH-13765,98115,51.65,18.72,OFF-BI-10001078,Seattle
5912,CA-2016-155383,2016-12-22,Standard Class,SC-20680,98115,46.53,13.03,OFF-ST-10001328,Seattle
3569,CA-2017-168109,2017-07-03,Same Day,JK-15640,98105,59.98,26.39,TEC-AC-10003628,Seattle
7117,CA-2014-143168,2014-10-23,Second Class,IG-15085,98103,61.96,27.88,OFF-PA-10000167,Seattle
8257,CA-2017-152310,2017-08-19,Standard Class,DK-12895,98103,46.74,11.69,OFF-ST-10001228,Seattle
8668,CA-2016-149916,2016-12-24,Second Class,ED-13885,98115,55.36,19.38,OFF-BI-10004002,Seattle
1461,CA-2015-119907,2015-12-08,Standard Class,LC-17140,98103,55.42,19.40,OFF-BI-10001765,Seattle
2196,CA-2016-128412,2016-12-17,Standard Class,AP-10915,98105,44.75,8.50,TEC-AC-10003038,Seattle
5669,CA-2016-142405,2016-06-15,Standard Class,SE-20110,98103,53.98,17.54,OFF-BI-10004728,Seattle
6234,US-2017-142188,2017-09-11,Same Day,JF-15415,98105,71.28,34.21,OFF-PA-10004101,Seattle
9527,CA-2017-156958,2017-12-06,First Class,PB-18805,98115,31.18,-7.01,TEC-PH-10000148,Seattle
2633,US-2017-110604,2017-05-20,Standard Class,JF-15295,98103,42.62,4.26,FUR-CH-10002017,Seattle
8000,US-2014-148194,2014-05-07,First Class,BS-11365,98105,57.68,19.03,OFF-AP-10000696,Seattle
6541,US-2017-107888,2017-11-19,First Class,CC-12220,98103,73.68,34.63,OFF-PA-10001363,Seattle
8871,CA-2017-101805,2017-12-06,Standard Class,SH-19975,98105,70.68,31.10,FUR-FU-10000023,Seattle
9945,CA-2015-145415,2015-04-17,Second Class,RD-19660,98103,40.74,0.41,OFF-ST-10000419,Seattle
2940,US-2016-169040,2016-12-12,Standard Class,GT-14710,98105,59.81,19.44,OFF-BI-10001658,Seattle
7566,US-2016-166660,2016-01-31,Second Class,TB-21250,98103,48.58,7.77,FUR-BO-10000468,Seattle
3926,CA-2014-103940,2014-09-21,Standard Class,BN-11515,98103,57.93,16.22,OFF-ST-10000943,Seattle
2193,CA-2016-128412,2016-12-17,Standard Class,AP-10915,98105,65.34,22.87,OFF-AP-10002082,Seattle
4962,CA-2014-156587,2014-03-08,First Class,AB-10015,98103,48.71,5.48,FUR-CH-10004477,Seattle
6212,CA-2017-119809,2017-08-25,Standard Class,YS-21880,98103,65.94,22.42,FUR-FU-10001475,Seattle
3246,US-2017-140907,2017-12-12,Second Class,BP-11185,98103,49.08,4.91,TEC-AC-10004510,Seattle
4001,CA-2014-116834,2014-10-16,Standard Class,Dp-13240,98115,63.47,19.04,FUR-FU-10001196,Seattle
1930,US-2017-101539,2017-03-18,Second Class,VM-21685,98105,46.51,1.86,OFF-ST-10004180,Seattle
9375,CA-2016-149671,2016-06-09,Standard Class,KB-16600,98105,61.38,15.96,OFF-SU-10002537,Seattle
4667,CA-2016-116547,2016-01-17,Standard Class,KB-16585,98115,79.92,34.37,FUR-FU-10000076,Seattle
6277,US-2016-139087,2016-07-22,Second Class,DK-13375,98105,87.71,41.22,OFF-LA-10001074,Seattle
6028,CA-2017-136007,2017-03-02,Standard Class,AC-10615,98115,71.96,25.19,TEC-PH-10003589,Seattle
567,CA-2017-156951,2017-10-08,Standard Class,EB-13840,98105,91.84,45.00,OFF-PA-10004530,Seattle
7578,CA-2014-134726,2014-11-07,Second Class,SW-20755,98115,52.79,4.62,TEC-PH-10001750,Seattle
8373,CA-2016-113726,2016-11-30,Standard Class,SC-20680,98105,82.26,33.73,FUR-FU-10003535,Seattle
5676,CA-2014-135993,2014-06-02,Standard Class,PJ-18835,98115,57.41,5.74,TEC-PH-10001552,Seattle
4130,CA-2015-121272,2015-04-04,Standard Class,DO-13435,98103,73.28,21.25,OFF-AP-10001947,Seattle
6278,US-2016-139087,2016-07-22,Second Class,DK-13375,98105,69.52,17.38,OFF-ST-10000604,Seattle
5402,CA-2017-132262,2017-09-23,First Class,ML-18265,98103,79.98,26.39,TEC-AC-10000303,Seattle
568,CA-2017-156951,2017-10-08,Standard Class,EB-13840,98105,81.09,27.37,OFF-BI-10001107,Seattle
9525,CA-2017-156958,2017-12-06,First Class,PB-18805,98115,83.92,29.37,OFF-BI-10001524,Seattle
4537,CA-2017-138464,2017-07-12,Standard Class,VF-21715,98115,86.38,30.23,OFF-BI-10001543,Seattle
1518,CA-2014-111059,2014-02-06,Second Class,TB-21400,98105,83.84,27.25,OFF-BI-10004593,Seattle
4668,CA-2016-116547,2016-01-17,Standard Class,KB-16585,98115,69.98,13.30,TEC-AC-10002335,Seattle
5401,CA-2017-132262,2017-09-23,First Class,ML-18265,98103,71.98,15.12,TEC-AC-10000158,Seattle
9763,CA-2014-121762,2014-02-18,Standard Class,ML-17395,98103,81.96,22.95,OFF-AP-10001293,Seattle
4305,CA-2014-162278,2014-10-30,Second Class,AH-10585,98105,63.92,3.20,FUR-FU-10000448,Seattle
1660,CA-2017-127285,2017-11-06,Standard Class,MM-18055,98115,88.75,27.73,OFF-BI-10004330,Seattle
6884,CA-2015-137113,2015-12-05,Second Class,TW-21025,98105,114.20,52.53,OFF-PA-10002222,Seattle
4650,CA-2017-129357,2017-05-19,Standard Class,KB-16585,98103,64.40,1.93,OFF-SU-10004498,Seattle
5686,CA-2015-131072,2015-11-05,Same Day,KL-16645,98105,98.35,35.65,OFF-BI-10002794,Seattle
1015,US-2015-126214,2015-12-24,Second Class,JS-15880,98103,99.60,36.85,TEC-AC-10003198,Seattle
8259,CA-2017-152310,2017-08-19,Standard Class,DK-12895,98103,100.70,37.76,OFF-BI-10004308,Seattle
5938,CA-2016-103107,2016-07-04,Same Day,RB-19465,98103,71.98,9.00,TEC-PH-10002564,Seattle
2462,CA-2015-142419,2015-07-13,Second Class,SC-20380,98115,98.35,34.42,OFF-BI-10001597,Seattle
8420,CA-2017-118199,2017-05-11,First Class,LB-16795,98105,66.96,2.68,OFF-ST-10000636,Seattle
735,CA-2017-131954,2017-01-25,Standard Class,DS-13030,98115,99.70,33.65,OFF-BI-10003982,Seattle
737,CA-2017-131954,2017-01-25,Standard Class,DS-13030,98115,84.98,18.70,FUR-BO-10001619,Seattle
2485,CA-2017-126067,2017-09-03,Standard Class,KN-16705,98105,99.68,32.40,OFF-BI-10001658,Seattle
7378,CA-2014-132787,2014-09-23,Standard Class,MC-18130,98115,92.52,24.98,OFF-ST-10001321,Seattle
460,CA-2015-109638,2015-12-22,Standard Class,JH-15985,98115,103.92,36.37,OFF-AP-10002472,Seattle
2194,CA-2016-128412,2016-12-17,Standard Class,AP-10915,98105,123.92,55.76,OFF-PA-10001125,Seattle
4228,CA-2015-154970,2015-01-10,Standard Class,SR-20740,98103,61.58,-6.93,FUR-CH-10003396,Seattle
628,CA-2017-153787,2017-05-23,Standard Class,AT-10735,98115,97.16,28.18,OFF-AP-10001563,Seattle
6582,CA-2016-169887,2016-10-22,Same Day,MS-17530,98105,101.94,30.58,FUR-FU-10003095,Seattle
3114,CA-2016-150350,2016-08-30,Standard Class,MS-17770,98105,135.90,63.87,OFF-EN-10002504,Seattle
2694,CA-2016-138079,2016-01-28,Standard Class,AJ-10795,98115,109.90,37.37,FUR-FU-10001475,Seattle
8928,CA-2015-143616,2015-09-29,Second Class,SS-20140,98103,99.20,25.79,OFF-AR-10002067,Seattle
415,CA-2017-142636,2017-11-07,Standard Class,KC-16675,98105,139.86,65.73,OFF-PA-10000157,Seattle
8171,CA-2017-107174,2017-11-13,Standard Class,AB-10060,98105,108.96,32.69,TEC-AC-10001465,Seattle
6360,CA-2017-139080,2017-01-28,Standard Class,CS-12250,98103,86.35,8.64,TEC-PH-10004100,Seattle
1654,US-2017-132444,2017-11-21,First Class,CD-12280,98105,132.52,54.33,TEC-AC-10003832,Seattle
8418,CA-2017-118199,2017-05-11,First Class,LB-16795,98105,104.28,26.07,OFF-ST-10000604,Seattle
1845,US-2017-113852,2017-08-02,Standard Class,GW-14605,98115,90.57,11.77,TEC-AC-10003027,Seattle
5839,CA-2015-132948,2015-04-03,Standard Class,MV-17485,98115,83.70,3.35,OFF-ST-10000636,Seattle
494,CA-2016-169166,2016-05-14,Standard Class,SS-20590,98115,93.98,13.16,TEC-AC-10000991,Seattle
3147,CA-2017-131828,2017-02-13,Second Class,CS-11845,98105,88.78,7.77,TEC-PH-10002923,Seattle
5367,CA-2017-158071,2017-06-15,Standard Class,BD-11320,98103,88.78,7.77,TEC-PH-10002923,Seattle
7863,CA-2015-142993,2015-10-17,Standard Class,KA-16525,98103,81.96,0.00,OFF-ST-10000934,Seattle
9637,CA-2014-124702,2014-11-25,Standard Class,MH-17785,98105,137.54,55.02,FUR-FU-10003553,Seattle
8655,CA-2014-142769,2014-09-13,Same Day,RP-19390,98103,144.96,60.88,TEC-AC-10003399,Seattle
8439,CA-2014-108861,2014-05-31,Standard Class,MM-17260,98105,136.96,51.36,OFF-BI-10003876,Seattle
5267,CA-2017-147452,2017-10-03,First Class,CS-11845,98103,167.94,82.29,OFF-PA-10004039,Seattle
8734,CA-2017-116988,2017-06-29,Second Class,PW-19030,98105,126.30,40.42,FUR-FU-10001290,Seattle
2732,CA-2017-104801,2017-02-19,Standard Class,FH-14350,98105,107.53,21.51,FUR-FU-10004017,Seattle
1657,US-2017-132444,2017-11-21,First Class,CD-12280,98105,95.94,9.59,OFF-ST-10000563,Seattle
1078,CA-2017-132521,2017-09-25,Second Class,DW-13540,98105,119.96,33.59,OFF-AP-10002191,Seattle
9615,CA-2014-128524,2014-11-13,First Class,MZ-17515,98115,102.13,15.32,TEC-AC-10002718,Seattle
6245,CA-2015-112305,2015-11-25,Standard Class,KB-16405,98105,119.04,30.95,OFF-AR-10002067,Seattle
5376,CA-2017-134152,2017-05-31,Standard Class,RP-19855,98103,98.16,9.82,TEC-AC-10004510,Seattle
6911,US-2017-115301,2017-08-02,Standard Class,VG-21790,98103,115.96,25.51,FUR-BO-10004709,Seattle
3928,CA-2014-103940,2014-09-21,Standard Class,BN-11515,98103,137.24,46.32,OFF-BI-10002735,Seattle
734,CA-2017-131954,2017-01-25,Standard Class,DS-13030,98115,179.97,86.39,TEC-AC-10003610,Seattle
6543,US-2017-107888,2017-11-19,First Class,CC-12220,98103,107.88,10.79,TEC-PH-10003171,Seattle
3250,CA-2016-159730,2016-09-21,Standard Class,SJ-20125,98103,105.58,7.92,TEC-PH-10002085,Seattle
8656,CA-2014-142769,2014-09-13,Same Day,RP-19390,98103,118.00,20.06,TEC-AC-10000865,Seattle
6236,US-2017-142188,2017-09-11,Same Day,JF-15415,98105,79.96,-17.99,TEC-PH-10000127,Seattle
3255,CA-2016-155474,2016-07-14,Standard Class,CC-12220,98105,107.98,9.45,TEC-PH-10001580,Seattle
8255,CA-2017-152310,2017-08-19,Standard Class,DK-12895,98103,192.16,92.24,OFF-PA-10003134,Seattle
8638,CA-2017-151281,2017-05-02,Standard Class,HM-14980,98105,139.58,39.08,FUR-FU-10000397,Seattle
2939,US-2016-169040,2016-12-12,Standard Class,GT-14710,98105,189.70,89.16,OFF-PA-10000482,Seattle
7123,CA-2017-166926,2017-12-08,Standard Class,SO-20335,98105,141.96,41.17,FUR-BO-10002598,Seattle
8417,CA-2017-118199,2017-05-11,First Class,LB-16795,98105,147.92,46.23,OFF-BI-10004330,Seattle
2192,CA-2016-128412,2016-12-17,Standard Class,AP-10915,98105,153.55,51.82,OFF-BI-10001718,Seattle
4223,CA-2017-134565,2017-06-13,Second Class,TB-21400,98103,102.96,1.03,OFF-ST-10004804,Seattle
2026,CA-2015-114237,2015-03-15,First Class,MC-17275,98103,141.96,39.75,FUR-BO-10004409,Seattle
7839,CA-2015-149083,2015-09-30,Standard Class,SH-19975,98103,159.98,57.59,TEC-AC-10002567,Seattle
2280,CA-2017-142622,2017-11-02,First Class,JK-15625,98115,97.57,-6.10,FUR-CH-10003833,Seattle
3249,CA-2016-159730,2016-09-21,Standard Class,SJ-20125,98103,113.89,9.97,FUR-CH-10004875,Seattle
946,CA-2015-120880,2015-06-03,Standard Class,JL-15850,98105,167.76,62.91,OFF-BI-10002931,Seattle
3979,CA-2017-101308,2017-10-07,Standard Class,FG-14260,98105,84.78,-20.14,TEC-PH-10003800,Seattle
1646,CA-2015-111829,2015-03-20,First Class,FH-14365,98115,209.70,100.66,OFF-PA-10004359,Seattle
2982,CA-2014-131310,2014-07-18,Standard Class,CL-12565,98115,123.14,13.85,FUR-CH-10001797,Seattle
8421,CA-2017-118199,2017-05-11,First Class,LB-16795,98105,199.98,87.99,TEC-AC-10004171,Seattle
9528,CA-2017-156958,2017-12-06,First Class,PB-18805,98115,172.75,60.46,OFF-BI-10001543,Seattle
6542,US-2017-107888,2017-11-19,First Class,CC-12220,98103,139.92,23.79,FUR-FU-10003394,Seattle
2204,CA-2015-138002,2015-09-12,Standard Class,BT-11305,98103,191.82,74.81,FUR-FU-10004748,Seattle
3698,CA-2015-151680,2015-11-21,Second Class,TC-21475,98115,141.96,22.71,FUR-FU-10000305,Seattle
9281,CA-2016-166772,2016-09-24,Standard Class,HJ-14875,98105,163.88,40.97,FUR-BO-10002853,Seattle
1653,US-2017-132444,2017-11-21,First Class,CD-12280,98105,169.68,45.81,OFF-ST-10003442,Seattle
8654,CA-2014-142769,2014-09-13,Same Day,RP-19390,98103,199.98,75.99,TEC-AC-10001606,Seattle
1559,CA-2015-112116,2015-03-18,Second Class,JE-15475,98103,171.96,44.71,FUR-TA-10001039,Seattle
8485,CA-2017-142391,2017-09-24,Same Day,PB-19150,98115,199.80,71.93,FUR-FU-10002759,Seattle
3714,CA-2017-166198,2017-04-24,First Class,JW-15955,98103,162.60,34.15,FUR-FU-10004622,Seattle
2938,US-2016-169040,2016-12-12,Standard Class,GT-14710,98105,248.08,116.60,OFF-PA-10001736,Seattle
4224,CA-2017-134565,2017-06-13,Second Class,TB-21400,98103,174.42,41.86,FUR-BO-10001519,Seattle
2934,US-2016-169040,2016-12-12,Standard Class,GT-14710,98105,156.79,13.72,TEC-PH-10002310,Seattle
6883,CA-2015-137113,2015-12-05,Second Class,TW-21025,98105,146.73,2.93,OFF-ST-10002554,Seattle
1188,CA-2014-127131,2014-11-30,Standard Class,HR-14830,98103,197.58,53.35,OFF-ST-10000036,Seattle
1485,US-2016-108098,2016-10-18,Standard Class,CP-12340,98115,177.00,30.09,TEC-AC-10000865,Seattle
2272,CA-2015-102036,2015-09-27,Standard Class,CS-12130,98105,199.74,47.94,OFF-ST-10003123,Seattle
7695,CA-2016-118899,2016-03-22,Same Day,MC-17275,98103,167.89,14.69,FUR-CH-10004754,Seattle
9762,CA-2014-121762,2014-02-18,Standard Class,ML-17395,98103,239.97,86.39,TEC-AC-10000736,Seattle
5937,CA-2016-103107,2016-07-04,Same Day,RB-19465,98103,177.48,19.97,TEC-PH-10001198,Seattle
9526,CA-2017-156958,2017-12-06,First Class,PB-18805,98115,199.90,39.98,FUR-FU-10003268,Seattle
2282,CA-2017-142622,2017-11-02,First Class,JK-15625,98115,199.98,38.00,FUR-BO-10004467,Seattle
8258,CA-2017-152310,2017-08-19,Standard Class,DK-12895,98103,174.95,12.25,TEC-AC-10000397,Seattle
6232,US-2017-142188,2017-09-11,Same Day,JF-15415,98105,177.57,8.88,FUR-CH-10003199,Seattle
703,CA-2016-163755,2016-11-08,Second Class,AS-10285,98103,209.88,35.68,FUR-FU-10003394,Seattle
2634,US-2017-110604,2017-05-20,Standard Class,JF-15295,98103,220.96,24.86,FUR-CH-10004287,Seattle
8091,CA-2014-101392,2014-12-13,Standard Class,AS-10630,98103,269.36,70.03,OFF-ST-10000532,Seattle
8097,CA-2017-133046,2017-07-31,Second Class,DK-13375,98115,234.95,32.89,TEC-AC-10000991,Seattle
2321,CA-2017-165491,2017-03-24,Standard Class,HW-14935,98115,265.93,63.82,TEC-AC-10000358,Seattle
9642,CA-2014-104563,2014-03-12,Standard Class,CM-12715,98103,204.90,0.00,OFF-ST-10000934,Seattle
9352,CA-2016-159009,2016-09-27,Standard Class,DP-13105,98115,184.75,-20.78,FUR-CH-10003396,Seattle
8254,CA-2017-152310,2017-08-19,Standard Class,DK-12895,98103,299.99,90.00,TEC-CO-10000971,Seattle
9031,CA-2017-128041,2017-08-31,Same Day,RW-19540,98103,314.60,103.82,OFF-AP-10001005,Seattle
8256,CA-2017-152310,2017-08-19,Standard Class,DK-12895,98103,242.62,27.30,TEC-PH-10002538,Seattle
9262,CA-2017-111388,2017-09-02,Same Day,SU-20665,98103,215.98,-2.70,FUR-CH-10003061,Seattle
4259,CA-2016-124793,2016-03-16,First Class,MM-18280,98103,196.78,-22.14,FUR-CH-10002880,Seattle
8419,CA-2017-118199,2017-05-11,First Class,LB-16795,98105,286.85,63.11,FUR-TA-10004154,Seattle
4894,CA-2016-135776,2016-12-30,Standard Class,EH-13765,98103,227.28,2.27,OFF-ST-10002743,Seattle
2906,CA-2014-127586,2014-09-30,Standard Class,CS-12400,98115,310.12,80.63,OFF-ST-10002615,Seattle
733,CA-2017-131954,2017-01-25,Standard Class,DS-13030,98115,242.94,9.72,OFF-ST-10000736,Seattle
4649,CA-2017-129357,2017-05-19,Standard Class,KB-16585,98103,440.19,206.89,OFF-PA-10003228,Seattle
9764,CA-2014-121762,2014-02-18,Standard Class,ML-17395,98103,238.62,4.77,OFF-SU-10000157,Seattle
9415,CA-2015-127824,2015-10-22,Standard Class,JC-15775,98115,249.58,15.60,TEC-PH-10004094,Seattle
4964,CA-2014-156587,2014-03-08,First Class,AB-10015,98103,242.94,4.86,OFF-ST-10002344,Seattle
9032,CA-2017-128041,2017-08-31,Same Day,RW-19540,98103,283.56,45.37,FUR-TA-10002607,Seattle
4222,CA-2017-134565,2017-06-13,Second Class,TB-21400,98103,385.80,130.21,TEC-MA-10001570,Seattle
5670,CA-2016-142405,2016-06-15,Standard Class,SE-20110,98103,389.97,132.59,TEC-AC-10003095,Seattle
4277,CA-2017-151358,2017-08-22,Standard Class,NF-18595,98105,323.10,61.39,OFF-ST-10000046,Seattle
3393,CA-2014-166471,2014-08-13,Standard Class,MG-17650,98103,219.17,-43.83,TEC-PH-10000038,Seattle
14,CA-2016-161389,2016-12-10,Standard Class,IM-15070,98103,407.98,132.59,OFF-BI-10003656,Seattle
416,CA-2017-142636,2017-11-07,Standard Class,KC-16675,98105,307.14,26.87,FUR-CH-10001891,Seattle
3247,US-2017-140907,2017-12-12,Second Class,BP-11185,98103,324.90,38.99,OFF-ST-10000060,Seattle
4002,CA-2014-116834,2014-10-16,Standard Class,Dp-13240,98115,345.00,58.65,TEC-AC-10002942,Seattle
7731,CA-2017-104850,2017-06-19,Standard Class,TW-21025,98103,291.14,-25.47,FUR-CH-10003774,Seattle
7837,CA-2015-149083,2015-09-30,Standard Class,SH-19975,98103,307.14,-11.52,FUR-CH-10004289,Seattle
4868,CA-2017-122490,2017-11-18,Standard Class,TT-21070,98103,344.91,10.35,OFF-ST-10000991,Seattle
5765,CA-2015-117772,2015-09-12,Second Class,MC-17575,98103,353.88,17.69,OFF-ST-10003994,Seattle
6275,US-2016-139087,2016-07-22,Second Class,DK-13375,98105,428.40,89.96,TEC-AC-10004595,Seattle
4306,CA-2014-162278,2014-10-30,Second Class,AH-10585,98105,383.96,38.40,TEC-PH-10000526,Seattle
8040,CA-2017-121489,2017-08-25,Second Class,CM-11815,98115,388.70,38.87,FUR-CH-10004698,Seattle
9365,CA-2017-111591,2017-03-25,Standard Class,PS-18970,98105,359.32,7.19,OFF-ST-10001809,Seattle
4867,CA-2017-122490,2017-11-18,Standard Class,TT-21070,98103,563.02,190.02,OFF-BI-10001718,Seattle
1167,CA-2015-125416,2015-11-02,Same Day,KC-16540,98115,447.93,49.27,TEC-AC-10001552,Seattle
945,CA-2015-120880,2015-06-03,Standard Class,JL-15850,98105,540.57,140.55,OFF-ST-10001496,Seattle
1700,CA-2014-135657,2014-06-07,Second Class,SC-20725,98115,515.88,113.49,FUR-TA-10004086,Seattle
2935,US-2016-169040,2016-12-12,Standard Class,GT-14710,98105,431.98,27.00,TEC-PH-10002834,Seattle
158,CA-2014-104269,2014-03-06,Second Class,DB-13060,98115,457.57,51.48,FUR-CH-10004063,Seattle
1566,CA-2015-132101,2015-03-25,Standard Class,JO-15550,98105,453.58,39.69,TEC-PH-10004539,Seattle
9643,CA-2014-104563,2014-03-12,Standard Class,CM-12715,98103,436.70,21.84,FUR-CH-10002780,Seattle
6939,CA-2016-125094,2016-11-09,Standard Class,NP-18700,98105,479.72,52.77,TEC-AC-10004420,Seattle
9644,CA-2014-104563,2014-03-12,Standard Class,CM-12715,98103,481.57,54.18,FUR-CH-10004495,Seattle
4717,CA-2017-143126,2017-12-07,Second Class,CM-12655,98115,521.96,88.73,FUR-TA-10002958,Seattle
570,CA-2017-156951,2017-10-08,Standard Class,EB-13840,98105,451.15,0.00,FUR-CH-10004997,Seattle
2731,CA-2017-104801,2017-02-19,Standard Class,FH-14350,98105,799.96,343.98,TEC-AC-10001838,Seattle
7463,CA-2015-138485,2015-02-28,Second Class,NP-18670,98105,538.92,80.84,TEC-AC-10002076,Seattle
5612,CA-2017-121027,2017-08-22,Standard Class,HW-14935,98105,843.90,371.32,TEC-AC-10002049,Seattle
1186,CA-2014-127131,2014-11-30,Standard Class,HR-14830,98103,485.88,9.72,OFF-ST-10002344,Seattle
7565,US-2016-166660,2016-01-31,Second Class,TB-21250,98103,435.17,-59.84,FUR-CH-10001190,Seattle
2750,US-2014-141257,2014-06-14,Standard Class,CS-11950,98115,585.55,73.19,FUR-CH-10002758,Seattle
4645,CA-2015-147501,2015-08-06,Standard Class,Co-12640,98105,558.40,41.88,TEC-MA-10001972,Seattle
461,CA-2015-109638,2015-12-22,Standard Class,JH-15985,98115,899.91,377.96,TEC-AC-10004571,Seattle
8170,CA-2017-107174,2017-11-13,Standard Class,AB-10060,98105,449.57,-73.05,FUR-CH-10003312,Seattle
2810,CA-2015-148635,2015-07-27,Second Class,MH-18025,98115,561.57,28.08,FUR-CH-10001854,Seattle
8872,CA-2017-101805,2017-12-06,Standard Class,SH-19975,98105,541.24,5.41,OFF-ST-10002756,Seattle
8041,CA-2017-121489,2017-08-25,Second Class,CM-11815,98115,572.58,34.35,OFF-ST-10000025,Seattle
5036,CA-2014-169803,2014-04-12,Standard Class,SC-20260,98115,653.55,111.10,FUR-TA-10000688,Seattle
8366,CA-2017-157273,2017-02-02,First Class,SZ-20035,98105,604.77,60.48,TEC-PH-10002275,Seattle
3116,CA-2016-150350,2016-08-30,Standard Class,MS-17770,98105,532.70,-39.95,FUR-CH-10001973,Seattle
2120,CA-2017-155460,2017-04-15,First Class,RW-19630,98105,895.92,302.37,OFF-BI-10003091,Seattle
1931,US-2017-101539,2017-03-18,Second Class,VM-21685,98105,659.98,49.50,TEC-PH-10004165,Seattle
118,CA-2015-110457,2015-03-06,Standard Class,DK-13090,98103,787.53,165.38,FUR-TA-10001768,Seattle
9638,CA-2014-124702,2014-11-25,Standard Class,MH-17785,98105,730.20,94.93,FUR-TA-10003008,Seattle
2281,CA-2017-142622,2017-11-02,First Class,JK-15625,98115,614.27,-23.04,FUR-CH-10004289,Seattle
6631,CA-2016-105081,2016-12-30,Standard Class,JE-15715,98115,698.35,52.38,FUR-CH-10000847,Seattle
2809,CA-2015-148635,2015-07-27,Second Class,MH-18025,98115,704.90,56.39,FUR-BO-10002213,Seattle
9731,CA-2014-111962,2014-10-04,Standard Class,EB-14170,98115,807.75,153.47,OFF-ST-10000046,Seattle
6211,CA-2017-119809,2017-08-25,Standard Class,YS-21880,98103,1000.02,290.01,OFF-ST-10003306,Seattle
4270,US-2017-124821,2017-06-29,Second Class,AM-10705,98115,871.40,148.14,FUR-TA-10000688,Seattle
3113,CA-2016-150350,2016-08-30,Standard Class,MS-17770,98105,837.60,62.82,TEC-MA-10001972,Seattle
9060,CA-2016-132304,2016-06-18,Standard Class,AR-10825,98103,1115.17,334.55,FUR-TA-10004619,Seattle
2290,CA-2017-115154,2017-01-11,First Class,RS-19420,98115,892.98,80.37,FUR-TA-10001950,Seattle
4116,CA-2016-163573,2016-11-27,First Class,AC-10450,98105,1219.96,381.24,OFF-BI-10004632,Seattle
3146,CA-2017-131828,2017-02-13,Second Class,CS-11845,98105,963.14,108.35,FUR-CH-10004495,Seattle
6908,CA-2016-140249,2016-10-03,Standard Class,SW-20455,98103,1001.58,125.20,TEC-PH-10002584,Seattle
2484,CA-2017-126067,2017-09-03,Standard Class,KN-16705,98105,1137.75,250.31,FUR-TA-10000617,Seattle
1644,CA-2015-111829,2015-03-20,First Class,FH-14365,98115,1247.64,349.34,OFF-ST-10000142,Seattle
6579,CA-2014-103660,2014-08-30,Standard Class,MW-18220,98103,1007.94,75.60,TEC-PH-10000895,Seattle
3571,CA-2017-168109,2017-07-03,Same Day,JK-15640,98105,1687.80,742.63,TEC-AC-10002049,Seattle
2482,CA-2017-147956,2017-12-31,Standard Class,AH-10210,98105,1003.62,0.00,OFF-ST-10001097,Seattle
6235,US-2017-142188,2017-09-11,Same Day,JF-15415,98105,1471.96,459.99,OFF-BI-10004600,Seattle
3392,CA-2014-166471,2014-08-13,Standard Class,MG-17650,98103,1091.17,68.20,TEC-PH-10001530,Seattle
8735,CA-2017-116988,2017-06-29,Second Class,PW-19030,98105,1287.45,244.62,TEC-AC-10003832,Seattle
4897,CA-2016-135776,2016-12-30,Standard Class,EH-13765,98103,1117.92,55.90,OFF-ST-10003470,Seattle
5162,CA-2014-111192,2014-08-05,Standard Class,TS-21430,98103,1367.84,259.89,FUR-BO-10002916,Seattle
6632,CA-2016-105081,2016-12-30,Standard Class,JE-15715,98115,1747.25,629.01,FUR-TA-10001307,Seattle
1014,US-2015-126214,2015-12-24,Second Class,JS-15880,98103,1618.37,356.04,FUR-TA-10003748,Seattle
9616,CA-2014-128524,2014-11-13,First Class,MZ-17515,98115,2033.58,762.59,OFF-BI-10003527,Seattle
5613,CA-2017-121027,2017-08-22,Standard Class,HW-14935,98105,1496.16,224.42,TEC-AC-10002253,Seattle
3629,CA-2014-169726,2014-08-13,Standard Class,JH-15985,98103,2060.74,643.98,OFF-BI-10004600,Seattle
6882,CA-2015-137113,2015-12-05,Second Class,TW-21025,98105,1913.40,401.81,FUR-TA-10001705,Seattle
1645,CA-2015-111829,2015-03-20,First Class,FH-14365,98115,3149.93,1480.47,TEC-CO-10001766,Seattle
8169,CA-2017-107174,2017-11-13,Standard Class,AB-10060,98105,2036.86,366.63,FUR-TA-10004575,Seattle
6210,CA-2017-119809,2017-08-25,Standard Class,YS-21880,98103,2793.53,942.82,OFF-BI-10003925,Seattle
6880,CA-2015-137113,2015-12-05,Second Class,TW-21025,98105,2003.92,125.25,FUR-CH-10001215,Seattle
5627,CA-2014-126683,2014-09-30,Second Class,PP-18955,98115,2348.82,399.30,FUR-TA-10002958,Seattle
3570,CA-2017-168109,2017-07-03,Same Day,JK-15640,98105,2395.20,209.58,TEC-MA-10001148,Seattle
6818,CA-2014-144414,2014-06-21,Standard Class,GH-14425,98105,3266.38,1061.57,OFF-BI-10004995,Seattle
4866,CA-2017-122490,2017-11-18,Standard Class,TT-21070,98103,2404.70,150.29,FUR-CH-10001215,Seattle
9858,CA-2015-164301,2015-03-30,Standard Class,EB-13840,98103,3393.68,610.86,FUR-TA-10001889,Seattle
8154,CA-2017-140151,2017-03-25,First Class,RB-19360,98115,13999.96,6719.98,TEC-CO-10004722,Seattle
9005,CA-2015-102855,2015-04-06,Same Day,JF-15415,99207,23.84,6.44,OFF-AR-10002467,Spokane
1874,CA-2017-142888,2017-11-25,Standard Class,BP-11230,99207,70.98,20.58,FUR-TA-10004767,Spokane
6407,CA-2017-154074,2017-09-02,Second Class,BW-11110,99207,149.73,43.42,OFF-ST-10002370,Spokane
9451,CA-2017-145506,2017-06-07,Standard Class,MO-17800,99207,136.26,5.45,OFF-ST-10004963,Spokane
9004,CA-2015-102855,2015-04-06,Same Day,JF-15415,99207,239.94,26.39,TEC-AC-10001767,Spokane
6406,CA-2017-154074,2017-09-02,Second Class,BW-11110,99207,569.57,7.12,FUR-CH-10002331,Spokane
4751,CA-2016-127649,2016-10-09,First Class,DL-13495,99207,837.60,62.82,TEC-MA-10001972,Spokane
1494,CA-2017-139661,2017-11-03,Standard Class,JW-15220,98661,9.64,3.66,FUR-FU-10002885,Vancouver
649,CA-2016-160745,2016-12-16,Second Class,AR-10825,98661,14.80,6.07,FUR-FU-10001935,Vancouver
1001,CA-2016-155488,2016-11-17,Standard Class,FM-14290,98661,44.02,11.45,OFF-AR-10002956,Vancouver
650,CA-2016-160745,2016-12-16,Second Class,AR-10825,98661,302.38,22.68,TEC-PH-10003273,Vancouver
651,CA-2016-160745,2016-12-16,Second Class,AR-10825,98661,316.00,31.60,TEC-AC-10001142,Vancouver
5870,CA-2016-152247,2016-11-12,Standard Class,MA-17995,82001,1603.14,100.20,FUR-CH-10001215,Cheyenne
