Ship_Mode,Ship_Date,Order_ID
Standard Class,2023-01-07,US-2023-103800
Standard Class,2023-01-08,US-2023-112326
Standard Class,2023-01-08,US-2023-112326
Standard Class,2023-01-08,US-2023-112326
Standard Class,2023-01-12,US-2023-141817
Standard Class,2023-01-10,US-2023-167199
Standard Class,2023-01-10,US-2023-167199
First Class,2023-01-07,US-2023-106054
Standard Class,2023-01-10,US-2023-167199
Standard Class,2023-01-10,US-2023-167199
Standard Class,2023-01-10,US-2023-167199
Second Class,2023-01-08,US-2023-130813
Standard Class,2023-01-10,US-2023-167199
Standard Class,2023-01-10,US-2023-167199
Standard Class,2023-01-12,US-2023-105417
Standard Class,2023-01-12,US-2023-105417
Standard Class,2023-01-13,US-2023-135405
Standard Class,2023-01-13,US-2023-135405
Standard Class,2023-01-15,US-2023-149020
Standard Class,2023-01-15,US-2023-149020
First Class,2023-01-14,US-2023-130092
Standard Class,2023-01-18,US-2023-157147
Second Class,2023-01-16,US-2023-109232
Standard Class,2023-01-18,US-2023-157147
Standard Class,2023-01-18,US-2023-118192
Second Class,2023-01-15,US-2023-162775
Second Class,2023-01-15,US-2023-162775
Second Class,2023-01-15,US-2023-162775
Standard Class,2023-01-18,US-2023-118192
Second Class,2023-01-15,US-2023-162775
Standard Class,2023-01-18,US-2023-157147
Second Class,2023-01-15,US-2023-162775
First Class,2023-01-15,US-2023-149524
First Class,2023-01-17,US-2023-103366
Second Class,2023-01-18,US-2023-115791
Second Class,2023-01-18,US-2023-115791
Second Class,2023-01-18,US-2023-115791
Second Class,2023-01-18,US-2023-115791
Second Class,2023-01-21,US-2023-123477
First Class,2023-01-20,US-2023-146591
First Class,2023-01-20,US-2023-146591
First Class,2023-01-20,US-2023-146591
First Class,2023-01-20,US-2023-146591
Standard Class,2023-01-26,US-2023-147627
Standard Class,2023-01-26,US-2023-167927
Standard Class,2023-01-26,US-2023-167927
Standard Class,2023-01-26,US-2023-147627
Standard Class,2023-01-25,US-2023-148614
Standard Class,2023-01-26,US-2023-167927
Standard Class,2023-01-26,US-2023-147627
Standard Class,2023-01-26,US-2023-147627
Standard Class,2023-01-26,US-2023-167927
Standard Class,2023-01-26,US-2023-167927
Standard Class,2023-01-26,US-2023-147774
Standard Class,2023-01-26,US-2023-167927
Standard Class,2023-01-26,US-2023-147627
Standard Class,2023-01-25,US-2023-148614
Standard Class,2023-01-26,US-2023-167927
Standard Class,2023-01-26,US-2023-167927
Standard Class,2023-01-26,US-2023-147627
Second Class,2023-01-23,US-2023-110422
Standard Class,2023-01-24,CA-2023-115238
Standard Class,2023-01-24,CA-2023-115238
Standard Class,2023-01-24,CA-2023-115238
Standard Class,2023-01-24,CA-2023-115238
Standard Class,2023-01-24,CA-2023-115238
Standard Class,2023-01-27,US-2023-146997
Standard Class,2023-01-28,US-2023-102645
First Class,2023-01-29,US-2023-167997
Standard Class,2023-01-31,US-2023-155502
Standard Class,2023-01-31,US-2023-155502
First Class,2023-01-29,US-2023-167997
Standard Class,2023-01-31,US-2023-155502
Standard Class,2023-01-31,US-2023-155502
Standard Class,2023-01-31,US-2023-155502
Standard Class,2023-01-31,US-2023-155502
Standard Class,2023-01-31,US-2023-155502
Standard Class,2023-02-02,US-2023-117163
Standard Class,2023-02-02,US-2023-117163
Standard Class,2023-02-02,US-2023-117163
Standard Class,2023-02-03,US-2023-100328
Standard Class,2023-02-04,US-2023-134103
Standard Class,2023-02-04,US-2023-134103
First Class,2023-02-02,US-2023-115161
First Class,2023-02-03,US-2023-140795
Standard Class,2023-02-09,US-2023-123400
Standard Class,2023-02-06,US-2023-139857
Standard Class,2023-02-09,US-2023-123400
Second Class,2023-02-06,US-2023-111059
Second Class,2023-02-06,US-2023-111059
Second Class,2023-02-08,US-2023-104808
Standard Class,2023-02-08,US-2023-107181
Standard Class,2023-02-08,US-2023-107181
Second Class,2023-02-10,US-2023-108182
First Class,2023-02-09,US-2023-131905
First Class,2023-02-09,US-2023-131905
First Class,2023-02-09,US-2023-131905
Second Class,2023-02-10,US-2023-169390
Standard Class,2023-02-12,US-2023-107755
First Class,2023-02-09,US-2023-125759
Second Class,2023-02-15,US-2023-168368
Second Class,2023-02-15,US-2023-168368
Standard Class,2023-02-15,US-2023-127614
Standard Class,2023-02-15,US-2023-127614
Second Class,2023-02-15,US-2023-168368
Second Class,2023-02-15,US-2023-168368
Second Class,2023-02-15,US-2023-168368
Second Class,2023-02-15,US-2023-168368
Standard Class,2023-02-15,US-2023-127614
Standard Class,2023-02-18,US-2023-110674
Standard Class,2023-02-18,US-2023-121762
Second Class,2023-02-19,US-2023-107706
Standard Class,2023-02-18,US-2023-121762
Standard Class,2023-02-18,US-2023-121762
Standard Class,2023-02-19,US-2023-165568
Standard Class,2023-02-21,US-2023-122567
Standard Class,2023-02-21,US-2023-122567
Standard Class,2023-02-24,US-2023-154165
Same Day,2023-02-18,US-2023-165589
Standard Class,2023-02-24,US-2023-152905
Standard Class,2023-02-26,US-2023-109491
Standard Class,2023-02-24,US-2023-164903
Standard Class,2023-02-26,US-2023-109491
Standard Class,2023-02-25,US-2023-165540
First Class,2023-02-24,US-2023-133354
Standard Class,2023-02-27,US-2023-103744
Standard Class,2023-02-27,US-2023-103744
Standard Class,2023-03-02,US-2023-137680
Standard Class,2023-03-02,US-2023-137680
First Class,2023-03-03,US-2023-156545
Standard Class,2023-03-05,US-2023-113880
Standard Class,2023-03-05,US-2023-131009
Second Class,2023-03-06,US-2023-104269
Standard Class,2023-03-05,US-2023-131009
Standard Class,2023-03-07,US-2023-168312
Standard Class,2023-03-05,US-2023-131009
Standard Class,2023-03-05,US-2023-113880
Standard Class,2023-03-05,US-2023-131009
Standard Class,2023-03-07,US-2023-168312
Standard Class,2023-03-05,US-2023-143707
Standard Class,2023-03-08,US-2023-107524
Standard Class,2023-03-06,US-2023-111157
Standard Class,2023-03-08,US-2023-107524
Standard Class,2023-03-06,US-2023-111157
Standard Class,2023-03-08,US-2023-127978
Standard Class,2023-03-07,US-2023-105648
Standard Class,2023-03-07,US-2023-130421
Second Class,2023-03-07,US-2023-155852
Standard Class,2023-03-08,US-2023-127964
Standard Class,2023-03-08,US-2023-127964
Standard Class,2023-03-08,US-2023-127978
Standard Class,2023-03-08,US-2023-127978
Standard Class,2023-03-08,US-2023-127964
Standard Class,2023-03-09,US-2023-117016
Same Day,2023-03-04,US-2023-116239
Second Class,2023-03-08,US-2023-169061
Second Class,2023-03-08,US-2023-169061
Second Class,2023-03-08,US-2023-169061
Second Class,2023-03-08,US-2023-169061
Second Class,2023-03-08,US-2023-169061
Standard Class,2023-03-12,US-2023-104563
First Class,2023-03-08,US-2023-156587
Standard Class,2023-03-12,US-2023-104563
Standard Class,2023-03-12,US-2023-104563
First Class,2023-03-08,US-2023-156587
Second Class,2023-03-11,US-2023-131982
Standard Class,2023-03-12,US-2023-104563
First Class,2023-03-08,US-2023-156587
Standard Class,2023-03-17,US-2023-140116
Standard Class,2023-03-14,US-2023-100279
Standard Class,2023-03-17,US-2023-140116
Second Class,2023-03-16,US-2023-166884
Second Class,2023-03-13,US-2023-114790
Standard Class,2023-03-15,US-2023-103338
Second Class,2023-03-16,US-2023-166884
Second Class,2023-03-13,US-2023-114790
Second Class,2023-03-14,US-2023-158337
Second Class,2023-03-13,US-2023-114790
Second Class,2023-03-13,US-2023-114790
Second Class,2023-03-18,CA-2023-139675
Second Class,2023-03-18,CA-2023-139675
Standard Class,2023-03-19,US-2023-125521
Standard Class,2023-03-18,US-2023-157623
Standard Class,2023-03-19,US-2023-114510
Standard Class,2023-03-19,US-2023-114510
Standard Class,2023-03-18,US-2023-100293
Standard Class,2023-03-18,US-2023-157623
First Class,2023-03-17,US-2023-152618
Standard Class,2023-03-19,US-2023-114510
Standard Class,2023-03-19,US-2023-114510
Standard Class,2023-03-19,US-2023-114510
First Class,2023-03-17,US-2023-152618
Standard Class,2023-03-19,US-2023-149958
Standard Class,2023-03-19,US-2023-149958
Standard Class,2023-03-19,US-2023-149958
Standard Class,2023-03-19,US-2023-149958
Standard Class,2023-03-19,US-2023-149958
Second Class,2023-03-21,US-2023-157609
Standard Class,2023-03-21,US-2023-148838
Standard Class,2023-03-21,US-2023-148838
Standard Class,2023-03-21,US-2023-148838
Standard Class,2023-03-24,US-2023-118339
Standard Class,2023-03-21,US-2023-164763
Same Day,2023-03-17,US-2023-158442
Standard Class,2023-03-24,US-2023-118339
Standard Class,2023-03-24,US-2023-118339
Standard Class,2023-03-21,US-2023-164763
Standard Class,2023-03-21,US-2023-164763
Standard Class,2023-03-24,US-2023-118339
Standard Class,2023-03-24,US-2023-118339
Standard Class,2023-03-21,US-2023-148838
Same Day,2023-03-17,US-2023-158442
Same Day,2023-03-17,US-2023-158442
Standard Class,2023-03-21,US-2023-148838
Standard Class,2023-03-21,US-2023-164763
Standard Class,2023-03-21,US-2023-164763
Second Class,2023-03-20,US-2023-127859
Second Class,2023-03-21,US-2023-111871
Standard Class,2023-03-23,US-2023-145317
Standard Class,2023-03-23,US-2023-145317
Standard Class,2023-03-24,US-2023-131275
Standard Class,2023-03-23,US-2023-145317
Standard Class,2023-03-23,US-2023-145317
Standard Class,2023-03-23,US-2023-145317
Standard Class,2023-03-24,US-2023-131275
Standard Class,2023-03-24,US-2023-131275
Standard Class,2023-03-23,US-2023-145317
Standard Class,2023-03-23,US-2023-145317
First Class,2023-03-21,US-2023-103989
First Class,2023-03-21,US-2023-103989
First Class,2023-03-21,US-2023-103989
First Class,2023-03-21,US-2023-103989
First Class,2023-03-21,US-2023-103989
First Class,2023-03-21,US-2023-103989
First Class,2023-03-21,US-2023-103989
Standard Class,2023-03-25,US-2023-155544
Standard Class,2023-03-25,US-2023-155544
Standard Class,2023-03-25,US-2023-163223
Standard Class,2023-03-25,US-2023-140004
Standard Class,2023-03-25,US-2023-140004
Standard Class,2023-03-25,US-2023-163223
Standard Class,2023-03-25,US-2023-163223
Standard Class,2023-03-25,US-2023-155544
Standard Class,2023-03-25,US-2023-163223
Standard Class,2023-03-25,US-2023-107405
Standard Class,2023-03-25,US-2023-163223
Standard Class,2023-03-26,US-2023-148040
Same Day,2023-03-22,US-2023-129609
Standard Class,2023-03-26,US-2023-158057
Standard Class,2023-03-26,US-2023-158057
Standard Class,2023-03-26,US-2023-148040
First Class,2023-03-26,US-2023-164749
Second Class,2023-03-26,US-2023-120838
Second Class,2023-03-26,US-2023-120838
Second Class,2023-03-29,US-2023-143637
Standard Class,2023-03-28,US-2023-147235
Standard Class,2023-04-01,US-2023-148586
Standard Class,2023-03-30,US-2023-128237
Standard Class,2023-03-30,US-2023-128237
Standard Class,2023-03-30,US-2023-128237
Standard Class,2023-03-30,US-2023-128237
Second Class,2023-03-31,US-2023-141838
Second Class,2023-03-31,US-2023-141838
Second Class,2023-03-30,US-2023-100860
Standard Class,2023-03-30,US-2023-138436
Second Class,2023-03-31,US-2023-141838
Standard Class,2023-04-03,US-2023-117380
Standard Class,2023-04-02,US-2023-137869
Standard Class,2023-04-02,US-2023-137869
Standard Class,2023-04-01,US-2023-100881
Standard Class,2023-04-02,US-2023-137274
Standard Class,2023-04-04,US-2023-131247
First Class,2023-04-01,US-2023-162089
First Class,2023-03-31,US-2023-105151
Standard Class,2023-04-03,US-2023-169033
First Class,2023-04-01,US-2023-162089
Standard Class,2023-04-04,US-2023-133424
Standard Class,2023-04-05,US-2023-113124
Standard Class,2023-04-04,US-2023-133424
First Class,2023-04-01,US-2023-162089
Same Day,2023-03-31,US-2023-130428
Standard Class,2023-04-05,US-2023-128055
Same Day,2023-03-31,US-2023-130428
Standard Class,2023-04-04,US-2023-101770
Same Day,2023-03-31,US-2023-130428
Standard Class,2023-04-04,US-2023-104759
Same Day,2023-03-31,US-2023-112403
Standard Class,2023-04-05,US-2023-128055
Standard Class,2023-04-04,US-2023-104759
Second Class,2023-04-06,US-2023-157021
Standard Class,2023-04-06,US-2023-138359
Second Class,2023-04-06,US-2023-157021
Standard Class,2023-04-06,US-2023-138359
Standard Class,2023-04-08,US-2023-160276
Standard Class,2023-04-08,US-2023-164315
Second Class,2023-04-06,US-2023-157847
Second Class,2023-04-06,US-2023-157847
Standard Class,2023-04-08,US-2023-164315
Standard Class,2023-04-08,US-2023-164315
Standard Class,2023-04-08,US-2023-112291
Standard Class,2023-04-08,US-2023-112291
Standard Class,2023-04-08,US-2023-112291
Standard Class,2023-04-09,US-2023-133228
Standard Class,2023-04-09,US-2023-133228
First Class,2023-04-05,US-2023-128685
Standard Class,2023-04-09,US-2023-105172
Standard Class,2023-04-08,US-2023-149538
Standard Class,2023-04-08,US-2023-149538
Standard Class,2023-04-08,US-2023-149538
Standard Class,2023-04-08,US-2023-149538
Second Class,2023-04-09,US-2023-102988
Second Class,2023-04-07,US-2023-149104
Second Class,2023-04-07,US-2023-149104
Second Class,2023-04-09,US-2023-102988
Standard Class,2023-04-09,US-2023-157231
Second Class,2023-04-07,US-2023-149104
Second Class,2023-04-09,US-2023-102988
First Class,2023-04-07,US-2023-113887
Second Class,2023-04-07,US-2023-149104
First Class,2023-04-07,US-2023-151001
First Class,2023-04-07,US-2023-151001
Second Class,2023-04-09,US-2023-102988
Second Class,2023-04-09,US-2023-102988
Standard Class,2023-04-12,US-2023-102652
Standard Class,2023-04-12,US-2023-102652
Standard Class,2023-04-12,US-2023-169803
First Class,2023-04-08,US-2023-118486
Second Class,2023-04-10,US-2023-153808
Second Class,2023-04-10,US-2023-153808
Standard Class,2023-04-10,US-2023-136742
Standard Class,2023-04-12,US-2023-102652
Standard Class,2023-04-12,US-2023-102652
First Class,2023-04-08,US-2023-118486
Standard Class,2023-04-12,US-2023-169803
Second Class,2023-04-10,US-2023-153808
First Class,2023-04-08,US-2023-118486
First Class,2023-04-10,US-2023-124023
Standard Class,2023-04-12,US-2023-128846
Same Day,2023-04-07,US-2023-165806
Standard Class,2023-04-12,US-2023-128846
Same Day,2023-04-07,US-2023-165806
Standard Class,2023-04-12,US-2023-118997
Standard Class,2023-04-12,US-2023-150581
Standard Class,2023-04-12,US-2023-121769
Standard Class,2023-04-15,US-2023-100363
Standard Class,2023-04-13,US-2023-163797
Standard Class,2023-04-15,US-2023-100363
Standard Class,2023-04-12,US-2023-150581
Standard Class,2023-04-16,US-2023-121734
Second Class,2023-04-13,US-2023-102715
Second Class,2023-04-13,US-2023-102715
Standard Class,2023-04-18,US-2023-110555
Second Class,2023-04-13,US-2023-102715
Second Class,2023-04-13,US-2023-102715
Standard Class,2023-04-18,US-2023-110555
Standard Class,2023-04-18,US-2023-110555
Second Class,2023-04-16,US-2023-138940
Standard Class,2023-04-17,US-2023-154599
Standard Class,2023-04-18,US-2023-142979
Standard Class,2023-04-17,US-2023-154599
Standard Class,2023-04-17,US-2023-158365
Standard Class,2023-04-17,US-2023-154599
Standard Class,2023-04-17,US-2023-154599
Second Class,2023-04-17,US-2023-122336
Second Class,2023-04-17,US-2023-122336
Second Class,2023-04-17,US-2023-122336
Standard Class,2023-04-18,US-2023-167724
Second Class,2023-04-17,US-2023-122336
Same Day,2023-04-15,US-2023-120740
Same Day,2023-04-15,US-2023-120740
Standard Class,2023-04-20,US-2023-155208
Standard Class,2023-04-22,US-2023-100678
Standard Class,2023-04-23,US-2023-110849
Standard Class,2023-04-22,US-2023-100678
Standard Class,2023-04-23,US-2023-110849
Standard Class,2023-04-22,US-2023-100678
Standard Class,2023-04-23,US-2023-110849
Standard Class,2023-04-22,US-2023-100678
Standard Class,2023-04-23,US-2023-110849
Second Class,2023-04-21,US-2023-169460
Second Class,2023-04-23,US-2023-158470
Second Class,2023-04-23,US-2023-158470
Standard Class,2023-04-25,US-2023-101462
Second Class,2023-04-22,US-2023-134572
Second Class,2023-04-22,US-2023-134572
Second Class,2023-04-22,US-2023-134572
Standard Class,2023-04-25,US-2023-158064
Standard Class,2023-04-26,US-2023-136336
Second Class,2023-04-24,US-2023-122070
Second Class,2023-04-24,US-2023-122070
Standard Class,2023-04-27,US-2023-150119
Standard Class,2023-04-27,US-2023-150119
Standard Class,2023-04-27,US-2023-150119
Standard Class,2023-04-27,US-2023-150119
First Class,2023-04-24,US-2023-112564
Second Class,2023-04-26,US-2023-111857
Standard Class,2023-04-30,US-2023-166954
Standard Class,2023-04-30,US-2023-166954
Standard Class,2023-04-30,US-2023-166954
Standard Class,2023-04-29,US-2023-157406
Standard Class,2023-04-29,US-2023-157406
Standard Class,2023-04-29,US-2023-110100
Standard Class,2023-05-03,US-2023-147298
Standard Class,2023-04-30,US-2023-116785
Standard Class,2023-05-03,US-2023-147298
Standard Class,2023-04-30,US-2023-116785
Standard Class,2023-05-03,US-2023-118976
Standard Class,2023-05-03,US-2023-118976
Standard Class,2023-05-03,US-2023-118976
Standard Class,2023-05-03,US-2023-140228
Standard Class,2023-05-03,US-2023-118976
Standard Class,2023-05-03,US-2023-140228
Standard Class,2023-05-03,US-2023-140228
Standard Class,2023-05-03,US-2023-132983
First Class,2023-04-30,US-2023-131387
Standard Class,2023-05-03,US-2023-107811
Second Class,2023-05-01,US-2023-142727
Standard Class,2023-05-04,US-2023-134061
Second Class,2023-05-01,US-2023-142727
Standard Class,2023-05-03,US-2023-107811
Standard Class,2023-05-04,US-2023-118304
First Class,2023-05-02,US-2023-160094
First Class,2023-05-02,US-2023-160094
Second Class,2023-05-02,US-2023-156006
Same Day,2023-05-02,US-2023-115056
Second Class,2023-05-04,US-2023-124618
Standard Class,2023-05-10,US-2023-135755
Standard Class,2023-05-10,US-2023-135755
First Class,2023-05-05,US-2023-130274
Same Day,2023-05-04,US-2023-155271
First Class,2023-05-07,US-2023-148194
First Class,2023-05-07,US-2023-148194
First Class,2023-05-05,US-2023-111899
Standard Class,2023-05-08,US-2023-117709
First Class,2023-05-05,US-2023-111899
First Class,2023-05-08,US-2023-110219
Second Class,2023-05-09,US-2023-166457
First Class,2023-05-07,US-2023-111934
First Class,2023-05-07,US-2023-111934
Second Class,2023-05-09,US-2023-166457
Second Class,2023-05-09,US-2023-166457
Standard Class,2023-05-10,US-2023-160738
Standard Class,2023-05-11,US-2023-154879
Standard Class,2023-05-10,US-2023-121664
Standard Class,2023-05-11,US-2023-154879
Standard Class,2023-05-12,US-2023-166086
Standard Class,2023-05-12,US-2023-166086
Standard Class,2023-05-12,US-2023-166086
Standard Class,2023-05-12,US-2023-166086
Standard Class,2023-05-12,CA-2023-166086
Standard Class,2023-05-12,CA-2023-166086
Standard Class,2023-05-12,CA-2023-166086
Standard Class,2023-05-12,CA-2023-166086
First Class,2023-05-10,US-2023-116666
Same Day,2023-05-09,US-2023-158771
Same Day,2023-05-09,US-2023-158771
Same Day,2023-05-09,US-2023-158771
Same Day,2023-05-09,US-2023-158771
Standard Class,2023-05-15,US-2023-102071
Standard Class,2023-05-15,US-2023-102071
Second Class,2023-05-14,US-2023-114181
Standard Class,2023-05-15,US-2023-103310
Second Class,2023-05-14,US-2023-114181
Standard Class,2023-05-15,US-2023-159709
Standard Class,2023-05-15,US-2023-103310
Standard Class,2023-05-15,US-2023-103310
Standard Class,2023-05-15,US-2023-103310
Standard Class,2023-05-15,US-2023-159709
Standard Class,2023-05-16,US-2023-152100
Standard Class,2023-05-16,US-2023-103849
Standard Class,2023-05-18,US-2023-127523
Standard Class,2023-05-15,US-2023-119172
Standard Class,2023-05-15,US-2023-119172
Standard Class,2023-05-17,US-2023-139017
Standard Class,2023-05-16,US-2023-103849
Standard Class,2023-05-16,US-2023-103849
First Class,2023-05-15,US-2023-127159
Standard Class,2023-05-17,US-2023-155887
Standard Class,2023-05-19,US-2023-113768
First Class,2023-05-15,US-2023-140165
First Class,2023-05-15,US-2023-140165
Standard Class,2023-05-19,US-2023-113768
Second Class,2023-05-15,US-2023-167164
Standard Class,2023-05-17,US-2023-114433
Standard Class,2023-05-20,US-2023-106810
Standard Class,2023-05-23,US-2023-125150
Standard Class,2023-05-20,US-2023-163146
Standard Class,2023-05-21,US-2023-148761
Second Class,2023-05-20,US-2023-164224
Second Class,2023-05-20,US-2023-164224
Second Class,2023-05-22,US-2023-133963
Standard Class,2023-05-24,US-2023-103373
Standard Class,2023-05-23,US-2023-107699
First Class,2023-05-22,US-2023-130155
Second Class,2023-05-22,US-2023-114188
Second Class,2023-05-22,US-2023-130673
Second Class,2023-05-22,US-2023-114188
Second Class,2023-05-22,US-2023-114188
Second Class,2023-05-22,US-2023-130673
Second Class,2023-05-22,US-2023-130673
Second Class,2023-05-22,US-2023-130673
Standard Class,2023-05-24,CA-2023-166695
Standard Class,2023-05-24,CA-2023-166695
Standard Class,2023-05-24,CA-2023-166695
Second Class,2023-05-23,US-2023-127166
Standard Class,2023-05-26,US-2023-152443
Standard Class,2023-05-25,US-2023-104780
Second Class,2023-05-23,US-2023-127166
Standard Class,2023-05-26,US-2023-152443
Standard Class,2023-05-25,US-2023-117639
Second Class,2023-05-23,US-2023-127166
Second Class,2023-05-23,US-2023-127166
Standard Class,2023-05-26,US-2023-152443
Standard Class,2023-05-25,US-2023-117639
Standard Class,2023-05-26,CA-2023-152443
Standard Class,2023-05-26,CA-2023-152443
Standard Class,2023-05-26,CA-2023-152443
Standard Class,2023-05-29,US-2023-143840
Standard Class,2023-05-29,US-2023-143840
Standard Class,2023-05-27,US-2023-135881
Standard Class,2023-05-27,US-2023-105767
Standard Class,2023-05-27,US-2023-135881
Standard Class,2023-05-27,US-2023-105767
Standard Class,2023-05-27,US-2023-138513
Standard Class,2023-05-27,US-2023-135881
Standard Class,2023-05-27,US-2023-105767
Standard Class,2023-05-30,US-2023-143413
Standard Class,2023-05-29,US-2023-130379
Standard Class,2023-05-29,US-2023-130379
Standard Class,2023-05-29,US-2023-100391
Standard Class,2023-05-30,US-2023-156349
Standard Class,2023-05-30,US-2023-158029
Standard Class,2023-05-31,US-2023-144029
Standard Class,2023-05-31,US-2023-144029
First Class,2023-05-29,US-2023-129574
Standard Class,2023-05-31,US-2023-144029
Standard Class,2023-05-30,US-2023-156349
Standard Class,2023-05-30,US-2023-156349
Same Day,2023-05-27,US-2023-124429
First Class,2023-05-30,US-2023-117058
Same Day,2023-05-27,US-2023-124429
Second Class,2023-06-01,US-2023-139192
Second Class,2023-06-01,US-2023-139192
Standard Class,2023-06-01,US-2023-108861
Standard Class,2023-06-02,US-2023-135993
Standard Class,2023-06-02,US-2023-135993
Standard Class,2023-06-05,US-2023-145800
First Class,2023-06-01,US-2023-103429
Standard Class,2023-06-06,US-2023-105872
First Class,2023-06-01,US-2023-103429
Standard Class,2023-06-05,US-2023-146885
First Class,2023-06-01,US-2023-103429
Standard Class,2023-06-03,US-2023-140473
First Class,2023-06-01,US-2023-103429
Standard Class,2023-06-05,US-2023-166051
Standard Class,2023-06-05,US-2023-166051
Second Class,2023-06-06,US-2023-131926
Standard Class,2023-06-06,US-2023-165659
Second Class,2023-06-06,US-2023-131926
Standard Class,2023-06-06,US-2023-157070
Standard Class,2023-06-06,US-2023-111003
Standard Class,2023-06-06,US-2023-111003
Standard Class,2023-06-06,US-2023-157070
Second Class,2023-06-06,US-2023-131926
Second Class,2023-06-06,US-2023-131926
Second Class,2023-06-06,US-2023-131926
Standard Class,2023-06-06,US-2023-165659
Standard Class,2023-06-07,US-2023-104472
Standard Class,2023-06-06,US-2023-100895
Standard Class,2023-06-07,US-2023-104472
Standard Class,2023-06-06,US-2023-100895
Standard Class,2023-06-06,US-2023-100895
First Class,2023-06-06,US-2023-163867
Second Class,2023-06-07,US-2023-135657
Second Class,2023-06-07,US-2023-141299
First Class,2023-06-06,US-2023-163867
First Class,2023-06-06,US-2023-163867
Standard Class,2023-06-09,US-2023-151946
Standard Class,2023-06-09,US-2023-151946
Standard Class,2023-06-09,US-2023-151946
Standard Class,2023-06-09,US-2023-151946
Standard Class,2023-06-09,US-2023-147914
Standard Class,2023-06-11,US-2023-159520
First Class,2023-06-09,US-2023-133270
Standard Class,2023-06-12,US-2023-169257
Standard Class,2023-06-12,US-2023-161305
Standard Class,2023-06-11,US-2023-159520
Standard Class,2023-06-12,US-2023-161305
Standard Class,2023-06-10,US-2023-151897
Standard Class,2023-06-12,US-2023-169257
Standard Class,2023-06-11,US-2023-159520
Second Class,2023-06-11,US-2023-106229
Second Class,2023-06-10,US-2023-134971
Standard Class,2023-06-12,US-2023-109162
Standard Class,2023-06-14,US-2023-141257
Standard Class,2023-06-13,US-2023-108147
Standard Class,2023-06-13,US-2023-108147
Standard Class,2023-06-14,US-2023-115812
Second Class,2023-06-13,US-2023-160262
Standard Class,2023-06-14,US-2023-115812
Second Class,2023-06-11,US-2023-132612
Standard Class,2023-06-14,US-2023-115812
Second Class,2023-06-13,US-2023-133753
Second Class,2023-06-13,US-2023-160262
Standard Class,2023-06-14,US-2023-115812
Standard Class,2023-06-16,US-2023-133851
Standard Class,2023-06-14,US-2023-115812
Second Class,2023-06-13,US-2023-160262
Standard Class,2023-06-16,US-2023-133851
Second Class,2023-06-13,US-2023-133753
Second Class,2023-06-13,US-2023-133753
Standard Class,2023-06-14,US-2023-115812
Standard Class,2023-06-14,US-2023-115812
Second Class,2023-06-15,US-2023-144281
Standard Class,2023-06-17,US-2023-114643
Standard Class,2023-06-20,US-2023-140487
Standard Class,2023-06-21,US-2023-141215
Standard Class,2023-06-21,US-2023-141215
Standard Class,2023-06-21,US-2023-141215
Same Day,2023-06-15,US-2023-126963
Standard Class,2023-06-22,US-2023-136644
Standard Class,2023-06-21,US-2023-113929
Standard Class,2023-06-21,US-2023-113929
Standard Class,2023-06-21,US-2023-113929
Standard Class,2023-06-21,US-2023-144414
Standard Class,2023-06-21,US-2023-144414
Standard Class,2023-06-21,US-2023-144414
Second Class,2023-06-20,US-2023-156342
Standard Class,2023-06-23,US-2023-104402
Standard Class,2023-06-23,US-2023-123855
Second Class,2023-06-20,CA-2023-184712
Standard Class,2023-06-24,US-2023-166863
Standard Class,2023-06-27,US-2023-112949
Standard Class,2023-06-27,US-2023-112949
Standard Class,2023-06-24,US-2023-166863
Standard Class,2023-06-24,US-2023-166863
Standard Class,2023-06-24,US-2023-166863
Standard Class,2023-06-24,US-2023-166863
Standard Class,2023-06-24,US-2023-166863
Standard Class,2023-06-24,US-2023-166863
Standard Class,2023-06-25,US-2023-138317
Second Class,2023-06-23,US-2023-117135
First Class,2023-06-24,US-2023-130624
Standard Class,2023-06-25,US-2023-138317
Standard Class,2023-06-25,US-2023-128146
First Class,2023-06-24,US-2023-141278
Standard Class,2023-06-25,US-2023-138317
Same Day,2023-06-21,US-2023-160780
Same Day,2023-06-21,US-2023-160780
Standard Class,2023-06-25,US-2023-138317
First Class,2023-06-24,US-2023-130624
Second Class,2023-06-23,US-2023-117135
Standard Class,2023-06-25,US-2023-138317
Standard Class,2023-06-25,US-2023-138317
Same Day,2023-06-21,US-2023-141796
Second Class,2023-06-23,US-2023-117135
First Class,2023-06-24,US-2023-130624
Standard Class,2023-06-25,US-2023-128146
Standard Class,2023-06-27,US-2023-154963
Standard Class,2023-06-27,US-2023-154963
Same Day,2023-06-22,US-2023-133389
First Class,2023-06-24,US-2023-124646
First Class,2023-06-24,US-2023-124646
First Class,2023-06-25,US-2023-142048
Standard Class,2023-06-27,US-2023-154963
First Class,2023-06-26,US-2023-130358
First Class,2023-06-26,US-2023-130358
Standard Class,2023-06-28,US-2023-126032
Standard Class,2023-06-28,US-2023-159814
First Class,2023-06-28,US-2023-159338
Second Class,2023-06-27,US-2023-164469
Second Class,2023-06-27,US-2023-164469
Second Class,2023-06-27,US-2023-164469
Standard Class,2023-07-01,US-2023-104283
Standard Class,2023-07-01,US-2023-104283
Standard Class,2023-07-01,US-2023-104283
Standard Class,2023-07-02,US-2023-140858
Standard Class,2023-07-02,US-2023-140858
Standard Class,2023-07-02,US-2023-140858
Standard Class,2023-07-04,US-2023-156993
Standard Class,2023-07-02,US-2023-140858
Standard Class,2023-07-02,US-2023-140858
Standard Class,2023-07-06,US-2023-165974
Standard Class,2023-07-03,US-2023-111773
Standard Class,2023-07-06,US-2023-121566
Second Class,2023-07-03,US-2023-109218
First Class,2023-07-02,US-2023-123064
Standard Class,2023-07-05,US-2023-146640
Standard Class,2023-07-06,US-2023-121566
Standard Class,2023-07-04,US-2023-116757
Same Day,2023-06-30,US-2023-152254
Standard Class,2023-07-04,US-2023-116757
Standard Class,2023-07-05,US-2023-160773
Second Class,2023-07-06,US-2023-153150
Standard Class,2023-07-05,US-2023-160773
Standard Class,2023-07-06,US-2023-107594
Standard Class,2023-07-06,US-2023-107594
First Class,2023-07-07,US-2023-120096
Standard Class,2023-07-09,US-2023-138709
First Class,2023-07-07,US-2023-120096
Standard Class,2023-07-09,US-2023-138709
First Class,2023-07-08,US-2023-103317
First Class,2023-07-08,US-2023-103317
Standard Class,2023-07-12,US-2023-152849
Standard Class,2023-07-11,US-2023-107139
First Class,2023-07-08,US-2023-103317
First Class,2023-07-08,US-2023-157784
First Class,2023-07-08,US-2023-157784
Same Day,2023-07-05,US-2023-160444
Same Day,2023-07-05,US-2023-160444
First Class,2023-07-08,US-2023-157784
Standard Class,2023-07-12,US-2023-147543
First Class,2023-07-08,US-2023-134278
Standard Class,2023-07-11,US-2023-138758
Standard Class,2023-07-11,US-2023-138758
First Class,2023-07-10,US-2023-150301
Standard Class,2023-07-12,US-2023-100090
Standard Class,2023-07-12,US-2023-100090
Standard Class,2023-07-14,US-2023-113271
Standard Class,2023-07-14,US-2023-113271
Standard Class,2023-07-14,US-2023-113271
Standard Class,2023-07-13,US-2023-114125
Standard Class,2023-07-13,US-2023-114125
Standard Class,2023-07-15,US-2023-165379
Standard Class,2023-07-14,US-2023-113271
Standard Class,2023-07-15,US-2023-165379
Standard Class,2023-07-13,US-2023-114125
Standard Class,2023-07-15,US-2023-163552
Standard Class,2023-07-15,US-2023-163552
Standard Class,2023-07-15,US-2023-133305
Standard Class,2023-07-15,US-2023-163552
Standard Class,2023-07-15,US-2023-163552
First Class,2023-07-14,US-2023-123225
Standard Class,2023-07-15,US-2023-133305
First Class,2023-07-14,US-2023-123225
Standard Class,2023-07-15,US-2023-163552
First Class,2023-07-14,US-2023-166555
Standard Class,2023-07-18,US-2023-131310
Standard Class,2023-07-16,US-2023-161508
Standard Class,2023-07-17,US-2023-129924
Standard Class,2023-07-16,US-2023-161508
Standard Class,2023-07-18,US-2023-131310
Standard Class,2023-07-17,US-2023-129924
Standard Class,2023-07-16,US-2023-161508
Second Class,2023-07-15,US-2023-124807
Standard Class,2023-07-16,US-2023-161508
Standard Class,2023-07-16,US-2023-110184
Second Class,2023-07-15,US-2023-124807
Standard Class,2023-07-16,US-2023-110184
Standard Class,2023-07-17,US-2023-165862
Standard Class,2023-07-18,US-2023-164182
Standard Class,2023-07-20,US-2023-124464
Standard Class,2023-07-18,US-2023-164182
Second Class,2023-07-17,US-2023-109904
Standard Class,2023-07-20,US-2023-103905
Standard Class,2023-07-21,US-2023-150532
Standard Class,2023-07-20,US-2023-103905
Standard Class,2023-07-18,US-2023-164182
Standard Class,2023-07-18,US-2023-164182
Standard Class,2023-07-19,US-2023-115980
Standard Class,2023-07-19,US-2023-115980
Same Day,2023-07-18,US-2023-123295
Standard Class,2023-07-23,US-2023-138198
Standard Class,2023-07-24,US-2023-150434
Standard Class,2023-07-24,US-2023-168158
Standard Class,2023-07-24,US-2023-150434
Standard Class,2023-07-24,US-2023-150434
Standard Class,2023-07-24,US-2023-150434
Standard Class,2023-07-24,US-2023-143903
First Class,2023-07-22,US-2023-141726
Standard Class,2023-07-24,US-2023-143903
First Class,2023-07-23,US-2023-127866
Same Day,2023-07-20,US-2023-142965
First Class,2023-07-22,US-2023-141726
First Class,2023-07-22,US-2023-157546
First Class,2023-07-22,US-2023-141726
First Class,2023-07-22,US-2023-141726
First Class,2023-07-23,US-2023-127866
First Class,2023-07-22,US-2023-157546
First Class,2023-07-23,US-2023-127866
Same Day,2023-07-20,US-2023-142965
Standard Class,2023-07-24,US-2023-143903
First Class,2023-07-23,US-2023-127866
Standard Class,2023-07-25,US-2023-116932
Standard Class,2023-07-25,US-2023-129189
Standard Class,2023-07-25,US-2023-116932
Standard Class,2023-07-25,US-2023-129189
Standard Class,2023-07-25,US-2023-116932
Standard Class,2023-07-25,US-2023-129189
Standard Class,2023-07-25,US-2023-129189
Standard Class,2023-07-27,US-2023-109890
Second Class,2023-07-24,US-2023-117464
Second Class,2023-07-24,US-2023-117464
Standard Class,2023-07-27,US-2023-127691
Second Class,2023-07-24,US-2023-117464
Standard Class,2023-07-28,US-2023-122679
Second Class,2023-07-24,US-2023-117464
Second Class,2023-07-24,US-2023-164644
Standard Class,2023-07-27,US-2023-127691
Standard Class,2023-07-27,US-2023-119137
Standard Class,2023-07-27,US-2023-119137
Standard Class,2023-07-27,US-2023-145254
First Class,2023-07-24,US-2023-103058
Standard Class,2023-07-27,US-2023-119137
Standard Class,2023-07-27,US-2023-145254
Standard Class,2023-07-27,US-2023-119137
Standard Class,2023-07-27,US-2023-145254
Standard Class,2023-07-27,US-2023-145254
Second Class,2023-07-27,US-2023-143917
Second Class,2023-07-27,US-2023-146528
Second Class,2023-07-27,US-2023-143917
Second Class,2023-07-27,US-2023-143917
Second Class,2023-07-27,US-2023-146528
Standard Class,2023-08-01,US-2023-116190
Standard Class,2023-08-02,US-2023-126760
Standard Class,2023-08-01,US-2023-116190
Standard Class,2023-08-02,US-2023-126760
Standard Class,2023-07-30,US-2023-169019
Standard Class,2023-07-30,US-2023-169019
Standard Class,2023-07-30,US-2023-169019
Standard Class,2023-07-30,US-2023-169019
Standard Class,2023-07-30,US-2023-169019
Standard Class,2023-08-01,US-2023-116190
Second Class,2023-07-30,US-2023-155894
Standard Class,2023-08-01,US-2023-159121
Standard Class,2023-07-30,US-2023-169019
Standard Class,2023-08-02,US-2023-126760
Standard Class,2023-08-02,US-2023-126760
Standard Class,2023-08-02,US-2023-150126
Second Class,2023-07-30,US-2023-169642
Second Class,2023-07-29,US-2023-124709
Same Day,2023-07-28,US-2023-131541
Same Day,2023-07-28,US-2023-131541
Same Day,2023-07-28,US-2023-131541
Standard Class,2023-08-05,US-2023-111192
Standard Class,2023-08-05,US-2023-117345
Standard Class,2023-08-05,US-2023-117345
First Class,2023-08-03,US-2023-152296
Standard Class,2023-08-06,US-2023-162684
Standard Class,2023-08-05,US-2023-117345
Standard Class,2023-08-05,US-2023-117345
Standard Class,2023-08-08,US-2023-106299
Standard Class,2023-08-08,US-2023-106299
Standard Class,2023-08-08,US-2023-106299
First Class,2023-08-05,US-2023-133690
First Class,2023-08-05,US-2023-133690
Standard Class,2023-08-08,US-2023-125612
Second Class,2023-08-05,US-2023-128986
Standard Class,2023-08-08,US-2023-125612
Standard Class,2023-08-08,US-2023-125612
Standard Class,2023-08-08,US-2023-134215
Second Class,2023-08-09,US-2023-126361
Second Class,2023-08-09,US-2023-126361
Second Class,2023-08-09,US-2023-126361
Second Class,2023-08-09,US-2023-126361
Standard Class,2023-08-08,US-2023-134215
Second Class,2023-08-09,US-2023-126361
Standard Class,2023-08-08,US-2023-134215
Second Class,2023-08-09,US-2023-126361
Second Class,2023-08-07,US-2023-117968
Standard Class,2023-08-09,US-2023-118962
Standard Class,2023-08-12,US-2023-124723
Second Class,2023-08-07,US-2023-117968
Second Class,2023-08-07,US-2023-117968
Standard Class,2023-08-11,US-2023-110065
Standard Class,2023-08-11,US-2023-150490
Standard Class,2023-08-09,US-2023-118962
Standard Class,2023-08-09,US-2023-118962
Standard Class,2023-08-11,US-2023-150490
Standard Class,2023-08-11,US-2023-150490
Standard Class,2023-08-11,US-2023-110065
Second Class,2023-08-11,US-2023-115357
Standard Class,2023-08-11,US-2023-137575
Second Class,2023-08-10,US-2023-156790
Standard Class,2023-08-14,US-2023-151708
Standard Class,2023-08-15,US-2023-131450
Standard Class,2023-08-12,US-2023-124478
Standard Class,2023-08-12,US-2023-124478
Standard Class,2023-08-15,US-2023-131450
Standard Class,2023-08-12,US-2023-124478
Second Class,2023-08-11,US-2023-154669
Standard Class,2023-08-14,US-2023-151708
Standard Class,2023-08-12,US-2023-124478
Standard Class,2023-08-15,US-2023-131450
Standard Class,2023-08-12,US-2023-124478
Standard Class,2023-08-15,US-2023-131450
Second Class,2023-08-10,CA-2023-129322
Second Class,2023-08-10,CA-2023-129322
Second Class,2023-08-10,CA-2023-129322
Standard Class,2023-08-13,US-2023-161249
Standard Class,2023-08-13,US-2023-169726
Standard Class,2023-08-13,US-2023-161249
Standard Class,2023-08-16,US-2023-110527
Standard Class,2023-08-14,US-2023-141901
Standard Class,2023-08-16,US-2023-167850
Standard Class,2023-08-13,US-2023-166471
Standard Class,2023-08-13,US-2023-166471
Standard Class,2023-08-16,US-2023-167850
Standard Class,2023-08-15,US-2023-127012
Standard Class,2023-08-15,US-2023-127012
Standard Class,2023-08-15,US-2023-127012
Standard Class,2023-08-16,US-2023-154641
Standard Class,2023-08-16,US-2023-109897
Standard Class,2023-08-16,US-2023-156244
Standard Class,2023-08-16,US-2023-156244
First Class,2023-08-13,US-2023-153927
Standard Class,2023-08-16,US-2023-109302
Standard Class,2023-08-16,US-2023-156244
Standard Class,2023-08-16,US-2023-156244
Standard Class,2023-08-16,US-2023-156244
First Class,2023-08-13,US-2023-153927
Standard Class,2023-08-16,US-2023-156244
Standard Class,2023-08-16,US-2023-109897
Standard Class,2023-08-19,US-2023-164406
Standard Class,2023-08-19,US-2023-164406
First Class,2023-08-17,US-2023-109043
First Class,2023-08-18,US-2023-141005
Standard Class,2023-08-19,US-2023-164406
First Class,2023-08-18,US-2023-138023
Standard Class,2023-08-19,US-2023-164406
Standard Class,2023-08-19,US-2023-164406
First Class,2023-08-17,US-2023-109043
Standard Class,2023-08-20,US-2023-142839
Standard Class,2023-08-21,US-2023-111500
Standard Class,2023-08-21,US-2023-111500
Standard Class,2023-08-21,US-2023-111500
Standard Class,2023-08-23,US-2023-129168
Standard Class,2023-08-21,US-2023-111500
Standard Class,2023-08-26,US-2023-156559
Second Class,2023-08-21,US-2023-133158
Standard Class,2023-08-24,US-2023-121727
Second Class,2023-08-21,US-2023-133158
Second Class,2023-08-21,US-2023-164616
Standard Class,2023-08-23,US-2023-143581
Second Class,2023-08-21,US-2023-164616
Standard Class,2023-08-23,CA-2023-132339
Standard Class,2023-08-24,CA-2023-115777
Standard Class,2023-08-25,US-2023-114321
Second Class,2023-08-25,US-2023-166716
Standard Class,2023-08-25,US-2023-114321
Standard Class,2023-08-25,US-2023-114321
Second Class,2023-08-25,US-2023-123253
First Class,2023-08-25,US-2023-166828
Second Class,2023-08-24,US-2023-130918
Standard Class,2023-08-27,US-2023-124737
Second Class,2023-08-27,US-2023-154837
Standard Class,2023-08-27,US-2023-124737
Standard Class,2023-08-27,US-2023-124737
Standard Class,2023-08-27,US-2023-124737
Second Class,2023-08-28,US-2023-112795
Same Day,2023-08-23,US-2023-110639
Same Day,2023-08-23,US-2023-110639
Standard Class,2023-08-27,US-2023-124737
Standard Class,2023-08-27,US-2023-124737
First Class,2023-08-26,US-2023-107916
First Class,2023-08-26,US-2023-107916
Same Day,2023-08-24,US-2023-106719
Second Class,2023-08-26,US-2023-120432
Standard Class,2023-08-29,US-2023-104178
Standard Class,2023-08-30,US-2023-107398
Standard Class,2023-08-30,US-2023-107398
Standard Class,2023-08-29,US-2023-126200
Standard Class,2023-08-29,US-2023-126200
Standard Class,2023-08-30,US-2023-107398
Second Class,2023-08-27,US-2023-115259
Second Class,2023-08-27,US-2023-115259
Second Class,2023-08-27,US-2023-115259
Second Class,2023-08-27,US-2023-115259
Standard Class,2023-08-29,US-2023-104178
Standard Class,2023-08-29,US-2023-104178
Standard Class,2023-08-29,US-2023-104178
Standard Class,2023-08-30,US-2023-103660
Standard Class,2023-09-01,US-2023-103331
Standard Class,2023-09-01,US-2023-115413
Standard Class,2023-09-01,US-2023-103331
Standard Class,2023-09-01,US-2023-103331
Standard Class,2023-08-30,US-2023-123260
Standard Class,2023-09-01,US-2023-115413
First Class,2023-08-29,US-2023-124688
First Class,2023-08-29,US-2023-124688
Second Class,2023-09-01,US-2023-143336
Second Class,2023-09-01,US-2023-143336
Second Class,2023-08-30,US-2023-101266
First Class,2023-08-29,US-2023-124688
Second Class,2023-09-01,US-2023-143336
Second Class,2023-09-02,US-2023-169775
Second Class,2023-09-02,US-2023-169775
Second Class,2023-09-02,US-2023-169775
Same Day,2023-08-29,US-2023-135699
Same Day,2023-08-29,US-2023-135699
Standard Class,2023-09-04,US-2023-146500
Standard Class,2023-09-04,US-2023-146500
Standard Class,2023-09-05,US-2023-143385
Second Class,2023-09-05,US-2023-126522
First Class,2023-09-04,US-2023-165428
Standard Class,2023-09-05,US-2023-109855
First Class,2023-09-04,US-2023-165428
Standard Class,2023-09-05,US-2023-109855
First Class,2023-09-05,US-2023-157721
First Class,2023-09-05,US-2023-157721
First Class,2023-09-03,US-2023-138828
First Class,2023-09-04,US-2023-127936
Standard Class,2023-09-07,US-2023-152268
First Class,2023-09-03,US-2023-138828
Standard Class,2023-09-08,US-2023-106971
Second Class,2023-09-07,US-2023-151792
Standard Class,2023-09-07,US-2023-158281
First Class,2023-09-04,US-2023-120236
Same Day,2023-09-03,US-2023-125171
First Class,2023-09-07,US-2023-136861
Standard Class,2023-09-10,US-2023-106572
First Class,2023-09-09,US-2023-130449
First Class,2023-09-09,US-2023-130449
Standard Class,2023-09-13,US-2023-117765
Standard Class,2023-09-13,US-2023-122882
Second Class,2023-09-12,US-2023-131002
Second Class,2023-09-12,US-2023-131002
Standard Class,2023-09-13,US-2023-117765
First Class,2023-09-10,US-2023-105165
First Class,2023-09-10,US-2023-105165
First Class,2023-09-10,US-2023-105165
Standard Class,2023-09-13,US-2023-117765
Second Class,2023-09-12,US-2023-131002
Standard Class,2023-09-14,US-2023-126193
Second Class,2023-09-12,US-2023-109918
Standard Class,2023-09-14,US-2023-126193
Standard Class,2023-09-14,US-2023-126193
Second Class,2023-09-12,US-2023-109918
Second Class,2023-09-12,US-2023-131002
Standard Class,2023-09-13,US-2023-122882
Standard Class,2023-09-13,US-2023-117765
Second Class,2023-09-12,US-2023-109918
First Class,2023-09-10,US-2023-105165
Standard Class,2023-09-13,US-2023-122882
Second Class,2023-09-12,US-2023-131002
First Class,2023-09-10,US-2023-105165
Standard Class,2023-09-13,US-2023-100006
Standard Class,2023-09-13,US-2023-122882
Standard Class,2023-09-14,US-2023-107818
Standard Class,2023-09-12,US-2023-139892
Standard Class,2023-09-15,US-2023-146283
Standard Class,2023-09-13,US-2023-146815
Standard Class,2023-09-12,US-2023-123127
Standard Class,2023-09-12,US-2023-139892
Standard Class,2023-09-14,US-2023-168592
Standard Class,2023-09-14,US-2023-107818
Standard Class,2023-09-12,US-2023-139892
Standard Class,2023-09-14,US-2023-107818
Standard Class,2023-09-13,US-2023-146815
Standard Class,2023-09-12,US-2023-139892
Standard Class,2023-09-13,US-2023-140032
Second Class,2023-09-13,US-2023-115987
Standard Class,2023-09-13,US-2023-128839
Standard Class,2023-09-14,US-2023-168592
Standard Class,2023-09-15,US-2023-146283
Standard Class,2023-09-15,US-2023-146283
Standard Class,2023-09-14,US-2023-107818
Standard Class,2023-09-12,US-2023-139892
Standard Class,2023-09-14,US-2023-168592
First Class,2023-09-11,US-2023-163293
Standard Class,2023-09-12,US-2023-132500
First Class,2023-09-11,US-2023-163293
Standard Class,2023-09-13,US-2023-128839
Standard Class,2023-09-12,US-2023-139892
Standard Class,2023-09-12,US-2023-139892
Second Class,2023-09-12,US-2023-126403
Second Class,2023-09-14,US-2023-102869
First Class,2023-09-11,US-2023-131870
First Class,2023-09-11,US-2023-131870
Standard Class,2023-09-15,US-2023-144407
Second Class,2023-09-14,US-2023-102869
Second Class,2023-09-12,US-2023-126403
Second Class,2023-09-14,US-2023-103527
Second Class,2023-09-12,US-2023-126403
Second Class,2023-09-12,US-2023-126403
Second Class,2023-09-14,US-2023-102869
Standard Class,2023-09-13,US-2023-115196
Second Class,2023-09-14,US-2023-102869
Standard Class,2023-09-16,US-2023-125731
First Class,2023-09-13,US-2023-113383
First Class,2023-09-13,US-2023-113383
Standard Class,2023-09-14,US-2023-138835
Standard Class,2023-09-16,US-2023-125731
First Class,2023-09-13,CA-2023-126438
Standard Class,2023-09-16,US-2023-112837
Second Class,2023-09-17,US-2023-116246
Standard Class,2023-09-19,US-2023-119081
Standard Class,2023-09-17,US-2023-138527
Standard Class,2023-09-17,US-2023-103702
Second Class,2023-09-16,US-2023-150924
Standard Class,2023-09-19,US-2023-119081
Standard Class,2023-09-17,US-2023-138527
Standard Class,2023-09-19,US-2023-119081
Standard Class,2023-09-19,US-2023-119081
Standard Class,2023-09-17,US-2023-138527
First Class,2023-09-13,US-2023-101476
Standard Class,2023-09-17,US-2023-113859
Same Day,2023-09-13,US-2023-142769
Same Day,2023-09-13,US-2023-142769
Standard Class,2023-09-19,US-2023-145212
Standard Class,2023-09-17,US-2023-156216
Second Class,2023-09-18,US-2023-126277
Same Day,2023-09-13,US-2023-142769
Same Day,2023-09-13,US-2023-142769
First Class,2023-09-16,US-2023-132962
Standard Class,2023-09-17,US-2023-140039
Same Day,2023-09-13,US-2023-142769
Same Day,2023-09-13,US-2023-142769
Same Day,2023-09-13,US-2023-142769
Same Day,2023-09-13,US-2023-142769
First Class,2023-09-16,US-2023-132962
Second Class,2023-09-18,US-2023-127635
Standard Class,2023-09-19,US-2023-159184
Second Class,2023-09-18,US-2023-145576
Same Day,2023-09-14,US-2023-160766
Standard Class,2023-09-19,US-2023-100853
Same Day,2023-09-14,US-2023-160766
Second Class,2023-09-18,US-2023-145576
Second Class,2023-09-18,US-2023-127635
Standard Class,2023-09-19,US-2023-159184
Same Day,2023-09-14,US-2023-160766
Standard Class,2023-09-19,US-2023-113362
Second Class,2023-09-18,US-2023-127635
Standard Class,2023-09-19,US-2023-100853
Same Day,2023-09-14,US-2023-160766
Second Class,2023-09-18,US-2023-127635
Standard Class,2023-09-19,US-2023-113362
Same Day,2023-09-14,US-2023-160766
Same Day,2023-09-14,US-2023-160766
Same Day,2023-09-14,US-2023-160766
Standard Class,2023-09-19,US-2023-149594
Standard Class,2023-09-20,US-2023-138100
Standard Class,2023-09-20,US-2023-138100
First Class,2023-09-19,US-2023-141152
Standard Class,2023-09-21,US-2023-103940
Standard Class,2023-09-22,US-2023-131947
Standard Class,2023-09-22,US-2023-131947
Standard Class,2023-09-21,US-2023-103940
Standard Class,2023-09-21,US-2023-158638
Standard Class,2023-09-21,US-2023-112851
Standard Class,2023-09-22,US-2023-131947
Standard Class,2023-09-24,US-2023-117170
Standard Class,2023-09-22,US-2023-131947
Standard Class,2023-09-21,US-2023-103940
Standard Class,2023-09-21,US-2023-103940
Standard Class,2023-09-24,US-2023-117170
Standard Class,2023-09-22,US-2023-131947
Standard Class,2023-09-22,US-2023-131947
Same Day,2023-09-19,US-2023-168130
Standard Class,2023-09-24,US-2023-138177
Same Day,2023-09-19,US-2023-159849
Standard Class,2023-09-24,US-2023-156601
Standard Class,2023-09-23,US-2023-132787
Standard Class,2023-09-24,US-2023-127299
Second Class,2023-09-21,US-2023-106992
Standard Class,2023-09-24,US-2023-127299
Second Class,2023-09-21,US-2023-106992
Standard Class,2023-09-24,US-2023-166744
First Class,2023-09-23,US-2023-125997
First Class,2023-09-23,US-2023-120411
First Class,2023-09-23,US-2023-125997
Standard Class,2023-09-24,US-2023-166744
Standard Class,2023-09-25,US-2023-134614
Standard Class,2023-09-26,US-2023-133704
First Class,2023-09-23,US-2023-125997
Standard Class,2023-09-25,US-2023-151953
Standard Class,2023-09-26,US-2023-133704
Standard Class,2023-09-26,US-2023-156433
First Class,2023-09-23,US-2023-125997
Standard Class,2023-09-26,US-2023-156433
Standard Class,2023-09-24,US-2023-126480
Standard Class,2023-09-24,US-2023-166744
First Class,2023-09-23,US-2023-120411
First Class,2023-09-23,US-2023-125997
First Class,2023-09-23,US-2023-125997
First Class,2023-09-22,CA-2023-153738
First Class,2023-09-23,US-2023-166310
First Class,2023-09-22,US-2023-125514
First Class,2023-09-22,US-2023-125514
Standard Class,2023-09-25,US-2023-153969
Standard Class,2023-09-25,US-2023-124513
First Class,2023-09-24,US-2023-117478
Standard Class,2023-09-25,US-2023-153969
Standard Class,2023-09-25,US-2023-153969
First Class,2023-09-24,US-2023-168823
First Class,2023-09-22,US-2023-125514
Standard Class,2023-09-25,US-2023-153969
Standard Class,2023-09-25,US-2023-153969
First Class,2023-09-24,US-2023-168823
Second Class,2023-09-23,US-2023-135972
Standard Class,2023-09-25,US-2023-153969
Second Class,2023-09-23,US-2023-135972
Standard Class,2023-09-29,US-2023-156160
Standard Class,2023-09-29,US-2023-156160
Standard Class,2023-09-29,US-2023-156160
Standard Class,2023-09-29,US-2023-156160
Second Class,2023-09-24,US-2023-127488
Standard Class,2023-09-28,US-2023-158225
Standard Class,2023-09-28,US-2023-158225
Standard Class,2023-09-27,US-2023-103191
Standard Class,2023-09-28,US-2023-134733
First Class,2023-09-25,US-2023-163650
Standard Class,2023-09-28,US-2023-116904
Standard Class,2023-09-28,US-2023-116904
Second Class,2023-09-28,US-2023-163559
Standard Class,2023-09-30,US-2023-113964
Standard Class,2023-09-27,US-2023-148369
First Class,2023-09-25,US-2023-163650
Standard Class,2023-09-28,US-2023-147900
Standard Class,2023-09-28,US-2023-116904
Standard Class,2023-09-28,US-2023-116904
Standard Class,2023-09-28,US-2023-134733
Standard Class,2023-09-29,US-2023-123344
Same Day,2023-09-24,CA-2023-160325
Same Day,2023-09-24,CA-2023-160325
Standard Class,2023-09-30,US-2023-112914
Standard Class,2023-09-30,US-2023-141355
Standard Class,2023-09-30,US-2023-112914
Standard Class,2023-09-30,US-2023-112914
Standard Class,2023-09-30,US-2023-112914
First Class,2023-09-27,US-2023-132451
Second Class,2023-10-01,US-2023-151925
Standard Class,2023-09-30,US-2023-144974
Standard Class,2023-09-30,US-2023-144974
Standard Class,2023-09-30,US-2023-115133
Second Class,2023-10-01,US-2023-164385
Standard Class,2023-09-30,US-2023-144974
Same Day,2023-09-26,US-2023-152723
Standard Class,2023-09-30,US-2023-115133
First Class,2023-09-27,US-2023-132451
Standard Class,2023-09-30,US-2023-127586
Standard Class,2023-09-30,US-2023-115133
Standard Class,2023-10-01,US-2023-115049
Standard Class,2023-10-01,US-2023-133130
Standard Class,2023-10-03,US-2023-120887
Standard Class,2023-10-01,US-2023-133130
Standard Class,2023-10-03,US-2023-114335
Standard Class,2023-10-03,US-2023-125136
Standard Class,2023-10-03,US-2023-125136
Standard Class,2023-10-03,US-2023-107153
Standard Class,2023-10-03,CA-2023-107153
Second Class,2023-10-03,US-2023-124856
Second Class,2023-10-01,US-2023-126683
Standard Class,2023-10-03,US-2023-146969
Second Class,2023-10-01,US-2023-126683
Standard Class,2023-10-03,US-2023-122931
Standard Class,2023-10-03,US-2023-122931
Standard Class,2023-10-03,US-2023-122931
Standard Class,2023-10-04,US-2023-111962
Standard Class,2023-10-03,US-2023-146969
Second Class,2023-10-03,US-2023-124856
Standard Class,2023-10-03,US-2023-122931
Standard Class,2023-10-03,US-2023-122931
Second Class,2023-10-03,US-2023-124856
Standard Class,2023-10-03,US-2023-146969
Standard Class,2023-10-04,US-2023-111962
Second Class,2023-10-03,US-2023-124856
Standard Class,2023-10-03,US-2023-146969
Standard Class,2023-10-03,US-2023-122931
Standard Class,2023-10-03,US-2023-146969
Standard Class,2023-10-06,US-2023-159478
Standard Class,2023-10-04,US-2023-140886
Same Day,2023-09-30,US-2023-141649
Standard Class,2023-10-04,US-2023-137351
Standard Class,2023-10-04,US-2023-102008
Standard Class,2023-10-05,US-2023-167633
Standard Class,2023-10-05,US-2023-132745
First Class,2023-10-05,US-2023-108189
First Class,2023-10-05,US-2023-108189
First Class,2023-10-05,US-2023-108189
First Class,2023-10-05,US-2023-108189
First Class,2023-10-05,US-2023-108189
First Class,2023-10-05,US-2023-108189
First Class,2023-10-05,US-2023-108189
Second Class,2023-10-08,US-2023-157882
Second Class,2023-10-08,US-2023-153976
Standard Class,2023-10-07,US-2023-120775
Second Class,2023-10-08,US-2023-157882
Standard Class,2023-10-09,US-2023-155817
Same Day,2023-10-03,US-2023-108903
Standard Class,2023-10-07,US-2023-120775
Same Day,2023-10-03,US-2023-108903
Standard Class,2023-10-07,US-2023-120775
Standard Class,2023-10-07,US-2023-120775
Standard Class,2023-10-07,US-2023-120775
Standard Class,2023-10-09,US-2023-155817
Same Day,2023-10-03,US-2023-108903
First Class,2023-10-06,US-2023-166891
Standard Class,2023-10-08,US-2023-153479
Standard Class,2023-10-09,US-2023-102085
Standard Class,2023-10-08,US-2023-153479
Second Class,2023-10-10,US-2023-152422
First Class,2023-10-06,US-2023-152233
Standard Class,2023-10-10,CA-2023-131807
Standard Class,2023-10-10,CA-2023-131807
Standard Class,2023-10-10,CA-2023-131807
Standard Class,2023-10-10,CA-2023-131807
Standard Class,2023-10-10,CA-2023-131807
Standard Class,2023-10-10,CA-2023-131807
Second Class,2023-10-08,US-2023-132542
Standard Class,2023-10-13,US-2023-110611
First Class,2023-10-09,US-2023-109680
Standard Class,2023-10-10,US-2023-134677
Standard Class,2023-10-13,US-2023-117429
Standard Class,2023-10-12,US-2023-132801
Second Class,2023-10-13,US-2023-119977
Same Day,2023-10-08,US-2023-142951
Standard Class,2023-10-14,US-2023-138240
Standard Class,2023-10-15,US-2023-137911
Standard Class,2023-10-14,US-2023-138240
Same Day,2023-10-10,US-2023-140403
Standard Class,2023-10-14,US-2023-150329
Same Day,2023-10-10,US-2023-134054
Same Day,2023-10-10,US-2023-105137
Standard Class,2023-10-15,US-2023-103492
Standard Class,2023-10-15,US-2023-103492
Same Day,2023-10-10,US-2023-140403
Same Day,2023-10-10,US-2023-105137
Standard Class,2023-10-15,US-2023-103492
Standard Class,2023-10-15,US-2023-103492
First Class,2023-10-13,US-2023-157924
Standard Class,2023-10-16,US-2023-116834
Standard Class,2023-10-15,US-2023-114314
Standard Class,2023-10-15,US-2023-128538
Standard Class,2023-10-15,US-2023-126571
Standard Class,2023-10-15,US-2023-114314
First Class,2023-10-13,US-2023-157924
Standard Class,2023-10-15,US-2023-126571
Standard Class,2023-10-16,US-2023-116834
Standard Class,2023-10-16,US-2023-139451
Standard Class,2023-10-16,US-2023-139451
Standard Class,2023-10-17,US-2023-154655
Second Class,2023-10-18,US-2023-164742
First Class,2023-10-15,US-2023-151995
First Class,2023-10-15,US-2023-151995
First Class,2023-10-15,US-2023-151995
First Class,2023-10-15,US-2023-132010
Standard Class,2023-10-17,US-2023-123316
Second Class,2023-10-18,US-2023-164742
First Class,2023-10-15,US-2023-132010
First Class,2023-10-15,US-2023-132010
First Class,2023-10-15,US-2023-151995
First Class,2023-10-15,US-2023-132010
First Class,2023-10-17,US-2023-151330
Standard Class,2023-10-18,US-2023-163748
Standard Class,2023-10-20,US-2023-151015
Second Class,2023-10-16,US-2023-146353
Standard Class,2023-10-20,US-2023-151015
Standard Class,2023-10-20,US-2023-151015
First Class,2023-10-17,US-2023-151330
Second Class,2023-10-16,US-2023-146353
First Class,2023-10-17,US-2023-151330
Standard Class,2023-10-18,US-2023-163748
First Class,2023-10-17,US-2023-122021
Standard Class,2023-10-20,US-2023-143182
First Class,2023-10-17,US-2023-122021
Same Day,2023-10-17,US-2023-109456
Same Day,2023-10-17,US-2023-109456
Second Class,2023-10-19,US-2023-103086
Second Class,2023-10-22,US-2023-124394
Second Class,2023-10-22,US-2023-124394
Second Class,2023-10-20,US-2023-110408
Standard Class,2023-10-22,US-2023-115084
Second Class,2023-10-23,US-2023-143168
Standard Class,2023-10-22,US-2023-138450
Second Class,2023-10-23,US-2023-143168
Standard Class,2023-10-22,US-2023-138450
Second Class,2023-10-20,US-2023-110408
Standard Class,2023-10-22,US-2023-138450
Second Class,2023-10-20,US-2023-110408
Second Class,2023-10-22,US-2023-155264
Second Class,2023-10-22,US-2023-155264
Second Class,2023-10-22,US-2023-155264
Second Class,2023-10-22,US-2023-155264
Same Day,2023-10-19,US-2023-117317
Second Class,2023-10-22,US-2023-155264
Standard Class,2023-10-24,US-2023-100867
Standard Class,2023-10-23,CA-2023-125388
Standard Class,2023-10-23,CA-2023-125388
Standard Class,2023-10-24,CA-2023-100867
First Class,2023-10-23,US-2023-169684
Second Class,2023-10-22,US-2023-137092
Second Class,2023-10-22,US-2023-137092
Second Class,2023-10-22,US-2023-137092
First Class,2023-10-23,US-2023-169684
Second Class,2023-10-25,US-2023-146703
Second Class,2023-10-22,US-2023-137092
Second Class,2023-10-22,US-2023-137092
First Class,2023-10-22,US-2023-142587
Standard Class,2023-10-26,US-2023-100916
First Class,2023-10-22,US-2023-142587
Standard Class,2023-10-26,US-2023-100916
Standard Class,2023-10-26,US-2023-169852
Standard Class,2023-10-26,US-2023-100916
Standard Class,2023-10-26,US-2023-151967
Standard Class,2023-10-28,US-2023-110072
Standard Class,2023-10-29,US-2023-130729
Same Day,2023-10-24,US-2023-113047
Standard Class,2023-10-29,US-2023-108707
Standard Class,2023-10-29,US-2023-139542
First Class,2023-10-28,US-2023-158400
Standard Class,2023-10-29,US-2023-139542
Second Class,2023-10-30,US-2023-162278
Second Class,2023-10-30,US-2023-162278
Standard Class,2023-11-01,US-2023-148285
Standard Class,2023-11-01,US-2023-148285
First Class,2023-10-31,US-2023-101931
First Class,2023-10-31,US-2023-101931
First Class,2023-10-31,US-2023-101931
First Class,2023-10-31,US-2023-101931
First Class,2023-10-31,US-2023-101931
Standard Class,2023-11-01,US-2023-107769
Standard Class,2023-11-02,US-2023-166590
Standard Class,2023-11-02,US-2023-166590
First Class,2023-10-31,US-2023-154627
Second Class,2023-11-02,US-2023-145387
Standard Class,2023-11-04,US-2023-106439
Second Class,2023-11-02,US-2023-145387
Second Class,2023-11-02,US-2023-145387
Second Class,2023-11-02,US-2023-145387
Second Class,2023-11-02,US-2023-108609
Standard Class,2023-11-04,US-2023-106439
Second Class,2023-11-02,US-2023-145387
Standard Class,2023-11-04,US-2023-106439
Second Class,2023-11-02,US-2023-145387
Standard Class,2023-11-04,US-2023-106439
Standard Class,2023-11-04,US-2023-106439
Standard Class,2023-11-04,US-2023-106439
Second Class,2023-11-02,US-2023-145387
Standard Class,2023-11-04,US-2023-106439
Standard Class,2023-11-04,US-2023-106439
Standard Class,2023-11-04,US-2023-106439
Second Class,2023-11-03,US-2023-167262
Second Class,2023-11-02,US-2023-120313
First Class,2023-11-03,US-2023-114195
Standard Class,2023-11-05,US-2023-137155
Standard Class,2023-11-05,US-2023-137155
Standard Class,2023-11-05,US-2023-139423
Standard Class,2023-11-05,US-2023-102673
Standard Class,2023-11-07,US-2023-134313
Standard Class,2023-11-08,US-2023-152562
First Class,2023-11-03,US-2023-114195
First Class,2023-11-03,US-2023-114195
Standard Class,2023-11-05,US-2023-102673
Standard Class,2023-11-05,US-2023-102673
Standard Class,2023-11-08,US-2023-168305
Standard Class,2023-11-08,US-2023-126907
Standard Class,2023-11-05,US-2023-137155
Standard Class,2023-11-08,US-2023-168305
Standard Class,2023-11-08,US-2023-152562
Standard Class,2023-11-05,US-2023-148915
Standard Class,2023-11-05,US-2023-148915
Standard Class,2023-11-07,US-2023-134313
Standard Class,2023-11-05,US-2023-102673
Standard Class,2023-11-06,US-2023-107454
Standard Class,2023-11-06,US-2023-129147
Standard Class,2023-11-06,US-2023-107454
Standard Class,2023-11-06,US-2023-115889
Second Class,2023-11-07,US-2023-134726
Standard Class,2023-11-06,US-2023-120670
Standard Class,2023-11-06,US-2023-129147
Standard Class,2023-11-06,US-2023-129147
Standard Class,2023-11-06,US-2023-115889
Second Class,2023-11-07,US-2023-134726
Standard Class,2023-11-07,US-2023-148782
Standard Class,2023-11-07,US-2023-165764
Standard Class,2023-11-07,US-2023-165764
Same Day,2023-11-03,US-2023-153619
Second Class,2023-11-05,US-2023-119529
Standard Class,2023-11-07,US-2023-121573
Standard Class,2023-11-07,US-2023-165764
Standard Class,2023-11-07,US-2023-121573
Standard Class,2023-11-08,US-2023-146731
Standard Class,2023-11-08,US-2023-146731
Standard Class,2023-11-07,US-2023-165764
Standard Class,2023-11-08,US-2023-137589
Standard Class,2023-11-08,US-2023-155593
Standard Class,2023-11-07,US-2023-124625
Standard Class,2023-11-07,US-2023-121573
Standard Class,2023-11-09,US-2023-164973
Standard Class,2023-11-08,US-2023-149244
Standard Class,2023-11-11,US-2023-125829
Second Class,2023-11-08,US-2023-121286
Standard Class,2023-11-11,US-2023-134187
Standard Class,2023-11-10,US-2023-132227
Standard Class,2023-11-11,US-2023-125829
Second Class,2023-11-08,US-2023-121286
Standard Class,2023-11-11,US-2023-125829
Standard Class,2023-11-09,US-2023-164973
Standard Class,2023-11-09,US-2023-164973
Standard Class,2023-11-09,US-2023-164973
Standard Class,2023-11-11,US-2023-125829
Standard Class,2023-11-11,US-2023-125829
Standard Class,2023-11-09,US-2023-164973
Same Day,2023-11-05,US-2023-114377
Standard Class,2023-11-10,US-2023-109134
Standard Class,2023-11-10,US-2023-114251
Standard Class,2023-11-10,US-2023-114251
Standard Class,2023-11-10,US-2023-114251
Standard Class,2023-11-10,US-2023-114251
Standard Class,2023-11-10,US-2023-133634
Standard Class,2023-11-10,US-2023-114251
Standard Class,2023-11-11,US-2023-120950
Standard Class,2023-11-12,US-2023-159310
Standard Class,2023-11-12,US-2023-120278
Second Class,2023-11-11,US-2023-139640
Standard Class,2023-11-12,US-2023-159310
First Class,2023-11-09,US-2023-123498
Standard Class,2023-11-12,US-2023-123323
Standard Class,2023-11-12,US-2023-120278
First Class,2023-11-09,US-2023-123498
First Class,2023-11-08,US-2023-146990
First Class,2023-11-08,US-2023-146990
Second Class,2023-11-11,US-2023-139640
Standard Class,2023-11-12,US-2023-120278
Standard Class,2023-11-12,US-2023-120278
Standard Class,2023-11-12,US-2023-159310
Standard Class,2023-11-14,US-2023-126340
Second Class,2023-11-11,US-2023-144666
Standard Class,2023-11-13,US-2023-103219
Second Class,2023-11-11,US-2023-144666
Second Class,2023-11-11,US-2023-144666
Second Class,2023-11-11,US-2023-144666
Second Class,2023-11-11,US-2023-144666
Second Class,2023-11-11,US-2023-144666
Standard Class,2023-11-16,US-2023-121006
Standard Class,2023-11-16,US-2023-158372
Standard Class,2023-11-16,US-2023-158372
Standard Class,2023-11-16,US-2023-121006
Standard Class,2023-11-16,US-2023-158372
Standard Class,2023-11-16,US-2023-121006
Standard Class,2023-11-16,US-2023-158372
Standard Class,2023-11-16,US-2023-121006
Standard Class,2023-11-16,US-2023-121006
Standard Class,2023-11-16,US-2023-121006
Standard Class,2023-11-16,US-2023-158372
Standard Class,2023-11-16,US-2023-158372
Second Class,2023-11-15,US-2023-155796
Second Class,2023-11-14,US-2023-163419
Standard Class,2023-11-18,US-2023-105270
Standard Class,2023-11-15,US-2023-140914
Standard Class,2023-11-15,US-2023-140914
Second Class,2023-11-15,US-2023-155796
Second Class,2023-11-13,US-2023-140732
First Class,2023-11-13,US-2023-128524
Second Class,2023-11-14,US-2023-163419
Standard Class,2023-11-18,US-2023-105270
Standard Class,2023-11-15,US-2023-165309
Standard Class,2023-11-15,US-2023-165309
Standard Class,2023-11-15,US-2023-165309
First Class,2023-11-13,US-2023-128524
Standard Class,2023-11-15,US-2023-165309
Standard Class,2023-11-17,US-2023-143287
Second Class,2023-11-13,US-2023-140732
Standard Class,2023-11-15,US-2023-165309
Standard Class,2023-11-17,US-2023-143287
Standard Class,2023-11-18,US-2023-105893
Standard Class,2023-11-17,US-2023-143287
First Class,2023-11-13,US-2023-128524
Second Class,2023-11-14,US-2023-163419
Second Class,2023-11-13,US-2023-140732
Standard Class,2023-11-15,US-2023-165309
Standard Class,2023-11-15,US-2023-165309
Standard Class,2023-11-16,US-2023-159618
Standard Class,2023-11-18,US-2023-122609
Standard Class,2023-11-16,US-2023-151295
Standard Class,2023-11-16,US-2023-159618
Second Class,2023-11-17,US-2023-164910
Standard Class,2023-11-16,US-2023-151295
Standard Class,2023-11-16,US-2023-159618
Same Day,2023-11-12,US-2023-151078
Standard Class,2023-11-16,US-2023-159618
Standard Class,2023-11-18,US-2023-122609
Standard Class,2023-11-16,US-2023-159618
Standard Class,2023-11-18,US-2023-166989
Standard Class,2023-11-18,US-2023-162362
Standard Class,2023-11-18,US-2023-162362
Second Class,2023-11-16,US-2023-125556
Standard Class,2023-11-20,US-2023-161634
Standard Class,2023-11-18,US-2023-166989
First Class,2023-11-15,US-2023-151554
Second Class,2023-11-16,US-2023-125556
First Class,2023-11-18,US-2023-127558
Standard Class,2023-11-21,US-2023-116407
Standard Class,2023-11-21,US-2023-116407
Standard Class,2023-11-22,US-2023-128888
Standard Class,2023-11-21,US-2023-116407
Second Class,2023-11-17,US-2023-128622
First Class,2023-11-18,US-2023-127558
First Class,2023-11-18,US-2023-127558
First Class,2023-11-18,US-2023-119144
Standard Class,2023-11-20,US-2023-139500
Standard Class,2023-11-21,US-2023-147704
Standard Class,2023-11-21,US-2023-147704
Standard Class,2023-11-22,US-2023-160066
Standard Class,2023-11-21,US-2023-147704
Standard Class,2023-11-21,US-2023-147704
First Class,2023-11-18,US-2023-119144
Standard Class,2023-11-20,US-2023-149643
First Class,2023-11-18,US-2023-119144
Standard Class,2023-11-22,US-2023-128209
Standard Class,2023-11-21,US-2023-145926
Standard Class,2023-11-24,US-2023-159835
Standard Class,2023-11-22,US-2023-119375
First Class,2023-11-19,US-2023-140662
Standard Class,2023-11-22,US-2023-119375
Standard Class,2023-11-22,US-2023-128209
Standard Class,2023-11-21,US-2023-130869
Standard Class,2023-11-24,US-2023-159835
First Class,2023-11-19,US-2023-140662
Second Class,2023-11-22,US-2023-101833
Standard Class,2023-11-22,US-2023-119375
First Class,2023-11-19,US-2023-140662
First Class,2023-11-21,US-2023-163468
Standard Class,2023-11-23,US-2023-161032
Standard Class,2023-11-22,US-2023-159926
First Class,2023-11-21,US-2023-163468
Standard Class,2023-11-25,US-2023-124702
Second Class,2023-11-20,US-2023-164210
First Class,2023-11-21,US-2023-163468
Standard Class,2023-11-25,US-2023-124702
Standard Class,2023-11-25,US-2023-115336
Second Class,2023-11-23,US-2023-133809
Standard Class,2023-11-22,US-2023-159926
Standard Class,2023-11-22,US-2023-159926
First Class,2023-11-21,US-2023-163468
Second Class,2023-11-20,US-2023-164210
Second Class,2023-11-21,US-2023-104829
First Class,2023-11-21,US-2023-163468
Second Class,2023-11-20,US-2023-141173
Standard Class,2023-11-22,US-2023-159926
Standard Class,2023-11-22,US-2023-159926
Second Class,2023-11-23,US-2023-133809
Standard Class,2023-11-25,US-2023-123183
Standard Class,2023-11-25,US-2023-123183
Standard Class,2023-11-25,US-2023-123183
Standard Class,2023-11-25,US-2023-123183
Second Class,2023-11-24,US-2023-100972
Second Class,2023-11-22,US-2023-128062
Standard Class,2023-11-24,US-2023-150518
Second Class,2023-11-24,US-2023-158274
First Class,2023-11-21,US-2023-149034
Standard Class,2023-11-24,US-2023-150518
Standard Class,2023-11-23,US-2023-144624
Second Class,2023-11-24,US-2023-158274
Second Class,2023-11-24,US-2023-158274
Standard Class,2023-11-25,US-2023-140396
Standard Class,2023-11-25,US-2023-140396
Standard Class,2023-11-25,US-2023-140396
Standard Class,2023-11-25,US-2023-140396
Standard Class,2023-11-26,US-2023-102274
Standard Class,2023-11-27,US-2023-168501
Standard Class,2023-11-26,US-2023-154781
Standard Class,2023-11-26,US-2023-103401
Standard Class,2023-11-26,US-2023-102274
Standard Class,2023-11-26,US-2023-102274
Standard Class,2023-11-26,US-2023-154781
Standard Class,2023-11-26,US-2023-102274
Standard Class,2023-11-27,US-2023-168501
Standard Class,2023-11-27,US-2023-129091
Standard Class,2023-11-27,US-2023-129091
First Class,2023-11-25,US-2023-105340
Standard Class,2023-11-28,US-2023-112200
Standard Class,2023-11-27,US-2023-129091
Standard Class,2023-11-27,US-2023-129091
First Class,2023-11-25,US-2023-125682
Standard Class,2023-11-26,US-2023-135090
First Class,2023-11-25,US-2023-157385
First Class,2023-11-25,US-2023-157385
Second Class,2023-11-26,US-2023-143721
Standard Class,2023-11-27,US-2023-120544
Standard Class,2023-11-27,US-2023-120544
Standard Class,2023-11-27,US-2023-139283
Standard Class,2023-11-28,US-2023-159625
Standard Class,2023-11-28,US-2023-149055
First Class,2023-11-25,US-2023-157385
Standard Class,2023-11-29,US-2023-110352
First Class,2023-11-25,US-2023-157385
Standard Class,2023-11-27,US-2023-120544
Same Day,2023-11-24,US-2023-105984
Second Class,2023-11-26,US-2023-102295
First Class,2023-11-26,US-2023-158540
Standard Class,2023-11-29,US-2023-122217
Standard Class,2023-11-29,US-2023-153850
Standard Class,2023-11-29,US-2023-100762
First Class,2023-11-26,US-2023-115973
Standard Class,2023-11-30,US-2023-111360
Standard Class,2023-11-30,US-2023-127131
Standard Class,2023-11-29,US-2023-100762
Standard Class,2023-11-30,US-2023-127131
Standard Class,2023-11-29,US-2023-100762
Standard Class,2023-11-29,US-2023-100762
Standard Class,2023-11-30,US-2023-127131
Standard Class,2023-11-28,US-2023-163034
Standard Class,2023-11-30,US-2023-127131
Second Class,2023-11-29,US-2023-167360
Same Day,2023-11-24,US-2023-105984
Standard Class,2023-11-29,US-2023-153850
Standard Class,2023-12-05,CA-2023-153623
Standard Class,2023-12-05,CA-2023-153623
Second Class,2023-11-29,US-2023-119151
Standard Class,2023-11-29,US-2023-144078
Standard Class,2023-11-30,US-2023-127446
Second Class,2023-11-27,US-2023-122588
Second Class,2023-11-27,US-2023-164721
Standard Class,2023-11-30,US-2023-127446
Second Class,2023-11-27,US-2023-164721
Standard Class,2023-11-30,US-2023-107993
Standard Class,2023-11-29,US-2023-144078
Standard Class,2023-11-30,US-2023-127446
Standard Class,2023-11-30,US-2023-127446
Second Class,2023-11-27,US-2023-164721
Standard Class,2023-11-30,US-2023-127446
Second Class,2023-11-29,US-2023-119151
Standard Class,2023-11-30,US-2023-127446
Standard Class,2023-11-29,US-2023-144078
Second Class,2023-12-01,US-2023-147606
Standard Class,2023-12-01,US-2023-141110
Same Day,2023-11-26,US-2023-124730
Same Day,2023-11-26,US-2023-124730
Standard Class,2023-12-01,US-2023-141110
Standard Class,2023-12-01,US-2023-141110
Same Day,2023-11-26,US-2023-124730
Same Day,2023-11-26,US-2023-124730
Standard Class,2023-12-01,US-2023-147648
Standard Class,2023-12-02,US-2023-168984
Standard Class,2023-12-01,US-2023-141110
Standard Class,2023-12-02,US-2023-168984
Standard Class,2023-12-02,US-2023-168984
Same Day,2023-11-26,US-2023-124730
Standard Class,2023-12-01,US-2023-167486
Standard Class,2023-12-03,US-2023-119032
Same Day,2023-11-28,US-2023-105249
Second Class,2023-12-01,US-2023-101560
First Class,2023-12-01,US-2023-159800
Standard Class,2023-12-04,US-2023-163013
Second Class,2023-12-01,US-2023-101560
Second Class,2023-12-01,US-2023-101560
Second Class,2023-11-30,US-2023-121167
Standard Class,2023-12-03,US-2023-120175
Same Day,2023-11-28,US-2023-105249
Second Class,2023-12-01,US-2023-101560
Same Day,2023-11-28,US-2023-105249
First Class,2023-12-01,US-2023-159800
Standard Class,2023-12-02,US-2023-121629
Standard Class,2023-12-04,US-2023-134712
Standard Class,2023-12-06,US-2023-153983
Standard Class,2023-12-06,US-2023-136280
Standard Class,2023-12-06,US-2023-111353
Standard Class,2023-12-06,US-2023-153983
Standard Class,2023-12-04,US-2023-148425
Standard Class,2023-12-04,US-2023-103590
Standard Class,2023-12-06,US-2023-146843
Standard Class,2023-12-06,US-2023-146843
Second Class,2023-12-03,US-2023-150798
First Class,2023-12-03,US-2023-120474
Second Class,2023-12-03,US-2023-161613
Second Class,2023-12-03,US-2023-150798
Standard Class,2023-12-05,US-2023-131051
First Class,2023-12-03,US-2023-143210
First Class,2023-12-03,US-2023-143210
First Class,2023-12-03,US-2023-120474
Second Class,2023-12-03,US-2023-150798
Second Class,2023-12-03,US-2023-150798
Standard Class,2023-12-07,US-2023-131527
First Class,2023-12-03,US-2023-143210
First Class,2023-12-04,US-2023-112158
Standard Class,2023-12-07,US-2023-154095
Standard Class,2023-12-06,US-2023-117744
Standard Class,2023-12-06,US-2023-117744
Standard Class,2023-12-07,US-2023-154095
First Class,2023-12-04,US-2023-101147
Standard Class,2023-12-06,US-2023-117744
First Class,2023-12-04,US-2023-112158
Standard Class,2023-12-07,US-2023-154095
Standard Class,2023-12-09,US-2023-103807
Standard Class,2023-12-07,US-2023-154095
Standard Class,2023-12-09,US-2023-103807
Standard Class,2023-12-07,US-2023-132864
First Class,2023-12-04,US-2023-112158
Standard Class,2023-12-06,CA-2023-123664
Standard Class,2023-12-06,CA-2023-117964
Standard Class,2023-12-06,CA-2023-117964
Second Class,2023-12-06,US-2023-164861
Standard Class,2023-12-09,US-2023-122749
Standard Class,2023-12-08,US-2023-127187
Standard Class,2023-12-09,CA-2023-119508
Standard Class,2023-12-09,CA-2023-119508
First Class,2023-12-07,US-2023-150203
Standard Class,2023-12-10,US-2023-106376
Standard Class,2023-12-10,US-2023-133830
Standard Class,2023-12-09,US-2023-151162
First Class,2023-12-07,US-2023-125542
Standard Class,2023-12-10,US-2023-133830
Standard Class,2023-12-09,US-2023-151162
Standard Class,2023-12-10,US-2023-133830
Standard Class,2023-12-09,US-2023-151162
First Class,2023-12-07,US-2023-125542
Standard Class,2023-12-12,US-2023-138296
Second Class,2023-12-09,US-2023-166191
Second Class,2023-12-09,US-2023-166191
Standard Class,2023-12-09,US-2023-151162
Standard Class,2023-12-09,US-2023-151162
Standard Class,2023-12-10,US-2023-106376
Standard Class,2023-12-10,US-2023-140452
Second Class,2023-12-08,US-2023-110030
Second Class,2023-12-11,US-2023-112872
Standard Class,2023-12-10,US-2023-140452
Standard Class,2023-12-10,US-2023-140452
Standard Class,2023-12-10,US-2023-140452
Standard Class,2023-12-11,US-2023-155390
First Class,2023-12-08,US-2023-106726
Second Class,2023-12-11,US-2023-112872
Standard Class,2023-12-10,US-2023-140452
Standard Class,2023-12-10,US-2023-140452
First Class,2023-12-10,US-2023-138737
First Class,2023-12-08,US-2023-154592
Standard Class,2023-12-13,US-2023-159681
Standard Class,2023-12-13,US-2023-101392
Second Class,2023-12-10,US-2023-135608
Standard Class,2023-12-15,US-2023-144071
Standard Class,2023-12-15,US-2023-144071
Standard Class,2023-12-13,US-2023-129364
Standard Class,2023-12-13,US-2023-129364
Standard Class,2023-12-13,US-2023-129364
Standard Class,2023-12-13,US-2023-129364
Second Class,2023-12-10,US-2023-135608
Standard Class,2023-12-13,US-2023-104773
Standard Class,2023-12-13,US-2023-129364
Standard Class,2023-12-13,US-2023-129364
Standard Class,2023-12-13,US-2023-129364
Standard Class,2023-12-13,US-2023-129364
Standard Class,2023-12-15,US-2023-169649
Standard Class,2023-12-15,US-2023-138128
Standard Class,2023-12-15,US-2023-169649
First Class,2023-12-11,US-2023-109932
Standard Class,2023-12-16,US-2023-104976
First Class,2023-12-11,US-2023-109932
Standard Class,2023-12-14,US-2023-101175
Standard Class,2023-12-15,US-2023-138128
Standard Class,2023-12-14,US-2023-112991
Standard Class,2023-12-15,US-2023-148488
Standard Class,2023-12-14,US-2023-112991
Standard Class,2023-12-14,US-2023-112991
Standard Class,2023-12-15,US-2023-148488
Second Class,2023-12-14,US-2023-168494
Second Class,2023-12-15,US-2023-113320
Standard Class,2023-12-17,US-2023-141607
Second Class,2023-12-15,US-2023-113320
Second Class,2023-12-14,US-2023-168494
Second Class,2023-12-14,US-2023-168494
Same Day,2023-12-12,US-2023-122959
Standard Class,2023-12-17,US-2023-107573
Second Class,2023-12-15,US-2023-113320
Standard Class,2023-12-17,US-2023-124079
Standard Class,2023-12-17,US-2023-102631
Standard Class,2023-12-17,US-2023-124079
Second Class,2023-12-15,US-2023-129819
Second Class,2023-12-15,US-2023-113579
Second Class,2023-12-15,US-2023-154186
Standard Class,2023-12-20,US-2023-116568
Standard Class,2023-12-21,US-2023-123519
Standard Class,2023-12-21,US-2023-123519
Standard Class,2023-12-19,US-2023-148950
First Class,2023-12-16,US-2023-130575
Standard Class,2023-12-19,US-2023-148950
Standard Class,2023-12-19,US-2023-148950
Standard Class,2023-12-21,US-2023-123519
Standard Class,2023-12-21,US-2023-145541
Standard Class,2023-12-18,CA-2023-151799
Standard Class,2023-12-18,CA-2023-151799
Standard Class,2023-12-18,CA-2023-151799
Standard Class,2023-12-18,CA-2023-151799
Standard Class,2023-12-18,CA-2023-151799
Second Class,2023-12-17,US-2023-129938
First Class,2023-12-18,US-2023-101602
Standard Class,2023-12-21,US-2023-119466
Second Class,2023-12-19,US-2023-116673
First Class,2023-12-18,US-2023-101602
Second Class,2023-12-20,US-2023-153913
Standard Class,2023-12-21,US-2023-124247
First Class,2023-12-17,US-2023-136399
Second Class,2023-12-18,US-2023-113257
Standard Class,2023-12-21,US-2023-108273
Second Class,2023-12-18,US-2023-100706
First Class,2023-12-17,US-2023-136399
Standard Class,2023-12-21,US-2023-112718
Second Class,2023-12-20,US-2023-153913
Standard Class,2023-12-21,US-2023-108273
Standard Class,2023-12-20,US-2023-151379
First Class,2023-12-17,US-2023-136399
Second Class,2023-12-18,US-2023-100706
Second Class,2023-12-18,US-2023-113257
First Class,2023-12-17,US-2023-136399
Second Class,2023-12-19,US-2023-123925
Standard Class,2023-12-24,US-2023-139633
Second Class,2023-12-21,US-2023-120768
Standard Class,2023-12-25,US-2023-150574
Second Class,2023-12-21,US-2023-120768
First Class,2023-12-21,US-2023-162992
First Class,2023-12-21,US-2023-162992
Standard Class,2023-12-25,US-2023-169446
Standard Class,2023-12-25,US-2023-169446
Second Class,2023-12-21,US-2023-120768
Standard Class,2023-12-25,US-2023-150574
First Class,2023-12-21,US-2023-162992
First Class,2023-12-21,US-2023-162992
Standard Class,2023-12-25,US-2023-169446
Standard Class,2023-12-25,US-2023-134551
First Class,2023-12-22,US-2023-138681
Second Class,2023-12-23,US-2023-163412
First Class,2023-12-22,US-2023-138681
Standard Class,2023-12-27,US-2023-160157
First Class,2023-12-21,US-2023-136567
First Class,2023-12-21,US-2023-136567
Standard Class,2023-12-25,US-2023-120852
Standard Class,2023-12-25,US-2023-134551
Second Class,2023-12-23,US-2023-156594
Second Class,2023-12-23,US-2023-156594
Second Class,2023-12-23,US-2023-156594
First Class,2023-12-21,US-2023-136567
First Class,2023-12-23,US-2023-103100
Second Class,2023-12-23,US-2023-156594
Standard Class,2023-12-25,US-2023-109036
First Class,2023-12-23,US-2023-103100
First Class,2023-12-22,US-2023-138681
Standard Class,2023-12-25,US-2023-134551
First Class,2023-12-22,US-2023-138681
First Class,2023-12-21,US-2023-136567
Same Day,2023-12-20,US-2023-140816
First Class,2023-12-22,US-2023-138681
Standard Class,2023-12-25,US-2023-120852
Second Class,2023-12-22,CA-2023-126634
Standard Class,2023-12-27,US-2023-154893
Standard Class,2023-12-27,US-2023-154893
Standard Class,2023-12-28,US-2023-134621
Standard Class,2023-12-25,US-2023-109127
Standard Class,2023-12-26,US-2023-133543
Standard Class,2023-12-29,US-2023-142510
Standard Class,2023-12-26,US-2023-101364
Standard Class,2023-12-29,US-2023-142510
Standard Class,2023-12-29,US-2023-142510
Standard Class,2023-12-26,US-2023-146864
Second Class,2023-12-27,US-2023-154158
Standard Class,2023-12-27,US-2023-114517
Standard Class,2023-12-28,US-2023-142314
Standard Class,2023-12-27,US-2023-114517
Second Class,2023-12-27,US-2023-154158
Standard Class,2023-12-28,US-2023-126333
Second Class,2023-12-27,US-2023-154158
Second Class,2023-12-27,US-2023-154158
Second Class,2023-12-27,US-2023-154158
Standard Class,2023-12-29,US-2023-167738
Standard Class,2023-12-29,US-2023-138247
First Class,2023-12-26,US-2023-156314
Standard Class,2023-12-29,US-2023-138247
First Class,2023-12-26,US-2023-132913
First Class,2023-12-26,US-2023-113166
Standard Class,2023-12-29,US-2023-138247
Standard Class,2023-12-29,US-2023-167738
Standard Class,2023-12-29,US-2023-138247
Standard Class,2023-12-29,US-2023-138247
Standard Class,2023-12-29,US-2023-138247
First Class,2023-12-28,US-2023-111451
Second Class,2023-12-28,US-2023-152030
Standard Class,2023-12-30,US-2023-106264
First Class,2023-12-28,US-2023-111451
First Class,2023-12-28,US-2023-111451
Standard Class,2023-12-31,US-2023-139598
Standard Class,2023-12-31,US-2023-139598
Standard Class,2023-12-30,US-2023-101427
Standard Class,2023-12-31,US-2023-111171
First Class,2023-12-28,US-2023-111451
First Class,2023-12-28,US-2023-111451
Standard Class,2023-12-31,US-2023-139598
Standard Class,2024-01-01,US-2023-168473
Standard Class,2023-12-31,US-2023-139598
Standard Class,2023-12-30,US-2023-106264
Standard Class,2023-12-31,US-2023-163447
Standard Class,2024-01-02,US-2023-106334
Standard Class,2023-12-31,US-2023-162866
Second Class,2024-01-01,US-2023-159611
Standard Class,2023-12-31,US-2023-166961
First Class,2023-12-30,US-2023-165393
Standard Class,2023-12-31,US-2023-166961
Standard Class,2023-12-31,US-2023-148383
Standard Class,2023-12-31,US-2023-166961
Second Class,2023-12-30,US-2023-120243
Standard Class,2024-01-03,US-2023-153087
Standard Class,2024-01-02,US-2023-106334
Standard Class,2023-12-31,US-2023-162866
Second Class,2024-01-01,US-2023-159611
Standard Class,2023-12-31,US-2023-166961
Standard Class,2024-01-03,US-2023-153087
Standard Class,2024-01-01,US-2023-141313
First Class,2023-12-30,US-2023-164259
Standard Class,2024-01-01,US-2023-141313
Standard Class,2024-01-01,US-2023-141313
Standard Class,2024-01-03,US-2023-143371
Standard Class,2024-01-03,US-2023-143371
Standard Class,2024-01-05,US-2023-126802
Standard Class,2024-01-02,US-2023-110786
Standard Class,2024-01-02,US-2023-110786
Standard Class,2024-01-02,US-2023-118276
Second Class,2023-12-31,US-2023-165477
Standard Class,2024-01-02,US-2023-110786
Standard Class,2024-01-02,US-2023-110786
Standard Class,2024-01-03,US-2023-102330
Standard Class,2024-01-02,US-2023-110786
Standard Class,2024-01-02,US-2023-106803
Second Class,2024-01-03,US-2023-152345
Standard Class,2024-01-02,US-2023-106803
Standard Class,2024-01-02,US-2023-110786
Standard Class,2024-01-03,US-2023-102330
Standard Class,2024-01-02,US-2023-110786
Second Class,2024-01-03,US-2023-152345
Standard Class,2024-01-05,CA-2023-146626
Standard Class,2024-01-02,CA-2023-123625
Standard Class,2024-01-02,CA-2023-141531
Standard Class,2024-01-02,CA-2023-123625
Standard Class,2024-01-02,CA-2023-123625
Standard Class,2024-01-02,CA-2023-141531
Standard Class,2024-01-02,CA-2023-123625
Second Class,2024-01-03,US-2023-115189
Standard Class,2024-01-04,US-2023-131800
Standard Class,2024-01-04,US-2023-130960
Second Class,2024-01-01,US-2023-104738
Standard Class,2024-01-04,US-2023-131800
Standard Class,2024-01-04,US-2023-169789
Second Class,2024-01-01,US-2023-104738
First Class,2024-01-01,US-2023-166730
Second Class,2024-01-01,US-2023-104738
Standard Class,2024-01-03,US-2023-138072
Second Class,2024-01-01,US-2023-104738
Second Class,2024-01-03,US-2023-115189
Second Class,2024-01-01,US-2023-104738
Standard Class,2024-01-03,CA-2023-143500
Standard Class,2024-01-07,US-2023-133592
Second Class,2024-01-04,US-2023-150245
Standard Class,2024-01-07,US-2023-133592
First Class,2024-01-03,US-2023-143231
Standard Class,2024-01-04,US-2023-111150
Standard Class,2024-01-05,US-2023-127383
First Class,2024-01-01,US-2023-157644
Standard Class,2024-01-07,US-2023-133592
Standard Class,2024-01-07,US-2023-133592
Standard Class,2024-01-04,US-2023-111150
First Class,2024-01-03,US-2023-143231
Standard Class,2024-01-07,US-2023-133592
First Class,2024-01-01,US-2023-157644
Same Day,2023-12-31,US-2023-133949
Standard Class,2024-01-09,US-2024-146262
Second Class,2024-01-04,US-2024-104514
Standard Class,2024-01-09,US-2024-146262
Second Class,2024-01-04,US-2024-104514
Second Class,2024-01-04,US-2024-104514
Standard Class,2024-01-09,US-2024-146262
Standard Class,2024-01-09,US-2024-146262
Standard Class,2024-01-09,US-2024-146262
Second Class,2024-01-08,US-2024-141243
Second Class,2024-01-08,US-2024-141243
Standard Class,2024-01-08,US-2024-121097
Second Class,2024-01-08,US-2024-141243
Standard Class,2024-01-09,US-2024-104241
Standard Class,2024-01-10,US-2024-149811
Standard Class,2024-01-10,US-2024-149811
Standard Class,2024-01-10,US-2024-154970
Standard Class,2024-01-10,US-2024-158701
Standard Class,2024-01-10,US-2024-108588
Standard Class,2024-01-10,US-2024-158701
Standard Class,2024-01-10,US-2024-108588
Standard Class,2024-01-10,US-2024-108588
Standard Class,2024-01-12,US-2024-149636
Standard Class,2024-01-12,US-2024-149636
Standard Class,2024-01-13,US-2024-119480
Standard Class,2024-01-13,US-2024-119480
Standard Class,2024-01-13,US-2024-119480
Standard Class,2024-01-13,US-2024-119480
Standard Class,2024-01-15,US-2024-157154
Standard Class,2024-01-17,US-2024-128608
Standard Class,2024-01-18,US-2024-156755
Standard Class,2024-01-17,US-2024-128608
Standard Class,2024-01-17,US-2024-128608
Standard Class,2024-01-17,US-2024-128608
Standard Class,2024-01-17,US-2024-128608
Standard Class,2024-01-17,US-2024-137526
Standard Class,2024-01-17,US-2024-137526
Standard Class,2024-01-17,US-2024-137526
Second Class,2024-01-15,US-2024-169677
Standard Class,2024-01-24,US-2024-101399
Standard Class,2024-01-22,US-2024-152681
Standard Class,2024-01-23,US-2024-151547
Standard Class,2024-01-22,CA-2024-152681
Standard Class,2024-01-23,US-2024-141250
Standard Class,2024-01-23,US-2024-141250
Standard Class,2024-01-24,CA-2024-115238
Standard Class,2024-01-24,CA-2024-115238
Standard Class,2024-01-24,CA-2024-115238
Standard Class,2024-01-24,CA-2024-115238
Standard Class,2024-01-24,CA-2024-115238
Standard Class,2024-01-27,US-2024-119214
Standard Class,2024-01-27,US-2024-119214
Standard Class,2024-01-28,US-2024-128958
Standard Class,2024-02-01,US-2024-109603
Second Class,2024-01-29,US-2024-168746
First Class,2024-01-29,US-2024-164777
Second Class,2024-01-29,US-2024-168746
Second Class,2024-01-29,US-2024-168746
Second Class,2024-01-31,US-2024-116638
Standard Class,2024-02-06,US-2024-121797
Standard Class,2024-02-04,US-2024-145401
Standard Class,2024-02-06,US-2024-121797
Second Class,2024-02-05,US-2024-149587
Second Class,2024-02-05,US-2024-149587
Second Class,2024-02-05,US-2024-149587
Standard Class,2024-02-07,US-2024-127327
First Class,2024-02-05,US-2024-140921
First Class,2024-02-04,US-2024-157959
Second Class,2024-02-05,US-2024-132633
Standard Class,2024-02-07,US-2024-103093
First Class,2024-02-05,US-2024-140921
Standard Class,2024-02-13,US-2024-156482
Standard Class,2024-02-13,US-2024-156482
Standard Class,2024-02-13,US-2024-156482
Standard Class,2024-02-13,US-2024-111507
Standard Class,2024-02-13,US-2024-137064
First Class,2024-02-08,US-2024-104038
First Class,2024-02-08,US-2024-104038
Standard Class,2024-02-13,US-2024-137064
Standard Class,2024-02-13,US-2024-137064
Standard Class,2024-02-11,US-2024-147529
Standard Class,2024-02-11,US-2024-147529
First Class,2024-02-11,US-2024-130491
First Class,2024-02-11,US-2024-130491
First Class,2024-02-11,US-2024-130491
Standard Class,2024-02-13,US-2024-114923
Standard Class,2024-02-16,US-2024-146038
Second Class,2024-02-11,US-2024-135391
Second Class,2024-02-11,US-2024-135391
Second Class,2024-02-13,US-2024-101007
Second Class,2024-02-13,US-2024-153374
Second Class,2024-02-14,US-2024-101126
Standard Class,2024-02-19,US-2024-147662
Standard Class,2024-02-19,US-2024-147662
Standard Class,2024-02-19,US-2024-147662
Standard Class,2024-02-21,US-2024-116876
Standard Class,2024-02-19,US-2024-147662
Standard Class,2024-02-21,US-2024-116876
Standard Class,2024-02-19,US-2024-147662
Second Class,2024-02-18,US-2024-116092
Second Class,2024-02-18,US-2024-116092
Second Class,2024-02-18,US-2024-116092
Second Class,2024-02-18,US-2024-116092
Second Class,2024-02-18,US-2024-116092
Standard Class,2024-02-19,US-2024-154326
Standard Class,2024-02-19,US-2024-154326
Standard Class,2024-02-19,US-2024-154326
Standard Class,2024-02-21,US-2024-121776
Standard Class,2024-02-21,US-2024-121776
Standard Class,2024-02-20,US-2024-156923
Standard Class,2024-02-24,US-2024-105725
Standard Class,2024-02-22,US-2024-111234
Standard Class,2024-02-24,US-2024-105725
Second Class,2024-02-23,US-2024-152611
Standard Class,2024-02-25,US-2024-169740
Standard Class,2024-02-27,US-2024-162782
Second Class,2024-02-23,US-2024-129770
Second Class,2024-02-24,US-2024-132374
Standard Class,2024-02-28,US-2024-132276
Standard Class,2024-02-28,US-2024-132276
Standard Class,2024-03-01,US-2024-154900
Standard Class,2024-03-01,US-2024-154900
Standard Class,2024-03-02,US-2024-104129
First Class,2024-02-28,US-2024-111325
First Class,2024-02-28,US-2024-111325
Second Class,2024-03-01,US-2024-138485
Standard Class,2024-03-02,US-2024-104129
Standard Class,2024-03-04,US-2024-145436
Standard Class,2024-03-04,US-2024-145436
First Class,2024-03-04,US-2024-133585
Second Class,2024-03-03,US-2024-102316
Standard Class,2024-03-05,US-2024-133494
First Class,2024-03-04,US-2024-133585
Second Class,2024-03-02,US-2024-153325
Second Class,2024-03-03,US-2024-102316
First Class,2024-03-02,US-2024-104052
Standard Class,2024-03-06,US-2024-110457
Standard Class,2024-03-07,US-2024-105970
Standard Class,2024-03-07,US-2024-105970
Same Day,2024-03-05,US-2024-109512
Second Class,2024-03-07,US-2024-125185
Second Class,2024-03-09,US-2024-140221
Second Class,2024-03-07,US-2024-125185
Second Class,2024-03-09,US-2024-140221
Standard Class,2024-03-09,US-2024-153108
Second Class,2024-03-09,US-2024-140221
Standard Class,2024-03-09,US-2024-109001
Same Day,2024-03-05,US-2024-109512
Standard Class,2024-03-10,US-2024-151785
Same Day,2024-03-05,US-2024-109512
Second Class,2024-03-09,US-2024-140221
Standard Class,2024-03-09,US-2024-109001
Standard Class,2024-03-09,US-2024-120320
Standard Class,2024-03-09,US-2024-109001
Standard Class,2024-03-09,US-2024-153108
Standard Class,2024-03-11,US-2024-142944
Standard Class,2024-03-11,US-2024-142944
First Class,2024-03-10,US-2024-146255
First Class,2024-03-10,US-2024-146255
First Class,2024-03-10,US-2024-146255
First Class,2024-03-10,US-2024-146255
Standard Class,2024-03-12,US-2024-105627
Standard Class,2024-03-12,US-2024-105627
Standard Class,2024-03-12,US-2024-105627
First Class,2024-03-10,US-2024-107741
Standard Class,2024-03-12,US-2024-105627
Standard Class,2024-03-12,US-2024-132136
Standard Class,2024-03-13,US-2024-160213
Standard Class,2024-03-12,US-2024-105627
Second Class,2024-03-11,US-2024-110345
First Class,2024-03-12,US-2024-123155
First Class,2024-03-12,US-2024-123155
Same Day,2024-03-10,US-2024-146829
Same Day,2024-03-10,US-2024-118906
Standard Class,2024-03-17,US-2024-128083
Standard Class,2024-03-17,US-2024-128083
Standard Class,2024-03-17,US-2024-128083
Standard Class,2024-03-18,US-2024-148705
First Class,2024-03-15,US-2024-114237
Second Class,2024-03-18,US-2024-139675
Second Class,2024-03-18,US-2024-139675
Second Class,2024-03-18,CA-2024-139675
Second Class,2024-03-18,CA-2024-139675
Standard Class,2024-03-18,US-2024-163587
Standard Class,2024-03-18,US-2024-163587
Standard Class,2024-03-19,US-2024-167479
Standard Class,2024-03-21,US-2024-155124
Standard Class,2024-03-23,US-2024-144722
Second Class,2024-03-18,US-2024-112116
Standard Class,2024-03-22,US-2024-145352
Second Class,2024-03-20,US-2024-150231
Standard Class,2024-03-22,US-2024-145352
Standard Class,2024-03-22,US-2024-145352
Second Class,2024-03-19,US-2024-134257
Second Class,2024-03-19,US-2024-134257
Standard Class,2024-03-22,US-2024-145352
Standard Class,2024-03-20,US-2024-153906
Second Class,2024-03-22,US-2024-110632
Second Class,2024-03-22,US-2024-110632
First Class,2024-03-22,US-2024-168088
Standard Class,2024-03-23,US-2024-113110
First Class,2024-03-20,US-2024-149993
Standard Class,2024-03-23,US-2024-113110
First Class,2024-03-22,US-2024-168088
Standard Class,2024-03-24,US-2024-143532
Standard Class,2024-03-26,US-2024-163104
Standard Class,2024-03-23,US-2024-113110
First Class,2024-03-20,US-2024-111829
First Class,2024-03-20,US-2024-111829
Standard Class,2024-03-23,US-2024-113110
First Class,2024-03-20,US-2024-111829
Standard Class,2024-03-25,US-2024-132101
Standard Class,2024-03-26,US-2024-127607
First Class,2024-03-23,US-2024-159534
First Class,2024-03-23,US-2024-159534
First Class,2024-03-23,US-2024-159534
Standard Class,2024-03-26,US-2024-127607
First Class,2024-03-23,US-2024-106565
First Class,2024-03-23,US-2024-159534
Second Class,2024-03-22,US-2024-165813
First Class,2024-03-23,US-2024-159534
Standard Class,2024-03-26,US-2024-120621
Standard Class,2024-03-26,US-2024-120621
Standard Class,2024-03-26,US-2024-120621
Standard Class,2024-03-26,CA-2024-150547
Standard Class,2024-03-26,US-2024-163279
Standard Class,2024-03-27,US-2024-121552
Standard Class,2024-03-26,US-2024-157812
Standard Class,2024-03-26,US-2024-163279
Standard Class,2024-03-26,US-2024-157812
Same Day,2024-03-22,US-2024-117884
Standard Class,2024-03-26,US-2024-157812
Same Day,2024-03-22,US-2024-117884
First Class,2024-03-24,US-2024-163440
Standard Class,2024-03-26,US-2024-163279
Standard Class,2024-03-29,US-2024-125374
First Class,2024-03-26,US-2024-130218
Standard Class,2024-03-30,US-2024-138219
First Class,2024-03-25,US-2024-107944
First Class,2024-03-26,US-2024-130218
First Class,2024-03-25,US-2024-107944
First Class,2024-03-27,US-2024-118423
Second Class,2024-03-27,US-2024-145457
Standard Class,2024-03-30,US-2024-112508
Standard Class,2024-03-30,US-2024-164301
Second Class,2024-03-28,US-2024-116981
Standard Class,2024-03-31,US-2024-103793
Second Class,2024-03-30,US-2024-167374
Second Class,2024-03-28,US-2024-116981
Second Class,2024-03-30,US-2024-167374
Standard Class,2024-04-03,US-2024-132948
Second Class,2024-03-30,US-2024-133536
Standard Class,2024-04-02,US-2024-135363
Standard Class,2024-04-02,US-2024-131534
Standard Class,2024-04-02,US-2024-135363
Standard Class,2024-04-02,US-2024-131534
Second Class,2024-03-31,US-2024-153549
Second Class,2024-03-31,US-2024-103996
Standard Class,2024-04-04,US-2024-121272
Second Class,2024-04-03,US-2024-150749
Second Class,2024-03-31,US-2024-103996
Second Class,2024-03-31,US-2024-103996
Standard Class,2024-04-04,US-2024-105361
Second Class,2024-03-31,US-2024-103996
Standard Class,2024-04-03,US-2024-104871
Standard Class,2024-04-04,US-2024-121405
Standard Class,2024-04-04,US-2024-121405
Standard Class,2024-04-05,US-2024-128125
Standard Class,2024-04-05,US-2024-128125
Standard Class,2024-04-04,US-2024-137106
Standard Class,2024-04-07,US-2024-122140
Standard Class,2024-04-07,US-2024-136378
Standard Class,2024-04-07,US-2024-122140
Standard Class,2024-04-07,US-2024-122140
Standard Class,2024-04-09,US-2024-159513
Standard Class,2024-04-07,US-2024-142811
Standard Class,2024-04-08,US-2024-110667
Same Day,2024-04-04,US-2024-112452
Standard Class,2024-04-08,US-2024-110667
Standard Class,2024-04-08,US-2024-110667
Same Day,2024-04-04,US-2024-112452
Standard Class,2024-04-08,US-2024-110667
Same Day,2024-04-04,US-2024-112452
Same Day,2024-04-04,US-2024-112452
Same Day,2024-04-04,US-2024-112452
Standard Class,2024-04-10,US-2024-167010
Standard Class,2024-04-11,US-2024-161452
Standard Class,2024-04-10,US-2024-167010
Standard Class,2024-04-10,US-2024-167010
Standard Class,2024-04-10,US-2024-167010
Same Day,2024-04-06,US-2024-102855
Standard Class,2024-04-10,US-2024-167010
Standard Class,2024-04-10,US-2024-136476
First Class,2024-04-07,US-2024-119942
Standard Class,2024-04-10,US-2024-167010
Same Day,2024-04-06,US-2024-102855
Standard Class,2024-04-10,US-2024-167010
Standard Class,2024-04-10,US-2024-167010
Standard Class,2024-04-10,US-2024-124541
Standard Class,2024-04-10,US-2024-124541
Standard Class,2024-04-10,US-2024-124541
Standard Class,2024-04-10,US-2024-100888
Standard Class,2024-04-10,US-2024-124541
Standard Class,2024-04-10,US-2024-124541
Standard Class,2024-04-11,US-2024-140025
First Class,2024-04-09,US-2024-130554
First Class,2024-04-10,US-2024-166492
First Class,2024-04-10,US-2024-166492
Standard Class,2024-04-11,US-2024-140025
Standard Class,2024-04-14,US-2024-142027
Standard Class,2024-04-14,US-2024-101000
Standard Class,2024-04-14,US-2024-116512
Standard Class,2024-04-16,US-2024-134201
Standard Class,2024-04-15,US-2024-168767
Standard Class,2024-04-16,US-2024-134201
Standard Class,2024-04-17,US-2024-125563
Standard Class,2024-04-17,US-2024-125563
Standard Class,2024-04-15,US-2024-111164
Second Class,2024-04-14,US-2024-136987
Standard Class,2024-04-15,US-2024-111164
Second Class,2024-04-14,US-2024-136987
Standard Class,2024-04-15,US-2024-111164
Second Class,2024-04-17,US-2024-145415
Standard Class,2024-04-19,US-2024-120502
Standard Class,2024-04-17,US-2024-168704
Second Class,2024-04-17,US-2024-106257
Standard Class,2024-04-17,US-2024-168704
Standard Class,2024-04-19,US-2024-133452
Standard Class,2024-04-19,US-2024-120502
Standard Class,2024-04-20,US-2024-120551
First Class,2024-04-14,US-2024-100216
First Class,2024-04-14,US-2024-100216
Standard Class,2024-04-18,US-2024-133837
Second Class,2024-04-15,US-2024-149678
Standard Class,2024-04-19,US-2024-133452
Standard Class,2024-04-17,US-2024-168704
Second Class,2024-04-17,US-2024-106257
Standard Class,2024-04-19,US-2024-120502
Standard Class,2024-04-18,US-2024-116841
First Class,2024-04-18,US-2024-137974
Standard Class,2024-04-21,US-2024-142734
First Class,2024-04-18,US-2024-137974
Standard Class,2024-04-21,US-2024-161263
Standard Class,2024-04-21,US-2024-161263
First Class,2024-04-18,US-2024-137974
Standard Class,2024-04-21,US-2024-161263
Standard Class,2024-04-21,US-2024-106215
Standard Class,2024-04-21,US-2024-161263
Standard Class,2024-04-21,US-2024-161263
Standard Class,2024-04-20,US-2024-146675
Standard Class,2024-04-20,US-2024-146675
First Class,2024-04-18,US-2024-137974
Standard Class,2024-04-21,US-2024-161263
Standard Class,2024-04-21,US-2024-155306
Standard Class,2024-04-23,US-2024-148712
Standard Class,2024-04-21,US-2024-155306
Standard Class,2024-04-23,US-2024-148712
Standard Class,2024-04-21,US-2024-155306
Standard Class,2024-04-21,US-2024-155306
Standard Class,2024-04-23,US-2024-148712
Standard Class,2024-04-21,US-2024-155306
Second Class,2024-04-22,US-2024-163433
Standard Class,2024-04-22,US-2024-115742
Standard Class,2024-04-22,US-2024-115742
Second Class,2024-04-22,US-2024-163433
Second Class,2024-04-22,US-2024-163433
Second Class,2024-04-22,US-2024-163433
Second Class,2024-04-22,US-2024-163433
Standard Class,2024-04-22,US-2024-115742
Standard Class,2024-04-22,US-2024-115742
Second Class,2024-04-23,US-2024-134271
Second Class,2024-04-20,US-2024-142601
Second Class,2024-04-22,US-2024-163433
First Class,2024-04-20,US-2024-113593
Second Class,2024-04-20,US-2024-142601
First Class,2024-04-19,US-2024-102722
Second Class,2024-04-22,US-2024-163433
Second Class,2024-04-22,US-2024-163433
Second Class,2024-04-22,US-2024-163433
Standard Class,2024-04-25,US-2024-155369
Standard Class,2024-04-25,US-2024-155369
Standard Class,2024-04-25,US-2024-149342
Standard Class,2024-04-24,US-2024-109169
Standard Class,2024-04-25,US-2024-149342
Standard Class,2024-04-25,US-2024-142433
Standard Class,2024-04-25,US-2024-149342
Standard Class,2024-04-28,US-2024-107678
Standard Class,2024-04-28,US-2024-107678
Standard Class,2024-04-28,US-2024-107678
Standard Class,2024-04-28,US-2024-107678
Standard Class,2024-04-26,US-2024-151253
Standard Class,2024-04-26,US-2024-151253
Standard Class,2024-04-28,US-2024-118227
Standard Class,2024-04-29,US-2024-130365
Standard Class,2024-04-30,US-2024-153878
First Class,2024-04-28,US-2024-112557
Standard Class,2024-04-30,US-2024-153878
Second Class,2024-04-28,US-2024-143602
Standard Class,2024-05-02,US-2024-115420
Standard Class,2024-04-29,US-2024-130365
Standard Class,2024-05-02,US-2024-134026
Standard Class,2024-05-01,US-2024-137302
Standard Class,2024-04-30,US-2024-114839
Standard Class,2024-05-02,US-2024-134026
Standard Class,2024-04-30,US-2024-122266
Standard Class,2024-05-01,US-2024-137302
Standard Class,2024-04-30,US-2024-122266
Standard Class,2024-05-01,US-2024-137302
Standard Class,2024-05-02,US-2024-134026
Standard Class,2024-05-01,US-2024-137302
Standard Class,2024-05-03,US-2024-124450
Standard Class,2024-05-02,US-2024-151841
Standard Class,2024-05-03,US-2024-124450
Standard Class,2024-05-02,US-2024-151841
Standard Class,2024-05-03,US-2024-124450
Standard Class,2024-05-05,US-2024-130792
First Class,2024-05-01,US-2024-120782
Standard Class,2024-05-05,US-2024-130792
First Class,2024-05-01,US-2024-120782
Standard Class,2024-05-05,US-2024-130792
Second Class,2024-05-04,US-2024-157434
Standard Class,2024-05-05,US-2024-164175
Standard Class,2024-05-04,US-2024-115238
Standard Class,2024-05-04,US-2024-115238
Standard Class,2024-05-04,US-2024-115238
Standard Class,2024-05-06,US-2024-103716
Standard Class,2024-05-04,US-2024-115238
Standard Class,2024-05-06,US-2024-103716
Standard Class,2024-05-04,US-2024-115238
Second Class,2024-05-02,US-2024-135174
Standard Class,2024-05-05,US-2024-161998
Standard Class,2024-05-05,US-2024-161998
Standard Class,2024-05-06,US-2024-104486
Standard Class,2024-05-06,US-2024-104486
Standard Class,2024-05-06,US-2024-104486
Standard Class,2024-05-05,US-2024-161998
Standard Class,2024-05-07,US-2024-145821
Standard Class,2024-05-07,US-2024-116687
Standard Class,2024-05-07,US-2024-116687
Standard Class,2024-05-07,US-2024-112130
Standard Class,2024-05-08,US-2024-107937
Standard Class,2024-05-07,US-2024-112130
Standard Class,2024-05-07,US-2024-112130
First Class,2024-05-06,US-2024-150770
Standard Class,2024-05-07,US-2024-112130
First Class,2024-05-06,US-2024-150770
First Class,2024-05-06,US-2024-150770
First Class,2024-05-06,US-2024-160864
Standard Class,2024-05-07,US-2024-112130
Standard Class,2024-05-07,US-2024-112130
First Class,2024-05-06,US-2024-150770
Standard Class,2024-05-07,US-2024-112130
First Class,2024-05-05,US-2024-129700
Second Class,2024-05-09,US-2024-144253
Standard Class,2024-05-11,US-2024-146290
Standard Class,2024-05-08,US-2024-110548
Standard Class,2024-05-12,US-2024-137512
Standard Class,2024-05-12,US-2024-137512
Standard Class,2024-05-12,US-2024-147879
Standard Class,2024-05-12,CA-2024-132548
Standard Class,2024-05-12,CA-2024-132548
Standard Class,2024-05-12,CA-2024-132548
Standard Class,2024-05-12,CA-2024-132548
Standard Class,2024-05-15,US-2024-160857
Standard Class,2024-05-12,US-2024-136798
Standard Class,2024-05-15,US-2024-160857
Standard Class,2024-05-14,US-2024-113971
Standard Class,2024-05-12,US-2024-109939
Standard Class,2024-05-12,US-2024-136798
Standard Class,2024-05-15,US-2024-160857
First Class,2024-05-10,US-2024-142055
Standard Class,2024-05-15,US-2024-160857
Standard Class,2024-05-15,US-2024-160857
Standard Class,2024-05-12,US-2024-136798
Standard Class,2024-05-13,US-2024-155635
Same Day,2024-05-10,US-2024-129217
Same Day,2024-05-10,US-2024-129217
Standard Class,2024-05-15,US-2024-144043
Second Class,2024-05-16,US-2024-135727
Standard Class,2024-05-17,US-2024-131856
Standard Class,2024-05-18,US-2024-162607
Standard Class,2024-05-17,US-2024-131856
Standard Class,2024-05-16,US-2024-159380
Standard Class,2024-05-16,US-2024-159380
Second Class,2024-05-16,US-2024-130876
Standard Class,2024-05-16,US-2024-122910
Standard Class,2024-05-17,US-2024-131856
Second Class,2024-05-18,US-2024-145835
Second Class,2024-05-18,US-2024-145835
Standard Class,2024-05-19,US-2024-100146
Standard Class,2024-05-19,US-2024-100146
Standard Class,2024-05-19,US-2024-100146
Standard Class,2024-05-19,US-2024-100146
First Class,2024-05-17,US-2024-119291
First Class,2024-05-17,US-2024-119291
First Class,2024-05-17,US-2024-119291
First Class,2024-05-17,US-2024-119291
First Class,2024-05-17,US-2024-119291
First Class,2024-05-17,US-2024-119291
First Class,2024-05-17,US-2024-119291
Standard Class,2024-05-21,US-2024-165162
Second Class,2024-05-20,US-2024-166604
Standard Class,2024-05-22,US-2024-138492
Same Day,2024-05-16,US-2024-100769
Standard Class,2024-05-21,US-2024-117184
Standard Class,2024-05-23,US-2024-100251
Standard Class,2024-05-21,US-2024-117184
Standard Class,2024-05-23,US-2024-100251
Standard Class,2024-05-22,US-2024-165554
Standard Class,2024-05-24,US-2024-153535
Standard Class,2024-05-24,US-2024-153535
Standard Class,2024-05-27,US-2024-168914
Standard Class,2024-05-28,US-2024-102806
Standard Class,2024-05-25,US-2024-169278
Standard Class,2024-05-26,US-2024-149846
Standard Class,2024-05-26,US-2024-149846
Standard Class,2024-05-26,US-2024-149846
Standard Class,2024-05-26,US-2024-149846
Second Class,2024-05-27,US-2024-136805
Second Class,2024-05-27,US-2024-136805
Standard Class,2024-05-30,US-2024-110569
Standard Class,2024-05-30,US-2024-110569
Standard Class,2024-05-28,US-2024-154921
Standard Class,2024-05-27,US-2024-119102
Second Class,2024-05-26,US-2024-165512
Second Class,2024-05-26,US-2024-165512
Second Class,2024-05-27,US-2024-141768
Standard Class,2024-05-29,US-2024-138898
Second Class,2024-05-27,US-2024-152128
Second Class,2024-05-27,US-2024-152128
First Class,2024-05-28,US-2024-132941
First Class,2024-05-28,US-2024-132941
First Class,2024-05-28,US-2024-132941
Second Class,2024-05-28,US-2024-109708
Second Class,2024-05-28,US-2024-143147
Second Class,2024-05-28,US-2024-143147
Standard Class,2024-05-31,US-2024-148964
Second Class,2024-05-29,US-2024-113327
Second Class,2024-05-29,US-2024-113327
Second Class,2024-05-29,US-2024-113327
Second Class,2024-05-29,US-2024-113327
Second Class,2024-05-28,US-2024-143147
Standard Class,2024-06-01,US-2024-131758
Standard Class,2024-06-03,US-2024-118948
Standard Class,2024-06-02,US-2024-135020
Standard Class,2024-06-01,US-2024-131758
Standard Class,2024-06-02,US-2024-135020
Standard Class,2024-06-03,US-2024-149601
Standard Class,2024-06-02,US-2024-135020
Standard Class,2024-06-03,US-2024-149601
Standard Class,2024-06-02,US-2024-135020
First Class,2024-05-31,US-2024-111339
First Class,2024-05-31,US-2024-111339
Standard Class,2024-06-03,US-2024-120880
First Class,2024-05-31,US-2024-111339
Standard Class,2024-06-03,US-2024-168277
First Class,2024-05-31,US-2024-104297
Standard Class,2024-06-03,US-2024-120880
Standard Class,2024-06-03,US-2024-120880
First Class,2024-06-01,US-2024-103177
Standard Class,2024-06-03,US-2024-163923
First Class,2024-06-01,US-2024-103177
First Class,2024-06-01,US-2024-103177
Standard Class,2024-06-04,US-2024-147788
Standard Class,2024-06-04,US-2024-120677
Second Class,2024-06-02,US-2024-149748
Standard Class,2024-06-07,US-2024-133627
Second Class,2024-06-05,US-2024-100818
Same Day,2024-05-31,US-2024-136224
Second Class,2024-06-05,US-2024-100818
Second Class,2024-06-02,US-2024-156153
Second Class,2024-06-05,US-2024-100818
Standard Class,2024-06-04,US-2024-147788
Second Class,2024-06-05,US-2024-100818
First Class,2024-06-02,US-2024-124919
Second Class,2024-06-02,US-2024-149748
First Class,2024-06-02,US-2024-124919
Standard Class,2024-06-04,US-2024-147788
First Class,2024-06-02,US-2024-124919
Second Class,2024-06-02,US-2024-149748
Standard Class,2024-06-05,US-2024-163685
Standard Class,2024-06-05,US-2024-132836
Standard Class,2024-06-05,US-2024-132836
Standard Class,2024-06-08,US-2024-161242
Standard Class,2024-06-05,US-2024-163685
Standard Class,2024-06-05,US-2024-132836
Standard Class,2024-06-05,US-2024-132836
Second Class,2024-06-08,US-2024-142020
Same Day,2024-06-04,US-2024-164833
Same Day,2024-06-04,US-2024-164833
Second Class,2024-06-08,US-2024-142020
Second Class,2024-06-09,US-2024-158491
Second Class,2024-06-09,US-2024-158491
Standard Class,2024-06-10,US-2024-166947
Standard Class,2024-06-09,US-2024-115168
Standard Class,2024-06-11,US-2024-157343
Standard Class,2024-06-11,US-2024-157343
Second Class,2024-06-09,US-2024-142041
Standard Class,2024-06-11,US-2024-157343
Standard Class,2024-06-12,US-2024-162201
Standard Class,2024-06-12,US-2024-164007
Standard Class,2024-06-12,US-2024-162201
Standard Class,2024-06-12,US-2024-162201
Standard Class,2024-06-12,US-2024-162201
Standard Class,2024-06-12,US-2024-162201
Standard Class,2024-06-12,US-2024-162201
Standard Class,2024-06-12,US-2024-162201
Standard Class,2024-06-12,US-2024-164007
Second Class,2024-06-11,US-2024-141012
Standard Class,2024-06-15,US-2024-110947
Standard Class,2024-06-16,US-2024-101868
Standard Class,2024-06-16,US-2024-101868
Standard Class,2024-06-13,US-2024-144190
Standard Class,2024-06-16,US-2024-101868
Second Class,2024-06-11,US-2024-141012
First Class,2024-06-12,US-2024-121720
First Class,2024-06-12,US-2024-121720
Standard Class,2024-06-16,US-2024-123960
First Class,2024-06-12,US-2024-121720
Standard Class,2024-06-16,US-2024-123960
First Class,2024-06-12,US-2024-121720
Standard Class,2024-06-16,US-2024-123960
First Class,2024-06-12,US-2024-121720
Standard Class,2024-06-16,US-2024-123960
First Class,2024-06-12,US-2024-121720
First Class,2024-06-12,US-2024-121720
Standard Class,2024-06-16,US-2024-123960
First Class,2024-06-12,US-2024-121720
Standard Class,2024-06-17,US-2024-139850
Standard Class,2024-06-17,US-2024-139850
Standard Class,2024-06-17,US-2024-131779
Standard Class,2024-06-16,US-2024-136105
Standard Class,2024-06-16,US-2024-104115
Second Class,2024-06-15,US-2024-104059
Standard Class,2024-06-19,US-2024-104941
Standard Class,2024-06-19,US-2024-104941
Standard Class,2024-06-19,US-2024-155054
First Class,2024-06-14,US-2024-127418
Standard Class,2024-06-19,US-2024-155054
Standard Class,2024-06-17,US-2024-137281
Standard Class,2024-06-19,US-2024-104941
Standard Class,2024-06-19,US-2024-155054
Standard Class,2024-06-19,US-2024-104941
Standard Class,2024-06-18,US-2024-120439
Standard Class,2024-06-20,US-2024-129896
Standard Class,2024-06-20,US-2024-129896
Standard Class,2024-06-20,US-2024-129896
Standard Class,2024-06-20,US-2024-129896
First Class,2024-06-17,US-2024-106495
Standard Class,2024-06-19,US-2024-164567
Standard Class,2024-06-20,US-2024-118955
First Class,2024-06-19,US-2024-163825
Standard Class,2024-06-20,US-2024-118955
Standard Class,2024-06-20,US-2024-167269
Standard Class,2024-06-20,US-2024-118955
First Class,2024-06-19,US-2024-163825
First Class,2024-06-20,US-2024-156734
Standard Class,2024-06-24,US-2024-133242
Standard Class,2024-06-23,US-2024-122287
Standard Class,2024-06-22,US-2024-154200
Standard Class,2024-06-22,US-2024-147011
First Class,2024-06-20,US-2024-156734
Standard Class,2024-06-23,US-2024-122287
Standard Class,2024-06-24,US-2024-133242
Standard Class,2024-06-23,US-2024-122287
Standard Class,2024-06-24,US-2024-133242
Standard Class,2024-06-23,US-2024-122287
First Class,2024-06-20,US-2024-156734
Standard Class,2024-06-24,US-2024-133242
Standard Class,2024-06-24,US-2024-133242
Standard Class,2024-06-23,US-2024-121965
Standard Class,2024-06-23,US-2024-144302
Standard Class,2024-06-23,US-2024-121965
Same Day,2024-06-19,US-2024-111864
Standard Class,2024-06-23,US-2024-121965
Standard Class,2024-06-24,US-2024-163734
Second Class,2024-06-25,US-2024-140144
Second Class,2024-06-24,US-2024-158351
First Class,2024-06-23,US-2024-136427
Second Class,2024-06-25,US-2024-140144
Standard Class,2024-06-27,US-2024-123330
First Class,2024-06-25,US-2024-124975
Standard Class,2024-06-27,US-2024-153423
Second Class,2024-06-26,US-2024-128167
Standard Class,2024-06-29,US-2024-106187
Standard Class,2024-06-29,US-2024-106187
Standard Class,2024-06-28,US-2024-139164
Standard Class,2024-06-29,US-2024-106187
Standard Class,2024-06-28,US-2024-139164
Standard Class,2024-06-28,US-2024-139164
Second Class,2024-06-25,US-2024-122826
Standard Class,2024-06-30,US-2024-137750
First Class,2024-06-28,US-2024-119690
Standard Class,2024-07-01,US-2024-115945
First Class,2024-06-28,US-2024-119690
Standard Class,2024-07-01,US-2024-115945
First Class,2024-06-28,US-2024-119690
First Class,2024-06-28,US-2024-119690
Standard Class,2024-07-01,US-2024-127110
Standard Class,2024-07-01,US-2024-115945
Standard Class,2024-07-01,US-2024-127110
Standard Class,2024-06-30,US-2024-115938
Standard Class,2024-06-30,US-2024-115938
Standard Class,2024-06-30,US-2024-115938
Standard Class,2024-06-30,US-2024-143882
Standard Class,2024-06-30,US-2024-115938
Second Class,2024-06-29,US-2024-125395
Standard Class,2024-06-30,US-2024-166583
Second Class,2024-07-03,US-2024-162950
Standard Class,2024-07-02,US-2024-112144
Standard Class,2024-07-02,US-2024-103772
Standard Class,2024-07-02,US-2024-103772
Standard Class,2024-07-02,US-2024-112144
Second Class,2024-07-03,US-2024-162950
First Class,2024-07-02,US-2024-165799
Standard Class,2024-07-05,US-2024-128860
Standard Class,2024-07-04,US-2024-141684
Standard Class,2024-07-03,US-2024-100069
Standard Class,2024-07-06,US-2024-157322
Standard Class,2024-07-06,US-2024-157322
First Class,2024-07-04,US-2024-140718
Same Day,2024-07-02,US-2024-120397
First Class,2024-07-04,US-2024-140718
Standard Class,2024-07-09,US-2024-111703
Standard Class,2024-07-06,US-2024-157322
First Class,2024-07-04,US-2024-140718
Standard Class,2024-07-09,US-2024-111703
First Class,2024-07-03,US-2024-150196
Standard Class,2024-07-06,US-2024-157322
Standard Class,2024-07-06,US-2024-157322
First Class,2024-07-04,US-2024-140718
Standard Class,2024-07-09,US-2024-128139
First Class,2024-07-05,US-2024-153500
First Class,2024-07-05,US-2024-153500
Standard Class,2024-07-09,US-2024-128139
First Class,2024-07-05,US-2024-153500
Standard Class,2024-07-08,US-2024-124268
Second Class,2024-07-08,US-2024-152513
Standard Class,2024-07-09,US-2024-154956
Second Class,2024-07-10,US-2024-116750
Standard Class,2024-07-11,US-2024-158911
Standard Class,2024-07-10,US-2024-130610
Second Class,2024-07-10,US-2024-116750
Standard Class,2024-07-11,US-2024-158911
Standard Class,2024-07-10,US-2024-164336
Standard Class,2024-07-10,US-2024-164336
Standard Class,2024-07-11,US-2024-146087
Standard Class,2024-07-11,US-2024-161627
Standard Class,2024-07-10,US-2024-108665
Standard Class,2024-07-10,US-2024-108665
Standard Class,2024-07-12,US-2024-116260
Standard Class,2024-07-10,US-2024-108665
Standard Class,2024-07-10,US-2024-108665
Same Day,2024-07-08,US-2024-129392
Standard Class,2024-07-14,US-2024-132626
Standard Class,2024-07-13,US-2024-123456
Standard Class,2024-07-14,US-2024-153626
Standard Class,2024-07-14,US-2024-132626
Standard Class,2024-07-13,US-2024-111094
Standard Class,2024-07-14,US-2024-132626
Standard Class,2024-07-14,US-2024-132626
Standard Class,2024-07-14,US-2024-132626
Standard Class,2024-07-14,US-2024-132626
Standard Class,2024-07-14,US-2024-132626
Standard Class,2024-07-13,US-2024-111094
Standard Class,2024-07-14,US-2024-132626
Standard Class,2024-07-14,US-2024-132626
Second Class,2024-07-14,US-2024-135314
Same Day,2024-07-10,US-2024-149384
Standard Class,2024-07-14,US-2024-107020
First Class,2024-07-13,US-2024-142237
First Class,2024-07-13,US-2024-142237
First Class,2024-07-13,US-2024-142237
First Class,2024-07-12,US-2024-136469
First Class,2024-07-13,US-2024-142237
Second Class,2024-07-13,US-2024-142419
First Class,2024-07-13,US-2024-142237
First Class,2024-07-13,US-2024-142237
First Class,2024-07-12,US-2024-136469
Second Class,2024-07-13,US-2024-142419
First Class,2024-07-12,US-2024-136469
Second Class,2024-07-17,US-2024-126557
Second Class,2024-07-17,US-2024-126557
Second Class,2024-07-17,US-2024-126557
Second Class,2024-07-17,US-2024-126557
Second Class,2024-07-17,US-2024-126557
Standard Class,2024-07-18,US-2024-112711
Second Class,2024-07-17,US-2024-126557
Second Class,2024-07-17,US-2024-126557
Second Class,2024-07-15,US-2024-114069
Second Class,2024-07-15,US-2024-114069
First Class,2024-07-15,US-2024-107349
Second Class,2024-07-15,US-2024-140851
Second Class,2024-07-15,US-2024-114069
Second Class,2024-07-19,US-2024-143364
Second Class,2024-07-19,US-2024-143364
Second Class,2024-07-19,US-2024-143364
Second Class,2024-07-19,US-2024-143364
Same Day,2024-07-16,US-2024-113404
Same Day,2024-07-16,US-2024-113404
Standard Class,2024-07-20,US-2024-146948
Standard Class,2024-07-20,US-2024-146948
Standard Class,2024-07-20,US-2024-146948
First Class,2024-07-19,US-2024-166520
First Class,2024-07-19,US-2024-166520
Second Class,2024-07-19,US-2024-138534
Second Class,2024-07-20,US-2024-149629
Standard Class,2024-07-24,US-2024-121132
Standard Class,2024-07-24,US-2024-121132
Second Class,2024-07-20,US-2024-122973
First Class,2024-07-21,US-2024-159590
Second Class,2024-07-20,US-2024-122973
Standard Class,2024-07-22,US-2024-111206
Second Class,2024-07-20,US-2024-122973
First Class,2024-07-20,US-2024-160150
Standard Class,2024-07-27,US-2024-122784
Standard Class,2024-07-27,US-2024-122784
Standard Class,2024-07-27,US-2024-122784
Second Class,2024-07-25,US-2024-160472
Second Class,2024-07-25,US-2024-160472
Second Class,2024-07-25,US-2024-160472
Second Class,2024-07-25,US-2024-160472
Second Class,2024-07-25,US-2024-160472
Second Class,2024-07-25,US-2024-160472
Standard Class,2024-07-27,US-2024-122784
Standard Class,2024-07-27,US-2024-120810
Standard Class,2024-07-27,US-2024-120810
Second Class,2024-07-26,US-2024-124044
Standard Class,2024-07-28,US-2024-103135
Standard Class,2024-07-28,US-2024-103135
Standard Class,2024-07-28,US-2024-103135
Standard Class,2024-07-28,US-2024-103135
Second Class,2024-07-27,US-2024-148635
Second Class,2024-07-27,US-2024-148635
Standard Class,2024-07-29,US-2024-154291
Standard Class,2024-07-29,US-2024-150161
Standard Class,2024-07-29,US-2024-154291
Second Class,2024-07-27,US-2024-148635
Second Class,2024-07-27,US-2024-148635
Standard Class,2024-07-30,US-2024-139248
Standard Class,2024-07-31,US-2024-127754
First Class,2024-07-28,US-2024-140200
Standard Class,2024-07-31,US-2024-148180
Standard Class,2024-07-31,US-2024-148180
Standard Class,2024-07-31,US-2024-148180
Standard Class,2024-08-02,US-2024-136735
Same Day,2024-07-26,US-2024-143700
Standard Class,2024-08-02,US-2024-129553
First Class,2024-08-01,US-2024-164966
First Class,2024-07-31,US-2024-155334
First Class,2024-07-31,US-2024-155334
Second Class,2024-08-03,US-2024-132507
First Class,2024-07-31,US-2024-155334
Same Day,2024-07-31,US-2024-124891
Same Day,2024-07-31,US-2024-124891
Standard Class,2024-08-06,US-2024-111017
Same Day,2024-07-31,US-2024-124891
Standard Class,2024-08-06,US-2024-164427
Standard Class,2024-08-07,US-2024-153388
Standard Class,2024-08-07,US-2024-153388
Second Class,2024-08-05,US-2024-122406
Standard Class,2024-08-06,US-2024-112767
Standard Class,2024-08-06,US-2024-147501
Second Class,2024-08-05,US-2024-122406
Second Class,2024-08-05,US-2024-122406
Standard Class,2024-08-06,US-2024-147501
Second Class,2024-08-05,US-2024-122406
Standard Class,2024-08-11,US-2024-112214
Standard Class,2024-08-11,US-2024-112214
Standard Class,2024-08-11,US-2024-112214
Standard Class,2024-08-11,US-2024-112214
Standard Class,2024-08-10,US-2024-135251
Standard Class,2024-08-10,US-2024-135251
Standard Class,2024-08-10,US-2024-135251
Standard Class,2024-08-10,US-2024-135251
First Class,2024-08-08,US-2024-160794
First Class,2024-08-08,US-2024-124219
First Class,2024-08-09,US-2024-117492
Standard Class,2024-08-12,US-2024-138331
Standard Class,2024-08-12,US-2024-141936
First Class,2024-08-08,US-2024-124219
Standard Class,2024-08-11,US-2024-163895
Second Class,2024-08-09,US-2024-163237
Second Class,2024-08-09,US-2024-163237
Same Day,2024-08-08,US-2024-168564
Second Class,2024-08-10,US-2024-129322
Second Class,2024-08-10,US-2024-129322
Second Class,2024-08-10,US-2024-129322
Same Day,2024-08-08,US-2024-168564
Same Day,2024-08-08,US-2024-168564
Standard Class,2024-08-12,US-2024-127544
Second Class,2024-08-10,CA-2024-129322
Second Class,2024-08-10,CA-2024-129322
Second Class,2024-08-10,CA-2024-129322
Second Class,2024-08-13,US-2024-103954
Standard Class,2024-08-16,US-2024-128013
First Class,2024-08-12,US-2024-131338
First Class,2024-08-12,US-2024-131338
First Class,2024-08-12,US-2024-131338
Standard Class,2024-08-16,US-2024-163055
Standard Class,2024-08-16,US-2024-163055
First Class,2024-08-12,US-2024-131338
First Class,2024-08-12,US-2024-131338
Standard Class,2024-08-14,US-2024-155453
First Class,2024-08-12,US-2024-131338
Standard Class,2024-08-16,US-2024-128013
First Class,2024-08-12,US-2024-131338
Standard Class,2024-08-16,US-2024-163055
First Class,2024-08-12,US-2024-131338
First Class,2024-08-12,US-2024-131338
First Class,2024-08-12,US-2024-131338
Standard Class,2024-08-16,US-2024-156496
Standard Class,2024-08-16,US-2024-130022
Standard Class,2024-08-14,US-2024-121699
Standard Class,2024-08-16,US-2024-130022
Standard Class,2024-08-16,US-2024-130022
Standard Class,2024-08-16,US-2024-156496
Standard Class,2024-08-16,US-2024-156496
Standard Class,2024-08-16,US-2024-119634
Standard Class,2024-08-15,US-2024-156797
Standard Class,2024-08-15,US-2024-156797
Same Day,2024-08-13,US-2024-148495
First Class,2024-08-15,US-2024-133396
Standard Class,2024-08-20,US-2024-112014
Second Class,2024-08-17,US-2024-150441
Standard Class,2024-08-17,US-2024-120516
First Class,2024-08-16,US-2024-169656
Standard Class,2024-08-19,US-2024-142454
Standard Class,2024-08-19,US-2024-162369
Standard Class,2024-08-19,US-2024-142454
Standard Class,2024-08-20,US-2024-164238
Standard Class,2024-08-20,US-2024-126753
Standard Class,2024-08-22,US-2024-128090
Standard Class,2024-08-20,US-2024-126753
Standard Class,2024-08-20,US-2024-126753
Standard Class,2024-08-22,US-2024-128090
Standard Class,2024-08-20,US-2024-126753
Standard Class,2024-08-22,US-2024-128090
Standard Class,2024-08-20,US-2024-126753
Standard Class,2024-08-20,US-2024-164238
Standard Class,2024-08-20,US-2024-126753
Standard Class,2024-08-22,US-2024-128090
Standard Class,2024-08-20,US-2024-126753
Standard Class,2024-08-23,US-2024-119627
Standard Class,2024-08-21,US-2024-111297
Standard Class,2024-08-23,US-2024-119627
Standard Class,2024-08-23,US-2024-119627
Standard Class,2024-08-23,US-2024-119627
Standard Class,2024-08-26,US-2024-130456
First Class,2024-08-23,US-2024-144267
Standard Class,2024-08-25,US-2024-154823
Standard Class,2024-08-25,US-2024-154823
Standard Class,2024-08-26,US-2024-122168
Standard Class,2024-08-26,US-2024-122168
Standard Class,2024-08-25,US-2024-154823
Standard Class,2024-08-25,US-2024-130512
First Class,2024-08-23,US-2024-144267
First Class,2024-08-23,US-2024-144267
Standard Class,2024-08-25,US-2024-130512
First Class,2024-08-23,US-2024-144267
Standard Class,2024-08-26,US-2024-130456
Standard Class,2024-08-25,US-2024-130512
Standard Class,2024-08-25,US-2024-130512
Standard Class,2024-08-25,US-2024-130512
Standard Class,2024-08-26,US-2024-129854
First Class,2024-08-25,US-2024-132080
Same Day,2024-08-23,US-2024-114468
Standard Class,2024-08-28,US-2024-165624
Standard Class,2024-08-28,US-2024-165624
Same Day,2024-08-23,US-2024-114468
Standard Class,2024-08-28,US-2024-165624
Same Day,2024-08-23,US-2024-114468
Standard Class,2024-08-28,US-2024-165624
Standard Class,2024-08-28,US-2024-165624
Standard Class,2024-08-28,US-2024-165624
Same Day,2024-08-23,US-2024-114468
Standard Class,2024-08-28,US-2024-165624
Second Class,2024-08-28,US-2024-113740
Standard Class,2024-08-28,US-2024-139584
Standard Class,2024-08-28,US-2024-146563
First Class,2024-08-26,US-2024-169299
Standard Class,2024-08-28,US-2024-146563
Second Class,2024-08-26,US-2024-123939
Standard Class,2024-08-28,US-2024-146563
Standard Class,2024-08-28,US-2024-146563
Second Class,2024-08-26,US-2024-123939
Standard Class,2024-08-28,US-2024-139584
Standard Class,2024-08-28,US-2024-102491
Standard Class,2024-08-28,US-2024-102491
Second Class,2024-08-26,US-2024-123939
Standard Class,2024-08-28,US-2024-102491
Standard Class,2024-08-30,US-2024-139759
Same Day,2024-08-25,US-2024-168809
Same Day,2024-08-25,US-2024-168809
Standard Class,2024-08-30,US-2024-139759
Same Day,2024-08-25,US-2024-168809
Standard Class,2024-08-31,US-2024-113040
Standard Class,2024-09-01,US-2024-101707
Standard Class,2024-09-01,US-2024-101707
Standard Class,2024-08-31,US-2024-126445
Standard Class,2024-09-01,US-2024-101707
Standard Class,2024-09-04,US-2024-121188
Standard Class,2024-09-04,US-2024-121188
Standard Class,2024-09-01,US-2024-166219
Standard Class,2024-09-04,US-2024-121188
Standard Class,2024-09-04,US-2024-121188
Standard Class,2024-09-04,US-2024-121188
Standard Class,2024-09-02,US-2024-107902
Standard Class,2024-09-01,US-2024-100377
Standard Class,2024-09-04,US-2024-121188
Standard Class,2024-09-01,US-2024-166219
Standard Class,2024-09-02,US-2024-108532
Standard Class,2024-09-02,US-2024-108532
First Class,2024-09-02,US-2024-111514
First Class,2024-09-02,US-2024-111514
Standard Class,2024-09-05,US-2024-112319
Standard Class,2024-09-05,US-2024-142139
First Class,2024-09-02,US-2024-111514
First Class,2024-09-02,US-2024-111514
Standard Class,2024-09-04,US-2024-157805
Standard Class,2024-09-08,US-2024-104626
Standard Class,2024-09-08,US-2024-104626
Standard Class,2024-09-08,US-2024-104626
Second Class,2024-09-04,US-2024-137946
Second Class,2024-09-04,US-2024-137946
Standard Class,2024-09-08,US-2024-104626
Second Class,2024-09-04,US-2024-137946
Standard Class,2024-09-08,US-2024-146745
Standard Class,2024-09-08,US-2024-113215
First Class,2024-09-05,US-2024-121608
Standard Class,2024-09-08,US-2024-146745
Standard Class,2024-09-08,US-2024-149734
Standard Class,2024-09-07,US-2024-138303
Second Class,2024-09-07,US-2024-169537
Standard Class,2024-09-09,US-2024-130204
Second Class,2024-09-08,US-2024-104185
Standard Class,2024-09-07,US-2024-138303
Standard Class,2024-09-07,US-2024-138303
Standard Class,2024-09-09,US-2024-130204
Standard Class,2024-09-09,US-2024-130204
First Class,2024-09-05,US-2024-121608
Standard Class,2024-09-09,US-2024-101924
Standard Class,2024-09-08,US-2024-113523
Standard Class,2024-09-08,US-2024-142755
Standard Class,2024-09-08,US-2024-142755
Standard Class,2024-09-08,US-2024-142755
Second Class,2024-09-07,US-2024-159863
Standard Class,2024-09-08,US-2024-142755
Standard Class,2024-09-09,US-2024-130785
Standard Class,2024-09-09,US-2024-130785
Standard Class,2024-09-12,US-2024-135510
Standard Class,2024-09-10,US-2024-105158
Standard Class,2024-09-11,US-2024-162621
Standard Class,2024-09-09,US-2024-130785
Standard Class,2024-09-11,US-2024-162621
Standard Class,2024-09-10,US-2024-105158
Standard Class,2024-09-11,US-2024-162621
Standard Class,2024-09-13,US-2024-150791
Standard Class,2024-09-12,US-2024-138002
Second Class,2024-09-09,US-2024-151435
Standard Class,2024-09-12,US-2024-109015
Standard Class,2024-09-12,US-2024-138002
Standard Class,2024-09-12,US-2024-169572
Second Class,2024-09-08,US-2024-133977
Standard Class,2024-09-10,US-2024-160696
First Class,2024-09-08,US-2024-143238
Standard Class,2024-09-12,US-2024-109015
Standard Class,2024-09-11,US-2024-122623
Standard Class,2024-09-12,US-2024-164084
Same Day,2024-09-07,US-2024-105599
Second Class,2024-09-09,US-2024-161445
Standard Class,2024-09-12,US-2024-164084
Standard Class,2024-09-14,US-2024-102876
Standard Class,2024-09-14,US-2024-102876
Standard Class,2024-09-12,US-2024-164084
Same Day,2024-09-07,US-2024-105599
Standard Class,2024-09-12,US-2024-164084
Standard Class,2024-09-12,US-2024-110744
Standard Class,2024-09-12,US-2024-164084
Standard Class,2024-09-11,US-2024-140557
Standard Class,2024-09-14,US-2024-102876
Standard Class,2024-09-14,US-2024-151624
First Class,2024-09-11,US-2024-162166
First Class,2024-09-11,US-2024-162166
Standard Class,2024-09-12,CA-2024-153071
Standard Class,2024-09-14,US-2024-147242
Standard Class,2024-09-14,US-2024-139374
Standard Class,2024-09-16,US-2024-108672
Standard Class,2024-09-14,US-2024-147242
Standard Class,2024-09-17,US-2024-136658
Standard Class,2024-09-15,US-2024-168186
Standard Class,2024-09-14,US-2024-147242
Second Class,2024-09-12,US-2024-117772
Standard Class,2024-09-14,US-2024-132906
First Class,2024-09-12,US-2024-126186
Second Class,2024-09-15,US-2024-132465
Standard Class,2024-09-18,US-2024-125934
Standard Class,2024-09-18,US-2024-125934
Standard Class,2024-09-16,US-2024-153794
Standard Class,2024-09-15,US-2024-165057
Standard Class,2024-09-18,US-2024-125934
Standard Class,2024-09-18,US-2024-125934
Standard Class,2024-09-15,US-2024-165057
Standard Class,2024-09-18,US-2024-125934
Second Class,2024-09-15,US-2024-132465
Second Class,2024-09-15,US-2024-132465
Second Class,2024-09-15,US-2024-132465
Standard Class,2024-09-18,US-2024-102016
Standard Class,2024-09-18,US-2024-102016
Standard Class,2024-09-18,US-2024-102016
Standard Class,2024-09-17,US-2024-166464
Standard Class,2024-09-18,US-2024-102016
Standard Class,2024-09-18,US-2024-102016
Standard Class,2024-09-18,US-2024-102016
Second Class,2024-09-17,US-2024-128993
Standard Class,2024-09-17,US-2024-166464
Standard Class,2024-09-18,US-2024-115567
First Class,2024-09-15,US-2024-129007
Second Class,2024-09-17,US-2024-136728
First Class,2024-09-15,US-2024-129007
Standard Class,2024-09-20,US-2024-118843
First Class,2024-09-15,US-2024-129007
First Class,2024-09-15,US-2024-129007
Standard Class,2024-09-17,US-2024-138457
First Class,2024-09-15,US-2024-129007
Standard Class,2024-09-19,US-2024-161347
Second Class,2024-09-17,US-2024-136728
First Class,2024-09-15,US-2024-129007
Standard Class,2024-09-20,US-2024-118843
Standard Class,2024-09-18,US-2024-115567
Standard Class,2024-09-18,US-2024-131597
Standard Class,2024-09-19,US-2024-120362
Standard Class,2024-09-18,US-2024-140984
Second Class,2024-09-18,US-2024-115924
Standard Class,2024-09-18,US-2024-140984
Second Class,2024-09-17,US-2024-128027
Standard Class,2024-09-18,US-2024-140984
Second Class,2024-09-19,US-2024-105102
Standard Class,2024-09-19,US-2024-102582
Same Day,2024-09-15,US-2024-130519
Same Day,2024-09-15,US-2024-130519
Standard Class,2024-09-19,US-2024-102582
Second Class,2024-09-17,US-2024-145849
Second Class,2024-09-19,US-2024-105102
Standard Class,2024-09-20,US-2024-100734
Same Day,2024-09-15,US-2024-130519
Second Class,2024-09-19,US-2024-105102
Second Class,2024-09-17,US-2024-145849
Same Day,2024-09-15,US-2024-130519
Standard Class,2024-09-20,US-2024-100734
Standard Class,2024-09-19,US-2024-102582
Standard Class,2024-09-21,US-2024-167696
Standard Class,2024-09-23,US-2024-126977
Standard Class,2024-09-21,US-2024-150630
Standard Class,2024-09-23,US-2024-126977
Standard Class,2024-09-23,US-2024-126977
Standard Class,2024-09-21,US-2024-143077
Standard Class,2024-09-21,US-2024-150630
Standard Class,2024-09-21,US-2024-138919
Standard Class,2024-09-21,US-2024-150630
Standard Class,2024-09-21,US-2024-150630
Standard Class,2024-09-21,US-2024-143077
Standard Class,2024-09-21,US-2024-150630
Standard Class,2024-09-21,US-2024-150630
First Class,2024-09-20,US-2024-138716
Standard Class,2024-09-21,US-2024-150630
Standard Class,2024-09-23,US-2024-126977
Standard Class,2024-09-23,US-2024-126977
Second Class,2024-09-19,US-2024-133025
Standard Class,2024-09-23,US-2024-126977
Standard Class,2024-09-23,US-2024-126977
Standard Class,2024-09-23,US-2024-141145
Standard Class,2024-09-23,US-2024-126977
Standard Class,2024-09-23,US-2024-126977
Standard Class,2024-09-23,US-2024-126977
Standard Class,2024-09-23,US-2024-167745
Standard Class,2024-09-23,US-2024-167745
Standard Class,2024-09-23,US-2024-109575
Second Class,2024-09-22,US-2024-149713
Standard Class,2024-09-24,US-2024-150511
Second Class,2024-09-22,US-2024-149713
Standard Class,2024-09-23,US-2024-109575
First Class,2024-09-21,US-2024-101154
Standard Class,2024-09-23,US-2024-109575
Second Class,2024-09-22,US-2024-149713
Standard Class,2024-09-23,US-2024-167745
Second Class,2024-09-23,US-2024-142202
Standard Class,2024-09-23,US-2024-109575
Standard Class,2024-09-23,US-2024-109575
Second Class,2024-09-24,US-2024-115847
Standard Class,2024-09-23,US-2024-149517
Standard Class,2024-09-24,US-2024-137603
Second Class,2024-09-22,US-2024-132815
Standard Class,2024-09-26,US-2024-147102
Second Class,2024-09-22,US-2024-135489
Standard Class,2024-09-24,US-2024-126970
Standard Class,2024-09-24,US-2024-141565
First Class,2024-09-22,US-2024-153738
Standard Class,2024-09-26,US-2024-156013
Standard Class,2024-09-26,US-2024-151470
Standard Class,2024-09-26,US-2024-156013
Standard Class,2024-09-24,US-2024-141565
First Class,2024-09-22,CA-2024-153738
Standard Class,2024-09-27,US-2024-168480
Standard Class,2024-09-26,US-2024-158421
Standard Class,2024-09-26,US-2024-117800
First Class,2024-09-23,US-2024-149972
First Class,2024-09-24,US-2024-126697
Same Day,2024-09-21,US-2024-127593
Standard Class,2024-09-27,US-2024-168480
Standard Class,2024-09-26,US-2024-158421
Standard Class,2024-09-26,US-2024-158421
First Class,2024-09-23,US-2024-149972
Standard Class,2024-09-26,US-2024-158421
Standard Class,2024-09-26,US-2024-158421
Standard Class,2024-09-26,US-2024-158421
Standard Class,2024-09-27,US-2024-102036
Standard Class,2024-09-26,US-2024-158421
First Class,2024-09-24,US-2024-126697
Standard Class,2024-09-26,US-2024-158421
Standard Class,2024-09-26,US-2024-117800
Standard Class,2024-09-26,US-2024-158421
First Class,2024-09-24,US-2024-126697
Second Class,2024-09-26,US-2024-134992
Same Day,2024-09-22,US-2024-112571
Second Class,2024-09-26,US-2024-168760
Standard Class,2024-09-26,US-2024-102260
Standard Class,2024-09-26,US-2024-102260
Standard Class,2024-09-26,US-2024-102260
Second Class,2024-09-26,US-2024-134992
Standard Class,2024-09-26,US-2024-102260
Standard Class,2024-09-26,US-2024-102260
First Class,2024-09-25,US-2024-115343
First Class,2024-09-25,US-2024-115343
Standard Class,2024-09-28,US-2024-153381
Standard Class,2024-09-30,US-2024-143119
Standard Class,2024-09-28,US-2024-103835
Standard Class,2024-09-28,US-2024-103835
Second Class,2024-09-27,US-2024-161466
Second Class,2024-09-29,US-2024-106873
Second Class,2024-09-29,US-2024-106873
Same Day,2024-09-24,US-2024-113131
Second Class,2024-09-26,US-2024-161830
Second Class,2024-09-26,US-2024-161830
Standard Class,2024-09-28,US-2024-153381
Same Day,2024-09-24,US-2024-113131
Standard Class,2024-09-29,US-2024-105508
Same Day,2024-09-24,US-2024-113131
Same Day,2024-09-24,US-2024-113131
Same Day,2024-09-24,US-2024-113131
Second Class,2024-09-29,US-2024-106873
Second Class,2024-09-26,US-2024-147816
First Class,2024-09-27,US-2024-164308
Same Day,2024-09-25,US-2024-151869
Standard Class,2024-09-30,US-2024-149083
Standard Class,2024-09-30,US-2024-106320
Standard Class,2024-09-29,US-2024-139738
Standard Class,2024-09-29,US-2024-156510
Standard Class,2024-09-29,US-2024-156510
Standard Class,2024-10-02,US-2024-120845
Standard Class,2024-10-02,US-2024-120845
Standard Class,2024-09-29,US-2024-159779
Second Class,2024-09-28,US-2024-156335
Same Day,2024-09-25,US-2024-160787
Standard Class,2024-10-02,US-2024-120845
Standard Class,2024-10-01,US-2024-100573
Standard Class,2024-09-30,US-2024-149083
Standard Class,2024-09-29,US-2024-156510
Same Day,2024-09-25,US-2024-151869
Standard Class,2024-10-02,US-2024-120845
Second Class,2024-09-28,US-2024-156335
Standard Class,2024-09-30,US-2024-149083
First Class,2024-09-27,US-2024-103933
Second Class,2024-09-28,US-2024-156335
Standard Class,2024-09-30,US-2024-124800
Standard Class,2024-10-03,US-2024-127173
Standard Class,2024-09-30,US-2024-124800
Standard Class,2024-09-30,US-2024-124800
Second Class,2024-09-29,US-2024-120341
Second Class,2024-09-28,US-2024-161991
Standard Class,2024-10-01,US-2024-122371
Standard Class,2024-10-03,US-2024-127173
Standard Class,2024-10-02,US-2024-130883
Standard Class,2024-09-30,US-2024-124800
Standard Class,2024-10-02,US-2024-130883
Standard Class,2024-09-30,US-2024-124800
Standard Class,2024-10-01,US-2024-122371
Standard Class,2024-09-30,US-2024-124800
Standard Class,2024-09-30,US-2024-111458
Standard Class,2024-10-02,US-2024-130883
Standard Class,2024-10-03,US-2024-127173
Standard Class,2024-09-30,US-2024-124800
Second Class,2024-09-28,US-2024-161991
Second Class,2024-09-29,US-2024-120341
First Class,2024-09-29,US-2024-100531
Second Class,2024-09-30,US-2024-103072
Second Class,2024-09-29,US-2024-143616
First Class,2024-09-29,US-2024-100531
Standard Class,2024-10-02,US-2024-125976
Second Class,2024-09-29,US-2024-167255
Second Class,2024-09-30,US-2024-103072
Second Class,2024-09-29,US-2024-167255
Second Class,2024-09-29,US-2024-167255
Standard Class,2024-10-02,US-2024-125976
First Class,2024-10-01,US-2024-169201
First Class,2024-10-01,US-2024-169201
Standard Class,2024-10-05,US-2024-129546
Second Class,2024-10-03,US-2024-120915
Standard Class,2024-10-04,US-2024-106978
Standard Class,2024-10-05,US-2024-129546
Standard Class,2024-10-04,US-2024-106978
Standard Class,2024-10-04,US-2024-106978
Standard Class,2024-10-05,US-2024-129546
Second Class,2024-10-03,US-2024-120915
Standard Class,2024-10-05,US-2024-129546
Second Class,2024-10-04,US-2024-115392
Standard Class,2024-10-05,US-2024-148873
Standard Class,2024-10-06,US-2024-166135
Standard Class,2024-10-05,US-2024-148873
First Class,2024-10-04,US-2024-156566
Second Class,2024-10-04,US-2024-115392
First Class,2024-10-04,US-2024-144771
Second Class,2024-10-05,US-2024-140375
Standard Class,2024-10-06,US-2024-145121
Standard Class,2024-10-06,US-2024-125696
First Class,2024-10-03,US-2024-129917
Standard Class,2024-10-08,US-2024-104493
First Class,2024-10-03,US-2024-129917
Standard Class,2024-10-08,US-2024-137008
Standard Class,2024-10-08,US-2024-137008
Second Class,2024-10-05,US-2024-140375
Second Class,2024-10-07,US-2024-119312
Standard Class,2024-10-07,US-2024-128356
Standard Class,2024-10-08,US-2024-137008
First Class,2024-10-04,US-2024-144771
First Class,2024-10-03,US-2024-129917
Second Class,2024-10-06,US-2024-157014
Standard Class,2024-10-08,US-2024-126137
Second Class,2024-10-06,US-2024-157014
Standard Class,2024-10-09,US-2024-125178
Second Class,2024-10-06,US-2024-157014
Second Class,2024-10-06,US-2024-157014
Second Class,2024-10-09,US-2024-168004
Standard Class,2024-10-09,US-2024-134859
Standard Class,2024-10-09,US-2024-134859
First Class,2024-10-07,US-2024-121391
Standard Class,2024-10-09,US-2024-133445
Standard Class,2024-10-09,US-2024-133445
Standard Class,2024-10-09,US-2024-115091
Standard Class,2024-10-09,US-2024-115091
Second Class,2024-10-08,US-2024-161214
Standard Class,2024-10-09,US-2024-151722
First Class,2024-10-07,US-2024-145828
Standard Class,2024-10-12,US-2024-168529
Standard Class,2024-10-13,US-2024-131352
Standard Class,2024-10-13,US-2024-125710
Standard Class,2024-10-13,US-2024-124499
Standard Class,2024-10-13,US-2024-124499
Second Class,2024-10-12,US-2024-124107
Standard Class,2024-10-13,US-2024-162761
Standard Class,2024-10-13,US-2024-162761
Standard Class,2024-10-13,US-2024-162761
Second Class,2024-10-12,US-2024-124107
Second Class,2024-10-13,US-2024-141040
Standard Class,2024-10-13,US-2024-129098
Second Class,2024-10-12,US-2024-124107
Second Class,2024-10-13,US-2024-141040
Second Class,2024-10-12,US-2024-124107
First Class,2024-10-12,US-2024-132388
Standard Class,2024-10-17,US-2024-112522
First Class,2024-10-12,US-2024-132388
First Class,2024-10-11,US-2024-109736
Standard Class,2024-10-15,US-2024-134719
Standard Class,2024-10-18,US-2024-108966
Standard Class,2024-10-18,US-2024-108966
Second Class,2024-10-13,US-2024-112053
First Class,2024-10-14,US-2024-102281
First Class,2024-10-14,US-2024-102281
Second Class,2024-10-17,US-2024-159786
First Class,2024-10-14,US-2024-102281
Second Class,2024-10-17,US-2024-134747
First Class,2024-10-14,US-2024-102281
Standard Class,2024-10-17,US-2024-142993
Standard Class,2024-10-17,US-2024-142993
First Class,2024-10-14,US-2024-102281
Second Class,2024-10-17,US-2024-134747
Second Class,2024-10-17,US-2024-134747
Standard Class,2024-10-17,US-2024-114300
Standard Class,2024-10-17,US-2024-114300
Same Day,2024-10-15,US-2024-139731
Same Day,2024-10-15,US-2024-126235
Same Day,2024-10-15,US-2024-123918
Standard Class,2024-10-22,US-2024-118766
Standard Class,2024-10-22,US-2024-118766
Same Day,2024-10-15,US-2024-123918
Standard Class,2024-10-20,US-2024-129476
Same Day,2024-10-15,US-2024-139731
Second Class,2024-10-20,US-2024-110765
Same Day,2024-10-17,US-2024-152527
Standard Class,2024-10-22,US-2024-127824
Standard Class,2024-10-22,US-2024-105613
Standard Class,2024-10-22,US-2024-127824
Standard Class,2024-10-22,US-2024-105613
Standard Class,2024-10-22,US-2024-127824
Standard Class,2024-10-24,US-2024-160171
Second Class,2024-10-24,US-2024-150413
Standard Class,2024-10-24,US-2024-113901
First Class,2024-10-20,US-2024-131128
Standard Class,2024-10-24,US-2024-160171
Standard Class,2024-10-24,US-2024-113901
Standard Class,2024-10-24,CA-2024-154231
Standard Class,2024-10-24,US-2024-160563
Standard Class,2024-10-24,US-2024-149097
Standard Class,2024-10-24,US-2024-149097
First Class,2024-10-22,US-2024-164623
Standard Class,2024-10-24,US-2024-160563
Standard Class,2024-10-26,US-2024-104430
Second Class,2024-10-26,US-2024-169733
Second Class,2024-10-27,US-2024-132486
Second Class,2024-10-27,US-2024-132486
Second Class,2024-10-27,US-2024-132486
Same Day,2024-10-23,US-2024-155068
Standard Class,2024-10-28,US-2024-109190
Standard Class,2024-10-28,US-2024-142692
Second Class,2024-10-27,US-2024-132486
Standard Class,2024-10-28,US-2024-109190
First Class,2024-10-26,US-2024-110877
Second Class,2024-10-27,US-2024-132486
Second Class,2024-10-27,US-2024-132486
Standard Class,2024-10-28,US-2024-109190
First Class,2024-10-26,US-2024-110877
Same Day,2024-10-23,US-2024-155068
Same Day,2024-10-23,US-2024-155068
First Class,2024-10-27,US-2024-149650
Standard Class,2024-10-30,US-2024-118738
Standard Class,2024-10-29,US-2024-156608
Standard Class,2024-10-30,US-2024-118738
Standard Class,2024-10-30,US-2024-118738
Same Day,2024-10-25,US-2024-130848
Standard Class,2024-10-30,US-2024-109862
Standard Class,2024-10-30,US-2024-152891
Second Class,2024-10-27,US-2024-105844
Standard Class,2024-10-30,US-2024-152891
Standard Class,2024-10-30,US-2024-109862
Standard Class,2024-11-01,US-2024-150714
Standard Class,2024-11-01,US-2024-150714
Standard Class,2024-11-01,US-2024-150714
Standard Class,2024-10-30,US-2024-139290
Standard Class,2024-11-01,US-2024-150714
Standard Class,2024-11-01,US-2024-150714
Second Class,2024-10-30,US-2024-156146
Second Class,2024-10-30,US-2024-156146
Standard Class,2024-11-03,US-2024-162537
Standard Class,2024-11-03,US-2024-162537
Standard Class,2024-11-03,US-2024-162537
Standard Class,2024-11-03,US-2024-162537
Standard Class,2024-11-02,US-2024-110289
Standard Class,2024-11-02,US-2024-110289
Second Class,2024-11-02,US-2024-131359
First Class,2024-11-02,US-2024-132318
Second Class,2024-11-02,US-2024-131359
Second Class,2024-11-02,US-2024-131359
Same Day,2024-10-30,US-2024-145758
Second Class,2024-11-01,US-2024-123673
Second Class,2024-11-02,US-2024-131359
Same Day,2024-10-31,US-2024-164882
Same Day,2024-10-31,US-2024-164882
Second Class,2024-11-02,US-2024-132570
Same Day,2024-10-31,US-2024-164882
Second Class,2024-11-04,US-2024-164448
Second Class,2024-11-04,US-2024-164448
Same Day,2024-10-31,US-2024-164882
Standard Class,2024-11-06,US-2024-131457
Second Class,2024-11-04,US-2024-164448
Second Class,2024-11-02,US-2024-132570
Same Day,2024-10-31,US-2024-164882
Second Class,2024-11-04,US-2024-164448
Same Day,2024-10-31,US-2024-164882
Same Day,2024-10-31,US-2024-164882
Standard Class,2024-11-04,US-2024-122259
Same Day,2024-10-31,US-2024-164882
Same Day,2024-10-31,US-2024-164882
Second Class,2024-11-03,US-2024-126739
Standard Class,2024-11-05,US-2024-141740
Standard Class,2024-11-05,US-2024-113145
Standard Class,2024-11-08,US-2024-108119
First Class,2024-11-04,US-2024-110163
First Class,2024-11-03,US-2024-105221
Standard Class,2024-11-05,US-2024-113145
Standard Class,2024-11-05,US-2024-113145
First Class,2024-11-03,US-2024-105221
Standard Class,2024-11-06,US-2024-130995
Standard Class,2024-11-05,US-2024-113145
Standard Class,2024-11-05,US-2024-113145
Standard Class,2024-11-06,US-2024-168207
First Class,2024-11-04,US-2024-160227
Standard Class,2024-11-07,US-2024-100657
Standard Class,2024-11-06,US-2024-168207
Standard Class,2024-11-06,US-2024-130890
First Class,2024-11-05,US-2024-138625
Standard Class,2024-11-06,US-2024-168207
Standard Class,2024-11-07,US-2024-141810
Standard Class,2024-11-06,US-2024-168207
Same Day,2024-11-02,US-2024-125416
Standard Class,2024-11-07,US-2024-141810
First Class,2024-11-05,US-2024-162047
Standard Class,2024-11-07,US-2024-140410
Standard Class,2024-11-10,US-2024-121041
Standard Class,2024-11-07,US-2024-140410
Standard Class,2024-11-07,US-2024-140410
Standard Class,2024-11-09,US-2024-131422
Standard Class,2024-11-09,US-2024-118444
First Class,2024-11-08,US-2024-136259
Standard Class,2024-11-11,US-2024-144386
Same Day,2024-11-05,US-2024-131072
Standard Class,2024-11-09,US-2024-103961
Same Day,2024-11-05,US-2024-145485
First Class,2024-11-08,US-2024-136259
First Class,2024-11-09,US-2024-105312
First Class,2024-11-09,US-2024-105312
Second Class,2024-11-09,US-2024-102848
Second Class,2024-11-09,US-2024-162887
Standard Class,2024-11-12,US-2024-163181
Standard Class,2024-11-12,US-2024-163181
Standard Class,2024-11-12,US-2024-163181
Standard Class,2024-11-11,US-2024-105571
Standard Class,2024-11-11,US-2024-105571
Standard Class,2024-11-11,US-2024-134922
Second Class,2024-11-10,US-2024-148432
Second Class,2024-11-10,US-2024-148432
Standard Class,2024-11-13,US-2024-126669
Standard Class,2024-11-12,US-2024-163181
Standard Class,2024-11-12,US-2024-163181
Standard Class,2024-11-12,US-2024-163181
Standard Class,2024-11-12,US-2024-117086
Same Day,2024-11-08,US-2024-114811
Standard Class,2024-11-15,US-2024-108259
Second Class,2024-11-13,US-2024-109386
Same Day,2024-11-08,US-2024-114811
Standard Class,2024-11-14,US-2024-123568
Second Class,2024-11-13,US-2024-109386
Second Class,2024-11-13,US-2024-109386
Second Class,2024-11-13,US-2024-109386
Standard Class,2024-11-14,US-2024-105634
Standard Class,2024-11-15,US-2024-108259
Standard Class,2024-11-14,US-2024-123568
Standard Class,2024-11-13,US-2024-164441
Standard Class,2024-11-13,US-2024-111990
Standard Class,2024-11-15,US-2024-108259
Second Class,2024-11-10,US-2024-117611
Standard Class,2024-11-14,US-2024-123568
Standard Class,2024-11-15,US-2024-108259
Standard Class,2024-11-14,US-2024-123568
Standard Class,2024-11-13,US-2024-164441
Same Day,2024-11-08,US-2024-114811
Standard Class,2024-11-12,US-2024-154886
Second Class,2024-11-10,US-2024-117611
Same Day,2024-11-08,US-2024-114811
Second Class,2024-11-13,US-2024-109386
Standard Class,2024-11-12,US-2024-151407
Same Day,2024-11-08,US-2024-114811
Standard Class,2024-11-13,US-2024-127509
Same Day,2024-11-09,US-2024-113222
Standard Class,2024-11-13,US-2024-127509
Standard Class,2024-11-13,US-2024-127509
Second Class,2024-11-14,US-2024-146486
Standard Class,2024-11-13,US-2024-126466
Standard Class,2024-11-13,US-2024-127509
Same Day,2024-11-09,US-2024-158554
Standard Class,2024-11-14,US-2024-169796
Second Class,2024-11-14,US-2024-146486
Second Class,2024-11-14,US-2024-146486
Second Class,2024-11-14,US-2024-146486
Standard Class,2024-11-14,US-2024-169796
Standard Class,2024-11-14,US-2024-121783
Standard Class,2024-11-14,US-2024-121783
Standard Class,2024-11-14,US-2024-121783
Standard Class,2024-11-14,US-2024-121783
Standard Class,2024-11-14,US-2024-147690
Second Class,2024-11-14,US-2024-158659
Standard Class,2024-11-15,US-2024-155040
Standard Class,2024-11-14,US-2024-121783
Same Day,2024-11-11,US-2024-111948
Same Day,2024-11-11,US-2024-111948
Standard Class,2024-11-19,US-2024-113628
Standard Class,2024-11-19,US-2024-113628
Standard Class,2024-11-19,US-2024-113628
Standard Class,2024-11-19,US-2024-113628
Standard Class,2024-11-19,US-2024-113628
Standard Class,2024-11-18,US-2024-153283
Standard Class,2024-11-18,US-2024-162964
First Class,2024-11-14,US-2024-153220
Standard Class,2024-11-18,US-2024-162964
Standard Class,2024-11-18,US-2024-162964
Standard Class,2024-11-19,US-2024-113628
Standard Class,2024-11-17,US-2024-130183
Standard Class,2024-11-17,US-2024-104948
Standard Class,2024-11-19,US-2024-115798
Standard Class,2024-11-17,US-2024-144519
Same Day,2024-11-13,US-2024-153073
Standard Class,2024-11-17,US-2024-156867
Standard Class,2024-11-17,US-2024-104948
Standard Class,2024-11-17,US-2024-156867
Standard Class,2024-11-18,US-2024-136147
Standard Class,2024-11-17,US-2024-149909
Standard Class,2024-11-19,US-2024-115798
Standard Class,2024-11-17,US-2024-111199
Standard Class,2024-11-17,US-2024-149909
Standard Class,2024-11-17,US-2024-104948
Standard Class,2024-11-17,US-2024-114503
Standard Class,2024-11-17,US-2024-156867
Standard Class,2024-11-18,US-2024-136147
Standard Class,2024-11-17,US-2024-149909
Standard Class,2024-11-19,US-2024-115798
Standard Class,2024-11-19,US-2024-115798
Standard Class,2024-11-17,US-2024-144519
Standard Class,2024-11-19,US-2024-123141
Standard Class,2024-11-19,US-2024-123141
Standard Class,2024-11-19,US-2024-111927
First Class,2024-11-17,US-2024-154746
Standard Class,2024-11-19,US-2024-111927
First Class,2024-11-17,US-2024-154746
First Class,2024-11-17,US-2024-138674
Standard Class,2024-11-19,US-2024-137897
First Class,2024-11-17,US-2024-138674
Standard Class,2024-11-20,US-2024-151043
Standard Class,2024-11-19,US-2024-137897
Standard Class,2024-11-19,US-2024-137897
First Class,2024-11-17,US-2024-138674
Standard Class,2024-11-19,US-2024-145324
First Class,2024-11-17,US-2024-138954
Standard Class,2024-11-20,US-2024-129525
First Class,2024-11-17,US-2024-138954
Second Class,2024-11-17,US-2024-113173
Second Class,2024-11-17,US-2024-113173
First Class,2024-11-17,US-2024-138954
Second Class,2024-11-17,US-2024-113173
Second Class,2024-11-18,US-2024-135685
Standard Class,2024-11-20,US-2024-145394
Standard Class,2024-11-20,US-2024-150875
Second Class,2024-11-18,US-2024-135685
Second Class,2024-11-18,US-2024-135685
Standard Class,2024-11-22,US-2024-164539
First Class,2024-11-18,US-2024-120446
Second Class,2024-11-18,US-2024-135685
Standard Class,2024-11-20,US-2024-145394
Second Class,2024-11-18,US-2024-135685
Standard Class,2024-11-20,US-2024-145394
Standard Class,2024-11-20,US-2024-150875
Standard Class,2024-11-21,US-2024-126725
Standard Class,2024-11-24,US-2024-110863
Standard Class,2024-11-21,US-2024-126725
Standard Class,2024-11-21,US-2024-126725
Standard Class,2024-11-24,US-2024-110863
Standard Class,2024-11-21,US-2024-126725
Standard Class,2024-11-21,US-2024-126725
Standard Class,2024-11-21,US-2024-126725
Standard Class,2024-11-24,US-2024-110863
Second Class,2024-11-21,US-2024-163090
Standard Class,2024-11-21,US-2024-126725
Second Class,2024-11-21,US-2024-151680
Standard Class,2024-11-26,US-2024-166800
Standard Class,2024-11-24,US-2024-145814
Standard Class,2024-11-24,US-2024-145814
Standard Class,2024-11-27,US-2024-163965
Standard Class,2024-11-25,US-2024-100454
Second Class,2024-11-23,US-2024-165743
Standard Class,2024-11-24,US-2024-124058
Standard Class,2024-11-24,US-2024-110891
Standard Class,2024-11-24,US-2024-158589
Standard Class,2024-11-25,US-2024-112305
Standard Class,2024-11-26,US-2024-116484
Standard Class,2024-11-25,US-2024-112305
Standard Class,2024-11-25,US-2024-100454
Standard Class,2024-11-26,US-2024-144652
Standard Class,2024-11-25,US-2024-100454
Second Class,2024-11-23,US-2024-165743
Second Class,2024-11-23,US-2024-165743
First Class,2024-11-21,US-2024-136420
Standard Class,2024-11-24,US-2024-146465
Standard Class,2024-11-27,US-2024-163965
Standard Class,2024-11-27,US-2024-163965
First Class,2024-11-21,US-2024-136420
Standard Class,2024-11-26,US-2024-156524
Standard Class,2024-11-27,US-2024-163965
Standard Class,2024-11-26,US-2024-116484
Standard Class,2024-11-25,US-2024-112305
Standard Class,2024-11-24,US-2024-161767
Standard Class,2024-11-24,US-2024-124058
Standard Class,2024-11-25,US-2024-115511
Second Class,2024-11-26,US-2024-105690
Second Class,2024-11-23,US-2024-101511
First Class,2024-11-24,US-2024-102778
Standard Class,2024-11-25,US-2024-119879
Second Class,2024-11-23,US-2024-159499
Second Class,2024-11-23,US-2024-109337
Standard Class,2024-11-27,US-2024-107083
Standard Class,2024-11-27,US-2024-107083
Second Class,2024-11-23,US-2024-109337
Standard Class,2024-11-27,US-2024-107083
Standard Class,2024-11-27,US-2024-107083
Standard Class,2024-11-25,US-2024-115511
Second Class,2024-11-26,US-2024-105690
Second Class,2024-11-23,US-2024-159499
Second Class,2024-11-23,US-2024-101511
Second Class,2024-11-23,US-2024-109337
Second Class,2024-11-23,US-2024-159499
Second Class,2024-11-26,US-2024-105690
Second Class,2024-11-23,US-2024-109337
Standard Class,2024-11-25,US-2024-119879
Standard Class,2024-11-27,US-2024-139094
Standard Class,2024-11-26,US-2024-118983
Second Class,2024-11-25,US-2024-162376
Standard Class,2024-11-26,US-2024-118983
Standard Class,2024-11-26,US-2024-100545
Standard Class,2024-11-27,US-2024-168459
Standard Class,2024-11-27,US-2024-168459
Second Class,2024-11-25,US-2024-137708
Second Class,2024-11-25,US-2024-162376
Second Class,2024-11-25,US-2024-137708
Standard Class,2024-11-26,US-2024-123505
Second Class,2024-11-25,US-2024-137708
Standard Class,2024-11-26,US-2024-165449
First Class,2024-11-23,US-2024-149300
Second Class,2024-11-27,US-2024-123113
Second Class,2024-11-25,US-2024-144274
Second Class,2024-11-27,US-2024-123113
Standard Class,2024-11-27,US-2024-111395
Second Class,2024-11-25,US-2024-144274
Standard Class,2024-11-27,US-2024-111395
Second Class,2024-11-25,US-2024-144274
Second Class,2024-11-25,US-2024-144274
Standard Class,2024-11-27,US-2024-111395
Second Class,2024-11-25,US-2024-144274
Standard Class,2024-11-30,US-2024-135545
Standard Class,2024-11-28,US-2024-105347
Standard Class,2024-11-30,US-2024-135545
Standard Class,2024-11-29,US-2024-153416
Standard Class,2024-11-29,US-2024-153416
Standard Class,2024-11-28,US-2024-105347
Standard Class,2024-11-29,US-2024-153416
Standard Class,2024-11-30,US-2024-135545
Standard Class,2024-11-29,US-2024-153416
Standard Class,2024-11-30,US-2024-135545
Standard Class,2024-11-29,US-2024-164357
Standard Class,2024-11-30,US-2024-166975
Standard Class,2024-11-30,US-2024-117961
Standard Class,2024-11-30,US-2024-117961
Standard Class,2024-11-30,US-2024-117961
Standard Class,2024-11-30,US-2024-117961
Standard Class,2024-12-01,US-2024-158939
Second Class,2024-11-29,US-2024-130974
Standard Class,2024-12-03,US-2024-101910
Second Class,2024-11-29,US-2024-130974
Standard Class,2024-12-02,US-2024-168935
Second Class,2024-11-29,US-2024-130974
Standard Class,2024-12-01,US-2024-163762
Standard Class,2024-12-01,US-2024-160059
Standard Class,2024-12-01,US-2024-125234
Second Class,2024-11-29,US-2024-130974
Second Class,2024-11-29,US-2024-130974
Second Class,2024-11-29,US-2024-130974
Standard Class,2024-12-01,US-2024-125234
First Class,2024-11-29,US-2024-145184
Standard Class,2024-12-02,US-2024-168935
Second Class,2024-11-29,US-2024-130974
First Class,2024-11-29,US-2024-145184
Standard Class,2024-12-03,US-2024-154389
Standard Class,2024-12-03,US-2024-161711
Standard Class,2024-12-04,US-2024-159982
Standard Class,2024-12-02,US-2024-111612
Standard Class,2024-12-04,US-2024-136196
Standard Class,2024-12-03,US-2024-157133
First Class,2024-11-30,US-2024-164497
Standard Class,2024-12-03,US-2024-157028
Standard Class,2024-12-03,US-2024-161711
Standard Class,2024-12-02,US-2024-111612
Standard Class,2024-12-02,US-2024-142930
Standard Class,2024-12-04,US-2024-159982
Standard Class,2024-12-04,US-2024-159982
Standard Class,2024-12-04,US-2024-159982
Standard Class,2024-12-04,US-2024-110016
Standard Class,2024-12-03,US-2024-138009
Standard Class,2024-12-03,US-2024-138009
First Class,2024-11-30,US-2024-154340
Standard Class,2024-12-03,US-2024-138009
First Class,2024-11-30,US-2024-129112
Same Day,2024-11-30,US-2024-144099
Standard Class,2024-12-04,US-2024-110016
Standard Class,2024-12-03,US-2024-138009
First Class,2024-11-30,US-2024-129112
Standard Class,2024-12-04,US-2024-137925
First Class,2024-12-03,US-2024-141327
First Class,2024-12-03,US-2024-158323
Second Class,2024-12-02,US-2024-107685
First Class,2024-12-03,US-2024-141327
Second Class,2024-12-03,US-2024-141453
First Class,2024-12-03,US-2024-141327
Standard Class,2024-12-04,US-2024-122210
Second Class,2024-12-02,US-2024-140830
Second Class,2024-12-02,US-2024-140830
Standard Class,2024-12-04,US-2024-122210
Standard Class,2024-12-04,US-2024-137925
Second Class,2024-12-02,US-2024-107685
Standard Class,2024-12-05,US-2024-156328
Standard Class,2024-12-04,US-2024-122210
Second Class,2024-12-05,US-2024-137113
Standard Class,2024-12-06,US-2024-111038
Same Day,2024-12-02,US-2024-105676
Second Class,2024-12-05,US-2024-137113
Standard Class,2024-12-05,US-2024-110324
Standard Class,2024-12-06,US-2024-103723
Standard Class,2024-12-08,US-2024-119907
Standard Class,2024-12-07,US-2024-148817
Standard Class,2024-12-05,US-2024-110324
Standard Class,2024-12-05,US-2024-110324
Second Class,2024-12-05,US-2024-137113
Second Class,2024-12-05,US-2024-137113
Standard Class,2024-12-07,US-2024-148817
Second Class,2024-12-05,US-2024-137113
Standard Class,2024-12-06,CA-2024-112224
Standard Class,2024-12-06,CA-2024-145154
Standard Class,2024-12-06,CA-2024-154124
Standard Class,2024-12-07,US-2024-145422
Standard Class,2024-12-07,US-2024-123092
Standard Class,2024-12-07,US-2024-122756
Standard Class,2024-12-07,US-2024-123092
Standard Class,2024-12-07,US-2024-123092
Standard Class,2024-12-07,US-2024-142475
Standard Class,2024-12-08,US-2024-147851
Standard Class,2024-12-08,US-2024-110093
Second Class,2024-12-05,US-2024-156853
Standard Class,2024-12-08,US-2024-110093
Standard Class,2024-12-07,US-2024-122756
Standard Class,2024-12-07,US-2024-123092
Standard Class,2024-12-10,US-2024-161718
Standard Class,2024-12-10,US-2024-161718
Second Class,2024-12-09,US-2024-130659
Second Class,2024-12-09,US-2024-118871
Standard Class,2024-12-10,US-2024-161718
Standard Class,2024-12-09,US-2024-119508
Standard Class,2024-12-09,US-2024-119508
Second Class,2024-12-07,US-2024-155600
Second Class,2024-12-07,US-2024-155600
Standard Class,2024-12-08,US-2024-110247
Second Class,2024-12-09,US-2024-118871
Second Class,2024-12-09,US-2024-130659
Standard Class,2024-12-09,US-2024-142377
Second Class,2024-12-09,US-2024-118871
Standard Class,2024-12-10,US-2024-161718
Second Class,2024-12-09,US-2024-130659
Standard Class,2024-12-09,CA-2024-119508
Standard Class,2024-12-09,CA-2024-119508
Second Class,2024-12-09,US-2024-110814
First Class,2024-12-08,US-2024-131842
Standard Class,2024-12-09,US-2024-156440
First Class,2024-12-06,US-2024-142937
First Class,2024-12-06,US-2024-134943
Second Class,2024-12-09,US-2024-101091
Second Class,2024-12-09,US-2024-110814
Standard Class,2024-12-11,US-2024-117898
Standard Class,2024-12-10,US-2024-149566
Second Class,2024-12-09,US-2024-110814
Standard Class,2024-12-10,US-2024-149566
Second Class,2024-12-09,US-2024-101091
Same Day,2024-12-06,US-2024-131884
Standard Class,2024-12-11,US-2024-144806
Standard Class,2024-12-10,US-2024-127040
Standard Class,2024-12-11,US-2024-168634
Standard Class,2024-12-13,US-2024-143490
Standard Class,2024-12-11,US-2024-144806
Same Day,2024-12-06,US-2024-131884
Standard Class,2024-12-12,US-2024-149692
First Class,2024-12-07,US-2024-166338
Standard Class,2024-12-10,US-2024-114741
Standard Class,2024-12-10,US-2024-114741
Standard Class,2024-12-10,US-2024-127040
Standard Class,2024-12-11,US-2024-144806
Standard Class,2024-12-11,US-2024-144806
Standard Class,2024-12-11,US-2024-148628
Standard Class,2024-12-10,US-2024-127040
Second Class,2024-12-11,US-2024-136700
Standard Class,2024-12-10,US-2024-114741
Standard Class,2024-12-11,US-2024-144806
Standard Class,2024-12-10,US-2024-127040
Second Class,2024-12-08,US-2024-156104
Standard Class,2024-12-13,US-2024-143490
Same Day,2024-12-06,US-2024-131884
Second Class,2024-12-11,US-2024-153752
Standard Class,2024-12-11,US-2024-134894
Standard Class,2024-12-12,US-2024-135272
Standard Class,2024-12-11,US-2024-134894
First Class,2024-12-09,US-2024-165050
First Class,2024-12-09,US-2024-165050
First Class,2024-12-09,US-2024-130736
First Class,2024-12-09,US-2024-130736
Same Day,2024-12-07,US-2024-120957
First Class,2024-12-09,US-2024-165050
Second Class,2024-12-11,US-2024-135622
Standard Class,2024-12-12,US-2024-156118
Standard Class,2024-12-12,US-2024-129532
Standard Class,2024-12-12,US-2024-129532
Second Class,2024-12-11,US-2024-135622
Second Class,2024-12-10,US-2024-103205
First Class,2024-12-12,US-2024-157035
Standard Class,2024-12-16,US-2024-138093
Standard Class,2024-12-16,US-2024-121650
Standard Class,2024-12-16,US-2024-121650
Standard Class,2024-12-15,US-2024-106208
Standard Class,2024-12-16,US-2024-138093
Standard Class,2024-12-16,US-2024-121650
Standard Class,2024-12-16,US-2024-168732
Standard Class,2024-12-15,US-2024-115693
Standard Class,2024-12-16,US-2024-121650
Standard Class,2024-12-14,US-2024-127502
Same Day,2024-12-10,US-2024-143105
Standard Class,2024-12-16,US-2024-138093
Standard Class,2024-12-16,US-2024-168732
Standard Class,2024-12-16,US-2024-138093
Same Day,2024-12-10,US-2024-143105
Same Day,2024-12-10,US-2024-143105
Standard Class,2024-12-16,US-2024-168732
Standard Class,2024-12-16,US-2024-112823
Same Day,2024-12-10,US-2024-143105
Standard Class,2024-12-16,US-2024-138093
Standard Class,2024-12-16,US-2024-104346
Standard Class,2024-12-16,US-2024-104346
Standard Class,2024-12-16,US-2024-104346
Standard Class,2024-12-16,US-2024-104346
Standard Class,2024-12-16,US-2024-104346
Standard Class,2024-12-16,US-2024-104346
Standard Class,2024-12-15,US-2024-120572
Standard Class,2024-12-15,US-2024-106362
Standard Class,2024-12-17,US-2024-134082
First Class,2024-12-14,US-2024-135853
First Class,2024-12-12,US-2024-150560
Standard Class,2024-12-16,US-2024-104346
Standard Class,2024-12-16,US-2024-104346
Same Day,2024-12-11,US-2024-155761
Same Day,2024-12-11,US-2024-155761
Standard Class,2024-12-16,US-2024-104346
First Class,2024-12-14,US-2024-135853
First Class,2024-12-14,US-2024-135853
Standard Class,2024-12-16,US-2024-154620
Standard Class,2024-12-16,US-2024-134075
Second Class,2024-12-16,US-2024-155586
Standard Class,2024-12-17,US-2024-129042
First Class,2024-12-15,US-2024-145065
Second Class,2024-12-16,US-2024-155586
First Class,2024-12-15,US-2024-145065
Second Class,2024-12-16,US-2024-155586
Second Class,2024-12-15,US-2024-127481
Second Class,2024-12-15,US-2024-127481
Standard Class,2024-12-16,US-2024-134075
First Class,2024-12-15,US-2024-110870
Standard Class,2024-12-16,US-2024-167220
First Class,2024-12-15,US-2024-110870
Second Class,2024-12-16,CA-2024-155586
Second Class,2024-12-16,CA-2024-155586
Second Class,2024-12-16,CA-2024-155586
Standard Class,2024-12-17,US-2024-148250
First Class,2024-12-15,US-2024-157770
Standard Class,2024-12-20,US-2024-139962
Second Class,2024-12-15,US-2024-125423
Standard Class,2024-12-17,US-2024-148250
Standard Class,2024-12-20,US-2024-139962
First Class,2024-12-15,US-2024-157770
First Class,2024-12-15,US-2024-157770
First Class,2024-12-15,US-2024-157770
Standard Class,2024-12-18,US-2024-130253
Standard Class,2024-12-18,US-2024-125066
Standard Class,2024-12-18,US-2024-114048
Second Class,2024-12-16,US-2024-141593
Standard Class,2024-12-18,US-2024-125066
Second Class,2024-12-16,US-2024-141593
Second Class,2024-12-16,US-2024-141593
Standard Class,2024-12-19,US-2024-146696
Second Class,2024-12-16,US-2024-119592
Second Class,2024-12-16,US-2024-141593
Second Class,2024-12-19,US-2024-126347
Second Class,2024-12-16,US-2024-123232
First Class,2024-12-18,US-2024-147830
Standard Class,2024-12-22,US-2024-109638
Standard Class,2024-12-19,US-2024-137225
Standard Class,2024-12-22,US-2024-109638
First Class,2024-12-18,US-2024-147830
Standard Class,2024-12-22,US-2024-109638
First Class,2024-12-18,US-2024-147830
Standard Class,2024-12-20,US-2024-150308
First Class,2024-12-18,US-2024-147830
First Class,2024-12-19,US-2024-162544
Same Day,2024-12-17,US-2024-138121
Same Day,2024-12-17,US-2024-138121
Same Day,2024-12-17,US-2024-138121
Standard Class,2024-12-22,US-2024-129637
Same Day,2024-12-17,US-2024-138121
Second Class,2024-12-19,US-2024-134117
Standard Class,2024-12-22,US-2024-129637
Second Class,2024-12-19,US-2024-134117
Same Day,2024-12-17,US-2024-138121
Second Class,2024-12-19,US-2024-134117
Standard Class,2024-12-22,US-2024-129637
Second Class,2024-12-19,US-2024-134117
Standard Class,2024-12-25,US-2024-153038
Standard Class,2024-12-22,US-2024-107468
Standard Class,2024-12-25,US-2024-153038
Standard Class,2024-12-25,US-2024-153038
Same Day,2024-12-18,US-2024-137533
Standard Class,2024-12-23,US-2024-120161
Same Day,2024-12-18,US-2024-137960
Second Class,2024-12-24,US-2024-134558
First Class,2024-12-20,US-2024-127453
First Class,2024-12-20,US-2024-127453
First Class,2024-12-20,US-2024-127453
Second Class,2024-12-21,US-2024-100685
Second Class,2024-12-21,US-2024-100685
First Class,2024-12-22,US-2024-115399
Second Class,2024-12-24,US-2024-134558
Second Class,2024-12-21,US-2024-100685
Standard Class,2024-12-24,US-2024-157084
Second Class,2024-12-24,US-2024-134558
Standard Class,2024-12-23,US-2024-109113
Second Class,2024-12-23,US-2024-110261
Standard Class,2024-12-24,US-2024-157084
Standard Class,2024-12-25,US-2024-123218
Standard Class,2024-12-24,US-2024-154795
Standard Class,2024-12-26,US-2024-158148
Standard Class,2024-12-24,US-2024-154795
Standard Class,2024-12-25,US-2024-141754
Standard Class,2024-12-24,US-2024-154144
Second Class,2024-12-25,US-2024-158918
Standard Class,2024-12-24,US-2024-120712
Standard Class,2024-12-25,US-2024-123218
First Class,2024-12-21,US-2024-137071
Standard Class,2024-12-25,US-2024-123218
Second Class,2024-12-26,US-2024-154284
Second Class,2024-12-24,US-2024-126214
Standard Class,2024-12-25,US-2024-127019
Second Class,2024-12-26,US-2024-154284
Second Class,2024-12-23,US-2024-161795
Standard Class,2024-12-27,US-2024-112375
Second Class,2024-12-24,US-2024-126214
Second Class,2024-12-26,US-2024-154284
Standard Class,2024-12-27,US-2024-112375
Second Class,2024-12-26,US-2024-154284
First Class,2024-12-24,US-2024-165414
First Class,2024-12-23,US-2024-157287
Standard Class,2024-12-27,US-2024-153612
First Class,2024-12-23,US-2024-157287
First Class,2024-12-26,US-2024-117828
Standard Class,2024-12-28,US-2024-103471
Standard Class,2024-12-28,US-2024-135538
First Class,2024-12-27,US-2024-169397
Standard Class,2024-12-29,US-2024-120103
Standard Class,2024-12-30,US-2024-128587
First Class,2024-12-27,US-2024-169397
Standard Class,2024-12-28,US-2024-103471
Standard Class,2024-12-29,US-2024-158456
First Class,2024-12-27,US-2024-169397
First Class,2024-12-27,US-2024-169397
Standard Class,2024-12-29,US-2024-158456
First Class,2024-12-26,US-2024-124653
First Class,2024-12-26,US-2024-124653
Standard Class,2024-12-29,US-2024-120103
First Class,2024-12-26,US-2024-124653
First Class,2024-12-27,US-2024-169397
Standard Class,2024-12-30,US-2024-128587
First Class,2024-12-27,US-2024-169397
Standard Class,2024-12-29,US-2024-120103
Standard Class,2024-12-30,US-2024-113152
Standard Class,2025-01-01,US-2024-153717
Second Class,2024-12-27,US-2024-136749
Standard Class,2024-12-29,US-2024-147739
Standard Class,2024-12-29,US-2024-143980
Standard Class,2025-01-01,US-2024-153717
Second Class,2024-12-27,US-2024-136749
Standard Class,2024-12-31,US-2024-144288
Second Class,2024-12-30,US-2024-111780
Standard Class,2024-12-29,US-2024-144890
Second Class,2024-12-30,US-2024-111780
Standard Class,2025-01-01,US-2024-153717
Standard Class,2024-12-31,US-2024-144288
Standard Class,2024-12-30,US-2024-113152
Second Class,2024-12-30,US-2024-111780
Standard Class,2025-01-01,US-2024-153717
Standard Class,2024-12-31,US-2024-119550
Standard Class,2024-12-30,US-2024-111073
Standard Class,2025-01-02,US-2024-158792
Second Class,2024-12-30,US-2024-124933
Standard Class,2025-01-02,CA-2024-158792
Standard Class,2024-12-31,US-2024-117415
Standard Class,2024-12-31,US-2024-103870
Standard Class,2024-12-31,US-2024-117415
Standard Class,2024-12-31,US-2024-103870
Standard Class,2024-12-31,US-2024-101889
Standard Class,2024-12-31,US-2024-148376
Standard Class,2024-12-31,US-2024-165085
Standard Class,2024-12-31,US-2024-134782
Standard Class,2024-12-31,US-2024-117415
Standard Class,2024-12-31,US-2024-101889
Standard Class,2024-12-31,US-2024-148376
Standard Class,2024-12-31,US-2024-165085
First Class,2024-12-30,US-2024-151589
Standard Class,2024-12-31,US-2024-130113
Standard Class,2024-12-31,US-2024-103870
Standard Class,2025-01-01,US-2024-163783
Standard Class,2024-12-31,US-2024-103870
Second Class,2024-12-29,US-2024-155145
Standard Class,2024-12-31,US-2024-103870
Standard Class,2024-12-31,US-2024-117415
Standard Class,2024-12-31,US-2024-130113
First Class,2024-12-30,US-2024-151589
Standard Class,2025-01-01,US-2024-148859
Second Class,2024-12-31,US-2024-119697
Standard Class,2025-01-05,US-2024-130855
Standard Class,2025-01-03,US-2024-135580
Standard Class,2025-01-03,US-2024-135580
Standard Class,2025-01-03,US-2024-135580
Standard Class,2025-01-03,US-2024-135580
Standard Class,2025-01-03,US-2024-135580
Standard Class,2025-01-05,US-2024-156377
Second Class,2025-01-03,US-2024-109470
Second Class,2025-01-03,US-2024-109470
Standard Class,2025-01-05,US-2024-156377
Second Class,2025-01-03,US-2024-109470
Second Class,2025-01-02,US-2024-139780
Second Class,2025-01-03,US-2024-109470
Standard Class,2025-01-04,US-2024-109197
Standard Class,2025-01-04,US-2024-120901
Standard Class,2025-01-04,US-2024-120901
Standard Class,2025-01-04,US-2024-120901
Standard Class,2025-01-07,US-2025-160304
Standard Class,2025-01-07,US-2025-160304
Standard Class,2025-01-08,US-2025-105207
Standard Class,2025-01-08,US-2025-105207
First Class,2025-01-05,US-2025-125206
Standard Class,2025-01-08,US-2025-116365
Standard Class,2025-01-08,US-2025-116365
Standard Class,2025-01-08,US-2025-116365
Standard Class,2025-01-08,US-2025-158211
Standard Class,2025-01-08,US-2025-158211
Standard Class,2025-01-09,US-2025-164630
Second Class,2025-01-07,US-2025-134474
Second Class,2025-01-07,US-2025-134474
Second Class,2025-01-07,US-2025-134474
Standard Class,2025-01-11,US-2025-158806
Standard Class,2025-01-12,US-2025-101938
Standard Class,2025-01-11,US-2025-158806
Standard Class,2025-01-12,US-2025-100461
Standard Class,2025-01-13,US-2025-137295
Standard Class,2025-01-12,US-2025-100461
Standard Class,2025-01-13,US-2025-137295
Standard Class,2025-01-13,US-2025-137295
Second Class,2025-01-13,US-2025-126543
Standard Class,2025-01-15,US-2025-108882
Standard Class,2025-01-15,US-2025-108882
Second Class,2025-01-13,US-2025-163937
Standard Class,2025-01-17,US-2025-116547
Standard Class,2025-01-17,US-2025-116547
Standard Class,2025-01-15,US-2025-141887
Second Class,2025-01-13,US-2025-126529
Second Class,2025-01-13,US-2025-126529
Second Class,2025-01-13,US-2025-126529
Standard Class,2025-01-20,US-2025-133368
Standard Class,2025-01-20,US-2025-133368
Same Day,2025-01-15,US-2025-140746
Standard Class,2025-01-19,US-2025-152072
Standard Class,2025-01-21,US-2025-137848
Standard Class,2025-01-21,US-2025-137848
Standard Class,2025-01-19,US-2025-152072
First Class,2025-01-17,US-2025-166912
Standard Class,2025-01-21,US-2025-137848
Standard Class,2025-01-19,US-2025-152072
Second Class,2025-01-20,US-2025-121755
Second Class,2025-01-20,US-2025-121755
Standard Class,2025-01-21,US-2025-116736
Standard Class,2025-01-21,US-2025-106558
Standard Class,2025-01-21,US-2025-116736
Standard Class,2025-01-21,US-2025-116736
Standard Class,2025-01-22,CA-2025-155412
Second Class,2025-01-23,US-2025-167339
Second Class,2025-01-23,US-2025-167339
Standard Class,2025-01-24,CA-2025-115238
Standard Class,2025-01-24,CA-2025-115238
Standard Class,2025-01-24,CA-2025-115238
Standard Class,2025-01-24,CA-2025-115238
Standard Class,2025-01-24,CA-2025-115238
Standard Class,2025-01-28,US-2025-135923
Standard Class,2025-01-28,US-2025-138079
Standard Class,2025-01-28,US-2025-135923
Standard Class,2025-01-28,US-2025-135923
Standard Class,2025-01-29,US-2025-155180
Standard Class,2025-01-28,US-2025-111010
Standard Class,2025-01-28,US-2025-125850
Standard Class,2025-01-28,US-2025-125850
Standard Class,2025-01-27,US-2025-146318
Standard Class,2025-01-27,US-2025-148208
Standard Class,2025-01-27,US-2025-148208
Standard Class,2025-01-29,US-2025-113656
Standard Class,2025-01-27,US-2025-165505
Standard Class,2025-01-27,US-2025-165505
Standard Class,2025-01-27,US-2025-165505
Second Class,2025-01-26,US-2025-109407
Second Class,2025-01-28,US-2025-168046
Second Class,2025-01-28,US-2025-168046
First Class,2025-01-27,US-2025-153346
Second Class,2025-01-28,US-2025-168046
First Class,2025-01-27,US-2025-153346
Second Class,2025-01-28,US-2025-168046
Second Class,2025-02-01,US-2025-146437
Second Class,2025-02-01,US-2025-166660
Second Class,2025-02-01,US-2025-166660
Standard Class,2025-02-03,US-2025-168032
Standard Class,2025-02-03,US-2025-164483
Standard Class,2025-02-03,US-2025-168032
First Class,2025-01-31,US-2025-153661
First Class,2025-01-31,US-2025-153661
Standard Class,2025-02-04,US-2025-114944
First Class,2025-01-31,US-2025-153661
Standard Class,2025-02-03,US-2025-168032
Standard Class,2025-02-06,US-2025-159891
Second Class,2025-02-04,US-2025-158043
Standard Class,2025-02-06,US-2025-159891
Standard Class,2025-02-04,US-2025-129238
Second Class,2025-02-02,US-2025-147970
Standard Class,2025-02-04,US-2025-129238
Standard Class,2025-02-07,US-2025-154067
First Class,2025-02-03,US-2025-140809
Second Class,2025-02-04,US-2025-158841
Standard Class,2025-02-08,US-2025-144645
Second Class,2025-02-04,US-2025-158841
Standard Class,2025-02-07,US-2025-147431
Second Class,2025-02-04,US-2025-158841
Standard Class,2025-02-10,US-2025-118514
Standard Class,2025-02-08,US-2025-117912
Standard Class,2025-02-09,US-2025-101189
Standard Class,2025-02-10,US-2025-150077
Same Day,2025-02-05,US-2025-108504
Same Day,2025-02-05,US-2025-108504
Standard Class,2025-02-10,US-2025-100993
Same Day,2025-02-05,US-2025-108504
Same Day,2025-02-05,US-2025-108504
Standard Class,2025-02-10,US-2025-100993
Same Day,2025-02-05,US-2025-108504
Same Day,2025-02-05,US-2025-108504
Same Day,2025-02-05,US-2025-108504
Same Day,2025-02-05,US-2025-108504
Standard Class,2025-02-10,US-2025-100993
Same Day,2025-02-05,US-2025-108504
Same Day,2025-02-05,US-2025-108504
Standard Class,2025-02-10,US-2025-100993
Same Day,2025-02-05,US-2025-108504
Standard Class,2025-02-11,US-2025-125017
Same Day,2025-02-07,US-2025-106894
First Class,2025-02-09,US-2025-161662
Same Day,2025-02-07,US-2025-106894
Second Class,2025-02-10,US-2025-135461
Standard Class,2025-02-15,US-2025-163048
Second Class,2025-02-11,US-2025-109344
Standard Class,2025-02-13,US-2025-112396
Standard Class,2025-02-13,US-2025-112396
First Class,2025-02-13,US-2025-164938
First Class,2025-02-14,US-2025-110492
First Class,2025-02-14,US-2025-110492
Standard Class,2025-02-18,US-2025-112942
First Class,2025-02-15,US-2025-134334
First Class,2025-02-15,US-2025-134334
First Class,2025-02-15,US-2025-134334
Standard Class,2025-02-19,US-2025-146150
First Class,2025-02-15,US-2025-134334
Standard Class,2025-02-22,US-2025-162859
Standard Class,2025-02-22,US-2025-162859
Standard Class,2025-02-20,US-2025-134138
Standard Class,2025-02-20,US-2025-105781
Standard Class,2025-02-20,US-2025-168956
Standard Class,2025-02-23,US-2025-108105
Standard Class,2025-02-20,US-2025-168956
Standard Class,2025-02-23,US-2025-108105
Standard Class,2025-02-20,US-2025-168956
Standard Class,2025-02-20,US-2025-168956
Standard Class,2025-02-20,US-2025-105781
Standard Class,2025-02-24,US-2025-123274
Second Class,2025-02-23,US-2025-101630
Second Class,2025-02-22,US-2025-106460
Standard Class,2025-02-24,US-2025-123274
Second Class,2025-02-23,US-2025-101630
Standard Class,2025-02-27,US-2025-166485
Standard Class,2025-02-26,US-2025-168410
First Class,2025-02-22,US-2025-121447
Second Class,2025-02-26,US-2025-139010
Standard Class,2025-02-25,US-2025-139262
Second Class,2025-02-26,US-2025-139010
Standard Class,2025-02-25,US-2025-139262
Standard Class,2025-02-26,US-2025-168410
Standard Class,2025-02-25,US-2025-139262
Second Class,2025-02-26,US-2025-139010
Second Class,2025-02-26,US-2025-139010
Standard Class,2025-02-26,US-2025-168410
Standard Class,2025-02-28,US-2025-119025
Standard Class,2025-02-26,US-2025-143280
Standard Class,2025-02-26,US-2025-143280
Standard Class,2025-02-26,US-2025-143280
Standard Class,2025-02-27,US-2025-144400
Second Class,2025-02-27,US-2025-165015
Standard Class,2025-03-02,US-2025-128706
First Class,2025-03-01,US-2025-102456
Second Class,2025-03-01,US-2025-101448
Standard Class,2025-03-04,US-2025-111283
Standard Class,2025-03-06,US-2025-101623
Standard Class,2025-03-05,US-2025-143819
Standard Class,2025-03-05,US-2025-143819
Standard Class,2025-03-05,US-2025-143819
Standard Class,2025-03-05,US-2025-143819
Standard Class,2025-03-08,US-2025-151862
First Class,2025-03-06,US-2025-116799
Same Day,2025-03-03,US-2025-120005
Standard Class,2025-03-08,US-2025-145730
Standard Class,2025-03-08,US-2025-112123
Standard Class,2025-03-08,US-2025-145730
Standard Class,2025-03-08,US-2025-103982
First Class,2025-03-06,US-2025-116799
Standard Class,2025-03-08,US-2025-112123
Standard Class,2025-03-08,US-2025-103982
Same Day,2025-03-03,US-2025-120005
Standard Class,2025-03-08,US-2025-103982
Standard Class,2025-03-08,US-2025-145730
Standard Class,2025-03-08,US-2025-103982
Standard Class,2025-03-08,US-2025-112123
Second Class,2025-03-08,US-2025-167759
Standard Class,2025-03-10,US-2025-154053
Standard Class,2025-03-08,US-2025-164637
Second Class,2025-03-08,US-2025-122518
Standard Class,2025-03-08,US-2025-158358
Standard Class,2025-03-11,US-2025-165218
Standard Class,2025-03-11,US-2025-165218
Standard Class,2025-03-12,US-2025-110898
Standard Class,2025-03-12,US-2025-110898
Standard Class,2025-03-12,US-2025-110898
Standard Class,2025-03-10,US-2025-155173
Standard Class,2025-03-12,US-2025-110898
Standard Class,2025-03-10,US-2025-155173
Standard Class,2025-03-10,US-2025-155173
Standard Class,2025-03-12,US-2025-137547
Standard Class,2025-03-12,US-2025-137337
Standard Class,2025-03-13,US-2025-169103
Standard Class,2025-03-13,US-2025-140172
Standard Class,2025-03-13,US-2025-140172
Standard Class,2025-03-12,US-2025-137337
Standard Class,2025-03-12,US-2025-130400
Same Day,2025-03-08,US-2025-106306
Standard Class,2025-03-12,US-2025-130400
Standard Class,2025-03-12,US-2025-111976
Standard Class,2025-03-12,US-2025-137337
Standard Class,2025-03-12,US-2025-130400
Standard Class,2025-03-13,US-2025-169103
Standard Class,2025-03-12,US-2025-111976
First Class,2025-03-12,US-2025-153269
First Class,2025-03-12,US-2025-153269
First Class,2025-03-12,US-2025-153269
First Class,2025-03-12,US-2025-153269
Standard Class,2025-03-13,US-2025-120803
Standard Class,2025-03-16,US-2025-112977
First Class,2025-03-11,US-2025-159016
Second Class,2025-03-14,US-2025-108959
Standard Class,2025-03-14,US-2025-122182
First Class,2025-03-13,US-2025-169663
First Class,2025-03-13,US-2025-169663
First Class,2025-03-11,US-2025-159016
Same Day,2025-03-11,US-2025-122511
Standard Class,2025-03-15,US-2025-146171
Standard Class,2025-03-15,US-2025-128902
First Class,2025-03-13,US-2025-118255
Standard Class,2025-03-15,US-2025-146171
First Class,2025-03-13,US-2025-118255
Second Class,2025-03-15,US-2025-127138
Second Class,2025-03-15,US-2025-127138
Second Class,2025-03-16,US-2025-119683
Second Class,2025-03-15,US-2025-127138
Standard Class,2025-03-17,US-2025-115504
Standard Class,2025-03-16,US-2025-119270
Second Class,2025-03-15,US-2025-127138
Second Class,2025-03-15,US-2025-114013
Second Class,2025-03-15,US-2025-136301
Standard Class,2025-03-18,US-2025-108637
Standard Class,2025-03-18,US-2025-159373
First Class,2025-03-16,US-2025-158834
Standard Class,2025-03-18,US-2025-108637
Standard Class,2025-03-18,US-2025-119123
Second Class,2025-03-15,US-2025-114013
Standard Class,2025-03-18,US-2025-159373
Second Class,2025-03-15,US-2025-114013
Standard Class,2025-03-18,US-2025-108637
Standard Class,2025-03-18,US-2025-159373
Second Class,2025-03-15,US-2025-114013
Second Class,2025-03-15,US-2025-114013
Second Class,2025-03-15,US-2025-114013
Second Class,2025-03-15,US-2025-136301
Second Class,2025-03-15,US-2025-114013
Second Class,2025-03-15,US-2025-114013
First Class,2025-03-16,US-2025-158834
Second Class,2025-03-15,US-2025-114013
Second Class,2025-03-18,CA-2025-139675
Second Class,2025-03-18,CA-2025-139675
First Class,2025-03-17,US-2025-162082
First Class,2025-03-16,US-2025-124793
Standard Class,2025-03-19,US-2025-102134
Standard Class,2025-03-19,US-2025-154361
First Class,2025-03-17,US-2025-162082
Standard Class,2025-03-20,US-2025-133802
First Class,2025-03-17,US-2025-162082
First Class,2025-03-16,US-2025-138968
Standard Class,2025-03-19,US-2025-149272
First Class,2025-03-16,US-2025-138968
Standard Class,2025-03-19,US-2025-149272
Standard Class,2025-03-19,US-2025-140571
Standard Class,2025-03-19,US-2025-140571
Standard Class,2025-03-19,US-2025-113509
Same Day,2025-03-17,US-2025-131737
Same Day,2025-03-17,US-2025-131737
Standard Class,2025-03-23,US-2025-128111
Same Day,2025-03-17,US-2025-115476
Same Day,2025-03-17,US-2025-131737
Same Day,2025-03-17,US-2025-115476
Second Class,2025-03-19,US-2025-134544
Second Class,2025-03-21,US-2025-120929
Second Class,2025-03-20,US-2025-113292
Second Class,2025-03-21,US-2025-106383
Second Class,2025-03-21,US-2025-136371
Second Class,2025-03-21,US-2025-136371
Standard Class,2025-03-24,US-2025-118178
Second Class,2025-03-21,CA-2025-115483
Second Class,2025-03-25,US-2025-162747
Standard Class,2025-03-24,US-2025-127670
Standard Class,2025-03-24,US-2025-156986
Standard Class,2025-03-24,US-2025-156986
Standard Class,2025-03-24,US-2025-156986
Second Class,2025-03-22,US-2025-150889
Standard Class,2025-03-24,US-2025-156986
Standard Class,2025-03-28,US-2025-133879
Standard Class,2025-03-25,US-2025-163153
Standard Class,2025-03-25,US-2025-163153
Standard Class,2025-03-28,US-2025-133879
Standard Class,2025-03-28,US-2025-133879
Same Day,2025-03-22,US-2025-118899
First Class,2025-03-25,US-2025-107615
Second Class,2025-03-26,US-2025-130911
Second Class,2025-03-26,US-2025-130911
First Class,2025-03-26,US-2025-113803
Standard Class,2025-03-28,US-2025-164189
Second Class,2025-03-27,US-2025-120082
Same Day,2025-03-25,US-2025-134887
Second Class,2025-03-28,US-2025-161361
Second Class,2025-03-28,US-2025-161361
First Class,2025-03-27,US-2025-162677
Standard Class,2025-03-30,US-2025-123666
First Class,2025-03-27,US-2025-162677
Standard Class,2025-03-31,US-2025-119074
Standard Class,2025-03-31,US-2025-119074
Standard Class,2025-03-31,US-2025-119074
Second Class,2025-03-31,US-2025-131380
First Class,2025-03-31,US-2025-162901
Second Class,2025-03-31,US-2025-131380
Standard Class,2025-04-02,US-2025-127236
Second Class,2025-04-02,US-2025-152555
Standard Class,2025-04-02,US-2025-167556
Standard Class,2025-04-02,US-2025-167556
Standard Class,2025-04-02,US-2025-167556
Standard Class,2025-04-02,US-2025-167556
Second Class,2025-04-02,US-2025-152555
Standard Class,2025-04-02,US-2025-127236
Second Class,2025-04-02,US-2025-152555
First Class,2025-04-01,US-2025-128258
Standard Class,2025-04-06,US-2025-124100
Second Class,2025-04-02,US-2025-151827
Second Class,2025-04-02,US-2025-151827
Standard Class,2025-04-05,US-2025-111213
Second Class,2025-04-05,US-2025-127985
Standard Class,2025-04-08,US-2025-103947
Second Class,2025-04-03,US-2025-166674
Second Class,2025-04-03,US-2025-166674
Standard Class,2025-04-06,US-2025-149902
Second Class,2025-04-03,US-2025-166674
Second Class,2025-04-03,US-2025-166674
Standard Class,2025-04-05,US-2025-161473
Standard Class,2025-04-05,US-2025-111213
Standard Class,2025-04-08,US-2025-103947
Standard Class,2025-04-05,US-2025-161473
Second Class,2025-04-03,US-2025-166674
Standard Class,2025-04-05,US-2025-111213
Standard Class,2025-04-05,US-2025-161473
Standard Class,2025-04-07,US-2025-160206
Second Class,2025-04-03,US-2025-166674
Second Class,2025-04-06,US-2025-123540
Standard Class,2025-04-09,US-2025-167682
Standard Class,2025-04-07,US-2025-120796
Same Day,2025-04-03,US-2025-162222
Standard Class,2025-04-09,US-2025-167682
Second Class,2025-04-08,US-2025-123050
Standard Class,2025-04-09,US-2025-167115
First Class,2025-04-05,US-2025-159142
Second Class,2025-04-08,US-2025-123050
Second Class,2025-04-08,US-2025-123050
First Class,2025-04-05,US-2025-159142
Second Class,2025-04-10,US-2025-159695
Standard Class,2025-04-09,US-2025-161907
Standard Class,2025-04-09,US-2025-161907
Standard Class,2025-04-10,US-2025-150140
Standard Class,2025-04-12,US-2025-120530
Standard Class,2025-04-12,US-2025-114405
Standard Class,2025-04-11,US-2025-132899
First Class,2025-04-09,US-2025-154998
Standard Class,2025-04-12,US-2025-114405
First Class,2025-04-09,US-2025-110499
First Class,2025-04-11,US-2025-106600
Standard Class,2025-04-13,US-2025-138520
Standard Class,2025-04-12,US-2025-130946
Standard Class,2025-04-14,US-2025-124233
Standard Class,2025-04-15,US-2025-134789
Standard Class,2025-04-13,US-2025-138520
Standard Class,2025-04-14,US-2025-104969
Standard Class,2025-04-12,US-2025-130946
Standard Class,2025-04-13,US-2025-138520
Standard Class,2025-04-14,US-2025-104969
Standard Class,2025-04-14,US-2025-150000
Standard Class,2025-04-15,US-2025-134789
Standard Class,2025-04-12,US-2025-130477
Standard Class,2025-04-15,US-2025-134789
Standard Class,2025-04-13,US-2025-138520
Standard Class,2025-04-12,US-2025-130477
Standard Class,2025-04-12,US-2025-130477
Standard Class,2025-04-12,US-2025-130946
Standard Class,2025-04-14,US-2025-117681
Second Class,2025-04-14,US-2025-128517
Standard Class,2025-04-13,US-2025-126809
Second Class,2025-04-14,US-2025-128517
Standard Class,2025-04-17,US-2025-123358
Standard Class,2025-04-15,US-2025-109652
Standard Class,2025-04-17,US-2025-123358
Standard Class,2025-04-16,US-2025-124814
First Class,2025-04-12,US-2025-114622
Standard Class,2025-04-16,US-2025-124814
Standard Class,2025-04-17,US-2025-123358
Standard Class,2025-04-17,US-2025-123358
First Class,2025-04-14,US-2025-163594
Standard Class,2025-04-16,US-2025-142398
Standard Class,2025-04-16,US-2025-112102
First Class,2025-04-14,US-2025-163594
Standard Class,2025-04-16,US-2025-142398
Standard Class,2025-04-16,US-2025-112102
Standard Class,2025-04-16,US-2025-112102
Standard Class,2025-04-17,US-2025-124254
First Class,2025-04-14,US-2025-163594
Standard Class,2025-04-17,US-2025-124254
Standard Class,2025-04-17,US-2025-124254
First Class,2025-04-15,US-2025-152800
Same Day,2025-04-14,US-2025-112669
Standard Class,2025-04-18,US-2025-148796
First Class,2025-04-17,US-2025-166625
Same Day,2025-04-14,US-2025-112669
Second Class,2025-04-19,US-2025-164735
Second Class,2025-04-17,US-2025-136406
Standard Class,2025-04-19,US-2025-132423
Standard Class,2025-04-21,US-2025-123750
Standard Class,2025-04-19,US-2025-132423
Second Class,2025-04-17,US-2025-117849
Standard Class,2025-04-21,US-2025-123750
Standard Class,2025-04-21,US-2025-123750
Standard Class,2025-04-21,US-2025-123750
Standard Class,2025-04-20,US-2025-107440
Standard Class,2025-04-23,US-2025-164588
Standard Class,2025-04-20,US-2025-107440
Standard Class,2025-04-22,US-2025-166282
Second Class,2025-04-18,US-2025-105473
Standard Class,2025-04-22,US-2025-166282
Standard Class,2025-04-20,US-2025-107440
Standard Class,2025-04-21,US-2025-108735
Second Class,2025-04-21,US-2025-149111
Standard Class,2025-04-22,US-2025-159415
Standard Class,2025-04-21,US-2025-133508
Second Class,2025-04-21,US-2025-149111
Standard Class,2025-04-21,CA-2025-108735
Standard Class,2025-04-23,US-2025-125087
Standard Class,2025-04-23,US-2025-125087
Standard Class,2025-04-22,US-2025-139381
Standard Class,2025-04-23,US-2025-144785
Standard Class,2025-04-23,US-2025-155551
Standard Class,2025-04-23,US-2025-125087
Standard Class,2025-04-23,US-2025-155551
Standard Class,2025-04-23,US-2025-144785
Standard Class,2025-04-22,US-2025-139381
Standard Class,2025-04-25,US-2025-161396
Second Class,2025-04-24,US-2025-115819
Standard Class,2025-04-26,US-2025-109666
Second Class,2025-04-24,US-2025-115819
Standard Class,2025-04-26,US-2025-109666
Second Class,2025-04-24,US-2025-115819
Standard Class,2025-04-26,US-2025-109666
Second Class,2025-04-24,US-2025-115819
Standard Class,2025-04-25,US-2025-161396
Second Class,2025-04-24,US-2025-115819
Standard Class,2025-04-26,US-2025-109666
Standard Class,2025-04-26,US-2025-109666
Standard Class,2025-04-26,US-2025-109666
Second Class,2025-04-24,US-2025-115819
Standard Class,2025-04-26,US-2025-109666
Standard Class,2025-04-26,US-2025-103646
Same Day,2025-04-21,US-2025-146423
Standard Class,2025-04-26,US-2025-103646
First Class,2025-04-24,US-2025-151498
Same Day,2025-04-21,US-2025-146423
Standard Class,2025-04-26,US-2025-103646
Standard Class,2025-04-29,US-2025-109869
Second Class,2025-04-26,US-2025-147578
Standard Class,2025-04-26,US-2025-113061
Standard Class,2025-04-29,US-2025-109869
Standard Class,2025-04-29,US-2025-109869
Standard Class,2025-04-29,US-2025-101329
Standard Class,2025-04-29,US-2025-101329
Standard Class,2025-04-29,US-2025-109869
Standard Class,2025-04-27,US-2025-109057
Standard Class,2025-04-29,US-2025-109869
Standard Class,2025-04-27,US-2025-126270
Standard Class,2025-04-27,US-2025-162138
Standard Class,2025-04-27,US-2025-126270
First Class,2025-04-26,US-2025-124149
Standard Class,2025-04-28,US-2025-130001
First Class,2025-04-26,US-2025-124149
First Class,2025-04-26,US-2025-124149
Standard Class,2025-04-27,US-2025-162138
Standard Class,2025-04-28,US-2025-149279
First Class,2025-04-27,US-2025-138933
Standard Class,2025-04-28,US-2025-149279
Standard Class,2025-04-28,US-2025-149279
Second Class,2025-04-27,US-2025-168081
Second Class,2025-04-29,US-2025-150147
Second Class,2025-04-29,US-2025-150147
Second Class,2025-04-29,US-2025-150147
Standard Class,2025-05-01,US-2025-139556
Standard Class,2025-05-05,US-2025-137204
Second Class,2025-04-30,US-2025-167605
First Class,2025-05-01,US-2025-161816
Standard Class,2025-05-02,US-2025-152814
First Class,2025-05-01,US-2025-161816
Standard Class,2025-05-04,US-2025-144792
Standard Class,2025-05-05,US-2025-120460
Standard Class,2025-05-04,US-2025-154788
First Class,2025-05-04,US-2025-164784
Second Class,2025-05-04,US-2025-101525
First Class,2025-05-04,US-2025-164784
First Class,2025-05-04,US-2025-164784
Second Class,2025-05-04,US-2025-101525
Second Class,2025-05-04,US-2025-101525
Standard Class,2025-05-08,US-2025-154060
Standard Class,2025-05-06,US-2025-109400
Standard Class,2025-05-06,US-2025-158155
Standard Class,2025-05-06,US-2025-158155
Standard Class,2025-05-07,US-2025-148698
Same Day,2025-05-02,US-2025-146836
Standard Class,2025-05-06,US-2025-158155
Standard Class,2025-05-06,US-2025-104311
Standard Class,2025-05-06,US-2025-158155
Standard Class,2025-05-06,US-2025-104311
Same Day,2025-05-02,US-2025-146836
Standard Class,2025-05-06,US-2025-104311
First Class,2025-05-05,US-2025-129280
Standard Class,2025-05-08,US-2025-163398
Standard Class,2025-05-08,US-2025-163398
Standard Class,2025-05-08,US-2025-163398
First Class,2025-05-05,US-2025-129280
First Class,2025-05-05,US-2025-129280
First Class,2025-05-05,US-2025-129280
First Class,2025-05-05,US-2025-129280
First Class,2025-05-05,US-2025-129280
Standard Class,2025-05-09,US-2025-147991
Second Class,2025-05-07,US-2025-126165
First Class,2025-05-06,US-2025-102239
First Class,2025-05-08,US-2025-160500
First Class,2025-05-06,US-2025-102239
First Class,2025-05-08,US-2025-160500
Standard Class,2025-05-09,US-2025-105662
First Class,2025-05-07,US-2025-145247
First Class,2025-05-08,US-2025-112676
Standard Class,2025-05-09,US-2025-137729
Standard Class,2025-05-09,US-2025-105662
Standard Class,2025-05-09,US-2025-137729
Standard Class,2025-05-10,US-2025-137393
Standard Class,2025-05-10,US-2025-118052
Second Class,2025-05-08,US-2025-146857
Standard Class,2025-05-10,US-2025-139234
Standard Class,2025-05-10,US-2025-118052
Standard Class,2025-05-10,US-2025-118052
Standard Class,2025-05-10,US-2025-139234
Standard Class,2025-05-11,US-2025-128818
Standard Class,2025-05-11,US-2025-128818
Standard Class,2025-05-11,US-2025-128818
Standard Class,2025-05-11,US-2025-128818
Standard Class,2025-05-11,US-2025-128818
Standard Class,2025-05-11,US-2025-128818
Standard Class,2025-05-12,CA-2025-169856
Standard Class,2025-05-12,CA-2025-169856
Standard Class,2025-05-12,CA-2025-169856
Standard Class,2025-05-12,CA-2025-169856
Second Class,2025-05-13,US-2025-164672
First Class,2025-05-10,US-2025-111696
Same Day,2025-05-08,US-2025-106530
Same Day,2025-05-08,US-2025-106530
Same Day,2025-05-08,US-2025-106530
Same Day,2025-05-08,US-2025-106530
Same Day,2025-05-08,US-2025-106530
Standard Class,2025-05-13,US-2025-144057
Standard Class,2025-05-13,US-2025-161158
Standard Class,2025-05-15,US-2025-109176
Second Class,2025-05-12,US-2025-159765
Standard Class,2025-05-13,US-2025-144057
Standard Class,2025-05-13,US-2025-144057
Standard Class,2025-05-15,US-2025-109176
Standard Class,2025-05-14,US-2025-159093
Standard Class,2025-05-13,US-2025-144057
Standard Class,2025-05-13,US-2025-144057
Standard Class,2025-05-14,US-2025-169166
Standard Class,2025-05-13,US-2025-112382
Standard Class,2025-05-15,US-2025-117625
Standard Class,2025-05-16,US-2025-161543
Second Class,2025-05-13,US-2025-133816
First Class,2025-05-12,US-2025-162733
Standard Class,2025-05-17,US-2025-100510
Standard Class,2025-05-16,US-2025-123610
Standard Class,2025-05-16,US-2025-109911
Standard Class,2025-05-17,US-2025-167416
Standard Class,2025-05-17,US-2025-101196
Standard Class,2025-05-16,US-2025-123610
Standard Class,2025-05-17,US-2025-100510
Standard Class,2025-05-19,US-2025-148901
Same Day,2025-05-14,US-2025-141019
Standard Class,2025-05-19,US-2025-148901
Standard Class,2025-05-19,US-2025-148901
Standard Class,2025-05-19,US-2025-148901
Standard Class,2025-05-19,US-2025-148901
Standard Class,2025-05-19,US-2025-148901
Same Day,2025-05-14,US-2025-108224
Standard Class,2025-05-19,US-2025-148901
Standard Class,2025-05-20,US-2025-146570
Standard Class,2025-05-20,US-2025-146570
Second Class,2025-05-19,US-2025-141180
Standard Class,2025-05-20,US-2025-146570
Standard Class,2025-05-21,US-2025-152408
Second Class,2025-05-19,US-2025-165673
Second Class,2025-05-19,US-2025-130638
Second Class,2025-05-19,US-2025-130638
Second Class,2025-05-21,US-2025-133144
Standard Class,2025-05-23,US-2025-122133
First Class,2025-05-18,US-2025-158435
First Class,2025-05-20,US-2025-117037
Standard Class,2025-05-21,US-2025-150567
First Class,2025-05-20,US-2025-117037
Standard Class,2025-05-21,US-2025-150567
First Class,2025-05-20,US-2025-117037
First Class,2025-05-18,US-2025-158435
First Class,2025-05-20,US-2025-117037
First Class,2025-05-18,US-2025-158435
Standard Class,2025-05-24,US-2025-122728
Standard Class,2025-05-24,US-2025-122728
Standard Class,2025-05-24,US-2025-157245
Standard Class,2025-05-24,US-2025-169943
Standard Class,2025-05-24,US-2025-169943
Standard Class,2025-05-23,US-2025-138282
Standard Class,2025-05-24,US-2025-169943
Standard Class,2025-05-23,US-2025-152835
Standard Class,2025-05-24,US-2025-169943
Standard Class,2025-05-24,US-2025-126935
Standard Class,2025-05-24,US-2025-169943
Standard Class,2025-05-25,US-2025-115917
First Class,2025-05-23,US-2025-146010
Standard Class,2025-05-24,US-2025-108567
Standard Class,2025-05-25,US-2025-115917
Same Day,2025-05-20,US-2025-105256
Standard Class,2025-05-26,US-2025-114209
Standard Class,2025-05-28,US-2025-125920
First Class,2025-05-23,US-2025-127642
Standard Class,2025-05-26,US-2025-114209
First Class,2025-05-23,US-2025-139486
Standard Class,2025-05-28,US-2025-107202
First Class,2025-05-23,US-2025-139486
Standard Class,2025-05-27,US-2025-146934
Standard Class,2025-05-27,US-2025-146934
Standard Class,2025-05-27,US-2025-146934
Same Day,2025-05-22,US-2025-159653
Standard Class,2025-05-27,US-2025-146934
Standard Class,2025-05-27,US-2025-146934
Standard Class,2025-05-29,US-2025-154081
Standard Class,2025-05-27,US-2025-146934
Standard Class,2025-05-27,US-2025-142762
Standard Class,2025-05-27,US-2025-143714
Standard Class,2025-05-27,US-2025-143714
Standard Class,2025-05-27,US-2025-154403
Standard Class,2025-05-27,US-2025-143714
Standard Class,2025-05-27,US-2025-143714
Standard Class,2025-05-28,US-2025-133725
Standard Class,2025-05-28,US-2025-138583
Same Day,2025-05-24,US-2025-136126
Same Day,2025-05-24,US-2025-136126
Standard Class,2025-05-30,US-2025-139269
Standard Class,2025-05-30,US-2025-139269
Standard Class,2025-05-30,US-2025-139269
Same Day,2025-05-26,US-2025-119186
Standard Class,2025-05-31,US-2025-148852
Standard Class,2025-06-01,US-2025-157266
Standard Class,2025-05-30,US-2025-149237
Standard Class,2025-06-01,US-2025-132409
Standard Class,2025-06-01,US-2025-132409
Standard Class,2025-06-01,US-2025-157266
Standard Class,2025-05-31,US-2025-148852
Standard Class,2025-05-31,US-2025-148852
Standard Class,2025-06-01,US-2025-157266
Same Day,2025-05-26,US-2025-119186
Same Day,2025-05-26,US-2025-119186
Standard Class,2025-06-01,US-2025-157266
Second Class,2025-05-29,US-2025-113236
Same Day,2025-05-26,US-2025-119186
Second Class,2025-05-29,US-2025-113236
Standard Class,2025-05-31,US-2025-148852
Standard Class,2025-05-31,US-2025-148852
Second Class,2025-05-29,US-2025-122903
Standard Class,2025-05-31,US-2025-101791
Standard Class,2025-05-31,US-2025-101791
Standard Class,2025-06-02,US-2025-136994
Second Class,2025-05-29,US-2025-122903
Second Class,2025-05-29,US-2025-122903
Standard Class,2025-05-31,US-2025-101791
Standard Class,2025-06-03,US-2025-138695
Standard Class,2025-06-03,US-2025-134803
Standard Class,2025-06-04,US-2025-113747
Standard Class,2025-06-03,US-2025-134803
Standard Class,2025-06-03,US-2025-138695
Standard Class,2025-06-03,US-2025-134803
Same Day,2025-05-28,US-2025-155565
Standard Class,2025-06-03,US-2025-134803
Standard Class,2025-06-03,US-2025-134803
Standard Class,2025-06-02,US-2025-121377
Standard Class,2025-06-02,US-2025-156573
Standard Class,2025-06-02,US-2025-156573
Standard Class,2025-06-02,US-2025-156573
Second Class,2025-06-01,US-2025-168753
Second Class,2025-06-01,US-2025-168753
Standard Class,2025-06-04,US-2025-105578
Standard Class,2025-06-04,US-2025-152730
Standard Class,2025-06-06,US-2025-129728
Standard Class,2025-06-03,US-2025-113831
Standard Class,2025-06-04,US-2025-152730
Standard Class,2025-06-04,US-2025-158547
Standard Class,2025-06-04,US-2025-152730
Standard Class,2025-06-04,US-2025-152730
Standard Class,2025-06-04,US-2025-105578
First Class,2025-05-31,US-2025-145499
Standard Class,2025-06-04,US-2025-105578
Standard Class,2025-06-04,US-2025-105578
Standard Class,2025-06-03,US-2025-166380
Standard Class,2025-06-03,US-2025-113831
Standard Class,2025-06-04,US-2025-105578
Standard Class,2025-06-04,US-2025-152730
Standard Class,2025-06-03,US-2025-147473
Standard Class,2025-06-04,US-2025-152730
Standard Class,2025-06-04,US-2025-152730
Standard Class,2025-06-03,US-2025-166380
Same Day,2025-05-31,US-2025-108210
Standard Class,2025-06-03,US-2025-113831
First Class,2025-06-01,US-2025-153682
Standard Class,2025-06-04,US-2025-152730
Same Day,2025-05-31,US-2025-108210
Standard Class,2025-06-04,US-2025-150483
Standard Class,2025-06-04,US-2025-150483
Standard Class,2025-06-06,US-2025-168844
Standard Class,2025-06-04,US-2025-150483
Standard Class,2025-06-04,US-2025-150483
Standard Class,2025-06-06,US-2025-168844
Standard Class,2025-06-06,US-2025-119046
Standard Class,2025-06-06,US-2025-119046
Standard Class,2025-06-06,US-2025-119046
First Class,2025-06-05,US-2025-128293
Second Class,2025-06-06,US-2025-164889
Same Day,2025-06-04,US-2025-165848
Second Class,2025-06-09,US-2025-157749
Second Class,2025-06-09,US-2025-157749
Same Day,2025-06-04,US-2025-165848
Second Class,2025-06-09,US-2025-157749
Second Class,2025-06-09,US-2025-157749
Second Class,2025-06-09,US-2025-157749
Same Day,2025-06-04,US-2025-165848
First Class,2025-06-06,US-2025-119823
Second Class,2025-06-09,US-2025-157749
Same Day,2025-06-04,US-2025-165848
Second Class,2025-06-09,US-2025-157749
First Class,2025-06-07,US-2025-110982
Standard Class,2025-06-11,US-2025-165169
First Class,2025-06-07,US-2025-110982
Standard Class,2025-06-11,US-2025-165169
Standard Class,2025-06-09,US-2025-134908
Standard Class,2025-06-11,US-2025-165169
Standard Class,2025-06-09,US-2025-134908
Standard Class,2025-06-09,US-2025-149671
Standard Class,2025-06-10,US-2025-112830
Standard Class,2025-06-10,US-2025-112830
First Class,2025-06-07,US-2025-167472
First Class,2025-06-07,US-2025-167472
Standard Class,2025-06-12,US-2025-155971
First Class,2025-06-07,US-2025-167472
Standard Class,2025-06-12,US-2025-155971
First Class,2025-06-07,US-2025-167472
Second Class,2025-06-09,US-2025-108350
First Class,2025-06-07,US-2025-127369
First Class,2025-06-07,US-2025-167472
Standard Class,2025-06-11,US-2025-160717
First Class,2025-06-07,US-2025-167472
First Class,2025-06-07,US-2025-167472
Standard Class,2025-06-13,US-2025-125318
Standard Class,2025-06-11,US-2025-160717
Standard Class,2025-06-11,US-2025-160717
Standard Class,2025-06-11,US-2025-103163
Standard Class,2025-06-11,US-2025-107475
First Class,2025-06-10,US-2025-120558
Standard Class,2025-06-11,US-2025-103163
Standard Class,2025-06-14,US-2025-122448
Standard Class,2025-06-16,US-2025-154662
First Class,2025-06-12,US-2025-147368
Standard Class,2025-06-15,US-2025-139710
Standard Class,2025-06-15,US-2025-113243
Standard Class,2025-06-15,US-2025-113243
First Class,2025-06-12,US-2025-121993
Standard Class,2025-06-15,US-2025-113243
Standard Class,2025-06-17,US-2025-169922
Standard Class,2025-06-16,US-2025-118745
Standard Class,2025-06-17,US-2025-169922
Standard Class,2025-06-17,US-2025-169922
Standard Class,2025-06-15,US-2025-142405
Standard Class,2025-06-15,US-2025-142405
Second Class,2025-06-13,US-2025-127775
Standard Class,2025-06-15,US-2025-142405
Second Class,2025-06-16,US-2025-120824
Second Class,2025-06-16,US-2025-120824
First Class,2025-06-15,US-2025-103730
Second Class,2025-06-16,US-2025-120824
First Class,2025-06-15,US-2025-127208
Standard Class,2025-06-17,US-2025-139941
Second Class,2025-06-16,US-2025-120824
Second Class,2025-06-16,US-2025-120824
First Class,2025-06-15,US-2025-127208
First Class,2025-06-15,US-2025-103730
First Class,2025-06-15,US-2025-103730
Second Class,2025-06-16,US-2025-138688
Second Class,2025-06-16,US-2025-120824
Standard Class,2025-06-17,US-2025-139941
Standard Class,2025-06-16,US-2025-104633
Second Class,2025-06-14,US-2025-147375
Standard Class,2025-06-17,US-2025-164035
Standard Class,2025-06-16,US-2025-104633
First Class,2025-06-15,US-2025-103730
Second Class,2025-06-16,US-2025-120824
Second Class,2025-06-14,US-2025-147375
First Class,2025-06-15,US-2025-103730
Standard Class,2025-06-17,CA-2025-121465
Standard Class,2025-06-17,CA-2025-121465
Standard Class,2025-06-17,CA-2025-121465
Standard Class,2025-06-17,CA-2025-121465
Second Class,2025-06-16,US-2025-126795
Standard Class,2025-06-17,US-2025-136287
Second Class,2025-06-15,US-2025-155005
Same Day,2025-06-14,US-2025-108497
First Class,2025-06-17,US-2025-107216
Same Day,2025-06-14,US-2025-128223
Standard Class,2025-06-21,US-2025-155747
Standard Class,2025-06-18,US-2025-132304
First Class,2025-06-17,US-2025-107216
First Class,2025-06-17,US-2025-107216
First Class,2025-06-17,US-2025-133872
First Class,2025-06-17,US-2025-133872
First Class,2025-06-17,US-2025-107216
First Class,2025-06-18,US-2025-152765
Standard Class,2025-06-22,US-2025-137127
Second Class,2025-06-18,US-2025-148593
Second Class,2025-06-19,US-2025-140977
First Class,2025-06-19,US-2025-123512
First Class,2025-06-18,US-2025-111682
First Class,2025-06-19,US-2025-107146
First Class,2025-06-19,US-2025-107146
Standard Class,2025-06-23,US-2025-129861
First Class,2025-06-18,US-2025-111682
Standard Class,2025-06-22,US-2025-133613
First Class,2025-06-18,US-2025-111682
Standard Class,2025-06-22,US-2025-133613
First Class,2025-06-19,US-2025-123512
First Class,2025-06-18,US-2025-111682
Standard Class,2025-06-22,US-2025-159345
First Class,2025-06-19,US-2025-123512
First Class,2025-06-18,US-2025-111682
Second Class,2025-06-20,US-2025-145842
First Class,2025-06-18,US-2025-111682
First Class,2025-06-18,US-2025-111682
Standard Class,2025-06-22,US-2025-133613
Second Class,2025-06-20,US-2025-131744
Second Class,2025-06-20,US-2025-131744
First Class,2025-06-21,US-2025-163461
Second Class,2025-06-20,US-2025-131744
Standard Class,2025-06-22,CA-2025-136547
First Class,2025-06-20,US-2025-105760
First Class,2025-06-21,US-2025-141397
Standard Class,2025-06-25,US-2025-149965
Standard Class,2025-06-24,US-2025-140081
First Class,2025-06-21,US-2025-141397
Second Class,2025-06-25,US-2025-152534
First Class,2025-06-21,US-2025-141397
Standard Class,2025-06-24,US-2025-140081
Standard Class,2025-06-26,US-2025-108581
Standard Class,2025-06-24,US-2025-140081
Second Class,2025-06-25,US-2025-152534
Standard Class,2025-06-24,US-2025-140081
First Class,2025-06-21,US-2025-141397
First Class,2025-06-21,US-2025-141397
Standard Class,2025-06-26,US-2025-108581
Standard Class,2025-06-25,US-2025-169194
Standard Class,2025-06-25,US-2025-149965
Standard Class,2025-06-25,US-2025-169194
Standard Class,2025-06-26,US-2025-119865
Standard Class,2025-06-26,US-2025-119865
Standard Class,2025-06-26,US-2025-119865
Standard Class,2025-06-25,US-2025-168361
Standard Class,2025-06-28,US-2025-140501
Standard Class,2025-06-28,US-2025-140501
Second Class,2025-06-25,US-2025-140382
Standard Class,2025-06-28,US-2025-140501
Second Class,2025-06-27,US-2025-154256
Second Class,2025-06-25,US-2025-140382
Standard Class,2025-06-28,US-2025-140501
Standard Class,2025-06-28,US-2025-140501
Second Class,2025-06-25,US-2025-140382
Standard Class,2025-06-30,US-2025-142685
Second Class,2025-06-25,US-2025-140382
Second Class,2025-06-26,US-2025-100300
Standard Class,2025-06-28,US-2025-166240
Second Class,2025-06-26,US-2025-100300
Second Class,2025-06-26,US-2025-100300
Standard Class,2025-06-30,US-2025-101987
Standard Class,2025-06-29,US-2025-130680
Second Class,2025-06-27,US-2025-101693
Standard Class,2025-06-29,US-2025-152051
Second Class,2025-06-27,US-2025-101693
Standard Class,2025-06-29,US-2025-118913
Standard Class,2025-06-29,US-2025-152051
Standard Class,2025-06-29,US-2025-152051
Standard Class,2025-07-03,US-2025-114951
Standard Class,2025-07-02,US-2025-102127
Standard Class,2025-06-30,US-2025-152331
Standard Class,2025-07-02,US-2025-100790
Same Day,2025-06-26,US-2025-118101
Same Day,2025-06-26,US-2025-144015
Same Day,2025-06-26,US-2025-118101
Same Day,2025-06-26,US-2025-144015
Standard Class,2025-07-03,US-2025-119445
Standard Class,2025-07-02,US-2025-100790
Same Day,2025-06-26,US-2025-118101
Same Day,2025-06-26,US-2025-144015
Standard Class,2025-07-02,US-2025-102127
Standard Class,2025-07-02,US-2025-102127
Second Class,2025-06-29,US-2025-158708
Standard Class,2025-07-03,US-2025-160234
Standard Class,2025-07-01,US-2025-153577
Standard Class,2025-07-01,US-2025-153577
Second Class,2025-06-29,US-2025-161928
Second Class,2025-06-30,US-2025-154767
Second Class,2025-06-30,US-2025-154767
Second Class,2025-06-30,US-2025-154767
Same Day,2025-06-28,US-2025-161095
Second Class,2025-06-30,US-2025-154767
Same Day,2025-06-28,US-2025-161095
Second Class,2025-06-30,US-2025-154767
Second Class,2025-07-02,US-2025-110044
Standard Class,2025-07-03,CA-2025-187423
Second Class,2025-07-03,US-2025-140543
Second Class,2025-07-02,US-2025-162355
Second Class,2025-07-02,US-2025-162355
Second Class,2025-07-03,US-2025-135594
First Class,2025-07-02,US-2025-158680
Same Day,2025-07-01,US-2025-152163
Same Day,2025-07-01,US-2025-152163
Same Day,2025-07-01,US-2025-126431
Same Day,2025-07-01,US-2025-152163
Same Day,2025-07-01,US-2025-126431
Same Day,2025-07-01,US-2025-126431
First Class,2025-07-03,US-2025-139997
First Class,2025-07-03,US-2025-102813
Second Class,2025-07-07,US-2025-149314
Standard Class,2025-07-08,US-2025-101469
First Class,2025-07-03,US-2025-102813
Standard Class,2025-07-07,US-2025-168543
First Class,2025-07-06,US-2025-130029
Same Day,2025-07-03,US-2025-104983
First Class,2025-07-06,US-2025-130029
First Class,2025-07-06,US-2025-147137
First Class,2025-07-06,US-2025-147137
Same Day,2025-07-04,US-2025-103107
First Class,2025-07-06,US-2025-147137
First Class,2025-07-06,US-2025-147137
Same Day,2025-07-04,US-2025-103107
Same Day,2025-07-04,US-2025-103107
Second Class,2025-07-11,US-2025-159940
Second Class,2025-07-09,US-2025-135265
Standard Class,2025-07-11,US-2025-100965
Second Class,2025-07-11,US-2025-159940
Standard Class,2025-07-13,US-2025-106397
Standard Class,2025-07-13,US-2025-129308
Standard Class,2025-07-13,US-2025-129308
Second Class,2025-07-11,US-2025-159940
Standard Class,2025-07-13,US-2025-129308
Second Class,2025-07-11,US-2025-159940
Second Class,2025-07-09,US-2025-135265
Standard Class,2025-07-13,US-2025-106397
Standard Class,2025-07-12,US-2025-114713
Second Class,2025-07-09,US-2025-135265
Standard Class,2025-07-13,US-2025-129308
Standard Class,2025-07-12,US-2025-112109
Second Class,2025-07-10,US-2025-156685
Standard Class,2025-07-12,US-2025-112109
Standard Class,2025-07-12,US-2025-112109
Standard Class,2025-07-14,US-2025-155474
Standard Class,2025-07-12,US-2025-152520
Same Day,2025-07-08,US-2025-152471
Standard Class,2025-07-12,US-2025-112109
Standard Class,2025-07-14,US-2025-155474
Same Day,2025-07-08,US-2025-152471
Second Class,2025-07-10,US-2025-156685
Standard Class,2025-07-12,CA-2025-112109
Standard Class,2025-07-12,CA-2025-112109
Standard Class,2025-07-12,CA-2025-112109
Standard Class,2025-07-12,CA-2025-112109
Standard Class,2025-07-13,US-2025-136329
Standard Class,2025-07-13,US-2025-136329
Standard Class,2025-07-14,US-2025-131149
Same Day,2025-07-11,US-2025-134222
Standard Class,2025-07-14,US-2025-131149
Standard Class,2025-07-16,US-2025-126613
Same Day,2025-07-10,US-2025-164924
Standard Class,2025-07-19,US-2025-103891
Second Class,2025-07-18,US-2025-137050
Standard Class,2025-07-18,US-2025-109953
Standard Class,2025-07-19,US-2025-157588
Standard Class,2025-07-18,US-2025-109953
Second Class,2025-07-18,US-2025-137050
Second Class,2025-07-18,US-2025-137050
Second Class,2025-07-18,US-2025-137050
Standard Class,2025-07-19,US-2025-157588
Standard Class,2025-07-18,US-2025-117282
Second Class,2025-07-18,US-2025-169215
Second Class,2025-07-18,US-2025-137050
Second Class,2025-07-18,US-2025-115483
Second Class,2025-07-18,US-2025-137050
First Class,2025-07-16,US-2025-120180
Same Day,2025-07-14,US-2025-101378
First Class,2025-07-17,US-2025-136924
Second Class,2025-07-16,US-2025-101966
Standard Class,2025-07-18,US-2025-109953
Standard Class,2025-07-20,US-2025-168095
Standard Class,2025-07-20,US-2025-168095
Standard Class,2025-07-21,US-2025-122322
Second Class,2025-07-18,US-2025-130050
Second Class,2025-07-20,US-2025-157161
Second Class,2025-07-20,US-2025-157161
Second Class,2025-07-20,US-2025-157161
Second Class,2025-07-20,US-2025-157161
Second Class,2025-07-20,US-2025-157161
Standard Class,2025-07-22,US-2025-157000
Standard Class,2025-07-22,US-2025-157000
Standard Class,2025-07-21,US-2025-100720
Second Class,2025-07-20,US-2025-157161
Standard Class,2025-07-21,US-2025-100720
Standard Class,2025-07-21,US-2025-100720
Second Class,2025-07-22,US-2025-139087
Second Class,2025-07-22,US-2025-139087
Standard Class,2025-07-22,US-2025-116603
Standard Class,2025-07-21,US-2025-131835
Second Class,2025-07-22,US-2025-139087
Second Class,2025-07-22,US-2025-139087
Standard Class,2025-07-22,US-2025-121671
Standard Class,2025-07-22,US-2025-121671
Standard Class,2025-07-22,US-2025-121671
Standard Class,2025-07-21,US-2025-131835
Standard Class,2025-07-22,US-2025-121671
Second Class,2025-07-22,US-2025-139087
Standard Class,2025-07-22,US-2025-121671
Standard Class,2025-07-22,US-2025-101343
Second Class,2025-07-22,US-2025-139087
Second Class,2025-07-22,US-2025-139087
Standard Class,2025-07-21,US-2025-131835
Standard Class,2025-07-23,US-2025-157763
Standard Class,2025-07-24,US-2025-114727
Standard Class,2025-07-24,US-2025-114727
Standard Class,2025-07-22,US-2025-102561
Standard Class,2025-07-24,US-2025-114727
Standard Class,2025-07-22,US-2025-102561
Standard Class,2025-07-24,US-2025-114727
Standard Class,2025-07-22,US-2025-102561
Standard Class,2025-07-24,US-2025-114727
Standard Class,2025-07-23,US-2025-161676
Second Class,2025-07-23,US-2025-124681
Standard Class,2025-07-22,US-2025-162110
Standard Class,2025-07-25,US-2025-163776
Standard Class,2025-07-25,US-2025-163776
Standard Class,2025-07-25,US-2025-163776
Standard Class,2025-07-25,US-2025-163776
Standard Class,2025-07-25,US-2025-163776
Standard Class,2025-07-25,US-2025-163776
First Class,2025-07-21,US-2025-157217
First Class,2025-07-21,US-2025-157217
Second Class,2025-07-23,US-2025-137939
Standard Class,2025-07-26,US-2025-142895
Same Day,2025-07-21,US-2025-141957
Second Class,2025-07-23,US-2025-146521
Same Day,2025-07-21,US-2025-141957
Standard Class,2025-07-26,US-2025-160941
Standard Class,2025-07-26,US-2025-142895
Standard Class,2025-07-26,US-2025-160941
Same Day,2025-07-21,US-2025-141957
Same Day,2025-07-21,US-2025-141957
Standard Class,2025-07-26,US-2025-114307
Standard Class,2025-07-27,US-2025-122392
Standard Class,2025-07-26,US-2025-114307
Standard Class,2025-07-26,US-2025-111290
Standard Class,2025-07-27,US-2025-122392
Standard Class,2025-07-26,US-2025-114307
Second Class,2025-07-24,US-2025-144855
Standard Class,2025-07-26,US-2025-111290
Standard Class,2025-07-26,US-2025-114307
Standard Class,2025-07-26,US-2025-111290
Standard Class,2025-07-29,US-2025-140613
Standard Class,2025-07-26,US-2025-111290
Standard Class,2025-07-27,US-2025-165316
Standard Class,2025-07-28,US-2025-112256
Standard Class,2025-07-28,US-2025-112256
Standard Class,2025-07-27,US-2025-165316
Standard Class,2025-07-27,US-2025-162404
Standard Class,2025-07-28,US-2025-112256
Standard Class,2025-07-28,US-2025-112256
Standard Class,2025-07-28,US-2025-112256
Standard Class,2025-07-27,US-2025-165316
First Class,2025-07-26,US-2025-111318
Second Class,2025-07-26,US-2025-162943
First Class,2025-07-25,US-2025-102498
Standard Class,2025-07-31,US-2025-126158
Second Class,2025-07-28,US-2025-115441
Standard Class,2025-07-31,US-2025-126158
Second Class,2025-07-28,US-2025-115441
Standard Class,2025-07-31,US-2025-126158
Standard Class,2025-07-29,US-2025-104157
Standard Class,2025-07-29,US-2025-115525
Same Day,2025-07-25,US-2025-149335
Standard Class,2025-07-31,US-2025-126158
First Class,2025-07-26,US-2025-149454
Standard Class,2025-07-29,US-2025-128307
Second Class,2025-07-27,US-2025-111115
Standard Class,2025-07-29,US-2025-103037
Standard Class,2025-07-29,US-2025-104157
Second Class,2025-07-28,US-2025-115441
Standard Class,2025-07-29,US-2025-104157
Second Class,2025-07-28,US-2025-115441
First Class,2025-07-27,US-2025-147417
Second Class,2025-07-28,US-2025-115441
First Class,2025-07-29,US-2025-107783
Standard Class,2025-08-01,US-2025-105452
Standard Class,2025-08-01,US-2025-105452
First Class,2025-07-29,US-2025-107783
First Class,2025-07-29,US-2025-107783
Standard Class,2025-08-03,US-2025-143924
Standard Class,2025-08-03,US-2025-140046
Standard Class,2025-08-03,US-2025-143924
First Class,2025-07-31,US-2025-131891
Standard Class,2025-08-03,US-2025-164574
Standard Class,2025-08-02,US-2025-116344
Standard Class,2025-08-03,US-2025-164574
First Class,2025-08-02,US-2025-112585
Standard Class,2025-08-04,US-2025-112025
Standard Class,2025-08-04,US-2025-137743
Standard Class,2025-08-04,US-2025-137743
Standard Class,2025-08-06,US-2025-133550
Standard Class,2025-08-05,US-2025-144148
Standard Class,2025-08-06,US-2025-133550
Standard Class,2025-08-06,US-2025-133550
Standard Class,2025-08-06,US-2025-133550
Second Class,2025-08-03,US-2025-132990
Same Day,2025-08-01,US-2025-155978
Second Class,2025-08-05,US-2025-144337
Same Day,2025-08-01,US-2025-155978
Second Class,2025-08-04,US-2025-156265
Second Class,2025-08-04,US-2025-156265
Second Class,2025-08-04,US-2025-156265
Second Class,2025-08-05,US-2025-104150
Second Class,2025-08-05,US-2025-104150
Standard Class,2025-08-08,US-2025-110254
Second Class,2025-08-06,US-2025-111913
First Class,2025-08-05,US-2025-128195
Second Class,2025-08-06,US-2025-111913
Standard Class,2025-08-08,US-2025-110254
Standard Class,2025-08-08,US-2025-110254
Standard Class,2025-08-08,US-2025-110254
Second Class,2025-08-06,US-2025-111913
Standard Class,2025-08-11,US-2025-102232
Standard Class,2025-08-11,US-2025-105263
First Class,2025-08-07,US-2025-158869
Standard Class,2025-08-13,US-2025-151092
Standard Class,2025-08-11,US-2025-148516
Standard Class,2025-08-15,US-2025-107328
Standard Class,2025-08-15,US-2025-107328
Standard Class,2025-08-15,US-2025-107328
Second Class,2025-08-10,US-2025-121034
Standard Class,2025-08-13,US-2025-169026
Second Class,2025-08-10,US-2025-121034
Standard Class,2025-08-14,US-2025-130078
Second Class,2025-08-10,CA-2025-129322
Second Class,2025-08-10,CA-2025-129322
Second Class,2025-08-10,CA-2025-129322
First Class,2025-08-12,US-2025-113649
Standard Class,2025-08-14,US-2025-118934
Standard Class,2025-08-14,US-2025-118934
First Class,2025-08-12,US-2025-113649
First Class,2025-08-12,US-2025-113649
Standard Class,2025-08-16,US-2025-128671
Standard Class,2025-08-16,US-2025-128671
Standard Class,2025-08-16,US-2025-128671
Standard Class,2025-08-16,US-2025-143910
Second Class,2025-08-17,US-2025-105459
Standard Class,2025-08-16,US-2025-118073
Second Class,2025-08-14,US-2025-144477
Same Day,2025-08-12,US-2025-167584
Second Class,2025-08-17,US-2025-105459
Second Class,2025-08-15,US-2025-155845
Second Class,2025-08-18,US-2025-156251
Same Day,2025-08-13,US-2025-156692
Standard Class,2025-08-19,US-2025-141264
Second Class,2025-08-17,US-2025-155670
First Class,2025-08-16,US-2025-125843
Second Class,2025-08-18,US-2025-156251
First Class,2025-08-16,US-2025-125843
Second Class,2025-08-17,US-2025-155670
Standard Class,2025-08-19,US-2025-141264
Same Day,2025-08-13,US-2025-156692
Standard Class,2025-08-18,US-2025-136021
First Class,2025-08-16,US-2025-119515
Standard Class,2025-08-18,US-2025-136770
Standard Class,2025-08-18,US-2025-136021
Standard Class,2025-08-18,US-2025-136770
Standard Class,2025-08-18,US-2025-136770
Second Class,2025-08-17,US-2025-154690
Standard Class,2025-08-22,US-2025-167241
Standard Class,2025-08-21,US-2025-123470
Standard Class,2025-08-21,US-2025-123470
Second Class,2025-08-20,US-2025-166163
Standard Class,2025-08-22,US-2025-167241
Standard Class,2025-08-22,US-2025-167241
Standard Class,2025-08-20,US-2025-118626
Standard Class,2025-08-22,US-2025-167241
Second Class,2025-08-20,US-2025-166163
First Class,2025-08-19,US-2025-148096
Standard Class,2025-08-20,US-2025-150343
Standard Class,2025-08-22,US-2025-113117
Standard Class,2025-08-21,US-2025-157308
Second Class,2025-08-20,US-2025-128916
Second Class,2025-08-20,US-2025-128916
Second Class,2025-08-23,US-2025-136133
First Class,2025-08-20,US-2025-113551
First Class,2025-08-20,US-2025-113551
Standard Class,2025-08-24,US-2025-153353
First Class,2025-08-20,US-2025-101980
First Class,2025-08-20,US-2025-101980
First Class,2025-08-20,US-2025-101980
First Class,2025-08-23,US-2025-151141
Standard Class,2025-08-25,US-2025-122581
Second Class,2025-08-23,US-2025-146066
Standard Class,2025-08-28,US-2025-126452
Second Class,2025-08-24,US-2025-167983
Standard Class,2025-08-28,US-2025-126452
Standard Class,2025-08-27,US-2025-123414
Standard Class,2025-08-28,US-2025-126452
Standard Class,2025-08-28,US-2025-126452
Standard Class,2025-08-27,US-2025-123414
Standard Class,2025-08-28,US-2025-126452
Standard Class,2025-08-28,US-2025-126452
Standard Class,2025-08-28,US-2025-126452
First Class,2025-08-23,US-2025-141880
Standard Class,2025-08-28,US-2025-137239
Standard Class,2025-08-29,US-2025-140256
Standard Class,2025-08-27,US-2025-130484
Standard Class,2025-08-28,US-2025-137239
Standard Class,2025-08-26,US-2025-148334
Standard Class,2025-08-28,US-2025-137239
Standard Class,2025-08-26,US-2025-106313
Standard Class,2025-08-30,US-2025-150350
Standard Class,2025-08-30,US-2025-160528
Standard Class,2025-08-30,US-2025-150350
Standard Class,2025-08-27,US-2025-158001
Standard Class,2025-08-27,US-2025-158001
Standard Class,2025-08-27,US-2025-158001
Standard Class,2025-08-30,US-2025-150350
Standard Class,2025-08-29,US-2025-117793
Standard Class,2025-08-29,US-2025-117793
Standard Class,2025-08-30,US-2025-150350
Standard Class,2025-08-29,US-2025-117793
Standard Class,2025-08-30,US-2025-160528
Standard Class,2025-08-30,US-2025-150350
Standard Class,2025-08-30,US-2025-160528
Standard Class,2025-08-29,US-2025-117793
Standard Class,2025-08-30,US-2025-150350
First Class,2025-08-29,US-2025-128594
First Class,2025-08-28,US-2025-152289
Standard Class,2025-08-30,US-2025-163174
Standard Class,2025-09-02,US-2025-114601
Second Class,2025-08-28,US-2025-100405
Standard Class,2025-09-02,US-2025-114601
Standard Class,2025-09-02,US-2025-132094
Standard Class,2025-08-31,US-2025-102141
First Class,2025-08-27,US-2025-105585
Second Class,2025-08-29,US-2025-148201
Standard Class,2025-09-02,US-2025-114601
First Class,2025-08-28,US-2025-160598
First Class,2025-08-27,US-2025-105585
Standard Class,2025-09-02,US-2025-132094
Standard Class,2025-08-30,US-2025-163538
Standard Class,2025-08-31,US-2025-127425
Standard Class,2025-09-02,US-2025-114601
First Class,2025-08-28,US-2025-152289
Standard Class,2025-09-02,US-2025-114601
Standard Class,2025-08-31,US-2025-127425
Second Class,2025-09-01,US-2025-145982
Second Class,2025-09-01,US-2025-145982
Second Class,2025-09-01,US-2025-145982
Standard Class,2025-09-02,US-2025-116764
Second Class,2025-09-01,US-2025-145982
Standard Class,2025-09-01,US-2025-146710
Second Class,2025-09-01,US-2025-145982
Second Class,2025-08-29,US-2025-117919
Standard Class,2025-09-01,US-2025-146710
Second Class,2025-08-29,US-2025-117919
Standard Class,2025-09-01,US-2025-146710
Standard Class,2025-09-01,US-2025-146710
Second Class,2025-09-01,US-2025-145982
First Class,2025-08-31,US-2025-145303
First Class,2025-08-31,US-2025-145303
First Class,2025-08-31,US-2025-145303
First Class,2025-08-30,US-2025-137652
Standard Class,2025-09-02,US-2025-144211
Standard Class,2025-09-02,US-2025-144211
Standard Class,2025-09-03,US-2025-159912
Standard Class,2025-09-03,US-2025-159912
Standard Class,2025-09-03,US-2025-159912
Standard Class,2025-09-02,US-2025-158568
Standard Class,2025-09-03,US-2025-159912
Standard Class,2025-09-02,US-2025-158568
Standard Class,2025-09-03,US-2025-161207
Standard Class,2025-09-02,US-2025-158568
Standard Class,2025-09-04,US-2025-128727
First Class,2025-09-01,US-2025-141544
Standard Class,2025-09-06,US-2025-165995
First Class,2025-09-01,US-2025-141544
First Class,2025-09-01,US-2025-141544
First Class,2025-09-01,US-2025-141544
First Class,2025-09-01,US-2025-141544
Standard Class,2025-09-06,US-2025-165995
Standard Class,2025-09-06,US-2025-117408
Standard Class,2025-09-07,US-2025-151561
Standard Class,2025-09-05,US-2025-116526
Standard Class,2025-09-05,US-2025-116526
Standard Class,2025-09-05,US-2025-116526
Standard Class,2025-09-05,US-2025-116526
First Class,2025-09-03,US-2025-129714
Standard Class,2025-09-05,US-2025-116526
First Class,2025-09-03,US-2025-129714
First Class,2025-09-04,US-2025-120859
Second Class,2025-09-03,US-2025-124583
Standard Class,2025-09-05,US-2025-155481
First Class,2025-09-03,US-2025-129714
First Class,2025-09-03,US-2025-129714
Standard Class,2025-09-05,US-2025-155481
Standard Class,2025-09-07,US-2025-151561
First Class,2025-09-03,US-2025-129714
Standard Class,2025-09-07,US-2025-151561
Standard Class,2025-09-07,US-2025-151561
Standard Class,2025-09-05,US-2025-155481
Standard Class,2025-09-05,US-2025-116526
Second Class,2025-09-05,US-2025-106278
First Class,2025-09-04,US-2025-129847
Standard Class,2025-09-06,US-2025-126732
Standard Class,2025-09-06,US-2025-130407
Standard Class,2025-09-06,US-2025-126732
Standard Class,2025-09-06,US-2025-106950
Standard Class,2025-09-06,US-2025-106950
Standard Class,2025-09-06,US-2025-130407
Standard Class,2025-09-06,US-2025-106950
Standard Class,2025-09-06,US-2025-126732
Standard Class,2025-09-06,US-2025-106950
Second Class,2025-09-07,US-2025-112739
Standard Class,2025-09-06,US-2025-126732
Standard Class,2025-09-06,US-2025-106950
Same Day,2025-09-02,US-2025-116540
Second Class,2025-09-05,US-2025-106278
Same Day,2025-09-02,US-2025-116540
Standard Class,2025-09-08,US-2025-144764
Standard Class,2025-09-06,US-2025-126732
Standard Class,2025-09-08,US-2025-144764
First Class,2025-09-04,US-2025-113096
Second Class,2025-09-07,US-2025-112739
Standard Class,2025-09-06,US-2025-106950
Standard Class,2025-09-08,US-2025-166429
Standard Class,2025-09-08,US-2025-144764
Standard Class,2025-09-06,US-2025-126732
Second Class,2025-09-08,US-2025-147711
Standard Class,2025-09-07,US-2025-104815
Second Class,2025-09-08,US-2025-147711
Standard Class,2025-09-09,US-2025-100566
First Class,2025-09-06,US-2025-101616
First Class,2025-09-05,US-2025-158099
Second Class,2025-09-08,US-2025-147711
Standard Class,2025-09-09,US-2025-159737
Second Class,2025-09-08,US-2025-147711
Standard Class,2025-09-08,US-2025-153185
First Class,2025-09-05,US-2025-132143
Standard Class,2025-09-10,US-2025-163986
First Class,2025-09-05,US-2025-158099
Same Day,2025-09-04,US-2025-129630
Standard Class,2025-09-08,US-2025-131205
Standard Class,2025-09-08,US-2025-123120
Second Class,2025-09-07,US-2025-149783
Standard Class,2025-09-09,US-2025-169971
Standard Class,2025-09-09,US-2025-169971
Second Class,2025-09-07,US-2025-149783
Standard Class,2025-09-08,US-2025-131205
Standard Class,2025-09-08,US-2025-131205
Standard Class,2025-09-08,US-2025-123120
Standard Class,2025-09-08,US-2025-142524
Standard Class,2025-09-09,US-2025-117604
Second Class,2025-09-07,US-2025-149783
Standard Class,2025-09-09,US-2025-168774
Standard Class,2025-09-08,US-2025-131205
Standard Class,2025-09-08,US-2025-123120
Standard Class,2025-09-08,US-2025-142524
Same Day,2025-09-04,US-2025-129630
Standard Class,2025-09-09,US-2025-158778
Standard Class,2025-09-09,US-2025-158778
Second Class,2025-09-07,US-2025-115756
Standard Class,2025-09-11,US-2025-148110
Standard Class,2025-09-11,US-2025-162383
Second Class,2025-09-07,US-2025-115756
Standard Class,2025-09-09,US-2025-158778
First Class,2025-09-07,US-2025-136595
Second Class,2025-09-07,US-2025-110366
Standard Class,2025-09-10,US-2025-121013
Standard Class,2025-09-10,US-2025-144540
Standard Class,2025-09-09,US-2025-158778
Standard Class,2025-09-10,US-2025-140774
First Class,2025-09-06,US-2025-151372
Second Class,2025-09-07,US-2025-136231
Standard Class,2025-09-11,US-2025-162383
Standard Class,2025-09-11,US-2025-162383
Standard Class,2025-09-09,US-2025-154536
Second Class,2025-09-07,US-2025-136231
First Class,2025-09-06,US-2025-151372
Second Class,2025-09-07,US-2025-149195
Standard Class,2025-09-10,US-2025-144540
Second Class,2025-09-07,US-2025-115756
Standard Class,2025-09-10,US-2025-121013
Second Class,2025-09-07,US-2025-136231
Standard Class,2025-09-11,US-2025-133319
Second Class,2025-09-07,US-2025-149195
Second Class,2025-09-07,US-2025-149195
Second Class,2025-09-07,US-2025-115756
First Class,2025-09-06,US-2025-151372
Second Class,2025-09-10,US-2025-164490
Second Class,2025-09-07,US-2025-115756
Second Class,2025-09-07,US-2025-115756
Standard Class,2025-09-11,US-2025-152373
Standard Class,2025-09-10,US-2025-137673
Second Class,2025-09-07,US-2025-136231
First Class,2025-09-06,US-2025-160815
First Class,2025-09-07,US-2025-139409
Second Class,2025-09-09,US-2025-102981
Standard Class,2025-09-11,US-2025-149223
Standard Class,2025-09-11,US-2025-133123
Standard Class,2025-09-11,US-2025-133123
Standard Class,2025-09-12,US-2025-123932
First Class,2025-09-08,US-2025-145240
Second Class,2025-09-09,US-2025-102981
Standard Class,2025-09-12,US-2025-123932
Standard Class,2025-09-14,US-2025-114174
Second Class,2025-09-10,US-2025-108987
Standard Class,2025-09-13,US-2025-110009
Standard Class,2025-09-14,US-2025-115455
Same Day,2025-09-08,US-2025-153101
Standard Class,2025-09-14,US-2025-115455
First Class,2025-09-10,US-2025-131499
Standard Class,2025-09-12,US-2025-108868
Standard Class,2025-09-15,US-2025-103709
Second Class,2025-09-10,US-2025-113516
Second Class,2025-09-10,US-2025-113516
Standard Class,2025-09-14,US-2025-114174
Standard Class,2025-09-12,US-2025-155138
Standard Class,2025-09-13,US-2025-110009
Standard Class,2025-09-15,US-2025-103709
Second Class,2025-09-10,US-2025-108987
Standard Class,2025-09-15,US-2025-103709
Second Class,2025-09-10,US-2025-108987
Second Class,2025-09-10,US-2025-108987
Standard Class,2025-09-12,US-2025-155138
Standard Class,2025-09-12,US-2025-108868
Second Class,2025-09-14,US-2025-137176
First Class,2025-09-11,US-2025-110023
Second Class,2025-09-13,US-2025-112893
Second Class,2025-09-14,US-2025-146206
Second Class,2025-09-12,US-2025-164350
Second Class,2025-09-12,US-2025-126102
Standard Class,2025-09-14,US-2025-165918
Standard Class,2025-09-14,US-2025-165918
Standard Class,2025-09-14,US-2025-165918
Standard Class,2025-09-14,US-2025-165918
Second Class,2025-09-14,US-2025-118780
Second Class,2025-09-14,US-2025-118780
Second Class,2025-09-14,US-2025-146206
Standard Class,2025-09-15,US-2025-112277
First Class,2025-09-13,US-2025-143476
Standard Class,2025-09-17,US-2025-164154
Standard Class,2025-09-17,US-2025-116561
Standard Class,2025-09-16,US-2025-150007
Standard Class,2025-09-17,US-2025-130225
Standard Class,2025-09-16,US-2025-102162
Standard Class,2025-09-16,US-2025-150007
Second Class,2025-09-13,US-2025-121223
First Class,2025-09-13,US-2025-143476
First Class,2025-09-13,US-2025-143476
Standard Class,2025-09-17,US-2025-145625
Standard Class,2025-09-17,US-2025-164154
Standard Class,2025-09-17,US-2025-116561
Standard Class,2025-09-17,US-2025-145625
Standard Class,2025-09-16,US-2025-102162
First Class,2025-09-14,US-2025-153157
Second Class,2025-09-13,US-2025-121223
Standard Class,2025-09-17,US-2025-123946
Same Day,2025-09-13,US-2025-151148
Second Class,2025-09-14,US-2025-142902
Second Class,2025-09-14,US-2025-142902
Second Class,2025-09-14,US-2025-142902
Standard Class,2025-09-16,US-2025-113082
Standard Class,2025-09-16,US-2025-128811
Standard Class,2025-09-16,US-2025-128811
Standard Class,2025-09-17,US-2025-123946
Second Class,2025-09-14,US-2025-142902
Standard Class,2025-09-16,US-2025-128811
Standard Class,2025-09-18,US-2025-152457
Standard Class,2025-09-17,US-2025-123946
Standard Class,2025-09-17,US-2025-123946
Same Day,2025-09-13,US-2025-151148
Standard Class,2025-09-18,US-2025-105732
Standard Class,2025-09-18,US-2025-105732
Standard Class,2025-09-18,US-2025-105732
Standard Class,2025-09-18,US-2025-105732
Standard Class,2025-09-18,US-2025-105732
Standard Class,2025-09-18,US-2025-105732
Standard Class,2025-09-18,US-2025-105732
Standard Class,2025-09-18,US-2025-105732
Standard Class,2025-09-18,US-2025-105732
Standard Class,2025-09-18,US-2025-105732
Standard Class,2025-09-18,US-2025-153178
Standard Class,2025-09-18,US-2025-155439
Standard Class,2025-09-18,US-2025-153178
Standard Class,2025-09-20,US-2025-116911
Standard Class,2025-09-20,US-2025-160479
Standard Class,2025-09-20,US-2025-116911
Standard Class,2025-09-20,US-2025-128678
Standard Class,2025-09-20,US-2025-149797
Standard Class,2025-09-20,US-2025-128678
Standard Class,2025-09-19,US-2025-149370
Standard Class,2025-09-22,US-2025-123337
First Class,2025-09-18,US-2025-162159
Standard Class,2025-09-22,US-2025-123337
Standard Class,2025-09-22,US-2025-134369
Standard Class,2025-09-21,US-2025-159730
Standard Class,2025-09-22,US-2025-152415
Standard Class,2025-09-22,US-2025-152415
Standard Class,2025-09-22,US-2025-164091
Standard Class,2025-09-23,US-2025-105900
Standard Class,2025-09-22,US-2025-109806
Standard Class,2025-09-22,US-2025-111416
Standard Class,2025-09-23,US-2025-148957
Standard Class,2025-09-22,US-2025-109806
Second Class,2025-09-20,US-2025-131093
Standard Class,2025-09-23,US-2025-134208
Standard Class,2025-09-22,US-2025-164091
Standard Class,2025-09-21,US-2025-159730
Standard Class,2025-09-22,US-2025-109806
Standard Class,2025-09-22,US-2025-133935
Standard Class,2025-09-25,US-2025-120355
Standard Class,2025-09-23,US-2025-145905
First Class,2025-09-20,US-2025-157511
Standard Class,2025-09-22,US-2025-133935
First Class,2025-09-20,US-2025-157511
Standard Class,2025-09-25,US-2025-120355
Standard Class,2025-09-22,US-2025-140928
First Class,2025-09-20,US-2025-157511
Standard Class,2025-09-23,US-2025-106075
Standard Class,2025-09-22,US-2025-111409
Standard Class,2025-09-22,US-2025-133935
Standard Class,2025-09-23,US-2025-145905
Standard Class,2025-09-23,US-2025-145905
Standard Class,2025-09-22,US-2025-110086
Same Day,2025-09-19,US-2025-156097
First Class,2025-09-21,US-2025-168354
First Class,2025-09-22,US-2025-120250
Second Class,2025-09-23,US-2025-102932
Standard Class,2025-09-23,US-2025-168557
Second Class,2025-09-24,US-2025-114888
Same Day,2025-09-19,US-2025-156097
First Class,2025-09-21,US-2025-168354
Standard Class,2025-09-23,US-2025-130267
First Class,2025-09-21,US-2025-168354
First Class,2025-09-22,US-2025-158610
First Class,2025-09-21,US-2025-168354
Second Class,2025-09-23,US-2025-102932
Second Class,2025-09-24,US-2025-114888
Standard Class,2025-09-23,US-2025-142370
Standard Class,2025-09-23,US-2025-142370
Standard Class,2025-09-24,US-2025-166772
Standard Class,2025-09-25,US-2025-134516
Standard Class,2025-09-25,US-2025-134516
Standard Class,2025-09-24,US-2025-145611
Standard Class,2025-09-24,US-2025-100244
Standard Class,2025-09-24,US-2025-100244
Standard Class,2025-09-24,US-2025-100244
Standard Class,2025-09-24,US-2025-126284
Standard Class,2025-09-24,US-2025-100244
Standard Class,2025-09-24,US-2025-100244
First Class,2025-09-22,CA-2025-153738
Standard Class,2025-09-27,US-2025-125724
Standard Class,2025-09-26,US-2025-119641
Standard Class,2025-09-28,US-2025-155404
Standard Class,2025-09-28,US-2025-120257
Standard Class,2025-09-29,US-2025-109743
Standard Class,2025-09-26,US-2025-116232
Second Class,2025-09-24,US-2025-166653
Standard Class,2025-09-26,US-2025-116232
Standard Class,2025-09-29,US-2025-151974
Standard Class,2025-09-28,US-2025-157728
Standard Class,2025-09-28,US-2025-158617
First Class,2025-09-25,US-2025-135965
Standard Class,2025-09-28,US-2025-157728
Standard Class,2025-09-29,US-2025-109743
Standard Class,2025-09-27,CA-2025-125724
Second Class,2025-09-28,US-2025-149979
Standard Class,2025-09-27,US-2025-159009
Standard Class,2025-09-27,US-2025-129469
Second Class,2025-09-26,US-2025-124016
Standard Class,2025-09-27,US-2025-129469
Second Class,2025-09-26,US-2025-124016
Second Class,2025-09-28,US-2025-101742
Standard Class,2025-09-27,US-2025-159009
First Class,2025-09-26,US-2025-106656
First Class,2025-09-26,US-2025-106656
Second Class,2025-09-26,US-2025-124016
Second Class,2025-09-28,US-2025-149979
Second Class,2025-09-26,US-2025-110730
Standard Class,2025-09-28,US-2025-100944
Standard Class,2025-10-01,US-2025-134488
Same Day,2025-09-24,US-2025-147340
Standard Class,2025-10-01,US-2025-108875
Standard Class,2025-09-28,US-2025-154235
Standard Class,2025-09-30,US-2025-141551
First Class,2025-09-26,US-2025-132479
Standard Class,2025-09-28,US-2025-100944
Second Class,2025-09-26,US-2025-155187
Standard Class,2025-09-30,US-2025-141551
Second Class,2025-09-26,US-2025-155187
Standard Class,2025-10-01,US-2025-108875
First Class,2025-09-27,US-2025-148747
Standard Class,2025-10-01,US-2025-125402
Standard Class,2025-09-30,US-2025-124163
Standard Class,2025-09-30,US-2025-124163
Standard Class,2025-09-30,US-2025-122245
Standard Class,2025-09-29,US-2025-113978
Standard Class,2025-09-30,US-2025-124163
Standard Class,2025-10-01,US-2025-125402
Standard Class,2025-10-01,US-2025-101385
Standard Class,2025-09-29,US-2025-140417
Standard Class,2025-10-01,US-2025-123722
Standard Class,2025-10-01,US-2025-125402
Standard Class,2025-10-01,US-2025-125402
Standard Class,2025-10-01,US-2025-125402
Standard Class,2025-09-29,US-2025-140417
Standard Class,2025-09-29,US-2025-113978
Standard Class,2025-09-29,US-2025-113978
Standard Class,2025-09-30,US-2025-124163
Standard Class,2025-10-01,US-2025-125402
Standard Class,2025-10-01,US-2025-125402
Standard Class,2025-10-01,US-2025-146794
Standard Class,2025-09-30,US-2025-143406
Standard Class,2025-10-01,US-2025-157945
Standard Class,2025-09-30,US-2025-169957
Standard Class,2025-09-30,US-2025-143406
Same Day,2025-09-26,US-2025-145898
Standard Class,2025-10-01,US-2025-149790
First Class,2025-09-27,US-2025-132017
Standard Class,2025-10-01,US-2025-157945
Same Day,2025-09-26,US-2025-145898
Same Day,2025-09-26,US-2025-145898
Second Class,2025-10-01,US-2025-157714
Standard Class,2025-09-30,US-2025-169957
Standard Class,2025-09-30,US-2025-165820
Same Day,2025-09-26,US-2025-145898
Standard Class,2025-10-01,US-2025-109260
Standard Class,2025-09-30,US-2025-169957
Second Class,2025-10-01,CA-2025-192314
Standard Class,2025-10-03,US-2025-110170
Second Class,2025-09-29,US-2025-123176
Standard Class,2025-10-02,US-2025-163202
Second Class,2025-09-29,US-2025-123176
Standard Class,2025-10-03,US-2025-140249
First Class,2025-10-01,US-2025-134656
First Class,2025-09-30,US-2025-161781
Standard Class,2025-10-03,US-2025-108616
Second Class,2025-10-01,US-2025-106621
Standard Class,2025-10-03,US-2025-108616
Standard Class,2025-10-03,US-2025-138037
First Class,2025-10-02,US-2025-134362
Second Class,2025-10-01,US-2025-101497
Standard Class,2025-10-03,US-2025-108616
Standard Class,2025-10-03,US-2025-125794
Standard Class,2025-10-03,US-2025-108056
Standard Class,2025-10-04,US-2025-106243
First Class,2025-10-03,US-2025-108644
First Class,2025-10-02,US-2025-157686
First Class,2025-10-02,US-2025-155992
Standard Class,2025-10-05,US-2025-139157
Second Class,2025-10-06,US-2025-116918
Second Class,2025-10-06,US-2025-116918
Same Day,2025-10-01,US-2025-111794
Same Day,2025-10-01,US-2025-111794
First Class,2025-10-02,US-2025-155992
Standard Class,2025-10-06,US-2025-134376
Standard Class,2025-10-09,US-2025-118689
First Class,2025-10-03,US-2025-118969
Standard Class,2025-10-09,US-2025-118689
Standard Class,2025-10-09,US-2025-118689
Standard Class,2025-10-09,US-2025-118689
Standard Class,2025-10-09,US-2025-118689
Standard Class,2025-10-08,US-2025-144939
Standard Class,2025-10-07,US-2025-101672
Standard Class,2025-10-07,US-2025-103919
Second Class,2025-10-06,US-2025-140634
Standard Class,2025-10-07,US-2025-101672
Standard Class,2025-10-07,US-2025-101672
Standard Class,2025-10-07,US-2025-101672
Standard Class,2025-10-08,US-2025-145709
Standard Class,2025-10-09,US-2025-131296
Standard Class,2025-10-08,US-2025-140158
Same Day,2025-10-04,US-2025-121601
Standard Class,2025-10-08,US-2025-140158
Standard Class,2025-10-08,US-2025-140158
Standard Class,2025-10-08,US-2025-145709
First Class,2025-10-07,US-2025-157490
First Class,2025-10-07,US-2025-157490
Same Day,2025-10-06,US-2025-115952
First Class,2025-10-07,US-2025-157490
First Class,2025-10-07,US-2025-157490
Standard Class,2025-10-13,US-2025-162614
Standard Class,2025-10-11,US-2025-139808
First Class,2025-10-10,US-2025-163216
Standard Class,2025-10-12,US-2025-155033
First Class,2025-10-09,US-2025-127649
Standard Class,2025-10-14,US-2025-126844
Standard Class,2025-10-15,US-2025-149685
Same Day,2025-10-08,US-2025-162026
Standard Class,2025-10-13,US-2025-135636
Standard Class,2025-10-14,US-2025-114748
Second Class,2025-10-11,US-2025-128909
Standard Class,2025-10-14,US-2025-114748
Second Class,2025-10-11,US-2025-128909
Standard Class,2025-10-15,US-2025-116974
First Class,2025-10-12,US-2025-157707
First Class,2025-10-12,US-2025-157707
First Class,2025-10-12,US-2025-126627
First Class,2025-10-12,US-2025-126627
Standard Class,2025-10-14,US-2025-150357
Standard Class,2025-10-14,US-2025-150357
First Class,2025-10-12,US-2025-157707
First Class,2025-10-12,CA-2025-126627
First Class,2025-10-12,CA-2025-126627
Standard Class,2025-10-15,US-2025-113390
Standard Class,2025-10-15,US-2025-113390
Standard Class,2025-10-17,US-2025-100839
Standard Class,2025-10-19,US-2025-145583
Standard Class,2025-10-19,US-2025-154018
Standard Class,2025-10-20,US-2025-101161
Standard Class,2025-10-17,US-2025-100839
Standard Class,2025-10-19,US-2025-145583
Standard Class,2025-10-20,US-2025-101161
Standard Class,2025-10-19,US-2025-154018
Standard Class,2025-10-19,US-2025-154018
Standard Class,2025-10-19,US-2025-145583
Standard Class,2025-10-19,US-2025-145583
Standard Class,2025-10-20,US-2025-101161
Standard Class,2025-10-19,US-2025-154018
Standard Class,2025-10-20,US-2025-101161
Standard Class,2025-10-19,US-2025-145583
Standard Class,2025-10-19,US-2025-145583
Standard Class,2025-10-20,US-2025-101161
Standard Class,2025-10-19,US-2025-145583
Standard Class,2025-10-19,US-2025-154018
Standard Class,2025-10-20,US-2025-156503
Standard Class,2025-10-20,US-2025-156503
Standard Class,2025-10-18,US-2025-113607
Standard Class,2025-10-20,US-2025-156503
Standard Class,2025-10-20,US-2025-156503
Standard Class,2025-10-20,US-2025-156503
Standard Class,2025-10-18,US-2025-108098
Standard Class,2025-10-20,US-2025-156503
Standard Class,2025-10-19,US-2025-125220
Standard Class,2025-10-18,US-2025-113607
Standard Class,2025-10-20,US-2025-142097
Standard Class,2025-10-21,US-2025-124352
Standard Class,2025-10-21,US-2025-124352
Standard Class,2025-10-21,US-2025-125738
Standard Class,2025-10-20,US-2025-142097
Standard Class,2025-10-20,US-2025-142097
Standard Class,2025-10-21,US-2025-124352
Standard Class,2025-10-21,US-2025-124352
Standard Class,2025-10-21,US-2025-125738
Standard Class,2025-10-21,US-2025-125738
Standard Class,2025-10-21,US-2025-125738
Standard Class,2025-10-21,US-2025-124352
Standard Class,2025-10-21,US-2025-124352
Standard Class,2025-10-20,US-2025-132066
First Class,2025-10-20,US-2025-152688
Standard Class,2025-10-21,US-2025-163972
Second Class,2025-10-21,US-2025-147256
First Class,2025-10-20,US-2025-141586
First Class,2025-10-20,US-2025-152688
Second Class,2025-10-21,US-2025-147256
Standard Class,2025-10-22,US-2025-159856
Standard Class,2025-10-24,CA-2025-174514
Standard Class,2025-10-25,US-2025-139549
Second Class,2025-10-24,US-2025-133697
Standard Class,2025-10-26,US-2025-105753
First Class,2025-10-23,US-2025-106341
First Class,2025-10-22,US-2025-168921
Second Class,2025-10-24,US-2025-133697
Second Class,2025-10-24,US-2025-133697
Standard Class,2025-10-26,US-2025-160220
Standard Class,2025-10-26,US-2025-160220
Standard Class,2025-10-26,US-2025-160220
Same Day,2025-10-21,US-2025-155516
Standard Class,2025-10-27,US-2025-161746
Standard Class,2025-10-26,US-2025-136322
Standard Class,2025-10-27,US-2025-161746
Standard Class,2025-10-26,US-2025-125080
Standard Class,2025-10-27,US-2025-161746
Second Class,2025-10-26,US-2025-138478
Second Class,2025-10-26,US-2025-138478
Same Day,2025-10-21,US-2025-155516
Standard Class,2025-10-26,US-2025-151169
Standard Class,2025-10-26,US-2025-136322
Second Class,2025-10-26,US-2025-138478
Standard Class,2025-10-27,US-2025-112340
Same Day,2025-10-21,US-2025-155516
Standard Class,2025-10-27,US-2025-161746
Standard Class,2025-10-25,US-2025-144729
Second Class,2025-10-24,US-2025-169334
Same Day,2025-10-21,US-2025-155516
Standard Class,2025-10-25,US-2025-166373
First Class,2025-10-22,US-2025-111493
Standard Class,2025-10-27,US-2025-133669
First Class,2025-10-24,US-2025-165148
Same Day,2025-10-22,US-2025-169887
First Class,2025-10-24,US-2025-116400
Same Day,2025-10-22,US-2025-169887
Same Day,2025-10-22,US-2025-169887
Standard Class,2025-10-29,US-2025-165484
Standard Class,2025-10-28,US-2025-151323
Standard Class,2025-10-29,US-2025-132661
Standard Class,2025-10-29,US-2025-165484
Standard Class,2025-10-28,US-2025-158925
Standard Class,2025-10-28,US-2025-118311
Same Day,2025-10-24,US-2025-166275
Second Class,2025-10-28,US-2025-121748
Second Class,2025-10-28,US-2025-121748
Standard Class,2025-10-31,US-2025-121020
First Class,2025-10-28,US-2025-153318
Standard Class,2025-10-31,US-2025-116596
Second Class,2025-11-01,US-2025-120873
Standard Class,2025-11-02,US-2025-152632
Standard Class,2025-11-02,US-2025-156811
Standard Class,2025-11-02,US-2025-156811
Standard Class,2025-10-31,US-2025-116596
Standard Class,2025-10-31,US-2025-117387
Standard Class,2025-10-31,US-2025-116596
Standard Class,2025-10-31,US-2025-116596
Same Day,2025-10-28,US-2025-144344
Standard Class,2025-11-03,US-2025-142545
Same Day,2025-10-28,US-2025-144344
Same Day,2025-10-28,US-2025-144344
Same Day,2025-10-28,US-2025-120369
Second Class,2025-11-01,US-2025-125815
Standard Class,2025-11-02,US-2025-140641
First Class,2025-10-29,US-2025-134775
Standard Class,2025-11-03,US-2025-142545
Same Day,2025-10-28,US-2025-144344
Standard Class,2025-11-04,US-2025-144393
Standard Class,2025-11-03,US-2025-142545
Standard Class,2025-11-03,US-2025-142545
First Class,2025-10-29,US-2025-134775
Standard Class,2025-11-01,US-2025-130162
Standard Class,2025-11-03,US-2025-142545
Standard Class,2025-11-01,US-2025-130162
First Class,2025-10-31,US-2025-146682
Standard Class,2025-11-02,US-2025-112389
Second Class,2025-11-01,US-2025-131912
Standard Class,2025-11-02,US-2025-112389
Standard Class,2025-11-04,US-2025-167290
Standard Class,2025-11-03,US-2025-153836
Standard Class,2025-11-03,US-2025-153836
Standard Class,2025-11-04,US-2025-105291
Standard Class,2025-11-06,US-2025-119165
Standard Class,2025-11-05,US-2025-146913
Standard Class,2025-11-05,US-2025-140130
Standard Class,2025-11-05,US-2025-140130
Second Class,2025-11-04,US-2025-142251
Standard Class,2025-11-05,US-2025-140130
Standard Class,2025-11-04,US-2025-144218
Standard Class,2025-11-05,US-2025-140130
Standard Class,2025-11-05,US-2025-159212
First Class,2025-11-04,US-2025-100671
Standard Class,2025-11-07,US-2025-129196
Standard Class,2025-11-05,US-2025-159212
First Class,2025-11-06,US-2025-114972
Standard Class,2025-11-07,US-2025-134180
Second Class,2025-11-08,US-2025-168893
Second Class,2025-11-08,US-2025-168893
Standard Class,2025-11-08,US-2025-109365
First Class,2025-11-06,US-2025-114972
Standard Class,2025-11-10,US-2025-128867
Second Class,2025-11-08,US-2025-168893
Standard Class,2025-11-07,US-2025-127250
Second Class,2025-11-08,US-2025-168893
Standard Class,2025-11-08,US-2025-109365
First Class,2025-11-05,US-2025-159023
Standard Class,2025-11-10,US-2025-128867
Standard Class,2025-11-08,US-2025-109365
Standard Class,2025-11-08,US-2025-109365
Second Class,2025-11-08,US-2025-168893
First Class,2025-11-06,US-2025-114972
Standard Class,2025-11-08,US-2025-109365
Standard Class,2025-11-08,US-2025-109365
Standard Class,2025-11-09,US-2025-160136
Standard Class,2025-11-08,US-2025-109365
First Class,2025-11-06,US-2025-114972
Standard Class,2025-11-07,US-2025-134180
First Class,2025-11-05,US-2025-159023
Second Class,2025-11-06,US-2025-163328
Second Class,2025-11-06,US-2025-163328
Standard Class,2025-11-08,US-2025-111563
Standard Class,2025-11-09,US-2025-165827
Standard Class,2025-11-08,US-2025-111563
Second Class,2025-11-08,US-2025-163755
First Class,2025-11-05,US-2025-166443
Second Class,2025-11-06,US-2025-162236
Same Day,2025-11-04,US-2025-146766
Standard Class,2025-11-08,US-2025-119018
Standard Class,2025-11-08,US-2025-119018
Same Day,2025-11-04,US-2025-143308
Second Class,2025-11-06,US-2025-163328
Second Class,2025-11-06,US-2025-163328
Standard Class,2025-11-08,US-2025-119018
Second Class,2025-11-06,US-2025-163328
Second Class,2025-11-06,US-2025-162236
Second Class,2025-11-06,US-2025-163328
Second Class,2025-11-06,US-2025-162236
Standard Class,2025-11-08,US-2025-158260
Standard Class,2025-11-09,US-2025-131611
Second Class,2025-11-07,US-2025-144092
First Class,2025-11-07,US-2025-157280
First Class,2025-11-07,US-2025-157280
Standard Class,2025-11-09,US-2025-131611
Standard Class,2025-11-10,US-2025-165078
Standard Class,2025-11-09,US-2025-131611
Standard Class,2025-11-10,US-2025-165078
First Class,2025-11-08,US-2025-148908
Standard Class,2025-11-10,US-2025-140207
Standard Class,2025-11-09,US-2025-131611
Second Class,2025-11-07,US-2025-144092
Standard Class,2025-11-10,US-2025-165078
Same Day,2025-11-05,US-2025-143441
First Class,2025-11-07,US-2025-157280
Second Class,2025-11-07,US-2025-144092
Standard Class,2025-11-09,US-2025-131611
Standard Class,2025-11-09,US-2025-125094
Standard Class,2025-11-10,US-2025-106677
First Class,2025-11-09,US-2025-153815
Second Class,2025-11-10,US-2025-125969
Second Class,2025-11-10,US-2025-125969
First Class,2025-11-09,US-2025-153815
First Class,2025-11-09,US-2025-153815
First Class,2025-11-09,US-2025-153815
Second Class,2025-11-10,US-2025-109925
Standard Class,2025-11-12,US-2025-152247
Standard Class,2025-11-12,US-2025-116337
Standard Class,2025-11-12,US-2025-147585
First Class,2025-11-09,US-2025-161669
Standard Class,2025-11-12,US-2025-116379
First Class,2025-11-09,US-2025-161669
Standard Class,2025-11-11,US-2025-113817
First Class,2025-11-09,US-2025-132997
First Class,2025-11-09,US-2025-139388
First Class,2025-11-09,US-2025-161669
Standard Class,2025-11-12,US-2025-164896
First Class,2025-11-09,US-2025-132997
Standard Class,2025-11-12,US-2025-116337
First Class,2025-11-09,US-2025-132997
First Class,2025-11-09,US-2025-161669
Standard Class,2025-11-12,US-2025-144554
Standard Class,2025-11-13,US-2025-168830
First Class,2025-11-09,US-2025-132997
First Class,2025-11-09,US-2025-132997
Second Class,2025-11-11,US-2025-152156
Second Class,2025-11-11,US-2025-152156
Standard Class,2025-11-14,US-2025-138233
First Class,2025-11-12,US-2025-140935
Standard Class,2025-11-14,US-2025-145177
Second Class,2025-11-13,US-2025-158694
Standard Class,2025-11-14,US-2025-119935
Standard Class,2025-11-15,US-2025-162348
Second Class,2025-11-13,US-2025-158694
Standard Class,2025-11-14,US-2025-145177
Second Class,2025-11-13,US-2025-158694
Standard Class,2025-11-15,US-2025-137736
Standard Class,2025-11-14,US-2025-125164
Standard Class,2025-11-14,US-2025-119935
Standard Class,2025-11-14,US-2025-145177
Standard Class,2025-11-14,US-2025-127761
First Class,2025-11-12,US-2025-105494
Standard Class,2025-11-14,US-2025-125164
Second Class,2025-11-13,US-2025-158694
First Class,2025-11-12,US-2025-163384
Standard Class,2025-11-14,US-2025-145177
Standard Class,2025-11-14,US-2025-145177
Second Class,2025-11-13,US-2025-158694
Standard Class,2025-11-14,US-2025-145177
Second Class,2025-11-13,US-2025-158694
First Class,2025-11-12,US-2025-136581
First Class,2025-11-12,US-2025-163384
Standard Class,2025-11-14,US-2025-145177
First Class,2025-11-13,US-2025-152940
Second Class,2025-11-13,US-2025-158694
Second Class,2025-11-12,US-2025-115588
First Class,2025-11-12,US-2025-105494
Second Class,2025-11-12,US-2025-115588
Standard Class,2025-11-14,US-2025-145177
Standard Class,2025-11-14,US-2025-144547
Standard Class,2025-11-14,US-2025-145177
First Class,2025-11-12,US-2025-140935
Standard Class,2025-11-14,US-2025-127761
Standard Class,2025-11-16,US-2025-145548
Standard Class,2025-11-17,US-2025-124506
Standard Class,2025-11-16,US-2025-116722
Second Class,2025-11-16,US-2025-130799
Standard Class,2025-11-16,US-2025-116722
Standard Class,2025-11-17,US-2025-164196
Standard Class,2025-11-15,US-2025-131968
Standard Class,2025-11-16,US-2025-145548
Standard Class,2025-11-15,US-2025-103128
Standard Class,2025-11-16,US-2025-145548
Standard Class,2025-11-16,US-2025-116722
Standard Class,2025-11-15,US-2025-131968
Standard Class,2025-11-16,US-2025-145548
Standard Class,2025-11-16,US-2025-124667
Standard Class,2025-11-16,US-2025-145548
Standard Class,2025-11-16,US-2025-145548
Standard Class,2025-11-17,US-2025-124506
Standard Class,2025-11-16,US-2025-124667
Standard Class,2025-11-16,US-2025-139878
Standard Class,2025-11-16,US-2025-124590
Standard Class,2025-11-16,US-2025-124590
Standard Class,2025-11-16,US-2025-124590
First Class,2025-11-13,US-2025-149349
First Class,2025-11-15,US-2025-164399
Standard Class,2025-11-16,US-2025-124590
Second Class,2025-11-15,US-2025-152170
Second Class,2025-11-15,US-2025-152170
Second Class,2025-11-15,US-2025-152170
Standard Class,2025-11-19,US-2025-134348
Standard Class,2025-11-19,US-2025-134348
Second Class,2025-11-15,US-2025-152170
Standard Class,2025-11-16,US-2025-124590
Second Class,2025-11-15,US-2025-152170
Standard Class,2025-11-19,US-2025-134348
First Class,2025-11-15,US-2025-164399
Standard Class,2025-11-17,US-2025-128972
Standard Class,2025-11-19,US-2025-149461
Standard Class,2025-11-17,US-2025-147683
Standard Class,2025-11-17,US-2025-155488
Standard Class,2025-11-18,US-2025-101336
Standard Class,2025-11-17,US-2025-162103
Standard Class,2025-11-19,US-2025-113677
Standard Class,2025-11-17,US-2025-118570
Standard Class,2025-11-18,US-2025-101336
Standard Class,2025-11-18,US-2025-101336
Standard Class,2025-11-18,US-2025-101336
Standard Class,2025-11-17,US-2025-121958
Standard Class,2025-11-19,US-2025-113677
Second Class,2025-11-19,US-2025-121370
First Class,2025-11-17,US-2025-118759
Standard Class,2025-11-20,US-2025-117541
Second Class,2025-11-19,US-2025-121370
Standard Class,2025-11-18,US-2025-166618
First Class,2025-11-15,US-2025-112970
Standard Class,2025-11-18,US-2025-134691
Second Class,2025-11-16,US-2025-131065
Standard Class,2025-11-19,US-2025-149482
Standard Class,2025-11-20,US-2025-117541
Second Class,2025-11-16,US-2025-131065
First Class,2025-11-17,US-2025-118759
Second Class,2025-11-16,US-2025-131065
Second Class,2025-11-19,US-2025-121370
Standard Class,2025-11-18,US-2025-144351
Standard Class,2025-11-18,US-2025-166618
Same Day,2025-11-15,US-2025-130820
Second Class,2025-11-17,US-2025-146633
Second Class,2025-11-17,US-2025-146633
Standard Class,2025-11-22,US-2025-105963
Standard Class,2025-11-19,US-2025-148740
First Class,2025-11-17,US-2025-124527
Standard Class,2025-11-20,US-2025-154508
Standard Class,2025-11-22,US-2025-150658
First Class,2025-11-18,US-2025-134110
First Class,2025-11-18,US-2025-118500
First Class,2025-11-18,US-2025-134110
Second Class,2025-11-23,US-2025-115378
Standard Class,2025-11-22,US-2025-119963
Standard Class,2025-11-22,US-2025-166226
Standard Class,2025-11-24,US-2025-158575
Standard Class,2025-11-22,US-2025-119963
Same Day,2025-11-18,US-2025-108630
Standard Class,2025-11-22,US-2025-119963
Standard Class,2025-11-22,US-2025-119963
Standard Class,2025-11-23,US-2025-136812
Standard Class,2025-11-22,US-2025-103464
Second Class,2025-11-21,US-2025-138408
Standard Class,2025-11-22,US-2025-166226
Standard Class,2025-11-24,US-2025-110156
Standard Class,2025-11-23,US-2025-126858
Standard Class,2025-11-25,US-2025-130778
First Class,2025-11-22,US-2025-111143
First Class,2025-11-21,US-2025-157364
Standard Class,2025-11-25,US-2025-113138
Standard Class,2025-11-25,US-2025-113138
Standard Class,2025-11-24,US-2025-110156
Standard Class,2025-11-24,US-2025-164511
Standard Class,2025-11-24,US-2025-110156
Standard Class,2025-11-24,US-2025-110156
Standard Class,2025-11-24,US-2025-110156
Standard Class,2025-11-25,US-2025-130778
Standard Class,2025-11-24,US-2025-110156
Standard Class,2025-11-24,US-2025-110156
Standard Class,2025-11-24,US-2025-164511
Standard Class,2025-11-24,US-2025-164511
Standard Class,2025-11-24,US-2025-110156
Standard Class,2025-11-25,US-2025-113845
Second Class,2025-11-24,US-2025-110772
Standard Class,2025-11-27,US-2025-127971
Standard Class,2025-11-27,US-2025-127971
Standard Class,2025-11-27,US-2025-145492
Standard Class,2025-11-25,US-2025-100041
First Class,2025-11-22,US-2025-109820
Standard Class,2025-11-24,US-2025-121356
First Class,2025-11-22,US-2025-109820
Second Class,2025-11-24,US-2025-110772
Standard Class,2025-11-24,US-2025-114104
Second Class,2025-11-24,US-2025-110772
Standard Class,2025-11-25,US-2025-100041
First Class,2025-11-22,US-2025-109820
Standard Class,2025-11-25,US-2025-100041
Standard Class,2025-11-25,US-2025-113845
Second Class,2025-11-24,US-2025-110772
Standard Class,2025-11-24,US-2025-142615
Standard Class,2025-11-27,US-2025-127971
Standard Class,2025-11-25,US-2025-113845
Standard Class,2025-11-24,US-2025-114104
Standard Class,2025-11-24,US-2025-107790
Same Day,2025-11-21,US-2025-113425
Standard Class,2025-11-26,US-2025-140018
Standard Class,2025-11-26,US-2025-114293
Standard Class,2025-11-26,US-2025-140018
Standard Class,2025-11-28,US-2025-114895
Standard Class,2025-11-26,US-2025-146157
Second Class,2025-11-25,US-2025-114482
Standard Class,2025-11-26,US-2025-152646
Standard Class,2025-11-26,US-2025-146157
Standard Class,2025-11-26,US-2025-146157
Standard Class,2025-11-26,US-2025-140018
Second Class,2025-11-25,US-2025-114482
Standard Class,2025-11-26,US-2025-154711
Standard Class,2025-11-26,US-2025-154711
Standard Class,2025-11-27,US-2025-132577
Standard Class,2025-11-26,US-2025-154711
Standard Class,2025-11-27,US-2025-164945
Standard Class,2025-11-26,US-2025-131576
Standard Class,2025-11-27,US-2025-132577
Standard Class,2025-11-27,US-2025-132577
Standard Class,2025-11-27,US-2025-132577
Standard Class,2025-11-27,US-2025-132577
Same Day,2025-11-23,US-2025-160129
Same Day,2025-11-23,US-2025-160129
Same Day,2025-11-23,US-2025-160129
Standard Class,2025-11-30,US-2025-123533
Standard Class,2025-11-30,US-2025-163881
Standard Class,2025-12-01,US-2025-100468
Second Class,2025-11-27,US-2025-123806
Standard Class,2025-12-01,US-2025-113726
Standard Class,2025-11-30,US-2025-123533
Second Class,2025-11-26,US-2025-128531
First Class,2025-11-26,US-2025-124485
First Class,2025-11-27,US-2025-163573
First Class,2025-11-26,US-2025-125661
Standard Class,2025-12-01,US-2025-105284
Second Class,2025-11-26,US-2025-128531
Second Class,2025-11-26,US-2025-128531
Standard Class,2025-11-29,US-2025-100083
Standard Class,2025-11-30,US-2025-123533
First Class,2025-11-26,US-2025-124485
First Class,2025-11-26,US-2025-124485
Second Class,2025-11-26,US-2025-128531
Standard Class,2025-11-28,US-2025-165561
Standard Class,2025-11-30,US-2025-163881
Second Class,2025-11-26,US-2025-128531
First Class,2025-11-26,US-2025-124485
Second Class,2025-11-26,US-2025-128531
Standard Class,2025-11-30,US-2025-163881
First Class,2025-11-26,US-2025-125661
Standard Class,2025-12-01,US-2025-100468
Standard Class,2025-11-28,US-2025-132731
Standard Class,2025-11-29,US-2025-113341
Standard Class,2025-11-29,US-2025-169838
Standard Class,2025-12-02,US-2025-108196
Standard Class,2025-11-29,US-2025-169838
Standard Class,2025-11-30,US-2025-165470
Standard Class,2025-11-30,US-2025-160535
Standard Class,2025-11-30,US-2025-132549
Standard Class,2025-12-02,US-2025-108196
Standard Class,2025-11-29,US-2025-169838
Standard Class,2025-12-02,US-2025-108196
Standard Class,2025-11-30,US-2025-160535
First Class,2025-11-28,US-2025-119298
Standard Class,2025-11-30,US-2025-107104
Standard Class,2025-11-30,US-2025-107104
Second Class,2025-11-30,US-2025-130288
Standard Class,2025-11-30,US-2025-107104
Standard Class,2025-12-02,US-2025-106915
Standard Class,2025-11-30,US-2025-107104
First Class,2025-11-29,US-2025-158309
First Class,2025-11-29,US-2025-133711
Standard Class,2025-12-02,US-2025-129693
Second Class,2025-11-28,US-2025-158288
First Class,2025-11-29,US-2025-133711
First Class,2025-11-29,US-2025-133711
First Class,2025-11-28,US-2025-145135
First Class,2025-11-28,US-2025-145135
First Class,2025-11-29,US-2025-133711
Standard Class,2025-12-01,US-2025-126893
Standard Class,2025-12-02,US-2025-159639
Standard Class,2025-12-03,US-2025-104276
First Class,2025-11-30,US-2025-162313
First Class,2025-11-30,US-2025-117583
First Class,2025-11-30,US-2025-144911
First Class,2025-11-30,US-2025-117583
First Class,2025-11-30,US-2025-117583
First Class,2025-11-30,US-2025-117583
Standard Class,2025-12-01,US-2025-114230
Second Class,2025-11-29,US-2025-129686
Second Class,2025-11-29,US-2025-129686
First Class,2025-11-30,US-2025-144911
Standard Class,2025-12-03,US-2025-104276
Second Class,2025-11-29,US-2025-152121
Standard Class,2025-12-04,US-2025-127243
Second Class,2025-12-01,US-2025-163167
Standard Class,2025-12-02,US-2025-105018
Standard Class,2025-12-03,US-2025-123617
Standard Class,2025-12-04,US-2025-127243
Standard Class,2025-12-04,US-2025-127243
Standard Class,2025-12-04,US-2025-127243
Second Class,2025-12-01,US-2025-163167
Second Class,2025-12-01,US-2025-163167
Second Class,2025-12-01,US-2025-163167
Standard Class,2025-12-04,US-2025-127243
Second Class,2025-12-04,US-2025-160241
Second Class,2025-12-01,US-2025-131674
Standard Class,2025-12-06,US-2025-156748
Standard Class,2025-12-06,US-2025-156748
Standard Class,2025-12-06,US-2025-156748
Standard Class,2025-12-06,US-2025-156748
Same Day,2025-11-30,US-2025-134761
Standard Class,2025-12-05,US-2025-113621
Second Class,2025-12-03,US-2025-130393
Second Class,2025-12-03,US-2025-130393
Second Class,2025-12-05,US-2025-157336
Same Day,2025-12-01,US-2025-155768
Standard Class,2025-12-07,US-2025-136434
Second Class,2025-12-06,US-2025-142594
Standard Class,2025-12-05,US-2025-150035
Second Class,2025-12-06,US-2025-142594
Second Class,2025-12-06,US-2025-142594
Second Class,2025-12-03,US-2025-143805
Second Class,2025-12-03,US-2025-130393
Standard Class,2025-12-06,US-2025-136483
Standard Class,2025-12-05,US-2025-104689
Second Class,2025-12-05,US-2025-157336
Same Day,2025-12-01,US-2025-155768
Same Day,2025-12-01,US-2025-155768
Second Class,2025-12-04,US-2025-129903
Same Day,2025-12-01,US-2025-155768
Second Class,2025-12-03,US-2025-143805
Second Class,2025-12-06,US-2025-142594
Same Day,2025-12-01,US-2025-127698
Standard Class,2025-12-05,US-2025-113621
Second Class,2025-12-04,US-2025-164770
Standard Class,2025-12-07,US-2025-113985
Standard Class,2025-12-08,US-2025-163804
Standard Class,2025-12-07,US-2025-113985
Standard Class,2025-12-07,US-2025-113985
Standard Class,2025-12-06,US-2025-105354
Standard Class,2025-12-07,US-2025-113985
Standard Class,2025-12-07,US-2025-155103
Standard Class,2025-12-07,US-2025-155103
Standard Class,2025-12-07,US-2025-155103
Standard Class,2025-12-08,US-2025-108455
Standard Class,2025-12-08,US-2025-108455
Second Class,2025-12-04,US-2025-164770
Standard Class,2025-12-08,US-2025-163804
Standard Class,2025-12-08,US-2025-108455
Standard Class,2025-12-08,US-2025-143154
Standard Class,2025-12-08,US-2025-163804
Standard Class,2025-12-06,CA-2025-133541
Standard Class,2025-12-06,CA-2025-124574
Standard Class,2025-12-06,CA-2025-111254
Standard Class,2025-12-07,US-2025-149762
First Class,2025-12-06,US-2025-150861
Standard Class,2025-12-07,US-2025-122063
First Class,2025-12-06,US-2025-153598
First Class,2025-12-06,US-2025-150861
Standard Class,2025-12-07,US-2025-149762
Standard Class,2025-12-07,US-2025-122063
Standard Class,2025-12-08,US-2025-161683
Standard Class,2025-12-07,US-2025-149762
Standard Class,2025-12-08,US-2025-161683
First Class,2025-12-06,US-2025-150861
First Class,2025-12-06,US-2025-150861
Standard Class,2025-12-07,US-2025-149762
Standard Class,2025-12-09,US-2025-161025
First Class,2025-12-06,US-2025-150861
First Class,2025-12-06,US-2025-153598
First Class,2025-12-05,US-2025-126004
Standard Class,2025-12-08,US-2025-105277
First Class,2025-12-05,US-2025-126004
Standard Class,2025-12-09,US-2025-112060
First Class,2025-12-05,US-2025-126004
First Class,2025-12-05,US-2025-126004
First Class,2025-12-05,US-2025-126004
Standard Class,2025-12-08,US-2025-139885
First Class,2025-12-05,US-2025-126004
Standard Class,2025-12-09,CA-2025-119508
Standard Class,2025-12-09,CA-2025-119508
First Class,2025-12-07,US-2025-143749
Standard Class,2025-12-09,US-2025-114489
Second Class,2025-12-10,US-2025-146374
First Class,2025-12-06,US-2025-124772
Second Class,2025-12-10,US-2025-140564
Second Class,2025-12-09,US-2025-163636
Standard Class,2025-12-09,US-2025-114489
Standard Class,2025-12-10,US-2025-161389
Second Class,2025-12-10,US-2025-146374
Second Class,2025-12-08,US-2025-145009
Second Class,2025-12-10,US-2025-146374
Second Class,2025-12-07,US-2025-109722
Second Class,2025-12-07,US-2025-108434
Standard Class,2025-12-09,US-2025-114489
Second Class,2025-12-07,US-2025-109722
Standard Class,2025-12-09,US-2025-114489
Standard Class,2025-12-10,US-2025-103674
Standard Class,2025-12-12,US-2025-169040
Standard Class,2025-12-12,US-2025-169040
Standard Class,2025-12-12,US-2025-162390
Standard Class,2025-12-10,US-2025-103674
Standard Class,2025-12-10,US-2025-103674
Standard Class,2025-12-12,US-2025-162390
Standard Class,2025-12-12,US-2025-169040
Standard Class,2025-12-10,US-2025-103674
Standard Class,2025-12-12,US-2025-169040
Standard Class,2025-12-10,US-2025-103674
Standard Class,2025-12-12,US-2025-169040
First Class,2025-12-07,US-2025-114776
Standard Class,2025-12-12,US-2025-162390
Standard Class,2025-12-12,US-2025-169040
Standard Class,2025-12-10,US-2025-103674
Standard Class,2025-12-12,US-2025-169040
Standard Class,2025-12-10,US-2025-103674
Standard Class,2025-12-12,US-2025-160108
Standard Class,2025-12-12,US-2025-160108
First Class,2025-12-10,US-2025-117590
Standard Class,2025-12-14,US-2025-131289
Standard Class,2025-12-14,US-2025-131289
Standard Class,2025-12-12,US-2025-124562
Second Class,2025-12-12,US-2025-158302
Standard Class,2025-12-14,US-2025-131289
Second Class,2025-12-11,US-2025-115224
Second Class,2025-12-11,US-2025-115224
Standard Class,2025-12-12,US-2025-113733
Standard Class,2025-12-12,US-2025-113733
Standard Class,2025-12-12,US-2025-113733
Second Class,2025-12-12,US-2025-134425
First Class,2025-12-10,US-2025-117590
Second Class,2025-12-14,US-2025-161844
First Class,2025-12-11,US-2025-102092
Standard Class,2025-12-13,US-2025-137330
Standard Class,2025-12-13,US-2025-133340
Second Class,2025-12-13,US-2025-131114
Standard Class,2025-12-13,US-2025-137330
Standard Class,2025-12-13,US-2025-128923
First Class,2025-12-12,US-2025-149503
Second Class,2025-12-14,US-2025-161844
Standard Class,2025-12-13,US-2025-141082
Standard Class,2025-12-13,US-2025-141082
Standard Class,2025-12-13,US-2025-128923
Second Class,2025-12-13,US-2025-131114
Second Class,2025-12-13,US-2025-131114
Standard Class,2025-12-13,US-2025-133340
Standard Class,2025-12-13,US-2025-159989
Standard Class,2025-12-13,US-2025-133340
Standard Class,2025-12-13,CA-2025-141082
Standard Class,2025-12-13,CA-2025-141082
Second Class,2025-12-15,US-2025-154739
Same Day,2025-12-10,US-2025-143448
Standard Class,2025-12-17,US-2025-128412
Standard Class,2025-12-17,US-2025-128412
Standard Class,2025-12-17,US-2025-128412
Standard Class,2025-12-16,US-2025-144309
First Class,2025-12-13,US-2025-146941
First Class,2025-12-12,US-2025-147123
Standard Class,2025-12-16,US-2025-127194
Standard Class,2025-12-17,US-2025-128412
Standard Class,2025-12-16,US-2025-144309
Standard Class,2025-12-14,US-2025-100587
First Class,2025-12-13,US-2025-146941
Standard Class,2025-12-17,US-2025-128412
Standard Class,2025-12-15,CA-2025-124626
Same Day,2025-12-11,US-2025-162187
Same Day,2025-12-11,US-2025-165330
First Class,2025-12-13,US-2025-143609
Second Class,2025-12-16,US-2025-160745
Same Day,2025-12-11,US-2025-162187
Same Day,2025-12-11,US-2025-165330
Same Day,2025-12-11,US-2025-162187
Same Day,2025-12-11,US-2025-165330
First Class,2025-12-14,US-2025-151260
Same Day,2025-12-11,US-2025-165330
Standard Class,2025-12-17,US-2025-132857
Same Day,2025-12-11,US-2025-165330
Same Day,2025-12-11,US-2025-165330
Same Day,2025-12-11,US-2025-165330
Same Day,2025-12-11,US-2025-165330
Standard Class,2025-12-17,US-2025-105816
Same Day,2025-12-11,US-2025-165330
Same Day,2025-12-11,US-2025-165330
Same Day,2025-12-11,US-2025-148803
Same Day,2025-12-11,US-2025-162187
Second Class,2025-12-13,US-2025-135720
Same Day,2025-12-11,US-2025-162187
Same Day,2025-12-11,US-2025-165330
Second Class,2025-12-16,US-2025-160745
Second Class,2025-12-13,US-2025-135720
Second Class,2025-12-13,US-2025-135720
Standard Class,2025-12-17,US-2025-105816
Second Class,2025-12-16,US-2025-160745
Standard Class,2025-12-18,US-2025-139395
Standard Class,2025-12-16,US-2025-136686
Standard Class,2025-12-17,US-2025-169824
Standard Class,2025-12-16,US-2025-136686
Standard Class,2025-12-17,US-2025-169824
Standard Class,2025-12-18,US-2025-139395
Same Day,2025-12-12,US-2025-108777
Standard Class,2025-12-18,US-2025-169369
Standard Class,2025-12-18,US-2025-139395
Standard Class,2025-12-17,US-2025-169824
Standard Class,2025-12-18,US-2025-169369
Same Day,2025-12-12,US-2025-108777
Standard Class,2025-12-18,US-2025-139395
Second Class,2025-12-16,CA-2025-155586
Second Class,2025-12-16,CA-2025-155586
Second Class,2025-12-16,CA-2025-155586
Standard Class,2025-12-20,US-2025-142958
Standard Class,2025-12-19,US-2025-102792
Standard Class,2025-12-20,US-2025-142958
Standard Class,2025-12-17,US-2025-100153
First Class,2025-12-17,US-2025-146325
Standard Class,2025-12-19,US-2025-146143
Standard Class,2025-12-19,US-2025-129126
Standard Class,2025-12-19,US-2025-129126
Standard Class,2025-12-19,US-2025-129126
Standard Class,2025-12-19,US-2025-129126
Standard Class,2025-12-19,US-2025-129126
First Class,2025-12-17,US-2025-146325
Standard Class,2025-12-19,US-2025-129126
Standard Class,2025-12-22,US-2025-116442
Standard Class,2025-12-19,US-2025-142335
Standard Class,2025-12-21,US-2025-127334
Standard Class,2025-12-21,US-2025-127334
Second Class,2025-12-17,US-2025-113600
Standard Class,2025-12-19,US-2025-100307
Standard Class,2025-12-19,US-2025-142335
Standard Class,2025-12-22,CA-2025-135480
Standard Class,2025-12-22,CA-2025-135480
Standard Class,2025-12-23,US-2025-118332
First Class,2025-12-19,US-2025-130442
Second Class,2025-12-20,US-2025-100419
First Class,2025-12-19,US-2025-104794
Standard Class,2025-12-23,US-2025-155446
Standard Class,2025-12-21,US-2025-155530
Standard Class,2025-12-21,US-2025-117121
Standard Class,2025-12-23,US-2025-131639
Standard Class,2025-12-23,US-2025-131639
Standard Class,2025-12-21,US-2025-147109
Standard Class,2025-12-22,US-2025-155383
Standard Class,2025-12-21,US-2025-147109
First Class,2025-12-21,US-2025-138597
Standard Class,2025-12-22,US-2025-147067
Standard Class,2025-12-24,US-2025-133795
Standard Class,2025-12-23,US-2025-145919
First Class,2025-12-21,US-2025-145261
Second Class,2025-12-20,US-2025-112697
First Class,2025-12-21,US-2025-145261
Second Class,2025-12-20,US-2025-112697
Standard Class,2025-12-24,US-2025-101546
First Class,2025-12-21,US-2025-145261
First Class,2025-12-21,US-2025-145261
First Class,2025-12-21,US-2025-145261
Standard Class,2025-12-23,US-2025-145919
Second Class,2025-12-20,US-2025-150945
Second Class,2025-12-20,US-2025-112697
Standard Class,2025-12-23,US-2025-145919
First Class,2025-12-21,US-2025-145261
Standard Class,2025-12-24,US-2025-133795
Standard Class,2025-12-24,US-2025-133795
First Class,2025-12-20,US-2025-139934
First Class,2025-12-21,US-2025-145261
Second Class,2025-12-21,US-2025-118129
Standard Class,2025-12-25,US-2025-134936
Second Class,2025-12-24,US-2025-141523
Standard Class,2025-12-25,US-2025-134936
Second Class,2025-12-24,US-2025-141523
Standard Class,2025-12-24,US-2025-108364
Standard Class,2025-12-25,US-2025-134936
Standard Class,2025-12-24,US-2025-151155
Standard Class,2025-12-24,US-2025-151155
Second Class,2025-12-23,US-2025-157840
Standard Class,2025-12-24,US-2025-168536
Standard Class,2025-12-28,US-2025-114860
Standard Class,2025-12-28,US-2025-114860
Standard Class,2025-12-28,US-2025-167507
Standard Class,2025-12-28,US-2025-167507
Standard Class,2025-12-28,US-2025-167507
Second Class,2025-12-24,US-2025-149916
Standard Class,2025-12-26,US-2025-103359
Second Class,2025-12-24,US-2025-149916
First Class,2025-12-24,US-2025-115574
Second Class,2025-12-26,US-2025-132829
Second Class,2025-12-25,US-2025-137043
Second Class,2025-12-25,US-2025-137043
Standard Class,2025-12-30,US-2025-135776
Standard Class,2025-12-30,US-2025-135776
Standard Class,2025-12-28,US-2025-136049
Standard Class,2025-12-30,US-2025-135776
Standard Class,2025-12-29,US-2025-157868
Second Class,2025-12-26,US-2025-132829
Standard Class,2025-12-28,US-2025-114867
Standard Class,2025-12-30,US-2025-135776
Standard Class,2025-12-30,US-2025-135776
Standard Class,2025-12-30,US-2025-135776
Standard Class,2025-12-30,US-2025-135776
Second Class,2025-12-28,US-2025-157791
Standard Class,2025-12-28,US-2025-114867
Second Class,2025-12-26,US-2025-132829
Second Class,2025-12-26,US-2025-132829
Second Class,2025-12-26,US-2025-132829
Standard Class,2025-12-30,US-2025-101651
Standard Class,2025-12-28,US-2025-157259
Second Class,2025-12-28,US-2025-168620
Standard Class,2025-12-30,US-2025-101651
First Class,2025-12-25,US-2025-123526
Second Class,2025-12-28,US-2025-168620
Second Class,2025-12-28,US-2025-168620
Second Class,2025-12-27,US-2025-140438
Standard Class,2025-12-30,US-2025-105081
Standard Class,2025-12-31,US-2025-169670
Standard Class,2025-12-30,US-2025-110975
Standard Class,2026-01-01,US-2025-109827
Standard Class,2026-01-01,US-2025-101168
Standard Class,2025-12-29,US-2025-148684
Standard Class,2025-12-30,US-2025-105081
Standard Class,2026-01-01,US-2025-109827
Standard Class,2025-12-30,US-2025-110975
Standard Class,2025-12-29,US-2025-148684
Second Class,2025-12-28,US-2025-111941
First Class,2025-12-28,US-2025-116729
Standard Class,2025-12-29,US-2025-148684
First Class,2025-12-28,US-2025-116729
Standard Class,2025-12-29,US-2025-148684
Standard Class,2026-01-01,US-2025-109827
Standard Class,2026-01-01,US-2025-109827
Standard Class,2026-01-01,US-2025-109827
First Class,2025-12-28,US-2025-116729
Standard Class,2025-12-31,US-2025-129868
Standard Class,2026-01-02,US-2025-155166
Standard Class,2025-12-31,US-2025-129868
Standard Class,2026-01-02,US-2025-151512
Standard Class,2026-01-02,US-2025-155166
Standard Class,2025-12-31,US-2025-129868
Standard Class,2025-12-31,US-2025-129868
First Class,2025-12-27,US-2025-114538
Standard Class,2025-12-30,US-2025-123015
Standard Class,2025-12-30,US-2025-153129
Standard Class,2025-12-31,US-2025-129868
Standard Class,2025-12-31,US-2025-147536
Standard Class,2025-12-31,US-2025-129868
Standard Class,2026-01-02,CA-2025-158792
Standard Class,2025-12-31,US-2025-162852
First Class,2025-12-30,US-2025-102596
Standard Class,2025-12-31,US-2025-131058
Standard Class,2026-01-02,US-2025-111605
Standard Class,2026-01-02,US-2025-162726
Standard Class,2026-01-02,US-2025-162726
Second Class,2025-12-30,US-2025-138667
Standard Class,2026-01-02,US-2025-156300
Standard Class,2026-01-02,US-2025-122017
Standard Class,2026-01-02,US-2025-122017
Standard Class,2026-01-02,US-2025-163258
Standard Class,2026-01-03,US-2025-139689
Standard Class,2026-01-03,US-2025-139689
Second Class,2025-12-31,US-2025-157742
Second Class,2025-12-31,US-2025-135209
First Class,2025-12-30,US-2025-124051
Second Class,2025-12-31,US-2025-135209
Standard Class,2026-01-02,US-2025-112578
Standard Class,2026-01-02,US-2025-112578
First Class,2026-01-01,US-2025-105746
First Class,2026-01-02,US-2025-163951
Same Day,2025-12-30,US-2025-111528
First Class,2026-01-01,US-2025-117226
Standard Class,2026-01-04,US-2025-117660
Standard Class,2026-01-04,US-2025-160486
Same Day,2025-12-30,US-2025-111528
Standard Class,2026-01-04,US-2025-117660
Standard Class,2026-01-06,US-2025-165953
Standard Class,2026-01-06,US-2025-160395
Standard Class,2026-01-06,US-2025-160395
Standard Class,2026-01-06,US-2025-156139
Standard Class,2026-01-06,US-2025-165953
First Class,2026-01-02,US-2025-105830
Standard Class,2026-01-05,US-2025-100202
Standard Class,2026-01-05,US-2026-151750
Standard Class,2026-01-05,US-2026-144463
Standard Class,2026-01-05,US-2026-151750
Standard Class,2026-01-06,US-2026-107503
Standard Class,2026-01-05,US-2026-151750
Standard Class,2026-01-05,US-2026-151750
Standard Class,2026-01-05,US-2026-151750
Standard Class,2026-01-05,US-2026-151750
First Class,2026-01-02,US-2026-154466
Standard Class,2026-01-05,US-2026-151750
Second Class,2026-01-04,US-2026-147207
Second Class,2026-01-04,US-2026-147207
Second Class,2026-01-04,US-2026-147207
First Class,2026-01-04,US-2026-113481
First Class,2026-01-04,US-2026-113481
Second Class,2026-01-04,US-2026-147207
Second Class,2026-01-04,US-2026-118668
First Class,2026-01-04,US-2026-113481
Standard Class,2026-01-07,US-2026-111738
Standard Class,2026-01-07,US-2026-111738
Standard Class,2026-01-08,US-2026-114034
Standard Class,2026-01-13,US-2026-150931
Standard Class,2026-01-13,US-2026-168690
Second Class,2026-01-09,US-2026-123862
Second Class,2026-01-09,US-2026-123862
Second Class,2026-01-09,US-2026-123862
Second Class,2026-01-09,US-2026-123862
First Class,2026-01-10,US-2026-159366
First Class,2026-01-11,US-2026-115154
Standard Class,2026-01-13,US-2026-154760
Second Class,2026-01-17,US-2026-158512
Standard Class,2026-01-16,US-2026-148551
Standard Class,2026-01-16,US-2026-108000
Second Class,2026-01-17,US-2026-158512
Second Class,2026-01-18,US-2026-167402
Second Class,2026-01-18,US-2026-167402
Second Class,2026-01-18,US-2026-167402
Second Class,2026-01-18,US-2026-167402
Standard Class,2026-01-20,US-2026-113278
Standard Class,2026-01-18,US-2026-127306
Standard Class,2026-01-18,US-2026-127306
Standard Class,2026-01-18,US-2026-127306
First Class,2026-01-15,US-2026-138779
Standard Class,2026-01-20,US-2026-113278
Standard Class,2026-01-18,US-2026-127306
Standard Class,2026-01-19,US-2026-149076
Standard Class,2026-01-20,US-2026-113278
Standard Class,2026-01-20,US-2026-113278
Standard Class,2026-01-20,US-2026-113278
First Class,2026-01-16,US-2026-106131
Standard Class,2026-01-20,US-2026-113278
First Class,2026-01-16,US-2026-106131
Standard Class,2026-01-20,US-2026-113278
Standard Class,2026-01-20,US-2026-113278
Standard Class,2026-01-18,US-2026-127306
First Class,2026-01-15,US-2026-138779
First Class,2026-01-18,US-2026-167752
First Class,2026-01-18,US-2026-167752
Standard Class,2026-01-19,US-2026-160934
First Class,2026-01-18,US-2026-104661
First Class,2026-01-18,US-2026-104661
Standard Class,2026-01-19,US-2026-152961
First Class,2026-01-18,US-2026-104661
First Class,2026-01-18,US-2026-104661
Second Class,2026-01-18,US-2026-138289
Same Day,2026-01-16,US-2026-125913
Same Day,2026-01-16,US-2026-125913
Second Class,2026-01-18,US-2026-138289
Second Class,2026-01-18,US-2026-138289
Standard Class,2026-01-22,CA-2026-121451
Second Class,2026-01-24,US-2026-153045
Second Class,2026-01-24,US-2026-153045
Standard Class,2026-01-23,US-2026-127292
Standard Class,2026-01-23,US-2026-127292
Second Class,2026-01-23,US-2026-154718
Standard Class,2026-01-23,US-2026-127292
Standard Class,2026-01-23,US-2026-127292
Second Class,2026-01-24,US-2026-153045
Second Class,2026-01-24,US-2026-153045
Second Class,2026-01-23,US-2026-157252
Standard Class,2026-01-26,US-2026-120649
Standard Class,2026-01-25,US-2026-144589
First Class,2026-01-21,US-2026-152079
Standard Class,2026-01-25,US-2026-144589
Standard Class,2026-01-26,US-2026-161809
Standard Class,2026-01-25,US-2026-131954
Standard Class,2026-01-25,US-2026-131954
Standard Class,2026-01-27,US-2026-127026
Standard Class,2026-01-27,US-2026-127026
Standard Class,2026-01-25,US-2026-131954
Standard Class,2026-01-25,US-2026-131954
Standard Class,2026-01-26,US-2026-160423
Standard Class,2026-01-25,US-2026-141782
Standard Class,2026-01-25,US-2026-131954
Standard Class,2026-01-26,US-2026-160423
Standard Class,2026-01-27,US-2026-127026
Standard Class,2026-01-25,US-2026-131954
Standard Class,2026-01-27,US-2026-127026
Standard Class,2026-01-27,US-2026-127026
Standard Class,2026-01-24,CA-2026-115238
Standard Class,2026-01-24,CA-2026-115238
Standard Class,2026-01-24,CA-2026-115238
Standard Class,2026-01-24,CA-2026-115238
Standard Class,2026-01-24,CA-2026-115238
Second Class,2026-01-25,US-2026-152499
Second Class,2026-01-25,US-2026-152499
Standard Class,2026-01-27,US-2026-127432
Standard Class,2026-01-27,US-2026-127432
Standard Class,2026-01-27,US-2026-127432
Standard Class,2026-01-27,US-2026-127432
First Class,2026-01-25,US-2026-145142
Standard Class,2026-01-28,US-2026-139080
Standard Class,2026-01-27,US-2026-161893
Standard Class,2026-01-28,US-2026-139080
Standard Class,2026-01-28,US-2026-139080
Standard Class,2026-01-27,US-2026-161893
Standard Class,2026-01-28,US-2026-139080
Standard Class,2026-01-29,US-2026-104619
Standard Class,2026-01-29,US-2026-104619
Standard Class,2026-01-30,US-2026-119669
Standard Class,2026-01-29,US-2026-104619
Standard Class,2026-01-31,US-2026-105935
Second Class,2026-01-31,US-2026-134649
Second Class,2026-01-31,US-2026-134649
Standard Class,2026-01-30,US-2026-150469
First Class,2026-01-27,US-2026-164098
Standard Class,2026-01-31,US-2026-105935
Second Class,2026-01-30,US-2026-117870
Second Class,2026-01-30,US-2026-117870
Standard Class,2026-01-31,US-2026-104437
Second Class,2026-01-30,US-2026-117870
Second Class,2026-01-31,US-2026-115994
Standard Class,2026-02-01,US-2026-147984
Second Class,2026-01-31,US-2026-115994
Standard Class,2026-02-01,US-2026-166037
Second Class,2026-01-31,US-2026-160927
Standard Class,2026-02-02,US-2026-139304
First Class,2026-02-01,US-2026-145338
Standard Class,2026-02-02,US-2026-127341
Standard Class,2026-02-02,US-2026-139304
Standard Class,2026-02-05,US-2026-131653
Second Class,2026-01-31,US-2026-160927
Second Class,2026-01-31,US-2026-160927
Second Class,2026-01-31,US-2026-160927
Standard Class,2026-02-02,US-2026-139304
Standard Class,2026-02-06,US-2026-112725
Standard Class,2026-02-04,US-2026-148999
Standard Class,2026-02-05,US-2026-104220
Standard Class,2026-02-06,US-2026-121790
Standard Class,2026-02-06,US-2026-112725
Standard Class,2026-02-06,US-2026-121790
Standard Class,2026-02-06,US-2026-112725
Standard Class,2026-02-05,US-2026-104220
Standard Class,2026-02-05,US-2026-104220
Standard Class,2026-02-05,US-2026-104220
Standard Class,2026-02-05,US-2026-104220
Same Day,2026-01-30,US-2026-164329
Standard Class,2026-02-06,US-2026-121790
First Class,2026-02-02,US-2026-157273
Standard Class,2026-02-06,US-2026-121790
Standard Class,2026-02-05,US-2026-104220
Standard Class,2026-02-07,US-2026-128076
Standard Class,2026-02-07,US-2026-161333
Standard Class,2026-02-07,US-2026-161333
Standard Class,2026-02-07,US-2026-128076
First Class,2026-02-05,US-2026-164147
First Class,2026-02-05,US-2026-164147
Standard Class,2026-02-07,US-2026-161333
Standard Class,2026-02-07,US-2026-128076
First Class,2026-02-05,US-2026-164147
Second Class,2026-02-07,US-2026-127474
Standard Class,2026-02-08,US-2026-126354
Standard Class,2026-02-08,US-2026-167703
Second Class,2026-02-07,US-2026-127474
Second Class,2026-02-07,US-2026-127474
Second Class,2026-02-07,US-2026-127474
Standard Class,2026-02-08,US-2026-126354
Standard Class,2026-02-08,US-2026-167703
Standard Class,2026-02-09,US-2026-169474
Standard Class,2026-02-09,US-2026-107517
Second Class,2026-02-08,US-2026-131282
Second Class,2026-02-08,US-2026-131282
Standard Class,2026-02-09,US-2026-107517
Standard Class,2026-02-11,US-2026-115105
First Class,2026-02-09,US-2026-122994
Standard Class,2026-02-12,US-2026-101840
Standard Class,2026-02-13,US-2026-154102
Standard Class,2026-02-12,US-2026-101840
Standard Class,2026-02-14,US-2026-118773
Second Class,2026-02-14,US-2026-150602
Standard Class,2026-02-14,US-2026-118773
Standard Class,2026-02-14,US-2026-118773
Standard Class,2026-02-13,US-2026-145807
Standard Class,2026-02-14,US-2026-118773
Standard Class,2026-02-14,US-2026-124086
First Class,2026-02-13,US-2026-123659
Second Class,2026-02-13,US-2026-131828
First Class,2026-02-14,US-2026-138156
Second Class,2026-02-14,US-2026-116204
Standard Class,2026-02-15,US-2026-118535
Second Class,2026-02-13,US-2026-131828
Standard Class,2026-02-19,US-2026-104801
Standard Class,2026-02-17,US-2026-154809
Standard Class,2026-02-20,US-2026-151176
Standard Class,2026-02-19,US-2026-104801
Standard Class,2026-02-17,US-2026-104906
Standard Class,2026-02-20,US-2026-151176
Standard Class,2026-02-19,US-2026-104801
Standard Class,2026-02-21,US-2026-163265
Standard Class,2026-02-21,US-2026-163265
Standard Class,2026-02-21,US-2026-163265
Standard Class,2026-02-21,US-2026-163265
Standard Class,2026-02-20,US-2026-118521
Standard Class,2026-02-21,US-2026-163265
Standard Class,2026-02-21,US-2026-120019
Standard Class,2026-02-21,US-2026-120019
First Class,2026-02-19,US-2026-159149
First Class,2026-02-20,US-2026-109085
First Class,2026-02-20,US-2026-109085
First Class,2026-02-20,US-2026-109085
Standard Class,2026-02-22,US-2026-154039
First Class,2026-02-19,US-2026-159149
First Class,2026-02-20,US-2026-109085
Standard Class,2026-02-23,US-2026-132647
Standard Class,2026-02-23,US-2026-132647
First Class,2026-02-19,US-2026-159149
First Class,2026-02-20,US-2026-109085
Standard Class,2026-02-22,US-2026-154039
Second Class,2026-02-21,US-2026-163195
Second Class,2026-02-21,US-2026-164707
Second Class,2026-02-21,US-2026-164707
Second Class,2026-02-21,US-2026-164707
First Class,2026-02-20,US-2026-134838
Second Class,2026-02-21,US-2026-122693
First Class,2026-02-20,US-2026-134838
Standard Class,2026-02-23,US-2026-166415
Standard Class,2026-02-27,US-2026-135937
First Class,2026-02-23,US-2026-105809
Standard Class,2026-02-27,US-2026-135937
Standard Class,2026-02-25,US-2026-150525
Standard Class,2026-02-25,US-2026-150525
Standard Class,2026-02-27,US-2026-135937
Second Class,2026-02-25,US-2026-105445
Standard Class,2026-02-27,US-2026-135937
Standard Class,2026-02-27,US-2026-135937
First Class,2026-02-23,US-2026-105809
Standard Class,2026-02-27,US-2026-135937
Standard Class,2026-02-26,US-2026-124940
Standard Class,2026-03-02,US-2026-136007
Standard Class,2026-03-01,US-2026-104647
Standard Class,2026-03-02,US-2026-136007
Standard Class,2026-02-28,US-2026-111374
Standard Class,2026-02-28,US-2026-127397
Standard Class,2026-02-28,US-2026-127397
Standard Class,2026-03-01,US-2026-134642
Standard Class,2026-03-01,US-2026-134642
Standard Class,2026-03-02,US-2026-125878
Second Class,2026-02-28,US-2026-117212
Standard Class,2026-03-03,US-2026-121258
Standard Class,2026-03-02,US-2026-121706
Second Class,2026-02-28,US-2026-117212
Second Class,2026-02-28,US-2026-117212
Second Class,2026-02-28,US-2026-117212
Standard Class,2026-03-03,US-2026-121258
Standard Class,2026-03-03,US-2026-121258
Second Class,2026-02-28,US-2026-117212
Standard Class,2026-03-06,US-2026-101959
Standard Class,2026-03-06,US-2026-101959
Standard Class,2026-03-08,US-2026-104885
Standard Class,2026-03-08,US-2026-104885
Standard Class,2026-03-06,US-2026-152261
Standard Class,2026-03-08,US-2026-146024
Same Day,2026-03-02,US-2026-124114
Standard Class,2026-03-08,US-2026-155712
Standard Class,2026-03-08,US-2026-104885
Standard Class,2026-03-08,US-2026-104885
Standard Class,2026-03-08,US-2026-146024
Standard Class,2026-03-08,US-2026-163902
Standard Class,2026-03-08,US-2026-163902
Standard Class,2026-03-10,US-2026-111815
Standard Class,2026-03-08,US-2026-123085
Standard Class,2026-03-08,US-2026-117513
Standard Class,2026-03-08,US-2026-121804
Standard Class,2026-03-07,US-2026-127621
Standard Class,2026-03-08,US-2026-123085
Standard Class,2026-03-10,US-2026-111815
Second Class,2026-03-06,US-2026-119816
Standard Class,2026-03-09,US-2026-110478
Standard Class,2026-03-09,US-2026-110478
Second Class,2026-03-06,US-2026-119816
Standard Class,2026-03-09,US-2026-142174
Second Class,2026-03-06,US-2026-119816
Same Day,2026-03-05,US-2026-161046
Same Day,2026-03-05,US-2026-168123
Same Day,2026-03-05,US-2026-168123
Same Day,2026-03-05,US-2026-161046
Same Day,2026-03-05,US-2026-161046
Same Day,2026-03-05,US-2026-168123
Same Day,2026-03-05,US-2026-147753
Same Day,2026-03-05,US-2026-168123
Same Day,2026-03-05,US-2026-161046
Second Class,2026-03-11,US-2026-168193
Standard Class,2026-03-12,US-2026-148642
Standard Class,2026-03-10,US-2026-167640
Standard Class,2026-03-10,US-2026-119039
Standard Class,2026-03-12,US-2026-148642
Standard Class,2026-03-10,US-2026-167640
Standard Class,2026-03-10,US-2026-167640
Second Class,2026-03-11,US-2026-168193
Second Class,2026-03-10,US-2026-125101
Standard Class,2026-03-10,US-2026-167640
Standard Class,2026-03-12,US-2026-110884
Standard Class,2026-03-12,US-2026-110884
Standard Class,2026-03-12,US-2026-136672
First Class,2026-03-11,US-2026-155698
Standard Class,2026-03-15,US-2026-104080
Standard Class,2026-03-15,US-2026-104080
First Class,2026-03-11,US-2026-155698
Standard Class,2026-03-13,US-2026-147354
Standard Class,2026-03-13,US-2026-102834
Standard Class,2026-03-13,US-2026-147354
Standard Class,2026-03-14,US-2026-144638
Standard Class,2026-03-14,US-2026-144638
Standard Class,2026-03-14,US-2026-132290
Standard Class,2026-03-15,US-2026-155824
Standard Class,2026-03-14,US-2026-144638
Standard Class,2026-03-15,US-2026-155824
Second Class,2026-03-15,US-2026-140494
Standard Class,2026-03-14,US-2026-144638
Standard Class,2026-03-16,US-2026-130967
Standard Class,2026-03-15,US-2026-133081
Standard Class,2026-03-16,US-2026-141558
Standard Class,2026-03-16,US-2026-141558
Standard Class,2026-03-17,US-2026-147291
Standard Class,2026-03-16,US-2026-141558
Standard Class,2026-03-15,US-2026-133081
Standard Class,2026-03-16,US-2026-141558
Standard Class,2026-03-17,US-2026-152786
Standard Class,2026-03-17,US-2026-116288
Standard Class,2026-03-17,US-2026-159352
Same Day,2026-03-13,US-2026-157966
First Class,2026-03-15,US-2026-153843
Same Day,2026-03-13,US-2026-157966
Same Day,2026-03-13,US-2026-157966
Standard Class,2026-03-17,US-2026-107713
First Class,2026-03-15,US-2026-153843
Second Class,2026-03-18,US-2026-106859
Second Class,2026-03-18,US-2026-106859
Same Day,2026-03-13,US-2026-157966
First Class,2026-03-15,US-2026-153843
Standard Class,2026-03-19,US-2026-166296
Second Class,2026-03-18,US-2026-106859
Standard Class,2026-03-20,US-2026-105851
Second Class,2026-03-18,US-2026-106859
Same Day,2026-03-13,US-2026-157966
Same Day,2026-03-13,US-2026-157966
Same Day,2026-03-13,US-2026-157966
Standard Class,2026-03-17,US-2026-146906
Second Class,2026-03-18,US-2026-106859
First Class,2026-03-16,US-2026-162474
Second Class,2026-03-18,CA-2026-139675
Second Class,2026-03-18,CA-2026-139675
Second Class,2026-03-17,US-2026-114370
Same Day,2026-03-16,US-2026-161172
Standard Class,2026-03-21,US-2026-129294
Standard Class,2026-03-21,US-2026-129294
Standard Class,2026-03-21,US-2026-129294
Same Day,2026-03-16,US-2026-161172
Second Class,2026-03-18,US-2026-101539
Same Day,2026-03-16,US-2026-161172
Standard Class,2026-03-21,US-2026-129294
Second Class,2026-03-18,US-2026-101539
Same Day,2026-03-16,US-2026-161172
Second Class,2026-03-18,US-2026-152135
Second Class,2026-03-18,US-2026-101539
Same Day,2026-03-16,US-2026-161172
Standard Class,2026-03-21,CA-2026-130494
Standard Class,2026-03-21,CA-2026-130494
Standard Class,2026-03-21,CA-2026-130494
Standard Class,2026-03-21,CA-2026-130494
Second Class,2026-03-22,US-2026-140949
Second Class,2026-03-21,US-2026-129567
Second Class,2026-03-22,US-2026-140949
Standard Class,2026-03-21,US-2026-142867
Second Class,2026-03-22,US-2026-140949
Standard Class,2026-03-23,US-2026-129224
Second Class,2026-03-22,US-2026-140949
Standard Class,2026-03-21,US-2026-142867
Second Class,2026-03-22,US-2026-140949
Second Class,2026-03-22,US-2026-140949
Second Class,2026-03-22,US-2026-140949
Second Class,2026-03-22,US-2026-140949
Second Class,2026-03-22,US-2026-140949
Standard Class,2026-03-23,US-2026-119438
Second Class,2026-03-20,US-2026-122007
Standard Class,2026-03-23,US-2026-119438
Standard Class,2026-03-22,US-2026-160087
Standard Class,2026-03-22,US-2026-143084
Standard Class,2026-03-23,US-2026-148145
Standard Class,2026-03-23,US-2026-119438
Standard Class,2026-03-22,US-2026-143084
Standard Class,2026-03-23,US-2026-119438
Standard Class,2026-03-24,US-2026-162075
Second Class,2026-03-22,US-2026-124436
Second Class,2026-03-22,US-2026-124436
Standard Class,2026-03-24,US-2026-140515
First Class,2026-03-20,US-2026-166499
Second Class,2026-03-22,US-2026-124436
Second Class,2026-03-22,US-2026-124436
First Class,2026-03-22,US-2026-105410
Standard Class,2026-03-24,US-2026-104955
First Class,2026-03-22,US-2026-105410
First Class,2026-03-22,US-2026-105410
First Class,2026-03-22,US-2026-105410
Second Class,2026-03-21,CA-2026-115483
Second Class,2026-03-25,US-2026-154214
Same Day,2026-03-20,US-2026-122763
Standard Class,2026-03-24,US-2026-143770
Same Day,2026-03-20,US-2026-122763
Standard Class,2026-03-24,US-2026-165491
Standard Class,2026-03-24,US-2026-143770
Standard Class,2026-03-27,US-2026-119452
Standard Class,2026-03-25,US-2026-111591
Standard Class,2026-03-27,US-2026-156272
Second Class,2026-03-23,US-2026-108539
Second Class,2026-03-23,US-2026-108539
Standard Class,2026-03-25,US-2026-111591
Second Class,2026-03-23,US-2026-117156
Standard Class,2026-03-25,US-2026-111591
Standard Class,2026-03-25,US-2026-169285
Standard Class,2026-03-25,US-2026-169285
Standard Class,2026-03-25,US-2026-111591
Second Class,2026-03-23,US-2026-108539
First Class,2026-03-25,US-2026-155985
First Class,2026-03-26,US-2026-120719
Standard Class,2026-03-29,US-2026-140074
First Class,2026-03-25,US-2026-140151
First Class,2026-03-25,US-2026-140151
Standard Class,2026-03-27,US-2026-135650
Second Class,2026-03-25,US-2026-136511
First Class,2026-03-25,US-2026-140151
Standard Class,2026-03-28,US-2026-122308
First Class,2026-03-27,US-2026-166184
First Class,2026-03-27,US-2026-166184
Second Class,2026-03-28,US-2026-167101
Same Day,2026-03-25,US-2026-101637
Second Class,2026-03-28,US-2026-167101
First Class,2026-03-27,US-2026-166184
Standard Class,2026-03-31,US-2026-155880
Standard Class,2026-03-31,US-2026-155880
Standard Class,2026-03-31,US-2026-155880
First Class,2026-03-26,US-2026-117534
Standard Class,2026-03-30,US-2026-143651
Standard Class,2026-03-31,US-2026-105193
First Class,2026-03-26,US-2026-117534
First Class,2026-03-26,US-2026-117534
Second Class,2026-03-30,US-2026-101077
First Class,2026-03-26,US-2026-117534
First Class,2026-03-26,US-2026-117534
Standard Class,2026-03-29,US-2026-112039
First Class,2026-03-27,US-2026-121251
Standard Class,2026-04-02,US-2026-113208
Standard Class,2026-03-30,US-2026-141677
First Class,2026-03-28,US-2026-147144
Standard Class,2026-04-02,US-2026-162033
Standard Class,2026-03-30,US-2026-141677
Standard Class,2026-03-30,US-2026-141677
Standard Class,2026-03-30,US-2026-141677
Standard Class,2026-04-02,US-2026-162033
Standard Class,2026-03-30,US-2026-141677
First Class,2026-03-27,US-2026-121251
Standard Class,2026-04-01,US-2026-144491
Standard Class,2026-04-01,US-2026-144491
Standard Class,2026-04-01,US-2026-144491
Second Class,2026-03-29,US-2026-139416
Second Class,2026-03-29,US-2026-113705
Second Class,2026-03-29,US-2026-113705
Second Class,2026-03-29,US-2026-113705
Standard Class,2026-03-31,US-2026-124716
Standard Class,2026-03-31,US-2026-124716
Standard Class,2026-03-31,US-2026-124716
Second Class,2026-03-29,US-2026-113705
Second Class,2026-03-29,US-2026-113705
Standard Class,2026-04-01,US-2026-144491
Second Class,2026-03-29,US-2026-113705
First Class,2026-03-31,US-2026-147886
First Class,2026-03-31,US-2026-147886
Standard Class,2026-04-02,US-2026-166611
First Class,2026-03-31,US-2026-147886
First Class,2026-03-31,US-2026-147886
First Class,2026-03-31,US-2026-147886
First Class,2026-03-31,US-2026-147886
First Class,2026-03-31,US-2026-147886
Second Class,2026-04-02,US-2026-126550
Second Class,2026-04-01,US-2026-126634
Same Day,2026-03-30,US-2026-120147
Standard Class,2026-04-03,US-2026-154851
First Class,2026-03-31,US-2026-113474
Standard Class,2026-04-03,US-2026-129910
Same Day,2026-03-30,US-2026-120147
Standard Class,2026-04-04,US-2026-154907
Second Class,2026-04-02,US-2026-159205
Second Class,2026-04-02,US-2026-100524
First Class,2026-04-02,US-2026-144680
Second Class,2026-04-02,US-2026-133263
Second Class,2026-04-02,US-2026-133263
Second Class,2026-04-05,US-2026-114524
Second Class,2026-04-02,US-2026-100524
Standard Class,2026-04-07,US-2026-160143
Second Class,2026-04-02,US-2026-133263
Second Class,2026-04-02,US-2026-159205
Standard Class,2026-04-05,US-2026-102771
Second Class,2026-04-02,US-2026-100524
First Class,2026-04-03,US-2026-149881
Second Class,2026-04-04,US-2026-134495
First Class,2026-04-03,US-2026-129028
Second Class,2026-04-04,US-2026-134495
Standard Class,2026-04-05,US-2026-147942
Second Class,2026-04-04,US-2026-145877
Second Class,2026-04-04,US-2026-134495
Standard Class,2026-04-05,US-2026-147942
Standard Class,2026-04-07,US-2026-118360
Second Class,2026-04-04,US-2026-145877
First Class,2026-04-03,US-2026-149881
Second Class,2026-04-04,US-2026-134495
Standard Class,2026-04-07,US-2026-123281
First Class,2026-04-04,US-2026-121419
First Class,2026-04-05,US-2026-106355
Standard Class,2026-04-06,US-2026-145275
First Class,2026-04-04,US-2026-121419
Standard Class,2026-04-07,US-2026-131156
First Class,2026-04-05,US-2026-127264
First Class,2026-04-05,US-2026-140536
Standard Class,2026-04-10,US-2026-109211
First Class,2026-04-05,US-2026-144848
First Class,2026-04-05,US-2026-144848
First Class,2026-04-05,US-2026-144848
Standard Class,2026-04-08,US-2026-157903
Standard Class,2026-04-10,US-2026-161592
Standard Class,2026-04-12,US-2026-107265
Standard Class,2026-04-12,US-2026-100930
Standard Class,2026-04-12,US-2026-100930
Standard Class,2026-04-12,US-2026-100930
Standard Class,2026-04-11,US-2026-165904
Standard Class,2026-04-12,US-2026-100930
Standard Class,2026-04-12,US-2026-100930
Standard Class,2026-04-11,US-2026-165904
Standard Class,2026-04-15,US-2026-157854
Standard Class,2026-04-12,US-2026-136721
Standard Class,2026-04-12,US-2026-136721
Standard Class,2026-04-14,US-2026-112333
Standard Class,2026-04-15,US-2026-157854
Standard Class,2026-04-12,US-2026-150987
Standard Class,2026-04-12,US-2026-150987
Standard Class,2026-04-14,US-2026-112333
First Class,2026-04-11,US-2026-135279
First Class,2026-04-11,US-2026-122154
Second Class,2026-04-12,US-2026-112900
Standard Class,2026-04-14,US-2026-169404
First Class,2026-04-11,US-2026-122154
First Class,2026-04-11,US-2026-135279
First Class,2026-04-11,US-2026-135279
First Class,2026-04-11,US-2026-122154
Standard Class,2026-04-14,US-2026-169404
First Class,2026-04-11,US-2026-135279
First Class,2026-04-11,US-2026-135279
First Class,2026-04-11,US-2026-135279
Second Class,2026-04-14,US-2026-115070
Standard Class,2026-04-14,US-2026-135069
Standard Class,2026-04-14,US-2026-135069
Second Class,2026-04-14,US-2026-115070
Standard Class,2026-04-15,US-2026-161984
Same Day,2026-04-10,US-2026-125115
Standard Class,2026-04-15,US-2026-161984
Standard Class,2026-04-14,US-2026-150623
Same Day,2026-04-10,US-2026-125115
Standard Class,2026-04-14,US-2026-150623
Standard Class,2026-04-16,US-2026-130904
Standard Class,2026-04-16,US-2026-130904
Standard Class,2026-04-18,US-2026-166128
Standard Class,2026-04-18,US-2026-143028
Standard Class,2026-04-15,US-2026-100482
Standard Class,2026-04-18,US-2026-166128
Standard Class,2026-04-15,US-2026-100482
Second Class,2026-04-15,US-2026-122735
Second Class,2026-04-15,US-2026-122735
Standard Class,2026-04-17,US-2026-135076
First Class,2026-04-15,US-2026-155460
Standard Class,2026-04-17,US-2026-141663
First Class,2026-04-15,US-2026-155460
Standard Class,2026-04-18,US-2026-126060
Standard Class,2026-04-19,US-2026-131233
Standard Class,2026-04-19,US-2026-127117
First Class,2026-04-17,US-2026-144932
First Class,2026-04-17,US-2026-144932
Standard Class,2026-04-19,US-2026-131233
First Class,2026-04-15,US-2026-159604
First Class,2026-04-17,US-2026-144932
First Class,2026-04-18,US-2026-118857
First Class,2026-04-17,US-2026-126774
First Class,2026-04-17,US-2026-161851
Standard Class,2026-04-21,US-2026-141698
Second Class,2026-04-17,US-2026-134635
Standard Class,2026-04-20,US-2026-114412
Standard Class,2026-04-20,US-2026-108070
Standard Class,2026-04-20,US-2026-138086
Standard Class,2026-04-21,US-2026-109946
Standard Class,2026-04-22,US-2026-156356
Standard Class,2026-04-22,US-2026-156356
Standard Class,2026-04-20,US-2026-136497
Standard Class,2026-04-22,US-2026-156356
Standard Class,2026-04-20,US-2026-108070
First Class,2026-04-18,US-2026-122707
First Class,2026-04-18,US-2026-122707
Standard Class,2026-04-22,US-2026-128965
First Class,2026-04-19,US-2026-119389
Standard Class,2026-04-23,US-2026-134845
Standard Class,2026-04-23,US-2026-134845
Standard Class,2026-04-23,US-2026-134845
Standard Class,2026-04-22,US-2026-128965
Standard Class,2026-04-22,US-2026-128965
Standard Class,2026-04-22,US-2026-128965
Standard Class,2026-04-23,US-2026-134845
Standard Class,2026-04-22,US-2026-128965
Standard Class,2026-04-22,US-2026-129203
Standard Class,2026-04-22,US-2026-128965
Standard Class,2026-04-23,US-2026-134845
Standard Class,2026-04-21,CA-2026-108735
Standard Class,2026-04-24,US-2026-100615
First Class,2026-04-23,US-2026-151484
Standard Class,2026-04-24,US-2026-100615
Standard Class,2026-04-26,US-2026-166849
First Class,2026-04-23,US-2026-151484
Standard Class,2026-04-24,US-2026-100615
First Class,2026-04-21,US-2026-166324
Standard Class,2026-04-24,US-2026-119655
Standard Class,2026-04-24,US-2026-119655
First Class,2026-04-21,US-2026-166324
First Class,2026-04-23,US-2026-151484
First Class,2026-04-23,US-2026-151484
First Class,2026-04-21,US-2026-166324
First Class,2026-04-23,US-2026-128853
First Class,2026-04-24,US-2026-166198
Second Class,2026-04-25,US-2026-152366
Standard Class,2026-04-27,US-2026-145863
Standard Class,2026-04-27,US-2026-145863
First Class,2026-04-23,US-2026-140802
First Class,2026-04-24,US-2026-166198
First Class,2026-04-23,US-2026-140802
First Class,2026-04-24,US-2026-135783
Standard Class,2026-04-26,US-2026-169054
Standard Class,2026-04-26,US-2026-146192
Standard Class,2026-04-27,US-2026-132031
Standard Class,2026-04-27,US-2026-132031
First Class,2026-04-26,US-2026-101700
Second Class,2026-04-25,US-2026-136651
Second Class,2026-04-25,US-2026-136651
Standard Class,2026-04-29,US-2026-108553
First Class,2026-04-26,US-2026-157112
Second Class,2026-04-25,US-2026-136651
First Class,2026-04-26,US-2026-101700
Standard Class,2026-04-27,US-2026-132031
First Class,2026-04-26,US-2026-157112
First Class,2026-04-25,US-2026-104010
Standard Class,2026-04-29,US-2026-108553
Standard Class,2026-04-27,US-2026-132031
Second Class,2026-04-25,US-2026-146360
First Class,2026-04-27,US-2026-149489
Standard Class,2026-04-30,US-2026-125269
First Class,2026-04-27,US-2026-149489
First Class,2026-04-27,US-2026-149489
Standard Class,2026-04-28,US-2026-166933
Standard Class,2026-04-30,US-2026-168102
Standard Class,2026-04-30,US-2026-125269
First Class,2026-04-27,US-2026-128832
First Class,2026-04-25,US-2026-116953
Second Class,2026-04-27,US-2026-159226
Standard Class,2026-04-29,US-2026-129707
First Class,2026-04-26,US-2026-132213
First Class,2026-04-26,US-2026-132213
Standard Class,2026-05-02,US-2026-120222
Second Class,2026-04-29,US-2026-151071
Standard Class,2026-05-02,US-2026-120222
Second Class,2026-04-27,US-2026-125381
First Class,2026-04-27,US-2026-160045
Standard Class,2026-05-01,US-2026-143665
Standard Class,2026-05-01,US-2026-143665
Standard Class,2026-05-01,US-2026-135692
Standard Class,2026-05-02,US-2026-151281
First Class,2026-04-29,US-2026-168228
First Class,2026-04-29,US-2026-168228
First Class,2026-04-29,US-2026-168228
Standard Class,2026-05-01,US-2026-135692
Standard Class,2026-05-02,US-2026-120894
Standard Class,2026-05-02,US-2026-160962
Standard Class,2026-05-02,US-2026-160962
Standard Class,2026-05-02,US-2026-137631
Second Class,2026-05-04,US-2026-164056
Standard Class,2026-05-04,US-2026-126718
Standard Class,2026-05-05,US-2026-137876
Standard Class,2026-05-04,US-2026-108315
Standard Class,2026-05-05,US-2026-108322
Standard Class,2026-05-05,US-2026-124597
Standard Class,2026-05-05,US-2026-154501
Standard Class,2026-05-04,US-2026-108315
Standard Class,2026-05-05,US-2026-144582
Standard Class,2026-05-04,US-2026-150609
Standard Class,2026-05-06,US-2026-144526
Standard Class,2026-05-05,US-2026-137876
Second Class,2026-05-05,US-2026-151911
Standard Class,2026-05-05,US-2026-124597
Standard Class,2026-05-05,US-2026-124597
First Class,2026-05-02,US-2026-107636
Standard Class,2026-05-05,US-2026-136784
Standard Class,2026-05-06,US-2026-150847
Standard Class,2026-05-05,US-2026-108322
Standard Class,2026-05-06,US-2026-144526
First Class,2026-05-02,US-2026-110198
Standard Class,2026-05-06,US-2026-102204
Standard Class,2026-05-06,US-2026-102204
First Class,2026-05-02,US-2026-110198
Standard Class,2026-05-06,US-2026-102204
Standard Class,2026-05-05,US-2026-110212
Standard Class,2026-05-07,US-2026-123134
Standard Class,2026-05-06,US-2026-147844
Standard Class,2026-05-06,US-2026-147844
Standard Class,2026-05-06,US-2026-147844
Second Class,2026-05-05,US-2026-128398
Standard Class,2026-05-08,US-2026-132199
Standard Class,2026-05-08,US-2026-132199
Standard Class,2026-05-07,US-2026-163209
Standard Class,2026-05-08,US-2026-132199
Standard Class,2026-05-08,US-2026-132199
Standard Class,2026-05-08,US-2026-132199
Standard Class,2026-05-07,US-2026-163209
Second Class,2026-05-08,US-2026-132178
Second Class,2026-05-08,US-2026-132178
Standard Class,2026-05-09,US-2026-162978
Second Class,2026-05-09,US-2026-119914
Standard Class,2026-05-10,US-2026-133067
Standard Class,2026-05-10,US-2026-133067
Standard Class,2026-05-09,US-2026-168900
Standard Class,2026-05-08,US-2026-128755
Standard Class,2026-05-09,US-2026-162978
Standard Class,2026-05-08,US-2026-128755
Standard Class,2026-05-08,US-2026-128755
Standard Class,2026-05-08,US-2026-128755
Standard Class,2026-05-09,US-2026-162978
First Class,2026-05-06,US-2026-105991
First Class,2026-05-06,US-2026-105991
Standard Class,2026-05-10,US-2026-160724
First Class,2026-05-06,US-2026-105991
Standard Class,2026-05-09,US-2026-141943
Same Day,2026-05-05,US-2026-107552
Standard Class,2026-05-10,CA-2026-158740
Standard Class,2026-05-11,US-2026-133200
Second Class,2026-05-09,US-2026-133487
First Class,2026-05-09,US-2026-156769
Standard Class,2026-05-11,US-2026-140242
Standard Class,2026-05-11,US-2026-133200
Same Day,2026-05-06,US-2026-144498
Same Day,2026-05-06,US-2026-144498
First Class,2026-05-08,US-2026-167668
Standard Class,2026-05-10,US-2026-145779
Standard Class,2026-05-11,US-2026-133200
Standard Class,2026-05-10,US-2026-162124
Standard Class,2026-05-11,US-2026-140242
Same Day,2026-05-06,US-2026-144498
Standard Class,2026-05-11,US-2026-141733
Standard Class,2026-05-11,US-2026-141733
Standard Class,2026-05-11,US-2026-141733
Standard Class,2026-05-11,US-2026-141733
Standard Class,2026-05-12,US-2026-159688
Standard Class,2026-05-11,US-2026-102820
Standard Class,2026-05-12,US-2026-156895
Standard Class,2026-05-12,US-2026-149181
Second Class,2026-05-12,US-2026-104451
Second Class,2026-05-11,US-2026-107797
Standard Class,2026-05-12,US-2026-133865
First Class,2026-05-10,US-2026-134810
First Class,2026-05-11,US-2026-118199
First Class,2026-05-11,US-2026-118199
First Class,2026-05-10,US-2026-134810
First Class,2026-05-11,US-2026-118199
First Class,2026-05-11,US-2026-118199
First Class,2026-05-11,US-2026-118199
First Class,2026-05-13,US-2026-139647
Standard Class,2026-05-17,US-2026-140298
Standard Class,2026-05-17,US-2026-140298
Second Class,2026-05-16,US-2026-115322
Same Day,2026-05-12,US-2026-133823
Same Day,2026-05-12,US-2026-133823
Same Day,2026-05-12,US-2026-133823
Standard Class,2026-05-17,US-2026-140298
Standard Class,2026-05-17,US-2026-140298
Second Class,2026-05-14,US-2026-122175
Standard Class,2026-05-18,US-2026-117632
Standard Class,2026-05-18,US-2026-117632
Standard Class,2026-05-19,US-2026-106796
Standard Class,2026-05-18,US-2026-117632
Second Class,2026-05-15,US-2026-158218
Standard Class,2026-05-16,US-2026-152226
Second Class,2026-05-14,US-2026-122175
Standard Class,2026-05-17,US-2026-104577
Second Class,2026-05-15,US-2026-158218
Standard Class,2026-05-18,US-2026-117632
Second Class,2026-05-14,US-2026-122175
Second Class,2026-05-14,US-2026-122175
Standard Class,2026-05-17,US-2026-137785
Standard Class,2026-05-18,US-2026-104318
Second Class,2026-05-18,US-2026-161655
Standard Class,2026-05-17,US-2026-149048
Standard Class,2026-05-17,US-2026-149048
Standard Class,2026-05-20,US-2026-100748
Standard Class,2026-05-17,US-2026-149048
Standard Class,2026-05-17,US-2026-149048
Standard Class,2026-05-17,US-2026-149048
First Class,2026-05-17,US-2026-133361
First Class,2026-05-15,US-2026-161774
Same Day,2026-05-14,US-2026-143686
First Class,2026-05-15,US-2026-161774
First Class,2026-05-17,US-2026-133361
First Class,2026-05-17,US-2026-133361
First Class,2026-05-17,US-2026-133361
Standard Class,2026-05-18,US-2026-154872
Standard Class,2026-05-21,US-2026-133641
Standard Class,2026-05-18,US-2026-154872
First Class,2026-05-17,US-2026-133361
First Class,2026-05-15,US-2026-161774
Standard Class,2026-05-18,US-2026-154872
First Class,2026-05-15,US-2026-161774
Standard Class,2026-05-19,US-2026-129357
Standard Class,2026-05-18,US-2026-115546
Standard Class,2026-05-19,US-2026-129357
Same Day,2026-05-14,US-2026-143686
First Class,2026-05-17,US-2026-133361
Standard Class,2026-05-18,US-2026-115546
First Class,2026-05-15,US-2026-161774
Standard Class,2026-05-20,US-2026-110604
Standard Class,2026-05-20,US-2026-110604
Standard Class,2026-05-20,US-2026-110604
Second Class,2026-05-18,US-2026-102414
Standard Class,2026-05-20,US-2026-152569
Second Class,2026-05-18,US-2026-102414
Standard Class,2026-05-20,US-2026-152569
Second Class,2026-05-18,US-2026-102414
First Class,2026-05-18,US-2026-166576
First Class,2026-05-19,US-2026-159464
Standard Class,2026-05-22,US-2026-155642
Standard Class,2026-05-23,US-2026-117863
Standard Class,2026-05-22,US-2026-155642
Second Class,2026-05-22,US-2026-117401
First Class,2026-05-19,US-2026-159464
First Class,2026-05-19,US-2026-159464
Standard Class,2026-05-23,US-2026-117863
Second Class,2026-05-22,US-2026-117401
Standard Class,2026-05-23,US-2026-112536
Standard Class,2026-05-23,US-2026-112536
Standard Class,2026-05-23,US-2026-112536
Standard Class,2026-05-22,US-2026-112865
First Class,2026-05-19,US-2026-159464
First Class,2026-05-20,US-2026-121643
First Class,2026-05-19,US-2026-159464
Second Class,2026-05-22,US-2026-117401
Standard Class,2026-05-25,CA-2026-135471
Standard Class,2026-05-23,US-2026-138975
Second Class,2026-05-24,US-2026-145702
Second Class,2026-05-21,US-2026-113530
Standard Class,2026-05-24,US-2026-100048
Standard Class,2026-05-23,US-2026-153787
Second Class,2026-05-21,US-2026-113530
Second Class,2026-05-21,US-2026-113530
Standard Class,2026-05-23,US-2026-127803
Standard Class,2026-05-24,US-2026-147998
Standard Class,2026-05-25,US-2026-122077
Standard Class,2026-05-23,US-2026-138975
Second Class,2026-05-24,US-2026-145702
Same Day,2026-05-19,US-2026-120607
Standard Class,2026-05-23,US-2026-108700
Second Class,2026-05-21,US-2026-113530
Standard Class,2026-05-24,US-2026-100048
Standard Class,2026-05-23,US-2026-138975
Standard Class,2026-05-24,US-2026-100048
Standard Class,2026-05-25,US-2026-122077
Standard Class,2026-05-23,US-2026-138975
Standard Class,2026-05-24,US-2026-166695
Standard Class,2026-05-24,US-2026-166695
Standard Class,2026-05-26,US-2026-166688
Second Class,2026-05-22,US-2026-111332
Second Class,2026-05-22,US-2026-111332
Second Class,2026-05-22,US-2026-111332
Same Day,2026-05-20,US-2026-149468
Standard Class,2026-05-26,US-2026-166688
Second Class,2026-05-22,US-2026-111332
Second Class,2026-05-22,US-2026-111332
Standard Class,2026-05-24,US-2026-166695
Standard Class,2026-05-26,US-2026-166688
Standard Class,2026-05-24,CA-2026-166695
Standard Class,2026-05-24,CA-2026-166695
Standard Class,2026-05-24,CA-2026-166695
Standard Class,2026-05-26,US-2026-167899
Standard Class,2026-05-26,US-2026-167899
Standard Class,2026-05-26,US-2026-150595
First Class,2026-05-25,US-2026-151127
Standard Class,2026-05-26,US-2026-130106
Standard Class,2026-05-26,US-2026-130106
Standard Class,2026-05-26,US-2026-150595
Standard Class,2026-05-26,US-2026-150595
Second Class,2026-05-25,US-2026-153080
Standard Class,2026-05-29,US-2026-167003
Standard Class,2026-05-27,US-2026-164042
Standard Class,2026-05-27,US-2026-164042
Standard Class,2026-05-27,US-2026-164042
Standard Class,2026-05-27,US-2026-164042
Same Day,2026-05-25,US-2026-120168
Standard Class,2026-05-29,US-2026-161088
Same Day,2026-05-25,US-2026-120168
Same Day,2026-05-25,US-2026-120168
Standard Class,2026-06-01,US-2026-112473
Same Day,2026-05-25,US-2026-120168
First Class,2026-05-29,US-2026-123687
Standard Class,2026-05-31,US-2026-107853
First Class,2026-05-29,US-2026-123687
Standard Class,2026-05-30,US-2026-152968
Standard Class,2026-06-03,US-2026-136882
First Class,2026-05-29,US-2026-116897
Standard Class,2026-05-31,US-2026-134152
Standard Class,2026-06-02,US-2026-132297
Standard Class,2026-06-03,US-2026-151855
Second Class,2026-05-29,US-2026-160458
First Class,2026-05-29,US-2026-116897
Standard Class,2026-06-03,US-2026-151855
Standard Class,2026-05-31,US-2026-134152
Standard Class,2026-06-02,US-2026-132297
First Class,2026-05-29,US-2026-116897
Standard Class,2026-06-01,US-2026-161340
Second Class,2026-05-30,US-2026-140088
Second Class,2026-06-02,US-2026-118556
Second Class,2026-05-31,US-2026-141572
Standard Class,2026-06-01,US-2026-100055
Standard Class,2026-06-01,US-2026-100055
Second Class,2026-06-02,US-2026-118556
Standard Class,2026-06-02,US-2026-145765
Standard Class,2026-06-01,US-2026-161340
Standard Class,2026-06-02,US-2026-145765
Standard Class,2026-06-02,US-2026-145765
Standard Class,2026-06-01,US-2026-112613
Standard Class,2026-06-05,US-2026-168739
Standard Class,2026-06-04,US-2026-121580
Standard Class,2026-06-04,US-2026-121580
Standard Class,2026-06-04,US-2026-121580
Standard Class,2026-06-02,US-2026-144568
Standard Class,2026-06-04,US-2026-104745
Standard Class,2026-06-04,US-2026-121580
Standard Class,2026-06-04,US-2026-104745
First Class,2026-05-31,US-2026-125472
Second Class,2026-06-03,US-2026-142461
Standard Class,2026-06-03,US-2026-121125
First Class,2026-05-31,US-2026-125472
Standard Class,2026-06-03,US-2026-116498
First Class,2026-05-31,US-2026-125472
Standard Class,2026-06-04,US-2026-120614
Standard Class,2026-06-03,US-2026-121125
Standard Class,2026-06-03,US-2026-121125
Second Class,2026-06-03,US-2026-121559
Second Class,2026-06-05,US-2026-112928
Second Class,2026-06-03,US-2026-121559
Second Class,2026-06-03,US-2026-121559
First Class,2026-06-03,US-2026-106831
Standard Class,2026-06-05,US-2026-146493
First Class,2026-06-03,US-2026-106831
Standard Class,2026-06-06,US-2026-157413
Second Class,2026-06-03,US-2026-121559
Second Class,2026-06-03,US-2026-121559
First Class,2026-06-03,US-2026-106831
Second Class,2026-06-05,US-2026-140760
Standard Class,2026-06-08,US-2026-143294
Second Class,2026-06-05,US-2026-140760
Same Day,2026-06-03,US-2026-158883
Standard Class,2026-06-06,US-2026-127705
Standard Class,2026-06-06,US-2026-127705
Standard Class,2026-06-10,US-2026-140872
Standard Class,2026-06-07,US-2026-126382
Standard Class,2026-06-09,US-2026-113908
Standard Class,2026-06-10,US-2026-140872
Standard Class,2026-06-10,US-2026-140872
Standard Class,2026-06-07,US-2026-145772
Standard Class,2026-06-10,US-2026-140872
Standard Class,2026-06-10,US-2026-140872
Standard Class,2026-06-07,US-2026-145772
Standard Class,2026-06-09,US-2026-113908
Standard Class,2026-06-07,US-2026-145506
Standard Class,2026-06-10,US-2026-140872
Standard Class,2026-06-07,US-2026-145772
Standard Class,2026-06-10,US-2026-140872
Standard Class,2026-06-08,US-2026-150420
Standard Class,2026-06-09,US-2026-113908
Standard Class,2026-06-10,US-2026-140872
Standard Class,2026-06-10,US-2026-158407
Second Class,2026-06-07,US-2026-149720
Standard Class,2026-06-10,US-2026-158106
Same Day,2026-06-04,US-2026-133095
Standard Class,2026-06-08,US-2026-158953
Same Day,2026-06-04,US-2026-133095
Standard Class,2026-06-08,US-2026-100426
Standard Class,2026-06-10,US-2026-158407
Standard Class,2026-06-09,US-2026-141614
First Class,2026-06-06,US-2026-126788
Standard Class,2026-06-10,US-2026-131849
Standard Class,2026-06-10,US-2026-131849
First Class,2026-06-10,US-2026-109316
Standard Class,2026-06-12,US-2026-155299
Standard Class,2026-06-13,US-2026-106579
Standard Class,2026-06-13,US-2026-107979
Standard Class,2026-06-14,US-2026-117436
Second Class,2026-06-10,US-2026-132682
Standard Class,2026-06-13,US-2026-107979
Second Class,2026-06-10,US-2026-132682
Standard Class,2026-06-13,US-2026-107979
First Class,2026-06-10,US-2026-109316
Second Class,2026-06-10,US-2026-132682
Standard Class,2026-06-13,US-2026-106663
Standard Class,2026-06-13,US-2026-106663
Standard Class,2026-06-14,US-2026-146822
Standard Class,2026-06-13,US-2026-106663
First Class,2026-06-10,US-2026-100951
First Class,2026-06-13,US-2026-140963
Second Class,2026-06-13,US-2026-137001
Standard Class,2026-06-14,US-2026-167080
First Class,2026-06-13,US-2026-143343
Second Class,2026-06-14,US-2026-112172
First Class,2026-06-13,US-2026-140963
Standard Class,2026-06-15,US-2026-158071
Same Day,2026-06-10,US-2026-131583
Standard Class,2026-06-15,US-2026-158071
Standard Class,2026-06-14,US-2026-107167
Standard Class,2026-06-15,US-2026-106103
First Class,2026-06-13,US-2026-140963
Standard Class,2026-06-15,US-2026-158071
Second Class,2026-06-13,US-2026-134565
First Class,2026-06-12,US-2026-120418
First Class,2026-06-14,US-2026-141481
Standard Class,2026-06-15,US-2026-102554
First Class,2026-06-12,US-2026-120418
First Class,2026-06-12,US-2026-120418
Standard Class,2026-06-17,US-2026-133928
Second Class,2026-06-13,US-2026-134565
Same Day,2026-06-11,US-2026-152002
Second Class,2026-06-13,US-2026-134565
First Class,2026-06-12,US-2026-120418
First Class,2026-06-12,US-2026-120418
Second Class,2026-06-13,US-2026-134565
Second Class,2026-06-13,US-2026-134565
Standard Class,2026-06-18,US-2026-108441
Standard Class,2026-06-19,US-2026-143861
Second Class,2026-06-14,US-2026-124191
Standard Class,2026-06-19,US-2026-148474
Standard Class,2026-06-18,US-2026-108441
Standard Class,2026-06-18,US-2026-108441
Standard Class,2026-06-19,US-2026-148474
Standard Class,2026-06-18,US-2026-108441
Second Class,2026-06-14,US-2026-119424
Standard Class,2026-06-16,US-2026-117821
Second Class,2026-06-14,US-2026-119424
Standard Class,2026-06-19,US-2026-104850
First Class,2026-06-16,US-2026-102337
Standard Class,2026-06-17,US-2026-122056
First Class,2026-06-16,US-2026-102337
First Class,2026-06-16,US-2026-102337
Standard Class,2026-06-19,US-2026-126914
Standard Class,2026-06-19,US-2026-126914
Standard Class,2026-06-20,US-2026-119284
Standard Class,2026-06-20,US-2026-119284
Standard Class,2026-06-20,US-2026-119284
Standard Class,2026-06-22,US-2026-111178
Standard Class,2026-06-20,US-2026-135167
First Class,2026-06-18,US-2026-169691
Standard Class,2026-06-20,US-2026-119284
First Class,2026-06-18,US-2026-169691
First Class,2026-06-18,US-2026-169691
Standard Class,2026-06-20,US-2026-119284
Standard Class,2026-06-20,US-2026-119284
Standard Class,2026-06-20,US-2026-119284
Second Class,2026-06-19,US-2026-118864
Standard Class,2026-06-19,US-2026-169901
First Class,2026-06-19,US-2026-105214
Second Class,2026-06-21,US-2026-129462
Second Class,2026-06-21,US-2026-129462
Second Class,2026-06-18,US-2026-111269
Standard Class,2026-06-20,US-2026-136826
Standard Class,2026-06-21,US-2026-132206
Standard Class,2026-06-21,US-2026-155873
First Class,2026-06-19,US-2026-105214
Standard Class,2026-06-21,US-2026-155873
Standard Class,2026-06-21,US-2026-155873
Second Class,2026-06-18,US-2026-111269
Second Class,2026-06-21,US-2026-129462
Second Class,2026-06-21,US-2026-129462
Second Class,2026-06-21,US-2026-118437
First Class,2026-06-20,US-2026-131618
First Class,2026-06-20,US-2026-131618
First Class,2026-06-20,US-2026-157833
First Class,2026-06-20,US-2026-131618
First Class,2026-06-20,US-2026-146346
Second Class,2026-06-21,US-2026-118437
Standard Class,2026-06-21,US-2026-165323
Standard Class,2026-06-21,US-2026-165323
Standard Class,2026-06-23,US-2026-112753
Second Class,2026-06-20,US-2026-162712
Standard Class,2026-06-23,US-2026-112753
Second Class,2026-06-20,CA-2026-184712
Second Class,2026-06-21,US-2026-128944
Standard Class,2026-06-23,US-2026-138870
Second Class,2026-06-21,US-2026-128944
Standard Class,2026-06-26,US-2026-154011
Standard Class,2026-06-23,US-2026-102288
Standard Class,2026-06-23,US-2026-102288
Standard Class,2026-06-26,US-2026-154011
Standard Class,2026-06-26,US-2026-169999
Standard Class,2026-06-23,US-2026-102288
Standard Class,2026-06-23,US-2026-140844
Standard Class,2026-06-23,US-2026-138870
Standard Class,2026-06-26,US-2026-169999
Standard Class,2026-06-25,US-2026-141992
Standard Class,2026-06-25,US-2026-141992
Standard Class,2026-06-23,US-2026-140844
Second Class,2026-06-21,US-2026-128944
Standard Class,2026-06-27,US-2026-106852
Standard Class,2026-06-26,US-2026-132934
Standard Class,2026-06-27,US-2026-101434
Standard Class,2026-06-27,US-2026-135986
Standard Class,2026-06-27,US-2026-106852
First Class,2026-06-23,US-2026-151218
Standard Class,2026-06-26,US-2026-132934
Standard Class,2026-06-27,US-2026-101434
Standard Class,2026-06-27,US-2026-135986
Second Class,2026-06-25,US-2026-101049
Standard Class,2026-06-25,US-2026-124744
Second Class,2026-06-25,US-2026-101049
Standard Class,2026-06-25,US-2026-124744
Standard Class,2026-06-25,US-2026-124744
Standard Class,2026-06-26,US-2026-105823
Standard Class,2026-06-29,US-2026-155936
Standard Class,2026-06-28,US-2026-165757
Standard Class,2026-06-28,US-2026-165757
First Class,2026-06-23,US-2026-133781
Standard Class,2026-06-28,US-2026-165757
Second Class,2026-06-26,US-2026-136350
Second Class,2026-06-26,US-2026-136350
Standard Class,2026-07-01,US-2026-100384
Standard Class,2026-07-01,US-2026-100384
Standard Class,2026-06-28,US-2026-122105
Standard Class,2026-06-28,US-2026-132955
Standard Class,2026-06-30,US-2026-151316
Second Class,2026-06-26,US-2026-159107
Standard Class,2026-06-30,US-2026-151316
Standard Class,2026-06-29,US-2026-105074
Second Class,2026-06-27,US-2026-116127
Second Class,2026-06-29,US-2026-124821
Standard Class,2026-07-02,US-2026-133648
Standard Class,2026-07-02,US-2026-133648
Standard Class,2026-07-02,US-2026-133648
Standard Class,2026-07-01,US-2026-134796
Standard Class,2026-07-01,US-2026-148810
Standard Class,2026-07-01,US-2026-157091
First Class,2026-06-27,US-2026-133256
Standard Class,2026-06-30,US-2026-107132
Standard Class,2026-07-01,US-2026-148810
First Class,2026-06-27,US-2026-133256
Standard Class,2026-06-30,US-2026-107132
Standard Class,2026-06-30,US-2026-107132
Standard Class,2026-07-02,US-2026-115364
Standard Class,2026-06-30,US-2026-100636
Standard Class,2026-06-30,US-2026-107132
Standard Class,2026-06-30,US-2026-138310
Standard Class,2026-07-03,US-2026-161410
Standard Class,2026-06-30,US-2026-163531
Standard Class,2026-07-03,US-2026-161410
First Class,2026-06-27,US-2026-133256
Standard Class,2026-07-04,US-2026-123638
Second Class,2026-06-29,US-2026-116988
Standard Class,2026-07-01,US-2026-151190
Second Class,2026-06-29,US-2026-116988
Second Class,2026-06-29,US-2026-116988
First Class,2026-06-30,US-2026-137449
First Class,2026-07-02,US-2026-143574
First Class,2026-07-02,US-2026-143574
First Class,2026-06-30,US-2026-137449
First Class,2026-06-30,US-2026-137449
Standard Class,2026-07-04,US-2026-147039
First Class,2026-06-30,US-2026-138149
Standard Class,2026-07-06,US-2026-137085
First Class,2026-06-30,US-2026-138149
Standard Class,2026-07-04,US-2026-147039
Standard Class,2026-07-04,US-2026-126081
Second Class,2026-07-03,US-2026-100650
First Class,2026-06-30,US-2026-138149
First Class,2026-07-02,US-2026-143574
First Class,2026-06-30,US-2026-138149
Second Class,2026-07-02,US-2026-109393
Second Class,2026-07-04,US-2026-163006
Standard Class,2026-07-04,US-2026-125745
Standard Class,2026-07-06,US-2026-131695
Second Class,2026-07-04,US-2026-163006
Same Day,2026-06-30,US-2026-102890
Standard Class,2026-07-05,US-2026-102946
Standard Class,2026-07-05,US-2026-113201
Standard Class,2026-07-06,US-2026-131695
Standard Class,2026-07-04,US-2026-164112
Second Class,2026-07-04,US-2026-163006
Standard Class,2026-07-08,US-2026-148362
Standard Class,2026-07-08,US-2026-148362
Standard Class,2026-07-08,US-2026-148362
First Class,2026-07-05,US-2026-107958
First Class,2026-07-05,US-2026-107958
Standard Class,2026-07-10,US-2026-169124
Standard Class,2026-07-07,US-2026-126179
Standard Class,2026-07-10,US-2026-140053
First Class,2026-07-04,US-2026-106747
Second Class,2026-07-06,US-2026-111024
First Class,2026-07-04,US-2026-124828
Second Class,2026-07-06,US-2026-111024
Second Class,2026-07-06,US-2026-121503
Standard Class,2026-07-09,US-2026-129777
Second Class,2026-07-06,US-2026-111024
Standard Class,2026-07-08,US-2026-139437
Same Day,2026-07-03,US-2026-168109
Standard Class,2026-07-09,US-2026-166233
Standard Class,2026-07-09,US-2026-129777
Same Day,2026-07-03,US-2026-168109
Same Day,2026-07-03,US-2026-168109
Second Class,2026-07-06,US-2026-121503
Same Day,2026-07-03,US-2026-168109
Standard Class,2026-07-07,US-2026-126179
Standard Class,2026-07-07,US-2026-111647
Standard Class,2026-07-10,US-2026-100223
Standard Class,2026-07-10,US-2026-100223
Standard Class,2026-07-10,US-2026-100223
Standard Class,2026-07-10,US-2026-100223
Standard Class,2026-07-10,US-2026-100223
First Class,2026-07-07,US-2026-104388
Same Day,2026-07-06,US-2026-152492
Standard Class,2026-07-11,US-2026-101784
Standard Class,2026-07-13,US-2026-124303
Standard Class,2026-07-13,US-2026-124303
First Class,2026-07-09,US-2026-169551
Second Class,2026-07-09,US-2026-105053
Standard Class,2026-07-11,US-2026-106824
First Class,2026-07-09,US-2026-169551
First Class,2026-07-09,US-2026-169551
First Class,2026-07-09,US-2026-169551
First Class,2026-07-09,US-2026-169551
Second Class,2026-07-09,US-2026-155152
First Class,2026-07-09,US-2026-169551
Standard Class,2026-07-12,US-2026-140480
First Class,2026-07-11,US-2026-133249
Standard Class,2026-07-15,US-2026-108560
Standard Class,2026-07-12,US-2026-138464
Standard Class,2026-07-12,US-2026-140480
Standard Class,2026-07-12,US-2026-134306
Standard Class,2026-07-12,US-2026-140480
Standard Class,2026-07-12,US-2026-138464
Standard Class,2026-07-12,US-2026-140480
Standard Class,2026-07-12,US-2026-134306
Standard Class,2026-07-12,US-2026-138464
Standard Class,2026-07-15,US-2026-108560
Standard Class,2026-07-12,US-2026-138464
First Class,2026-07-10,US-2026-150189
Standard Class,2026-07-15,US-2026-108560
Standard Class,2026-07-12,US-2026-134306
Standard Class,2026-07-12,US-2026-111759
Standard Class,2026-07-12,US-2026-140480
Standard Class,2026-07-15,US-2026-108560
Standard Class,2026-07-12,CA-2026-112109
Standard Class,2026-07-12,CA-2026-112109
Standard Class,2026-07-12,CA-2026-112109
Standard Class,2026-07-12,CA-2026-112109
Standard Class,2026-07-14,US-2026-145128
First Class,2026-07-12,US-2026-115651
First Class,2026-07-12,US-2026-115651
Standard Class,2026-07-15,US-2026-121083
Standard Class,2026-07-15,US-2026-100209
Standard Class,2026-07-15,US-2026-121083
Standard Class,2026-07-15,US-2026-121083
Standard Class,2026-07-14,US-2026-132122
Standard Class,2026-07-15,US-2026-121083
Second Class,2026-07-14,US-2026-128629
Standard Class,2026-07-14,US-2026-169012
Standard Class,2026-07-14,US-2026-127460
Standard Class,2026-07-18,US-2026-162015
Standard Class,2026-07-17,US-2026-127656
Standard Class,2026-07-16,US-2026-136623
Standard Class,2026-07-15,US-2026-164959
Second Class,2026-07-13,US-2026-156818
Standard Class,2026-07-18,US-2026-162015
Standard Class,2026-07-16,US-2026-136623
Standard Class,2026-07-18,US-2026-106047
Second Class,2026-07-17,US-2026-136364
Standard Class,2026-07-17,US-2026-102155
Standard Class,2026-07-17,US-2026-102155
Second Class,2026-07-17,US-2026-136364
Standard Class,2026-07-18,US-2026-161935
Standard Class,2026-07-18,US-2026-121048
Standard Class,2026-07-18,US-2026-121048
Standard Class,2026-07-18,US-2026-121048
Standard Class,2026-07-18,US-2026-161935
Standard Class,2026-07-18,US-2026-121048
Standard Class,2026-07-18,US-2026-121048
Standard Class,2026-07-18,US-2026-161935
Standard Class,2026-07-18,US-2026-161935
Standard Class,2026-07-18,US-2026-161935
Standard Class,2026-07-18,US-2026-121048
Standard Class,2026-07-18,US-2026-161935
Standard Class,2026-07-18,US-2026-121048
Second Class,2026-07-18,US-2026-164378
First Class,2026-07-17,US-2026-128951
Standard Class,2026-07-19,US-2026-166142
First Class,2026-07-17,US-2026-128951
Second Class,2026-07-18,US-2026-164378
Standard Class,2026-07-19,US-2026-166142
Second Class,2026-07-18,US-2026-164378
First Class,2026-07-17,US-2026-128951
Second Class,2026-07-18,US-2026-164378
Second Class,2026-07-18,US-2026-164378
Second Class,2026-07-18,US-2026-156909
Standard Class,2026-07-23,US-2026-152842
Standard Class,2026-07-21,US-2026-109778
Second Class,2026-07-19,US-2026-142342
Standard Class,2026-07-22,US-2026-139948
Standard Class,2026-07-23,US-2026-105046
Second Class,2026-07-19,US-2026-142342
Standard Class,2026-07-23,US-2026-105046
Second Class,2026-07-19,US-2026-142342
Second Class,2026-07-19,US-2026-142342
Standard Class,2026-07-21,US-2026-126662
Standard Class,2026-07-23,US-2026-105046
Standard Class,2026-07-23,US-2026-142573
Standard Class,2026-07-23,US-2026-165358
Standard Class,2026-07-23,US-2026-142573
Standard Class,2026-07-23,US-2026-142573
Standard Class,2026-07-23,US-2026-142573
Standard Class,2026-07-23,US-2026-142573
Standard Class,2026-07-23,US-2026-165358
Standard Class,2026-07-23,US-2026-165358
Standard Class,2026-07-25,US-2026-108343
Standard Class,2026-07-25,US-2026-122035
Standard Class,2026-07-25,US-2026-108343
Standard Class,2026-07-26,US-2026-118640
Standard Class,2026-07-25,US-2026-122035
Standard Class,2026-07-25,US-2026-122035
Standard Class,2026-07-25,US-2026-122035
Standard Class,2026-07-24,US-2026-150497
Standard Class,2026-07-25,US-2026-122035
Standard Class,2026-07-25,US-2026-108343
Standard Class,2026-07-26,US-2026-118640
Standard Class,2026-07-25,US-2026-122035
Standard Class,2026-07-27,US-2026-104731
Standard Class,2026-07-25,US-2026-145429
Standard Class,2026-07-27,US-2026-104731
Standard Class,2026-07-25,US-2026-123834
Standard Class,2026-07-27,US-2026-123204
Same Day,2026-07-21,US-2026-158505
Second Class,2026-07-25,US-2026-118724
Standard Class,2026-07-27,US-2026-104731
Standard Class,2026-07-27,US-2026-104731
Standard Class,2026-07-26,US-2026-145093
Standard Class,2026-07-25,US-2026-145429
Standard Class,2026-07-26,US-2026-160465
Second Class,2026-07-24,US-2026-103478
Standard Class,2026-07-27,US-2026-104731
Second Class,2026-07-24,US-2026-103478
Standard Class,2026-07-25,US-2026-127719
Standard Class,2026-07-25,US-2026-145429
Standard Class,2026-07-26,US-2026-160465
Standard Class,2026-07-27,US-2026-104731
Second Class,2026-07-25,US-2026-118724
Standard Class,2026-07-27,US-2026-104731
Same Day,2026-07-21,US-2026-158505
Standard Class,2026-07-26,US-2026-160465
Standard Class,2026-07-27,US-2026-106551
Standard Class,2026-07-28,US-2026-109750
Standard Class,2026-07-28,US-2026-110940
Second Class,2026-07-25,US-2026-169320
Standard Class,2026-07-28,US-2026-117240
Standard Class,2026-07-30,US-2026-125367
First Class,2026-07-26,US-2026-133718
Standard Class,2026-07-27,US-2026-103506
First Class,2026-07-26,US-2026-133718
Standard Class,2026-07-27,US-2026-101721
First Class,2026-07-24,US-2026-118346
Second Class,2026-07-25,US-2026-169320
Same Day,2026-07-24,US-2026-135013
Second Class,2026-07-28,US-2026-121293
Second Class,2026-07-28,US-2026-121293
First Class,2026-07-27,US-2026-167549
Standard Class,2026-07-31,US-2026-169810
Standard Class,2026-07-29,US-2026-125640
Second Class,2026-07-28,US-2026-121293
Second Class,2026-07-28,US-2026-121293
Second Class,2026-07-28,US-2026-121293
Standard Class,2026-08-01,US-2026-167318
Standard Class,2026-08-01,US-2026-167318
Second Class,2026-08-01,US-2026-107209
Second Class,2026-07-31,US-2026-123239
Second Class,2026-08-01,US-2026-133046
Standard Class,2026-07-31,US-2026-108791
Second Class,2026-08-01,US-2026-133046
Second Class,2026-08-01,US-2026-133046
Second Class,2026-08-01,US-2026-133046
Standard Class,2026-07-31,US-2026-108791
Standard Class,2026-08-01,US-2026-130841
Standard Class,2026-08-01,US-2026-130841
Standard Class,2026-08-01,US-2026-130841
Standard Class,2026-08-02,US-2026-115301
Standard Class,2026-08-03,US-2026-130953
Second Class,2026-08-01,US-2026-101483
Standard Class,2026-08-03,US-2026-130953
Second Class,2026-08-01,US-2026-146031
Second Class,2026-08-01,US-2026-101483
Standard Class,2026-08-03,US-2026-130953
Standard Class,2026-08-03,US-2026-130771
Standard Class,2026-08-02,US-2026-113852
Standard Class,2026-08-03,US-2026-130771
Standard Class,2026-08-03,US-2026-130953
Second Class,2026-08-01,US-2026-101483
First Class,2026-08-02,US-2026-155740
Second Class,2026-08-03,US-2026-167913
Second Class,2026-08-03,US-2026-167913
Standard Class,2026-08-06,US-2026-141103
First Class,2026-08-03,US-2026-161102
Standard Class,2026-08-05,US-2026-165869
Standard Class,2026-08-04,US-2026-147032
Standard Class,2026-08-05,US-2026-165869
Standard Class,2026-08-04,US-2026-147032
Standard Class,2026-08-04,US-2026-147032
Standard Class,2026-08-05,US-2026-121909
First Class,2026-08-03,US-2026-161102
Standard Class,2026-08-04,US-2026-125752
Standard Class,2026-08-05,US-2026-126144
Same Day,2026-07-31,US-2026-115805
Second Class,2026-08-04,US-2026-124576
Standard Class,2026-08-07,US-2026-162691
Second Class,2026-08-05,US-2026-168942
Standard Class,2026-08-07,US-2026-162691
First Class,2026-08-04,US-2026-133235
First Class,2026-08-03,US-2026-135034
First Class,2026-08-04,US-2026-165386
Second Class,2026-08-08,US-2026-168396
Second Class,2026-08-08,US-2026-168396
First Class,2026-08-06,US-2026-163566
Second Class,2026-08-06,US-2026-143175
Second Class,2026-08-08,US-2026-141747
Standard Class,2026-08-07,US-2026-140781
Standard Class,2026-08-08,US-2026-146367
First Class,2026-08-07,US-2026-132738
First Class,2026-08-07,US-2026-132738
Standard Class,2026-08-09,US-2026-128328
Standard Class,2026-08-09,US-2026-128328
First Class,2026-08-08,US-2026-117695
First Class,2026-08-08,US-2026-154676
Standard Class,2026-08-09,US-2026-128328
Second Class,2026-08-10,US-2026-161200
Second Class,2026-08-10,US-2026-161200
Standard Class,2026-08-12,US-2026-151981
Standard Class,2026-08-12,US-2026-151981
Standard Class,2026-08-11,US-2026-136609
Standard Class,2026-08-10,US-2026-168172
Standard Class,2026-08-12,US-2026-151981
Standard Class,2026-08-11,US-2026-156776
Standard Class,2026-08-11,US-2026-156776
Standard Class,2026-08-11,US-2026-156776
Standard Class,2026-08-12,US-2026-117023
Standard Class,2026-08-12,US-2026-117023
Standard Class,2026-08-11,US-2026-156776
Standard Class,2026-08-13,US-2026-155999
Standard Class,2026-08-11,US-2026-156776
Standard Class,2026-08-12,US-2026-115175
Standard Class,2026-08-11,US-2026-156776
First Class,2026-08-08,US-2026-110821
First Class,2026-08-08,US-2026-110821
Standard Class,2026-08-11,US-2026-158344
Second Class,2026-08-11,US-2026-163321
Standard Class,2026-08-11,US-2026-156776
Standard Class,2026-08-13,US-2026-155999
Standard Class,2026-08-11,US-2026-156776
Second Class,2026-08-10,CA-2026-129322
Second Class,2026-08-10,CA-2026-129322
Second Class,2026-08-10,CA-2026-129322
Standard Class,2026-08-15,US-2026-143063
Standard Class,2026-08-15,US-2026-143063
Second Class,2026-08-15,US-2026-145443
Standard Class,2026-08-15,US-2026-143063
First Class,2026-08-13,US-2026-139311
Second Class,2026-08-13,US-2026-160899
First Class,2026-08-13,US-2026-139311
First Class,2026-08-13,US-2026-139311
Standard Class,2026-08-16,US-2026-100433
First Class,2026-08-13,US-2026-139311
Same Day,2026-08-12,US-2026-118941
First Class,2026-08-15,US-2026-158169
First Class,2026-08-15,US-2026-158169
Same Day,2026-08-12,US-2026-118941
Same Day,2026-08-12,US-2026-118941
Standard Class,2026-08-19,US-2026-152310
Standard Class,2026-08-17,US-2026-106537
Standard Class,2026-08-19,US-2026-152310
Standard Class,2026-08-19,US-2026-152310
Standard Class,2026-08-19,US-2026-152310
Standard Class,2026-08-19,US-2026-152310
Standard Class,2026-08-19,US-2026-152310
Standard Class,2026-08-18,US-2026-128363
Standard Class,2026-08-18,US-2026-128363
Standard Class,2026-08-18,US-2026-128363
Same Day,2026-08-13,US-2026-103828
Same Day,2026-08-13,US-2026-103828
Standard Class,2026-08-20,US-2026-100580
Standard Class,2026-08-18,US-2026-128363
Standard Class,2026-08-18,US-2026-128363
Standard Class,2026-08-18,US-2026-128363
Standard Class,2026-08-20,US-2026-167542
Same Day,2026-08-13,US-2026-103828
Same Day,2026-08-13,US-2026-103828
Standard Class,2026-08-18,US-2026-128363
Standard Class,2026-08-21,US-2026-105921
Second Class,2026-08-16,US-2026-169264
Second Class,2026-08-16,US-2026-169264
Standard Class,2026-08-21,US-2026-138548
Standard Class,2026-08-19,US-2026-144883
Second Class,2026-08-18,US-2026-117723
Same Day,2026-08-16,US-2026-122987
Same Day,2026-08-16,US-2026-122987
Standard Class,2026-08-24,US-2026-133102
Second Class,2026-08-22,US-2026-118892
First Class,2026-08-19,US-2026-111423
Standard Class,2026-08-24,US-2026-133102
Standard Class,2026-08-24,US-2026-166093
Standard Class,2026-08-24,US-2026-133102
Standard Class,2026-08-24,US-2026-133102
Standard Class,2026-08-24,US-2026-166093
Standard Class,2026-08-23,US-2026-151211
First Class,2026-08-19,US-2026-111423
Standard Class,2026-08-24,US-2026-166093
Standard Class,2026-08-24,US-2026-166093
Standard Class,2026-08-24,US-2026-166093
Standard Class,2026-08-24,US-2026-166093
Standard Class,2026-08-24,US-2026-133102
Standard Class,2026-08-23,US-2026-151211
Standard Class,2026-08-24,US-2026-166093
Second Class,2026-08-23,US-2026-117947
Second Class,2026-08-23,US-2026-117947
Standard Class,2026-08-25,US-2026-119809
Second Class,2026-08-23,US-2026-117947
Second Class,2026-08-21,US-2026-163069
Standard Class,2026-08-22,US-2026-112809
Standard Class,2026-08-22,US-2026-112809
Second Class,2026-08-23,US-2026-117947
Standard Class,2026-08-25,US-2026-119809
Standard Class,2026-08-25,US-2026-122028
Standard Class,2026-08-22,US-2026-151358
Standard Class,2026-08-22,US-2026-112809
Standard Class,2026-08-25,US-2026-119809
Standard Class,2026-08-22,US-2026-121027
Standard Class,2026-08-22,US-2026-121027
Standard Class,2026-08-22,US-2026-162936
Second Class,2026-08-23,US-2026-117947
Standard Class,2026-08-23,US-2026-100398
Standard Class,2026-08-23,US-2026-101728
Standard Class,2026-08-23,US-2026-132339
Standard Class,2026-08-24,US-2026-115777
Standard Class,2026-08-23,CA-2026-132339
Standard Class,2026-08-24,CA-2026-115777
Second Class,2026-08-22,US-2026-111241
Standard Class,2026-08-27,US-2026-105326
Same Day,2026-08-20,US-2026-137344
Standard Class,2026-08-25,US-2026-119011
Standard Class,2026-08-25,US-2026-119011
Standard Class,2026-08-25,US-2026-119011
Standard Class,2026-08-26,US-2026-114356
Second Class,2026-08-23,US-2026-155705
Second Class,2026-08-25,US-2026-121489
First Class,2026-08-22,US-2026-109253
Standard Class,2026-08-25,US-2026-117646
Standard Class,2026-08-27,US-2026-112956
Standard Class,2026-08-27,US-2026-112956
First Class,2026-08-22,US-2026-109253
First Class,2026-08-22,US-2026-109253
First Class,2026-08-22,US-2026-109253
First Class,2026-08-22,US-2026-109253
Standard Class,2026-08-28,US-2026-102183
Standard Class,2026-08-28,US-2026-102183
Standard Class,2026-08-28,US-2026-126956
Standard Class,2026-08-28,US-2026-126956
First Class,2026-08-22,US-2026-109253
Standard Class,2026-08-27,US-2026-112956
Standard Class,2026-08-25,US-2026-117646
Same Day,2026-08-21,US-2026-144750
Second Class,2026-08-25,US-2026-121489
Standard Class,2026-08-25,US-2026-117646
Standard Class,2026-08-28,US-2026-126956
Second Class,2026-08-25,US-2026-121489
First Class,2026-08-22,US-2026-109253
First Class,2026-08-23,US-2026-131037
First Class,2026-08-24,US-2026-132381
Second Class,2026-08-26,US-2026-129021
Second Class,2026-08-26,US-2026-129021
Second Class,2026-08-26,US-2026-129021
Second Class,2026-08-26,US-2026-129021
Second Class,2026-08-26,US-2026-129021
Second Class,2026-08-26,US-2026-139717
Standard Class,2026-08-29,US-2026-123043
Standard Class,2026-08-29,US-2026-123043
Second Class,2026-08-26,US-2026-139717
Standard Class,2026-08-29,US-2026-159793
Second Class,2026-08-28,US-2026-101210
Second Class,2026-08-28,US-2026-101210
Standard Class,2026-08-29,US-2026-114636
First Class,2026-08-27,US-2026-105697
Standard Class,2026-09-01,US-2026-157350
First Class,2026-08-27,US-2026-132584
Standard Class,2026-09-01,US-2026-128475
Second Class,2026-08-29,US-2026-161956
Second Class,2026-08-29,US-2026-161956
Standard Class,2026-08-31,US-2026-163097
Standard Class,2026-09-01,US-2026-134481
Second Class,2026-08-30,US-2026-101273
Second Class,2026-08-29,US-2026-161956
First Class,2026-08-30,US-2026-155047
Second Class,2026-08-29,US-2026-161956
First Class,2026-08-30,US-2026-139465
First Class,2026-08-30,US-2026-162208
Same Day,2026-08-27,US-2026-130036
Second Class,2026-08-29,US-2026-161956
Standard Class,2026-09-01,US-2026-133501
Second Class,2026-08-29,US-2026-161956
First Class,2026-08-30,US-2026-139465
Second Class,2026-08-29,US-2026-161956
Same Day,2026-08-27,US-2026-130036
Second Class,2026-08-29,US-2026-161956
First Class,2026-08-30,US-2026-139465
Standard Class,2026-09-03,US-2026-126067
Standard Class,2026-09-01,US-2026-169502
Standard Class,2026-09-03,US-2026-126067
Standard Class,2026-09-03,US-2026-126067
Standard Class,2026-09-01,US-2026-146920
Standard Class,2026-09-01,US-2026-146920
Standard Class,2026-09-01,US-2026-169502
Standard Class,2026-09-03,US-2026-126067
Standard Class,2026-09-04,US-2026-101014
Second Class,2026-09-03,US-2026-104024
First Class,2026-09-01,US-2026-144064
First Class,2026-09-01,US-2026-144064
First Class,2026-09-01,US-2026-144064
Second Class,2026-09-02,US-2026-154074
Standard Class,2026-09-05,US-2026-133004
Standard Class,2026-09-04,US-2026-107321
Standard Class,2026-09-05,US-2026-159884
Second Class,2026-09-04,US-2026-135062
Standard Class,2026-09-05,US-2026-159884
Standard Class,2026-09-05,US-2026-132619
Second Class,2026-09-02,US-2026-154074
Standard Class,2026-09-05,US-2026-127712
Standard Class,2026-09-05,US-2026-117198
Standard Class,2026-09-04,US-2026-107321
Same Day,2026-09-01,US-2026-145653
Second Class,2026-09-05,US-2026-131625
Same Day,2026-09-01,US-2026-128041
Same Day,2026-09-01,US-2026-128041
Standard Class,2026-09-07,US-2026-135230
Standard Class,2026-09-06,US-2026-107909
Standard Class,2026-09-06,US-2026-107909
Same Day,2026-09-02,US-2026-111388
Standard Class,2026-09-06,US-2026-157987
Standard Class,2026-09-06,US-2026-157987
Standard Class,2026-09-08,US-2026-114552
Second Class,2026-09-04,US-2026-169327
Standard Class,2026-09-06,US-2026-157987
Standard Class,2026-09-06,US-2026-163657
Standard Class,2026-09-06,US-2026-157987
Second Class,2026-09-04,US-2026-169327
Standard Class,2026-09-08,US-2026-111220
Standard Class,2026-09-07,US-2026-110380
Standard Class,2026-09-06,US-2026-157987
Standard Class,2026-09-08,US-2026-123001
Standard Class,2026-09-06,US-2026-157987
Standard Class,2026-09-06,US-2026-163657
Standard Class,2026-09-06,US-2026-146983
Second Class,2026-09-04,US-2026-169327
Standard Class,2026-09-06,US-2026-157987
Standard Class,2026-09-08,US-2026-111220
Standard Class,2026-09-06,US-2026-157987
Second Class,2026-09-04,US-2026-102218
Standard Class,2026-09-08,US-2026-123001
Second Class,2026-09-07,US-2026-145037
Standard Class,2026-09-06,US-2026-114216
Second Class,2026-09-07,US-2026-145037
Standard Class,2026-09-06,US-2026-157987
Second Class,2026-09-07,US-2026-145037
Standard Class,2026-09-07,US-2026-137596
Standard Class,2026-09-08,US-2026-111220
Standard Class,2026-09-06,US-2026-157987
Standard Class,2026-09-06,US-2026-157987
Standard Class,2026-09-06,US-2026-113075
Standard Class,2026-09-07,US-2026-137596
Standard Class,2026-09-07,US-2026-137596
Standard Class,2026-09-08,US-2026-123001
Standard Class,2026-09-06,US-2026-157987
Second Class,2026-09-07,US-2026-153255
Second Class,2026-09-06,US-2026-161067
Second Class,2026-09-06,US-2026-161067
Standard Class,2026-09-08,US-2026-161557
Standard Class,2026-09-08,US-2026-161823
Second Class,2026-09-06,US-2026-161067
Standard Class,2026-09-08,US-2026-123022
Second Class,2026-09-08,US-2026-122637
Standard Class,2026-09-07,US-2026-146136
Second Class,2026-09-06,US-2026-161067
Standard Class,2026-09-07,US-2026-167626
Standard Class,2026-09-08,US-2026-123022
Standard Class,2026-09-07,US-2026-167626
First Class,2026-09-06,US-2026-140326
Standard Class,2026-09-08,US-2026-117450
Second Class,2026-09-08,US-2026-102750
Second Class,2026-09-06,US-2026-116680
Second Class,2026-09-08,US-2026-100783
First Class,2026-09-06,US-2026-140326
Standard Class,2026-09-08,US-2026-152485
Second Class,2026-09-09,US-2026-109757
Standard Class,2026-09-08,US-2026-152485
Second Class,2026-09-09,US-2026-109757
Standard Class,2026-09-08,US-2026-137582
First Class,2026-09-05,US-2026-147655
Second Class,2026-09-09,US-2026-109757
Second Class,2026-09-06,US-2026-116680
Standard Class,2026-09-08,US-2026-141929
Second Class,2026-09-06,US-2026-166394
Second Class,2026-09-09,US-2026-109757
Standard Class,2026-09-08,US-2026-117450
First Class,2026-09-05,US-2026-101182
First Class,2026-09-06,US-2026-140326
Standard Class,2026-09-10,US-2026-117261
Standard Class,2026-09-08,US-2026-141929
Standard Class,2026-09-08,US-2026-147410
Standard Class,2026-09-08,US-2026-152485
Standard Class,2026-09-08,US-2026-120761
Standard Class,2026-09-10,US-2026-117394
Standard Class,2026-09-08,US-2026-141929
First Class,2026-09-05,US-2026-101182
Standard Class,2026-09-09,US-2026-102736
First Class,2026-09-06,US-2026-107293
Standard Class,2026-09-09,US-2026-102736
Standard Class,2026-09-11,US-2026-120705
Standard Class,2026-09-09,US-2026-102736
Standard Class,2026-09-12,US-2026-150070
Standard Class,2026-09-11,US-2026-129441
First Class,2026-09-08,US-2026-151008
Standard Class,2026-09-11,US-2026-107244
Same Day,2026-09-07,US-2026-128783
First Class,2026-09-10,US-2026-130687
Standard Class,2026-09-12,US-2026-128769
First Class,2026-09-10,US-2026-130687
First Class,2026-09-09,US-2026-163692
Standard Class,2026-09-14,US-2026-103877
Standard Class,2026-09-11,US-2026-100160
Standard Class,2026-09-11,US-2026-100160
First Class,2026-09-09,US-2026-169488
Standard Class,2026-09-13,US-2026-100335
First Class,2026-09-09,US-2026-169488
Standard Class,2026-09-11,US-2026-100160
Standard Class,2026-09-12,US-2026-124401
Standard Class,2026-09-11,US-2026-148929
Standard Class,2026-09-11,US-2026-104094
Same Day,2026-09-07,US-2026-128783
Standard Class,2026-09-12,US-2026-124401
First Class,2026-09-10,US-2026-130687
First Class,2026-09-08,US-2026-151008
First Class,2026-09-11,US-2026-124779
First Class,2026-09-11,US-2026-124779
Second Class,2026-09-13,US-2026-124968
First Class,2026-09-11,US-2026-124779
First Class,2026-09-11,US-2026-124779
First Class,2026-09-11,US-2026-124779
Second Class,2026-09-13,US-2026-132437
First Class,2026-09-09,US-2026-144456
Standard Class,2026-09-14,US-2026-158036
Second Class,2026-09-12,US-2026-126396
Second Class,2026-09-10,US-2026-152856
First Class,2026-09-11,US-2026-124779
First Class,2026-09-09,US-2026-144456
Standard Class,2026-09-12,US-2026-149895
Second Class,2026-09-14,US-2026-137498
Standard Class,2026-09-13,US-2026-118087
Standard Class,2026-09-14,US-2026-147228
Standard Class,2026-09-13,US-2026-169439
Standard Class,2026-09-13,US-2026-118087
Standard Class,2026-09-15,US-2026-168403
Standard Class,2026-09-13,US-2026-169439
Standard Class,2026-09-13,US-2026-118087
Second Class,2026-09-14,US-2026-137498
Standard Class,2026-09-13,US-2026-118087
First Class,2026-09-10,US-2026-152198
Standard Class,2026-09-13,US-2026-118087
First Class,2026-09-10,US-2026-152198
Standard Class,2026-09-15,US-2026-159562
Standard Class,2026-09-15,US-2026-139444
First Class,2026-09-10,US-2026-152198
Second Class,2026-09-14,US-2026-137498
Standard Class,2026-09-14,US-2026-147228
Standard Class,2026-09-13,US-2026-155929
Standard Class,2026-09-15,US-2026-168403
Standard Class,2026-09-14,US-2026-147228
Standard Class,2026-09-15,US-2026-147361
Standard Class,2026-09-15,US-2026-147361
Standard Class,2026-09-14,US-2026-100825
Standard Class,2026-09-14,US-2026-147228
Standard Class,2026-09-14,US-2026-146213
Standard Class,2026-09-13,US-2026-118087
Standard Class,2026-09-13,US-2026-118087
Standard Class,2026-09-13,US-2026-118087
Same Day,2026-09-10,US-2026-128370
Second Class,2026-09-15,US-2026-110905
Second Class,2026-09-15,US-2026-110905
First Class,2026-09-13,US-2026-126438
Second Class,2026-09-15,US-2026-110905
Standard Class,2026-09-15,US-2026-152093
Second Class,2026-09-15,US-2026-110905
Same Day,2026-09-10,US-2026-128370
Standard Class,2026-09-14,US-2026-159954
Second Class,2026-09-15,US-2026-110905
First Class,2026-09-13,US-2026-147403
Same Day,2026-09-10,US-2026-122280
Second Class,2026-09-15,US-2026-110905
Second Class,2026-09-15,US-2026-110905
Second Class,2026-09-15,US-2026-110905
Standard Class,2026-09-17,US-2026-123036
Standard Class,2026-09-17,US-2026-123036
Standard Class,2026-09-15,US-2026-120999
First Class,2026-09-13,CA-2026-126438
Same Day,2026-09-12,US-2026-149559
Same Day,2026-09-11,US-2026-142188
Same Day,2026-09-11,US-2026-144484
First Class,2026-09-12,US-2026-112774
Standard Class,2026-09-16,US-2026-160836
Standard Class,2026-09-15,US-2026-152898
Standard Class,2026-09-16,US-2026-160836
Second Class,2026-09-13,US-2026-127726
Same Day,2026-09-11,US-2026-144484
Same Day,2026-09-11,US-2026-142188
Same Day,2026-09-12,US-2026-149559
Second Class,2026-09-13,US-2026-117044
Second Class,2026-09-13,US-2026-127726
Same Day,2026-09-11,US-2026-142188
Second Class,2026-09-13,US-2026-166898
Same Day,2026-09-12,US-2026-149559
Standard Class,2026-09-15,US-2026-124898
Second Class,2026-09-13,US-2026-117044
Same Day,2026-09-11,US-2026-142188
Standard Class,2026-09-16,US-2026-160836
Same Day,2026-09-11,US-2026-142188
Second Class,2026-09-13,US-2026-166898
First Class,2026-09-15,US-2026-103611
First Class,2026-09-15,US-2026-140676
First Class,2026-09-15,US-2026-108749
First Class,2026-09-15,US-2026-108749
Second Class,2026-09-17,US-2026-109582
First Class,2026-09-15,US-2026-140676
First Class,2026-09-15,US-2026-140676
Standard Class,2026-09-19,US-2026-139493
First Class,2026-09-15,US-2026-156237
First Class,2026-09-16,US-2026-152975
First Class,2026-09-15,US-2026-156237
First Class,2026-09-17,US-2026-115882
Same Day,2026-09-14,US-2026-147725
First Class,2026-09-16,US-2026-152975
First Class,2026-09-15,US-2026-156237
First Class,2026-09-15,US-2026-156237
Second Class,2026-09-18,US-2026-157224
First Class,2026-09-17,US-2026-115882
Standard Class,2026-09-19,US-2026-108931
Standard Class,2026-09-19,US-2026-108931
Second Class,2026-09-17,US-2026-114440
First Class,2026-09-16,US-2026-152975
Standard Class,2026-09-19,US-2026-130302
First Class,2026-09-15,US-2026-156237
First Class,2026-09-15,US-2026-156237
First Class,2026-09-16,US-2026-152975
Second Class,2026-09-17,US-2026-121888
Standard Class,2026-09-19,US-2026-116652
Standard Class,2026-09-21,US-2026-163300
Standard Class,2026-09-19,US-2026-124205
Standard Class,2026-09-19,US-2026-163020
Standard Class,2026-09-19,US-2026-116652
Standard Class,2026-09-19,US-2026-124205
Second Class,2026-09-17,US-2026-127096
Standard Class,2026-09-19,US-2026-116652
Standard Class,2026-09-19,US-2026-116652
Standard Class,2026-09-19,US-2026-146185
Second Class,2026-09-17,US-2026-121888
Standard Class,2026-09-20,US-2026-134418
Second Class,2026-09-17,US-2026-121888
Second Class,2026-09-17,US-2026-165008
Standard Class,2026-09-21,US-2026-163300
Standard Class,2026-09-19,US-2026-116652
Standard Class,2026-09-20,US-2026-145737
Standard Class,2026-09-19,US-2026-130043
Standard Class,2026-09-19,US-2026-124205
Standard Class,2026-09-21,US-2026-139822
Standard Class,2026-09-21,US-2026-139822
Second Class,2026-09-17,US-2026-121888
Standard Class,2026-09-21,US-2026-163300
Standard Class,2026-09-19,US-2026-124205
First Class,2026-09-17,US-2026-132353
First Class,2026-09-18,US-2026-136448
First Class,2026-09-17,US-2026-118136
First Class,2026-09-18,US-2026-136448
First Class,2026-09-18,US-2026-136448
Standard Class,2026-09-20,US-2026-144113
Standard Class,2026-09-20,US-2026-130715
First Class,2026-09-17,US-2026-118136
Second Class,2026-09-18,US-2026-112984
Standard Class,2026-09-21,US-2026-134173
First Class,2026-09-18,US-2026-136448
Second Class,2026-09-18,US-2026-141446
First Class,2026-09-18,US-2026-136448
Standard Class,2026-09-20,US-2026-144113
Second Class,2026-09-21,US-2026-112515
Second Class,2026-09-22,US-2026-157931
Second Class,2026-09-22,US-2026-105669
Second Class,2026-09-22,US-2026-105669
Second Class,2026-09-21,US-2026-112515
Second Class,2026-09-22,US-2026-105669
Second Class,2026-09-21,US-2026-112515
Second Class,2026-09-21,US-2026-112515
Second Class,2026-09-21,US-2026-112515
Second Class,2026-09-21,US-2026-112515
Second Class,2026-09-22,US-2026-157931
Same Day,2026-09-17,US-2026-137470
Standard Class,2026-09-23,US-2026-126928
Second Class,2026-09-21,US-2026-112515
First Class,2026-09-20,US-2026-142293
Standard Class,2026-09-23,US-2026-126928
Second Class,2026-09-22,US-2026-105669
Standard Class,2026-09-25,US-2026-148068
Standard Class,2026-09-22,US-2026-164756
First Class,2026-09-20,US-2026-131016
Standard Class,2026-09-22,US-2026-164756
Standard Class,2026-09-23,US-2026-106180
Standard Class,2026-09-22,US-2026-166856
First Class,2026-09-21,US-2026-140508
Standard Class,2026-09-23,US-2026-106180
Standard Class,2026-09-22,US-2026-164756
Standard Class,2026-09-25,US-2026-148068
Standard Class,2026-09-22,US-2026-133333
Standard Class,2026-09-22,US-2026-164756
Standard Class,2026-09-22,US-2026-164756
Second Class,2026-09-23,US-2026-134439
Standard Class,2026-09-23,US-2026-106180
First Class,2026-09-20,US-2026-131016
Standard Class,2026-09-22,US-2026-164756
Standard Class,2026-09-22,US-2026-166856
Standard Class,2026-09-22,US-2026-164756
Standard Class,2026-09-22,US-2026-164756
Standard Class,2026-09-25,US-2026-143378
Standard Class,2026-09-25,US-2026-143378
Standard Class,2026-09-24,US-2026-102974
Standard Class,2026-09-25,US-2026-143378
Standard Class,2026-09-23,US-2026-139787
Standard Class,2026-09-24,US-2026-102974
Same Day,2026-09-19,US-2026-160801
Standard Class,2026-09-25,US-2026-153822
Standard Class,2026-09-24,US-2026-148866
Standard Class,2026-09-25,US-2026-153822
Standard Class,2026-09-23,US-2026-139619
Standard Class,2026-09-24,US-2026-102974
Standard Class,2026-09-25,US-2026-153822
Standard Class,2026-09-25,US-2026-143378
Standard Class,2026-09-25,US-2026-153822
Standard Class,2026-09-26,US-2026-100111
Standard Class,2026-09-26,US-2026-100111
Standard Class,2026-09-26,US-2026-100111
Standard Class,2026-09-26,US-2026-100111
Standard Class,2026-09-26,US-2026-100111
Standard Class,2026-09-26,US-2026-100111
Standard Class,2026-09-26,US-2026-100111
Standard Class,2026-09-26,US-2026-100111
Standard Class,2026-09-26,US-2026-100111
Standard Class,2026-09-26,US-2026-100111
Standard Class,2026-09-26,US-2026-100111
Standard Class,2026-09-26,US-2026-100111
Standard Class,2026-09-26,US-2026-100111
Standard Class,2026-09-26,US-2026-100111
First Class,2026-09-22,CA-2026-153738
Standard Class,2026-09-25,US-2026-123351
Standard Class,2026-09-26,US-2026-151428
Standard Class,2026-09-27,US-2026-146878
Standard Class,2026-09-25,US-2026-169817
Standard Class,2026-09-25,US-2026-133074
First Class,2026-09-23,US-2026-165155
First Class,2026-09-23,US-2026-132262
First Class,2026-09-23,US-2026-132262
Second Class,2026-09-24,US-2026-167381
Second Class,2026-09-24,US-2026-162789
Standard Class,2026-09-27,US-2026-161970
Standard Class,2026-09-27,US-2026-108245
Second Class,2026-09-26,US-2026-158379
Standard Class,2026-09-26,US-2026-166317
First Class,2026-09-23,US-2026-161053
Second Class,2026-09-25,US-2026-136000
Standard Class,2026-09-27,US-2026-108245
Second Class,2026-09-24,US-2026-167381
Standard Class,2026-09-28,US-2026-103226
Standard Class,2026-09-27,US-2026-161970
Standard Class,2026-09-26,US-2026-166317
Standard Class,2026-09-26,US-2026-102967
Standard Class,2026-09-28,US-2026-117009
Second Class,2026-09-26,US-2026-158379
Second Class,2026-09-24,US-2026-162789
Second Class,2026-09-26,US-2026-158379
Standard Class,2026-09-26,US-2026-166317
First Class,2026-09-23,US-2026-161053
Standard Class,2026-09-26,US-2026-166317
First Class,2026-09-24,US-2026-122196
Standard Class,2026-09-27,CA-2026-125724
Standard Class,2026-09-29,US-2026-132059
Standard Class,2026-09-29,US-2026-121853
Standard Class,2026-09-27,US-2026-121412
Standard Class,2026-09-28,US-2026-125647
Standard Class,2026-09-30,US-2026-123778
Second Class,2026-09-25,US-2026-132521
Second Class,2026-09-25,US-2026-132521
Standard Class,2026-09-30,US-2026-123778
Standard Class,2026-09-29,US-2026-121853
First Class,2026-09-26,US-2026-138422
First Class,2026-09-25,US-2026-103520
Second Class,2026-09-25,US-2026-102309
First Class,2026-09-26,US-2026-121314
Standard Class,2026-09-29,US-2026-121853
Standard Class,2026-09-28,US-2026-125647
Second Class,2026-09-25,US-2026-132521
Second Class,2026-09-25,US-2026-102309
Standard Class,2026-09-29,US-2026-132059
Standard Class,2026-09-29,US-2026-117485
Standard Class,2026-09-28,US-2026-125647
Standard Class,2026-09-28,US-2026-142034
First Class,2026-09-26,US-2026-148411
Standard Class,2026-09-29,US-2026-108910
Same Day,2026-09-24,US-2026-142391
Standard Class,2026-09-28,US-2026-132675
Standard Class,2026-09-28,US-2026-132675
First Class,2026-09-27,US-2026-163335
Standard Class,2026-09-29,US-2026-134096
Standard Class,2026-09-28,US-2026-132675
Second Class,2026-09-26,US-2026-144694
Second Class,2026-09-28,US-2026-130148
First Class,2026-09-26,US-2026-148411
First Class,2026-09-27,US-2026-163335
Standard Class,2026-09-28,US-2026-132675
Second Class,2026-09-28,US-2026-130148
Standard Class,2026-09-28,US-2026-142034
Standard Class,2026-09-28,US-2026-142034
Second Class,2026-09-26,US-2026-144694
Standard Class,2026-09-29,US-2026-122364
Standard Class,2026-09-29,US-2026-134096
Same Day,2026-09-24,US-2026-160325
Standard Class,2026-09-29,US-2026-122364
Same Day,2026-09-24,US-2026-160325
Standard Class,2026-09-28,US-2026-121839
Standard Class,2026-09-28,US-2026-132675
Same Day,2026-09-24,CA-2026-160325
Same Day,2026-09-24,CA-2026-160325
Standard Class,2026-10-01,US-2026-144904
Standard Class,2026-09-29,US-2026-162481
Standard Class,2026-10-01,US-2026-144904
Second Class,2026-09-27,US-2026-162572
Standard Class,2026-10-01,US-2026-144904
Standard Class,2026-09-29,US-2026-162481
First Class,2026-09-28,US-2026-112004
Standard Class,2026-09-29,US-2026-122112
Standard Class,2026-10-01,US-2026-144904
Standard Class,2026-09-29,US-2026-116939
First Class,2026-09-28,US-2026-169929
First Class,2026-09-28,US-2026-112004
Second Class,2026-09-27,US-2026-162572
Standard Class,2026-09-30,US-2026-129490
Same Day,2026-09-26,US-2026-106145
First Class,2026-09-28,US-2026-156391
Same Day,2026-09-26,US-2026-106145
Same Day,2026-09-26,US-2026-106145
Same Day,2026-09-26,US-2026-106145
Same Day,2026-09-26,US-2026-106145
Second Class,2026-10-01,CA-2026-192314
Standard Class,2026-10-04,US-2026-101574
First Class,2026-10-01,US-2026-125717
First Class,2026-10-01,US-2026-125717
First Class,2026-10-01,US-2026-125717
Standard Class,2026-10-05,US-2026-152205
Standard Class,2026-10-02,US-2026-160017
First Class,2026-10-01,US-2026-125717
First Class,2026-10-01,US-2026-125717
Second Class,2026-09-30,US-2026-139955
First Class,2026-10-01,US-2026-125717
First Class,2026-10-02,US-2026-140186
Same Day,2026-09-29,US-2026-121300
Same Day,2026-09-29,US-2026-121300
First Class,2026-10-02,US-2026-140186
Same Day,2026-09-29,US-2026-121300
First Class,2026-10-02,US-2026-140186
First Class,2026-10-01,US-2026-141509
First Class,2026-10-02,US-2026-140186
Standard Class,2026-10-05,US-2026-100314
Standard Class,2026-10-05,US-2026-128335
First Class,2026-10-01,US-2026-126676
First Class,2026-10-02,US-2026-140186
Standard Class,2026-10-05,US-2026-100314
Same Day,2026-09-29,US-2026-121300
Same Day,2026-09-29,US-2026-121300
Standard Class,2026-10-05,US-2026-128335
Standard Class,2026-10-03,US-2026-148138
Standard Class,2026-10-04,US-2026-118402
Standard Class,2026-10-06,US-2026-137918
Same Day,2026-09-29,US-2026-121300
Standard Class,2026-10-05,US-2026-100314
First Class,2026-10-03,US-2026-147452
Standard Class,2026-10-06,US-2026-130603
First Class,2026-10-02,US-2026-120908
Second Class,2026-10-02,US-2026-144225
First Class,2026-10-03,US-2026-147452
First Class,2026-10-03,US-2026-147452
Second Class,2026-10-02,US-2026-123029
First Class,2026-10-02,US-2026-129378
Standard Class,2026-10-08,US-2026-156951
First Class,2026-10-02,US-2026-129378
Standard Class,2026-10-08,US-2026-152275
Standard Class,2026-10-08,US-2026-156951
First Class,2026-10-02,US-2026-129378
First Class,2026-10-02,US-2026-129378
Standard Class,2026-10-07,US-2026-117807
Standard Class,2026-10-08,US-2026-156951
Standard Class,2026-10-08,US-2026-156951
Standard Class,2026-10-06,US-2026-139577
First Class,2026-10-03,US-2026-113418
Standard Class,2026-10-08,US-2026-141117
Standard Class,2026-10-06,US-2026-137414
First Class,2026-10-05,US-2026-162558
Second Class,2026-10-06,US-2026-116113
Standard Class,2026-10-06,US-2026-126074
First Class,2026-10-05,US-2026-162558
First Class,2026-10-05,US-2026-162558
First Class,2026-10-05,US-2026-162558
Second Class,2026-10-04,US-2026-152926
Second Class,2026-10-04,US-2026-152926
Standard Class,2026-10-06,US-2026-126074
Standard Class,2026-10-08,US-2026-141117
Standard Class,2026-10-06,US-2026-126074
First Class,2026-10-05,US-2026-162558
Standard Class,2026-10-08,US-2026-105914
Standard Class,2026-10-06,US-2026-126074
Standard Class,2026-10-08,US-2026-141117
First Class,2026-10-05,US-2026-162558
Standard Class,2026-10-07,US-2026-101308
First Class,2026-10-05,US-2026-162558
Standard Class,2026-10-06,US-2026-147564
Standard Class,2026-10-08,US-2026-105914
Standard Class,2026-10-08,US-2026-141117
Standard Class,2026-10-06,US-2026-137414
Standard Class,2026-10-08,US-2026-123981
Standard Class,2026-10-07,US-2026-101308
Second Class,2026-10-05,US-2026-143035
Standard Class,2026-10-08,US-2026-101749
Standard Class,2026-10-09,US-2026-149853
Second Class,2026-10-05,US-2026-143035
Second Class,2026-10-07,US-2026-144820
First Class,2026-10-06,US-2026-141789
Standard Class,2026-10-09,US-2026-149853
Second Class,2026-10-08,US-2026-134607
Second Class,2026-10-05,US-2026-143035
Standard Class,2026-10-08,US-2026-163818
Standard Class,2026-10-10,US-2026-131807
Standard Class,2026-10-09,US-2026-143112
Standard Class,2026-10-10,US-2026-131807
Standard Class,2026-10-10,US-2026-131807
Standard Class,2026-10-10,US-2026-131807
Standard Class,2026-10-10,US-2026-167661
Standard Class,2026-10-10,US-2026-167661
Second Class,2026-10-08,US-2026-103247
Standard Class,2026-10-10,US-2026-131807
Standard Class,2026-10-10,US-2026-167661
First Class,2026-10-07,US-2026-157672
Standard Class,2026-10-09,US-2026-143112
Standard Class,2026-10-10,US-2026-131807
Standard Class,2026-10-09,US-2026-143112
Second Class,2026-10-08,US-2026-103247
Standard Class,2026-10-10,CA-2026-131807
Standard Class,2026-10-10,CA-2026-131807
Standard Class,2026-10-10,CA-2026-131807
Standard Class,2026-10-10,CA-2026-131807
Standard Class,2026-10-10,CA-2026-131807
Standard Class,2026-10-10,CA-2026-131807
Standard Class,2026-10-11,US-2026-148054
Standard Class,2026-10-11,US-2026-148054
Standard Class,2026-10-11,US-2026-137421
Same Day,2026-10-06,US-2026-146269
Standard Class,2026-10-11,US-2026-109099
Standard Class,2026-10-11,US-2026-148054
Standard Class,2026-10-11,US-2026-118577
Standard Class,2026-10-12,US-2026-136868
Standard Class,2026-10-11,US-2026-118577
Standard Class,2026-10-12,US-2026-136868
Same Day,2026-10-06,US-2026-146269
Standard Class,2026-10-12,US-2026-136868
Standard Class,2026-10-13,US-2026-104003
Standard Class,2026-10-11,US-2026-148404
Standard Class,2026-10-11,US-2026-128426
Standard Class,2026-10-11,US-2026-148404
Standard Class,2026-10-11,US-2026-148404
Standard Class,2026-10-12,US-2026-152709
Standard Class,2026-10-11,US-2026-148404
Standard Class,2026-10-11,US-2026-108574
Standard Class,2026-10-11,US-2026-108574
Standard Class,2026-10-11,US-2026-108574
Standard Class,2026-10-11,US-2026-148404
Standard Class,2026-10-14,US-2026-168613
First Class,2026-10-11,US-2026-151596
Standard Class,2026-10-14,US-2026-105487
Standard Class,2026-10-14,US-2026-105487
Standard Class,2026-10-14,US-2026-105487
Standard Class,2026-10-14,US-2026-105487
Standard Class,2026-10-14,US-2026-141873
Second Class,2026-10-11,US-2026-163125
First Class,2026-10-11,US-2026-132430
Standard Class,2026-10-14,US-2026-117247
Standard Class,2026-10-14,US-2026-117247
Second Class,2026-10-11,US-2026-163125
Standard Class,2026-10-14,US-2026-141873
Standard Class,2026-10-14,US-2026-141873
Standard Class,2026-10-14,US-2026-141873
First Class,2026-10-11,US-2026-115595
First Class,2026-10-10,US-2026-162635
Standard Class,2026-10-16,US-2026-111717
First Class,2026-10-12,CA-2026-126627
First Class,2026-10-12,CA-2026-126627
Standard Class,2026-10-16,US-2026-150091
Standard Class,2026-10-16,US-2026-152702
Standard Class,2026-10-16,US-2026-150091
Same Day,2026-10-12,US-2026-130505
Second Class,2026-10-14,US-2026-112431
First Class,2026-10-14,US-2026-126536
Standard Class,2026-10-18,US-2026-168655
Standard Class,2026-10-16,US-2026-150091
First Class,2026-10-15,US-2026-169607
Standard Class,2026-10-16,US-2026-152933
Same Day,2026-10-12,US-2026-149146
First Class,2026-10-15,US-2026-169362
Second Class,2026-10-14,US-2026-112431
Standard Class,2026-10-16,US-2026-150091
Standard Class,2026-10-18,US-2026-168655
Standard Class,2026-10-16,US-2026-152933
First Class,2026-10-14,US-2026-126536
Standard Class,2026-10-16,US-2026-152933
First Class,2026-10-16,US-2026-163160
First Class,2026-10-14,US-2026-103212
First Class,2026-10-15,US-2026-116519
First Class,2026-10-16,US-2026-163160
Standard Class,2026-10-20,US-2026-135909
First Class,2026-10-14,US-2026-103212
Standard Class,2026-10-17,US-2026-132976
Standard Class,2026-10-17,US-2026-132976
First Class,2026-10-16,US-2026-163160
First Class,2026-10-14,US-2026-103212
Standard Class,2026-10-17,US-2026-132976
Standard Class,2026-10-17,US-2026-132976
First Class,2026-10-15,US-2026-148831
Standard Class,2026-10-20,US-2026-135909
Standard Class,2026-10-20,US-2026-135909
First Class,2026-10-17,US-2026-168837
Standard Class,2026-10-18,US-2026-126123
Standard Class,2026-10-19,US-2026-150707
Standard Class,2026-10-18,US-2026-126123
Standard Class,2026-10-19,US-2026-151183
Standard Class,2026-10-20,US-2026-142643
First Class,2026-10-17,US-2026-113670
Standard Class,2026-10-19,US-2026-100237
Second Class,2026-10-18,US-2026-106033
Second Class,2026-10-19,US-2026-164819
Standard Class,2026-10-19,US-2026-154949
Standard Class,2026-10-20,US-2026-142643
First Class,2026-10-17,US-2026-113670
First Class,2026-10-18,US-2026-132234
Standard Class,2026-10-21,US-2026-159100
Standard Class,2026-10-21,US-2026-158386
Standard Class,2026-10-21,US-2026-111577
Standard Class,2026-10-21,US-2026-159100
Standard Class,2026-10-21,US-2026-159282
Second Class,2026-10-19,US-2026-123246
Second Class,2026-10-19,US-2026-165603
Second Class,2026-10-19,US-2026-165603
Second Class,2026-10-19,US-2026-114804
Standard Class,2026-10-24,US-2026-106432
Second Class,2026-10-24,US-2026-131492
Standard Class,2026-10-23,US-2026-125388
Standard Class,2026-10-23,US-2026-117653
Second Class,2026-10-24,US-2026-131492
Standard Class,2026-10-25,US-2026-125199
Standard Class,2026-10-24,US-2026-106432
Standard Class,2026-10-23,US-2026-125990
Standard Class,2026-10-26,US-2026-120390
Second Class,2026-10-24,US-2026-131492
Second Class,2026-10-24,US-2026-131492
Second Class,2026-10-23,US-2026-107727
Standard Class,2026-10-25,US-2026-125199
Standard Class,2026-10-23,US-2026-125388
Standard Class,2026-10-25,US-2026-125199
Standard Class,2026-10-26,US-2026-159457
Standard Class,2026-10-23,CA-2026-125388
Standard Class,2026-10-23,CA-2026-125388
Standard Class,2026-10-24,CA-2026-107004
Same Day,2026-10-20,US-2026-103065
Standard Class,2026-10-24,US-2026-147277
Standard Class,2026-10-27,US-2026-158743
Same Day,2026-10-20,US-2026-103065
Second Class,2026-10-22,US-2026-146416
Standard Class,2026-10-27,US-2026-158743
Same Day,2026-10-20,US-2026-104822
Second Class,2026-10-22,US-2026-146416
Standard Class,2026-10-26,US-2026-158722
Same Day,2026-10-20,US-2026-103065
Standard Class,2026-10-27,US-2026-158743
Standard Class,2026-10-25,US-2026-115252
Standard Class,2026-10-24,US-2026-147277
Same Day,2026-10-20,US-2026-103065
Standard Class,2026-10-25,US-2026-115252
First Class,2026-10-22,US-2026-167094
Standard Class,2026-10-26,US-2026-113558
Standard Class,2026-10-26,US-2026-113558
Same Day,2026-10-21,US-2026-145884
Standard Class,2026-10-25,US-2026-117422
Standard Class,2026-10-25,US-2026-100356
Standard Class,2026-10-26,US-2026-148166
Standard Class,2026-10-27,US-2026-142125
Standard Class,2026-10-25,US-2026-117422
Standard Class,2026-10-27,US-2026-142125
Standard Class,2026-10-28,US-2026-117331
Standard Class,2026-10-25,US-2026-117422
First Class,2026-10-22,US-2026-167094
Standard Class,2026-10-28,US-2026-113453
First Class,2026-10-24,US-2026-154410
First Class,2026-10-22,US-2026-167094
Same Day,2026-10-21,US-2026-145884
Standard Class,2026-10-28,US-2026-113453
Second Class,2026-10-24,US-2026-130141
Standard Class,2026-10-27,US-2026-101581
Same Day,2026-10-22,US-2026-130211
Standard Class,2026-10-26,US-2026-111920
Second Class,2026-10-24,US-2026-130141
First Class,2026-10-24,US-2026-127180
Standard Class,2026-10-28,US-2026-156363
Same Day,2026-10-22,US-2026-130211
First Class,2026-10-24,US-2026-127180
First Class,2026-10-24,US-2026-127180
First Class,2026-10-24,US-2026-127180
Standard Class,2026-10-28,US-2026-156363
First Class,2026-10-24,US-2026-125451
Standard Class,2026-10-29,US-2026-139913
First Class,2026-10-24,US-2026-125451
First Class,2026-10-24,US-2026-125451
First Class,2026-10-24,US-2026-125451
First Class,2026-10-24,US-2026-125451
Second Class,2026-10-28,US-2026-105389
Standard Class,2026-10-28,US-2026-106068
Second Class,2026-10-28,US-2026-105389
Standard Class,2026-10-29,US-2026-139913
First Class,2026-10-24,US-2026-125451
Standard Class,2026-10-29,US-2026-139913
Standard Class,2026-10-28,US-2026-106068
Standard Class,2026-10-28,US-2026-106068
Standard Class,2026-10-28,US-2026-106068
Standard Class,2026-10-29,US-2026-139913
Second Class,2026-10-28,US-2026-105389
Standard Class,2026-10-27,US-2026-117079
First Class,2026-10-26,US-2026-141705
Standard Class,2026-10-30,US-2026-144365
Standard Class,2026-11-01,US-2026-162173
Standard Class,2026-10-30,US-2026-115119
Standard Class,2026-10-31,US-2026-110646
Standard Class,2026-11-01,US-2026-162173
Standard Class,2026-11-02,US-2026-155558
Standard Class,2026-10-31,US-2026-110646
Standard Class,2026-10-31,US-2026-102729
Standard Class,2026-11-02,US-2026-155558
Standard Class,2026-10-30,US-2026-115119
Standard Class,2026-10-31,US-2026-110646
First Class,2026-10-28,US-2026-130764
First Class,2026-10-29,US-2026-151225
Standard Class,2026-11-02,US-2026-110310
Second Class,2026-10-30,US-2026-110373
Standard Class,2026-11-02,US-2026-110310
Standard Class,2026-11-03,US-2026-127922
Standard Class,2026-11-03,US-2026-127922
Standard Class,2026-11-02,US-2026-110310
Standard Class,2026-11-01,US-2026-134880
Second Class,2026-10-30,US-2026-110373
First Class,2026-10-28,US-2026-130764
First Class,2026-10-29,US-2026-151225
Second Class,2026-10-30,US-2026-139353
Second Class,2026-11-02,US-2026-118367
Standard Class,2026-11-01,US-2026-160661
Second Class,2026-10-30,US-2026-139353
Second Class,2026-11-01,US-2026-111262
Second Class,2026-10-30,US-2026-139353
Second Class,2026-11-01,US-2026-111262
Second Class,2026-11-01,US-2026-111262
Second Class,2026-10-31,US-2026-160983
First Class,2026-11-02,US-2026-142622
First Class,2026-11-01,US-2026-155292
Standard Class,2026-11-05,US-2026-123491
First Class,2026-11-02,US-2026-142622
First Class,2026-11-02,US-2026-142622
Standard Class,2026-11-03,US-2026-139661
Same Day,2026-10-30,US-2026-152583
Standard Class,2026-11-03,US-2026-152807
Same Day,2026-10-30,US-2026-152583
Standard Class,2026-11-05,US-2026-123491
Standard Class,2026-11-05,US-2026-123491
Standard Class,2026-11-06,US-2026-127285
Standard Class,2026-11-06,US-2026-127285
First Class,2026-11-01,US-2026-155292
Standard Class,2026-11-05,US-2026-123491
Standard Class,2026-11-05,US-2026-123491
Standard Class,2026-11-03,US-2026-152807
Same Day,2026-10-30,US-2026-152583
Standard Class,2026-11-03,US-2026-152807
First Class,2026-11-01,US-2026-155292
First Class,2026-11-01,US-2026-155292
Standard Class,2026-11-03,US-2026-152807
Standard Class,2026-11-05,US-2026-123491
Standard Class,2026-11-04,US-2026-131632
Standard Class,2026-11-05,US-2026-117114
Standard Class,2026-11-05,US-2026-117114
Second Class,2026-11-03,US-2026-123967
Second Class,2026-11-03,US-2026-123967
Second Class,2026-11-04,US-2026-104136
Second Class,2026-11-04,US-2026-104136
Second Class,2026-11-05,US-2026-143567
Second Class,2026-11-07,US-2026-120061
Standard Class,2026-11-06,US-2026-127782
Second Class,2026-11-04,US-2026-163790
Standard Class,2026-11-06,US-2026-127782
First Class,2026-11-05,US-2026-167227
Standard Class,2026-11-07,US-2026-115609
Standard Class,2026-11-06,US-2026-169005
First Class,2026-11-05,US-2026-145597
Second Class,2026-11-04,US-2026-163790
Standard Class,2026-11-06,US-2026-116358
Second Class,2026-11-04,US-2026-163790
Second Class,2026-11-04,US-2026-163790
Standard Class,2026-11-06,US-2026-127782
Second Class,2026-11-05,US-2026-143567
Standard Class,2026-11-06,US-2026-116358
Second Class,2026-11-04,US-2026-163790
Standard Class,2026-11-06,US-2026-164049
Standard Class,2026-11-07,US-2026-168179
First Class,2026-11-05,US-2026-167227
Second Class,2026-11-04,US-2026-163790
Second Class,2026-11-05,US-2026-143567
Second Class,2026-11-06,US-2026-141425
Second Class,2026-11-05,US-2026-143567
Standard Class,2026-11-06,US-2026-127782
Standard Class,2026-11-07,US-2026-142636
Standard Class,2026-11-08,US-2026-143329
Second Class,2026-11-05,US-2026-153339
Standard Class,2026-11-09,US-2026-135419
First Class,2026-11-05,US-2026-105998
Standard Class,2026-11-07,US-2026-100622
Standard Class,2026-11-08,US-2026-110429
Standard Class,2026-11-07,US-2026-168802
Standard Class,2026-11-07,US-2026-100622
Standard Class,2026-11-09,US-2026-121615
Standard Class,2026-11-07,US-2026-126046
Standard Class,2026-11-07,US-2026-142636
Standard Class,2026-11-09,US-2026-121615
Second Class,2026-11-05,US-2026-103009
Standard Class,2026-11-07,US-2026-100622
Standard Class,2026-11-08,US-2026-148320
Second Class,2026-11-06,US-2026-130834
Standard Class,2026-11-09,US-2026-121615
Standard Class,2026-11-08,US-2026-101518
Second Class,2026-11-05,US-2026-110989
First Class,2026-11-05,US-2026-105998
Standard Class,2026-11-07,US-2026-100622
Standard Class,2026-11-08,US-2026-161130
First Class,2026-11-05,US-2026-147760
Same Day,2026-11-04,US-2026-168116
Standard Class,2026-11-08,US-2026-159135
Same Day,2026-11-04,US-2026-121160
Same Day,2026-11-04,US-2026-121160
Same Day,2026-11-04,US-2026-121160
Standard Class,2026-11-08,US-2026-102610
Standard Class,2026-11-08,US-2026-102610
Standard Class,2026-11-11,US-2026-105144
Standard Class,2026-11-11,US-2026-156083
Standard Class,2026-11-09,US-2026-122672
Same Day,2026-11-04,US-2026-121160
Standard Class,2026-11-08,US-2026-102610
Standard Class,2026-11-09,US-2026-122672
Same Day,2026-11-04,US-2026-168116
Standard Class,2026-11-08,US-2026-102610
First Class,2026-11-05,US-2026-147760
Second Class,2026-11-10,US-2026-102925
Second Class,2026-11-10,US-2026-102925
Second Class,2026-11-10,US-2026-102925
First Class,2026-11-07,US-2026-154732
Second Class,2026-11-10,US-2026-102925
Second Class,2026-11-10,US-2026-102925
Standard Class,2026-11-12,US-2026-107272
First Class,2026-11-07,US-2026-118213
Second Class,2026-11-10,US-2026-102925
First Class,2026-11-07,US-2026-118213
Standard Class,2026-11-09,US-2026-157196
First Class,2026-11-07,US-2026-118213
Second Class,2026-11-10,US-2026-102925
Standard Class,2026-11-12,US-2026-107272
Standard Class,2026-11-09,US-2026-116225
First Class,2026-11-06,US-2026-111745
Second Class,2026-11-10,US-2026-102925
Second Class,2026-11-10,US-2026-114258
Standard Class,2026-11-13,US-2026-107174
Standard Class,2026-11-11,US-2026-154109
Standard Class,2026-11-11,US-2026-100013
Second Class,2026-11-09,US-2026-119319
Second Class,2026-11-09,US-2026-167941
Standard Class,2026-11-13,US-2026-107174
Second Class,2026-11-09,US-2026-167941
Standard Class,2026-11-11,US-2026-100013
Second Class,2026-11-10,US-2026-125290
Standard Class,2026-11-12,US-2026-106691
Second Class,2026-11-09,US-2026-167941
Standard Class,2026-11-12,US-2026-109484
Standard Class,2026-11-11,US-2026-100013
Same Day,2026-11-06,US-2026-153948
Same Day,2026-11-06,US-2026-153948
Standard Class,2026-11-11,US-2026-154109
Same Day,2026-11-06,US-2026-153948
Second Class,2026-11-09,US-2026-167941
Same Day,2026-11-06,US-2026-153948
Second Class,2026-11-10,US-2026-125290
Standard Class,2026-11-10,US-2026-144596
Standard Class,2026-11-10,US-2026-154816
Standard Class,2026-11-12,US-2026-150504
Second Class,2026-11-09,US-2026-167941
Standard Class,2026-11-13,US-2026-107720
Standard Class,2026-11-13,US-2026-107174
Same Day,2026-11-06,US-2026-153948
Second Class,2026-11-09,US-2026-113460
Standard Class,2026-11-13,US-2026-149888
Standard Class,2026-11-11,US-2026-132346
Same Day,2026-11-07,US-2026-163188
Standard Class,2026-11-12,US-2026-152737
Standard Class,2026-11-11,US-2026-113572
Second Class,2026-11-12,US-2026-122504
Standard Class,2026-11-12,US-2026-152737
Second Class,2026-11-12,US-2026-122504
Standard Class,2026-11-13,US-2026-149888
Standard Class,2026-11-13,US-2026-155621
Second Class,2026-11-13,US-2026-143658
First Class,2026-11-11,US-2026-158246
Standard Class,2026-11-13,US-2026-119494
Standard Class,2026-11-14,US-2026-141852
Second Class,2026-11-11,US-2026-161018
Second Class,2026-11-12,US-2026-152912
Standard Class,2026-11-14,US-2026-159597
Second Class,2026-11-12,US-2026-152912
Second Class,2026-11-12,US-2026-152912
Standard Class,2026-11-13,US-2026-159667
Standard Class,2026-11-14,US-2026-159597
Second Class,2026-11-12,US-2026-152912
Standard Class,2026-11-13,US-2026-159667
Standard Class,2026-11-17,US-2026-137624
First Class,2026-11-11,US-2026-155425
Second Class,2026-11-15,US-2026-161739
Standard Class,2026-11-17,US-2026-128447
Same Day,2026-11-10,US-2026-162096
Second Class,2026-11-12,US-2026-163874
First Class,2026-11-11,US-2026-155425
Standard Class,2026-11-17,US-2026-128447
Standard Class,2026-11-16,US-2026-104640
Second Class,2026-11-14,US-2026-142671
First Class,2026-11-11,US-2026-155425
Standard Class,2026-11-16,US-2026-141138
First Class,2026-11-11,US-2026-155425
Standard Class,2026-11-16,US-2026-104640
First Class,2026-11-11,US-2026-155425
Second Class,2026-11-15,US-2026-148985
First Class,2026-11-14,US-2026-115448
Second Class,2026-11-16,US-2026-158561
Standard Class,2026-11-16,US-2026-110842
Standard Class,2026-11-18,US-2026-157483
Standard Class,2026-11-16,US-2026-110842
First Class,2026-11-13,US-2026-150959
Standard Class,2026-11-17,US-2026-143217
Standard Class,2026-11-16,US-2026-120327
First Class,2026-11-13,US-2026-150959
Standard Class,2026-11-16,US-2026-110842
Standard Class,2026-11-18,US-2026-143455
Standard Class,2026-11-17,US-2026-154137
Second Class,2026-11-14,US-2026-167976
First Class,2026-11-13,US-2026-116491
Same Day,2026-11-12,US-2026-134915
Same Day,2026-11-12,US-2026-134915
Standard Class,2026-11-18,US-2026-164168
Second Class,2026-11-16,US-2026-149944
Standard Class,2026-11-16,US-2026-164364
Standard Class,2026-11-18,US-2026-164168
Second Class,2026-11-15,US-2026-134978
First Class,2026-11-15,US-2026-136707
Standard Class,2026-11-18,US-2026-164168
Second Class,2026-11-16,US-2026-149944
Standard Class,2026-11-16,US-2026-164364
Second Class,2026-11-15,US-2026-125808
Same Day,2026-11-12,US-2026-134915
Standard Class,2026-11-16,US-2026-160514
Standard Class,2026-11-18,US-2026-130386
Standard Class,2026-11-17,US-2026-154088
Standard Class,2026-11-17,US-2026-122644
Standard Class,2026-11-18,US-2026-130386
Second Class,2026-11-14,US-2026-166835
Standard Class,2026-11-18,US-2026-164168
Standard Class,2026-11-18,US-2026-130386
Standard Class,2026-11-16,US-2026-164364
Same Day,2026-11-12,US-2026-134915
Standard Class,2026-11-17,US-2026-122644
Standard Class,2026-11-16,US-2026-132220
Standard Class,2026-11-18,US-2026-164168
Same Day,2026-11-12,US-2026-134915
Same Day,2026-11-12,US-2026-134915
Same Day,2026-11-12,US-2026-116659
Standard Class,2026-11-18,US-2026-164168
Standard Class,2026-11-19,US-2026-113873
Standard Class,2026-11-18,US-2026-122490
Second Class,2026-11-16,US-2026-112844
Second Class,2026-11-18,US-2026-124926
Second Class,2026-11-18,US-2026-153633
Standard Class,2026-11-18,US-2026-122490
First Class,2026-11-15,US-2026-165344
Standard Class,2026-11-18,US-2026-122490
Second Class,2026-11-16,US-2026-165204
Standard Class,2026-11-19,US-2026-113873
Standard Class,2026-11-18,US-2026-122490
First Class,2026-11-16,US-2026-119662
Second Class,2026-11-16,US-2026-165204
Standard Class,2026-11-18,US-2026-133620
Second Class,2026-11-17,US-2026-123624
Standard Class,2026-11-20,US-2026-102904
First Class,2026-11-15,US-2026-165344
Second Class,2026-11-18,US-2026-160416
First Class,2026-11-15,US-2026-165344
Standard Class,2026-11-19,US-2026-140312
Second Class,2026-11-16,US-2026-112844
First Class,2026-11-16,US-2026-159156
Standard Class,2026-11-19,US-2026-152142
Standard Class,2026-11-19,US-2026-124261
Standard Class,2026-11-18,US-2026-136679
Second Class,2026-11-17,US-2026-138611
Standard Class,2026-11-19,US-2026-106943
Second Class,2026-11-16,US-2026-142489
First Class,2026-11-17,US-2026-118157
Second Class,2026-11-18,US-2026-137323
Standard Class,2026-11-18,US-2026-136679
Second Class,2026-11-17,US-2026-138611
Standard Class,2026-11-18,CA-2026-154121
Standard Class,2026-11-20,US-2026-108112
Standard Class,2026-11-20,US-2026-108112
Standard Class,2026-11-22,US-2026-122945
Standard Class,2026-11-20,US-2026-157448
Standard Class,2026-11-20,US-2026-157448
First Class,2026-11-19,US-2026-107888
Standard Class,2026-11-21,US-2026-108091
Standard Class,2026-11-21,US-2026-160633
Second Class,2026-11-20,US-2026-121678
First Class,2026-11-19,US-2026-107888
Same Day,2026-11-16,US-2026-157896
Standard Class,2026-11-22,US-2026-137022
Standard Class,2026-11-20,US-2026-100601
First Class,2026-11-19,US-2026-107888
Standard Class,2026-11-21,US-2026-160633
Standard Class,2026-11-21,US-2026-160633
Same Day,2026-11-16,US-2026-136308
Standard Class,2026-11-21,US-2026-114657
Same Day,2026-11-16,US-2026-118598
First Class,2026-11-19,US-2026-107888
Standard Class,2026-11-23,US-2026-124674
Standard Class,2026-11-21,US-2026-155866
Standard Class,2026-11-23,US-2026-165687
First Class,2026-11-20,US-2026-138163
Second Class,2026-11-21,US-2026-116505
Standard Class,2026-11-24,US-2026-118122
Standard Class,2026-11-21,US-2026-158120
Standard Class,2026-11-21,US-2026-100902
Standard Class,2026-11-21,US-2026-158120
Standard Class,2026-11-21,US-2026-155866
Second Class,2026-11-22,US-2026-128265
Standard Class,2026-11-21,US-2026-163629
Standard Class,2026-11-21,US-2026-100902
Second Class,2026-11-21,US-2026-141719
Standard Class,2026-11-22,US-2026-166709
Standard Class,2026-11-21,US-2026-163629
Standard Class,2026-11-23,US-2026-160122
Same Day,2026-11-18,US-2026-107825
Standard Class,2026-11-24,US-2026-143434
Second Class,2026-11-23,US-2026-104864
Standard Class,2026-11-23,US-2026-158946
First Class,2026-11-21,US-2026-132444
Second Class,2026-11-23,US-2026-104864
Standard Class,2026-11-23,US-2026-160122
First Class,2026-11-21,US-2026-132444
Same Day,2026-11-18,US-2026-107825
Standard Class,2026-11-23,US-2026-167871
Second Class,2026-11-23,US-2026-104864
Second Class,2026-11-23,US-2026-104864
First Class,2026-11-21,US-2026-132444
Same Day,2026-11-18,US-2026-107825
Same Day,2026-11-18,US-2026-107825
Second Class,2026-11-23,US-2026-104864
First Class,2026-11-21,US-2026-132444
Standard Class,2026-11-23,US-2026-167871
First Class,2026-11-21,US-2026-132444
Standard Class,2026-11-22,US-2026-104913
Standard Class,2026-11-26,US-2026-139969
First Class,2026-11-21,US-2026-131254
Standard Class,2026-11-25,US-2026-137491
Second Class,2026-11-21,US-2026-158876
Standard Class,2026-11-24,US-2026-126242
Standard Class,2026-11-23,US-2026-101042
Same Day,2026-11-19,US-2026-143021
Standard Class,2026-11-23,US-2026-152380
First Class,2026-11-21,US-2026-112529
Standard Class,2026-11-23,US-2026-168858
Second Class,2026-11-22,US-2026-146458
First Class,2026-11-21,US-2026-112529
Second Class,2026-11-21,US-2026-158876
First Class,2026-11-21,US-2026-131254
Standard Class,2026-11-23,US-2026-101042
First Class,2026-11-22,US-2026-162929
Same Day,2026-11-19,US-2026-143021
First Class,2026-11-21,US-2026-131254
Standard Class,2026-11-25,US-2026-108014
Standard Class,2026-11-23,US-2026-168858
Standard Class,2026-11-23,US-2026-110926
Second Class,2026-11-21,US-2026-158876
First Class,2026-11-22,US-2026-162929
Standard Class,2026-11-24,US-2026-126242
Second Class,2026-11-21,US-2026-158876
First Class,2026-11-20,US-2026-121468
First Class,2026-11-22,US-2026-111556
Standard Class,2026-11-24,US-2026-103499
Standard Class,2026-11-25,US-2026-110996
Standard Class,2026-11-26,US-2026-161193
Standard Class,2026-11-25,US-2026-154123
Second Class,2026-11-24,US-2026-120404
Standard Class,2026-11-26,US-2026-161193
Second Class,2026-11-22,US-2026-118731
First Class,2026-11-21,US-2026-121818
Standard Class,2026-11-27,US-2026-146724
First Class,2026-11-22,US-2026-111556
First Class,2026-11-21,US-2026-121818
Second Class,2026-11-22,US-2026-118731
First Class,2026-11-22,US-2026-111556
Second Class,2026-11-24,US-2026-120404
Second Class,2026-11-24,US-2026-120404
First Class,2026-11-22,US-2026-111556
Standard Class,2026-11-25,US-2026-107874
Standard Class,2026-11-25,US-2026-142888
Standard Class,2026-11-25,US-2026-103380
Standard Class,2026-11-25,US-2026-105130
Standard Class,2026-11-25,US-2026-103380
Standard Class,2026-11-25,US-2026-105130
Standard Class,2026-11-25,US-2026-110443
Standard Class,2026-11-25,US-2026-103380
First Class,2026-11-24,US-2026-100811
Standard Class,2026-11-25,US-2026-110443
First Class,2026-11-24,US-2026-100811
Standard Class,2026-11-25,US-2026-103380
Standard Class,2026-11-25,US-2026-110443
Same Day,2026-11-21,US-2026-157420
Standard Class,2026-11-25,US-2026-103380
Standard Class,2026-11-26,US-2026-144036
First Class,2026-11-24,US-2026-103156
Second Class,2026-11-26,US-2026-149160
Standard Class,2026-11-27,US-2026-119746
First Class,2026-11-26,US-2026-156622
Standard Class,2026-11-28,US-2026-119004
Second Class,2026-11-26,US-2026-149160
Second Class,2026-11-26,US-2026-107832
First Class,2026-11-26,US-2026-156622
Standard Class,2026-11-27,US-2026-119746
First Class,2026-11-26,US-2026-156622
First Class,2026-11-26,US-2026-156622
Standard Class,2026-11-27,US-2026-148992
First Class,2026-11-25,US-2026-167017
Standard Class,2026-11-28,US-2026-119004
Standard Class,2026-11-27,US-2026-166919
Standard Class,2026-11-28,US-2026-119004
Standard Class,2026-11-27,US-2026-119746
Standard Class,2026-12-01,US-2026-168641
Standard Class,2026-11-28,US-2026-166436
Same Day,2026-11-24,US-2026-137505
Same Day,2026-11-24,US-2026-137505
Standard Class,2026-11-30,US-2026-103765
First Class,2026-11-27,US-2026-123701
Standard Class,2026-12-01,US-2026-168641
Standard Class,2026-12-01,US-2026-128118
Standard Class,2026-11-30,US-2026-146535
Second Class,2026-11-26,US-2026-128300
Second Class,2026-11-29,US-2026-169894
Second Class,2026-11-26,US-2026-153654
Standard Class,2026-12-01,US-2026-168641
Standard Class,2026-12-01,US-2026-128118
Standard Class,2026-11-28,US-2026-101945
Standard Class,2026-11-29,US-2026-131366
Standard Class,2026-11-28,US-2026-166436
Standard Class,2026-12-01,US-2026-168641
Same Day,2026-11-24,US-2026-162250
Second Class,2026-11-29,US-2026-169894
Standard Class,2026-11-30,US-2026-146535
Same Day,2026-11-24,US-2026-105543
Standard Class,2026-11-30,US-2026-164028
Second Class,2026-11-26,US-2026-128300
Standard Class,2026-11-29,US-2026-131366
Standard Class,2026-11-29,US-2026-133312
Standard Class,2026-11-30,US-2026-124765
Second Class,2026-11-30,US-2026-109610
Standard Class,2026-11-30,US-2026-150266
Standard Class,2026-11-30,US-2026-150266
Standard Class,2026-11-30,US-2026-150266
Standard Class,2026-12-01,US-2026-101665
Second Class,2026-11-29,US-2026-161459
Second Class,2026-11-29,US-2026-155159
Second Class,2026-11-27,US-2026-129000
Standard Class,2026-11-29,US-2026-133312
Standard Class,2026-11-30,US-2026-150266
Second Class,2026-11-29,US-2026-161459
Standard Class,2026-12-01,US-2026-141439
First Class,2026-11-27,US-2026-135307
Standard Class,2026-12-01,US-2026-141439
Second Class,2026-11-29,US-2026-100097
Standard Class,2026-12-01,US-2026-141439
Standard Class,2026-11-30,US-2026-155607
Standard Class,2026-11-30,US-2026-155957
Standard Class,2026-11-30,US-2026-155957
Standard Class,2026-11-30,US-2026-165029
First Class,2026-11-29,US-2026-130526
Standard Class,2026-11-30,US-2026-155607
First Class,2026-11-27,US-2026-135307
Standard Class,2026-12-01,US-2026-141439
Second Class,2026-11-29,US-2026-100097
Standard Class,2026-12-01,US-2026-141439
Standard Class,2026-11-30,US-2026-122700
Standard Class,2026-12-02,US-2026-107125
First Class,2026-11-29,US-2026-102519
Standard Class,2026-12-02,US-2026-132185
Standard Class,2026-12-02,US-2026-132185
Second Class,2026-11-30,US-2026-103352
Second Class,2026-11-30,US-2026-103352
Standard Class,2026-12-02,US-2026-107125
Standard Class,2026-12-02,US-2026-159506
Standard Class,2026-12-03,US-2026-101245
Standard Class,2026-12-02,US-2026-159506
Standard Class,2026-12-03,US-2026-101245
First Class,2026-11-29,US-2026-102519
Standard Class,2026-12-03,US-2026-133207
Standard Class,2026-12-02,US-2026-110576
Standard Class,2026-12-04,US-2026-117702
Standard Class,2026-12-02,US-2026-110576
Standard Class,2026-12-04,US-2026-117702
Standard Class,2026-12-02,US-2026-110576
Standard Class,2026-12-04,US-2026-117702
Standard Class,2026-12-02,US-2026-123372
Standard Class,2026-12-02,US-2026-131303
Standard Class,2026-12-02,US-2026-110576
Standard Class,2026-12-02,US-2026-110576
First Class,2026-12-01,US-2026-121538
Standard Class,2026-12-02,US-2026-123372
Standard Class,2026-12-03,US-2026-108035
Standard Class,2026-12-03,US-2026-108035
First Class,2026-12-03,US-2026-165456
Second Class,2026-12-02,US-2026-111689
First Class,2026-12-03,US-2026-107314
Standard Class,2026-12-07,US-2026-142090
Same Day,2026-11-30,US-2026-120089
Standard Class,2026-12-04,US-2026-116645
Second Class,2026-12-02,US-2026-111689
Standard Class,2026-12-04,US-2026-102267
Standard Class,2026-12-04,US-2026-119305
Standard Class,2026-12-04,US-2026-105333
Standard Class,2026-12-04,US-2026-105333
Second Class,2026-12-03,US-2026-137365
Standard Class,2026-12-07,US-2026-142090
Standard Class,2026-12-04,US-2026-105333
Second Class,2026-12-02,US-2026-148768
Standard Class,2026-12-08,US-2026-166926
Standard Class,2026-12-06,US-2026-143245
Standard Class,2026-12-05,US-2026-113355
Standard Class,2026-12-05,US-2026-122539
Standard Class,2026-12-06,US-2026-101805
First Class,2026-12-03,US-2026-145660
Standard Class,2026-12-07,US-2026-103968
First Class,2026-12-04,US-2026-127313
Standard Class,2026-12-05,US-2026-145233
Standard Class,2026-12-05,US-2026-122539
Standard Class,2026-12-06,US-2026-101805
Standard Class,2026-12-05,US-2026-145233
Standard Class,2026-12-07,US-2026-135860
Standard Class,2026-12-05,US-2026-118542
Second Class,2026-12-03,US-2026-163139
Standard Class,2026-12-05,US-2026-144862
Standard Class,2026-12-07,US-2026-135860
Standard Class,2026-12-05,US-2026-122539
Standard Class,2026-12-08,US-2026-138618
Standard Class,2026-12-08,US-2026-166926
Standard Class,2026-12-06,US-2026-143245
Standard Class,2026-12-05,US-2026-118542
Standard Class,2026-12-07,US-2026-135860
First Class,2026-12-04,US-2026-127313
Standard Class,2026-12-07,US-2026-135860
Standard Class,2026-12-06,US-2026-101805
Second Class,2026-12-03,US-2026-163139
Second Class,2026-12-03,US-2026-163139
Standard Class,2026-12-05,US-2026-145233
Standard Class,2026-12-05,US-2026-144862
Standard Class,2026-12-05,US-2026-145233
Standard Class,2026-12-07,US-2026-135860
Standard Class,2026-12-05,US-2026-113355
Standard Class,2026-12-05,US-2026-145233
Standard Class,2026-12-06,US-2026-112347
First Class,2026-12-05,US-2026-143756
Standard Class,2026-12-06,US-2026-112347
Standard Class,2026-12-06,US-2026-102379
Standard Class,2026-12-06,US-2026-112347
Second Class,2026-12-04,US-2026-147221
First Class,2026-12-04,US-2026-167395
Second Class,2026-12-04,US-2026-147221
Same Day,2026-12-03,US-2026-109701
Standard Class,2026-12-09,US-2026-104108
First Class,2026-12-05,US-2026-108063
Standard Class,2026-12-07,US-2026-157469
Same Day,2026-12-03,US-2026-109701
Standard Class,2026-12-08,US-2026-165715
Standard Class,2026-12-06,US-2026-102379
Standard Class,2026-12-07,US-2026-164917
Same Day,2026-12-03,US-2026-109701
Same Day,2026-12-02,US-2026-147767
Standard Class,2026-12-06,US-2026-155089
Standard Class,2026-12-09,US-2026-155075
Standard Class,2026-12-06,US-2026-112347
Same Day,2026-12-03,US-2026-109701
Same Day,2026-12-03,US-2026-109701
First Class,2026-12-05,US-2026-116715
First Class,2026-12-05,US-2026-116715
Standard Class,2026-12-06,US-2026-112347
First Class,2026-12-05,US-2026-116715
First Class,2026-12-04,US-2026-167395
Standard Class,2026-12-06,US-2026-112347
Standard Class,2026-12-06,US-2026-102379
Standard Class,2026-12-06,US-2026-160885
Standard Class,2026-12-07,US-2026-157469
Standard Class,2026-12-06,US-2026-112347
First Class,2026-12-04,US-2026-167395
Standard Class,2026-12-06,CA-2026-105471
Standard Class,2026-12-06,CA-2026-106541
Standard Class,2026-12-06,CA-2026-145612
Standard Class,2026-12-08,US-2026-103415
Second Class,2026-12-06,US-2026-118017
Second Class,2026-12-06,US-2026-118017
Second Class,2026-12-06,US-2026-118017
Second Class,2026-12-07,US-2026-143126
Standard Class,2026-12-10,US-2026-149510
Second Class,2026-12-06,US-2026-118017
Standard Class,2026-12-09,US-2026-148691
Standard Class,2026-12-09,US-2026-148691
Standard Class,2026-12-10,US-2026-149510
Standard Class,2026-12-09,US-2026-148691
Same Day,2026-12-03,US-2026-136875
Standard Class,2026-12-10,US-2026-149510
Second Class,2026-12-06,US-2026-118017
First Class,2026-12-06,US-2026-123071
Second Class,2026-12-06,US-2026-118017
Second Class,2026-12-05,US-2026-128699
Second Class,2026-12-06,US-2026-118017
Second Class,2026-12-06,US-2026-118017
Standard Class,2026-12-09,US-2026-148691
Same Day,2026-12-04,US-2026-139773
Standard Class,2026-12-10,US-2026-118003
Standard Class,2026-12-09,US-2026-117667
Standard Class,2026-12-10,US-2026-118003
First Class,2026-12-05,US-2026-147550
Standard Class,2026-12-10,US-2026-118003
Standard Class,2026-12-09,US-2026-117667
Standard Class,2026-12-09,US-2026-117667
Standard Class,2026-12-08,US-2026-107384
Standard Class,2026-12-08,US-2026-156412
Second Class,2026-12-07,US-2026-160031
First Class,2026-12-06,US-2026-153227
Standard Class,2026-12-09,US-2026-117667
Standard Class,2026-12-09,US-2026-152660
Standard Class,2026-12-09,US-2026-117667
Standard Class,2026-12-08,US-2026-107384
Standard Class,2026-12-08,US-2026-107384
Standard Class,2026-12-09,US-2026-109183
Standard Class,2026-12-09,CA-2026-119508
Standard Class,2026-12-09,CA-2026-119508
Standard Class,2026-12-11,US-2026-105235
Standard Class,2026-12-11,US-2026-105235
First Class,2026-12-08,US-2026-126053
First Class,2026-12-06,US-2026-156958
Standard Class,2026-12-11,US-2026-105235
First Class,2026-12-08,US-2026-130351
Standard Class,2026-12-09,US-2026-131212
First Class,2026-12-06,US-2026-156958
First Class,2026-12-06,US-2026-156958
Standard Class,2026-12-09,US-2026-131212
First Class,2026-12-06,US-2026-156958
Second Class,2026-12-08,US-2026-117128
First Class,2026-12-08,US-2026-126053
Second Class,2026-12-08,US-2026-117128
First Class,2026-12-08,US-2026-130351
Second Class,2026-12-07,US-2026-126865
Standard Class,2026-12-10,US-2026-104066
First Class,2026-12-08,US-2026-130351
First Class,2026-12-06,US-2026-156958
Second Class,2026-12-08,US-2026-149006
Standard Class,2026-12-11,US-2026-136189
Standard Class,2026-12-12,US-2026-135587
Standard Class,2026-12-13,US-2026-122714
Standard Class,2026-12-12,US-2026-134285
Standard Class,2026-12-12,US-2026-134285
Standard Class,2026-12-14,US-2026-142328
Standard Class,2026-12-12,US-2026-135587
First Class,2026-12-09,US-2026-157980
First Class,2026-12-10,US-2026-137099
Standard Class,2026-12-12,US-2026-117457
Standard Class,2026-12-13,US-2026-117324
Standard Class,2026-12-15,US-2026-167570
Standard Class,2026-12-12,US-2026-117457
First Class,2026-12-09,US-2026-148264
Second Class,2026-12-10,US-2026-145226
Standard Class,2026-12-12,US-2026-117457
Second Class,2026-12-12,US-2026-117926
Standard Class,2026-12-13,US-2026-117324
First Class,2026-12-11,US-2026-131961
Standard Class,2026-12-14,US-2026-108854
Standard Class,2026-12-14,US-2026-108854
Standard Class,2026-12-13,US-2026-117324
Standard Class,2026-12-12,US-2026-117457
Standard Class,2026-12-12,US-2026-117457
Standard Class,2026-12-13,US-2026-117324
Standard Class,2026-12-12,US-2026-117457
Standard Class,2026-12-14,US-2026-108854
Second Class,2026-12-10,US-2026-145226
First Class,2026-12-09,US-2026-148264
Standard Class,2026-12-12,US-2026-117457
Second Class,2026-12-10,US-2026-152436
Standard Class,2026-12-14,US-2026-108854
Second Class,2026-12-10,US-2026-145226
First Class,2026-12-09,US-2026-148264
Second Class,2026-12-10,US-2026-145226
Standard Class,2026-12-12,US-2026-117457
Standard Class,2026-12-13,US-2026-117324
Standard Class,2026-12-12,US-2026-117457
First Class,2026-12-11,US-2026-131961
Second Class,2026-12-11,US-2026-141201
Standard Class,2026-12-13,US-2026-139199
First Class,2026-12-11,US-2026-118038
Second Class,2026-12-13,US-2026-102407
Second Class,2026-12-12,US-2026-167920
Second Class,2026-12-13,US-2026-102407
Second Class,2026-12-13,US-2026-102407
Second Class,2026-12-11,US-2026-109960
Standard Class,2026-12-15,US-2026-148012
Standard Class,2026-12-15,US-2026-102659
Standard Class,2026-12-13,US-2026-139402
Standard Class,2026-12-15,US-2026-132927
Second Class,2026-12-11,US-2026-109960
Second Class,2026-12-12,US-2026-167920
Standard Class,2026-12-13,US-2026-139199
First Class,2026-12-11,US-2026-118038
Standard Class,2026-12-15,US-2026-129833
Second Class,2026-12-12,US-2026-167920
Standard Class,2026-12-13,US-2026-145366
Second Class,2026-12-12,US-2026-167920
Second Class,2026-12-11,US-2026-109960
Standard Class,2026-12-15,US-2026-129833
Standard Class,2026-12-16,US-2026-103814
Standard Class,2026-12-13,US-2026-139199
Standard Class,2026-12-13,US-2026-139402
Standard Class,2026-12-14,US-2026-109715
First Class,2026-12-11,US-2026-118038
Standard Class,2026-12-13,US-2026-145366
Second Class,2026-12-12,US-2026-167920
Second Class,2026-12-12,US-2026-167920
Second Class,2026-12-11,US-2026-109960
Second Class,2026-12-12,US-2026-167920
Standard Class,2026-12-14,US-2026-108329
Standard Class,2026-12-13,CA-2026-141082
Standard Class,2026-12-13,CA-2026-141082
First Class,2026-12-13,US-2026-110149
First Class,2026-12-12,US-2026-158967
Standard Class,2026-12-15,US-2026-135503
First Class,2026-12-12,US-2026-143798
Second Class,2026-12-14,US-2026-148446
Same Day,2026-12-10,US-2026-152695
Second Class,2026-12-12,US-2026-140907
First Class,2026-12-13,US-2026-110149
Standard Class,2026-12-17,US-2026-167150
Standard Class,2026-12-17,US-2026-167150
Second Class,2026-12-15,US-2026-148922
Same Day,2026-12-10,US-2026-108294
Same Day,2026-12-10,US-2026-152695
First Class,2026-12-12,US-2026-143798
Second Class,2026-12-12,US-2026-107748
Second Class,2026-12-12,US-2026-140907
Second Class,2026-12-15,US-2026-148922
Standard Class,2026-12-14,US-2026-157651
Second Class,2026-12-12,US-2026-140907
Second Class,2026-12-15,US-2026-148922
Second Class,2026-12-12,US-2026-107748
Standard Class,2026-12-15,CA-2026-124626
Standard Class,2026-12-17,US-2026-168389
Standard Class,2026-12-17,US-2026-160759
Same Day,2026-12-11,US-2026-162565
Same Day,2026-12-11,US-2026-162565
Standard Class,2026-12-17,US-2026-168389
First Class,2026-12-13,US-2026-165099
Standard Class,2026-12-17,US-2026-153871
Standard Class,2026-12-17,US-2026-168389
Standard Class,2026-12-15,US-2026-101798
Second Class,2026-12-14,US-2026-142776
Standard Class,2026-12-15,US-2026-100230
Standard Class,2026-12-17,US-2026-153871
Standard Class,2026-12-17,US-2026-153871
Second Class,2026-12-14,US-2026-142776
First Class,2026-12-13,US-2026-125213
Same Day,2026-12-11,US-2026-162565
Standard Class,2026-12-15,US-2026-100230
First Class,2026-12-12,US-2026-149706
Standard Class,2026-12-15,US-2026-101798
Standard Class,2026-12-18,US-2026-129581
Standard Class,2026-12-17,US-2026-168389
Standard Class,2026-12-15,US-2026-100230
Standard Class,2026-12-18,US-2026-135377
Standard Class,2026-12-18,US-2026-122770
Standard Class,2026-12-18,US-2026-122770
Standard Class,2026-12-18,US-2026-122770
Standard Class,2026-12-18,US-2026-122770
Same Day,2026-12-13,US-2026-107986
Same Day,2026-12-14,US-2026-107629
Standard Class,2026-12-20,US-2026-122595
Same Day,2026-12-14,US-2026-107629
Standard Class,2026-12-18,US-2026-169859
Standard Class,2026-12-19,US-2026-113992
Standard Class,2026-12-18,US-2026-151799
Same Day,2026-12-14,US-2026-107629
Standard Class,2026-12-18,US-2026-169859
Standard Class,2026-12-18,US-2026-169859
Standard Class,2026-12-18,US-2026-151799
Standard Class,2026-12-18,US-2026-151799
Standard Class,2026-12-18,US-2026-151799
Standard Class,2026-12-20,US-2026-122595
Standard Class,2026-12-20,US-2026-147333
Standard Class,2026-12-20,US-2026-147333
Same Day,2026-12-14,US-2026-107629
Standard Class,2026-12-18,US-2026-151799
Standard Class,2026-12-20,US-2026-122595
Standard Class,2026-12-18,CA-2026-151799
Standard Class,2026-12-18,CA-2026-151799
Standard Class,2026-12-18,CA-2026-151799
Standard Class,2026-12-18,CA-2026-151799
Standard Class,2026-12-18,CA-2026-151799
Standard Class,2026-12-20,US-2026-119564
Standard Class,2026-12-19,US-2026-154116
Standard Class,2026-12-19,US-2026-136063
Standard Class,2026-12-19,US-2026-154116
Standard Class,2026-12-19,US-2026-154116
Standard Class,2026-12-22,CA-2026-135480
Standard Class,2026-12-22,CA-2026-135480
Second Class,2026-12-21,US-2026-137428
Second Class,2026-12-21,US-2026-137428
Second Class,2026-12-21,US-2026-137428
Second Class,2026-12-20,US-2026-137463
Standard Class,2026-12-23,US-2026-104381
Second Class,2026-12-21,US-2026-137428
Second Class,2026-12-20,US-2026-137463
Standard Class,2026-12-20,US-2026-111808
Second Class,2026-12-20,US-2026-137463
Second Class,2026-12-21,US-2026-161578
Second Class,2026-12-21,US-2026-161578
Second Class,2026-12-20,US-2026-137463
Second Class,2026-12-20,US-2026-137463
Standard Class,2026-12-21,US-2026-116855
Standard Class,2026-12-23,US-2026-103443
Second Class,2026-12-21,US-2026-116701
First Class,2026-12-20,US-2026-106964
Standard Class,2026-12-21,US-2026-133431
Standard Class,2026-12-23,US-2026-103443
Standard Class,2026-12-22,US-2026-107342
Standard Class,2026-12-21,US-2026-133431
Standard Class,2026-12-21,US-2026-155362
Standard Class,2026-12-21,US-2026-120936
Standard Class,2026-12-23,US-2026-103443
Standard Class,2026-12-21,US-2026-130309
Standard Class,2026-12-21,US-2026-120936
Second Class,2026-12-23,US-2026-140585
Standard Class,2026-12-24,US-2026-115602
Standard Class,2026-12-23,US-2026-105886
Standard Class,2026-12-24,US-2026-143252
Standard Class,2026-12-24,US-2026-115602
Standard Class,2026-12-23,US-2026-156664
Standard Class,2026-12-24,US-2026-115602
First Class,2026-12-20,US-2026-108287
Standard Class,2026-12-24,US-2026-115602
Standard Class,2026-12-24,US-2026-158736
Standard Class,2026-12-22,US-2026-164000
First Class,2026-12-19,US-2026-102099
Second Class,2026-12-23,US-2026-140585
Standard Class,2026-12-23,US-2026-156664
Standard Class,2026-12-23,US-2026-156664
First Class,2026-12-19,US-2026-102099
Standard Class,2026-12-23,US-2026-156664
First Class,2026-12-19,US-2026-102099
Standard Class,2026-12-24,US-2026-143252
Second Class,2026-12-23,US-2026-140585
Standard Class,2026-12-23,US-2026-116946
Standard Class,2026-12-23,US-2026-116946
Second Class,2026-12-24,US-2026-128160
Standard Class,2026-12-23,US-2026-116946
First Class,2026-12-21,US-2026-158729
Standard Class,2026-12-26,US-2026-102197
Standard Class,2026-12-26,US-2026-105480
Standard Class,2026-12-26,US-2026-102197
Standard Class,2026-12-26,US-2026-105480
Standard Class,2026-12-26,US-2026-102197
Second Class,2026-12-22,CA-2026-126634
Same Day,2026-12-21,US-2026-137456
Standard Class,2026-12-25,US-2026-163405
Standard Class,2026-12-25,US-2026-163405
Second Class,2026-12-26,US-2026-107461
Standard Class,2026-12-28,US-2026-165841
Standard Class,2026-12-25,US-2026-138380
Standard Class,2026-12-27,US-2026-144827
Standard Class,2026-12-27,US-2026-106782
Standard Class,2026-12-28,US-2026-165841
First Class,2026-12-24,US-2026-109589
Standard Class,2026-12-28,US-2026-165841
Second Class,2026-12-27,US-2026-119578
First Class,2026-12-25,US-2026-120376
Standard Class,2026-12-26,US-2026-100412
Standard Class,2026-12-28,US-2026-150910
Second Class,2026-12-25,US-2026-142909
First Class,2026-12-25,US-2026-120376
Standard Class,2026-12-26,US-2026-146164
Standard Class,2026-12-27,US-2026-155376
Standard Class,2026-12-28,US-2026-150910
Standard Class,2026-12-26,US-2026-115931
Standard Class,2026-12-28,US-2026-150910
First Class,2026-12-24,US-2026-119193
Standard Class,2026-12-26,US-2026-104927
Second Class,2026-12-24,US-2026-145310
Standard Class,2026-12-26,US-2026-115931
Standard Class,2026-12-26,US-2026-104927
Standard Class,2026-12-26,US-2026-104927
Standard Class,2026-12-26,US-2026-115931
Standard Class,2026-12-28,US-2026-150910
Standard Class,2026-12-26,US-2026-146164
Second Class,2026-12-27,US-2026-119578
First Class,2026-12-24,US-2026-149699
First Class,2026-12-25,US-2026-120376
Standard Class,2026-12-28,US-2026-150910
First Class,2026-12-25,US-2026-120376
Standard Class,2026-12-26,US-2026-115931
First Class,2026-12-24,US-2026-119193
Standard Class,2026-12-27,US-2026-140627
Standard Class,2026-12-30,US-2026-110625
Standard Class,2026-12-27,US-2026-127929
Second Class,2026-12-25,US-2026-121216
Standard Class,2026-12-27,US-2026-140627
Same Day,2026-12-23,US-2026-123463
Second Class,2026-12-25,US-2026-117443
Second Class,2026-12-28,US-2026-162670
Second Class,2026-12-28,US-2026-162670
Second Class,2026-12-25,US-2026-117443
Second Class,2026-12-25,US-2026-121216
Second Class,2026-12-28,US-2026-162670
Second Class,2026-12-28,US-2026-162670
Standard Class,2026-12-27,US-2026-140627
Second Class,2026-12-28,US-2026-162670
Standard Class,2026-12-31,US-2026-128734
Standard Class,2026-12-28,US-2026-124296
Standard Class,2026-12-28,US-2026-169978
Standard Class,2026-12-29,US-2026-169411
Standard Class,2026-12-31,US-2026-128734
Standard Class,2026-12-29,US-2026-117933
Standard Class,2026-12-28,US-2026-148355
First Class,2026-12-25,US-2026-145219
Standard Class,2026-12-30,US-2026-163671
Standard Class,2026-12-28,US-2026-169978
Standard Class,2026-12-29,US-2026-154935
Standard Class,2026-12-28,US-2026-148355
First Class,2026-12-27,US-2026-121195
Standard Class,2026-12-31,US-2026-147956
First Class,2026-12-25,US-2026-145219
Standard Class,2026-12-28,US-2026-124296
Standard Class,2026-12-29,US-2026-161480
Second Class,2026-12-28,US-2026-163510
Standard Class,2026-12-30,US-2026-146780
First Class,2026-12-28,US-2026-105620
Standard Class,2026-12-30,US-2026-147669
Standard Class,2027-01-01,US-2026-134194
Standard Class,2026-12-30,US-2026-147669
Standard Class,2027-01-01,US-2026-134194
Standard Class,2027-01-01,US-2026-134194
Standard Class,2026-12-29,US-2026-121398
Standard Class,2026-12-29,US-2026-162880
Standard Class,2027-01-01,US-2026-134194
Standard Class,2026-12-30,US-2026-147669
Second Class,2026-12-29,US-2026-114055
Second Class,2026-12-29,US-2026-114055
Second Class,2026-12-29,US-2026-114055
Second Class,2026-12-28,US-2026-163510
Standard Class,2026-12-29,US-2026-121398
Standard Class,2027-01-01,US-2026-134194
Standard Class,2026-12-30,US-2026-147669
Standard Class,2026-12-29,US-2026-108756
First Class,2026-12-28,US-2026-105620
Second Class,2026-12-29,US-2026-114055
Standard Class,2026-12-30,US-2026-112487
Standard Class,2027-01-01,US-2026-106705
Standard Class,2027-01-01,US-2026-136238
Same Day,2026-12-26,US-2026-121741
Same Day,2026-12-27,US-2026-134404
Same Day,2026-12-27,US-2026-134404
Standard Class,2027-01-01,US-2026-136539
First Class,2026-12-31,US-2026-101322
Standard Class,2027-01-01,US-2026-163860
Standard Class,2027-01-02,US-2026-129805
Standard Class,2027-01-01,US-2026-163860
Standard Class,2027-01-01,US-2026-163860
Standard Class,2027-01-01,US-2026-136539
Standard Class,2027-01-02,US-2026-135111
Standard Class,2027-01-04,US-2026-164826
Second Class,2026-12-31,US-2026-162068
Standard Class,2027-01-01,US-2026-163860
Standard Class,2027-01-02,US-2026-135111
Standard Class,2027-01-04,US-2026-164826
Standard Class,2027-01-04,US-2026-164826
Standard Class,2027-01-01,US-2026-122798
Standard Class,2027-01-03,US-2026-127516
Standard Class,2027-01-01,US-2026-122798
Second Class,2027-01-02,US-2026-163979
Standard Class,2027-01-04,US-2026-164826
Second Class,2027-01-01,US-2026-158526
Second Class,2027-01-01,US-2026-158526
Standard Class,2027-01-02,US-2026-118885
Second Class,2027-01-01,US-2026-158526
Standard Class,2027-01-05,US-2026-146626
Standard Class,2027-01-02,US-2026-130631
Second Class,2027-01-01,US-2026-158526
Second Class,2027-01-01,US-2026-158526
Standard Class,2027-01-02,US-2026-130631
First Class,2026-12-31,US-2026-102638
Standard Class,2027-01-04,US-2026-158673
Standard Class,2027-01-02,US-2026-118885
Standard Class,2027-01-05,CA-2026-146626
Standard Class,2027-01-02,CA-2026-141531
Standard Class,2027-01-02,CA-2026-141531
Standard Class,2027-01-03,US-2026-143259
Standard Class,2027-01-05,US-2026-126221
Standard Class,2027-01-03,US-2026-115427
Standard Class,2027-01-03,US-2026-143259
Standard Class,2027-01-03,US-2026-115427
Standard Class,2027-01-03,US-2026-156720
Standard Class,2027-01-03,US-2026-143259
Standard Class,2027-01-03,CA-2026-143500
