sales,profit,quantity,discount,row_id,anomaly_pred,anomaly_score
40.752,15.282,3,0.2,6372,1,0.19802614052792689
4.416,1.6008,3,0.2,6373,1,0.19707347764947802
4.344,0.8688,3,0.2,6374,1,0.19653512989316657
74.352,23.235,3,0.2,6375,1,0.19260821503431713
24.784,7.745,1,0.2,6376,1,0.16604232841622313
10.528,3.4216,4,0.2,6377,1,0.19599255771612084
6.48,3.1104,1,0.0,6378,1,0.16599032213823123
11.56,5.6644,2,0.0,6379,1,0.193797143694319
41.92,3.668,5,0.2,6380,1,0.1907497375883203
25.35,7.605,3,0.0,6381,1,0.19878100923909708
559.92,190.3728,8,0.0,6382,1,0.05509937521772479
297.576,-7.4394,3,0.2,6383,1,0.16699487522876894
88.4,11.492,4,0.0,6384,1,0.19450376537230507
94.992,-2.3748,2,0.2,6385,1,0.18863052814046205
659.9,217.767,2,0.0,6386,1,0.08582844706472154
139.96,-22.7435,5,0.2,6387,1,0.16626735913188656
33.52,3.352,2,0.2,6388,1,0.19579795035538122
657.552,49.3164,6,0.2,6389,1,0.11892368711646939
194.352,19.4352,3,0.2,6390,1,0.18141095727342188
1568.61,329.4081,9,0.0,6391,-1,-0.03767212239421236
456.588,-304.392,2,0.7,6392,-1,-0.024444864934904165
17.3,8.304,1,0.0,6393,1,0.16918559774705916
5.08,1.651,1,0.2,6394,1,0.1688182816856581
563.4,67.608,4,0.0,6395,1,0.1342688026400734
73.36,19.8072,7,0.0,6396,1,0.16495451347998186
59.976,11.9952,3,0.2,6397,1,0.1996837139839936
160.0,62.4,8,0.0,6398,1,0.1236973605172218
4499.985,-6599.978,5,0.7,6399,-1,-0.1376677577819886
319.92,118.3704,8,0.0,6400,1,0.09317709792422818
59.98,17.994,2,0.0,6401,1,0.1911161383576631
3406.664,160.3136,8,0.15,6402,-1,-0.0584425319481332
595.38,297.69,6,0.0,6403,1,0.07064086234913192
313.176,-120.0508,2,0.4,6404,1,0.05928438447972051
64.96,19.488,2,0.0,6405,1,0.1897286864726554
17.856,4.2408,4,0.2,6406,1,0.19910170323659088
37.17,10.4076,9,0.0,6407,1,0.12946148817217623
3.744,-2.6208,4,0.7,6408,1,0.10573882647292171
91.68,45.84,3,0.0,6409,1,0.1833163659839792
7.312,2.5592,2,0.2,6410,1,0.19370375640501802
78.759,-57.7566,9,0.7,6411,1,0.018718930260900324
33.75,16.875,5,0.0,6412,1,0.18963548767602367
70.98,34.7802,7,0.0,6413,1,0.15984076066974728
13.36,6.4128,2,0.0,6414,1,0.19138877239522428
59.97,14.9925,3,0.0,6415,1,0.19724954002928835
3040.0,1459.2,8,0.0,6416,-1,-0.1316830408875579
494.982,-115.4958,3,0.4,6417,1,0.059874097846306595
31.56,10.4148,3,0.0,6418,1,0.19823856667874384
331.023,-114.3534,7,0.45,6419,1,0.035316993962116405
167.292,29.7408,6,0.1,6420,1,0.14293672912311306
34.65,9.702,3,0.0,6421,1,0.19912318604551482
152.0,69.92,5,0.0,6422,1,0.1678025973407818
79.95,38.376,5,0.0,6423,1,0.18155967771183867
204.95,100.4255,5,0.0,6424,1,0.15551748683105748
25.92,12.4416,4,0.0,6425,1,0.1975154392074282
39.808,3.9808,4,0.2,6426,1,0.19953650861681643
97.984,-24.496,2,0.2,6427,1,0.17821585446211846
62.4,19.5,6,0.2,6428,1,0.17333058374085147
34.95,15.378,5,0.0,6429,1,0.191705883112594
116.76,14.595,1,0.2,6430,1,0.15667113537774013
271.992,23.7993,1,0.2,6431,1,0.12458210563865707
347.802,-24.843,7,0.3,6432,1,0.0880886090698203
182.67,52.9743,3,0.0,6433,1,0.17205673289024187
7.16,3.4368,2,0.0,6434,1,0.19232544462299067
7.434,-5.6994,6,0.7,6435,1,0.07563436855978312
6.888,-5.0512,2,0.7,6436,1,0.10572386912862686
12.672,2.6928,8,0.2,6437,1,0.13986535421406238
32.544,-7.7292,2,0.2,6438,1,0.19386473091737794
1263.3,315.825,6,0.0,6439,1,0.030395080966844956
1126.02,56.301,3,0.0,6440,1,0.07828903165403989
101.7,6.102,6,0.0,6441,1,0.17402405045184516
340.182,-73.7061,3,0.4,6442,1,0.08458997502166488
242.176,-302.72,4,0.6,6443,1,0.012280714081023714
58.416,16.7946,2,0.2,6444,1,0.1918057295460982
389.97,35.0973,3,0.0,6445,1,0.15867649441917026
33.36,16.68,4,0.0,6446,1,0.19557541068857554
13.76,6.3296,2,0.0,6447,1,0.19342678300463317
496.86,24.843,7,0.0,6448,1,0.1126865572073617
36.192,2.7144,1,0.2,6449,1,0.16901740546664762
172.5,51.75,2,0.0,6450,1,0.1666666041853881
248.43,-17.745,5,0.3,6451,1,0.13049698485735944
85.246,-1.2178,2,0.3,6452,1,0.15344913245146924
751.92,150.384,4,0.0,6453,1,0.09359314027167881
31.96,1.598,2,0.0,6454,1,0.19619546499117857
17.31,5.193,3,0.0,6455,1,0.2000824986501235
111.15,48.906,5,0.0,6456,1,0.17704653722285696
16.74,4.3524,2,0.0,6457,1,0.19825751021930815
366.009,-47.0583,3,0.3,6458,1,0.11872437853815682
901.95,297.6435,3,0.0,6459,1,0.052909039502682886
2104.55,694.5015,7,0.0,6460,-1,-0.07962057839032677
11.648,-30.8672,4,0.8,6461,1,0.06331038341065387
4.704,0.4116,2,0.2,6462,1,0.193994707517199
23.04,6.912,8,0.0,6463,1,0.14346119751536562
88.08,40.5168,6,0.0,6464,1,0.16612938716415077
22.92,11.2308,3,0.0,6465,1,0.1979804092938907
47.9,22.992,1,0.0,6466,1,0.15799863775451312
23.92,11.7208,4,0.0,6467,1,0.1970979922490757
1112.94,222.588,3,0.0,6468,1,0.06424299268133216
40.7,11.803,5,0.0,6469,1,0.1920184957338253
137.94,35.8644,3,0.0,6470,1,0.1798036493963649
863.928,86.3928,9,0.2,6471,1,0.05539516793700483
179.97,44.9925,3,0.0,6472,1,0.1741949069798448
781.864,-137.976,10,0.32,6473,-1,-0.014699343699335454
14.52,5.6628,3,0.0,6474,1,0.19798073135698463
72.42,23.8986,6,0.0,6475,1,0.17532724670869115
59.7,26.865,3,0.0,6476,1,0.19509757711985887
104.184,33.8598,3,0.2,6477,1,0.18986348615699822
115.84,54.4448,8,0.0,6478,1,0.12928533292598016
24.704,9.264,2,0.2,6479,1,0.19401968964988625
35.232,11.4504,3,0.2,6480,1,0.20152978514025544
415.176,134.9322,3,0.2,6481,1,0.12439015017461125
54.96,26.9304,1,0.0,6482,1,0.15346156756209484
25.92,12.4416,4,0.0,6483,1,0.19792307930701653
40.46,19.8254,7,0.0,6484,1,0.16532268075396617
30.816,9.63,9,0.2,6485,1,0.1338270780390478
2079.4,582.232,5,0.0,6486,-1,-0.05654463988784009
33.87,8.8062,3,0.0,6487,1,0.2013239284660212
165.6,-6.21,3,0.2,6488,1,0.18687929518011537
629.95,176.386,5,0.0,6489,1,0.09763638554423854
58.36,-24.803,5,0.6,6490,1,0.08125179274226779
39.96,-20.976,5,0.6,6491,1,0.08620263117648902
16.464,2.4406,7,0.2,6492,1,0.161122618781869
205.666,-12.098,2,0.15,6493,1,0.156026516823353
542.646,102.4998,3,0.1,6494,1,0.10111639357636215
29.98,8.0946,1,0.0,6495,1,0.1661173501247929
111.9,51.474,6,0.0,6496,1,0.16332928552124382
400.032,-153.3456,2,0.4,6497,1,0.043901384077308814
268.704,6.7176,3,0.2,6498,1,0.17421062962177952
581.96,104.7528,2,0.0,6499,1,0.1070721953181702
394.816,93.7688,4,0.2,6500,1,0.1414839637824054
21.92,5.9184,8,0.0,6501,1,0.14341778126481058
18.192,-14.5536,4,0.7,6502,1,0.0984741223604092
6.3,3.024,2,0.0,6503,1,0.19247143627145846
182.72,84.0512,8,0.0,6504,1,0.11730178353249432
48.72,7.308,3,0.0,6505,1,0.1997592693788769
772.68,108.1752,4,0.0,6506,1,0.09344079700671798
33.63,10.089,3,0.0,6507,1,0.1991946260544299
1649.95,659.98,5,0.0,6508,-1,-0.03033310325872174
113.79,20.4822,3,0.0,6509,1,0.19078250233666405
15.528,5.823,3,0.2,6510,1,0.19957425617693458
1.728,0.6048,1,0.2,6511,1,0.1664476648879351
104.85,50.328,1,0.0,6512,1,0.13685502697757856
40.56,19.8744,4,0.0,6513,1,0.19590869988318727
193.86,11.6316,2,0.0,6514,1,0.17342645846655175
182.94,3.6588,3,0.0,6515,1,0.17761736295834368
212.88,0.0,6,0.0,6516,1,0.1579840419816364
78.15,34.386,1,0.0,6517,1,0.15030872616049823
25.08,9.03,6,0.0,6518,1,0.1784281553267787
16.9,6.25,5,0.0,6519,1,0.19210615978584955
81.94,20.485,1,0.0,6520,1,0.1542120007239728
1951.84,585.552,8,0.0,6521,-1,-0.08141114601413457
13.4,6.432,1,0.0,6522,1,0.16248473027895527
191.82,74.8098,3,0.0,6523,1,0.16922334493274876
33.92,13.2288,8,0.0,6524,1,0.14596457768181126
3.536,0.3094,2,0.2,6525,1,0.1945564480315084
171.55,80.6285,5,0.0,6526,1,0.1710538113268174
407.976,132.5922,3,0.2,6527,1,0.12530937034063677
109.69,51.5543,7,0.0,6528,1,0.15285622671225435
11.952,3.8844,3,0.2,6529,1,0.1967096878659737
4.98,2.3406,1,0.0,6530,1,0.16454405003199857
584.82,70.1784,9,0.0,6531,1,0.06083567438090964
465.18,120.9468,3,0.0,6532,1,0.13513878656373945
384.45,103.8015,11,0.0,6533,1,0.05501014717971342
699.98,195.9944,2,0.0,6534,1,0.08141383816157505
149.97,5.9988,3,0.0,6535,1,0.18584840245857315
18.69,5.2332,7,0.0,6536,1,0.16570896333277962
47.208,15.3426,7,0.2,6537,1,0.16188104352751798
59.808,19.4376,3,0.2,6538,1,0.1973647289705346
222.352,77.8232,13,0.2,6539,1,0.017609199921358787
437.472,153.1152,14,0.2,6540,-1,-0.02071715998094592
13.376,4.6816,4,0.2,6541,1,0.19593327400865945
968.744,314.8418,7,0.2,6542,1,0.022698873321509883
35.89,16.1505,1,0.0,6543,1,0.1624079920290925
13.86,0.0,7,0.0,6544,1,0.1626067009400129
189.7,89.159,5,0.0,6545,1,0.1649467954024887
13.36,6.4128,2,0.0,6546,1,0.19117385960638306
248.08,116.5976,7,0.0,6547,1,0.12172534693644216
19.44,9.3312,3,0.0,6548,1,0.19980323046966558
479.984,89.997,2,0.2,6549,1,0.12569931805341317
156.792,13.7193,1,0.2,6550,1,0.14869399444094616
249.584,31.198,2,0.2,6551,1,0.168013339586834
431.976,26.9985,3,0.2,6552,1,0.15629199890909828
271.96,27.196,5,0.2,6553,1,0.16537087907083392
405.86,32.4688,7,0.0,6554,1,0.1278797953708708
680.01,176.8026,3,0.0,6555,1,0.09433474817839171
190.92,-147.963,5,0.6,6556,1,0.03470523353791999
1421.664,-195.4788,6,0.2,6557,1,0.010377851011849959
8.56,2.4824,2,0.0,6558,1,0.1924558659882702
12.957,-9.5018,7,0.7,6559,1,0.06696685247374579
10.584,3.4398,3,0.2,6560,1,0.19651821868181152
45.36,21.7728,7,0.0,6561,1,0.16510265657077206
34.05,9.534,3,0.0,6562,1,0.20005669473295457
352.38,81.0474,2,0.0,6563,1,0.14676920442754732
68.112,17.8794,3,0.2,6564,1,0.19920920465404202
16.56,-2.484,3,0.2,6565,1,0.20122617344751548
249.584,31.198,2,0.2,6566,1,0.168013339586834
114.95,2.299,5,0.0,6567,1,0.1867360745070492
1097.544,123.4737,7,0.2,6568,1,0.05332403189271362
79.974,-29.3238,3,0.4,6569,1,0.12984718271198192
1056.86,158.529,7,0.0,6570,1,0.041348053147703734
60.34,15.6884,7,0.0,6571,1,0.16696614012156424
61.929,23.3954,1,0.1,6572,1,0.13752607596270539
4.356,-11.7612,2,0.8,6573,1,0.07232355393043277
19.46,5.0596,7,0.0,6574,1,0.165279382050744
9.328,0.8162,1,0.2,6575,1,0.16865526382314588
273.92,99.296,8,0.2,6576,1,0.0951555380714788
2.946,-2.0622,2,0.7,6577,1,0.1045167477272238
3.69,1.7343,1,0.0,6578,1,0.16313039350546327
122.12,56.1752,4,0.0,6579,1,0.17908456726255728
9.392,3.2872,2,0.2,6580,1,0.19234567080094916
20.568,1.5426,3,0.2,6581,1,0.20019782015077703
19.04,-1.428,4,0.2,6582,1,0.19876799996279937
59.98,25.1916,2,0.0,6583,1,0.18669686944811714
40.68,-9.153,3,0.2,6584,1,0.19452596741293743
10.9,3.052,1,0.0,6585,1,0.16410875580766532
79.974,-29.3238,3,0.4,6586,1,0.13015010586315978
2.946,-2.0622,2,0.7,6587,1,0.1045167477272238
321.568,28.1372,2,0.2,6588,1,0.15907569332876753
1424.9,356.225,5,0.0,6589,1,0.032116210211864726
35.1,12.285,3,0.0,6590,1,0.19881589642622383
65.34,22.869,3,0.0,6591,1,0.19687320971685013
153.552,51.8238,3,0.2,6592,1,0.1733941489563921
679.96,220.987,5,0.2,6593,1,0.0869383392473922
361.92,162.864,4,0.0,6594,1,0.12482765010825314
80.28,36.9288,12,0.0,6595,1,0.06502267408749052
62.82,29.5254,9,0.0,6596,1,0.12642428836775915
123.92,55.764,4,0.0,6597,1,0.17908456726255728
18.54,8.7138,2,0.0,6598,1,0.19524549855292422
6.48,3.1104,1,0.0,6599,1,0.1660308193381863
80.58,22.5624,6,0.0,6600,1,0.17312133210297664
44.75,8.5025,5,0.0,6601,1,0.19163291296980767
99.12,35.4144,8,0.0,6602,1,0.1370524756189785
458.43,-137.529,5,0.3,6603,1,0.08032970368287418
363.92,-31.843,5,0.2,6604,1,0.14558984646499512
403.92,25.245,5,0.2,6605,1,0.1560855139873536
14.8,6.068,4,0.0,6606,1,0.19651290532169047
328.59,-147.8655,3,0.4,6607,1,0.07097485911237988
892.136,111.517,7,0.2,6608,1,0.07577317995081934
387.136,24.196,4,0.2,6609,1,0.16102956784309502
83.42,24.1918,2,0.0,6610,1,0.18219447410959794
73.536,9.192,4,0.2,6611,1,0.1956285169894484
23.32,6.0632,2,0.0,6612,1,0.19516021713566234
6.672,1.668,3,0.2,6613,1,0.19723555740037524
35.808,11.19,3,0.2,6614,1,0.19906407624475686
5.872,2.1286,2,0.2,6615,1,0.19407808010528943
122.688,39.8736,9,0.2,6616,1,0.11754107294352412
209.6,68.12,5,0.2,6617,1,0.16226757148589793
15.26,6.2566,7,0.0,6618,1,0.16187304971775335
30.98,13.941,1,0.0,6619,1,0.16263204993734948
50.22,2.0088,3,0.0,6620,1,0.19697384174524124
85.224,7.4571,3,0.2,6621,1,0.19538103883464653
64.96,-4.06,5,0.2,6622,1,0.18516700619170462
243.384,-51.7191,3,0.2,6623,1,0.15810188572443762
13.52,1.69,2,0.2,6624,1,0.1934874347826228
119.96,25.1916,4,0.0,6625,1,0.18767412454237326
316.0,31.6,4,0.0,6626,1,0.17177403416069725
119.8,29.95,5,0.2,6627,1,0.17699626016694436
300.768,30.0768,4,0.2,6628,1,0.16633086667680347
1029.95,298.6855,5,0.0,6629,1,0.051551955959720064
302.376,22.6782,3,0.2,6630,1,0.17103507534570794
33.48,8.7048,4,0.0,6631,1,0.19942518398995862
383.64,122.7648,6,0.0,6632,1,0.11893025739097923
60.35,19.9155,5,0.0,6633,1,0.18916611205732198
56.52,15.8256,3,0.0,6634,1,0.1961637436525681
11.2,4.816,7,0.0,6635,1,0.16251321786669654
13.9,3.614,5,0.0,6636,1,0.18844847625829114
18.693,-14.3313,3,0.7,6637,1,0.10434029064470324
49.12,23.0864,4,0.0,6638,1,0.19396100579858316
26.86,6.715,2,0.0,6639,1,0.19366012374594122
35.52,9.9456,4,0.0,6640,1,0.19865048453813416
249.95,19.996,5,0.0,6641,1,0.17504627470609002
383.952,76.7904,6,0.2,6642,1,0.13446566953664213
657.93,184.2204,7,0.0,6643,1,0.06813839450549852
2.21,0.6,1,0.0,6644,1,0.1571177633485843
15.52,7.45,4,0.0,6645,1,0.19550759304336696
36.44,16.4,4,0.0,6646,1,0.19527437008008958
1114.272,41.7852,4,0.2,6647,1,0.08517452313158375
9.84,3.2472,3,0.0,6648,1,0.19471947529735412
6.096,2.2098,2,0.2,6649,1,0.19405273508789211
63.88,24.9132,4,0.0,6650,1,0.19569558689061162
81.424,-9.1602,2,0.2,6651,1,0.1839510696679773
133.38,58.6872,6,0.0,6652,1,0.15696367153992313
396.92,198.46,4,0.0,6653,1,0.11805424143904031
23.12,7.803,2,0.2,6654,1,0.19397184026370495
21.48,10.5252,6,0.0,6655,1,0.17375233080449726
5.76,2.8224,2,0.0,6656,1,0.19140887442138038
14.62,6.7252,2,0.0,6657,1,0.1943451130347884
134.8,35.048,10,0.0,6658,1,0.10100214277560027
17.15,4.6305,1,0.0,6659,1,0.16971967454882292
14.76,4.2804,2,0.0,6660,1,0.19581980829991702
1652.94,231.4116,3,0.0,6661,1,0.029498711800655886
564.195,-304.6653,3,0.5,6662,-1,-0.010456632081580541
87.168,8.7168,2,0.2,6663,1,0.1891414597839804
2.214,-1.476,3,0.7,6664,1,0.1093395905726458
19.44,9.3312,3,0.0,6665,1,0.19879625858965821
296.37,80.0199,3,0.0,6666,1,0.1626025666044688
68.46,20.538,2,0.0,6667,1,0.18871132940404373
19.6,9.604,5,0.0,6668,1,0.19148346348611123
563.92,7.049,5,0.2,6669,1,0.13337040458970656
34.944,3.0576,3,0.2,6670,1,0.19919070015304152
4.788,-7.9002,3,0.8,6671,1,0.08001621235454331
3.68,1.8032,2,0.0,6672,1,0.1901176335298333
21.21,4.4541,7,0.0,6673,1,0.1649732962435051
2003.52,-325.572,6,0.2,6674,-1,-0.03746992036613561
9892.74,4946.37,13,0.0,6675,-1,-0.19685970654028362
11.416,3.8529,1,0.2,6676,1,0.16748693295923167
13.488,4.3836,2,0.2,6677,1,0.19145933714807079
51.84,18.144,10,0.2,6678,1,0.0994369844223818
46.53,13.0284,3,0.0,6679,1,0.19878625525890797
165.6,-6.21,3,0.2,6680,1,0.18688536417618917
563.94,112.788,3,0.0,6681,1,0.12108483394290942
18.84,6.0288,3,0.0,6682,1,0.19923230287174293
39.92,11.1776,4,0.0,6683,1,0.19822993467500738
183.84,62.5056,8,0.0,6684,1,0.12437400711053681
377.45,-264.215,5,0.5,6685,1,0.01149439730960966
194.528,24.316,2,0.2,6686,1,0.17283027777341126
18.688,2.336,4,0.2,6687,1,0.19828757649173212
254.058,-169.372,7,0.7,6688,-1,-0.0031269283083513733
1793.98,843.1706,2,0.0,6689,-1,-0.07393222282015655
45.24,-30.16,4,0.7,6690,1,0.08588836607350997
15.936,5.1792,4,0.2,6691,1,0.19571946966935488
11.648,3.7856,2,0.2,6692,1,0.19258879852729932
38.88,18.6624,6,0.0,6693,1,0.17427949696223471
900.08,117.0104,4,0.0,6694,1,0.08242857969601375
961.48,-204.3145,5,0.2,6695,1,0.050432784961723987
579.3,28.965,5,0.0,6696,1,0.1308062404446289
112.776,-8.4582,3,0.2,6697,1,0.19431744633053732
72.64,21.792,2,0.0,6698,1,0.1860017049582548
772.47,146.7693,3,0.0,6699,1,0.09395163946678692
66.976,6.6976,7,0.2,6700,1,0.16167727192995596
28.68,-7.17,3,0.2,6701,1,0.19489691873158005
303.92,-30.392,5,0.2,6702,1,0.15255805887544732
455.97,-218.8656,6,0.5,6703,1,0.0019436943419556263
3.52,1.0208,2,0.0,6704,1,0.1877540966921602
10.44,-7.656,6,0.7,6705,1,0.07370833405262234
34.248,11.5587,3,0.2,6706,1,0.19888796541340092
1.8,-2.88,5,0.8,6707,1,0.06417195881675697
5.214,-4.1712,2,0.7,6708,1,0.10395119971356265
18.92,7.3788,4,0.0,6709,1,0.1973108264692085
15.42,6.939,2,0.0,6710,1,0.19457602722733558
33.9,15.594,5,0.0,6711,1,0.19085531653550053
66.3,8.619,3,0.0,6712,1,0.19869337765956313
842.72,202.2528,8,0.0,6713,1,0.020762283927894476
41.96,10.9096,2,0.0,6714,1,0.19270894430906504
11.84,3.108,4,0.2,6715,1,0.19642770940355075
22.784,4.8416,1,0.2,6716,1,0.17070902429470897
31.32,-25.056,10,0.7,6717,1,0.01690936230536466
55.36,19.376,4,0.2,6718,1,0.19318763491873442
25.584,8.9544,2,0.2,6719,1,0.19059191039815176
11.56,3.757,1,0.2,6720,1,0.16785509414976713
141.372,-14.1372,2,0.3,6721,1,0.1454272828768095
2.328,-0.7566,2,0.6,6722,1,0.1048596302212822
572.76,166.1004,6,0.0,6723,1,0.09188172967229152
286.38,83.0502,3,0.0,6724,1,0.1604058004063597
4.2,1.176,2,0.0,6725,1,0.1901176335298333
8.82,2.5578,3,0.0,6726,1,0.19487393456221946
5.553,-4.0722,3,0.7,6727,1,0.10912974372433243
61.96,30.3604,2,0.0,6728,1,0.182431959067905
24.85,11.6795,7,0.0,6729,1,0.16249443942594377
45.36,14.742,9,0.2,6730,1,0.12819011600740543
7.968,2.6892,2,0.2,6731,1,0.19211789707259275
37.94,18.2112,2,0.0,6732,1,0.18934226542131766
47.9,22.992,1,0.0,6733,1,0.15821177766736705
227.28,2.2728,2,0.0,6734,1,0.17432915872865573
1117.92,55.896,4,0.0,6735,1,0.07843906495119174
1999.96,899.982,4,0.0,6736,-1,-0.08201203700687276
1499.97,-374.9925,5,0.4,6737,-1,-0.04271446413495239
287.88,35.985,3,0.2,6738,1,0.1698012833878324
453.576,39.6879,3,0.2,6739,1,0.1546794241587639
131.88,14.8365,3,0.2,6740,1,0.18566968164174413
43.96,18.4632,7,0.0,6741,1,0.1641809826751221
799.56,207.8856,9,0.0,6742,1,0.0063666920884841716
27.882,-20.4468,3,0.7,6743,1,0.10074169897584401
39.76,18.6872,7,0.0,6744,1,0.16388957395758635
33.4,16.032,5,0.0,6745,1,0.19085531653550053
540.048,-47.2542,3,0.2,6746,1,0.12470593956506554
255.68,76.704,8,0.2,6747,1,0.10830664350359465
197.97,53.4519,3,0.0,6748,1,0.17401254449670012
698.352,52.3764,3,0.2,6749,1,0.12527511011981673
2563.056,313.2624,8,0.1,6750,-1,-0.0649162040815896
866.646,173.3292,3,0.1,6751,1,0.06587733336107704
47.968,4.1972,2,0.2,6752,1,0.19243079529653273
21.12,6.5472,4,0.0,6753,1,0.1990176687262052
343.85,137.54,5,0.0,6754,1,0.1277753045966603
1747.25,629.01,5,0.0,6755,-1,-0.03412654002219595
35.445,-24.1026,1,0.5,6756,1,0.0771552730943399
313.176,-120.0508,2,0.4,6757,1,0.0634976308838705
19.89,5.3703,9,0.0,6758,1,0.1274480366000344
33.568,11.7488,2,0.2,6759,1,0.19141541259185474
45.36,21.7728,7,0.0,6760,1,0.16318170420186096
106.32,49.9704,3,0.0,6761,1,0.17896003757810441
254.24,76.272,7,0.0,6762,1,0.1413740966978106
399.98,171.9914,2,0.0,6763,1,0.11507117191986466
45.12,-7.896,3,0.2,6764,1,0.194038931723019
100.8,21.42,2,0.2,6765,1,0.1812040103342416
269.97,-386.957,2,0.7,6766,-1,-0.02186342592550916
2575.944,257.5944,7,0.2,6767,-1,-0.03699214722765676
146.352,-5.4882,3,0.2,6768,1,0.18540962409895473
212.94,25.5528,3,0.0,6769,1,0.17708798414049992
902.712,33.8517,3,0.2,6770,1,0.11559226261121375
18.72,3.51,2,0.2,6771,1,0.19691295240401546
26.49,7.4172,1,0.0,6772,1,0.16254862086569377
7.9,2.054,2,0.0,6773,1,0.19116786844127148
53.97,15.1116,3,0.0,6774,1,0.19629949337720265
11.328,2.5488,2,0.2,6775,1,0.1928186680800359
4.992,1.6848,3,0.2,6776,1,0.1964139460723897
33.9,15.594,5,0.0,6777,1,0.1906382934693775
17.76,4.9728,2,0.0,6778,1,0.19686328690241356
89.97,18.8937,3,0.0,6779,1,0.194473941058791
302.384,30.2384,2,0.2,6780,1,0.1588934722758058
22.2,10.43,5,0.0,6781,1,0.19015005208720104
845.488,-12.0784,8,0.3,6782,1,0.033846731722274814
17.184,6.2292,6,0.2,6783,1,0.17182108452117756
20.16,9.8784,7,0.0,6784,1,0.16245567395939348
2.61,1.2006,1,0.0,6785,1,0.16119924744025604
10.368,3.6288,2,0.2,6786,1,0.19173366035405687
23.68,7.4,4,0.2,6787,1,0.1972357211128457
40.0,0.5,2,0.2,6788,1,0.19321594092526118
754.45,60.356,5,0.0,6789,1,0.1106124995069841
70.56,23.9904,6,0.0,6790,1,0.17473807467515495
81.96,22.9488,2,0.0,6791,1,0.18219447410959794
11.232,3.9312,3,0.2,6792,1,0.19509093873565864
2.808,-1.9656,3,0.7,6793,1,0.10993803687525089
38.088,-27.9312,4,0.7,6794,1,0.08739220860611746
27.792,10.422,3,0.2,6795,1,0.19697951683154286
25.344,8.8704,6,0.2,6796,1,0.17136810579521172
186.048,67.4424,6,0.2,6797,1,0.1549987867841885
37.408,13.0928,7,0.2,6798,1,0.1617915743943174
14.03,4.0687,1,0.0,6799,1,0.1678224266993017
27.96,7.2696,2,0.0,6800,1,0.1927206744156828
170.786,0.0,1,0.3,6801,1,0.10812523756413345
16.52,1.652,5,0.2,6802,1,0.186941323531788
6.384,2.1546,1,0.2,6803,1,0.16992786270299504
6.924,-10.386,6,0.8,6804,1,0.0497893618865245
5.904,1.9926,2,0.2,6805,1,0.19320457760833187
72.224,25.2784,4,0.2,6806,1,0.1881913207926365
481.32,125.1432,4,0.0,6807,1,0.1296253587091153
13.712,1.0284,2,0.2,6808,1,0.19438486951586825
47.616,3.5712,3,0.2,6809,1,0.19673006783571062
3.64,1.638,2,0.0,6810,1,0.18969934485445616
159.768,53.9217,7,0.2,6811,1,0.14126307845456465
38.376,13.4316,3,0.2,6812,1,0.1970787432045994
23.48,8.218,5,0.2,6813,1,0.18744280531885943
156.512,-35.2152,4,0.2,6814,1,0.16920211667173346
302.376,22.6782,3,0.2,6815,1,0.17179077612428473
310.744,-26.6352,4,0.3,6816,1,0.12904757763313973
474.43,199.2606,11,0.0,6817,1,0.01270178364653518
141.42,-187.3815,5,0.6,6818,1,0.017365523456539966
48.896,8.5568,4,0.2,6819,1,0.19578628806402715
15.224,-38.8212,2,0.8,6820,1,0.06261507115275777
12.736,2.2288,4,0.2,6821,1,0.19531595281674918
6.47,-9.705,5,0.8,6822,1,0.06305056894488625
13.748,-22.6842,14,0.8,6823,-1,-0.047336239879551156
3.6,1.728,2,0.0,6824,1,0.18969934485445616
454.56,-107.958,5,0.2,6825,1,0.1118869284529776
913.43,-169.637,5,0.3,6826,1,0.042398626250169213
5.432,-13.58,2,0.8,6827,1,0.07196633641218353
31.744,3.968,2,0.2,6828,1,0.19354823273053168
28.854,-21.1596,6,0.7,6829,1,0.06404130739370639
15.66,-12.528,5,0.7,6830,1,0.08782225133545918
372.144,27.9108,3,0.2,6831,1,0.16228676803905745
16.59,5.8065,1,0.0,6832,1,0.16867932009161896
695.7,-27.828,2,0.5,6833,1,0.033418618947122725
9.12,3.1008,3,0.0,6834,1,0.19360840793398687
2022.272,682.5168,8,0.2,6835,-1,-0.08085966724777749
38.88,18.6624,6,0.0,6836,1,0.17381830054418196
33.74,15.5204,7,0.0,6837,1,0.16531448081003774
2.808,-1.9656,3,0.7,6838,1,0.11098853203296027
7.89,3.5505,1,0.0,6839,1,0.16512915938092798
153.78,44.5962,11,0.0,6840,1,0.08511470803188903
61.02,0.6102,3,0.0,6841,1,0.19571943823633658
110.11,31.9319,7,0.0,6842,1,0.1573162820791934
3059.982,679.996,2,0.1,6843,-1,-0.10305072118422787
892.98,80.3682,2,0.0,6844,1,0.08009244417141842
274.491,-228.7425,3,0.7,6845,1,6.120738283987848E-6
37.68,15.8256,2,0.0,6846,1,0.19150625115194686
760.98,-1141.47,5,0.8,6847,-1,-0.08436149387625413
9.78,4.89,1,0.0,6848,1,0.16310589117033192
40.08,19.2384,6,0.0,6849,1,0.1721422830792434
212.94,53.235,3,0.0,6850,1,0.1736203234248409
209.94,54.5844,6,0.0,6851,1,0.16061556448746284
32.4,15.552,5,0.0,6852,1,0.1904130688347323
4164.05,83.281,5,0.0,6853,-1,-0.0329403927440437
18.96,8.532,2,0.0,6854,1,0.19558650171986186
5.97,-4.577,5,0.7,6855,1,0.0891453927326929
2.508,-1.8392,2,0.7,6856,1,0.10561265462317265
18.336,6.6468,3,0.2,6857,1,0.1991824930879399
21.744,7.3386,1,0.2,6858,1,0.16907188761854214
2.52,0.1008,2,0.0,6859,1,0.18636909870447077
36.288,12.7008,7,0.2,6860,1,0.16212586910618149
154.9,69.705,5,0.0,6861,1,0.1654402230482636
11.34,5.5566,1,0.0,6862,1,0.16396639927819778
67.4,17.524,5,0.0,6863,1,0.18958047699851582
18.76,5.2528,2,0.0,6864,1,0.19705101983973217
168.624,14.7546,9,0.2,6865,1,0.11916833062901849
12.12,2.5452,4,0.0,6866,1,0.19707728175950828
169.064,-14.7931,7,0.2,6867,1,0.15156927746519422
159.8,70.312,4,0.0,6868,1,0.1707293482950208
67.8,1.356,4,0.0,6869,1,0.19609611722030978
111.984,6.999,2,0.2,6870,1,0.18739872078534353
7.92,0.693,5,0.2,6871,1,0.1853815743019686
34.384,3.8682,1,0.2,6872,1,0.17015879453375748
1924.16,312.676,8,0.2,6873,-1,-0.03970354469713144
21.4,6.206,5,0.0,6874,1,0.19258266597869295
4.276,-6.6278,1,0.8,6875,1,0.04718466337597038
32.784,-52.4544,4,0.8,6876,1,0.05757755697936662
12.7,5.842,2,0.0,6877,1,0.19274988045513997
62.592,13.3008,8,0.2,6878,1,0.14295792516499412
47.984,14.3952,2,0.2,6879,1,0.19087130224313836
302.67,72.6408,3,0.0,6880,1,0.16460304475442367
27.92,8.0968,4,0.0,6881,1,0.19679247349640822
399.672,-14.9877,7,0.2,6882,1,0.1266258485391108
5443.96,2504.2216,4,0.0,6883,-1,-0.14071526868879225
56.07,25.2315,7,0.0,6884,1,0.16302753591509633
6.68,2.0,2,0.0,6885,1,0.19265339873820903
887.271,-63.3765,3,0.3,6886,1,0.07680366469469213
31.968,6.3936,2,0.2,6887,1,0.19364754612325402
542.94,152.0232,3,0.0,6888,1,0.11931292570974744
2.04,0.9588,1,0.0,6889,1,0.15886593606706473
6.0,2.1,2,0.2,6890,1,0.19380841970632606
79.92,37.5624,4,0.0,6891,1,0.18494393196720688
12.28,5.7716,1,0.0,6892,1,0.16384065822734367
21.696,7.0512,4,0.2,6893,1,0.19608987601595385
429.6,-93.08,2,0.4,6894,1,0.068372849761695
207.846,2.3094,3,0.1,6895,1,0.16295574856169498
3.52,1.0208,2,0.0,6896,1,0.1879463197387602
24.2,7.986,5,0.0,6897,1,0.1918840026900619
11.52,4.176,5,0.2,6898,1,0.18505054938890736
359.976,130.4913,3,0.2,6899,1,0.1286917309672742
160.776,10.0485,3,0.2,6900,1,0.18493646341110426
84.98,18.6956,1,0.0,6901,1,0.15177363279847406
18.72,6.552,5,0.2,6902,1,0.1863675710360992
14.4,7.056,5,0.0,6903,1,0.18543207332956063
89.52,42.0744,4,0.0,6904,1,0.1832378050801332
27.936,9.4284,4,0.2,6905,1,0.1932510154292585
99.696,33.6474,6,0.2,6906,1,0.1648253745437545
35.784,-28.6272,7,0.7,6907,1,0.050120893395857236
268.576,90.6444,4,0.2,6908,1,0.14840717713279267
242.94,9.7176,3,0.0,6909,1,0.1756603536383829
348.208,30.4682,7,0.2,6910,1,0.12680781817622122
619.95,111.591,5,0.0,6911,1,0.11152747551637121
179.97,86.3856,3,0.0,6912,1,0.16230061579593769
350.973,152.0883,3,0.1,6913,1,0.1050555790845169
164.99,49.497,1,0.0,6914,1,0.12989240122445
24.3,10.45,5,0.0,6915,1,0.18894561951138278
9.48,3.79,1,0.0,6916,1,0.16318289189520574
31.4,13.19,5,0.0,6917,1,0.1903791467618744
6.48,3.11,1,0.0,6918,1,0.1642128850042454
209.5,58.66,10,0.0,6919,1,0.093678241505808
7.872,0.8856,3,0.2,6920,1,0.1924000173143448
15.12,4.914,5,0.2,6921,1,0.18413259547391964
11.96,5.382,2,0.0,6922,1,0.19194634288775114
1126.02,56.301,3,0.0,6923,1,0.07730313585245463
51.45,13.8915,3,0.0,6924,1,0.1963724850552966
2999.95,1379.977,5,0.0,6925,-1,-0.11849374286355574
210.98,21.098,2,0.0,6926,1,0.17060315254066016
19.68,6.888,5,0.2,6927,1,0.18667073319680944
4.938,-3.6212,2,0.7,6928,1,0.10039992597197345
6.48,3.1104,1,0.0,6929,1,0.1642128850042454
25.92,12.4416,4,0.0,6930,1,0.19497544080804563
95.984,11.998,2,0.2,6931,1,0.18393741599757985
86.352,8.6352,6,0.2,6932,1,0.16880417437979134
25.86,6.7236,3,0.0,6933,1,0.19745383897237095
276.784,89.9548,2,0.2,6934,1,0.134642647479703
5.67,0.1134,3,0.0,6935,1,0.1902941526769269
110.352,8.2764,3,0.2,6936,1,0.19288541920779484
62.72,24.4608,4,0.0,6937,1,0.19342933903943527
15.47,4.1769,7,0.0,6938,1,0.1610951490227171
7.16,3.4368,2,0.0,6939,1,0.19063112969575235
11.84,5.6832,8,0.0,6940,1,0.13854651356210906
18.16,1.816,2,0.2,6941,1,0.19474304399742198
2939.93,764.3818,7,0.0,6942,-1,-0.10239653684809125
14.016,1.752,3,0.2,6943,1,0.19541101227639368
71.976,-8.997,3,0.2,6944,1,0.18915367740038264
137.94,35.8644,3,0.0,6945,1,0.1780944662792835
107.982,-26.9955,3,0.4,6946,1,0.12350884939981349
37.74,12.8316,3,0.0,6947,1,0.19736927654379244
279.9,137.151,5,0.0,6948,1,0.1347508865999556
239.97,26.3967,3,0.0,6949,1,0.17510973337762892
449.91,157.4685,9,0.0,6950,1,0.04842184735734023
14.91,4.6221,3,0.0,6951,1,0.19815442405035882
8.34,2.1684,3,0.0,6952,1,0.19298032840282547
4.768,0.4768,2,0.2,6953,1,0.18999038047322675
12.128,-20.6176,4,0.8,6954,1,0.071531794782983
119.616,40.3704,8,0.2,6955,1,0.12783640407446384
5.22,2.4012,2,0.0,6956,1,0.1887773511363658
94.85,45.528,5,0.0,6957,1,0.17837138280441805
12.96,6.2208,2,0.0,6958,1,0.18880370298438398
13.48,3.5048,1,0.0,6959,1,0.1633389719502819
8.57,2.2282,1,0.0,6960,1,0.1625567839895793
120.784,-13.5882,1,0.2,6961,1,0.14164192766233863
419.136,-68.1096,4,0.2,6962,1,0.12653934928196398
34.58,14.5236,7,0.0,6963,1,0.16468661116694755
69.375,-47.175,1,0.5,6964,1,0.06233196448570022
8.82,2.3814,3,0.0,6965,1,0.19350059755077414
9.344,3.1536,2,0.2,6966,1,0.18847753686176166
12.74,5.733,7,0.0,6967,1,0.16094826054530337
40.3,10.881,2,0.0,6968,1,0.19137762232192856
32.35,16.175,5,0.0,6969,1,0.18871255033439732
18.28,9.14,2,0.0,6970,1,0.1917709235778794
7.71,3.4695,1,0.0,6971,1,0.1620498786968459
129.3,6.465,2,0.0,6972,1,0.17878562514087576
31.68,2.772,4,0.2,6973,1,0.19305269868071134
604.768,60.4768,4,0.2,6974,1,0.13024771268839969
2003.168,250.396,4,0.2,6975,1,3.7057260774409073E-6
207.0,51.75,3,0.0,6976,1,0.1725589920398195
210.58,12.6348,2,0.0,6977,1,0.17012615874688786
86.26,29.3284,2,0.0,6978,1,0.17827548302444612
46.8,16.38,4,0.0,6979,1,0.19437077502019118
30.96,10.062,2,0.2,6980,1,0.1897083719619196
21.456,6.9732,9,0.2,6981,1,0.12536954914113357
78.304,29.364,2,0.2,6982,1,0.17777593842502082
139.04,38.9312,4,0.0,6983,1,0.17709888411786612
239.984,38.9974,2,0.2,6984,1,0.1632860219958624
59.97,-11.994,5,0.4,6985,1,0.1278136042272212
22.2,-26.085,1,0.6,6986,1,0.05600571469222981
3.882,-2.588,2,0.7,6987,1,0.10072276599557656
5.229,-4.1832,3,0.7,6988,1,0.10498581187578543
419.4,146.79,5,0.2,6989,1,0.11472914659960398
65.584,23.7742,2,0.2,6990,1,0.1808328362802351
5.184,1.8144,1,0.2,6991,1,0.16738964957838365
115.296,40.3536,3,0.2,6992,1,0.1822054552385597
285.552,35.694,2,0.2,6993,1,0.15693674584366002
32.67,8.4942,3,0.0,6994,1,0.197719290221466
1640.7,459.396,5,0.0,6995,-1,-0.008179176639595775
7.12,0.712,5,0.2,6996,1,0.18330948445554635
243.992,-426.986,4,0.8,6997,-1,-0.04029149409356281
371.2,41.76,5,0.2,6998,1,0.14936259448610745
240.784,30.098,1,0.2,6999,1,0.13057477863618333
359.97,79.1934,3,0.0,7000,1,0.15282443698739262
46.24,15.606,4,0.2,7001,1,0.19141317251340412
29.9,13.455,5,0.0,7002,1,0.1887835548314341
227.46,65.9634,6,0.0,7003,1,0.15724948376723746
3.984,-2.6892,2,0.6,7004,1,0.09845711221396508
21.12,6.5472,4,0.0,7005,1,0.19738098356419997
12.992,-32.48,2,0.8,7006,1,0.0587495883673016
252.784,-417.0936,4,0.8,7007,-1,-0.04329112400553603
354.9,17.745,5,0.0,7008,1,0.15527513930533604
127.984,15.998,2,0.2,7009,1,0.17819978972857903
203.983,16.7986,2,0.15,7010,1,0.15635378054379773
23.12,11.3288,4,0.0,7011,1,0.1968048000817338
963.136,108.3528,4,0.2,7012,1,0.08304953233882201
147.568,-3.6892,2,0.2,7013,1,0.17775291552134886
21.336,7.7343,7,0.2,7014,1,0.16051471631036662
20.7,9.936,2,0.0,7015,1,0.192306138028764
88.776,7.7679,3,0.2,7016,1,0.19316607549591336
107.53,21.506,1,0.0,7017,1,0.14668634702623556
90.64,38.9752,8,0.0,7018,1,0.13496078701990416
10.71,2.7846,3,0.0,7019,1,0.194609312552605
6.63,1.7901,3,0.0,7020,1,0.19459066379733386
17.94,8.7906,3,0.0,7021,1,0.1978410034448252
25.02,6.5052,3,0.0,7022,1,0.19720423205350301
799.96,343.9828,4,0.0,7023,1,0.05479521606576354
600.558,-8.5794,3,0.3,7024,1,0.10955289527082557
7.692,-3.6537,1,0.6,7025,1,0.06960178024795283
28.032,3.504,6,0.2,7026,1,0.17219523266394388
18.368,6.1992,2,0.2,7027,1,0.19302959904806993
37.94,18.2112,2,0.0,7028,1,0.18873123827916355
50.352,-8.1822,3,0.2,7029,1,0.1891425266801936
579.51,81.1314,3,0.0,7030,1,0.12271944217892505
14.99,7.3451,1,0.0,7031,1,0.16386711578690832
89.0664,-17.0274,1,0.32,7032,1,0.10828846541325465
899.43,-12.849,5,0.3,7033,1,0.07439206836642864
30.144,8.2896,2,0.2,7034,1,0.1902678539038734
455.97,-106.393,5,0.4,7035,1,0.05989364799169661
480.96,-269.3376,3,0.5,7036,1,0.003948055958401975
175.44,52.632,6,0.2,7037,1,0.15656515726462977
5.715,-4.7625,5,0.7,7038,1,0.08783047216509665
11.76,5.7624,2,0.0,7039,1,0.19195406163013223
166.45,39.948,5,0.0,7040,1,0.17121780609213494
438.336,-87.6672,4,0.2,7041,1,0.12542109531775314
57.594,-11.5188,1,0.4,7042,1,0.10180943601365455
124.792,10.9193,1,0.2,7043,1,0.15081978937534873
29.16,8.4564,3,0.0,7044,1,0.19673354820360267
9.82,4.8118,2,0.0,7045,1,0.19044555794084772
109.53,47.0979,3,0.0,7046,1,0.1812387747457026
167.976,10.4985,3,0.2,7047,1,0.18232855712518725
44.67,12.0609,3,0.0,7048,1,0.19835094542977277
1245.86,361.2994,7,0.0,7049,1,0.006198329710057182
12.84,3.4668,3,0.0,7050,1,0.1946046050789404
11.22,0.2244,3,0.0,7051,1,0.1927787022955308
68.704,16.3172,2,0.2,7052,1,0.18747262214264748
22.23,7.3359,1,0.0,7053,1,0.16496510263835668
386.91,-185.7168,9,0.5,7054,-1,-0.01570486246838443
13.11,3.4086,3,0.0,7055,1,0.1946046050789404
6.56,1.9024,2,0.0,7056,1,0.19185738046482365
10.64,3.857,5,0.2,7057,1,0.18329206519912594
9.432,3.0654,3,0.2,7058,1,0.191532805750823
51.168,-6.396,2,0.2,7059,1,0.18696636812925405
31.992,4.7988,1,0.2,7060,1,0.16764375269694665
215.968,18.8972,2,0.2,7061,1,0.16965526790955893
333.576,25.0182,3,0.2,7062,1,0.16161660970996788
47.904,-2.994,1,0.2,7063,1,0.16287320670470262
8.4,0.336,5,0.0,7064,1,0.18427141773412709
37.44,16.848,6,0.0,7065,1,0.17441493807770275
71.96,25.186,5,0.2,7066,1,0.17965031183879038
4.956,-3.7996,4,0.7,7067,1,0.10310475822789505
123.92,38.725,5,0.2,7068,1,0.17240387087336545
1319.8,214.4675,5,0.2,7069,1,0.04653267106494052
231.92,5.798,5,0.2,7070,1,0.1703364449803046
196.784,-22.1382,2,0.2,7071,1,0.16611827774383386
1.788,-3.0396,3,0.8,7072,1,0.078456628160328
892.224,89.2224,3,0.2,7073,1,0.09721799886335541
91.96,15.6332,2,0.0,7074,1,0.18568819150343324
356.79,99.9012,7,0.0,7075,1,0.10750484391301701
81.92,22.1184,4,0.0,7076,1,0.18856936862613988
23.12,11.3288,4,0.0,7077,1,0.19514431611822886
223.92,109.7208,4,0.0,7078,1,0.14958593229700823
29.6,13.32,4,0.0,7079,1,0.19532832328316252
258.576,19.3932,2,0.2,7080,1,0.16387603551331176
889.536,66.7152,8,0.2,7081,1,0.06458116747103049
9.84,4.7232,2,0.0,7082,1,0.18907496997608125
7.78,3.501,1,0.0,7083,1,0.16102196683413245
441.96,101.6508,2,0.0,7084,1,0.1274922198374958
59.52,15.4752,3,0.0,7085,1,0.19393899082046662
18.528,-12.352,4,0.7,7086,1,0.09847278645578794
12.222,-20.1663,7,0.8,7087,1,0.04413813201910466
0.556,-0.9452,1,0.8,7088,1,0.043894505920949234
107.648,33.64,2,0.2,7089,1,0.17380870407796956
57.96,27.2412,7,0.0,7090,1,0.16142532707788076
68.04,33.3396,6,0.0,7091,1,0.16550034123976282
6.976,-1.3952,4,0.2,7092,1,0.19075636190114914
479.94,52.7934,6,0.0,7093,1,0.13333854949776452
196.776,14.7582,3,0.2,7094,1,0.17854912787347338
180.98,47.0548,1,0.0,7095,1,0.1280228085343938
170.352,-17.0352,3,0.2,7096,1,0.18010112137600098
399.672,-14.9877,7,0.2,7097,1,0.12320311617557916
72.8,19.656,5,0.0,7098,1,0.18298265690412568
26.88,9.744,8,0.2,7099,1,0.13443138991984277
1049.44,440.7648,8,0.0,7100,-1,-0.022548720163659497
99.98,42.9914,2,0.0,7101,1,0.1749367437457915
103.5,-77.625,5,0.6,7102,1,0.0609130491221036
9.32,2.7028,4,0.0,7103,1,0.19359355750253793
15.25,7.015,1,0.0,7104,1,0.16244900539748935
2.464,0.8624,1,0.2,7105,1,0.16587893907181006
89.568,32.4684,2,0.2,7106,1,0.17429260596484264
8.72,0.654,1,0.2,7107,1,0.16548286479140772
262.24,78.672,2,0.0,7108,1,0.15160803661390804
127.96,62.7004,2,0.0,7109,1,0.16427187711271413
18.69,9.1581,3,0.0,7110,1,0.19618503647684765
234.36,112.4928,6,0.0,7111,1,0.13246141837150505
42.68,19.6328,4,0.0,7112,1,0.1930117327851939
7.9,2.528,2,0.0,7113,1,0.18870260515157888
25.06,11.7782,2,0.0,7114,1,0.18743595024644372
221.16,57.5016,4,0.0,7115,1,0.1706705510681547
299.97,125.9874,3,0.0,7116,1,0.14597764958582554
71.97,16.5531,3,0.0,7117,1,0.19163827268830302
63.488,4.7616,4,0.2,7118,1,0.19453310521410677
23.88,8.1192,6,0.0,7119,1,0.17461749341192645
14.976,5.4288,9,0.2,7120,1,0.12341929005589153
4.928,1.7248,2,0.2,7121,1,0.19006583257977738
11.52,5.6448,4,0.0,7122,1,0.19369242209295678
286.93,140.5957,7,0.0,7123,1,0.09846266444609364
26.38,12.1348,1,0.0,7124,1,0.1569867834620582
67.78,16.945,2,0.0,7125,1,0.18685377758990862
206.384,23.2182,2,0.2,7126,1,0.16726781107522787
25.92,9.072,6,0.2,7127,1,0.17066709521919105
91.59,42.1314,3,0.0,7128,1,0.18396530453788573
49.08,4.908,3,0.0,7129,1,0.19742024399499286
647.84,168.4384,8,0.0,7130,1,0.04362108951803889
3.36,0.8736,2,0.0,7131,1,0.18435598739161413
171.2,64.2,5,0.2,7132,1,0.16266716988525154
20.7,9.936,2,0.0,7133,1,0.19045740682342538
30.84,9.6375,5,0.2,7134,1,0.1874392479088493
199.98,69.993,2,0.0,7135,1,0.15519518076443606
479.984,59.998,2,0.2,7136,1,0.13215331204593211
43.872,11.5164,2,0.2,7137,1,0.18763323426704293
6.696,0.5022,1,0.2,7138,1,0.1665865087114679
933.408,-173.3472,4,0.3,7139,1,0.030953737875072385
48.784,3.6588,1,0.2,7140,1,0.1654391902942085
5.248,0.5904,2,0.2,7141,1,0.18951757396173385
13.092,-10.0372,4,0.7,7142,1,0.09847053312267123
111.96,21.2724,4,0.0,7143,1,0.18615785868473717
35.91,-8.379,3,0.4,7144,1,0.1383680578161186
53.982,-10.7964,3,0.4,7145,1,0.136995398787484
26.72,11.7568,1,0.0,7146,1,0.15706499144465585
154.764,-46.4292,3,0.4,7147,1,0.10871688588697836
12.294,-8.6058,1,0.7,7148,1,0.06848282555303042
895.92,421.0824,4,0.0,7149,1,0.02844181910047594
43.28,3.246,1,0.2,7150,1,0.16586467378155195
63.88,24.9132,4,0.0,7151,1,0.19151643309389732
776.85,-181.265,5,0.4,7152,1,0.028330287191370873
40.41,18.5886,9,0.0,7153,1,0.1258742209370065
242.94,9.7176,3,0.0,7154,1,0.174113864153627
69.93,32.1678,7,0.0,7155,1,0.1586929233001222
89.768,-2.5648,1,0.3,7156,1,0.11949876285136352
465.16,120.9416,2,0.0,7157,1,0.1216253971759495
19.456,2.1888,4,0.2,7158,1,0.19399398901812592
29.76,1.86,5,0.2,7159,1,0.1846033385754749
174.3,81.921,3,0.0,7160,1,0.1627416418584215
30.88,15.44,2,0.0,7161,1,0.18771806518070427
45.36,21.7728,7,0.0,7162,1,0.16137079425539463
288.24,138.3552,6,0.0,7163,1,0.11602635894432994
15.552,5.6376,3,0.2,7164,1,0.19121106439650543
27.12,12.4752,4,0.0,7165,1,0.1918743908752098
314.55,150.984,3,0.0,7166,1,0.13318529305624288
90.8,25.424,8,0.0,7167,1,0.13900930921448196
1332.496,-299.8116,2,0.2,7168,1,0.00552944022694013
214.95,88.1295,5,0.0,7169,1,0.15955954191077382
959.984,335.9944,2,0.2,7170,1,0.02358260870707085
209.986,8.9994,2,0.3,7171,1,0.13667411492313308
34.36,-7.3015,1,0.2,7172,1,0.15801397730359656
299.9,74.975,2,0.0,7173,1,0.14836086776241897
140.736,49.2576,8,0.2,7174,1,0.11845174517355272
7.992,2.5974,1,0.2,7175,1,0.1641291738471954
915.14,102.95,4,0.2,7176,1,0.09113965903787391
327.76,91.77,8,0.0,7177,1,0.09383384362125552
49.616,4.9616,2,0.2,7178,1,0.18596642506243305
51.264,7.6896,6,0.2,7179,1,0.17142289942412603
140.67,54.8613,3,0.0,7180,1,0.16926638762375468
19.68,6.888,5,0.2,7181,1,0.18449212367376044
70.464,22.9008,6,0.2,7182,1,0.16698771902725124
5.193,-3.462,3,0.7,7183,1,0.10272795394363377
6.48,3.1104,1,0.0,7184,1,0.1609055139105125
54.224,3.389,2,0.2,7185,1,0.18425788685475486
310.12,80.6312,2,0.0,7186,1,0.14781200822321494
46.51,1.8604,1,0.0,7187,1,0.15584623027914984
159.984,43.9956,2,0.2,7188,1,0.16597289814084026
445.44,-81.664,8,0.4,7189,1,0.03249800973921968
659.976,49.4982,3,0.2,7190,1,0.12656674637939208
44.376,-7.396,2,0.4,7191,1,0.12240937224913812
140.67,54.8613,3,0.0,7192,1,0.16926638762375468
19.68,6.888,5,0.2,7193,1,0.18449212367376044
70.464,22.9008,6,0.2,7194,1,0.16698771902725124
310.12,80.6312,2,0.0,7195,1,0.14781200822321494
59.1,22.458,6,0.0,7196,1,0.16887401382892192
17.456,5.8914,2,0.2,7197,1,0.1894763224142525
9.144,3.0861,3,0.2,7198,1,0.1894163857795652
13.776,-22.0416,6,0.8,7199,1,0.04126877542509444
18.75,9.0,5,0.0,7200,1,0.18738543213475023
4.608,1.6704,2,0.2,7201,1,0.1885596498539882
7.31,3.4357,1,0.0,7202,1,0.16084534404291118
10.272,3.21,3,0.2,7203,1,0.1892614511003431
107.44,27.9344,8,0.0,7204,1,0.1327874331017711
46.53,12.0978,3,0.0,7205,1,0.19432648012155718
57.06,18.2592,3,0.0,7206,1,0.19042251309999997
71.6,13.604,8,0.0,7207,1,0.1402058635502491
119.7,31.122,6,0.0,7208,1,0.16289398304093422
82.524,-41.262,3,0.6,7209,1,0.08253346508214099
90.86,26.3494,7,0.0,7210,1,0.16103055821087708
2.688,-7.392,3,0.8,7211,1,0.07303145021716184
23.832,6.5538,3,0.2,7212,1,0.19090433181821204
13.9,3.753,5,0.0,7213,1,0.18365155565166486
46.2,21.252,4,0.0,7214,1,0.19122136862017863
182.994,-320.2395,3,0.8,7215,-1,-0.024961208498525234
19.4,9.312,5,0.0,7216,1,0.1874056235506269
27.816,4.5201,3,0.2,7217,1,0.19089527350057528
537.544,47.0351,7,0.2,7218,1,0.10390453064604077
30.93,12.6813,1,0.0,7219,1,0.1556628061615118
697.16,8.7145,5,0.2,7220,1,0.1194069874950126
381.36,106.7808,7,0.0,7221,1,0.10102706725643751
8.94,2.4138,3,0.0,7222,1,0.1904647036023846
27.496,9.2799,7,0.2,7223,1,0.15376917620366248
14.624,5.1184,2,0.2,7224,1,0.18666551885792732
19.824,6.6906,6,0.2,7225,1,0.17073765461110313
28.91,13.2986,7,0.0,7226,1,0.15971434282148128
99.54,10.9494,2,0.0,7227,1,0.1794001653315827
199.96,85.9828,4,0.0,7228,1,0.1606524306834013
657.504,-131.5008,6,0.2,7229,1,0.07182758855477234
72.294,-98.8018,1,0.7,7230,1,0.01481644124726278
2.91,1.3677,1,0.0,7231,1,0.15537116819852625
56.704,19.1376,2,0.2,7232,1,0.17989308045682484
61.96,27.882,2,0.0,7233,1,0.17913787576488455
274.064,102.774,7,0.2,7234,1,0.1089319808382111
265.93,63.8232,7,0.0,7235,1,0.13550927757159975
238.0,38.08,2,0.0,7236,1,0.16561605169170884
1805.88,523.7052,6,0.0,7237,-1,-0.04352002306993996
22.14,6.4206,3,0.0,7238,1,0.1931421550585759
64.384,8.048,1,0.2,7239,1,0.15812791433950396
8.544,2.8836,2,0.2,7240,1,0.18629070348487037
10.896,3.9498,3,0.2,7241,1,0.18748190556146221
30.576,10.3194,6,0.2,7242,1,0.17265579798173752
8.856,2.8782,3,0.2,7243,1,0.18917367490339876
13.02,0.3906,7,0.0,7244,1,0.15716354516488767
277.4,133.152,5,0.0,7245,1,0.13260641215447438
5.78,2.8322,1,0.0,7246,1,0.15901287492233152
359.32,7.1864,4,0.0,7247,1,0.15706612610063264
725.84,210.4936,4,0.0,7248,1,0.08702511149146974
211.84,76.2624,8,0.0,7249,1,0.1122916234393414
34.76,11.297,5,0.2,7250,1,0.1835477683764697
25.68,11.556,6,0.0,7251,1,0.16961374681645025
20.04,9.6192,3,0.0,7252,1,0.19205194208088328
32.48,4.872,2,0.0,7253,1,0.18876389137260324
143.728,-32.3388,2,0.2,7254,1,0.16476940176264826
347.58,17.379,3,0.0,7255,1,0.159003697739226
13999.96,6719.9808,4,0.0,7256,-1,-0.16612849871002244
271.764,60.392,2,0.1,7257,1,0.12808399863367798
207.846,2.3094,3,0.1,7258,1,0.15887613582420756
47.01,22.0947,3,0.0,7259,1,0.18934921284302303
221.92,106.5216,4,0.0,7260,1,0.14725169057107207
12.768,0.9576,2,0.2,7261,1,0.18624319867007333
26.0,11.7,2,0.0,7262,1,0.18455491614244268
469.99,136.2971,1,0.0,7263,1,0.08085493797358045
90.99,14.5584,1,0.0,7264,1,0.14934670976565423
368.97,40.5867,3,0.0,7265,1,0.15920647235265978
1526.56,427.4368,7,0.0,7266,-1,-0.02292773739781495
176.04,45.7704,4,0.0,7267,1,0.17124482785259038
23.1,6.93,2,0.0,7268,1,0.18878016149263072
11.05,2.9835,5,0.0,7269,1,0.18230096322541578
16.02,4.4856,9,0.0,7270,1,0.12116088812435027
185.92,62.748,4,0.2,7271,1,0.16511272949473071
6.848,2.14,2,0.2,7272,1,0.18765464832024842
479.984,59.998,2,0.2,7273,1,0.1313371965132853
211.168,15.8376,4,0.2,7274,1,0.1745697751714616
470.376,47.0376,3,0.2,7275,1,0.1493950818719899
257.568,-28.9764,2,0.2,7276,1,0.15345469234317005
60.84,23.1192,3,0.0,7277,1,0.18867682186726914
87.168,-226.6368,8,0.8,7278,-1,-0.035446728114474246
19.83,5.949,1,0.0,7279,1,0.15971609613906446
3.76,1.316,2,0.0,7280,1,0.1860205280177426
74.352,23.235,3,0.2,7281,1,0.18471739808655713
32.232,2.4174,3,0.2,7282,1,0.19009155983669995
143.96,1.7995,5,0.2,7283,1,0.17306026949903763
53.25,20.7675,3,0.0,7284,1,0.18796137751166114
2399.96,569.9905,5,0.2,7285,-1,-0.05706037225974392
119.96,33.5888,4,0.0,7286,1,0.17533375931146106
1023.332,-30.098,5,0.32,7287,1,0.04201625956715216
211.246,-66.3916,2,0.3,7288,1,0.1179670722007859
600.558,-8.5794,3,0.3,7289,1,0.10662132462780644
15.008,1.5008,2,0.2,7290,1,0.18880075341623265
292.1,58.42,2,0.0,7291,1,0.15397321440612521
17.76,8.88,2,0.0,7292,1,0.1865766741043156
8.26,3.7996,2,0.0,7293,1,0.18652124172381424
45.68,21.0128,2,0.0,7294,1,0.1832884687177227
11.94,5.97,3,0.0,7295,1,0.18800490719632584
110.96,53.2608,2,0.0,7296,1,0.16282423978635968
17.64,8.1144,4,0.0,7297,1,0.19129843325858858
332.94,9.9882,3,0.0,7298,1,0.16011267808262925
39.992,6.9986,1,0.2,7299,1,0.15858660813713343
206.1,55.647,5,0.0,7300,1,0.16988953755565317
26.48,10.0624,1,0.0,7301,1,0.15142198643873506
21.56,6.8992,7,0.0,7302,1,0.16311509823640824
68.742,-48.1194,9,0.7,7303,1,0.01918842425316114
12.96,6.3504,2,0.0,7304,1,0.1866469730349446
20.04,9.6192,3,0.0,7305,1,0.19444865612471407
26.72,12.8256,4,0.0,7306,1,0.1926634916655977
795.48,7.9548,7,0.0,7307,1,0.067670093559693
532.72,53.272,2,0.2,7308,1,0.1230066680266515
81.4,21.164,5,0.0,7309,1,0.18155429827077268
94.2,39.564,5,0.0,7310,1,0.17721465852121054
6.08,2.0672,2,0.0,7311,1,0.18982165239732407
5.715,-4.7625,5,0.7,7312,1,0.08493221940646078
325.86,149.8956,2,0.0,7313,1,0.1182676396958749
59.76,16.7328,1,0.0,7314,1,0.1518067945738732
164.792,18.5391,1,0.2,7315,1,0.14539297141839824
205.3328,-36.2352,2,0.32,7316,1,0.12022096491882772
61.0,25.62,5,0.0,7317,1,0.1838816042181316
29.78,8.0406,2,0.0,7318,1,0.18892628105628417
33.62,-90.774,5,0.8,7319,1,0.02218399425678086
64.12,30.7776,4,0.0,7320,1,0.18486049416596517
34.54,17.27,1,0.0,7321,1,0.15247590760995877
13.468,-22.8956,13,0.8,7322,-1,-0.04339863606267236
75.04,36.0192,8,0.0,7323,1,0.13238519994767517
29.7,8.019,3,0.0,7324,1,0.1943722459465254
2999.95,1439.976,5,0.0,7325,-1,-0.11978980709422937
671.93,188.1404,7,0.0,7326,1,0.058855681089559964
84.95,22.087,5,0.0,7327,1,0.18010730368019506
677.58,176.1708,3,0.0,7328,1,0.09109419604835461
482.664,85.176,8,0.15,7329,1,0.07236956259748384
218.352,-19.1058,3,0.2,7330,1,0.1758115031217109
127.95,21.7515,3,0.0,7331,1,0.18493732467585083
20.808,1.8207,3,0.2,7332,1,0.19303184607806928
121.68,38.025,13,0.2,7333,1,0.031208335412883148
28.4,13.348,5,0.0,7334,1,0.18720070933284716
6.264,2.0358,3,0.2,7335,1,0.19209127251971764
5.78,2.7166,2,0.0,7336,1,0.18982165239732407
42.93,19.3185,9,0.0,7337,1,0.12500274569452813
94.2,23.55,6,0.0,7338,1,0.16919331564588347
4799.984,359.9988,2,0.2,7339,-1,-0.06887044533997566
23.976,-5.6943,3,0.2,7340,1,0.19121805245009132
25.11,6.5286,3,0.0,7341,1,0.19416939604617228
411.8,70.006,2,0.0,7342,1,0.13157038561723505
11.12,2.8912,4,0.0,7343,1,0.19343724676966334
14.94,6.8724,3,0.0,7344,1,0.1944833774960138
360.0,129.6,4,0.0,7345,1,0.1334402427906543
25.472,7.6416,4,0.2,7346,1,0.1911808817274917
7.056,2.205,3,0.2,7347,1,0.19225864804268117
7.04,2.0416,4,0.0,7348,1,0.1938126602908648
16.98,8.49,1,0.0,7349,1,0.15731286011822443
240.37,7.2111,1,0.0,7350,1,0.12882183912273487
119.02,33.3256,2,0.0,7351,1,0.17204859131536976
41.22,11.1294,1,0.0,7352,1,0.15525426427503913
383.84,47.98,4,0.2,7353,1,0.15260799949716808
8.1,-5.94,5,0.7,7354,1,0.08519443217873979
106.32,49.9704,3,0.0,7355,1,0.17615401766058925
258.072,0.0,3,0.2,7356,1,0.1730574994360592
233.86,-102.048,2,0.45,7357,1,0.05460853724443082
620.6145,-248.2458,3,0.45,7358,1,0.006643328878539356
16.256,1.2192,2,0.2,7359,1,0.1915649962728559
5.328,-3.552,2,0.7,7360,1,0.09555130697483832
617.976,-7.7247,3,0.2,7361,1,0.1297855962906725
219.184,19.1786,2,0.2,7362,1,0.1705165649924532
56.28,15.7584,6,0.0,7363,1,0.1706980263188415
306.9,79.794,3,0.0,7364,1,0.15653259922264007
273.96,71.2296,2,0.0,7365,1,0.14891855348576494
41.95,10.4875,5,0.0,7366,1,0.1875494280050648
2690.97,1264.7559,3,0.0,7367,-1,-0.10316283404082649
244.55,114.9385,5,0.0,7368,1,0.1474004877004651
195.76,97.88,4,0.0,7369,1,0.1492688620290244
2591.56,621.9744,4,0.0,7370,-1,-0.07195496701617199
35.97,9.7119,3,0.0,7371,1,0.19421904018536806
17.43,-13.363,1,0.7,7372,1,0.06323650622912091
478.24,219.9904,8,0.0,7373,1,0.046036384861274815
37.896,-29.0536,4,0.7,7374,1,0.08128569409036573
15.12,4.914,3,0.2,7375,1,0.19250909096083157
8.64,4.2336,3,0.0,7376,1,0.19318296280122954
9.82,4.8118,2,0.0,7377,1,0.18863826304370063
251.64,88.074,3,0.2,7378,1,0.14660179429101922
65.584,23.7742,2,0.2,7379,1,0.17929058831226352
191.6,91.968,4,0.0,7380,1,0.15637172873961253
12.96,6.2208,2,0.0,7381,1,0.18659209406313798
501.81,0.0,3,0.0,7382,1,0.13516580798150274
12.32,1.848,5,0.2,7383,1,0.183944850196903
36.672,6.4176,3,0.2,7384,1,0.19370022456065505
195.104,21.9492,4,0.2,7385,1,0.17744480415570318
4.419,-3.0933,3,0.7,7386,1,0.10186730127966415
7.16,3.58,2,0.0,7387,1,0.19047723655878107
10.368,3.6288,2,0.2,7388,1,0.18832258189670115
7.61,3.5767,1,0.0,7389,1,0.158906028136664
286.15,71.5375,5,0.0,7390,1,0.15888158938763042
95.736,20.3439,3,0.2,7391,1,0.1883599734493805
99.99,41.9958,1,0.0,7392,1,0.13567081960525595
20.992,2.3616,8,0.2,7393,1,0.1356947484964489
1.752,0.1533,1,0.2,7394,1,0.16024329371708984
41.86,14.2324,7,0.0,7395,1,0.1662854053703075
11.364,-17.046,3,0.8,7396,1,0.06995493672439912
16.768,1.4672,2,0.2,7397,1,0.19164781570111888
199.95,21.9945,5,0.0,7398,1,0.17483277800285846
27.12,-4.746,2,0.2,7399,1,0.18726216520509648
29.7,13.365,5,0.0,7400,1,0.18795715407707891
39.96,17.982,4,0.0,7401,1,0.1918867973465811
436.704,-38.2116,6,0.2,7402,1,0.12723880573262686
895.92,302.373,5,0.2,7403,1,0.0507473397487882
7.92,1.683,5,0.2,7404,1,0.183944850196903
5.28,2.376,1,0.0,7405,1,0.1570505107391939
198.272,-32.2192,8,0.2,7406,1,0.1178609323385672
242.352,9.0882,3,0.2,7407,1,0.1755908705900387
74.45,20.1015,5,0.0,7408,1,0.18184134093207732
89.856,21.3408,3,0.2,7409,1,0.18797659082915946
14.592,2.5536,3,0.2,7410,1,0.19293880594459056
10.776,3.5022,3,0.2,7411,1,0.1905588045247839
8.76,4.2048,2,0.0,7412,1,0.18949376749236158
13.872,5.0286,3,0.2,7413,1,0.18911776591818213
196.45,70.722,5,0.0,7414,1,0.16282352816667184
4.89,2.0049,1,0.0,7415,1,0.1570505107391939
15.57,-11.937,3,0.7,7416,1,0.10140653407069633
20.736,7.2576,4,0.2,7417,1,0.19165528494428247
79.14,36.4044,3,0.0,7418,1,0.1811834422907077
15.552,5.4432,3,0.2,7419,1,0.19126328837084938
102.833,-6.049,1,0.15,7420,1,0.13243500713109296
40.74,12.222,3,0.0,7421,1,0.19386752591804046
16.52,2.065,5,0.2,7422,1,0.18480761518412708
26.046,-44.2782,3,0.8,7423,1,0.05764568632854605
2.896,-4.7784,1,0.8,7424,1,0.04207156445183435
13.71,-10.054,5,0.7,7425,1,0.08103117415911221
32.544,-7.7292,2,0.2,7426,1,0.18591394650263826
205.92,2.0592,4,0.0,7427,1,0.1758985307814256
477.24,9.5448,4,0.0,7428,1,0.1422627380079961
25.98,1.5588,2,0.0,7429,1,0.19003137059131409
218.352,-19.1058,3,0.2,7430,1,0.17424632581022625
60.312,5.2773,3,0.2,7431,1,0.19104309611492448
12.03,-9.223,5,0.7,7432,1,0.08193991886962532
21.594,-15.8356,2,0.7,7433,1,0.09158410427142083
8.964,-6.5736,6,0.7,7434,1,0.0699182665629059
10.9,3.597,5,0.0,7435,1,0.1841605790533975
7.38,3.4686,2,0.0,7436,1,0.19047723655878107
23.04,11.2896,8,0.0,7437,1,0.13972210833609133
20.736,7.2576,4,0.2,7438,1,0.19165528494428247
28.14,13.5072,3,0.0,7439,1,0.19216128839950491
195.136,-43.9056,4,0.2,7440,1,0.15968652055745985
274.89,46.7313,11,0.0,7441,1,0.07781772521208735
2549.985,-3399.98,5,0.7,7442,-1,-0.126465586208226
257.5,24.24,3,0.2,7443,1,0.17034526594410215
317.058,-18.1176,3,0.3,7444,1,0.135995626506277
51.968,10.3936,2,0.2,7445,1,0.18561210666927097
14.56,-6.188,5,0.6,7446,1,0.09309597983840773
44.4,-52.17,2,0.6,7447,1,0.0708126424347989
42.408,9.5418,3,0.2,7448,1,0.19148777910815235
15.76,3.546,2,0.2,7449,1,0.19166394049802404
8.7,-6.38,5,0.7,7450,1,0.08419370566700957
36.56,18.28,4,0.0,7451,1,0.19005821719916993
146.86,70.4928,7,0.0,7452,1,0.13909122719620998
848.544,-21.2136,4,0.2,7453,1,0.09815504180854467
332.704,33.2704,1,0.2,7454,1,0.11163710041080954
51.336,5.7753,3,0.2,7455,1,0.1905192178888393
122.382,-24.4764,3,0.4,7456,1,0.12101507285988838
908.82,227.205,9,0.0,7457,-1,-0.0054943782176296585
162.6,34.146,3,0.0,7458,1,0.17281514989674845
97.264,-243.16,4,0.8,7459,-1,-0.011050135526187832
2.934,-4.9878,3,0.8,7460,1,0.0751835915176462
2.694,-4.7145,3,0.8,7461,1,0.0751835915176462
20.736,7.2576,4,0.2,7462,1,0.1915632673843794
11.54,3.462,1,0.0,7463,1,0.15616621144006854
47.976,8.3958,3,0.2,7464,1,0.19083025848113222
18.28,6.2152,2,0.0,7465,1,0.1922278488351014
254.352,0.0,3,0.2,7466,1,0.17088556018228696
675.06,87.7578,3,0.0,7467,1,0.10458653678560303
387.136,-14.5176,4,0.2,7468,1,0.15189958660669894
77.952,-11.6928,3,0.2,7469,1,0.18471937179661135
11.664,3.3534,3,0.2,7470,1,0.1889584200644827
66.36,26.544,7,0.0,7471,1,0.16337494730266183
24.14,7.9662,2,0.0,7472,1,0.18916121818273035
121.94,35.3626,2,0.0,7473,1,0.17049151987410432
11.76,-7.84,5,0.7,7474,1,0.08098243877362266
92.88,30.186,6,0.2,7475,1,0.16400691944487206
18.688,7.008,2,0.2,7476,1,0.1902819585888138
3.0,1.05,1,0.2,7477,1,0.16229771241182644
5.344,1.8704,1,0.2,7478,1,0.16331684222753695
54.9,15.372,5,0.0,7479,1,0.1830060720628831
122.71,36.813,7,0.0,7480,1,0.14960965209546817
45.408,11.9196,2,0.2,7481,1,0.18603110464257383
155.34,55.9224,6,0.0,7482,1,0.1515745054732085
99.28,12.41,2,0.2,7483,1,0.1810378655462604
10.43,-18.2525,5,0.8,7484,1,0.057170619610686146
7.518,-5.7638,2,0.7,7485,1,0.09520688578786013
1.188,-0.99,2,0.7,7486,1,0.09532072470152819
1.81,0.6516,1,0.0,7487,1,0.15075324898322795
113.568,-21.294,2,0.2,7488,1,0.17398436945236068
72.784,-18.196,1,0.2,7489,1,0.1460411602843888
69.98,4.8986,2,0.0,7490,1,0.18381872403736582
552.0,34.5,10,0.2,7491,1,0.054085195850445245
344.981,28.4102,7,0.15,7492,1,0.11035406647346124
8.896,0.6672,4,0.2,7493,1,0.18997560375808042
67.92,6.792,5,0.2,7494,1,0.18338247993016554
42.048,5.256,9,0.2,7495,1,0.1273592111654494
73.344,27.504,3,0.2,7496,1,0.18508968689116623
13.904,4.5188,2,0.2,7497,1,0.18825568194809628
19.05,8.763,3,0.0,7498,1,0.19194958566853754
107.97,22.6737,3,0.0,7499,1,0.18106208554391812
1.988,-1.4413,1,0.6,7500,1,0.06873022282276742
39.28,19.2472,8,0.0,7501,1,0.1398910786697829
20.34,9.3564,3,0.0,7502,1,0.19175967834458546
220.2656,-42.1096,4,0.32,7503,1,0.12413157326531543
139.58,39.0824,7,0.0,7504,1,0.14542479972096561
12.39,5.6994,3,0.0,7505,1,0.19039327591278277
47.3,12.298,2,0.0,7506,1,0.18879629959400607
123.92,33.4584,4,0.0,7507,1,0.17554568992632968
33.12,11.592,4,0.2,7508,1,0.19247733581541537
28.08,5.265,3,0.2,7509,1,0.1914412936185803
6.848,0.7704,2,0.2,7510,1,0.18956342933238762
8.384,0.7336,1,0.2,7511,1,0.163180778063358
751.984,84.5982,2,0.2,7512,1,0.08335911932623552
1048.35,-69.89,5,0.4,7513,1,0.013152431390562103
4.91,2.4059,1,0.0,7514,1,0.15768581845442337
64.96,21.4368,2,0.0,7515,1,0.18467712300920203
220.704,-8.2764,6,0.2,7516,1,0.15906074673719361
23.68,6.216,8,0.2,7517,1,0.1363252060717816
15.528,4.8525,3,0.2,7518,1,0.19185482964805717
9.78,4.0098,2,0.0,7519,1,0.18814056974078486
4.842,-3.5508,3,0.7,7520,1,0.10186730127966415
43.372,-69.3952,7,0.8,7521,1,0.020938148439247017
23.24,7.553,5,0.2,7522,1,0.18562367068488056
13.896,-9.264,3,0.7,7523,1,0.10026381035793347
30.56,14.9744,4,0.0,7524,1,0.19290342633585555
62.96,28.332,4,0.0,7525,1,0.1877236604428129
11.952,3.8844,3,0.2,7526,1,0.18895623497491892
4.608,1.6704,2,0.2,7527,1,0.19016756890504444
5.76,2.8224,2,0.0,7528,1,0.18879529416910007
163.96,80.3404,4,0.0,7529,1,0.16149586493746626
10.368,3.6288,2,0.2,7530,1,0.18768173597953886
2.376,0.7425,3,0.2,7531,1,0.18973002862627314
677.58,-158.102,5,0.4,7532,1,0.03231281827164412
314.352,-15.7176,3,0.2,7533,1,0.16146897170726188
2803.92,0.0,5,0.2,7534,-1,-0.011002199359520404
933.262,-458.1468,4,0.45,7535,-1,-0.03955388912675761
4.608,1.4976,2,0.2,7536,1,0.1894837954984448
3.328,0.416,2,0.2,7537,1,0.18893471370956738
48.9,18.093,5,0.0,7538,1,0.1823936193602715
129.93,12.993,3,0.0,7539,1,0.1804632070145485
59.52,15.4752,3,0.0,7540,1,0.19049130724255203
34.4,15.824,5,0.0,7541,1,0.18583853004722478
15.7,7.065,5,0.0,7542,1,0.18439501305169193
159.56,59.0372,4,0.0,7543,1,0.16659152776144798
32.448,7.3008,2,0.2,7544,1,0.1885947566276014
373.47,-112.041,5,0.4,7545,1,0.05976623437046846
22.96,6.6584,7,0.0,7546,1,0.16236877881976414
64.2,-44.94,5,0.7,7547,1,0.05860154529759498
26.388,-17.592,4,0.7,7548,1,0.09139980286068894
8.0,2.8,2,0.2,7549,1,0.18780628416063788
25.92,12.4416,4,0.0,7550,1,0.1901917245002278
763.44,45.8064,8,0.0,7551,1,0.047057120599430124
69.52,19.4656,2,0.0,7552,1,0.18245099033361478
300.904,11.2839,1,0.2,7553,1,0.12552135319003044
243.16,72.948,2,0.0,7554,1,0.15184668527372658
2.202,-1.5414,2,0.7,7555,1,0.09512309107915956
9.396,-7.5168,3,0.7,7556,1,0.09763383510582219
2.313,-1.9275,1,0.7,7557,1,0.06728026178312796
9.11,4.0995,1,0.0,7558,1,0.15592534935574942
17.61,8.4528,3,0.0,7559,1,0.19261096976081665
32.4,15.552,5,0.0,7560,1,0.18583853004722478
16.91,4.5657,1,0.0,7561,1,0.1598916265828786
571.44,165.7176,4,0.0,7562,1,0.10453532397102738
183.96,20.6955,5,0.2,7563,1,0.17169704412858822
89.991,-152.9847,3,0.7,7564,1,0.027576027647844725
9.552,-7.3232,8,0.7,7565,1,0.042341915970012134
34.5,15.525,3,0.0,7566,1,0.19133850926492907
21.24,7.434,9,0.2,7567,1,0.1259253848841484
23.16,11.58,2,0.0,7568,1,0.18744390208083994
6.68,3.2064,1,0.0,7569,1,0.15862682569435888
6.48,3.11,1,0.0,7570,1,0.15862682569435888
623.4648,-119.1918,7,0.32,7571,1,0.03231500509582541
152.94,41.2938,3,0.0,7572,1,0.17128049513346316
54.66,18.0378,6,0.0,7573,1,0.16990813680168393
6.408,0.6408,3,0.2,7574,1,0.19004685143793504
11.06,-18.802,10,0.8,7575,-1,-0.002896199981826997
68.541,-52.5481,11,0.7,7576,-1,-0.008078625085000901
122.12,39.689,5,0.2,7577,1,0.16641825706627006
59.2,29.6,4,0.0,7578,1,0.18512815409615907
84.416,27.4352,4,0.2,7579,1,0.183581682421384
772.68,-57.951,5,0.2,7580,1,0.08854752246997821
191.968,28.7952,4,0.2,7581,1,0.17640189259224565
408.744,76.6395,7,0.2,7582,1,0.11248636857267358
627.168,70.5564,4,0.2,7583,1,0.11675312034757068
476.8,119.2,2,0.0,7584,1,0.11295676628674545
26.64,7.4592,1,0.0,7585,1,0.15207793233989286
1458.65,423.0085,5,0.0,7586,1,0.006841394216177243
87.444,18.4604,2,0.1,7587,1,0.1573051698851145
79.99,28.7964,1,0.0,7588,1,0.1411779171963235
419.944,52.493,7,0.2,7589,1,0.11636143898206497
128.058,-23.7822,3,0.3,7590,1,0.14656451044993102
47.992,-2.0568,2,0.3,7591,1,0.15119960162607804
81.08,22.7024,4,0.0,7592,1,0.18446566707024237
41.472,14.5152,8,0.2,7593,1,0.13999079432306194
3359.952,1049.985,6,0.2,7594,-1,-0.11235539080233758
207.0,25.875,3,0.2,7595,1,0.1748455564649894
286.85,63.107,1,0.0,7596,1,0.11151771112594933
147.92,46.225,5,0.2,7597,1,0.16202973802184661
65.232,22.0158,3,0.2,7598,1,0.18840811884239278
104.28,26.07,3,0.0,7599,1,0.18162876677279444
66.96,2.6784,4,0.0,7600,1,0.19025093966746298
199.98,87.9912,2,0.0,7601,1,0.14655337591245043
209.979,-356.9643,7,0.7,7602,-1,-0.03320967379995576
7.996,-6.9965,1,0.6,7603,1,0.06184095663777067
5.248,0.5904,2,0.2,7604,1,0.18871661322928157
43.92,12.7368,3,0.0,7605,1,0.1929344480838448
26.032,9.4366,2,0.2,7606,1,0.18557195159364936
37.59,17.6673,3,0.0,7607,1,0.18968798497960354
37.44,16.848,6,0.0,7608,1,0.1717211016553321
6.848,2.14,2,0.2,7609,1,0.18920992717812185
74.416,-14.8832,2,0.2,7610,1,0.17745469499644334
42.85,15.426,5,0.0,7611,1,0.1858645743962674
285.48,-10.7055,5,0.2,7612,1,0.15841250944591695
7.77,2.0979,1,0.0,7613,1,0.155343775563776
10.272,1.1556,3,0.2,7614,1,0.19006744420487692
19.168,6.4692,4,0.2,7615,1,0.19174850966153711
34.24,-53.072,4,0.8,7616,1,0.05141482820934973
5.904,1.9926,2,0.2,7617,1,0.189266003040457
6.16,2.9568,2,0.0,7618,1,0.1883324209796573
87.6,42.048,5,0.0,7619,1,0.16843959370529266
127.92,-15.99,5,0.2,7620,1,0.17049632534121056
238.62,4.7724,2,0.0,7621,1,0.16652486451437443
17.0,4.42,2,0.0,7622,1,0.19117152136785054
87.4,34.96,5,0.0,7623,1,0.17082037094625896
458.43,-124.431,5,0.3,7624,1,0.07813332864222144
20.768,2.3364,2,0.2,7625,1,0.19161586317671603
299.52,149.76,9,0.0,7626,1,0.05460899759506277
914.97,411.7365,3,0.0,7627,1,0.01989983362759251
180.96,81.432,2,0.0,7628,1,0.15160253333128143
58.48,27.4856,8,0.0,7629,1,0.14026515607757567
14.94,7.3206,3,0.0,7630,1,0.1901529108382825
530.34,95.4612,2,0.0,7631,1,0.10905949248673535
587.97,158.7519,3,0.0,7632,1,0.10501766905935656
261.96,23.5764,2,0.0,7633,1,0.1615000538181533
899.43,-12.849,5,0.3,7634,1,0.0687610315512639
18.28,6.2152,2,0.0,7635,1,0.1896537935103053
46.2,5.775,5,0.2,7636,1,0.1849409133633077
3.76,1.0904,2,0.0,7637,1,0.18447156510830814
14.7,6.615,5,0.0,7638,1,0.18297908039111271
37.2,9.3,5,0.0,7639,1,0.18577112781423133
58.17,-46.536,5,0.7,7640,1,0.056185608807061915
48.69,23.8581,9,0.0,7641,1,0.12399207778592303
5.04,1.764,2,0.2,7642,1,0.18801154546879933
74.0,37.0,5,0.0,7643,1,0.1721032520573711
47.952,16.1838,3,0.2,7644,1,0.1889463531435192
24.784,7.745,1,0.2,7645,1,0.16027717994954543
122.352,13.7646,3,0.2,1275,1,0.165694667214774
258.279,-70.1043,3,0.3,1276,1,0.0805088586506067
31.776,-19.0656,3,0.6,1277,1,0.07707518503169919
143.432,3.5858,1,0.2,1278,1,0.11542689719287696
6.192,0.4644,3,0.2,1279,1,0.17537718297418597
55.984,4.1988,2,0.2,1280,1,0.16801070860786516
1.788,-3.0396,3,0.8,1281,1,0.05197371278786467
14.48,4.887,5,0.2,1282,1,0.16400559415176735
15.072,-3.768,4,0.2,1283,1,0.16910264432089755
4.344,0.8688,3,0.2,1284,1,0.17514437117254927
4.928,1.7248,2,0.2,1285,1,0.17012333481486253
61.568,4.6176,2,0.2,1286,1,0.168989604778216
142.488,-3.5622,3,0.2,1287,1,0.1620315563519888
589.41,-6.549,5,0.1,1288,1,0.0908458392441831
95.648,31.0856,2,0.2,1289,1,0.14841226426499543
29.24,13.7428,4,0.0,1290,1,0.1796022941518437
14.45,6.7915,5,0.0,1291,1,0.16469708296236374
91.92,11.49,5,0.2,1292,1,0.16051674882608474
99.98,34.993,2,0.0,1293,1,0.1470112734278961
435.17,-59.84,4,0.2,1294,1,0.09914246105099689
72.9,26.97,5,0.0,1295,1,0.1631472402221678
206.35,5.16,3,0.2,1296,1,0.15900042675485188
15.8,4.11,4,0.0,1297,1,0.1755631872530119
14.9,6.85,5,0.0,1298,1,0.16687582229669845
7.99,2.7,1,0.2,1299,1,0.13672632219833603
15.36,7.68,2,0.0,1300,1,0.17251472825203612
83.92,-13.637,5,0.2,1301,1,0.15752915386765426
386.34,54.0876,2,0.0,1302,1,0.11665624200413405
9.09,1.9089,3,0.0,1303,1,0.1763392007032782
129.92,21.112,5,0.2,1304,1,0.1539819152904841
107.44,10.744,10,0.2,1305,1,0.09129656343916986
123.92,55.764,4,0.0,1306,1,0.15443061354235188
23.472,4.9878,3,0.2,1307,1,0.1802344413335243
144.6,41.934,3,0.0,1308,1,0.15882316606799823
88.768,31.0688,2,0.2,1309,1,0.14946527523024233
15.992,-2.9985,1,0.2,1310,1,0.13620717626720757
122.352,13.7646,3,0.2,1311,1,0.165694667214774
46.872,3.5154,7,0.2,1312,1,0.13872071636694006
255.85,112.574,7,0.0,1313,1,0.08907287223092875
18.264,-13.3936,2,0.7,1314,1,0.06476387804927508
0.898,-1.5715,1,0.8,1315,1,0.016712835320840336
11.98,-19.168,5,0.8,1316,1,0.03787364789184644
15.28,7.4872,2,0.0,1317,1,0.17251472825203612
101.994,-71.3958,2,0.7,1318,1,0.02114577652875349
719.952,71.9952,6,0.2,1319,1,0.08334199466378245
755.944,66.1451,7,0.2,1320,1,0.07394914622536808
433.568,-65.0352,2,0.2,1321,1,0.08641349193191744
63.47,19.041,11,0.0,1322,1,0.0825956390923791
8.92,3.9248,4,0.0,1323,1,0.17054448786091492
7.64,3.7436,1,0.0,1324,1,0.1367578884271718
201.432,67.9833,3,0.2,1325,1,0.13710879260361103
7.31,3.4357,1,0.0,1326,1,0.13846973526617706
31.92,8.2992,4,0.0,1327,1,0.17868129179993614
281.904,10.5714,2,0.2,1328,1,0.14002953019191772
345.0,58.65,5,0.0,1329,1,0.1307421097537752
14.9,4.172,5,0.0,1330,1,0.16842669553438921
21.39,6.2031,1,0.0,1331,1,0.139663130589328
22.24,2.502,2,0.2,1332,1,0.17542501298880486
245.98,27.0578,2,0.0,1333,1,0.13270296086110178
1298.55,311.652,5,0.0,1334,-1,-0.009177267946964163
213.92,62.0368,4,0.0,1335,1,0.14271709080066125
11.52,3.2256,4,0.0,1336,1,0.1710950960426147
15.18,7.1346,3,0.0,1337,1,0.17534108117196556
7.752,2.8101,3,0.2,1338,1,0.17539430845893272
18.94,9.47,1,0.0,1339,1,0.13366840731846086
36.4,17.472,5,0.0,1340,1,0.1659727500718139
315.2,6.304,4,0.0,1341,1,0.14368256210562125
25.78,2.578,2,0.0,1342,1,0.1734012836893149
22.96,4.3624,2,0.0,1343,1,0.17474683161941484
1628.82,260.6112,9,0.0,1344,-1,-0.06043600325185983
3.16,-8.532,4,0.8,1345,1,0.0472324602125781
2.946,-4.8609,3,0.8,1346,1,0.05197371278786467
22.92,11.0016,4,0.0,1347,1,0.17616932240419514
19.136,6.9368,4,0.2,1348,1,0.1740875864085148
322.192,100.685,13,0.2,1349,-1,-0.008445117719022122
79.45,22.246,7,0.0,1350,1,0.1363071561838406
269.9,16.194,5,0.0,1351,1,0.1445686934738455
177.0,30.09,3,0.0,1352,1,0.15354409843610684
1999.96,624.9875,5,0.2,1353,-1,-0.08442238635780108
183.372,-7.8588,2,0.3,1354,1,0.10182385327531507
15.384,4.0383,1,0.2,1355,1,0.13801369195334245
7.968,2.8884,2,0.2,1356,1,0.1696753421807215
14.352,5.0232,3,0.2,1357,1,0.17825138369994303
179.97,86.3856,3,0.0,1358,1,0.13697071152781332
5.312,-1.5936,2,0.6,1359,1,0.07511462027096127
10.78,-17.248,5,0.8,1360,1,0.03952773008990795
119.976,-17.9964,3,0.2,1361,1,0.16031476037421916
545.88,70.9644,6,0.0,1362,1,0.09360043855569222
605.34,145.2816,6,0.0,1363,1,0.062207367073297104
1.344,0.4704,1,0.2,1364,1,0.13460381720795594
52.512,19.692,6,0.2,1365,1,0.14328199734161184
61.96,27.882,2,0.0,1366,1,0.1596835777639899
10.048,3.14,4,0.2,1367,1,0.17012868361397276
275.97,11.0388,3,0.0,1368,1,0.14727397593042924
186.912,-35.046,6,0.2,1369,1,0.12381991469819487
1394.95,362.687,5,0.0,1370,-1,-0.023187044269448065
2.992,1.122,1,0.2,1371,1,0.1378553271089734
20.064,7.0224,6,0.2,1372,1,0.1510450519170506
18.75,9.0,5,0.0,1373,1,0.1674445404099137
146.73,68.9631,3,0.0,1374,1,0.14661087446969817
13.44,6.5856,3,0.0,1375,1,0.17288581385972518
117.576,11.7576,3,0.2,1376,1,0.16867379829371643
321.552,20.097,6,0.2,1377,1,0.13215169374921598
117.576,11.7576,3,0.2,1378,1,0.16867379829371643
56.56,14.71,4,0.0,1379,1,0.17816149824951866
32.7,8.5,3,0.0,1380,1,0.18058035941338668
328.59,-147.8655,3,0.4,1381,1,0.03237732598932197
8.682,-14.7594,1,0.8,1382,1,0.004259426140900913
24.424,7.9378,1,0.2,1383,1,0.1371682371392775
3.808,1.2376,1,0.2,1384,1,0.13831384629433013
98.352,-24.588,3,0.2,1385,1,0.15448923250906166
211.96,8.4784,4,0.0,1386,1,0.15065212495262498
505.32,31.5825,3,0.2,1387,1,0.1258680227831746
319.968,71.9928,4,0.2,1388,1,0.13052805280013602
409.59,-122.877,3,0.4,1389,1,0.02686387893735953
591.32,112.3508,4,0.0,1390,1,0.08485418689346047
121.792,13.7016,4,0.2,1391,1,0.1653115653619197
2.84,0.8804,1,0.0,1392,1,0.13443047241675332
36.36,12.2715,3,0.2,1393,1,0.17830847746607403
194.7,9.735,5,0.0,1394,1,0.15147866793123427
129.92,10.3936,4,0.0,1395,1,0.16163217943259633
93.888,12.9096,4,0.2,1396,1,0.16771974312707505
34.272,11.1384,3,0.2,1397,1,0.17912488793073666
11.85,3.792,3,0.0,1398,1,0.1748356086444215
10.368,3.6288,2,0.2,1399,1,0.1704542641395836
13.698,-9.5886,3,0.7,1400,1,0.07970977258578055
49.408,18.528,4,0.2,1401,1,0.1691301334855813
40.776,0.5097,3,0.2,1402,1,0.1764511424272167
63.92,3.196,4,0.0,1403,1,0.17706720579143853
383.96,38.396,5,0.2,1404,1,0.13343252966481767
11.952,4.0338,3,0.2,1405,1,0.17606913915281702
10.368,3.6288,2,0.2,1406,1,0.1704542641395836
616.998,-36.294,6,0.15,1407,1,0.06335436148253137
7.184,2.245,2,0.2,1408,1,0.1711442541811411
141.4,38.178,5,0.0,1409,1,0.1513072351436625
480.74,14.4222,2,0.0,1410,1,0.11700178351902912
6.28,0.0628,2,0.0,1411,1,0.16942626273416433
257.98,74.8142,2,0.0,1412,1,0.11394611822106793
75.88,35.6636,2,0.0,1413,1,0.15283532136637956
1.98,0.891,2,0.0,1414,1,0.16672007751017537
2735.952,341.994,6,0.2,1415,-1,-0.08091203527242852
1604.9,481.47,5,0.0,1416,-1,-0.05925785236293801
146.352,-9.147,3,0.2,1417,1,0.1604871171249087
17.67,7.7748,3,0.0,1418,1,0.17728711077396303
14.76,4.2804,2,0.0,1419,1,0.17405977675282153
385.686,-60.6078,1,0.3,1420,1,0.02137345311028427
1421.664,-734.5264,8,0.4,1421,-1,-0.08822614774652193
12.39,3.717,3,0.0,1422,1,0.17387071341392202
49.25,18.715,5,0.0,1423,1,0.16619973397782906
15.968,5.3892,2,0.2,1424,1,0.1737960694114949
34.08,15.6768,2,0.0,1425,1,0.16772695751563677
19.296,6.03,3,0.2,1426,1,0.1786571583847651
11.34,5.2164,3,0.0,1427,1,0.17350801913416541
64.74,30.4278,13,0.0,1428,1,0.024175471136390958
10.16,4.7752,2,0.0,1429,1,0.16953740651865007
405.64,12.1692,4,0.0,1430,1,0.13160685717486303
80.3,20.878,5,0.0,1431,1,0.16321985744354217
251.91,47.8629,9,0.0,1432,1,0.09137844777706855
742.336,83.5128,8,0.2,1433,1,0.060307095766639285
73.584,8.2782,2,0.2,1434,1,0.16703598500475925
68.704,16.3172,2,0.2,1435,1,0.1631026029673074
31.68,9.8208,6,0.0,1436,1,0.1552613381345626
533.94,154.8426,3,0.0,1437,1,0.08205407107292068
76.12,22.0748,2,0.0,1438,1,0.15885777684213825
10.272,0.8988,3,0.2,1439,1,0.17515987885722512
43.176,4.3176,3,0.2,1440,1,0.17533599096889774
5.64,1.6356,3,0.0,1441,1,0.1725923705815971
3.132,-2.61,2,0.7,1442,1,0.07103132301029391
22.428,-17.9424,3,0.7,1443,1,0.07307097328632217
7.52,1.41,5,0.2,1444,1,0.1610954401480626
47.808,15.5376,12,0.2,1445,1,0.055188816281228514
44.4,22.2,3,0.0,1446,1,0.17360700403445134
15.696,5.1012,3,0.2,1447,1,0.17781632806344633
167.94,82.2906,3,0.0,1448,1,0.13736387726332755
21.4,9.63,5,0.0,1449,1,0.16622716940956317
69.52,19.4656,2,0.0,1450,1,0.1628341129564817
443.92,-94.333,5,0.2,1451,1,0.08817160139666164
155.976,54.5916,3,0.2,1452,1,0.14528732066954075
1983.968,247.996,4,0.2,1453,-1,-0.042694215379595946
978.84,110.1195,9,0.2,1454,1,0.022806489330214452
89.34,24.1218,6,0.0,1455,1,0.14959440811979352
19.242,-13.4694,3,0.7,1456,1,0.07331231118810388
34.86,16.0356,7,0.0,1457,1,0.14571870574124945
362.92,105.2468,2,0.0,1458,1,0.0954695190695326
41.94,15.0984,2,0.0,1459,1,0.16888164743054535
799.92,239.976,10,0.2,1460,-1,-0.027182125395763812
539.964,-107.9928,6,0.4,1461,1,0.011614779701817901
50.232,-10.0464,7,0.4,1462,1,0.07246556536448157
46.384,5.2182,2,0.2,1463,1,0.17103813536501888
52.792,4.6193,1,0.2,1464,1,0.13061672101958333
88.776,7.7679,3,0.2,1465,1,0.17088074015923133
410.352,-51.294,3,0.2,1466,1,0.10514044690994484
945.036,-299.2614,6,0.4,1467,-1,-0.03277376015214173
6.72,3.36,4,0.0,1468,1,0.1699497969277599
5.76,2.8224,2,0.0,1469,1,0.17227907083737004
48.896,18.336,2,0.2,1470,1,0.163414667946922
14.301,-10.4874,7,0.7,1471,1,0.03621084761841731
7.856,2.8478,2,0.2,1472,1,0.16957153747278558
3.488,1.1772,2,0.2,1473,1,0.170019644073797
143.856,48.5514,9,0.2,1474,1,0.10439121060165624
25.984,-1.624,2,0.2,1475,1,0.1721379289441649
286.344,-64.4274,3,0.2,1476,1,0.1162146123482185
11.64,3.3756,3,0.0,1477,1,0.17532170090527294
89.97,18.8937,3,0.0,1478,1,0.1732304735499947
783.96,219.5088,4,0.0,1479,1,0.038459090527061535
135.882,24.1568,1,0.1,1480,1,0.09132126904496302
35.34,13.4292,2,0.0,1481,1,0.17285415580897306
573.728,-64.5444,4,0.2,1482,1,0.0840149938626184
58.24,5.096,5,0.2,1483,1,0.1663837634880007
2.94,0.7938,1,0.0,1484,1,0.13521390221557167
52.064,18.8732,4,0.2,1485,1,0.1679019371995028
21.936,8.226,3,0.2,1486,1,0.17791510667966565
8.376,2.7222,3,0.2,1487,1,0.1738648245500602
19.44,9.3312,3,0.0,1488,1,0.1781874391446865
43.57,13.071,1,0.0,1489,1,0.1338885419148143
360.0,129.6,4,0.0,1490,1,0.10457089628571808
3991.98,1995.99,2,0.0,1491,-1,-0.1447668336109985
447.968,139.99,4,0.2,1492,1,0.08384452730201397
666.344,66.6344,7,0.2,1493,1,0.08436897412998234
275.94,80.0226,6,0.0,1494,1,0.11781307141588687
149.9,40.473,5,0.0,1495,1,0.1515022677141542
20.04,8.8176,6,0.0,1496,1,0.15235851455018745
273.568,-34.196,2,0.2,1497,1,0.12380600452484358
13.194,-8.796,2,0.7,1498,1,0.0694224475571682
1080.096,-94.5084,6,0.2,1499,1,0.030954547297779578
51.56,-6.445,5,0.2,1500,1,0.1626819540520043
47.79,16.2486,3,0.0,1501,1,0.18004715740363758
58.416,16.7946,2,0.2,1502,1,0.1630117799688947
43.68,20.9664,6,0.0,1503,1,0.1539929943504752
683.144,0.0,4,0.3,1504,1,0.06385871167611357
245.88,68.8464,6,0.0,1505,1,0.12409201152949006
120.768,9.0576,4,0.2,1506,1,0.1679401764656135
1.476,-2.214,3,0.8,1507,1,0.05202647817543549
26.046,-44.2782,3,0.8,1508,1,0.03103115362141251
123.144,46.179,7,0.2,1509,1,0.12813779532649816
12.39,5.8233,3,0.0,1510,1,0.1755113864794169
74.352,26.9526,3,0.2,1511,1,0.16538380179010553
5.92,2.8416,4,0.0,1512,1,0.17107570797772953
30.18,13.8828,3,0.0,1513,1,0.1824688934328504
25.92,9.072,5,0.2,1514,1,0.16670202174078008
22.58,5.8708,2,0.0,1515,1,0.1770841730559295
36.63,9.8901,3,0.0,1516,1,0.18026436631872644
40.712,3.5623,7,0.2,1517,1,0.14027787813606957
333.576,25.0182,3,0.2,1518,1,0.14200515622312193
222.666,10.4784,2,0.15,1519,1,0.1297238446295923
56.52,21.4776,9,0.0,1520,1,0.11822561218633676
62.65,28.819,7,0.0,1521,1,0.14223116576362027
94.85,45.528,5,0.0,1522,1,0.1510816221824724
92.52,24.9804,6,0.0,1523,1,0.14946221395756487
340.92,3.4092,3,0.0,1524,1,0.13767922898612717
703.968,87.996,4,0.2,1525,1,0.09719390938838807
563.94,112.788,3,0.0,1526,1,0.09247422994179516
39.88,11.1664,2,0.0,1527,1,0.17430814072260786
53.2,14.896,5,0.0,1528,1,0.17167218972964954
3.9,1.521,2,0.0,1529,1,0.1699834355466242
39.84,18.3264,8,0.0,1530,1,0.1317958616760062
12.84,5.778,3,0.0,1531,1,0.1755113864794169
62.24,28.008,8,0.0,1532,1,0.13130925137332333
15.84,7.128,3,0.0,1533,1,0.176338371613883
535.41,160.623,3,0.0,1534,1,0.08318363765783549
62.94,11.9586,3,0.0,1535,1,0.17988996036280924
10.99,4.2861,1,0.0,1536,1,0.13579106029316718
601.536,60.1536,8,0.2,1537,1,0.0782866124384215
521.96,-250.5408,4,0.5,1538,-1,-0.012209032324632996
603.92,75.49,5,0.2,1539,1,0.10624057116081931
112.648,11.2648,1,0.2,1540,1,0.12452058794875553
797.944,-56.996,4,0.3,1541,1,0.04125176725860036
10.984,-7.9634,2,0.6,1542,1,0.07511315717565015
23.968,7.7896,2,0.2,1543,1,0.17475389800655183
7.78,2.0228,2,0.0,1544,1,0.1726050426342029
22.98,6.894,1,0.0,1545,1,0.13706899432207253
3.392,0.8056,1,0.2,1546,1,0.1379191497727576
30.48,7.9248,3,0.0,1547,1,0.18048074514683038
67.56,6.756,3,0.2,1548,1,0.1755964029602446
1.234,-1.9744,1,0.8,1549,1,0.01849649707591383
896.99,-1480.0335,5,0.8,1550,-1,-0.09105454643900612
2033.584,762.594,2,0.2,1551,-1,-0.08842334792398021
262.336,95.0968,8,0.2,1552,1,0.08407485503033163
46.35,21.7845,5,0.0,1553,1,0.1653289327577518
123.92,55.764,4,0.0,1554,1,0.15385913984772087
21.72,7.8735,5,0.2,1555,1,0.16681668614797485
223.92,109.7208,4,0.0,1556,1,0.12049792064569037
665.88,13.3176,6,0.0,1557,1,0.08772271518924207
7.3,2.19,2,0.0,1558,1,0.17497745719464208
102.13,15.3195,7,0.0,1559,1,0.13945271627489475
559.984,55.9984,2,0.2,1560,1,0.10750086815814058
575.928,57.5928,9,0.2,1561,1,0.06377008238822202
148.48,16.704,2,0.2,1562,1,0.15483900509280907
241.176,15.0735,3,0.2,1563,1,0.15268716825616124
67.9932,-12.9987,1,0.32,1564,1,0.06597324350280243
25.128,-6.9102,3,0.6,1565,1,0.08687915776916666
629.064,31.4532,3,0.2,1566,1,0.11756814581876135
2.672,0.334,1,0.2,1567,1,0.13590377755402988
7.872,0.8856,3,0.2,1568,1,0.1756406341136006
11.96,5.8604,2,0.0,1569,1,0.173050340270624
36.288,12.7008,7,0.2,1570,1,0.14054652008112178
49.632,4.9632,4,0.2,1571,1,0.17281673936272052
16.656,-3.123,6,0.2,1572,1,0.14624679507082172
127.984,25.5968,2,0.2,1573,1,0.1501459952694319
79.512,20.8719,3,0.2,1574,1,0.1659356312110526
69.264,14.6224,2,0.1,1575,1,0.148118690504347
11.52,5.6448,4,0.0,1576,1,0.17247488769253316
12.72,6.36,3,0.0,1577,1,0.17428729070289606
43.8,21.024,10,0.0,1578,1,0.093175986643598
32.4,15.552,5,0.0,1579,1,0.1721141984561323
11.36,5.2256,2,0.0,1580,1,0.1743863865676638
20.736,7.2576,4,0.2,1581,1,0.17365464754388021
832.93,233.2204,7,0.0,1582,1,0.008813477451627527
10.11,3.2352,3,0.0,1583,1,0.1761191623155583
333.056,29.1424,2,0.2,1584,1,0.12989553611146465
4.224,0.4752,3,0.2,1585,1,0.1739092015666308
604.656,204.0714,9,0.2,1586,1,0.008400936875318399
24.896,7.78,4,0.2,1587,1,0.17470929075518654
10.95,3.285,3,0.0,1588,1,0.1763907890671168
20.46,5.3196,2,0.0,1589,1,0.17947516877865538
772.47,146.7693,3,0.0,1590,1,0.0629136981628855
305.9745,25.1979,3,0.15,1591,1,0.12961096729871097
37.296,-1.0656,2,0.3,1592,1,0.12261487682742284
29.12,14.2688,4,0.0,1593,1,0.17900778978173987
78.35,36.8245,5,0.0,1594,1,0.16045140554306286
5.22,2.4012,2,0.0,1595,1,0.17258688913993914
31.68,14.256,6,0.0,1596,1,0.15982251065249775
169.45,42.3625,5,0.0,1597,1,0.14874613039336881
344.91,10.3473,3,0.0,1598,1,0.13811143894065636
273.96,10.9584,2,0.0,1599,1,0.1354681816568829
79.968,-17.9928,4,0.2,1600,1,0.1597325081328046
4007.84,-50.098,10,0.2,1601,-1,-0.09838346892686511
479.9,81.583,5,0.0,1602,1,0.1199489145198126
657.93,-93.99,5,0.3,1603,1,0.039422530616599394
124.41,14.9292,3,0.0,1604,1,0.16667947356159235
241.44,72.432,3,0.0,1605,1,0.13728708883611757
57.75,26.565,5,0.0,1606,1,0.16688503579357228
2152.776,726.5619,3,0.2,1607,-1,-0.08756080030103963
7.08,2.478,3,0.2,1608,1,0.17581090760706902
12.448,3.89,2,0.2,1609,1,0.17339310324286067
733.95,352.296,7,0.0,1610,-1,-0.013843684139861145
34.44,17.22,3,0.0,1611,1,0.17946731423845286
2934.33,792.2691,7,0.0,1612,-1,-0.11079095093007807
99.98,7.9984,2,0.0,1613,1,0.1609812776170158
424.116,-30.294,6,0.3,1614,1,0.06861487367650854
392.94,43.2234,3,0.0,1615,1,0.1361276249743164
60.312,5.2773,3,0.2,1616,1,0.1742625633775225
8.544,-7.476,2,0.6,1617,1,0.07577494978288724
137.54,55.016,2,0.0,1618,1,0.13513859629008257
145.98,-99.2664,2,0.5,1619,1,0.028744240956987466
292.1,-175.26,4,0.5,1620,1,0.017104672417446176
730.2,94.926,4,0.0,1621,1,0.08028703248418517
14.48,-23.892,5,0.8,1622,1,0.03503735176045153
11.808,-8.6592,8,0.7,1623,1,0.02080849938312379
50.997,-40.7976,1,0.7,1624,1,0.008885255523291113
1.944,-1.4256,3,0.7,1625,1,0.07985674511099777
2.892,-4.9164,3,0.8,1626,1,0.055000772809809084
35.808,12.5328,4,0.2,1627,1,0.1735231534103382
21.98,9.891,7,0.0,1628,1,0.13827494243915828
381.72,-66.801,5,0.2,1629,1,0.10573113750619445
67.15,16.7875,5,0.0,1630,1,0.17051718106233732
76.792,-16.3183,1,0.2,1631,1,0.11716793389022567
539.964,-107.9928,6,0.4,1632,1,0.010080624399486982
9.588,-2.0774,2,0.4,1633,1,0.1009933198573611
1025.88,235.9524,6,0.0,1634,1,0.010048025663158544
213.08,102.2784,7,0.0,1635,1,0.09305671194710691
9.96,4.5816,2,0.0,1636,1,0.17235984443768992
22.5,10.8,6,0.0,1637,1,0.1526041880660033
166.44,79.8912,3,0.0,1638,1,0.13849665144002782
5.88,1.9845,1,0.2,1639,1,0.14052509156141668
221.16,57.5016,4,0.0,1640,1,0.14659006617572323
29.0,7.25,2,0.0,1641,1,0.174111381900726
47.496,-1.1874,1,0.2,1642,1,0.13484288310093423
281.97,78.9516,3,0.0,1643,1,0.13431157533551857
4548.81,1228.1787,7,0.0,1644,-1,-0.14438676734515388
503.96,131.0296,4,0.0,1645,1,0.09528448466006567
149.95,41.986,5,0.0,1646,1,0.15139274723387208
12.96,4.536,3,0.2,1647,1,0.17813020531697732
34.74,17.37,3,0.0,1648,1,0.17939816489502014
25.92,12.4416,4,0.0,1649,1,0.17856121456621027
833.94,216.8244,6,0.0,1650,1,0.023855327682877903
5.46,1.4742,3,0.0,1651,1,0.17617529546302063
1.632,0.5508,1,0.2,1652,1,0.13776652246556365
6.58,3.0268,2,0.0,1653,1,0.1739733303935136
12.96,6.2208,2,0.0,1654,1,0.17167917496146723
629.1,301.968,6,0.0,1655,1,0.02500019903427997
193.95,9.6975,3,0.0,1656,1,0.15220482559723797
94.99,28.497,1,0.0,1657,1,0.12226961956566657
36.99,9.9873,1,0.0,1658,1,0.13640546656699426
267.96,16.7475,5,0.2,1659,1,0.14631769202769446
675.12,290.3016,3,0.0,1660,1,0.03942893710695372
319.9,156.751,5,0.0,1661,1,0.09244745168867957
6.928,-11.0848,1,0.8,1662,1,0.013615145865994993
9.98,-16.467,5,0.8,1663,1,0.04344642203418314
11.36,5.3392,2,0.0,1664,1,0.17398667663147682
16.23,7.9527,3,0.0,1665,1,0.17654020461330572
9.96,4.8804,2,0.0,1666,1,0.17330586681136456
53.82,24.219,9,0.0,1667,1,0.11282759038498813
381.44,23.84,2,0.2,1668,1,0.12714984240658234
603.92,-67.941,5,0.2,1669,1,0.08427280026196071
155.372,-35.5136,2,0.3,1670,1,0.0876574482996938
6.368,-2.5472,2,0.6,1671,1,0.07674275548972664
34.176,-87.1488,3,0.8,1672,1,0.017398363014792695
14.67,6.7482,3,0.0,1673,1,0.17728549152463252
23.472,8.802,3,0.2,1674,1,0.1795585658111321
62.808,21.1977,3,0.2,1675,1,0.17031974130090405
21.84,10.4832,3,0.0,1676,1,0.1768047834172422
23.68,8.88,2,0.2,1677,1,0.17454338126223107
29.99,6.2979,1,0.0,1678,1,0.1407054733058669
5.544,1.6632,7,0.2,1679,1,0.13429579203543796
611.058,-34.9176,3,0.3,1680,1,0.06653857632265703
120.712,-18.1068,1,0.2,1681,1,0.11342929809207236
151.72,27.3096,4,0.0,1682,1,0.15650971988858486
111.15,48.906,5,0.0,1683,1,0.1471169953057611
35.168,9.6712,7,0.2,1684,1,0.13954431249543736
151.92,45.576,4,0.0,1685,1,0.15339186729415916
2.624,0.4264,1,0.2,1686,1,0.139332465979834
5.742,-4.5936,3,0.7,1687,1,0.08108887204748055
12.096,4.2336,7,0.2,1688,1,0.13497392208044495
196.62,96.3438,2,0.0,1689,1,0.11164765514134506
25.92,12.4416,4,0.0,1690,1,0.17862506325393496
144.12,69.1776,3,0.0,1691,1,0.1464339566920536
15.96,7.98,2,0.0,1692,1,0.17430537643948746
197.58,53.3466,2,0.0,1693,1,0.12884539899092873
646.2,-8.0775,5,0.2,1694,1,0.10972492844254073
485.88,9.7176,6,0.0,1695,1,0.10881045581666926
111.79,43.5981,7,0.0,1696,1,0.12357645161953634
1049.97,-209.994,5,0.4,1697,-1,-0.018566254399588478
1502.376,-250.396,4,0.4,1698,-1,-0.04961012053727598
99.12,35.4144,8,0.0,1699,1,0.12197312035747915
99.12,35.4144,8,0.0,1700,1,0.12197312035747915
275.952,-37.9434,3,0.2,1701,1,0.137113537887944
725.344,54.4008,4,0.2,1702,1,0.104102118343812
6.096,-3.9624,3,0.6,1703,1,0.08823457826388709
52.96,20.1248,2,0.0,1704,1,0.16541516894674507
23.88,10.5072,3,0.0,1705,1,0.17693249276537437
1218.735,-121.8735,5,0.3,1706,-1,-0.008429648226831676
320.88,93.0552,6,0.0,1707,1,0.1069279280510918
51.016,8.2901,7,0.2,1708,1,0.13757045008205754
7.44,2.604,3,0.0,1709,1,0.17701530596713627
5.904,1.9926,2,0.2,1710,1,0.17428930703089812
2.52,0.882,1,0.2,1711,1,0.1408243617743835
26.76,12.3096,4,0.0,1712,1,0.1787061762819172
15.696,5.1012,3,0.2,1713,1,0.18087426889775543
1117.92,55.896,4,0.0,1714,1,0.06560795265630148
24.672,0.0,3,0.2,1715,1,0.17874272118266799
539.92,47.243,5,0.2,1716,1,0.11747426230295865
19.3,-14.475,5,0.6,1717,1,0.07583468284626049
40.54,11.3512,2,0.0,1718,1,0.17380435283731932
17.088,5.7672,4,0.2,1719,1,0.17592385218155715
12.912,4.6806,3,0.2,1720,1,0.17797423672240736
7.312,2.5592,1,0.2,1721,1,0.14110808456083285
4.32,1.512,3,0.2,1722,1,0.17761061022182234
93.15,44.712,9,0.0,1723,1,0.1015824454731219
11.52,5.6448,4,0.0,1724,1,0.17234507433782692
81.98,40.1702,2,0.0,1725,1,0.14584369421525578
15.552,5.4432,3,0.2,1726,1,0.18087426889775543
14.94,7.0218,3,0.0,1727,1,0.17648672836047036
669.08,-167.27,5,0.2,1728,1,0.057083732146719135
438.336,-87.6672,4,0.2,1729,1,0.09763131851078877
279.96,78.3888,4,0.0,1730,1,0.13449647220759137
199.9,39.98,5,0.0,1731,1,0.14939931589182337
3.76,1.316,2,0.0,1732,1,0.1717286864913009
411.332,-4.8392,4,0.15,1733,1,0.10883553856849792
397.6,43.736,5,0.0,1734,1,0.128781928287931
43.68,11.7936,3,0.0,1735,1,0.17876591996727276
14.67,3.9609,3,0.0,1736,1,0.1792138269656065
13.12,4.3296,4,0.0,1737,1,0.1712027265325765
45.66,22.3734,3,0.0,1738,1,0.17595503691494702
17.248,6.0368,2,0.2,1739,1,0.18050493444258192
64.02,29.4492,6,0.0,1740,1,0.15010137719389505
41.4,19.872,4,0.0,1741,1,0.175995758636321
85.96,40.4012,7,0.0,1742,1,0.1300159128473718
7.36,0.1472,2,0.0,1743,1,0.17362976232126992
139.93,34.9825,7,0.0,1744,1,0.13119894440544078
998.85,-199.77,5,0.4,1745,-1,-0.011888555435155213
12.624,3.945,2,0.2,1746,1,0.17714923191787052
30.4,15.2,5,0.0,1747,1,0.17508957881369064
5.04,1.764,2,0.2,1748,1,0.17742689095035447
25.06,11.7782,2,0.0,1749,1,0.17516106070144138
575.92,71.99,2,0.2,1750,1,0.10375424357110358
6.642,-4.428,9,0.7,1751,1,0.00848368332595062
62.28,29.2716,4,0.0,1752,1,0.1755521533331434
47.992,3.5994,7,0.2,1753,1,0.14084398178337337
102.24,-16.614,4,0.2,1754,1,0.16247013556626616
909.72,-51.984,6,0.3,1755,1,0.026753142466028446
2807.84,673.8816,8,0.0,1756,-1,-0.11234254933673182
674.058,-19.2588,3,0.3,1757,1,0.06734397293692951
8.128,1.4224,2,0.2,1758,1,0.17586686747987978
58.2,28.518,3,0.0,1759,1,0.17876149558451415
9.82,3.2406,2,0.0,1760,1,0.17433357810828232
45.84,15.5856,3,0.0,1761,1,0.18184182309024427
46.64,12.5928,4,0.0,1762,1,0.18019580571835353
36.288,12.7008,7,0.2,1763,1,0.1429147805251632
659.988,109.998,2,0.4,1764,1,0.018815431128094362
95.968,9.5968,4,0.2,1765,1,0.17395026563856836
271.9,78.851,2,0.0,1766,1,0.11706683346613839
883.92,-110.49,5,0.2,1767,1,0.060925495585091194
239.84,64.7568,8,0.0,1768,1,0.10172181857621831
58.36,-24.803,5,0.6,1769,1,0.07066307371721903
39.96,-23.976,5,0.6,1770,1,0.07019572620969605
60.72,23.6808,3,0.0,1771,1,0.1804036988287347
2.394,-6.3441,1,0.8,1772,1,0.029477803626223875
16.464,1.4406,7,0.2,1773,1,0.13767672223065264
46.72,15.768,8,0.2,1774,1,0.1300384167266488
15.66,7.2036,6,0.0,1775,1,0.14881765604115643
15.24,7.1628,3,0.0,1776,1,0.17754502204335415
146.82,73.41,3,0.0,1777,1,0.14663449229163544
5.95,0.833,1,0.0,1778,1,0.139373541783116
119.8,29.95,5,0.2,1779,1,0.16154391244951843
119.96,52.7824,4,0.0,1780,1,0.15475473596814288
58.36,-24.803,5,0.6,1781,1,0.07276737069392403
39.96,-20.976,5,0.6,1782,1,0.07467514029802791
16.464,2.4406,7,0.2,1783,1,0.13979930440128696
25.92,12.4416,4,0.0,1784,1,0.18088456302289946
479.96,134.3888,4,0.0,1785,1,0.09420383025553308
129.98,62.3904,2,0.0,1786,1,0.1360968953878095
25.08,9.03,6,0.0,1787,1,0.15756882174439796
16.9,6.25,5,0.0,1788,1,0.1717602982067043
250.26,72.5754,6,0.0,1789,1,0.1227012393259434
1113.024,111.3024,8,0.2,1790,1,0.02509246769665452
26.46,11.907,9,0.0,1791,1,0.11991814433300174
29.94,-23.952,4,0.7,1792,1,0.07198340208805154
348.488,117.6147,7,0.2,1793,1,0.07980078893371467
15.0,7.2,3,0.0,1794,1,0.17935872248584184
98.376,35.6613,3,0.2,1795,1,0.1681046971981865
49.12,23.0864,4,0.0,1796,1,0.1776074033548537
17.472,5.6784,3,0.2,1797,1,0.18545116827113833
172.736,-30.2288,4,0.2,1798,1,0.15630385674518132
24.56,6.8768,2,0.0,1799,1,0.17813246806344318
24.816,1.8612,2,0.2,1800,1,0.18131808660646898
408.744,76.6395,7,0.2,1801,1,0.10055809661285459
179.94,-44.985,2,0.4,1802,1,0.07104163229657146
36.738,-9.1845,1,0.4,1803,1,0.07032343589973089
167.968,62.988,4,0.2,1804,1,0.1475587826480771
10.776,-4.8492,3,0.6,1805,1,0.09705170143824371
23.976,-14.3856,3,0.6,1806,1,0.09049365997089959
275.49,-170.8038,1,0.5,1807,-1,-0.020022328491422714
214.95,-120.372,5,0.5,1808,1,0.03365288478077322
14.016,-31.536,4,0.8,1809,1,0.044858211690453564
4.6,-8.05,2,0.8,1810,1,0.05826010379454938
42.208,13.7176,2,0.2,1811,1,0.17457569778712329
1261.33,327.9458,7,0.0,1812,-1,-0.015618902116621536
53.424,4.6746,3,0.2,1813,1,0.18047856745706592
35.168,-8.3524,2,0.2,1814,1,0.1782351918320471
35.04,-7.008,4,0.2,1815,1,0.17694791653308983
8.64,2.4192,3,0.0,1816,1,0.18010131946838515
164.88,80.7912,3,0.0,1817,1,0.14118491882213985
105.52,48.5392,4,0.0,1818,1,0.15826105501359505
269.36,70.0336,7,0.0,1819,1,0.11354172370380639
603.92,45.294,5,0.2,1820,1,0.12370362487583808
39.88,11.1664,2,0.0,1821,1,0.17784756470613372
79.44,28.5984,3,0.0,1822,1,0.1745967599016498
6.456,-4.5192,4,0.7,1823,1,0.08397071143733081
27.888,9.0636,7,0.2,1824,1,0.14662877388032075
11.52,3.744,5,0.2,1825,1,0.17265911114200472
10.368,3.6288,2,0.2,1826,1,0.17935643473755053
45.68,21.0128,2,0.0,1827,1,0.1701565943548578
60.416,6.0416,2,0.2,1828,1,0.17527467497489252
39.072,2.9304,3,0.2,1829,1,0.1829068039140655
13.88,-2.6025,5,0.2,1830,1,0.17228525068014766
103.92,-18.186,10,0.2,1831,1,0.08869551046189555
52.68,19.755,3,0.2,1832,1,0.17539432171642827
20.388,-53.0088,2,0.8,1833,1,0.030092573317204607
30.672,9.585,3,0.2,1834,1,0.1862907069604155
8.448,2.9568,2,0.2,1835,1,0.1773131781158387
10.688,3.7408,2,0.2,1836,1,0.1786454003275194
34.68,16.9932,6,0.0,1837,1,0.1614614367767479
237.096,20.7459,3,0.2,1838,1,0.15763854375477404
100.704,-1.2588,6,0.2,1839,1,0.14991625774072975
1079.976,125.9972,4,0.4,1840,-1,-0.011135767882385461
338.352,4.2294,3,0.2,1841,1,0.1481847410014659
106.344,37.2204,7,0.2,1842,1,0.14076587046960776
25.92,12.4416,4,0.0,1843,1,0.18364366053957554
91.36,42.0256,4,0.0,1844,1,0.1647712041267277
11.36,5.2256,2,0.0,1845,1,0.1769212315090546
254.9745,11.9988,3,0.15,1846,1,0.14380204369791677
9.24,4.4352,3,0.0,1847,1,0.17931852899772593
43.31,4.331,1,0.0,1848,1,0.14504710897599682
12.54,4.5144,3,0.0,1849,1,0.17904888378520406
3610.848,135.4068,12,0.2,1850,-1,-0.09852224440608126
764.688,95.586,6,0.2,1851,1,0.07292646868176833
210.392,-336.6272,2,0.8,1852,-1,-0.03173596598280859
23.472,7.6284,3,0.2,1853,1,0.18410341047079282
8.94,0.6258,3,0.0,1854,1,0.17847750014256453
87.96,7.6965,3,0.2,1855,1,0.17638226666153706
94.428,-42.4926,3,0.6,1856,1,0.06761406390269198
5.214,-4.1712,2,0.7,1857,1,0.0816628452857166
12.39,5.8233,3,0.0,1858,1,0.17940140885667377
90.24,41.5104,6,0.0,1859,1,0.14412552427205233
2.92,0.365,1,0.2,1860,1,0.14553883542648766
186.304,13.9728,4,0.2,1861,1,0.16949969606778514
136.53,-52.3365,1,0.4,1862,1,0.03317925715677894
2.624,0.2952,1,0.2,1863,1,0.14516742551161815
5.104,-8.6768,4,0.8,1864,1,0.05590088208756738
9.264,-13.896,3,0.8,1865,1,0.05749230215538004
2.896,0.4706,2,0.2,1866,1,0.178598725353098
35.016,-2.1885,3,0.2,1867,1,0.1833540541956103
263.96,42.8935,1,0.2,1868,1,0.10016708663222995
6999.96,2239.9872,4,0.0,1869,-1,-0.16214513643664408
526.58,-52.66,2,0.3,1870,1,0.056426762199570435
17.28,8.12,6,0.0,1871,1,0.1552370857655867
73.85,2.22,1,0.0,1872,1,0.13692743925210232
25.71,6.68,3,0.0,1873,1,0.18211143275049224
1199.98,467.99,2,0.0,1874,-1,-0.044359422184261366
445.802,-108.2662,7,0.3,1875,1,0.03876103633244565
763.28,-21.808,5,0.3,1876,1,0.06066057558950355
8.544,-7.476,2,0.6,1877,1,0.08562125050480185
6.16,1.9712,2,0.0,1878,1,0.17807968899757654
40.68,-9.153,3,0.2,1879,1,0.17791051305784994
1013.832,101.3832,9,0.2,1880,1,0.024317722427077526
1403.92,70.196,5,0.2,1881,1,0.03830061653059924
241.568,18.1176,2,0.2,1882,1,0.14922026520066806
8.624,-2.5872,7,0.6,1883,1,0.05301118846728947
56.568,-74.9526,2,0.6,1884,1,0.048347054773202114
29.46,9.7218,6,0.0,1885,1,0.16274100945515224
44.46,14.6718,2,0.0,1886,1,0.17379321319971391
1.167,-0.8558,1,0.7,1887,1,0.05116420501671892
1.984,0.6696,2,0.2,1888,1,0.178598725353098
36.288,12.7008,7,0.2,1889,1,0.1482487111419764
114.2,52.532,5,0.0,1890,1,0.1484118448391455
395.0,39.5,5,0.0,1891,1,0.1348266044092707
99.98,7.9984,2,0.0,1892,1,0.16300640058202026
319.968,95.9904,4,0.2,1893,1,0.12640532872622318
627.168,70.5564,4,0.2,1894,1,0.11651656804604565
40.05,11.214,3,0.0,1895,1,0.18510051118285542
5.484,-4.0216,4,0.7,1896,1,0.0832133962321589
1819.86,163.7874,14,0.0,1897,-1,-0.10174704054726036
4.812,-3.6892,2,0.7,1898,1,0.0806549432240446
152.76,74.8524,6,0.0,1899,1,0.12875133952830986
22.55,8.7945,5,0.0,1900,1,0.17856242378501086
14.62,6.8714,2,0.0,1901,1,0.17791765452179165
15.552,5.4432,3,0.2,1902,1,0.18399571698722605
32.592,-7.7406,3,0.2,1903,1,0.18292848409680224
7.27,1.9629,1,0.0,1904,1,0.14664593815110333
247.8,-18.585,5,0.2,1905,1,0.15428212506932393
583.8,72.975,5,0.2,1906,1,0.1154320602648582
211.168,15.8376,4,0.2,1907,1,0.16300697862160302
323.976,36.4473,3,0.2,1908,1,0.14792337847944914
662.88,74.574,3,0.2,1909,1,0.10367310628127308
242.352,-42.4116,3,0.2,1910,1,0.1424303576328932
192.186,36.3018,3,0.1,1911,1,0.1369838561591709
51.968,10.3936,2,0.2,1912,1,0.1760426704386926
190.848,-21.4704,3,0.2,1913,1,0.16046181368686074
455.1,100.122,2,0.0,1914,1,0.09877634589265544
2244.48,493.7856,7,0.0,1915,-1,-0.08140575921719195
19.432,-49.5516,2,0.8,1916,1,0.03158410451742655
43.512,3.8073,7,0.2,1917,1,0.14739767845081658
47.3,12.298,2,0.0,1918,1,0.17824318197550104
4.13,1.1564,1,0.0,1919,1,0.14106275540744173
155.12,50.414,5,0.2,1920,1,0.15355412454246464
62.31,29.2857,3,0.0,1921,1,0.1766526897219624
1103.97,496.7865,3,0.0,1922,-1,-0.03699427328907645
487.984,152.495,2,0.2,1923,1,0.07736192682582743
31.05,14.904,3,0.0,1924,1,0.18346806566541163
3.69,1.7343,1,0.0,1925,1,0.14384394377939802
221.92,77.672,5,0.2,1926,1,0.1393670055683517
25.92,9.072,5,0.2,1927,1,0.1763531261764945
8.448,2.64,2,0.2,1928,1,0.17790265534802363
122.48,0.0,2,0.0,1929,1,0.15898159402249457
447.944,89.5888,7,0.2,1930,1,0.09595111711480031
71.976,21.5928,3,0.2,1931,1,0.177538956698988
65.44,-8.18,5,0.2,1932,1,0.1717170334060092
94.2,39.56,5,0.0,1933,1,0.1575472312971014
572.16,35.76,3,0.2,1934,1,0.12539331072312832
1325.76,149.148,6,0.2,1935,1,0.017529924963751276
18.24,-14.592,2,0.7,1936,1,0.07285029644442165
17.28,7.9488,6,0.0,1937,1,0.1549664015011446
11.76,3.1752,4,0.0,1938,1,0.17695567731174022
17.904,-31.332,6,0.8,1939,1,0.018639322800489078
296.712,100.1403,13,0.2,1940,-1,-0.00607333847380731
124.032,44.9616,4,0.2,1941,1,0.1651666583113866
132.16,9.912,1,0.2,1942,1,0.12537610218919704
216.4,56.264,4,0.0,1943,1,0.15006335319410902
64.784,6.4784,1,0.2,1944,1,0.1376212723458985
53.316,-19.5492,2,0.4,1945,1,0.09694534681335787
207.24,58.0272,11,0.0,1946,1,0.06638603621656891
56.52,15.8256,3,0.0,1947,1,0.18388887414188476
1.344,0.504,1,0.2,1948,1,0.14374537366599488
5.184,1.8144,1,0.2,1949,1,0.1472260823712614
45.528,15.9348,3,0.2,1950,1,0.18109088223004882
424.272,-10.6068,2,0.2,1951,1,0.12665477840371397
83.92,-1.049,5,0.2,1952,1,0.16844789801603177
292.272,18.267,6,0.2,1953,1,0.14235775789313404
23.99,5.5177,1,0.0,1954,1,0.1450406865971791
30.36,8.7285,5,0.2,1955,1,0.17894597285308017
361.96,101.3488,2,0.0,1956,1,0.10299514702147489
13.97,3.6322,1,0.0,1957,1,0.14515976899609828
9.568,3.4684,2,0.2,1958,1,0.1787766599334124
20.34,0.2034,1,0.0,1959,1,0.14688242314282085
142.86,41.4294,1,0.0,1960,1,0.11288223514251605
62.85,13.1985,3,0.0,1961,1,0.18403776584612574
173.656,17.3656,7,0.2,1962,1,0.1407158810313126
818.376,51.1485,3,0.2,1963,1,0.10080253260139282
230.352,20.1558,3,0.2,1964,1,0.15862626227265886
600.558,-8.5794,3,0.3,1965,1,0.08664920865273212
3.48,1.1136,2,0.0,1966,1,0.17593928102463197
218.352,-24.5646,3,0.2,1967,1,0.15776583920579323
300.416,78.8592,8,0.2,1968,1,0.10126940809813595
34.656,5.6316,2,0.2,1969,1,0.18103164989147913
81.552,8.1552,2,0.2,1970,1,0.17197524970836925
8.016,1.1022,3,0.2,1971,1,0.1836536157149926
8.69,-14.773,5,0.8,1972,1,0.04603532028014501
78.6,-62.88,5,0.7,1973,1,0.027924659677875274
27.552,9.2988,3,0.2,1974,1,0.1874422809347182
18.264,6.1641,3,0.2,1975,1,0.1873391391495977
191.88,19.188,6,0.0,1976,1,0.14341775194656342
227.136,-42.588,4,0.2,1977,1,0.1451377484593192
11.91,0.1191,3,0.0,1978,1,0.18030959272128944
767.214,161.9674,14,0.1,1979,-1,-0.06383077287938599
230.28,23.028,3,0.2,1980,1,0.1571711952577612
32.952,-19.7712,6,0.6,1981,1,0.06038489820859094
182.352,-18.2352,3,0.2,1982,1,0.16884685062316818
10.98,2.9646,1,0.0,1983,1,0.14639411567595556
4.984,-8.4728,1,0.8,1984,1,0.02914000075185874
37.056,13.896,3,0.2,1985,1,0.1854087508371109
946.764,-694.2936,6,0.7,1986,-1,-0.07492791664229981
7.86,3.6156,3,0.0,1987,1,0.1823984366219541
11.56,5.4332,4,0.0,1988,1,0.18103295870991337
23.92,11.7208,4,0.0,1989,1,0.18563156386467922
12.84,5.778,3,0.0,1990,1,0.18311911292077981
30.016,3.0016,4,0.2,1991,1,0.18664983858430778
118.16,-25.109,2,0.2,1992,1,0.16130516101284637
51.45,13.8915,3,0.0,1993,1,0.18770324831964258
498.0,184.26,5,0.0,1994,1,0.07882495132161255
1737.18,503.7822,6,0.0,1995,-1,-0.055213640856084156
99.136,8.6744,4,0.2,1996,1,0.18164340183668548
141.76,66.6272,4,0.0,1997,1,0.1568889421591828
704.25,84.51,5,0.0,1998,1,0.10001338145312
998.82,29.9646,9,0.0,1999,1,0.03110613771282733
51.15,13.299,5,0.0,2000,1,0.18128975049704016
38.976,-50.6688,3,0.6,2001,1,0.07506437293380441
24.9,8.217,5,0.0,2002,1,0.1802140866868744
70.56,23.9904,6,0.0,2003,1,0.15985530728080954
8.736,-4.8048,3,0.6,2004,1,0.0953363172276449
48.36,6.045,5,0.2,2005,1,0.17760795720673672
14.352,4.6644,3,0.2,2006,1,0.18624415275197292
274.77,126.3942,9,0.0,2007,1,0.06514989328988019
88.8,44.4,6,0.0,2008,1,0.1457342320317374
21.12,9.504,4,0.0,2009,1,0.18041847871057753
24.56,6.8768,2,0.0,2010,1,0.17985578364696386
33.29,7.9896,1,0.0,2011,1,0.1424822883439213
119.8,47.92,4,0.0,2012,1,0.16358072232661952
767.952,287.982,6,0.2,2013,1,0.025267678142607664
319.968,35.9964,4,0.2,2014,1,0.15144338017316006
191.976,19.1976,3,0.2,2015,1,0.1641262259341567
23.976,-5.6943,3,0.2,2016,1,0.18453372425525794
19.6,9.604,5,0.0,2017,1,0.1759386220327661
101.12,37.4144,8,0.0,2018,1,0.12613626474738593
68.46,20.538,2,0.0,2019,1,0.17179847069746335
68.46,20.538,2,0.0,2020,1,0.17179847069746335
68.46,20.538,2,0.0,2021,1,0.17179847069746335
19.6,9.604,5,0.0,2022,1,0.1759386220327661
19.6,9.604,5,0.0,2023,1,0.1759386220327661
523.764,-192.0468,3,0.4,2024,1,0.016543071147738342
122.94,30.735,3,0.0,2025,1,0.16770081400878417
9.84,2.8536,3,0.0,2026,1,0.18286318604440965
2.286,-3.6576,3,0.8,2027,1,0.06515234050975549
35.448,12.8499,7,0.2,2028,1,0.1509690385841747
551.985,-459.9875,5,0.7,2029,-1,-0.04562216353279658
12.984,4.7067,3,0.2,2030,1,0.18275043277548703
39.128,-8.8038,1,0.2,2031,1,0.14279220554495692
47.984,14.3952,2,0.2,2032,1,0.1732680043857397
27.968,6.992,2,0.2,2033,1,0.1801905534404692
328.776,28.7679,3,0.2,2034,1,0.14756216401377859
251.964,-50.3928,6,0.4,2035,1,0.06567653822345931
217.584,19.0386,2,0.2,2036,1,0.15173747086797784
3.024,-0.6048,3,0.2,2037,1,0.1833845948904661
341.96,78.6508,2,0.0,2038,1,0.11683876530546722
1573.488,196.686,7,0.2,2039,-1,-0.010024051897825292
605.88,151.47,6,0.0,2040,1,0.06731998787983251
63.2,23.384,5,0.0,2041,1,0.17544705052345788
29.68,11.5752,7,0.0,2042,1,0.15662412519999402
49.568,17.9684,2,0.2,2043,1,0.17010142298513242
18.9,8.694,3,0.0,2044,1,0.18397803862644801
14.94,7.0218,3,0.0,2045,1,0.18262142860661496
195.64,91.9508,4,0.0,2046,1,0.1411694183258959
47.53,16.1602,7,0.0,2047,1,0.1537188546739246
113.97,27.3528,3,0.0,2048,1,0.1674297628721484
1687.8,742.632,4,0.0,2049,-1,-0.06573962621989604
34.77,11.4741,3,0.0,2050,1,0.1867346874497906
475.944,59.493,7,0.2,2051,1,0.10908744632318357
452.45,-244.323,5,0.5,2052,1,0.0034244383590938954
9.84,2.6568,3,0.0,2053,1,0.1828194587116096
23.68,8.88,2,0.2,2054,1,0.1799462543839126
20.04,9.6192,3,0.0,2055,1,0.18210049986312243
85.52,22.2352,2,0.0,2056,1,0.16536821954306652
89.584,4.4792,2,0.2,2057,1,0.17100551390055285
1188.0,-950.4,9,0.7,2058,-1,-0.1137271498401875
62.982,-14.6958,3,0.4,2059,1,0.11057319003898258
1352.3976,-437.5404,9,0.32,2060,-1,-0.0781929238499276
7.056,0.7938,3,0.2,2061,1,0.18447325732226705
10.368,3.6288,2,0.2,2062,1,0.1792031844332193
398.4,84.66,5,0.2,2063,1,0.12960340963089279
192.22,69.1992,14,0.0,2064,1,0.009150929807640318
32.34,15.5232,3,0.0,2065,1,0.18496778105704859
39.9,19.95,5,0.0,2066,1,0.17475864284259846
61.584,-6.9282,1,0.2,2067,1,0.14048622227454116
87.36,23.5872,6,0.0,2068,1,0.15663771948857652
59.52,15.4752,3,0.0,2069,1,0.18620008321312886
56.16,17.55,6,0.2,2070,1,0.1556265901814451
13.168,4.6088,2,0.2,2071,1,0.1782679178169671
17.48,8.2156,2,0.0,2072,1,0.17996736978271316
1.938,-1.3566,2,0.7,2073,1,0.08394715285859561
29.6,9.25,5,0.2,2074,1,0.17999304678599476
163.44,45.7632,3,0.0,2075,1,0.15266423830572795
42.76,11.1176,2,0.0,2076,1,0.17953910012338564
106.32,49.9704,3,0.0,2077,1,0.156486140845219
51.55,24.2285,5,0.0,2078,1,0.17280977491518923
1018.104,-373.3048,4,0.4,2079,-1,-0.03596903147755237
10.368,1.5552,2,0.2,2080,1,0.17902543884522287
465.18,120.9468,3,0.0,2081,1,0.11336357187625595
10.384,2.2066,2,0.2,2082,1,0.17902543884522287
26.376,2.6376,4,0.4,2083,1,0.11981453473222603
107.118,-21.4236,3,0.4,2084,1,0.09679089296496912
235.188,-43.1178,2,0.4,2085,1,0.0686760147132306
77.6,38.024,4,0.0,2086,1,0.17273256651374097
464.85,92.97,9,0.0,2087,1,0.0645765421122052
70.008,24.5028,3,0.2,2088,1,0.17521865541658044
9.82,4.8118,2,0.0,2089,1,0.17708695915190437
254.744,-312.0614,7,0.6,2090,-1,-0.01272827632272544
6.68,2.004,2,0.0,2091,1,0.17891743281414169
88.96,10.008,8,0.2,2092,1,0.13545846096973607
6.68,2.004,2,0.0,2093,1,0.17891743281414169
199.304,-8.5416,4,0.3,2094,1,0.1251048217410098
102.438,-13.1706,1,0.3,2095,1,0.07861542002537764
24.3,10.45,5,0.0,2096,1,0.1782661907494258
9.48,3.79,1,0.0,2097,1,0.14409348560413843
31.4,13.19,5,0.0,2098,1,0.18000158368081387
6.48,3.11,1,0.0,2099,1,0.14651689710226706
209.5,58.66,10,0.0,2100,1,0.07462414791581973
14.62,6.8714,2,0.0,2101,1,0.17875573800095879
29.04,13.9392,3,0.0,2102,1,0.1836731626186398
13.12,2.132,5,0.2,2103,1,0.17429340919029912
182.72,84.0512,8,0.0,2104,1,0.10423868975170703
181.986,-54.5958,2,0.3,2105,1,0.08734680726901273
2803.92,0.0,5,0.2,2106,-1,-0.03165521152004058
431.976,-100.7944,4,0.4,2107,1,0.04515191426176757
155.37,-36.253,1,0.4,2108,1,0.03643081933282022
4297.644,-1862.3124,13,0.4,2109,-1,-0.16877268340396323
227.36,81.8496,7,0.0,2110,1,0.1173485503283655
14.304,5.0064,6,0.2,2111,1,0.15474187127766575
1919.976,215.9973,3,0.2,2112,-1,-0.024690285719199956
53.34,16.5354,3,0.0,2113,1,0.18280859635651975
32.96,16.1504,2,0.0,2114,1,0.17375825224762742
12.96,6.2208,2,0.0,2115,1,0.17456041062900185
90.882,15.147,1,0.1,2116,1,0.11139607597625395
28.4,11.076,2,0.0,2117,1,0.17828578664396966
136.92,41.076,4,0.0,2118,1,0.16263236399749814
12.144,4.0986,3,0.2,2119,1,0.18245782824539464
74.52,35.0244,9,0.0,2120,1,0.11168947060034928
149.97,50.9898,3,0.0,2121,1,0.1534851465459982
283.92,82.3368,4,0.0,2122,1,0.14138295774084164
1268.82,266.4522,9,0.0,2123,-1,-0.03233154708805597
5.68,1.7608,2,0.0,2124,1,0.17541207096901634
5.28,1.5312,3,0.0,2125,1,0.17945961335342975
2.934,-4.9878,3,0.8,2126,1,0.0685389987656807
29.9,13.455,5,0.0,2127,1,0.1801916293790053
146.73,2.9346,3,0.0,2128,1,0.16722133422991597
670.752,-125.766,3,0.2,2129,1,0.06283445093953177
18.528,4.4004,2,0.2,2130,1,0.18299083991590553
311.15,146.2405,5,0.0,2131,1,0.1080768607416524
12.96,6.3504,2,0.0,2132,1,0.17581876503751714
5.76,1.728,2,0.0,2133,1,0.17666776715839877
5.81,1.8011,1,0.0,2134,1,0.14462994697969755
9.54,4.293,2,0.0,2135,1,0.17734558251868993
107.982,-26.9955,3,0.4,2136,1,0.09873725430898772
203.92,22.941,5,0.2,2137,1,0.16322152942495222
40.784,-30.588,2,0.6,2138,1,0.07266178668558576
40.096,13.5324,4,0.2,2139,1,0.18055215868579422
20.8,6.5,2,0.2,2140,1,0.18232025080664876
479.952,89.991,6,0.2,2141,1,0.10903487214522473
77.24,7.724,5,0.2,2142,1,0.17392613924017536
14.352,0.897,3,0.2,2143,1,0.1872037052106174
14.952,-11.9616,2,0.7,2144,1,0.08438714262065644
2.286,-1.6764,2,0.7,2145,1,0.0871187684003174
26.424,9.5787,9,0.2,2146,1,0.11678694842117249
71.976,0.8997,3,0.2,2147,1,0.1845622036603678
625.99,187.797,1,0.0,2148,1,0.027119493836393116
323.982,-80.9955,3,0.4,2149,1,0.06488519930347059
541.44,157.0176,6,0.0,2150,1,0.0728187704399551
11.52,4.176,5,0.2,2151,1,0.17468000570909387
41.72,13.0375,5,0.2,2152,1,0.17509606150353074
19.44,9.3312,3,0.0,2153,1,0.18286513520460324
13.36,6.4128,2,0.0,2154,1,0.1763686671956074
139.95,26.5905,5,0.0,2155,1,0.1610751426456925
699.98,195.9944,2,0.0,2156,1,0.049084780826026964
134.97,64.7856,3,0.0,2157,1,0.15415771310364712
87.71,41.2237,7,0.0,2158,1,0.13723054000829588
36.84,17.3148,3,0.0,2159,1,0.1840838134766315
35.88,16.146,6,0.0,2160,1,0.1655310708539275
35.544,-0.8886,1,0.2,2161,1,0.14859090618827558
9.24,4.4352,3,0.0,2162,1,0.18154351380126904
61.06,28.0876,2,0.0,2163,1,0.16834725841996612
286.79,74.5654,7,0.0,2164,1,0.11614997034492536
29.99,2.999,1,0.0,2165,1,0.14806765219987184
2541.98,1270.99,2,0.0,2166,-1,-0.11987438158724761
49.12,23.0864,4,0.0,2167,1,0.18220033539150032
79.36,20.6336,4,0.0,2168,1,0.18199619216564628
26.88,6.72,6,0.0,2169,1,0.16303278960475837
10.896,3.8136,2,0.2,2170,1,0.17864001843390775
3.15,1.512,1,0.0,2171,1,0.14359096231755414
22.72,10.224,4,0.0,2172,1,0.18404287465318847
493.92,-28.224,7,0.3,2173,1,0.06951312901466578
16.032,2.2044,6,0.2,2174,1,0.15796443562686457
4.419,-3.3879,3,0.7,2175,1,0.09370056199543797
538.92,80.838,9,0.0,2176,1,0.05923761656594362
105.98,1.0598,2,0.0,2177,1,0.1621469251824849
389.696,43.8408,8,0.2,2178,1,0.09881455012403534
161.568,-28.2744,2,0.2,2179,1,0.15573711419541264
1227.9984,-36.1176,6,0.32,2180,1,0.004916547059600762
184.752,-20.7846,3,0.2,2181,1,0.16571783051354672
3.552,0.444,2,0.2,2182,1,0.17960021110732421
55.328,6.2244,2,0.2,2183,1,0.17641546078618026
58.72,27.0112,4,0.0,2184,1,0.18039953332973507
15.984,1.1988,2,0.2,2185,1,0.1823101949802421
95.84,34.742,4,0.2,2186,1,0.1706609137257235
787.53,165.3813,3,0.0,2187,1,0.05934655568204217
10.16,2.6416,1,0.0,2188,1,0.14697869884195847
101.88,50.94,6,0.0,2189,1,0.1386284216921148
383.607,63.9345,7,0.1,2190,1,0.09538365745130445
99.372,-7.098,2,0.3,2191,1,0.12391066327279726
4.712,-1.8848,2,0.6,2192,1,0.09241944551858927
33.568,-5.4548,2,0.2,2193,1,0.18140332614055038
180.98,-470.548,5,0.8,2194,-1,-0.04782120072429774
60.69,16.3863,7,0.0,2195,1,0.1564654070796902
11.212,-16.818,2,0.8,2196,1,0.054042847943459704
2.556,-1.7892,3,0.7,2197,1,0.09345912936772038
29.34,14.67,3,0.0,2198,1,0.18470392177981831
7.104,2.4864,6,0.2,2199,1,0.15776741884820927
563.4,67.608,4,0.0,2200,1,0.11826626717804645
60.416,6.0416,2,0.2,2201,1,0.17678630080044738
10.312,-1.289,1,0.2,2202,1,0.1482055434837387
31.92,2.394,2,0.2,2203,1,0.18186229838080115
466.158,-93.2316,7,0.4,2204,1,0.03515087714116594
23.92,6.6976,2,0.0,2205,1,0.17944211672664512
435.26,95.7572,7,0.0,2206,1,0.09269388569950715
1119.984,377.9946,2,0.2,2207,-1,-0.021472267914881105
30.44,14.9156,2,0.0,2208,1,0.17562662677076368
69.28,33.2544,2,0.0,2209,1,0.16387374632501645
119.85,52.734,3,0.0,2210,1,0.1576081010873976
587.97,170.5113,3,0.0,2211,1,0.0839585688056701
512.94,97.4586,3,0.0,2212,1,0.11840381727930943
860.93,189.4046,7,0.0,2213,1,0.026885004287867886
373.08,82.0776,6,0.0,2214,1,0.11637917721773805
3.408,0.8946,1,0.2,2215,1,0.15070111463461916
14.98,4.494,1,0.0,2216,1,0.14893528126161526
8.568,-14.5656,3,0.8,2217,1,0.06343933616354014
19.44,9.3312,3,0.0,2218,1,0.18351248780563295
769.95,223.2855,5,0.0,2219,1,0.050761754482548604
4.608,1.6704,2,0.2,2220,1,0.18018486533474487
113.52,29.799,5,0.2,2221,1,0.16510239613145722
359.88,22.4925,3,0.2,2222,1,0.14713788021484514
1.112,-1.8904,2,0.8,2223,1,0.06491757875702198
89.82,25.1496,6,0.0,2224,1,0.15586133989335627
6.408,1.4418,3,0.2,2225,1,0.18506899648102587
30.88,3.86,4,0.2,2226,1,0.18633766169127608
8.688,2.9322,3,0.2,2227,1,0.1838251213976448
5.04,1.764,2,0.2,2228,1,0.18018486533474487
141.96,39.7488,2,0.0,2229,1,0.14981094812564588
915.136,102.9528,4,0.2,2230,1,0.08021030405947926
327.76,91.7728,8,0.0,2231,1,0.09120710245811081
915.136,102.9528,4,0.2,2232,1,0.08021030405947926
327.76,91.7728,8,0.0,2233,1,0.09120710245811081
671.94,315.8118,3,0.0,2234,1,0.04269946520170853
16.52,7.5992,4,0.0,2235,1,0.17893483964596618
19.44,9.3312,3,0.0,2236,1,0.1832456811283953
16.776,1.6776,3,0.2,2237,1,0.18828519622514767
43.13,18.1146,1,0.0,2238,1,0.14135403828769572
171.96,44.7096,2,0.0,2239,1,0.14005257545915267
2.74,0.7398,1,0.0,2240,1,0.14124148059753194
17.52,6.3072,3,0.0,2241,1,0.18492946073480976
8.34,2.1684,3,0.0,2242,1,0.18106814989851466
6354.95,3177.475,5,0.0,2243,-1,-0.15535394456695228
7.38,3.3948,2,0.0,2244,1,0.177721038693468
491.55,240.8595,5,0.0,2245,1,0.0746986795623269
46.74,11.685,3,0.0,2246,1,0.18753467172007848
85.9,2.577,2,0.0,2247,1,0.1692440588644959
33.82,9.1314,2,0.0,2248,1,0.18111449564667986
15.02,2.7036,1,0.0,2249,1,0.14945586267955246
383.4656,-67.6704,4,0.32,2250,1,0.07852711025265025
17.568,6.3684,2,0.2,2251,1,0.18290091056625213
10.9,3.597,5,0.0,2252,1,0.17672337370388308
14.62,6.8714,2,0.0,2253,1,0.17899852459743837
65.584,23.7742,2,0.2,2254,1,0.1678192489935017
14.496,4.8924,3,0.2,2255,1,0.18580360665130835
11.96,5.8604,2,0.0,2256,1,0.17668073508586762
40.14,19.6686,6,0.0,2257,1,0.16190656722734975
209.7,100.656,2,0.0,2258,1,0.1177993196396186
1247.64,349.3392,3,0.0,2259,-1,-0.008868220027807183
33.36,8.6736,4,0.0,2260,1,0.18738073428928215
3149.93,1480.4671,7,0.0,2261,-1,-0.1345960823755129
453.576,39.6879,3,0.2,2262,1,0.13637702985346817
2.512,-4.396,2,0.8,2263,1,0.06624598766047052
1087.936,353.5792,8,0.2,2264,-1,-0.012339830461486234
49.848,16.8237,3,0.2,2265,1,0.1816977922284736
23.99,11.995,1,0.0,2266,1,0.14417429361570788
18.864,6.1308,9,0.2,2267,1,0.12241148038720306
51.84,24.8832,8,0.0,2268,1,0.13346453029715577
83.92,20.1408,4,0.0,2269,1,0.18250812053397902
29.304,2.5641,3,0.2,2270,1,0.18827067756627303
199.98,53.9946,2,0.0,2271,1,0.13551614440498466
962.08,156.338,4,0.2,2272,1,0.055898716075115984
12.843,-9.8463,3,0.7,2273,1,0.09269322485589943
295.456,96.0232,14,0.2,2274,-1,-0.006250527698343666
9.48,3.79,1,0.0,2275,1,0.14549476134167866
91.96,15.6332,2,0.0,2276,1,0.1664345388821437
19.56,5.4768,4,0.0,2277,1,0.18425099521494548
14.112,-21.168,9,0.8,2278,-1,-0.003488481667165644
105.52,48.5392,4,0.0,2279,1,0.1599149145778902
129.568,-25.9136,2,0.2,2280,1,0.15888511131505134
150.408,-33.8418,9,0.2,2281,1,0.10251930670608012
18.392,5.2877,1,0.2,2282,1,0.14951384477299912
447.944,89.5888,7,0.2,2283,1,0.10128867201560537
15.984,1.1988,2,0.2,2284,1,0.18298174099725745
1487.976,185.997,3,0.2,2285,-1,-0.0022719456787215764
107.772,-29.2524,2,0.3,2286,1,0.11370076601934859
31.56,14.202,4,0.0,2287,1,0.18721270740772017
33.36,16.68,4,0.0,2288,1,0.18475760053923257
192.72,92.5056,11,0.0,2289,1,0.06156657702496682
27.92,0.5584,4,0.0,2290,1,0.18276185139155082
239.97,86.3892,3,0.0,2291,1,0.14073606830511526
359.058,-35.9058,3,0.3,2292,1,0.1003918763348367
46.9,13.132,5,0.0,2293,1,0.18053258146490458
6.992,0.5244,2,0.2,2294,1,0.18018486533474487
3393.68,610.8624,8,0.0,2295,-1,-0.11563294991128947
13.11,3.4086,3,0.0,2296,1,0.18098863681124572
74.352,23.235,3,0.2,2297,1,0.17617753939478836
40.032,12.51,6,0.2,2298,1,0.1621262258963
1085.42,282.2092,7,0.0,2299,1,0.005121182240879318
16.776,5.0328,3,0.2,2300,1,0.1871140914201983
83.7,3.348,5,0.0,2301,1,0.1745663542520599
22.92,11.2308,3,0.0,2302,1,0.18466700575057898
5.232,1.7004,1,0.2,2303,1,0.1498014612375505
33.4,16.032,5,0.0,2304,1,0.17942689571704973
15.552,5.4432,3,0.2,2305,1,0.1862444960198128
166.24,24.936,1,0.0,2306,1,0.11306680698466964
1166.92,131.2785,5,0.2,2307,1,0.04065027643713304
19.92,9.5616,3,0.0,2308,1,0.1815495950788289
73.28,21.2512,4,0.0,2309,1,0.18147209149020826
5.56,1.4456,2,0.0,2310,1,0.17586228827584055
9.87,4.5402,3,0.0,2311,1,0.1807394143997283
212.64,99.9408,6,0.0,2312,1,0.11499404438613248
17.64,8.1144,4,0.0,2313,1,0.18076851255891951
53.25,20.7675,3,0.0,2314,1,0.1826190167629274
366.744,-110.0232,4,0.3,2315,1,0.06834670792132069
23.52,8.526,5,0.2,2316,1,0.178288046580034
180.96,13.572,5,0.2,2317,1,0.1671910221368733
22.38,-7.833,3,0.6,2318,1,0.10125007904896055
98.376,35.6613,3,0.2,2319,1,0.16947884329059648
79.96,27.986,5,0.2,2320,1,0.16437587028591527
32.192,-80.48,2,0.8,2321,1,0.023434803974617502
9.156,-13.734,3,0.8,2322,1,0.060770855656790634
50.12,-0.6265,7,0.2,2323,1,0.14839801444828826
47.976,1.7991,3,0.2,2324,1,0.18373875032781223
71.976,24.2919,3,0.2,2325,1,0.177216629039943
87.8,32.925,5,0.2,2326,1,0.1638828650148132
108.4,22.764,2,0.0,2327,1,0.15748275656133953
644.076,107.346,2,0.1,2328,1,0.06586271486708806
11.16,4.3524,2,0.0,2329,1,0.17748771218400838
82.344,27.7911,3,0.2,2330,1,0.171514599567599
12.76,5.8696,2,0.0,2331,1,0.17651701686183902
9.088,3.2944,4,0.2,2332,1,0.1786397217698003
5.84,2.628,2,0.0,2333,1,0.17676616752454172
599.98,209.993,2,0.0,2334,1,0.06331609368385838
10.95,0.438,1,0.0,2335,1,0.14089139383093063
352.45,-211.47,5,0.5,2336,1,0.012520517125710784
892.224,89.2224,3,0.2,2337,1,0.08568918700087808
7.584,2.37,1,0.2,2338,1,0.14936253298285052
547.136,-68.392,4,0.2,2339,1,0.09780813352349654
98.112,18.396,7,0.2,2340,1,0.14736910998252695
23.84,6.4368,8,0.0,2341,1,0.13643444454058662
10.428,-6.952,4,0.7,2342,1,0.0887685665461086
157.794,-115.7156,1,0.7,2343,-1,-0.017072068414389463
23.904,7.7688,6,0.2,2344,1,0.16008727272770423
563.808,21.1428,4,0.2,2345,1,0.12305393285089183
239.94,26.3934,6,0.0,2346,1,0.13978067586323095
14.85,-3.2175,5,0.4,2347,1,0.11382947496795748
41.988,-9.7972,2,0.4,2348,1,0.11103663635496008
42.048,5.256,9,0.2,2349,1,0.12143880434966048
9.648,-16.884,6,0.8,2350,1,0.03140175246643828
6.9,-12.075,3,0.8,2351,1,0.06477246994121733
47.952,16.1838,3,0.2,2352,1,0.18058919854586197
7.968,2.8884,2,0.2,2353,1,0.17765534569262653
25.488,4.4604,2,0.2,2354,1,0.18154886479752685
463.248,-1181.2824,8,0.8,2355,-1,-0.09181157825285102
11.736,1.0269,3,0.2,2356,1,0.18447640239107155
25.92,12.4416,4,0.0,2357,1,0.18447853876884773
22.58,5.8708,2,0.0,2358,1,0.18076067713089194
383.952,47.994,6,0.2,2359,1,0.12542176050440212
369.912,-13.8717,3,0.2,2360,1,0.13972862759729943
370.14,144.3546,3,0.0,2361,1,0.10800056824872378
17.94,3.0498,3,0.0,2362,1,0.18457477705660918
14.67,6.0147,3,0.0,2363,1,0.18104549006963117
12.832,4.3308,2,0.2,2364,1,0.177863674036069
142.04,38.3508,4,0.0,2365,1,0.16306128776556877
54.528,14.3136,3,0.2,2366,1,0.18008287758604102
67.36,10.104,2,0.2,2367,1,0.17810108353038911
406.6,113.848,5,0.0,2368,1,0.11840559741890039
52.76,24.2696,2,0.0,2369,1,0.16855706458524627
85.14,34.9074,3,0.0,2370,1,0.16744356050954878
639.968,215.9892,4,0.2,2371,1,0.06664069920111249
21.99,10.5552,1,0.0,2372,1,0.1423007993849169
40.74,0.4074,3,0.0,2373,1,0.17966428092208153
37.68,15.8256,2,0.0,2374,1,0.17432391232547928
609.98,-113.282,4,0.3,2375,1,0.049233852096904895
241.568,-15.098,2,0.2,2376,1,0.15119806293330929
211.372,-45.294,2,0.3,2377,1,0.09579249124653216
710.832,-97.7394,3,0.2,2378,1,0.07892256231606648
75.84,29.5776,2,0.0,2379,1,0.15999981502071076
17.43,8.0178,3,0.0,2380,1,0.18211546992479366
31.104,10.8864,6,0.2,2381,1,0.16356039815626278
54.816,17.8152,3,0.2,2382,1,0.17967203437521007
10.744,0.8058,1,0.2,2383,1,0.14876780027314712
12.88,0.3864,1,0.0,2384,1,0.14125618447266747
199.96,69.986,4,0.0,2385,1,0.14947663083962937
239.976,17.9982,3,0.2,2386,1,0.15914508699875185
479.92,41.993,2,0.2,2387,1,0.1233572477622476
258.576,19.3932,2,0.2,2388,1,0.14775611946060735
35.208,2.6406,1,0.2,2389,1,0.14991395135720814
523.26,125.5824,9,0.0,2390,1,0.04363274766009695
127.764,2.8392,2,0.1,2391,1,0.14527705389244244
1196.86,119.686,7,0.0,2392,1,0.02581473459610828
45.216,4.5216,3,0.2,2393,1,0.1844542863384971
7.872,1.2792,3,0.2,2394,1,0.18322034246972468
9.14,4.57,1,0.0,2395,1,0.1437436703974137
55.47,-46.225,5,0.7,2396,1,0.05123688176302599
12.576,4.0872,4,0.2,2397,1,0.1788540260112601
1.448,0.2353,1,0.2,2398,1,0.14539777355387484
10.416,-2.2134,7,0.2,2399,1,0.14591208831337737
43.56,-4.9005,3,0.2,2400,1,0.1838630525765289
1439.968,485.9892,4,0.2,2401,-1,-0.0344778111736348
569.64,148.1064,2,0.0,2402,1,0.07820962471091203
118.782,-27.7158,3,0.4,2403,1,0.09774428071219543
1447.65,419.8185,5,0.0,2404,-1,-0.011449722454951461
10.71,2.7846,3,0.0,2405,1,0.18134086730560406
5.56,2.224,2,0.0,2406,1,0.17745503226847298
62.296,21.0249,13,0.2,2407,1,0.029807900616285576
11.96,5.8604,2,0.0,2408,1,0.17660769673159132
323.37,129.348,3,0.0,2409,1,0.1214713091166228
99.6,36.852,1,0.0,2410,1,0.12256936245220534
783.96,68.5965,5,0.2,2411,1,0.09680139202011934
56.686,-20.245,1,0.3,2412,1,0.08498330716065833
89.99,17.0981,1,0.0,2413,1,0.13286633231342554
6.16,2.9568,2,0.0,2414,1,0.17777285254258313
74.352,6.5058,3,0.2,2415,1,0.181029805078314
7.872,0.8856,3,0.2,2416,1,0.18322034246972468
1.476,-2.2878,1,0.8,2417,1,0.03171911615734513
4.312,-6.8992,2,0.8,2418,1,0.06255283177612003
38.22,17.9634,6,0.0,2419,1,0.16250657677959418
75.18,35.3346,6,0.0,2420,1,0.1517555527145597
21.93,10.3071,3,0.0,2421,1,0.18229367997716328
61.96,27.882,2,0.0,2422,1,0.16609394599778304
15.552,5.4432,3,0.2,2423,1,0.18586074390460294
115.44,30.0144,3,0.0,2424,1,0.16677983932619544
947.17,9.4717,7,0.0,2425,1,0.060411365580355536
106.5,41.535,6,0.0,2426,1,0.1402506072575313
41.424,8.2848,2,0.2,2427,1,0.17875699113903437
97.968,6.123,2,0.2,2428,1,0.16925053667339246
244.768,24.4768,4,0.2,2429,1,0.157213704135735
19.568,-52.8336,2,0.8,2430,1,0.034130231372796915
310.392,-512.1468,4,0.8,2431,-1,-0.04620080772206381
595.38,297.69,6,0.0,2432,1,0.042491688744615064
180.96,81.432,2,0.0,2433,1,0.12565677068531206
12.96,6.2208,2,0.0,2434,1,0.17586644978620952
117.456,44.046,3,0.2,2435,1,0.16609547797232904
287.97,77.7519,3,0.0,2436,1,0.13887330357468136
191.96,51.8292,2,0.0,2437,1,0.13393651152360964
209.88,35.6796,3,0.0,2438,1,0.15522686249195627
21.3,9.798,3,0.0,2439,1,0.18113021264486423
469.95,131.586,5,0.0,2440,1,0.10898850214985012
64.14,16.6764,3,0.0,2441,1,0.1841675649639683
88.776,7.7679,3,0.2,2442,1,0.17976848220192992
25.99,7.5371,1,0.0,2443,1,0.14347578193449806
128.058,-23.7822,3,0.3,2444,1,0.12430771100395349
272.4,76.272,5,0.0,2445,1,0.13974294284078115
206.43,90.8292,3,0.0,2446,1,0.13707228873166116
57.75,16.17,5,0.0,2447,1,0.17847209057350044
13.944,4.5318,3,0.2,2448,1,0.1849472125421241
21.34,9.8164,2,0.0,2449,1,0.17666136817186845
221.024,-55.256,2,0.2,2450,1,0.12859767972235486
831.936,-114.3912,8,0.2,2451,1,0.03776333042339941
63.936,6.3936,3,0.2,2452,1,0.18406490244802903
408.422,-5.8346,2,0.3,2453,1,0.09275781406730538
97.04,1.213,2,0.2,2454,1,0.16969755851364166
191.5155,-76.6062,1,0.45,2455,1,0.020470817224059412
59.52,15.4752,3,0.0,2456,1,0.1869884369140516
2.624,0.4264,1,0.2,2457,1,0.14802320141994668
50.352,17.6232,3,0.2,2458,1,0.18077155691862357
72.784,-18.196,1,0.2,2459,1,0.1313784023789643
311.976,38.997,3,0.2,2460,1,0.15179788538065625
1267.53,316.8825,3,0.0,2461,1,0.0023723545319191963
43.56,3.267,5,0.2,2462,1,0.17803609130895087
22.74,8.8686,3,0.0,2463,1,0.1863450132794463
5.84,0.73,2,0.2,2464,1,0.1792976621991692
1379.92,648.5624,8,0.0,2465,-1,-0.06438991162500918
8.652,-20.3322,3,0.8,2466,1,0.056743964546480785
186.732,41.496,1,0.1,2467,1,0.09066480023839735
12.176,-18.8728,4,0.8,2468,1,0.05452055401250622
3812.97,1906.485,3,0.0,2469,-1,-0.13330065097474364
23.832,2.6811,3,0.2,2470,1,0.18756668655119324
7.968,2.8884,2,0.2,2471,1,0.17785820742676894
213.115,-15.2225,5,0.3,2472,1,0.12006950333712718
24.3,10.449,5,0.0,2473,1,0.17970817874670209
9.48,3.792,1,0.0,2474,1,0.14522474686286796
31.4,13.188,5,0.0,2475,1,0.1806814824526387
34.65,9.702,3,0.0,2476,1,0.18555738050431186
6.48,3.1104,1,0.0,2477,1,0.14705947012218257
19.8,1.7325,5,0.2,2478,1,0.17718360863341043
209.5,58.66,10,0.0,2479,1,0.07669839815592927
1022.97,-255.7425,5,0.4,2480,-1,-0.013014865933321351
63.552,14.2992,3,0.2,2481,1,0.18381281005345812
172.704,10.794,6,0.2,2482,1,0.15590199345497324
12.176,4.4138,1,0.2,2483,1,0.14432511816855736
37.32,10.4496,3,0.0,2484,1,0.18555738050431186
35.06,10.518,2,0.0,2485,1,0.17860881270931311
41.376,4.6548,3,0.2,2486,1,0.18606433350715273
88.752,11.094,3,0.2,2487,1,0.1814136995276781
8.856,2.9889,3,0.2,2488,1,0.18350582402719906
158.376,13.8579,3,0.2,2489,1,0.16774211084783885
844.116,-36.1764,6,0.3,2490,1,0.038853902410302954
665.88,106.5408,6,0.0,2491,1,0.07229528845839006
23.696,6.5164,2,0.2,2492,1,0.18052787091877143
18.2,2.0475,7,0.2,2493,1,0.15026691991935653
8.82,2.5578,3,0.0,2494,1,0.18267897565326946
59.904,14.2272,2,0.2,2495,1,0.17233714306117692
49.568,17.3488,2,0.2,2496,1,0.17096352276544963
62.496,21.8736,2,0.2,2497,1,0.16871995363879944
13.848,5.193,3,0.2,2498,1,0.18575120454552363
7.968,2.8884,2,0.2,2499,1,0.17688039399586658
76.752,-9.594,3,0.2,2500,1,0.17676962521891476
339.96,122.3856,4,0.0,2501,1,0.11860317831304662
27.552,-0.3444,3,0.2,2502,1,0.18594926375896775
22.288,-8.9152,7,0.6,2503,1,0.05909618843901221
26.8,12.864,2,0.0,2504,1,0.1806578536178865
125.93,35.2604,7,0.0,2505,1,0.14036641588627036
946.344,118.293,7,0.2,2506,1,0.0580096166851124
244.006,-31.3722,2,0.3,2507,1,0.10311382364592331
15.936,5.3784,4,0.2,2508,1,0.1802336078194579
45.68,21.0128,2,0.0,2509,1,0.17125111918968888
24.3,10.45,5,0.0,2510,1,0.17867463685147422
19.6,9.604,5,0.0,2511,1,0.1756096922610591
39.96,-23.976,5,0.6,2512,1,0.07816095500875808
31.4,13.19,5,0.0,2513,1,0.17965046798572082
127.764,21.294,2,0.1,2514,1,0.13482298479845706
123.96,11.1564,3,0.0,2515,1,0.1720910775898945
79.44,30.1872,3,0.0,2516,1,0.17261310605170654
8.352,1.2528,6,0.2,2517,1,0.15599251981517576
5.248,0.5904,2,0.2,2518,1,0.17832336876674265
43.98,21.99,2,0.0,2519,1,0.1709906546629884
19.44,9.3312,3,0.0,2520,1,0.18329410048886857
37.94,18.2112,2,0.0,2521,1,0.17360204907218724
357.93,7.1586,3,0.0,2522,1,0.14006992920035533
2799.944,1014.9797,7,0.2,2523,-1,-0.1085054371535138
377.97,105.8316,3,0.0,2524,1,0.12209620914657898
48.81,23.9169,3,0.0,2525,1,0.18064437965946978
70.97,-191.619,5,0.8,2526,-1,-0.01884564500330288
36.784,3.6784,2,0.2,2527,1,0.1787469793288124
46.688,-2.918,4,0.2,2528,1,0.17821012781561102
191.968,16.7972,7,0.2,2529,1,0.14406057933642452
21.968,-15.9268,4,0.6,2530,1,0.09329152432340082
14.592,4.9248,3,0.2,2531,1,0.18559571273644299
127.904,41.5688,7,0.2,2532,1,0.13895083831735583
12.84,5.778,3,0.0,2533,1,0.18253676529461532
25.68,11.556,6,0.0,2534,1,0.16519968156476944
36.63,9.8901,3,0.0,2535,1,0.1855752653085634
201.584,20.1584,2,0.2,2536,1,0.15568151980741962
619.152,69.6546,6,0.2,2537,1,0.1031956219531594
16.0,5.6,4,0.2,2538,1,0.1802336078194579
222.384,16.6788,2,0.2,2539,1,0.15303716061265538
509.9575,41.9965,5,0.15,2540,1,0.11169926148484444
97.568,-6.098,2,0.2,2541,1,0.17075000355487785
722.352,81.2646,3,0.2,2542,1,0.10009675492782638
122.91,34.4148,3,0.0,2543,1,0.1681237943515082
2.696,0.8088,1,0.2,2544,1,0.14924466878173387
198.272,17.3488,8,0.2,2545,1,0.127759783341513
18.588,-13.6312,2,0.7,2546,1,0.08134936347137667
4.896,-3.4272,3,0.7,2547,1,0.09448984182727999
200.984,62.8075,7,0.2,2548,1,0.12971817314675488
344.22,-189.321,2,0.4,8920,1,0.014947225958040322
97.84,25.4384,2,0.0,8921,1,0.15675135556940634
99.2,25.792,5,0.0,8922,1,0.1603961927175812
46.672,16.3352,2,0.2,8923,1,0.1656241181305267
27.968,9.4392,4,0.2,8924,1,0.17520321008573525
23.34,10.9698,3,0.0,8925,1,0.1727124877273047
7.98,3.9102,3,0.0,8926,1,0.17054169312371004
35.0,16.8,7,0.0,8927,1,0.14571708639831987
7.968,2.5896,2,0.2,8928,1,0.16880135406442015
8.448,2.64,2,0.2,8929,1,0.1690779302703424
15.552,5.4432,3,0.2,8930,1,0.173217410105024
51.55,24.2285,5,0.0,8931,1,0.16137278492091345
51.168,-6.396,2,0.2,8932,1,0.16354293586531582
243.92,-54.882,5,0.2,8933,1,0.11383626134733577
97.3,28.217,7,0.0,8934,1,0.14084465908952581
239.976,65.9934,3,0.2,8935,1,0.13359371122760028
336.51,44.868,3,0.4,8936,1,0.07845460534437915
3.89,1.0114,1,0.0,8937,1,0.12952174234288805
11.646,-17.469,9,0.8,8938,-1,-0.0026867385311678538
20.664,6.9741,7,0.2,8939,1,0.1422266949074492
164.88,80.7912,3,0.0,8940,1,0.13563459167851327
11.76,5.7624,2,0.0,8941,1,0.1648610975590452
167.94,82.2906,3,0.0,8942,1,0.13263087084380937
159.98,47.994,2,0.0,8943,1,0.14180411927022263
108.608,9.5032,4,0.2,8944,1,0.17296995276470306
451.152,0.0,3,0.2,8945,1,0.1286929210230417
241.96,60.49,2,0.0,8946,1,0.13232151947328358
6.672,0.5004,6,0.2,8947,1,0.15580314382786753
81.088,27.3672,7,0.2,8948,1,0.14034905528435088
61.776,20.8494,13,0.2,8949,1,0.02157955264462519
1.44,0.504,1,0.2,8950,1,0.13525317714398638
104.85,50.328,1,0.0,8951,1,0.10132270808679328
19.44,9.3312,3,0.0,8952,1,0.17084728824591172
91.84,45.0016,8,0.0,8953,1,0.1187232820360894
104.75,21.9975,5,0.0,8954,1,0.15929896282817457
1704.89,767.2005,11,0.0,8955,-1,-0.12082013639481781
217.764,-384.7164,6,0.7,8956,-1,-0.05993508325721786
17.46,5.9364,2,0.0,8957,1,0.16779072087629548
11.808,1.3284,2,0.2,8958,1,0.16739673426492396
10.16,3.4544,2,0.0,8959,1,0.16528261328710642
157.74,56.7864,11,0.0,8960,1,0.06073195088461847
19.76,5.928,2,0.2,8961,1,0.16769105172894305
9.656,1.5691,1,0.2,8962,1,0.13842897226490597
2314.116,-1002.7836,7,0.4,8963,-1,-0.10813662701664872
21.984,-56.0592,6,0.8,8964,1,0.010111432333766213
15.224,-38.8212,2,0.8,8965,1,0.03443182064281569
56.98,22.792,7,0.0,8966,1,0.14316650024247962
95.144,10.7037,7,0.2,8967,1,0.14243908424342777
2.88,1.4112,1,0.0,8968,1,0.13009173843933136
27.36,-21.888,3,0.7,8969,1,0.06042668830793463
112.12,42.045,5,0.2,8970,1,0.14830652950543605
58.05,26.703,3,0.0,8971,1,0.16656346597945443
22.638,-16.6012,7,0.7,8972,1,0.03622924976579178
34.236,-26.2476,4,0.7,8973,1,0.058200290903677954
8.94,4.1124,3,0.0,8974,1,0.16955895268889698
20.736,7.2576,4,0.2,8975,1,0.1734449293444284
49.12,23.0864,4,0.0,8976,1,0.16803878106486236
1575.14,204.7682,7,0.0,8977,1,0.0017433165891338476
39.072,4.3956,6,0.2,8978,1,0.15790798777752885
369.16,32.3015,11,0.2,8979,1,0.041090206343088576
65.99,17.1574,1,0.0,8980,1,0.12579952956307477
84.784,-20.1362,2,0.2,8981,1,0.15130642809340228
83.92,21.8192,4,0.0,8982,1,0.17021144056639376
171.288,-6.4233,3,0.2,8983,1,0.16040603038619733
17.92,1.12,5,0.2,8984,1,0.16307013608071602
6.63,3.1161,3,0.0,8985,1,0.17022690926902517
20.64,2.322,5,0.2,8986,1,0.16364832716849426
1793.98,843.1706,2,0.0,8987,-1,-0.10021993527552209
15.552,5.4432,3,0.2,8988,1,0.1722411275916787
22.58,5.8708,2,0.0,8989,1,0.16649045839013266
371.97,66.9546,3,0.0,8990,1,0.13049643483936246
19.98,8.5914,1,0.0,8991,1,0.1310907216018693
435.168,-59.8356,4,0.2,8992,1,0.10782134515180608
221.382,2.4598,2,0.1,8993,1,0.13214578696330215
72.9,26.973,5,0.0,8994,1,0.15860075814937025
206.352,5.1588,3,0.2,8995,1,0.1578003706996649
15.8,4.108,4,0.0,8996,1,0.16982757084285433
19.936,7.2268,4,0.2,8997,1,0.1731145387961513
39.92,13.473,5,0.2,8998,1,0.16679911566339506
75.792,25.5798,3,0.2,8999,1,0.1710713413810266
14.9,6.854,5,0.0,9000,1,0.1628015478948734
61.96,27.882,2,0.0,9001,1,0.15662885146257527
63.824,13.5626,2,0.2,9002,1,0.16371072917848611
5199.96,1351.9896,4,0.0,9003,-1,-0.1487574725096218
7.992,2.6973,1,0.2,9004,1,0.13533069171291673
87.8,43.9,4,0.0,9005,1,0.15957367606393213
160.93,3.2186,7,0.0,9006,1,0.13267949544381735
221.382,2.4598,2,0.1,9007,1,0.13088196471583957
39.92,13.473,5,0.2,9008,1,0.1669046458798356
61.96,27.882,2,0.0,9009,1,0.15673699353517545
63.824,13.5626,2,0.2,9010,1,0.16371072917848611
5199.96,1351.9896,4,0.0,9011,-1,-0.1487574725096218
19.936,7.2268,4,0.2,9012,1,0.17321844712976897
41.96,2.9372,2,0.0,9013,1,0.16649358185302693
227.84,66.0736,4,0.0,9014,1,0.14332522276223053
9.344,1.8688,2,0.2,9015,1,0.16541285616604362
19.152,1.197,2,0.2,9016,1,0.16742674728634432
40.99,20.0851,1,0.0,9017,1,0.12283680570970007
37.94,18.2112,2,0.0,9018,1,0.16243882328838982
143.7,68.976,3,0.0,9019,1,0.1410511652913929
17.04,7.668,3,0.0,9020,1,0.16945847821935073
6.48,3.1104,1,0.0,9021,1,0.1334783806935213
344.91,10.3473,3,0.0,9022,1,0.1394242041250866
290.336,32.6628,2,0.2,9023,1,0.1283826736517803
319.96,115.1856,4,0.0,9024,1,0.11541840962444361
307.666,-14.4784,2,0.15,9025,1,0.11660803081953935
154.764,-36.1116,3,0.4,9026,1,0.0869070062427244
4.24,-6.36,5,0.8,9027,1,0.044723020100724264
50.454,-33.636,6,0.7,9028,1,0.03234268697447351
18.936,5.9175,3,0.2,9029,1,0.17142888220291952
85.52,22.2352,2,0.0,9030,1,0.15752638000443897
580.672,65.3256,4,0.2,9031,1,0.10196427373356737
1115.91,200.8638,9,0.0,9032,-1,-0.020457547408068044
79.92,26.973,10,0.2,9033,1,0.08339405931136529
128.744,-28.9674,7,0.2,9034,1,0.12322073231938818
222.384,16.6788,2,0.2,9035,1,0.14582144825226295
145.764,3.2392,2,0.1,9036,1,0.13558618089664387
42.76,11.1176,1,0.0,9037,1,0.13187319001347775
40.68,0.4068,2,0.0,9038,1,0.1652116851529714
36.0,6.48,2,0.0,9039,1,0.16653980867248153
239.96,115.1808,4,0.0,9040,1,0.11735868769984398
103.192,11.6091,1,0.2,9041,1,0.1241686805233041
314.352,-15.7176,3,0.2,9042,1,0.13732274583173543
254.058,-32.6646,3,0.3,9043,1,0.11042897952564279
45.888,9.1776,4,0.2,9044,1,0.1766695852122423
66.645,-42.6528,3,0.5,9045,1,0.07640031170047246
652.45,-430.617,5,0.5,9046,-1,-0.04080342826067951
67.144,5.8751,7,0.2,9047,1,0.14307070549181766
12.816,4.3254,3,0.2,9048,1,0.16712036385358492
18.24,6.156,6,0.2,9049,1,0.15549513935908038
18.98,8.9206,2,0.0,9050,1,0.16234996523869272
35.2,16.544,5,0.0,9051,1,0.16353738985494587
10.816,3.5152,4,0.2,9052,1,0.17227617671683154
239.358,-47.8716,3,0.3,9053,1,0.10467312563553732
14.0,-6.3,4,0.6,9054,1,0.07952468230121512
16.39,-26.23,2,0.8,9055,1,0.03408674328560235
2154.9,129.294,5,0.0,9056,-1,-0.002685365267083628
254.604,-18.186,14,0.3,9057,-1,-0.032921866068556405
40.48,17.4064,2,0.0,9058,1,0.1634888935356536
673.344,-76.9536,3,0.3,9059,1,0.05235508622948781
5.88,1.5876,2,0.0,9060,1,0.16452322641471928
101.84,36.917,5,0.2,9061,1,0.15089459673485361
79.872,29.952,3,0.2,9062,1,0.16560817426094576
17.9,8.771,5,0.0,9063,1,0.1616338072783282
9.96,4.6812,2,0.0,9064,1,0.16323942599140695
10.368,3.7584,2,0.2,9065,1,0.16248844052598066
7.968,2.6892,2,0.2,9066,1,0.162621033474171
39.984,-1.4994,2,0.2,9067,1,0.16427041847496887
435.84,130.752,12,0.0,9068,-1,-0.011775278617524476
45.0,4.95,3,0.0,9069,1,0.17055560579215184
595.0,95.2,5,0.0,9070,1,0.08666764647238967
791.88,128.6805,3,0.2,9071,1,0.05433146297050284
0.99,0.4356,1,0.0,9072,1,0.12140511605452414
369.544,27.7158,7,0.2,9073,1,0.10687326877802505
10.476,-6.8094,3,0.6,9074,1,0.07256097455055865
1504.52,346.0396,4,0.0,9075,-1,-0.0042298523898774976
904.9,253.372,5,0.0,9076,1,0.03545145841749098
96.784,-145.176,4,0.8,9077,-1,-0.009973574499055116
5083.96,1906.485,5,0.2,9078,-1,-0.13401931248590881
11.07,5.2029,3,0.0,9079,1,0.16646659236178246
24.84,8.694,3,0.2,9080,1,0.1692363409691362
11.648,4.0768,2,0.2,9081,1,0.1631289744757483
63.312,20.5764,3,0.2,9082,1,0.16902584245083674
25.92,12.4416,4,0.0,9083,1,0.17008358967594478
18.176,5.9072,4,0.2,9084,1,0.17152739552178764
59.712,5.9712,6,0.2,9085,1,0.1553216640244547
348.56,104.568,8,0.0,9086,1,0.06730309408682356
209.94,39.8886,6,0.0,9087,1,0.13228964900575035
31.984,-7.996,2,0.2,9088,1,0.1612165472535847
9.46,3.6894,2,0.0,9089,1,0.16231949708087245
27.396,-42.4638,9,0.8,9090,-1,-0.018848343397887546
37.66,18.4534,7,0.0,9091,1,0.14246797464269667
13.456,-23.548,1,0.8,9092,1,0.0012143230311305597
46.36,15.2988,4,0.0,9093,1,0.17128756112473165
22.72,9.3152,1,0.0,9094,1,0.12702191984886507
510.24,6.378,3,0.2,9095,1,0.11160441652745062
11.68,4.2048,2,0.0,9096,1,0.16211788750423012
87.92,26.376,4,0.0,9097,1,0.16368612953588224
13.05,6.003,5,0.0,9098,1,0.15848638398598774
14.73,7.2177,3,0.0,9099,1,0.16912390200264066
152.65,70.219,5,0.0,9100,1,0.1320784373321045
204.95,100.4255,5,0.0,9101,1,0.11452237714680796
547.3,175.136,13,0.0,9102,-1,-0.05820262500915929
1875.258,-968.8833,7,0.4,9103,-1,-0.100736542653445
124.75,57.385,5,0.0,9104,1,0.14332387084765358
307.776,111.5688,7,0.2,9105,1,0.08427251605196268
18.528,4.4004,2,0.2,9106,1,0.16584275814160493
599.985,-479.988,5,0.7,9107,-1,-0.0739388564196728
10.64,2.7664,4,0.0,9108,1,0.16674091586791578
12.96,6.2208,2,0.0,9109,1,0.1594230181609047
49.96,9.4924,2,0.0,9110,1,0.1628173591281284
52.792,4.6193,1,0.2,9111,1,0.13079982002824303
328.3992,-91.7586,3,0.32,9112,1,0.07209980537146587
30.56,10.3904,2,0.0,9113,1,0.16447932948149024
56.56,14.7056,4,0.0,9114,1,0.16889898854507063
91.275,-67.5435,1,0.5,9115,1,0.013738131250549235
24.368,-3.3506,2,0.2,9116,1,0.161411836392312
123.256,9.2442,7,0.2,9117,1,0.13721295537610145
2.072,-3.5224,2,0.8,9118,1,0.04635077935124654
39.624,13.8684,3,0.2,9119,1,0.17125328323010403
1633.188,-1306.5504,4,0.7,9120,-1,-0.12445153716958579
8.96,4.3008,2,0.0,9121,1,0.16343829779483787
31.5,15.12,10,0.0,9122,1,0.08339082233570805
29.472,9.9468,3,0.2,9123,1,0.17195988021727943
23.68,7.4,4,0.2,9124,1,0.1731104890092503
32.7,8.502,3,0.0,9125,1,0.17196643186458915
309.576,-56.7556,4,0.4,9126,1,0.06316739621091261
16.68,5.2125,3,0.2,9127,1,0.16837085706117383
24.368,-3.3506,2,0.2,9128,1,0.161411836392312
16.68,5.2125,3,0.2,9129,1,0.16837085706117383
19.44,9.33,3,0.0,9130,1,0.16852087600938626
43.936,6.0412,4,0.2,9131,1,0.17506028738628948
284.364,-75.8304,2,0.4,9132,1,0.04843696410121068
13.36,4.1416,4,0.0,9133,1,0.16638690303023962
4.448,1.112,2,0.2,9134,1,0.16503713962656097
20.928,7.5864,4,0.2,9135,1,0.17271483142475702
145.85,70.008,5,0.0,9136,1,0.1327435046934735
24.55,12.0295,5,0.0,9137,1,0.16433984151075193
3.75,1.8,1,0.0,9138,1,0.1290340959430874
45.528,15.9348,3,0.2,9139,1,0.16897578753195774
6.672,2.502,1,0.2,9140,1,0.13415106546952404
39.96,18.7812,2,0.0,9141,1,0.16149464075317566
14.352,4.485,3,0.2,9142,1,0.16603303886896426
665.408,66.5408,2,0.2,9143,1,0.07546714668932075
4.768,-0.7748,2,0.2,9144,1,0.16417377700683045
15.984,1.3986,2,0.2,9145,1,0.16646139416342914
478.48,47.848,2,0.2,9146,1,0.10618831837333831
683.952,42.747,3,0.2,9147,1,0.089699323904467
45.696,5.1408,3,0.2,9148,1,0.1694359575397068
262.11,62.9064,1,0.0,9149,1,0.0819580937420219
161.568,16.1568,2,0.2,9150,1,0.15168040803533
23.992,-62.3792,2,0.8,9151,1,0.02299840913147977
17.856,2.0088,4,0.2,9152,1,0.17052082130052026
38.82,19.41,6,0.0,9153,1,0.14650332050477555
6.216,-4.9728,4,0.7,9154,1,0.07071814251039277
21.9,10.512,5,0.0,9155,1,0.16308437601380965
8.559,-6.5619,1,0.7,9156,1,0.03496994236830864
4.064,1.3716,1,0.2,9157,1,0.13290555967095924
5.184,1.8144,1,0.2,9158,1,0.1326045014529426
71.376,-4.461,3,0.2,9159,1,0.16459907706498306
909.12,9.0912,8,0.0,9160,1,0.04013472179855082
28.4,6.745,2,0.2,9161,1,0.16294776016686113
1439.92,374.3792,8,0.0,9162,-1,-0.04063101708912176
329.988,-76.9972,2,0.4,9163,1,0.046933456377543536
579.136,-28.9568,4,0.2,9164,1,0.10142986314979757
177.225,-120.513,5,0.5,9165,1,0.025653960681277233
248.98,54.7756,2,0.0,9166,1,0.12946153598976545
36.44,12.0252,4,0.0,9167,1,0.17243217198598132
3.168,-2.5344,4,0.7,9168,1,0.07119322440812992
63.9,28.755,5,0.0,9169,1,0.15724139498256706
31.68,11.088,4,0.2,9170,1,0.17446176554015386
333.09,23.3163,3,0.0,9171,1,0.1403478539988683
11199.968,3919.9888,4,0.2,9172,-1,-0.14770563218189758
2399.6,647.892,8,0.0,9173,-1,-0.10353654620269248
52.99,0.5299,1,0.0,9174,1,0.12273853455231332
32.7,-6.54,5,0.4,9175,1,0.10606561464260494
210.68,50.5632,2,0.0,9176,1,0.13402397580686853
69.08,29.0136,11,0.0,9177,1,0.06705229176186589
35.0,14.7,4,0.0,9178,1,0.17159460966313272
240.744,-13.7568,4,0.3,9179,1,0.11669522470398758
637.896,-127.5792,3,0.3,9180,1,0.03910408085645223
2.22,0.666,1,0.0,9181,1,0.12238065209192256
10.272,0.8988,3,0.2,9182,1,0.1638178561221365
9.762,-15.1311,3,0.8,9183,1,0.04470842546550091
3.564,-6.237,3,0.8,9184,1,0.05228848582076595
26.4,11.88,5,0.0,9185,1,0.16384019704294894
43.44,21.2856,8,0.0,9186,1,0.12073898902702057
11.56,5.6644,2,0.0,9187,1,0.16204930879074136
259.136,-58.3056,4,0.2,9188,1,0.12287363088874625
13.72,1.2005,1,0.2,9189,1,0.13240320390635635
55.2,-2.07,1,0.2,9190,1,0.12980556813810917
35.88,10.0464,3,0.0,9191,1,0.17087723699319807
823.96,51.4975,5,0.2,9192,1,0.07578952040751552
863.88,107.985,3,0.2,9193,1,0.05505957626550384
517.405,-81.3065,5,0.3,9194,1,0.057247610663347936
11.68,5.256,4,0.0,9195,1,0.16650434096627698
356.85,60.6645,5,0.0,9196,1,0.12226665078169874
81.438,-65.1504,7,0.7,9197,1,0.014285023048236645
33.282,-27.735,3,0.7,9198,1,0.05532004293096049
251.58,113.211,7,0.0,9199,1,0.08938648908866775
6.16,2.9568,2,0.0,9200,1,0.16404802184462208
14.76,4.9815,5,0.2,9201,1,0.16050742919052852
55.616,5.5616,2,0.2,9202,1,0.16219020058560257
19.99,6.7966,1,0.0,9203,1,0.1281476013074494
61.542,-13.3341,1,0.4,9204,1,0.05803112870574911
118.65,19.775,5,0.4,9205,1,0.10457641174783527
556.665,6.549,5,0.15,9206,1,0.099001912185464
189.576,9.4788,1,0.2,9207,1,0.1049721244978507
6.576,0.5754,3,0.2,9208,1,0.1637958689375945
7.056,2.205,3,0.2,9209,1,0.1656601718852344
5.607,-3.9249,3,0.7,9210,1,0.06847914690437251
15.84,5.544,2,0.2,9211,1,0.1656344746932567
8.448,2.64,2,0.2,9212,1,0.16403184672675541
56.784,20.5842,7,0.2,9213,1,0.13959546517615373
44.784,16.2342,1,0.2,9214,1,0.12442961229094857
27.184,2.0388,2,0.2,9215,1,0.1620671288570379
95.84,34.742,4,0.2,9216,1,0.1618076239765437
71.96,7.196,5,0.2,9217,1,0.16194998244037156
77.952,15.5904,3,0.2,9218,1,0.16686506011786345
47.98,23.99,2,0.0,9219,1,0.15617649748505574
21.93,10.3071,3,0.0,9220,1,0.16694236712170402
47.952,16.1838,3,0.2,9221,1,0.16665284372267425
15.552,5.4432,3,0.2,9222,1,0.16597926434881066
147.184,-29.4368,2,0.2,9223,1,0.1363548565781394
24.0,-2.7,2,0.2,9224,1,0.1588714513070772
26.176,-3.272,2,0.2,9225,1,0.1588714513070772
46.96,22.5408,8,0.0,9226,1,0.11847717622504877
199.98,37.9962,2,0.0,9227,1,0.1364003512351683
33.94,9.1638,1,0.0,9228,1,0.12386424342716235
71.992,-0.8999,1,0.2,9229,1,0.12483269332082869
97.568,-6.098,2,0.2,9230,1,0.15360629781448698
614.272,-23.0352,8,0.2,9231,1,0.054340320787676366
9.64,3.6632,2,0.0,9232,1,0.16106687794067986
16.192,-8.5008,2,0.6,9233,1,0.0660276809773448
7.168,0.9856,2,0.2,9234,1,0.16187163687834571
251.006,-68.1302,2,0.3,9235,1,0.09091664920866982
1702.12,510.636,14,0.0,9236,-1,-0.13034819123080998
19.9,6.567,5,0.0,9237,1,0.1626221714809566
13.904,5.214,2,0.2,9238,1,0.16184272317107185
88.752,27.735,3,0.2,9239,1,0.16022938451972168
30.0,14.4,8,0.0,9240,1,0.12337392681270193
43.86,20.6142,6,0.0,9241,1,0.14617359153640302
7.42,3.71,2,0.0,9242,1,0.16244751261839108
20.736,7.2576,4,0.2,9243,1,0.16974639525772856
54.192,4.0644,6,0.2,9244,1,0.15389763788133076
11.168,-2.5128,2,0.2,9245,1,0.1528312849967357
105.98,4.2392,7,0.0,9246,1,0.13326234504146056
35.06,10.518,2,0.0,9247,1,0.1593055674001136
442.4,-55.3,7,0.2,9248,1,0.07644113595291913
148.48,16.704,2,0.2,9249,1,0.14657057032532683
5.248,0.5904,2,0.2,9250,1,0.15906183364816195
9.912,3.2214,3,0.2,9251,1,0.16021505513717677
508.768,38.1576,4,0.2,9252,1,0.10651284058675414
2665.62,239.9058,9,0.0,9253,-1,-0.08240909133584207
25.12,7.85,5,0.2,9254,1,0.15979718048178188
40.99,20.0851,1,0.0,9255,1,0.11124511078588073
189.7,91.056,10,0.0,9256,1,0.05118778907004096
975.92,292.776,4,0.0,9257,1,0.021400122461116666
155.372,-35.5136,2,0.3,9258,1,0.09957232085420353
3.312,0.6624,1,0.2,9259,1,0.12212373460888859
25.02,10.5084,3,0.0,9260,1,0.16379645781474972
20.136,1.2585,3,0.2,9261,1,0.16154838898163665
83.9,20.975,10,0.0,9262,1,0.07670116160798046
168.1,43.706,5,0.0,9263,1,0.13665988456547623
5.56,1.4456,2,0.0,9264,1,0.15575419502991766
54.336,5.4336,4,0.2,9265,1,0.16639877296440864
8.8,4.224,5,0.0,9266,1,0.15424732833926696
27.78,9.1674,6,0.0,9267,1,0.14622877850871063
590.352,206.6232,6,0.2,9268,1,0.03691466754654982
76.58,38.29,7,0.0,9269,1,0.12916989461436684
8.856,2.8782,3,0.2,9270,1,0.15840634582918206
5.32,2.6068,2,0.0,9271,1,0.1561439723657544
18.24,9.12,3,0.0,9272,1,0.15887276678994444
5.58,0.1674,3,0.0,9273,1,0.1549071135471336
23.85,10.7325,5,0.0,9274,1,0.1593664457559532
19.44,9.3312,3,0.0,9275,1,0.15921478676434675
11.76,5.7624,2,0.0,9276,1,0.15384723871314288
452.55,22.6275,7,0.0,9277,1,0.09392124556870157
59.92,16.7776,4,0.0,9278,1,0.1606448339632463
384.592,-81.7258,2,0.2,9279,1,0.08796792648342006
2249.91,517.4793,9,0.0,9280,-1,-0.10877354313966936
859.2,-186.16,4,0.4,9281,-1,-0.010915478971926684
307.136,26.8744,4,0.2,9282,1,0.1332081210561537
41.37,17.3754,3,0.0,9283,1,0.16058324890930215
15.992,0.9995,1,0.2,9284,1,0.12245616378636376
486.368,36.4776,4,0.2,9285,1,0.11056627484684706
1673.184,20.9148,12,0.2,9286,-1,-0.0599487004812308
55.984,4.1988,2,0.2,9287,1,0.15472294596807457
11.673,-7.782,3,0.7,9288,1,0.05647807573096797
18.368,5.9696,4,0.2,9289,1,0.1637310473087868
4.086,-2.9964,2,0.7,9290,1,0.05872945171192123
14.94,6.8724,3,0.0,9291,1,0.15995395597786072
12.39,5.6994,3,0.0,9292,1,0.15901081323526983
139.86,65.7342,7,0.0,9293,1,0.11417050935737316
8.56,3.852,2,0.0,9294,1,0.1556174324486212
26.4,11.88,5,0.0,9295,1,0.15879712270504442
10.688,3.7408,2,0.2,9296,1,0.15621932293933571
35.88,17.5812,6,0.0,9297,1,0.14288556062782354
16.272,5.2884,3,0.2,9298,1,0.1592764540428458
52.4,14.148,5,0.0,9299,1,0.15855853085611304
40.776,0.5097,3,0.2,9300,1,0.15917822972644086
43.5,10.875,3,0.0,9301,1,0.16431450627442762
199.75,87.89,5,0.0,9302,1,0.11978433225910928
959.984,311.9948,2,0.2,9303,-1,-0.008741472975616893
361.376,27.1032,2,0.2,9304,1,0.11599979804036115
523.764,-192.0468,3,0.4,9305,1,9.415068523661585E-4
167.44,14.651,2,0.2,9306,1,0.14188002918846332
4.3,1.419,2,0.0,9307,1,0.15588211647991113
7.536,-13.188,6,0.8,9308,1,0.022312999645705323
1.408,-2.3232,2,0.8,9309,1,0.04107157531041905
4.144,-6.4232,4,0.8,9310,1,0.05046052512500032
3.564,-2.97,2,0.7,9311,1,0.061603432449425566
4.928,1.7248,2,0.2,9312,1,0.1596053173350157
23.68,8.88,2,0.2,9313,1,0.15479013658706187
9.664,3.2616,2,0.2,9314,1,0.15873611732807935
194.352,-43.7292,3,0.2,9315,1,0.12629020904818944
52.752,-12.5286,3,0.2,9316,1,0.14937960065174244
95.976,15.5961,3,0.2,9317,1,0.16046265680623634
70.72,-6.188,4,0.2,9318,1,0.16406022543802823
7999.98,-3839.9904,4,0.5,9319,-1,-0.15327830203150117
143.928,-32.3838,9,0.2,9320,1,0.07661529856659255
1359.96,118.9965,5,0.2,9321,1,0.02108141697142929
128.124,24.2012,2,0.1,9322,1,0.1258941937399028
101.4,38.532,5,0.0,9323,1,0.14883141082377654
166.5,-66.6,2,0.4,9324,1,0.06083463205098183
16.03,-25.648,5,0.8,9325,1,0.022351971336090126
11.424,3.7128,1,0.2,9326,1,0.12254345242196335
164.688,55.5822,6,0.2,9327,1,0.12668849058438064
2.388,-1.8308,2,0.7,9328,1,0.0623530858697946
167.94,82.2906,3,0.0,9329,1,0.11882530957055726
12.96,6.2208,2,0.0,9330,1,0.15378443526522861
4.41,2.0286,1,0.0,9331,1,0.11907192877423506
12.96,6.2208,2,0.0,9332,1,0.15383067038620302
67.8,31.188,10,0.0,9333,1,0.074000097006786
110.96,53.2608,2,0.0,9334,1,0.13113809801958926
243.992,30.499,7,0.2,9335,1,0.11702565424079492
390.75,171.93,5,0.0,9336,1,0.0730316668715636
159.99,54.3966,1,0.0,9337,1,0.0802609975574427
99.98,3.9992,2,0.0,9338,1,0.14558064853049463
492.768,55.4364,4,0.2,9339,1,0.10624136253495164
449.568,-73.0548,2,0.2,9340,1,0.08072757805100994
127.372,-30.9332,2,0.3,9341,1,0.10393891940191369
8.73,2.9682,1,0.0,9342,1,0.12025800500029649
30.56,-19.864,5,0.6,9343,1,0.05700801977445291
28.272,6.3612,2,0.2,9344,1,0.15642557468268747
2036.86,366.6348,7,0.0,9345,-1,-0.0582333015549823
499.584,43.7136,3,0.2,9346,1,0.1005658076225373
5.68,1.7608,2,0.0,9347,1,0.15792105715430105
13.9,3.614,5,0.0,9348,1,0.15670288925262182
1.248,-1.9344,2,0.8,9349,1,0.04445782095220563
13.272,-10.6176,8,0.7,9350,1,0.01606132344568556
5.682,-3.788,1,0.7,9351,1,0.027181176322191858
15.28,7.4872,2,0.0,9352,1,0.1569942048225601
41.4,19.872,4,0.0,9353,1,0.16178900416986386
26.4,12.672,5,0.0,9354,1,0.161173591880453
47.952,16.1838,3,0.2,9355,1,0.1625590001644574
59.94,28.1718,3,0.0,9356,1,0.15841559359386914
31.104,10.8864,6,0.2,9357,1,0.15323356599665733
45.36,22.2264,4,0.0,9358,1,0.16104161809854872
26.38,12.1348,1,0.0,9359,1,0.113286284196982
318.96,149.9112,9,0.0,9360,1,0.026819028278694312
5.78,2.8322,1,0.0,9361,1,0.12052674108128403
18.16,1.816,2,0.2,9362,1,0.15904421757833426
259.136,-51.8272,4,0.2,9363,1,0.11816884535896138
46.26,12.0276,3,0.0,9364,1,0.16653983894784546
108.96,32.688,3,0.0,9365,1,0.14730126864144283
16.95,1.017,1,0.0,9366,1,0.11531760219957604
272.97,43.6752,3,0.0,9367,1,0.1321267428991783
350.352,-140.1408,4,0.4,9368,1,0.024693076179969853
100.94,33.3102,7,0.0,9369,1,0.12731145340716182
38.16,19.08,9,0.0,9370,1,0.09691627006073494
21.792,7.6272,4,0.2,9371,1,0.1657718689406794
7.88,2.5216,4,0.0,9372,1,0.16305312275495926
59.97,13.7931,3,0.0,9373,1,0.1626897044018914
439.8,145.134,4,0.0,9374,1,0.08230776891005698
761.544,66.6351,7,0.2,9375,1,0.05627861314301996
359.97,-71.994,5,0.4,9376,1,0.04141443429407432
274.2,112.422,10,0.0,9377,1,0.033459043056332405
109.9,32.97,5,0.0,9378,1,0.1457944740923307
215.976,-2.6997,3,0.2,9379,1,0.1372109613299623
523.392,52.3392,3,0.2,9380,1,0.09135239253893468
47.12,20.7328,8,0.0,9381,1,0.11802346143255876
96.53,40.5426,7,0.0,9382,1,0.12738765835576166
9.64,4.4344,2,0.0,9383,1,0.15311848445147697
63.56,3.178,2,0.0,9384,1,0.14913396568730186
1633.14,473.6106,9,0.0,9385,-1,-0.08683644351802133
544.38,157.8702,3,0.0,9386,1,0.06929927388569379
191.976,38.3952,3,0.2,9387,1,0.13682128691917023
99.99,43.9956,1,0.0,9388,1,0.09179406758363712
826.62,355.4466,3,0.0,9389,1,0.003383082396931414
499.168,31.198,4,0.2,9390,1,0.11012040422796904
241.424,-36.2136,2,0.2,9391,1,0.11210259940744549
899.136,-146.1096,4,0.2,9392,1,0.0390559861732197
341.96,-427.45,5,0.6,9393,-1,-0.052661464465240226
400.8,112.224,5,0.0,9394,1,0.09352892130491974
7.8,2.106,3,0.0,9395,1,0.1569902779588475
26.352,9.5526,3,0.2,9396,1,0.15853464547232254
38.388,-25.592,14,0.7,9397,-1,-0.06255715677179041
28.792,10.0772,1,0.2,9398,1,0.11630579563787069
931.176,314.2719,3,0.2,9399,1,0.004958795399676252
11.52,-7.68,5,0.7,9400,1,0.04832243173939721
239.952,-35.9928,6,0.2,9401,1,0.11057493922398648
111.79,43.5981,7,0.0,9402,1,0.12105128081822036
95.994,-63.996,2,0.7,9403,1,0.024184490903844447
430.88,124.9552,2,0.0,9404,1,0.07210170339767563
201.584,15.1188,2,0.2,9405,1,0.1368412347975579
34.92,11.8728,4,0.0,9406,1,0.16361534102037806
88.92,14.4495,5,0.2,9407,1,0.15565241663945173
1158.12,130.2885,5,0.2,9408,1,0.02362639443376957
10.89,2.8314,1,0.0,9409,1,0.11695354523356866
181.86,50.9208,7,0.0,9410,1,0.11762124756019882
121.6,39.52,5,0.2,9411,1,0.14218468598471667
18.336,-32.088,4,0.8,9412,1,0.027101235419638714
18.24,8.5728,3,0.0,9413,1,0.15770189871123996
45.92,21.5824,4,0.0,9414,1,0.15957539009098703
10.44,3.393,5,0.2,9415,1,0.15598220204962127
19.44,9.3312,3,0.0,9416,1,0.15804487478322748
10.368,3.6288,2,0.2,9417,1,0.1552332972997179
35.48,0.0,1,0.0,9418,1,0.11520906375286633
25.5,6.63,3,0.0,9419,1,0.15961948725754016
35.184,12.3144,2,0.2,9420,1,0.15429961323370345
113.888,9.9652,2,0.2,9421,1,0.1452829246060725
113.568,-5.6784,2,0.2,9422,1,0.14641315696049279
22.848,-17.7072,3,0.6,9423,1,0.056239721323613656
76.12,22.0748,2,0.0,9424,1,0.14699887300136666
9.21,2.3025,3,0.0,9425,1,0.1571129941648648
30.56,-45.84,5,0.8,9426,1,0.016743908858760315
15.92,5.373,5,0.2,9427,1,0.15612821318996783
14.016,4.9056,4,0.2,9428,1,0.1610344438249598
12.224,4.4312,2,0.2,9429,1,0.15312007731702199
18.24,9.12,3,0.0,9430,1,0.15738228964490097
9.96,4.5816,2,0.0,9431,1,0.15263266668943154
11.56,5.6644,2,0.0,9432,1,0.15357579517345304
23.12,8.381,5,0.2,9433,1,0.15855380074080067
10.56,4.752,2,0.0,9434,1,0.15386266930005127
16.056,5.8203,3,0.2,9435,1,0.15763101369060584
26.72,9.352,5,0.2,9436,1,0.15894141628088654
10.848,3.5256,2,0.2,9437,1,0.1544210469415535
223.056,69.705,9,0.2,9438,1,0.07167979287332926
221.024,-55.256,2,0.2,9439,1,0.10759841789389951
77.952,-15.5904,3,0.2,9440,1,0.1476188910511228
540.048,-47.2542,3,0.2,9441,1,0.0766621603848664
27.93,8.0997,3,0.0,9442,1,0.15916491084684742
41.6,13.0,4,0.2,9443,1,0.16621184221156826
18.544,3.0134,2,0.2,9444,1,0.1555342103338373
62.352,-10.9116,6,0.2,9445,1,0.14205268332475057
44.784,-0.5598,2,0.2,9446,1,0.15332994469044142
7.92,0.693,2,0.2,9447,1,0.1539142824778676
671.984,50.3988,2,0.2,9448,1,0.06724307833300813
370.782,-92.6955,3,0.4,9449,1,0.038535299097608555
67.992,8.499,1,0.2,9450,1,0.1111359832900341
205.9992,-27.2646,3,0.32,9451,1,0.09324331734600116
2404.704,150.294,6,0.2,9452,-1,-0.026780810583667658
154.95,30.99,3,0.0,9453,1,0.13823776873256083
9.324,-24.7086,6,0.8,9454,1,0.017753559990143386
2.064,0.1548,1,0.2,9455,1,0.11736828687699435
563.024,190.0206,11,0.2,9456,-1,-0.03515650259195868
11.22,-7.48,10,0.7,9457,-1,-0.010216555133933714
8.64,4.2336,3,0.0,9458,1,0.15790018895993413
8.904,3.339,3,0.2,9459,1,0.15706397362042596
61.792,6.1792,4,0.2,9460,1,0.16534195255106593
344.91,10.3473,3,0.0,9461,1,0.1247007599824323
230.376,-48.9549,3,0.2,9462,1,0.11182087279325642
720.064,-63.0056,4,0.2,9463,1,0.0628055234237499
11.21,3.363,1,0.0,9464,1,0.11650089204281122
82.95,29.0325,5,0.0,9465,1,0.15221972406973638
239.92,23.992,8,0.0,9466,1,0.09692756900877891
60.864,9.1296,4,0.2,9467,1,0.16602731318329073
163.96,70.5028,4,0.0,9468,1,0.130048454523724
652.995,-935.9595,7,0.7,9469,-1,-0.10137944492417472
22.0,1.375,5,0.2,9470,1,0.15674116331776716
43.6,12.208,4,0.0,9471,1,0.16555567427804718
629.95,163.787,5,0.0,9472,1,0.060802004514406205
321.568,28.1372,2,0.2,9473,1,0.11775394586368482
34.24,9.9296,8,0.0,9474,1,0.11801802120509769
45.04,4.504,2,0.2,9475,1,0.1535233849803655
3.648,-2.7968,2,0.7,9476,1,0.05689673556947761
8.64,3.024,2,0.2,9477,1,0.1537739395302709
21.99,-32.985,5,0.8,9478,1,0.017789005096572996
15.28,7.4872,2,0.0,9479,1,0.15343292034832495
96.36,25.0536,6,0.0,9480,1,0.14005782814445517
167.952,-27.2922,6,0.2,9481,1,0.12468698268822181
119.94,15.992,10,0.4,9482,1,0.03110726839746769
6.68,2.0,2,0.0,9483,1,0.1546371882184751
339.136,0.0,4,0.2,9484,1,0.1271945088111418
220.064,55.016,4,0.2,9485,1,0.13339044309318054
17.31,5.193,3,0.0,9486,1,0.160061737729279
12.42,4.4712,3,0.0,9487,1,0.15714622783948712
119.94,23.988,3,0.0,9488,1,0.14836633239650637
139.92,23.7864,2,0.0,9489,1,0.13594167980137056
23.36,6.0736,4,0.0,9490,1,0.1627537675688489
86.352,5.397,3,0.2,9491,1,0.15753798413977654
1.824,-1.3984,1,0.7,9492,1,0.02649963700591773
73.68,34.6296,6,0.0,9493,1,0.13677050976150257
146.82,73.41,3,0.0,9494,1,0.12367558572180326
811.28,24.3384,8,0.0,9495,1,0.03945542030802929
48.86,0.9772,7,0.0,9496,1,0.13256720191925975
33.29,7.9896,1,0.0,9497,1,0.11332261543037853
139.96,-1.7495,5,0.2,9498,1,0.14785417409628476
899.982,74.9985,3,0.4,9499,1,0.002463705078846745
1919.976,215.9973,3,0.2,9500,-1,-0.01728386505736912
52.44,24.1224,4,0.0,9501,1,0.15695465220849414
119.94,5.997,6,0.0,9502,1,0.1399370934432672
107.88,10.788,3,0.2,9503,1,0.1562667123030108
327.7328,-14.4588,2,0.32,9504,1,0.07428100325194698
187.76,76.9816,4,0.0,9505,1,0.130853897488256
35.04,12.264,2,0.0,9506,1,0.15524278497726168
50.94,14.2632,3,0.0,9507,1,0.15913454859788173
43.8,20.586,6,0.0,9508,1,0.1423678683586323
13.904,4.5188,2,0.2,9509,1,0.15459858037275603
4.158,-3.465,7,0.7,9510,1,0.03403297522205362
268.24,93.884,7,0.2,9511,1,0.08111849872527149
19.608,6.6177,3,0.2,9512,1,0.15780681656611212
38.88,18.6624,6,0.0,9513,1,0.14412568203877968
1247.64,349.3392,3,0.0,9514,-1,-0.016062923181840882
79.99,28.7964,1,0.0,9515,1,0.10010214884837954
431.16,107.79,5,0.2,9516,1,0.09030097690353134
239.96,83.986,5,0.2,9517,1,0.11047072090424126
10499.97,5039.9856,3,0.0,9518,-1,-0.16934183889320797
206.1,55.647,5,0.0,9519,1,0.1367746577418224
127.386,-25.4772,2,0.3,9520,1,0.1003441861267701
5.82,2.7354,2,0.0,9521,1,0.1546371882184751
19.76,8.2992,4,0.0,9522,1,0.16112833010981564
389.056,48.632,4,0.2,9523,1,0.12052008297925998
38.864,7.7728,7,0.2,9524,1,0.13683239688472026
8.448,2.9568,2,0.2,9525,1,0.1546335781755257
20.232,-16.1856,8,0.7,9526,1,0.011483750006430316
55.584,20.844,6,0.2,9527,1,0.14551416191490896
2.96,1.4208,2,0.0,9528,1,0.15277736015840382
7.38,3.4686,2,0.0,9529,1,0.15431656994084814
44.384,15.5344,1,0.2,9530,1,0.11360216861759997
41.472,14.5152,8,0.2,9531,1,0.12129555857330854
20.736,7.2576,4,0.2,9532,1,0.1640724202477345
95.94,9.594,3,0.0,9533,1,0.15323683074405053
37.76,10.5728,1,0.0,9534,1,0.11187000159880817
92.52,24.9804,6,0.0,9535,1,0.14229693709156638
81.36,-19.323,5,0.2,9536,1,0.14361576218724736
169.68,45.8136,6,0.0,9537,1,0.12787499231161903
2.944,-0.6624,1,0.2,9538,1,0.11539659678710623
132.52,54.3332,4,0.0,9539,1,0.1394673656168679
74.95,36.7255,5,0.0,9540,1,0.15031397542014613
233.058,-53.2704,3,0.3,9541,1,0.08709876528429061
191.058,-46.3998,3,0.3,9542,1,0.09413300411839776
305.312,-8.7232,2,0.3,9543,1,0.08836168390080318
15.992,-13.993,2,0.6,9544,1,0.051879659142656354
18.7,7.106,1,0.0,9545,1,0.11485504170694627
821.88,213.6888,6,0.0,9546,1,0.02394296725869627
79.974,-29.3238,3,0.4,9547,1,0.08386408902030446
219.075,-131.445,3,0.5,9548,1,0.01699396534304709
718.116,-71.8116,6,0.3,9549,1,0.02415351667445942
2504.74,626.185,7,0.0,9550,-1,-0.10069455433565389
22.96,6.6584,7,0.0,9551,1,0.13360094380586834
31.776,8.7384,4,0.2,9552,1,0.16762166895935499
99.136,8.6744,4,0.2,9553,1,0.16471423697622456
13.04,3.912,5,0.2,9554,1,0.15617386784003784
21.96,10.7604,2,0.0,9555,1,0.15374203554337124
41.28,13.932,6,0.2,9556,1,0.15183206168735774
58.408,18.2525,7,0.2,9557,1,0.13716015854797042
1525.188,-2287.782,6,0.8,9558,-1,-0.1484091378118514
59.913,-45.9333,7,0.7,9559,1,0.012780174996501859
16.74,8.37,3,0.0,9560,1,0.15719861526281353
25.06,12.53,7,0.0,9561,1,0.13346882314260566
16.896,5.28,4,0.2,9562,1,0.16371097951121033
13.36,6.4128,2,0.0,9563,1,0.15024260788739263
305.01,76.2525,9,0.0,9564,1,0.06619164589679405
6.672,0.5004,1,0.2,9565,1,0.11750285242817643
31.968,2.3976,4,0.2,9566,1,0.164638924415553
183.968,-25.2956,2,0.2,9567,1,0.13003829253303323
209.568,-23.5764,2,0.2,9568,1,0.12438118433169998
283.92,-46.137,5,0.2,9569,1,0.10503729651361743
4.656,1.5714,2,0.2,9570,1,0.1556708674611223
27.58,11.5836,2,0.0,9571,1,0.15347364447195855
50.97,9.1746,3,0.0,9572,1,0.15998720655504411
77.6,28.13,5,0.2,9573,1,0.15379085541530346
42.6,16.614,3,0.0,9574,1,0.15894868974229298
23.968,2.6964,7,0.2,9575,1,0.13163810558466726
22.0,9.68,10,0.0,9576,1,0.07007516464482477
68.97,19.3116,3,0.0,9577,1,0.15591245975330315
28.728,1.7955,3,0.2,9578,1,0.1556511852204303
84.056,27.3182,7,0.2,9579,1,0.12975152292203335
46.76,22.4448,7,0.0,9580,1,0.1316152515416264
2.97,1.3365,3,0.0,9581,1,0.15596545845528942
569.99,170.997,1,0.0,9582,1,0.018804335741325007
1259.97,327.5922,3,0.0,9583,-1,-0.010847935276097398
27.42,11.2422,1,0.0,9584,1,0.11196863837764731
70.98,20.5842,1,0.0,9585,1,0.10524711992166563
8.62,2.2412,1,0.0,9586,1,0.11497557325600272
11.76,3.1752,4,0.0,9587,1,0.1609757797206804
5.56,1.4456,2,0.0,9588,1,0.15306804698281018
40.736,14.7668,2,0.2,9589,1,0.15373910181112344
150.8,56.55,5,0.2,9590,1,0.13084931483273443
9.02,3.5178,2,0.0,9591,1,0.15280159725757786
8.448,2.64,2,0.2,9592,1,0.15550026341119266
51.84,24.8832,8,0.0,9593,1,0.1118909346456019
39.296,3.9296,4,0.2,9594,1,0.1672771492166391
56.56,15.2712,2,0.0,9595,1,0.14846569250257996
1039.992,103.9992,1,0.2,9596,-1,-0.006317358088528735
55.176,-12.4146,3,0.2,9597,1,0.15035021707492685
659.976,49.4982,3,0.2,9598,1,0.08640417028910602
35.712,2.232,8,0.2,9599,1,0.11610109625110387
24.048,7.2144,9,0.2,9600,1,0.10045708998692288
28.4,11.076,2,0.0,9601,1,0.15347364447195855
6.464,-4.04,1,0.6,9602,1,0.020900799511366475
127.785,-31.0335,1,0.3,9603,1,0.0516632569828005
3.304,1.0738,1,0.2,9604,1,0.11673852463882972
287.92,138.2016,8,0.0,9605,1,0.04860337276512883
7.476,-5.9808,1,0.7,9606,1,0.023912772851513164
6.104,-9.156,2,0.8,9607,1,0.03767035718641398
11.52,4.176,5,0.2,9608,1,0.15666626129589345
36.288,12.7008,7,0.2,9609,1,0.13669912947415247
78.304,29.364,2,0.2,9610,1,0.14529709614938074
10.688,3.7408,2,0.2,9611,1,0.15460909386309152
4.36,0.1744,2,0.0,9612,1,0.15018942408543218
74.112,17.6016,8,0.2,9613,1,0.11797013424828007
195.96,19.596,5,0.2,9614,1,0.14263764473136525
27.992,2.0994,1,0.2,9615,1,0.11510007266997602
222.384,16.6788,2,0.2,9616,1,0.13222903647050638
321.568,-16.0784,2,0.2,9617,1,0.11794187439617898
977.292,173.7408,6,0.1,9618,1,0.009892447770314727
364.08,9.102,2,0.2,9619,1,0.11183857880223413
71.088,-1.7772,2,0.2,9620,1,0.15316836521442107
13.762,-24.7716,1,0.8,9621,-1,-0.006016280017061781
27.76,9.9936,4,0.0,9622,1,0.16216546653919678
16.38,7.371,9,0.0,9623,1,0.08827419362681116
11.673,-7.782,3,0.7,9624,1,0.05506035737051895
2.88,1.4112,1,0.0,9625,1,0.1124448645783166
327.84,157.3632,8,0.0,9626,1,0.036427272716284875
20.724,-15.1976,2,0.7,9627,1,0.050392411310625995
19.008,-12.672,8,0.7,9628,1,0.011483750006430316
167.96,78.9412,2,0.0,9629,1,0.1086446451462309
64.848,24.318,7,0.2,9630,1,0.1326499988392108
10.824,2.5707,3,0.2,9631,1,0.15551554099735476
229.544,83.2097,7,0.2,9632,1,0.08948797955892673
5.88,2.8812,1,0.0,9633,1,0.1169386185453079
12.96,6.2208,2,0.0,9634,1,0.14979983414858788
7.78,3.501,1,0.0,9635,1,0.11510541897265725
415.872,-41.5872,8,0.2,9636,1,0.058009291018073506
1443.96,375.4296,12,0.0,9637,-1,-0.10506454492891215
33.29,7.9896,1,0.0,9638,1,0.112711119614123
223.58,87.1962,14,0.0,9639,-1,-0.012869683931431397
79.1,39.55,2,0.0,9640,1,0.13728558378753758
89.988,-14.998,2,0.4,9641,1,0.08210611898849945
359.499,-29.6058,3,0.15,9642,1,0.10077308922247574
723.92,-81.441,5,0.2,9643,1,0.05624690409617439
701.96,168.4704,2,0.0,9644,1,0.03800682812277101
853.93,-24.398,5,0.3,9645,1,0.03446429124656525
67.84,-179.776,5,0.8,9646,-1,-0.031227720560854766
18.688,3.7376,4,0.2,9647,1,0.163989500198426
5.16,1.3416,2,0.0,9648,1,0.15306804698281018
34.08,15.336,6,0.0,9649,1,0.14525688450270113
48.87,23.9463,9,0.0,9650,1,0.08916318001245516
501.81,0.0,3,0.0,9651,1,0.0991959582645563
10.48,2.8296,1,0.0,9652,1,0.11514943076244882
299.96,37.495,5,0.2,9653,1,0.12494877525562714
39.96,3.4965,5,0.2,9654,1,0.16110612160501414
828.6,240.294,3,0.0,9655,1,0.028775685748852253
126.3,40.416,3,0.0,9656,1,0.14364840098920723
27.46,9.8856,2,0.0,9657,1,0.15147391406694083
135.3,37.884,5,0.0,9658,1,0.14109737408341477
257.94,67.0644,3,0.0,9659,1,0.12070482091263252
58.73,14.6825,7,0.0,9660,1,0.13211545588996032
52.272,9.801,3,0.2,9661,1,0.16033430668500992
213.136,23.9778,7,0.2,9662,1,0.11984403527523757
12.84,3.7236,3,0.0,9663,1,0.15524442473479794
33.568,-53.7088,8,0.8,9664,-1,-0.014063382595083218
93.344,32.6704,4,0.2,9665,1,0.15613673699781122
38.04,12.1728,2,0.0,9666,1,0.15319670344327269
89.98,43.1904,2,0.0,9667,1,0.1375090737115558
979.95,264.5865,5,0.0,9668,1,0.019798659550991915
1879.96,545.1884,4,0.0,9669,-1,-0.061138326725488024
220.752,-40.4712,8,0.4,9670,1,0.02819248199012414
18.84,6.0288,3,0.0,9671,1,0.15632440770211464
46.94,19.2454,1,0.0,9672,1,0.10546862217400937
43.584,4.3584,1,0.2,9673,1,0.11518713205520953
8.76,0.7665,5,0.2,9674,1,0.15561915560625833
6.99,2.0271,3,0.0,9675,1,0.1563647459216535
107.424,36.2556,6,0.2,9676,1,0.13631455634955664
117.488,41.1208,7,0.2,9677,1,0.12025192932406742
497.94,224.073,3,0.0,9678,1,0.0559081404962376
244.55,114.9385,5,0.0,9679,1,0.10138283892540434
158.28,72.8088,6,0.0,9680,1,0.11541648010062666
166.16,59.8176,8,0.0,9681,1,0.09590917096388968
143.73,56.0547,9,0.0,9682,1,0.07894705482882547
57.568,5.7568,4,0.2,9683,1,0.16729697882084393
1007.232,75.5424,6,0.2,9684,1,0.04533494044274056
1049.2,272.792,5,0.0,9685,1,0.017596698393222088
516.488,-12.9122,7,0.2,9686,1,0.07950250125077196
20.9,7.524,5,0.0,9687,1,0.15774956280363228
2065.32,-619.596,12,0.4,9688,-1,-0.14516355453653595
1.64,0.738,1,0.0,9689,1,0.10814728681772245
79.96,35.982,2,0.0,9690,1,0.13840967192907222
62.65,29.4455,5,0.0,9691,1,0.15303706783418025
15.552,5.4432,3,0.2,9692,1,0.15743237053531323
25.344,7.92,6,0.2,9693,1,0.14949241994316942
88.768,31.0688,2,0.2,9694,1,0.14159335949033286
1979.89,494.9725,11,0.0,9695,-1,-0.12048413317667317
390.368,48.796,2,0.2,9696,1,0.10541970676591139
101.52,19.035,5,0.2,9697,1,0.15606331426845932
1079.316,-15.4188,6,0.3,9698,1,0.011297834398140472
1242.9,262.39,5,0.1,9699,-1,-0.0077646058241948035
25.83,9.5571,3,0.0,9700,1,0.15525464188940108
1781.682,-653.2834,7,0.4,9701,-1,-0.09230770058664373
663.936,82.992,4,0.2,9702,1,0.07309342133263097
155.94,45.2226,6,0.0,9703,1,0.1256720699982351
68.472,23.1093,3,0.2,9704,1,0.15546218497947795
2.368,0.8288,2,0.2,9705,1,0.1505805421769571
173.8,43.45,5,0.0,9706,1,0.13865983215926958
269.49,5.3898,3,0.0,9707,1,0.12853405082474195
83.56,1.6712,4,0.0,9708,1,0.1537245262822946
95.976,-10.7973,3,0.2,9709,1,0.1490581989611905
383.976,81.5949,3,0.2,9710,1,0.09309153655936658
546.06,163.818,3,0.0,9711,1,0.06380612638001848
71.976,8.997,3,0.2,9712,1,0.1577836729025074
141.96,41.1684,2,0.0,9713,1,0.12421739252269265
897.15,251.202,3,0.0,9714,1,0.023159985392542715
317.058,-18.1176,3,0.3,9715,1,0.09190399285441325
398.972,-28.498,2,0.3,9716,1,0.06690998490323874
70.68,31.0992,12,0.0,9717,1,0.03011371676041097
7.712,1.7352,2,0.2,9718,1,0.15054628500987927
629.64,107.0388,9,0.0,9719,1,0.001892590001713379
79.12,13.846,5,0.2,9720,1,0.15632884991656082
31.152,3.5046,3,0.2,9721,1,0.15785344894498882
8.001,-5.6007,7,0.7,9722,1,0.03149856600237966
15.92,5.373,5,0.2,9723,1,0.1541799253305487
6.783,-4.7481,7,0.7,9724,1,0.03149856600237966
15.92,7.4824,4,0.0,9725,1,0.15561730499914528
10.128,3.6714,2,0.2,9726,1,0.15027826650854093
17.52,6.132,5,0.2,9727,1,0.1552892187823543
104.68,35.3295,5,0.2,9728,1,0.14534553449759563
52.29,16.2099,9,0.0,9729,1,0.0833759792790284
15.936,5.1792,4,0.2,9730,1,0.1605877898712812
10.368,3.6288,2,0.2,9731,1,0.15027826650854093
41.86,18.837,7,0.0,9732,1,0.12898863106681785
19.44,9.3312,3,0.0,9733,1,0.1523632482528165
45.36,21.7728,7,0.0,9734,1,0.12790431386770817
83.92,5.8744,4,0.0,9735,1,0.1540929003749829
37.392,2.337,3,0.2,9736,1,0.1547159785738667
91.99,3.6796,1,0.0,9737,1,0.10084603985657703
541.24,5.4124,4,0.0,9738,1,0.1020133296505652
221.55,6.6465,3,0.0,9739,1,0.1329669476667208
20.37,6.9258,3,0.0,9740,1,0.1539261803814888
105.584,9.2386,2,0.2,9741,1,0.1417674631473756
62.958,9.4437,7,0.4,9742,1,0.07911136143252501
406.368,30.4776,4,0.2,9743,1,0.12146448863411735
131.98,35.6346,2,0.0,9744,1,0.1256931469318931
219.8,24.7275,5,0.2,9745,1,0.13521655515799647
470.376,52.9173,3,0.2,9746,1,0.09992450518921514
242.352,-363.528,8,0.7,9747,-1,-0.07644463993145312
701.96,168.4704,2,0.0,9748,1,0.03297487900456275
906.68,68.001,5,0.2,9749,1,0.05666493468487177
1159.056,43.4646,9,0.2,9750,-1,-0.005830202116918648
508.704,0.0,6,0.2,9751,1,0.09409175421552629
8.752,-3.7196,4,0.6,9752,1,0.06298673656398401
286.86,80.3208,7,0.0,9753,1,0.09133722878676487
294.62,-766.012,5,0.8,9754,-1,-0.090772167030848
79.47,22.2516,3,0.0,9755,1,0.14895916745642096
12.16,2.128,5,0.2,9756,1,0.15139215012243468
34.65,10.395,3,0.0,9757,1,0.15310659786470338
19.728,1.7262,9,0.2,9758,1,0.0902930861840977
10.08,5.04,6,0.0,9759,1,0.1366390189842105
32.776,2.4582,1,0.2,9760,1,0.11314983762513092
179.9,44.975,5,0.0,9761,1,0.13569612339695897
47.96,4.1965,5,0.2,9762,1,0.1569574779205456
69.456,22.5732,2,0.2,9763,1,0.1389717548241156
67.86,-45.24,6,0.7,9764,1,0.01209220835824154
45.66,-33.484,5,0.7,9765,1,0.026806009563893674
631.176,-462.8624,4,0.7,9766,-1,-0.07551939123182427
36.624,-24.416,8,0.7,9767,-1,-0.00216496010049827
9.024,3.1584,6,0.2,9768,1,0.14341580427384687
10.86,5.3214,2,0.0,9769,1,0.14184661613437027
8.56,3.852,2,0.0,9770,1,0.1418943154068898
109.92,53.8608,2,0.0,9771,1,0.11701266904601093
114.288,12.8574,1,0.2,9772,1,0.09719198723103445
559.62,151.0974,9,0.0,9773,-1,-0.0047162039428640945
4.36,0.1744,2,0.0,9774,1,0.13768647684749097
49.616,4.9616,2,0.2,9775,1,0.14811419591471098
39.992,-7.9984,1,0.2,9776,1,0.10753895363590066
2479.96,743.988,4,0.0,9777,-1,-0.09734676564101497
151.188,-25.198,2,0.4,9778,1,0.058334284299177086
57.36,-14.34,6,0.2,9779,1,0.13237578145850698
979.95,284.1855,5,0.0,9780,1,0.01023292760316108
58.36,-24.803,5,0.6,9781,1,0.042822094771189034
39.96,-20.976,5,0.6,9782,1,0.04737675020649601
16.464,2.4406,7,0.2,9783,1,0.12831051264322335
13.592,-14.2716,2,0.6,9784,1,0.044190463478768094
16.192,4.6552,1,0.2,9785,1,0.11306316178177045
16.72,3.344,5,0.2,9786,1,0.1530313317194158
23.376,7.0128,3,0.2,9787,1,0.15244531956432372
521.96,88.7332,2,0.0,9788,1,0.0651626201253469
45.216,4.5216,3,0.2,9789,1,0.15493385244164792
13.344,1.0008,6,0.2,9790,1,0.14142652557567797
83.92,29.372,5,0.2,9791,1,0.14598286825474394
14.624,5.1184,2,0.2,9792,1,0.1477618870541002
28.782,-21.1068,6,0.7,9793,1,0.023190477223618444
3.15,1.512,1,0.0,9794,1,0.10434946649696547
166.44,79.8912,3,0.0,9795,1,0.11319911722744896
24.448,8.8624,4,0.2,9796,1,0.15879866417811184
10.32,3.741,2,0.2,9797,1,0.1471661600856103
10.368,3.6288,2,0.2,9798,1,0.1471661600856103
47.32,5.915,7,0.2,9799,1,0.12978086948649115
47.992,7.1988,1,0.2,9800,1,0.10705588598304228
76.752,10.5534,6,0.2,9801,1,0.14367717270660935
102.336,14.0712,8,0.2,9802,1,0.1102486652858089
136.99,36.9873,1,0.0,9803,1,0.07492266911132184
188.552,-2.6936,7,0.3,9804,1,0.07902970227461237
182.22,45.555,3,0.0,9805,1,0.13130060314459902
239.96,-10.284,10,0.3,9806,1,0.02562018784690856
302.94,18.1764,3,0.0,9807,1,0.12454010369998503
11.352,2.6961,3,0.2,9808,1,0.14895971935955682
12.99,1.5588,1,0.0,9809,1,0.1039693371090229
54.768,6.846,2,0.2,9810,1,0.14624196827003622
13.392,3.1806,3,0.2,9811,1,0.148940806322996
8.8,2.552,5,0.0,9812,1,0.1484014587445972
5.346,-4.455,3,0.7,9813,1,0.052573014007412655
74.352,23.235,3,0.2,9814,1,0.14940680813337598
11.76,5.7624,2,0.0,9815,1,0.13950404567063057
23.92,8.671,5,0.2,9816,1,0.15336917850350706
61.568,4.6176,2,0.2,9817,1,0.14468610998581888
255.968,-28.7964,4,0.2,9818,1,0.11997670225369184
399.95,143.982,5,0.0,9819,1,0.0765597192875982
142.8,29.988,1,0.0,9820,1,0.07364573064880786
649.0,-272.58,2,0.5,9821,-1,-0.05388659041821675
25.08,9.03,6,0.0,9822,1,0.13508523292801627
16.9,6.25,5,0.0,9823,1,0.1485593951938486
58.68,18.1908,2,0.0,9824,1,0.13730551937469554
20.94,6.0726,3,0.0,9825,1,0.1493518244156054
41.96,10.9096,2,0.0,9826,1,0.14239688063004885
199.9,39.98,5,0.0,9827,1,0.13480982860392177
254.9,68.823,5,0.0,9828,1,0.120862080225966
61.44,16.5888,3,0.0,9829,1,0.1469949657406041
14.976,5.4288,6,0.2,9830,1,0.1422142802287839
83.92,29.372,5,0.2,9831,1,0.14598286825474394
172.752,60.4632,6,0.2,9832,1,0.11567057223581284
24.816,8.3754,3,0.2,9833,1,0.15244531956432372
9.296,3.0212,2,0.2,9834,1,0.1467451322812665
11.07,5.2029,3,0.0,9835,1,0.14692319237932155
9.45,4.536,3,0.0,9836,1,0.14756610577328333
21.6,9.936,6,0.0,9837,1,0.13472349334348382
38.9,17.505,5,0.0,9838,1,0.14960665237161502
92.94,41.823,3,0.0,9839,1,0.14355214541202188
205.03,67.6599,7,0.0,9840,1,0.10331532948129935
99.39,40.7499,3,0.0,9841,1,0.13991211016170818
31.176,-7.0146,3,0.2,9842,1,0.15048130060064074
10.68,2.8836,1,0.0,9843,1,0.10604052228416788
82.38,25.5378,6,0.0,9844,1,0.13101291460662257
320.64,89.7792,4,0.0,9845,1,0.10458808776060419
1889.99,-2929.4845,5,0.8,9846,-1,-0.1523501142981457
3.552,1.2432,3,0.2,9847,1,0.14767647795164474
15.552,5.4432,3,0.2,9848,1,0.15003910077285493
50.04,25.02,6,0.0,9849,1,0.12982825302029927
52.0,23.4,4,0.0,9850,1,0.14821953835893747
127.984,25.5968,2,0.2,9851,1,0.13070358164005808
374.376,46.797,3,0.2,9852,1,0.11276581819008724
1336.829,31.4548,13,0.15,9853,-1,-0.06685503995699438
459.92,41.3928,4,0.0,9854,1,0.11356826903249362
215.544,-58.5048,4,0.3,9855,1,0.09007282783594528
113.568,-18.4548,2,0.2,9856,1,0.13200532325819891
128.9,15.468,2,0.0,9857,1,0.12390567484157333
109.48,33.9388,2,0.0,9858,1,0.12042570521682922
1004.024,-112.9527,7,0.2,9859,1,0.019139434777253883
69.48,20.844,1,0.0,9860,1,0.09559483800194823
1089.75,305.13,3,0.0,9861,1,4.0012147238610574E-4
13.248,3.6432,4,0.2,9862,1,0.15581361551148593
90.48,33.93,3,0.2,9863,1,0.14067343839447244
22.424,8.409,1,0.2,9864,1,0.1074642874047575
61.06,28.0876,2,0.0,9865,1,0.12985161784427507
28.35,13.608,9,0.0,9866,1,0.07812751457560985
55.98,27.4302,1,0.0,9867,1,0.08994758600784925
27.52,12.6592,4,0.0,9868,1,0.15360397817984378
9.68,4.6464,1,0.0,9869,1,0.10260392989580025
87.92,40.4432,4,0.0,9870,1,0.14105752088462603
19.44,9.3312,3,0.0,9871,1,0.14619910569893751
60.12,28.8576,9,0.0,9872,1,0.07629479093159697
27.15,13.3035,5,0.0,9873,1,0.14910395861796671
592.74,160.0398,6,0.0,9874,1,0.045395142504163655
42.76,11.1176,1,0.0,9875,1,0.10308014943614047
31.92,8.2992,4,0.0,9876,1,0.1543009355115595
29.79,8.6391,3,0.0,9877,1,0.14846863568619317
272.94,0.0,3,0.0,9878,1,0.11778958265026385
179.95,37.7895,5,0.0,9879,1,0.13253008294309038
178.11,32.0598,3,0.0,9880,1,0.12541484049437646
1199.976,434.9913,3,0.2,9881,-1,-0.02706038950295586
83.988,-20.997,2,0.4,9882,1,0.06874148464660057
148.257,15.6978,3,0.15,9883,1,0.12519404722173733
872.94,226.9644,3,0.0,9884,1,0.02833210567941502
9.708,-5.8248,3,0.6,9885,1,0.05194822424758305
896.328,22.4082,9,0.2,9886,1,0.022675778268891778
214.9,62.321,5,0.0,9887,1,0.12778110211059895
189.0,68.04,1,0.0,9888,1,0.05989128042256653
11.16,2.79,2,0.0,9889,1,0.13701971497102045
34.7,12.492,5,0.0,9890,1,0.15098157343496216
2.624,0.4264,1,0.2,9891,1,0.10748127873641672
54.9,26.901,5,0.0,9892,1,0.14050877387652505
13.005,-9.9705,3,0.7,9893,1,0.041215257425558094
11.088,-8.1312,7,0.7,9894,1,0.020179840855719777
33.72,15.5112,4,0.0,9895,1,0.15266847168522357
15.92,7.4824,4,0.0,9896,1,0.147961605386283
41.54,19.5238,2,0.0,9897,1,0.13468138723338902
1.248,-1.9344,3,0.8,9898,1,0.029426102965486978
10.4,5.096,5,0.0,9899,1,0.14458132277919983
29.36,13.5056,2,0.0,9900,1,0.13774606100616382
57.576,21.591,3,0.2,9901,1,0.14544609895103144
5.76,2.6496,2,0.0,9902,1,0.13594554638545964
14.94,7.0218,3,0.0,9903,1,0.14292591895496937
33.45,15.387,5,0.0,9904,1,0.1479109325429736
143.856,48.5514,9,0.2,9905,1,0.07589936110371631
12.96,6.2208,2,0.0,9906,1,0.13079725744096793
419.4,146.79,5,0.2,9907,1,0.06654137068130572
15.984,4.995,2,0.2,9908,1,0.14236196282185343
27.24,2.724,3,0.2,9909,1,0.14312769185462404
37.208,-7.4416,1,0.2,9910,1,0.10461332744490537
15.14,0.6056,1,0.0,9911,1,0.09812075832055966
146.45,48.3285,5,0.0,9912,1,0.13034255007473866
104.88,41.952,6,0.0,9913,1,0.11915839632849645
1399.98,629.991,2,0.0,9914,-1,-0.07396180417501574
444.768,44.4768,4,0.2,9915,1,0.1109255763739338
3.69,1.73,1,0.0,9916,1,0.10160367352395117
122.12,56.18,4,0.0,9917,1,0.13192593559284221
87.92,15.386,5,0.2,9918,1,0.14434016980833486
19.104,5.7312,3,0.2,9919,1,0.14530223812334236
14.76,4.2804,2,0.0,9920,1,0.13738380313950826
310.88,23.316,2,0.2,9921,1,0.10874115780480825
1669.6,116.872,4,0.0,9922,1,0.0038672981941327844
426.79,123.7691,7,0.0,9923,1,0.058330629948166846
18.24,5.2896,3,0.0,9924,1,0.1430326559639623
3.273,-2.5093,1,0.7,9925,1,0.01448358357232149
19.936,7.2268,4,0.2,9926,1,0.15431910871644744
65.568,22.9488,2,0.2,9927,1,0.13230559505475137
45.84,22.0032,8,0.0,9928,1,0.10045160017871602
34.5,15.525,3,0.0,9929,1,0.14443677200808647
10.86,5.1042,3,0.0,9930,1,0.14110273775541737
10.368,3.6288,2,0.2,9931,1,0.14079346683146143
12.96,6.2208,2,0.0,9932,1,0.13079725744096793
324.9,38.988,5,0.0,9933,1,0.12327874459034222
599.97,257.9871,3,0.0,9934,1,0.041626542059335914
14.2,3.3725,1,0.2,9935,1,0.10688978399545584
49.08,4.908,3,0.0,9936,1,0.1466505329418772
38.97,0.7794,3,0.0,9937,1,0.14153015171908545
95.84,34.742,4,0.2,9938,1,0.14675461429400882
99.12,35.4144,8,0.0,9939,1,0.09513912150557213
64.784,-12.147,1,0.2,9940,1,0.0959795603791751
63.686,-9.098,1,0.3,9941,1,0.061794161697453664
520.464,-14.8704,2,0.3,9942,1,0.05241304376108191
77.72,-66.062,1,0.6,9943,-1,-0.011960364606693807
721.875,-420.0,6,0.45,9944,-1,-0.06299507051375641
1.392,-3.7584,2,0.8,9945,1,0.025606897197787748
22.75,6.5975,7,0.0,9946,1,0.11969975756088752
13.584,1.3584,1,0.2,9947,1,0.1066082282850993
23.36,7.884,4,0.2,9948,1,0.15564966065460806
5.4,2.592,3,0.0,9949,1,0.14185102030707303
14.952,5.0463,1,0.2,9950,1,0.10679313766547571
40.2,18.09,5,0.0,9951,1,0.1450833571560286
735.98,331.191,2,0.0,9952,-1,-0.009315297958144675
7.28,3.4944,1,0.0,9953,1,0.10364683176218537
6.54,2.1582,3,0.0,9954,1,0.14185102030707303
10.368,3.6288,2,0.2,9955,1,0.14079346683146143
17.94,8.073,3,0.0,9956,1,0.1420669601806271
116.312,23.2624,7,0.2,9957,1,0.12090223512320264
39.98,13.5932,2,0.0,9958,1,0.13740990570607864
128.85,3.8655,3,0.0,9959,1,0.1331596586759094
73.568,-16.5528,4,0.2,9960,1,0.1444253698817896
116.98,29.245,2,0.0,9961,1,0.11931915691147477
287.976,7.1994,3,0.2,9962,1,0.11683862722989025
201.04,54.2808,8,0.0,9963,1,0.08440105860745711
8.64,4.2336,3,0.0,9964,1,0.1390500593667191
12.96,6.3504,2,0.0,9965,1,0.1278897208677932
38.88,18.6624,6,0.0,9966,1,0.12766478201279996
31.44,8.4888,3,0.0,9967,1,0.1432122185451825
266.352,-292.9872,6,0.6,9968,-1,-0.055168550818564754
2.032,-1.3208,1,0.6,9969,1,0.018630823598299928
56.328,-26.7558,3,0.6,9970,1,0.036425476981258975
26.25,11.025,3,0.0,9971,1,0.14196438758872432
974.988,-97.4988,4,0.3,9972,1,0.006157992423530767
526.582,-52.6582,2,0.3,9973,1,0.03881511802923676
95.232,24.9984,6,0.2,9974,1,0.13016623929599086
64.96,22.736,14,0.2,9975,1,0.003961745959661367
43.7,20.539,5,0.0,9976,1,0.14047301571401083
17.28,8.1216,6,0.0,9977,1,0.1270463638398957
73.85,2.2155,1,0.0,9978,1,0.09598802331330558
25.71,6.6846,3,0.0,9979,1,0.14188442431749848
227.976,28.497,3,0.2,9980,1,0.12121374714863031
44.75,8.5025,5,0.0,9981,1,0.14363576128987138
159.8,70.312,4,0.0,9982,1,0.11674875778474292
39.264,-4.908,3,0.2,9983,1,0.141988496132332
1199.98,467.9922,2,0.0,9984,-1,-0.05205366604197703
52.68,19.755,3,0.2,9985,1,0.1416612898105019
43.7,20.539,5,0.0,9986,1,0.14047301571401083
64.96,22.736,14,0.2,9987,1,0.003961745959661367
526.582,-52.6582,2,0.3,9988,1,0.0384503779653228
26.25,11.025,3,0.0,9989,1,0.13958070212335366
17.28,8.1216,6,0.0,9990,1,0.12606730178843845
22.77,9.7911,3,0.0,9991,1,0.1377188548520325
54.32,16.296,4,0.0,9992,1,0.1462150243003706
10.192,1.0192,7,0.2,9993,1,0.1193559119480112
22.83,10.7301,3,0.0,9994,1,0.13933865950210822
196.776,14.7582,3,0.2,9995,1,0.12415825173693013
68.46,20.538,2,0.0,9996,1,0.12205004939070846
19.6,9.604,5,0.0,9997,1,0.13845876494232862
81.568,9.1764,2,0.2,9998,1,0.1286266550144925
97.184,6.074,2,0.2,9999,1,0.12664928507093742
18.96,7.584,2,0.0,10000,1,0.12734101450109742
29.95,8.6855,5,0.0,10001,1,0.14305832073300762
33.376,10.43,4,0.2,10002,1,0.153497442156721
24.32,8.208,5,0.2,10003,1,0.14513607035414017
5.984,2.244,2,0.2,10004,1,0.13556180483563945
10.8,5.184,5,0.0,10005,1,0.13785145990306907
44.4,22.2,3,0.0,10006,1,0.13411347029977322
13.36,6.4128,2,0.0,10007,1,0.12329548285706127
158.9,7.945,5,0.0,10008,1,0.12651420474161945
149.95,31.4895,5,0.0,10009,1,0.12215838360901626
189.95,45.588,5,0.0,10010,1,0.1242160590245856
504.9,80.784,5,0.0,10011,1,0.08293934361394117
124.36,27.3592,2,0.0,10012,1,0.11057434532937804
66.284,-178.9668,2,0.8,10013,-1,-0.04698581878365915
11.808,4.2804,2,0.2,10014,1,0.13215661473341672
15.24,5.1435,5,0.2,10015,1,0.14233836410292167
24.816,8.3754,3,0.2,10016,1,0.1389682725511946
28.16,13.2352,4,0.0,10017,1,0.14758115225593038
13.23,6.0858,3,0.0,10018,1,0.13098904516007875
32.56,8.4656,2,0.0,10019,1,0.12852535628577583
481.32,125.1432,4,0.0,10020,1,0.07606791051718287
166.72,41.68,2,0.0,10021,1,0.10350222549366112
544.38,157.8702,3,0.0,10022,1,0.05908219827962602
13.98,3.6348,1,0.0,10023,1,0.09715492062954711
119.833,-12.6882,1,0.15,10024,1,0.06449462948623186
1141.938,139.5702,9,0.1,10025,-1,-0.03036534988161399
18.96,8.532,2,0.0,10026,1,0.12532129355675903
99.95,22.9885,5,0.0,10027,1,0.13181953589825562
1704.56,511.368,13,0.0,10028,-1,-0.13419114435701407
130.112,13.0112,2,0.2,10029,1,0.12057094714382588
3.2,1.376,2,0.0,10030,1,0.12408883108119073
12.672,1.4256,9,0.2,10031,1,0.08185158970017764
38.82,17.469,6,0.0,10032,1,0.12279555669814546
5.76,1.6704,2,0.0,10033,1,0.12486819857241072
18.704,2.338,7,0.2,10034,1,0.1183843637460556
6.63,1.7901,3,0.0,10035,1,0.13178297029897296
46.672,16.3352,2,0.2,10036,1,0.12624002188146033
7.236,-6.03,3,0.7,10037,1,0.0399418020177269
4.824,1.7487,3,0.2,10038,1,0.1304459429274984
32.4,15.552,5,0.0,10039,1,0.13643702572249394
91.36,29.692,5,0.2,10040,1,0.13025199977174157
12.96,6.2208,2,0.0,10041,1,0.11768053118450966
29.34,10.8558,3,0.0,10042,1,0.13566065885064021
119.98,57.5904,2,0.0,10043,1,0.09465486018442215
102.018,-183.6324,7,0.7,10044,-1,-0.04130890200760795
13.36,4.008,5,0.2,10045,1,0.1359154712693013
36.672,11.46,2,0.2,10046,1,0.12879067613329692
78.256,-17.6076,2,0.2,10047,1,0.11914465341665259
1665.62,33.3124,2,0.0,10048,-1,-0.015157192121814433
50.352,17.6232,3,0.2,10049,1,0.13343086722449704
6.984,2.3571,1,0.2,10050,1,0.09799548041135447
279.9,137.151,5,0.0,10051,1,0.07072811640512411
6.48,3.1104,1,0.0,10052,1,0.09288743584566878
34.02,16.6698,3,0.0,10053,1,0.13108957401772497
6.984,2.3571,1,0.2,10054,1,0.09799548041135447
15.92,7.0048,2,0.0,10055,1,0.12234041807140006
5.88,1.7052,2,0.0,10056,1,0.12119405227142199
6.63,1.7901,3,0.0,10057,1,0.12816492579169042
23.88,11.2236,6,0.0,10058,1,0.11897222495451504
166.44,79.8912,3,0.0,10059,1,0.0961253372520589
1000.02,290.0058,7,0.0,10060,-1,-0.016896402713728498
124.36,33.5772,2,0.0,10061,1,0.10206936859871829
375.34,18.767,1,0.0,10062,1,0.04516146161461543
69.5,20.155,5,0.0,10063,1,0.13140882317882158
71.0,27.69,4,0.0,10064,1,0.13357891825783547
281.97,78.9516,3,0.0,10065,1,0.09753025365960855
220.98,50.8254,1,0.0,10066,1,0.05249615933789287
1586.69,412.5394,7,0.0,10067,-1,-0.05641497145341756
141.96,35.49,2,0.0,10068,1,0.10128676937170039
934.956,-249.3216,6,0.4,10069,-1,-0.04870125213010745
182.55,-135.087,2,0.5,10070,-1,-0.008612887387327017
411.8,70.006,2,0.0,10071,1,0.06972551505947511
607.52,97.2032,2,0.0,10072,1,0.044741379471951226
839.43,218.2518,3,0.0,10073,1,0.019014083201150167
59.24,16.291,5,0.2,10074,1,0.13686833782624308
4.17,1.0842,3,0.0,10075,1,0.12436763474017731
23.128,2.891,7,0.2,10076,1,0.11438289278094382
1.641,-1.3128,1,0.7,10077,1,0.009401072031116509
6.33,-9.8115,5,0.8,10078,1,0.018387512392762595
7.824,2.934,1,0.2,10079,1,0.09399163677500977
18.45,8.6715,5,0.0,10080,1,0.13127308847345037
25.92,9.072,5,0.2,10081,1,0.1376760178488911
75.88,26.558,5,0.2,10082,1,0.13086436070004465
37.32,10.4496,3,0.0,10083,1,0.13215305807762262
26.16,1.962,3,0.2,10084,1,0.12927900714413887
31.16,7.79,2,0.0,10085,1,0.121577409985682
695.16,34.758,6,0.0,10086,1,0.052974203721494306
474.95,142.485,5,0.0,10087,1,0.05943384977167654
84.99,30.5964,1,0.0,10088,1,0.06868117656905726
46.864,7.6154,2,0.2,10089,1,0.12603031217933242
199.95,63.984,5,0.0,10090,1,0.11164850563974821
67.04,6.704,4,0.2,10091,1,0.14163156708397573
629.958,94.4937,7,0.4,10092,-1,-0.013983639235271461
72.704,19.0848,4,0.2,10093,1,0.14129028165641272
27.46,9.8856,2,0.0,10094,1,0.11720826629449621
181.95,38.2095,3,0.0,10095,1,0.10994563648146122
29.312,-74.7456,8,0.8,10096,-1,-0.03092000990534116
12.264,1.0731,7,0.2,10097,1,0.11125318345508328
13.48,5.9312,4,0.0,10098,1,0.13531244562988243
13.84,-22.144,4,0.8,10099,1,0.01583491437098783
182.94,85.9818,3,0.0,10100,1,0.09035928404287158
44.96,20.6816,2,0.0,10101,1,0.11483410641230107
175.872,63.7536,4,0.2,10102,1,0.11202282605977315
28.672,10.3936,8,0.2,10103,1,0.09515792130752876
62.04,17.3712,4,0.0,10104,1,0.13464719576760642
367.96,14.7184,4,0.0,10105,1,0.11068196146688103
218.352,-54.588,3,0.2,10106,1,0.08904369795975992
494.97,148.491,3,0.0,10107,1,0.05251369896191793
842.376,105.297,3,0.2,10108,1,0.02445861452114262
232.88,60.5488,4,0.0,10109,1,0.11195400558218643
271.764,48.3136,2,0.1,10110,1,0.08174112355912255
37.93,6.8274,1,0.0,10111,1,0.0871733812880891
8.544,1.9224,4,0.2,10112,1,0.13872518803092854
35.91,9.6957,3,0.0,10113,1,0.12952089563958752
12.3,6.15,5,0.0,10114,1,0.1270332185407222
90.48,33.93,3,0.2,10115,1,0.12011491197111474
21.312,7.992,3,0.2,10116,1,0.12887210298362783
14.376,4.8519,3,0.2,10117,1,0.12650557651827182
17.88,5.5875,3,0.2,10118,1,0.1287328380375416
19.44,9.3312,3,0.0,10119,1,0.1256752253479455
264.32,19.824,2,0.2,10120,1,0.10329731919804647
1003.62,0.0,6,0.0,10121,1,0.035431102047044916
2879.952,1007.9832,6,0.2,10122,-1,-0.12056382500151186
479.97,239.985,3,0.0,10123,1,0.03749570371137079
191.984,4.7996,2,0.2,10124,1,0.10943414836060517
304.45,76.1125,5,0.0,10125,1,0.1012188045538715
41.96,10.9096,2,0.0,10126,1,0.11961193661137592
21.0,5.775,3,0.2,10127,1,0.12887210298362783
273.06,-104.673,2,0.4,10128,1,0.004500542880254144
31.744,2.3808,2,0.2,10129,1,0.12424872841696105
13.023,-10.4184,1,0.7,10130,1,0.004439662026626046
3.168,-5.0688,3,0.8,10131,1,0.021930521036505946
40.98,-65.568,5,0.8,10132,-1,-0.006222123691857373
153.552,51.8238,3,0.2,10133,1,0.10352748034104553
3.856,1.3978,1,0.2,10134,1,0.09346440014191743
39.582,-59.373,9,0.8,10135,-1,-0.04213877098731056
39.312,12.7764,13,0.2,10136,-1,-6.88206271526326E-6
3.62,1.1946,2,0.0,10137,1,0.11690729481607226
629.1,301.968,6,0.0,10138,1,0.0015436851497233617
96.08,46.1184,2,0.0,10139,1,0.10318628706116034
95.94,9.594,3,0.0,10140,1,0.1204706145623976
270.62,2.7062,2,0.0,10141,1,0.09033137288660675
44.688,5.0274,7,0.2,10142,1,0.11528649722474282
158.928,41.7186,7,0.2,10143,1,0.09243054299668418
31.8,13.674,3,0.0,10144,1,0.1311609065889749
120.0,-7.2,2,0.5,10145,1,0.033606995115512905
90.48,23.5248,2,0.0,10146,1,0.10700561817491588
3.132,-2.61,2,0.7,10147,1,0.033419672578624215
44.75,20.585,5,0.0,10148,1,0.12660483303773423
16.032,5.6112,3,0.2,10149,1,0.1269928703097064
750.68,37.534,2,0.0,10150,1,0.03598025737540267
13.248,3.6432,4,0.2,10151,1,0.1384047156837847
164.388,-35.6174,2,0.4,10152,1,0.03426135316196688
78.8528,-11.596,2,0.32,10153,1,0.07181680924590728
340.704,-34.0704,6,0.2,10154,1,0.08192024556068511
113.372,-3.2392,2,0.3,10155,1,0.07986642542589434
7.4,3.034,2,0.0,10156,1,0.11632272867412619
2.96,-1.406,2,0.6,10157,1,0.03441762016537664
7.968,-2.3904,3,0.6,10158,1,0.03704606232376917
27.168,2.7168,2,0.2,10159,1,0.12098996447543625
2.48,0.868,1,0.0,10160,1,0.08044869053690445
33.264,11.2266,7,0.2,10161,1,0.11556235055392855
1.188,-0.99,2,0.7,10162,1,0.03378781519776708
1.68,-2.688,5,0.8,10163,1,0.018000494041033432
25.9,12.691,5,0.0,10164,1,0.1297635180605855
13.96,6.4216,4,0.0,10165,1,0.13022388691418757
72.45,34.776,7,0.0,10166,1,0.10013722569134376
4.28,1.926,1,0.0,10167,1,0.08442091431022286
64.784,-12.9568,1,0.2,10168,1,0.07736551508593026
118.25,34.2925,5,0.0,10169,1,0.11474054562769792
725.84,210.4936,4,0.0,10170,1,0.025844931187589903
14.85,4.0095,3,0.0,10171,1,0.12274740079283797
258.75,77.625,3,0.0,10172,1,0.08882993398970923
1207.84,314.0384,8,0.0,10173,-1,-0.03896081980972288
393.568,-44.2764,4,0.2,10174,1,0.08844445866178607
300.98,87.2842,1,0.0,10175,1,0.032861685045306066
101.12,37.4144,8,0.0,10176,1,0.07752454662336539
68.46,20.538,2,0.0,10177,1,0.10552339482817114
34.58,10.0282,1,0.0,10178,1,0.08016851315555834
12.53,5.8891,1,0.0,10179,1,0.07898224247488489
19.6,9.604,5,0.0,10180,1,0.12343024185533347
6.03,2.9547,3,0.0,10181,1,0.11906174626896021
209.7,100.656,2,0.0,10182,1,0.0630942923986928
302.376,22.6782,3,0.2,10183,1,0.09714706989089089
99.12,35.4144,8,0.0,10184,1,0.07848606399752278
68.46,20.538,2,0.0,10185,1,0.10552339482817114
19.6,9.604,5,0.0,10186,1,0.12343024185533347
323.136,12.1176,4,0.2,10187,1,0.10862674821328505
209.3,56.511,2,0.0,10188,1,0.0865602789716346
13.904,4.5188,2,0.2,10189,1,0.1170118225569382
52.776,19.791,3,0.2,10190,1,0.1211639868397344
20.72,6.475,2,0.2,10191,1,0.11777862985535253
3.024,-0.6048,3,0.2,10192,1,0.1180370510440702
90.93,2.7279,7,0.0,10193,1,0.09931480047738728
3.024,-0.6048,3,0.2,10194,1,0.1180370510440702
16.448,5.5512,2,0.2,1,1,0.14484478052545385
3.54,-5.487,2,0.8,2,1,0.03354629244458607
11.784,4.2717,3,0.2,3,1,0.14278166914978047
272.736,-64.7748,3,0.2,4,1,0.08436221559893053
19.536,4.884,3,0.2,5,1,0.14677826095834895
2573.82,746.4078,9,0.0,6,-1,-0.13020533500181464
5.48,1.4796,2,0.0,7,1,0.13647377252283238
12.78,5.2398,3,0.0,8,1,0.13945156602812198
609.98,274.491,2,0.0,9,1,0.006720350667931085
31.12,0.3112,4,0.0,10,1,0.1336475464450141
6.54,3.0084,1,0.0,11,1,0.10553535031161687
19.44,9.3312,3,0.0,12,1,0.13938096206176837
755.96,204.1092,4,0.0,13,1,0.012947440476216432
391.98,113.6742,2,0.0,14,1,0.06307204154416224
76.728,-53.7096,3,0.6,15,1,0.032296340221386166
10.43,-18.2525,7,0.8,16,-1,-0.010768564577785855
9.344,1.168,2,0.2,17,1,0.1424076266008058
31.2,9.75,3,0.2,18,1,0.14575792122210912
51.94,21.2954,1,0.0,19,1,0.09043974950504757
2.89,1.3583,1,0.0,20,1,0.1019396823920719
9.94,3.0814,2,0.0,21,1,0.13865290546805326
333.999,3.9294,3,0.15,22,1,0.09904171881535095
545.94,87.3504,6,0.0,23,1,0.0639297548857457
19.9,6.567,5,0.0,24,1,0.12642731555806752
3.438,-2.5212,2,0.7,25,1,0.05605117196070586
5.64,2.7072,3,0.0,26,1,0.13732930182641068
50.94,25.47,3,0.0,27,1,0.1360669238589277
11.36,5.3392,2,0.0,28,1,0.14117202817523433
37.408,13.0928,7,0.2,29,1,0.09272841629731671
572.58,34.3548,6,0.0,30,1,0.06475292761090634
1325.85,238.653,5,0.0,31,-1,-0.018490565054624764
646.74,258.696,6,0.0,32,1,0.009912566417216162
61.96,-53.2856,4,0.5,33,1,0.04042536057975776
149.95,65.978,5,0.0,34,1,0.10184174135446888
127.104,28.5984,6,0.2,35,1,0.10303002311972098
18.588,-13.6312,2,0.7,36,1,0.04642312670901971
30.072,10.1493,3,0.2,37,1,0.14575792122210912
124.2,-31.05,3,0.4,38,1,0.05636837578055698
64.864,6.4864,4,0.2,39,1,0.1339513748510343
181.47,-320.597,5,0.7,40,-1,-0.04529499976082452
32.34,-23.716,10,0.7,41,-1,-0.02991802144668021
108.72,36.693,5,0.2,42,1,0.11000223385065461
56.064,19.6224,4,0.2,43,1,0.1277866249360881
1067.94,224.2674,3,0.0,44,-1,-0.007105302860653584
14.73,4.8609,3,0.0,45,1,0.14360714440461952
272.94,30.0234,3,0.0,46,1,0.11486567030310701
38.6,11.58,4,0.0,47,1,0.13483087295310675
19.3,5.79,2,0.0,48,1,0.14426799279249758
247.716,93.5816,4,0.1,49,1,0.08226220359905012
22.96,6.6584,7,0.0,50,1,0.09579820896407354
6.63,1.7901,3,0.0,51,1,0.13793685807727746
43.92,12.7368,3,0.0,52,1,0.14187765854376588
19.05,8.9535,5,0.0,53,1,0.12565610127078947
67.194,-51.5154,1,0.7,54,-1,-0.016610085455461387
29.7,13.365,5,0.0,55,1,0.12793891880234465
23.34,10.9698,3,0.0,56,1,0.13984571856038547
19.36,9.2928,2,0.0,57,1,0.13741004056021883
13.98,4.0542,1,0.0,58,1,0.10440766557579695
66.58,15.9792,2,0.0,59,1,0.13167428678776405
699.93,181.9818,7,0.0,60,1,0.006231828787033433
25.248,4.1028,3,0.2,61,1,0.14549149342073203
24.3,10.45,5,0.0,62,1,0.12633813761416074
9.48,3.79,1,0.0,63,1,0.1028816185684695
31.4,13.19,5,0.0,64,1,0.12793891880234465
6.48,3.11,1,0.0,65,1,0.10585471695254373
209.5,58.66,10,0.0,66,1,0.03451043546084975
5.94,0.0,3,0.0,67,1,0.13673297176832322
40.08,19.2384,6,0.0,68,1,0.11268319938564886
141.96,39.7488,2,0.0,69,1,0.10569790998896328
12.42,4.4712,3,0.0,70,1,0.13906368416391662
62.82,30.7818,3,0.0,71,1,0.13345132646115337
10.68,5.0196,2,0.0,72,1,0.1408765648291751
16.68,8.34,2,0.0,73,1,0.14017984467562034
19.44,9.3312,3,0.0,74,1,0.13938096206176837
489.92,0.0,8,0.0,75,1,0.05331411321978885
187.98,52.6344,2,0.0,76,1,0.0954708994305084
155.35,0.0,13,0.0,77,-1,-0.007443100340806308
333.0,-16.65,3,0.2,78,1,0.10849985545216673
36.44,12.0252,4,0.0,79,1,0.13520349006260612
57.23,14.3075,1,0.0,80,1,0.09110737842343392
3.928,1.3257,1,0.2,81,1,0.1089410681090332
10.56,4.752,2,0.0,82,1,0.14060784723105607
229.94,6.8982,2,0.0,83,1,0.11270774065088907
290.666,3.4196,2,0.15,84,1,0.09461306867524094
468.9,206.316,6,0.0,85,1,0.0229097473198423
18.336,-12.224,2,0.7,86,1,0.0525830054821137
12.35,5.8045,5,0.0,87,1,0.12655863929626338
180.96,13.572,5,0.2,88,1,0.11361003469929992
13.272,4.3134,3,0.2,89,1,0.1464229462725838
83.84,27.248,2,0.2,90,1,0.11990397710527262
17.248,6.0368,2,0.2,91,1,0.1466134435876456
82.896,29.0136,3,0.2,92,1,0.12927682816477698
34.24,16.0928,4,0.0,93,1,0.1366614897755224
8.952,-14.7708,2,0.8,94,1,0.0197537185134814
15.0,7.2,4,0.0,95,1,0.13093608765802744
144.95,42.0355,5,0.0,96,1,0.10757971606978095
161.61,42.0186,1,0.0,97,1,0.06178044159568885
64.96,9.744,4,0.0,98,1,0.13256366722959267
115.36,49.6048,7,0.0,99,1,0.0730931388696372
14.56,5.5328,2,0.0,100,1,0.14476603352318318
60.89,15.2225,1,0.0,101,1,0.09421678327884059
332.94,53.2704,3,0.0,102,1,0.10621235149642111
1256.22,75.3732,6,0.0,103,1,0.013757962849306304
17.46,8.2062,2,0.0,104,1,0.14319780676946314
51.9,24.393,3,0.0,105,1,0.1360669238589277
9.64,4.4344,2,0.0,106,1,0.1420270918710489
14.94,6.8724,3,0.0,107,1,0.14194029227271554
64.96,2.5984,2,0.0,108,1,0.1412317701235033
234.45,103.158,3,0.0,109,1,0.09997496518555177
129.568,-24.294,2,0.2,110,1,0.11345542610583914
81.96,22.9488,2,0.0,111,1,0.12363747669843567
16.176,6.066,3,0.2,112,1,0.1486492437832289
238.62,4.7724,2,0.0,113,1,0.11751127426606178
239.97,86.3892,3,0.0,114,1,0.1070970657756064
21.36,7.209,5,0.2,115,1,0.12476416152139408
7.96,-13.93,2,0.8,116,1,0.020508234644697976
1.08,-1.728,3,0.8,117,1,0.03436992541267048
54.208,8.8088,14,0.2,118,-1,-0.010873818051702622
25.16,-11.322,5,0.6,119,1,0.047834631138315875
12.624,-2.5248,2,0.2,120,1,0.14217896738772684
20.32,6.9088,4,0.0,121,1,0.13406208978638456
12.96,6.2208,2,0.0,122,1,0.14258946440533476
62.31,22.4316,3,0.0,123,1,0.1397106993492746
8.85,-13.7175,5,0.8,124,1,0.020389298605030803
19.44,9.3312,3,0.0,125,1,0.14412456075570712
4.428,-6.8634,3,0.8,126,1,0.03666874422111266
6.936,2.3409,3,0.2,127,1,0.14569881633857318
22.776,7.6869,3,0.2,128,1,0.14827880009790878
32.896,11.1024,4,0.2,129,1,0.13504947694023706
19.456,3.4048,4,0.2,130,1,0.13737929835422164
634.116,-172.1172,6,0.3,131,-1,-0.006735740822773284
362.25,0.0,6,0.3,132,1,0.05563702646706381
457.568,51.4764,2,0.2,133,1,0.09150648127537836
63.552,-34.9536,6,0.6,134,1,0.011570242885442394
376.509,-43.0296,3,0.3,135,1,0.0591622640954641
18.84,-3.5325,5,0.2,136,1,0.12522255446247
17.472,5.6784,3,0.2,137,1,0.150840764875752
129.552,-22.6716,3,0.2,138,1,0.11940355819627374
137.352,8.5845,3,0.2,139,1,0.13263711969859482
5.94,1.6038,3,0.0,140,1,0.14150522627200957
11.36,5.3392,2,0.0,141,1,0.14589624445303667
3.424,1.07,1,0.2,142,1,0.11336026341242073
36.4,17.472,5,0.0,143,1,0.1236264178539313
151.2,32.13,3,0.2,144,1,0.12375610389900527
302.45,-199.617,5,0.5,145,-1,-0.013067828949079985
626.352,-23.4882,3,0.2,146,1,0.08119564311815175
176.772,-459.6072,3,0.8,147,-1,-0.06529859086657408
19.456,3.4048,4,0.2,148,1,0.13954993228926155
25.32,9.1785,5,0.2,149,1,0.12595182586251813
125.76,40.872,3,0.2,150,1,0.12528918315897608
15.12,4.914,3,0.2,151,1,0.15039368900581845
44.672,-10.0512,8,0.2,152,1,0.08726468566945472
9.99,4.5954,1,0.0,153,1,0.10525377063095054
15.552,2.3328,3,0.2,154,1,0.14926458984362162
354.9,17.745,5,0.0,155,1,0.09912414811226122
59.52,15.4752,3,0.0,156,1,0.14506770108303735
49.632,16.7508,6,0.2,157,1,0.1113981721122071
97.82,45.9754,2,0.0,158,1,0.10301886364107354
18.62,5.3998,2,0.0,159,1,0.14895870540781414
479.97,177.5889,3,0.0,160,1,0.050588441020276376
436.704,21.8352,6,0.2,161,1,0.08921172544266781
48.712,5.4801,1,0.2,162,1,0.10309036631898372
481.568,54.1764,2,0.2,163,1,0.0908188308797182
20.65,9.499,5,0.0,164,1,0.12566229136631224
17.94,4.6644,3,0.0,165,1,0.14788221501435644
107.648,33.64,2,0.2,166,1,0.12164659804000189
204.9,0.0,5,0.0,167,1,0.11256927230817759
242.94,4.8588,3,0.0,168,1,0.12253080687904616
83.168,9.3564,4,0.2,169,1,0.13272460989991874
22.38,10.7424,2,0.0,170,1,0.14162089431198066
636.408,-15.9102,3,0.2,171,1,0.08310420486990427
8.32,2.288,5,0.2,172,1,0.12475603222846648
146.76,38.1576,3,0.0,173,1,0.12454683042113202
7.98,2.0748,3,0.0,174,1,0.14384419857151048
10.464,1.7004,6,0.2,175,1,0.11298008657031328
14.94,7.0218,3,0.0,176,1,0.1485997026423715
108.92,49.014,14,0.0,177,-1,-0.020886371441589113
32.96,14.1728,2,0.0,178,1,0.14106749931863893
587.97,164.6316,3,0.0,179,1,0.05117715609809015
915.14,102.95,4,0.2,180,1,0.05125913325943421
327.76,91.77,8,0.0,181,1,0.05449542181263867
1139.92,284.98,4,0.0,182,-1,-0.01637655512996894
3.38,1.2506,1,0.0,183,1,0.11157275328311944
33.088,11.1672,4,0.2,184,1,0.1413956507756421
62.048,20.1656,2,0.2,185,1,0.1348354385933055
91.056,31.8696,6,0.2,186,1,0.1079004848041849
10.56,4.752,2,0.0,187,1,0.15065537876831409
8.448,2.64,2,0.2,188,1,0.15052903630011993
80.98,3.2392,1,0.0,189,1,0.09896180769168744
21.36,5.7672,2,0.0,190,1,0.15370050888250925
82.8,6.624,12,0.0,191,1,0.0291834035814188
574.91,156.047,2,0.3,192,1,0.021481641038896604
45.696,5.1408,3,0.2,193,1,0.1517348198935331
7.218,-5.5338,3,0.7,194,1,0.06373084253510508
43.188,-31.6712,4,0.7,195,1,0.034767538051647784
131.904,47.8152,3,0.2,196,1,0.12526112915076865
142.776,17.847,1,0.2,197,1,0.08832641319372014
471.92,29.495,2,0.2,198,1,0.09968900679228954
1071.576,-553.6476,4,0.4,199,-1,-0.07005297573777314
1579.746,-447.5947,7,0.4,200,-1,-0.08834608464075988
613.908,-122.7816,3,0.4,201,1,0.0033857725533184
93.78,36.5742,2,0.0,202,1,0.11910253319555641
32.67,8.4942,3,0.0,203,1,0.15131665658498583
4.448,0.3336,2,0.2,204,1,0.15111890257801175
19.68,5.7072,6,0.0,205,1,0.11694757762298763
35.88,17.2224,6,0.0,206,1,0.11543087277286501
30.44,14.9156,2,0.0,207,1,0.1427357852149836
11.43,5.3721,3,0.0,208,1,0.1501047069706441
53.4,25.098,10,0.0,209,1,0.050162958120549606
47.18,23.59,7,0.0,210,1,0.09282754770085155
155.04,75.9696,4,0.0,211,1,0.11091649137306997
5.184,1.8792,1,0.2,212,1,0.11936772331868933
15.552,5.4432,3,0.2,213,1,0.15555641052544056
34.86,16.3842,7,0.0,214,1,0.09718990711919934
16.0,7.68,4,0.0,215,1,0.13786904239510311
12.96,6.3504,2,0.0,216,1,0.14823116191269936
126.624,41.1528,6,0.2,217,1,0.1049223430858674
1198.33,70.49,10,0.15,218,-1,-0.029476091865044185
122.352,15.294,3,0.2,219,1,0.137801182228582
30.768,8.0766,2,0.2,220,1,0.1518699534842553
111.0,14.43,2,0.0,221,1,0.13023608427331673
8.016,1.002,3,0.2,222,1,0.1521206177080478
18.936,5.9175,3,0.2,223,1,0.15526385606661786
21.376,7.4816,4,0.2,224,1,0.14205280159470174
1856.19,334.1142,7,0.0,225,-1,-0.06460249903930493
1279.968,415.9896,4,0.2,226,-1,-0.04528358153260137
22638.48,-1811.0784,6,0.5,227,-1,-0.16086997938306613
821.3,-16.426,4,0.5,228,-1,-0.0022015749355623893
20.016,5.5044,3,0.2,229,1,0.1554479651858815
4.992,1.3728,3,0.2,230,1,0.15140033605651898
33.57,-25.737,5,0.7,231,1,0.02991164129633761
11.808,3.9852,4,0.2,232,1,0.13985080363420704
26.16,1.962,3,0.2,233,1,0.15315555887300397
170.24,53.2,2,0.2,234,1,0.11011173642520383
323.976,28.3479,3,0.2,235,1,0.11994753775459155
218.376,-10.9188,3,0.2,236,1,0.13164868380270628
32.952,6.5904,3,0.2,237,1,0.15426285433056658
9.32,2.7028,4,0.0,238,1,0.13842676627014527
6.048,1.5876,3,0.2,239,1,0.15275577458524875
7.408,1.2038,2,0.2,240,1,0.15247523589171796
122.94,59.0112,3,0.0,241,1,0.12297977120307951
14.4,6.624,5,0.0,242,1,0.13068017433524903
59.2,22.2,5,0.2,243,1,0.12403175523939713
122.97,60.2553,3,0.0,244,1,0.12205172999696323
16.272,-3.8646,1,0.2,245,1,0.11482529079224701
3499.93,909.9818,7,0.0,246,-1,-0.13838058631520866
314.352,-35.3646,3,0.2,247,1,0.11048585541952272
16.28,6.512,2,0.0,248,1,0.15226150599776017
51.465,-39.4565,5,0.7,249,1,0.019929880836259684
7.644,-5.8604,4,0.7,250,1,0.05837500436935794
74.352,23.235,3,0.2,251,1,0.1387338424241797
9.912,3.2214,3,0.2,252,1,0.15212057716214178
330.4,85.904,2,0.0,253,1,0.09171668535768074
604.752,37.797,6,0.2,254,1,0.08120769037694742
40.48,14.5728,2,0.0,255,1,0.14188401030546793
24.9,11.703,5,0.0,256,1,0.13478646867626742
366.786,65.2064,7,0.1,257,1,0.06295574558239558
25.44,9.9216,6,0.0,258,1,0.11747530937514045
14.88,3.72,2,0.0,259,1,0.15340907731234216
6.56,1.9024,2,0.0,260,1,0.15105099460537302
45.48,15.918,4,0.0,261,1,0.14442185487918463
3.36,0.84,2,0.0,262,1,0.14690791146331905
27.936,9.4284,4,0.2,263,1,0.1430795107094751
18.75,9.0,5,0.0,264,1,0.1332800109518038
66.3,8.619,3,0.0,265,1,0.1488311202462867
28.784,2.8784,2,0.2,266,1,0.15088153009190708
330.588,-143.2548,1,0.4,267,-1,-0.02730439152020281
1184.72,106.6248,4,0.0,268,1,0.0227179202504737
6.12,2.8764,3,0.0,269,1,0.14965374999989794
302.376,22.6782,3,0.2,270,1,0.12453066322076367
890.841,-152.7156,3,0.3,271,1,0.0039414343898454
205.666,-12.098,2,0.15,272,1,0.11084632700774144
127.302,-9.093,7,0.3,273,1,0.056777117088280704
10.5,2.94,5,0.0,274,1,0.1330062089985971
49.65,20.853,5,0.0,275,1,0.12827798026351833
335.72,113.3055,5,0.2,276,1,0.08597752094216493
44.4,22.2,3,0.0,277,1,0.14723060763825774
129.3,6.465,2,0.0,278,1,0.1344155424978053
15.84,0.0,3,0.0,279,1,0.15052657583277518
251.944,88.1804,7,0.2,280,1,0.07982039218941822
1125.488,98.4802,7,0.2,281,1,0.015077780613626968
52.98,14.8344,2,0.0,282,1,0.14363257766489473
4.032,1.0584,2,0.2,283,1,0.15338952318235383
1.869,-1.3083,1,0.7,284,1,0.023641495043008498
12.645,-10.116,5,0.7,285,1,0.04387093208308346
8.134,-13.8278,7,0.8,286,-1,-0.006482675833642926
0.852,-0.5964,1,0.7,287,1,0.022392847100328295
673.568,252.588,2,0.2,288,1,0.016077989676964943
79.984,13.9972,2,0.2,289,1,0.13958835701252031
17.088,5.5536,4,0.2,290,1,0.14637182279997335
6.24,3.0576,2,0.0,291,1,0.15178144230356544
29.6,14.8,2,0.0,292,1,0.1447581875348416
66.96,2.6784,4,0.0,293,1,0.14560169039258997
177.68,46.1968,2,0.0,294,1,0.10979238113474671
154.9,40.274,5,0.0,295,1,0.11335966241911472
33.488,10.465,7,0.2,296,1,0.10558305150659841
26.72,9.352,5,0.2,297,1,0.13521158913374215
15.84,7.128,3,0.0,298,1,0.1506077732585503
1049.93,293.9804,7,0.0,299,-1,-0.027564745787086453
11.16,5.58,2,0.0,300,1,0.15286234752160438
159.98,57.5928,2,0.0,301,1,0.10662886012303102
62.31,22.4316,3,0.0,302,1,0.14710853636577031
5.47,2.3521,1,0.0,303,1,0.11651682283741777
79.36,23.808,4,0.0,304,1,0.13710335134899176
7.184,2.245,2,0.2,305,1,0.15363491589057432
18.9,9.072,6,0.0,306,1,0.11846475536477935
12.96,6.3504,2,0.0,307,1,0.14878211757373955
19.44,9.3312,3,0.0,308,1,0.15027556647877338
232.55,9.302,5,0.0,309,1,0.11963555553159078
99.98,42.9914,2,0.0,310,1,0.11380749516924077
22.96,6.6584,7,0.0,311,1,0.1026159810620772
26.7,7.476,2,0.0,312,1,0.15147300900739696
13.89,4.5837,3,0.0,313,1,0.1519293113964637
22.96,7.5768,7,0.0,314,1,0.10267725153950696
115.36,56.5264,7,0.0,315,1,0.07787525243239457
40.2,18.09,5,0.0,316,1,0.1318757752754725
12.96,6.3504,2,0.0,317,1,0.14878211757373955
55.48,26.6304,1,0.0,318,1,0.10035656716497793
689.82,20.6946,6,0.0,319,1,0.06475193657245304
52.096,3.9072,4,0.2,320,1,0.14698574785767726
49.632,3.7224,4,0.2,321,1,0.14669421932576548
4164.05,83.281,5,0.0,322,-1,-0.07044304449546979
28.99,8.4071,1,0.0,323,1,0.11068435357461831
91.96,15.6332,2,0.0,324,1,0.13348417683885044
33.11,12.9129,7,0.0,325,1,0.10390785372502664
653.55,111.1035,3,0.0,326,1,0.0568963458216013
154.764,-36.1116,3,0.4,327,1,0.054583107696336675
70.95,18.447,3,0.0,328,1,0.14916442022535797
65.568,23.7684,2,0.2,329,1,0.13677324582331746
44.91,-35.928,6,0.7,330,1,0.012562695447741024
55.48,26.6304,1,0.0,331,1,0.10035656716497793
19.44,9.3312,3,0.0,332,1,0.15027556647877338
10.304,-2.1896,1,0.2,333,1,0.1199578758798755
33.9,2.034,2,0.0,334,1,0.15119692997611123
299.97,131.9868,3,0.0,335,1,0.08664607446391809
116.784,21.897,2,0.2,336,1,0.13336713809422307
8.96,2.7776,2,0.0,337,1,0.15022698553943975
122.97,60.2553,3,0.0,338,1,0.12511717758222485
58.32,27.9936,9,0.0,339,1,0.07805049886881038
629.95,163.787,5,0.0,340,1,0.04333044348989512
200.97,50.2425,3,0.0,341,1,0.12377850264361107
1215.92,316.1392,8,0.0,342,-1,-0.04086286811075601
99.592,2.4898,1,0.2,343,1,0.10219814407870031
172.11,-94.6605,1,0.4,344,-1,-0.004680483385996581
2.368,0.8288,2,0.2,345,1,0.15370803058870636
49.792,-11.8256,8,0.2,346,1,0.093047693789371
19.008,6.8904,3,0.2,347,1,0.15845325858798587
399.96,139.986,4,0.0,348,1,0.07145302375414841
9.584,3.3544,1,0.2,349,1,0.11863566371557405
6.912,2.3328,3,0.2,350,1,0.1557752664262016
10.368,3.6288,2,0.2,351,1,0.154171573816745
87.08,24.3824,7,0.0,352,1,0.09406317886982929
335.944,41.993,7,0.2,353,1,0.08751410555920602
383.976,81.5949,3,0.2,354,1,0.10058225692286937
217.44,91.3248,6,0.0,355,1,0.09102482750790553
105.584,9.2386,2,0.2,356,1,0.14115969083218405
758.352,265.4232,6,0.2,357,1,0.005813690686498285
308.499,-18.147,3,0.15,358,1,0.10522962603504643
39.68,16.2688,2,0.0,359,1,0.1451496265914362
18.088,6.5569,7,0.2,360,1,0.10638817039426074
32.4,15.552,5,0.0,361,1,0.13851719295698572
438.368,38.3572,4,0.2,362,1,0.1042102141315
1075.088,94.0702,14,0.2,363,-1,-0.06381064483285903
17.856,1.116,4,0.2,364,1,0.1461772587870539
509.97,-407.976,10,0.7,365,-1,-0.10408073574928633
30.992,10.0724,13,0.2,366,1,0.007140351686630297
7.83,3.6018,3,0.0,367,1,0.14941110897902693
71.928,8.3916,12,0.4,368,-1,-0.01228534913963375
187.76,76.9816,4,0.0,369,1,0.11669757872244046
106.96,31.0184,2,0.0,370,1,0.12510947473202239
39.072,9.768,6,0.2,371,1,0.12347853856659341
317.058,-18.1176,3,0.3,372,1,0.08800553231376407
10.75,3.5475,5,0.0,373,1,0.13397446755998954
2.688,1.008,2,0.2,374,1,0.15370803058870636
13.12,3.8048,4,0.0,375,1,0.13954378461224942
149.352,50.4063,3,0.2,376,1,0.12892960215077232
11.62,3.6022,2,0.0,377,1,0.15178161306326943
227.976,28.497,3,0.2,378,1,0.12940687964407976
287.968,97.1892,4,0.2,379,1,0.10033740048312717
76.14,26.649,3,0.0,380,1,0.14557927532930248
58.05,26.703,3,0.0,381,1,0.14975549627599583
71.28,34.2144,11,0.0,382,1,0.04758820204412162
59.92,27.5632,4,0.0,383,1,0.1443530717900608
744.1,-95.67,5,0.3,384,1,0.017853251515725477
401.59,-131.951,2,0.3,385,1,0.026728454463031404
44.84,5.605,5,0.2,386,1,0.14309606861109808
16.52,5.5755,5,0.2,387,1,0.14260793107710212
828.84,0.0,6,0.0,388,1,0.052267805868263406
9.912,3.3453,3,0.2,389,1,0.15756118465052638
247.84,121.4416,8,0.0,390,1,0.054280420039181876
281.372,-12.0588,2,0.3,391,1,0.07788645009273881
281.372,-12.0588,2,0.3,392,1,0.07788645009273881
22.336,7.8176,4,0.2,393,1,0.15410698798675482
7.488,-5.2416,8,0.7,394,1,0.0015342243959486357
2.502,-1.7514,3,0.7,395,1,0.059375124912794286
48.91,22.9877,1,0.0,396,1,0.10451627006394476
1487.04,148.704,5,0.2,397,-1,-0.007126157094877961
303.25,63.6825,5,0.0,398,1,0.10739568249047615
270.72,78.5088,3,0.0,399,1,0.11736006903363433
6.24,0.546,3,0.2,400,1,0.16050262438492569
10.368,3.6288,2,0.2,401,1,0.15630871489604936
302.376,37.797,3,0.2,402,1,0.1265121871038647
230.28,23.028,3,0.2,403,1,0.13166897799742489
21.4,6.206,5,0.0,404,1,0.14478250056295328
18.288,5.715,6,0.2,405,1,0.129951496279974
12.6,5.796,2,0.0,406,1,0.1544485481911968
5.34,1.4952,2,0.0,407,1,0.15053165885380543
20.86,9.387,2,0.0,408,1,0.15118284728871623
3.15,1.512,1,0.0,409,1,0.11814192032080689
6.912,2.5056,3,0.2,410,1,0.16022024428119636
497.61,129.3786,9,0.0,411,1,0.02696518694193062
177.568,-37.7332,2,0.2,412,1,0.1173659969190915
27.096,2.0322,3,0.2,413,1,0.16169856676567773
159.98,57.5928,2,0.0,414,1,0.1112367545418751
1679.96,125.997,5,0.2,415,-1,-0.013949250333473495
561.584,70.198,2,0.2,416,1,0.0877745303943267
51.96,12.99,2,0.0,417,1,0.15161841211771038
17.46,5.9364,2,0.0,418,1,0.15711305364587186
17.94,8.6112,3,0.0,419,1,0.15705299321901878
99.92,-1.249,5,0.2,420,1,0.1339495454070188
19.98,5.1948,2,0.0,421,1,0.15868441590026205
174.95,45.487,5,0.0,422,1,0.11901124893475606
826.0,214.76,5,0.0,423,1,0.017783015652872547
47.79,16.2486,3,0.0,424,1,0.1559526028750739
26.136,1.9602,3,0.2,425,1,0.16169856676567773
479.984,89.997,2,0.2,426,1,0.09001248447856358
10.896,3.9498,3,0.2,427,1,0.16046405965536076
40.176,14.5638,3,0.2,428,1,0.15847958179725524
21.56,10.3488,7,0.0,429,1,0.1050612590665097
27.46,9.8856,2,0.0,430,1,0.15082635693511387
12.18,3.8976,7,0.0,431,1,0.10318757673010648
57.68,19.0344,4,0.0,432,1,0.14965326122752337
37.84,2.838,2,0.2,433,1,0.1569485389057158
46.8,21.06,4,0.0,434,1,0.1482630262726824
5.472,1.8468,6,0.2,435,1,0.12467337282500796
127.869,-9.1335,3,0.3,436,1,0.1017878885611943
6.56,1.9024,2,0.0,437,1,0.15463989284802626
11.88,5.346,2,0.0,438,1,0.1544485481911968
35.44,16.6568,1,0.0,439,1,0.10775717347494906
24.56,11.5432,2,0.0,440,1,0.15317812227248162
9.42,4.239,3,0.0,441,1,0.1553818254141302
45.248,3.9592,2,0.2,442,1,0.15532727031321342
107.94,30.2232,6,0.0,443,1,0.11703021366848837
140.736,52.776,8,0.2,444,1,0.08568541758859144
5.78,2.7166,2,0.0,445,1,0.15348173017874078
872.32,244.2496,4,0.0,446,1,0.015660437126954974
194.25,-38.85,2,0.3,447,1,0.07141472127258797
8.64,2.5056,3,0.0,448,1,0.15360455654457156
16.14,7.9086,3,0.0,449,1,0.15546709463223207
872.32,244.2496,4,0.0,450,1,0.015660437126954974
194.25,-38.85,2,0.3,451,1,0.07141472127258797
8.64,2.5056,3,0.0,452,1,0.1549007034612826
16.14,7.9086,3,0.0,453,1,0.15675754943267756
1799.97,239.996,5,0.4,454,-1,-0.08082805489692757
9.45,4.536,3,0.0,455,1,0.15667254080645648
20.65,9.499,5,0.0,456,1,0.14227003606548227
45.36,21.7728,7,0.0,457,1,0.1064165779484802
83.25,14.985,3,0.0,458,1,0.15386960364524477
167.97,40.3128,3,0.0,459,1,0.13378118478761086
67.8,4.068,4,0.0,460,1,0.15339457350311175
349.965,-216.9783,7,0.5,461,-1,-0.028089830911661062
256.784,32.098,1,0.2,462,1,0.08363184137692264
22.32,5.301,5,0.2,463,1,0.146809359203374
158.13,77.4837,3,0.0,464,1,0.12145395652510121
39.96,19.1808,2,0.0,465,1,0.14633782471829626
41.04,11.0808,6,0.0,466,1,0.13134526434218147
1432.0,125.3,5,0.2,467,1,0.001961819432543477
43.6,4.36,5,0.2,468,1,0.1445467777086789
1212.96,-69.312,8,0.3,469,-1,-0.03004287661126681
66.112,-84.2928,4,0.6,470,1,0.02555747105750017
35.91,9.6957,3,0.0,471,1,0.15794943446456028
104.58,-172.557,9,0.8,472,-1,-0.07321841268231277
17.472,5.6784,3,0.2,473,1,0.16350917247837737
46.864,7.6154,2,0.2,474,1,0.15656029826663148
58.112,7.264,2,0.2,475,1,0.15276116990040822
100.792,6.2995,1,0.2,476,1,0.10392767497623034
34.79,10.7849,7,0.0,477,1,0.11167999463494299
700.056,-130.0104,3,0.3,478,1,0.016509204631746655
279.456,20.9592,6,0.2,479,1,0.11119822746810049
398.352,-331.96,8,0.7,480,-1,-0.07571508790281456
7.104,2.3976,2,0.2,481,1,0.15734284945560068
8.0,3.84,2,0.0,482,1,0.1539404564702327
55.5,9.99,2,0.0,483,1,0.15089547468583275
149.97,52.4895,3,0.0,484,1,0.13096059632498797
310.88,23.316,2,0.2,485,1,0.11779932073221888
232.88,17.466,5,0.2,486,1,0.12468401664796691
56.4,3.384,3,0.0,487,1,0.15938673271258724
91.68,45.84,3,0.0,488,1,0.13291464001434833
149.232,3.7308,3,0.2,489,1,0.14575330444928852
15.936,5.7768,4,0.2,490,1,0.15426706804625595
3.984,1.4442,1,0.2,491,1,0.12492076697240401
779.796,-168.9558,2,0.4,492,-1,-0.019425004166424675
57.42,26.4132,9,0.0,493,1,0.08686671227858173
34.2,9.234,5,0.0,494,1,0.14652242272994215
139.86,60.1398,7,0.0,495,1,0.08399574465780862
10.332,-5.9409,3,0.6,496,1,0.06784596639815776
33.28,9.3184,4,0.0,497,1,0.1537100093721493
38.52,11.9412,9,0.0,498,1,0.09226369237956883
10.368,3.6288,2,0.2,499,1,0.15602349629041568
66.96,-13.392,5,0.2,500,1,0.13558281307657094
20.784,-3.6372,2,0.2,501,1,0.15709819929125463
518.27,-97.18,8,0.2,502,1,0.030108242899095417
6.98,3.35,1,0.0,503,1,0.12167588375203758
343.2,38.61,1,0.2,504,1,0.07304510544144127
107.772,-29.2524,2,0.3,505,1,0.08427105316673672
245.88,68.8464,6,0.0,506,1,0.09706097034288408
31.84,10.5072,8,0.0,507,1,0.10284270022630793
18.24,-31.008,3,0.8,508,1,0.020067199794788104
447.86,219.4514,7,0.0,509,1,0.008993864009236185
2715.93,1276.4871,7,0.0,510,-1,-0.13644518691635554
56.064,21.024,6,0.2,511,1,0.12441446122339045
4.832,1.6308,1,0.2,512,1,0.12676241413426786
17.94,8.7906,3,0.0,513,1,0.15871497261855394
617.97,173.0316,3,0.0,514,1,0.05287254104761929
245.88,68.8464,6,0.0,515,1,0.0989719251526961
447.86,219.4514,7,0.0,516,1,0.008993864009236185
17.94,8.7906,3,0.0,517,1,0.15871497261855394
135.98,33.995,2,0.0,518,1,0.1294845427944709
44.95,12.586,1,0.0,519,1,0.11362327967763414
208.16,56.2032,1,0.0,520,1,0.07341355752603762
21.168,2.3814,9,0.2,521,1,0.08340825152956155
17.96,5.837,5,0.2,522,1,0.14588559124261535
3.282,-2.6256,2,0.7,523,1,0.05575048911979852
12.96,6.2208,2,0.0,524,1,0.15429958279049122
5.04,0.1512,2,0.0,525,1,0.15299502901432183
55.188,-10.1178,2,0.4,526,1,0.08002328052480584
116.28,56.9772,3,0.0,527,1,0.13051474160743864
29.32,-24.189,2,0.6,528,1,0.04770691745799305
75.6,-166.32,2,0.8,529,-1,-0.049291589217568155
14.62,6.7252,2,0.0,530,1,0.15654958648595113
290.666,27.3568,2,0.15,531,1,0.10189488864824492
225.296,22.5296,2,0.2,532,1,0.12685409861952052
359.772,-5.1396,2,0.3,533,1,0.07130289505745502
13.392,3.1806,3,0.2,534,1,0.16228820698601953
48.4,23.232,5,0.0,535,1,0.1399875706031955
102.624,7.6968,3,0.2,536,1,0.1537338922368624
201.584,20.1584,2,0.2,537,1,0.13222643364885545
83.984,31.494,2,0.2,538,1,0.1365579477707864
567.12,-28.356,10,0.2,539,1,0.018451488982437536
17.46,-30.555,6,0.8,540,1,0.006691497648486866
359.32,7.1864,4,0.0,541,1,0.11705029512755455
99.99,37.9962,1,0.0,542,1,0.09359675748055624
1113.504,125.2692,12,0.2,543,-1,-0.05272914145007013
136.96,51.36,4,0.2,544,1,0.13404751842281964
27.6,2.208,4,0.0,545,1,0.15808929038210162
57.408,5.7408,6,0.2,546,1,0.13176816102453587
355.455,-184.8366,3,0.5,547,-1,-0.003119837224499822
235.95,77.8635,3,0.0,548,1,0.12083905527728256
70.368,26.388,4,0.2,549,1,0.14937932743545673
25.584,8.9544,2,0.2,550,1,0.15916730913180044
13.62,6.129,3,0.0,551,1,0.15783322639702652
39.96,17.982,4,0.0,552,1,0.15528350504320976
719.976,134.9955,3,0.2,553,1,0.052672372189123906
464.0,134.56,5,0.0,554,1,0.075053003178705
113.73,32.9817,3,0.0,555,1,0.14542663750505191
659.97,197.991,3,0.0,556,1,0.04004570134953256
2001.86,580.5394,7,0.0,557,-1,-0.09629261583637305
22.2,9.102,6,0.0,558,1,0.135062585616474
1503.25,496.0725,5,0.0,559,-1,-0.05862702293886135
65.52,12.376,5,0.1,560,1,0.13179666614406982
289.2,83.868,6,0.0,561,1,0.09732247641563818
45.48,20.9208,3,0.0,562,1,0.15927017803698124
138.56,66.5088,4,0.0,563,1,0.1316016683746022
25.92,12.4416,4,0.0,564,1,0.1606282500403945
47.88,23.94,6,0.0,565,1,0.12965035958514315
166.72,41.68,2,0.0,566,1,0.12089804075003507
881.93,229.3018,7,0.0,567,-1,-0.008159313950919733
73.32,21.996,6,0.0,568,1,0.13110048739815616
8.56,2.6536,2,0.0,569,1,0.1577442255398751
59.808,19.4376,3,0.2,570,1,0.1557843790892266
356.94,107.082,2,0.0,571,1,0.08305434117263699
239.97,67.1916,3,0.0,572,1,0.12532777965213188
61.544,-40.0036,7,0.6,573,1,0.010930840331539016
515.88,113.4936,6,0.0,574,1,0.06730786641963904
15.28,7.4872,2,0.0,575,1,0.1582755545728095
15.936,5.1792,4,0.2,576,1,0.15993591489186654
132.696,9.9522,3,0.2,577,1,0.14917284444074447
353.568,-44.196,2,0.2,578,1,0.08797840550041308
13.96,6.7008,2,0.0,579,1,0.1571028429032983
56.96,21.0752,2,0.0,580,1,0.14924603303466105
15.56,4.0456,4,0.0,581,1,0.15673955978623166
16.224,5.8812,2,0.2,582,1,0.1624535945187649
991.764,-347.1174,3,0.4,583,-1,-0.045010526437107234
13.36,4.9432,2,0.0,584,1,0.16052276555805078
1.365,-0.91,1,0.7,585,1,0.025072193988002756
24.588,-38.1114,3,0.8,586,1,0.016234767946138207
149.544,50.4711,9,0.2,587,1,0.08049516613305568
13.984,4.7196,2,0.2,588,1,0.1607037136621014
100.24,33.831,10,0.2,589,1,0.06449675854413472
62.016,22.4808,2,0.2,590,1,0.1426834121771718
17.14,4.4564,2,0.0,591,1,0.16334611216126704
268.935,-209.7693,3,0.5,592,1,0.002780143501908583
12.462,-20.5623,3,0.8,593,1,0.023969920874717054
170.352,10.647,3,0.2,594,1,0.14802420657471788
585.552,73.194,3,0.2,595,1,0.09879519362558531
68.48,25.68,2,0.2,596,1,0.1426834121771718
1676.88,83.844,6,0.0,597,-1,-9.382638467022586E-4
48.86,14.1694,7,0.0,598,1,0.11635772743030387
37.4,14.212,2,0.0,599,1,0.15185975056468787
1706.184,85.3092,9,0.2,600,-1,-0.04112711434427252
1441.3,245.021,7,0.0,601,-1,-0.03181314557495085
114.9,34.47,5,0.0,602,1,0.13449832691581082
70.368,6.1572,2,0.2,603,1,0.1562772625671739
18.06,4.6956,7,0.0,604,1,0.11589264046532588
7.28,1.9656,4,0.0,605,1,0.15268771700387063
23.1,10.626,2,0.0,606,1,0.1567682214042609
18.504,5.7825,3,0.2,607,1,0.168018442680761
79.14,36.4044,3,0.0,608,1,0.15319326938716454
7.36,0.1472,2,0.0,609,1,0.159343932981588
63.984,10.3974,2,0.2,610,1,0.15595985718932515
7.992,0.5994,1,0.2,611,1,0.12687468410780584
911.424,68.3568,4,0.2,612,1,0.07253462458994286
907.152,90.7152,6,0.2,613,1,0.05563282207904707
491.55,240.8595,5,0.0,614,1,0.04675137957055908
14.52,4.7916,3,0.0,615,1,0.16296955655871392
212.94,57.4938,3,0.0,616,1,0.1309306441243266
797.944,-56.996,4,0.3,617,1,0.030674466420484325
99.918,-18.5562,2,0.3,618,1,0.0916230843587284
8.568,-14.5656,3,0.8,619,1,0.02919153663752172
36.544,11.8768,2,0.2,620,1,0.15826361742074113
647.84,32.392,8,0.0,621,1,0.04999413205927594
35.0,10.5,4,0.0,622,1,0.15931896487938463
39.552,14.3376,3,0.2,623,1,0.1641132140541362
41.4,19.458,5,0.0,624,1,0.1473271117406637
6.24,2.6208,3,0.0,625,1,0.16096590476963468
3266.376,1061.5722,3,0.2,626,-1,-0.12480012810009922
17.9,8.95,5,0.0,627,1,0.1517168091578061
62.016,22.4808,2,0.2,628,1,0.14398456440294605
65.97,31.0059,3,0.0,629,1,0.1580984431213706
139.8,12.2325,5,0.2,630,1,0.13754446314255409
74.352,23.235,3,0.2,631,1,0.15282520985441744
193.0656,-19.8744,4,0.32,632,1,0.09204913514033403
471.9,155.727,6,0.0,633,1,0.05414721323880689
3.52,1.6896,2,0.0,634,1,0.156860569009816
3.392,-5.088,4,0.8,635,1,0.03763969479121876
11.648,4.0768,2,0.2,636,1,0.1608363861683893
15.552,5.4432,3,0.2,637,1,0.1681236597581603
509.488,-127.372,7,0.2,638,1,0.032682231206558665
418.8,-97.72,2,0.4,639,1,0.02245483948614091
201.584,20.1584,2,0.2,640,1,0.1349243645115356
3.984,0.6474,1,0.2,641,1,0.1290958913706442
104.01,14.5614,1,0.0,642,1,0.10496155532893747
59.7,26.865,3,0.0,643,1,0.16193525207032544
44.416,3.8864,2,0.2,644,1,0.16127839015766005
3.76,1.0904,2,0.0,645,1,0.15787046539413596
21.4,6.206,5,0.0,646,1,0.1550186532684137
9.006,-7.2048,2,0.7,647,1,0.05953607140956596
11.088,-8.1312,7,0.7,648,1,0.015660531737198502
25.164,-16.776,2,0.7,649,1,0.05002537907902149
24.896,8.4024,4,0.2,650,1,0.16316797579563763
19.65,9.039,3,0.0,651,1,0.1645083016865614
36.84,10.3152,3,0.0,652,1,0.16412485998886034
95.968,28.7904,4,0.2,653,1,0.14789536933957143
206.991,-172.4925,3,0.7,654,-1,-0.011256086124898257
1214.85,352.3065,3,0.0,655,-1,-0.022958579266213808
284.82,74.0532,1,0.0,656,1,0.06366565941437075
617.97,160.6722,3,0.0,657,1,0.06305543643044997
1322.93,357.1911,7,0.0,658,-1,-0.043672433778451425
853.93,0.0,5,0.3,659,1,0.033822539966397835
170.058,-4.8588,3,0.3,660,1,0.10141465284458123
8.226,-6.0324,3,0.7,661,1,0.06596320372170128
501.81,0.0,3,0.0,662,1,0.11553746441419888
161.94,9.7164,3,0.0,663,1,0.14286466076214122
196.752,56.5662,6,0.2,664,1,0.11606596743169967
82.782,-15.1767,3,0.4,665,1,0.08013333605880468
20.016,1.7514,9,0.2,666,1,0.09066990960962518
3.104,0.3492,1,0.2,667,1,0.12762506729959805
86.376,1.0797,3,0.2,668,1,0.15631881405096426
4.272,0.9612,2,0.2,669,1,0.16117397938802858
447.84,11.196,5,0.2,670,1,0.11135830619967935
9.328,0.8162,1,0.2,671,1,0.12868938691959186
71.632,17.908,11,0.2,672,1,0.060355279136248496
263.96,19.797,5,0.2,673,1,0.12647308150412617
85.98,22.3548,1,0.0,674,1,0.10876306934370561
306.2,0.0,5,0.0,675,1,0.12456105934180817
223.96,53.7504,4,0.0,676,1,0.13070470863913708
1228.465,0.0,5,0.3,677,-1,-0.004245519678652165
3.168,-2.4288,3,0.7,678,1,0.06425889476123992
31.086,-22.7964,3,0.7,679,1,0.05268119715685948
6.08,3.04,1,0.0,680,1,0.1270803996487006
41.472,14.5152,8,0.2,681,1,0.1081536400264283
335.52,117.432,4,0.2,682,1,0.09344145680542576
32.76,3.6855,7,0.2,683,1,0.11962510538346666
13.92,4.872,3,0.2,684,1,0.16712286139703558
6.6,2.904,3,0.0,685,1,0.1609219838294662
32.4,10.368,5,0.0,686,1,0.15563176386718797
5.248,1.64,4,0.2,687,1,0.15632997511878377
334.768,108.7996,7,0.2,688,1,0.06683336040541255
2.688,0.84,1,0.2,689,1,0.12953838088272984
21.312,7.1928,6,0.2,690,1,0.13552462920815117
310.688,108.7408,7,0.2,691,1,0.06869559551411819
25.92,9.072,5,0.2,692,1,0.15170704437300264
5.184,-3.6288,6,0.7,693,1,0.03736496203032602
19.92,6.972,5,0.2,694,1,0.1523108346117067
575.92,71.99,2,0.2,695,1,0.09085895324634591
5.58,2.1762,1,0.0,696,1,0.12867285882408114
73.98,19.9746,2,0.0,697,1,0.14687169221106677
32.432,3.2432,2,0.2,698,1,0.16232427679700062
15.6,7.644,5,0.0,699,1,0.15176297255757432
177.536,62.1376,4,0.2,700,1,0.13123309325595678
21.84,10.92,3,0.0,701,1,0.16374165095626086
19.52,5.368,2,0.2,702,1,0.16414584902524249
213.216,15.9912,3,0.2,703,1,0.14325387775348036
4.368,0.3822,3,0.2,704,1,0.16382458380339338
180.96,67.86,6,0.2,705,1,0.11162668160451417
9.81,-6.867,5,0.7,706,1,0.05158849445674918
14.62,6.8714,2,0.0,707,1,0.1600289534202372
19.44,9.3312,3,0.0,708,1,0.16228773630681703
281.424,-35.178,11,0.2,709,1,0.040491113686899616
220.776,-44.1552,3,0.2,710,1,0.11933323085403708
479.97,163.1898,3,0.0,711,1,0.07052921347509522
478.48,47.848,2,0.2,712,1,0.10628089944932073
559.992,174.9975,1,0.2,713,1,0.019838037636989214
172.186,-46.7362,2,0.3,714,1,0.06894066158465084
69.008,12.0764,2,0.2,715,1,0.15438181839786524
63.882,10.647,1,0.1,716,1,0.09666641538716936
502.488,-87.9354,3,0.2,717,1,0.08194305012981334
196.704,68.8464,6,0.2,718,1,0.11149285753715321
119.833,7.049,1,0.15,719,1,0.09477739574427685
5.56,2.224,2,0.0,720,1,0.15804697604623746
14.304,4.6488,6,0.2,721,1,0.1345936316956357
41.904,14.1426,6,0.2,722,1,0.13615221558780727
2.88,1.4112,1,0.0,723,1,0.12421159401162851
14.352,4.485,3,0.2,724,1,0.1675417967227123
32.4,15.552,5,0.0,725,1,0.1584435611235651
10.368,3.6288,2,0.2,726,1,0.16025618988052354
23.92,4.0664,4,0.0,727,1,0.16458459682308257
854.94,213.735,3,0.0,728,1,0.029165808860244224
124.11,52.1262,9,0.0,729,1,0.0839992812786362
18.28,6.398,5,0.2,730,1,0.15173773414443736
14.4,7.056,5,0.0,731,1,0.1508475571198264
177.2,83.284,5,0.0,732,1,0.12363320833177582
10.368,3.6288,2,0.2,733,1,0.16025618988052354
49.12,23.0864,4,0.0,734,1,0.15711029939775817
575.968,43.1976,4,0.2,735,1,0.10409734431864265
197.97,57.4113,3,0.0,736,1,0.13377310450627194
164.85,47.8065,3,0.0,737,1,0.1344286468289257
123.136,13.8528,4,0.2,738,1,0.1515079314111133
512.358,-14.6388,3,0.3,739,1,0.07377875340309437
698.352,-17.4588,3,0.2,740,1,0.09685590946976413
22.288,3.9004,7,0.2,741,1,0.11885250321572227
11.264,3.8016,4,0.2,742,1,0.15531238645228623
7.712,2.7956,2,0.2,743,1,0.15887942744077943
3.488,0.5668,2,0.2,744,1,0.15917467623834242
35.856,12.9978,9,0.2,745,1,0.09609082880762104
16.032,5.6112,3,0.2,746,1,0.16716998347662743
249.75,44.955,9,0.0,747,1,0.07618179739216602
23.84,3.278,4,0.2,748,1,0.16286935538715724
255.936,28.7928,8,0.2,749,1,0.09215321338837867
351.216,4.3902,3,0.2,750,1,0.12823342546976946
31.984,1.1994,2,0.2,751,1,0.16151554581891997
39.48,11.0544,1,0.0,752,1,0.12087575758051122
41.584,4.6782,2,0.2,753,1,0.1606253590549917
17.94,4.485,3,0.0,754,1,0.16477074864425933
29.932,-46.3946,7,0.8,755,-1,-0.014963748933180088
55.92,6.291,5,0.2,756,1,0.15040872674502437
38.272,3.8272,4,0.2,757,1,0.16133734891502027
13.494,-2.249,1,0.4,758,1,0.05555424996606384
23.988,-13.993,2,0.4,759,1,0.08335960223415612
6.54,2.6814,3,0.0,760,1,0.16162136661892312
2.97,1.3068,3,0.0,761,1,0.1582422050973753
259.136,-25.9136,4,0.2,762,1,0.1260516227213045
13.904,4.5188,2,0.2,763,1,0.16245729995985586
70.56,-4.032,1,0.3,764,1,0.065422512014357
6.096,2.2098,2,0.2,765,1,0.16022301893058954
3.81,1.8288,1,0.0,766,1,0.1274396699314468
20.88,9.6048,2,0.0,767,1,0.1599709021020308
359.98,93.5948,2,0.0,768,1,0.09092079607772041
981.372,-140.196,2,0.3,769,-1,-0.01541173240651561
43.02,15.4872,3,0.0,770,1,0.16650696970023765
16.74,-14.229,5,0.6,771,1,0.05904414803736113
13.12,3.8048,4,0.0,772,1,0.15633545812790406
27.36,-21.888,3,0.7,773,1,0.051924875079164656
8.704,3.1552,2,0.2,774,1,0.15891270514129385
89.712,30.2778,6,0.2,775,1,0.12824846992037847
104.85,50.328,1,0.0,776,1,0.0880522496226318
19.92,9.7608,4,0.0,777,1,0.15821431294702915
11.96,5.8604,2,0.0,778,1,0.1587646368642493
22.83,10.7301,3,0.0,779,1,0.16604489735518085
535.41,160.623,3,0.0,780,1,0.07294410784595906
25.984,-5.1968,1,0.2,781,1,0.1265533535715766
342.864,38.5722,3,0.2,782,1,0.12749755654815764
41.94,15.0984,2,0.0,783,1,0.15609310301334545
801.568,50.098,2,0.2,784,1,0.079228552528124
657.93,-93.99,5,0.3,785,1,0.02522322183709247
272.848,27.2848,1,0.2,786,1,0.08593981367473807
4.992,-12.9792,3,0.8,787,1,0.03056147465473491
99.2,25.792,5,0.0,788,1,0.14298994894133926
1.044,-1.827,1,0.8,789,1,0.004553688614450158
87.92,29.673,5,0.2,790,1,0.13818526620671145
35.98,10.0744,2,0.0,791,1,0.15878298339545333
717.72,71.772,3,0.2,792,1,0.08690785726030725
170.352,19.1646,3,0.2,793,1,0.1472756997868475
5.96,1.6688,2,0.0,794,1,0.15885846147990917
11.52,3.2256,4,0.0,795,1,0.15696432487522471
19.68,6.4944,6,0.0,796,1,0.13851490684888368
236.5,68.585,10,0.0,797,1,0.0471785457438173
26.632,1.3316,1,0.2,798,1,0.12897369808492354
159.98,57.5928,2,0.0,799,1,0.11974520863670685
9.24,0.924,1,0.2,800,1,0.12653416747337043
8.16,-5.712,5,0.7,801,1,0.052434497310116845
40.7,11.803,5,0.0,802,1,0.15690459751914898
99.98,7.9984,2,0.0,803,1,0.1474785027774893
479.04,-29.94,10,0.2,804,1,0.036683474317847686
45.0,4.95,3,0.0,805,1,0.16823718434425367
1023.936,179.1888,8,0.2,806,-1,-0.00981565529987738
604.752,60.4752,6,0.2,807,1,0.0869827309194004
302.376,37.797,3,0.2,808,1,0.13420146399922295
77.92,34.2848,8,0.0,809,1,0.10857148861282728
6.48,3.1752,1,0.0,810,1,0.1290647413042708
53.72,15.0416,4,0.0,811,1,0.16435091854443268
8187.65,327.506,5,0.0,812,-1,-0.12330127217926912
15.52,4.5008,4,0.0,813,1,0.1601802745026082
67.88,18.3276,2,0.0,814,1,0.15354412267722412
674.352,-109.5822,3,0.2,815,1,0.0551178783704267
25.71,9.2556,3,0.0,816,1,0.16594580046274565
134.01,36.1827,9,0.0,817,1,0.08944642571870504
17.496,-10.0602,3,0.6,818,1,0.07174598863564796
4.836,-12.09,2,0.8,819,1,0.025433496131091138
16.784,-26.8544,4,0.8,820,1,0.022351081103878512
8.88,-13.32,5,0.8,821,1,0.02878702716043058
2177.584,-3701.8928,8,0.8,822,-1,-0.15571308861852862
162.89,76.5583,13,0.0,823,-1,-0.007555054922650406
123.552,-29.3436,3,0.2,824,1,0.141792759452453
111.93,34.6983,7,0.0,825,1,0.11326309326360312
431.136,-26.946,9,0.2,826,1,0.0573258424838452
170.97,70.0977,3,0.0,827,1,0.12994878502759633
911.984,113.998,2,0.2,828,1,0.048793664994960406
65.78,32.2322,11,0.0,829,1,0.062176887029749994
276.28,0.0,2,0.0,830,1,0.12519315470480458
238.0,38.08,2,0.0,831,1,0.12332597096499809
129.888,12.9888,6,0.2,832,1,0.13035155015162347
48.944,16.5186,7,0.2,833,1,0.11424225075948308
14.32,5.191,5,0.2,834,1,0.14979748954443145
1367.84,259.8896,8,0.0,835,-1,-0.03492788373940492
44.128,12.1352,4,0.2,836,1,0.15723590600989784
62.92,10.2245,1,0.2,837,1,0.11912264290175073
19.752,6.9132,3,0.2,838,1,0.16734709803490755
5.68,1.917,2,0.2,839,1,0.16054727002901625
17.544,5.9211,3,0.2,840,1,0.16744103316658554
78.304,29.364,2,0.2,841,1,0.14033290703110118
26.7,12.549,5,0.0,842,1,0.15905874554459565
838.38,226.3626,2,0.0,843,1,0.014267098426009706
21.2,9.116,2,0.0,844,1,0.16189511936363504
218.75,-161.875,2,0.5,845,1,0.002652532716952427
2.6,0.2925,1,0.2,846,1,0.1263817806595292
39.96,18.7812,2,0.0,847,1,0.15270546298118232
93.024,33.7212,3,0.2,848,1,0.14801366676003114
21.36,5.7672,2,0.0,849,1,0.1659762508322546
102.3,26.598,10,0.0,850,1,0.0676894312581231
101.96,27.5292,2,0.0,851,1,0.13832906442068765
1089.75,305.13,3,0.0,852,-1,-0.00755946337971547
16.4,4.264,5,0.0,853,1,0.1574900483183191
13.184,4.7792,1,0.2,854,1,0.12291000794552354
447.84,219.4416,8,0.0,855,1,0.008815760774032344
259.74,124.6752,13,0.0,856,-1,-0.02939272108931723
158.9,7.945,5,0.0,857,1,0.14396577227738128
255.42,104.7222,9,0.0,858,1,0.05764627537925182
399.96,34.9965,5,0.2,859,1,0.11844673301395714
1133.35,294.671,5,0.0,860,-1,-0.007112378709348888
340.144,21.259,7,0.2,861,1,0.10098793232589953
489.23,41.934,2,0.3,862,1,0.06475543391951122
79.47,22.2516,3,0.0,863,1,0.15875326998979422
4.56,2.0064,2,0.0,864,1,0.15980340063876652
15.96,7.0224,7,0.0,865,1,0.12098021823963678
45.98,12.8744,2,0.0,866,1,0.16176278715369524
20.94,9.8418,3,0.0,867,1,0.1633424325501997
110.96,53.2608,2,0.0,868,1,0.1212344044572003
15.78,0.6312,2,0.0,869,1,0.1629264675114671
16.36,1.636,1,0.0,870,1,0.13036538879424625
135.99,36.7173,1,0.0,871,1,0.100569600023593
62.91,22.6476,3,0.0,872,1,0.16216147271772696
199.98,83.9916,2,0.0,873,1,0.10922893229338093
155.456,-7.7728,4,0.2,874,1,0.14851489414551705
121.376,-3.0344,4,0.2,875,1,0.15340153406100804
327.76,91.7728,8,0.0,876,1,0.07124699892232833
53.88,22.6296,6,0.0,877,1,0.1380040387363084
167.535,37.23,3,0.1,878,1,0.12629730790805793
76.12,22.0748,2,0.0,879,1,0.1486586297852463
38.34,17.253,3,0.0,880,1,0.16555094759352934
423.28,110.0528,11,0.0,881,1,0.006583503441459304
95.976,-10.7973,3,0.2,882,1,0.15083460103658947
549.99,274.995,1,0.0,883,1,1.925411572055724E-4
1199.976,434.9913,3,0.2,884,-1,-0.03646021476745365
299.98,83.9944,2,0.0,885,1,0.10601355585820826
445.96,55.745,5,0.2,886,1,0.11271697870739927
113.92,33.04,2,0.0,887,1,0.13779833766872623
39.66,11.9,2,0.0,888,1,0.1615617629770269
447.86,210.49,7,0.0,889,1,0.019526890971498845
9.345,-6.5415,5,0.7,890,1,0.05118883298599364
2060.744,643.9825,7,0.2,891,-1,-0.09769219480141267
4.464,-0.9486,3,0.2,892,1,0.16507483692247216
20.88,9.6048,8,0.0,893,1,0.11228019132304379
5.98,2.691,1,0.0,894,1,0.13079195822529316
15.552,5.4432,3,0.2,895,1,0.1694558196022899
219.168,-43.8336,2,0.2,896,1,0.11104631282703387
1091.168,68.198,4,0.2,897,1,0.0561625043055346
178.384,22.298,2,0.2,898,1,0.13620648360043824
12.35,5.434,1,0.0,899,1,0.1268008411807618
40.97,10.6522,1,0.0,900,1,0.12426469217552011
22.96,10.7912,2,0.0,901,1,0.1623599570972868
375.34,18.767,1,0.0,902,1,0.07885617256510152
85.44,31.6128,3,0.0,903,1,0.15590620011422623
211.248,15.8436,6,0.2,904,1,0.12955649978873768
47.96,4.1965,5,0.2,905,1,0.15505917287602655
14.04,6.7392,3,0.0,906,1,0.16326761847327836
196.21,98.105,7,0.0,907,1,0.08099771544174794
2.952,0.9963,1,0.2,908,1,0.1290176771106859
31.104,10.8864,6,0.2,909,1,0.1415010115514586
5.552,-1.041,2,0.2,910,1,0.16082413631003656
272.61,98.1396,13,0.0,911,-1,-0.01997113507485926
158.928,41.7186,7,0.2,912,1,0.10972136269550453
806.336,50.396,8,0.2,913,1,0.055974110296380886
195.136,-12.196,4,0.2,914,1,0.14782898842670822
152.91,42.8148,3,0.0,915,1,0.14242148223931667
152.24,17.127,5,0.2,916,1,0.14350144658626335
62.94,30.2112,3,0.0,917,1,0.16202316142175
17.856,6.2496,4,0.2,918,1,0.16267645706145784
30.96,-52.632,8,0.8,919,-1,-0.02774286005830584
46.44,15.093,3,0.2,920,1,0.16454366696387973
92.94,41.823,3,0.0,921,1,0.1473748432292517
91.36,29.692,5,0.2,922,1,0.14233417933729053
853.092,-227.4912,6,0.4,923,-1,-0.02581641252144362
17.96,8.2616,4,0.0,924,1,0.16312658248279333
12.67,4.5612,7,0.0,925,1,0.12043623764107125
114.2,52.532,5,0.0,926,1,0.132848054040758
15.552,5.4432,3,0.2,927,1,0.1694558196022899
339.96,122.3856,4,0.0,928,1,0.09925165906322292
638.82,172.4814,9,0.0,929,1,0.0048990382671626476
289.24,26.0316,7,0.0,930,1,0.10239727555637368
10.72,1.742,2,0.2,931,1,0.16086943824625793
69.456,22.5732,2,0.2,932,1,0.14510739324123995
76.776,-58.8616,4,0.7,933,1,0.023974973011493428
344.91,10.3473,3,0.0,934,1,0.12951666629067854
9.184,1.148,2,0.2,935,1,0.16058730640774427
19.44,9.33,3,0.0,936,1,0.16687849868410448
387.99,182.36,1,0.0,937,1,0.026170906680563877
500.24,145.0696,13,0.0,938,-1,-0.04745515118122967
421.372,-6.0196,2,0.3,939,1,0.07254269758267617
896.99,421.5853,1,0.0,940,-1,-0.05007693931484192
20.12,9.2552,2,0.0,941,1,0.16261971384413132
3.912,1.0269,1,0.2,942,1,0.12942250833775437
11.56,5.6644,2,0.0,943,1,0.16250806186037225
7.632,-1.8126,3,0.2,944,1,0.16543535396659664
4.224,1.2672,3,0.2,945,1,0.16473760600903814
49.568,17.3488,2,0.2,946,1,0.15049874698922594
31.104,10.8864,6,0.2,947,1,0.1415010115514586
223.056,69.705,9,0.2,948,1,0.07146377804808635
15.552,5.4432,3,0.2,949,1,0.1694558196022899
19.44,9.5256,3,0.0,950,1,0.16575851379101064
25.92,12.4416,4,0.0,951,1,0.16822734680563106
45.92,22.5008,4,0.0,952,1,0.16211655692647514
6.8,0.51,1,0.2,953,1,0.12942250833775437
143.64,10.773,9,0.2,954,1,0.09697813734508998
13.28,6.3744,2,0.0,955,1,0.16118756212741114
12.672,4.4352,3,0.2,956,1,0.16571854438146616
8.288,2.6936,2,0.2,957,1,0.16047150713981906
25.5,6.63,3,0.0,958,1,0.16928336485790052
6.28,2.6376,1,0.0,959,1,0.13191851904082152
6.528,-4.5696,4,0.7,960,1,0.06383979517872285
20.856,-16.6848,8,0.7,961,1,0.001989850838197582
25.68,-39.804,3,0.8,962,1,0.01762964514014098
12.384,-19.8144,3,0.8,963,1,0.02868407255507588
2.862,-2.2896,3,0.7,964,1,0.06424974551414764
130.464,44.0316,6,0.2,965,1,0.12996155367629786
4.72,1.652,2,0.2,966,1,0.16104764487928452
40.096,14.5348,14,0.2,967,1,0.00792679553270459
23.976,7.4925,3,0.2,968,1,0.1701668030186912
25.92,12.4416,4,0.0,969,1,0.16822734680563106
48.84,13.1868,4,0.0,970,1,0.16792648182141512
95.1,30.432,5,0.0,971,1,0.14609653718647303
1007.944,75.5958,7,0.2,972,1,0.04961345713977505
10.68,4.0584,4,0.0,973,1,0.15934261710878367
8.64,2.5056,3,0.0,974,1,0.16433627495690267
17.34,8.4966,3,0.0,975,1,0.16681535225570704
3.38,1.5548,1,0.0,976,1,0.12871710885165466
176.8,22.984,8,0.0,977,1,0.10447531994227421
149.97,52.4895,3,0.0,978,1,0.14116361496462632
29.12,12.5216,4,0.0,979,1,0.1681698830320606
1202.94,300.735,3,0.0,980,-1,-0.013540207972347229
8.56,2.4824,2,0.0,981,1,0.1617822600954812
22.72,7.384,4,0.2,982,1,0.16537505069439917
13.36,6.4128,2,0.0,983,1,0.16118756212741114
579.95,168.1855,5,0.0,984,1,0.0568630898857182
213.48,16.011,3,0.2,985,1,0.1457894991934447
174.0585,-110.7645,3,0.45,986,1,0.031460034797560876
505.176,-336.784,4,0.7,987,-1,-0.03817245314400963
29.808,10.8054,2,0.2,988,1,0.1623279864199843
13.36,6.4128,2,0.0,989,1,0.16118756212741114
109.92,53.8608,2,0.0,990,1,0.12256544197749969
25.3,11.891,5,0.0,991,1,0.16216732831341435
95.94,9.594,3,0.0,992,1,0.1554220759013304
92.52,18.504,9,0.0,993,1,0.09930042541139944
53.94,15.6426,3,0.0,994,1,0.16873009718952492
3.648,-6.0192,3,0.8,995,1,0.03716016590690141
23.744,8.3104,2,0.2,996,1,0.16449437387557225
31.104,10.8864,6,0.2,997,1,0.1415010115514586
357.0,57.12,3,0.0,998,1,0.12634711191232656
70.71,4.9497,1,0.0,999,1,0.12294341845939172
19.9,8.955,1,0.0,1000,1,0.12852701358086877
57.75,16.17,5,0.0,1001,1,0.16121674652796852
21.24,8.0712,3,0.0,1002,1,0.16768881862552937
1793.98,843.1706,2,0.0,1003,-1,-0.100470743925959
14.94,7.0218,3,0.0,1004,1,0.16547479949595267
475.944,95.1888,7,0.2,1005,1,0.07113670256591165
239.976,53.9946,3,0.2,1006,1,0.13262749317262995
559.71,-121.2705,3,0.4,1007,1,0.014300269862303816
7.68,-11.52,5,0.8,1008,1,0.03321838089619489
14.4,7.056,5,0.0,1009,1,0.15555061108925117
31.984,1.999,2,0.2,1010,1,0.16240535953996993
264.32,19.824,2,0.2,1011,1,0.12885089506080583
41.88,12.1452,6,0.0,1012,1,0.14843947366552745
58.48,27.4856,8,0.0,1013,1,0.11484131988820018
161.96,45.3488,2,0.0,1014,1,0.1233054786332326
42.368,8.4736,2,0.2,1015,1,0.16224030496847225
57.69,23.6529,3,0.0,1016,1,0.16354512965054052
821.88,213.6888,6,0.0,1017,1,0.013667997321469949
429.9,111.774,5,0.0,1018,1,0.09385427519051515
200.795,-22.948,1,0.3,1019,1,0.04451332141238584
21.864,3.5529,3,0.2,1020,1,0.16903916379816736
2.92,-4.818,2,0.8,1021,1,0.03439875817022853
32.06,15.3888,2,0.0,1022,1,0.15725635602860027
42.81,20.1207,3,0.0,1023,1,0.16510668865536443
3.828,-6.5076,3,0.8,1024,1,0.03814972598640498
83.92,31.47,5,0.2,1025,1,0.14644843850411715
304.99,-533.7325,5,0.8,1026,-1,-0.05926285977544288
13.16,4.1125,5,0.2,1027,1,0.15383542957376417
20.56,9.6632,2,0.0,1028,1,0.1608174359563302
12.96,6.2208,2,0.0,1029,1,0.15832860429581858
64.784,-14.5764,1,0.2,1030,1,0.10788084905835266
19.86,5.7594,2,0.0,1031,1,0.16603348993076983
27.36,7.3872,4,0.0,1032,1,0.1680986236559835
46.688,-2.918,4,0.2,1033,1,0.16339836748691733
399.54,-559.356,4,0.7,1034,-1,-0.044704380340374716
104.85,28.3095,3,0.0,1035,1,0.15404885946507346
196.776,14.7582,3,0.2,1036,1,0.150137977012318
377.97,109.6113,3,0.0,1037,1,0.10171973146964514
32.382,4.3176,3,0.4,1038,1,0.09754923681214406
975.92,121.99,5,0.2,1039,1,0.044608252374093715
1740.06,-24.858,9,0.3,1040,-1,-0.06794743728769659
966.7,-13.81,5,0.3,1041,1,0.026626965889083865
172.764,13.4372,2,0.1,1042,1,0.12023527741534906
16.78,4.195,2,0.0,1043,1,0.1679005669364168
177.98,-453.849,5,0.8,1044,-1,-0.057403413762123434
56.65,24.3595,5,0.0,1045,1,0.15806990860738135
303.84,91.152,8,0.0,1046,1,0.07936798436971021
32.064,6.8136,6,0.2,1047,1,0.14422410235402888
5.88,2.646,2,0.0,1048,1,0.16356560781827695
3.52,1.6896,2,0.0,1049,1,0.16068565758948333
9.936,2.7324,3,0.2,1050,1,0.16564096153284913
8.608,3.0128,2,0.2,1051,1,0.16041338926537757
51.184,-79.3352,4,0.8,1052,1,0.0023901272276916075
45.0,21.6,9,0.0,1053,1,0.10388282852552427
4.02,1.9698,2,0.0,1054,1,0.1622446475151802
182.112,61.4628,6,0.2,1055,1,0.1194379191334985
17.904,6.2664,2,0.2,1056,1,0.1659349512705346
485.88,19.4352,6,0.0,1057,1,0.1067979210269499
275.928,-58.6347,3,0.2,1058,1,0.11280521637711238
14.97,4.1916,1,0.0,1059,1,0.13443057345753212
83.88,30.1968,4,0.0,1060,1,0.1611105506715078
49.98,8.4966,2,0.0,1061,1,0.16476441111121704
32.97,12.8583,3,0.0,1062,1,0.1707421972889372
209.97,90.2871,3,0.0,1063,1,0.12308054938720298
8159.952,-1359.992,8,0.4,1064,-1,-0.15095376721728937
143.976,8.9985,3,0.2,1065,1,0.15379018444578657
785.88,212.1876,6,0.0,1066,1,0.019874331023649994
17.472,5.0232,3,0.2,1067,1,0.16916495941993637
60.672,12.8928,6,0.2,1068,1,0.14217619621806304
30.816,2.6964,9,0.2,1069,1,0.10189906045036756
103.6,51.8,7,0.0,1070,1,0.10753559094607085
15.552,5.4432,3,0.2,1071,1,0.16926988205692095
166.44,79.8912,3,0.0,1072,1,0.12863943978842857
10.896,3.405,3,0.2,1073,1,0.1648856369601681
26.2,12.838,2,0.0,1074,1,0.16486442364775578
1325.85,238.653,5,0.0,1075,1,3.594924801886279E-4
64.704,-4.8528,6,0.2,1076,1,0.14179579706129375
1299.99,-571.9956,2,0.5,1077,-1,-0.09091911777051453
135.516,-31.6204,1,0.4,1078,1,0.0213103557081451
1487.04,148.704,5,0.2,1079,-1,-0.0018590912358773526
254.9,76.47,5,0.0,1080,1,0.12861887589857945
81.92,22.1184,4,0.0,1081,1,0.16390025638527012
9.64,4.7236,2,0.0,1082,1,0.1625763336757245
21.728,7.6048,7,0.2,1083,1,0.1240277278466767
14.88,3.72,2,0.0,1084,1,0.16817888480600912
127.95,21.7515,3,0.0,1085,1,0.15553178659688682
3785.292,420.588,6,0.1,1086,-1,-0.1175921965700959
40.56,12.9792,2,0.0,1087,1,0.16480972932450927
166.84,18.7695,5,0.2,1088,1,0.14596750498256789
63.924,-46.8776,7,0.7,1089,-1,-8.13884321344216E-4
5.18,-8.029,5,0.8,1090,1,0.03359579435784321
331.96,149.382,2,0.0,1091,1,0.07535891017829488
10.368,3.6288,2,0.2,1092,1,0.161218662061955
357.93,7.1586,3,0.0,1093,1,0.12975548670187392
57.4,10.906,5,0.0,1094,1,0.16437001627669395
15.216,2.2824,1,0.2,1095,1,0.13291761414475017
69.99,30.0957,1,0.0,1096,1,0.12007712120270247
340.116,-9.7176,6,0.3,1097,1,0.07705996704209594
14.19,5.5341,3,0.0,1098,1,0.1673946327808049
22.66,9.7438,2,0.0,1099,1,0.16328865263891107
5.46,1.4742,3,0.0,1100,1,0.1623451166872416
18.648,-12.432,7,0.7,1101,1,0.0170246557157544
2.502,-2.0016,3,0.7,1102,1,0.0647105559549469
5.7,2.679,5,0.0,1103,1,0.15959460495887184
48.94,24.47,1,0.0,1104,1,0.12091165293829009
15.552,5.4432,3,0.2,1105,1,0.16926988205692095
79.4,5.955,5,0.2,1106,1,0.15459516901191112
7.3,2.19,2,0.0,1107,1,0.16469624178505476
118.0,20.06,2,0.0,1108,1,0.14396185915092263
199.98,75.9924,2,0.0,1109,1,0.11038289387121947
144.96,60.8832,4,0.0,1110,1,0.14365269760568167
252.0,53.55,5,0.2,1111,1,0.12939832710479982
9.96,-6.723,5,0.6,1112,1,0.06572713757722759
142.4,52.688,5,0.0,1113,1,0.1380027064619937
13.128,3.7743,3,0.2,1114,1,0.16386886155821279
464.292,-108.3348,9,0.4,1115,-1,-0.019765998685146058
52.448,-131.12,2,0.8,1116,-1,-0.02967487515693301
601.3,198.429,2,0.0,1117,1,0.04259989715856416
13.0,1.3,5,0.2,1118,1,0.1545737629975395
8.552,-13.6832,2,0.8,1119,1,0.02466128703545234
7.16,3.4368,2,0.0,1120,1,0.1643561809268841
68.46,31.4916,7,0.0,1121,1,0.12711404325886694
11.07,5.0922,3,0.0,1122,1,0.1646015815076572
6.048,-1.3608,4,0.2,1123,1,0.16052965739933073
20.16,6.552,4,0.2,1124,1,0.16418147073774242
44.82,21.0654,9,0.0,1125,1,0.10420331286192563
6.848,2.14,2,0.2,1126,1,0.16280258473262382
449.15,8.983,5,0.0,1127,1,0.12114110176191945
2799.96,1371.9804,4,0.0,1128,-1,-0.13505816176564378
287.97,80.6316,3,0.0,1129,1,0.12398315949810662
16.99,4.4174,1,0.0,1130,1,0.13683903075355186
103.936,16.8896,4,0.2,1131,1,0.15808960277248268
14.56,6.2608,2,0.0,1132,1,0.16556384009569913
14.94,7.0218,3,0.0,1133,1,0.1672252846395843
33.552,12.582,1,0.2,1134,1,0.12582263122370207
35.34,13.4292,2,0.0,1135,1,0.16368188562567315
38.256,4.782,3,0.2,1136,1,0.16931522655372855
5.248,0.4592,2,0.2,1137,1,0.16176071935473024
137.24,46.3185,5,0.2,1138,1,0.13915010358241575
5.892,-4.1244,4,0.7,1139,1,0.06616663462084793
182.94,85.9818,3,0.0,1140,1,0.12648453642317664
40.24,13.078,5,0.2,1141,1,0.1558453671521074
4.624,1.6762,1,0.2,1142,1,0.13286192200430552
148.704,46.47,6,0.2,1143,1,0.12961329595642807
57.93,16.2204,3,0.0,1144,1,0.1714459898119628
30.28,1.2112,2,0.0,1145,1,0.1647078099397023
47.984,13.1956,2,0.2,1146,1,0.15959770656650607
55.92,16.776,10,0.2,1147,1,0.07247628170044629
29.925,-21.945,5,0.7,1148,1,0.04319624967013125
887.103,177.4206,7,0.1,1149,1,0.0027897656776523228
73.915,-45.8273,1,0.5,1150,1,0.015573110211855146
5.67,0.1134,3,0.0,1151,1,0.16366575756030383
7.16,3.58,2,0.0,1152,1,0.16543199935427527
92.52,24.9804,6,0.0,1153,1,0.14017848665514115
67.344,7.5762,6,0.2,1154,1,0.14407423593191276
3059.982,-509.997,3,0.4,1155,-1,-0.11254604058438
2624.985,-944.9946,3,0.5,1156,-1,-0.127390101987907
2519.958,-251.9958,7,0.4,1157,-1,-0.0895285194556108
362.94,36.294,3,0.0,1158,1,0.13296037196413923
801.568,-10.0196,2,0.2,1159,1,0.07975239067943202
493.43,-70.49,5,0.3,1160,1,0.04789128535367193
631.782,140.396,2,0.1,1161,1,0.046862598044962844
164.22,50.9082,3,0.0,1162,1,0.13810161021288192
617.7,-407.682,6,0.5,1163,-1,-0.04564384302907387
43.92,11.8584,4,0.0,1164,1,0.17066283583264957
30.98,8.0548,1,0.0,1165,1,0.13186304739273924
2.816,0.9856,2,0.2,1166,1,0.16329793390691782
20.232,6.5754,3,0.2,1167,1,0.17177300809467055
9.96,4.5816,2,0.0,1168,1,0.16498911348188938
75.18,35.3346,6,0.0,1169,1,0.14273740320728479
21.72,10.6428,4,0.0,1170,1,0.16724769129653388
8.56,3.852,2,0.0,1171,1,0.16470976990240532
59.98,26.3912,2,0.0,1172,1,0.1548687515002748
11.12,3.475,2,0.2,1173,1,0.16403098524344983
1349.91,661.4559,9,0.0,1174,-1,-0.08853289942031994
629.95,157.4875,5,0.0,1175,1,0.06202298114469673
37.68,16.96,6,0.0,1176,1,0.1498329388092896
8.544,-7.476,2,0.6,1177,1,0.06564512662709887
25.96,7.5284,2,0.0,1178,1,0.16732882765253487
36.27,10.881,3,0.0,1179,1,0.17181773347633367
59.52,15.4752,3,0.0,1180,1,0.17330475499865872
66.03,17.1678,3,0.0,1181,1,0.17076614098031068
6.57,-5.037,3,0.7,1182,1,0.07107280187295417
15.56,7.3132,2,0.0,1183,1,0.16783545620381807
78.35,36.8245,5,0.0,1184,1,0.15497590784279297
20.808,7.0227,9,0.2,1185,1,0.1041587244492363
6.48,3.1104,1,0.0,1186,1,0.13505149406015926
38.52,17.334,9,0.0,1187,1,0.1058367150719296
19.35,9.4815,3,0.0,1188,1,0.17290255849317976
11.352,4.1151,3,0.2,1189,1,0.17268581231637897
1799.97,701.9883,3,0.0,1190,-1,-0.08890612129088027
239.984,23.9984,2,0.2,1191,1,0.1361651821287198
246.384,27.7182,2,0.2,1192,1,0.13586633007289572
579.528,83.7096,4,0.1,1193,1,0.08862681120492505
97.44,35.0784,3,0.0,1194,1,0.16116175552650075
13.04,5.7376,4,0.0,1195,1,0.16876587648399766
3.984,1.3944,1,0.2,1196,1,0.136745715834168
4.608,1.6704,2,0.2,1197,1,0.16866872405903105
169.45,42.3625,5,0.0,1198,1,0.14770819979090638
40.68,0.4068,2,0.0,1199,1,0.16938719239624211
331.536,-82.884,3,0.2,1200,1,0.10261391033059186
435.999,20.5176,3,0.15,1201,1,0.1126519279024708
9.84,2.8536,3,0.0,1202,1,0.17285331613475358
12.94,6.47,2,0.0,1203,1,0.1685771921812666
9449.95,4630.4755,5,0.0,1204,-1,-0.17600922874108726
139.44,47.061,3,0.2,1205,1,0.15000321842046038
18.464,6.924,4,0.2,1206,1,0.1711050848717851
11.12,5.4488,4,0.0,1207,1,0.16904247668544675
34.5,15.525,3,0.0,1208,1,0.17679311462355435
28.8,10.08,9,0.2,1209,1,0.10979712213780679
32.4,15.552,5,0.0,1210,1,0.16973593764799644
404.9,16.196,5,0.0,1211,1,0.12912729545374002
83.984,31.494,2,0.2,1212,1,0.14926094296336834
211.96,8.4784,4,0.0,1213,1,0.1493376363643939
391.98,109.75,2,0.0,1214,1,0.09015609529985025
437.85,131.36,3,0.0,1215,1,0.0976542043318262
300.5328,-97.2312,2,0.32,1216,1,0.0523890935224165
14.576,2.3686,2,0.2,1217,1,0.1710167842125434
2.724,-4.3584,2,0.8,1218,1,0.044331743176175165
3.264,1.1016,2,0.2,1219,1,0.16796473794392025
33.792,10.56,8,0.2,1220,1,0.12552517961600834
585.552,73.194,3,0.2,1221,1,0.10672103935843408
145.568,0.0,2,0.2,1222,1,0.15423892364369707
21.184,4.7664,1,0.2,1223,1,0.13688355835309868
41.376,3.1032,6,0.2,1224,1,0.14668445153602677
16.704,1.2528,6,0.2,1225,1,0.1454804046186306
143.952,14.3952,3,0.2,1226,1,0.15939853139197824
5.97,-4.577,5,0.7,1227,1,0.06164791462309538
0.876,-1.4016,1,0.8,1228,1,0.014811767588970626
32.896,11.1024,4,0.2,1229,1,0.17052399908678434
19.44,9.3312,3,0.0,1230,1,0.1760459832569357
310.12,80.6312,2,0.0,1231,1,0.11211678469092246
3.152,0.4728,2,0.2,1232,1,0.16610211913499068
153.824,38.456,11,0.2,1233,1,0.07418467719036526
603.92,45.294,5,0.2,1234,1,0.11341048227671496
87.54,37.6422,3,0.0,1235,1,0.16413107079302786
81.98,40.1702,2,0.0,1236,1,0.14441634757267507
337.088,16.8544,4,0.2,1237,1,0.14367461711078838
96.256,31.2832,8,0.2,1238,1,0.12324800632896088
10.688,3.7408,2,0.2,1239,1,0.17000329031896477
46.26,12.4902,3,0.0,1240,1,0.1808545517926637
10.688,3.7408,2,0.2,1241,1,0.17000329031896477
117.36,36.3816,4,0.0,1242,1,0.16166529844507782
6.16,2.9568,2,0.0,1243,1,0.1714086087669492
204.6,53.196,2,0.0,1244,1,0.12619768878528065
2348.82,399.2994,9,0.0,1245,-1,-0.09363375022557185
67.176,-20.1528,1,0.4,1246,1,0.05242107911119731
409.272,-81.8544,2,0.4,1247,1,0.034849527477700315
4.224,1.4784,3,0.2,1248,1,0.17514437117254927
10.048,3.14,2,0.2,1249,1,0.17072972238740908
8.72,2.8776,4,0.0,1250,1,0.17279980228562158
18.9,8.694,3,0.0,1251,1,0.1792348597763036
55.44,18.018,11,0.2,1252,1,0.07628359181244837
20.928,6.8016,4,0.2,1253,1,0.1740875864085148
77.52,37.9848,2,0.0,1254,1,0.15119265477300042
6.48,3.1104,1,0.0,1255,1,0.13936742484531078
807.75,153.4725,5,0.0,1256,1,0.049205427476656904
1395.54,362.8404,9,0.0,1257,-1,-0.059406333148686485
62.18,16.7886,1,0.0,1258,1,0.12934608697991756
1801.632,-337.806,6,0.2,1259,-1,-0.05058758554115217
686.32,223.054,2,0.2,1260,1,0.03756235524088847
15.24,5.1816,3,0.0,1261,1,0.1795779660605592
69.216,11.2476,6,0.2,1262,1,0.15150019599460196
795.408,59.6556,6,0.2,1263,1,0.08108540813177362
43.176,13.4925,7,0.2,1264,1,0.1368796647712069
48.94,24.47,1,0.0,1265,1,0.12486929603034591
15.552,5.4432,3,0.2,1266,1,0.17958712139325278
4.71,0.0,1,0.0,1267,1,0.13443962627435418
12.768,4.6284,6,0.2,1268,1,0.1473938457595924
4.672,1.46,2,0.2,1269,1,0.17012333481486253
9.408,3.4104,2,0.2,1270,1,0.17072972238740908
15.36,-3.264,2,0.2,1271,1,0.1707018454143081
7.16,-0.0895,1,0.2,1272,1,0.1358848069026367
230.376,20.1579,3,0.2,1273,1,0.15084716274784754
318.4,107.46,2,0.2,1274,1,0.09966368123356784
47.36,17.76,4,0.2,2549,1,0.1774392431909309
97.696,31.7512,4,0.2,2550,1,0.17140817950653736
1117.92,55.896,4,0.0,2551,1,0.07076092189473693
17.94,8.7906,3,0.0,2552,1,0.18667539017282603
51.968,-10.3936,2,0.2,2553,1,0.17245483298596526
255.968,31.996,4,0.2,2554,1,0.15578158609315906
33.28,-49.92,5,0.8,2555,1,0.031350738322997285
31.5,15.12,10,0.0,2556,1,0.1042865856914697
14.088,4.9308,3,0.2,2557,1,0.18633617191657825
55.6,16.124,4,0.0,2558,1,0.18604003820262993
10.86,5.3214,2,0.0,2559,1,0.17973787891267612
163.136,20.392,4,0.2,2560,1,0.16711530484453774
6.408,-4.9128,4,0.7,2561,1,0.09046286977501022
20.768,-52.9584,8,0.8,2562,-1,-0.009006287136868019
24.588,-18.0312,2,0.7,2563,1,0.08319156344537743
26.976,8.7672,4,0.2,2564,1,0.18545364484956933
8.26,3.7996,2,0.0,2565,1,0.17790323432348049
104.79,29.3412,7,0.0,2566,1,0.14426767366142085
2973.32,334.4985,7,0.2,2567,-1,-0.06273512810650961
775.728,58.1796,6,0.2,2568,1,0.09030835964247702
75.33,19.5858,9,0.0,2569,1,0.12278396087236992
850.5,245.7,5,0.1,2570,1,0.03785158191731719
121.792,13.7016,4,0.2,2571,1,0.1765616842370762
19.194,-12.796,7,0.7,2572,1,0.04680982161350711
186.69,87.7443,3,0.0,2573,1,0.14511999876887183
51.45,13.8915,3,0.0,2574,1,0.1888029162449168
602.651,-163.5767,7,0.3,2575,1,0.02794156171893547
7.656,-13.0152,6,0.8,2576,1,0.03360489404668865
14.73,4.8609,3,0.0,2577,1,0.18739443548811502
845.728,84.5728,13,0.2,2578,-1,-0.027121152808233018
21.24,8.0712,3,0.0,2579,1,0.18584689937920384
127.96,60.1412,2,0.0,2580,1,0.14026780661065608
32.368,11.7334,7,0.2,2581,1,0.15544064115408657
22.368,1.6776,2,0.2,2582,1,0.18323319660913678
207.984,36.3972,2,0.2,2583,1,0.1520001044558721
467.04,58.38,4,0.2,2584,1,0.13680012116184886
105.686,-28.6862,1,0.3,2585,1,0.0771338952202768
104.93,-4.497,5,0.3,2586,1,0.13209627947977726
20.24,7.8936,1,0.0,2587,1,0.14519567572433922
12.224,4.4312,2,0.2,2588,1,0.17866286608283843
153.728,53.8048,4,0.2,2589,1,0.15765593667712802
18.272,5.9384,1,0.2,2590,1,0.14908165451449068
167.944,50.3832,7,0.2,2591,1,0.13489592537896405
399.54,-79.908,2,0.4,2592,1,0.04919910899169533
47.82,14.346,3,0.0,2593,1,0.18726801282083022
6.63,1.7901,3,0.0,2594,1,0.18371590641178265
6.096,2.0574,2,0.2,2595,1,0.1798922606868268
13.05,6.003,5,0.0,2596,1,0.17647276110240712
45.36,21.7728,7,0.0,2597,1,0.15625794870761156
77.55,21.714,5,0.0,2598,1,0.17576853383406482
535.41,160.623,3,0.0,2599,1,0.0981142172210222
16.24,2.436,1,0.0,2600,1,0.1489688512855067
45.99,13.3371,1,0.0,2601,1,0.14087958404520973
317.058,-86.0586,3,0.3,2602,1,0.09360197335190651
41.568,-4.1568,4,0.2,2603,1,0.18141619034223444
167.76,62.91,5,0.2,2604,1,0.14986946244507032
8.04,2.9145,5,0.2,2605,1,0.1751647909050404
12.39,5.6994,3,0.0,2606,1,0.18408910640207804
85.056,28.7064,3,0.2,2607,1,0.17116413882530113
32.4,15.552,5,0.0,2608,1,0.18125580395235935
540.57,140.5482,3,0.0,2609,1,0.10552262984394845
160.32,44.8896,2,0.0,2610,1,0.1453149518239072
151.96,36.4704,4,0.0,2611,1,0.16289717144292803
128.85,3.8655,3,0.0,2612,1,0.17205608247631854
239.97,2.3997,3,0.0,2613,1,0.15852170770500568
1406.86,140.686,7,0.0,2614,1,0.017959264073989845
2567.84,770.352,8,0.0,2615,-1,-0.09669463385134447
8.28,2.9808,2,0.0,2616,1,0.1776326312179381
22.2,9.102,6,0.0,2617,1,0.16590766765758724
51.56,-61.872,2,0.6,2618,1,0.05841903834571682
10.272,1.1556,3,0.2,2619,1,0.18637369680663812
3.564,-6.237,3,0.8,2620,1,0.06725005578961285
7.56,0.3024,6,0.0,2621,1,0.1605896611637465
5.904,1.9926,2,0.2,2622,1,0.1798922606868268
15.75,7.56,5,0.0,2623,1,0.17751649111083706
173.488,54.215,7,0.2,2624,1,0.13482834228840335
58.38,26.271,7,0.0,2625,1,0.1530026083713833
274.8,134.652,5,0.0,2626,1,0.11879661970443806
105.52,48.5392,4,0.0,2627,1,0.1607329064676956
323.1,61.389,2,0.0,2628,1,0.13121425014246574
80.88,21.0288,6,0.0,2629,1,0.16312786892539227
62.18,16.7886,1,0.0,2630,1,0.13896925732410992
5.728,-9.1648,8,0.8,2631,1,0.009817327723459113
403.68,181.656,6,0.0,2632,1,0.07978315948494602
28.91,13.2986,7,0.0,2633,1,0.15824564586658935
11.76,5.7624,2,0.0,2634,1,0.1794685175225723
42.24,13.2,10,0.2,2635,1,0.09390405563293813
299.98,83.9944,2,0.0,2636,1,0.12514964509034948
41.9,11.732,2,0.0,2637,1,0.18110727143763605
35.28,11.9952,3,0.0,2638,1,0.18922677562825407
9.26,3.0558,2,0.0,2639,1,0.17871394598857282
7.38,3.4686,2,0.0,2640,1,0.17945535249749256
30.44,14.3068,4,0.0,2641,1,0.18741612772318272
119.98,35.994,2,0.0,2642,1,0.15511402618538844
989.97,395.988,3,0.0,2643,1,0.010975682407344811
1522.638,169.182,9,0.1,2644,-1,-0.045079776203221344
10.56,4.752,2,0.0,2645,1,0.17949306617859734
8.016,1.002,3,0.2,2646,1,0.18589948732501138
18.312,-12.208,4,0.7,2647,1,0.08673292720348907
7.52,2.632,5,0.2,2648,1,0.17723575306641615
25.92,9.072,5,0.2,2649,1,0.1791603539679938
173.208,45.4671,7,0.2,2650,1,0.14013686534052533
143.128,-393.602,2,0.8,2651,-1,-0.0383056724099472
4.448,0.3336,2,0.2,2652,1,0.18151482229955485
18.264,-13.3936,2,0.7,2653,1,0.0816850884854664
9.0,3.15,3,0.2,2654,1,0.1841023366022645
42.24,13.2,10,0.2,2655,1,0.09293111773738472
173.488,54.215,7,0.2,2656,1,0.13522581262630323
516.96,-6.462,4,0.2,2657,1,0.13170354419779406
2.376,0.7425,3,0.2,2658,1,0.18502467120225108
355.36,92.3936,4,0.0,2659,1,0.13203499274400832
113.1,56.55,3,0.0,2660,1,0.15759072111001837
38.52,-26.964,3,0.7,2661,1,0.0836734064189914
64.2,-42.8,5,0.7,2662,1,0.051682917438375386
12.96,6.2208,2,0.0,2663,1,0.1779886568885396
72.6,-8.1675,5,0.2,2664,1,0.17278304771158864
140.376,8.7735,3,0.2,2665,1,0.1746260539698024
1123.92,-182.637,5,0.2,2666,1,0.03492088633495405
48.672,7.3008,3,0.2,2667,1,0.1838653505474484
29.16,10.7892,2,0.0,2668,1,0.1819729951335804
60.768,7.596,2,0.2,2669,1,0.17675021902502325
56.3,15.764,2,0.0,2670,1,0.1778781077315682
3.768,-3.14,2,0.7,2671,1,0.08909316222921171
36.26,16.6796,7,0.0,2672,1,0.15765927900765764
78.6,-62.88,5,0.7,2673,1,0.0361508882308198
32.4,15.552,5,0.0,2674,1,0.18155602282027966
1036.624,51.8312,2,0.2,2675,1,0.06956021865885886
563.808,21.1428,4,0.2,2676,1,0.12714818219463808
53.7,10.203,6,0.0,2677,1,0.16863124890884218
249.584,31.198,2,0.2,2678,1,0.14748195843060663
43.296,4.3296,2,0.2,2679,1,0.1791296075379042
20.736,7.2576,4,0.2,2680,1,0.18201349187253635
29.9,5.083,5,0.0,2681,1,0.1859619485326126
24.56,6.8768,2,0.0,2682,1,0.1818364233292769
55.984,4.1988,2,0.2,2683,1,0.17664439702364249
3.424,0.2996,1,0.2,2684,1,0.14924160244553047
24.78,6.9384,6,0.0,2685,1,0.16778216540204
19.14,8.8044,3,0.0,2686,1,0.18749696681960593
29.84,13.428,2,0.0,2687,1,0.18108464222826842
36.624,13.734,3,0.2,2688,1,0.1846596125466179
8.26,3.8822,2,0.0,2689,1,0.1771703859293729
6.48,3.1104,1,0.0,2690,1,0.14569837097352206
32.4,15.552,5,0.0,2691,1,0.18318189887007486
67.98,14.9556,2,0.0,2692,1,0.17669186276915494
899.97,314.9895,3,0.0,2693,1,0.040351872662262256
51.072,5.1072,6,0.2,2694,1,0.16048592419627877
40.256,11.0704,4,0.2,2695,1,0.18333743849948175
364.704,-36.4704,6,0.2,2696,1,0.12268680439459984
9.568,2.99,2,0.2,2697,1,0.17840832941683232
82.368,-19.5624,2,0.2,2698,1,0.16579317000940852
11.672,-0.7295,1,0.2,2699,1,0.14858131357308857
225.576,22.5576,3,0.2,2700,1,0.16192914054501362
197.372,-25.3764,2,0.3,2701,1,0.1148764792939031
3050.376,1143.891,3,0.2,2702,-1,-0.10273481270754214
28.752,9.3444,3,0.2,2703,1,0.18786270067739724
6.208,2.1728,2,0.2,2704,1,0.18036145914770957
27.216,9.8658,3,0.2,2705,1,0.18780893774044172
133.98,33.495,2,0.0,2706,1,0.1584477859345652
643.136,56.2744,4,0.2,2707,1,0.11838345786727639
60.84,19.4688,3,0.0,2708,1,0.1884131362895347
75.36,20.724,5,0.2,2709,1,0.1691492268857996
51.98,15.0742,2,0.0,2710,1,0.1780265819611993
13.632,3.5784,4,0.2,2711,1,0.1814553969736823
6.129,-4.4946,3,0.7,2712,1,0.09514329547485983
9.156,-6.104,2,0.7,2713,1,0.08909316222921171
34.6,16.608,2,0.0,2714,1,0.1778590855935483
4.536,-3.3264,7,0.7,2715,1,0.05077854862911868
33.02,15.8496,2,0.0,2716,1,0.17832376287030355
11.952,4.3326,3,0.2,2717,1,0.18354927611143107
20.736,7.2576,4,0.2,2718,1,0.18201349187253635
450.04,58.5052,2,0.0,2719,1,0.12501984926505794
467.97,140.391,3,0.0,2720,1,0.1143729183387236
12.56,4.0192,2,0.0,2721,1,0.1807617547717157
5.792,-9.5568,2,0.8,2722,1,0.05880614002098383
186.69,87.7443,3,0.0,2723,1,0.14935614630538058
5.904,1.9926,2,0.2,2724,1,0.18036145914770957
6.48,3.1104,1,0.0,2725,1,0.14661111482577716
228.92,14.3075,5,0.2,2726,1,0.16320606681917632
257.64,100.4796,6,0.0,2727,1,0.12401697100315401
319.984,91.9954,2,0.2,2728,1,0.1213956135562923
125.944,15.743,7,0.2,2729,1,0.1469387295421687
125.976,47.241,3,0.2,2730,1,0.16218610405285833
107.976,37.7916,3,0.2,2731,1,0.17015716495161087
796.425,-525.6405,7,0.5,2732,-1,-0.04066157736221554
1217.568,456.588,2,0.2,2733,-1,-0.021836109663924574
4.96,2.3312,4,0.0,2734,1,0.18230939441721966
27.42,9.3228,3,0.0,2735,1,0.1898348247822702
165.98,74.691,1,0.0,2736,1,0.08891348120837805
5.43,1.7919,3,0.0,2737,1,0.18337076549483788
75.0,18.0,3,0.0,2738,1,0.18595542900146816
217.584,19.0386,2,0.2,2739,1,0.15284804954938408
143.976,8.9985,3,0.2,2740,1,0.1739993131324154
201.568,22.6764,4,0.2,2741,1,0.1659783411190356
204.85,57.358,5,0.0,2742,1,0.1578558498944782
75.384,-20.7306,9,0.6,2743,1,0.024124908421858104
20.96,5.24,2,0.0,2744,1,0.18585163823275125
0.984,-1.476,2,0.8,2745,1,0.061985386873186554
88.752,27.735,3,0.2,2746,1,0.1695931333241737
4.608,1.6704,2,0.2,2747,1,0.18036145914770957
47.952,16.1838,3,0.2,2748,1,0.18114469151921908
31.104,10.8864,6,0.2,2749,1,0.16519586893557092
304.23,9.1269,3,0.0,2750,1,0.15767687803278307
78.256,-17.6076,2,0.2,2751,1,0.16724230505882537
332.94,79.9056,3,0.0,2752,1,0.14345284594787805
43.04,21.0896,8,0.0,2753,1,0.13829121770572128
143.96,69.1008,4,0.0,2754,1,0.16052726326854233
43.056,15.6078,9,0.2,2755,1,0.11603851528044612
15.42,4.1634,1,0.0,2756,1,0.1497877100866915
41.9,8.799,2,0.0,2757,1,0.18319221847050077
971.88,109.3365,3,0.2,2758,1,0.06863374255958132
482.94,-376.6932,6,0.5,2759,-1,-0.020624041419158856
621.76,46.632,4,0.2,2760,1,0.12283907668647065
140.75,42.225,5,0.0,2761,1,0.1617769498993295
119.56,54.9976,2,0.0,2762,1,0.14398246788537722
5.904,1.9926,2,0.2,2763,1,0.18036145914770957
15.552,5.4432,3,0.2,2764,1,0.18640886324873468
117.882,1.3098,1,0.1,2765,1,0.11804477146031961
20.104,1.7591,1,0.2,2766,1,0.15349647419298118
24.96,11.232,4,0.0,2767,1,0.18978026445745072
269.98,72.8946,2,0.0,2768,1,0.12923041861362183
382.116,-92.7996,6,0.3,2769,1,0.07568384929471872
408.422,-5.8346,2,0.3,2770,1,0.09620726126899631
159.84,45.954,10,0.2,2771,1,0.08128200817642617
32.784,-85.2384,4,0.8,2772,1,0.022687496345845326
2.892,-2.3136,2,0.7,2773,1,0.08988826942750511
11.952,4.0338,3,0.2,2774,1,0.18344541967904432
11.168,3.7692,2,0.2,2775,1,0.1786268041213287
9.392,3.2872,2,0.2,2776,1,0.17906823954313394
15.552,5.6376,3,0.2,2777,1,0.18640886324873468
19.44,9.3312,3,0.0,2778,1,0.1875282664929836
435.504,48.9942,3,0.2,2779,1,0.13553354496357412
68.6,6.0025,5,0.2,2780,1,0.1773175532436716
74.24,8.352,1,0.2,2781,1,0.14076687161507867
70.98,4.9686,1,0.0,2782,1,0.13960130171873908
168.464,-29.4812,2,0.2,2783,1,0.15737276073254886
282.888,56.5776,9,0.2,2784,1,0.09230178805142314
294.93,144.5157,3,0.0,2785,1,0.12259590501059636
6.72,2.436,2,0.2,2786,1,0.18020513289212325
15.48,4.4892,3,0.0,2787,1,0.18895654576118126
22.848,7.4256,2,0.2,2788,1,0.18326081093439078
1099.96,285.9896,4,0.0,2789,1,0.033236563389613005
4.928,0.7392,2,0.2,2790,1,0.18215747081728262
4.928,0.7392,2,0.2,2791,1,0.18215747081728262
19.0,8.93,5,0.0,2792,1,0.18150827385806995
7.23,-5.784,5,0.7,2793,1,0.07906364225453189
11.784,4.2717,3,0.2,2794,1,0.18468855710393417
38.976,-2.436,3,0.2,2795,1,0.18720664211250082
34.8,2.175,3,0.2,2796,1,0.18796648999129378
301.96,60.392,2,0.0,2797,1,0.13410849191419727
170.352,-17.0352,3,0.2,2798,1,0.17007925600056123
155.82,63.8862,3,0.0,2799,1,0.15333590020835192
13.96,6.7008,2,0.0,2800,1,0.18015994718154726
11.12,2.8912,4,0.0,2801,1,0.18506876005448542
601.65,156.429,5,0.0,2802,1,0.0907689825502972
124.95,2.499,5,0.0,2803,1,0.175875799196821
21.12,6.6,5,0.2,2804,1,0.17633667883194915
181.96,20.0156,2,0.0,2805,1,0.1543558670360819
48.632,-121.58,2,0.8,2806,-1,-0.00392156530136667
5.16,0.8385,3,0.2,2807,1,0.18700848613397447
79.36,32.5376,4,0.0,2808,1,0.1802762957112099
122.94,59.0112,3,0.0,2809,1,0.1611142068624355
43.68,21.4032,6,0.0,2810,1,0.16591298717504294
84.09,42.045,3,0.0,2811,1,0.17033509868828606
153.36,70.5456,9,0.0,2812,1,0.09650524929916682
15.8,5.056,4,0.0,2813,1,0.18673741034545388
12.39,5.6994,3,0.0,2814,1,0.1859955944599252
6.58,3.0268,2,0.0,2815,1,0.1807165110382994
98.21,28.4809,7,0.0,2816,1,0.15178127088527993
464.97,209.2365,3,0.0,2817,1,0.09868461992951066
269.982,40.4973,3,0.4,2818,1,0.09098691455025576
3.366,-2.244,3,0.7,2819,1,0.09692848811089222
39.92,12.974,2,0.2,2820,1,0.17757852167332927
341.488,-73.176,8,0.3,2821,1,0.05514139613282654
25.344,3.4848,6,0.2,2822,1,0.16335081547887043
289.8,36.225,7,0.2,2823,1,0.1331432426441646
199.836,-37.1124,4,0.3,2824,1,0.11682252092345485
11.12,0.834,5,0.2,2825,1,0.1746672078551995
98.352,34.4232,3,0.2,2826,1,0.17056659229304455
6.48,-4.752,4,0.7,2827,1,0.09274496213812278
2.502,-2.0016,3,0.7,2828,1,0.09813856007331695
221.06,103.8982,7,0.0,2829,1,0.11539638661987228
29.97,13.4865,3,0.0,2830,1,0.1919283826945749
716.0,193.32,2,0.0,2831,1,0.05705943094189225
383.607,-5.4801,9,0.3,2832,1,0.05391082163492045
7.76,-2.134,1,0.6,2833,1,0.06570741163352412
6.912,0.6912,3,0.2,2834,1,0.18723443687539615
1.928,-2.9884,2,0.8,2835,1,0.06495301287163191
537.544,53.7544,7,0.2,2836,1,0.1087522135531866
307.168,30.7168,4,0.2,2837,1,0.15422108227472714
148.48,16.704,2,0.2,2838,1,0.1655211083035542
659.168,49.4376,4,0.2,2839,1,0.11805463013509054
1931.04,321.84,9,0.1,2840,-1,-0.06900767162286314
11.808,4.2804,2,0.2,2841,1,0.18031252236502282
41.568,-66.5088,6,0.8,2842,1,0.012512536789508477
38.88,18.6624,6,0.0,2843,1,0.1682774391006694
9.96,4.6812,2,0.0,2844,1,0.18115131889527325
127.764,-191.646,6,0.7,2845,-1,-0.012931782565575367
441.92,49.716,2,0.2,2846,1,0.12767831391422307
18.496,6.7048,4,0.2,2847,1,0.18333441936873113
272.736,-64.7748,3,0.2,2848,1,0.1342572396447561
1348.704,-219.1644,6,0.2,2849,1,0.0030908712556714235
700.152,78.7671,3,0.2,2850,1,0.10936171816714807
150.98,43.7842,1,0.0,2851,1,0.10862063861218679
137.25,63.135,9,0.0,2852,1,0.09833454932794716
11.52,5.4144,4,0.0,2853,1,0.18179148272936796
80.88,39.6312,3,0.0,2854,1,0.17024629051037804
599.9,191.968,10,0.0,2855,1,0.0020984272576723972
195.466,-13.7976,2,0.15,2856,1,0.14372039749665472
231.92,5.798,5,0.2,2857,1,0.16333904533860666
14.432,3.4276,4,0.2,2858,1,0.179501983734544
6.264,2.0358,3,0.2,2859,1,0.18530683622239114
7.38,2.1402,1,0.0,2860,1,0.14821257270983684
5.76,1.6128,2,0.0,2861,1,0.17760323098035463
3.328,1.2064,2,0.2,2862,1,0.1804346935582179
519.96,176.7864,4,0.0,2863,1,0.0983261688857916
135.99,36.7173,1,0.0,2864,1,0.11507051929047896
2.025,-1.35,1,0.7,2865,1,0.061659900999273876
913.43,-52.196,5,0.3,2866,1,0.04568767752488612
384.944,-126.4816,4,0.3,2867,1,0.06502468592057964
2.88,-4.464,5,0.8,2868,1,0.05104712062432304
106.75,49.105,7,0.0,2869,1,0.13474736388331915
26.4,11.88,5,0.0,2870,1,0.18333258293809995
97.82,45.9754,2,0.0,2871,1,0.1483400527417033
34.76,9.7328,1,0.0,2872,1,0.1428480989305641
141.4,38.178,5,0.0,2873,1,0.16331493763124055
831.2,124.68,5,0.0,2874,1,0.0788879134997254
153.584,13.4386,2,0.2,2875,1,0.16001535180416682
128.82,50.2398,3,0.0,2876,1,0.15799910936539213
68.94,20.682,3,0.0,2877,1,0.18525838409881407
10.512,3.6792,3,0.2,2878,1,0.18430302493606837
20.94,6.0726,3,0.0,2879,1,0.18713911283575008
135.09,62.1414,9,0.0,2880,1,0.09801009292288021
90.06,41.4276,6,0.0,2881,1,0.14889468224483954
279.86,64.3678,14,0.0,2882,1,0.008007719379882983
704.9,56.392,5,0.0,2883,1,0.10714923541363885
561.568,28.0784,2,0.2,2884,1,0.11816054147888999
358.58,39.4438,2,0.0,2885,1,0.12874178959009241
25.176,-18.4624,4,0.7,2886,1,0.0852846013081267
98.46,49.23,9,0.0,2887,1,0.1014974074177919
9.42,0.471,2,0.0,2888,1,0.17655039114198384
12.96,6.2208,2,0.0,2889,1,0.1779237371497731
623.96,38.9975,5,0.2,2890,1,0.12022344811634916
266.352,13.3176,3,0.2,2891,1,0.16151611296689888
393.165,-204.4458,3,0.5,2892,1,0.012267320161017281
99.2,25.792,5,0.0,2893,1,0.170210703335965
9.144,3.0861,3,0.2,2894,1,0.18447220482721988
23.136,8.3868,6,0.2,2895,1,0.16212090035959575
167.86,78.8942,2,0.0,2896,1,0.13028858528384113
10.368,3.6288,2,0.2,2897,1,0.1798246126816176
29.97,0.2997,3,0.0,2898,1,0.18488987179792787
155.88,38.97,6,0.0,2899,1,0.1464771098097734
5.28,2.3232,3,0.0,2900,1,0.18363007196785508
10.92,4.095,3,0.2,2901,1,0.18328252210331458
61.792,6.1792,4,0.2,2902,1,0.1831970809093743
209.93,92.3692,7,0.0,2903,1,0.12074039043432888
1090.782,-290.8752,7,0.4,2904,-1,-0.03459490824213096
19.44,9.3312,3,0.0,2905,1,0.1855754775008907
52.59,15.777,3,0.0,2906,1,0.18684287967413726
2309.65,762.1845,7,0.0,2907,-1,-0.08595563928745387
239.7,105.468,6,0.0,2908,1,0.12203305602788794
1004.976,-175.8708,6,0.2,2909,1,0.04132905601748016
6.72,3.36,4,0.0,2910,1,0.1804489949121671
110.98,15.5372,1,0.0,2911,1,0.12999093793637184
277.5,-188.7,4,0.5,2912,1,0.027847673068769896
6.368,2.1492,2,0.2,2913,1,0.1804346935582179
8.4,4.116,2,0.0,2914,1,0.17710834432979805
199.98,83.9916,2,0.0,2915,1,0.13106823617464036
558.4,41.88,2,0.2,2916,1,0.1184592915483837
128.85,3.8655,3,0.0,2917,1,0.1726369250827849
14.76,-11.439,5,0.6,2918,1,0.0906391600156018
1.362,-2.1792,1,0.8,2919,1,0.03137290503883927
33.488,-1.2558,7,0.2,2920,1,0.15131029738825025
23.04,-4.896,3,0.2,2921,1,0.18667441466878432
369.1992,-114.0174,3,0.32,2922,1,0.06416251319217936
6.23,-9.6565,5,0.8,2923,1,0.05241955302067569
35.52,13.32,3,0.2,2924,1,0.18459184897799297
56.704,19.1376,2,0.2,2925,1,0.16898239863317582
27.216,9.8658,3,0.2,2926,1,0.1881753230202507
212.94,34.0704,3,0.0,2927,1,0.15945730435855332
77.58,20.1708,9,0.0,2928,1,0.12248038772950642
106.8,10.68,10,0.2,2929,1,0.09331082769490051
19.152,6.4638,3,0.2,2930,1,0.1870640390351735
28.4,13.064,4,0.0,2931,1,0.1882152950137881
3.304,1.1151,1,0.2,2932,1,0.14970802023316193
25.06,11.7782,2,0.0,2933,1,0.18013075507562099
494.97,148.491,3,0.0,2934,1,0.10994289659122697
144.784,10.8588,1,0.2,2935,1,0.12913434241032196
113.92,33.0368,2,0.0,2936,1,0.15675598748095132
39.66,11.898,2,0.0,2937,1,0.18145515555337333
447.86,210.4942,7,0.0,2938,1,0.05882868790228035
7.28,2.73,2,0.2,2939,1,0.1802321395110087
6.608,2.2302,2,0.2,2940,1,0.18038845514604235
79.99,28.7964,1,0.0,2941,1,0.12773907598313977
7.28,2.73,2,0.2,2942,1,0.1802321395110087
6.608,2.2302,2,0.2,2943,1,0.18038845514604235
144.784,10.8588,1,0.2,2944,1,0.12913434241032196
687.4,48.118,5,0.0,2945,1,0.1110088405835934
10.02,4.4088,3,0.0,2946,1,0.18503930314931266
6.16,2.9568,2,0.0,2947,1,0.17929134276773817
47.04,18.3456,3,0.0,2948,1,0.18637100591313466
382.806,-153.1224,9,0.4,2949,-1,-0.009249559973401378
622.45,136.939,5,0.0,2950,1,0.09097628625334364
2.2,0.968,1,0.0,2951,1,0.14219568585535924
1217.568,456.588,2,0.2,2952,-1,-0.02160393791170545
10.65,5.0055,3,0.0,2953,1,0.18538653121044202
4.608,1.6704,2,0.2,2954,1,0.18038845514604235
143.7,68.976,3,0.0,2955,1,0.15286306161238233
144.12,69.1776,3,0.0,2956,1,0.15286306161238233
41.96,2.9372,2,0.0,2957,1,0.18137480705194903
21.98,0.2198,1,0.0,2958,1,0.1469879867159049
247.8,34.692,4,0.0,2959,1,0.16241377962326015
979.95,274.386,5,0.0,2960,1,0.04763847008995403
307.98,89.3142,2,0.0,2961,1,0.12264244931371421
133.472,15.0156,4,0.2,2962,1,0.17181119562664887
29.79,12.5118,3,0.0,2963,1,0.1898775877701835
64.75,29.1375,5,0.0,2964,1,0.17516092806004013
41.4,19.872,4,0.0,2965,1,0.1860197541362929
3.75,1.8,1,0.0,2966,1,0.14571315131892632
438.368,38.3572,4,0.2,2967,1,0.13851101040014557
139.944,-31.4874,7,0.2,2968,1,0.13671295420672963
46.152,12.1149,3,0.2,2969,1,0.18306204439750667
11.96,3.1096,2,0.0,2970,1,0.17959041996382485
138.0,34.5,2,0.0,2971,1,0.15584834022166144
31.56,10.4148,3,0.0,2972,1,0.18875785516965865
64.68,8.085,7,0.2,2973,1,0.15310023561383979
50.8,13.208,5,0.0,2974,1,0.18258521395472055
11.36,5.5664,4,0.0,2975,1,0.18232688207784947
5.64,2.7072,3,0.0,2976,1,0.18389661865947243
422.856,15.8571,3,0.2,2977,1,0.1410863709926174
104.23,28.1421,7,0.0,2978,1,0.1473550908497651
323.1,61.389,2,0.0,2979,1,0.13134120497528873
70.26,18.9702,3,0.0,2980,1,0.18556982064269334
301.47,-204.9996,3,0.5,2981,1,0.022468339834436968
254.352,0.0,3,0.2,2982,1,0.16342164801240383
2.304,0.2592,1,0.2,2983,1,0.1484620670398612
3.762,-2.7588,3,0.7,2984,1,0.09738849451811321
2.724,-1.9068,2,0.7,2985,1,0.09331544873949887
5.04,1.764,2,0.2,2986,1,0.18038845514604235
10.272,3.21,3,0.2,2987,1,0.18500397914912609
313.024,105.6456,8,0.2,2988,1,0.08333967456923852
10.368,3.6288,2,0.2,2989,1,0.17977830326489314
44.688,3.3516,7,0.2,2990,1,0.15259155028910276
31.176,-5.4558,3,0.2,2991,1,0.18628536802669537
1879.96,211.4955,5,0.2,2992,-1,-0.01150966678460097
519.792,-112.6216,4,0.4,2993,1,0.03027508052890382
10.272,1.1556,3,0.2,2994,1,0.18603293639560892
52.2,23.49,9,0.0,2995,1,0.11924361365332209
36.288,12.7008,7,0.2,2996,1,0.1526473073912345
252.8,-31.6,4,0.2,2997,1,0.15558725009795954
30.08,-5.264,2,0.2,2998,1,0.18173013452744707
586.398,34.494,6,0.15,2999,1,0.09535317315001257
544.008,40.8006,3,0.2,3000,1,0.12803113503859515
598.458,-42.747,3,0.3,3001,1,0.07900624593960853
25.984,-3.8976,1,0.2,3002,1,0.15034974594456624
35.76,10.0128,12,0.0,3003,1,0.07205626810929322
17.52,8.2344,3,0.0,3004,1,0.1866982374800632
12.828,-8.9796,2,0.7,3005,1,0.08943596824124728
99.588,-82.99,2,0.7,3006,1,0.042406700367245254
59.94,28.1718,3,0.0,3007,1,0.180960031907838
23.92,11.7208,4,0.0,3008,1,0.18703276672763797
49.568,15.49,2,0.2,3009,1,0.17296049425061066
4.28,1.926,1,0.0,3010,1,0.14732811241928034
80.98,3.2392,1,0.0,3011,1,0.13715521570291134
663.072,-165.768,6,0.2,3012,1,0.05951393592154586
3.488,-0.6976,2,0.2,3013,1,0.18007325898369564
21.728,3.8024,4,0.2,3014,1,0.18268521910269303
16.52,7.5992,4,0.0,3015,1,0.1821542744227328
50.112,16.2864,6,0.2,3016,1,0.15789251622880623
5.768,-13.5548,2,0.8,3017,1,0.05689560655948056
542.94,152.0232,3,0.0,3018,1,0.1052089117441593
25.86,6.7236,3,0.0,3019,1,0.18809390690903166
12.032,2.256,8,0.2,3020,1,0.13128791245088794
8.64,4.2336,3,0.0,3021,1,0.18325637609817735
10.368,3.6288,2,0.2,3022,1,0.17977830326489314
193.8,94.962,5,0.0,3023,1,0.14519463970315905
97.88,48.94,2,0.0,3024,1,0.14534477015628444
21.4,9.63,5,0.0,3025,1,0.17989140201897147
31.68,2.772,4,0.2,3026,1,0.18536730895471004
251.91,47.8629,9,0.0,3027,1,0.09832831488246258
14.91,4.6221,3,0.0,3028,1,0.18727516487762885
284.364,-75.8304,2,0.4,3029,1,0.058157682265337685
918.785,-118.1295,5,0.3,3030,1,0.03414052577853932
7.152,0.7152,3,0.2,3031,1,0.18557224882195905
2.724,-4.2222,3,0.8,3032,1,0.06902857000705298
6.912,2.5056,3,0.2,3033,1,0.18541797255413628
999.432,124.929,7,0.2,3034,1,0.05842286106203787
724.08,-135.765,14,0.2,3035,-1,-0.04732210140171056
435.504,48.9942,3,0.2,3036,1,0.13610762244601776
26.0,11.7,2,0.0,3037,1,0.1812930405943305
79.96,18.3908,4,0.0,3038,1,0.1842630012007742
3080.0,1416.8,7,0.0,3039,-1,-0.13041368697350386
26.982,4.0473,3,0.4,3040,1,0.12627092834726722
587.97,170.5113,3,0.0,3041,1,0.0916953157736784
40.784,4.5882,1,0.2,3042,1,0.14638256764824126
20.104,-16.5858,2,0.6,3043,1,0.08461075995441036
7.88,-3.94,5,0.6,3044,1,0.0914815256708742
105.96,29.6688,4,0.0,3045,1,0.1723722349877596
3.798,-6.0768,1,0.8,3046,1,0.03306825108555811
5.104,1.6588,1,0.2,3047,1,0.15044337245789136
3.08,1.4784,1,0.0,3048,1,0.1434071247695055
114.2,52.532,5,0.0,3049,1,0.15370303148003378
484.65,92.0835,3,0.0,3050,1,0.13013551938246365
32.94,9.2232,3,0.0,3051,1,0.19007767606620768
307.666,28.9568,2,0.15,3052,1,0.1220986746515203
4.16,1.7472,2,0.0,3053,1,0.17787385397096767
103.481,-16.2613,1,0.3,3054,1,0.08657945839428582
41.36,13.959,5,0.2,3055,1,0.1746707846604884
728.82,29.1528,9,0.0,3056,1,0.04641702913163248
892.35,267.705,5,0.0,3057,1,0.05090920673212429
470.36,122.2936,11,0.0,3058,1,0.033334429084347694
2799.96,874.9875,5,0.2,3059,-1,-0.10298498530338795
43.176,15.1116,3,0.2,3060,1,0.1847632169247082
1099.96,82.497,5,0.2,3061,1,0.07950134684602123
114.52,11.452,7,0.0,3062,1,0.1532156038603948
131.98,35.6346,2,0.0,3063,1,0.15688223699545484
1552.831,200.9546,7,0.15,3064,-1,-0.011940701857347191
137.24,46.3185,5,0.2,3065,1,0.15995169015080163
58.32,27.9936,9,0.0,3066,1,0.11989784937824721
20.96,6.812,4,0.2,3067,1,0.1843614589080671
36.51,15.6993,1,0.0,3068,1,0.14225161424530547
239.976,80.9919,3,0.2,3069,1,0.14436458490117293
555.96,41.697,5,0.2,3070,1,0.13149197504526122
60.74,15.185,1,0.0,3071,1,0.14243623460989296
124.36,27.3592,2,0.0,3072,1,0.1580363973877299
114.6,51.57,5,0.0,3073,1,0.15832448192538684
4.752,1.6038,1,0.2,3074,1,0.1530752233747794
14.368,4.49,4,0.2,3075,1,0.18183041671490968
1088.76,315.7404,6,0.0,3076,1,0.028024750402463328
959.984,335.9944,2,0.2,3077,1,0.012737352433789262
129.568,-12.9568,2,0.2,3078,1,0.16441868439555613
238.152,89.307,3,0.2,3079,1,0.14205178789765105
137.62,60.5528,2,0.0,3080,1,0.1415082621089533
6.368,2.1492,2,0.2,3081,1,0.18283585713676598
200.984,62.8075,7,0.2,3082,1,0.13102671102286673
52.512,19.692,6,0.2,3083,1,0.15533656803546858
7.5,3.6,2,0.0,3084,1,0.1811869012000406
31.44,8.4888,3,0.0,3085,1,0.19220441309904973
120.33,31.2858,1,0.0,3086,1,0.12155324544430013
36.336,-7.2672,3,0.2,3087,1,0.1878144014850633
666.248,-149.9058,1,0.2,3088,1,0.0229855440649519
17.9,3.401,2,0.0,3089,1,0.18629933232775264
129.45,46.602,5,0.0,3090,1,0.16460397768458412
100.49,25.1225,1,0.0,3091,1,0.1282093975508285
9.762,-6.8334,2,0.7,3092,1,0.09406206639541437
7.656,-6.1248,4,0.7,3093,1,0.09480654745350531
15.28,7.4872,2,0.0,3094,1,0.1812921718381562
4.36,2.0492,2,0.0,3095,1,0.18161957809932466
279.9,137.151,5,0.0,3096,1,0.12639227361608862
134.376,6.7188,3,0.2,3097,1,0.1774084906275431
619.95,111.591,5,0.0,3098,1,0.10368936347688612
411.332,-4.8392,4,0.15,3099,1,0.12294115194007071
293.199,-20.6964,3,0.15,3100,1,0.1373812282568288
67.96,12.2328,4,0.0,3101,1,0.1890941398554068
6.16,2.9568,2,0.0,3102,1,0.18146990284081227
16.27,-25.2185,5,0.8,3103,1,0.04013348667835803
28.752,9.7038,6,0.2,3104,1,0.1632096892649284
4.47,-7.8225,3,0.8,3105,1,0.07250072182473777
36.84,17.3148,3,0.0,3106,1,0.18941451810334226
69.12,-14.688,9,0.2,3107,1,0.11681003887348973
271.764,60.392,2,0.1,3108,1,0.11725549297459792
191.82,74.8098,3,0.0,3109,1,0.15184529204588026
85.98,22.3548,1,0.0,3110,1,0.13179108925606337
8.39,2.0975,1,0.0,3111,1,0.14905653284849074
6.096,2.1336,2,0.2,3112,1,0.18350391715387798
46.62,21.4452,9,0.0,3113,1,0.1229015745710032
3.444,-2.5256,1,0.7,3114,1,0.06230978003092302
7.24,1.1765,5,0.2,3115,1,0.17627163424603964
46.32,18.0648,4,0.0,3116,1,0.18772349015070844
337.98,101.394,2,0.0,3117,1,0.11831723274634187
47.516,-2.0364,2,0.3,3118,1,0.13877875556544073
481.176,-120.294,2,0.4,3119,1,0.029183424763511545
27.414,-14.1639,3,0.4,3120,1,0.11774855391263978
140.736,12.3144,4,0.2,3121,1,0.17475250687991795
6.096,2.0574,2,0.2,3122,1,0.18350391715387798
4.923,-3.9384,3,0.7,3123,1,0.10046714431020931
9.522,-6.9828,1,0.7,3124,1,0.06097336012870869
7.24,2.3892,4,0.0,3125,1,0.18357555878564824
13.96,0.2792,2,0.0,3126,1,0.18033142798789736
70.26,18.9702,3,0.0,3127,1,0.1869178721194074
671.93,20.1579,7,0.0,3128,1,0.08603334760880799
90.0,16.2,5,0.0,3129,1,0.1783302368815488
559.93,167.979,7,0.0,3130,1,0.063931775582871
791.964,-131.994,6,0.4,3131,1,0.011964170826557874
21.36,8.1168,8,0.0,3132,1,0.135883020984647
26.4,11.88,5,0.0,3133,1,0.18538869009346687
41.88,0.8376,6,0.0,3134,1,0.16815997891299317
6.68,2.0,2,0.0,3135,1,0.18243721619881292
361.96,83.2508,2,0.0,3136,1,0.12434680324542846
179.886,-2.5698,1,0.3,3137,1,0.08097300637642701
106.68,33.0708,6,0.0,3138,1,0.15243752181382209
61.96,16.1096,2,0.0,3139,1,0.17869667742330864
6.08,2.0672,2,0.0,3140,1,0.18135514717443035
14.94,7.0218,3,0.0,3141,1,0.1872839473107678
278.82,125.469,9,0.0,3142,1,0.07064398295219487
353.88,17.694,6,0.0,3143,1,0.13556345384464358
51.52,1.5456,4,0.0,3144,1,0.18633290135796277
24.64,4.004,4,0.2,3145,1,0.18648575558892405
210.68,50.5632,2,0.0,3146,1,0.13889562807688316
8.92,3.9248,4,0.0,3147,1,0.1812692370962971
111.04,29.9808,4,0.0,3148,1,0.17363112450655782
265.86,79.758,7,0.0,3149,1,0.12481441240523394
181.35,48.9645,9,0.0,3150,1,0.10514189049707118
209.6,96.416,4,0.0,3151,1,0.1456370083284645
31.05,14.904,3,0.0,3152,1,0.1894830495685097
8.64,4.2336,3,0.0,3153,1,0.18522354527466184
38.88,18.6624,6,0.0,3154,1,0.1688109769092213
772.68,108.1752,4,0.0,3155,1,0.09119477779632373
78.8,1.576,1,0.0,3156,1,0.13935490517146515
19.99,6.7966,1,0.0,3157,1,0.1499589929431988
9.26,3.0558,2,0.0,3158,1,0.1814444529187072
27.18,12.7746,1,0.0,3159,1,0.14688235993920368
1.24,0.5828,1,0.0,3160,1,0.14184416509112974
12.6,6.048,4,0.0,3161,1,0.1815923254097921
20.7,9.936,2,0.0,3162,1,0.1796378883665366
28.9,14.161,5,0.0,3163,1,0.1850357984216046
105.98,4.2392,2,0.0,3164,1,0.16967875689166573
21.98,8.5722,2,0.0,3165,1,0.18708288104817827
479.984,59.998,2,0.2,3166,1,0.12440292238235817
1516.2,394.212,7,0.0,3167,-1,-0.020921141063213744
717.72,71.772,3,0.2,3168,1,0.11144014964829463
170.072,-12.148,4,0.3,3169,1,0.1335842977964214
207.35,24.882,5,0.0,3170,1,0.1653287644301183
129.93,12.993,3,0.0,3171,1,0.17478851461366063
44.67,12.0609,3,0.0,3172,1,0.19182670848900996
131.88,55.3896,7,0.0,3173,1,0.1340518842583452
13.092,-10.0372,4,0.7,3174,1,0.09244518677089675
25.032,7.8225,3,0.2,3175,1,0.18966996036139905
2.412,-2.01,1,0.7,3176,1,0.06476295982509594
7.824,2.934,1,0.2,3177,1,0.15132049989968344
209.7,100.656,2,0.0,3178,1,0.12600297587027143
69.93,31.4685,7,0.0,3179,1,0.15297792792745135
199.96,15.9968,4,0.0,3180,1,0.16815264934606283
170.136,-8.5068,3,0.2,3181,1,0.17387522296557512
912.75,118.6575,5,0.0,3182,1,0.07965608113691253
12.96,4.536,9,0.2,3183,1,0.11720746967599605
25.9,12.691,5,0.0,3184,1,0.18477290693646992
991.2,257.712,6,0.0,3185,1,0.03715026686774181
269.49,5.3898,3,0.0,3186,1,0.16186130044845237
879.984,329.994,2,0.2,3187,1,0.028536067383182706
46.384,1.1596,1,0.2,3188,1,0.1511324176533475
1056.86,306.4894,7,0.0,3189,1,0.01441602937044062
15.712,2.5532,4,0.2,3190,1,0.1849428593656618
55.968,-2.0988,1,0.2,3191,1,0.1486177825542242
801.96,200.49,2,0.0,3192,1,0.05384887405826755
24.32,8.2688,8,0.0,3193,1,0.1397492654102827
79.872,29.952,3,0.2,3194,1,0.17453133971968454
3.576,-2.8608,4,0.7,3195,1,0.09571812489559373
15.552,5.4432,3,0.2,3196,1,0.1897380377662497
12.96,6.2208,2,0.0,3197,1,0.179938075846855
190.86,11.4516,2,0.0,3198,1,0.16087495528578521
24.672,2.1588,2,0.2,3199,1,0.1851084855016678
147.184,-29.4368,2,0.2,3200,1,0.16111691815744128
59.97,0.0,3,0.0,3201,1,0.1858113454810919
31.12,14.6264,4,0.0,3202,1,0.1910925487127687
2003.92,-25.049,5,0.2,3203,1,0.00835785619942242
3083.43,-1665.0522,7,0.5,3204,-1,-0.12673570228685893
4228.704,158.5764,6,0.2,3205,-1,-0.05173908356253798
199.764,8.8784,2,0.1,3206,1,0.14441604145358433
21.936,-10.4196,2,0.6,3207,1,0.09350785397541822
124.2,15.525,3,0.2,3208,1,0.1797725584454884
344.22,-103.266,2,0.4,3209,1,0.04366752082827374
15.76,3.546,2,0.2,3210,1,0.18785622681792002
86.304,9.7092,6,0.2,3211,1,0.16551529637540324
6.588,-10.2114,3,0.8,3212,1,0.06914359121632219
9.618,-7.0532,2,0.7,3213,1,0.09757466606741172
6.858,-5.715,6,0.7,3214,1,0.06545891310860286
25.032,7.8225,3,0.2,3215,1,0.1921092742833353
3.264,1.1016,2,0.2,3216,1,0.18538451388608423
87.71,41.2237,7,0.0,3217,1,0.1437817675649764
110.96,53.2608,2,0.0,3218,1,0.14335904542598188
32.4,15.552,5,0.0,3219,1,0.18623334302226857
14.9,1.043,5,0.0,3220,1,0.18297125687536464
94.6,27.434,4,0.0,3221,1,0.18033014805577136
87.168,10.896,3,0.2,3222,1,0.18607936784496287
659.9,217.767,2,0.0,3223,1,0.06355419242589166
67.8,1.356,4,0.0,3224,1,0.18802409776831142
209.97,58.7916,3,0.0,3225,1,0.15600852926956904
24.4,10.248,2,0.0,3226,1,0.1847289988942627
11.68,5.4896,2,0.0,3227,1,0.1839789387253572
65.08,31.8892,4,0.0,3228,1,0.1803980862520963
19.92,9.7608,4,0.0,3229,1,0.18474877499372427
18.54,8.7138,2,0.0,3230,1,0.18604473872202276
160.72,78.7528,14,0.0,3231,1,0.01714826028861771
636.86,0.0,7,0.0,3232,1,0.08577710382193587
443.92,8.8784,4,0.0,3233,1,0.14432142963068478
41.96,7.9724,2,0.0,3234,1,0.1862570841093648
7.3,2.19,2,0.0,3235,1,0.18475330963958436
16.9,5.07,2,0.0,3236,1,0.18781248274593954
717.12,152.388,9,0.2,3237,1,0.032701425832781794
499.99,129.9974,1,0.0,3238,1,0.06604706381451242
1259.93,327.5818,7,0.0,3239,1,0.005173439496698906
61.96,4.3372,2,0.0,3240,1,0.18451866755549484
60.84,19.4688,3,0.0,3241,1,0.18931621695503692
8.4,2.184,5,0.0,3242,1,0.1832271748086326
22.96,11.2504,2,0.0,3243,1,0.1855812146806633
66.36,23.226,4,0.0,3244,1,0.18772760885282302
279.86,134.3328,14,0.0,3245,-1,-0.010700590335765758
2.808,-4.4928,3,0.8,3246,1,0.07162590060553164
1369.764,-913.176,6,0.7,3247,-1,-0.09622562651007882
37.68,16.956,6,0.0,3248,1,0.17043885445468782
24.448,8.8624,2,0.2,3249,1,0.18592354053699311
45.584,16.5242,11,0.2,3250,1,0.08827774020264306
61.4,28.858,5,0.0,3251,1,0.1788743179491975
294.368,-58.8736,4,0.2,3252,1,0.13590320901235153
24.448,8.8624,2,0.2,3253,1,0.18592354053699311
194.32,31.0912,4,0.0,3254,1,0.1679362549590031
1690.04,422.51,4,0.0,3255,-1,-0.018253317784831857
542.94,141.1644,3,0.0,3256,1,0.11334617266830166
601.536,0.0,4,0.2,3257,1,0.13335438032669922
4.928,-1.4784,4,0.6,3258,1,0.10581697161118603
85.3,14.501,2,0.0,3259,1,0.17448306998167834
25.99,7.5371,1,0.0,3260,1,0.14950570474705016
14.6,6.862,2,0.0,3261,1,0.1852016228963575
121.96,57.3212,2,0.0,3262,1,0.14556217204593702
7.9,2.528,2,0.0,3263,1,0.18348866140508807
23.92,11.7208,4,0.0,3264,1,0.1888876036546795
63.96,6.396,2,0.0,3265,1,0.18304039598365862
85.96,24.0688,7,0.0,3266,1,0.15688202400525708
199.74,47.9376,6,0.0,3267,1,0.1491405401388189
887.84,17.7568,8,0.0,3268,1,0.04611768464094923
151.2,32.13,3,0.2,3269,1,0.16448781874652935
629.95,176.386,5,0.0,3270,1,0.08496039748872747
589.9,147.475,2,0.0,3271,1,0.08623890114326144
113.73,32.9817,3,0.0,3272,1,0.16966780066602372
946.344,118.293,7,0.2,3273,1,0.06557780726056961
47.98,11.0354,2,0.0,3274,1,0.1862261222626183
204.6,53.196,2,0.0,3275,1,0.1410409565050315
61.44,16.5888,3,0.0,3276,1,0.1899578637121525
2.816,0.3168,2,0.2,3277,1,0.18538451388608423
3.204,-2.5632,2,0.7,3278,1,0.09734456266027308
12.0,4.2,4,0.2,3279,1,0.18436539763394394
32.4,15.552,5,0.0,3280,1,0.18623334302226857
25.424,-4.767,1,0.2,3281,1,0.15623993456399787
720.064,-63.0056,4,0.2,3282,1,0.09351357166294433
55.6,6.255,5,0.2,3283,1,0.18053517115186707
617.976,-7.7247,3,0.2,3284,1,0.13001701025206014
1408.1,394.268,10,0.0,3285,-1,-0.05745418718735251
517.5,155.25,6,0.0,3286,1,0.09029080004826456
14.91,4.6221,3,0.0,3287,1,0.18875677889248949
1158.12,335.8548,4,0.0,3288,1,0.025065538849615487
6.848,0.5992,2,0.2,3289,1,0.18534243968430397
16.464,1.8522,7,0.2,3290,1,0.15173876303255718
14.576,2.3686,2,0.2,3291,1,0.1860668969074984
17.12,1.926,5,0.2,3292,1,0.17973757032441784
35.96,10.4284,2,0.0,3293,1,0.1825040541235458
14.952,5.4201,3,0.2,3294,1,0.19007278724771365
15.24,6.858,4,0.0,3295,1,0.18217237896804
6.732,-4.488,6,0.7,3296,1,0.0630592845972161
39.98,17.991,1,0.0,3297,1,0.1422973979618698
15.84,5.544,2,0.2,3298,1,0.1857428298701359
24.424,7.9378,1,0.2,3299,1,0.15216699880580853
33.568,1.6784,2,0.2,3300,1,0.18641595910365943
23.2,1.45,2,0.2,3301,1,0.18667503755983228
35.12,13.17,2,0.2,3302,1,0.18237640379000247
821.94,213.7044,6,0.0,3303,1,0.04872631763931323
102.582,6.8388,1,0.1,3304,1,0.121439691728908
307.136,-11.5176,4,0.2,3305,1,0.15622782424712223
1044.63,240.2649,3,0.0,3306,1,0.05151985281190097
128.744,12.8744,7,0.2,3307,1,0.1494773965073724
6.7,2.211,1,0.0,3308,1,0.15016255350581675
10.76,5.1648,2,0.0,3309,1,0.18121306343178795
6.336,-4.6464,4,0.7,3310,1,0.09481120086079453
3.264,-2.2848,2,0.7,3311,1,0.09586292542920921
68.62,32.2514,2,0.0,3312,1,0.16375825143534434
14.46,7.0854,3,0.0,3313,1,0.1842314198646971
2.946,-2.0622,2,0.7,3314,1,0.09707567922658411
2.469,-1.8106,1,0.7,3315,1,0.06486970521794122
17.48,8.2156,2,0.0,3316,1,0.18360481704943127
12.6,5.796,2,0.0,3317,1,0.18094470046906502
45.68,21.0128,2,0.0,3318,1,0.17428005013391173
20.04,9.6192,3,0.0,3319,1,0.18535529390783484
10.48,3.799,1,0.2,3320,1,0.1527253201269843
63.96,19.8276,4,0.0,3321,1,0.18658440129031295
159.98,57.5928,2,0.0,3322,1,0.1383364610901074
899.91,395.9604,9,0.0,3323,-1,-0.033957412732265935
104.98,52.49,2,0.0,3324,1,0.14076645470763005
60.672,14.4096,2,0.2,3325,1,0.17783492149588337
79.056,28.6578,9,0.2,3326,1,0.11581540830440423
72.588,-48.392,2,0.7,3327,1,0.064875174531281
77.031,-59.0571,9,0.7,3328,-1,-5.329678426285733E-4
121.104,-100.92,6,0.7,3329,1,0.01387371107233426
2.08,-3.432,5,0.8,3330,1,0.05148225888836222
124.46,58.4962,2,0.0,3331,1,0.1413944721151255
34.44,16.1868,3,0.0,3332,1,0.18811600570525727
141.76,47.844,5,0.2,3333,1,0.1594625551981887
86.272,31.2736,4,0.2,3334,1,0.17224561309037867
31.104,10.8864,6,0.2,3335,1,0.16797254407684087
119.904,-1.4988,6,0.2,3336,1,0.15995253954839378
64.17,18.6093,3,0.0,3337,1,0.18747096130613583
363.648,-86.3664,4,0.2,3338,1,0.11942649307417003
50.0,12.0,2,0.0,3339,1,0.1832182878830974
239.8,47.96,5,0.2,3340,1,0.1566732876314899
629.93,296.0671,7,0.0,3341,1,0.03360811356614202
263.96,23.0965,5,0.2,3342,1,0.15775016823370297
1114.4,376.11,7,0.2,3343,1,0.0028013354846293526
45.894,-9.1788,1,0.4,3344,1,0.08089796672483668
24.288,-12.7512,3,0.6,3345,1,0.09705827666553357
16.4,4.756,5,0.0,3346,1,0.18161661813187874
99.2,25.792,5,0.0,3347,1,0.1727068693474743
15.08,-22.62,2,0.8,3348,1,0.05368636104772173
154.9,69.705,5,0.0,3349,1,0.15204132121996344
146.82,73.41,3,0.0,3350,1,0.1520693945127244
25.92,12.4416,4,0.0,3351,1,0.18777640008914753
12.96,6.2208,2,0.0,3352,1,0.1794703251548711
15.51,4.3428,1,0.0,3353,1,0.14936869724138258
1871.88,561.564,12,0.0,3354,-1,-0.11038590652565461
43.26,14.2758,3,0.0,3355,1,0.18850782398588367
43.56,15.246,2,0.0,3356,1,0.17870410071077092
186.15,55.845,3,0.0,3357,1,0.15470644381035636
293.52,76.3152,6,0.0,3358,1,0.1334030302042601
1.08,-0.792,2,0.7,3359,1,0.09586877296153468
81.792,26.5824,6,0.2,3360,1,0.1571124924803617
12.536,4.2309,1,0.2,3361,1,0.15096990158874635
4.512,0.846,3,0.2,3362,1,0.18943968098559577
47.19,13.6851,3,0.0,3363,1,0.18941177350289523
307.98,89.3142,2,0.0,3364,1,0.12290465336962109
36.784,-8.2764,2,0.2,3365,1,0.18531747531123954
22.45,10.327,5,0.0,3366,1,0.18482730514443707
2.992,-4.488,4,0.8,3367,1,0.06373035001538307
139.424,17.428,4,0.2,3368,1,0.17448744914545822
108.768,2.7192,4,0.2,3369,1,0.1834033452705896
572.8,50.12,2,0.2,3370,1,0.1200230209180051
311.98,93.594,2,0.0,3371,1,0.11903198252557523
11.032,3.0338,1,0.2,3372,1,0.15204493468026048
7.38,3.6162,1,0.0,3373,1,0.1482608877111808
26.9,13.181,5,0.0,3374,1,0.18470651123335063
7.38,-5.412,5,0.7,3375,1,0.07966580026525982
11.808,4.1328,3,0.2,3376,1,0.1878323793902184
57.504,20.1264,6,0.2,3377,1,0.16006541003159908
53.568,19.4184,4,0.2,3378,1,0.18168055342281358
51.12,23.004,4,0.0,3379,1,0.18531335894189738
94.85,45.528,5,0.0,3380,1,0.16188756367890156
19.44,9.3312,3,0.0,3381,1,0.18671830876076012
270.34,75.6952,14,0.0,3382,1,0.008025084363730284
10.944,0.9576,2,0.2,3383,1,0.18495015895303824
90.0,32.4,1,0.0,3384,1,0.12202347413586973
53.04,-4.641,3,0.2,3385,1,0.18942951479800224
503.96,50.396,5,0.2,3386,1,0.13727324941899244
35.49,-15.6156,1,0.5,3387,1,0.06383457830984185
120.666,18.4548,2,0.15,3388,1,0.15094703685002614
32.07,-22.449,5,0.7,3389,1,0.06720446456790441
15.008,1.5008,2,0.2,3390,1,0.18630758887025461
47.984,0.5998,2,0.2,3391,1,0.18343294133449906
24.0,-2.7,2,0.2,3392,1,0.18684545753196075
392.94,43.2234,3,0.0,3393,1,0.14515284712244791
64.944,6.4944,3,0.2,3394,1,0.18931707393402813
20.736,7.2576,4,0.2,3395,1,0.1851543288497795
26.96,7.0096,2,0.0,3396,1,0.18458995113112842
66.294,-103.8606,1,0.7,3397,1,0.008324668072940522
291.168,-14.5584,4,0.2,3398,1,0.156761827020578
28.84,9.5172,2,0.0,3399,1,0.18342414251046074
46.2,12.936,4,0.0,3400,1,0.1897575647741659
77.55,21.714,5,0.0,3401,1,0.18073465107187847
288.0,57.6,4,0.2,3402,1,0.1504847751492201
53.04,-4.641,3,0.2,3403,1,0.18942951479800224
145.9,62.737,5,0.0,3404,1,0.1543436618421039
72.78,-70.9605,3,0.6,3405,1,0.061334158767065605
3.44,0.559,2,0.2,3406,1,0.1850311734162926
389.97,35.0973,3,0.0,3407,1,0.1466850837158124
269.91,53.982,5,0.1,3408,1,0.13390188254474628
29.403,5.2272,3,0.1,3409,1,0.17427845469301617
37.376,7.4752,8,0.2,3410,1,0.14208900420716886
1.872,-1.3104,2,0.7,3411,1,0.09590777180207288
11.214,-8.5974,2,0.7,3412,1,0.09413147816576617
57.96,27.2412,7,0.0,3413,1,0.15464060592508605
23.92,10.764,4,0.0,3414,1,0.18910761577884777
30.84,8.3268,2,0.0,3415,1,0.18431866600548402
619.95,111.591,5,0.0,3416,1,0.10342387679600012
631.96,303.3408,4,0.0,3417,1,0.06141582895286912
29.16,8.4564,3,0.0,3418,1,0.1908084138600074
362.136,-54.3204,3,0.2,3419,1,0.12643106412655197
8.016,1.002,3,0.2,3420,1,0.18902882017888134
31.05,14.904,3,0.0,3421,1,0.1892004347725279
45.36,21.7728,7,0.0,3422,1,0.1588486571960514
1801.632,-337.806,6,0.2,3423,-1,-0.026450927366287513
957.5775,-383.031,5,0.45,3424,-1,-0.03056900137355323
22.368,2.5164,2,0.2,3425,1,0.1883454909426533
31.95,2.2365,1,0.0,3426,1,0.1501441594230925
626.352,46.9764,3,0.2,3427,1,0.12729674016362408
899.136,112.392,4,0.2,3428,1,0.08787171072959754
209.67,-13.978,1,0.4,3429,1,0.04896368009450136
19.9,6.567,5,0.0,3430,1,0.18419140497120035
12.56,5.652,2,0.0,3431,1,0.18165392833769256
51.84,24.8832,8,0.0,3432,1,0.13792771518746966
81.96,0.0,2,0.0,3433,1,0.17435935529547247
17.9,3.401,2,0.0,3434,1,0.18634419233584515
71.76,20.0928,6,0.0,3435,1,0.16873114868792433
263.96,71.2692,4,0.0,3436,1,0.15216732609444383
135.72,35.2872,3,0.0,3437,1,0.16408880972978718
287.94,77.7438,3,0.0,3438,1,0.14667655548917718
83.72,23.4416,7,0.0,3439,1,0.15777620938798992
2453.43,-350.49,5,0.3,3440,-1,-0.06771722248382206
17.14,6.1704,2,0.0,3441,1,0.18436474010812137
131.376,-95.2476,6,0.6,3442,1,0.026674596368814307
3.96,-6.93,10,0.8,3443,-1,-0.010794223052258634
4.464,1.674,1,0.2,3444,1,0.1552180997868562
5.344,1.8704,1,0.2,3445,1,0.15550386312844117
339.96,67.992,5,0.2,3446,1,0.14123829322026854
263.88,42.8805,3,0.2,3447,1,0.15860954811453865
824.97,214.4922,3,0.0,3448,1,0.06883883744223862
77.88,3.894,2,0.0,3449,1,0.17952594441606506
10.11,3.2352,3,0.0,3450,1,0.1857698539141825
73.164,-186.5682,6,0.8,3451,-1,-0.025041425668610562
17.94,8.7906,3,0.0,3452,1,0.18804075285794447
27.696,3.462,3,0.2,3453,1,0.19289440409972974
249.584,15.599,2,0.2,3454,1,0.15731669253605113
1640.7,459.396,5,0.0,3455,-1,-0.014120405731633534
1.72,-2.838,1,0.8,3456,1,0.03439305514636237
38.28,17.6088,6,0.0,3457,1,0.16988674677608573
34.44,17.22,3,0.0,3458,1,0.18875313223696405
270.0,97.2,3,0.0,3459,1,0.13802820141629263
149.95,44.985,5,0.0,3460,1,0.1605409821881495
2.21,0.6,1,0.0,3461,1,0.14146625669855056
16.02,6.0876,6,0.0,3462,1,0.16543326094701882
74.76,23.9232,7,0.0,3463,1,0.15813062511350012
364.776,27.3582,3,0.2,3464,1,0.14866646432972885
24.56,11.5432,2,0.0,3465,1,0.18357833127087037
239.97,86.3892,3,0.0,3466,1,0.14652306861081676
5.176,-7.764,4,0.8,3467,1,0.064538956360636
9.952,0.9952,1,0.2,3468,1,0.1545332679093121
842.352,42.1176,3,0.2,3469,1,0.10817643913862846
240.784,27.0882,1,0.2,3470,1,0.11023699610043641
191.968,16.7972,7,0.2,3471,1,0.14616792064139267
10.688,2.2712,2,0.2,3472,1,0.18521581279394594
6.08,-10.336,1,0.8,3473,1,0.028459813238598475
3.592,1.1225,1,0.2,3474,1,0.1552180997868562
11.8,5.664,4,0.0,3475,1,0.18274295786742428
60.736,20.4984,8,0.2,3476,1,0.1367647156250441
36.288,12.7008,7,0.2,3477,1,0.1565290013502902
11.56,5.6644,2,0.0,3478,1,0.18165392833769256
148.32,63.7776,9,0.0,3479,1,0.0997135639545551
479.976,161.9919,3,0.2,3480,1,0.09847558615033025
150.384,15.0384,2,0.2,3481,1,0.1642702986498386
55.944,-13.2867,7,0.2,3482,1,0.15227860530380288
11.824,1.0346,2,0.2,3483,1,0.18495015895303824
454.272,-73.8192,8,0.2,3484,1,0.07944812987353894
347.361,-69.4722,7,0.3,3485,1,0.07906860356649509
3.592,-6.286,4,0.8,3486,1,0.06401761222607105
10.368,3.6288,2,0.2,3487,1,0.18482689399204028
15.552,5.4432,3,0.2,3488,1,0.19078797323690766
582.336,-29.1168,8,0.2,3489,1,0.08390558708448681
291.1,75.686,5,0.0,3490,1,0.15057710946085018
253.176,-31.647,3,0.2,3491,1,0.15903842712443939
79.36,23.808,4,0.0,3492,1,0.18489582313002195
60.45,16.3215,3,0.0,3493,1,0.18967296390035598
158.99,41.3374,1,0.0,3494,1,0.10738633332815656
203.88,20.388,5,0.2,3495,1,0.16913140394436516
14.301,-10.4874,7,0.7,3496,1,0.05026761645448263
146.544,47.6268,6,0.2,3497,1,0.14699828435637835
5.76,2.6496,2,0.0,3498,1,0.18211103527041655
131.904,47.8152,3,0.2,3499,1,0.16277464315353746
718.64,-161.694,10,0.2,3500,1,0.006044198964302638
68.72,-14.603,2,0.2,3501,1,0.17540517899666502
105.584,9.2386,2,0.2,3502,1,0.17608816167103858
33.11,12.9129,7,0.0,3503,1,0.1632167714018265
24.1,9.158,5,0.0,3504,1,0.18756536743321495
10.67,4.9082,1,0.0,3505,1,0.1460114649268966
36.63,9.8901,3,0.0,3506,1,0.19027293607132922
210.84,103.3116,4,0.0,3507,1,0.13955064066590905
33.4,16.032,5,0.0,3508,1,0.1859915419646121
15.488,3.6784,4,0.2,3509,1,0.18605126684264606
182.91,53.0439,3,0.0,3510,1,0.15549028883304283
439.992,164.997,1,0.2,3511,1,0.054299112326201215
59.994,-45.9954,2,0.7,3512,1,0.06581669207374607
1035.8,269.308,4,0.0,3513,1,0.04881965490397677
299.9,74.975,2,0.0,3514,1,0.1314182206266417
87.96,30.786,5,0.2,3515,1,0.16858794315839887
425.833,20.0392,1,0.15,3516,1,0.0783067460966283
323.136,20.196,4,0.2,3517,1,0.15797717831564406
2.78,0.7228,2,0.0,3518,1,0.17975935645542457
5.04,1.26,3,0.0,3519,1,0.18685031407483343
9.728,3.2832,2,0.2,3520,1,0.18719430589573466
29.8,9.3125,5,0.2,3521,1,0.18595275083750695
398.352,124.485,3,0.2,3522,1,0.12094066309110402
14.28,6.7116,7,0.0,3523,1,0.15482209024470317
14.75,7.08,5,0.0,3524,1,0.1835556754499872
79.96,35.982,2,0.0,3525,1,0.16335993240201913
17.45,8.027,5,0.0,3526,1,0.18598454838056427
427.42,196.6132,14,0.0,3527,-1,-0.03712024552831983
19.98,9.3906,1,0.0,3528,1,0.1466545039530146
46.84,12.6468,2,0.0,3529,1,0.18527352640090305
70.12,21.036,4,0.0,3530,1,0.18847640864535914
29.7,8.019,3,0.0,3531,1,0.1936976362961742
1295.84,145.782,4,0.2,3532,1,0.0420834029760897
327.564,21.8376,4,0.1,3533,1,0.13823138148583436
205.164,13.6776,2,0.1,3534,1,0.14161696128538576
259.7,106.477,5,0.0,3535,1,0.1432105187154467
301.96,45.294,2,0.0,3536,1,0.14200184752530354
7.88,1.773,1,0.2,3537,1,0.15967022407072096
3.168,-0.7128,2,0.2,3538,1,0.18948642363171725
13.52,6.2192,4,0.0,3539,1,0.18537233104098727
1399.93,601.9699,7,0.0,3540,-1,-0.04456016211847491
35.36,-3.094,2,0.2,3541,1,0.18908401688295512
4.95,1.3365,1,0.0,3542,1,0.15126625308970332
42.95,1.2885,1,0.0,3543,1,0.14998887047705511
503.96,125.99,4,0.0,3544,1,0.12149309218168614
512.499,-30.147,3,0.15,3545,1,0.1140368050101464
2621.322,553.3902,11,0.1,3546,-1,-0.11856601894151797
109.764,8.5372,2,0.1,3547,1,0.15692113655599854
96.96,33.936,6,0.0,3548,1,0.15696329678370308
1038.84,51.942,5,0.2,3549,1,0.09557126616959499
197.72,55.3616,4,0.0,3550,1,0.16204424158755548
117.488,41.1208,7,0.2,3551,1,0.1410782862455247
29.372,-46.9952,7,0.8,3552,1,0.011544727364032115
11.952,4.1832,3,0.2,3553,1,0.19361738813614704
447.93,49.2723,9,0.0,3554,1,0.08050900199981614
344.704,38.7792,2,0.2,3555,1,0.14431039480405738
1448.82,209.274,10,0.1,3556,-1,-0.050630750321955964
42.6,16.614,3,0.0,3557,1,0.19376364622126963
6.608,2.1476,2,0.2,3558,1,0.19070079482665242
89.97,37.7874,3,0.0,3559,1,0.175845696901125
1212.848,106.1242,7,0.2,3560,1,0.04532832530001041
207.0,25.875,3,0.2,3561,1,0.16849824303763689
387.136,24.196,4,0.2,3562,1,0.14980058041286803
7.218,-5.5338,3,0.7,3563,1,0.10491121883345317
25.344,8.8704,6,0.2,3564,1,0.16963156380508038
98.352,35.6526,3,0.2,3565,1,0.1768976871810709
19.824,6.4428,6,0.2,3566,1,0.169314281504148
62.8,15.7,4,0.0,3567,1,0.18991235783132754
27.2,2.04,4,0.2,3568,1,0.19141865367827565
4.401,-3.5208,3,0.7,3569,1,0.1038840696381943
7.08,2.478,3,0.2,3570,1,0.19533756630216298
190.72,11.92,1,0.2,3571,1,0.13004209890933688
715.2,178.8,3,0.0,3572,1,0.08652211736700421
64.96,-84.448,5,0.6,3573,1,0.04702776723677815
23.64,5.319,3,0.2,3574,1,0.19532410521559163
32.06,-51.296,10,0.8,3575,-1,-0.023232913563665414
1345.485,-1031.5385,5,0.7,3576,-1,-0.09159297680748191
16.146,-12.9168,9,0.7,3577,1,0.021045662369209794
24.4,7.93,2,0.2,3578,1,0.1886106711216744
26.18,0.5236,7,0.0,3579,1,0.15867882022714175
7.3,3.431,2,0.0,3580,1,0.18647632340421338
76.64,26.824,2,0.2,3581,1,0.16993270137493705
177.648,-28.8678,2,0.2,3582,1,0.16714469475031868
84.784,-16.9568,2,0.2,3583,1,0.17546229085684018
287.91,33.5895,3,0.4,3584,1,0.09638733792644011
4404.9,1013.127,5,0.0,3585,-1,-0.12048323559226481
577.764,115.5528,2,0.1,3586,1,0.08682385118175445
4.712,1.4136,1,0.2,3587,1,0.1607292429480463
186.54,41.0388,3,0.0,3588,1,0.16399130909941623
11.82,4.728,3,0.0,3589,1,0.18880992867759583
66.69,22.0077,3,0.0,3590,1,0.18873003491373141
44.43,18.6606,3,0.0,3591,1,0.1914728275083325
27.9,6.975,5,0.0,3592,1,0.1867030026851803
265.86,79.758,7,0.0,3593,1,0.12542266787801104
11.65,3.3785,5,0.0,3594,1,0.18208517026034443
39.879,-29.2446,7,0.7,3595,1,0.04238243759513449
91.68,28.65,5,0.2,3596,1,0.17270165987123143
52.272,17.6418,11,0.2,3597,1,0.09034436623572278
10.476,-17.2854,6,0.8,3598,1,0.03580239490227888
31.504,11.814,11,0.2,3599,1,0.0977447125945003
5.0,2.4,1,0.0,3600,1,0.15381574876702647
5.04,0.2016,3,0.0,3601,1,0.18551448000246518
5.04,1.638,1,0.2,3602,1,0.1607292429480463
92.94,41.823,3,0.0,3603,1,0.17135018946791003
17.94,8.073,3,0.0,3604,1,0.19170164467393547
67.15,16.7875,5,0.0,3605,1,0.18496373940631317
119.9,43.164,2,0.0,3606,1,0.15525624272202704
371.97,66.9546,3,0.0,3607,1,0.14529747454458347
4643.8,2229.024,4,0.0,3608,-1,-0.13393625388292718
226.2,58.812,5,0.0,3609,1,0.15752606036507982
263.96,76.5484,4,0.0,3610,1,0.15371845074508855
549.98,142.9948,2,0.0,3611,1,0.09809684497509913
1024.38,215.1198,7,0.0,3612,1,0.0272627721601314
10.74,5.1552,3,0.0,3613,1,0.1893118953781021
17.22,7.9212,3,0.0,3614,1,0.1899169572610705
26.22,12.3234,3,0.0,3615,1,0.19303409495438173
12.24,5.7528,6,0.0,3616,1,0.16642679412922806
2.48,1.1656,2,0.0,3617,1,0.18313196205695426
17.34,8.4966,3,0.0,3618,1,0.19170164467393547
11.352,4.1151,3,0.2,3619,1,0.19325614842541483
17.94,3.0498,3,0.0,3620,1,0.19333714683949443
244.55,4.891,5,0.0,3621,1,0.1677367046012916
13.98,6.0114,2,0.0,3622,1,0.1869881406910815
899.95,53.997,5,0.0,3623,1,0.09501860445874377
2321.9,1114.512,2,0.0,3624,-1,-0.09940419482473628
29.22,12.8568,3,0.0,3625,1,0.1947902156983135
715.64,178.91,2,0.0,3626,1,0.07087634144863264
74.76,34.3896,3,0.0,3627,1,0.18035333978251905
795.51,143.1918,3,0.0,3628,1,0.0898644259354856
577.584,43.3188,6,0.2,3629,1,0.12128463653130317
714.3,207.147,5,0.0,3630,1,0.07956265175492933
79.9,35.156,2,0.0,3631,1,0.1686576869710832
549.99,274.995,1,0.0,3632,1,0.03823849607687857
123.858,46.7908,2,0.1,3633,1,0.1331677743854232
418.32,117.1296,7,0.0,3634,1,0.09577376579598701
523.92,-72.039,5,0.2,3635,1,0.10706555442083387
146.136,16.4403,3,0.2,3636,1,0.17870602821230375
11.76,1.323,5,0.2,3637,1,0.18329668544658562
4.662,-3.7296,3,0.7,3638,1,0.10285468902899875
5.238,-4.0158,2,0.7,3639,1,0.0981069044805048
15.56,7.3132,2,0.0,3640,1,0.1883157109485829
223.888,69.965,7,0.2,3641,1,0.12832054561016643
15.7,7.065,5,0.0,3642,1,0.18508246279671764
15.552,5.6376,3,0.2,3643,1,0.19588148309518738
64.784,-14.5764,1,0.2,3644,1,0.14272764591600778
100.792,10.0792,1,0.2,3645,1,0.14648129863964554
613.9992,-18.0588,3,0.32,3646,1,0.09103901003811576
683.332,-40.196,4,0.15,3647,1,0.09311923442750403
299.97,56.9943,3,0.0,3648,1,0.15582663104402084
63.98,21.7532,7,0.0,3649,1,0.16351919462388004
17.496,-7.4358,9,0.6,3650,1,0.031164302717013093
102.36,-3.8385,3,0.2,3651,1,0.18724174981792918
9.872,3.4552,2,0.2,3652,1,0.18913321074281542
36.882,-25.8174,3,0.7,3653,1,0.08742871707574956
121.104,-100.92,6,0.7,3654,1,0.011724016066004483
63.77,28.6965,7,0.0,3655,1,0.15889858840162396
42.28,19.8716,7,0.0,3656,1,0.16275036681778615
115.296,40.3536,3,0.2,3657,1,0.17297675517992633
96.08,46.1184,2,0.0,3658,1,0.15627589775298473
29.96,13.482,7,0.0,3659,1,0.16500163347916608
84.96,6.372,6,0.2,3660,1,0.16697129584176523
238.896,-26.8758,6,0.2,3661,1,0.15022446378372417
111.96,-1.3995,5,0.2,3662,1,0.17983583431660038
50.97,13.2522,3,0.0,3663,1,0.19512328548081848
89.98,43.1904,2,0.0,3664,1,0.1597637140821977
377.97,94.4925,3,0.0,3665,1,0.13731080703734638
339.96,42.495,5,0.2,3666,1,0.15084682753468515
230.352,20.1558,3,0.2,3667,1,0.16928045553596133
883.84,99.432,4,0.2,3668,1,0.09438262624901034
76.14,26.649,3,0.0,3669,1,0.1856303940376529
826.11,322.1829,3,0.0,3670,1,0.052951045996356805
19.96,9.3812,2,0.0,3671,1,0.18698081808761235
33.96,16.98,2,0.0,3672,1,0.18468322350575678
8.72,2.289,5,0.2,3673,1,0.18274679821540368
37.0,16.65,5,0.0,3674,1,0.18776897436244327
91.176,4.5588,3,0.2,3675,1,0.1885847695714769
47.984,-1.1996,2,0.2,3676,1,0.18598903957774
59.9,23.96,2,0.0,3677,1,0.18009741819757408
37.6,2.256,2,0.0,3678,1,0.1884935758776503
159.968,29.994,4,0.2,3679,1,0.16843261041443547
39.96,14.3856,2,0.0,3680,1,0.18466707228954798
119.04,35.712,6,0.0,3681,1,0.15600231823774469
166.92,-116.844,13,0.7,3682,-1,-0.07667594912914355
34.944,11.7936,6,0.2,3683,1,0.17072964350398195
11.364,-17.046,3,0.8,3684,1,0.06680022029569033
250.272,15.642,9,0.2,3685,1,0.10731801533553414
70.95,20.5755,3,0.0,3686,1,0.19213543394348698
8.72,-1.744,5,0.2,3687,1,0.18261974409281112
185.58,76.0878,6,0.0,3688,1,0.14174428295771568
34.504,-15.5268,2,0.6,3689,1,0.08824536263250915
696.42,160.1766,2,0.0,3690,1,0.0797709922461462
653.55,111.1035,3,0.0,3691,1,0.10353691987895386
214.11,36.3987,3,0.0,3692,1,0.16388820538674365
523.25,141.2775,5,0.0,3693,1,0.1125428279912738
18.9,8.694,3,0.0,3694,1,0.1934541334415532
179.82,84.5154,9,0.0,3695,1,0.09727802196659002
21.488,1.6116,2,0.2,3696,1,0.1920422967565441
999.96,229.9908,4,0.0,3697,1,0.06154978186558546
239.976,26.9973,3,0.2,3698,1,0.16458412452786586
304.776,22.8582,3,0.2,3699,1,0.16307130629588762
225.568,2.8196,2,0.2,3700,1,0.16434554257550965
1323.9,383.931,5,0.0,3701,1,0.013889115128469687
36.6,15.372,3,0.0,3702,1,0.1944763317165496
80.96,29.1456,4,0.0,3703,1,0.18360991412770655
106.32,49.9704,3,0.0,3704,1,0.16411380560411182
32.4,15.552,5,0.0,3705,1,0.18962917993696365
777.21,54.4047,7,0.0,3706,1,0.07555488228839513
304.9,6.098,5,0.0,3707,1,0.16391193828695644
541.24,5.4124,4,0.0,3708,1,0.1351518209301441
40.92,3.069,5,0.2,3709,1,0.1851962236640733
415.968,51.996,4,0.2,3710,1,0.14519430627284208
141.96,22.7136,2,0.0,3711,1,0.16439127646694462
31.08,8.3916,4,0.0,3712,1,0.19173476255360294
5.984,2.244,2,0.2,3713,1,0.19025364792598154
861.76,249.9104,4,0.0,3714,1,0.06475528610525338
290.352,-36.294,3,0.2,3715,1,0.15615362587526016
186.048,9.3024,4,0.2,3716,1,0.17927322208326185
145.764,-247.7988,6,0.7,3717,-1,-0.022209908718978988
572.16,35.76,3,0.2,3718,1,0.13832755239039568
344.372,-93.4724,4,0.3,3719,1,0.08667998677230943
32.04,8.01,3,0.0,3720,1,0.19376783016463073
22.14,6.4206,3,0.0,3721,1,0.1930317336091119
63.824,9.5736,2,0.2,3722,1,0.18663387786751945
119.04,30.9504,6,0.0,3723,1,0.15559206598648506
11.52,3.3408,4,0.0,3724,1,0.18663407014100042
19.46,5.0596,7,0.0,3725,1,0.1613608305963949
60.45,16.3215,3,0.0,3726,1,0.19399166873805496
9.612,-7.3692,6,0.7,3727,1,0.06268083423621784
4.896,-3.4272,3,0.7,3728,1,0.10253329192341915
89.696,33.636,4,0.2,3729,1,0.17523086962380163
24.192,7.56,9,0.2,3730,1,0.12651988572224854
62.88,-50.304,4,0.7,3731,1,0.06770043184492758
7.23,-5.784,5,0.7,3732,1,0.08184991836821237
50.12,23.5564,4,0.0,3733,1,0.18779538050591843
19.65,9.039,3,0.0,3734,1,0.1934541334415532
17.44,1.308,2,0.2,3735,1,0.1920422967565441
141.552,-26.541,3,0.2,3736,1,0.17329341209435123
13.98,6.0114,2,0.0,3737,1,0.18882266041443319
479.988,55.9986,2,0.4,3738,1,0.0690691387144109
72.744,-15.4581,7,0.2,3739,1,0.1554428620912724
141.96,41.1684,2,0.0,3740,1,0.15636178105889226
246.1328,-76.0116,2,0.32,3741,1,0.08624473867593474
396.802,-11.3372,7,0.3,3742,1,0.09090255502970157
18.176,4.7712,1,0.2,3743,1,0.15920500742733767
1252.704,-480.2032,8,0.4,3744,-1,-0.069807992437667
325.632,28.4928,6,0.2,3745,1,0.14168355618955747
19.75,5.135,5,0.0,3746,1,0.1891812608541471
24.588,-67.617,3,0.8,3747,1,0.03749116999096813
5.344,0.7348,2,0.2,3748,1,0.18970565493382363
10.92,4.914,6,0.0,3749,1,0.16850768975240316
1.696,-2.544,2,0.8,3750,1,0.0681169707234468
7.98,-13.167,5,0.8,3751,1,0.052932088565216584
66.048,23.1168,4,0.2,3752,1,0.18177780258367066
11.696,3.9474,2,0.2,3753,1,0.1882212485056839
16.52,5.369,5,0.2,3754,1,0.18398851874587707
15.88,-3.7715,5,0.2,3755,1,0.1824774352539414
393.54,165.2868,3,0.0,3756,1,0.11358119910529713
23.344,-1.459,2,0.2,3757,1,0.1893794330777961
439.992,164.997,1,0.2,3758,1,0.05840164656942004
83.9,22.653,2,0.0,3759,1,0.17435674799659157
110.97,-24.0435,5,0.4,3760,1,0.10522042029576467
206.962,-32.5226,2,0.3,3761,1,0.11378573925278523
68.81,-123.858,5,0.8,3762,-1,-0.007492055132163222
17.12,4.9648,4,0.0,3763,1,0.19040066453688337
2.544,-3.816,3,0.8,3764,1,0.07309234217975424
11.61,-9.288,2,0.7,3765,1,0.09464555732673968
2.946,-2.0622,2,0.7,3766,1,0.09801752112832302
55.104,18.5976,6,0.2,3767,1,0.1660760894195234
37.94,18.2112,2,0.0,3768,1,0.1837415474198339
59.94,28.1718,3,0.0,3769,1,0.18627970029700053
42.8,19.26,10,0.0,3770,1,0.11292651471389392
14.94,7.0218,3,0.0,3771,1,0.19200218468588726
33.63,10.089,3,0.0,3772,1,0.19431641608391337
27.168,-1.3584,4,0.2,3773,1,0.19129438908868096
32.985,-1.9791,3,0.5,3774,1,0.11577976125075551
2625.12,735.0336,8,0.0,3775,-1,-0.09375133582584394
13.12,5.6416,4,0.0,3776,1,0.18783615492423872
17.94,4.485,3,0.0,3777,1,0.19708338896682315
23.912,-40.6504,2,0.8,3778,1,0.04635922554103311
16.56,7.7832,2,0.0,3779,1,0.19079525442417233
335.52,117.432,4,0.2,3780,1,0.12821580348960843
44.1,20.727,6,0.0,3781,1,0.17292763543235962
38.88,18.6624,6,0.0,3782,1,0.17461149995998915
27.056,2.3674,2,0.2,3783,1,0.19019833881406373
307.98,89.3142,2,0.0,3784,1,0.13238571299194724
79.76,22.3328,4,0.0,3785,1,0.18823587467545744
14.7,6.615,5,0.0,3786,1,0.18551915460609747
25.824,9.3612,6,0.2,3787,1,0.16995363799684987
91.392,29.7024,8,0.2,3788,1,0.13355988581180028
3.168,0.99,2,0.2,3789,1,0.19001003008058348
368.91,180.7659,9,0.0,3790,1,0.04215557772137368
19.44,9.3312,3,0.0,3791,1,0.19426522915021283
146.73,68.9631,3,0.0,3792,1,0.15922583937925494
454.86,54.5832,7,0.0,3793,1,0.11417566026407339
13.98,6.1512,2,0.0,3794,1,0.19043236785720352
13.12,1.476,5,0.2,3795,1,0.18422799072859353
692.472,190.4298,11,0.2,3796,-1,-0.01189458055566428
14.73,6.9231,3,0.0,3797,1,0.19345808005961118
61.04,30.52,4,0.0,3798,1,0.18265184053223232
10.95,5.1465,3,0.0,3799,1,0.19273563916685238
104.9,25.176,5,0.0,3800,1,0.17493361082676995
599.99,233.9961,1,0.0,3801,1,0.042297922506334795
170.98,32.4862,1,0.0,3802,1,0.11353584958478302
283.92,17.745,5,0.2,3803,1,0.1655521590244336
38.97,4.6764,3,0.0,3804,1,0.19558976829373642
375.4575,-157.0095,3,0.45,3805,1,0.03450880814234636
446.068,0.0,4,0.3,3806,1,0.11344707470989929
29.79,12.5118,3,0.0,3807,1,0.19816566931981439
6.24,3.0576,2,0.0,3808,1,0.1897484469421868
113.82,53.4954,3,0.0,3809,1,0.16307104300120917
40.08,19.2384,6,0.0,3810,1,0.17318442265592565
59.94,28.1718,3,0.0,3811,1,0.18775719515521494
154.9,69.705,5,0.0,3812,1,0.15707661853670213
107.97,22.6737,3,0.0,3813,1,0.17997998879577426
104.97,7.3479,3,0.0,3814,1,0.18310524332607092
83.976,-1.0497,3,0.2,3815,1,0.19112172024383006
259.98,88.3932,2,0.0,3816,1,0.1378963137140412
83.97,23.5116,3,0.0,3817,1,0.18821603867589964
748.752,-162.2296,8,0.4,3818,-1,-0.013662307802009055
68.16,27.9456,3,0.0,3819,1,0.18659611121383773
12.132,-8.4924,9,0.6,3820,1,0.032888628496213324
71.12,9.779,5,0.2,3821,1,0.18593657069163333
322.59,64.518,3,0.0,3822,1,0.15431805548294747
151.96,-182.352,5,0.6,3823,1,0.016003395477653615
45.28,15.3952,4,0.0,3824,1,0.19428327058661127
8.28,3.4776,2,0.0,3825,1,0.18788658918521028
62.24,29.2528,8,0.0,3826,1,0.1383922395639594
3.008,0.564,2,0.2,3827,1,0.19001003008058348
335.52,117.432,4,0.2,3828,1,0.12821580348960843
53.92,4.044,5,0.2,3829,1,0.1846615598860627
82.368,-19.5624,2,0.2,3830,1,0.1767221260559938
647.904,56.6916,6,0.2,3831,1,0.11094847226315213
1106.91,121.7601,9,0.0,3832,1,0.007890974025159703
301.96,87.5684,2,0.0,3833,1,0.1368598649369362
555.21,178.901,5,0.1,3834,1,0.07681989978257342
56.3,15.764,2,0.0,3835,1,0.1881194097765862
161.82,46.9278,9,0.0,3836,1,0.10386088444675878
8.784,-13.6152,4,0.8,3837,1,0.0608688817400056
4.304,1.5602,1,0.2,3838,1,0.16129163374652933
19.92,9.3624,4,0.0,3839,1,0.18764562295964832
523.48,130.87,4,0.0,3840,1,0.11649339848965307
21.48,-0.2685,3,0.2,3841,1,0.19674240475285043
681.408,42.588,12,0.2,3842,1,0.010925475660215622
335.744,25.1808,2,0.2,3843,1,0.14585869293721432
17.088,1.068,2,0.2,3844,1,0.19260221659714893
80.96,29.1456,4,0.0,3845,1,0.18369017438514468
98.352,9.8352,3,0.2,3846,1,0.18975340230319476
3.882,-5.823,3,0.8,3847,1,0.0767792616326568
6.048,-4.2336,7,0.7,3848,1,0.05283290962313514
152.991,-122.3928,3,0.7,3849,1,0.02361849449112452
17.48,8.2156,2,0.0,3850,1,0.19264319672263353
71.88,32.346,2,0.0,3851,1,0.17065267822688873
10.584,-2.3814,7,0.2,3852,1,0.1553562828871981
23.66,10.8836,7,0.0,3853,1,0.1596681097675724
25.92,12.4416,4,0.0,3854,1,0.1925402215271751
177.48,19.9665,3,0.2,3855,1,0.17762553651093033
94.92,15.82,4,0.4,3856,1,0.12278572735192311
2003.92,125.245,5,0.2,3857,1,0.0033263730722644658
2676.672,267.6672,9,0.2,3858,-1,-0.07166626231736128
6.688,-4.0128,4,0.6,3859,1,0.10613524362357801
1913.4,401.814,9,0.0,3860,-1,-0.07011000669509604
3.64,1.0192,2,0.0,3861,1,0.18712180228590836
13.9,5.56,5,0.0,3862,1,0.18431583070582824
55.424,19.3984,2,0.2,3863,1,0.178288571444205
63.96,30.7008,4,0.0,3864,1,0.18069753865463317
18.54,8.7138,2,0.0,3865,1,0.19238374457598173
19.44,9.3312,3,0.0,3866,1,0.19464954216520086
114.2,52.532,5,0.0,3867,1,0.159065796828587
32.4,15.552,5,0.0,3868,1,0.18991623750951736
61.68,16.6536,4,0.0,3869,1,0.19028268370734247
146.73,2.9346,3,0.0,3870,1,0.1779650863680292
58.36,-24.803,5,0.6,3871,1,0.07853033274180005
39.96,-20.976,5,0.6,3872,1,0.08154992455801158
16.464,2.4406,7,0.2,3873,1,0.1565586465090807
359.499,-29.6058,3,0.15,3874,1,0.13215579523766985
77.952,12.6672,3,0.2,3875,1,0.19145978253269608
2.96,0.777,1,0.2,3876,1,0.16029701807203095
9.344,1.168,2,0.2,3877,1,0.19103978337349142
95.97,-73.577,5,0.7,3878,1,0.0379058203699435
590.352,206.6232,6,0.2,3879,1,0.07950769304836164
10.752,3.36,4,0.2,3880,1,0.18910472506577475
16.448,5.5512,2,0.2,3881,1,0.19172727213491503
184.66,84.9436,7,0.0,3882,1,0.1276433885923402
36.784,10.5754,2,0.2,3883,1,0.18875114795530512
482.34,-337.638,4,0.7,3884,-1,-0.016810355586934
105.584,9.2386,2,0.2,3885,1,0.18005625976066814
364.41,8.098,5,0.1,3886,1,0.14147758495319096
361.764,68.3332,2,0.1,3887,1,0.11055715496025564
384.174,29.8802,7,0.1,3888,1,0.10769735811111403
36.4,13.832,5,0.0,3889,1,0.1893980573212511
28.44,11.376,3,0.0,3890,1,0.1981025093857698
25.08,9.0288,6,0.0,3891,1,0.17318662485295155
16.9,6.253,5,0.0,3892,1,0.18713104986475337
36.96,12.012,4,0.2,3893,1,0.19071159962157647
1598.058,-1065.372,7,0.7,3894,-1,-0.11274043712243753
8.226,-6.0324,3,0.7,3895,1,0.1048476496519779
271.44,122.148,3,0.0,3896,1,0.1396747499173473
17.94,8.7906,3,0.0,3897,1,0.19554015158411525
85.96,40.4012,7,0.0,3898,1,0.14547705926311305
110.352,8.2764,3,0.2,3899,1,0.18921027763408
39.96,10.3896,4,0.0,3900,1,0.19140737788732143
1799.75,539.925,5,0.0,3901,-1,-0.024819658064015537
361.764,68.3332,2,0.1,3902,1,0.11255071178751586
39.96,10.3896,4,0.0,3903,1,0.19140737788732143
164.646,12.8058,3,0.1,3904,1,0.16112041535194932
97.424,10.9602,2,0.2,3905,1,0.17911926032000614
44.46,14.6718,2,0.0,3906,1,0.18601881347772176
45.04,4.504,2,0.2,3907,1,0.1871516020172655
152.8,76.4,5,0.0,3908,1,0.1576022452796898
26.064,-19.9824,6,0.7,3909,1,0.057523232252108536
232.4,78.435,5,0.2,3910,1,0.15567982730704671
12.224,4.4312,2,0.2,3911,1,0.18907154164892853
12.6,6.048,4,0.0,3912,1,0.18623791227014547
22.68,11.1132,2,0.0,3913,1,0.19113029185833907
39.0,17.55,3,0.0,3914,1,0.19564093635534957
47.984,0.5998,2,0.2,3915,1,0.18688255493406752
70.686,-24.2352,1,0.3,3916,1,0.09628625995598206
206.112,48.9516,6,0.2,3917,1,0.15342392354513346
113.92,42.1504,4,0.0,3918,1,0.17181778926391328
7.78,2.0228,2,0.0,3919,1,0.18989383448218233
120.15,33.642,9,0.0,3920,1,0.10355586904267533
86.304,9.7092,6,0.2,3921,1,0.1693550398297109
37.376,4.672,8,0.2,3922,1,0.13986439485395064
2.772,-4.851,7,0.8,3923,1,0.032483696277642915
14.832,-10.3824,3,0.7,3924,1,0.10288022075692693
14.94,6.8724,3,0.0,3925,1,0.19320001315433427
6.48,3.1104,1,0.0,3926,1,0.1553499589871759
41.86,20.5114,7,0.0,3927,1,0.15889318671905978
19.92,6.723,5,0.2,3928,1,0.18356858802362808
198.272,61.96,8,0.2,3929,1,0.10952060646045952
32.75,15.065,5,0.0,3930,1,0.18850577816948555
6.48,3.1104,1,0.0,3931,1,0.1553499589871759
8.96,4.3904,2,0.0,3932,1,0.18753816244850974
1325.85,238.653,5,0.0,3933,1,0.04278195117376893
247.104,-58.6872,6,0.2,3934,1,0.13434396810668736
1619.91,97.1946,9,0.0,3935,-1,-0.028763224081509553
999.98,449.991,2,0.0,3936,-1,-1.714401061008175E-4
219.184,19.1786,2,0.2,3937,1,0.16271793258454964
485.94,-89.089,2,0.4,3938,1,0.05108210059297935
173.94,50.4426,6,0.0,3939,1,0.14939461066381943
283.92,70.98,4,0.0,3940,1,0.15753962582672254
79.92,28.7712,4,0.0,3941,1,0.1854048433617992
152.94,41.2938,3,0.0,3942,1,0.16609961095585452
21.36,7.209,5,0.2,3943,1,0.18356858802362808
6.688,2.3408,2,0.2,3944,1,0.19094740248925063
3.96,0.0,2,0.0,3945,1,0.18555906361382962
2.61,1.2006,1,0.0,3946,1,0.15289748629508787
12.96,6.2208,2,0.0,3947,1,0.18795155422965387
773.94,224.4426,6,0.0,3948,1,0.057154994668304204
360.712,130.7581,11,0.2,3949,1,0.01767636135688111
15.696,5.1012,3,0.2,3950,1,0.19685027226914276
221.96,4.4392,2,0.0,3951,1,0.16530816787840918
236.0,40.12,4,0.0,3952,1,0.16798111698480367
1718.4,150.36,6,0.2,3953,1,0.013212828999936477
119.96,11.996,5,0.2,3954,1,0.17640817820316257
34.02,16.6698,3,0.0,3955,1,0.19477775785124146
542.94,141.1644,3,0.0,3956,1,0.11988313709061549
191.96,32.6332,2,0.0,3957,1,0.16004996294238477
801.96,200.49,2,0.0,3958,1,0.06489417419359633
53.088,-108.8304,7,0.8,3959,-1,-0.010848114143733434
27.36,9.3024,9,0.0,3960,1,0.12015794517516887
3.9,1.521,2,0.0,3961,1,0.18810667598581943
1.78,0.4984,1,0.0,3962,1,0.1487558016544227
56.3,15.764,2,0.0,3963,1,0.1876989173092773
2.61,1.2006,1,0.0,3964,1,0.15289748629508787
5.76,2.8224,2,0.0,3965,1,0.188951253743546
7.31,3.4357,1,0.0,3966,1,0.1553499589871759
26.4,12.672,5,0.0,3967,1,0.1884973093297515
25.92,12.4416,4,0.0,3968,1,0.19207161200040002
44.75,20.585,5,0.0,3969,1,0.18411760664590188
184.66,84.9436,7,0.0,3970,1,0.12785988931085146
41.28,18.9888,6,0.0,3971,1,0.1737949985468042
101.94,21.4074,6,0.0,3972,1,0.16630214804165555
25.488,4.4604,2,0.2,3973,1,0.18998308644157286
799.984,249.995,2,0.2,3974,1,0.052617678401771006
134.99,36.4473,1,0.0,3975,1,0.12089862674669938
69.576,-143.7904,4,0.7,3976,1,0.02169676173499402
54.92,10.984,5,0.2,3977,1,0.1818890158888703
52.416,15.0696,9,0.2,3978,1,0.11939590038575731
364.95,-248.166,5,0.5,3979,1,0.01357109372277876
13.12,1.148,5,0.2,3980,1,0.18181135769541062
4.224,0.4752,3,0.2,3981,1,0.19579569357225945
12.828,-8.9796,2,0.7,3982,1,0.09752874446406773
10.332,-7.5768,3,0.7,3983,1,0.10557573569370898
110.528,38.6848,4,0.2,3984,1,0.1769005283078714
23.0,10.35,2,0.0,3985,1,0.1884299828245271
196.62,96.3438,2,0.0,3986,1,0.13299479306257544
85.056,28.7064,3,0.2,3987,1,0.1805918976093175
27.696,9.6936,3,0.2,3988,1,0.19684049085584715
46.344,4.6344,3,0.2,3989,1,0.19385363553129525
159.984,35.9964,2,0.2,3990,1,0.1592917254345943
58.08,-6.534,4,0.2,3991,1,0.1883617963698746
175.23,61.3305,11,0.0,3992,1,0.06921502347465014
125.99,31.4975,1,0.0,3993,1,0.12428635779712971
348.928,34.8928,2,0.2,3994,1,0.146950269412559
166.5,21.645,3,0.0,3995,1,0.17394659514416083
2.21,0.5967,1,0.0,3996,1,0.1495406373762203
8.22,2.2194,3,0.0,3997,1,0.19206925847783624
24.448,8.8624,2,0.2,3998,1,0.18725684871932224
15.52,7.4496,4,0.0,3999,1,0.18543174714089855
7.86,3.6156,2,0.0,4000,1,0.18721086303987122
36.44,16.398,4,0.0,4001,1,0.19119910777051136
32.4,15.876,5,0.0,4002,1,0.18865552641924294
97.88,48.94,2,0.0,4003,1,0.15588745944065635
360.38,93.6988,2,0.0,4004,1,0.12442920879903008
25.76,0.5152,7,0.0,4005,1,0.1559162546133575
22.368,6.4308,4,0.2,4006,1,0.18986399459179432
299.94,128.9742,6,0.0,4007,1,0.12268583105100644
15.52,7.4496,4,0.0,4008,1,0.18543174714089855
36.44,16.398,4,0.0,4009,1,0.19119910777051136
22.368,6.4308,4,0.2,4010,1,0.18986399459179432
134.48,34.9648,4,0.0,4011,1,0.17238207155058038
29.2,9.855,5,0.2,4012,1,0.18557293287333992
37.88,18.94,2,0.0,4013,1,0.18342303330443327
9.96,4.5816,2,0.0,4014,1,0.1892714824987578
12.96,6.2208,2,0.0,4015,1,0.18836503811069272
19.44,9.3312,3,0.0,4016,1,0.19385965289621793
248.85,27.3735,5,0.0,4017,1,0.16936949005988328
36.24,15.2208,1,0.0,4018,1,0.14899364479339022
494.376,49.4376,3,0.2,4019,1,0.14131212440171204
15.24,5.1816,3,0.0,4020,1,0.19553251918949938
6.16,1.9712,2,0.0,4021,1,0.1899498116326805
29.22,12.8568,3,0.0,4022,1,0.19791576191359717
273.568,10.2588,2,0.2,4023,1,0.16113048111007883
56.3,15.764,2,0.0,4024,1,0.1876989173092773
34.248,11.5587,3,0.2,4025,1,0.1960322706682625
55.264,20.724,2,0.2,4026,1,0.17640642057819117
8.096,2.7324,2,0.2,4027,1,0.18792686515056772
3.76,1.8048,2,0.0,4028,1,0.18804359342202975
6.48,3.1104,1,0.0,4029,1,0.1553499589871759
50.0,10.5,2,0.0,4030,1,0.18997957515599906
319.968,35.9964,4,0.2,4031,1,0.16147775489700084
262.864,69.0018,7,0.2,4032,1,0.128563063384116
103.92,36.372,4,0.0,4033,1,0.17700773111397378
3.28,1.4104,1,0.0,4034,1,0.15289748629508787
51.312,18.6006,3,0.2,4035,1,0.19050913980575884
2025.36,607.608,6,0.2,4036,-1,-0.07068467481482277
899.91,377.9622,9,0.0,4037,-1,-0.030201982971434727
1799.994,-2639.9912,2,0.7,4038,-1,-0.12294315885825402
246.168,21.5397,3,0.2,4039,1,0.17269410277900354
101.988,-16.998,2,0.4,4040,1,0.10793180277375847
4.98,2.3406,1,0.0,4041,1,0.15606913501353759
546.66,136.665,9,0.0,4042,1,0.04296899356823969
302.94,48.4704,3,0.0,4043,1,0.1634962368888777
142.36,38.4372,2,0.0,4044,1,0.1632818673215638
41.552,-19.7372,2,0.6,4045,1,0.08787154799621089
212.13,14.8491,3,0.0,4046,1,0.17210387015561618
16.4,7.052,5,0.0,4047,1,0.18399718186894953
13.12,1.476,5,0.2,4048,1,0.18181135769541062
204.85,53.261,5,0.0,4049,1,0.16458474759834996
29.52,14.4648,4,0.0,4050,1,0.1934254535167314
92.96,31.374,2,0.2,4051,1,0.1654245380820032
180.016,-15.7514,1,0.2,4052,1,0.12941143649986403
135.984,16.998,2,0.2,4053,1,0.17188977452439458
20.32,3.556,5,0.2,4054,1,0.1844962985165523
6.848,0.5992,2,0.2,4055,1,0.18904383787170703
55.936,18.8784,8,0.2,4056,1,0.13389063413884872
18.432,5.9904,8,0.2,4057,1,0.1359799260722846
20.736,7.2576,4,0.2,4058,1,0.18837443870917997
646.776,-145.5246,9,0.2,4059,1,0.0281429643147999
166.24,24.936,1,0.0,4060,1,0.12317816958811856
1053.164,-105.3164,4,0.3,4061,1,0.021839967960356144
434.352,43.4352,3,0.2,4062,1,0.14846463117622422
3.552,0.444,2,0.2,4063,1,0.18904383787170703
88.832,7.7728,4,0.2,4064,1,0.18637061414197087
7.04,3.3088,2,0.0,4065,1,0.18846357093057586
5.04,0.2016,4,0.0,4066,1,0.18366750085004113
6.912,2.5056,3,0.2,4067,1,0.19493853657634824
29.9,14.651,5,0.0,4068,1,0.1893774838742736
116.28,56.9772,3,0.0,4069,1,0.1658309127711991
1265.85,556.974,3,0.0,4070,-1,-0.018294536784593807
2249.91,517.4793,9,0.0,4071,-1,-0.09097911336991371
25.488,4.779,2,0.2,4072,1,0.18808140371038318
158.376,13.8579,3,0.2,4073,1,0.17762592607946504
675.96,84.495,5,0.2,4074,1,0.11828955888391002
359.058,-71.8116,3,0.3,4075,1,0.09910304267009207
14.368,3.9512,2,0.2,4076,1,0.18917524493511295
36.27,10.881,3,0.0,4077,1,0.1976217764053224
7.92,2.772,1,0.2,4078,1,0.15737178140201813
11.696,3.9474,2,0.2,4079,1,0.18755689957407606
55.48,26.6304,1,0.0,4080,1,0.1389201040634075
17.12,7.704,4,0.0,4081,1,0.186359353495476
88.8,-2.22,4,0.2,4082,1,0.18512063246433885
255.968,51.1936,4,0.2,4083,1,0.16101024152871946
100.8,21.42,2,0.2,4084,1,0.17067672134157336
159.984,11.9988,2,0.2,4085,1,0.17021463740003928
51.756,-33.6414,3,0.6,4086,1,0.08525506009648137
1618.37,356.0414,13,0.0,4087,-1,-0.09955529359481352
60.984,4.5738,7,0.2,4088,1,0.15871635187152522
59.904,14.2272,2,0.2,4089,1,0.18162869849989183
3.008,0.3384,2,0.2,4090,1,0.18837491763995068
27.312,9.2178,2,0.2,4091,1,0.18863708288525288
99.6,36.852,1,0.0,4092,1,0.13028336281548208
637.44,135.456,8,0.2,4093,1,0.05036929622025543
50.88,14.628,6,0.2,4094,1,0.16906120675676312
600.53,137.264,2,0.3,4095,1,0.06519911885886798
47.976,4.7976,3,0.2,4096,1,0.1938713084810892
422.625,0.0,7,0.3,4097,1,0.08883825634042425
17.12,4.9648,4,0.0,4098,1,0.1897677074634213
33.568,1.6784,2,0.2,4099,1,0.1880165638415584
194.32,56.3528,4,0.0,4100,1,0.16437642390305768
590.058,-786.744,7,0.7,4101,-1,-0.06311447771390866
883.84,99.432,4,0.2,4102,1,0.09179957976859615
72.704,19.0848,4,0.2,4103,1,0.18502536222190513
7.712,1.7352,2,0.2,4104,1,0.18834369162262798
9.68,3.7752,2,0.0,4105,1,0.1892714824987578
27.168,2.7168,2,0.2,4106,1,0.18860915682580137
14.04,1.5795,3,0.2,4107,1,0.19660848811096848
19.936,7.2268,4,0.2,4108,1,0.18967148677805656
19.776,-13.8432,4,0.7,4109,1,0.09025121331109054
5.584,1.8148,2,0.2,4110,1,0.1895927655450358
45.92,21.5824,4,0.0,4111,1,0.1902522818828452
21.56,10.3488,7,0.0,4112,1,0.15433138015545816
132.79,63.7392,7,0.0,4113,1,0.1318307580549638
106.232,37.1812,7,0.2,4114,1,0.14822581397012852
12.96,6.2208,2,0.0,4115,1,0.18836503811069272
22.704,8.2302,6,0.2,4116,1,0.16965144147228411
4899.93,2302.9671,7,0.0,4117,-1,-0.14700971592652734
479.988,-383.9904,4,0.7,4118,-1,-0.020906418497237844
111.984,11.1984,2,0.2,4119,1,0.17834201993902243
449.568,56.196,2,0.2,4120,1,0.1333599623992719
160.98,20.9274,1,0.0,4121,1,0.12750118855311382
275.88,46.8996,6,0.0,4122,1,0.14843021952214014
547.136,-68.392,4,0.2,4123,1,0.10910993023413151
414.96,124.488,2,0.0,4124,1,0.11932881622026492
3.28,0.9512,1,0.0,4125,1,0.15111001754112702
157.9,74.213,5,0.0,4126,1,0.1570223099782655
9.216,3.3408,4,0.2,4127,1,0.18590834497398528
12.6,6.174,3,0.0,4128,1,0.19119433582133
9.96,4.8804,2,0.0,4129,1,0.18961496826800173
17.94,8.073,3,0.0,4130,1,0.1951779957497921
17.34,8.4966,3,0.0,4131,1,0.1951779957497921
10.368,3.6288,2,0.2,4132,1,0.18904940445402973
843.9,371.316,2,0.0,4133,1,0.02187272811143981
1199.96,224.9925,5,0.2,4134,1,0.03918300265926533
73.98,19.9746,2,0.0,4135,1,0.18302837762289526
275.058,-90.3762,3,0.3,4136,1,0.10858683926602958
51.588,-15.4764,1,0.4,4137,1,0.07827603318854687
22.2,10.434,5,0.0,4138,1,0.1869253255769801
212.64,99.9408,6,0.0,4139,1,0.1289110693522998
22.2,10.434,5,0.0,4140,1,0.1869253255769801
532.3992,-46.9764,3,0.32,4141,1,0.08868384164545434
131.104,8.194,2,0.2,4142,1,0.17645880703030642
212.058,-15.147,3,0.3,4143,1,0.14048073361749036
53.352,16.0056,3,0.2,4144,1,0.1954526316143949
1548.99,-464.697,9,0.4,4145,-1,-0.09003256657281422
106.96,31.0184,2,0.0,4146,1,0.16655192185997159
355.96,103.2284,2,0.0,4147,1,0.1253792829346082
105.42,51.6558,2,0.0,4148,1,0.15278047743983514
113.328,35.415,9,0.2,4149,1,0.11369550413045798
19.872,6.7068,3,0.2,4150,1,0.19784131961351742
21.56,10.3488,7,0.0,4151,1,0.15480348968450047
28.9,14.161,5,0.0,4152,1,0.18912371772694297
195.64,91.9508,4,0.0,4153,1,0.15317292700772656
323.1,61.389,2,0.0,4154,1,0.14418285586878132
22.512,2.2512,3,0.2,4155,1,0.19532943994915586
12.672,-3.168,3,0.2,4156,1,0.1931080619385489
4.728,0.7092,3,0.2,4157,1,0.1947505706633677
7.92,3.4848,8,0.0,4158,1,0.12844677146354905
72.744,-12.7302,7,0.2,4159,1,0.15397094270392236
371.168,41.7564,4,0.2,4160,1,0.1517184497839298
668.16,75.168,9,0.2,4161,1,0.0588655346060285
239.9,71.97,2,0.0,4162,1,0.1453369065037015
24.816,1.551,2,0.2,4163,1,0.18909290701746256
54.384,1.3596,2,0.2,4164,1,0.18431911126812878
6.36,0.0636,2,0.0,4165,1,0.1866540535069366
271.44,122.148,3,0.0,4166,1,0.14135081680572187
68.52,31.5192,3,0.0,4167,1,0.18700243900332103
74.94,14.2386,3,0.0,4168,1,0.19430963439739696
2548.56,286.713,6,0.2,4169,-1,-0.04518277213915434
287.88,35.985,3,0.2,4170,1,0.16807327014592216
14.76,-11.439,5,0.6,4171,1,0.09001249723930488
364.8,167.808,12,0.0,4172,-1,-0.007823922136100392
60.64,27.8944,4,0.0,4173,1,0.18952535559673073
3.656,-5.8496,4,0.8,4174,1,0.07072080158600091
76.3,38.15,5,0.0,4175,1,0.17726110950304969
116.4,52.38,8,0.0,4176,1,0.11116710046083761
94.74,44.5278,3,0.0,4177,1,0.17550824954401978
487.984,152.495,2,0.2,4178,1,0.09716076870685225
3.488,0.5668,2,0.2,4179,1,0.1893743272594416
152.688,-26.7204,2,0.2,4180,1,0.16319689810615962
5.888,-1.3248,2,0.2,4181,1,0.18963698878101298
173.94,38.2668,3,0.0,4182,1,0.17087793519183808
231.98,67.2742,2,0.0,4183,1,0.1479035204678062
1592.85,350.427,7,0.0,4184,-1,-0.021843749088924502
11.88,5.346,2,0.0,4185,1,0.19057835505561055
114.46,28.615,2,0.0,4186,1,0.17049635664861568
30.08,-5.264,2,0.2,4187,1,0.1874762184010615
165.6,-6.21,3,0.2,4188,1,0.18147822188364338
180.96,13.572,5,0.2,4189,1,0.1772658981176493
4.672,0.584,1,0.2,4190,1,0.15984020821959694
104.58,-80.178,6,0.7,4191,1,0.02934070317480708
959.968,119.996,4,0.2,4192,1,0.0756432702224471
5.248,0.5904,2,0.2,4193,1,0.1893743272594416
191.472,40.6878,6,0.2,4194,1,0.1553155031319362
59.184,5.1786,2,0.2,4195,1,0.18550019488093245
23.076,-10.9611,3,0.6,4196,1,0.10112452394107496
34.58,10.0282,1,0.0,4197,1,0.15328719384582834
25.92,9.072,5,0.2,4198,1,0.18462219547560593
1565.88,407.1288,6,0.0,4199,-1,-0.004726897685631282
47.616,5.952,3,0.2,4200,1,0.19494839936236436
106.05,49.8435,7,0.0,4201,1,0.13716886753713614
30.828,-24.6624,7,0.7,4202,1,0.047390410885345124
108.784,10.8784,2,0.2,4203,1,0.179859913356466
15.168,3.792,2,0.2,4204,1,0.19120610863820742
349.95,118.983,5,0.0,4205,1,0.12819108775218557
377.928,141.723,9,0.2,4206,1,0.04843837137315676
24.85,7.7035,5,0.0,4207,1,0.18707793894035812
79.92,34.3656,4,0.0,4208,1,0.18301722246293523
69.98,13.2962,2,0.0,4209,1,0.18997548045474782
54.992,8.9362,14,0.2,4210,1,0.0302003036595182
15.552,5.4432,3,0.2,4211,1,0.19670691584052075
63.312,20.5764,3,0.2,4212,1,0.19096702323455927
15.588,-9.8724,2,0.4,4213,1,0.1154267463865401
315.776,31.5776,8,0.2,4214,1,0.11302950809383949
89.568,32.4684,2,0.2,4215,1,0.1694144530494076
181.797,-15.5826,1,0.3,4216,1,0.08766626544252465
4.66,1.3514,2,0.0,4217,1,0.18888192921585245
49.536,17.3376,3,0.2,4218,1,0.194185030005248
16.52,7.5992,4,0.0,4219,1,0.18771648570043942
52.34,24.5998,2,0.0,4220,1,0.1819048311286286
81.98,40.1702,2,0.0,4221,1,0.16666871241446013
60.12,28.8576,9,0.0,4222,1,0.11581159964324073
254.97,91.7892,3,0.0,4223,1,0.15266532828175639
11.648,4.2224,2,0.2,4224,1,0.1880562912734019
90.57,11.7741,3,0.0,4225,1,0.19168963735231592
322.59,64.518,3,0.0,4226,1,0.1573085582500331
316.0,31.6,4,0.0,4227,1,0.16517391469340942
371.97,66.9546,3,0.0,4228,1,0.15020592404092475
29.99,13.1956,1,0.0,4229,1,0.15581076841415975
6.68,2.0,2,0.0,4230,1,0.19049292074913565
1013.488,76.0116,7,0.2,4231,1,0.07302201639208417
153.568,-5.7588,2,0.2,4232,1,0.17049654110244178
24.3,10.45,5,0.0,4233,1,0.188694552664479
9.48,3.79,1,0.0,4234,1,0.1590248423580512
31.4,13.19,5,0.0,4235,1,0.1898598350344533
6.48,3.11,1,0.0,4236,1,0.15943925036338424
209.5,58.66,10,0.0,4237,1,0.07792237687482573
451.136,-67.6704,4,0.2,4238,1,0.11804099961578257
109.9,37.366,5,0.0,4239,1,0.1729052041709398
14.272,4.2816,8,0.2,4240,1,0.13326654706905144
64.864,6.4864,4,0.2,4241,1,0.1895037166044935
26.336,9.2176,4,0.2,4242,1,0.19062014424050583
7.56,0.3024,6,0.0,4243,1,0.16539446558980675
44.4,22.2,3,0.0,4244,1,0.1938810429331323
20.65,9.499,5,0.0,4245,1,0.18447350383181488
12.96,6.2208,2,0.0,4246,1,0.18891036684491436
55.176,15.8631,3,0.2,4247,1,0.19443619316975458
110.376,-20.2356,4,0.4,4248,1,0.10984900062885306
59.99,21.5964,7,0.0,4249,1,0.15868098290496951
8.04,2.7336,6,0.0,4250,1,0.16737319780140825
1564.29,406.7154,13,0.0,4251,-1,-0.10016959882868548
99.98,42.9914,2,0.0,4252,1,0.16522657085338027
31.36,15.68,4,0.0,4253,1,0.193969143747371
45.98,7.8166,1,0.0,4254,1,0.15562263074460125
313.722,-99.3453,3,0.4,4255,1,0.07556607745299437
9.21,2.3025,3,0.0,4256,1,0.19377370152517748
43.12,15.092,5,0.2,4257,1,0.1852841032337511
18.0,8.28,5,0.0,4258,1,0.18716464434879376
428.68,0.0,7,0.0,4259,1,0.11140788643613969
39.68,10.3168,2,0.0,4260,1,0.19012631634623828
48.58,7.7728,1,0.0,4261,1,0.15569925932016615
435.168,-59.8356,4,0.2,4262,1,0.12484162827999484
626.1,-538.446,3,0.5,4263,-1,-0.025680733861675353
17.456,5.8914,2,0.2,4264,1,0.192465884156587
1.728,-2.6784,3,0.8,4265,1,0.07633876013520713
50.784,17.7744,2,0.2,4266,1,0.18343440353851576
26.01,12.2247,9,0.0,4267,1,0.12047252173075029
156.512,52.8228,4,0.2,4268,1,0.16824015263184516
305.01,76.2525,9,0.0,4269,1,0.08719156016787472
1439.968,143.9968,4,0.2,4270,1,0.03365108601616773
1270.99,635.495,1,0.0,4271,-1,-0.057266096111555864
23.36,11.68,2,0.0,4272,1,0.19265314742947448
125.36,58.9192,8,0.0,4273,1,0.11490734773259997
56.7,27.783,5,0.0,4274,1,0.18394803229188045
15.552,5.4432,3,0.2,4275,1,0.19667499026383817
109.592,8.2194,1,0.2,4276,1,0.14832963387448822
105.52,48.5392,4,0.0,4277,1,0.17294410862160192
56.45,14.677,5,0.0,4278,1,0.18920861377332687
18.69,7.1022,7,0.0,4279,1,0.1560601273383006
73.784,-77.4732,2,0.6,4280,1,0.05794489100594169
36.4,18.2,8,0.0,4281,1,0.13711114630902577
117.96,5.898,2,0.0,4282,1,0.17870523075493094
8749.95,2799.984,5,0.0,4283,-1,-0.15188326002863406
866.4,225.264,4,0.0,4284,1,0.07363178160865591
14.368,3.9512,2,0.2,4285,1,0.19030339309040767
93.02,3.7208,2,0.0,4286,1,0.18080571690041242
90.48,23.5248,2,0.0,4287,1,0.1782781519561628
239.98,52.7956,2,0.0,4288,1,0.15579227184359867
18.84,7.1592,3,0.0,4289,1,0.19709600477281208
557.728,6.9716,4,0.2,4290,1,0.1405631750478551
167.96,78.9412,2,0.0,4291,1,0.14735213958877258
9.45,0.189,5,0.0,4292,1,0.18415509884938963
14.73,7.2177,3,0.0,4293,1,0.1947579686674502
122.97,60.2553,3,0.0,4294,1,0.1692366730282956
348.84,170.9316,9,0.0,4295,1,0.04253899170407227
342.37,160.9139,7,0.0,4296,1,0.08186531698466659
80.98,1.6196,1,0.0,4297,1,0.15068231154342876
186.54,50.3658,3,0.0,4298,1,0.16963490458942587
154.44,1.5444,3,0.0,4299,1,0.17583870020676817
104.85,28.3095,3,0.0,4300,1,0.18571623587068498
159.968,-31.9936,4,0.2,4301,1,0.1664808969186371
484.83,126.0558,3,0.0,4302,1,0.1306492274439519
132.224,-18.1808,4,0.2,4303,1,0.1716439115752441
7.83,3.6018,3,0.0,4304,1,0.19180256431245502
30.352,10.6232,2,0.2,4305,1,0.1917165344290962
100.0,21.0,4,0.0,4306,1,0.18845947592567208
623.96,38.9975,5,0.2,4307,1,0.1305578937560049
241.5,0.0,4,0.3,4308,1,0.13957788176420743
1127.976,126.8973,3,0.2,4309,1,0.06026857606560554
89.97,39.5868,3,0.0,4310,1,0.18104259849026488
31.86,11.151,2,0.0,4311,1,0.19327141324910047
69.93,0.6993,7,0.0,4312,1,0.15594383411907964
15.92,7.4824,4,0.0,4313,1,0.18857217133320303
1350.12,175.5156,6,0.0,4314,1,0.04073313656804389
146.82,73.41,3,0.0,4315,1,0.16466135582657
10.56,4.6464,6,0.0,4316,1,0.16852958861505102
550.431,-47.1798,3,0.3,4317,1,0.086981297111078
7.98,2.0748,3,0.0,4318,1,0.1935280809720738
264.18,68.6868,7,0.0,4319,1,0.1321132180491364
4.77,2.1465,1,0.0,4320,1,0.16129650436705578
398.352,124.485,3,0.2,4321,1,0.1287404251857791
8.72,3.5752,4,0.0,4322,1,0.18689846150591544
227.96,36.4736,2,0.0,4323,1,0.1637876529865725
326.646,39.9234,3,0.1,4324,1,0.1438276085079026
62.958,-2.6982,3,0.3,4325,1,0.15429326715868213
318.08,34.9888,4,0.0,4326,1,0.16918772975079915
92.064,-225.5568,6,0.8,4327,-1,-0.03104075934673589
5.8,2.61,1,0.0,4328,1,0.16150288507793165
6.976,1.8312,4,0.2,4329,1,0.18946602772697652
5.184,1.8144,1,0.2,4330,1,0.1636683296194964
89.97,39.5868,3,0.0,4331,1,0.1812391930141834
44.46,14.6718,2,0.0,4332,1,0.1882051979272547
8.67,4.0749,3,0.0,4333,1,0.19225471598881072
70.88,33.3136,2,0.0,4334,1,0.1771910432080107
242.94,9.7176,3,0.0,4335,1,0.17619516810649127
25.71,6.6846,3,0.0,4336,1,0.1966072326156782
16.496,5.5674,2,0.2,4337,1,0.19147888077562192
68.95,28.959,5,0.0,4338,1,0.1850295800125185
135.8,66.542,7,0.0,4339,1,0.13591020535524767
18.56,6.496,4,0.2,4340,1,0.19120601276654708
34.86,-26.726,2,0.7,4341,1,0.07875157844316205
31.248,10.9368,7,0.2,4342,1,0.16178432174305063
3.762,-2.7588,3,0.7,4343,1,0.1025472951093237
296.37,80.0199,3,0.0,4344,1,0.1597190069456606
432.456,32.4342,3,0.2,4345,1,0.1556651992110804
449.15,8.983,5,0.0,4346,1,0.15090471242965453
12.99,0.7794,1,0.0,4347,1,0.15831792386523225
39.98,1.999,2,0.0,4348,1,0.19160529284451672
490.32,137.2896,9,0.0,4349,1,0.051169079751058
10.65,5.0055,3,0.0,4350,1,0.1952465854967752
36.24,15.2208,1,0.0,4351,1,0.15481237171517864
445.96,55.745,5,0.2,4352,1,0.14973333600515265
57.576,21.591,3,0.2,4353,1,0.1912508275628751
46.72,17.52,5,0.2,4354,1,0.18331105048137725
16.192,-6.8816,2,0.6,4355,1,0.09985657034256801
170.88,49.5552,3,0.0,4356,1,0.1702972285673765
56.82,28.41,3,0.0,4357,1,0.19320145687160734
111.104,8.3328,7,0.2,4358,1,0.15676478272588829
36.48,18.24,6,0.0,4359,1,0.17449471061961608
836.592,-264.9208,8,0.4,4360,-1,-0.028959113702155426
26.38,12.1348,1,0.0,4361,1,0.15728141808278262
362.92,105.2468,2,0.0,4362,1,0.12627367277426804
4899.93,2400.9657,7,0.0,4363,-1,-0.14385260966046398
159.984,13.9986,2,0.2,4364,1,0.1740412549847068
563.43,-56.343,5,0.3,4365,1,0.07887513766657162
35.28,11.9952,3,0.0,4366,1,0.19967816948671074
637.896,-127.5792,3,0.3,4367,1,0.05457387586690787
447.86,219.4514,7,0.0,4368,1,0.07081945421572122
36.6,11.895,3,0.2,4369,1,0.1989428039624595
2.304,0.7776,1,0.2,4370,1,0.16236913751980575
42.784,15.5092,7,0.2,4371,1,0.15811476224803872
166.44,79.8912,3,0.0,4372,1,0.1621028350690698
3930.072,-786.0144,3,0.2,4373,-1,-0.0827106977016685
25.35,7.605,3,0.0,4374,1,0.1959204483224733
41.72,5.7365,7,0.2,4375,1,0.16045522842457305
287.91,33.5895,3,0.4,4376,1,0.11137377057415804
431.976,32.3982,3,0.2,4377,1,0.1556651992110804
479.95,129.5865,5,0.0,4378,1,0.1285592815644191
134.85,37.758,3,0.0,4379,1,0.17648841010720773
16.99,4.9271,1,0.0,4380,1,0.1635741310424122
128.4,64.2,3,0.0,4381,1,0.16917753350984088
10.08,3.528,4,0.2,4382,1,0.1887646768694763
159.98,57.5928,2,0.0,4383,1,0.1586601158162519
149.352,50.4063,3,0.2,4384,1,0.17050617416797764
12.992,-0.812,1,0.2,4385,1,0.16230305754634455
159.04,-194.824,5,0.6,4386,1,0.019587256349914872
145.98,-99.2664,2,0.5,4387,1,0.052543147361906684
2.334,-6.3018,3,0.8,4388,1,0.07664450986061366
2.043,-1.4982,1,0.7,4389,1,0.07043076516586755
1.728,-2.7648,4,0.8,4390,1,0.07108537439005735
68.238,-12.5103,3,0.4,4391,1,0.12381456557785464
431.94,-71.99,2,0.4,4392,1,0.055780900739307304
21.072,1.5804,3,0.2,4393,1,0.19628271348184345
113.6,44.304,8,0.0,4394,1,0.11916369571970237
102.36,-3.8385,3,0.2,4395,1,0.18740786505388723
207.144,48.3336,3,0.1,4396,1,0.15139778675202276
13.9,3.753,5,0.0,4397,1,0.1859932167731123
69.456,22.5732,2,0.2,4398,1,0.17751541629829715
8.856,-14.1696,9,0.8,4399,-1,-0.0011676388950865313
9.702,-7.1148,3,0.7,4400,1,0.1010671434856355
146.352,49.3938,3,0.2,4401,1,0.17050617416797764
5.984,-1.3464,2,0.2,4402,1,0.1901977923764862
12.96,6.3504,2,0.0,4403,1,0.19069278441574233
27.96,8.388,5,0.2,4404,1,0.18590753239508678
1363.96,85.2475,5,0.2,4405,1,0.05754875885340349
108.576,-25.3344,4,0.4,4406,1,0.11035040955196312
354.9,88.725,5,0.0,4407,1,0.14491778206173084
51.8,23.31,4,0.0,4408,1,0.19213267811663087
17.94,8.7906,3,0.0,4409,1,0.19675454427917
11.21,3.363,1,0.0,4410,1,0.16066218222480227
199.75,87.89,5,0.0,4411,1,0.16292003653437992
176.784,-22.098,1,0.2,4412,1,0.1315008639460506
14.9,7.152,5,0.0,4413,1,0.18602725926322095
104.696,6.5435,1,0.2,4414,1,0.14751457469101054
39.992,7.4985,1,0.2,4415,1,0.15603184354177968
26.85,5.1015,3,0.0,4416,1,0.19763200225756172
3357.6,377.73,3,0.2,4417,-1,-0.061239674461864846
4158.912,363.9048,8,0.2,4418,-1,-0.0839889165607356
30.336,9.48,4,0.2,4419,1,0.19353218545993056
76.92,31.5372,4,0.0,4420,1,0.18527763794573215
244.006,-31.3722,2,0.3,4421,1,0.1195740480463734
17.46,8.2062,2,0.0,4422,1,0.1941629435291093
481.32,125.1432,4,0.0,4423,1,0.12845054955002827
45.98,19.7714,2,0.0,4424,1,0.1848913484088362
770.352,77.0352,3,0.2,4425,1,0.10905878661952972
154.9,40.274,5,0.0,4426,1,0.17141534183803037
29.34,13.4964,3,0.0,4427,1,0.1993999945641387
30.56,14.9744,4,0.0,4428,1,0.19483218416370895
12.96,6.2208,2,0.0,4429,1,0.19069278441574233
19.98,8.991,2,0.0,4430,1,0.19175238792760835
676.55,6.7655,5,0.0,4431,1,0.11643448069174928
386.68,-5.524,2,0.3,4432,1,0.1120891816362819
28.28,7.3528,2,0.0,4433,1,0.19158508519846995
127.88,40.9216,2,0.0,4434,1,0.16593545720926905
557.585,0.0,5,0.3,4435,1,0.10125673967310939
157.92,17.766,5,0.2,4436,1,0.17727177325482574
160.32,44.8896,2,0.0,4437,1,0.16256430399641675
51.184,19.194,7,0.2,4438,1,0.15669932728193697
23.16,-15.44,5,0.7,4439,1,0.07271457329392073
1.272,-2.1624,2,0.8,4440,1,0.07335545754792705
51.897,-41.5176,1,0.7,4441,1,0.03581111014559102
46.0,20.7,4,0.0,4442,1,0.19238699062909037
70.08,24.528,5,0.2,4443,1,0.18030121299300045
41.24,13.9185,5,0.2,4444,1,0.1865069734888652
552.56,-138.14,5,0.2,4445,1,0.08660188747447994
126.08,-28.368,2,0.2,4446,1,0.1647462702018448
4912.59,196.5036,3,0.0,4447,-1,-0.041752122305101724
379.96,47.495,5,0.2,4448,1,0.15413707633428275
449.1,-643.71,3,0.7,4449,-1,-0.02590897477310372
203.184,15.2388,2,0.2,4450,1,0.17452642377899708
539.91,-116.9805,3,0.4,4451,1,0.04104347817019205
915.14,102.95,4,0.2,4452,1,0.09088023840852766
327.76,91.77,8,0.0,4453,1,0.09306373400381368
241.332,-14.196,5,0.32,4454,1,0.12507923683988942
196.784,-22.1382,2,0.2,4455,1,0.16704302031240786
16.74,4.3524,2,0.0,4456,1,0.1957539295840957
21.88,6.2905,5,0.2,4457,1,0.18465590699818113
145.544,16.3737,7,0.2,4458,1,0.15103545331673357
41.904,14.1426,6,0.2,4459,1,0.17162553454025758
5.184,1.8792,1,0.2,4460,1,0.1636683296194964
1352.032,84.502,4,0.2,4461,1,0.05749295515566766
528.43,-143.431,5,0.3,4462,1,0.05761090943155944
4.544,1.6472,2,0.2,4463,1,0.19048317878366738
22.386,-35.8176,7,0.8,4464,1,0.018994118167970475
319.76,147.0896,14,0.0,4465,-1,-0.018808466258337764
45.68,21.0128,2,0.0,4466,1,0.1848913484088362
83.976,-13.6461,3,0.2,4467,1,0.1834220919898516
971.5,252.59,5,0.0,4468,1,0.0632416290600134
901.95,297.6435,3,0.0,4469,1,0.055564682769580376
39.68,10.3168,2,0.0,4470,1,0.19035476008583835
32.54,15.9446,2,0.0,4471,1,0.18760462481285917
199.9,89.955,5,0.0,4472,1,0.15890368125825483
129.98,62.3904,2,0.0,4473,1,0.15502243684892025
84.784,-20.1362,2,0.2,4474,1,0.1750516608651142
189.882,-94.941,3,0.4,4475,1,0.08608631050277532
871.8,87.18,3,0.2,4476,1,0.10236041098354609
72.294,-98.8018,1,0.7,4477,1,0.014606456169674376
20.32,6.9088,4,0.0,4478,1,0.1924327833248679
14.98,6.8908,1,0.0,4479,1,0.16072876456553348
31.086,-20.724,3,0.7,4480,1,0.09275278890803412
72.294,-98.8018,1,0.7,4481,1,0.014606456169674376
86.45,38.038,7,0.0,4482,1,0.1533851559292007
697.16,146.4036,4,0.0,4483,1,0.09783076423558879
16.821,-12.8961,3,0.7,4484,1,0.09653435989883297
20.736,7.2576,4,0.2,4485,1,0.18982530396785824
10.368,3.6288,2,0.2,4486,1,0.18936340533273277
11.992,0.8994,1,0.2,4487,1,0.16266723065719257
84.784,-20.1362,2,0.2,4488,1,0.1750516608651142
528.43,0.0,5,0.3,4489,1,0.10575905319454715
99.372,-1.4196,2,0.3,4490,1,0.1394973414707218
1.344,0.504,1,0.2,4491,1,0.15973023519542062
13.392,1.5066,3,0.2,4492,1,0.19550399193777102
3.168,-4.752,2,0.8,4493,1,0.0755266622750026
167.888,14.6902,7,0.2,4494,1,0.15553640659357493
58.58,19.3314,2,0.0,4495,1,0.18635029976521794
301.47,-241.176,3,0.5,4496,1,0.021579597616087187
18.656,1.6324,2,0.2,4497,1,0.19253835609731235
22.48,10.3408,1,0.0,4498,1,0.15590079821918473
403.168,25.198,4,0.2,4499,1,0.15709733104764856
59.52,17.856,3,0.0,4500,1,0.19859231278245648
1287.45,244.6155,5,0.0,4501,1,0.046021037382537155
17.04,5.538,3,0.2,4502,1,0.19694552033617768
17.64,8.6436,3,0.0,4503,1,0.19675454427917
67.64,5.9185,5,0.2,4504,1,0.18536984934817413
459.95,18.398,5,0.0,4505,1,0.15182093099429056
119.976,-17.9964,3,0.2,4506,1,0.18078648346871246
39.92,11.1776,4,0.0,4507,1,0.19554167260695188
20.24,8.7032,1,0.0,4508,1,0.16111121896140956
32.54,15.9446,2,0.0,4509,1,0.18760462481285917
5.98,2.9302,1,0.0,4510,1,0.16144416103423354
31.4,7.85,2,0.0,4511,1,0.19151832797947488
87.92,0.8792,4,0.0,4512,1,0.1852134899267397
299.975,-167.986,5,0.5,4513,1,0.02783095093078025
844.116,-36.1764,6,0.3,4514,1,0.04918340687465461
414.0,124.2,8,0.0,4515,1,0.0759092662355586
41.328,14.9814,7,0.2,4516,1,0.16018742117711127
29.8,9.3125,5,0.2,4517,1,0.1886924989557125
13.48,6.74,2,0.0,4518,1,0.1909591676979328
45.528,15.9348,3,0.2,4519,1,0.19652510690499952
158.376,-36.9544,4,0.4,4520,1,0.10024235969551293
812.736,60.9552,8,0.2,4521,1,0.06852716974958606
11.34,5.5566,1,0.0,4522,1,0.15941665883355938
327.996,54.666,6,0.1,4523,1,0.12666410162577252
31.984,1.1994,2,0.2,4524,1,0.18961414217215683
280.782,-60.8361,3,0.4,4525,1,0.09169800720592253
1317.492,292.776,6,0.1,4526,1,0.006240025477663891
7.04,3.0976,4,0.0,4527,1,0.18742612223991245
30.144,3.0144,2,0.2,4528,1,0.18983478699273543
59.52,15.4752,3,0.0,4529,1,0.1995913380296384
263.88,71.2476,6,0.0,4530,1,0.14662025397605366
88.04,22.8904,4,0.0,4531,1,0.18979041192568252
30.48,7.9248,3,0.0,4532,1,0.19778309874443173
9.84,2.8536,3,0.0,4533,1,0.196228288747686
14.352,4.6644,3,0.2,4534,1,0.19654353280671044
3.592,1.1225,1,0.2,4535,1,0.16428393997920465
31.56,9.8625,5,0.2,4536,1,0.18863885045093515
20.7,9.936,2,0.0,4537,1,0.19048851225258212
161.94,9.7164,3,0.0,4538,1,0.18208980078222065
63.84,18.5136,8,0.0,4539,1,0.14464972147372185
10.95,3.285,3,0.0,4540,1,0.19485880464625127
12.99,0.2598,1,0.0,4541,1,0.15894148915773798
35.12,9.1312,4,0.0,4542,1,0.1956166531390966
1454.9,378.274,5,0.0,4543,1,0.01581281678026536
71.12,22.0472,4,0.0,4544,1,0.19331722834165987
99.846,-83.205,9,0.7,4545,1,3.342930037383285E-4
10.272,3.21,3,0.2,4546,1,0.19506968519500106
259.96,124.7808,4,0.0,4547,1,0.14506328143958402
82.64,7.4376,2,0.0,4548,1,0.187367139871635
588.784,183.995,2,0.2,4549,1,0.08607746878939204
27.81,13.0707,3,0.0,4550,1,0.19912310024259888
31.02,8.0652,2,0.0,4551,1,0.1923142267293838
89.97,37.7874,3,0.0,4552,1,0.1840299104370985
149.97,5.9988,3,0.0,4553,1,0.1820566530422537
158.368,13.8572,7,0.2,4554,1,0.15500416743687878
769.184,-163.4516,4,0.2,4555,1,0.060555671555360235
118.782,-27.7158,3,0.4,4556,1,0.1121759380772882
1294.75,336.635,5,0.0,4557,1,0.02959955315456453
658.746,146.388,3,0.1,4558,1,0.09020922855473673
33.528,2.5146,3,0.2,4559,1,0.19659593590921726
3.64,0.9828,2,0.0,4560,1,0.1884656431691072
37.94,18.2112,2,0.0,4561,1,0.18691073491288768
36.744,3.6744,3,0.2,4562,1,0.19721964656183272
1199.976,374.9925,3,0.2,4563,1,0.003864157479392283
354.9,88.725,5,0.0,4564,1,0.14526877791877468
388.704,-4.8588,6,0.2,4565,1,0.14431137313057685
95.984,-4.1136,4,0.3,4566,1,0.14849125530738938
24.7,10.374,5,0.0,4567,1,0.18998033203178855
159.92,31.984,4,0.0,4568,1,0.17565016488072105
17.04,6.9864,4,0.0,4569,1,0.19122696826065366
121.104,-100.92,6,0.7,4570,1,0.018070953861131223
1088.792,-1850.9464,4,0.8,4571,-1,-0.10503188869899083
8.26,3.7996,2,0.0,4572,1,0.18900534050920054
8.872,3.2161,1,0.2,4573,1,0.15979005287491171
17.92,8.6016,4,0.0,4574,1,0.19142948841968715
30.0,14.4,6,0.0,4575,1,0.17733890305305716
12.96,6.2208,2,0.0,4576,1,0.19094008225923376
25.92,12.7008,4,0.0,4577,1,0.19476651906124792
34.4,15.824,5,0.0,4578,1,0.1915647569233433
20.04,9.6192,3,0.0,4579,1,0.19616371523521975
64.96,2.5984,2,0.0,4580,1,0.19102212183298545
431.928,64.7892,9,0.2,4581,1,0.09008964885498733
556.665,6.549,5,0.15,4582,1,0.1226563957518827
5.28,2.4288,2,0.0,4583,1,0.1909368589369333
35.352,12.8151,9,0.2,4584,1,0.1305386468388096
517.9,134.654,2,0.0,4585,1,0.11044683084022389
113.76,44.3664,3,0.0,4586,1,0.17569047390053
13.568,3.2224,4,0.2,4587,1,0.18886055132865925
48.032,15.6104,4,0.2,4588,1,0.19131365168906206
23.2,8.12,5,0.2,4589,1,0.1855466090905425
8.904,-6.5296,2,0.7,4590,1,0.09794941327170781
12.96,6.2208,2,0.0,4591,1,0.19094008225923376
150.66,6.0264,9,0.0,4592,1,0.11534196877258396
579.51,81.1314,3,0.0,4593,1,0.13165833369179286
194.352,-36.441,3,0.2,4594,1,0.16893177213589378
638.288,-31.9144,7,0.2,4595,1,0.10147395264770709
343.92,75.6624,4,0.0,4596,1,0.15567639732457
36.624,13.734,3,0.2,4597,1,0.19787186512375676
13.208,4.6228,1,0.2,4598,1,0.15784746946555478
63.9,28.755,5,0.0,4599,1,0.18561343066667335
40.99,20.0851,1,0.0,4600,1,0.14984912483285484
10.272,3.4668,3,0.2,4601,1,0.19459437571860483
19.44,9.3312,3,0.0,4602,1,0.19654615733839925
51.984,-5.1984,1,0.2,4603,1,0.15400224172709093
129.552,-22.6716,3,0.2,4604,1,0.1753589626252703
6.12,2.8764,3,0.0,4605,1,0.19486164488186808
933.536,105.0228,4,0.2,4606,1,0.09245905669150634
383.8,38.38,5,0.2,4607,1,0.15779772309512402
25.06,11.7782,2,0.0,4608,1,0.19196221268500674
42.976,4.2976,4,0.2,4609,1,0.1912170901598521
81.2,12.18,5,0.0,4610,1,0.19021661404843881
1121.568,0.0,2,0.2,4611,1,0.06973898593765371
33.488,5.8604,7,0.2,4612,1,0.1618354433269159
189.588,-145.3508,2,0.7,4613,1,0.0228893499791617
8.04,2.9145,5,0.2,4614,1,0.18227547532131932
143.7,68.976,3,0.0,4615,1,0.16413389906136072
4.768,-0.7748,2,0.2,4616,1,0.189795292846838
408.744,76.6395,7,0.2,4617,1,0.121545171564788
291.96,54.7425,5,0.2,4618,1,0.16220132927523762
9.96,3.2868,2,0.0,4619,1,0.19007449303728852
12.84,3.7236,3,0.0,4620,1,0.19485880464625127
25.3,11.891,5,0.0,4621,1,0.19177201932230875
123.088,40.0036,7,0.2,4622,1,0.1463673956429825
28.8,0.864,3,0.0,4623,1,0.1935536096023885
35.168,8.3524,4,0.2,4624,1,0.19267009353793507
9099.93,2365.9818,7,0.0,4625,-1,-0.15657973490894106
257.499,24.2352,3,0.15,4626,1,0.16035692628710563
18.624,6.2856,8,0.2,4627,1,0.13994169798684053
79.12,13.846,5,0.2,4628,1,0.18267502775571337
29.05,9.0055,5,0.0,4629,1,0.19126058384217792
36.792,4.1391,1,0.2,4630,1,0.15882730437597814
79.12,13.846,5,0.2,4631,1,0.18267502775571337
344.372,-93.4724,4,0.3,4632,1,0.09058191173347785
127.88,-67.137,5,0.6,4633,1,0.0505332623826279
203.92,55.0584,4,0.0,4634,1,0.1724740464506438
6.99,2.0271,3,0.0,4635,1,0.193832953356532
9.664,3.2616,2,0.2,4636,1,0.1871808174318889
1554.936,77.7468,3,0.2,4637,1,0.05250928521528864
230.376,-48.9549,3,0.2,4638,1,0.15121681595212888
6.84,1.8468,1,0.0,4639,1,0.16088623287118842
29.56,7.9812,4,0.0,4640,1,0.19360459663396157
205.176,-58.1332,2,0.4,4641,1,0.08188917110284516
5.46,1.5288,3,0.0,4642,1,0.19194582399515064
71.96,17.99,2,0.0,4643,1,0.1847090060500277
73.2,21.228,5,0.0,4644,1,0.18705707417499873
3.28,1.476,2,0.0,4645,1,0.18660435137211495
5.84,1.971,1,0.2,4646,1,0.16341890922692143
9.28,3.248,2,0.2,4647,1,0.1871808174318889
9.336,3.2676,3,0.2,4648,1,0.19459437571860483
419.4,146.79,5,0.2,4649,1,0.11132812121370145
22.72,10.224,4,0.0,4650,1,0.1925000612993173
459.88,13.7964,4,0.0,4651,1,0.15401425901289512
54.9,15.372,5,0.0,4652,1,0.19083128924720683
7.76,2.2504,2,0.0,4653,1,0.18856770175798054
39.96,12.987,5,0.2,4654,1,0.18633868975448653
25.98,0.7794,2,0.0,4655,1,0.1880684275442674
48.792,-126.8592,3,0.8,4656,1,0.015655869866028738
15.48,4.4892,3,0.0,4657,1,0.19798237896959825
44.848,-67.272,8,0.8,4658,-1,-0.008669085624333661
8.32,2.808,5,0.2,4659,1,0.18342328291786564
51.84,24.8832,8,0.0,4660,1,0.13913627348776925
102.336,-12.792,4,0.2,4661,1,0.17908659461919646
23.56,7.068,5,0.2,4662,1,0.1855466090905425
31.56,10.4148,3,0.0,4663,1,0.19936255872269654
86.62,8.662,2,0.0,4664,1,0.18649332959274462
1272.63,-814.4832,6,0.5,4665,-1,-0.07687006962061949
78.272,5.8704,2,0.2,4666,1,0.1806379649238301
32.13,8.3538,9,0.0,4667,1,0.12673731350100476
2.88,0.8064,1,0.0,4668,1,0.1557375610067231
28.485,-20.889,5,0.7,4669,1,0.06753873865509752
23.952,2.3952,2,0.2,4670,1,0.18639757033609577
185.376,-34.758,2,0.2,4671,1,0.15924329331568
18.088,6.5569,7,0.2,4672,1,0.1594637741322079
251.52,81.744,6,0.2,4673,1,0.14109861848395716
71.97,35.985,3,0.0,4674,1,0.1873074841355748
108.336,37.9176,6,0.2,4675,1,0.16081331710100288
36.24,11.325,5,0.2,4676,1,0.18854841711871356
78.304,29.364,2,0.2,4677,1,0.17197345177807066
55.92,6.291,5,0.2,4678,1,0.1836620871483996
99.99,34.9965,1,0.0,4679,1,0.13701719918325828
1325.76,149.148,6,0.2,4680,1,0.03227033076748764
3.984,1.3944,1,0.2,4681,1,0.16243998907057722
3.108,-2.1756,2,0.7,4682,1,0.0980757977022671
15.552,5.4432,3,0.2,4683,1,0.19535846978890103
258.696,64.674,3,0.2,4684,1,0.162810924463195
20.724,-13.816,2,0.7,4685,1,0.08811288522872124
4.896,-3.4272,3,0.7,4686,1,0.10344172749979119
82.8,-20.7,2,0.4,4687,1,0.11126147011485776
434.646,62.7822,3,0.1,4688,1,0.12667735766697674
41.568,2.598,2,0.2,4689,1,0.18384248859253915
30.344,-31.8612,2,0.6,4690,1,0.07786940968249983
15.712,5.6956,4,0.2,4691,1,0.19040402794473366
29.472,9.9468,3,0.2,4692,1,0.1981468079105692
369.576,41.5773,3,0.2,4693,1,0.15921190470532276
111.888,22.3776,7,0.2,4694,1,0.1565590722864908
22.608,-10.1736,3,0.6,4695,1,0.10480244790003407
7.712,2.7956,2,0.2,4696,1,0.18597653970895572
370.62,-142.071,3,0.4,4697,1,0.05478699111465812
11.16,4.3524,2,0.0,4698,1,0.18979165218579297
2.742,-2.0108,2,0.7,4699,1,0.10103656797600485
3.984,1.2948,1,0.2,4700,1,0.16243998907057722
109.92,53.8608,2,0.0,4701,1,0.1574795098141945
19.44,9.3312,3,0.0,4702,1,0.1966806312437493
187.056,11.691,9,0.2,4703,1,0.12062817022676231
366.744,-110.0232,4,0.3,4704,1,0.08367334069414145
12.56,4.0192,2,0.0,4705,1,0.19005403144652788
214.7,83.733,5,0.0,4706,1,0.1634323232131737
86.352,5.397,3,0.2,4707,1,0.1901498757962201
45.576,15.9516,3,0.2,4708,1,0.19492928160876982
90.48,33.93,3,0.2,4709,1,0.1808761506309764
5.04,1.764,2,0.2,4710,1,0.18765077538452535
13.08,6.0168,2,0.0,4711,1,0.18998324840688824
18.936,-3.7872,3,0.2,4712,1,0.19500365786293022
44.94,12.5832,3,0.0,4713,1,0.2004820157683942
12.672,-3.168,3,0.2,4714,1,0.1922309955784457
51.968,10.3936,2,0.2,4715,1,0.18463019325121505
26.406,-71.2962,3,0.8,4716,1,0.03880054647763309
27.384,2.7384,7,0.2,4717,1,0.15817281051273652
2.182,-3.6003,1,0.8,4718,1,0.043295607095773736
6.0,2.1,2,0.2,4719,1,0.18765077538452535
195.64,-44.019,5,0.2,4720,1,0.1535545528941677
431.976,-75.5958,3,0.2,4721,1,0.11938957003473005
132.52,34.7865,5,0.2,4722,1,0.17311837273865183
224.937,-164.9538,3,0.7,4723,1,0.02282596464160691
16.72,3.344,5,0.2,4724,1,0.1866515434073956
71.088,-1.7772,2,0.2,4725,1,0.18634820464215385
1685.88,320.3172,6,0.0,4726,1,0.007347468196826523
298.776,7.4694,3,0.2,4727,1,0.17395155362921483
5.728,2.0048,2,0.2,4728,1,0.1887826128524372
6.72,2.352,5,0.2,4729,1,0.18550383259048225
93.248,31.4712,4,0.2,4730,1,0.18324319116437188
79.14,36.4044,3,0.0,4731,1,0.18585222159443365
14.352,5.2026,3,0.2,4732,1,0.19484523103355172
5.98,1.0166,1,0.0,4733,1,0.15857983434345846
177.48,19.9665,3,0.2,4734,1,0.1842079622317095
246.168,21.5397,3,0.2,4735,1,0.17944165051467187
41.6,14.144,4,0.0,4736,1,0.1962729686121717
54.712,11.6263,7,0.2,4737,1,0.16385176913540284
54.48,15.2544,1,0.0,4738,1,0.1571509384311659
3.208,-5.2932,2,0.8,4739,1,0.07630825520777984
7.216,1.7138,2,0.2,4740,1,0.18869400751793086
49.568,15.49,2,0.2,4741,1,0.18538683819610363
26.176,-3.272,2,0.2,4742,1,0.18646299567866542
442.764,59.0352,4,0.1,4743,1,0.13081420858851955
63.68,28.0192,8,0.0,4744,1,0.1408767334605615
85.232,30.8966,7,0.2,4745,1,0.15535161636094796
44.4,22.2,3,0.0,4746,1,0.1957739344567066
199.95,21.9945,5,0.0,4747,1,0.17853479955124718
3999.95,1159.9855,5,0.0,4748,-1,-0.11199303076243072
37.68,16.96,6,0.0,4749,1,0.17574388081670433
2.21,0.6,1,0.0,4750,1,0.15631393058787146
6.48,3.11,1,0.0,4751,1,0.16175001046188353
8.74,-6.12,4,0.7,4752,1,0.09727081885611999
211.96,42.392,2,0.0,4753,1,0.16362666459933328
17.94,8.073,3,0.0,4754,1,0.19788587041778677
10.688,3.7408,2,0.2,4755,1,0.18710574933739504
10.368,3.6288,2,0.2,4756,1,0.18736994522861788
25.12,1.57,2,0.2,4757,1,0.18743412550101657
1006.056,88.0299,3,0.2,4758,1,0.09076550097053149
58.112,7.264,2,0.2,4759,1,0.1839481674806357
48.784,-131.7168,4,0.8,4760,1,0.006026108116509055
8.0,3.44,5,0.0,4761,1,0.18390595440800972
79.36,9.92,5,0.2,4762,1,0.18538242904714025
27.86,9.1938,7,0.0,4763,1,0.16371633250440598
18.528,-27.792,6,0.8,4764,1,0.03019071467445611
13.184,-20.4352,4,0.8,4765,1,0.0608260300626875
9.344,3.504,1,0.2,4766,1,0.16047235574406477
32.04,14.418,4,0.0,4767,1,0.1964091234458003
76.64,26.824,2,0.2,4768,1,0.1738334029538885
856.656,107.082,6,0.2,4769,1,0.07704147251197513
93.98,13.1572,2,0.0,4770,1,0.18277730164840095
19.136,1.9136,2,0.2,4771,1,0.19033448509923806
7.072,2.3868,2,0.2,4772,1,0.18834234028989033
11.96,5.8604,2,0.0,4773,1,0.19097733523649452
743.988,-123.998,2,0.4,4774,1,0.006890960851524963
5.98,2.691,1,0.0,4775,1,0.16273915544554757
10.02,4.4088,3,0.0,4776,1,0.19544526655773942
8.67,2.3409,1,0.0,4777,1,0.16220089507365798
10.96,2.9592,4,0.0,4778,1,0.18950287129135557
54.9,26.901,5,0.0,4779,1,0.18736867290874487
82.368,-19.5624,2,0.2,4780,1,0.17451291492672427
120.0,46.8,6,0.0,4781,1,0.15928201087418115
631.96,303.3408,4,0.0,4782,1,0.07157211826470722
30.192,8.3028,3,0.2,4783,1,0.1971595707115531
79.384,29.769,1,0.2,4784,1,0.14423110486350665
4.768,0.4172,2,0.2,4785,1,0.18794498695307515
57.582,-44.1462,3,0.7,4786,1,0.07782341564418382
13.392,-9.8208,8,0.7,4787,1,0.03848657179099235
10.38,-7.612,2,0.7,4788,1,0.09592485582228405
31.104,10.8864,6,0.2,4789,1,0.17624278939582072
185.528,48.7011,7,0.2,4790,1,0.14955992099413806
43.6,4.36,5,0.2,4791,1,0.18729371654451726
8.34,2.1684,3,0.0,4792,1,0.19399780526131688
91.96,25.7488,4,0.0,4793,1,0.1900010332412661
7.764,-5.176,4,0.7,4794,1,0.09831230375950295
511.84,240.5648,8,0.0,4795,1,0.045555308768242764
13.776,4.4772,3,0.2,4796,1,0.19514874592630455
15.232,5.5216,4,0.2,4797,1,0.19025696788135787
282.84,19.7988,4,0.0,4798,1,0.17402384874196097
27.72,13.3056,9,0.0,4799,1,0.12646680149839795
17.34,8.4966,3,0.0,4800,1,0.19788587041778677
552.56,0.0,4,0.0,4801,1,0.13412305325405832
173.24,17.324,4,0.0,4802,1,0.17805353956016468
22.608,-10.1736,3,0.6,4803,1,0.1042393832304947
27.018,-21.6144,6,0.7,4804,1,0.0544767174842552
2.89,-4.7685,1,0.8,4805,1,0.04666017941737266
2.952,-2.1648,2,0.7,4806,1,0.0986627700351922
7.896,2.4675,3,0.2,4807,1,0.19331356746043382
14.62,6.8714,2,0.0,4808,1,0.19234430054001705
30.528,9.54,8,0.2,4809,1,0.14274221612076654
65.17,18.8993,7,0.0,4810,1,0.16649573245743243
17.94,8.7906,3,0.0,4811,1,0.19716408108107153
104.28,26.07,3,0.0,4812,1,0.18538502797920697
641.96,179.7488,2,0.0,4813,1,0.07654634686648398
39.76,12.3256,8,0.0,4814,1,0.14809927401923212
35.92,15.0864,4,0.0,4815,1,0.19471068921704554
87.84,23.7168,8,0.0,4816,1,0.1412837205896726
242.9,70.441,5,0.0,4817,1,0.16575105146505376
21.4,6.206,5,0.0,4818,1,0.1902964674191288
47.744,14.92,4,0.2,4819,1,0.1911357529861572
9.584,3.3544,1,0.2,4820,1,0.158422471500691
454.9,0.0,5,0.0,4821,1,0.14821031034361054
1049.2,272.792,5,0.0,4822,1,0.05898015469682061
40.635,-32.508,7,0.7,4823,1,0.04318792113522463
2.694,-2.245,2,0.7,4824,1,0.0986627700351922
15.424,5.0128,4,0.2,4825,1,0.18861676312009185
1363.96,85.2475,5,0.2,4826,1,0.060677668095770576
1.964,-3.2406,2,0.8,4827,1,0.07408988389143945
3.798,-5.8869,3,0.8,4828,1,0.07788306154676317
111.96,54.8604,2,0.0,4829,1,0.1590408431990411
82.656,30.996,9,0.2,4830,1,0.11954488798811902
66.26,27.1666,2,0.0,4831,1,0.1811340541629765
2396.4,179.73,10,0.2,4832,-1,-0.055994626768646416
55.176,-12.4146,3,0.2,4833,1,0.1864868980903261
174.286,-19.9184,2,0.3,4834,1,0.13082486934969206
662.84,172.3384,4,0.0,4835,1,0.09093932751341038
26.88,12.9024,6,0.0,4836,1,0.17597244327498412
14.73,7.2177,3,0.0,4837,1,0.19587629715437227
95.1,30.432,5,0.0,4838,1,0.17921485013561433
257.98,74.8142,2,0.0,4839,1,0.14983204469188094
222.384,22.2384,2,0.2,4840,1,0.16493052758325272
345.0,86.25,5,0.0,4841,1,0.1532029744463433
37.05,16.302,3,0.0,4842,1,0.19771093797838113
6.294,-4.196,1,0.7,4843,1,0.06957038846931984
10.368,3.6288,2,0.2,4844,1,0.1854522049201851
4.98,2.4402,1,0.0,4845,1,0.16121255551220426
8399.976,1119.9968,4,0.4,4846,-1,-0.1604258478609133
122.382,-24.4764,3,0.4,4847,1,0.11157397225754445
1979.928,148.4946,9,0.2,4848,-1,-0.03142159313039483
16.656,3.3312,3,0.2,4849,1,0.1952276628632218
191.6,91.968,4,0.0,4850,1,0.1593404750662471
69.5,20.155,5,0.0,4851,1,0.18936434770486288
24.96,6.24,4,0.0,4852,1,0.19284728585622518
19.36,9.2928,2,0.0,4853,1,0.18971217738516616
1267.65,152.118,9,0.0,4854,-1,-0.009960672469641052
388.43,-88.784,5,0.3,4855,1,0.09520469697723183
484.704,-84.8232,6,0.2,4856,1,0.1057747289506169
41.37,17.3754,3,0.0,4857,1,0.19826608643511467
26.94,11.3148,3,0.0,4858,1,0.1998190383709771
34.848,6.534,2,0.2,4859,1,0.18505331287513366
1.504,0.1692,1,0.2,4860,1,0.1571886625233242
9.64,4.4344,2,0.0,4861,1,0.18979367546578102
5.94,0.0,3,0.0,4862,1,0.190042811257233
45.36,21.7728,7,0.0,4863,1,0.16416715687115613
19.44,9.3312,3,0.0,4864,1,0.19638895651445293
14.352,5.2026,3,0.2,4865,1,0.19313685576142103
10.368,3.6288,2,0.2,4866,1,0.1854522049201851
12.7,5.842,2,0.0,4867,1,0.1908126744252296
184.704,13.8528,6,0.2,4868,1,0.16741732136977994
63.992,-7.1991,1,0.2,4869,1,0.15461961762028292
47.92,11.98,2,0.2,4870,1,0.18562668413960437
371.976,116.2425,3,0.2,4871,1,0.13161299235788393
211.168,23.7564,4,0.2,4872,1,0.17610383482691017
3504.9,700.98,5,0.0,4873,-1,-0.09451614297466349
5.584,-1.6752,2,0.6,4874,1,0.10105911725460265
25.176,-33.3582,3,0.6,4875,1,0.0888239024692144
13.38,6.1548,2,0.0,4876,1,0.18967406605175524
314.55,150.984,3,0.0,4877,1,0.1356113787883348
144.12,69.1776,3,0.0,4878,1,0.1683281948349895
1297.368,97.3026,9,0.2,4879,1,0.005743758789146236
390.272,-24.392,8,0.2,4880,1,0.10092448958347766
262.24,78.672,2,0.0,4881,1,0.15016899259939953
185.88,50.1876,6,0.0,4882,1,0.15769243090299429
22.72,7.384,4,0.2,4883,1,0.19108822949889248
62.192,19.435,13,0.2,4884,1,0.04157430917013394
182.72,84.0512,8,0.0,4885,1,0.11290877227304597
54.9,15.372,5,0.0,4886,1,0.1908592055387987
131.6,7.896,7,0.0,4887,1,0.15042204390937064
558.4,41.88,2,0.2,4888,1,0.12885428514000802
286.4,25.06,1,0.2,4889,1,0.12378226464849906
44.76,14.547,3,0.2,4890,1,0.19406324104816147
4.448,0.3336,2,0.2,4891,1,0.18597532209093254
11.277,-8.6457,3,0.7,4892,1,0.10248833501566185
22.75,11.375,5,0.0,4893,1,0.19146380365069243
979.95,274.386,5,0.0,4894,1,0.060998545791732695
801.568,50.098,2,0.2,4895,1,0.10394182751590764
47.4,21.33,5,0.0,4896,1,0.18585958979898787
167.84,11.7488,8,0.0,4897,1,0.12869486119257317
2275.5,386.835,10,0.0,4898,-1,-0.08374780127785275
364.74,109.422,3,0.0,4899,1,0.14204162506114143
123.92,9.294,5,0.2,4900,1,0.17949369309783292
14.7,3.969,5,0.0,4901,1,0.18631659120397287
5.56,1.4456,2,0.0,4902,1,0.18789324893089449
2.376,-1.9008,3,0.7,4903,1,0.10453962986573717
3.282,-2.6256,2,0.7,4904,1,0.10012179850233538
14.952,-11.9616,2,0.7,4905,1,0.09797458155565297
22.62,-15.08,2,0.7,4906,1,0.09348561307347503
26.55,12.744,9,0.0,4907,1,0.12893769455884185
62.1,29.808,6,0.0,4908,1,0.17174399004786356
32.792,11.8871,1,0.2,4909,1,0.15986375634972633
629.1,301.968,6,0.0,4910,1,0.057438814054334486
38.88,18.6624,6,0.0,4911,1,0.17602038379716367
45.36,21.7728,7,0.0,4912,1,0.16472365713523823
49.76,13.9328,4,0.0,4913,1,0.19632897063760169
111.98,26.8752,2,0.0,4914,1,0.17370894249509167
223.96,11.198,5,0.2,4915,1,0.17882633573791268
1979.7,653.301,6,0.0,4916,-1,-0.06856816671860888
839.988,69.999,2,0.4,4917,1,0.032699961720232484
125.99,35.2772,1,0.0,4918,1,0.1325906022599977
79.96,7.996,5,0.2,4919,1,0.18392827424932479
191.079,-38.2158,3,0.3,4920,1,0.13436631597313858
32.064,-12.8256,3,0.6,4921,1,0.09813872615029923
7.152,2.3244,3,0.2,4922,1,0.1931859885727199
18.496,6.7048,4,0.2,4923,1,0.1922730133121497
10.368,3.6288,2,0.2,4924,1,0.18585994062655453
179.7,88.053,6,0.0,4925,1,0.14676593024459028
11.232,3.9312,3,0.2,4926,1,0.1909221943693129
51.648,18.7224,12,0.2,4927,1,0.06797371817633091
30.18,13.8828,3,0.0,4928,1,0.19982299644572027
64.784,-12.9568,1,0.2,4929,1,0.14947411924014842
71.088,-1.7772,2,0.2,4930,1,0.18397424406459512
136.784,5.1294,1,0.2,4931,1,0.14143554255247287
419.68,-356.728,5,0.6,4932,-1,-0.0053263959754779044
4.044,-2.8308,3,0.6,4933,1,0.10347457517094255
61.12,20.7808,4,0.0,4934,1,0.19579207795696363
11.688,-4.6752,3,0.6,4935,1,0.10196964107120221
177.225,-120.513,5,0.5,4936,1,0.03933130267255136
7.408,1.2038,2,0.2,4937,1,0.18698981580250607
14.94,7.0218,3,0.0,4938,1,0.19641343383008675
75.88,35.6636,2,0.0,4939,1,0.17544281645432053
25.92,9.396,5,0.2,4940,1,0.18605919423669826
1349.85,364.4595,3,0.0,4941,1,0.005934029475093694
31.984,11.1944,2,0.2,4942,1,0.1885263816199338
58.24,15.7248,4,0.0,4943,1,0.1958720298113319
11.16,2.79,2,0.0,4944,1,0.191407983019468
21.552,7.0044,6,0.2,4945,1,0.17285725727686058
14.94,6.8724,3,0.0,4946,1,0.19641343383008675
7.56,2.646,3,0.2,4947,1,0.19303470764232167
360.38,93.6988,2,0.0,4948,1,0.1308046928920905
124.608,-23.364,4,0.2,4949,1,0.174930875496908
61.38,15.9588,6,0.0,4950,1,0.17824387922359197
466.32,34.974,3,0.2,4951,1,0.15724614033120893
82.64,0.0,2,0.2,4952,1,0.18080409519325802
11.67,5.6016,3,0.0,4953,1,0.19335695716218776
64.14,30.7872,3,0.0,4954,1,0.1883268987134496
22.05,10.584,7,0.0,4955,1,0.16140541394309077
59.94,28.1718,3,0.0,4956,1,0.1927895887000014
99.9,46.953,5,0.0,4957,1,0.1712114382422335
12.96,6.2208,2,0.0,4958,1,0.18995517037131265
105.52,48.5392,4,0.0,4959,1,0.17271368877533555
714.3,207.147,5,0.0,4960,1,0.08305393088853547
179.94,75.5748,6,0.0,4961,1,0.14934927293803996
26.96,3.7744,2,0.0,4962,1,0.19184940420125463
26.85,5.1015,3,0.0,4963,1,0.19573096043372956
323.37,129.348,3,0.0,4964,1,0.14492798839500914
328.224,28.7196,4,0.2,4965,1,0.16222784321762235
3023.928,226.7946,9,0.2,4966,-1,-0.05994451024180936
477.6,161.19,3,0.2,4967,1,0.10655100896706776
4.784,1.5548,1,0.2,4968,1,0.16434532802078078
9.648,3.4974,6,0.2,4969,1,0.16802805322686443
32.4,15.552,5,0.0,4970,1,0.18943532931340268
4.73,2.3177,1,0.0,4971,1,0.16147254608977224
122.352,13.7646,3,0.2,4972,1,0.18626817933867884
692.94,173.235,3,0.0,4973,1,0.0912913726220903
695.7,-27.828,2,0.5,4974,1,0.026439476420756836
177.48,19.9665,3,0.2,4975,1,0.18171835760390526
1335.68,-217.048,4,0.2,4976,1,0.017531242824860627
20.7,9.936,2,0.0,4977,1,0.1895221043475826
23.616,7.9704,8,0.2,4978,1,0.1413478292003728
32.4,15.552,5,0.0,4979,1,0.19075554148694268
12.544,-9.0944,7,0.6,4980,1,0.06736846801942209
902.712,33.8517,3,0.2,4981,1,0.1170696099076955
8.272,-13.6488,4,0.8,4982,1,0.06876846200432962
1.344,-2.1504,4,0.8,4983,1,0.07449990229893355
53.984,17.5448,14,0.2,4984,1,0.03481175836152017
14.62,6.8714,2,0.0,4985,1,0.19359261539442413
239.97,71.991,3,0.0,4986,1,0.1642268275634639
389.97,132.5898,3,0.0,4987,1,0.13615411920750775
379.372,-119.2312,2,0.3,4988,1,0.07782867991351833
6.984,-4.5396,2,0.6,4989,1,0.09875333501220956
47.04,18.3456,3,0.0,4990,1,0.19677890980341733
64.384,-160.96,4,0.8,4991,1,0.0034827212340312608
208.16,56.2032,1,0.0,4992,1,0.11874805785892356
52.56,18.396,3,0.0,4993,1,0.1969536968346065
11.264,3.9424,8,0.2,4994,1,0.13670609495181085
1.524,-2.667,2,0.8,4995,1,0.0760868123033015
16.74,8.0352,3,0.0,4996,1,0.19441559345100728
30.84,13.878,4,0.0,4997,1,0.19579848463279953
115.02,51.759,9,0.0,4998,1,0.10922184965619486
14.62,6.8714,2,0.0,4999,1,0.19359261539442413
15.552,5.6376,3,0.2,5000,1,0.19513691048259668
92.94,41.823,3,0.0,5001,1,0.18173763436641616
185.88,83.646,6,0.0,5002,1,0.14786991918431197
313.488,113.6394,7,0.2,5003,1,0.11900990918838689
23.12,8.381,5,0.2,5004,1,0.18640067532823945
12.96,6.2208,2,0.0,5005,1,0.19034733370428536
226.56,63.4368,6,0.0,5006,1,0.15380745786614752
67.536,6.7536,9,0.2,5007,1,0.13379100403192534
1007.979,43.1991,3,0.3,5008,1,0.06721234597102976
68.04,19.7316,7,0.0,5009,1,0.16901513336556762
140.67,54.8613,3,0.0,5010,1,0.17086548960506154
19.68,6.888,5,0.2,5011,1,0.18466782004937254
70.464,22.9008,6,0.2,5012,1,0.1726951629261433
310.12,80.6312,2,0.0,5013,1,0.1458878414544073
33.568,11.7488,2,0.2,5014,1,0.1891545900300744
18.9,8.694,3,0.0,5015,1,0.19566740457061987
377.97,94.4925,3,0.0,5016,1,0.14488273354721415
599.165,35.245,5,0.15,5017,1,0.1226123364891854
8.73,4.1031,3,0.0,5018,1,0.1900957331742047
1293.488,80.843,7,0.2,5019,1,0.05078207913501276
337.176,-118.0116,2,0.4,5020,1,0.05428222065587063
1115.17,334.551,7,0.0,5021,1,0.008619037089727999
7.04,2.0416,4,0.0,5022,1,0.1872699785145569
8.64,2.5056,3,0.0,5023,1,0.19182888139897497
39.936,-26.624,4,0.7,5024,1,0.08257348018863958
18.464,2.308,2,0.2,5025,1,0.19067913654467955
29.29,9.6657,1,0.0,5026,1,0.1587377878600148
173.488,54.215,7,0.2,5027,1,0.14891691058504303
9.45,4.536,3,0.0,5028,1,0.19305451320560946
46.35,21.7845,5,0.0,5029,1,0.1853208878155453
91.475,-1.8295,1,0.5,5030,1,0.07263989231869528
239.666,14.098,2,0.15,5031,1,0.15125550292701057
319.41,7.098,5,0.1,5032,1,0.1478770711221743
483.136,54.3528,4,0.2,5033,1,0.1480651999616236
266.352,-13.3176,3,0.2,5034,1,0.17185882424029697
376.866,-213.5574,3,0.4,5035,1,0.03894313867689636
1.68,0.84,1,0.0,5036,1,0.15690827440199734
9.84,2.8536,3,0.0,5037,1,0.1934932334387161
48.48,16.362,4,0.2,5038,1,0.1919193949867306
7.96,3.7412,2,0.0,5039,1,0.18671881862735035
22.5,10.8,6,0.0,5040,1,0.17575516528091661
14.56,6.9888,2,0.0,5041,1,0.19102820055670006
111.96,54.8604,2,0.0,5042,1,0.16060018717804675
219.84,107.7216,4,0.0,5043,1,0.1483514780957344
32.4,15.552,5,0.0,5044,1,0.1889631668671224
40.74,0.4074,3,0.0,5045,1,0.19245037791100772
208.56,52.14,6,0.0,5046,1,0.15733082262318276
30.0,3.3,2,0.0,5047,1,0.19185670810053979
566.97,153.0819,3,0.0,5048,1,0.11347926167445743
453.6,90.72,3,0.2,5049,1,0.14200143356656308
4.626,-3.855,2,0.7,5050,1,0.10286040975277805
76.864,26.9024,2,0.2,5051,1,0.1794321109604245
6.848,2.14,2,0.2,5052,1,0.19013553161704816
14.0,-6.3,4,0.6,5053,1,0.10721360734089369
17.12,8.0464,2,0.0,5054,1,0.19334775370833723
161.568,-8.0784,2,0.2,5055,1,0.17763078224281825
57.69,23.6529,3,0.0,5056,1,0.195546642127507
447.696,33.5772,2,0.2,5057,1,0.14609252103136372
21.78,5.6628,2,0.0,5058,1,0.1955593228912081
5.16,1.3416,2,0.0,5059,1,0.1881930205460719
17.712,6.4206,3,0.2,5060,1,0.19688807809177256
29.718,-21.7932,6,0.7,5061,1,0.06161310294931133
10.368,3.6288,2,0.2,5062,1,0.18901475287805763
45.056,15.2064,8,0.2,5063,1,0.14442930215232253
38.88,18.6624,6,0.0,5064,1,0.17645521679598047
15.552,5.4432,3,0.2,5065,1,0.1953041220553735
46.76,22.4448,7,0.0,5066,1,0.16427298191486883
161.94,9.7164,3,0.0,5067,1,0.18154660340281836
95.968,26.3912,4,0.2,5068,1,0.19071882912355687
45.0,4.95,3,0.0,5069,1,0.19745549870834733
6.9,0.552,1,0.0,5070,1,0.15966566510820468
21.8,6.104,2,0.0,5071,1,0.19576043090598672
353.568,-44.196,2,0.2,5072,1,0.1284806338380215
36.56,12.796,5,0.2,5073,1,0.1899516289290495
186.144,60.4968,6,0.2,5074,1,0.1564517693898329
0.836,-1.3376,1,0.8,5075,1,0.047682639139846494
3.96,1.4652,2,0.0,5076,1,0.18864721367438153
18.45,8.6715,5,0.0,5077,1,0.18874732986722853
21.93,10.3071,3,0.0,5078,1,0.19531002003131748
122.12,56.1752,4,0.0,5079,1,0.17272280899492698
25.83,12.1401,7,0.0,5080,1,0.16559114132891722
19.98,9.3906,1,0.0,5081,1,0.16024812679035222
146.73,68.9631,3,0.0,5082,1,0.16665902793045273
324.9,38.988,5,0.0,5083,1,0.16274990563198116
93.68,25.2936,4,0.0,5084,1,0.19092899263257623
835.17,16.7034,7,0.0,5085,1,0.07286220369975527
862.344,97.0137,7,0.2,5086,1,0.08095692357374984
241.44,72.432,3,0.0,5087,1,0.16411096250759677
8.712,-19.602,2,0.8,5088,1,0.06724350949688107
104.85,50.328,1,0.0,5089,1,0.1270172745270715
4476.8,503.64,4,0.2,5090,-1,-0.08385614957789722
440.91,123.4548,9,0.0,5091,1,0.06553254586660617
38.24,-9.56,4,0.2,5092,1,0.193355183197297
85.246,-6.089,2,0.3,5093,1,0.14824252376584868
422.058,-18.0882,3,0.3,5094,1,0.12565072875162164
32.712,-26.1696,2,0.6,5095,1,0.0852208419225226
60.81,17.0268,3,0.0,5096,1,0.19787606058695373
38.088,-27.9312,4,0.7,5097,1,0.08688882682548016
254.352,-50.8704,6,0.2,5098,1,0.13820861414855118
22.14,6.4206,3,0.0,5099,1,0.19678035589776088
37.74,12.8316,3,0.0,5100,1,0.19877187807362412
5.304,0.4641,3,0.2,5101,1,0.19619464221850508
14.7,6.615,5,0.0,5102,1,0.18572993353016454
8.02,3.7694,1,0.0,5103,1,0.1588275405473772
17.9,8.95,5,0.0,5104,1,0.1891898436137941
368.91,180.7659,9,0.0,5105,1,0.046649426758729295
12.48,5.616,2,0.0,5106,1,0.1939330491213877
14.9,1.043,5,0.0,5107,1,0.18631439610357398
704.25,84.51,5,0.0,5108,1,0.11455430086896395
171.04,44.4704,4,0.0,5109,1,0.1734044665487735
231.72,11.586,2,0.0,5110,1,0.16902632373557414
139.96,9.7972,4,0.0,5111,1,0.1812898286249256
20.97,9.0171,3,0.0,5112,1,0.19938570436405284
13.616,3.5742,2,0.2,5113,1,0.1918399148264292
135.95,39.4255,1,0.0,5114,1,0.1335458679717108
539.658,-7.7094,3,0.3,5115,1,0.1126232556149106
37.464,12.1758,7,0.2,5116,1,0.1660207658231121
201.584,12.599,2,0.2,5117,1,0.1733814296543803
121.96,20.7332,2,0.0,5118,1,0.17690668241500984
8.74,2.2724,2,0.0,5119,1,0.1921226304503003
275.24,121.1056,4,0.0,5120,1,0.1473358023246339
33.568,11.7488,2,0.2,5121,1,0.19135971718598188
7.96,3.7412,2,0.0,5122,1,0.19012058140615873
7.752,2.8101,3,0.2,5123,1,0.19601393402396167
61.96,27.882,2,0.0,5124,1,0.18615927626977874
359.976,35.9976,3,0.2,5125,1,0.16139525536313776
37.68,16.96,6,0.0,5126,1,0.17653144967542606
191.88,19.188,6,0.0,5127,1,0.16263117096101593
1266.86,291.3778,7,0.0,5128,1,0.013159757123393123
35.97,9.7119,3,0.0,5129,1,0.19943343634003874
50.12,-0.6265,7,0.2,5130,1,0.16278095328854364
2.496,0.9048,1,0.2,5131,1,0.16514030546557784
14.2,6.532,2,0.0,5132,1,0.19405450211678305
58.34,28.0032,2,0.0,5133,1,0.18425127885978376
30.53,14.0438,1,0.0,5134,1,0.15959178214556208
12.96,6.2208,2,0.0,5135,1,0.19256929698283892
75.06,33.777,9,0.0,5136,1,0.1186285128662905
30.84,6.168,3,0.0,5137,1,0.20044069854969487
1499.95,449.985,5,0.0,5138,1,0.0018135454695862308
528.43,0.0,5,0.3,5139,1,0.1080284858566607
195.184,19.5184,1,0.2,5140,1,0.13819869826330128
7.7,3.157,2,0.0,5141,1,0.19012058140615873
41.472,14.5152,8,0.2,5142,1,0.1458958037941535
706.86,197.9208,7,0.0,5143,1,0.05784248684300475
3.96,0.0792,2,0.0,5144,1,0.1884667719369087
123.92,38.725,5,0.2,5145,1,0.17510054997041802
12.96,6.2208,2,0.0,5146,1,0.19256929698283892
1279.165,225.735,5,0.15,5147,1,0.039094335816152626
25.4,8.636,5,0.0,5148,1,0.19193177050314075
25.4,8.636,5,0.0,5149,1,0.19193177050314075
43.96,20.6612,2,0.0,5150,1,0.1878168623309064
27.92,0.5584,4,0.0,5151,1,0.19381504903954833
177.48,19.9665,3,0.2,5152,1,0.1839523241467042
71.976,8.997,3,0.2,5153,1,0.20032856497129586
253.372,-14.4784,2,0.3,5154,1,0.12782062072538625
287.968,-3.5996,4,0.2,5155,1,0.16831476905972625
215.65,73.321,5,0.0,5156,1,0.1648228394691158
60.288,-27.1296,8,0.6,5157,1,0.03489560796851798
45.98,12.8744,2,0.0,5158,1,0.19441742323755495
9.42,-7.85,5,0.7,5159,1,0.0889824578613797
5.715,-4.7625,5,0.7,5160,1,0.08983679740077788
2.632,0.8225,1,0.2,5161,1,0.16514030546557784
10.08,3.276,2,0.2,5162,1,0.19098311385222566
23.688,7.6986,9,0.2,5163,1,0.12984926470324093
48.94,24.47,1,0.0,5164,1,0.15113273474860617
12.96,6.2208,2,0.0,5165,1,0.19256929698283892
45.584,5.1282,7,0.2,5166,1,0.16503434006329964
2799.96,944.9865,5,0.2,5167,-1,-0.10030346355674713
59.994,-12.9987,1,0.4,5168,1,0.09350454403222841
662.88,74.574,3,0.2,5169,1,0.12332438204309609
47.616,3.5712,3,0.2,5170,1,0.19792537935897037
8.736,-6.1152,4,0.7,5171,1,0.10475605894504764
19.968,-13.312,2,0.7,5172,1,0.0987425756589746
19.296,6.03,3,0.2,5173,1,0.1996560158769649
12.96,6.2208,2,0.0,5174,1,0.19256929698283892
15.984,4.995,2,0.2,5175,1,0.19335346925077523
33.488,-1.2558,7,0.2,5176,1,0.162780284726686
107.984,9.4486,1,0.2,5177,1,0.15313786484293668
823.96,51.4975,5,0.2,5178,1,0.1144025075991732
863.64,107.955,9,0.2,5179,1,0.047353854232345616
47.616,3.5712,3,0.2,5180,1,0.19792537935897037
863.64,107.955,9,0.2,5181,1,0.047353854232345616
107.984,9.4486,1,0.2,5182,1,0.15313786484293668
19.296,6.03,3,0.2,5183,1,0.1996560158769649
408.006,72.5344,2,0.1,5184,1,0.11369590330090795
165.28,14.8752,4,0.0,5185,1,0.17742454893892684
154.24,17.352,4,0.2,5186,1,0.18507261839684608
44.856,-35.8848,6,0.7,5187,1,0.05392464249593254
338.04,-33.804,3,0.2,5188,1,0.15116707762896675
16.768,1.4672,2,0.2,5189,1,0.19503320996718448
341.991,-319.1916,3,0.7,5190,-1,-0.011796980152240066
95.76,7.182,6,0.2,5191,1,0.17472542908861083
579.136,21.7176,4,0.2,5192,1,0.1415849294666362
30.8,10.164,4,0.0,5193,1,0.19782792599383575
51.75,15.525,1,0.0,5194,1,0.15839207259417976
151.62,50.0346,7,0.0,5195,1,0.14339381915806737
41.86,10.465,7,0.0,5196,1,0.16698080908375224
8.544,2.8836,2,0.2,5197,1,0.19156717107548243
9.144,3.2004,3,0.2,5198,1,0.1961519463506533
36.4,17.108,5,0.0,5199,1,0.1881758461917739
14.16,5.133,2,0.2,5200,1,0.19288796036475048
29.61,13.3245,9,0.0,5201,1,0.1325893460669218
14.07,6.8943,7,0.0,5202,1,0.1588605383926388
219.84,79.692,5,0.2,5203,1,0.1608719763269657
11.21,3.363,1,0.0,5204,1,0.1621648462028622
11.632,1.0178,2,0.2,5205,1,0.19308067435061127
29.0,7.25,2,0.0,5206,1,0.19504326399523586
380.864,38.0864,8,0.2,5207,1,0.11159109678314805
419.944,52.493,7,0.2,5208,1,0.12961724686326404
110.376,12.4173,3,0.2,5209,1,0.19397652111555275
230.28,23.028,3,0.2,5210,1,0.17663179439981708
105.52,34.294,5,0.2,5211,1,0.18111017923546724
44.4,12.432,5,0.0,5212,1,0.1918410818885269
9.552,-3.8208,3,0.6,5213,1,0.10936213513912724
22.32,5.58,3,0.0,5214,1,0.1998823433691682
6.46,3.1654,2,0.0,5215,1,0.1913639552948292
24.1,11.086,5,0.0,5216,1,0.19207461687182265
10.2,4.794,5,0.0,5217,1,0.18638576871649792
60.12,28.8576,9,0.0,5218,1,0.1261864772817471
20.016,6.255,3,0.2,5219,1,0.20024292709003277
37.224,3.7224,3,0.2,5220,1,0.1997266266354038
5.84,0.73,2,0.2,5221,1,0.1924131061282236
75.98,18.2352,2,0.0,5222,1,0.1897632666007939
143.982,-28.7964,3,0.4,5223,1,0.11230140124303306
494.376,-115.3544,4,0.4,5224,1,0.05296940617267554
12.42,4.4712,3,0.0,5225,1,0.195544247869664
24.75,10.89,5,0.0,5226,1,0.19207461687182265
45.96,13.788,2,0.0,5227,1,0.19334826803062677
162.64,45.5392,2,0.0,5228,1,0.16630185023894412
12.816,4.1652,3,0.2,5229,1,0.1960337704436309
87.71,41.2237,7,0.0,5230,1,0.153955830380254
21.93,10.0878,3,0.0,5231,1,0.1978991174687823
7.64,3.7436,1,0.0,5232,1,0.1608798243566376
51.84,25.4016,8,0.0,5233,1,0.14267329966608117
55.48,26.6304,1,0.0,5234,1,0.15035402938745612
265.17,47.7306,1,0.0,5235,1,0.11787529549203479
69.52,17.38,2,0.0,5236,1,0.19101252300945415
242.94,4.8588,3,0.0,5237,1,0.173764419894956
77.88,3.894,2,0.0,5238,1,0.19096192432865416
428.4,89.964,3,0.0,5239,1,0.14346878454149092
20.784,-4.6764,2,0.2,5240,1,0.19400071633992738
597.0,280.59,3,0.0,5241,1,0.0890371115979603
140.81,39.4268,1,0.0,5242,1,0.1316532342406122
854.352,10.6794,3,0.2,5243,1,0.11966615889030102
544.008,40.8006,3,0.2,5244,1,0.14361118342818519
11.264,1.2672,8,0.2,5245,1,0.14122534807137782
1.872,-1.4352,3,0.7,5246,1,0.10778046044286238
18.496,6.7048,4,0.2,5247,1,0.19715450253211386
338.04,-33.804,3,0.2,5248,1,0.15116707762896675
284.08,24.857,10,0.2,5249,1,0.0951530763731801
593.568,0.0,2,0.2,5250,1,0.1347708819473522
33.8,4.225,5,0.2,5251,1,0.19193810837044217
15.576,3.3099,3,0.2,5252,1,0.1997279565283342
55.992,3.4995,1,0.2,5253,1,0.16277541449970606
504.9,126.225,5,0.0,5254,1,0.12905574954080423
185.58,76.0878,6,0.0,5255,1,0.15431557878402646
8.6,4.042,1,0.0,5256,1,0.16078758489051936
77.56,35.6776,2,0.0,5257,1,0.17863599969334865
245.94,120.5106,6,0.0,5258,1,0.13346736467067322
87.92,0.8792,4,0.0,5259,1,0.19007334018623556
389.97,132.5898,3,0.0,5260,1,0.13833323276377096
35.984,4.498,2,0.2,5261,1,0.1925908198339366
89.95,43.176,5,0.0,5262,1,0.1768453327869987
363.92,0.0,5,0.2,5263,1,0.15885068279836945
18.656,1.3992,2,0.2,5264,1,0.195623612532135
1.941,-1.294,1,0.7,5265,1,0.07480130391497919
11.088,-8.1312,7,0.7,5266,1,0.06640009103319444
419.9,197.353,5,0.0,5267,1,0.11463664518608857
6.264,2.0358,3,0.2,5268,1,0.19732491903406835
3.15,1.512,1,0.0,5269,1,0.1585866373471339
66.688,4.168,1,0.2,5270,1,0.16374614247316344
99.488,8.7052,2,0.2,5271,1,0.18591399429472394
27.42,9.3228,3,0.0,5272,1,0.19972509175746023
11.648,3.3488,2,0.2,5273,1,0.19269954853761978
37.68,10.5504,2,0.0,5274,1,0.19090409994888197
29.2,10.512,5,0.0,5275,1,0.19263270994145404
4.16,0.364,2,0.2,5276,1,0.1924131061282236
5.4,2.592,3,0.0,5277,1,0.19314404448445427
6.3,3.024,2,0.0,5278,1,0.1913218357262193
32.4,15.552,5,0.0,5279,1,0.19208851131721805
51.84,24.8832,8,0.0,5280,1,0.14471482624888515
965.85,135.219,5,0.0,5281,1,0.08279803659397167
86.2,24.998,5,0.0,5282,1,0.18723229963950883
109.95,36.2835,1,0.0,5283,1,0.1383814043508016
23.696,6.5164,2,0.2,5284,1,0.19310869711280382
4.448,0.3336,2,0.2,5285,1,0.1924131061282236
175.92,15.393,5,0.2,5286,1,0.18031511484300045
35.216,2.6412,2,0.2,5287,1,0.19215420369527159
11.416,-18.8364,4,0.8,5288,1,0.07260151168702356
4.752,-8.316,4,0.8,5289,1,0.07931862055603994
5.184,1.8144,1,0.2,5290,1,0.16734706743134653
13.344,1.0008,2,0.2,5291,1,0.19308067435061127
265.475,-111.4995,1,0.5,5292,1,0.0010901615486406113
115.136,11.5136,8,0.2,5293,1,0.14160634939226047
253.764,31.0156,2,0.1,5294,1,0.13839777495098549
73.2,21.228,5,0.0,5295,1,0.1905856875643278
241.568,18.1176,2,0.2,5296,1,0.16802127822527074
403.56,96.8544,4,0.0,5297,1,0.1414804812923463
69.3,22.869,9,0.0,5298,1,0.13166678976524188
95.2,27.608,5,0.0,5299,1,0.1852433325185483
255.76,81.8432,4,0.0,5300,1,0.16365539136733598
2430.08,388.8128,8,0.0,5301,-1,-0.05695659923795249
243.88,27.4365,5,0.2,5302,1,0.17367136749432305
37.17,11.151,9,0.0,5303,1,0.13383481773748046
119.616,40.3704,8,0.2,5304,1,0.13028803478051476
10.44,4.8024,1,0.0,5305,1,0.15828522906116382
20.936,7.0659,1,0.2,5306,1,0.1655678505070729
21.48,10.74,6,0.0,5307,1,0.17690468893017958
15.712,5.6956,4,0.2,5308,1,0.19565912910495542
65.5,32.095,5,0.0,5309,1,0.18518717614015978
20.62,9.6914,2,0.0,5310,1,0.1919434774718179
7.89,0.3156,1,0.0,5311,1,0.15714802120289922
124.25,48.4575,7,0.0,5312,1,0.1480345391630976
1439.976,191.9968,4,0.4,5313,-1,-0.011697711929525956
297.55,83.314,5,0.0,5314,1,0.16096248936393232
177.45,-78.078,5,0.5,5315,1,0.06396062374480926
24.7,-9.88,5,0.6,5316,1,0.09629225029044353
302.72,-378.4,5,0.6,5317,-1,-0.008839945618476897
9.48,0.711,3,0.2,5318,1,0.19751468031571917
1369.764,-913.176,6,0.7,5319,-1,-0.09444347936611097
20.44,9.198,7,0.0,5320,1,0.1648553918235779
18.9,8.694,3,0.0,5321,1,0.20004544159042692
109.92,53.8608,2,0.0,5322,1,0.1633632843631978
2.214,-1.476,3,0.7,5323,1,0.10841594175167474
27.396,-20.0904,3,0.7,5324,1,0.09789375303542841
84.784,-16.9568,2,0.2,5325,1,0.18279304325915674
704.76,26.4285,5,0.2,5326,1,0.1268442581823655
715.64,178.91,2,0.0,5327,1,0.07644505403440305
9.264,-13.896,3,0.8,5328,1,0.07670346565618336
9.248,3.1212,4,0.2,5329,1,0.19485180852945233
1036.624,51.8312,2,0.2,5330,1,0.08306430925794744
272.94,30.0234,3,0.0,5331,1,0.17198630210975263
863.128,-32.3673,7,0.2,5332,1,0.08410010675559781
283.14,72.358,4,0.1,5333,1,0.14102031201498866
118.99,33.3172,1,0.0,5334,1,0.13636738051158453
635.96,165.3496,4,0.0,5335,1,0.09874395319765938
19.312,3.1382,2,0.2,5336,1,0.19576832868353677
45.96,13.788,2,0.0,5337,1,0.1918677981290673
19.648,6.6312,2,0.2,5338,1,0.19517044341969753
1039.728,90.9762,2,0.2,5339,1,0.07464841127088118
136.464,15.3522,2,0.2,5340,1,0.17826064370820777
12.544,4.704,2,0.2,5341,1,0.18999947820751417
333.576,33.3576,3,0.2,5342,1,0.16260569602093095
81.54,38.3238,3,0.0,5343,1,0.1878534553734037
167.28,23.4192,12,0.0,5344,1,0.06599324994441025
109.8,46.116,9,0.0,5345,1,0.11147582077785129
11.784,3.9771,3,0.2,5346,1,0.1959332034236777
3.98,-6.567,5,0.8,5347,1,0.06541840428882006
20.952,7.0713,3,0.2,5348,1,0.19873198807027942
9.82,4.8118,2,0.0,5349,1,0.19040103850477602
4.13,1.8998,1,0.0,5350,1,0.15993504129443603
35.06,10.518,2,0.0,5351,1,0.1911212560462479
302.384,30.2384,2,0.2,5352,1,0.15721271579455787
197.05,59.115,7,0.0,5353,1,0.14428753584956983
38.34,15.7194,9,0.0,5354,1,0.1324669051811131
70.88,33.3136,2,0.0,5355,1,0.18005049879133733
211.168,18.4772,4,0.2,5356,1,0.17771779106433122
179.97,86.3856,3,0.0,5357,1,0.16121886067237684
513.024,12.8256,2,0.2,5358,1,0.14033710398765792
487.92,136.6176,6,0.0,5359,1,0.1130374609641952
15.24,5.334,5,0.2,5360,1,0.1864449141872967
11.168,3.6296,4,0.2,5361,1,0.1954414806330544
23.34,0.2334,3,0.0,5362,1,0.19520731262824403
53.952,17.5344,3,0.2,5363,1,0.19491168426205452
10.56,4.752,2,0.0,5364,1,0.19081521722357964
113.92,33.04,2,0.0,5365,1,0.17329395740613823
39.66,11.9,2,0.0,5366,1,0.1921485349898504
447.86,210.49,7,0.0,5367,1,0.07903586479823699
569.536,64.0728,4,0.2,5368,1,0.13496458526116084
4.338,-3.0366,3,0.7,5369,1,0.10934031060065896
11.88,-7.92,5,0.7,5370,1,0.08837651234262733
30.816,9.63,9,0.2,5371,1,0.13130691277311446
44.784,4.4784,2,0.2,5372,1,0.19206931876637
77.56,35.6776,2,0.0,5373,1,0.1783695948556478
41.86,19.2556,7,0.0,5374,1,0.16668178753333113
32.4,15.552,5,0.0,5375,1,0.19208851131721805
145.764,-8.098,2,0.1,5376,1,0.15233576316494035
209.148,-66.2302,2,0.4,5377,1,0.08353645310650787
562.2925,-255.5875,7,0.45,5378,-1,-0.0046331866166866575
37.312,2.7984,4,0.2,5379,1,0.19703206060257028
6.48,3.1104,1,0.0,5380,1,0.16123909991788937
1591.02,286.3836,6,0.0,5381,1,0.01911812952918468
1399.944,52.4979,7,0.2,5382,1,0.04074826590346026
241.96,24.196,2,0.0,5383,1,0.165485333949762
17.34,4.6818,2,0.0,5384,1,0.19599503807026414
58.924,-153.2024,1,0.8,5385,-1,-0.0241259437984086
11.232,-8.2368,8,0.7,5386,1,0.047692846762881436
22.32,10.7136,4,0.0,5387,1,0.19681917572936364
8.52,4.1748,3,0.0,5388,1,0.19385950322800755
103.6,51.8,7,0.0,5389,1,0.14871700471211047
10.272,3.21,3,0.2,5390,1,0.19599969917632348
185.376,-34.758,2,0.2,5391,1,0.1627339313836666
71.98,15.1158,2,0.0,5392,1,0.19094941985207786
15.54,7.6146,3,0.0,5393,1,0.19751658929581822
15.552,5.4432,3,0.2,5394,1,0.19815965912639583
279.96,48.993,5,0.2,5395,1,0.16252408676601615
105.552,35.6238,6,0.2,5396,1,0.16830558974296161
247.188,-49.4376,2,0.4,5397,1,0.08559424840692148
259.896,-56.3108,2,0.4,5398,1,0.0827126112322702
225.296,22.5296,2,0.2,5399,1,0.1678246456305184
312.03,43.6842,3,0.0,5400,1,0.16794416356445746
122.328,12.2328,3,0.2,5401,1,0.18749188291426622
18.882,-13.8468,3,0.7,5402,1,0.10187351358076174
3.15,1.512,1,0.0,5403,1,0.15972298523288925
37.52,18.0096,4,0.0,5404,1,0.19426806761571896
17.94,3.0498,3,0.0,5405,1,0.19984831547896942
705.544,70.5544,7,0.2,5406,1,0.09709418267962988
165.6,10.35,3,0.2,5407,1,0.18593544823603514
71.976,7.1976,3,0.2,5408,1,0.20024022827717747
161.28,12.096,2,0.2,5409,1,0.1778325629553621
10.86,5.1042,3,0.0,5410,1,0.19495981547151747
32.4,15.552,5,0.0,5411,1,0.19253139730680618
15.712,5.6956,4,0.2,5412,1,0.19514178279993666
5.344,-2.1376,4,0.6,5413,1,0.10961474270893934
9.552,-3.8208,3,0.6,5414,1,0.10777502439713882
355.32,99.4896,9,0.0,5415,1,0.07824009838438306
2.068,-3.4122,1,0.8,5416,1,0.0493148037671739
83.84,30.392,8,0.2,5417,1,0.13827451980583544
39.99,11.5971,1,0.0,5418,1,0.16018728291729323
146.688,55.008,6,0.2,5419,1,0.15711583518494104
25.32,9.1785,5,0.2,5420,1,0.18899464111548614
276.784,89.9548,2,0.2,5421,1,0.13946400197491776
14.78,3.9906,2,0.0,5422,1,0.19638880468769632
573.174,63.686,7,0.1,5423,1,0.09384832710408231
815.292,-339.705,9,0.4,5424,-1,-0.041499049815003186
2887.056,180.441,9,0.2,5425,-1,-0.05032234443665051
33.44,11.704,10,0.2,5426,1,0.10705516756527811
12.672,4.752,2,0.2,5427,1,0.19141858810704748
9.216,3.3408,4,0.2,5428,1,0.1943333690408609
47.52,21.384,9,0.0,5429,1,0.1302312722790091
12.96,6.2208,2,0.0,5430,1,0.19280497339976665
28.048,3.506,2,0.2,5431,1,0.1944651416129911
254.97,91.7892,3,0.0,5432,1,0.15908270566754212
31.984,-7.996,2,0.2,5433,1,0.19229426067718425
91.96,-20.691,5,0.2,5434,1,0.17650401117689724
98.328,9.8328,3,0.2,5435,1,0.19441556951348254
113.552,8.5164,2,0.2,5436,1,0.1861748087460175
5.76,1.6704,2,0.0,5437,1,0.19222846638196844
26.352,-18.4464,8,0.7,5438,1,0.04088539588687756
3.318,-2.6544,2,0.7,5439,1,0.10320940279266344
4.312,-6.8992,2,0.8,5440,1,0.07634005467807248
134.288,45.3222,2,0.2,5441,1,0.1664680143315832
19.44,9.3312,3,0.0,5442,1,0.20039873185762785
532.704,-39.9528,6,0.2,5443,1,0.11489058018669174
22.608,-10.1736,3,0.6,5444,1,0.10674555592133045
43.1,11.206,5,0.0,5445,1,0.19425569382332308
1040.8,281.016,5,0.0,5446,1,0.06138792537593951
29.34,7.9218,6,0.0,5447,1,0.18331912344497586
21.3,8.733,5,0.0,5448,1,0.1929072779457805
135.9,63.873,5,0.0,5449,1,0.16874176363936516
25.2,11.592,4,0.0,5450,1,0.19794900976195395
37.59,17.6673,3,0.0,5451,1,0.19727057365306255
34.68,16.9932,6,0.0,5452,1,0.1790067978205127
14.97,4.1916,1,0.0,5453,1,0.16670284070307706
727.296,-172.7328,8,0.2,5454,1,0.036985088995857174
15.88,0.1588,4,0.0,5455,1,0.1942154755316292
666.4,-33.32,7,0.2,5456,1,0.09450818088553059
1.98,0.891,2,0.0,5457,1,0.1889453099944366
837.6,62.82,3,0.2,5458,1,0.11183212093758182
1603.136,100.196,4,0.2,5459,1,0.042605834575419665
1024.716,-29.2776,6,0.3,5460,1,0.046144292536496434
186.54,41.0388,3,0.0,5461,1,0.17663541321376558
447.84,98.5248,4,0.0,5462,1,0.14473322582359566
8.26,3.7996,2,0.0,5463,1,0.1915777604292725
8.64,2.5056,3,0.0,5464,1,0.19641221387389463
5.472,1.6416,3,0.2,5465,1,0.19766105249490823
146.688,45.84,8,0.2,5466,1,0.12454742771465394
10.23,4.9104,3,0.0,5467,1,0.19654576765985482
6.48,3.1104,1,0.0,5468,1,0.16485640127215612
11.56,5.6644,2,0.0,5469,1,0.19532224118393954
31.008,11.2404,1,0.2,5470,1,0.1679466571135111
154.9,69.705,5,0.0,5471,1,0.1670822397047576
47.984,13.1956,2,0.2,5472,1,0.19323705362272092
47.97,14.8707,3,0.0,5473,1,0.1996744914939486
249.95,87.4825,5,0.0,5474,1,0.16606267878957726
479.97,163.1898,3,0.0,5475,1,0.1221730008090468
159.984,43.9956,2,0.2,5476,1,0.16929341974319556
209.97,58.7916,3,0.0,5477,1,0.1724037024366552
33.0,8.25,6,0.0,5478,1,0.18255743232661875
244.615,20.967,1,0.3,5479,1,0.09487027283193883
29.0,13.92,5,0.0,5480,1,0.19394993589982457
11.68,5.256,4,0.0,5481,1,0.1949784203621538
9.216,3.3408,4,0.2,5482,1,0.1951901273284799
122.97,60.2553,3,0.0,5483,1,0.17636505967122235
3.528,1.1466,1,0.2,5484,1,0.1688748862645632
81.54,36.693,9,0.0,5485,1,0.12298459948667817
79.92,27.972,5,0.2,5486,1,0.18509307928395036
4.624,1.6762,1,0.2,5487,1,0.17000856950479187
14.16,1.062,1,0.2,5488,1,0.17189438939885038
55.168,6.2064,4,0.2,5489,1,0.1992109858826699
51.52,-10.948,5,0.2,5490,1,0.18677471940957913
59.97,28.7856,3,0.0,5491,1,0.19670699751932846
156.3728,-52.8908,2,0.32,5492,1,0.11102683477654918
13.14,-21.681,9,0.8,5493,1,0.006362449555527228
10.024,-16.5396,4,0.8,5494,1,0.07226736865231265
18.432,-12.288,8,0.7,5495,1,0.045144626834613066
15.48,5.6115,3,0.2,5496,1,0.19882939170310565
108.576,8.1432,3,0.2,5497,1,0.19573920426844793
163.88,-81.94,4,0.5,5498,1,0.07037090155470094
241.92,-56.448,4,0.4,5499,1,0.09927229709979923
3.486,-2.7888,2,0.7,5500,1,0.10346823129038452
1.788,-3.0396,3,0.8,5501,1,0.08255552411954742
10.584,-2.3814,7,0.2,5502,1,0.16204673712462764
64.624,22.6184,7,0.2,5503,1,0.1658123667422191
27.93,8.0997,3,0.0,5504,1,0.20099393402460103
95.976,-10.7973,3,0.2,5505,1,0.19075369185375024
22.0,5.5,4,0.0,5506,1,0.19878207466333525
786.744,-258.5016,4,0.3,5507,1,0.03903747191544105
47.04,15.9936,4,0.0,5508,1,0.19853769613346728
37.764,-27.6936,6,0.7,5509,1,0.05915304523224307
100.24,33.831,10,0.2,5510,1,0.10429040490056612
54.224,3.389,2,0.2,5511,1,0.19239980300585735
290.898,-67.8762,3,0.4,5512,1,0.08463227742197493
339.96,42.495,5,0.2,5513,1,0.15724103935453881
23.968,2.3968,2,0.2,5514,1,0.19573150069358491
191.82,61.3824,3,0.0,5515,1,0.17313055300444374
376.74,71.162,4,0.1,5516,1,0.13888470180172618
11.96,2.99,2,0.0,5517,1,0.19537271036026183
29.52,14.4648,4,0.0,5518,1,0.19919152840296322
26.4,12.672,5,0.0,5519,1,0.19372008480164904
3.048,1.0668,1,0.2,5520,1,0.16930688928424176
24.1,11.086,5,0.0,5521,1,0.19442649416943242
4355.168,1415.4296,4,0.2,5522,-1,-0.11459786858927579
21.88,10.94,2,0.0,5523,1,0.19559751807727244
12.78,5.751,1,0.0,5524,1,0.165708512975417
16.688,5.4236,7,0.2,5525,1,0.16166298828788184
24.56,11.5432,2,0.0,5526,1,0.19516292635395405
49.12,23.0864,4,0.0,5527,1,0.1957827785319211
30.48,9.906,6,0.2,5528,1,0.17900674682062373
10.95,3.285,3,0.0,5529,1,0.19688653241763354
6.79,2.3086,1,0.0,5530,1,0.1683211822603436
468.9,206.316,6,0.0,5531,1,0.09963646229683154
72.48,30.4416,2,0.0,5532,1,0.18284588008449948
23.988,-4.7976,2,0.4,5533,1,0.1296381896139972
8.78,2.2828,1,0.0,5534,1,0.16694601674507464
215.976,-2.6997,3,0.2,5535,1,0.18060713949964924
84.272,-75.8448,2,0.6,5536,1,0.06137362723057749
94.68,31.2444,9,0.0,5537,1,0.12177890863557383
39.98,9.995,2,0.0,5538,1,0.1949980939515802
568.728,28.4364,3,0.2,5539,1,0.14401932580127114
472.518,-149.6307,3,0.4,5540,1,0.05999267133669417
309.456,34.8138,9,0.2,5541,1,0.11301002094701856
75.48,19.6248,2,0.0,5542,1,0.19057057667505722
19.456,3.4048,4,0.2,5543,1,0.19844185989921503
18.69,5.2332,7,0.0,5544,1,0.1670979374995713
22.911,-17.5651,7,0.7,5545,1,0.05928495295349012
8.608,-13.3424,8,0.8,5546,1,0.022503058233376394
7.312,2.5592,1,0.2,5547,1,0.1703997200793922
17.22,-12.628,5,0.7,5548,1,0.08353166731841316
8.26,3.8822,2,0.0,5549,1,0.1921023824304598
65.94,30.9918,3,0.0,5550,1,0.19347713596981841
1.81,0.6516,1,0.0,5551,1,0.15956700195744267
29.24,9.8685,5,0.2,5552,1,0.192491172713405
23.67,0.9468,3,0.0,5553,1,0.1976908550449895
35.168,-8.3524,2,0.2,5554,1,0.19309338669950815
46.53,12.0978,3,0.0,5555,1,0.20162934597464854
159.56,33.9065,5,0.2,5556,1,0.17522314467778738
1012.68,303.804,3,0.2,5557,1,0.038800776819260974
999.98,449.991,2,0.0,5558,1,0.001619834361481054
1362.9,-19.47,3,0.3,5559,1,0.04373497147505179
1091.168,68.198,4,0.2,5560,1,0.08560339322519878
344.94,31.0446,3,0.0,5561,1,0.16539413112976759
198.744,0.0,4,0.3,5562,1,0.14875418672421564
14.76,4.2804,2,0.0,5563,1,0.1979712547752875
83.952,-90.2484,3,0.6,5564,1,0.05777276310812862
87.28,41.0216,8,0.0,5565,1,0.1348107027433148
1141.47,-760.98,5,0.7,5566,-1,-0.07696285456164698
12.76,5.8696,2,0.0,5567,1,0.19533854783739857
8.808,-14.9736,3,0.8,5568,1,0.07446538828913085
58.48,27.4856,8,0.0,5569,1,0.14573719350635078
30.96,11.223,6,0.2,5570,1,0.17781240137456178
48.16,22.1536,7,0.0,5571,1,0.16714965746075167
54.5,14.17,5,0.0,5572,1,0.19394214598115445
280.782,-46.797,3,0.4,5573,1,0.09265035309534331
24.27,8.7372,3,0.0,5574,1,0.2007180255682709
42.6,16.614,3,0.0,5575,1,0.19875864068375904
63.94,24.9366,1,0.0,5576,1,0.1568106096866927
87.168,8.7168,2,0.2,5577,1,0.18951560168220177
62.376,7.0173,3,0.2,5578,1,0.20099930313267816
3.912,1.0269,1,0.2,5579,1,0.1694319440446665
31.744,8.3328,2,0.2,5580,1,0.1963090667063742
5.28,2.5344,3,0.0,5581,1,0.1944983458864772
113.94,54.6912,6,0.0,5582,1,0.1612528950212448
60.6,20.4525,5,0.2,5583,1,0.18662232399506862
16.56,7.7832,2,0.0,5584,1,0.19618803768746573
239.5,114.96,5,0.0,5585,1,0.15480533998785412
12.192,4.1148,3,0.2,5586,1,0.1958635390698199
535.41,160.623,3,0.0,5587,1,0.11983047302431721
129.92,5.1968,4,0.0,5588,1,0.18609488000593133
22.72,6.5888,4,0.0,5589,1,0.1993345101276527
279.95,67.188,5,0.0,5590,1,0.16843177664041464
2799.96,944.9865,5,0.2,5591,-1,-0.09755658832023262
887.271,-63.3765,3,0.3,5592,1,0.07266803015681078
71.246,-19.3382,2,0.3,5593,1,0.14681836592523678
242.94,29.1528,3,0.0,5594,1,0.17801921856907188
347.802,-24.843,7,0.3,5595,1,0.09406435823301784
85.246,-1.2178,2,0.3,5596,1,0.15205242157215015
12.22,3.666,1,0.0,5597,1,0.16558807734669273
58.248,11.6496,9,0.2,5598,1,0.13220953134964814
21.204,-11.6622,3,0.6,5599,1,0.1032462696108084
82.8,10.35,2,0.2,5600,1,0.18892823539213005
1652.94,314.0586,3,0.0,5601,1,0.006288031333788746
62.79,-166.3935,3,0.8,5602,1,0.002049683359896859
7.872,0.5904,3,0.2,5603,1,0.19588971203630756
107.94,26.985,3,0.0,5604,1,0.1891639628460811
11.68,3.942,2,0.2,5605,1,0.19295579963000659
86.058,-63.1092,7,0.7,5606,1,0.03777578587199604
8.856,-6.4944,6,0.7,5607,1,0.07405782563487218
8.952,-7.46,2,0.7,5608,1,0.10127770216413856
9.555,-7.3255,5,0.7,5609,1,0.08781069291270982
23.472,7.6284,3,0.2,5610,1,0.19951514199733156
4.36,1.7876,2,0.0,5611,1,0.1907431969032085
15.808,5.3352,8,0.2,5612,1,0.13975676114048485
28.44,4.266,9,0.2,5613,1,0.128085479977894
22.05,10.584,7,0.0,5614,1,0.16398499236134417
25.06,11.7782,2,0.0,5615,1,0.1925767859794424
10.272,3.21,3,0.2,5616,1,0.19678849917711366
192.16,92.2368,4,0.0,5617,1,0.16332628905146562
25.92,9.072,5,0.2,5618,1,0.19065507643773894
10.368,3.7584,2,0.2,5619,1,0.19302281395460352
91.36,42.0256,4,0.0,5620,1,0.18459097799473967
96.08,46.1184,2,0.0,5621,1,0.17547287421371266
9.248,3.3524,2,0.2,5622,1,0.19302281395460352
194.94,23.3928,3,0.0,5623,1,0.17904292438869335
70.95,20.5755,3,0.0,5624,1,0.20020159051586467
93.456,-17.523,3,0.2,5625,1,0.1883729149230859
116.0,29.0,8,0.0,5626,1,0.13666562342217253
108.784,6.799,2,0.2,5627,1,0.18811560238155062
278.4,80.736,3,0.0,5628,1,0.16480701762070338
43.6,12.208,4,0.0,5629,1,0.20029465673923996
722.352,90.294,3,0.2,5630,1,0.11154972051588752
77.88,22.5852,6,0.0,5631,1,0.17725602534771107
3.204,-2.4564,2,0.7,5632,1,0.10272060333274147
95.952,29.985,3,0.2,5633,1,0.18735776358967926
41.92,15.196,4,0.2,5634,1,0.19691897220705373
10.784,0.8088,1,0.2,5635,1,0.16837199932723707
31.86,11.151,2,0.0,5636,1,0.19479929593630774
329.584,37.0782,2,0.2,5637,1,0.1526587075903873
173.94,13.9152,3,0.0,5638,1,0.18026861532720362
2396.2656,-317.1528,4,0.32,5639,-1,-0.059823726371494246
43.13,14.6642,1,0.0,5640,1,0.16107246254288737
14.136,-7.7748,2,0.6,5641,1,0.10041430953619773
146.04,-12.7785,1,0.2,5642,1,0.14091073132574428
601.47,-300.735,3,0.5,5643,-1,-0.011684683129571938
207.48,62.244,1,0.0,5644,1,0.12402361977891152
70.368,6.1572,2,0.2,5645,1,0.19240285711095262
14.88,3.72,2,0.0,5646,1,0.19683301255031543
67.136,23.4976,4,0.2,5647,1,0.1941818191661655
33.024,11.5584,2,0.2,5648,1,0.19417414159921093
14.76,6.9372,4,0.0,5649,1,0.19597513184702642
64.704,23.4552,3,0.2,5650,1,0.1958301405902887
30.87,14.2002,7,0.0,5651,1,0.1709042224272343
34.24,15.408,8,0.0,5652,1,0.14976151383204173
131.136,-32.784,4,0.2,5653,1,0.17059177371188833
261.74,65.435,2,0.0,5654,1,0.16093979814161702
35.952,3.5952,3,0.2,5655,1,0.20067598792176933
57.584,0.7198,2,0.2,5656,1,0.19192977685816442
35.168,8.3524,4,0.2,5657,1,0.2002572205143966
59.96,21.7355,5,0.2,5658,1,0.1869733123075274
15.008,-12.0064,4,0.6,5659,1,0.10493567081865246
14.624,5.484,2,0.2,5660,1,0.195450388679487
55.36,18.684,4,0.2,5661,1,0.19554662745620532
300.93,-34.392,5,0.3,5662,1,0.11604317012123222
67.56,8.445,3,0.2,5663,1,0.20101078257000626
276.784,89.9548,2,0.2,5664,1,0.1386705324126799
14.256,4.455,3,0.2,5665,1,0.19898810472546102
39.624,13.8684,3,0.2,5666,1,0.20020540708207213
7.38,3.4686,2,0.0,5667,1,0.1938118233278281
81.98,40.1702,2,0.0,5668,1,0.17559841279238242
6.69,3.0774,1,0.0,5669,1,0.1677368787621547
59.48,8.922,2,0.0,5670,1,0.19563688979700866
719.96,53.997,5,0.2,5671,1,0.12235863210203185
519.68,58.464,7,0.2,5672,1,0.11778933714950918
2.912,0.91,2,0.2,5673,1,0.19355799212400976
22.428,-17.9424,3,0.7,5674,1,0.0986622748905816
39.872,12.9584,2,0.2,5675,1,0.19322560026617702
1.908,-3.2436,3,0.8,5676,1,0.08025106723999864
99.568,33.6042,2,0.2,5677,1,0.17930559774626947
11.09,5.4341,1,0.0,5678,1,0.16567769916661051
6.0,2.1,2,0.2,5679,1,0.19475962774791972
8.448,2.64,2,0.2,5680,1,0.19363599003054527
9.568,2.99,2,0.2,5681,1,0.19327665005367056
20.736,7.2576,4,0.2,5682,1,0.1979014592560997
7.61,3.5767,1,0.0,5683,1,0.16549057342865886
37.52,3.752,5,0.2,5684,1,0.19166300654148616
332.94,6.6588,3,0.0,5685,1,0.16519760382616155
3347.37,636.0003,13,0.0,5686,-1,-0.15409396668434616
1599.92,751.9624,8,0.0,5687,-1,-0.07850513747768362
224.75,62.93,5,0.0,5688,1,0.1729891973000594
728.946,-157.9383,9,0.4,5689,-1,-0.016776450423792055
1059.12,307.1448,4,0.0,5690,1,0.04640455838759239
83.136,5.196,4,0.2,5691,1,0.19777137684443663
466.768,52.5114,2,0.2,5692,1,0.14492513963127251
15.232,1.7136,1,0.2,5693,1,0.1721653463477394
15.136,3.5948,4,0.2,5694,1,0.19782763427651873
40.48,14.5728,2,0.0,5695,1,0.19371667364424555
20.704,7.764,4,0.2,5696,1,0.1979014592560997
10.47,4.8162,3,0.0,5697,1,0.19723241257019714
11.34,5.2164,3,0.0,5698,1,0.19781841821548873
6.264,2.0358,3,0.2,5699,1,0.19828031238152383
11.07,5.2029,3,0.0,5700,1,0.19781841821548873
68.52,31.5192,3,0.0,5701,1,0.191752174278711
67.9,0.679,5,0.0,5702,1,0.19195132733551012
20.7,1.656,3,0.0,5703,1,0.19910422702304004
146.952,9.1845,3,0.2,5704,1,0.1882473107262091
1336.44,387.5676,14,0.0,5705,-1,-0.09175744292236232
378.0,136.08,2,0.0,5706,1,0.13132066029752237
14.4,7.056,5,0.0,5707,1,0.18872983965019208
17.64,8.6436,3,0.0,5708,1,0.20137283217463914
17.61,8.4528,3,0.0,5709,1,0.20143149851858239
40.74,0.4074,3,0.0,5710,1,0.19837737043926307
373.08,100.7316,6,0.0,5711,1,0.13289969135655066
16.9,5.07,2,0.0,5712,1,0.19924943971435022
149.95,41.986,5,0.0,5713,1,0.17499617012940455
29.97,0.2997,3,0.0,5714,1,0.19913075597292873
673.568,252.588,2,0.2,5715,1,0.06559696996286413
25.92,12.4416,4,0.0,5716,1,0.1988315716349628
437.85,131.355,3,0.0,5717,1,0.14058686465617237
1128.39,259.5297,3,0.0,5718,1,0.05514472067127618
35.4,13.452,5,0.0,5719,1,0.19435327289360377
20.416,6.6352,4,0.2,5720,1,0.1979014592560997
48.664,15.8158,7,0.2,5721,1,0.16303190447394922
841.568,294.5488,2,0.2,5722,1,0.03879449080834185
21.4,10.058,5,0.0,5723,1,0.1922709896397929
5.344,1.8704,1,0.2,5724,1,0.17055636113277872
273.666,-12.8784,2,0.15,5725,1,0.14300547310551692
121.78,30.445,2,0.0,5726,1,0.17567589311695697
17.48,4.5448,4,0.0,5727,1,0.19867231703687982
12.96,6.3504,2,0.0,5728,1,0.19451434181795768
113.888,9.9652,2,0.2,5729,1,0.18737117469763143
14.82,6.2244,3,0.0,5730,1,0.19990335126066477
191.82,61.3824,3,0.0,5731,1,0.17392952822419783
109.48,33.9388,2,0.0,5732,1,0.17814585126295868
33.4,12.358,5,0.0,5733,1,0.19471479164509659
20.1,6.633,3,0.0,5734,1,0.2018457542635117
232.4,78.435,5,0.2,5735,1,0.16216682426853984
12.32,5.9136,4,0.0,5736,1,0.1970768654537121
6.48,3.1104,1,0.0,5737,1,0.16681295721300377
295.4,-62.7725,5,0.2,5738,1,0.13819168696888834
396.0,190.08,4,0.0,5739,1,0.11967290323465812
437.85,131.355,3,0.0,5740,1,0.14058686465617237
105.584,7.9188,2,0.2,5741,1,0.18875303759265732
73.584,8.2782,2,0.2,5742,1,0.19241605139918233
801.568,50.098,2,0.2,5743,1,0.11084564869393393
631.782,140.396,2,0.1,5744,1,0.08580707789730935
350.98,84.2352,1,0.0,5745,1,0.10241668737049292
99.372,-7.098,2,0.3,5746,1,0.150857642802391
885.528,-99.6219,9,0.2,5747,1,0.03140334617098761
5.352,1.6056,3,0.2,5748,1,0.19802350079318648
60.72,26.1096,3,0.0,5749,1,0.19542650935381056
383.438,-167.3184,4,0.45,5750,1,0.037632117495078
2.672,0.3674,1,0.2,5751,1,0.1675351218452661
4.616,1.731,1,0.2,5752,1,0.1700050234562892
3.0,1.05,1,0.2,5753,1,0.16872571426776767
368.91,180.7659,9,0.0,5754,1,0.04748128197908563
13.08,6.0168,2,0.0,5755,1,0.1952913711341117
900.08,117.0104,4,0.0,5756,1,0.08687340638897684
239.984,23.9984,2,0.2,5757,1,0.16909253568325272
701.372,-50.098,2,0.3,5758,1,0.0669972814261729
872.32,244.2496,4,0.0,5759,1,0.07355729187989979
25.632,3.8448,3,0.2,5760,1,0.20069909395407204
25.44,12.72,6,0.0,5761,1,0.17824698917772697
8.928,3.1248,2,0.2,5762,1,0.19288621217699775
11.952,4.1832,3,0.2,5763,1,0.19711855307648113
2.308,-3.462,2,0.8,5764,1,0.0758996438980184
49.53,23.7744,3,0.0,5765,1,0.19476302649100435
159.88,73.5448,7,0.0,5766,1,0.14593844115803734
17.04,7.668,3,0.0,5767,1,0.19901380215891012
69.52,17.38,2,0.0,5768,1,0.19148083771726693
1606.23,481.869,9,0.0,5769,-1,-0.07801851221623257
27.93,8.0997,3,0.0,5770,1,0.2011864943486078
6.24,1.872,3,0.0,5771,1,0.19724643399278813
5.04,0.1512,2,0.0,5772,1,0.1900854032359075
249.95,107.4785,5,0.0,5773,1,0.15509630462217927
163.88,40.97,2,0.0,5774,1,0.17033248992091743
98.392,-11.0691,1,0.2,5775,1,0.15403541251635366
17.088,1.068,2,0.2,5776,1,0.19643644408082123
393.25,129.7725,5,0.0,5777,1,0.13846064855865586
11.76,3.1752,4,0.0,5778,1,0.1966360898092861
48.64,15.808,2,0.2,5779,1,0.19167203472705696
271.984,88.3948,2,0.2,5780,1,0.13900299846332403
83.7,41.013,5,0.0,5781,1,0.1799598847854113
65.79,30.2634,9,0.0,5782,1,0.12140018149413473
77.52,37.9848,2,0.0,5783,1,0.1808811008236072
37.68,16.96,6,0.0,5784,1,0.1767949147166436
68.432,8.554,7,0.2,5785,1,0.16479818737798285
18.96,7.584,2,0.0,5786,1,0.19880146202384302
13.28,6.3744,2,0.0,5787,1,0.194113801824647
7.872,0.8856,3,0.2,5788,1,0.19678671759879318
40.776,4.5873,3,0.2,5789,1,0.19982971871676874
7.506,-6.0048,9,0.7,5790,1,0.03520389539624025
63.968,19.99,2,0.2,5791,1,0.18642347885598187
16.56,5.796,2,0.2,5792,1,0.19518116476221942
16.52,5.369,5,0.2,5793,1,0.1879122951360066
35.56,16.7132,7,0.0,5794,1,0.16524306900542585
35.88,16.146,6,0.0,5795,1,0.1778104308148553
128.34,37.2186,6,0.0,5796,1,0.16402905853412292
97.98,27.4344,2,0.0,5797,1,0.1845575701900371
63.936,5.5944,8,0.2,5798,1,0.14460549037664977
63.968,19.99,2,0.2,5799,1,0.18654471173121928
368.97,81.1734,3,0.0,5800,1,0.1570585137671056
184.752,-20.7846,3,0.2,5801,1,0.1832452247115675
532.704,-26.6352,6,0.2,5802,1,0.1242417812034235
28.0,7.7,4,0.2,5803,1,0.19829457371454162
4.912,0.307,2,0.2,5804,1,0.19317204129501514
12.201,-9.7608,7,0.7,5805,1,0.0629586316195635
10.528,3.6848,7,0.2,5806,1,0.15811335865129322
13.216,4.4604,4,0.2,5807,1,0.194860372103818
4.08,1.9176,2,0.0,5808,1,0.1918801319722339
18.9,8.694,3,0.0,5809,1,0.20032123126534257
11.952,4.0338,3,0.2,5810,1,0.19631475282217525
118.25,34.2925,5,0.0,5811,1,0.17968520332580673
13.68,3.6936,2,0.0,5812,1,0.19605707512962273
563.24,56.324,5,0.2,5813,1,0.1359651543593513
155.372,-13.3176,2,0.3,5814,1,0.1408880866421231
63.2,23.384,5,0.0,5815,1,0.18980601785502216
21.44,7.504,2,0.2,5816,1,0.1967147496323139
127.95,21.7515,3,0.0,5817,1,0.18702898656141947
6.38,2.9348,1,0.0,5818,1,0.16708885460939965
442.372,-729.9138,7,0.8,5819,-1,-0.07701473956222216
304.9,143.303,5,0.0,5820,1,0.13870386764000409
41.7,20.85,5,0.0,5821,1,0.1883779105511585
6.48,3.1104,1,0.0,5822,1,0.16593611523311402
41.96,2.9372,2,0.0,5823,1,0.19593546327250205
511.056,-95.823,9,0.2,5824,1,0.054843598228612844
477.666,84.294,2,0.15,5825,1,0.10819040182631529
483.136,60.392,4,0.2,5826,1,0.14597125013696743
201.96,50.49,2,0.0,5827,1,0.16701115614416645
68.64,17.16,11,0.0,5828,1,0.10376983180878302
393.165,-204.4458,3,0.5,5829,1,0.024024977045188245
286.256,17.891,1,0.2,5830,1,0.12692302242104575
3.04,1.0336,1,0.0,5831,1,0.15990950419359184
5.76,1.6704,2,0.0,5832,1,0.19192807744179347
16.56,6.9552,4,0.0,5833,1,0.19504118446442842
5.022,-3.5154,1,0.7,5834,1,0.07464027631128356
15.936,5.1792,4,0.2,5835,1,0.195841577562835
4.98,2.2908,1,0.0,5836,1,0.16359785725226922
29.6,14.8,2,0.0,5837,1,0.19101567454760932
10.9,5.123,5,0.0,5838,1,0.18679052092830595
60.048,22.518,9,0.2,5839,1,0.12699249585858496
331.536,-82.884,3,0.2,5840,1,0.13415044254025832
24.224,-4.8448,2,0.2,5841,1,0.1942494666455688
499.95,174.9825,5,0.0,5842,1,0.1101211463533493
479.976,161.9919,3,0.2,5843,1,0.11196132882789955
44.736,4.4736,8,0.2,5844,1,0.14301377769843265
424.9575,19.998,5,0.15,5845,1,0.13287876123480263
454.965,-136.4895,5,0.3,5846,1,0.07964156260989885
747.558,-96.1146,3,0.3,5847,1,0.07877843440273136
236.88,66.3264,6,0.0,5848,1,0.15389233261732077
93.032,-251.1864,2,0.8,5849,-1,-0.012550722619537047
35.4,13.452,5,0.0,5850,1,0.19099628252343248
15.624,-24.9984,2,0.8,5851,1,0.06707693510634294
6.816,-11.5872,2,0.8,5852,1,0.07163377385518432
8.928,3.348,2,0.2,5853,1,0.1907314643033146
7.83,3.6018,3,0.0,5854,1,0.19123964805415256
29.9,13.455,5,0.0,5855,1,0.19128974627896284
9.99,4.4955,1,0.0,5856,1,0.16102558637812037
29.9,14.651,5,0.0,5857,1,0.190805319234225
12.96,6.2208,2,0.0,5858,1,0.1900621941844075
51.45,13.8915,3,0.0,5859,1,0.1971062789846113
431.976,-75.5958,3,0.2,5860,1,0.12971108692636568
100.0,21.0,4,0.0,5861,1,0.18826076864065994
9.99,4.4955,1,0.0,5862,1,0.16102558637812037
956.6648,-225.0976,7,0.32,5863,1,0.008876088634339196
13.89,4.5837,3,0.0,5864,1,0.19541319459923534
2.907,-2.0349,3,0.7,5865,1,0.10779824278371714
17.94,8.7906,3,0.0,5866,1,0.1978203600749291
1001.584,125.198,2,0.2,5867,1,0.0743792485163467
99.136,30.98,4,0.2,5868,1,0.1860253266868237
40.88,10.6288,7,0.0,5869,1,0.16418202028341183
25.92,7.776,9,0.0,5870,1,0.1228173980915615
10.496,1.1808,4,0.2,5871,1,0.1958070269928609
62.94,30.2112,3,0.0,5872,1,0.18831608403573902
27.24,9.534,5,0.2,5873,1,0.1897730681328631
15.936,5.1792,4,0.2,5874,1,0.19620665743740828
18.97,9.1056,1,0.0,5875,1,0.16549039019682837
209.97,71.3898,3,0.0,5876,1,0.16624672771618976
36.24,15.2208,1,0.0,5877,1,0.16055067001448703
859.2,75.18,3,0.2,5878,1,0.1088573866257625
523.92,-26.196,5,0.2,5879,1,0.13384022309092053
1.964,-3.2406,2,0.8,5880,1,0.07248635905880563
194.848,12.178,4,0.2,5881,1,0.18021043421254773
41.85,10.881,5,0.0,5882,1,0.19135086605477947
330.588,-115.7058,1,0.4,5883,1,0.022764611596661766
30.976,5.0336,8,0.2,5884,1,0.1403734217715894
5.388,-4.49,4,0.7,5885,1,0.10252394882373772
28.352,9.5688,1,0.2,5886,1,0.16675713298846817
79.512,20.8719,3,0.2,5887,1,0.1926007648219547
69.9,18.873,2,0.0,5888,1,0.18833170711642722
61.44,16.5888,3,0.0,5889,1,0.19646609706905477
33.96,9.5088,2,0.0,5890,1,0.1943271226956026
54.792,-40.1808,6,0.7,5891,1,0.05101426493335459
34.37,16.8413,7,0.0,5892,1,0.16085297561929046
735.98,331.191,2,0.0,5893,1,0.04483673087572748
32.48,4.872,2,0.0,5894,1,0.196379141972836
17499.95,8399.976,5,0.0,5895,-1,-0.15891734440306893
599.292,93.2232,6,0.1,5896,1,0.09588231779200906
915.136,102.9528,4,0.2,5897,1,0.09932014554516033
38.08,-29.512,5,0.6,5898,1,0.07860198312357553
15.648,5.0856,2,0.2,5899,1,0.19526344574797305
6.16,2.9568,2,0.0,5900,1,0.19227624756194778
97.82,45.9754,2,0.0,5901,1,0.1718064804046217
8.56,3.852,2,0.0,5902,1,0.19063259989954423
11.568,2.6028,3,0.2,5903,1,0.1976659661501292
239.372,-23.9372,2,0.3,5904,1,0.125544967531443
30.4,13.984,1,0.0,5905,1,0.16198551405945133
59.752,19.4194,7,0.2,5906,1,0.15936344861473756
119.1,34.539,3,0.0,5907,1,0.1815568924443438
5399.91,2591.9568,9,0.0,5908,-1,-0.16382545881604382
52.68,19.755,3,0.2,5909,1,0.19299616729308244
11.976,-9.1816,4,0.7,5910,1,0.10182567791014902
17.904,-14.92,4,0.7,5911,1,0.09538761274859925
28.85,14.425,5,0.0,5912,1,0.19066466985932173
67.96,0.8495,5,0.2,5913,1,0.18832436683774362
703.71,-938.28,6,0.7,5914,-1,-0.06937357212727702
27.264,8.8608,2,0.2,5915,1,0.1940326343114961
93.36,0.9336,12,0.0,5916,1,0.06671650619327674
4.928,1.7248,2,0.2,5917,1,0.19356276995370109
10.56,5.0688,2,0.0,5918,1,0.19223357236037159
837.6,62.82,3,0.2,5919,1,0.1133311359278183
51.712,-32.32,8,0.6,5920,1,0.03167789090859696
60.144,20.2986,6,0.2,5921,1,0.16966691518823157
61.96,27.882,2,0.0,5922,1,0.18415970893405337
387.72,-67.851,5,0.2,5923,1,0.13139080325255553
169.568,0.0,2,0.2,5924,1,0.17977028228529857
332.832,-24.9624,4,0.2,5925,1,0.15178078661604638
1.408,0.1584,1,0.2,5926,1,0.1642837662675185
19.136,5.98,4,0.2,5927,1,0.197763973825751
23.976,-15.5844,4,0.4,5928,1,0.13048582217405935
90.882,-190.8522,3,0.7,5929,1,0.016152859634782968
120.784,13.5882,1,0.2,5930,1,0.1480393584321522
14.0,-6.3,4,0.6,5931,1,0.10710540261597495
16.392,-26.2272,2,0.8,5932,1,0.05913107069381329
4.095,-2.73,3,0.7,5933,1,0.10885844517576931
20.608,-4.3792,2,0.2,5934,1,0.19470787172331883
15.992,-2.9985,1,0.2,5935,1,0.16844765473884732
15.992,-2.9985,1,0.2,5936,1,0.16844765473884732
120.784,13.5882,1,0.2,5937,1,0.1480393584321522
27.72,3.465,3,0.2,5938,1,0.20039308985117438
5.344,0.668,2,0.2,5939,1,0.19301945702889034
24.96,4.368,3,0.2,5940,1,0.20069839559157826
43.12,20.6976,14,0.0,5941,1,0.03290515966863927
139.92,-150.414,5,0.6,5942,1,0.028056642880828098
82.26,33.7266,3,0.0,5943,1,0.18309689671310886
727.45,-465.568,5,0.5,5944,-1,-0.026577392268964162
11.52,3.456,4,0.0,5945,1,0.1941188858627793
34.7,12.492,5,0.0,5946,1,0.19142956404219796
15.872,1.1904,1,0.2,5947,1,0.17200082560526897
6.286,-11.0005,7,0.8,5948,1,0.040933960611010956
76.176,26.6616,3,0.2,5949,1,0.19130631838817758
4.02,1.9698,2,0.0,5950,1,0.19032009460646493
24.9,11.454,5,0.0,5951,1,0.19061686728696597
8.288,3.0044,2,0.2,5952,1,0.19098865285719674
37.94,18.2112,2,0.0,5953,1,0.1878128074750715
35.44,16.6568,1,0.0,5954,1,0.15893179176533478
20.04,9.6192,3,0.0,5955,1,0.1972785397223501
99.87,23.9688,3,0.0,5956,1,0.18850413809009098
65.88,18.4464,6,0.0,5957,1,0.1723187567109042
191.976,23.997,3,0.2,5958,1,0.18027832127824506
102.592,10.2592,1,0.2,5959,1,0.15587339943757522
35.008,13.128,4,0.2,5960,1,0.1978131842266298
111.96,54.8604,2,0.0,5961,1,0.1650634458805007
93.024,33.7212,3,0.2,5962,1,0.1874882001814503
39.152,14.682,1,0.2,5963,1,0.16565120753457557
12.768,1.4364,2,0.2,5964,1,0.19363053690150306
177.0,30.09,3,0.0,5965,1,0.17386285930433537
22.704,5.9598,1,0.2,5966,1,0.16817779817748169
1649.75,544.4175,5,0.0,5967,-1,-0.019978140508229103
1091.93,272.9825,7,0.0,5968,1,0.029389680832737408
43.26,14.2758,3,0.0,5969,1,0.19711310394712112
868.59,251.8911,3,0.0,5970,1,0.0732812687429536
121.6,55.936,4,0.0,5971,1,0.17260861781733305
41.72,13.0375,5,0.2,5972,1,0.18974750188049794
232.96,116.48,7,0.0,5973,1,0.11731667421453307
66.54,32.6046,6,0.0,5974,1,0.16452982095644125
29.46,14.4354,6,0.0,5975,1,0.17493469060619532
20.16,9.8784,7,0.0,5976,1,0.15978445787893097
45.68,21.0128,2,0.0,5977,1,0.1865961308948922
71.6,32.936,8,0.0,5978,1,0.13124973166723936
60.12,28.8576,9,0.0,5979,1,0.11868292977633571
12.96,6.2208,2,0.0,5980,1,0.19105706738198563
5.5,1.375,1,0.0,5981,1,0.16174165036664212
142.182,-37.9152,1,0.4,5982,1,0.07321060271446067
120.98,12.098,1,0.0,5983,1,0.14327415894865808
120.666,21.294,2,0.15,5984,1,0.15916422753314868
1927.59,751.7601,7,0.0,5985,-1,-0.0805890360809477
18.16,6.583,5,0.2,5986,1,0.18984618688387678
315.98,148.5106,1,0.0,5987,1,0.08780483831920116
449.97,220.4853,3,0.0,5988,1,0.11474673487830767
307.92,-34.641,5,0.2,5989,1,0.15129157163999873
6.48,3.11,1,0.0,5990,1,0.16444715571373497
387.136,4.8392,4,0.2,5991,1,0.15711225050730904
56.686,-14.5764,1,0.3,5992,1,0.11491573009869654
61.1,18.33,5,0.0,5993,1,0.1872334993829134
7.152,0.7152,3,0.2,5994,1,0.19650111609154342
19.296,6.03,3,0.2,5995,1,0.20071347445738524
25.248,7.89,4,0.2,5996,1,0.1976769812360566
51.016,15.9425,7,0.2,5997,1,0.16000804436866328
20.86,1.4602,7,0.0,5998,1,0.1597055102635509
125.7,35.196,6,0.0,5999,1,0.15826635669448125
191.98,51.8346,2,0.0,6000,1,0.164940740504193
1043.92,271.4192,4,0.0,6001,1,0.06120437749055818
242.136,12.1068,3,0.2,6002,1,0.17713659878702182
45.568,9.6832,2,0.2,6003,1,0.19340675796634077
19.96,5.5888,2,0.0,6004,1,0.1986070721897783
661.176,-231.4116,2,0.4,6005,1,0.007396445978421484
12.39,5.6994,3,0.0,6006,1,0.19445472024485777
113.22,29.4372,3,0.0,6007,1,0.18452287729396377
4535.976,1644.2913,3,0.2,6008,-1,-0.10698806790218163
23.2,10.44,4,0.0,6009,1,0.19457093023950034
7.92,3.564,4,0.0,6010,1,0.19206553366439366
28.752,-21.0848,8,0.7,6011,1,0.034450661754017564
35.88,17.5812,6,0.0,6012,1,0.171213321696347
22.92,11.2308,3,0.0,6013,1,0.1964762338038803
104.79,29.3412,7,0.0,6014,1,0.1555032220992275
340.92,3.4092,3,0.0,6015,1,0.15995369122098457
154.44,1.5444,3,0.0,6016,1,0.18113053799673928
111.672,6.9795,9,0.2,6017,1,0.1240386566381767
7.36,0.1472,2,0.0,6018,1,0.18936132184595572
106.08,-9.282,6,0.2,6019,1,0.16738966260717963
98.16,9.816,6,0.0,6020,1,0.1710717785505182
235.152,-47.0304,8,0.4,6021,1,0.0593344092844027
31.4,10.048,5,0.0,6022,1,0.19181691808376483
101.94,30.582,3,0.0,6023,1,0.18501073047317101
39.92,11.1776,4,0.0,6024,1,0.19704462591117294
8.34,2.2518,3,0.0,6025,1,0.19264128717088624
6.68,3.2064,1,0.0,6026,1,0.16444715571373497
16.156,-12.117,7,0.6,6027,1,0.06929062699015465
17.05,8.184,5,0.0,6028,1,0.19074358828944266
379.4,178.318,10,0.0,6029,1,0.03579610587481563
54.816,17.8152,3,0.2,6030,1,0.1960505220677381
15.552,5.4432,3,0.2,6031,1,0.19918925284608757
450.0,162.0,5,0.0,6032,1,0.11861623835786289
199.99,85.9957,1,0.0,6033,1,0.11647017215093952
359.98,21.5988,2,0.0,6034,1,0.15415365853481494
100.0,21.0,4,0.0,6035,1,0.19026210330489335
239.976,17.9982,3,0.2,6036,1,0.1781061040253964
783.96,78.396,5,0.2,6037,1,0.11488057883462371
427.644,80.7772,14,0.1,6038,-1,-0.007578936743060427
290.98,75.6548,1,0.0,6039,1,0.11515636802471457
40.2,19.296,3,0.0,6040,1,0.19346407587134568
43.92,11.8584,4,0.0,6041,1,0.19726120143819026
25.032,7.8225,3,0.2,6042,1,0.19921760169234992
9.728,3.2832,2,0.2,6043,1,0.19218012715109523
67.136,25.176,4,0.2,6044,1,0.19199947741943701
40.67,12.6077,7,0.0,6045,1,0.16678231999355914
33.48,1.3392,2,0.0,6046,1,0.1961042691116669
47.952,13.7862,3,0.2,6047,1,0.1983482371039184
77.6,38.024,4,0.0,6048,1,0.1831603824272282
63.968,0.0,2,0.2,6049,1,0.1933620450003704
165.048,41.262,3,0.2,6050,1,0.1776739594815389
756.8,75.68,5,0.0,6051,1,0.1085635608726026
12.42,5.2164,3,0.0,6052,1,0.1944497763148031
38.19,-26.733,5,0.7,6053,1,0.06866382284554384
49.536,17.3376,3,0.2,6054,1,0.1961035901811572
14.28,6.5688,1,0.0,6055,1,0.1629649821429352
37.425,-29.94,5,0.7,6056,1,0.06866382284554384
17.616,-14.0928,4,0.7,6057,1,0.09610743664380006
32.4,15.552,5,0.0,6058,1,0.1912355198090847
56.91,27.3168,3,0.0,6059,1,0.19090406102373308
50.96,25.48,7,0.0,6060,1,0.1586813145095849
93.06,26.0568,6,0.0,6061,1,0.17025203551884643
1082.48,10.8248,8,0.0,6062,1,0.03260787745669458
302.376,22.6782,3,0.2,6063,1,0.17073025024287902
67.0,32.16,5,0.0,6064,1,0.18312520216714295
11.67,3.0342,3,0.0,6065,1,0.19434280777953622
11.744,3.8168,1,0.2,6066,1,0.1665664370994725
40.74,0.4074,3,0.0,6067,1,0.19446265628787868
11.68,3.504,2,0.0,6068,1,0.19399079286631382
114.95,32.186,5,0.0,6069,1,0.1789388379901648
28.752,10.0632,3,0.2,6070,1,0.19926869431311173
3.62,1.1946,2,0.0,6071,1,0.19140031393600393
492.835,-14.081,5,0.3,6072,1,0.11282124082734601
1403.92,70.196,5,0.2,6073,1,0.06583033797445126
368.97,81.1734,3,0.0,6074,1,0.1562681198659157
12.39,3.4692,3,0.0,6075,1,0.19434280777953622
32.064,11.2224,6,0.2,6076,1,0.1746557945324258
332.94,9.9882,3,0.0,6077,1,0.1631110571749393
1085.42,282.2092,7,0.0,6078,1,0.030097634683444507
21.96,6.1488,2,0.0,6079,1,0.19916599335311042
251.79,118.3413,3,0.0,6080,1,0.15194993158542097
111.672,6.9795,9,0.2,6081,1,0.12410231241940733
68.112,17.8794,3,0.2,6082,1,0.19734172033484582
21.8,6.104,2,0.0,6083,1,0.19916599335311042
217.584,-29.9178,2,0.2,6084,1,0.1655781586469834
470.155,-13.433,7,0.3,6085,1,0.090523227852567
24.1,9.158,5,0.0,6086,1,0.1930168226459087
842.94,160.1586,3,0.0,6087,1,0.08840501313761218
43.32,14.2956,2,0.0,6088,1,0.19314048413009
1101.48,429.5772,4,0.0,6089,1,0.018311073174074655
75.96,22.788,2,0.0,6090,1,0.1833989595612312
7.98,2.0748,3,0.0,6091,1,0.19370040779721964
8.82,2.3814,3,0.0,6092,1,0.19396014334185085
8.75,2.625,1,0.0,6093,1,0.16545604556939925
9.296,3.0212,2,0.2,6094,1,0.19180311722226306
4.158,-3.465,7,0.7,6095,1,0.06538882158609316
27.24,13.3476,6,0.0,6096,1,0.17372147584214476
43.584,15.7992,12,0.2,6097,1,0.06369308749664138
15.26,5.0358,7,0.0,6098,1,0.16092174098985929
20.0,9.6,4,0.0,6099,1,0.19707686587852968
87.71,41.2237,7,0.0,6100,1,0.15147689233773542
19.44,9.3312,3,0.0,6101,1,0.19856478964997493
116.28,56.9772,3,0.0,6102,1,0.17604788175230252
9.248,3.3524,2,0.2,6103,1,0.19218012715109523
314.55,150.984,3,0.0,6104,1,0.13608297222184457
82.95,29.0325,5,0.0,6105,1,0.18274204530601734
72.0,14.4,1,0.2,6106,1,0.16443275206612973
179.991,-251.9874,3,0.7,6107,1,0.0070122319009690015
650.352,-97.5528,3,0.2,6108,1,0.109329628551392
104.784,-14.4078,1,0.2,6109,1,0.15050788884522065
66.112,-84.2928,4,0.6,6110,1,0.06650879591149528
50.496,8.2056,6,0.2,6111,1,0.17518913810677705
11.376,-5.688,3,0.6,6112,1,0.10713944672721865
209.88,35.6796,3,0.0,6113,1,0.17527720643573674
38.29,16.4647,7,0.0,6114,1,0.1621532723390876
876.3,-292.1,10,0.4,6115,-1,-0.057526348759436075
192.8,55.912,4,0.0,6116,1,0.1734191494224443
4.176,1.305,1,0.2,6117,1,0.16881473610151193
7.712,2.7956,2,0.2,6118,1,0.1919028831940064
10.74,5.2626,3,0.0,6119,1,0.19359877020592514
629.184,228.0792,8,0.2,6120,1,0.034785987875083024
15.176,5.3116,1,0.2,6121,1,0.16716207928108262
38.88,18.6624,6,0.0,6122,1,0.17162504831871167
47.952,16.7832,3,0.2,6123,1,0.1961035901811572
45.248,3.9592,2,0.2,6124,1,0.19336476259632407
17.584,-4.1762,7,0.2,6125,1,0.15902833206615652
185.376,-34.758,2,0.2,6126,1,0.16834729334192272
686.4,77.22,2,0.2,6127,1,0.10920305842620426
956.6648,-225.0976,7,0.32,6128,1,0.00964531412219527
113.888,9.9652,2,0.2,6129,1,0.18591194220219748
756.8,75.68,5,0.0,6130,1,0.1085635608726026
273.96,71.2296,2,0.0,6131,1,0.15628090518766857
863.128,-160.2952,8,0.3,6132,1,0.005892546945634347
39.68,16.2688,2,0.0,6133,1,0.19190989215182885
12.588,-20.1408,3,0.8,6134,1,0.06965193681201942
104.9,50.352,5,0.0,6135,1,0.17126743986489434
53.248,19.968,2,0.2,6136,1,0.18350337614562096
29.12,9.828,5,0.2,6137,1,0.18926128113321405
3.564,-6.237,3,0.8,6138,1,0.07541119845742472
158.13,77.4837,3,0.0,6139,1,0.1701470823346704
51.75,24.84,5,0.0,6140,1,0.18518822861579826
11.84,4.44,1,0.2,6141,1,0.16584062800618354
89.97,18.8937,3,0.0,6142,1,0.19348881769324394
72.0,12.96,4,0.0,6143,1,0.1938388468303251
171.96,45.1395,5,0.2,6144,1,0.16939900322382762
479.72,52.7692,4,0.0,6145,1,0.14560542500518686
23.988,-15.992,2,0.4,6146,1,0.1255500737279514
207.984,-28.5978,2,0.2,6147,1,0.16813408174154332
81.424,-9.1602,2,0.2,6148,1,0.1838723581443235
238.56,26.2416,3,0.0,6149,1,0.1752046888156853
35.568,5.7798,2,0.2,6150,1,0.19485181745350633
36.112,12.6392,2,0.2,6151,1,0.19273798133825432
88.768,31.0688,2,0.2,6152,1,0.1786634328682165
84.84,22.9068,3,0.0,6153,1,0.19067808341843256
1603.136,100.196,4,0.2,6154,1,0.045833039858756974
44.46,-17.784,5,0.6,6155,1,0.08769353467045266
14.82,6.2244,3,0.0,6156,1,0.19672703495101063
37.44,11.7,4,0.2,6157,1,0.1970577882420838
57.584,20.1544,2,0.2,6158,1,0.1845179364546552
26.976,8.7672,4,0.2,6159,1,0.19720976213329583
27.68,9.688,2,0.2,6160,1,0.1937644518845189
276.784,89.9548,2,0.2,6161,1,0.13782718218341794
14.96,0.2992,4,0.0,6162,1,0.19419321454106053
14.62,6.8714,2,0.0,6163,1,0.19631486475742305
12.9,6.321,2,0.0,6164,1,0.19056116539627638
12.96,6.2208,2,0.0,6165,1,0.19056116539627638
314.088,19.6305,3,0.2,6166,1,0.17086343673706167
116.82,5.841,3,0.0,6167,1,0.19025615660702733
11.36,3.2944,2,0.0,6168,1,0.19242430140244204
119.976,22.4955,3,0.2,6169,1,0.186436892150406
479.97,163.1898,3,0.0,6170,1,0.12067381285664847
263.96,71.2692,4,0.0,6171,1,0.16600473768635193
359.97,100.7916,3,0.0,6172,1,0.1449805115232149
261.96,41.9136,2,0.0,6173,1,0.1636639861174885
731.94,219.582,3,0.0,6174,1,0.09009871374428818
479.97,177.5889,3,0.0,6175,1,0.11700480235286831
341.96,54.7136,2,0.0,6176,1,0.15116769350402542
148.288,29.6576,7,0.2,6177,1,0.1472581128869505
467.46,191.6586,9,0.0,6178,1,0.04292557713577305
37.3,17.158,2,0.0,6179,1,0.18949304650936033
9.98,2.7944,1,0.0,6180,1,0.1633338240817932
129.92,38.976,4,0.0,6181,1,0.17779213264391164
334.88,29.302,4,0.2,6182,1,0.15884869830079829
14.7,3.969,5,0.0,6183,1,0.18825203088339398
41.86,10.465,7,0.0,6184,1,0.16282230620447957
20.368,7.3834,1,0.2,6185,1,0.16678075216338972
81.96,39.3408,2,0.0,6186,1,0.17056052997936877
69.888,-46.592,7,0.7,6187,1,0.04358746899401644
3.64,1.365,1,0.2,6188,1,0.16727749947104786
70.008,24.5028,3,0.2,6189,1,0.19231690156754305
49.848,16.8237,3,0.2,6190,1,0.19454572372129347
5.184,1.8144,3,0.2,6191,1,0.1949775754533562
13.216,4.4604,4,0.2,6192,1,0.19289801155613512
9.216,3.3408,4,0.2,6193,1,0.19332295136517408
4.624,1.6762,1,0.2,6194,1,0.16727749947104786
61.4,28.858,5,0.0,6195,1,0.18472835512518654
22.248,7.5087,3,0.2,6196,1,0.1974007390416624
67.71,32.5008,3,0.0,6197,1,0.1871175488858567
31.104,10.8864,6,0.2,6198,1,0.17301037243145345
32.4,15.552,5,0.0,6199,1,0.1896577805833028
89.568,32.4684,2,0.2,6200,1,0.1773310924925287
29.74,4.461,1,0.0,6201,1,0.16622826514458489
720.76,187.3976,4,0.0,6202,1,0.09206318047047157
38.976,-2.436,3,0.2,6203,1,0.19752896647560497
155.82,42.0714,7,0.0,6204,1,0.1440033840862467
14.72,-3.312,5,0.2,6205,1,0.18567116379257992
178.92,-29.0745,7,0.2,6206,1,0.14290893614121314
279.944,48.9902,7,0.2,6207,1,0.1321974729674839
41.958,-9.7902,7,0.4,6208,1,0.10342573230522623
221.98,62.1544,2,0.0,6209,1,0.16292251335271135
881.93,220.4825,7,0.0,6210,1,0.042770496545226466
245.646,8.1882,3,0.1,6211,1,0.1521767758372934
47.992,-2.0568,2,0.3,6212,1,0.15296821148035183
451.152,0.0,3,0.2,6213,1,0.15257625767764404
6.96,2.2272,4,0.0,6214,1,0.19266888811572447
41.96,10.9096,2,0.0,6215,1,0.19453737982698827
2678.94,241.1046,6,0.0,6216,-1,-0.023957494651916877
671.544,50.3658,3,0.2,6217,1,0.12769628361672053
92.94,25.0938,3,0.0,6218,1,0.18977378172311815
14.112,1.2348,6,0.2,6219,1,0.1712170517514235
55.008,17.19,3,0.2,6220,1,0.19548660460274858
31.504,11.0264,11,0.2,6221,1,0.08955879024328389
9.888,-6.9216,2,0.7,6222,1,0.10300097543558112
35.232,11.4504,3,0.2,6223,1,0.19856277667786992
83.36,20.84,1,0.0,6224,1,0.14992814505746122
28.14,7.8792,3,0.0,6225,1,0.1969739193965443
36.0,6.48,2,0.0,6226,1,0.19576291879489283
95.968,1.1996,4,0.2,6227,1,0.19071615780679108
59.97,14.9925,3,0.0,6228,1,0.19521480288340548
257.98,74.8142,2,0.0,6229,1,0.15742911425193395
1537.074,0.0,9,0.3,6230,-1,-0.029105751569621696
449.372,-12.8392,2,0.3,6231,1,0.1096504924829409
1474.802,-21.0686,7,0.3,6232,-1,-1.7809531521917332E-4
22.752,-8.532,6,0.6,6233,1,0.07625859326247086
674.352,-8.4294,3,0.2,6234,1,0.12594211419634277
110.096,33.0288,2,0.2,6235,1,0.17700367949467777
37.68,10.5504,2,0.0,6236,1,0.19277296930306737
20.58,5.5566,7,0.0,6237,1,0.16157844083963224
17.38,8.69,2,0.0,6238,1,0.19742290760583187
6.27,-4.598,5,0.7,6239,1,0.08874925213054985
4.368,-3.3488,7,0.7,6240,1,0.06538882158609316
287.52,129.384,8,0.0,6241,1,0.09225296040706776
16.752,5.4444,6,0.2,6242,1,0.1702759573290848
19.98,8.991,2,0.0,6243,1,0.19588419667936496
31.984,1.999,2,0.2,6244,1,0.19403041275799643
203.976,25.497,3,0.2,6245,1,0.17693367998751935
30.36,13.0548,4,0.0,6246,1,0.19652701215597257
4.18,1.5048,1,0.0,6247,1,0.16208245200929705
19.54,7.2298,2,0.0,6248,1,0.19735671858672638
44.02,11.4452,2,0.0,6249,1,0.1942242268498252
140.75,39.41,5,0.0,6250,1,0.17320111894777124
3.136,-4.704,2,0.8,6251,1,0.07450061572382949
14.94,6.8724,3,0.0,6252,1,0.1958594047228162
217.056,78.6828,7,0.2,6253,1,0.1321452313310411
24.88,6.9664,2,0.0,6254,1,0.1963675585019481
77.55,20.163,5,0.0,6255,1,0.1829449757157512
36.63,9.8901,3,0.0,6256,1,0.19663044721911
52.136,5.8653,7,0.2,6257,1,0.15966515233733158
2279.96,592.7896,4,0.0,6258,-1,-0.06186400527352465
380.058,-21.7176,3,0.3,6259,1,0.12370806109890486
408.006,72.5344,2,0.1,6260,1,0.110775821577764
19.92,6.5736,4,0.0,6261,1,0.1963892764198884
48.576,9.7152,3,0.2,6262,1,0.19785525776004426
23.65,6.149,1,0.0,6263,1,0.16497563242547336
9.84,2.8536,3,0.0,6264,1,0.19260659736587438
2.296,-3.9032,2,0.8,6265,1,0.07440677732345835
8.26,3.8822,2,0.0,6266,1,0.189134678150022
7.38,3.4686,2,0.0,6267,1,0.19064319519517542
16.45,7.567,5,0.0,6268,1,0.1880069698882188
5.28,2.376,1,0.0,6269,1,0.1637499187374234
40.44,10.5144,3,0.0,6270,1,0.19673643688310155
499.98,114.9954,2,0.0,6271,1,0.11876711163362758
1199.976,179.9964,4,0.4,6272,1,0.004216994426419873
89.97,25.1916,3,0.0,6273,1,0.19117221688871916
13.98,3.9144,2,0.0,6274,1,0.1949120742061573
630.024,-199.5076,4,0.4,6275,1,0.027501130139379493
38.136,13.3476,7,0.2,6276,1,0.16213759206646822
1016.792,381.297,1,0.2,6277,-1,-0.008315960460756666
99.39,40.7499,3,0.0,6278,1,0.1813215303943923
361.376,27.1032,2,0.2,6279,1,0.1528907129791895
8.32,2.808,5,0.2,6280,1,0.186024802011595
28.4,13.348,5,0.0,6281,1,0.19103579695225653
10.776,3.3675,3,0.2,6282,1,0.19477419338662783
15.232,5.5216,4,0.2,6283,1,0.19486358592515934
49.5,13.365,5,0.0,6284,1,0.19130121691190272
67.176,6.7176,3,0.2,6285,1,0.20032727986654092
301.96,33.2156,2,0.0,6286,1,0.16188370716698713
255.108,-18.222,6,0.3,6287,1,0.11869541698941016
67.84,18.3168,1,0.0,6288,1,0.15832193264532324
103.968,16.8948,6,0.2,6289,1,0.17073385293727483
6.368,1.0348,2,0.2,6290,1,0.19353526430582263
61.12,22.156,5,0.2,6291,1,0.18560157412386574
48.848,15.8756,2,0.2,6292,1,0.1925926730106392
19.648,6.6312,2,0.2,6293,1,0.1970347900741236
1117.92,55.896,4,0.0,6294,1,0.07869396476031448
595.0,95.2,5,0.0,6295,1,0.12058040585815627
1319.96,527.984,4,0.0,6296,-1,-0.010073868304138589
61.192,6.1192,1,0.2,6297,1,0.16473240692583085
2.328,-0.7566,2,0.6,6298,1,0.10783870803715073
31.96,1.598,2,0.0,6299,1,0.19555060744510666
8.74,2.2724,2,0.0,6300,1,0.19185625585415556
54.96,15.9384,3,0.0,6301,1,0.19578700850631003
18.48,6.006,2,0.2,6302,1,0.19712192966204656
17.28,5.0112,6,0.0,6303,1,0.17600964863097535
17.712,6.4206,3,0.2,6304,1,0.20043445719416142
1.192,-2.0264,2,0.8,6305,1,0.07500850874497211
14.352,4.6644,3,0.2,6306,1,0.19801519861336353
10.78,-17.248,5,0.8,6307,1,0.0589001920922525
40.968,13.8267,3,0.2,6308,1,0.19879735197859572
58.368,21.888,12,0.2,6309,1,0.0639994888752361
44.75,20.585,5,0.0,6310,1,0.18615343447624266
10.368,3.6288,2,0.2,6311,1,0.19281495259190318
100.704,-16.3644,6,0.2,6312,1,0.16490888809357246
64.96,2.5984,2,0.0,6313,1,0.19253552299111404
68.6,18.522,4,0.0,6314,1,0.19454877321834785
71.96,25.186,5,0.2,6315,1,0.1834267503188043
289.568,10.8588,2,0.2,6316,1,0.16026459338039917
86.97,-48.7032,3,0.5,6317,1,0.09803705507296595
318.43,-77.333,5,0.3,6318,1,0.10427154476499778
7.068,-2.8272,3,0.6,6319,1,0.11181445559304137
39.0,11.31,12,0.0,6320,1,0.07653003331636288
4.91,2.3077,1,0.0,6321,1,0.16389403766924404
14.427,-10.5798,3,0.7,6322,1,0.11074079429655032
128.4,62.916,3,0.0,6323,1,0.17632769936649983
2.628,-1.9272,2,0.7,6324,1,0.10699851331168769
19.096,6.6836,7,0.2,6325,1,0.16076371471157558
14.62,6.8714,2,0.0,6326,1,0.1952922354331677
18.496,6.2424,8,0.2,6327,1,0.13949102686125658
314.55,150.984,3,0.0,6328,1,0.13703441003643008
15.696,5.1012,3,0.2,6329,1,0.1989668295481813
9.08,4.086,2,0.0,6330,1,0.19051217105983448
39.72,4.4685,5,0.2,6331,1,0.1903604368977619
255.984,54.3966,2,0.2,6332,1,0.15835499703628036
27.88,3.9032,2,0.0,6333,1,0.1960623471490806
122.92,46.095,7,0.2,6334,1,0.14555995979917025
244.768,24.4768,4,0.2,6335,1,0.17444181254222718
944.93,236.2325,7,0.0,6336,1,0.03430726018218844
151.192,13.2293,1,0.2,6337,1,0.1469148435642063
113.568,12.7764,2,0.2,6338,1,0.1858684656808387
127.554,-9.111,3,0.3,6339,1,0.1557736091894587
195.136,-12.196,4,0.2,6340,1,0.17944590017218076
77.952,15.5904,3,0.2,6341,1,0.19379670502144614
12.96,6.3504,2,0.0,6342,1,0.191101395980803
38.432,13.4512,1,0.2,6343,1,0.16602940802413713
40.46,19.8254,7,0.0,6344,1,0.16159300996553227
32.4,15.552,5,0.0,6345,1,0.19088946085711334
21.568,1.6176,2,0.2,6346,1,0.19749733619869841
81.576,2.0394,3,0.2,6347,1,0.19579573294007246
30.345,-24.276,7,0.7,6348,1,0.054369040501792476
404.94,109.3338,3,0.0,6349,1,0.14114736212054113
39.88,11.1664,2,0.0,6350,1,0.19404204475813996
20.82,7.4952,3,0.0,6351,1,0.19849913159379717
23.616,2.6568,9,0.2,6352,1,0.12484225585641917
12.192,4.1148,4,0.2,6353,1,0.19569974980593197
134.272,46.9952,8,0.2,6354,1,0.12266924131530793
49.44,24.2256,3,0.0,6355,1,0.1912818390692277
4.488,-6.732,6,0.8,6356,1,0.04806348928768056
6.216,-9.6348,6,0.8,6357,1,0.04852677405141825
2.088,0.6786,1,0.2,6358,1,0.1664581903315283
24.032,-0.6008,2,0.2,6359,1,0.19544813060344846
14.368,3.9512,2,0.2,6360,1,0.1942224840278164
70.448,12.3284,7,0.2,6361,1,0.16487593709362103
15.8,2.37,5,0.2,6362,1,0.18851153883416322
339.92,8.498,5,0.2,6363,1,0.15449966561342982
1684.752,210.594,6,0.2,6364,1,0.013596431587927338
9.94,3.0814,2,0.0,6365,1,0.19260456352683997
207.76,85.1816,4,0.0,6366,1,0.16675200020911551
82.26,33.7266,3,0.0,6367,1,0.18538181585858982
42.384,4.2384,2,0.2,6368,1,0.19464390382543545
14.04,1.5795,3,0.2,6369,1,0.1995429203360644
17.216,6.0256,4,0.2,6370,1,0.19660873369977544
1219.96,381.2375,5,0.2,6371,1,0.022053178148344288
76.864,26.9024,2,0.2,7646,1,0.1770009443397329
440.19,206.8893,9,0.0,7647,1,0.030394835637593598
22.58,5.8708,2,0.0,7648,1,0.1900779289247208
64.4,1.932,5,0.0,7649,1,0.18342970771070616
1399.93,601.9699,7,0.0,7650,-1,-0.04631235978719228
89.97,18.8937,3,0.0,7651,1,0.18684098730438475
539.97,134.9925,3,0.0,7652,1,0.11323130545123067
7.992,0.6993,1,0.2,7653,1,0.16181978763540206
42.624,4.2624,2,0.2,7654,1,0.18703166705088636
220.96,24.858,1,0.2,7655,1,0.12924376128095816
39.96,17.1828,2,0.0,7656,1,0.1845025382862237
4.752,-3.168,2,0.7,7657,1,0.0950831705732309
56.704,19.1376,2,0.2,7658,1,0.18098172061119827
15.552,5.6376,3,0.2,7659,1,0.19029345339230802
11.12,3.475,2,0.2,7660,1,0.18520832723577108
29.592,2.5893,1,0.2,7661,1,0.16157486899943369
221.024,-55.256,2,0.2,7662,1,0.1412371076883422
302.94,75.735,3,0.0,7663,1,0.15762306485635413
1.892,-0.9933,1,0.6,7664,1,0.06872483481026381
14.56,6.2608,2,0.0,7665,1,0.18423057537443838
22.608,-10.1736,3,0.6,7666,1,0.10106413954365961
706.86,197.9208,7,0.0,7667,1,0.052360825396106314
17.24,4.4824,2,0.0,7668,1,0.18875987490182733
113.94,54.6912,6,0.0,7669,1,0.15459581274199502
3.048,1.0287,1,0.2,7670,1,0.16172743974617915
43.19,20.7312,7,0.0,7671,1,0.1611930721149747
1.996,-3.2934,1,0.8,7672,1,0.04229585280446413
6.874,-10.6547,7,0.8,7673,1,0.04113699205769694
8.928,0.6696,2,0.2,7674,1,0.18568431636313448
36.048,-0.9012,3,0.2,7675,1,0.1888997443513577
34.75,15.6375,5,0.0,7676,1,0.18394667213630483
344.704,38.7792,2,0.2,7677,1,0.14080816533160845
55.98,15.6744,2,0.0,7678,1,0.18164066043712784
114.95,2.299,5,0.0,7679,1,0.17650502122494377
19.44,9.33,3,0.0,7680,1,0.19054359930884124
1628.82,374.6286,9,0.0,7681,-1,-0.05793276751037624
314.352,-35.3646,3,0.2,7682,1,0.15252846825645083
681.408,42.588,12,0.2,7683,1,0.0013408580960732053
281.34,109.7226,6,0.0,7684,1,0.12667355510198047
97.16,28.1764,2,0.0,7685,1,0.17511910152803362
5.58,1.395,1,0.0,7686,1,0.15396053044630942
3.52,1.0208,2,0.0,7687,1,0.18273402942754174
26.16,12.8184,4,0.0,7688,1,0.18832088211134068
133.12,49.92,5,0.2,7689,1,0.15883474421910942
13.216,4.2952,4,0.2,7690,1,0.1886716729228265
286.93,140.5957,7,0.0,7691,1,0.09377225522294297
27.888,10.1094,7,0.2,7692,1,0.15498146446288602
195.64,91.9508,4,0.0,7693,1,0.1496697876358427
38.016,13.7808,6,0.2,7694,1,0.17101373545651016
36.32,10.896,1,0.0,7695,1,0.15152756770919623
299.97,113.9886,3,0.0,7696,1,0.1415162859640655
67.8,4.068,4,0.0,7697,1,0.18825206625939994
307.98,89.3142,2,0.0,7698,1,0.13663186711933883
95.992,9.5992,1,0.2,7699,1,0.15080217881111685
377.97,98.2722,3,0.0,7700,1,0.1362068540020906
518.272,-97.176,8,0.2,7701,1,0.06034551899312801
6.98,3.3504,1,0.0,7702,1,0.15650032021935217
64.9,18.821,5,0.0,7703,1,0.1815267119481893
21.5,7.095,10,0.0,7704,1,0.10758232842216425
25.92,8.2944,4,0.0,7705,1,0.1896614265086633
131.94,35.6238,3,0.0,7706,1,0.17157555973895539
41.28,19.8144,2,0.0,7707,1,0.1821791375546823
8.288,3.0044,2,0.2,7708,1,0.18295051885876007
7.41,3.4827,3,0.0,7709,1,0.18876285051821196
704.76,162.0948,4,0.0,7710,1,0.0916073729013866
343.2,38.61,1,0.2,7711,1,0.10739207746806623
1123.128,70.1955,9,0.2,7712,1,0.02237436938453663
518.272,-97.176,8,0.2,7713,1,0.05802213856594607
6.98,3.3504,1,0.0,7714,1,0.15650032021935217
343.2,38.61,1,0.2,7715,1,0.10739207746806623
520.05,72.807,5,0.0,7716,1,0.1272247272429044
17.97,5.2113,3,0.0,7717,1,0.19204760052634195
181.986,-54.5958,2,0.3,7718,1,0.12190797828679689
49.56,18.8328,7,0.0,7719,1,0.15937490860114822
9.84,2.8536,3,0.0,7720,1,0.18861462699427767
2.78,0.7228,1,0.0,7721,1,0.1500644655533495
1.592,-2.6268,2,0.8,7722,1,0.06959709122735791
22.344,2.5137,3,0.2,7723,1,0.18795560529546668
68.46,25.3302,7,0.0,7724,1,0.16083157608534526
171.288,-6.4233,3,0.2,7725,1,0.1789382941574046
18.32,-46.716,5,0.8,7726,1,0.04217556451382776
1.188,-1.9602,1,0.8,7727,1,0.04083382557566195
1.824,0.6156,2,0.2,7728,1,0.18430215133165606
48.816,-11.5938,3,0.2,7729,1,0.18030342634735785
18.84,6.0288,3,0.0,7730,1,0.19153937266480503
29.84,13.428,2,0.0,7731,1,0.18403400469871217
663.92,207.475,5,0.2,7732,1,0.08147961438494022
3.29,1.4805,1,0.0,7733,1,0.1526564338674588
50.136,-11.2806,3,0.2,7734,1,0.18030342634735785
120.0,13.2,8,0.0,7735,1,0.13108489236461468
208.44,62.532,3,0.0,7736,1,0.1641019108455224
12.96,6.2208,2,0.0,7737,1,0.18141871934365744
25.76,0.7728,2,0.0,7738,1,0.18378837380574936
23.08,6.924,2,0.0,7739,1,0.18730269397814198
477.3,138.417,5,0.0,7740,1,0.11080375259841097
35.0,14.7,4,0.0,7741,1,0.19099751080770921
31.44,7.86,3,0.0,7742,1,0.19083101514126755
58.34,28.0032,2,0.0,7743,1,0.17717093373760268
12.06,-10.05,5,0.7,7744,1,0.08132894697043991
25.92,9.072,5,0.2,7745,1,0.1795728937360589
477.15,28.629,5,0.0,7746,1,0.14183327515492739
27.192,0.3399,3,0.2,7747,1,0.18664567645477942
98.16,9.816,6,0.0,7748,1,0.16811046970395555
539.97,134.9925,3,0.0,7749,1,0.11255276961191374
302.376,22.6782,3,0.2,7750,1,0.16410617141983408
115.96,-64.9376,4,0.5,7751,1,0.0777248316030073
301.96,33.2156,2,0.0,7752,1,0.15469877613920086
106.869,-29.0073,3,0.3,7753,1,0.1437468471026303
247.44,101.4504,8,0.0,7754,1,0.09634385849745641
27.46,9.8856,2,0.0,7755,1,0.1828684390114792
125.13,36.2877,3,0.0,7756,1,0.17661509977078693
3.564,-6.237,3,0.8,7757,1,0.07393427075764913
15.552,5.4432,3,0.2,7758,1,0.18758922045427523
13.872,5.0286,3,0.2,7759,1,0.18542330046624395
271.968,54.3936,4,0.2,7760,1,0.1552341328489653
195.96,19.596,5,0.2,7761,1,0.16875841492179644
54.368,4.0776,4,0.2,7762,1,0.18888002169951812
65.424,-52.3392,4,0.6,7763,1,0.07280016820026702
6.24,2.6208,3,0.0,7764,1,0.18817836342444189
465.16,120.9416,2,0.0,7765,1,0.11790791374496568
43.41,19.9686,1,0.0,7766,1,0.14852209630112706
23.55,1.1775,5,0.0,7767,1,0.18385630219879306
25.92,9.396,5,0.2,7768,1,0.1795817352190585
7.98,3.99,1,0.0,7769,1,0.15480509006541154
53.424,4.6746,3,0.2,7770,1,0.18595288356736295
241.96,33.8744,2,0.0,7771,1,0.16355281112639825
204.6664,-6.0196,1,0.32,7772,1,0.08757968993876336
13.592,-0.3398,1,0.2,7773,1,0.15892878772004576
8.01,3.0438,3,0.0,7774,1,0.18638150758917016
35.1,10.179,6,0.0,7775,1,0.173683424920215
3.89,1.8672,1,0.0,7776,1,0.15409426730042225
37.52,18.0096,4,0.0,7777,1,0.18670974173047844
35.36,-3.094,2,0.2,7778,1,0.18375124056652847
156.792,17.6391,1,0.2,7779,1,0.140606926525717
1925.88,539.2464,6,0.0,7780,-1,-0.049836846465409756
17.48,1.311,5,0.2,7781,1,0.1818463289258927
2405.2,793.716,8,0.0,7782,-1,-0.09594651336908766
17.38,8.69,2,0.0,7783,1,0.18689021381805565
3.798,-2.6586,2,0.7,7784,1,0.0892598575030849
53.9,25.872,5,0.0,7785,1,0.17680920939665212
27.744,10.0572,6,0.2,7786,1,0.16840993555350015
324.744,-77.1267,3,0.2,7787,1,0.12333800932338401
39.89,14.7593,1,0.0,7788,1,0.15017128149725512
83.97,15.9543,3,0.0,7789,1,0.1840694433263082
158.376,-34.3148,4,0.4,7790,1,0.11063939962718289
43.92,15.921,5,0.2,7791,1,0.18128883664040596
10.688,3.7408,2,0.2,7792,1,0.18392949968176892
25.344,7.92,6,0.2,7793,1,0.16855197464843796
25.344,9.1872,4,0.2,7794,1,0.18581952337226204
27.44,2.401,2,0.2,7795,1,0.18433586315135586
2.97,-0.6435,1,0.4,7796,1,0.09407971616485616
241.568,0.0,2,0.2,7797,1,0.1644630619215932
35.168,9.6712,7,0.2,7798,1,0.15707065675639592
384.768,-115.4304,2,0.4,7799,1,0.048451328390114456
24.472,1.8354,7,0.2,7800,1,0.15438090304600638
5.2,0.585,2,0.2,7801,1,0.1854600197879196
3.912,1.2714,1,0.2,7802,1,0.1607399723816752
4.554,-3.4914,3,0.7,7803,1,0.09577008617151717
15.552,5.4432,3,0.2,7804,1,0.1866438361819276
11.96,5.382,2,0.0,7805,1,0.18430717967718235
45.36,22.2264,4,0.0,7806,1,0.18664334536372762
136.26,5.4504,9,0.0,7807,1,0.11274624871232303
110.4,-4.14,2,0.2,7808,1,0.17825601180233808
44.75,8.5025,5,0.0,7809,1,0.18402027225882145
205.992,-2.5749,1,0.2,7810,1,0.13636593798292979
1099.5,362.835,10,0.0,7811,-1,-0.04281688952253826
78.66,36.1836,6,0.0,7812,1,0.16062213795162417
503.96,50.396,5,0.2,7813,1,0.13091614382571676
31.984,1.999,2,0.2,7814,1,0.18627305196598964
30.336,-17.4432,6,0.6,7815,1,0.06466054445522562
8.64,2.5056,3,0.0,7816,1,0.1871985071823305
108.08,54.04,7,0.0,7817,1,0.14653134180826793
6.37,-9.555,7,0.8,7818,1,0.04078242053496828
9.54,4.3884,3,0.0,7819,1,0.18663158159772603
12.48,5.616,2,0.0,7820,1,0.18354739674621307
71.984,25.1944,2,0.2,7821,1,0.17664418147058442
20.736,7.2576,4,0.2,7822,1,0.18906937325467366
470.376,52.9173,3,0.2,7823,1,0.13843379636884656
4.95,2.178,1,0.0,7824,1,0.1546671204163319
26.4,0.0,5,0.0,7825,1,0.18042287268773827
1497.666,140.9568,2,0.15,7826,1,0.018506265982436765
1.624,-4.466,2,0.8,7827,1,0.0672652364189762
12.176,-18.8728,4,0.8,7828,1,0.0694287748479977
72.588,-48.392,2,0.7,7829,1,0.062034325980828586
10.36,5.0764,2,0.0,7830,1,0.18364377311106483
85.056,28.7064,3,0.2,7831,1,0.18116642816567663
35.168,-8.3524,2,0.2,7832,1,0.1818384410561374
23.76,2.079,3,0.2,7833,1,0.18785123460024705
89.544,12.3123,7,0.2,7834,1,0.15737549116357286
17.52,-3.504,2,0.2,7835,1,0.18614393825287584
381.576,28.6182,3,0.2,7836,1,0.15234686125512903
23.976,-14.3856,3,0.6,7837,1,0.09242554948646037
108.925,-71.8905,1,0.5,7838,1,0.03614852332491825
49.12,23.0864,4,0.0,7839,1,0.18461234397106635
36.352,11.36,8,0.2,7840,1,0.13969250980306097
720.76,54.057,5,0.2,7841,1,0.10278690547845615
514.165,-30.245,5,0.15,7842,1,0.10475015541893223
14.7,4.116,7,0.0,7843,1,0.15914983208283562
8.4,4.2,5,0.0,7844,1,0.18150508313260305
16.4,4.756,5,0.0,7845,1,0.18254892114607651
14.13,0.7065,3,0.0,7846,1,0.18653118396138602
29.6,14.8,2,0.0,7847,1,0.18190666323499405
11.56,5.4332,4,0.0,7848,1,0.18655127018129175
40.032,15.012,6,0.2,7849,1,0.16915017060366727
15.58,3.895,1,0.0,7850,1,0.15541596004568808
1347.52,84.22,8,0.2,7851,1,0.012837966367587161
132.52,54.3332,4,0.0,7852,1,0.16489286695153765
279.96,17.4975,5,0.2,7853,1,0.15951756803118833
88.776,7.7679,3,0.2,7854,1,0.18483169884038492
174.42,41.8608,3,0.0,7855,1,0.17159507462565943
280.792,35.099,1,0.2,7856,1,0.11685400602669738
61.44,16.5888,3,0.0,7857,1,0.18680027799270776
3.76,1.0904,2,0.0,7858,1,0.18202825389467453
15.872,1.984,1,0.2,7859,1,0.16007046057326668
88.04,6.603,5,0.2,7860,1,0.17743682485565165
4.572,-3.81,4,0.7,7861,1,0.09482244648276983
18.288,6.6294,6,0.2,7862,1,0.1704914367082312
122.97,60.2553,3,0.0,7863,1,0.1692019954287317
37.94,18.2112,2,0.0,7864,1,0.1805445436864993
215.592,-48.5082,3,0.2,7865,1,0.14875349687309036
68.448,7.7004,4,0.2,7866,1,0.18967417717553636
102.96,1.0296,2,0.0,7867,1,0.1738521084432662
385.8,130.2075,5,0.2,7868,1,0.11475206999980653
858.24,143.04,4,0.1,7869,1,0.06539471971203503
17.088,1.068,2,0.2,7870,1,0.1880695336159039
8.856,-6.8634,3,0.6,7871,1,0.09547200502781011
452.94,67.941,3,0.0,7872,1,0.1416744524837658
64.14,16.6764,3,0.0,7873,1,0.18680027799270776
13.128,4.2666,3,0.2,7874,1,0.18359115556094663
91.2,41.952,3,0.0,7875,1,0.17931132595579252
19.04,9.3296,4,0.0,7876,1,0.18754758161817148
19.44,9.3312,3,0.0,7877,1,0.18784680887941302
63.92,19.176,2,0.2,7878,1,0.18085046171156705
71.976,8.997,3,0.2,7879,1,0.18738983542714038
291.136,-25.4744,4,0.2,7880,1,0.1488894637993814
470.302,-87.3418,7,0.3,7881,1,0.06639757445322303
181.86,50.9208,7,0.0,7882,1,0.14501403850106726
164.736,-39.1248,4,0.2,7883,1,0.1603442266427687
47.984,5.998,2,0.2,7884,1,0.1838987620187454
77.728,-3.8864,2,0.2,7885,1,0.18027197891107727
698.352,52.3764,3,0.2,7886,1,0.11275381672077689
31.168,9.3504,4,0.2,7887,1,0.18927843022729335
120.96,-28.224,2,0.4,7888,1,0.10305887311958539
76.608,6.7032,8,0.2,7889,1,0.13557828722148652
19.56,1.7115,5,0.2,7890,1,0.18213828863027004
4.26,1.7466,1,0.0,7891,1,0.15189435399621248
44.4,22.2,3,0.0,7892,1,0.1870481584158713
91.36,29.692,5,0.2,7893,1,0.1731482775382841
17.94,8.7906,3,0.0,7894,1,0.18858898878566266
84.55,22.8285,5,0.0,7895,1,0.17415329048446748
142.776,17.847,1,0.2,7896,1,0.13843451333405254
2239.936,223.9936,8,0.2,7897,-1,-0.04006945791484373
239.976,26.9973,3,0.2,7898,1,0.16818152831755312
119.96,7.4975,1,0.2,7899,1,0.14107361832814813
47.976,4.7976,3,0.2,7900,1,0.18565969370369695
1212.96,90.972,7,0.2,7901,1,0.039280763505722516
301.96,90.588,2,0.0,7902,1,0.13719048179416937
180.66,50.5848,3,0.0,7903,1,0.1711993186174266
23.92,1.794,5,0.2,7904,1,0.1795272680463323
14.016,4.7304,3,0.2,7905,1,0.18412314464142532
5.936,-8.904,7,0.8,7906,1,0.039429096723749946
19.44,9.3312,3,0.0,7907,1,0.18943873791116894
18.54,8.7138,2,0.0,7908,1,0.18677875808140287
192.16,92.2368,4,0.0,7909,1,0.15029034693828985
16.68,4.3368,2,0.0,7910,1,0.1885746178159149
479.952,107.9892,6,0.2,7911,1,0.11154819071346911
191.98,51.8346,2,0.0,7912,1,0.1647674363607406
65.99,17.1574,1,0.0,7913,1,0.14833648209326122
155.25,46.575,3,0.0,7914,1,0.17046552604625587
2.304,-3.5712,4,0.8,7915,1,0.07377278311248925
9.36,-16.38,4,0.8,7916,1,0.0693947124630454
51.312,17.9592,3,0.2,7917,1,0.18128597435454175
12.224,4.4312,2,0.2,7918,1,0.18027771818591037
146.352,-32.9292,3,0.2,7919,1,0.16110377011236665
14.03,4.0687,1,0.0,7920,1,0.15129697820549864
101.34,8.1072,3,0.0,7921,1,0.1834174006762131
3404.5,1668.205,5,0.0,7922,-1,-0.12556983587610115
917.9235,75.5937,9,0.15,7923,1,0.0313700709896052
74.352,23.235,3,0.2,7924,1,0.17910551320619322
38.88,19.0512,6,0.0,7925,1,0.168190698660464
74.352,23.235,3,0.2,7926,1,0.17910551320619322
760.116,-43.4352,6,0.3,7927,1,0.051244637079558175
50.32,21.1344,4,0.0,7928,1,0.18362929286628
38.784,7.272,3,0.2,7929,1,0.1845771456037129
457.485,-84.9615,3,0.3,7930,1,0.09963057367376571
0.444,-1.11,1,0.8,7931,1,0.037070118610800784
2.264,-5.2072,1,0.8,7932,1,0.03971589821395494
6.888,-11.0208,3,0.8,7933,1,0.07017679949908717
11.568,3.7596,3,0.2,7934,1,0.18145182310311203
146.176,47.5072,8,0.2,7935,1,0.11807239214812437
97.82,45.9754,2,0.0,7936,1,0.1693248989139658
24.56,11.5432,2,0.0,7937,1,0.18234205114536783
129.3,6.465,2,0.0,7938,1,0.1720769119838993
153.584,-32.6366,2,0.2,7939,1,0.15554734313710344
11.184,0.8388,1,0.2,7940,1,0.1528104743916947
103.12,10.312,8,0.0,7941,1,0.12877094933412359
122.328,1.5291,9,0.2,7942,1,0.11965393012296988
5.248,0.5904,2,0.2,7943,1,0.18176083553921923
51.312,18.6006,3,0.2,7944,1,0.18046198895094367
9.82,4.8118,2,0.0,7945,1,0.18239568170193032
32.4,15.552,5,0.0,7946,1,0.1817678813791616
31.104,10.8864,6,0.2,7947,1,0.16850902719373828
4.464,0.3348,1,0.2,7948,1,0.1522233996804549
149.95,14.995,5,0.0,7949,1,0.16705868277429758
239.97,71.991,3,0.0,7950,1,0.16005378559348116
503.96,125.99,4,0.0,7951,1,0.11093326697940181
17.92,2.464,5,0.2,7952,1,0.17782793404732894
6.24,3.0576,2,0.0,7953,1,0.18264057566079123
41.256,-34.38,6,0.7,7954,1,0.04559730475968893
82.4,40.376,5,0.0,7955,1,0.16747713126670538
447.84,219.4416,8,0.0,7956,1,0.04238591401404279
487.96,146.388,2,0.0,7957,1,0.09886862694752191
3.036,-5.0094,3,0.8,7958,1,0.07120590554985129
10.332,-7.5768,3,0.7,7959,1,0.08866701436396734
31.155,-23.8855,5,0.7,7960,1,0.06268479645702507
37.608,12.6927,3,0.2,7961,1,0.18211533653820733
8.928,0.6696,2,0.2,7962,1,0.1790020755402847
172.764,32.6332,2,0.1,7963,1,0.14343650809972713
276.69,49.8042,3,0.0,7964,1,0.16342539056753874
385.6,111.824,8,0.0,7965,1,0.07716327177531479
35.82,11.8206,9,0.0,7966,1,0.12187863656891917
95.92,25.8984,8,0.0,7967,1,0.1351326680908534
102.93,48.3771,3,0.0,7968,1,0.1753797171983184
182.994,-320.2395,3,0.8,7969,-1,-0.026068121924142207
2.88,1.3536,1,0.0,7970,1,0.14581297175987018
10.272,3.21,3,0.2,7971,1,0.17853592376038158
21.744,6.795,3,0.2,7972,1,0.18227289884835396
400.784,-5.0098,1,0.2,7973,1,0.10410385134555006
871.4,148.138,4,0.0,7974,1,0.0650397049113205
5.344,0.7348,2,0.2,7975,1,0.17646809857415863
11.304,-2.1195,3,0.2,7976,1,0.17675451100367506
71.04,26.64,6,0.2,7977,1,0.15861990134962817
148.48,16.704,2,0.2,7978,1,0.16612206636050236
273.552,-13.6776,3,0.2,7979,1,0.15563642295959418
526.45,31.587,5,0.0,7980,1,0.12451352455494885
15.92,5.4128,4,0.0,7981,1,0.18277685584672698
102.368,37.1084,2,0.2,7982,1,0.16183252959741967
13.872,4.6818,6,0.2,7983,1,0.16187354189048386
4.54,2.043,1,0.0,7984,1,0.14414042641234315
68.52,31.5192,3,0.0,7985,1,0.17735175982796114
713.88,214.164,4,0.0,7986,1,0.07788268604563353
83.76,1.6752,12,0.0,7987,1,0.05988771491715228
272.94,0.0,3,0.0,7988,1,0.16073487100678568
28.4,8.236,5,0.0,7989,1,0.17610863019888995
431.928,64.7892,9,0.2,7990,1,0.08241858882745678
545.916,72.7888,14,0.4,7991,-1,-0.05201377947363495
239.97,67.1916,3,0.0,7992,1,0.16085842078934232
358.2,41.79,3,0.4,7993,1,0.09348941070545064
543.92,135.98,8,0.0,7994,1,0.05200058212653835
191.646,31.941,3,0.1,7995,1,0.1511396936837553
126.3,40.416,3,0.0,7996,1,0.17288178747621835
20.07,9.2322,3,0.0,7997,1,0.18308795753135015
19.44,9.3312,3,0.0,7998,1,0.18252983015510038
1287.45,244.6155,5,0.0,7999,1,0.03529513694978981
409.9992,-96.4704,3,0.32,8000,1,0.08739538250781109
638.82,185.2578,9,0.0,8001,1,0.016978167992770188
25.16,8.5544,2,0.0,8002,1,0.17706734577322691
307.314,-39.5118,3,0.3,8003,1,0.12633448951178788
21.392,-54.5496,2,0.8,8004,1,0.04110758655057867
362.94,90.735,3,0.0,8005,1,0.1319270435070628
11.68,3.0368,2,0.0,8006,1,0.17686514234335138
312.552,101.5794,9,0.2,8007,1,0.07436699981866701
895.92,302.373,5,0.2,8008,1,0.042508024665291355
11.54,5.77,2,0.0,8009,1,0.17686514234335138
5.184,1.8144,1,0.2,8010,1,0.14993127085726238
1295.78,310.9872,2,0.0,8011,1,0.0035278504292685087
130.71,39.213,3,0.0,8012,1,0.17088312931248872
30.69,7.9794,3,0.0,8013,1,0.1844611749625364
62.31,22.4316,3,0.0,8014,1,0.18321554865585055
435.999,5.1294,3,0.15,8015,1,0.12854912916460964
569.058,-178.8468,3,0.3,8016,1,0.05660629237698833
19.52,5.368,2,0.2,8017,1,0.1788627534421403
22.23,9.7812,1,0.0,8018,1,0.14133599684020137
14.224,-10.3124,2,0.6,8019,1,0.08323971264633062
1044.63,-295.9785,5,0.4,8020,-1,-0.0256769280821757
75.792,25.5798,3,0.2,8021,1,0.1768286532387029
204.95,100.4255,5,0.0,8022,1,0.1343886646287405
248.57,67.1139,7,0.0,8023,1,0.1392759839397621
1085.42,282.2092,7,0.0,8024,1,0.017885644445137516
1001.584,125.198,2,0.2,8025,1,0.053660334510564955
169.99,78.1954,1,0.0,8026,1,0.10603274931165163
25.92,12.4416,4,0.0,8027,1,0.18083070122330908
443.92,13.3176,4,0.0,8028,1,0.1439973794528664
5.232,-8.1096,4,0.8,8029,1,0.06909179514253816
163.96,59.4355,5,0.2,8030,1,0.14853215230730243
129.39,54.3438,3,0.0,8031,1,0.1656910705771012
23.99,5.5177,1,0.0,8032,1,0.1471493095015896
545.85,114.6285,9,0.0,8033,1,0.03960753260814387
102.3,26.598,1,0.0,8034,1,0.1286593658748027
215.148,-103.9882,2,0.4,8035,1,0.06472011144500756
9.552,1.5522,3,0.2,8036,1,0.1775938984208878
32.896,11.1024,4,0.2,8037,1,0.1825708905752506
273.896,92.4399,7,0.2,8038,1,0.10433670846272797
24.56,11.5432,2,0.0,8039,1,0.17702472584183532
30.96,11.223,6,0.2,8040,1,0.16547240745081127
87.92,0.8792,4,0.0,8041,1,0.17696762747990163
1687.8,742.632,4,0.0,8042,-1,-0.04396080834769067
24.0,-2.7,2,0.2,8043,1,0.1761935218912727
258.9,93.204,10,0.0,8044,1,0.06725046563784975
59.98,26.3912,2,0.0,8045,1,0.17406073662433835
2395.2,209.58,6,0.2,8046,-1,-0.023826289902222353
597.132,49.761,3,0.4,8047,1,0.06806503405010533
7.992,2.6973,1,0.2,8048,1,0.1487324025990157
287.97,77.7519,3,0.0,8049,1,0.15356046646517224
167.968,62.988,4,0.2,8050,1,0.1545885222936681
332.028,-348.6294,9,0.6,8051,-1,-0.05636404583805754
11.394,-17.6607,9,0.8,8052,1,0.008844720660039385
6.316,-10.4214,1,0.8,8053,1,0.031523683515099266
15.552,5.6376,3,0.2,8054,1,0.1794851927919695
31.104,11.2752,6,0.2,8055,1,0.16505402185061846
79.96,22.3888,4,0.0,8056,1,0.17909446504684307
239.24,23.924,1,0.2,8057,1,0.11882048354435992
122.136,-13.7403,3,0.2,8058,1,0.16686758910044525
2.946,-2.2586,2,0.7,8059,1,0.08496015569510651
16.056,5.8203,3,0.2,8060,1,0.1794851927919695
87.21,-45.3492,3,0.5,8061,1,0.08608998277639862
17.472,6.3336,3,0.2,8062,1,0.1808662541188708
5.94,0.1188,3,0.0,8063,1,0.1777638008799668
15.552,5.4432,3,0.2,8064,1,0.1794851927919695
13.392,1.0044,3,0.2,8065,1,0.1773230859520888
16.776,4.8231,3,0.2,8066,1,0.17959460095447083
527.92,85.787,2,0.2,8067,1,0.09584071292623109
252.0,93.24,4,0.0,8068,1,0.1408760376433716
683.988,-113.998,2,0.4,8069,1,0.018563780145591346
39.98,9.1954,2,0.0,8070,1,0.17930615390960541
145.9,62.737,5,0.0,8071,1,0.15353772864967474
198.46,99.23,2,0.0,8072,1,0.1303662367249499
15.84,4.9104,3,0.0,8073,1,0.1834507207374777
83.92,5.8744,4,0.0,8074,1,0.17856256544326266
12.96,4.1472,2,0.0,8075,1,0.1761105136820716
28.91,8.673,7,0.0,8076,1,0.1551689314942366
18.24,6.2016,3,0.0,8077,1,0.18364991331241987
174.95,45.487,5,0.0,8078,1,0.15977464836238076
7.56,3.0996,3,0.0,8079,1,0.18065513841168607
13.12,4.3296,4,0.0,8080,1,0.18198334230177282
23.168,7.8192,2,0.2,8081,1,0.17646330128497129
86.376,30.2316,3,0.2,8082,1,0.17249062219281108
75.18,35.3346,6,0.0,8083,1,0.15637959539082746
786.48,385.3752,8,0.0,8084,-1,-0.012363621095608401
24.56,11.5432,2,0.0,8085,1,0.17702472584183532
52.76,24.2696,2,0.0,8086,1,0.17155031345447325
141.9,58.179,5,0.0,8087,1,0.15350051717270335
50.0,10.5,2,0.0,8088,1,0.17496434830587249
662.88,74.57,3,0.2,8089,1,0.10711339942197406
8.74,-6.12,4,0.7,8090,1,0.09063553664294022
19.97,-13.31,2,0.7,8091,1,0.08311339416464197
33.49,-1.26,7,0.2,8092,1,0.15240085729877412
526.45,31.587,5,0.0,8093,1,0.12447376693275913
58.464,-146.16,9,0.8,8094,-1,-0.033847204092124494
8.84,2.9835,5,0.2,8095,1,0.1717427423317075
119.04,48.8064,6,0.0,8096,1,0.15333622402101538
1.08,-0.792,2,0.7,8097,1,0.08472450854691943
274.8,134.652,5,0.0,8098,1,0.11622353292555232
195.64,3.9128,4,0.0,8099,1,0.1671357539703759
228.92,14.3075,5,0.2,8100,1,0.15983633224885596
257.98,74.8142,2,0.0,8101,1,0.14229236185419647
18.84,7.9128,3,0.0,8102,1,0.18166604110571183
41.91,10.8966,3,0.0,8103,1,0.18183880428398935
298.464,26.1156,6,0.2,8104,1,0.14464441646078785
168.1,43.706,5,0.0,8105,1,0.15760370528864964
30.32,11.8248,4,0.0,8106,1,0.18156026781103324
29.8,9.3125,5,0.2,8107,1,0.17589204671540282
8.67,4.0749,3,0.0,8108,1,0.1779790814533015
132.6,17.238,6,0.0,8109,1,0.15279008422285556
1287.45,244.6155,5,0.0,8110,1,0.034928014508997296
71.952,5.3964,6,0.2,8111,1,0.1631854386402639
3.816,1.1925,1,0.2,8112,1,0.1510861769482852
91.008,19.3392,9,0.2,8113,1,0.12151265606521222
13.56,6.2376,2,0.0,8114,1,0.17249224258071882
360.38,93.6988,2,0.0,8115,1,0.11869911906722508
39.594,-7.2589,1,0.4,8116,1,0.08676574349822508
396.92,148.845,5,0.2,8117,1,0.09920125547397363
18.84,7.9128,3,0.0,8118,1,0.1784646661621081
276.69,49.8042,3,0.0,8119,1,0.1568228295492347
71.92,20.8568,4,0.0,8120,1,0.17950098166211692
13.12,2.132,5,0.2,8121,1,0.1713717915205482
4.448,1.4456,2,0.2,8122,1,0.1774099917762179
4.96,2.3312,4,0.0,8123,1,0.1798875933473344
9.248,3.3524,2,0.2,8124,1,0.1752796954813156
239.456,17.9592,7,0.2,8125,1,0.13966246620742206
62.04,4.653,5,0.2,8126,1,0.17287362809005397
140.97,19.7358,3,0.0,8127,1,0.16535005971589484
1889.946,-377.9892,9,0.4,8128,-1,-0.09421488176351012
470.376,52.9173,3,0.2,8129,1,0.13353033888004
664.146,88.5528,6,0.1,8130,1,0.08070224472416726
872.94,157.1292,3,0.0,8131,1,0.06794030531393813
310.443,-48.7839,3,0.3,8132,1,0.1161122292360583
179.94,50.3832,3,0.0,8133,1,0.1599898715272286
6.56,1.9024,2,0.0,8134,1,0.17648394201612988
26.55,13.0095,3,0.0,8135,1,0.17649260193027067
7.83,3.6018,3,0.0,8136,1,0.1777085296822533
12.96,6.2208,2,0.0,8137,1,0.17174947608914715
8.96,4.3904,2,0.0,8138,1,0.17510198782969855
41.9,8.799,2,0.0,8139,1,0.1753679561187081
71.372,-1.0196,2,0.3,8140,1,0.14233620163217442
242.352,15.147,3,0.2,8141,1,0.16190863459990856
2.912,0.91,2,0.2,8142,1,0.1761539174687095
1194.165,210.735,5,0.15,8143,1,0.02705086495894471
7.904,2.1736,2,0.2,8144,1,0.17606373799495117
39.08,14.4596,4,0.0,8145,1,0.18318798730445174
57.9,28.95,5,0.0,8146,1,0.1706846809310803
99.9,47.952,5,0.0,8147,1,0.16306740890352395
32.4,15.552,5,0.0,8148,1,0.1767573374187289
10.56,0.0,2,0.0,8149,1,0.17381113189145608
479.984,89.997,2,0.2,8150,1,0.10547493302964417
269.98,67.495,2,0.0,8151,1,0.14175044561126526
311.976,-42.8967,3,0.2,8152,1,0.1376428113241988
198.744,-14.196,4,0.3,8153,1,0.1375574831018761
161.568,10.098,2,0.2,8154,1,0.16409432495724702
801.6,-448.896,5,0.5,8155,-1,-0.03524446906778411
7.656,-6.1248,4,0.7,8156,1,0.09100437661418459
16.096,5.2312,2,0.2,8157,1,0.17677511205016894
9.184,1.148,2,0.2,8158,1,0.17617524820999741
599.97,69.9965,5,0.4,8159,1,0.055759505811727395
163.764,25.4744,2,0.1,8160,1,0.13924518674909792
182.94,27.441,3,0.0,8161,1,0.16347903000749192
183.92,31.2664,4,0.0,8162,1,0.164618532524674
8.792,-5.7148,1,0.6,8163,1,0.056115591243250496
416.32,112.4064,2,0.0,8164,1,0.10877339909164735
43.0,20.21,5,0.0,8165,1,0.17312776568445054
60.83,30.415,7,0.0,8166,1,0.14773872531409338
735.98,331.191,2,0.0,8167,1,0.029973823496954544
14.62,6.8714,2,0.0,8168,1,0.17530397148075588
13.36,6.4128,2,0.0,8169,1,0.17331392611581098
69.712,8.714,2,0.2,8170,1,0.1748266807491663
389.97,132.5898,3,0.0,8171,1,0.120480778029882
302.94,69.6762,3,0.0,8172,1,0.15211573068838874
225.296,22.5296,2,0.2,8173,1,0.15436300103204215
8.8,3.872,5,0.0,8174,1,0.17414549861594436
124.404,-21.3264,4,0.3,8175,1,0.13566244587335535
17.48,4.5448,4,0.0,8176,1,0.18456766248616918
25.99,7.5371,1,0.0,8177,1,0.13962140137502715
3.52,1.6896,2,0.0,8178,1,0.17693601421603294
101.94,29.5626,6,0.0,8179,1,0.15804519010638096
19.68,5.7072,6,0.0,8180,1,0.16885356089903336
2.112,-3.3792,2,0.8,8181,1,0.06313432827100351
50.352,17.6232,3,0.2,8182,1,0.17660746748009326
33.93,-22.62,3,0.7,8183,1,0.07823358702624195
2.864,-4.5824,4,0.8,8184,1,0.07188504874290413
14.94,7.1712,3,0.0,8185,1,0.17923809770764448
94.192,-164.836,7,0.8,8186,-1,-0.011564526876701287
6.48,3.1752,1,0.0,8187,1,0.14711530479385077
16.34,7.6798,2,0.0,8188,1,0.17604597795402954
222.32,25.011,7,0.2,8189,1,0.13933237659618142
231.72,11.586,2,0.0,8190,1,0.1555754490470903
1626.192,121.9644,9,0.2,8191,-1,-0.017636769816350095
271.96,67.99,4,0.0,8192,1,0.15516770871770308
71.928,6.2937,9,0.2,8193,1,0.12277119355079197
210.564,-52.641,6,0.4,8194,1,0.07598444186196007
526.344,-75.192,4,0.3,8195,1,0.07752286908229333
29.97,14.0859,3,0.0,8196,1,0.1786752365732292
121.536,15.192,4,0.2,8197,1,0.17564343909609542
11.68,5.4896,2,0.0,8198,1,0.17474902874501702
13.128,4.2666,3,0.2,8199,1,0.1745559584082091
13.92,4.35,3,0.2,8200,1,0.17510114204875565
15.192,5.5071,3,0.2,8201,1,0.17703637840169378
41.4,19.872,4,0.0,8202,1,0.17975561718112226
58.32,27.9936,9,0.0,8203,1,0.11312837721206559
63.312,20.5764,3,0.2,8204,1,0.1774741764338128
399.95,143.982,5,0.0,8205,1,0.10542018797965591
159.75,11.1825,5,0.0,8206,1,0.16201463346629574
2399.96,839.986,5,0.2,8207,-1,-0.07662037405150779
20.096,3.0144,4,0.2,8208,1,0.18127229079891483
138.588,-34.647,1,0.4,8209,1,0.057663246224576636
298.116,-4.2588,6,0.3,8210,1,0.11229851380258477
20.23,9.5081,7,0.0,8211,1,0.15248521825967526
3.304,1.0738,1,0.2,8212,1,0.1491761801621374
20.736,7.2576,4,0.2,8213,1,0.18098005490984936
259.92,-25.992,5,0.2,8214,1,0.1364919746758489
37.752,4.2471,3,0.2,8215,1,0.17922154678379637
362.352,45.294,3,0.2,8216,1,0.1414489834589961
1649.95,659.98,5,0.0,8217,-1,-0.04067803976618767
194.848,12.178,4,0.2,8218,1,0.16901622653752701
91.032,-2.2758,3,0.2,8219,1,0.17505131695352721
23.88,10.5072,3,0.0,8220,1,0.1768463701458784
14.89,4.0203,1,0.0,8221,1,0.14645199049765195
12.96,6.2208,2,0.0,8222,1,0.17133000881384675
26.2,12.052,4,0.0,8223,1,0.1772644006877494
234.95,32.893,5,0.0,8224,1,0.15700588521916947
543.92,135.98,8,0.0,8225,1,0.04974664017363284
9.984,3.6192,4,0.2,8226,1,0.17929567378587963
14.98,4.1944,1,0.0,8227,1,0.1445997071523158
1145.6,100.24,4,0.2,8228,1,0.05883296633290236
115.96,25.5112,2,0.0,8229,1,0.16027198070873788
302.67,72.6408,3,0.0,8230,1,0.1510330282794557
34.848,6.534,2,0.2,8231,1,0.17260614108379052
137.62,60.5528,2,0.0,8232,1,0.14734417111671017
60.12,22.2444,9,0.0,8233,1,0.1162769591042499
4.368,0.3822,3,0.2,8234,1,0.1752604090950995
33.48,16.4052,2,0.0,8235,1,0.17170543955737794
2.896,0.4706,2,0.2,8236,1,0.1726749256812914
90.57,11.7741,3,0.0,8237,1,0.17551910499317835
124.792,15.599,1,0.2,8238,1,0.13353586573543286
461.97,133.9713,3,0.0,8239,1,0.11470639229247725
22.0,1.375,5,0.2,8240,1,0.16884341931220032
76.776,-53.7432,4,0.7,8241,1,0.052672761932218704
26.25,12.6,7,0.0,8242,1,0.1526288570019173
330.4,85.904,2,0.0,8243,1,0.12834243940369044
89.95,43.176,5,0.0,8244,1,0.16329615668019576
36.96,11.4576,7,0.0,8245,1,0.15600458560811603
155.88,54.558,6,0.0,8246,1,0.1449523272329849
11.01,5.3949,3,0.0,8247,1,0.17559523937715965
17.52,8.4096,4,0.0,8248,1,0.1774631658749774
849.95,390.977,5,0.0,8249,1,0.02120158261930627
11.54,5.5392,1,0.0,8250,1,0.14054497190413262
54.816,17.8152,3,0.2,8251,1,0.17547739914614596
56.56,15.2712,2,0.0,8252,1,0.16802715992003464
41.424,8.2848,2,0.2,8253,1,0.16837537571627476
285.576,-57.1152,4,0.4,8254,1,0.07391424128312885
36.792,4.1391,1,0.2,8255,1,0.14271152224533246
54.896,18.5274,2,0.2,8256,1,0.163674856986474
36.288,12.7008,7,0.2,8257,1,0.14836818587257566
186.54,50.3658,3,0.0,8258,1,0.1573597028564847
1439.982,-263.9967,3,0.4,8259,-1,-0.042175800850715595
271.96,16.9975,5,0.2,8260,1,0.14728971251924133
95.984,5.999,2,0.2,8261,1,0.16372314045756198
183.372,-36.6744,2,0.3,8262,1,0.11657624431842811
123.96,11.1564,3,0.0,8263,1,0.16705873418586237
51.75,24.84,5,0.0,8264,1,0.16604248302547592
16.52,5.369,5,0.2,8265,1,0.16790387898041942
99.87,23.9688,3,0.0,8266,1,0.17242114816507853
16.06,4.1756,1,0.0,8267,1,0.14226127847685127
39.816,7.4655,3,0.2,8268,1,0.1737575779669413
3.318,-5.6406,3,0.8,8269,1,0.0655284261561242
8.784,3.1842,1,0.2,8270,1,0.14509630435052462
7.968,2.8884,2,0.2,8271,1,0.1707561229238101
125.88,60.4224,6,0.0,8272,1,0.14536536645422532
133.2,66.6,9,0.0,8273,1,0.09761921543328905
13.76,6.3296,2,0.0,8274,1,0.16876148790979267
151.056,7.5528,9,0.2,8275,1,0.10903301426228934
79.78,29.5186,2,0.0,8276,1,0.1628624617052304
145.74,23.3184,3,0.0,8277,1,0.1613311172373807
15.4,7.392,5,0.0,8278,1,0.16775186852628576
227.88,68.364,6,0.0,8279,1,0.13942648180286848
24.64,11.8272,8,0.0,8280,1,0.12739535205497693
115.296,40.3536,3,0.2,8281,1,0.16534059064709494
70.12,21.036,4,0.0,8282,1,0.17544541026788696
824.95,247.485,5,0.0,8283,1,0.047438223938100266
207.184,25.898,1,0.2,8284,1,0.11636855544286206
51.75,15.525,1,0.0,8285,1,0.13265673206733908
1473.1,412.468,5,0.0,8286,-1,-0.005528204649042023
11.68,5.4896,2,0.0,8287,1,0.1705251170453153
104.8,26.2,10,0.0,8288,1,0.0883092025368184
31.128,11.673,3,0.2,8289,1,0.17493066374412847
13.76,4.644,2,0.2,8290,1,0.16988714030345947
11.952,4.1832,3,0.2,8291,1,0.17168506415014284
244.55,114.9385,5,0.0,8292,1,0.12225199216307248
24.56,11.5432,2,0.0,8293,1,0.1694739441283582
118.16,-25.109,2,0.2,8294,1,0.15086729626730117
119.448,-13.4379,3,0.2,8295,1,0.1622249408189318
63.96,19.8276,4,0.0,8296,1,0.17634992187928317
79.992,21.9978,1,0.2,8297,1,0.13693610229363634
55.76,7.8064,4,0.0,8298,1,0.17439389261201654
159.96,17.9955,5,0.2,8299,1,0.1592136115562004
707.88,44.2425,3,0.2,8300,1,0.10091509523529324
113.92,33.04,2,0.0,8301,1,0.1549466811210602
39.66,11.9,2,0.0,8302,1,0.17072932693554177
447.86,210.49,7,0.0,8303,1,0.05541413303456377
121.3,25.473,2,0.0,8304,1,0.15771662272988368
70.08,35.04,6,0.0,8305,1,0.15338496836045912
177.2,83.284,5,0.0,8306,1,0.14223045633278664
1454.49,378.1674,9,0.0,8307,-1,-0.055215736859447584
9.184,2.87,7,0.2,8308,1,0.1466869597952613
477.51,219.6546,11,0.0,8309,-1,-0.009919716133364731
12.864,-22.512,8,0.8,8310,1,0.011823815510432434
29.664,10.0116,4,0.2,8311,1,0.17791833689733672
25.92,12.4416,4,0.0,8312,1,0.1748130593937967
153.584,13.4386,2,0.2,8313,1,0.15719661083558434
1779.9,373.779,5,0.0,8314,-1,-0.014250269773939506
54.92,19.7712,4,0.0,8315,1,0.17566624789813895
542.94,152.0232,3,0.0,8316,1,0.09496597678205015
219.9,59.373,5,0.0,8317,1,0.14921725893964893
17.52,5.256,3,0.0,8318,1,0.17473112302168775
100.704,37.764,6,0.2,8319,1,0.14623245236154142
20.736,7.2576,4,0.2,8320,1,0.17660175067179507
192.16,92.2368,4,0.0,8321,1,0.13664151014951342
46.74,11.685,3,0.0,8322,1,0.17660551194497964
174.95,12.2465,5,0.0,8323,1,0.15761152211328933
299.99,89.997,1,0.0,8324,1,0.08443657061294274
242.624,27.2952,8,0.2,8325,1,0.10542601250005273
423.648,47.6604,2,0.2,8326,1,0.12265242675003224
31.984,0.0,1,0.2,8327,1,0.14441921283033737
272.048,30.6054,7,0.2,8328,1,0.12141324918888957
83.79,22.6233,7,0.0,8329,1,0.1501405803635671
59.52,15.4752,3,0.0,8330,1,0.17483699449576517
36.024,11.7078,3,0.2,8331,1,0.17446547191140038
1614.582,-1237.8462,6,0.7,8332,-1,-0.1213485611830859
14.76,4.797,5,0.2,8333,1,0.16588320117386018
24.32,9.12,5,0.2,8334,1,0.16763653208820323
17.544,5.9211,3,0.2,8335,1,0.17397959662842277
31.44,8.4888,3,0.0,8336,1,0.17524817667481052
31.92,9.2568,4,0.0,8337,1,0.17837077116605154
1.584,0.4752,2,0.2,8338,1,0.1701501024899928
418.296,5.2287,3,0.2,8339,1,0.13807938414516557
16.68,4.3368,6,0.0,8340,1,0.15956824038493994
5.76,2.8224,2,0.0,8341,1,0.17113164492369293
97.84,25.4384,2,0.0,8342,1,0.16277683309969998
50.4,23.184,8,0.0,8343,1,0.12739878342847066
1801.632,-337.806,6,0.2,8344,-1,-0.025979326584246842
13.428,-11.19,3,0.7,8345,1,0.07895455703927357
67.136,-0.8392,4,0.2,8346,1,0.17725777360302347
74.592,-2.1312,4,0.3,8347,1,0.14409786351014486
4416.174,-630.882,9,0.3,8348,-1,-0.12400668570676887
462.564,97.6524,2,0.1,8349,1,0.09088287461475575
16.784,-22.2388,2,0.6,8350,1,0.06885394462201067
2518.29,654.7554,9,0.0,8351,-1,-0.10962312132302221
38.864,-99.1032,4,0.8,8352,1,0.018512175664564867
8.016,1.002,3,0.2,8353,1,0.17156334824605113
13.92,4.872,3,0.2,8354,1,0.17168506415014284
102.93,48.3771,3,0.0,8355,1,0.16676523148563982
895.92,302.373,5,0.2,8356,1,0.03208372968009565
221.056,77.3696,8,0.2,8357,1,0.09694118545120312
23.36,11.68,2,0.0,8358,1,0.16891459536193276
8.56,3.852,2,0.0,8359,1,0.16945512217376518
540.57,140.5482,3,0.0,8360,1,0.0982520935259385
5.552,-1.041,2,0.2,8361,1,0.17057495740486844
98.16,9.816,6,0.0,8362,1,0.1550276278605095
71.976,8.997,3,0.2,8363,1,0.17605366793334865
9.94,3.0814,2,0.0,8364,1,0.1693322941587832
88.02,27.2862,3,0.0,8365,1,0.17316593422840443
65.94,22.4196,3,0.0,8366,1,0.17673928505242387
40.48,15.7872,2,0.0,8367,1,0.17020125063078045
9.912,1.239,3,0.2,8368,1,0.17224956391947388
21.38,-33.139,5,0.8,8369,1,0.03798480383825786
6.744,-11.4648,4,0.8,8370,1,0.062492209056942305
107.424,33.57,9,0.2,8371,1,0.10946826304173635
2793.528,942.8157,9,0.2,8372,-1,-0.12141845745757429
10.782,-7.9068,3,0.7,8373,1,0.07986710112878342
323.1,61.389,2,0.0,8374,1,0.13754398459473943
200.064,12.504,3,0.2,8375,1,0.16037905365123167
1000.02,290.0058,7,0.0,8376,1,0.0079566054607626
843.9,371.316,2,0.0,8377,1,0.006343970389019904
1496.16,224.424,9,0.0,8378,-1,-0.03635725954856883
23.18,7.6494,2,0.0,8379,1,0.1687759483012758
37.91,10.9939,1,0.0,8380,1,0.13645963092983032
102.72,37.236,3,0.2,8381,1,0.16550721797399254
2.296,-3.9032,2,0.8,8382,1,0.05577232323641912
387.99,182.3553,1,0.0,8383,1,0.0475913421775519
19.44,9.3312,3,0.0,8384,1,0.1724308319718061
19.44,9.3312,3,0.0,8385,1,0.1724308319718061
387.99,182.3553,1,0.0,8386,1,0.0475913421775519
239.12,77.714,5,0.2,8387,1,0.1315930372619752
25.92,12.4416,4,0.0,8388,1,0.1737427968516796
40.29,10.4754,3,0.0,8389,1,0.17483622280327732
226.56,63.4368,6,0.0,8390,1,0.13966644385974403
17.22,5.166,3,0.0,8391,1,0.17399713316056298
107.88,10.788,3,0.2,8392,1,0.17232220619158523
35.96,3.596,1,0.2,8393,1,0.14263706392783593
866.4,225.264,4,0.0,8394,1,0.05417168570996378
388.704,38.8704,6,0.2,8395,1,0.12382322084261466
129.92,10.3936,4,0.0,8396,1,0.16446074600846994
22.752,7.11,3,0.2,8397,1,0.17353936207504406
25.16,8.5544,2,0.0,8398,1,0.16729636399052178
91.92,31.2528,4,0.0,8399,1,0.16754144593143466
568.728,28.4364,3,0.2,8400,1,0.11852225976519504
203.52,54.9504,3,0.0,8401,1,0.1533290366484627
17.12,4.9648,4,0.0,8402,1,0.17459300588755094
117.144,42.4647,9,0.2,8403,1,0.1044659352589305
4305.552,1453.1238,6,0.2,8404,-1,-0.12863624597480539
32.088,11.2308,7,0.2,8405,1,0.14774982240495277
15.28,7.4872,2,0.0,8406,1,0.17003626332984778
35.0,16.8,7,0.0,8407,1,0.14958034486555766
51.75,24.84,5,0.0,8408,1,0.1642124540065351
277.4,133.152,5,0.0,8409,1,0.11113106398936717
6.672,2.085,1,0.2,8410,1,0.14657819082164825
83.88,29.358,1,0.2,8411,1,0.13051647343581174
572.58,34.3548,6,0.0,8412,1,0.10182182607521756
237.096,20.7459,3,0.2,8413,1,0.1563871053301754
37.24,10.7996,4,0.0,8414,1,0.17835078708478003
33.18,11.613,2,0.0,8415,1,0.17073533620048392
431.968,37.7972,4,0.2,8416,1,0.13565803512524194
210.008,2.6251,1,0.2,8417,1,0.11741912489829381
314.532,-83.8752,2,0.4,8418,1,0.05441079290950923
2.784,0.4176,2,0.2,8419,1,0.16962659315938822
161.376,12.1032,6,0.2,8420,1,0.15044055254856453
8.72,2.943,5,0.2,8421,1,0.16577547882958626
49.568,15.49,2,0.2,8422,1,0.16921087155241704
4367.896,327.5922,13,0.2,8423,-1,-0.1386886048359024
646.272,64.6272,8,0.2,8424,1,0.061789449021083964
3.744,1.3104,1,0.2,8425,1,0.14636401770747526
24.672,7.71,4,0.2,8426,1,0.17768885047526456
10.368,3.7584,2,0.2,8427,1,0.17201051494922232
130.98,-89.0664,2,0.5,8428,1,0.04912170280066985
9.728,1.7024,2,0.2,8429,1,0.1715576837511329
3.424,1.07,1,0.2,8430,1,0.14636401770747526
192.16,67.256,5,0.2,8431,1,0.14453369327599946
25.696,1.9272,2,0.2,8432,1,0.1692576780448684
64.96,-43.848,5,0.6,8433,1,0.06231379424771155
53.72,13.9672,4,0.0,8434,1,0.1758081726987918
71.98,15.1158,2,0.0,8435,1,0.1672816237656547
230.28,23.028,3,0.2,8436,1,0.15727963991642518
198.46,99.23,2,0.0,8437,1,0.12282800656049547
120.576,33.1584,8,0.2,8438,1,0.11969302887986077
1488.424,-297.6848,7,0.3,8439,-1,-0.048841856130184325
14.336,0.896,4,0.2,8440,1,0.17647823274946556
321.92,96.576,4,0.0,8441,1,0.12609212596073038
5.952,0.372,1,0.2,8442,1,0.14478950337153917
841.568,294.5488,2,0.2,8443,1,0.023183675487826627
37.008,11.565,6,0.2,8444,1,0.16131349954846042
2.896,0.9774,1,0.2,8445,1,0.14501052913939738
12.672,3.96,3,0.2,8446,1,0.17295923091613707
116.28,56.9772,3,0.0,8447,1,0.1586188533501397
5.184,1.8144,1,0.2,8448,1,0.14607206837911557
354.9,17.745,5,0.0,8449,1,0.1392507784863372
63.84,16.5984,8,0.0,8450,1,0.13071109179884083
28.4,8.236,5,0.0,8451,1,0.16709045129532168
1119.888,209.979,14,0.2,8452,-1,-0.07256438957572497
879.984,329.994,2,0.2,8453,1,0.020337734801363694
347.97,100.9113,3,0.0,8454,1,0.12613592102837795
1137.75,250.305,5,0.0,8455,1,0.029977020525598475
91.6,26.564,5,0.0,8456,1,0.16461801218031952
5.56,1.4456,2,0.0,8457,1,0.16979838589470486
99.68,32.396,5,0.2,8458,1,0.1589083197763077
26.72,9.352,5,0.2,8459,1,0.16718596699963656
25.344,7.92,6,0.2,8460,1,0.15679130506801114
21.81,5.8887,3,0.0,8461,1,0.17349991768726775
35.168,11.4296,4,0.2,8462,1,0.17679295040645188
148.02,41.4456,3,0.0,8463,1,0.15828492144337675
9.408,0.7056,7,0.2,8464,1,0.14471876566473119
3.24,-5.184,9,0.8,8465,1,0.008190450378882774
47.36,17.76,4,0.2,8466,1,0.17291007642103068
27.44,2.401,2,0.2,8467,1,0.16687547753125326
569.568,7.1196,2,0.2,8468,1,0.1075602607104193
638.73,166.0698,9,0.0,8469,1,0.014310288909704538
6.672,2.1684,3,0.2,8470,1,0.17379758311918864
8.376,2.7222,3,0.2,8471,1,0.17270952170722265
229.544,83.2097,7,0.2,8472,1,0.10780644943292989
10.744,0.8058,1,0.2,8473,1,0.14328013933941464
193.95,9.6975,3,0.0,8474,1,0.1577964854195043
149.73,43.4217,7,0.0,8475,1,0.1356136315833248
6.208,0.6984,2,0.2,8476,1,0.17025808406165854
659.9,217.767,2,0.0,8477,1,0.06362335736201574
689.408,77.5584,4,0.2,8478,1,0.09063794661140845
498.26,134.5302,7,0.0,8479,1,0.07290398617568705
114.9,39.066,5,0.0,8480,1,0.15830475025455842
283.56,45.3696,4,0.0,8481,1,0.15373034796014984
314.6,103.818,4,0.0,8482,1,0.12635562059241334
7.58,2.9562,1,0.0,8483,1,0.1419917537560504
22.92,8.022,5,0.2,8484,1,0.16715604825567149
19.99,6.7966,1,0.0,8485,1,0.14000725072515036
215.976,-2.6997,3,0.2,8486,1,0.1576269525452474
1282.41,213.735,5,0.1,8487,1,0.016810440970951968
11.54,3.462,2,0.0,8488,1,0.1691141666402068
15.072,4.1448,3,0.2,8489,1,0.17370593082014957
511.5,132.99,5,0.0,8490,1,0.09613902695277277
254.526,-93.3262,1,0.4,8491,1,0.017423575289026272
236.528,-2.9566,2,0.2,8492,1,0.14703014715493185
12.98,3.7642,1,0.0,8493,1,0.13859027614847608
43.1,11.206,5,0.0,8494,1,0.1725827700351616
5.588,-15.0876,2,0.8,8495,1,0.05267626240579382
6.57,1.7739,3,0.0,8496,1,0.17159543799183435
23.1,6.468,2,0.0,8497,1,0.16964897159853232
9.4,2.726,5,0.0,8498,1,0.1669010767993756
4.92,2.214,3,0.0,8499,1,0.17267701593172574
18.72,6.552,5,0.2,8500,1,0.16687817129069077
1577.94,757.4112,3,0.0,8501,-1,-0.05135041246613625
147.92,46.225,5,0.2,8502,1,0.14629046224792652
26.432,8.9208,8,0.2,8503,1,0.12508753923001048
16.0,5.6,4,0.2,8504,1,0.1750925880087078
18.9,9.072,6,0.0,8505,1,0.15934602148272242
11.696,3.9474,2,0.2,8506,1,0.16905715623999062
74.0,37.0,5,0.0,8507,1,0.16253966617746535
79.92,37.5624,4,0.0,8508,1,0.1686592082850928
12.192,4.1148,3,0.2,8509,1,0.171221191697025
146.82,73.41,3,0.0,8510,1,0.14718973919220985
17.12,7.704,4,0.0,8511,1,0.17449527970473871
10.9,2.834,1,0.0,8512,1,0.13755926732216378
352.38,81.0474,2,0.0,8513,1,0.12586302451135728
235.92,-44.235,5,0.2,8514,1,0.1275343414349131
167.97,40.3128,3,0.0,8515,1,0.15704314416750786
238.0,38.08,2,0.0,8516,1,0.1493444002665028
40.68,-7.119,3,0.2,8517,1,0.1697254658254428
1928.78,829.3754,7,0.0,8518,-1,-0.09717092296856455
1199.8,323.946,4,0.0,8519,1,0.02390239831767249
201.584,12.599,2,0.2,8520,1,0.1544813078748638
197.97,57.4113,3,0.0,8521,1,0.15201617511271398
239.666,14.098,2,0.15,8522,1,0.1337008997917295
90.801,14.1246,1,0.1,8523,1,0.11480658402386396
181.764,-8.0784,2,0.1,8524,1,0.13999706906707832
108.4,-105.69,5,0.6,8525,1,0.025134194452341663
5.96,1.6688,2,0.0,8526,1,0.17057737260582345
5.56,2.224,2,0.0,8527,1,0.1716616618148093
82.56,28.896,5,0.2,8528,1,0.16321068179358827
42.616,-68.1856,7,0.8,8529,1,0.017642339717038324
24.448,8.8624,4,0.2,8530,1,0.1770295169321932
419.4,201.312,4,0.0,8531,1,0.0937240899353316
8.904,3.339,3,0.2,8532,1,0.17415769654633056
284.97,85.491,3,0.0,8533,1,0.14008014324473772
100.8,21.42,2,0.2,8534,1,0.16306377647884523
825.174,-117.882,9,0.3,8535,-1,-0.01570743727759727
97.184,6.074,2,0.2,8536,1,0.16524430539607116
1322.352,-99.1764,3,0.2,8537,1,0.03700920955834097
1478.272,92.392,8,0.2,8538,1,0.003179482997742622
30.384,3.798,1,0.2,8539,1,0.1451150629437527
6.912,0.864,3,0.2,8540,1,0.17361906279375167
13.12,3.772,5,0.2,8541,1,0.16658804133748017
8.256,0.6192,4,0.2,8542,1,0.17618131640022372
10.192,3.185,7,0.2,8543,1,0.14833349348885333
4.368,-3.0576,2,0.7,8544,1,0.07560273973013543
11.808,4.1328,3,0.2,8545,1,0.1727558676267213
88.074,-58.716,7,0.7,8546,1,0.023083808307637566
25.56,-20.448,5,0.7,8547,1,0.058823486065607056
13.344,4.3368,6,0.2,8548,1,0.15944964597332212
487.984,152.495,2,0.2,8549,1,0.08379510610676316
14.82,6.9654,6,0.0,8550,1,0.16282191045185196
11.52,3.744,4,0.2,8551,1,0.17749797589566263
10.368,3.6288,2,0.2,8552,1,0.1721219296268377
12.96,6.2208,2,0.0,8553,1,0.16808690069261856
17.76,5.55,3,0.2,8554,1,0.17570442253840607
54.32,0.5432,4,0.0,8555,1,0.17401673487950448
217.85,65.355,5,0.0,8556,1,0.14856850434285956
421.1,105.275,2,0.0,8557,1,0.10523308948161358
16.784,-0.2098,1,0.2,8558,1,0.14589484992067736
91.96,39.5428,4,0.0,8559,1,0.1695679509133387
19.04,-1.428,4,0.2,8560,1,0.1762233308600757
5.56,1.7375,1,0.2,8561,1,0.14630423160394784
43.176,15.1116,3,0.2,8562,1,0.174680182446737
71.96,7.196,5,0.2,8563,1,0.1667928458156358
2.78,0.7228,1,0.0,8564,1,0.13676129286175837
15.552,5.4432,3,0.2,8565,1,0.17516342127001572
147.184,-29.4368,2,0.2,8566,1,0.14655208224208194
89.568,-1.1196,4,0.2,8567,1,0.1756742360535966
161.568,-28.2744,2,0.2,8568,1,0.14714221464885047
47.94,2.397,3,0.0,8569,1,0.17382105300477774
25.16,10.5672,2,0.0,8570,1,0.16786415993935389
19.76,8.2992,4,0.0,8571,1,0.17925118323813694
135.3,37.884,5,0.0,8572,1,0.15561646054926953
80.96,34.8128,4,0.0,8573,1,0.17108015885396255
81.568,7.1372,2,0.2,8574,1,0.16484540964698824
25.98,7.2744,1,0.0,8575,1,0.1365451405753273
7.857,-6.0237,3,0.7,8576,1,0.08112885038797296
1577.94,757.4112,3,0.0,8577,-1,-0.054106677114394874
4.896,1.6524,3,0.2,8578,1,0.17505391003242887
29.24,9.8685,5,0.2,8579,1,0.171138034736263
39.96,18.7812,2,0.0,8580,1,0.1698469620098551
73.008,26.4654,9,0.2,8581,1,0.11690261786824402
16.9,7.774,5,0.0,8582,1,0.17174186259495655
15.552,5.4432,3,0.2,8583,1,0.1766765228154495
37.68,2.355,3,0.2,8584,1,0.17584571039784708
478.08,133.8624,8,0.0,8585,1,0.058936269309456835
13.48,1.8872,1,0.0,8586,1,0.13823913260033516
113.52,46.5432,4,0.0,8587,1,0.16472736578688635
279.944,80.4839,7,0.2,8588,1,0.10679883834238396
455.712,34.1784,2,0.2,8589,1,0.1198470337733703
126.56,47.46,4,0.2,8590,1,0.1619833196959179
213.43,-39.637,5,0.3,8591,1,0.10926160296925835
21.184,-11.6512,2,0.6,8592,1,0.07485649224113711
765.625,-566.5625,7,0.5,8593,-1,-0.06413744675395439
42.616,-68.1856,7,0.8,8594,1,0.01847818885073793
45.92,15.498,5,0.2,8595,1,0.17020985121287058
20.736,7.2576,4,0.2,8596,1,0.1783273719234001
65.12,16.9312,4,0.0,8597,1,0.17944096652066327
61.68,5.397,5,0.2,8598,1,0.1683948502454677
9.096,1.7055,1,0.2,8599,1,0.14446421670579318
85.2,20.235,6,0.2,8600,1,0.15660924274567545
116.832,33.5892,4,0.2,8601,1,0.16913202254761306
319.984,107.9946,2,0.2,8602,1,0.1039987845828847
158.376,13.8579,3,0.2,8603,1,0.164745454297614
258.528,-47.3968,2,0.4,8604,1,0.06581391108638124
243.92,-15.245,5,0.2,8605,1,0.14143587822660236
141.372,-48.4704,2,0.3,8606,1,0.11188671814391604
14.136,4.2408,3,0.2,8607,1,0.17445001817273625
66.112,-9.0904,2,0.2,8608,1,0.16229942527065944
17.024,1.7024,2,0.2,8609,1,0.1723931738774978
11.176,0.8382,1,0.2,8610,1,0.14370444316926578
25.92,3.888,5,0.2,8611,1,0.16810061943825622
4.672,1.5768,1,0.2,8612,1,0.14497831579776477
6.56,1.9024,2,0.0,8613,1,0.1714002395867647
4.503,-3.6024,1,0.7,8614,1,0.04664397637120421
6.258,-5.215,2,0.7,8615,1,0.07478358067961421
3.036,-2.3276,2,0.7,8616,1,0.07457446874317286
4.86,-3.564,3,0.7,8617,1,0.0811255121245511
17.48,8.2156,2,0.0,8618,1,0.1716608054460526
9.856,3.4496,4,0.2,8619,1,0.1769623101458479
17.712,5.9778,6,0.2,8620,1,0.16001021750175592
47.52,22.8096,9,0.0,8621,1,0.11258154569026163
177.536,62.1376,4,0.2,8622,1,0.1518912850142486
6.368,2.388,2,0.2,8623,1,0.17154289909583686
31.104,11.2752,6,0.2,8624,1,0.1629340033091547
258.48,-3.231,2,0.2,8625,1,0.14135816026156034
628.81,12.5762,7,0.0,8626,1,0.08004615535639148
56.45,14.677,5,0.0,8627,1,0.172017179602929
99.87,23.9688,3,0.0,8628,1,0.17153878044230192
8.832,-1.9872,3,0.2,8629,1,0.17273394010870208
159.96,51.1872,4,0.0,8630,1,0.15800267237541504
258.696,64.674,3,0.2,8631,1,0.13763655224809368
95.88,28.764,3,0.2,8632,1,0.171409926153114
1931.958,-386.3916,7,0.4,8633,-1,-0.08801969317473168
362.352,27.1764,3,0.2,8634,1,0.13827484027743103
24.18,7.254,2,0.0,8635,1,0.1702651840700879
33.99,14.6157,3,0.0,8636,1,0.17689759065209848
14.88,3.72,2,0.0,8637,1,0.17070125852817647
13.71,6.5808,3,0.0,8638,1,0.16830111580128548
762.594,-1143.891,3,0.8,8639,-1,-0.09127261758168281
16.2,7.776,3,0.0,8640,1,0.17072103924009252
7.184,2.245,2,0.2,8641,1,0.17203496587130968
2.78,1.3622,1,0.0,8642,1,0.13667759880991576
24.9,11.703,5,0.0,8643,1,0.17067736013310159
85.056,28.7064,3,0.2,8644,1,0.16881846299157588
18.76,9.0048,2,0.0,8645,1,0.1632208151230522
286.29,17.1774,3,0.0,8646,1,0.14798101536663572
112.8,6.768,6,0.0,8647,1,0.15428212855730766
296.85,53.433,5,0.0,8648,1,0.14156132662607734
37.056,8.8008,4,0.2,8649,1,0.178133263556786
259.896,-56.3108,2,0.4,8650,1,0.06105428084083908
147.168,16.5564,4,0.2,8651,1,0.16754294272331377
2.78,1.3622,1,0.0,8652,1,0.13452447924715316
2054.272,256.784,8,0.2,8653,-1,-0.057369691954417545
177.568,8.8784,2,0.2,8654,1,0.15359918566204472
32.36,11.6496,4,0.0,8655,1,0.17882294830173817
34.504,6.0382,1,0.2,8656,1,0.13863090851357923
512.19,-65.853,5,0.3,8657,1,0.06387306797223058
67.9,20.37,5,0.0,8658,1,0.16649124554932287
1.556,-4.2012,2,0.8,8659,1,0.052336888040556584
195.68,50.8768,4,0.0,8660,1,0.15344101058979687
406.6,113.848,5,0.0,8661,1,0.10890621297297426
1471.96,459.9875,5,0.2,8662,-1,-0.016525800827359438
22.18,10.8682,2,0.0,8663,1,0.16547710875303706
10.528,3.29,4,0.2,8664,1,0.17522434920769997
14.2,6.674,4,0.0,8665,1,0.17108602882403873
19.44,9.3312,3,0.0,8666,1,0.16937792750335956
19.44,9.3312,3,0.0,8667,1,0.16937792750335956
12.96,6.2208,2,0.0,8668,1,0.1623547904718946
184.66,84.9436,7,0.0,8669,1,0.11888122923038791
20.544,6.42,6,0.2,8670,1,0.1583815709909306
71.28,34.2144,11,0.0,8671,1,0.07029334959875377
10.272,3.21,3,0.2,8672,1,0.17201060889998987
79.96,-17.991,5,0.2,8673,1,0.15388937972745326
143.952,17.994,6,0.2,8674,1,0.15073876879754272
8.36,3.0096,2,0.0,8675,1,0.16513716354598673
90.86,26.3494,7,0.0,8676,1,0.14742168330341737
45.78,22.89,3,0.0,8677,1,0.1702069093769596
45.36,21.7728,7,0.0,8678,1,0.14919789481383477
166.44,79.8912,3,0.0,8679,1,0.13423463171235805
39.9,19.95,5,0.0,8680,1,0.16730543947734022
94.85,45.528,5,0.0,8681,1,0.15469019669226308
15.92,2.786,5,0.2,8682,1,0.16500091337294504
113.372,-29.1528,2,0.3,8683,1,0.11647571922997735
589.41,-6.549,5,0.1,8684,1,0.09297148590456178
127.936,4.7976,8,0.2,8685,1,0.12214186571168067
942.784,94.2784,4,0.2,8686,1,0.0633489450581547
70.95,18.447,3,0.0,8687,1,0.17036169829473363
29.95,8.6855,5,0.0,8688,1,0.16955305928716918
3.882,-2.588,2,0.7,8689,1,0.06932724773421384
18.312,-12.208,4,0.7,8690,1,0.0707901887622947
56.7,26.082,9,0.0,8691,1,0.10254114094532568
74.352,23.235,3,0.2,8692,1,0.16992467877494455
8.56,3.852,2,0.0,8693,1,0.16306056273828679
11.56,5.6644,2,0.0,8694,1,0.16245363091000636
19.05,8.763,3,0.0,8695,1,0.16665296530291912
70.98,3.549,1,0.0,8696,1,0.1270435593705324
895.944,190.3881,7,0.2,8697,1,0.02742035586657854
241.17,-168.819,2,0.7,8698,-1,-0.015294680012409523
12.585,-18.0385,1,0.7,8699,1,0.0356744060658839
1079.85,323.955,3,0.0,8700,1,0.01757215646621635
782.94,203.5644,3,0.0,8701,1,0.05493101644733289
218.352,0.0,3,0.2,8702,1,0.15397317745506472
184.752,-20.7846,3,0.2,8703,1,0.1534021193395339
512.96,143.6288,4,0.0,8704,1,0.08983166052878833
35.56,12.0904,7,0.0,8705,1,0.14857134971313946
529.9,105.98,5,0.0,8706,1,0.09471087727199334
47.4,18.96,5,0.0,8707,1,0.16667713316542004
300.904,11.2839,1,0.2,8708,1,0.09693289255968407
108.96,30.5088,2,0.0,8709,1,0.14707335108795455
99.3,41.706,10,0.0,8710,1,0.07903344675523499
31.744,8.3328,2,0.2,8711,1,0.16648707245572436
16.28,6.512,2,0.0,8712,1,0.16413026056647395
12.42,5.2164,3,0.0,8713,1,0.16644577951933992
242.48,116.3904,7,0.0,8714,1,0.0872837293647093
295.056,106.9578,9,0.2,8715,1,0.060430496368433784
2357.488,884.058,7,0.2,8716,-1,-0.1042066093054218
2.688,0.84,1,0.2,8717,1,0.13960504483035796
163.96,59.4355,5,0.2,8718,1,0.13783549172825366
31.872,11.5536,8,0.2,8719,1,0.1287127049122041
81.96,0.0,2,0.0,8720,1,0.15459012921369653
38.62,10.8136,2,0.0,8721,1,0.16711718226294636
59.98,10.7964,2,0.0,8722,1,0.16282750946569147
39.99,11.5971,1,0.0,8723,1,0.132637897088959
369.544,32.3351,7,0.2,8724,1,0.10538580456076535
395.94,102.9444,6,0.0,8725,1,0.0990826662126928
323.976,20.2485,3,0.2,8726,1,0.14398587236840538
22.512,2.2512,3,0.2,8727,1,0.1722534086792381
5.98,1.5548,1,0.0,8728,1,0.13483783220006085
538.194,-412.6154,2,0.7,8729,-1,-0.061709970917670276
3.444,-2.7552,2,0.7,8730,1,0.06932724773421384
17.568,6.3684,2,0.2,8731,1,0.16809540424810215
17.9,8.771,5,0.0,8732,1,0.16605387157362417
8.82,4.0572,2,0.0,8733,1,0.16449641304042112
20.544,6.42,6,0.2,8734,1,0.1562523726462553
20.736,7.2576,4,0.2,8735,1,0.17501932881852617
71.976,19.7934,3,0.2,8736,1,0.17427992137287918
18.0,3.24,1,0.0,8737,1,0.13753752084082926
47.984,14.3952,2,0.2,8738,1,0.16607768078024654
55.992,5.5992,1,0.2,8739,1,0.1349953918818666
1292.94,77.5764,3,0.0,8740,1,0.04645899817597576
723.92,188.2192,4,0.0,8741,1,0.05650124152341762
318.43,-77.333,5,0.3,8742,1,0.08141406479144958
9.912,3.2214,3,0.2,8743,1,0.1719334163086076
10.776,3.5022,3,0.2,8744,1,0.17165877273918573
5.8,-10.15,5,0.8,8745,1,0.043640268001143734
11.784,4.2717,3,0.2,8746,1,0.17106871525474449
25.584,8.9544,2,0.2,8747,1,0.16427990390089042
14.4,7.056,5,0.0,8748,1,0.1626171746733288
164.88,80.7912,3,0.0,8749,1,0.13380285721203183
106.32,49.9704,3,0.0,8750,1,0.1555097079050628
12.96,6.3504,2,0.0,8751,1,0.16049138877887137
34.05,9.534,3,0.0,8752,1,0.17351143457513352
261.74,65.435,2,0.0,8753,1,0.12713258075725142
89.97,37.7874,3,0.0,8754,1,0.16456336336369615
480.0,225.6,4,0.0,8755,1,0.0812873252052414
1415.76,88.485,6,0.2,8756,1,0.029465915871454085
9.82,3.2406,2,0.0,8757,1,0.16437209318476736
20.32,6.9088,4,0.0,8758,1,0.17279575496031857
8.928,0.558,2,0.2,8759,1,0.16710763329638378
113.94,34.182,3,0.0,8760,1,0.1591633178650722
8.82,2.3814,3,0.0,8761,1,0.16859144435045964
10.08,3.528,7,0.2,8762,1,0.14370158349057793
114.848,35.89,4,0.2,8763,1,0.16517682635158387
10.86,5.1042,3,0.0,8764,1,0.1683143204042113
50.96,24.4608,7,0.0,8765,1,0.1431671094268031
19.44,9.3312,3,0.0,8766,1,0.16952365475281217
22.72,10.224,4,0.0,8767,1,0.1720755180223294
244.55,114.9385,5,0.0,8768,1,0.11278155089784953
25.92,12.4416,4,0.0,8769,1,0.17274207866056723
15.96,7.98,2,0.0,8770,1,0.16479380850269282
143.7,68.976,3,0.0,8771,1,0.1412152995747421
47.584,-2.974,2,0.2,8772,1,0.1624129690425507
34.48,9.9992,2,0.0,8773,1,0.16607852338409584
101.34,8.1072,3,0.0,8774,1,0.16572925355411405
95.68,26.7904,8,0.0,8775,1,0.1203238258021026
411.98,119.4742,2,0.0,8776,1,0.09431135965801052
72.588,-128.2388,2,0.7,8777,1,0.011907627972771118
409.216,61.3824,8,0.2,8778,1,0.08426187621442177
23.32,6.0632,2,0.0,8779,1,0.16553801764962006
23.832,6.5538,3,0.2,8780,1,0.17377522558575553
35.4,13.452,5,0.0,8781,1,0.17055410524610448
16.74,4.8546,3,0.0,8782,1,0.1724055767699746
4.842,-3.3894,3,0.7,8783,1,0.07316230250722544
18.18,-13.938,4,0.7,8784,1,0.06804878974925443
32.4,15.552,5,0.0,8785,1,0.16892515516703627
12.624,-2.5248,2,0.2,8786,1,0.16153140300826763
95.616,9.5616,2,0.2,8787,1,0.15978096440581135
149.95,31.4895,5,0.0,8788,1,0.14835103178535275
89.584,4.4792,2,0.2,8789,1,0.16227533716541986
191.976,19.1976,3,0.2,8790,1,0.16107402927081682
471.92,29.495,2,0.2,8791,1,0.11819187984628915
2254.41,375.735,5,0.1,8792,-1,-0.053976114710480694
80.991,8.0991,1,0.1,8793,1,0.10984682743852353
272.646,18.1764,3,0.1,8794,1,0.13603571612771076
2888.127,609.7157,11,0.1,8795,-1,-0.12930836970317172
11.784,3.9771,3,0.2,8796,1,0.1709615704463157
4.36,1.7876,2,0.0,8797,1,0.16576998337351379
38.52,18.1044,9,0.0,8798,1,0.10403943457177584
13.76,6.3296,2,0.0,8799,1,0.16367113799668243
45.4,12.712,4,0.0,8800,1,0.17783493688367724
72.64,21.792,2,0.0,8801,1,0.1601040883204799
59.97,20.3898,3,0.0,8802,1,0.1716753057052683
212.8,95.76,2,0.0,8803,1,0.11153659482213724
104.85,28.3095,3,0.0,8804,1,0.163731929115579
1299.66,350.9082,2,0.0,8805,-1,-0.022639650690336244
37.68,16.96,6,0.0,8806,1,0.15451217967603448
80.48,24.144,1,0.0,8807,1,0.1221386707207851
20.16,9.8784,7,0.0,8808,1,0.1437817227821111
12.294,-8.6058,1,0.7,8809,1,0.03823552796892593
1.908,-1.5264,2,0.7,8810,1,0.07070939588625536
55.86,27.93,7,0.0,8811,1,0.14121228369843397
15.51,3.8775,1,0.0,8812,1,0.13840981570749733
71.98,15.1158,2,0.0,8813,1,0.1602719935192432
79.98,26.3934,2,0.0,8814,1,0.15659174029369
241.96,41.1332,2,0.0,8815,1,0.1366765832326276
12.07,3.9831,1,0.0,8816,1,0.13475561636512734
17.94,6.4584,3,0.0,8817,1,0.17093123343500027
11.228,-18.5262,7,0.8,8818,1,0.024475920158048114
5.607,-4.2987,1,0.7,8819,1,0.04109430266111158
33.04,15.5288,8,0.0,8820,1,0.12598817098777337
691.96,318.3016,4,0.0,8821,1,0.04442838213105815
40.176,14.5638,3,0.2,8822,1,0.1741991677578666
13.392,5.022,3,0.2,8823,1,0.1693082365264016
27.72,13.3056,9,0.0,8824,1,0.1042697923794716
27.18,12.231,3,0.0,8825,1,0.17307805022895617
12.96,6.2208,2,0.0,8826,1,0.16182980930417062
219.84,107.7216,4,0.0,8827,1,0.11986439638507168
67.4,17.524,5,0.0,8828,1,0.16505259213542195
21.96,6.1488,2,0.0,8829,1,0.1677475586864572
4663.736,-1049.3406,7,0.2,8830,-1,-0.0916768443136452
1071.0,171.36,9,0.0,8831,-1,-0.014882616345052058
79.984,22.9954,2,0.2,8832,1,0.15780484304938874
98.16,9.816,6,0.0,8833,1,0.1508395283597569
34.95,15.378,5,0.0,8834,1,0.16912049360381098
86.97,25.2213,3,0.0,8835,1,0.16757436430228967
391.98,113.6742,2,0.0,8836,1,0.09714453058463057
68.43,8.55,7,0.2,8837,1,0.14581544285220854
180.588,-240.784,2,0.7,8838,-1,-0.020049759593910865
594.816,59.4816,2,0.2,8839,1,0.09152827433405558
29.328,3.666,3,0.2,8840,1,0.1764785706386831
73.176,-197.5752,6,0.8,8841,-1,-0.03440985244298311
160.96,48.288,2,0.0,8842,1,0.14148529516371627
119.96,33.5888,2,0.0,8843,1,0.14660584385872633
6.88,2.322,1,0.2,8844,1,0.14259085304364577
25.824,9.0384,6,0.2,8845,1,0.15802103991515054
72.96,23.712,3,0.2,8846,1,0.1733837090930982
14.352,5.2026,3,0.2,8847,1,0.17249192808432473
9.248,3.3524,2,0.2,8848,1,0.16949932819656643
12.96,6.2208,2,0.0,8849,1,0.16253163788394887
251.64,88.074,3,0.2,8850,1,0.12156454102559777
211.04,97.0784,8,0.0,8851,1,0.07897591704937629
20.736,7.2576,4,0.2,8852,1,0.17592565851289038
31.44,8.4888,3,0.0,8853,1,0.17485116572933568
199.95,63.984,5,0.0,8854,1,0.14163255542963443
47.984,0.5998,2,0.2,8855,1,0.1668452932567741
291.96,102.186,4,0.0,8856,1,0.12032447016191516
39.984,-8.9964,2,0.2,8857,1,0.1627351576428242
603.92,181.176,4,0.0,8858,1,0.07294174072530413
520.464,-14.8704,2,0.3,8859,1,0.07360574609716786
103.056,24.4758,3,0.2,8860,1,0.17158501720232772
199.8,71.928,10,0.0,8861,1,0.06751528584811006
12.72,4.9608,3,0.0,8862,1,0.16998305797593943
14.28,3.7128,4,0.0,8863,1,0.1716871819379242
38.71,17.8066,7,0.0,8864,1,0.1461963604894967
15.57,-11.418,3,0.7,8865,1,0.07267981837063475
15.75,7.56,5,0.0,8866,1,0.16483216240129062
235.944,85.5297,3,0.2,8867,1,0.1215177143777395
31.08,15.2292,6,0.0,8868,1,0.1579554102934807
11.424,3.7128,3,0.2,8869,1,0.17145281322280703
40.29,10.0725,3,0.0,8870,1,0.17453025791259208
15.51,3.8775,1,0.0,8871,1,0.136833571000681
7.3,2.19,2,0.0,8872,1,0.16777864986003516
655.9,275.478,5,0.0,8873,1,0.0519002926300689
72.0,12.96,4,0.0,8874,1,0.17358932385136244
17.88,2.4585,3,0.2,8875,1,0.17233526153508122
506.28,177.198,3,0.2,8876,1,0.07433584213494893
383.96,38.396,5,0.2,8877,1,0.1258192704624181
391.98,109.7544,2,0.0,8878,1,0.09845105316599007
859.2,75.18,3,0.2,8879,1,0.0726805470864974
437.85,131.355,3,0.0,8880,1,0.10470374560524665
1169.694,-253.4337,3,0.4,8881,-1,-0.033214984964533345
89.9,25.172,2,0.0,8882,1,0.15694049730996534
40.29,10.0725,3,0.0,8883,1,0.17453025791259208
38.71,17.8066,7,0.0,8884,1,0.1461963604894967
488.646,86.8704,3,0.1,8885,1,0.08766603564547853
269.97,51.2943,3,0.0,8886,1,0.14285718777849366
47.12,20.7328,8,0.0,8887,1,0.12406420484832448
10.608,0.9282,6,0.2,8888,1,0.1565033042775794
5.56,1.4456,2,0.0,8889,1,0.16646516280213586
8.26,3.8822,2,0.0,8890,1,0.16596027041202682
8.595,-6.303,5,0.7,8891,1,0.06048231677762439
24.448,8.8624,4,0.2,8892,1,0.17458602755627145
20.7,9.936,2,0.0,8893,1,0.16437829344834914
177.55,47.9385,5,0.0,8894,1,0.14790518100694594
39.9,10.374,5,0.0,8895,1,0.1697962405126226
190.896,-42.9516,2,0.2,8896,1,0.1344271303946371
119.96,35.988,5,0.2,8897,1,0.1521507835442219
419.136,-57.6312,4,0.2,8898,1,0.11122437399947355
9.24,2.9568,3,0.0,8899,1,0.1704842868325389
2.224,0.556,1,0.2,8900,1,0.13864026111714994
17.04,5.538,3,0.2,8901,1,0.17314846521870464
931.176,314.2719,3,0.2,8902,1,0.022091875423181806
71.88,33.0648,6,0.0,8903,1,0.14567323197659043
35.88,16.146,6,0.0,8904,1,0.1579554102934807
9.99,4.4955,1,0.0,8905,1,0.13255604460525944
9.24,4.4352,3,0.0,8906,1,0.17059155736244758
32.776,3.2776,1,0.2,8907,1,0.14097208117211624
209.792,26.224,2,0.2,8908,1,0.14661352303420955
76.776,-58.8616,4,0.7,8909,1,0.038887081573443005
2.655,-1.8585,1,0.7,8910,1,0.04406060495484676
10.368,3.6288,2,0.2,8911,1,0.16881237550209144
14.352,5.2026,3,0.2,8912,1,0.1711125448053346
147.184,-29.4368,2,0.2,8913,1,0.14307708543556802
1.744,-0.3488,1,0.2,8914,1,0.135415596539052
54.384,1.3596,2,0.2,8915,1,0.1644365863793093
72.784,0.0,1,0.2,8916,1,0.13535858870971573
63.686,-15.4666,1,0.3,8917,1,0.0894596708344883
21.248,7.4368,4,0.2,8918,1,0.17510314442710734
51.75,15.525,1,0.0,8919,1,0.12788377988223348
