Sales,Profit,Discount,Order_ID
16.448,5.5512,0.2,US-2023-103800
3.54,-5.487,0.8,US-2023-112326
11.784,4.2717,0.2,US-2023-112326
272.736,-64.7748,0.2,US-2023-112326
19.536,4.884,0.2,US-2023-141817
2573.82,746.4078,0.0,US-2023-167199
5.48,1.4796,0.0,US-2023-167199
12.78,5.2398,0.0,US-2023-106054
609.98,274.491,0.0,US-2023-167199
31.12,0.3112,0.0,US-2023-167199
6.54,3.0084,0.0,US-2023-167199
19.44,9.3312,0.0,US-2023-130813
755.96,204.1092,0.0,US-2023-167199
391.98,113.6742,0.0,US-2023-167199
76.728,-53.7096,0.6,US-2023-105417
10.43,-18.2525,0.8,US-2023-105417
9.344,1.168,0.2,US-2023-135405
31.2,9.75,0.2,US-2023-135405
51.94,21.2954,0.0,US-2023-149020
2.89,1.3583,0.0,US-2023-149020
9.94,3.0814,0.0,US-2023-130092
333.999,3.9294,0.15,US-2023-157147
545.94,87.3504,0.0,US-2023-109232
19.9,6.567,0.0,US-2023-157147
3.438,-2.5212,0.7,US-2023-118192
5.64,2.7072,0.0,US-2023-162775
50.94,25.47,0.0,US-2023-162775
11.36,5.3392,0.0,US-2023-162775
37.408,13.0928,0.2,US-2023-118192
572.58,34.3548,0.0,US-2023-162775
1325.85,238.653,0.0,US-2023-157147
646.74,258.696,0.0,US-2023-162775
61.96,-53.2856,0.5,US-2023-149524
149.95,65.978,0.0,US-2023-103366
127.104,28.5984,0.2,US-2023-115791
18.588,-13.6312,0.7,US-2023-115791
30.072,10.1493,0.2,US-2023-115791
124.2,-31.05,0.4,US-2023-115791
64.864,6.4864,0.2,US-2023-123477
181.47,-320.597,0.7,US-2023-146591
32.34,-23.716,0.7,US-2023-146591
108.72,36.693,0.2,US-2023-146591
56.064,19.6224,0.2,US-2023-146591
1067.94,224.2674,0.0,US-2023-147627
14.73,4.8609,0.0,US-2023-167927
272.94,30.0234,0.0,US-2023-167927
38.6,11.58,0.0,US-2023-147627
19.3,5.79,0.0,US-2023-148614
247.716,93.5816,0.1,US-2023-167927
22.96,6.6584,0.0,US-2023-147627
6.63,1.7901,0.0,US-2023-147627
43.92,12.7368,0.0,US-2023-167927
19.05,8.9535,0.0,US-2023-167927
67.194,-51.5154,0.7,US-2023-147774
29.7,13.365,0.0,US-2023-167927
23.34,10.9698,0.0,US-2023-147627
19.36,9.2928,0.0,US-2023-148614
13.98,4.0542,0.0,US-2023-167927
66.58,15.9792,0.0,US-2023-167927
699.93,181.9818,0.0,US-2023-147627
25.248,4.1028,0.2,US-2023-110422
24.3,10.45,0.0,CA-2023-115238
9.48,3.79,0.0,CA-2023-115238
31.4,13.19,0.0,CA-2023-115238
6.48,3.11,0.0,CA-2023-115238
209.5,58.66,0.0,CA-2023-115238
5.94,0.0,0.0,US-2023-146997
40.08,19.2384,0.0,US-2023-102645
141.96,39.7488,0.0,US-2023-167997
12.42,4.4712,0.0,US-2023-155502
62.82,30.7818,0.0,US-2023-155502
10.68,5.0196,0.0,US-2023-167997
16.68,8.34,0.0,US-2023-155502
19.44,9.3312,0.0,US-2023-155502
489.92,0.0,0.0,US-2023-155502
187.98,52.6344,0.0,US-2023-155502
155.35,0.0,0.0,US-2023-155502
333.0,-16.65,0.2,US-2023-117163
36.44,12.0252,0.0,US-2023-117163
57.23,14.3075,0.0,US-2023-117163
3.928,1.3257,0.2,US-2023-100328
10.56,4.752,0.0,US-2023-134103
229.94,6.8982,0.0,US-2023-134103
290.666,3.4196,0.15,US-2023-115161
468.9,206.316,0.0,US-2023-140795
18.336,-12.224,0.7,US-2023-123400
12.35,5.8045,0.0,US-2023-139857
180.96,13.572,0.2,US-2023-123400
13.272,4.3134,0.2,US-2023-111059
83.84,27.248,0.2,US-2023-111059
17.248,6.0368,0.2,US-2023-104808
82.896,29.0136,0.2,US-2023-107181
34.24,16.0928,0.0,US-2023-107181
8.952,-14.7708,0.8,US-2023-108182
15.0,7.2,0.0,US-2023-131905
144.95,42.0355,0.0,US-2023-131905
161.61,42.0186,0.0,US-2023-131905
64.96,9.744,0.0,US-2023-169390
115.36,49.6048,0.0,US-2023-107755
14.56,5.5328,0.0,US-2023-125759
60.89,15.2225,0.0,US-2023-168368
332.94,53.2704,0.0,US-2023-168368
1256.22,75.3732,0.0,US-2023-127614
17.46,8.2062,0.0,US-2023-127614
51.9,24.393,0.0,US-2023-168368
9.64,4.4344,0.0,US-2023-168368
14.94,6.8724,0.0,US-2023-168368
64.96,2.5984,0.0,US-2023-168368
234.45,103.158,0.0,US-2023-127614
129.568,-24.294,0.2,US-2023-110674
81.96,22.9488,0.0,US-2023-121762
16.176,6.066,0.2,US-2023-107706
238.62,4.7724,0.0,US-2023-121762
239.97,86.3892,0.0,US-2023-121762
21.36,7.209,0.2,US-2023-165568
7.96,-13.93,0.8,US-2023-122567
1.08,-1.728,0.8,US-2023-122567
54.208,8.8088,0.2,US-2023-154165
25.16,-11.322,0.6,US-2023-165589
12.624,-2.5248,0.2,US-2023-152905
20.32,6.9088,0.0,US-2023-109491
12.96,6.2208,0.0,US-2023-164903
62.31,22.4316,0.0,US-2023-109491
8.85,-13.7175,0.8,US-2023-165540
19.44,9.3312,0.0,US-2023-133354
4.428,-6.8634,0.8,US-2023-103744
6.936,2.3409,0.2,US-2023-103744
22.776,7.6869,0.2,US-2023-137680
32.896,11.1024,0.2,US-2023-137680
19.456,3.4048,0.2,US-2023-156545
634.116,-172.1172,0.3,US-2023-113880
362.25,0.0,0.3,US-2023-131009
457.568,51.4764,0.2,US-2023-104269
63.552,-34.9536,0.6,US-2023-131009
376.509,-43.0296,0.3,US-2023-168312
18.84,-3.5325,0.2,US-2023-131009
17.472,5.6784,0.2,US-2023-113880
129.552,-22.6716,0.2,US-2023-131009
137.352,8.5845,0.2,US-2023-168312
5.94,1.6038,0.0,US-2023-143707
11.36,5.3392,0.0,US-2023-107524
3.424,1.07,0.2,US-2023-111157
36.4,17.472,0.0,US-2023-107524
151.2,32.13,0.2,US-2023-111157
302.45,-199.617,0.5,US-2023-127978
626.352,-23.4882,0.2,US-2023-105648
176.772,-459.6072,0.8,US-2023-130421
19.456,3.4048,0.2,US-2023-155852
25.32,9.1785,0.2,US-2023-127964
125.76,40.872,0.2,US-2023-127964
15.12,4.914,0.2,US-2023-127978
44.672,-10.0512,0.2,US-2023-127978
9.99,4.5954,0.0,US-2023-127964
15.552,2.3328,0.2,US-2023-117016
354.9,17.745,0.0,US-2023-116239
59.52,15.4752,0.0,US-2023-169061
49.632,16.7508,0.2,US-2023-169061
97.82,45.9754,0.0,US-2023-169061
18.62,5.3998,0.0,US-2023-169061
479.97,177.5889,0.0,US-2023-169061
436.704,21.8352,0.2,US-2023-104563
48.712,5.4801,0.2,US-2023-156587
481.568,54.1764,0.2,US-2023-104563
20.65,9.499,0.0,US-2023-104563
17.94,4.6644,0.0,US-2023-156587
107.648,33.64,0.2,US-2023-131982
204.9,0.0,0.0,US-2023-104563
242.94,4.8588,0.0,US-2023-156587
83.168,9.3564,0.2,US-2023-140116
22.38,10.7424,0.0,US-2023-100279
636.408,-15.9102,0.2,US-2023-140116
8.32,2.288,0.2,US-2023-166884
146.76,38.1576,0.0,US-2023-114790
7.98,2.0748,0.0,US-2023-103338
10.464,1.7004,0.2,US-2023-166884
14.94,7.0218,0.0,US-2023-114790
108.92,49.014,0.0,US-2023-158337
32.96,14.1728,0.0,US-2023-114790
587.97,164.6316,0.0,US-2023-114790
915.14,102.95,0.2,CA-2023-139675
327.76,91.77,0.0,CA-2023-139675
1139.92,284.98,0.0,US-2023-125521
3.38,1.2506,0.0,US-2023-157623
33.088,11.1672,0.2,US-2023-114510
62.048,20.1656,0.2,US-2023-114510
91.056,31.8696,0.2,US-2023-100293
10.56,4.752,0.0,US-2023-157623
8.448,2.64,0.2,US-2023-152618
80.98,3.2392,0.0,US-2023-114510
21.36,5.7672,0.0,US-2023-114510
82.8,6.624,0.0,US-2023-114510
574.91,156.047,0.3,US-2023-152618
45.696,5.1408,0.2,US-2023-149958
7.218,-5.5338,0.7,US-2023-149958
43.188,-31.6712,0.7,US-2023-149958
131.904,47.8152,0.2,US-2023-149958
142.776,17.847,0.2,US-2023-149958
471.92,29.495,0.2,US-2023-157609
1071.576,-553.6476,0.4,US-2023-148838
1579.746,-447.5947,0.4,US-2023-148838
613.908,-122.7816,0.4,US-2023-148838
93.78,36.5742,0.0,US-2023-118339
32.67,8.4942,0.0,US-2023-164763
4.448,0.3336,0.2,US-2023-158442
19.68,5.7072,0.0,US-2023-118339
35.88,17.2224,0.0,US-2023-118339
30.44,14.9156,0.0,US-2023-164763
11.43,5.3721,0.0,US-2023-164763
53.4,25.098,0.0,US-2023-118339
47.18,23.59,0.0,US-2023-118339
155.04,75.9696,0.0,US-2023-148838
5.184,1.8792,0.2,US-2023-158442
15.552,5.4432,0.2,US-2023-158442
34.86,16.3842,0.0,US-2023-148838
16.0,7.68,0.0,US-2023-164763
12.96,6.3504,0.0,US-2023-164763
126.624,41.1528,0.2,US-2023-127859
1198.33,70.49,0.15,US-2023-111871
122.352,15.294,0.2,US-2023-145317
30.768,8.0766,0.2,US-2023-145317
111.0,14.43,0.0,US-2023-131275
8.016,1.002,0.2,US-2023-145317
18.936,5.9175,0.2,US-2023-145317
21.376,7.4816,0.2,US-2023-145317
1856.19,334.1142,0.0,US-2023-131275
1279.968,415.9896,0.2,US-2023-131275
22638.48,-1811.0784,0.5,US-2023-145317
821.3,-16.426,0.5,US-2023-145317
20.016,5.5044,0.2,US-2023-103989
4.992,1.3728,0.2,US-2023-103989
33.57,-25.737,0.7,US-2023-103989
11.808,3.9852,0.2,US-2023-103989
26.16,1.962,0.2,US-2023-103989
170.24,53.2,0.2,US-2023-103989
323.976,28.3479,0.2,US-2023-103989
218.376,-10.9188,0.2,US-2023-155544
32.952,6.5904,0.2,US-2023-155544
9.32,2.7028,0.0,US-2023-163223
6.048,1.5876,0.2,US-2023-140004
7.408,1.2038,0.2,US-2023-140004
122.94,59.0112,0.0,US-2023-163223
14.4,6.624,0.0,US-2023-163223
59.2,22.2,0.2,US-2023-155544
122.97,60.2553,0.0,US-2023-163223
16.272,-3.8646,0.2,US-2023-107405
3499.93,909.9818,0.0,US-2023-163223
314.352,-35.3646,0.2,US-2023-148040
16.28,6.512,0.0,US-2023-129609
51.465,-39.4565,0.7,US-2023-158057
7.644,-5.8604,0.7,US-2023-158057
74.352,23.235,0.2,US-2023-148040
9.912,3.2214,0.2,US-2023-164749
330.4,85.904,0.0,US-2023-120838
604.752,37.797,0.2,US-2023-120838
40.48,14.5728,0.0,US-2023-143637
24.9,11.703,0.0,US-2023-147235
366.786,65.2064,0.1,US-2023-148586
25.44,9.9216,0.0,US-2023-128237
14.88,3.72,0.0,US-2023-128237
6.56,1.9024,0.0,US-2023-128237
45.48,15.918,0.0,US-2023-128237
3.36,0.84,0.0,US-2023-141838
27.936,9.4284,0.2,US-2023-141838
18.75,9.0,0.0,US-2023-100860
66.3,8.619,0.0,US-2023-138436
28.784,2.8784,0.2,US-2023-141838
330.588,-143.2548,0.4,US-2023-117380
1184.72,106.6248,0.0,US-2023-137869
6.12,2.8764,0.0,US-2023-137869
302.376,22.6782,0.2,US-2023-100881
890.841,-152.7156,0.3,US-2023-137274
205.666,-12.098,0.15,US-2023-131247
127.302,-9.093,0.3,US-2023-162089
10.5,2.94,0.0,US-2023-105151
49.65,20.853,0.0,US-2023-169033
335.72,113.3055,0.2,US-2023-162089
44.4,22.2,0.0,US-2023-133424
129.3,6.465,0.0,US-2023-113124
15.84,0.0,0.0,US-2023-133424
251.944,88.1804,0.2,US-2023-162089
1125.488,98.4802,0.2,US-2023-130428
52.98,14.8344,0.0,US-2023-128055
4.032,1.0584,0.2,US-2023-130428
1.869,-1.3083,0.7,US-2023-101770
12.645,-10.116,0.7,US-2023-130428
8.134,-13.8278,0.8,US-2023-104759
0.852,-0.5964,0.7,US-2023-112403
673.568,252.588,0.2,US-2023-128055
79.984,13.9972,0.2,US-2023-104759
17.088,5.5536,0.2,US-2023-157021
6.24,3.0576,0.0,US-2023-138359
29.6,14.8,0.0,US-2023-157021
66.96,2.6784,0.0,US-2023-138359
177.68,46.1968,0.0,US-2023-160276
154.9,40.274,0.0,US-2023-164315
33.488,10.465,0.2,US-2023-157847
26.72,9.352,0.2,US-2023-157847
15.84,7.128,0.0,US-2023-164315
1049.93,293.9804,0.0,US-2023-164315
11.16,5.58,0.0,US-2023-112291
159.98,57.5928,0.0,US-2023-112291
62.31,22.4316,0.0,US-2023-112291
5.47,2.3521,0.0,US-2023-133228
79.36,23.808,0.0,US-2023-133228
7.184,2.245,0.2,US-2023-128685
18.9,9.072,0.0,US-2023-105172
12.96,6.3504,0.0,US-2023-149538
19.44,9.3312,0.0,US-2023-149538
232.55,9.302,0.0,US-2023-149538
99.98,42.9914,0.0,US-2023-149538
22.96,6.6584,0.0,US-2023-102988
26.7,7.476,0.0,US-2023-149104
13.89,4.5837,0.0,US-2023-149104
22.96,7.5768,0.0,US-2023-102988
115.36,56.5264,0.0,US-2023-157231
40.2,18.09,0.0,US-2023-149104
12.96,6.3504,0.0,US-2023-102988
55.48,26.6304,0.0,US-2023-113887
689.82,20.6946,0.0,US-2023-149104
52.096,3.9072,0.2,US-2023-151001
49.632,3.7224,0.2,US-2023-151001
4164.05,83.281,0.0,US-2023-102988
28.99,8.4071,0.0,US-2023-102988
91.96,15.6332,0.0,US-2023-102652
33.11,12.9129,0.0,US-2023-102652
653.55,111.1035,0.0,US-2023-169803
154.764,-36.1116,0.4,US-2023-118486
70.95,18.447,0.0,US-2023-153808
65.568,23.7684,0.2,US-2023-153808
44.91,-35.928,0.7,US-2023-136742
55.48,26.6304,0.0,US-2023-102652
19.44,9.3312,0.0,US-2023-102652
10.304,-2.1896,0.2,US-2023-118486
33.9,2.034,0.0,US-2023-169803
299.97,131.9868,0.0,US-2023-153808
116.784,21.897,0.2,US-2023-118486
8.96,2.7776,0.0,US-2023-124023
122.97,60.2553,0.0,US-2023-128846
58.32,27.9936,0.0,US-2023-165806
629.95,163.787,0.0,US-2023-128846
200.97,50.2425,0.0,US-2023-165806
1215.92,316.1392,0.0,US-2023-118997
99.592,2.4898,0.2,US-2023-150581
172.11,-94.6605,0.4,US-2023-121769
2.368,0.8288,0.2,US-2023-100363
49.792,-11.8256,0.2,US-2023-163797
19.008,6.8904,0.2,US-2023-100363
399.96,139.986,0.0,US-2023-150581
9.584,3.3544,0.2,US-2023-121734
6.912,2.3328,0.2,US-2023-102715
10.368,3.6288,0.2,US-2023-102715
87.08,24.3824,0.0,US-2023-110555
335.944,41.993,0.2,US-2023-102715
383.976,81.5949,0.2,US-2023-102715
217.44,91.3248,0.0,US-2023-110555
105.584,9.2386,0.2,US-2023-110555
758.352,265.4232,0.2,US-2023-138940
308.499,-18.147,0.15,US-2023-154599
39.68,16.2688,0.0,US-2023-142979
18.088,6.5569,0.2,US-2023-154599
32.4,15.552,0.0,US-2023-158365
438.368,38.3572,0.2,US-2023-154599
1075.088,94.0702,0.2,US-2023-154599
17.856,1.116,0.2,US-2023-122336
509.97,-407.976,0.7,US-2023-122336
30.992,10.0724,0.2,US-2023-122336
7.83,3.6018,0.0,US-2023-167724
71.928,8.3916,0.4,US-2023-122336
187.76,76.9816,0.0,US-2023-120740
106.96,31.0184,0.0,US-2023-120740
39.072,9.768,0.2,US-2023-155208
317.058,-18.1176,0.3,US-2023-100678
10.75,3.5475,0.0,US-2023-110849
2.688,1.008,0.2,US-2023-100678
13.12,3.8048,0.0,US-2023-110849
149.352,50.4063,0.2,US-2023-100678
11.62,3.6022,0.0,US-2023-110849
227.976,28.497,0.2,US-2023-100678
287.968,97.1892,0.2,US-2023-110849
76.14,26.649,0.0,US-2023-169460
58.05,26.703,0.0,US-2023-158470
71.28,34.2144,0.0,US-2023-158470
59.92,27.5632,0.0,US-2023-101462
744.1,-95.67,0.3,US-2023-134572
401.59,-131.951,0.3,US-2023-134572
44.84,5.605,0.2,US-2023-134572
16.52,5.5755,0.2,US-2023-158064
828.84,0.0,0.0,US-2023-136336
9.912,3.3453,0.2,US-2023-122070
247.84,121.4416,0.0,US-2023-122070
281.372,-12.0588,0.3,US-2023-150119
281.372,-12.0588,0.3,US-2023-150119
22.336,7.8176,0.2,US-2023-150119
7.488,-5.2416,0.7,US-2023-150119
2.502,-1.7514,0.7,US-2023-112564
48.91,22.9877,0.0,US-2023-111857
1487.04,148.704,0.2,US-2023-166954
303.25,63.6825,0.0,US-2023-166954
270.72,78.5088,0.0,US-2023-166954
6.24,0.546,0.2,US-2023-157406
10.368,3.6288,0.2,US-2023-157406
302.376,37.797,0.2,US-2023-110100
230.28,23.028,0.2,US-2023-147298
21.4,6.206,0.0,US-2023-116785
18.288,5.715,0.2,US-2023-147298
12.6,5.796,0.0,US-2023-116785
5.34,1.4952,0.0,US-2023-118976
20.86,9.387,0.0,US-2023-118976
3.15,1.512,0.0,US-2023-118976
6.912,2.5056,0.2,US-2023-140228
497.61,129.3786,0.0,US-2023-118976
177.568,-37.7332,0.2,US-2023-140228
27.096,2.0322,0.2,US-2023-140228
159.98,57.5928,0.0,US-2023-132983
1679.96,125.997,0.2,US-2023-131387
561.584,70.198,0.2,US-2023-107811
51.96,12.99,0.0,US-2023-142727
17.46,5.9364,0.0,US-2023-134061
17.94,8.6112,0.0,US-2023-142727
99.92,-1.249,0.2,US-2023-107811
19.98,5.1948,0.0,US-2023-118304
174.95,45.487,0.0,US-2023-160094
826.0,214.76,0.0,US-2023-160094
47.79,16.2486,0.0,US-2023-156006
26.136,1.9602,0.2,US-2023-115056
479.984,89.997,0.2,US-2023-124618
10.896,3.9498,0.2,US-2023-135755
40.176,14.5638,0.2,US-2023-135755
21.56,10.3488,0.0,US-2023-130274
27.46,9.8856,0.0,US-2023-155271
12.18,3.8976,0.0,US-2023-148194
57.68,19.0344,0.0,US-2023-148194
37.84,2.838,0.2,US-2023-111899
46.8,21.06,0.0,US-2023-117709
5.472,1.8468,0.2,US-2023-111899
127.869,-9.1335,0.3,US-2023-110219
6.56,1.9024,0.0,US-2023-166457
11.88,5.346,0.0,US-2023-111934
35.44,16.6568,0.0,US-2023-111934
24.56,11.5432,0.0,US-2023-166457
9.42,4.239,0.0,US-2023-166457
45.248,3.9592,0.2,US-2023-160738
107.94,30.2232,0.0,US-2023-154879
140.736,52.776,0.2,US-2023-121664
5.78,2.7166,0.0,US-2023-154879
872.32,244.2496,0.0,US-2023-166086
194.25,-38.85,0.3,US-2023-166086
8.64,2.5056,0.0,US-2023-166086
16.14,7.9086,0.0,US-2023-166086
872.32,244.2496,0.0,CA-2023-166086
194.25,-38.85,0.3,CA-2023-166086
8.64,2.5056,0.0,CA-2023-166086
16.14,7.9086,0.0,CA-2023-166086
1799.97,239.996,0.4,US-2023-116666
9.45,4.536,0.0,US-2023-158771
20.65,9.499,0.0,US-2023-158771
45.36,21.7728,0.0,US-2023-158771
83.25,14.985,0.0,US-2023-158771
167.97,40.3128,0.0,US-2023-102071
67.8,4.068,0.0,US-2023-102071
349.965,-216.9783,0.5,US-2023-114181
256.784,32.098,0.2,US-2023-103310
22.32,5.301,0.2,US-2023-114181
158.13,77.4837,0.0,US-2023-159709
39.96,19.1808,0.0,US-2023-103310
41.04,11.0808,0.0,US-2023-103310
1432.0,125.3,0.2,US-2023-103310
43.6,4.36,0.2,US-2023-159709
1212.96,-69.312,0.3,US-2023-152100
66.112,-84.2928,0.6,US-2023-103849
35.91,9.6957,0.0,US-2023-127523
104.58,-172.557,0.8,US-2023-119172
17.472,5.6784,0.2,US-2023-119172
46.864,7.6154,0.2,US-2023-139017
58.112,7.264,0.2,US-2023-103849
100.792,6.2995,0.2,US-2023-103849
34.79,10.7849,0.0,US-2023-127159
700.056,-130.0104,0.3,US-2023-155887
279.456,20.9592,0.2,US-2023-113768
398.352,-331.96,0.7,US-2023-140165
7.104,2.3976,0.2,US-2023-140165
8.0,3.84,0.0,US-2023-113768
55.5,9.99,0.0,US-2023-167164
149.97,52.4895,0.0,US-2023-114433
310.88,23.316,0.2,US-2023-106810
232.88,17.466,0.2,US-2023-125150
56.4,3.384,0.0,US-2023-163146
91.68,45.84,0.0,US-2023-148761
149.232,3.7308,0.2,US-2023-164224
15.936,5.7768,0.2,US-2023-164224
3.984,1.4442,0.2,US-2023-133963
779.796,-168.9558,0.4,US-2023-103373
57.42,26.4132,0.0,US-2023-107699
34.2,9.234,0.0,US-2023-130155
139.86,60.1398,0.0,US-2023-114188
10.332,-5.9409,0.6,US-2023-130673
33.28,9.3184,0.0,US-2023-114188
38.52,11.9412,0.0,US-2023-114188
10.368,3.6288,0.2,US-2023-130673
66.96,-13.392,0.2,US-2023-130673
20.784,-3.6372,0.2,US-2023-130673
518.27,-97.18,0.2,CA-2023-166695
6.98,3.35,0.0,CA-2023-166695
343.2,38.61,0.2,CA-2023-166695
107.772,-29.2524,0.3,US-2023-127166
245.88,68.8464,0.0,US-2023-152443
31.84,10.5072,0.0,US-2023-104780
18.24,-31.008,0.8,US-2023-127166
447.86,219.4514,0.0,US-2023-152443
2715.93,1276.4871,0.0,US-2023-117639
56.064,21.024,0.2,US-2023-127166
4.832,1.6308,0.2,US-2023-127166
17.94,8.7906,0.0,US-2023-152443
617.97,173.0316,0.0,US-2023-117639
245.88,68.8464,0.0,CA-2023-152443
447.86,219.4514,0.0,CA-2023-152443
17.94,8.7906,0.0,CA-2023-152443
135.98,33.995,0.0,US-2023-143840
44.95,12.586,0.0,US-2023-143840
208.16,56.2032,0.0,US-2023-135881
21.168,2.3814,0.2,US-2023-105767
17.96,5.837,0.2,US-2023-135881
3.282,-2.6256,0.7,US-2023-105767
12.96,6.2208,0.0,US-2023-138513
5.04,0.1512,0.0,US-2023-135881
55.188,-10.1178,0.4,US-2023-105767
116.28,56.9772,0.0,US-2023-143413
29.32,-24.189,0.6,US-2023-130379
75.6,-166.32,0.8,US-2023-130379
14.62,6.7252,0.0,US-2023-100391
290.666,27.3568,0.15,US-2023-156349
225.296,22.5296,0.2,US-2023-158029
359.772,-5.1396,0.3,US-2023-144029
13.392,3.1806,0.2,US-2023-144029
48.4,23.232,0.0,US-2023-129574
102.624,7.6968,0.2,US-2023-144029
201.584,20.1584,0.2,US-2023-156349
83.984,31.494,0.2,US-2023-156349
567.12,-28.356,0.2,US-2023-124429
17.46,-30.555,0.8,US-2023-117058
359.32,7.1864,0.0,US-2023-124429
99.99,37.9962,0.0,US-2023-139192
1113.504,125.2692,0.2,US-2023-139192
136.96,51.36,0.2,US-2023-108861
27.6,2.208,0.0,US-2023-135993
57.408,5.7408,0.2,US-2023-135993
355.455,-184.8366,0.5,US-2023-145800
235.95,77.8635,0.0,US-2023-103429
70.368,26.388,0.2,US-2023-105872
25.584,8.9544,0.2,US-2023-103429
13.62,6.129,0.0,US-2023-146885
39.96,17.982,0.0,US-2023-103429
719.976,134.9955,0.2,US-2023-140473
464.0,134.56,0.0,US-2023-103429
113.73,32.9817,0.0,US-2023-166051
659.97,197.991,0.0,US-2023-166051
2001.86,580.5394,0.0,US-2023-131926
22.2,9.102,0.0,US-2023-165659
1503.25,496.0725,0.0,US-2023-131926
65.52,12.376,0.1,US-2023-157070
289.2,83.868,0.0,US-2023-111003
45.48,20.9208,0.0,US-2023-111003
138.56,66.5088,0.0,US-2023-157070
25.92,12.4416,0.0,US-2023-131926
47.88,23.94,0.0,US-2023-131926
166.72,41.68,0.0,US-2023-131926
881.93,229.3018,0.0,US-2023-165659
73.32,21.996,0.0,US-2023-104472
8.56,2.6536,0.0,US-2023-100895
59.808,19.4376,0.2,US-2023-104472
356.94,107.082,0.0,US-2023-100895
239.97,67.1916,0.0,US-2023-100895
61.544,-40.0036,0.6,US-2023-163867
515.88,113.4936,0.0,US-2023-135657
15.28,7.4872,0.0,US-2023-141299
15.936,5.1792,0.2,US-2023-163867
132.696,9.9522,0.2,US-2023-163867
353.568,-44.196,0.2,US-2023-151946
13.96,6.7008,0.0,US-2023-151946
56.96,21.0752,0.0,US-2023-151946
15.56,4.0456,0.0,US-2023-151946
16.224,5.8812,0.2,US-2023-147914
991.764,-347.1174,0.4,US-2023-159520
13.36,4.9432,0.0,US-2023-133270
1.365,-0.91,0.7,US-2023-169257
24.588,-38.1114,0.8,US-2023-161305
149.544,50.4711,0.2,US-2023-159520
13.984,4.7196,0.2,US-2023-161305
100.24,33.831,0.2,US-2023-151897
62.016,22.4808,0.2,US-2023-169257
17.14,4.4564,0.0,US-2023-159520
268.935,-209.7693,0.5,US-2023-106229
12.462,-20.5623,0.8,US-2023-134971
170.352,10.647,0.2,US-2023-109162
585.552,73.194,0.2,US-2023-141257
68.48,25.68,0.2,US-2023-108147
1676.88,83.844,0.0,US-2023-108147
48.86,14.1694,0.0,US-2023-115812
37.4,14.212,0.0,US-2023-160262
1706.184,85.3092,0.2,US-2023-115812
1441.3,245.021,0.0,US-2023-132612
114.9,34.47,0.0,US-2023-115812
70.368,6.1572,0.2,US-2023-133753
18.06,4.6956,0.0,US-2023-160262
7.28,1.9656,0.0,US-2023-115812
23.1,10.626,0.0,US-2023-133851
18.504,5.7825,0.2,US-2023-115812
79.14,36.4044,0.0,US-2023-160262
7.36,0.1472,0.0,US-2023-133851
63.984,10.3974,0.2,US-2023-133753
7.992,0.5994,0.2,US-2023-133753
911.424,68.3568,0.2,US-2023-115812
907.152,90.7152,0.2,US-2023-115812
491.55,240.8595,0.0,US-2023-144281
14.52,4.7916,0.0,US-2023-114643
212.94,57.4938,0.0,US-2023-140487
797.944,-56.996,0.3,US-2023-141215
99.918,-18.5562,0.3,US-2023-141215
8.568,-14.5656,0.8,US-2023-141215
36.544,11.8768,0.2,US-2023-126963
647.84,32.392,0.0,US-2023-136644
35.0,10.5,0.0,US-2023-113929
39.552,14.3376,0.2,US-2023-113929
41.4,19.458,0.0,US-2023-113929
6.24,2.6208,0.0,US-2023-144414
3266.376,1061.5722,0.2,US-2023-144414
17.9,8.95,0.0,US-2023-144414
62.016,22.4808,0.2,US-2023-156342
65.97,31.0059,0.0,US-2023-104402
139.8,12.2325,0.2,US-2023-123855
74.352,23.235,0.2,CA-2023-184712
193.0656,-19.8744,0.32,US-2023-166863
471.9,155.727,0.0,US-2023-112949
3.52,1.6896,0.0,US-2023-112949
3.392,-5.088,0.8,US-2023-166863
11.648,4.0768,0.2,US-2023-166863
15.552,5.4432,0.2,US-2023-166863
509.488,-127.372,0.2,US-2023-166863
418.8,-97.72,0.4,US-2023-166863
201.584,20.1584,0.2,US-2023-166863
3.984,0.6474,0.2,US-2023-138317
104.01,14.5614,0.0,US-2023-117135
59.7,26.865,0.0,US-2023-130624
44.416,3.8864,0.2,US-2023-138317
3.76,1.0904,0.0,US-2023-128146
21.4,6.206,0.0,US-2023-141278
9.006,-7.2048,0.7,US-2023-138317
11.088,-8.1312,0.7,US-2023-160780
25.164,-16.776,0.7,US-2023-160780
24.896,8.4024,0.2,US-2023-138317
19.65,9.039,0.0,US-2023-130624
36.84,10.3152,0.0,US-2023-117135
95.968,28.7904,0.2,US-2023-138317
206.991,-172.4925,0.7,US-2023-138317
1214.85,352.3065,0.0,US-2023-141796
284.82,74.0532,0.0,US-2023-117135
617.97,160.6722,0.0,US-2023-130624
1322.93,357.1911,0.0,US-2023-128146
853.93,0.0,0.3,US-2023-154963
170.058,-4.8588,0.3,US-2023-154963
8.226,-6.0324,0.7,US-2023-133389
501.81,0.0,0.0,US-2023-124646
161.94,9.7164,0.0,US-2023-124646
196.752,56.5662,0.2,US-2023-142048
82.782,-15.1767,0.4,US-2023-154963
20.016,1.7514,0.2,US-2023-130358
3.104,0.3492,0.2,US-2023-130358
86.376,1.0797,0.2,US-2023-126032
4.272,0.9612,0.2,US-2023-159814
447.84,11.196,0.2,US-2023-159338
9.328,0.8162,0.2,US-2023-164469
71.632,17.908,0.2,US-2023-164469
263.96,19.797,0.2,US-2023-164469
85.98,22.3548,0.0,US-2023-104283
306.2,0.0,0.0,US-2023-104283
223.96,53.7504,0.0,US-2023-104283
1228.465,0.0,0.3,US-2023-140858
3.168,-2.4288,0.7,US-2023-140858
31.086,-22.7964,0.7,US-2023-140858
6.08,3.04,0.0,US-2023-156993
41.472,14.5152,0.2,US-2023-140858
335.52,117.432,0.2,US-2023-140858
32.76,3.6855,0.2,US-2023-165974
13.92,4.872,0.2,US-2023-111773
6.6,2.904,0.0,US-2023-121566
32.4,10.368,0.0,US-2023-109218
5.248,1.64,0.2,US-2023-123064
334.768,108.7996,0.2,US-2023-146640
2.688,0.84,0.2,US-2023-121566
21.312,7.1928,0.2,US-2023-116757
310.688,108.7408,0.2,US-2023-152254
25.92,9.072,0.2,US-2023-116757
5.184,-3.6288,0.7,US-2023-160773
19.92,6.972,0.2,US-2023-153150
575.92,71.99,0.2,US-2023-160773
5.58,2.1762,0.0,US-2023-107594
73.98,19.9746,0.0,US-2023-107594
32.432,3.2432,0.2,US-2023-120096
15.6,7.644,0.0,US-2023-138709
177.536,62.1376,0.2,US-2023-120096
21.84,10.92,0.0,US-2023-138709
19.52,5.368,0.2,US-2023-103317
213.216,15.9912,0.2,US-2023-103317
4.368,0.3822,0.2,US-2023-152849
180.96,67.86,0.2,US-2023-107139
9.81,-6.867,0.7,US-2023-103317
14.62,6.8714,0.0,US-2023-157784
19.44,9.3312,0.0,US-2023-157784
281.424,-35.178,0.2,US-2023-160444
220.776,-44.1552,0.2,US-2023-160444
479.97,163.1898,0.0,US-2023-157784
478.48,47.848,0.2,US-2023-147543
559.992,174.9975,0.2,US-2023-134278
172.186,-46.7362,0.3,US-2023-138758
69.008,12.0764,0.2,US-2023-138758
63.882,10.647,0.1,US-2023-150301
502.488,-87.9354,0.2,US-2023-100090
196.704,68.8464,0.2,US-2023-100090
119.833,7.049,0.15,US-2023-113271
5.56,2.224,0.0,US-2023-113271
14.304,4.6488,0.2,US-2023-113271
41.904,14.1426,0.2,US-2023-114125
2.88,1.4112,0.0,US-2023-114125
14.352,4.485,0.2,US-2023-165379
32.4,15.552,0.0,US-2023-113271
10.368,3.6288,0.2,US-2023-165379
23.92,4.0664,0.0,US-2023-114125
854.94,213.735,0.0,US-2023-163552
124.11,52.1262,0.0,US-2023-163552
18.28,6.398,0.2,US-2023-133305
14.4,7.056,0.0,US-2023-163552
177.2,83.284,0.0,US-2023-163552
10.368,3.6288,0.2,US-2023-123225
49.12,23.0864,0.0,US-2023-133305
575.968,43.1976,0.2,US-2023-123225
197.97,57.4113,0.0,US-2023-163552
164.85,47.8065,0.0,US-2023-166555
123.136,13.8528,0.2,US-2023-131310
512.358,-14.6388,0.3,US-2023-161508
698.352,-17.4588,0.2,US-2023-129924
22.288,3.9004,0.2,US-2023-161508
11.264,3.8016,0.2,US-2023-131310
7.712,2.7956,0.2,US-2023-129924
3.488,0.5668,0.2,US-2023-161508
35.856,12.9978,0.2,US-2023-124807
16.032,5.6112,0.2,US-2023-161508
249.75,44.955,0.0,US-2023-110184
23.84,3.278,0.2,US-2023-124807
255.936,28.7928,0.2,US-2023-110184
351.216,4.3902,0.2,US-2023-165862
31.984,1.1994,0.2,US-2023-164182
39.48,11.0544,0.0,US-2023-124464
41.584,4.6782,0.2,US-2023-164182
17.94,4.485,0.0,US-2023-109904
29.932,-46.3946,0.8,US-2023-103905
55.92,6.291,0.2,US-2023-150532
38.272,3.8272,0.2,US-2023-103905
13.494,-2.249,0.4,US-2023-164182
23.988,-13.993,0.4,US-2023-164182
6.54,2.6814,0.0,US-2023-115980
2.97,1.3068,0.0,US-2023-115980
259.136,-25.9136,0.2,US-2023-123295
13.904,4.5188,0.2,US-2023-138198
70.56,-4.032,0.3,US-2023-150434
6.096,2.2098,0.2,US-2023-168158
3.81,1.8288,0.0,US-2023-150434
20.88,9.6048,0.0,US-2023-150434
359.98,93.5948,0.0,US-2023-150434
981.372,-140.196,0.3,US-2023-143903
43.02,15.4872,0.0,US-2023-141726
16.74,-14.229,0.6,US-2023-143903
13.12,3.8048,0.0,US-2023-127866
27.36,-21.888,0.7,US-2023-142965
8.704,3.1552,0.2,US-2023-141726
89.712,30.2778,0.2,US-2023-157546
104.85,50.328,0.0,US-2023-141726
19.92,9.7608,0.0,US-2023-141726
11.96,5.8604,0.0,US-2023-127866
22.83,10.7301,0.0,US-2023-157546
535.41,160.623,0.0,US-2023-127866
25.984,-5.1968,0.2,US-2023-142965
342.864,38.5722,0.2,US-2023-143903
41.94,15.0984,0.0,US-2023-127866
801.568,50.098,0.2,US-2023-116932
657.93,-93.99,0.3,US-2023-129189
272.848,27.2848,0.2,US-2023-116932
4.992,-12.9792,0.8,US-2023-129189
99.2,25.792,0.0,US-2023-116932
1.044,-1.827,0.8,US-2023-129189
87.92,29.673,0.2,US-2023-129189
35.98,10.0744,0.0,US-2023-109890
717.72,71.772,0.2,US-2023-117464
170.352,19.1646,0.2,US-2023-117464
5.96,1.6688,0.0,US-2023-127691
11.52,3.2256,0.0,US-2023-117464
19.68,6.4944,0.0,US-2023-122679
236.5,68.585,0.0,US-2023-117464
26.632,1.3316,0.2,US-2023-164644
159.98,57.5928,0.0,US-2023-127691
9.24,0.924,0.2,US-2023-119137
8.16,-5.712,0.7,US-2023-119137
40.7,11.803,0.0,US-2023-145254
99.98,7.9984,0.0,US-2023-103058
479.04,-29.94,0.2,US-2023-119137
45.0,4.95,0.0,US-2023-145254
1023.936,179.1888,0.2,US-2023-119137
604.752,60.4752,0.2,US-2023-145254
302.376,37.797,0.2,US-2023-145254
77.92,34.2848,0.0,US-2023-143917
6.48,3.1752,0.0,US-2023-146528
53.72,15.0416,0.0,US-2023-143917
8187.65,327.506,0.0,US-2023-143917
15.52,4.5008,0.0,US-2023-146528
67.88,18.3276,0.0,US-2023-116190
674.352,-109.5822,0.2,US-2023-126760
25.71,9.2556,0.0,US-2023-116190
134.01,36.1827,0.0,US-2023-126760
17.496,-10.0602,0.6,US-2023-169019
4.836,-12.09,0.8,US-2023-169019
16.784,-26.8544,0.8,US-2023-169019
8.88,-13.32,0.8,US-2023-169019
2177.584,-3701.8928,0.8,US-2023-169019
162.89,76.5583,0.0,US-2023-116190
123.552,-29.3436,0.2,US-2023-155894
111.93,34.6983,0.0,US-2023-159121
431.136,-26.946,0.2,US-2023-169019
170.97,70.0977,0.0,US-2023-126760
911.984,113.998,0.2,US-2023-126760
65.78,32.2322,0.0,US-2023-150126
276.28,0.0,0.0,US-2023-169642
238.0,38.08,0.0,US-2023-124709
129.888,12.9888,0.2,US-2023-131541
48.944,16.5186,0.2,US-2023-131541
14.32,5.191,0.2,US-2023-131541
1367.84,259.8896,0.0,US-2023-111192
44.128,12.1352,0.2,US-2023-117345
62.92,10.2245,0.2,US-2023-117345
19.752,6.9132,0.2,US-2023-152296
5.68,1.917,0.2,US-2023-162684
17.544,5.9211,0.2,US-2023-117345
78.304,29.364,0.2,US-2023-117345
26.7,12.549,0.0,US-2023-106299
838.38,226.3626,0.0,US-2023-106299
21.2,9.116,0.0,US-2023-106299
218.75,-161.875,0.5,US-2023-133690
2.6,0.2925,0.2,US-2023-133690
39.96,18.7812,0.0,US-2023-125612
93.024,33.7212,0.2,US-2023-128986
21.36,5.7672,0.0,US-2023-125612
102.3,26.598,0.0,US-2023-125612
101.96,27.5292,0.0,US-2023-134215
1089.75,305.13,0.0,US-2023-126361
16.4,4.264,0.0,US-2023-126361
13.184,4.7792,0.2,US-2023-126361
447.84,219.4416,0.0,US-2023-126361
259.74,124.6752,0.0,US-2023-134215
158.9,7.945,0.0,US-2023-126361
255.42,104.7222,0.0,US-2023-134215
399.96,34.9965,0.2,US-2023-126361
1133.35,294.671,0.0,US-2023-117968
340.144,21.259,0.2,US-2023-118962
489.23,41.934,0.3,US-2023-124723
79.47,22.2516,0.0,US-2023-117968
4.56,2.0064,0.0,US-2023-117968
15.96,7.0224,0.0,US-2023-110065
45.98,12.8744,0.0,US-2023-150490
20.94,9.8418,0.0,US-2023-118962
110.96,53.2608,0.0,US-2023-118962
15.78,0.6312,0.0,US-2023-150490
16.36,1.636,0.0,US-2023-150490
135.99,36.7173,0.0,US-2023-110065
62.91,22.6476,0.0,US-2023-115357
199.98,83.9916,0.0,US-2023-137575
155.456,-7.7728,0.2,US-2023-156790
121.376,-3.0344,0.2,US-2023-151708
327.76,91.7728,0.0,US-2023-131450
53.88,22.6296,0.0,US-2023-124478
167.535,37.23,0.1,US-2023-124478
76.12,22.0748,0.0,US-2023-131450
38.34,17.253,0.0,US-2023-124478
423.28,110.0528,0.0,US-2023-154669
95.976,-10.7973,0.2,US-2023-151708
549.99,274.995,0.0,US-2023-124478
1199.976,434.9913,0.2,US-2023-131450
299.98,83.9944,0.0,US-2023-124478
445.96,55.745,0.2,US-2023-131450
113.92,33.04,0.0,CA-2023-129322
39.66,11.9,0.0,CA-2023-129322
447.86,210.49,0.0,CA-2023-129322
9.345,-6.5415,0.7,US-2023-161249
2060.744,643.9825,0.2,US-2023-169726
4.464,-0.9486,0.2,US-2023-161249
20.88,9.6048,0.0,US-2023-110527
5.98,2.691,0.0,US-2023-141901
15.552,5.4432,0.2,US-2023-167850
219.168,-43.8336,0.2,US-2023-166471
1091.168,68.198,0.2,US-2023-166471
178.384,22.298,0.2,US-2023-167850
12.35,5.434,0.0,US-2023-127012
40.97,10.6522,0.0,US-2023-127012
22.96,10.7912,0.0,US-2023-127012
375.34,18.767,0.0,US-2023-154641
85.44,31.6128,0.0,US-2023-109897
211.248,15.8436,0.2,US-2023-156244
47.96,4.1965,0.2,US-2023-156244
14.04,6.7392,0.0,US-2023-153927
196.21,98.105,0.0,US-2023-109302
2.952,0.9963,0.2,US-2023-156244
31.104,10.8864,0.2,US-2023-156244
5.552,-1.041,0.2,US-2023-156244
272.61,98.1396,0.0,US-2023-153927
158.928,41.7186,0.2,US-2023-156244
806.336,50.396,0.2,US-2023-109897
195.136,-12.196,0.2,US-2023-164406
152.91,42.8148,0.0,US-2023-164406
152.24,17.127,0.2,US-2023-109043
62.94,30.2112,0.0,US-2023-141005
17.856,6.2496,0.2,US-2023-164406
30.96,-52.632,0.8,US-2023-138023
46.44,15.093,0.2,US-2023-164406
92.94,41.823,0.0,US-2023-164406
91.36,29.692,0.2,US-2023-109043
853.092,-227.4912,0.4,US-2023-142839
17.96,8.2616,0.0,US-2023-111500
12.67,4.5612,0.0,US-2023-111500
114.2,52.532,0.0,US-2023-111500
15.552,5.4432,0.2,US-2023-129168
339.96,122.3856,0.0,US-2023-111500
638.82,172.4814,0.0,US-2023-156559
289.24,26.0316,0.0,US-2023-133158
10.72,1.742,0.2,US-2023-121727
69.456,22.5732,0.2,US-2023-133158
76.776,-58.8616,0.7,US-2023-164616
344.91,10.3473,0.0,US-2023-143581
9.184,1.148,0.2,US-2023-164616
19.44,9.33,0.0,CA-2023-132339
387.99,182.36,0.0,CA-2023-115777
500.24,145.0696,0.0,US-2023-114321
421.372,-6.0196,0.3,US-2023-166716
896.99,421.5853,0.0,US-2023-114321
20.12,9.2552,0.0,US-2023-114321
3.912,1.0269,0.2,US-2023-123253
11.56,5.6644,0.0,US-2023-166828
7.632,-1.8126,0.2,US-2023-130918
4.224,1.2672,0.2,US-2023-124737
49.568,17.3488,0.2,US-2023-154837
31.104,10.8864,0.2,US-2023-124737
223.056,69.705,0.2,US-2023-124737
15.552,5.4432,0.2,US-2023-124737
19.44,9.5256,0.0,US-2023-112795
25.92,12.4416,0.0,US-2023-110639
45.92,22.5008,0.0,US-2023-110639
6.8,0.51,0.2,US-2023-124737
143.64,10.773,0.2,US-2023-124737
13.28,6.3744,0.0,US-2023-107916
12.672,4.4352,0.2,US-2023-107916
8.288,2.6936,0.2,US-2023-106719
25.5,6.63,0.0,US-2023-120432
6.28,2.6376,0.0,US-2023-104178
6.528,-4.5696,0.7,US-2023-107398
20.856,-16.6848,0.7,US-2023-107398
25.68,-39.804,0.8,US-2023-126200
12.384,-19.8144,0.8,US-2023-126200
2.862,-2.2896,0.7,US-2023-107398
130.464,44.0316,0.2,US-2023-115259
4.72,1.652,0.2,US-2023-115259
40.096,14.5348,0.2,US-2023-115259
23.976,7.4925,0.2,US-2023-115259
25.92,12.4416,0.0,US-2023-104178
48.84,13.1868,0.0,US-2023-104178
95.1,30.432,0.0,US-2023-104178
1007.944,75.5958,0.2,US-2023-103660
10.68,4.0584,0.0,US-2023-103331
8.64,2.5056,0.0,US-2023-115413
17.34,8.4966,0.0,US-2023-103331
3.38,1.5548,0.0,US-2023-103331
176.8,22.984,0.0,US-2023-123260
149.97,52.4895,0.0,US-2023-115413
29.12,12.5216,0.0,US-2023-124688
1202.94,300.735,0.0,US-2023-124688
8.56,2.4824,0.0,US-2023-143336
22.72,7.384,0.2,US-2023-143336
13.36,6.4128,0.0,US-2023-101266
579.95,168.1855,0.0,US-2023-124688
213.48,16.011,0.2,US-2023-143336
174.0585,-110.7645,0.45,US-2023-169775
505.176,-336.784,0.7,US-2023-169775
29.808,10.8054,0.2,US-2023-169775
13.36,6.4128,0.0,US-2023-135699
109.92,53.8608,0.0,US-2023-135699
25.3,11.891,0.0,US-2023-146500
95.94,9.594,0.0,US-2023-146500
92.52,18.504,0.0,US-2023-143385
53.94,15.6426,0.0,US-2023-126522
3.648,-6.0192,0.8,US-2023-165428
23.744,8.3104,0.2,US-2023-109855
31.104,10.8864,0.2,US-2023-165428
357.0,57.12,0.0,US-2023-109855
70.71,4.9497,0.0,US-2023-157721
19.9,8.955,0.0,US-2023-157721
57.75,16.17,0.0,US-2023-138828
21.24,8.0712,0.0,US-2023-127936
1793.98,843.1706,0.0,US-2023-152268
14.94,7.0218,0.0,US-2023-138828
475.944,95.1888,0.2,US-2023-106971
239.976,53.9946,0.2,US-2023-151792
559.71,-121.2705,0.4,US-2023-158281
7.68,-11.52,0.8,US-2023-120236
14.4,7.056,0.0,US-2023-125171
31.984,1.999,0.2,US-2023-136861
264.32,19.824,0.2,US-2023-106572
41.88,12.1452,0.0,US-2023-130449
58.48,27.4856,0.0,US-2023-130449
161.96,45.3488,0.0,US-2023-117765
42.368,8.4736,0.2,US-2023-122882
57.69,23.6529,0.0,US-2023-131002
821.88,213.6888,0.0,US-2023-131002
429.9,111.774,0.0,US-2023-117765
200.795,-22.948,0.3,US-2023-105165
21.864,3.5529,0.2,US-2023-105165
2.92,-4.818,0.8,US-2023-105165
32.06,15.3888,0.0,US-2023-117765
42.81,20.1207,0.0,US-2023-131002
3.828,-6.5076,0.8,US-2023-126193
83.92,31.47,0.2,US-2023-109918
304.99,-533.7325,0.8,US-2023-126193
13.16,4.1125,0.2,US-2023-126193
20.56,9.6632,0.0,US-2023-109918
12.96,6.2208,0.0,US-2023-131002
64.784,-14.5764,0.2,US-2023-122882
19.86,5.7594,0.0,US-2023-117765
27.36,7.3872,0.0,US-2023-109918
46.688,-2.918,0.2,US-2023-105165
399.54,-559.356,0.7,US-2023-122882
104.85,28.3095,0.0,US-2023-131002
196.776,14.7582,0.2,US-2023-105165
377.97,109.6113,0.0,US-2023-100006
32.382,4.3176,0.4,US-2023-122882
975.92,121.99,0.2,US-2023-107818
1740.06,-24.858,0.3,US-2023-139892
966.7,-13.81,0.3,US-2023-146283
172.764,13.4372,0.1,US-2023-146815
16.78,4.195,0.0,US-2023-123127
177.98,-453.849,0.8,US-2023-139892
56.65,24.3595,0.0,US-2023-168592
303.84,91.152,0.0,US-2023-107818
32.064,6.8136,0.2,US-2023-139892
5.88,2.646,0.0,US-2023-107818
3.52,1.6896,0.0,US-2023-146815
9.936,2.7324,0.2,US-2023-139892
8.608,3.0128,0.2,US-2023-140032
51.184,-79.3352,0.8,US-2023-115987
45.0,21.6,0.0,US-2023-128839
4.02,1.9698,0.0,US-2023-168592
182.112,61.4628,0.2,US-2023-146283
17.904,6.2664,0.2,US-2023-146283
485.88,19.4352,0.0,US-2023-107818
275.928,-58.6347,0.2,US-2023-139892
14.97,4.1916,0.0,US-2023-168592
83.88,30.1968,0.0,US-2023-163293
49.98,8.4966,0.0,US-2023-132500
32.97,12.8583,0.0,US-2023-163293
209.97,90.2871,0.0,US-2023-128839
8159.952,-1359.992,0.4,US-2023-139892
143.976,8.9985,0.2,US-2023-139892
785.88,212.1876,0.0,US-2023-126403
17.472,5.0232,0.2,US-2023-102869
60.672,12.8928,0.2,US-2023-131870
30.816,2.6964,0.2,US-2023-131870
103.6,51.8,0.0,US-2023-144407
15.552,5.4432,0.2,US-2023-102869
166.44,79.8912,0.0,US-2023-126403
10.896,3.405,0.2,US-2023-103527
26.2,12.838,0.0,US-2023-126403
1325.85,238.653,0.0,US-2023-126403
64.704,-4.8528,0.2,US-2023-102869
1299.99,-571.9956,0.5,US-2023-115196
135.516,-31.6204,0.4,US-2023-102869
1487.04,148.704,0.2,US-2023-125731
254.9,76.47,0.0,US-2023-113383
81.92,22.1184,0.0,US-2023-113383
9.64,4.7236,0.0,US-2023-138835
21.728,7.6048,0.2,US-2023-125731
14.88,3.72,0.0,CA-2023-126438
127.95,21.7515,0.0,US-2023-112837
3785.292,420.588,0.1,US-2023-116246
40.56,12.9792,0.0,US-2023-119081
166.84,18.7695,0.2,US-2023-138527
63.924,-46.8776,0.7,US-2023-103702
5.18,-8.029,0.8,US-2023-150924
331.96,149.382,0.0,US-2023-119081
10.368,3.6288,0.2,US-2023-138527
357.93,7.1586,0.0,US-2023-119081
57.4,10.906,0.0,US-2023-119081
15.216,2.2824,0.2,US-2023-138527
69.99,30.0957,0.0,US-2023-101476
340.116,-9.7176,0.3,US-2023-113859
14.19,5.5341,0.0,US-2023-142769
22.66,9.7438,0.0,US-2023-142769
5.46,1.4742,0.0,US-2023-145212
18.648,-12.432,0.7,US-2023-156216
2.502,-2.0016,0.7,US-2023-126277
5.7,2.679,0.0,US-2023-142769
48.94,24.47,0.0,US-2023-142769
15.552,5.4432,0.2,US-2023-132962
79.4,5.955,0.2,US-2023-140039
7.3,2.19,0.0,US-2023-142769
118.0,20.06,0.0,US-2023-142769
199.98,75.9924,0.0,US-2023-142769
144.96,60.8832,0.0,US-2023-142769
252.0,53.55,0.2,US-2023-132962
9.96,-6.723,0.6,US-2023-127635
142.4,52.688,0.0,US-2023-159184
13.128,3.7743,0.2,US-2023-145576
464.292,-108.3348,0.4,US-2023-160766
52.448,-131.12,0.8,US-2023-100853
601.3,198.429,0.0,US-2023-160766
13.0,1.3,0.2,US-2023-145576
8.552,-13.6832,0.8,US-2023-127635
7.16,3.4368,0.0,US-2023-159184
68.46,31.4916,0.0,US-2023-160766
11.07,5.0922,0.0,US-2023-113362
6.048,-1.3608,0.2,US-2023-127635
20.16,6.552,0.2,US-2023-100853
44.82,21.0654,0.0,US-2023-160766
6.848,2.14,0.2,US-2023-127635
449.15,8.983,0.0,US-2023-113362
2799.96,1371.9804,0.0,US-2023-160766
287.97,80.6316,0.0,US-2023-160766
16.99,4.4174,0.0,US-2023-160766
103.936,16.8896,0.2,US-2023-149594
14.56,6.2608,0.0,US-2023-138100
14.94,7.0218,0.0,US-2023-138100
33.552,12.582,0.2,US-2023-141152
35.34,13.4292,0.0,US-2023-103940
38.256,4.782,0.2,US-2023-131947
5.248,0.4592,0.2,US-2023-131947
137.24,46.3185,0.2,US-2023-103940
5.892,-4.1244,0.7,US-2023-158638
182.94,85.9818,0.0,US-2023-112851
40.24,13.078,0.2,US-2023-131947
4.624,1.6762,0.2,US-2023-117170
148.704,46.47,0.2,US-2023-131947
57.93,16.2204,0.0,US-2023-103940
30.28,1.2112,0.0,US-2023-103940
47.984,13.1956,0.2,US-2023-117170
55.92,16.776,0.2,US-2023-131947
29.925,-21.945,0.7,US-2023-131947
887.103,177.4206,0.1,US-2023-168130
73.915,-45.8273,0.5,US-2023-138177
5.67,0.1134,0.0,US-2023-159849
7.16,3.58,0.0,US-2023-156601
92.52,24.9804,0.0,US-2023-132787
67.344,7.5762,0.2,US-2023-127299
3059.982,-509.997,0.4,US-2023-106992
2624.985,-944.9946,0.5,US-2023-127299
2519.958,-251.9958,0.4,US-2023-106992
362.94,36.294,0.0,US-2023-166744
801.568,-10.0196,0.2,US-2023-125997
493.43,-70.49,0.3,US-2023-120411
631.782,140.396,0.1,US-2023-125997
164.22,50.9082,0.0,US-2023-166744
617.7,-407.682,0.5,US-2023-134614
43.92,11.8584,0.0,US-2023-133704
30.98,8.0548,0.0,US-2023-125997
2.816,0.9856,0.2,US-2023-151953
20.232,6.5754,0.2,US-2023-133704
9.96,4.5816,0.0,US-2023-156433
75.18,35.3346,0.0,US-2023-125997
21.72,10.6428,0.0,US-2023-156433
8.56,3.852,0.0,US-2023-126480
59.98,26.3912,0.0,US-2023-166744
11.12,3.475,0.2,US-2023-120411
1349.91,661.4559,0.0,US-2023-125997
629.95,157.4875,0.0,US-2023-125997
37.68,16.96,0.0,CA-2023-153738
8.544,-7.476,0.6,US-2023-166310
25.96,7.5284,0.0,US-2023-125514
36.27,10.881,0.0,US-2023-125514
59.52,15.4752,0.0,US-2023-153969
66.03,17.1678,0.0,US-2023-124513
6.57,-5.037,0.7,US-2023-117478
15.56,7.3132,0.0,US-2023-153969
78.35,36.8245,0.0,US-2023-153969
20.808,7.0227,0.2,US-2023-168823
6.48,3.1104,0.0,US-2023-125514
38.52,17.334,0.0,US-2023-153969
19.35,9.4815,0.0,US-2023-153969
11.352,4.1151,0.2,US-2023-168823
1799.97,701.9883,0.0,US-2023-135972
239.984,23.9984,0.2,US-2023-153969
246.384,27.7182,0.2,US-2023-135972
579.528,83.7096,0.1,US-2023-156160
97.44,35.0784,0.0,US-2023-156160
13.04,5.7376,0.0,US-2023-156160
3.984,1.3944,0.2,US-2023-156160
4.608,1.6704,0.2,US-2023-127488
169.45,42.3625,0.0,US-2023-158225
40.68,0.4068,0.0,US-2023-158225
331.536,-82.884,0.2,US-2023-103191
435.999,20.5176,0.15,US-2023-134733
9.84,2.8536,0.0,US-2023-163650
12.94,6.47,0.0,US-2023-116904
9449.95,4630.4755,0.0,US-2023-116904
139.44,47.061,0.2,US-2023-163559
18.464,6.924,0.2,US-2023-113964
11.12,5.4488,0.0,US-2023-148369
34.5,15.525,0.0,US-2023-163650
28.8,10.08,0.2,US-2023-147900
32.4,15.552,0.0,US-2023-116904
404.9,16.196,0.0,US-2023-116904
83.984,31.494,0.2,US-2023-134733
211.96,8.4784,0.0,US-2023-123344
391.98,109.75,0.0,CA-2023-160325
437.85,131.36,0.0,CA-2023-160325
300.5328,-97.2312,0.32,US-2023-112914
14.576,2.3686,0.2,US-2023-141355
2.724,-4.3584,0.8,US-2023-112914
3.264,1.1016,0.2,US-2023-112914
33.792,10.56,0.2,US-2023-112914
585.552,73.194,0.2,US-2023-132451
145.568,0.0,0.2,US-2023-151925
21.184,4.7664,0.2,US-2023-144974
41.376,3.1032,0.2,US-2023-144974
16.704,1.2528,0.2,US-2023-115133
143.952,14.3952,0.2,US-2023-164385
5.97,-4.577,0.7,US-2023-144974
0.876,-1.4016,0.8,US-2023-152723
32.896,11.1024,0.2,US-2023-115133
19.44,9.3312,0.0,US-2023-132451
310.12,80.6312,0.0,US-2023-127586
3.152,0.4728,0.2,US-2023-115133
153.824,38.456,0.2,US-2023-115049
603.92,45.294,0.2,US-2023-133130
87.54,37.6422,0.0,US-2023-120887
81.98,40.1702,0.0,US-2023-133130
337.088,16.8544,0.2,US-2023-114335
96.256,31.2832,0.2,US-2023-125136
10.688,3.7408,0.2,US-2023-125136
46.26,12.4902,0.0,US-2023-107153
10.688,3.7408,0.2,CA-2023-107153
117.36,36.3816,0.0,US-2023-124856
6.16,2.9568,0.0,US-2023-126683
204.6,53.196,0.0,US-2023-146969
2348.82,399.2994,0.0,US-2023-126683
67.176,-20.1528,0.4,US-2023-122931
409.272,-81.8544,0.4,US-2023-122931
4.224,1.4784,0.2,US-2023-122931
10.048,3.14,0.2,US-2023-111962
8.72,2.8776,0.0,US-2023-146969
18.9,8.694,0.0,US-2023-124856
55.44,18.018,0.2,US-2023-122931
20.928,6.8016,0.2,US-2023-122931
77.52,37.9848,0.0,US-2023-124856
6.48,3.1104,0.0,US-2023-146969
807.75,153.4725,0.0,US-2023-111962
1395.54,362.8404,0.0,US-2023-124856
62.18,16.7886,0.0,US-2023-146969
1801.632,-337.806,0.2,US-2023-122931
686.32,223.054,0.2,US-2023-146969
15.24,5.1816,0.0,US-2023-159478
69.216,11.2476,0.2,US-2023-140886
795.408,59.6556,0.2,US-2023-141649
43.176,13.4925,0.2,US-2023-137351
48.94,24.47,0.0,US-2023-102008
15.552,5.4432,0.2,US-2023-167633
4.71,0.0,0.0,US-2023-132745
12.768,4.6284,0.2,US-2023-108189
4.672,1.46,0.2,US-2023-108189
9.408,3.4104,0.2,US-2023-108189
15.36,-3.264,0.2,US-2023-108189
7.16,-0.0895,0.2,US-2023-108189
230.376,20.1579,0.2,US-2023-108189
318.4,107.46,0.2,US-2023-108189
122.352,13.7646,0.2,US-2023-157882
258.279,-70.1043,0.3,US-2023-153976
31.776,-19.0656,0.6,US-2023-120775
143.432,3.5858,0.2,US-2023-157882
6.192,0.4644,0.2,US-2023-155817
55.984,4.1988,0.2,US-2023-108903
1.788,-3.0396,0.8,US-2023-120775
14.48,4.887,0.2,US-2023-108903
15.072,-3.768,0.2,US-2023-120775
4.344,0.8688,0.2,US-2023-120775
4.928,1.7248,0.2,US-2023-120775
61.568,4.6176,0.2,US-2023-155817
142.488,-3.5622,0.2,US-2023-108903
589.41,-6.549,0.1,US-2023-166891
95.648,31.0856,0.2,US-2023-153479
29.24,13.7428,0.0,US-2023-102085
14.45,6.7915,0.0,US-2023-153479
91.92,11.49,0.2,US-2023-152422
99.98,34.993,0.0,US-2023-152233
435.17,-59.84,0.2,CA-2023-131807
72.9,26.97,0.0,CA-2023-131807
206.35,5.16,0.2,CA-2023-131807
15.8,4.11,0.0,CA-2023-131807
14.9,6.85,0.0,CA-2023-131807
7.99,2.7,0.2,CA-2023-131807
15.36,7.68,0.0,US-2023-132542
83.92,-13.637,0.2,US-2023-110611
386.34,54.0876,0.0,US-2023-109680
9.09,1.9089,0.0,US-2023-134677
129.92,21.112,0.2,US-2023-117429
107.44,10.744,0.2,US-2023-132801
123.92,55.764,0.0,US-2023-119977
23.472,4.9878,0.2,US-2023-142951
144.6,41.934,0.0,US-2023-138240
88.768,31.0688,0.2,US-2023-137911
15.992,-2.9985,0.2,US-2023-138240
122.352,13.7646,0.2,US-2023-140403
46.872,3.5154,0.2,US-2023-150329
255.85,112.574,0.0,US-2023-134054
18.264,-13.3936,0.7,US-2023-105137
0.898,-1.5715,0.8,US-2023-103492
11.98,-19.168,0.8,US-2023-103492
15.28,7.4872,0.0,US-2023-140403
101.994,-71.3958,0.7,US-2023-105137
719.952,71.9952,0.2,US-2023-103492
755.944,66.1451,0.2,US-2023-103492
433.568,-65.0352,0.2,US-2023-157924
63.47,19.041,0.0,US-2023-116834
8.92,3.9248,0.0,US-2023-114314
7.64,3.7436,0.0,US-2023-128538
201.432,67.9833,0.2,US-2023-126571
7.31,3.4357,0.0,US-2023-114314
31.92,8.2992,0.0,US-2023-157924
281.904,10.5714,0.2,US-2023-126571
345.0,58.65,0.0,US-2023-116834
14.9,4.172,0.0,US-2023-139451
21.39,6.2031,0.0,US-2023-139451
22.24,2.502,0.2,US-2023-154655
245.98,27.0578,0.0,US-2023-164742
1298.55,311.652,0.0,US-2023-151995
213.92,62.0368,0.0,US-2023-151995
11.52,3.2256,0.0,US-2023-151995
15.18,7.1346,0.0,US-2023-132010
7.752,2.8101,0.2,US-2023-123316
18.94,9.47,0.0,US-2023-164742
36.4,17.472,0.0,US-2023-132010
315.2,6.304,0.0,US-2023-132010
25.78,2.578,0.0,US-2023-151995
22.96,4.3624,0.0,US-2023-132010
1628.82,260.6112,0.0,US-2023-151330
3.16,-8.532,0.8,US-2023-163748
2.946,-4.8609,0.8,US-2023-151015
22.92,11.0016,0.0,US-2023-146353
19.136,6.9368,0.2,US-2023-151015
322.192,100.685,0.2,US-2023-151015
79.45,22.246,0.0,US-2023-151330
269.9,16.194,0.0,US-2023-146353
177.0,30.09,0.0,US-2023-151330
1999.96,624.9875,0.2,US-2023-163748
183.372,-7.8588,0.3,US-2023-122021
15.384,4.0383,0.2,US-2023-143182
7.968,2.8884,0.2,US-2023-122021
14.352,5.0232,0.2,US-2023-109456
179.97,86.3856,0.0,US-2023-109456
5.312,-1.5936,0.6,US-2023-103086
10.78,-17.248,0.8,US-2023-124394
119.976,-17.9964,0.2,US-2023-124394
545.88,70.9644,0.0,US-2023-110408
605.34,145.2816,0.0,US-2023-115084
1.344,0.4704,0.2,US-2023-143168
52.512,19.692,0.2,US-2023-138450
61.96,27.882,0.0,US-2023-143168
10.048,3.14,0.2,US-2023-138450
275.97,11.0388,0.0,US-2023-110408
186.912,-35.046,0.2,US-2023-138450
1394.95,362.687,0.0,US-2023-110408
2.992,1.122,0.2,US-2023-155264
20.064,7.0224,0.2,US-2023-155264
18.75,9.0,0.0,US-2023-155264
146.73,68.9631,0.0,US-2023-155264
13.44,6.5856,0.0,US-2023-117317
117.576,11.7576,0.2,US-2023-155264
321.552,20.097,0.2,US-2023-100867
117.576,11.7576,0.2,CA-2023-125388
56.56,14.71,0.0,CA-2023-125388
32.7,8.5,0.0,CA-2023-100867
328.59,-147.8655,0.4,US-2023-169684
8.682,-14.7594,0.8,US-2023-137092
24.424,7.9378,0.2,US-2023-137092
3.808,1.2376,0.2,US-2023-137092
98.352,-24.588,0.2,US-2023-169684
211.96,8.4784,0.0,US-2023-146703
505.32,31.5825,0.2,US-2023-137092
319.968,71.9928,0.2,US-2023-137092
409.59,-122.877,0.4,US-2023-142587
591.32,112.3508,0.0,US-2023-100916
121.792,13.7016,0.2,US-2023-142587
2.84,0.8804,0.0,US-2023-100916
36.36,12.2715,0.2,US-2023-169852
194.7,9.735,0.0,US-2023-100916
129.92,10.3936,0.0,US-2023-151967
93.888,12.9096,0.2,US-2023-110072
34.272,11.1384,0.2,US-2023-130729
11.85,3.792,0.0,US-2023-113047
10.368,3.6288,0.2,US-2023-108707
13.698,-9.5886,0.7,US-2023-139542
49.408,18.528,0.2,US-2023-158400
40.776,0.5097,0.2,US-2023-139542
63.92,3.196,0.0,US-2023-162278
383.96,38.396,0.2,US-2023-162278
11.952,4.0338,0.2,US-2023-148285
10.368,3.6288,0.2,US-2023-148285
616.998,-36.294,0.15,US-2023-101931
7.184,2.245,0.2,US-2023-101931
141.4,38.178,0.0,US-2023-101931
480.74,14.4222,0.0,US-2023-101931
6.28,0.0628,0.0,US-2023-101931
257.98,74.8142,0.0,US-2023-107769
75.88,35.6636,0.0,US-2023-166590
1.98,0.891,0.0,US-2023-166590
2735.952,341.994,0.2,US-2023-154627
1604.9,481.47,0.0,US-2023-145387
146.352,-9.147,0.2,US-2023-106439
17.67,7.7748,0.0,US-2023-145387
14.76,4.2804,0.0,US-2023-145387
385.686,-60.6078,0.3,US-2023-145387
1421.664,-734.5264,0.4,US-2023-108609
12.39,3.717,0.0,US-2023-106439
49.25,18.715,0.0,US-2023-145387
15.968,5.3892,0.2,US-2023-106439
34.08,15.6768,0.0,US-2023-145387
19.296,6.03,0.2,US-2023-106439
11.34,5.2164,0.0,US-2023-106439
64.74,30.4278,0.0,US-2023-106439
10.16,4.7752,0.0,US-2023-145387
405.64,12.1692,0.0,US-2023-106439
80.3,20.878,0.0,US-2023-106439
251.91,47.8629,0.0,US-2023-106439
742.336,83.5128,0.2,US-2023-167262
73.584,8.2782,0.2,US-2023-120313
68.704,16.3172,0.2,US-2023-114195
31.68,9.8208,0.0,US-2023-137155
533.94,154.8426,0.0,US-2023-137155
76.12,22.0748,0.0,US-2023-139423
10.272,0.8988,0.2,US-2023-102673
43.176,4.3176,0.2,US-2023-134313
5.64,1.6356,0.0,US-2023-152562
3.132,-2.61,0.7,US-2023-114195
22.428,-17.9424,0.7,US-2023-114195
7.52,1.41,0.2,US-2023-102673
47.808,15.5376,0.2,US-2023-102673
44.4,22.2,0.0,US-2023-168305
15.696,5.1012,0.2,US-2023-126907
167.94,82.2906,0.0,US-2023-137155
21.4,9.63,0.0,US-2023-168305
69.52,19.4656,0.0,US-2023-152562
443.92,-94.333,0.2,US-2023-148915
155.976,54.5916,0.2,US-2023-148915
1983.968,247.996,0.2,US-2023-134313
978.84,110.1195,0.2,US-2023-102673
89.34,24.1218,0.0,US-2023-107454
19.242,-13.4694,0.7,US-2023-129147
34.86,16.0356,0.0,US-2023-107454
362.92,105.2468,0.0,US-2023-115889
41.94,15.0984,0.0,US-2023-134726
799.92,239.976,0.2,US-2023-120670
539.964,-107.9928,0.4,US-2023-129147
50.232,-10.0464,0.4,US-2023-129147
46.384,5.2182,0.2,US-2023-115889
52.792,4.6193,0.2,US-2023-134726
88.776,7.7679,0.2,US-2023-148782
410.352,-51.294,0.2,US-2023-165764
945.036,-299.2614,0.4,US-2023-165764
6.72,3.36,0.0,US-2023-153619
5.76,2.8224,0.0,US-2023-119529
48.896,18.336,0.2,US-2023-121573
14.301,-10.4874,0.7,US-2023-165764
7.856,2.8478,0.2,US-2023-121573
3.488,1.1772,0.2,US-2023-146731
143.856,48.5514,0.2,US-2023-146731
25.984,-1.624,0.2,US-2023-165764
286.344,-64.4274,0.2,US-2023-137589
11.64,3.3756,0.0,US-2023-155593
89.97,18.8937,0.0,US-2023-124625
783.96,219.5088,0.0,US-2023-121573
135.882,24.1568,0.1,US-2023-164973
35.34,13.4292,0.0,US-2023-149244
573.728,-64.5444,0.2,US-2023-125829
58.24,5.096,0.2,US-2023-121286
2.94,0.7938,0.0,US-2023-134187
52.064,18.8732,0.2,US-2023-132227
21.936,8.226,0.2,US-2023-125829
8.376,2.7222,0.2,US-2023-121286
19.44,9.3312,0.0,US-2023-125829
43.57,13.071,0.0,US-2023-164973
360.0,129.6,0.0,US-2023-164973
3991.98,1995.99,0.0,US-2023-164973
447.968,139.99,0.2,US-2023-125829
666.344,66.6344,0.2,US-2023-125829
275.94,80.0226,0.0,US-2023-164973
149.9,40.473,0.0,US-2023-114377
20.04,8.8176,0.0,US-2023-109134
273.568,-34.196,0.2,US-2023-114251
13.194,-8.796,0.7,US-2023-114251
1080.096,-94.5084,0.2,US-2023-114251
51.56,-6.445,0.2,US-2023-114251
47.79,16.2486,0.0,US-2023-133634
58.416,16.7946,0.2,US-2023-114251
43.68,20.9664,0.0,US-2023-120950
683.144,0.0,0.3,US-2023-159310
245.88,68.8464,0.0,US-2023-120278
120.768,9.0576,0.2,US-2023-139640
1.476,-2.214,0.8,US-2023-159310
26.046,-44.2782,0.8,US-2023-123498
123.144,46.179,0.2,US-2023-123323
12.39,5.8233,0.0,US-2023-120278
74.352,26.9526,0.2,US-2023-123498
5.92,2.8416,0.0,US-2023-146990
30.18,13.8828,0.0,US-2023-146990
25.92,9.072,0.2,US-2023-139640
22.58,5.8708,0.0,US-2023-120278
36.63,9.8901,0.0,US-2023-120278
40.712,3.5623,0.2,US-2023-159310
333.576,25.0182,0.2,US-2023-126340
222.666,10.4784,0.15,US-2023-144666
56.52,21.4776,0.0,US-2023-103219
62.65,28.819,0.0,US-2023-144666
94.85,45.528,0.0,US-2023-144666
92.52,24.9804,0.0,US-2023-144666
340.92,3.4092,0.0,US-2023-144666
703.968,87.996,0.2,US-2023-144666
563.94,112.788,0.0,US-2023-121006
39.88,11.1664,0.0,US-2023-158372
53.2,14.896,0.0,US-2023-158372
3.9,1.521,0.0,US-2023-121006
39.84,18.3264,0.0,US-2023-158372
12.84,5.778,0.0,US-2023-121006
62.24,28.008,0.0,US-2023-158372
15.84,7.128,0.0,US-2023-121006
535.41,160.623,0.0,US-2023-121006
62.94,11.9586,0.0,US-2023-121006
10.99,4.2861,0.0,US-2023-158372
601.536,60.1536,0.2,US-2023-158372
521.96,-250.5408,0.5,US-2023-155796
603.92,75.49,0.2,US-2023-163419
112.648,11.2648,0.2,US-2023-105270
797.944,-56.996,0.3,US-2023-140914
10.984,-7.9634,0.6,US-2023-140914
23.968,7.7896,0.2,US-2023-155796
7.78,2.0228,0.0,US-2023-140732
22.98,6.894,0.0,US-2023-128524
3.392,0.8056,0.2,US-2023-163419
30.48,7.9248,0.0,US-2023-105270
67.56,6.756,0.2,US-2023-165309
1.234,-1.9744,0.8,US-2023-165309
896.99,-1480.0335,0.8,US-2023-165309
2033.584,762.594,0.2,US-2023-128524
262.336,95.0968,0.2,US-2023-165309
46.35,21.7845,0.0,US-2023-143287
123.92,55.764,0.0,US-2023-140732
21.72,7.8735,0.2,US-2023-165309
223.92,109.7208,0.0,US-2023-143287
665.88,13.3176,0.0,US-2023-105893
7.3,2.19,0.0,US-2023-143287
102.13,15.3195,0.0,US-2023-128524
559.984,55.9984,0.2,US-2023-163419
575.928,57.5928,0.2,US-2023-140732
148.48,16.704,0.2,US-2023-165309
241.176,15.0735,0.2,US-2023-165309
67.9932,-12.9987,0.32,US-2023-159618
25.128,-6.9102,0.6,US-2023-122609
629.064,31.4532,0.2,US-2023-151295
2.672,0.334,0.2,US-2023-159618
7.872,0.8856,0.2,US-2023-164910
11.96,5.8604,0.0,US-2023-151295
36.288,12.7008,0.2,US-2023-159618
49.632,4.9632,0.2,US-2023-151078
16.656,-3.123,0.2,US-2023-159618
127.984,25.5968,0.2,US-2023-122609
79.512,20.8719,0.2,US-2023-159618
69.264,14.6224,0.1,US-2023-166989
11.52,5.6448,0.0,US-2023-162362
12.72,6.36,0.0,US-2023-162362
43.8,21.024,0.0,US-2023-125556
32.4,15.552,0.0,US-2023-161634
11.36,5.2256,0.0,US-2023-166989
20.736,7.2576,0.2,US-2023-151554
832.93,233.2204,0.0,US-2023-125556
10.11,3.2352,0.0,US-2023-127558
333.056,29.1424,0.2,US-2023-116407
4.224,0.4752,0.2,US-2023-116407
604.656,204.0714,0.2,US-2023-128888
24.896,7.78,0.2,US-2023-116407
10.95,3.285,0.0,US-2023-128622
20.46,5.3196,0.0,US-2023-127558
772.47,146.7693,0.0,US-2023-127558
305.9745,25.1979,0.15,US-2023-119144
37.296,-1.0656,0.3,US-2023-139500
29.12,14.2688,0.0,US-2023-147704
78.35,36.8245,0.0,US-2023-147704
5.22,2.4012,0.0,US-2023-160066
31.68,14.256,0.0,US-2023-147704
169.45,42.3625,0.0,US-2023-147704
344.91,10.3473,0.0,US-2023-119144
273.96,10.9584,0.0,US-2023-149643
79.968,-17.9928,0.2,US-2023-119144
4007.84,-50.098,0.2,US-2023-128209
479.9,81.583,0.0,US-2023-145926
657.93,-93.99,0.3,US-2023-159835
124.41,14.9292,0.0,US-2023-119375
241.44,72.432,0.0,US-2023-140662
57.75,26.565,0.0,US-2023-119375
2152.776,726.5619,0.2,US-2023-128209
7.08,2.478,0.2,US-2023-130869
12.448,3.89,0.2,US-2023-159835
733.95,352.296,0.0,US-2023-140662
34.44,17.22,0.0,US-2023-101833
2934.33,792.2691,0.0,US-2023-119375
99.98,7.9984,0.0,US-2023-140662
424.116,-30.294,0.3,US-2023-163468
392.94,43.2234,0.0,US-2023-161032
60.312,5.2773,0.2,US-2023-159926
8.544,-7.476,0.6,US-2023-163468
137.54,55.016,0.0,US-2023-124702
145.98,-99.2664,0.5,US-2023-164210
292.1,-175.26,0.5,US-2023-163468
730.2,94.926,0.0,US-2023-124702
14.48,-23.892,0.8,US-2023-115336
11.808,-8.6592,0.7,US-2023-133809
50.997,-40.7976,0.7,US-2023-159926
1.944,-1.4256,0.7,US-2023-159926
2.892,-4.9164,0.8,US-2023-163468
35.808,12.5328,0.2,US-2023-164210
21.98,9.891,0.0,US-2023-104829
381.72,-66.801,0.2,US-2023-163468
67.15,16.7875,0.0,US-2023-141173
76.792,-16.3183,0.2,US-2023-159926
539.964,-107.9928,0.4,US-2023-159926
9.588,-2.0774,0.4,US-2023-133809
1025.88,235.9524,0.0,US-2023-123183
213.08,102.2784,0.0,US-2023-123183
9.96,4.5816,0.0,US-2023-123183
22.5,10.8,0.0,US-2023-123183
166.44,79.8912,0.0,US-2023-100972
5.88,1.9845,0.2,US-2023-128062
221.16,57.5016,0.0,US-2023-150518
29.0,7.25,0.0,US-2023-158274
47.496,-1.1874,0.2,US-2023-149034
281.97,78.9516,0.0,US-2023-150518
4548.81,1228.1787,0.0,US-2023-144624
503.96,131.0296,0.0,US-2023-158274
149.95,41.986,0.0,US-2023-158274
12.96,4.536,0.2,US-2023-140396
34.74,17.37,0.0,US-2023-140396
25.92,12.4416,0.0,US-2023-140396
833.94,216.8244,0.0,US-2023-140396
5.46,1.4742,0.0,US-2023-102274
1.632,0.5508,0.2,US-2023-168501
6.58,3.0268,0.0,US-2023-154781
12.96,6.2208,0.0,US-2023-103401
629.1,301.968,0.0,US-2023-102274
193.95,9.6975,0.0,US-2023-102274
94.99,28.497,0.0,US-2023-154781
36.99,9.9873,0.0,US-2023-102274
267.96,16.7475,0.2,US-2023-168501
675.12,290.3016,0.0,US-2023-129091
319.9,156.751,0.0,US-2023-129091
6.928,-11.0848,0.8,US-2023-105340
9.98,-16.467,0.8,US-2023-112200
11.36,5.3392,0.0,US-2023-129091
16.23,7.9527,0.0,US-2023-129091
9.96,4.8804,0.0,US-2023-125682
53.82,24.219,0.0,US-2023-135090
381.44,23.84,0.2,US-2023-157385
603.92,-67.941,0.2,US-2023-157385
155.372,-35.5136,0.3,US-2023-143721
6.368,-2.5472,0.6,US-2023-120544
34.176,-87.1488,0.8,US-2023-120544
14.67,6.7482,0.0,US-2023-139283
23.472,8.802,0.2,US-2023-159625
62.808,21.1977,0.2,US-2023-149055
21.84,10.4832,0.0,US-2023-157385
23.68,8.88,0.2,US-2023-110352
29.99,6.2979,0.0,US-2023-157385
5.544,1.6632,0.2,US-2023-120544
611.058,-34.9176,0.3,US-2023-105984
120.712,-18.1068,0.2,US-2023-102295
151.72,27.3096,0.0,US-2023-158540
111.15,48.906,0.0,US-2023-122217
35.168,9.6712,0.2,US-2023-153850
151.92,45.576,0.0,US-2023-100762
2.624,0.4264,0.2,US-2023-115973
5.742,-4.5936,0.7,US-2023-111360
12.096,4.2336,0.2,US-2023-127131
196.62,96.3438,0.0,US-2023-100762
25.92,12.4416,0.0,US-2023-127131
144.12,69.1776,0.0,US-2023-100762
15.96,7.98,0.0,US-2023-100762
197.58,53.3466,0.0,US-2023-127131
646.2,-8.0775,0.2,US-2023-163034
485.88,9.7176,0.0,US-2023-127131
111.79,43.5981,0.0,US-2023-167360
1049.97,-209.994,0.4,US-2023-105984
1502.376,-250.396,0.4,US-2023-153850
99.12,35.4144,0.0,CA-2023-153623
99.12,35.4144,0.0,CA-2023-153623
275.952,-37.9434,0.2,US-2023-119151
725.344,54.4008,0.2,US-2023-144078
6.096,-3.9624,0.6,US-2023-127446
52.96,20.1248,0.0,US-2023-122588
23.88,10.5072,0.0,US-2023-164721
1218.735,-121.8735,0.3,US-2023-127446
320.88,93.0552,0.0,US-2023-164721
51.016,8.2901,0.2,US-2023-107993
7.44,2.604,0.0,US-2023-144078
5.904,1.9926,0.2,US-2023-127446
2.52,0.882,0.2,US-2023-127446
26.76,12.3096,0.0,US-2023-164721
15.696,5.1012,0.2,US-2023-127446
1117.92,55.896,0.0,US-2023-119151
24.672,0.0,0.2,US-2023-127446
539.92,47.243,0.2,US-2023-144078
19.3,-14.475,0.6,US-2023-147606
40.54,11.3512,0.0,US-2023-141110
17.088,5.7672,0.2,US-2023-124730
12.912,4.6806,0.2,US-2023-124730
7.312,2.5592,0.2,US-2023-141110
4.32,1.512,0.2,US-2023-141110
93.15,44.712,0.0,US-2023-124730
11.52,5.6448,0.0,US-2023-124730
81.98,40.1702,0.0,US-2023-147648
15.552,5.4432,0.2,US-2023-168984
14.94,7.0218,0.0,US-2023-141110
669.08,-167.27,0.2,US-2023-168984
438.336,-87.6672,0.2,US-2023-168984
279.96,78.3888,0.0,US-2023-124730
199.9,39.98,0.0,US-2023-167486
3.76,1.316,0.0,US-2023-119032
411.332,-4.8392,0.15,US-2023-105249
397.6,43.736,0.0,US-2023-101560
43.68,11.7936,0.0,US-2023-159800
14.67,3.9609,0.0,US-2023-163013
13.12,4.3296,0.0,US-2023-101560
45.66,22.3734,0.0,US-2023-101560
17.248,6.0368,0.2,US-2023-121167
64.02,29.4492,0.0,US-2023-120175
41.4,19.872,0.0,US-2023-105249
85.96,40.4012,0.0,US-2023-101560
7.36,0.1472,0.0,US-2023-105249
139.93,34.9825,0.0,US-2023-159800
998.85,-199.77,0.4,US-2023-121629
12.624,3.945,0.2,US-2023-134712
30.4,15.2,0.0,US-2023-153983
5.04,1.764,0.2,US-2023-136280
25.06,11.7782,0.0,US-2023-111353
575.92,71.99,0.2,US-2023-153983
6.642,-4.428,0.7,US-2023-148425
62.28,29.2716,0.0,US-2023-103590
47.992,3.5994,0.2,US-2023-146843
102.24,-16.614,0.2,US-2023-146843
909.72,-51.984,0.3,US-2023-150798
2807.84,673.8816,0.0,US-2023-120474
674.058,-19.2588,0.3,US-2023-161613
8.128,1.4224,0.2,US-2023-150798
58.2,28.518,0.0,US-2023-131051
9.82,3.2406,0.0,US-2023-143210
45.84,15.5856,0.0,US-2023-143210
46.64,12.5928,0.0,US-2023-120474
36.288,12.7008,0.2,US-2023-150798
659.988,109.998,0.4,US-2023-150798
95.968,9.5968,0.2,US-2023-131527
271.9,78.851,0.0,US-2023-143210
883.92,-110.49,0.2,US-2023-112158
239.84,64.7568,0.0,US-2023-154095
58.36,-24.803,0.6,US-2023-117744
39.96,-23.976,0.6,US-2023-117744
60.72,23.6808,0.0,US-2023-154095
2.394,-6.3441,0.8,US-2023-101147
16.464,1.4406,0.2,US-2023-117744
46.72,15.768,0.2,US-2023-112158
15.66,7.2036,0.0,US-2023-154095
15.24,7.1628,0.0,US-2023-103807
146.82,73.41,0.0,US-2023-154095
5.95,0.833,0.0,US-2023-103807
119.8,29.95,0.2,US-2023-132864
119.96,52.7824,0.0,US-2023-112158
58.36,-24.803,0.6,CA-2023-123664
39.96,-20.976,0.6,CA-2023-117964
16.464,2.4406,0.2,CA-2023-117964
25.92,12.4416,0.0,US-2023-164861
479.96,134.3888,0.0,US-2023-122749
129.98,62.3904,0.0,US-2023-127187
25.08,9.03,0.0,CA-2023-119508
16.9,6.25,0.0,CA-2023-119508
250.26,72.5754,0.0,US-2023-150203
1113.024,111.3024,0.2,US-2023-106376
26.46,11.907,0.0,US-2023-133830
29.94,-23.952,0.7,US-2023-151162
348.488,117.6147,0.2,US-2023-125542
15.0,7.2,0.0,US-2023-133830
98.376,35.6613,0.2,US-2023-151162
49.12,23.0864,0.0,US-2023-133830
17.472,5.6784,0.2,US-2023-151162
172.736,-30.2288,0.2,US-2023-125542
24.56,6.8768,0.0,US-2023-138296
24.816,1.8612,0.2,US-2023-166191
408.744,76.6395,0.2,US-2023-166191
179.94,-44.985,0.4,US-2023-151162
36.738,-9.1845,0.4,US-2023-151162
167.968,62.988,0.2,US-2023-106376
10.776,-4.8492,0.6,US-2023-140452
23.976,-14.3856,0.6,US-2023-110030
275.49,-170.8038,0.5,US-2023-112872
214.95,-120.372,0.5,US-2023-140452
14.016,-31.536,0.8,US-2023-140452
4.6,-8.05,0.8,US-2023-140452
42.208,13.7176,0.2,US-2023-155390
1261.33,327.9458,0.0,US-2023-106726
53.424,4.6746,0.2,US-2023-112872
35.168,-8.3524,0.2,US-2023-140452
35.04,-7.008,0.2,US-2023-140452
8.64,2.4192,0.0,US-2023-138737
164.88,80.7912,0.0,US-2023-154592
105.52,48.5392,0.0,US-2023-159681
269.36,70.0336,0.0,US-2023-101392
603.92,45.294,0.2,US-2023-135608
39.88,11.1664,0.0,US-2023-144071
79.44,28.5984,0.0,US-2023-144071
6.456,-4.5192,0.7,US-2023-129364
27.888,9.0636,0.2,US-2023-129364
11.52,3.744,0.2,US-2023-129364
10.368,3.6288,0.2,US-2023-129364
45.68,21.0128,0.0,US-2023-135608
60.416,6.0416,0.2,US-2023-104773
39.072,2.9304,0.2,US-2023-129364
13.88,-2.6025,0.2,US-2023-129364
103.92,-18.186,0.2,US-2023-129364
52.68,19.755,0.2,US-2023-129364
20.388,-53.0088,0.8,US-2023-169649
30.672,9.585,0.2,US-2023-138128
8.448,2.9568,0.2,US-2023-169649
10.688,3.7408,0.2,US-2023-109932
34.68,16.9932,0.0,US-2023-104976
237.096,20.7459,0.2,US-2023-109932
100.704,-1.2588,0.2,US-2023-101175
1079.976,125.9972,0.4,US-2023-138128
338.352,4.2294,0.2,US-2023-112991
106.344,37.2204,0.2,US-2023-148488
25.92,12.4416,0.0,US-2023-112991
91.36,42.0256,0.0,US-2023-112991
11.36,5.2256,0.0,US-2023-148488
254.9745,11.9988,0.15,US-2023-168494
9.24,4.4352,0.0,US-2023-113320
43.31,4.331,0.0,US-2023-141607
12.54,4.5144,0.0,US-2023-113320
3610.848,135.4068,0.2,US-2023-168494
764.688,95.586,0.2,US-2023-168494
210.392,-336.6272,0.8,US-2023-122959
23.472,7.6284,0.2,US-2023-107573
8.94,0.6258,0.0,US-2023-113320
87.96,7.6965,0.2,US-2023-124079
94.428,-42.4926,0.6,US-2023-102631
5.214,-4.1712,0.7,US-2023-124079
12.39,5.8233,0.0,US-2023-129819
90.24,41.5104,0.0,US-2023-113579
2.92,0.365,0.2,US-2023-154186
186.304,13.9728,0.2,US-2023-116568
136.53,-52.3365,0.4,US-2023-123519
2.624,0.2952,0.2,US-2023-123519
5.104,-8.6768,0.8,US-2023-148950
9.264,-13.896,0.8,US-2023-130575
2.896,0.4706,0.2,US-2023-148950
35.016,-2.1885,0.2,US-2023-148950
263.96,42.8935,0.2,US-2023-123519
6999.96,2239.9872,0.0,US-2023-145541
526.58,-52.66,0.3,CA-2023-151799
17.28,8.12,0.0,CA-2023-151799
73.85,2.22,0.0,CA-2023-151799
25.71,6.68,0.0,CA-2023-151799
1199.98,467.99,0.0,CA-2023-151799
445.802,-108.2662,0.3,US-2023-129938
763.28,-21.808,0.3,US-2023-101602
8.544,-7.476,0.6,US-2023-119466
6.16,1.9712,0.0,US-2023-116673
40.68,-9.153,0.2,US-2023-101602
1013.832,101.3832,0.2,US-2023-153913
1403.92,70.196,0.2,US-2023-124247
241.568,18.1176,0.2,US-2023-136399
8.624,-2.5872,0.6,US-2023-113257
56.568,-74.9526,0.6,US-2023-108273
29.46,9.7218,0.0,US-2023-100706
44.46,14.6718,0.0,US-2023-136399
1.167,-0.8558,0.7,US-2023-112718
1.984,0.6696,0.2,US-2023-153913
36.288,12.7008,0.2,US-2023-108273
114.2,52.532,0.0,US-2023-151379
395.0,39.5,0.0,US-2023-136399
99.98,7.9984,0.0,US-2023-100706
319.968,95.9904,0.2,US-2023-113257
627.168,70.5564,0.2,US-2023-136399
40.05,11.214,0.0,US-2023-123925
5.484,-4.0216,0.7,US-2023-139633
1819.86,163.7874,0.0,US-2023-120768
4.812,-3.6892,0.7,US-2023-150574
152.76,74.8524,0.0,US-2023-120768
22.55,8.7945,0.0,US-2023-162992
14.62,6.8714,0.0,US-2023-162992
15.552,5.4432,0.2,US-2023-169446
32.592,-7.7406,0.2,US-2023-169446
7.27,1.9629,0.0,US-2023-120768
247.8,-18.585,0.2,US-2023-150574
583.8,72.975,0.2,US-2023-162992
211.168,15.8376,0.2,US-2023-162992
323.976,36.4473,0.2,US-2023-169446
662.88,74.574,0.2,US-2023-134551
242.352,-42.4116,0.2,US-2023-138681
192.186,36.3018,0.1,US-2023-163412
51.968,10.3936,0.2,US-2023-138681
190.848,-21.4704,0.2,US-2023-160157
455.1,100.122,0.0,US-2023-136567
2244.48,493.7856,0.0,US-2023-136567
19.432,-49.5516,0.8,US-2023-120852
43.512,3.8073,0.2,US-2023-134551
47.3,12.298,0.0,US-2023-156594
4.13,1.1564,0.0,US-2023-156594
155.12,50.414,0.2,US-2023-156594
62.31,29.2857,0.0,US-2023-136567
1103.97,496.7865,0.0,US-2023-103100
487.984,152.495,0.2,US-2023-156594
31.05,14.904,0.0,US-2023-109036
3.69,1.7343,0.0,US-2023-103100
221.92,77.672,0.2,US-2023-138681
25.92,9.072,0.2,US-2023-134551
8.448,2.64,0.2,US-2023-138681
122.48,0.0,0.0,US-2023-136567
447.944,89.5888,0.2,US-2023-140816
71.976,21.5928,0.2,US-2023-138681
65.44,-8.18,0.2,US-2023-120852
94.2,39.56,0.0,CA-2023-126634
572.16,35.76,0.2,US-2023-154893
1325.76,149.148,0.2,US-2023-154893
18.24,-14.592,0.7,US-2023-134621
17.28,7.9488,0.0,US-2023-109127
11.76,3.1752,0.0,US-2023-133543
17.904,-31.332,0.8,US-2023-142510
296.712,100.1403,0.2,US-2023-101364
124.032,44.9616,0.2,US-2023-142510
132.16,9.912,0.2,US-2023-142510
216.4,56.264,0.0,US-2023-146864
64.784,6.4784,0.2,US-2023-154158
53.316,-19.5492,0.4,US-2023-114517
207.24,58.0272,0.0,US-2023-142314
56.52,15.8256,0.0,US-2023-114517
1.344,0.504,0.2,US-2023-154158
5.184,1.8144,0.2,US-2023-126333
45.528,15.9348,0.2,US-2023-154158
424.272,-10.6068,0.2,US-2023-154158
83.92,-1.049,0.2,US-2023-154158
292.272,18.267,0.2,US-2023-167738
23.99,5.5177,0.0,US-2023-138247
30.36,8.7285,0.2,US-2023-156314
361.96,101.3488,0.0,US-2023-138247
13.97,3.6322,0.0,US-2023-132913
9.568,3.4684,0.2,US-2023-113166
20.34,0.2034,0.0,US-2023-138247
142.86,41.4294,0.0,US-2023-167738
62.85,13.1985,0.0,US-2023-138247
173.656,17.3656,0.2,US-2023-138247
818.376,51.1485,0.2,US-2023-138247
230.352,20.1558,0.2,US-2023-111451
600.558,-8.5794,0.3,US-2023-152030
3.48,1.1136,0.0,US-2023-106264
218.352,-24.5646,0.2,US-2023-111451
300.416,78.8592,0.2,US-2023-111451
34.656,5.6316,0.2,US-2023-139598
81.552,8.1552,0.2,US-2023-139598
8.016,1.1022,0.2,US-2023-101427
8.69,-14.773,0.8,US-2023-111171
78.6,-62.88,0.7,US-2023-111451
27.552,9.2988,0.2,US-2023-111451
18.264,6.1641,0.2,US-2023-139598
191.88,19.188,0.0,US-2023-168473
227.136,-42.588,0.2,US-2023-139598
11.91,0.1191,0.0,US-2023-106264
767.214,161.9674,0.1,US-2023-163447
230.28,23.028,0.2,US-2023-106334
32.952,-19.7712,0.6,US-2023-162866
182.352,-18.2352,0.2,US-2023-159611
10.98,2.9646,0.0,US-2023-166961
4.984,-8.4728,0.8,US-2023-165393
37.056,13.896,0.2,US-2023-166961
946.764,-694.2936,0.7,US-2023-148383
7.86,3.6156,0.0,US-2023-166961
11.56,5.4332,0.0,US-2023-120243
23.92,11.7208,0.0,US-2023-153087
12.84,5.778,0.0,US-2023-106334
30.016,3.0016,0.2,US-2023-162866
118.16,-25.109,0.2,US-2023-159611
51.45,13.8915,0.0,US-2023-166961
498.0,184.26,0.0,US-2023-153087
1737.18,503.7822,0.0,US-2023-141313
99.136,8.6744,0.2,US-2023-164259
141.76,66.6272,0.0,US-2023-141313
704.25,84.51,0.0,US-2023-141313
998.82,29.9646,0.0,US-2023-143371
51.15,13.299,0.0,US-2023-143371
38.976,-50.6688,0.6,US-2023-126802
24.9,8.217,0.0,US-2023-110786
70.56,23.9904,0.0,US-2023-110786
8.736,-4.8048,0.6,US-2023-118276
48.36,6.045,0.2,US-2023-165477
14.352,4.6644,0.2,US-2023-110786
274.77,126.3942,0.0,US-2023-110786
88.8,44.4,0.0,US-2023-102330
21.12,9.504,0.0,US-2023-110786
24.56,6.8768,0.0,US-2023-106803
33.29,7.9896,0.0,US-2023-152345
119.8,47.92,0.0,US-2023-106803
767.952,287.982,0.2,US-2023-110786
319.968,35.9964,0.2,US-2023-102330
191.976,19.1976,0.2,US-2023-110786
23.976,-5.6943,0.2,US-2023-152345
19.6,9.604,0.0,CA-2023-146626
101.12,37.4144,0.0,CA-2023-123625
68.46,20.538,0.0,CA-2023-141531
68.46,20.538,0.0,CA-2023-123625
68.46,20.538,0.0,CA-2023-123625
19.6,9.604,0.0,CA-2023-141531
19.6,9.604,0.0,CA-2023-123625
523.764,-192.0468,0.4,US-2023-115189
122.94,30.735,0.0,US-2023-131800
9.84,2.8536,0.0,US-2023-130960
2.286,-3.6576,0.8,US-2023-104738
35.448,12.8499,0.2,US-2023-131800
551.985,-459.9875,0.7,US-2023-169789
12.984,4.7067,0.2,US-2023-104738
39.128,-8.8038,0.2,US-2023-166730
47.984,14.3952,0.2,US-2023-104738
27.968,6.992,0.2,US-2023-138072
328.776,28.7679,0.2,US-2023-104738
251.964,-50.3928,0.4,US-2023-115189
217.584,19.0386,0.2,US-2023-104738
3.024,-0.6048,0.2,CA-2023-143500
341.96,78.6508,0.0,US-2023-133592
1573.488,196.686,0.2,US-2023-150245
605.88,151.47,0.0,US-2023-133592
63.2,23.384,0.0,US-2023-143231
29.68,11.5752,0.0,US-2023-111150
49.568,17.9684,0.2,US-2023-127383
18.9,8.694,0.0,US-2023-157644
14.94,7.0218,0.0,US-2023-133592
195.64,91.9508,0.0,US-2023-133592
47.53,16.1602,0.0,US-2023-111150
113.97,27.3528,0.0,US-2023-143231
1687.8,742.632,0.0,US-2023-133592
34.77,11.4741,0.0,US-2023-157644
475.944,59.493,0.2,US-2023-133949
452.45,-244.323,0.5,US-2024-146262
9.84,2.6568,0.0,US-2024-104514
23.68,8.88,0.2,US-2024-146262
20.04,9.6192,0.0,US-2024-104514
85.52,22.2352,0.0,US-2024-104514
89.584,4.4792,0.2,US-2024-146262
1188.0,-950.4,0.7,US-2024-146262
62.982,-14.6958,0.4,US-2024-146262
1352.3976,-437.5404,0.32,US-2024-141243
7.056,0.7938,0.2,US-2024-141243
10.368,3.6288,0.2,US-2024-121097
398.4,84.66,0.2,US-2024-141243
192.22,69.1992,0.0,US-2024-104241
32.34,15.5232,0.0,US-2024-149811
39.9,19.95,0.0,US-2024-149811
61.584,-6.9282,0.2,US-2024-154970
87.36,23.5872,0.0,US-2024-158701
59.52,15.4752,0.0,US-2024-108588
56.16,17.55,0.2,US-2024-158701
13.168,4.6088,0.2,US-2024-108588
17.48,8.2156,0.0,US-2024-108588
1.938,-1.3566,0.7,US-2024-149636
29.6,9.25,0.2,US-2024-149636
163.44,45.7632,0.0,US-2024-119480
42.76,11.1176,0.0,US-2024-119480
106.32,49.9704,0.0,US-2024-119480
51.55,24.2285,0.0,US-2024-119480
1018.104,-373.3048,0.4,US-2024-157154
10.368,1.5552,0.2,US-2024-128608
465.18,120.9468,0.0,US-2024-156755
10.384,2.2066,0.2,US-2024-128608
26.376,2.6376,0.4,US-2024-128608
107.118,-21.4236,0.4,US-2024-128608
235.188,-43.1178,0.4,US-2024-128608
77.6,38.024,0.0,US-2024-137526
464.85,92.97,0.0,US-2024-137526
70.008,24.5028,0.2,US-2024-137526
9.82,4.8118,0.0,US-2024-169677
254.744,-312.0614,0.6,US-2024-101399
6.68,2.004,0.0,US-2024-152681
88.96,10.008,0.2,US-2024-151547
6.68,2.004,0.0,CA-2024-152681
199.304,-8.5416,0.3,US-2024-141250
102.438,-13.1706,0.3,US-2024-141250
24.3,10.45,0.0,CA-2024-115238
9.48,3.79,0.0,CA-2024-115238
31.4,13.19,0.0,CA-2024-115238
6.48,3.11,0.0,CA-2024-115238
209.5,58.66,0.0,CA-2024-115238
14.62,6.8714,0.0,US-2024-119214
29.04,13.9392,0.0,US-2024-119214
13.12,2.132,0.2,US-2024-128958
182.72,84.0512,0.0,US-2024-109603
181.986,-54.5958,0.3,US-2024-168746
2803.92,0.0,0.2,US-2024-164777
431.976,-100.7944,0.4,US-2024-168746
155.37,-36.253,0.4,US-2024-168746
4297.644,-1862.3124,0.4,US-2024-116638
227.36,81.8496,0.0,US-2024-121797
14.304,5.0064,0.2,US-2024-145401
1919.976,215.9973,0.2,US-2024-121797
53.34,16.5354,0.0,US-2024-149587
32.96,16.1504,0.0,US-2024-149587
12.96,6.2208,0.0,US-2024-149587
90.882,15.147,0.1,US-2024-127327
28.4,11.076,0.0,US-2024-140921
136.92,41.076,0.0,US-2024-157959
12.144,4.0986,0.2,US-2024-132633
74.52,35.0244,0.0,US-2024-103093
149.97,50.9898,0.0,US-2024-140921
283.92,82.3368,0.0,US-2024-156482
1268.82,266.4522,0.0,US-2024-156482
5.68,1.7608,0.0,US-2024-156482
5.28,1.5312,0.0,US-2024-111507
2.934,-4.9878,0.8,US-2024-137064
29.9,13.455,0.0,US-2024-104038
146.73,2.9346,0.0,US-2024-104038
670.752,-125.766,0.2,US-2024-137064
18.528,4.4004,0.2,US-2024-137064
311.15,146.2405,0.0,US-2024-147529
12.96,6.3504,0.0,US-2024-147529
5.76,1.728,0.0,US-2024-130491
5.81,1.8011,0.0,US-2024-130491
9.54,4.293,0.0,US-2024-130491
107.982,-26.9955,0.4,US-2024-114923
203.92,22.941,0.2,US-2024-146038
40.784,-30.588,0.6,US-2024-135391
40.096,13.5324,0.2,US-2024-135391
20.8,6.5,0.2,US-2024-101007
479.952,89.991,0.2,US-2024-153374
77.24,7.724,0.2,US-2024-101126
14.352,0.897,0.2,US-2024-147662
14.952,-11.9616,0.7,US-2024-147662
2.286,-1.6764,0.7,US-2024-147662
26.424,9.5787,0.2,US-2024-116876
71.976,0.8997,0.2,US-2024-147662
625.99,187.797,0.0,US-2024-116876
323.982,-80.9955,0.4,US-2024-147662
541.44,157.0176,0.0,US-2024-116092
11.52,4.176,0.2,US-2024-116092
41.72,13.0375,0.2,US-2024-116092
19.44,9.3312,0.0,US-2024-116092
13.36,6.4128,0.0,US-2024-116092
139.95,26.5905,0.0,US-2024-154326
699.98,195.9944,0.0,US-2024-154326
134.97,64.7856,0.0,US-2024-154326
87.71,41.2237,0.0,US-2024-121776
36.84,17.3148,0.0,US-2024-121776
35.88,16.146,0.0,US-2024-156923
35.544,-0.8886,0.2,US-2024-105725
9.24,4.4352,0.0,US-2024-111234
61.06,28.0876,0.0,US-2024-105725
286.79,74.5654,0.0,US-2024-152611
29.99,2.999,0.0,US-2024-169740
2541.98,1270.99,0.0,US-2024-162782
49.12,23.0864,0.0,US-2024-129770
79.36,20.6336,0.0,US-2024-132374
26.88,6.72,0.0,US-2024-132276
10.896,3.8136,0.2,US-2024-132276
3.15,1.512,0.0,US-2024-154900
22.72,10.224,0.0,US-2024-154900
493.92,-28.224,0.3,US-2024-104129
16.032,2.2044,0.2,US-2024-111325
4.419,-3.3879,0.7,US-2024-111325
538.92,80.838,0.0,US-2024-138485
105.98,1.0598,0.0,US-2024-104129
389.696,43.8408,0.2,US-2024-145436
161.568,-28.2744,0.2,US-2024-145436
1227.9984,-36.1176,0.32,US-2024-133585
184.752,-20.7846,0.2,US-2024-102316
3.552,0.444,0.2,US-2024-133494
55.328,6.2244,0.2,US-2024-133585
58.72,27.0112,0.0,US-2024-153325
15.984,1.1988,0.2,US-2024-102316
95.84,34.742,0.2,US-2024-104052
787.53,165.3813,0.0,US-2024-110457
10.16,2.6416,0.0,US-2024-105970
101.88,50.94,0.0,US-2024-105970
383.607,63.9345,0.1,US-2024-109512
99.372,-7.098,0.3,US-2024-125185
4.712,-1.8848,0.6,US-2024-140221
33.568,-5.4548,0.2,US-2024-125185
180.98,-470.548,0.8,US-2024-140221
60.69,16.3863,0.0,US-2024-153108
11.212,-16.818,0.8,US-2024-140221
2.556,-1.7892,0.7,US-2024-109001
29.34,14.67,0.0,US-2024-109512
7.104,2.4864,0.2,US-2024-151785
563.4,67.608,0.0,US-2024-109512
60.416,6.0416,0.2,US-2024-140221
10.312,-1.289,0.2,US-2024-109001
31.92,2.394,0.2,US-2024-120320
466.158,-93.2316,0.4,US-2024-109001
23.92,6.6976,0.0,US-2024-153108
435.26,95.7572,0.0,US-2024-142944
1119.984,377.9946,0.2,US-2024-142944
30.44,14.9156,0.0,US-2024-146255
69.28,33.2544,0.0,US-2024-146255
119.85,52.734,0.0,US-2024-146255
587.97,170.5113,0.0,US-2024-146255
512.94,97.4586,0.0,US-2024-105627
860.93,189.4046,0.0,US-2024-105627
373.08,82.0776,0.0,US-2024-105627
3.408,0.8946,0.2,US-2024-107741
14.98,4.494,0.0,US-2024-105627
8.568,-14.5656,0.8,US-2024-132136
19.44,9.3312,0.0,US-2024-160213
769.95,223.2855,0.0,US-2024-105627
4.608,1.6704,0.2,US-2024-110345
113.52,29.799,0.2,US-2024-123155
359.88,22.4925,0.2,US-2024-123155
1.112,-1.8904,0.8,US-2024-146829
89.82,25.1496,0.0,US-2024-118906
6.408,1.4418,0.2,US-2024-128083
30.88,3.86,0.2,US-2024-128083
8.688,2.9322,0.2,US-2024-128083
5.04,1.764,0.2,US-2024-148705
141.96,39.7488,0.0,US-2024-114237
915.136,102.9528,0.2,US-2024-139675
327.76,91.7728,0.0,US-2024-139675
915.136,102.9528,0.2,CA-2024-139675
327.76,91.7728,0.0,CA-2024-139675
671.94,315.8118,0.0,US-2024-163587
16.52,7.5992,0.0,US-2024-163587
19.44,9.3312,0.0,US-2024-167479
16.776,1.6776,0.2,US-2024-155124
43.13,18.1146,0.0,US-2024-144722
171.96,44.7096,0.0,US-2024-112116
2.74,0.7398,0.0,US-2024-145352
17.52,6.3072,0.0,US-2024-150231
8.34,2.1684,0.0,US-2024-145352
6354.95,3177.475,0.0,US-2024-145352
7.38,3.3948,0.0,US-2024-134257
491.55,240.8595,0.0,US-2024-134257
46.74,11.685,0.0,US-2024-145352
85.9,2.577,0.0,US-2024-153906
33.82,9.1314,0.0,US-2024-110632
15.02,2.7036,0.0,US-2024-110632
383.4656,-67.6704,0.32,US-2024-168088
17.568,6.3684,0.2,US-2024-113110
10.9,3.597,0.0,US-2024-149993
14.62,6.8714,0.0,US-2024-113110
65.584,23.7742,0.2,US-2024-168088
14.496,4.8924,0.2,US-2024-143532
11.96,5.8604,0.0,US-2024-163104
40.14,19.6686,0.0,US-2024-113110
209.7,100.656,0.0,US-2024-111829
1247.64,349.3392,0.0,US-2024-111829
33.36,8.6736,0.0,US-2024-113110
3149.93,1480.4671,0.0,US-2024-111829
453.576,39.6879,0.2,US-2024-132101
2.512,-4.396,0.8,US-2024-127607
1087.936,353.5792,0.2,US-2024-159534
49.848,16.8237,0.2,US-2024-159534
23.99,11.995,0.0,US-2024-159534
18.864,6.1308,0.2,US-2024-127607
51.84,24.8832,0.0,US-2024-106565
83.92,20.1408,0.0,US-2024-159534
29.304,2.5641,0.2,US-2024-165813
199.98,53.9946,0.0,US-2024-159534
962.08,156.338,0.2,US-2024-120621
12.843,-9.8463,0.7,US-2024-120621
295.456,96.0232,0.2,US-2024-120621
9.48,3.79,0.0,CA-2024-150547
91.96,15.6332,0.0,US-2024-163279
19.56,5.4768,0.0,US-2024-121552
14.112,-21.168,0.8,US-2024-157812
105.52,48.5392,0.0,US-2024-163279
129.568,-25.9136,0.2,US-2024-157812
150.408,-33.8418,0.2,US-2024-117884
18.392,5.2877,0.2,US-2024-157812
447.944,89.5888,0.2,US-2024-117884
15.984,1.1988,0.2,US-2024-163440
1487.976,185.997,0.2,US-2024-163279
107.772,-29.2524,0.3,US-2024-125374
31.56,14.202,0.0,US-2024-130218
33.36,16.68,0.0,US-2024-138219
192.72,92.5056,0.0,US-2024-107944
27.92,0.5584,0.0,US-2024-130218
239.97,86.3892,0.0,US-2024-107944
359.058,-35.9058,0.3,US-2024-118423
46.9,13.132,0.0,US-2024-145457
6.992,0.5244,0.2,US-2024-112508
3393.68,610.8624,0.0,US-2024-164301
13.11,3.4086,0.0,US-2024-116981
74.352,23.235,0.2,US-2024-103793
40.032,12.51,0.2,US-2024-167374
1085.42,282.2092,0.0,US-2024-116981
16.776,5.0328,0.2,US-2024-167374
83.7,3.348,0.0,US-2024-132948
22.92,11.2308,0.0,US-2024-133536
5.232,1.7004,0.2,US-2024-135363
33.4,16.032,0.0,US-2024-131534
15.552,5.4432,0.2,US-2024-135363
166.24,24.936,0.0,US-2024-131534
1166.92,131.2785,0.2,US-2024-153549
19.92,9.5616,0.0,US-2024-103996
73.28,21.2512,0.0,US-2024-121272
5.56,1.4456,0.0,US-2024-150749
9.87,4.5402,0.0,US-2024-103996
212.64,99.9408,0.0,US-2024-103996
17.64,8.1144,0.0,US-2024-105361
53.25,20.7675,0.0,US-2024-103996
366.744,-110.0232,0.3,US-2024-104871
23.52,8.526,0.2,US-2024-121405
180.96,13.572,0.2,US-2024-121405
22.38,-7.833,0.6,US-2024-128125
98.376,35.6613,0.2,US-2024-128125
79.96,27.986,0.2,US-2024-137106
32.192,-80.48,0.8,US-2024-122140
9.156,-13.734,0.8,US-2024-136378
50.12,-0.6265,0.2,US-2024-122140
47.976,1.7991,0.2,US-2024-122140
71.976,24.2919,0.2,US-2024-159513
87.8,32.925,0.2,US-2024-142811
108.4,22.764,0.0,US-2024-110667
644.076,107.346,0.1,US-2024-112452
11.16,4.3524,0.0,US-2024-110667
82.344,27.7911,0.2,US-2024-110667
12.76,5.8696,0.0,US-2024-112452
9.088,3.2944,0.2,US-2024-110667
5.84,2.628,0.0,US-2024-112452
599.98,209.993,0.0,US-2024-112452
10.95,0.438,0.0,US-2024-112452
352.45,-211.47,0.5,US-2024-167010
892.224,89.2224,0.2,US-2024-161452
7.584,2.37,0.2,US-2024-167010
547.136,-68.392,0.2,US-2024-167010
98.112,18.396,0.2,US-2024-167010
23.84,6.4368,0.0,US-2024-102855
10.428,-6.952,0.7,US-2024-167010
157.794,-115.7156,0.7,US-2024-136476
23.904,7.7688,0.2,US-2024-119942
563.808,21.1428,0.2,US-2024-167010
239.94,26.3934,0.0,US-2024-102855
14.85,-3.2175,0.4,US-2024-167010
41.988,-9.7972,0.4,US-2024-167010
42.048,5.256,0.2,US-2024-124541
9.648,-16.884,0.8,US-2024-124541
6.9,-12.075,0.8,US-2024-124541
47.952,16.1838,0.2,US-2024-100888
7.968,2.8884,0.2,US-2024-124541
25.488,4.4604,0.2,US-2024-124541
463.248,-1181.2824,0.8,US-2024-140025
11.736,1.0269,0.2,US-2024-130554
25.92,12.4416,0.0,US-2024-166492
22.58,5.8708,0.0,US-2024-166492
383.952,47.994,0.2,US-2024-140025
369.912,-13.8717,0.2,US-2024-142027
370.14,144.3546,0.0,US-2024-101000
17.94,3.0498,0.0,US-2024-116512
14.67,6.0147,0.0,US-2024-134201
12.832,4.3308,0.2,US-2024-168767
142.04,38.3508,0.0,US-2024-134201
54.528,14.3136,0.2,US-2024-125563
67.36,10.104,0.2,US-2024-125563
406.6,113.848,0.0,US-2024-111164
52.76,24.2696,0.0,US-2024-136987
85.14,34.9074,0.0,US-2024-111164
639.968,215.9892,0.2,US-2024-136987
21.99,10.5552,0.0,US-2024-111164
40.74,0.4074,0.0,US-2024-145415
37.68,15.8256,0.0,US-2024-120502
609.98,-113.282,0.3,US-2024-168704
241.568,-15.098,0.2,US-2024-106257
211.372,-45.294,0.3,US-2024-168704
710.832,-97.7394,0.2,US-2024-133452
75.84,29.5776,0.0,US-2024-120502
17.43,8.0178,0.0,US-2024-120551
31.104,10.8864,0.2,US-2024-100216
54.816,17.8152,0.2,US-2024-100216
10.744,0.8058,0.2,US-2024-133837
12.88,0.3864,0.0,US-2024-149678
199.96,69.986,0.0,US-2024-133452
239.976,17.9982,0.2,US-2024-168704
479.92,41.993,0.2,US-2024-106257
258.576,19.3932,0.2,US-2024-120502
35.208,2.6406,0.2,US-2024-116841
523.26,125.5824,0.0,US-2024-137974
127.764,2.8392,0.1,US-2024-142734
1196.86,119.686,0.0,US-2024-137974
45.216,4.5216,0.2,US-2024-161263
7.872,1.2792,0.2,US-2024-161263
9.14,4.57,0.0,US-2024-137974
55.47,-46.225,0.7,US-2024-161263
12.576,4.0872,0.2,US-2024-106215
1.448,0.2353,0.2,US-2024-161263
10.416,-2.2134,0.2,US-2024-161263
43.56,-4.9005,0.2,US-2024-146675
1439.968,485.9892,0.2,US-2024-146675
569.64,148.1064,0.0,US-2024-137974
118.782,-27.7158,0.4,US-2024-161263
1447.65,419.8185,0.0,US-2024-155306
10.71,2.7846,0.0,US-2024-148712
5.56,2.224,0.0,US-2024-155306
62.296,21.0249,0.2,US-2024-148712
11.96,5.8604,0.0,US-2024-155306
323.37,129.348,0.0,US-2024-155306
99.6,36.852,0.0,US-2024-148712
783.96,68.5965,0.2,US-2024-155306
56.686,-20.245,0.3,US-2024-163433
89.99,17.0981,0.0,US-2024-115742
6.16,2.9568,0.0,US-2024-115742
74.352,6.5058,0.2,US-2024-163433
7.872,0.8856,0.2,US-2024-163433
1.476,-2.2878,0.8,US-2024-163433
4.312,-6.8992,0.8,US-2024-163433
38.22,17.9634,0.0,US-2024-115742
75.18,35.3346,0.0,US-2024-115742
21.93,10.3071,0.0,US-2024-134271
61.96,27.882,0.0,US-2024-142601
15.552,5.4432,0.2,US-2024-163433
115.44,30.0144,0.0,US-2024-113593
947.17,9.4717,0.0,US-2024-142601
106.5,41.535,0.0,US-2024-102722
41.424,8.2848,0.2,US-2024-163433
97.968,6.123,0.2,US-2024-163433
244.768,24.4768,0.2,US-2024-163433
19.568,-52.8336,0.8,US-2024-155369
310.392,-512.1468,0.8,US-2024-155369
595.38,297.69,0.0,US-2024-149342
180.96,81.432,0.0,US-2024-109169
12.96,6.2208,0.0,US-2024-149342
117.456,44.046,0.2,US-2024-142433
287.97,77.7519,0.0,US-2024-149342
191.96,51.8292,0.0,US-2024-107678
209.88,35.6796,0.0,US-2024-107678
21.3,9.798,0.0,US-2024-107678
469.95,131.586,0.0,US-2024-107678
64.14,16.6764,0.0,US-2024-151253
88.776,7.7679,0.2,US-2024-151253
25.99,7.5371,0.0,US-2024-118227
128.058,-23.7822,0.3,US-2024-130365
272.4,76.272,0.0,US-2024-153878
206.43,90.8292,0.0,US-2024-112557
57.75,16.17,0.0,US-2024-153878
13.944,4.5318,0.2,US-2024-143602
21.34,9.8164,0.0,US-2024-115420
221.024,-55.256,0.2,US-2024-130365
831.936,-114.3912,0.2,US-2024-134026
63.936,6.3936,0.2,US-2024-137302
408.422,-5.8346,0.3,US-2024-114839
97.04,1.213,0.2,US-2024-134026
191.5155,-76.6062,0.45,US-2024-122266
59.52,15.4752,0.0,US-2024-137302
2.624,0.4264,0.2,US-2024-122266
50.352,17.6232,0.2,US-2024-137302
72.784,-18.196,0.2,US-2024-134026
311.976,38.997,0.2,US-2024-137302
1267.53,316.8825,0.0,US-2024-124450
43.56,3.267,0.2,US-2024-151841
22.74,8.8686,0.0,US-2024-124450
5.84,0.73,0.2,US-2024-151841
1379.92,648.5624,0.0,US-2024-124450
8.652,-20.3322,0.8,US-2024-130792
186.732,41.496,0.1,US-2024-120782
12.176,-18.8728,0.8,US-2024-130792
3812.97,1906.485,0.0,US-2024-120782
23.832,2.6811,0.2,US-2024-130792
7.968,2.8884,0.2,US-2024-157434
213.115,-15.2225,0.3,US-2024-164175
24.3,10.449,0.0,US-2024-115238
9.48,3.792,0.0,US-2024-115238
31.4,13.188,0.0,US-2024-115238
34.65,9.702,0.0,US-2024-103716
6.48,3.1104,0.0,US-2024-115238
19.8,1.7325,0.2,US-2024-103716
209.5,58.66,0.0,US-2024-115238
1022.97,-255.7425,0.4,US-2024-135174
63.552,14.2992,0.2,US-2024-161998
172.704,10.794,0.2,US-2024-161998
12.176,4.4138,0.2,US-2024-104486
37.32,10.4496,0.0,US-2024-104486
35.06,10.518,0.0,US-2024-104486
41.376,4.6548,0.2,US-2024-161998
88.752,11.094,0.2,US-2024-145821
8.856,2.9889,0.2,US-2024-116687
158.376,13.8579,0.2,US-2024-116687
844.116,-36.1764,0.3,US-2024-112130
665.88,106.5408,0.0,US-2024-107937
23.696,6.5164,0.2,US-2024-112130
18.2,2.0475,0.2,US-2024-112130
8.82,2.5578,0.0,US-2024-150770
59.904,14.2272,0.2,US-2024-112130
49.568,17.3488,0.2,US-2024-150770
62.496,21.8736,0.2,US-2024-150770
13.848,5.193,0.2,US-2024-160864
7.968,2.8884,0.2,US-2024-112130
76.752,-9.594,0.2,US-2024-112130
339.96,122.3856,0.0,US-2024-150770
27.552,-0.3444,0.2,US-2024-112130
22.288,-8.9152,0.6,US-2024-129700
26.8,12.864,0.0,US-2024-144253
125.93,35.2604,0.0,US-2024-146290
946.344,118.293,0.2,US-2024-110548
244.006,-31.3722,0.3,US-2024-137512
15.936,5.3784,0.2,US-2024-137512
45.68,21.0128,0.0,US-2024-147879
24.3,10.45,0.0,CA-2024-132548
19.6,9.604,0.0,CA-2024-132548
39.96,-23.976,0.6,CA-2024-132548
31.4,13.19,0.0,CA-2024-132548
127.764,21.294,0.1,US-2024-160857
123.96,11.1564,0.0,US-2024-136798
79.44,30.1872,0.0,US-2024-160857
8.352,1.2528,0.2,US-2024-113971
5.248,0.5904,0.2,US-2024-109939
43.98,21.99,0.0,US-2024-136798
19.44,9.3312,0.0,US-2024-160857
37.94,18.2112,0.0,US-2024-142055
357.93,7.1586,0.0,US-2024-160857
2799.944,1014.9797,0.2,US-2024-160857
377.97,105.8316,0.0,US-2024-136798
48.81,23.9169,0.0,US-2024-155635
70.97,-191.619,0.8,US-2024-129217
36.784,3.6784,0.2,US-2024-129217
46.688,-2.918,0.2,US-2024-144043
191.968,16.7972,0.2,US-2024-135727
21.968,-15.9268,0.6,US-2024-131856
14.592,4.9248,0.2,US-2024-162607
127.904,41.5688,0.2,US-2024-131856
12.84,5.778,0.0,US-2024-159380
25.68,11.556,0.0,US-2024-159380
36.63,9.8901,0.0,US-2024-130876
201.584,20.1584,0.2,US-2024-122910
619.152,69.6546,0.2,US-2024-131856
16.0,5.6,0.2,US-2024-145835
222.384,16.6788,0.2,US-2024-145835
509.9575,41.9965,0.15,US-2024-100146
97.568,-6.098,0.2,US-2024-100146
722.352,81.2646,0.2,US-2024-100146
122.91,34.4148,0.0,US-2024-100146
2.696,0.8088,0.2,US-2024-119291
198.272,17.3488,0.2,US-2024-119291
18.588,-13.6312,0.7,US-2024-119291
4.896,-3.4272,0.7,US-2024-119291
200.984,62.8075,0.2,US-2024-119291
47.36,17.76,0.2,US-2024-119291
97.696,31.7512,0.2,US-2024-119291
1117.92,55.896,0.0,US-2024-165162
17.94,8.7906,0.0,US-2024-166604
51.968,-10.3936,0.2,US-2024-138492
255.968,31.996,0.2,US-2024-100769
33.28,-49.92,0.8,US-2024-117184
31.5,15.12,0.0,US-2024-100251
14.088,4.9308,0.2,US-2024-117184
55.6,16.124,0.0,US-2024-100251
10.86,5.3214,0.0,US-2024-165554
163.136,20.392,0.2,US-2024-153535
6.408,-4.9128,0.7,US-2024-153535
20.768,-52.9584,0.8,US-2024-168914
24.588,-18.0312,0.7,US-2024-102806
26.976,8.7672,0.2,US-2024-169278
8.26,3.7996,0.0,US-2024-149846
104.79,29.3412,0.0,US-2024-149846
2973.32,334.4985,0.2,US-2024-149846
775.728,58.1796,0.2,US-2024-149846
75.33,19.5858,0.0,US-2024-136805
850.5,245.7,0.1,US-2024-136805
121.792,13.7016,0.2,US-2024-110569
19.194,-12.796,0.7,US-2024-110569
186.69,87.7443,0.0,US-2024-154921
51.45,13.8915,0.0,US-2024-119102
602.651,-163.5767,0.3,US-2024-165512
7.656,-13.0152,0.8,US-2024-165512
14.73,4.8609,0.0,US-2024-141768
845.728,84.5728,0.2,US-2024-138898
21.24,8.0712,0.0,US-2024-152128
127.96,60.1412,0.0,US-2024-152128
32.368,11.7334,0.2,US-2024-132941
22.368,1.6776,0.2,US-2024-132941
207.984,36.3972,0.2,US-2024-132941
467.04,58.38,0.2,US-2024-109708
105.686,-28.6862,0.3,US-2024-143147
104.93,-4.497,0.3,US-2024-143147
20.24,7.8936,0.0,US-2024-148964
12.224,4.4312,0.2,US-2024-113327
153.728,53.8048,0.2,US-2024-113327
18.272,5.9384,0.2,US-2024-113327
167.944,50.3832,0.2,US-2024-113327
399.54,-79.908,0.4,US-2024-143147
47.82,14.346,0.0,US-2024-131758
6.63,1.7901,0.0,US-2024-118948
6.096,2.0574,0.2,US-2024-135020
13.05,6.003,0.0,US-2024-131758
45.36,21.7728,0.0,US-2024-135020
77.55,21.714,0.0,US-2024-149601
535.41,160.623,0.0,US-2024-135020
16.24,2.436,0.0,US-2024-149601
45.99,13.3371,0.0,US-2024-135020
317.058,-86.0586,0.3,US-2024-111339
41.568,-4.1568,0.2,US-2024-111339
167.76,62.91,0.2,US-2024-120880
8.04,2.9145,0.2,US-2024-111339
12.39,5.6994,0.0,US-2024-168277
85.056,28.7064,0.2,US-2024-104297
32.4,15.552,0.0,US-2024-120880
540.57,140.5482,0.0,US-2024-120880
160.32,44.8896,0.0,US-2024-103177
151.96,36.4704,0.0,US-2024-163923
128.85,3.8655,0.0,US-2024-103177
239.97,2.3997,0.0,US-2024-103177
1406.86,140.686,0.0,US-2024-147788
2567.84,770.352,0.0,US-2024-120677
8.28,2.9808,0.0,US-2024-149748
22.2,9.102,0.0,US-2024-133627
51.56,-61.872,0.6,US-2024-100818
10.272,1.1556,0.2,US-2024-136224
3.564,-6.237,0.8,US-2024-100818
7.56,0.3024,0.0,US-2024-156153
5.904,1.9926,0.2,US-2024-100818
15.75,7.56,0.0,US-2024-147788
173.488,54.215,0.2,US-2024-100818
58.38,26.271,0.0,US-2024-124919
274.8,134.652,0.0,US-2024-149748
105.52,48.5392,0.0,US-2024-124919
323.1,61.389,0.0,US-2024-147788
80.88,21.0288,0.0,US-2024-124919
62.18,16.7886,0.0,US-2024-149748
5.728,-9.1648,0.8,US-2024-163685
403.68,181.656,0.0,US-2024-132836
28.91,13.2986,0.0,US-2024-132836
11.76,5.7624,0.0,US-2024-161242
42.24,13.2,0.2,US-2024-163685
299.98,83.9944,0.0,US-2024-132836
41.9,11.732,0.0,US-2024-132836
35.28,11.9952,0.0,US-2024-142020
9.26,3.0558,0.0,US-2024-164833
7.38,3.4686,0.0,US-2024-164833
30.44,14.3068,0.0,US-2024-142020
119.98,35.994,0.0,US-2024-158491
989.97,395.988,0.0,US-2024-158491
1522.638,169.182,0.1,US-2024-166947
10.56,4.752,0.0,US-2024-115168
8.016,1.002,0.2,US-2024-157343
18.312,-12.208,0.7,US-2024-157343
7.52,2.632,0.2,US-2024-142041
25.92,9.072,0.2,US-2024-157343
173.208,45.4671,0.2,US-2024-162201
143.128,-393.602,0.8,US-2024-164007
4.448,0.3336,0.2,US-2024-162201
18.264,-13.3936,0.7,US-2024-162201
9.0,3.15,0.2,US-2024-162201
42.24,13.2,0.2,US-2024-162201
173.488,54.215,0.2,US-2024-162201
516.96,-6.462,0.2,US-2024-162201
2.376,0.7425,0.2,US-2024-164007
355.36,92.3936,0.0,US-2024-141012
113.1,56.55,0.0,US-2024-110947
38.52,-26.964,0.7,US-2024-101868
64.2,-42.8,0.7,US-2024-101868
12.96,6.2208,0.0,US-2024-144190
72.6,-8.1675,0.2,US-2024-101868
140.376,8.7735,0.2,US-2024-141012
1123.92,-182.637,0.2,US-2024-121720
48.672,7.3008,0.2,US-2024-121720
29.16,10.7892,0.0,US-2024-123960
60.768,7.596,0.2,US-2024-121720
56.3,15.764,0.0,US-2024-123960
3.768,-3.14,0.7,US-2024-121720
36.26,16.6796,0.0,US-2024-123960
78.6,-62.88,0.7,US-2024-121720
32.4,15.552,0.0,US-2024-123960
1036.624,51.8312,0.2,US-2024-121720
563.808,21.1428,0.2,US-2024-121720
53.7,10.203,0.0,US-2024-123960
249.584,31.198,0.2,US-2024-121720
43.296,4.3296,0.2,US-2024-139850
20.736,7.2576,0.2,US-2024-139850
29.9,5.083,0.0,US-2024-131779
24.56,6.8768,0.0,US-2024-136105
55.984,4.1988,0.2,US-2024-104115
3.424,0.2996,0.2,US-2024-104059
24.78,6.9384,0.0,US-2024-104941
19.14,8.8044,0.0,US-2024-104941
29.84,13.428,0.0,US-2024-155054
36.624,13.734,0.2,US-2024-127418
8.26,3.8822,0.0,US-2024-155054
6.48,3.1104,0.0,US-2024-137281
32.4,15.552,0.0,US-2024-104941
67.98,14.9556,0.0,US-2024-155054
899.97,314.9895,0.0,US-2024-104941
51.072,5.1072,0.2,US-2024-120439
40.256,11.0704,0.2,US-2024-129896
364.704,-36.4704,0.2,US-2024-129896
9.568,2.99,0.2,US-2024-129896
82.368,-19.5624,0.2,US-2024-129896
11.672,-0.7295,0.2,US-2024-106495
225.576,22.5576,0.2,US-2024-164567
197.372,-25.3764,0.3,US-2024-118955
3050.376,1143.891,0.2,US-2024-163825
28.752,9.3444,0.2,US-2024-118955
6.208,2.1728,0.2,US-2024-167269
27.216,9.8658,0.2,US-2024-118955
133.98,33.495,0.0,US-2024-163825
643.136,56.2744,0.2,US-2024-156734
60.84,19.4688,0.0,US-2024-133242
75.36,20.724,0.2,US-2024-122287
51.98,15.0742,0.0,US-2024-154200
13.632,3.5784,0.2,US-2024-147011
6.129,-4.4946,0.7,US-2024-156734
9.156,-6.104,0.7,US-2024-122287
34.6,16.608,0.0,US-2024-133242
4.536,-3.3264,0.7,US-2024-122287
33.02,15.8496,0.0,US-2024-133242
11.952,4.3326,0.2,US-2024-122287
20.736,7.2576,0.2,US-2024-156734
450.04,58.5052,0.0,US-2024-133242
467.97,140.391,0.0,US-2024-133242
12.56,4.0192,0.0,US-2024-121965
5.792,-9.5568,0.8,US-2024-144302
186.69,87.7443,0.0,US-2024-121965
5.904,1.9926,0.2,US-2024-111864
6.48,3.1104,0.0,US-2024-121965
228.92,14.3075,0.2,US-2024-163734
257.64,100.4796,0.0,US-2024-140144
319.984,91.9954,0.2,US-2024-158351
125.944,15.743,0.2,US-2024-136427
125.976,47.241,0.2,US-2024-140144
107.976,37.7916,0.2,US-2024-123330
796.425,-525.6405,0.5,US-2024-124975
1217.568,456.588,0.2,US-2024-153423
4.96,2.3312,0.0,US-2024-128167
27.42,9.3228,0.0,US-2024-106187
165.98,74.691,0.0,US-2024-106187
5.43,1.7919,0.0,US-2024-139164
75.0,18.0,0.0,US-2024-106187
217.584,19.0386,0.2,US-2024-139164
143.976,8.9985,0.2,US-2024-139164
201.568,22.6764,0.2,US-2024-122826
204.85,57.358,0.0,US-2024-137750
75.384,-20.7306,0.6,US-2024-119690
20.96,5.24,0.0,US-2024-115945
0.984,-1.476,0.8,US-2024-119690
88.752,27.735,0.2,US-2024-115945
4.608,1.6704,0.2,US-2024-119690
47.952,16.1838,0.2,US-2024-119690
31.104,10.8864,0.2,US-2024-127110
304.23,9.1269,0.0,US-2024-115945
78.256,-17.6076,0.2,US-2024-127110
332.94,79.9056,0.0,US-2024-115938
43.04,21.0896,0.0,US-2024-115938
143.96,69.1008,0.0,US-2024-115938
43.056,15.6078,0.2,US-2024-143882
15.42,4.1634,0.0,US-2024-115938
41.9,8.799,0.0,US-2024-125395
971.88,109.3365,0.2,US-2024-166583
482.94,-376.6932,0.5,US-2024-162950
621.76,46.632,0.2,US-2024-112144
140.75,42.225,0.0,US-2024-103772
119.56,54.9976,0.0,US-2024-103772
5.904,1.9926,0.2,US-2024-112144
15.552,5.4432,0.2,US-2024-162950
117.882,1.3098,0.1,US-2024-165799
20.104,1.7591,0.2,US-2024-128860
24.96,11.232,0.0,US-2024-141684
269.98,72.8946,0.0,US-2024-100069
382.116,-92.7996,0.3,US-2024-157322
408.422,-5.8346,0.3,US-2024-157322
159.84,45.954,0.2,US-2024-140718
32.784,-85.2384,0.8,US-2024-120397
2.892,-2.3136,0.7,US-2024-140718
11.952,4.0338,0.2,US-2024-111703
11.168,3.7692,0.2,US-2024-157322
9.392,3.2872,0.2,US-2024-140718
15.552,5.6376,0.2,US-2024-111703
19.44,9.3312,0.0,US-2024-150196
435.504,48.9942,0.2,US-2024-157322
68.6,6.0025,0.2,US-2024-157322
74.24,8.352,0.2,US-2024-140718
70.98,4.9686,0.0,US-2024-128139
168.464,-29.4812,0.2,US-2024-153500
282.888,56.5776,0.2,US-2024-153500
294.93,144.5157,0.0,US-2024-128139
6.72,2.436,0.2,US-2024-153500
15.48,4.4892,0.0,US-2024-124268
22.848,7.4256,0.2,US-2024-152513
1099.96,285.9896,0.0,US-2024-154956
4.928,0.7392,0.2,US-2024-116750
4.928,0.7392,0.2,US-2024-158911
19.0,8.93,0.0,US-2024-130610
7.23,-5.784,0.7,US-2024-116750
11.784,4.2717,0.2,US-2024-158911
38.976,-2.436,0.2,US-2024-164336
34.8,2.175,0.2,US-2024-164336
301.96,60.392,0.0,US-2024-146087
170.352,-17.0352,0.2,US-2024-161627
155.82,63.8862,0.0,US-2024-108665
13.96,6.7008,0.0,US-2024-108665
11.12,2.8912,0.0,US-2024-116260
601.65,156.429,0.0,US-2024-108665
124.95,2.499,0.0,US-2024-108665
21.12,6.6,0.2,US-2024-129392
181.96,20.0156,0.0,US-2024-132626
48.632,-121.58,0.8,US-2024-123456
5.16,0.8385,0.2,US-2024-153626
79.36,32.5376,0.0,US-2024-132626
122.94,59.0112,0.0,US-2024-111094
43.68,21.4032,0.0,US-2024-132626
84.09,42.045,0.0,US-2024-132626
153.36,70.5456,0.0,US-2024-132626
15.8,5.056,0.0,US-2024-132626
12.39,5.6994,0.0,US-2024-132626
6.58,3.0268,0.0,US-2024-111094
98.21,28.4809,0.0,US-2024-132626
464.97,209.2365,0.0,US-2024-132626
269.982,40.4973,0.4,US-2024-135314
3.366,-2.244,0.7,US-2024-149384
39.92,12.974,0.2,US-2024-107020
341.488,-73.176,0.3,US-2024-142237
25.344,3.4848,0.2,US-2024-142237
289.8,36.225,0.2,US-2024-142237
199.836,-37.1124,0.3,US-2024-136469
11.12,0.834,0.2,US-2024-142237
98.352,34.4232,0.2,US-2024-142419
6.48,-4.752,0.7,US-2024-142237
2.502,-2.0016,0.7,US-2024-142237
221.06,103.8982,0.0,US-2024-136469
29.97,13.4865,0.0,US-2024-142419
716.0,193.32,0.0,US-2024-136469
383.607,-5.4801,0.3,US-2024-126557
7.76,-2.134,0.6,US-2024-126557
6.912,0.6912,0.2,US-2024-126557
1.928,-2.9884,0.8,US-2024-126557
537.544,53.7544,0.2,US-2024-126557
307.168,30.7168,0.2,US-2024-112711
148.48,16.704,0.2,US-2024-126557
659.168,49.4376,0.2,US-2024-126557
1931.04,321.84,0.1,US-2024-114069
11.808,4.2804,0.2,US-2024-114069
41.568,-66.5088,0.8,US-2024-107349
38.88,18.6624,0.0,US-2024-140851
9.96,4.6812,0.0,US-2024-114069
127.764,-191.646,0.7,US-2024-143364
441.92,49.716,0.2,US-2024-143364
18.496,6.7048,0.2,US-2024-143364
272.736,-64.7748,0.2,US-2024-143364
1348.704,-219.1644,0.2,US-2024-113404
700.152,78.7671,0.2,US-2024-113404
150.98,43.7842,0.0,US-2024-146948
137.25,63.135,0.0,US-2024-146948
11.52,5.4144,0.0,US-2024-146948
80.88,39.6312,0.0,US-2024-166520
599.9,191.968,0.0,US-2024-166520
195.466,-13.7976,0.15,US-2024-138534
231.92,5.798,0.2,US-2024-149629
14.432,3.4276,0.2,US-2024-121132
6.264,2.0358,0.2,US-2024-121132
7.38,2.1402,0.0,US-2024-122973
5.76,1.6128,0.0,US-2024-159590
3.328,1.2064,0.2,US-2024-122973
519.96,176.7864,0.0,US-2024-111206
135.99,36.7173,0.0,US-2024-122973
2.025,-1.35,0.7,US-2024-160150
913.43,-52.196,0.3,US-2024-122784
384.944,-126.4816,0.3,US-2024-122784
2.88,-4.464,0.8,US-2024-122784
106.75,49.105,0.0,US-2024-160472
26.4,11.88,0.0,US-2024-160472
97.82,45.9754,0.0,US-2024-160472
34.76,9.7328,0.0,US-2024-160472
141.4,38.178,0.0,US-2024-160472
831.2,124.68,0.0,US-2024-160472
153.584,13.4386,0.2,US-2024-122784
128.82,50.2398,0.0,US-2024-120810
68.94,20.682,0.0,US-2024-120810
10.512,3.6792,0.2,US-2024-124044
20.94,6.0726,0.0,US-2024-103135
135.09,62.1414,0.0,US-2024-103135
90.06,41.4276,0.0,US-2024-103135
279.86,64.3678,0.0,US-2024-103135
704.9,56.392,0.0,US-2024-148635
561.568,28.0784,0.2,US-2024-148635
358.58,39.4438,0.0,US-2024-154291
25.176,-18.4624,0.7,US-2024-150161
98.46,49.23,0.0,US-2024-154291
9.42,0.471,0.0,US-2024-148635
12.96,6.2208,0.0,US-2024-148635
623.96,38.9975,0.2,US-2024-139248
266.352,13.3176,0.2,US-2024-127754
393.165,-204.4458,0.5,US-2024-140200
99.2,25.792,0.0,US-2024-148180
9.144,3.0861,0.2,US-2024-148180
23.136,8.3868,0.2,US-2024-148180
167.86,78.8942,0.0,US-2024-136735
10.368,3.6288,0.2,US-2024-143700
29.97,0.2997,0.0,US-2024-129553
155.88,38.97,0.0,US-2024-164966
5.28,2.3232,0.0,US-2024-155334
10.92,4.095,0.2,US-2024-155334
61.792,6.1792,0.2,US-2024-132507
209.93,92.3692,0.0,US-2024-155334
1090.782,-290.8752,0.4,US-2024-124891
19.44,9.3312,0.0,US-2024-124891
52.59,15.777,0.0,US-2024-111017
2309.65,762.1845,0.0,US-2024-124891
239.7,105.468,0.0,US-2024-164427
1004.976,-175.8708,0.2,US-2024-153388
6.72,3.36,0.0,US-2024-153388
110.98,15.5372,0.0,US-2024-122406
277.5,-188.7,0.5,US-2024-112767
6.368,2.1492,0.2,US-2024-147501
8.4,4.116,0.0,US-2024-122406
199.98,83.9916,0.0,US-2024-122406
558.4,41.88,0.2,US-2024-147501
128.85,3.8655,0.0,US-2024-122406
14.76,-11.439,0.6,US-2024-112214
1.362,-2.1792,0.8,US-2024-112214
33.488,-1.2558,0.2,US-2024-112214
23.04,-4.896,0.2,US-2024-112214
369.1992,-114.0174,0.32,US-2024-135251
6.23,-9.6565,0.8,US-2024-135251
35.52,13.32,0.2,US-2024-135251
56.704,19.1376,0.2,US-2024-135251
27.216,9.8658,0.2,US-2024-160794
212.94,34.0704,0.0,US-2024-124219
77.58,20.1708,0.0,US-2024-117492
106.8,10.68,0.2,US-2024-138331
19.152,6.4638,0.2,US-2024-141936
28.4,13.064,0.0,US-2024-124219
3.304,1.1151,0.2,US-2024-163895
25.06,11.7782,0.0,US-2024-163237
494.97,148.491,0.0,US-2024-163237
144.784,10.8588,0.2,US-2024-168564
113.92,33.0368,0.0,US-2024-129322
39.66,11.898,0.0,US-2024-129322
447.86,210.4942,0.0,US-2024-129322
7.28,2.73,0.2,US-2024-168564
6.608,2.2302,0.2,US-2024-168564
79.99,28.7964,0.0,US-2024-127544
7.28,2.73,0.2,CA-2024-129322
6.608,2.2302,0.2,CA-2024-129322
144.784,10.8588,0.2,CA-2024-129322
687.4,48.118,0.0,US-2024-103954
10.02,4.4088,0.0,US-2024-128013
6.16,2.9568,0.0,US-2024-131338
47.04,18.3456,0.0,US-2024-131338
382.806,-153.1224,0.4,US-2024-131338
622.45,136.939,0.0,US-2024-163055
2.2,0.968,0.0,US-2024-163055
1217.568,456.588,0.2,US-2024-131338
10.65,5.0055,0.0,US-2024-131338
4.608,1.6704,0.2,US-2024-155453
143.7,68.976,0.0,US-2024-131338
144.12,69.1776,0.0,US-2024-128013
41.96,2.9372,0.0,US-2024-131338
21.98,0.2198,0.0,US-2024-163055
247.8,34.692,0.0,US-2024-131338
979.95,274.386,0.0,US-2024-131338
307.98,89.3142,0.0,US-2024-131338
133.472,15.0156,0.2,US-2024-156496
29.79,12.5118,0.0,US-2024-130022
64.75,29.1375,0.0,US-2024-121699
41.4,19.872,0.0,US-2024-130022
3.75,1.8,0.0,US-2024-130022
438.368,38.3572,0.2,US-2024-156496
139.944,-31.4874,0.2,US-2024-156496
46.152,12.1149,0.2,US-2024-119634
11.96,3.1096,0.0,US-2024-156797
138.0,34.5,0.0,US-2024-156797
31.56,10.4148,0.0,US-2024-148495
64.68,8.085,0.2,US-2024-133396
50.8,13.208,0.0,US-2024-112014
11.36,5.5664,0.0,US-2024-150441
5.64,2.7072,0.0,US-2024-120516
422.856,15.8571,0.2,US-2024-169656
104.23,28.1421,0.0,US-2024-142454
323.1,61.389,0.0,US-2024-162369
70.26,18.9702,0.0,US-2024-142454
301.47,-204.9996,0.5,US-2024-164238
254.352,0.0,0.2,US-2024-126753
2.304,0.2592,0.2,US-2024-128090
3.762,-2.7588,0.7,US-2024-126753
2.724,-1.9068,0.7,US-2024-126753
5.04,1.764,0.2,US-2024-128090
10.272,3.21,0.2,US-2024-126753
313.024,105.6456,0.2,US-2024-128090
10.368,3.6288,0.2,US-2024-126753
44.688,3.3516,0.2,US-2024-164238
31.176,-5.4558,0.2,US-2024-126753
1879.96,211.4955,0.2,US-2024-128090
519.792,-112.6216,0.4,US-2024-126753
10.272,1.1556,0.2,US-2024-119627
52.2,23.49,0.0,US-2024-111297
36.288,12.7008,0.2,US-2024-119627
252.8,-31.6,0.2,US-2024-119627
30.08,-5.264,0.2,US-2024-119627
586.398,34.494,0.15,US-2024-130456
544.008,40.8006,0.2,US-2024-144267
598.458,-42.747,0.3,US-2024-154823
25.984,-3.8976,0.2,US-2024-154823
35.76,10.0128,0.0,US-2024-122168
17.52,8.2344,0.0,US-2024-122168
12.828,-8.9796,0.7,US-2024-154823
99.588,-82.99,0.7,US-2024-130512
59.94,28.1718,0.0,US-2024-144267
23.92,11.7208,0.0,US-2024-144267
49.568,15.49,0.2,US-2024-130512
4.28,1.926,0.0,US-2024-144267
80.98,3.2392,0.0,US-2024-130456
663.072,-165.768,0.2,US-2024-130512
3.488,-0.6976,0.2,US-2024-130512
21.728,3.8024,0.2,US-2024-130512
16.52,7.5992,0.0,US-2024-129854
50.112,16.2864,0.2,US-2024-132080
5.768,-13.5548,0.8,US-2024-114468
542.94,152.0232,0.0,US-2024-165624
25.86,6.7236,0.0,US-2024-165624
12.032,2.256,0.2,US-2024-114468
8.64,4.2336,0.0,US-2024-165624
10.368,3.6288,0.2,US-2024-114468
193.8,94.962,0.0,US-2024-165624
97.88,48.94,0.0,US-2024-165624
21.4,9.63,0.0,US-2024-165624
31.68,2.772,0.2,US-2024-114468
251.91,47.8629,0.0,US-2024-165624
14.91,4.6221,0.0,US-2024-113740
284.364,-75.8304,0.4,US-2024-139584
918.785,-118.1295,0.3,US-2024-146563
7.152,0.7152,0.2,US-2024-169299
2.724,-4.2222,0.8,US-2024-146563
6.912,2.5056,0.2,US-2024-123939
999.432,124.929,0.2,US-2024-146563
724.08,-135.765,0.2,US-2024-146563
435.504,48.9942,0.2,US-2024-123939
26.0,11.7,0.0,US-2024-139584
79.96,18.3908,0.0,US-2024-102491
3080.0,1416.8,0.0,US-2024-102491
26.982,4.0473,0.4,US-2024-123939
587.97,170.5113,0.0,US-2024-102491
40.784,4.5882,0.2,US-2024-139759
20.104,-16.5858,0.6,US-2024-168809
7.88,-3.94,0.6,US-2024-168809
105.96,29.6688,0.0,US-2024-139759
3.798,-6.0768,0.8,US-2024-168809
5.104,1.6588,0.2,US-2024-113040
3.08,1.4784,0.0,US-2024-101707
114.2,52.532,0.0,US-2024-101707
484.65,92.0835,0.0,US-2024-126445
32.94,9.2232,0.0,US-2024-101707
307.666,28.9568,0.15,US-2024-121188
4.16,1.7472,0.0,US-2024-121188
103.481,-16.2613,0.3,US-2024-166219
41.36,13.959,0.2,US-2024-121188
728.82,29.1528,0.0,US-2024-121188
892.35,267.705,0.0,US-2024-121188
470.36,122.2936,0.0,US-2024-107902
2799.96,874.9875,0.2,US-2024-100377
43.176,15.1116,0.2,US-2024-121188
1099.96,82.497,0.2,US-2024-166219
114.52,11.452,0.0,US-2024-108532
131.98,35.6346,0.0,US-2024-108532
1552.831,200.9546,0.15,US-2024-111514
137.24,46.3185,0.2,US-2024-111514
58.32,27.9936,0.0,US-2024-112319
20.96,6.812,0.2,US-2024-142139
36.51,15.6993,0.0,US-2024-111514
239.976,80.9919,0.2,US-2024-111514
555.96,41.697,0.2,US-2024-157805
60.74,15.185,0.0,US-2024-104626
124.36,27.3592,0.0,US-2024-104626
114.6,51.57,0.0,US-2024-104626
4.752,1.6038,0.2,US-2024-137946
14.368,4.49,0.2,US-2024-137946
1088.76,315.7404,0.0,US-2024-104626
959.984,335.9944,0.2,US-2024-137946
129.568,-12.9568,0.2,US-2024-146745
238.152,89.307,0.2,US-2024-113215
137.62,60.5528,0.0,US-2024-121608
6.368,2.1492,0.2,US-2024-146745
200.984,62.8075,0.2,US-2024-149734
52.512,19.692,0.2,US-2024-138303
7.5,3.6,0.0,US-2024-169537
31.44,8.4888,0.0,US-2024-130204
120.33,31.2858,0.0,US-2024-104185
36.336,-7.2672,0.2,US-2024-138303
666.248,-149.9058,0.2,US-2024-138303
17.9,3.401,0.0,US-2024-130204
129.45,46.602,0.0,US-2024-130204
100.49,25.1225,0.0,US-2024-121608
9.762,-6.8334,0.7,US-2024-101924
7.656,-6.1248,0.7,US-2024-113523
15.28,7.4872,0.0,US-2024-142755
4.36,2.0492,0.0,US-2024-142755
279.9,137.151,0.0,US-2024-142755
134.376,6.7188,0.2,US-2024-159863
619.95,111.591,0.0,US-2024-142755
411.332,-4.8392,0.15,US-2024-130785
293.199,-20.6964,0.15,US-2024-130785
67.96,12.2328,0.0,US-2024-135510
6.16,2.9568,0.0,US-2024-105158
16.27,-25.2185,0.8,US-2024-162621
28.752,9.7038,0.2,US-2024-130785
4.47,-7.8225,0.8,US-2024-162621
36.84,17.3148,0.0,US-2024-105158
69.12,-14.688,0.2,US-2024-162621
271.764,60.392,0.1,US-2024-150791
191.82,74.8098,0.0,US-2024-138002
85.98,22.3548,0.0,US-2024-151435
8.39,2.0975,0.0,US-2024-109015
6.096,2.1336,0.2,US-2024-138002
46.62,21.4452,0.0,US-2024-169572
3.444,-2.5256,0.7,US-2024-133977
7.24,1.1765,0.2,US-2024-160696
46.32,18.0648,0.0,US-2024-143238
337.98,101.394,0.0,US-2024-109015
47.516,-2.0364,0.3,US-2024-122623
481.176,-120.294,0.4,US-2024-164084
27.414,-14.1639,0.4,US-2024-105599
140.736,12.3144,0.2,US-2024-161445
6.096,2.0574,0.2,US-2024-164084
4.923,-3.9384,0.7,US-2024-102876
9.522,-6.9828,0.7,US-2024-102876
7.24,2.3892,0.0,US-2024-164084
13.96,0.2792,0.0,US-2024-105599
70.26,18.9702,0.0,US-2024-164084
671.93,20.1579,0.0,US-2024-110744
90.0,16.2,0.0,US-2024-164084
559.93,167.979,0.0,US-2024-140557
791.964,-131.994,0.4,US-2024-102876
21.36,8.1168,0.0,US-2024-151624
26.4,11.88,0.0,US-2024-162166
41.88,0.8376,0.0,US-2024-162166
6.68,2.0,0.0,CA-2024-153071
361.96,83.2508,0.0,US-2024-147242
179.886,-2.5698,0.3,US-2024-139374
106.68,33.0708,0.0,US-2024-108672
61.96,16.1096,0.0,US-2024-147242
6.08,2.0672,0.0,US-2024-136658
14.94,7.0218,0.0,US-2024-168186
278.82,125.469,0.0,US-2024-147242
353.88,17.694,0.0,US-2024-117772
51.52,1.5456,0.0,US-2024-132906
24.64,4.004,0.2,US-2024-126186
210.68,50.5632,0.0,US-2024-132465
8.92,3.9248,0.0,US-2024-125934
111.04,29.9808,0.0,US-2024-125934
265.86,79.758,0.0,US-2024-153794
181.35,48.9645,0.0,US-2024-165057
209.6,96.416,0.0,US-2024-125934
31.05,14.904,0.0,US-2024-125934
8.64,4.2336,0.0,US-2024-165057
38.88,18.6624,0.0,US-2024-125934
772.68,108.1752,0.0,US-2024-132465
78.8,1.576,0.0,US-2024-132465
19.99,6.7966,0.0,US-2024-132465
9.26,3.0558,0.0,US-2024-102016
27.18,12.7746,0.0,US-2024-102016
1.24,0.5828,0.0,US-2024-102016
12.6,6.048,0.0,US-2024-166464
20.7,9.936,0.0,US-2024-102016
28.9,14.161,0.0,US-2024-102016
105.98,4.2392,0.0,US-2024-102016
21.98,8.5722,0.0,US-2024-128993
479.984,59.998,0.2,US-2024-166464
1516.2,394.212,0.0,US-2024-115567
717.72,71.772,0.2,US-2024-129007
170.072,-12.148,0.3,US-2024-136728
207.35,24.882,0.0,US-2024-129007
129.93,12.993,0.0,US-2024-118843
44.67,12.0609,0.0,US-2024-129007
131.88,55.3896,0.0,US-2024-129007
13.092,-10.0372,0.7,US-2024-138457
25.032,7.8225,0.2,US-2024-129007
2.412,-2.01,0.7,US-2024-161347
7.824,2.934,0.2,US-2024-136728
209.7,100.656,0.0,US-2024-129007
69.93,31.4685,0.0,US-2024-118843
199.96,15.9968,0.0,US-2024-115567
170.136,-8.5068,0.2,US-2024-131597
912.75,118.6575,0.0,US-2024-120362
12.96,4.536,0.2,US-2024-140984
25.9,12.691,0.0,US-2024-115924
991.2,257.712,0.0,US-2024-140984
269.49,5.3898,0.0,US-2024-128027
879.984,329.994,0.2,US-2024-140984
46.384,1.1596,0.2,US-2024-105102
1056.86,306.4894,0.0,US-2024-102582
15.712,2.5532,0.2,US-2024-130519
55.968,-2.0988,0.2,US-2024-130519
801.96,200.49,0.0,US-2024-102582
24.32,8.2688,0.0,US-2024-145849
79.872,29.952,0.2,US-2024-105102
3.576,-2.8608,0.7,US-2024-100734
15.552,5.4432,0.2,US-2024-130519
12.96,6.2208,0.0,US-2024-105102
190.86,11.4516,0.0,US-2024-145849
24.672,2.1588,0.2,US-2024-130519
147.184,-29.4368,0.2,US-2024-100734
59.97,0.0,0.0,US-2024-102582
31.12,14.6264,0.0,US-2024-167696
2003.92,-25.049,0.2,US-2024-126977
3083.43,-1665.0522,0.5,US-2024-150630
4228.704,158.5764,0.2,US-2024-126977
199.764,8.8784,0.1,US-2024-126977
21.936,-10.4196,0.6,US-2024-143077
124.2,15.525,0.2,US-2024-150630
344.22,-103.266,0.4,US-2024-138919
15.76,3.546,0.2,US-2024-150630
86.304,9.7092,0.2,US-2024-150630
6.588,-10.2114,0.8,US-2024-143077
9.618,-7.0532,0.7,US-2024-150630
6.858,-5.715,0.7,US-2024-150630
25.032,7.8225,0.2,US-2024-138716
3.264,1.1016,0.2,US-2024-150630
87.71,41.2237,0.0,US-2024-126977
110.96,53.2608,0.0,US-2024-126977
32.4,15.552,0.0,US-2024-133025
14.9,1.043,0.0,US-2024-126977
94.6,27.434,0.0,US-2024-126977
87.168,10.896,0.2,US-2024-141145
659.9,217.767,0.0,US-2024-126977
67.8,1.356,0.0,US-2024-126977
209.97,58.7916,0.0,US-2024-126977
24.4,10.248,0.0,US-2024-167745
11.68,5.4896,0.0,US-2024-167745
65.08,31.8892,0.0,US-2024-109575
19.92,9.7608,0.0,US-2024-149713
18.54,8.7138,0.0,US-2024-150511
160.72,78.7528,0.0,US-2024-149713
636.86,0.0,0.0,US-2024-109575
443.92,8.8784,0.0,US-2024-101154
41.96,7.9724,0.0,US-2024-109575
7.3,2.19,0.0,US-2024-149713
16.9,5.07,0.0,US-2024-167745
717.12,152.388,0.2,US-2024-142202
499.99,129.9974,0.0,US-2024-109575
1259.93,327.5818,0.0,US-2024-109575
61.96,4.3372,0.0,US-2024-115847
60.84,19.4688,0.0,US-2024-149517
8.4,2.184,0.0,US-2024-137603
22.96,11.2504,0.0,US-2024-132815
66.36,23.226,0.0,US-2024-147102
279.86,134.3328,0.0,US-2024-135489
2.808,-4.4928,0.8,US-2024-126970
1369.764,-913.176,0.7,US-2024-141565
37.68,16.956,0.0,US-2024-153738
24.448,8.8624,0.2,US-2024-156013
45.584,16.5242,0.2,US-2024-151470
61.4,28.858,0.0,US-2024-156013
294.368,-58.8736,0.2,US-2024-141565
24.448,8.8624,0.2,CA-2024-153738
194.32,31.0912,0.0,US-2024-168480
1690.04,422.51,0.0,US-2024-158421
542.94,141.1644,0.0,US-2024-117800
601.536,0.0,0.2,US-2024-149972
4.928,-1.4784,0.6,US-2024-126697
85.3,14.501,0.0,US-2024-127593
25.99,7.5371,0.0,US-2024-168480
14.6,6.862,0.0,US-2024-158421
121.96,57.3212,0.0,US-2024-158421
7.9,2.528,0.0,US-2024-149972
23.92,11.7208,0.0,US-2024-158421
63.96,6.396,0.0,US-2024-158421
85.96,24.0688,0.0,US-2024-158421
199.74,47.9376,0.0,US-2024-102036
887.84,17.7568,0.0,US-2024-158421
151.2,32.13,0.2,US-2024-126697
629.95,176.386,0.0,US-2024-158421
589.9,147.475,0.0,US-2024-117800
113.73,32.9817,0.0,US-2024-158421
946.344,118.293,0.2,US-2024-126697
47.98,11.0354,0.0,US-2024-134992
204.6,53.196,0.0,US-2024-112571
61.44,16.5888,0.0,US-2024-168760
2.816,0.3168,0.2,US-2024-102260
3.204,-2.5632,0.7,US-2024-102260
12.0,4.2,0.2,US-2024-102260
32.4,15.552,0.0,US-2024-134992
25.424,-4.767,0.2,US-2024-102260
720.064,-63.0056,0.2,US-2024-102260
55.6,6.255,0.2,US-2024-115343
617.976,-7.7247,0.2,US-2024-115343
1408.1,394.268,0.0,US-2024-153381
517.5,155.25,0.0,US-2024-143119
14.91,4.6221,0.0,US-2024-103835
1158.12,335.8548,0.0,US-2024-103835
6.848,0.5992,0.2,US-2024-161466
16.464,1.8522,0.2,US-2024-106873
14.576,2.3686,0.2,US-2024-106873
17.12,1.926,0.2,US-2024-113131
35.96,10.4284,0.0,US-2024-161830
14.952,5.4201,0.2,US-2024-161830
15.24,6.858,0.0,US-2024-153381
6.732,-4.488,0.7,US-2024-113131
39.98,17.991,0.0,US-2024-105508
15.84,5.544,0.2,US-2024-113131
24.424,7.9378,0.2,US-2024-113131
33.568,1.6784,0.2,US-2024-113131
23.2,1.45,0.2,US-2024-106873
35.12,13.17,0.2,US-2024-147816
821.94,213.7044,0.0,US-2024-164308
102.582,6.8388,0.1,US-2024-151869
307.136,-11.5176,0.2,US-2024-149083
1044.63,240.2649,0.0,US-2024-106320
128.744,12.8744,0.2,US-2024-139738
6.7,2.211,0.0,US-2024-156510
10.76,5.1648,0.0,US-2024-156510
6.336,-4.6464,0.7,US-2024-120845
3.264,-2.2848,0.7,US-2024-120845
68.62,32.2514,0.0,US-2024-159779
14.46,7.0854,0.0,US-2024-156335
2.946,-2.0622,0.7,US-2024-160787
2.469,-1.8106,0.7,US-2024-120845
17.48,8.2156,0.0,US-2024-100573
12.6,5.796,0.0,US-2024-149083
45.68,21.0128,0.0,US-2024-156510
20.04,9.6192,0.0,US-2024-151869
10.48,3.799,0.2,US-2024-120845
63.96,19.8276,0.0,US-2024-156335
159.98,57.5928,0.0,US-2024-149083
899.91,395.9604,0.0,US-2024-103933
104.98,52.49,0.0,US-2024-156335
60.672,14.4096,0.2,US-2024-124800
79.056,28.6578,0.2,US-2024-127173
72.588,-48.392,0.7,US-2024-124800
77.031,-59.0571,0.7,US-2024-124800
121.104,-100.92,0.7,US-2024-120341
2.08,-3.432,0.8,US-2024-161991
124.46,58.4962,0.0,US-2024-122371
34.44,16.1868,0.0,US-2024-127173
141.76,47.844,0.2,US-2024-130883
86.272,31.2736,0.2,US-2024-124800
31.104,10.8864,0.2,US-2024-130883
119.904,-1.4988,0.2,US-2024-124800
64.17,18.6093,0.0,US-2024-122371
363.648,-86.3664,0.2,US-2024-124800
50.0,12.0,0.0,US-2024-111458
239.8,47.96,0.2,US-2024-130883
629.93,296.0671,0.0,US-2024-127173
263.96,23.0965,0.2,US-2024-124800
1114.4,376.11,0.2,US-2024-161991
45.894,-9.1788,0.4,US-2024-120341
24.288,-12.7512,0.6,US-2024-100531
16.4,4.756,0.0,US-2024-103072
99.2,25.792,0.0,US-2024-143616
15.08,-22.62,0.8,US-2024-100531
154.9,69.705,0.0,US-2024-125976
146.82,73.41,0.0,US-2024-167255
25.92,12.4416,0.0,US-2024-103072
12.96,6.2208,0.0,US-2024-167255
15.51,4.3428,0.0,US-2024-167255
1871.88,561.564,0.0,US-2024-125976
43.26,14.2758,0.0,US-2024-169201
43.56,15.246,0.0,US-2024-169201
186.15,55.845,0.0,US-2024-129546
293.52,76.3152,0.0,US-2024-120915
1.08,-0.792,0.7,US-2024-106978
81.792,26.5824,0.2,US-2024-129546
12.536,4.2309,0.2,US-2024-106978
4.512,0.846,0.2,US-2024-106978
47.19,13.6851,0.0,US-2024-129546
307.98,89.3142,0.0,US-2024-120915
36.784,-8.2764,0.2,US-2024-129546
22.45,10.327,0.0,US-2024-115392
2.992,-4.488,0.8,US-2024-148873
139.424,17.428,0.2,US-2024-166135
108.768,2.7192,0.2,US-2024-148873
572.8,50.12,0.2,US-2024-156566
311.98,93.594,0.0,US-2024-115392
11.032,3.0338,0.2,US-2024-144771
7.38,3.6162,0.0,US-2024-140375
26.9,13.181,0.0,US-2024-145121
7.38,-5.412,0.7,US-2024-125696
11.808,4.1328,0.2,US-2024-129917
57.504,20.1264,0.2,US-2024-104493
53.568,19.4184,0.2,US-2024-129917
51.12,23.004,0.0,US-2024-137008
94.85,45.528,0.0,US-2024-137008
19.44,9.3312,0.0,US-2024-140375
270.34,75.6952,0.0,US-2024-119312
10.944,0.9576,0.2,US-2024-128356
90.0,32.4,0.0,US-2024-137008
53.04,-4.641,0.2,US-2024-144771
503.96,50.396,0.2,US-2024-129917
35.49,-15.6156,0.5,US-2024-157014
120.666,18.4548,0.15,US-2024-126137
32.07,-22.449,0.7,US-2024-157014
15.008,1.5008,0.2,US-2024-125178
47.984,0.5998,0.2,US-2024-157014
24.0,-2.7,0.2,US-2024-157014
392.94,43.2234,0.0,US-2024-168004
64.944,6.4944,0.2,US-2024-134859
20.736,7.2576,0.2,US-2024-134859
26.96,7.0096,0.0,US-2024-121391
66.294,-103.8606,0.7,US-2024-133445
291.168,-14.5584,0.2,US-2024-133445
28.84,9.5172,0.0,US-2024-115091
46.2,12.936,0.0,US-2024-115091
77.55,21.714,0.0,US-2024-161214
288.0,57.6,0.2,US-2024-151722
53.04,-4.641,0.2,US-2024-145828
145.9,62.737,0.0,US-2024-168529
72.78,-70.9605,0.6,US-2024-131352
3.44,0.559,0.2,US-2024-125710
389.97,35.0973,0.0,US-2024-124499
269.91,53.982,0.1,US-2024-124499
29.403,5.2272,0.1,US-2024-124107
37.376,7.4752,0.2,US-2024-162761
1.872,-1.3104,0.7,US-2024-162761
11.214,-8.5974,0.7,US-2024-162761
57.96,27.2412,0.0,US-2024-124107
23.92,10.764,0.0,US-2024-141040
30.84,8.3268,0.0,US-2024-129098
619.95,111.591,0.0,US-2024-124107
631.96,303.3408,0.0,US-2024-141040
29.16,8.4564,0.0,US-2024-124107
362.136,-54.3204,0.2,US-2024-132388
8.016,1.002,0.2,US-2024-112522
31.05,14.904,0.0,US-2024-132388
45.36,21.7728,0.0,US-2024-109736
1801.632,-337.806,0.2,US-2024-134719
957.5775,-383.031,0.45,US-2024-108966
22.368,2.5164,0.2,US-2024-108966
31.95,2.2365,0.0,US-2024-112053
626.352,46.9764,0.2,US-2024-102281
899.136,112.392,0.2,US-2024-102281
209.67,-13.978,0.4,US-2024-159786
19.9,6.567,0.0,US-2024-102281
12.56,5.652,0.0,US-2024-134747
51.84,24.8832,0.0,US-2024-102281
81.96,0.0,0.0,US-2024-142993
17.9,3.401,0.0,US-2024-142993
71.76,20.0928,0.0,US-2024-102281
263.96,71.2692,0.0,US-2024-134747
135.72,35.2872,0.0,US-2024-134747
287.94,77.7438,0.0,US-2024-114300
83.72,23.4416,0.0,US-2024-114300
2453.43,-350.49,0.3,US-2024-139731
17.14,6.1704,0.0,US-2024-126235
131.376,-95.2476,0.6,US-2024-123918
3.96,-6.93,0.8,US-2024-118766
4.464,1.674,0.2,US-2024-118766
5.344,1.8704,0.2,US-2024-123918
339.96,67.992,0.2,US-2024-129476
263.88,42.8805,0.2,US-2024-139731
824.97,214.4922,0.0,US-2024-110765
77.88,3.894,0.0,US-2024-152527
10.11,3.2352,0.0,US-2024-127824
73.164,-186.5682,0.8,US-2024-105613
17.94,8.7906,0.0,US-2024-127824
27.696,3.462,0.2,US-2024-105613
249.584,15.599,0.2,US-2024-127824
1640.7,459.396,0.0,US-2024-160171
1.72,-2.838,0.8,US-2024-150413
38.28,17.6088,0.0,US-2024-113901
34.44,17.22,0.0,US-2024-131128
270.0,97.2,0.0,US-2024-160171
149.95,44.985,0.0,US-2024-113901
2.21,0.6,0.0,CA-2024-154231
16.02,6.0876,0.0,US-2024-160563
74.76,23.9232,0.0,US-2024-149097
364.776,27.3582,0.2,US-2024-149097
24.56,11.5432,0.0,US-2024-164623
239.97,86.3892,0.0,US-2024-160563
5.176,-7.764,0.8,US-2024-104430
9.952,0.9952,0.2,US-2024-169733
842.352,42.1176,0.2,US-2024-132486
240.784,27.0882,0.2,US-2024-132486
191.968,16.7972,0.2,US-2024-132486
10.688,2.2712,0.2,US-2024-155068
6.08,-10.336,0.8,US-2024-109190
3.592,1.1225,0.2,US-2024-142692
11.8,5.664,0.0,US-2024-132486
60.736,20.4984,0.2,US-2024-109190
36.288,12.7008,0.2,US-2024-110877
11.56,5.6644,0.0,US-2024-132486
148.32,63.7776,0.0,US-2024-132486
479.976,161.9919,0.2,US-2024-109190
150.384,15.0384,0.2,US-2024-110877
55.944,-13.2867,0.2,US-2024-155068
11.824,1.0346,0.2,US-2024-155068
454.272,-73.8192,0.2,US-2024-149650
347.361,-69.4722,0.3,US-2024-118738
3.592,-6.286,0.8,US-2024-156608
10.368,3.6288,0.2,US-2024-118738
15.552,5.4432,0.2,US-2024-118738
582.336,-29.1168,0.2,US-2024-130848
291.1,75.686,0.0,US-2024-109862
253.176,-31.647,0.2,US-2024-152891
79.36,23.808,0.0,US-2024-105844
60.45,16.3215,0.0,US-2024-152891
158.99,41.3374,0.0,US-2024-109862
203.88,20.388,0.2,US-2024-150714
14.301,-10.4874,0.7,US-2024-150714
146.544,47.6268,0.2,US-2024-150714
5.76,2.6496,0.0,US-2024-139290
131.904,47.8152,0.2,US-2024-150714
718.64,-161.694,0.2,US-2024-150714
68.72,-14.603,0.2,US-2024-156146
105.584,9.2386,0.2,US-2024-156146
33.11,12.9129,0.0,US-2024-162537
24.1,9.158,0.0,US-2024-162537
10.67,4.9082,0.0,US-2024-162537
36.63,9.8901,0.0,US-2024-162537
210.84,103.3116,0.0,US-2024-110289
33.4,16.032,0.0,US-2024-110289
15.488,3.6784,0.2,US-2024-131359
182.91,53.0439,0.0,US-2024-132318
439.992,164.997,0.2,US-2024-131359
59.994,-45.9954,0.7,US-2024-131359
1035.8,269.308,0.0,US-2024-145758
299.9,74.975,0.0,US-2024-123673
87.96,30.786,0.2,US-2024-131359
425.833,20.0392,0.15,US-2024-164882
323.136,20.196,0.2,US-2024-164882
2.78,0.7228,0.0,US-2024-132570
5.04,1.26,0.0,US-2024-164882
9.728,3.2832,0.2,US-2024-164448
29.8,9.3125,0.2,US-2024-164448
398.352,124.485,0.2,US-2024-164882
14.28,6.7116,0.0,US-2024-131457
14.75,7.08,0.0,US-2024-164448
79.96,35.982,0.0,US-2024-132570
17.45,8.027,0.0,US-2024-164882
427.42,196.6132,0.0,US-2024-164448
19.98,9.3906,0.0,US-2024-164882
46.84,12.6468,0.0,US-2024-164882
70.12,21.036,0.0,US-2024-122259
29.7,8.019,0.0,US-2024-164882
1295.84,145.782,0.2,US-2024-164882
327.564,21.8376,0.1,US-2024-126739
205.164,13.6776,0.1,US-2024-141740
259.7,106.477,0.0,US-2024-113145
301.96,45.294,0.0,US-2024-108119
7.88,1.773,0.2,US-2024-110163
3.168,-0.7128,0.2,US-2024-105221
13.52,6.2192,0.0,US-2024-113145
1399.93,601.9699,0.0,US-2024-113145
35.36,-3.094,0.2,US-2024-105221
4.95,1.3365,0.0,US-2024-130995
42.95,1.2885,0.0,US-2024-113145
503.96,125.99,0.0,US-2024-113145
512.499,-30.147,0.15,US-2024-168207
2621.322,553.3902,0.1,US-2024-160227
109.764,8.5372,0.1,US-2024-100657
96.96,33.936,0.0,US-2024-168207
1038.84,51.942,0.2,US-2024-130890
197.72,55.3616,0.0,US-2024-138625
117.488,41.1208,0.2,US-2024-168207
29.372,-46.9952,0.8,US-2024-141810
11.952,4.1832,0.2,US-2024-168207
447.93,49.2723,0.0,US-2024-125416
344.704,38.7792,0.2,US-2024-141810
1448.82,209.274,0.1,US-2024-162047
42.6,16.614,0.0,US-2024-140410
6.608,2.1476,0.2,US-2024-121041
89.97,37.7874,0.0,US-2024-140410
1212.848,106.1242,0.2,US-2024-140410
207.0,25.875,0.2,US-2024-131422
387.136,24.196,0.2,US-2024-118444
7.218,-5.5338,0.7,US-2024-136259
25.344,8.8704,0.2,US-2024-144386
98.352,35.6526,0.2,US-2024-131072
19.824,6.4428,0.2,US-2024-103961
62.8,15.7,0.0,US-2024-145485
27.2,2.04,0.2,US-2024-136259
4.401,-3.5208,0.7,US-2024-105312
7.08,2.478,0.2,US-2024-105312
190.72,11.92,0.2,US-2024-102848
715.2,178.8,0.0,US-2024-162887
64.96,-84.448,0.6,US-2024-163181
23.64,5.319,0.2,US-2024-163181
32.06,-51.296,0.8,US-2024-163181
1345.485,-1031.5385,0.7,US-2024-105571
16.146,-12.9168,0.7,US-2024-105571
24.4,7.93,0.2,US-2024-134922
26.18,0.5236,0.0,US-2024-148432
7.3,3.431,0.0,US-2024-148432
76.64,26.824,0.2,US-2024-126669
177.648,-28.8678,0.2,US-2024-163181
84.784,-16.9568,0.2,US-2024-163181
287.91,33.5895,0.4,US-2024-163181
4404.9,1013.127,0.0,US-2024-117086
577.764,115.5528,0.1,US-2024-114811
4.712,1.4136,0.2,US-2024-108259
186.54,41.0388,0.0,US-2024-109386
11.82,4.728,0.0,US-2024-114811
66.69,22.0077,0.0,US-2024-123568
44.43,18.6606,0.0,US-2024-109386
27.9,6.975,0.0,US-2024-109386
265.86,79.758,0.0,US-2024-109386
11.65,3.3785,0.0,US-2024-105634
39.879,-29.2446,0.7,US-2024-108259
91.68,28.65,0.2,US-2024-123568
52.272,17.6418,0.2,US-2024-164441
10.476,-17.2854,0.8,US-2024-111990
31.504,11.814,0.2,US-2024-108259
5.0,2.4,0.0,US-2024-117611
5.04,0.2016,0.0,US-2024-123568
5.04,1.638,0.2,US-2024-108259
92.94,41.823,0.0,US-2024-123568
17.94,8.073,0.0,US-2024-164441
67.15,16.7875,0.0,US-2024-114811
119.9,43.164,0.0,US-2024-154886
371.97,66.9546,0.0,US-2024-117611
4643.8,2229.024,0.0,US-2024-114811
226.2,58.812,0.0,US-2024-109386
263.96,76.5484,0.0,US-2024-151407
549.98,142.9948,0.0,US-2024-114811
1024.38,215.1198,0.0,US-2024-127509
10.74,5.1552,0.0,US-2024-113222
17.22,7.9212,0.0,US-2024-127509
26.22,12.3234,0.0,US-2024-127509
12.24,5.7528,0.0,US-2024-146486
2.48,1.1656,0.0,US-2024-126466
17.34,8.4966,0.0,US-2024-127509
11.352,4.1151,0.2,US-2024-158554
17.94,3.0498,0.0,US-2024-169796
244.55,4.891,0.0,US-2024-146486
13.98,6.0114,0.0,US-2024-146486
899.95,53.997,0.0,US-2024-146486
2321.9,1114.512,0.0,US-2024-169796
29.22,12.8568,0.0,US-2024-121783
715.64,178.91,0.0,US-2024-121783
74.76,34.3896,0.0,US-2024-121783
795.51,143.1918,0.0,US-2024-121783
577.584,43.3188,0.2,US-2024-147690
714.3,207.147,0.0,US-2024-158659
79.9,35.156,0.0,US-2024-155040
549.99,274.995,0.0,US-2024-121783
123.858,46.7908,0.1,US-2024-111948
418.32,117.1296,0.0,US-2024-111948
523.92,-72.039,0.2,US-2024-113628
146.136,16.4403,0.2,US-2024-113628
11.76,1.323,0.2,US-2024-113628
4.662,-3.7296,0.7,US-2024-113628
5.238,-4.0158,0.7,US-2024-113628
15.56,7.3132,0.0,US-2024-153283
223.888,69.965,0.2,US-2024-162964
15.7,7.065,0.0,US-2024-153220
15.552,5.6376,0.2,US-2024-162964
64.784,-14.5764,0.2,US-2024-162964
100.792,10.0792,0.2,US-2024-113628
613.9992,-18.0588,0.32,US-2024-130183
683.332,-40.196,0.15,US-2024-104948
299.97,56.9943,0.0,US-2024-115798
63.98,21.7532,0.0,US-2024-144519
17.496,-7.4358,0.6,US-2024-153073
102.36,-3.8385,0.2,US-2024-156867
9.872,3.4552,0.2,US-2024-104948
36.882,-25.8174,0.7,US-2024-156867
121.104,-100.92,0.7,US-2024-136147
63.77,28.6965,0.0,US-2024-149909
42.28,19.8716,0.0,US-2024-115798
115.296,40.3536,0.2,US-2024-111199
96.08,46.1184,0.0,US-2024-149909
29.96,13.482,0.0,US-2024-104948
84.96,6.372,0.2,US-2024-114503
238.896,-26.8758,0.2,US-2024-156867
111.96,-1.3995,0.2,US-2024-136147
50.97,13.2522,0.0,US-2024-149909
89.98,43.1904,0.0,US-2024-115798
377.97,94.4925,0.0,US-2024-115798
339.96,42.495,0.2,US-2024-144519
230.352,20.1558,0.2,US-2024-123141
883.84,99.432,0.2,US-2024-123141
76.14,26.649,0.0,US-2024-111927
826.11,322.1829,0.0,US-2024-154746
19.96,9.3812,0.0,US-2024-111927
33.96,16.98,0.0,US-2024-154746
8.72,2.289,0.2,US-2024-138674
37.0,16.65,0.0,US-2024-137897
91.176,4.5588,0.2,US-2024-138674
47.984,-1.1996,0.2,US-2024-151043
59.9,23.96,0.0,US-2024-137897
37.6,2.256,0.0,US-2024-137897
159.968,29.994,0.2,US-2024-138674
39.96,14.3856,0.0,US-2024-145324
119.04,35.712,0.0,US-2024-138954
166.92,-116.844,0.7,US-2024-129525
34.944,11.7936,0.2,US-2024-138954
11.364,-17.046,0.8,US-2024-113173
250.272,15.642,0.2,US-2024-113173
70.95,20.5755,0.0,US-2024-138954
8.72,-1.744,0.2,US-2024-113173
185.58,76.0878,0.0,US-2024-135685
34.504,-15.5268,0.6,US-2024-145394
696.42,160.1766,0.0,US-2024-150875
653.55,111.1035,0.0,US-2024-135685
214.11,36.3987,0.0,US-2024-135685
523.25,141.2775,0.0,US-2024-164539
18.9,8.694,0.0,US-2024-120446
179.82,84.5154,0.0,US-2024-135685
21.488,1.6116,0.2,US-2024-145394
999.96,229.9908,0.0,US-2024-135685
239.976,26.9973,0.2,US-2024-145394
304.776,22.8582,0.2,US-2024-150875
225.568,2.8196,0.2,US-2024-126725
1323.9,383.931,0.0,US-2024-110863
36.6,15.372,0.0,US-2024-126725
80.96,29.1456,0.0,US-2024-126725
106.32,49.9704,0.0,US-2024-110863
32.4,15.552,0.0,US-2024-126725
777.21,54.4047,0.0,US-2024-126725
304.9,6.098,0.0,US-2024-126725
541.24,5.4124,0.0,US-2024-110863
40.92,3.069,0.2,US-2024-163090
415.968,51.996,0.2,US-2024-126725
141.96,22.7136,0.0,US-2024-151680
31.08,8.3916,0.0,US-2024-166800
5.984,2.244,0.2,US-2024-145814
861.76,249.9104,0.0,US-2024-145814
290.352,-36.294,0.2,US-2024-163965
186.048,9.3024,0.2,US-2024-100454
145.764,-247.7988,0.7,US-2024-165743
572.16,35.76,0.2,US-2024-124058
344.372,-93.4724,0.3,US-2024-110891
32.04,8.01,0.0,US-2024-158589
22.14,6.4206,0.0,US-2024-112305
63.824,9.5736,0.2,US-2024-116484
119.04,30.9504,0.0,US-2024-112305
11.52,3.3408,0.0,US-2024-100454
19.46,5.0596,0.0,US-2024-144652
60.45,16.3215,0.0,US-2024-100454
9.612,-7.3692,0.7,US-2024-165743
4.896,-3.4272,0.7,US-2024-165743
89.696,33.636,0.2,US-2024-136420
24.192,7.56,0.2,US-2024-146465
62.88,-50.304,0.7,US-2024-163965
7.23,-5.784,0.7,US-2024-163965
50.12,23.5564,0.0,US-2024-136420
19.65,9.039,0.0,US-2024-156524
17.44,1.308,0.2,US-2024-163965
141.552,-26.541,0.2,US-2024-116484
13.98,6.0114,0.0,US-2024-112305
479.988,55.9986,0.4,US-2024-161767
72.744,-15.4581,0.2,US-2024-124058
141.96,41.1684,0.0,US-2024-115511
246.1328,-76.0116,0.32,US-2024-105690
396.802,-11.3372,0.3,US-2024-101511
18.176,4.7712,0.2,US-2024-102778
1252.704,-480.2032,0.4,US-2024-119879
325.632,28.4928,0.2,US-2024-159499
19.75,5.135,0.0,US-2024-109337
24.588,-67.617,0.8,US-2024-107083
5.344,0.7348,0.2,US-2024-107083
10.92,4.914,0.0,US-2024-109337
1.696,-2.544,0.8,US-2024-107083
7.98,-13.167,0.8,US-2024-107083
66.048,23.1168,0.2,US-2024-115511
11.696,3.9474,0.2,US-2024-105690
16.52,5.369,0.2,US-2024-159499
15.88,-3.7715,0.2,US-2024-101511
393.54,165.2868,0.0,US-2024-109337
23.344,-1.459,0.2,US-2024-159499
439.992,164.997,0.2,US-2024-105690
83.9,22.653,0.0,US-2024-109337
110.97,-24.0435,0.4,US-2024-119879
206.962,-32.5226,0.3,US-2024-139094
68.81,-123.858,0.8,US-2024-118983
17.12,4.9648,0.0,US-2024-162376
2.544,-3.816,0.8,US-2024-118983
11.61,-9.288,0.7,US-2024-100545
2.946,-2.0622,0.7,US-2024-168459
55.104,18.5976,0.2,US-2024-168459
37.94,18.2112,0.0,US-2024-137708
59.94,28.1718,0.0,US-2024-162376
42.8,19.26,0.0,US-2024-137708
14.94,7.0218,0.0,US-2024-123505
33.63,10.089,0.0,US-2024-137708
27.168,-1.3584,0.2,US-2024-165449
32.985,-1.9791,0.5,US-2024-149300
2625.12,735.0336,0.0,US-2024-123113
13.12,5.6416,0.0,US-2024-144274
17.94,4.485,0.0,US-2024-123113
23.912,-40.6504,0.8,US-2024-111395
16.56,7.7832,0.0,US-2024-144274
335.52,117.432,0.2,US-2024-111395
44.1,20.727,0.0,US-2024-144274
38.88,18.6624,0.0,US-2024-144274
27.056,2.3674,0.2,US-2024-111395
307.98,89.3142,0.0,US-2024-144274
79.76,22.3328,0.0,US-2024-135545
14.7,6.615,0.0,US-2024-105347
25.824,9.3612,0.2,US-2024-135545
91.392,29.7024,0.2,US-2024-153416
3.168,0.99,0.2,US-2024-153416
368.91,180.7659,0.0,US-2024-105347
19.44,9.3312,0.0,US-2024-153416
146.73,68.9631,0.0,US-2024-135545
454.86,54.5832,0.0,US-2024-153416
13.98,6.1512,0.0,US-2024-135545
13.12,1.476,0.2,US-2024-164357
692.472,190.4298,0.2,US-2024-166975
14.73,6.9231,0.0,US-2024-117961
61.04,30.52,0.0,US-2024-117961
10.95,5.1465,0.0,US-2024-117961
104.9,25.176,0.0,US-2024-117961
599.99,233.9961,0.0,US-2024-158939
170.98,32.4862,0.0,US-2024-130974
283.92,17.745,0.2,US-2024-101910
38.97,4.6764,0.0,US-2024-130974
375.4575,-157.0095,0.45,US-2024-168935
446.068,0.0,0.3,US-2024-130974
29.79,12.5118,0.0,US-2024-163762
6.24,3.0576,0.0,US-2024-160059
113.82,53.4954,0.0,US-2024-125234
40.08,19.2384,0.0,US-2024-130974
59.94,28.1718,0.0,US-2024-130974
154.9,69.705,0.0,US-2024-130974
107.97,22.6737,0.0,US-2024-125234
104.97,7.3479,0.0,US-2024-145184
83.976,-1.0497,0.2,US-2024-168935
259.98,88.3932,0.0,US-2024-130974
83.97,23.5116,0.0,US-2024-145184
748.752,-162.2296,0.4,US-2024-154389
68.16,27.9456,0.0,US-2024-161711
12.132,-8.4924,0.6,US-2024-159982
71.12,9.779,0.2,US-2024-111612
322.59,64.518,0.0,US-2024-136196
151.96,-182.352,0.6,US-2024-157133
45.28,15.3952,0.0,US-2024-164497
8.28,3.4776,0.0,US-2024-157028
62.24,29.2528,0.0,US-2024-161711
3.008,0.564,0.2,US-2024-111612
335.52,117.432,0.2,US-2024-142930
53.92,4.044,0.2,US-2024-159982
82.368,-19.5624,0.2,US-2024-159982
647.904,56.6916,0.2,US-2024-159982
1106.91,121.7601,0.0,US-2024-110016
301.96,87.5684,0.0,US-2024-138009
555.21,178.901,0.1,US-2024-138009
56.3,15.764,0.0,US-2024-154340
161.82,46.9278,0.0,US-2024-138009
8.784,-13.6152,0.8,US-2024-129112
4.304,1.5602,0.2,US-2024-144099
19.92,9.3624,0.0,US-2024-110016
523.48,130.87,0.0,US-2024-138009
21.48,-0.2685,0.2,US-2024-129112
681.408,42.588,0.2,US-2024-137925
335.744,25.1808,0.2,US-2024-141327
17.088,1.068,0.2,US-2024-158323
80.96,29.1456,0.0,US-2024-107685
98.352,9.8352,0.2,US-2024-141327
3.882,-5.823,0.8,US-2024-141453
6.048,-4.2336,0.7,US-2024-141327
152.991,-122.3928,0.7,US-2024-122210
17.48,8.2156,0.0,US-2024-140830
71.88,32.346,0.0,US-2024-140830
10.584,-2.3814,0.2,US-2024-122210
23.66,10.8836,0.0,US-2024-137925
25.92,12.4416,0.0,US-2024-107685
177.48,19.9665,0.2,US-2024-156328
94.92,15.82,0.4,US-2024-122210
2003.92,125.245,0.2,US-2024-137113
2676.672,267.6672,0.2,US-2024-111038
6.688,-4.0128,0.6,US-2024-105676
1913.4,401.814,0.0,US-2024-137113
3.64,1.0192,0.0,US-2024-110324
13.9,5.56,0.0,US-2024-103723
55.424,19.3984,0.2,US-2024-119907
63.96,30.7008,0.0,US-2024-148817
18.54,8.7138,0.0,US-2024-110324
19.44,9.3312,0.0,US-2024-110324
114.2,52.532,0.0,US-2024-137113
32.4,15.552,0.0,US-2024-137113
61.68,16.6536,0.0,US-2024-148817
146.73,2.9346,0.0,US-2024-137113
58.36,-24.803,0.6,CA-2024-112224
39.96,-20.976,0.6,CA-2024-145154
16.464,2.4406,0.2,CA-2024-154124
359.499,-29.6058,0.15,US-2024-145422
77.952,12.6672,0.2,US-2024-123092
2.96,0.777,0.2,US-2024-122756
9.344,1.168,0.2,US-2024-123092
95.97,-73.577,0.7,US-2024-123092
590.352,206.6232,0.2,US-2024-142475
10.752,3.36,0.2,US-2024-147851
16.448,5.5512,0.2,US-2024-110093
184.66,84.9436,0.0,US-2024-156853
36.784,10.5754,0.2,US-2024-110093
482.34,-337.638,0.7,US-2024-122756
105.584,9.2386,0.2,US-2024-123092
364.41,8.098,0.1,US-2024-161718
361.764,68.3332,0.1,US-2024-161718
384.174,29.8802,0.1,US-2024-130659
36.4,13.832,0.0,US-2024-118871
28.44,11.376,0.0,US-2024-161718
25.08,9.0288,0.0,US-2024-119508
16.9,6.253,0.0,US-2024-119508
36.96,12.012,0.2,US-2024-155600
1598.058,-1065.372,0.7,US-2024-155600
8.226,-6.0324,0.7,US-2024-110247
271.44,122.148,0.0,US-2024-118871
17.94,8.7906,0.0,US-2024-130659
85.96,40.4012,0.0,US-2024-142377
110.352,8.2764,0.2,US-2024-118871
39.96,10.3896,0.0,US-2024-161718
1799.75,539.925,0.0,US-2024-130659
361.764,68.3332,0.1,CA-2024-119508
39.96,10.3896,0.0,CA-2024-119508
164.646,12.8058,0.1,US-2024-110814
97.424,10.9602,0.2,US-2024-131842
44.46,14.6718,0.0,US-2024-156440
45.04,4.504,0.2,US-2024-142937
152.8,76.4,0.0,US-2024-134943
26.064,-19.9824,0.7,US-2024-101091
232.4,78.435,0.2,US-2024-110814
12.224,4.4312,0.2,US-2024-117898
12.6,6.048,0.0,US-2024-149566
22.68,11.1132,0.0,US-2024-110814
39.0,17.55,0.0,US-2024-149566
47.984,0.5998,0.2,US-2024-101091
70.686,-24.2352,0.3,US-2024-131884
206.112,48.9516,0.2,US-2024-144806
113.92,42.1504,0.0,US-2024-127040
7.78,2.0228,0.0,US-2024-168634
120.15,33.642,0.0,US-2024-143490
86.304,9.7092,0.2,US-2024-144806
37.376,4.672,0.2,US-2024-131884
2.772,-4.851,0.8,US-2024-149692
14.832,-10.3824,0.7,US-2024-166338
14.94,6.8724,0.0,US-2024-114741
6.48,3.1104,0.0,US-2024-114741
41.86,20.5114,0.0,US-2024-127040
19.92,6.723,0.2,US-2024-144806
198.272,61.96,0.2,US-2024-144806
32.75,15.065,0.0,US-2024-148628
6.48,3.1104,0.0,US-2024-127040
8.96,4.3904,0.0,US-2024-136700
1325.85,238.653,0.0,US-2024-114741
247.104,-58.6872,0.2,US-2024-144806
1619.91,97.1946,0.0,US-2024-127040
999.98,449.991,0.0,US-2024-156104
219.184,19.1786,0.2,US-2024-143490
485.94,-89.089,0.4,US-2024-131884
173.94,50.4426,0.0,US-2024-153752
283.92,70.98,0.0,US-2024-134894
79.92,28.7712,0.0,US-2024-135272
152.94,41.2938,0.0,US-2024-134894
21.36,7.209,0.2,US-2024-165050
6.688,2.3408,0.2,US-2024-165050
3.96,0.0,0.0,US-2024-130736
2.61,1.2006,0.0,US-2024-130736
12.96,6.2208,0.0,US-2024-120957
773.94,224.4426,0.0,US-2024-165050
360.712,130.7581,0.2,US-2024-135622
15.696,5.1012,0.2,US-2024-156118
221.96,4.4392,0.0,US-2024-129532
236.0,40.12,0.0,US-2024-129532
1718.4,150.36,0.2,US-2024-135622
119.96,11.996,0.2,US-2024-103205
34.02,16.6698,0.0,US-2024-157035
542.94,141.1644,0.0,US-2024-138093
191.96,32.6332,0.0,US-2024-121650
801.96,200.49,0.0,US-2024-121650
53.088,-108.8304,0.8,US-2024-106208
27.36,9.3024,0.0,US-2024-138093
3.9,1.521,0.0,US-2024-121650
1.78,0.4984,0.0,US-2024-168732
56.3,15.764,0.0,US-2024-115693
2.61,1.2006,0.0,US-2024-121650
5.76,2.8224,0.0,US-2024-127502
7.31,3.4357,0.0,US-2024-143105
26.4,12.672,0.0,US-2024-138093
25.92,12.4416,0.0,US-2024-168732
44.75,20.585,0.0,US-2024-138093
184.66,84.9436,0.0,US-2024-143105
41.28,18.9888,0.0,US-2024-143105
101.94,21.4074,0.0,US-2024-168732
25.488,4.4604,0.2,US-2024-112823
799.984,249.995,0.2,US-2024-143105
134.99,36.4473,0.0,US-2024-138093
69.576,-143.7904,0.7,US-2024-104346
54.92,10.984,0.2,US-2024-104346
52.416,15.0696,0.2,US-2024-104346
364.95,-248.166,0.5,US-2024-104346
13.12,1.148,0.2,US-2024-104346
4.224,0.4752,0.2,US-2024-104346
12.828,-8.9796,0.7,US-2024-120572
10.332,-7.5768,0.7,US-2024-106362
110.528,38.6848,0.2,US-2024-134082
23.0,10.35,0.0,US-2024-135853
196.62,96.3438,0.0,US-2024-150560
85.056,28.7064,0.2,US-2024-104346
27.696,9.6936,0.2,US-2024-104346
46.344,4.6344,0.2,US-2024-155761
159.984,35.9964,0.2,US-2024-155761
58.08,-6.534,0.2,US-2024-104346
175.23,61.3305,0.0,US-2024-135853
125.99,31.4975,0.0,US-2024-135853
348.928,34.8928,0.2,US-2024-154620
166.5,21.645,0.0,US-2024-134075
2.21,0.5967,0.0,US-2024-155586
8.22,2.2194,0.0,US-2024-129042
24.448,8.8624,0.2,US-2024-145065
15.52,7.4496,0.0,US-2024-155586
7.86,3.6156,0.0,US-2024-145065
36.44,16.398,0.0,US-2024-155586
32.4,15.876,0.0,US-2024-127481
97.88,48.94,0.0,US-2024-127481
360.38,93.6988,0.0,US-2024-134075
25.76,0.5152,0.0,US-2024-110870
22.368,6.4308,0.2,US-2024-167220
299.94,128.9742,0.0,US-2024-110870
15.52,7.4496,0.0,CA-2024-155586
36.44,16.398,0.0,CA-2024-155586
22.368,6.4308,0.2,CA-2024-155586
134.48,34.9648,0.0,US-2024-148250
29.2,9.855,0.2,US-2024-157770
37.88,18.94,0.0,US-2024-139962
9.96,4.5816,0.0,US-2024-125423
12.96,6.2208,0.0,US-2024-148250
19.44,9.3312,0.0,US-2024-139962
248.85,27.3735,0.0,US-2024-157770
36.24,15.2208,0.0,US-2024-157770
494.376,49.4376,0.2,US-2024-157770
15.24,5.1816,0.0,US-2024-130253
6.16,1.9712,0.0,US-2024-125066
29.22,12.8568,0.0,US-2024-114048
273.568,10.2588,0.2,US-2024-141593
56.3,15.764,0.0,US-2024-125066
34.248,11.5587,0.2,US-2024-141593
55.264,20.724,0.2,US-2024-141593
8.096,2.7324,0.2,US-2024-146696
3.76,1.8048,0.0,US-2024-119592
6.48,3.1104,0.0,US-2024-141593
50.0,10.5,0.0,US-2024-126347
319.968,35.9964,0.2,US-2024-123232
262.864,69.0018,0.2,US-2024-147830
103.92,36.372,0.0,US-2024-109638
3.28,1.4104,0.0,US-2024-137225
51.312,18.6006,0.2,US-2024-109638
2025.36,607.608,0.2,US-2024-147830
899.91,377.9622,0.0,US-2024-109638
1799.994,-2639.9912,0.7,US-2024-147830
246.168,21.5397,0.2,US-2024-150308
101.988,-16.998,0.4,US-2024-147830
4.98,2.3406,0.0,US-2024-162544
546.66,136.665,0.0,US-2024-138121
302.94,48.4704,0.0,US-2024-138121
142.36,38.4372,0.0,US-2024-138121
41.552,-19.7372,0.6,US-2024-129637
212.13,14.8491,0.0,US-2024-138121
16.4,7.052,0.0,US-2024-134117
13.12,1.476,0.2,US-2024-129637
204.85,53.261,0.0,US-2024-134117
29.52,14.4648,0.0,US-2024-138121
92.96,31.374,0.2,US-2024-134117
180.016,-15.7514,0.2,US-2024-129637
135.984,16.998,0.2,US-2024-134117
20.32,3.556,0.2,US-2024-153038
6.848,0.5992,0.2,US-2024-107468
55.936,18.8784,0.2,US-2024-153038
18.432,5.9904,0.2,US-2024-153038
20.736,7.2576,0.2,US-2024-137533
646.776,-145.5246,0.2,US-2024-120161
166.24,24.936,0.0,US-2024-137960
1053.164,-105.3164,0.3,US-2024-134558
434.352,43.4352,0.2,US-2024-127453
3.552,0.444,0.2,US-2024-127453
88.832,7.7728,0.2,US-2024-127453
7.04,3.3088,0.0,US-2024-100685
5.04,0.2016,0.0,US-2024-100685
6.912,2.5056,0.2,US-2024-115399
29.9,14.651,0.0,US-2024-134558
116.28,56.9772,0.0,US-2024-100685
1265.85,556.974,0.0,US-2024-157084
2249.91,517.4793,0.0,US-2024-134558
25.488,4.779,0.2,US-2024-109113
158.376,13.8579,0.2,US-2024-110261
675.96,84.495,0.2,US-2024-157084
359.058,-71.8116,0.3,US-2024-123218
14.368,3.9512,0.2,US-2024-154795
36.27,10.881,0.0,US-2024-158148
7.92,2.772,0.2,US-2024-154795
11.696,3.9474,0.2,US-2024-141754
55.48,26.6304,0.0,US-2024-154144
17.12,7.704,0.0,US-2024-158918
88.8,-2.22,0.2,US-2024-120712
255.968,51.1936,0.2,US-2024-123218
100.8,21.42,0.2,US-2024-137071
159.984,11.9988,0.2,US-2024-123218
51.756,-33.6414,0.6,US-2024-154284
1618.37,356.0414,0.0,US-2024-126214
60.984,4.5738,0.2,US-2024-127019
59.904,14.2272,0.2,US-2024-154284
3.008,0.3384,0.2,US-2024-161795
27.312,9.2178,0.2,US-2024-112375
99.6,36.852,0.0,US-2024-126214
637.44,135.456,0.2,US-2024-154284
50.88,14.628,0.2,US-2024-112375
600.53,137.264,0.3,US-2024-154284
47.976,4.7976,0.2,US-2024-165414
422.625,0.0,0.3,US-2024-157287
17.12,4.9648,0.0,US-2024-153612
33.568,1.6784,0.2,US-2024-157287
194.32,56.3528,0.0,US-2024-117828
590.058,-786.744,0.7,US-2024-103471
883.84,99.432,0.2,US-2024-135538
72.704,19.0848,0.2,US-2024-169397
7.712,1.7352,0.2,US-2024-120103
9.68,3.7752,0.0,US-2024-128587
27.168,2.7168,0.2,US-2024-169397
14.04,1.5795,0.2,US-2024-103471
19.936,7.2268,0.2,US-2024-158456
19.776,-13.8432,0.7,US-2024-169397
5.584,1.8148,0.2,US-2024-169397
45.92,21.5824,0.0,US-2024-158456
21.56,10.3488,0.0,US-2024-124653
132.79,63.7392,0.0,US-2024-124653
106.232,37.1812,0.2,US-2024-120103
12.96,6.2208,0.0,US-2024-124653
22.704,8.2302,0.2,US-2024-169397
4899.93,2302.9671,0.0,US-2024-128587
479.988,-383.9904,0.7,US-2024-169397
111.984,11.1984,0.2,US-2024-120103
449.568,56.196,0.2,US-2024-113152
160.98,20.9274,0.0,US-2024-153717
275.88,46.8996,0.0,US-2024-136749
547.136,-68.392,0.2,US-2024-147739
414.96,124.488,0.0,US-2024-143980
3.28,0.9512,0.0,US-2024-153717
157.9,74.213,0.0,US-2024-136749
9.216,3.3408,0.2,US-2024-144288
12.6,6.174,0.0,US-2024-111780
9.96,4.8804,0.0,US-2024-144890
17.94,8.073,0.0,US-2024-111780
17.34,8.4966,0.0,US-2024-153717
10.368,3.6288,0.2,US-2024-144288
843.9,371.316,0.0,US-2024-113152
1199.96,224.9925,0.2,US-2024-111780
73.98,19.9746,0.0,US-2024-153717
275.058,-90.3762,0.3,US-2024-119550
51.588,-15.4764,0.4,US-2024-111073
22.2,10.434,0.0,US-2024-158792
212.64,99.9408,0.0,US-2024-124933
22.2,10.434,0.0,CA-2024-158792
532.3992,-46.9764,0.32,US-2024-117415
131.104,8.194,0.2,US-2024-103870
212.058,-15.147,0.3,US-2024-117415
53.352,16.0056,0.2,US-2024-103870
1548.99,-464.697,0.4,US-2024-101889
106.96,31.0184,0.0,US-2024-148376
355.96,103.2284,0.0,US-2024-165085
105.42,51.6558,0.0,US-2024-134782
113.328,35.415,0.2,US-2024-117415
19.872,6.7068,0.2,US-2024-101889
21.56,10.3488,0.0,US-2024-148376
28.9,14.161,0.0,US-2024-165085
195.64,91.9508,0.0,US-2024-151589
323.1,61.389,0.0,US-2024-130113
22.512,2.2512,0.2,US-2024-103870
12.672,-3.168,0.2,US-2024-163783
4.728,0.7092,0.2,US-2024-103870
7.92,3.4848,0.0,US-2024-155145
72.744,-12.7302,0.2,US-2024-103870
371.168,41.7564,0.2,US-2024-117415
668.16,75.168,0.2,US-2024-130113
239.9,71.97,0.0,US-2024-151589
24.816,1.551,0.2,US-2024-148859
54.384,1.3596,0.2,US-2024-119697
6.36,0.0636,0.0,US-2024-130855
271.44,122.148,0.0,US-2024-135580
68.52,31.5192,0.0,US-2024-135580
74.94,14.2386,0.0,US-2024-135580
2548.56,286.713,0.2,US-2024-135580
287.88,35.985,0.2,US-2024-135580
14.76,-11.439,0.6,US-2024-156377
364.8,167.808,0.0,US-2024-109470
60.64,27.8944,0.0,US-2024-109470
3.656,-5.8496,0.8,US-2024-156377
76.3,38.15,0.0,US-2024-109470
116.4,52.38,0.0,US-2024-139780
94.74,44.5278,0.0,US-2024-109470
487.984,152.495,0.2,US-2024-109197
3.488,0.5668,0.2,US-2024-120901
152.688,-26.7204,0.2,US-2024-120901
5.888,-1.3248,0.2,US-2024-120901
173.94,38.2668,0.0,US-2025-160304
231.98,67.2742,0.0,US-2025-160304
1592.85,350.427,0.0,US-2025-105207
11.88,5.346,0.0,US-2025-105207
114.46,28.615,0.0,US-2025-125206
30.08,-5.264,0.2,US-2025-116365
165.6,-6.21,0.2,US-2025-116365
180.96,13.572,0.2,US-2025-116365
4.672,0.584,0.2,US-2025-158211
104.58,-80.178,0.7,US-2025-158211
959.968,119.996,0.2,US-2025-164630
5.248,0.5904,0.2,US-2025-134474
191.472,40.6878,0.2,US-2025-134474
59.184,5.1786,0.2,US-2025-134474
23.076,-10.9611,0.6,US-2025-158806
34.58,10.0282,0.0,US-2025-101938
25.92,9.072,0.2,US-2025-158806
1565.88,407.1288,0.0,US-2025-100461
47.616,5.952,0.2,US-2025-137295
106.05,49.8435,0.0,US-2025-100461
30.828,-24.6624,0.7,US-2025-137295
108.784,10.8784,0.2,US-2025-137295
15.168,3.792,0.2,US-2025-126543
349.95,118.983,0.0,US-2025-108882
377.928,141.723,0.2,US-2025-108882
24.85,7.7035,0.0,US-2025-163937
79.92,34.3656,0.0,US-2025-116547
69.98,13.2962,0.0,US-2025-116547
54.992,8.9362,0.2,US-2025-141887
15.552,5.4432,0.2,US-2025-126529
63.312,20.5764,0.2,US-2025-126529
15.588,-9.8724,0.4,US-2025-126529
315.776,31.5776,0.2,US-2025-133368
89.568,32.4684,0.2,US-2025-133368
181.797,-15.5826,0.3,US-2025-140746
4.66,1.3514,0.0,US-2025-152072
49.536,17.3376,0.2,US-2025-137848
16.52,7.5992,0.0,US-2025-137848
52.34,24.5998,0.0,US-2025-152072
81.98,40.1702,0.0,US-2025-166912
60.12,28.8576,0.0,US-2025-137848
254.97,91.7892,0.0,US-2025-152072
11.648,4.2224,0.2,US-2025-121755
90.57,11.7741,0.0,US-2025-121755
322.59,64.518,0.0,US-2025-116736
316.0,31.6,0.0,US-2025-106558
371.97,66.9546,0.0,US-2025-116736
29.99,13.1956,0.0,US-2025-116736
6.68,2.0,0.0,CA-2025-155412
1013.488,76.0116,0.2,US-2025-167339
153.568,-5.7588,0.2,US-2025-167339
24.3,10.45,0.0,CA-2025-115238
9.48,3.79,0.0,CA-2025-115238
31.4,13.19,0.0,CA-2025-115238
6.48,3.11,0.0,CA-2025-115238
209.5,58.66,0.0,CA-2025-115238
451.136,-67.6704,0.2,US-2025-135923
109.9,37.366,0.0,US-2025-138079
14.272,4.2816,0.2,US-2025-135923
64.864,6.4864,0.2,US-2025-135923
26.336,9.2176,0.2,US-2025-155180
7.56,0.3024,0.0,US-2025-111010
44.4,22.2,0.0,US-2025-125850
20.65,9.499,0.0,US-2025-125850
12.96,6.2208,0.0,US-2025-146318
55.176,15.8631,0.2,US-2025-148208
110.376,-20.2356,0.4,US-2025-148208
59.99,21.5964,0.0,US-2025-113656
8.04,2.7336,0.0,US-2025-165505
1564.29,406.7154,0.0,US-2025-165505
99.98,42.9914,0.0,US-2025-165505
31.36,15.68,0.0,US-2025-109407
45.98,7.8166,0.0,US-2025-168046
313.722,-99.3453,0.4,US-2025-168046
9.21,2.3025,0.0,US-2025-153346
43.12,15.092,0.2,US-2025-168046
18.0,8.28,0.0,US-2025-153346
428.68,0.0,0.0,US-2025-168046
39.68,10.3168,0.0,US-2025-146437
48.58,7.7728,0.0,US-2025-166660
435.168,-59.8356,0.2,US-2025-166660
626.1,-538.446,0.5,US-2025-168032
17.456,5.8914,0.2,US-2025-164483
1.728,-2.6784,0.8,US-2025-168032
50.784,17.7744,0.2,US-2025-153661
26.01,12.2247,0.0,US-2025-153661
156.512,52.8228,0.2,US-2025-114944
305.01,76.2525,0.0,US-2025-153661
1439.968,143.9968,0.2,US-2025-168032
1270.99,635.495,0.0,US-2025-159891
23.36,11.68,0.0,US-2025-158043
125.36,58.9192,0.0,US-2025-159891
56.7,27.783,0.0,US-2025-129238
15.552,5.4432,0.2,US-2025-147970
109.592,8.2194,0.2,US-2025-129238
105.52,48.5392,0.0,US-2025-154067
56.45,14.677,0.0,US-2025-140809
18.69,7.1022,0.0,US-2025-158841
73.784,-77.4732,0.6,US-2025-144645
36.4,18.2,0.0,US-2025-158841
117.96,5.898,0.0,US-2025-147431
8749.95,2799.984,0.0,US-2025-158841
866.4,225.264,0.0,US-2025-118514
14.368,3.9512,0.2,US-2025-117912
93.02,3.7208,0.0,US-2025-101189
90.48,23.5248,0.0,US-2025-150077
239.98,52.7956,0.0,US-2025-108504
18.84,7.1592,0.0,US-2025-108504
557.728,6.9716,0.2,US-2025-100993
167.96,78.9412,0.0,US-2025-108504
9.45,0.189,0.0,US-2025-108504
14.73,7.2177,0.0,US-2025-100993
122.97,60.2553,0.0,US-2025-108504
348.84,170.9316,0.0,US-2025-108504
342.37,160.9139,0.0,US-2025-108504
80.98,1.6196,0.0,US-2025-108504
186.54,50.3658,0.0,US-2025-100993
154.44,1.5444,0.0,US-2025-108504
104.85,28.3095,0.0,US-2025-108504
159.968,-31.9936,0.2,US-2025-100993
484.83,126.0558,0.0,US-2025-108504
132.224,-18.1808,0.2,US-2025-125017
7.83,3.6018,0.0,US-2025-106894
30.352,10.6232,0.2,US-2025-161662
100.0,21.0,0.0,US-2025-106894
623.96,38.9975,0.2,US-2025-135461
241.5,0.0,0.3,US-2025-163048
1127.976,126.8973,0.2,US-2025-109344
89.97,39.5868,0.0,US-2025-112396
31.86,11.151,0.0,US-2025-112396
69.93,0.6993,0.0,US-2025-164938
15.92,7.4824,0.0,US-2025-110492
1350.12,175.5156,0.0,US-2025-110492
146.82,73.41,0.0,US-2025-112942
10.56,4.6464,0.0,US-2025-134334
550.431,-47.1798,0.3,US-2025-134334
7.98,2.0748,0.0,US-2025-134334
264.18,68.6868,0.0,US-2025-146150
4.77,2.1465,0.0,US-2025-134334
398.352,124.485,0.2,US-2025-162859
8.72,3.5752,0.0,US-2025-162859
227.96,36.4736,0.0,US-2025-134138
326.646,39.9234,0.1,US-2025-105781
62.958,-2.6982,0.3,US-2025-168956
318.08,34.9888,0.0,US-2025-108105
92.064,-225.5568,0.8,US-2025-168956
5.8,2.61,0.0,US-2025-108105
6.976,1.8312,0.2,US-2025-168956
5.184,1.8144,0.2,US-2025-168956
89.97,39.5868,0.0,US-2025-105781
44.46,14.6718,0.0,US-2025-123274
8.67,4.0749,0.0,US-2025-101630
70.88,33.3136,0.0,US-2025-106460
242.94,9.7176,0.0,US-2025-123274
25.71,6.6846,0.0,US-2025-101630
16.496,5.5674,0.2,US-2025-166485
68.95,28.959,0.0,US-2025-168410
135.8,66.542,0.0,US-2025-121447
18.56,6.496,0.2,US-2025-139010
34.86,-26.726,0.7,US-2025-139262
31.248,10.9368,0.2,US-2025-139010
3.762,-2.7588,0.7,US-2025-139262
296.37,80.0199,0.0,US-2025-168410
432.456,32.4342,0.2,US-2025-139262
449.15,8.983,0.0,US-2025-139010
12.99,0.7794,0.0,US-2025-139010
39.98,1.999,0.0,US-2025-168410
490.32,137.2896,0.0,US-2025-119025
10.65,5.0055,0.0,US-2025-143280
36.24,15.2208,0.0,US-2025-143280
445.96,55.745,0.2,US-2025-143280
57.576,21.591,0.2,US-2025-144400
46.72,17.52,0.2,US-2025-165015
16.192,-6.8816,0.6,US-2025-128706
170.88,49.5552,0.0,US-2025-102456
56.82,28.41,0.0,US-2025-101448
111.104,8.3328,0.2,US-2025-111283
36.48,18.24,0.0,US-2025-101623
836.592,-264.9208,0.4,US-2025-143819
26.38,12.1348,0.0,US-2025-143819
362.92,105.2468,0.0,US-2025-143819
4899.93,2400.9657,0.0,US-2025-143819
159.984,13.9986,0.2,US-2025-151862
563.43,-56.343,0.3,US-2025-116799
35.28,11.9952,0.0,US-2025-120005
637.896,-127.5792,0.3,US-2025-145730
447.86,219.4514,0.0,US-2025-112123
36.6,11.895,0.2,US-2025-145730
2.304,0.7776,0.2,US-2025-103982
42.784,15.5092,0.2,US-2025-116799
166.44,79.8912,0.0,US-2025-112123
3930.072,-786.0144,0.2,US-2025-103982
25.35,7.605,0.0,US-2025-120005
41.72,5.7365,0.2,US-2025-103982
287.91,33.5895,0.4,US-2025-145730
431.976,32.3982,0.2,US-2025-103982
479.95,129.5865,0.0,US-2025-112123
134.85,37.758,0.0,US-2025-167759
16.99,4.9271,0.0,US-2025-154053
128.4,64.2,0.0,US-2025-164637
10.08,3.528,0.2,US-2025-122518
159.98,57.5928,0.0,US-2025-158358
149.352,50.4063,0.2,US-2025-165218
12.992,-0.812,0.2,US-2025-165218
159.04,-194.824,0.6,US-2025-110898
145.98,-99.2664,0.5,US-2025-110898
2.334,-6.3018,0.8,US-2025-110898
2.043,-1.4982,0.7,US-2025-155173
1.728,-2.7648,0.8,US-2025-110898
68.238,-12.5103,0.4,US-2025-155173
431.94,-71.99,0.4,US-2025-155173
21.072,1.5804,0.2,US-2025-137547
113.6,44.304,0.0,US-2025-137337
102.36,-3.8385,0.2,US-2025-169103
207.144,48.3336,0.1,US-2025-140172
13.9,3.753,0.0,US-2025-140172
69.456,22.5732,0.2,US-2025-137337
8.856,-14.1696,0.8,US-2025-130400
9.702,-7.1148,0.7,US-2025-106306
146.352,49.3938,0.2,US-2025-130400
5.984,-1.3464,0.2,US-2025-111976
12.96,6.3504,0.0,US-2025-137337
27.96,8.388,0.2,US-2025-130400
1363.96,85.2475,0.2,US-2025-169103
108.576,-25.3344,0.4,US-2025-111976
354.9,88.725,0.0,US-2025-153269
51.8,23.31,0.0,US-2025-153269
17.94,8.7906,0.0,US-2025-153269
11.21,3.363,0.0,US-2025-153269
199.75,87.89,0.0,US-2025-120803
176.784,-22.098,0.2,US-2025-112977
14.9,7.152,0.0,US-2025-159016
104.696,6.5435,0.2,US-2025-108959
39.992,7.4985,0.2,US-2025-122182
26.85,5.1015,0.0,US-2025-169663
3357.6,377.73,0.2,US-2025-169663
4158.912,363.9048,0.2,US-2025-159016
30.336,9.48,0.2,US-2025-122511
76.92,31.5372,0.0,US-2025-146171
244.006,-31.3722,0.3,US-2025-128902
17.46,8.2062,0.0,US-2025-118255
481.32,125.1432,0.0,US-2025-146171
45.98,19.7714,0.0,US-2025-118255
770.352,77.0352,0.2,US-2025-127138
154.9,40.274,0.0,US-2025-127138
29.34,13.4964,0.0,US-2025-119683
30.56,14.9744,0.0,US-2025-127138
12.96,6.2208,0.0,US-2025-115504
19.98,8.991,0.0,US-2025-119270
676.55,6.7655,0.0,US-2025-127138
386.68,-5.524,0.3,US-2025-114013
28.28,7.3528,0.0,US-2025-136301
127.88,40.9216,0.0,US-2025-108637
557.585,0.0,0.3,US-2025-159373
157.92,17.766,0.2,US-2025-158834
160.32,44.8896,0.0,US-2025-108637
51.184,19.194,0.2,US-2025-119123
23.16,-15.44,0.7,US-2025-114013
1.272,-2.1624,0.8,US-2025-159373
51.897,-41.5176,0.7,US-2025-114013
46.0,20.7,0.0,US-2025-108637
70.08,24.528,0.2,US-2025-159373
41.24,13.9185,0.2,US-2025-114013
552.56,-138.14,0.2,US-2025-114013
126.08,-28.368,0.2,US-2025-114013
4912.59,196.5036,0.0,US-2025-136301
379.96,47.495,0.2,US-2025-114013
449.1,-643.71,0.7,US-2025-114013
203.184,15.2388,0.2,US-2025-158834
539.91,-116.9805,0.4,US-2025-114013
915.14,102.95,0.2,CA-2025-139675
327.76,91.77,0.0,CA-2025-139675
241.332,-14.196,0.32,US-2025-162082
196.784,-22.1382,0.2,US-2025-124793
16.74,4.3524,0.0,US-2025-102134
21.88,6.2905,0.2,US-2025-154361
145.544,16.3737,0.2,US-2025-162082
41.904,14.1426,0.2,US-2025-133802
5.184,1.8792,0.2,US-2025-162082
1352.032,84.502,0.2,US-2025-138968
528.43,-143.431,0.3,US-2025-149272
4.544,1.6472,0.2,US-2025-138968
22.386,-35.8176,0.8,US-2025-149272
319.76,147.0896,0.0,US-2025-140571
45.68,21.0128,0.0,US-2025-140571
83.976,-13.6461,0.2,US-2025-113509
971.5,252.59,0.0,US-2025-131737
901.95,297.6435,0.0,US-2025-131737
39.68,10.3168,0.0,US-2025-128111
32.54,15.9446,0.0,US-2025-115476
199.9,89.955,0.0,US-2025-131737
129.98,62.3904,0.0,US-2025-115476
84.784,-20.1362,0.2,US-2025-134544
189.882,-94.941,0.4,US-2025-120929
871.8,87.18,0.2,US-2025-113292
72.294,-98.8018,0.7,US-2025-106383
20.32,6.9088,0.0,US-2025-136371
14.98,6.8908,0.0,US-2025-136371
31.086,-20.724,0.7,US-2025-118178
72.294,-98.8018,0.7,CA-2025-115483
86.45,38.038,0.0,US-2025-162747
697.16,146.4036,0.0,US-2025-127670
16.821,-12.8961,0.7,US-2025-156986
20.736,7.2576,0.2,US-2025-156986
10.368,3.6288,0.2,US-2025-156986
11.992,0.8994,0.2,US-2025-150889
84.784,-20.1362,0.2,US-2025-156986
528.43,0.0,0.3,US-2025-133879
99.372,-1.4196,0.3,US-2025-163153
1.344,0.504,0.2,US-2025-163153
13.392,1.5066,0.2,US-2025-133879
3.168,-4.752,0.8,US-2025-133879
167.888,14.6902,0.2,US-2025-118899
58.58,19.3314,0.0,US-2025-107615
301.47,-241.176,0.5,US-2025-130911
18.656,1.6324,0.2,US-2025-130911
22.48,10.3408,0.0,US-2025-113803
403.168,25.198,0.2,US-2025-164189
59.52,17.856,0.0,US-2025-120082
1287.45,244.6155,0.0,US-2025-134887
17.04,5.538,0.2,US-2025-161361
17.64,8.6436,0.0,US-2025-161361
67.64,5.9185,0.2,US-2025-162677
459.95,18.398,0.0,US-2025-123666
119.976,-17.9964,0.2,US-2025-162677
39.92,11.1776,0.0,US-2025-119074
20.24,8.7032,0.0,US-2025-119074
32.54,15.9446,0.0,US-2025-119074
5.98,2.9302,0.0,US-2025-131380
31.4,7.85,0.0,US-2025-162901
87.92,0.8792,0.0,US-2025-131380
299.975,-167.986,0.5,US-2025-127236
844.116,-36.1764,0.3,US-2025-152555
414.0,124.2,0.0,US-2025-167556
41.328,14.9814,0.2,US-2025-167556
29.8,9.3125,0.2,US-2025-167556
13.48,6.74,0.0,US-2025-167556
45.528,15.9348,0.2,US-2025-152555
158.376,-36.9544,0.4,US-2025-127236
812.736,60.9552,0.2,US-2025-152555
11.34,5.5566,0.0,US-2025-128258
327.996,54.666,0.1,US-2025-124100
31.984,1.1994,0.2,US-2025-151827
280.782,-60.8361,0.4,US-2025-151827
1317.492,292.776,0.1,US-2025-111213
7.04,3.0976,0.0,US-2025-127985
30.144,3.0144,0.2,US-2025-103947
59.52,15.4752,0.0,US-2025-166674
263.88,71.2476,0.0,US-2025-166674
88.04,22.8904,0.0,US-2025-149902
30.48,7.9248,0.0,US-2025-166674
9.84,2.8536,0.0,US-2025-166674
14.352,4.6644,0.2,US-2025-161473
3.592,1.1225,0.2,US-2025-111213
31.56,9.8625,0.2,US-2025-103947
20.7,9.936,0.0,US-2025-161473
161.94,9.7164,0.0,US-2025-166674
63.84,18.5136,0.0,US-2025-111213
10.95,3.285,0.0,US-2025-161473
12.99,0.2598,0.0,US-2025-160206
35.12,9.1312,0.0,US-2025-166674
1454.9,378.274,0.0,US-2025-123540
71.12,22.0472,0.0,US-2025-167682
99.846,-83.205,0.7,US-2025-120796
10.272,3.21,0.2,US-2025-162222
259.96,124.7808,0.0,US-2025-167682
82.64,7.4376,0.0,US-2025-123050
588.784,183.995,0.2,US-2025-167115
27.81,13.0707,0.0,US-2025-159142
31.02,8.0652,0.0,US-2025-123050
89.97,37.7874,0.0,US-2025-123050
149.97,5.9988,0.0,US-2025-159142
158.368,13.8572,0.2,US-2025-159695
769.184,-163.4516,0.2,US-2025-161907
118.782,-27.7158,0.4,US-2025-161907
1294.75,336.635,0.0,US-2025-150140
658.746,146.388,0.1,US-2025-120530
33.528,2.5146,0.2,US-2025-114405
3.64,0.9828,0.0,US-2025-132899
37.94,18.2112,0.0,US-2025-154998
36.744,3.6744,0.2,US-2025-114405
1199.976,374.9925,0.2,US-2025-110499
354.9,88.725,0.0,US-2025-106600
388.704,-4.8588,0.2,US-2025-138520
95.984,-4.1136,0.3,US-2025-130946
24.7,10.374,0.0,US-2025-124233
159.92,31.984,0.0,US-2025-134789
17.04,6.9864,0.0,US-2025-138520
121.104,-100.92,0.7,US-2025-104969
1088.792,-1850.9464,0.8,US-2025-130946
8.26,3.7996,0.0,US-2025-138520
8.872,3.2161,0.2,US-2025-104969
17.92,8.6016,0.0,US-2025-150000
30.0,14.4,0.0,US-2025-134789
12.96,6.2208,0.0,US-2025-130477
25.92,12.7008,0.0,US-2025-134789
34.4,15.824,0.0,US-2025-138520
20.04,9.6192,0.0,US-2025-130477
64.96,2.5984,0.0,US-2025-130477
431.928,64.7892,0.2,US-2025-130946
556.665,6.549,0.15,US-2025-117681
5.28,2.4288,0.0,US-2025-128517
35.352,12.8151,0.2,US-2025-126809
517.9,134.654,0.0,US-2025-128517
113.76,44.3664,0.0,US-2025-123358
13.568,3.2224,0.2,US-2025-109652
48.032,15.6104,0.2,US-2025-123358
23.2,8.12,0.2,US-2025-124814
8.904,-6.5296,0.7,US-2025-114622
12.96,6.2208,0.0,US-2025-124814
150.66,6.0264,0.0,US-2025-123358
579.51,81.1314,0.0,US-2025-123358
194.352,-36.441,0.2,US-2025-163594
638.288,-31.9144,0.2,US-2025-142398
343.92,75.6624,0.0,US-2025-112102
36.624,13.734,0.2,US-2025-163594
13.208,4.6228,0.2,US-2025-142398
63.9,28.755,0.0,US-2025-112102
40.99,20.0851,0.0,US-2025-112102
10.272,3.4668,0.2,US-2025-124254
19.44,9.3312,0.0,US-2025-163594
51.984,-5.1984,0.2,US-2025-124254
129.552,-22.6716,0.2,US-2025-124254
6.12,2.8764,0.0,US-2025-152800
933.536,105.0228,0.2,US-2025-112669
383.8,38.38,0.2,US-2025-148796
25.06,11.7782,0.0,US-2025-166625
42.976,4.2976,0.2,US-2025-112669
81.2,12.18,0.0,US-2025-164735
1121.568,0.0,0.2,US-2025-136406
33.488,5.8604,0.2,US-2025-132423
189.588,-145.3508,0.7,US-2025-123750
8.04,2.9145,0.2,US-2025-132423
143.7,68.976,0.0,US-2025-117849
4.768,-0.7748,0.2,US-2025-123750
408.744,76.6395,0.2,US-2025-123750
291.96,54.7425,0.2,US-2025-123750
9.96,3.2868,0.0,US-2025-107440
12.84,3.7236,0.0,US-2025-164588
25.3,11.891,0.0,US-2025-107440
123.088,40.0036,0.2,US-2025-166282
28.8,0.864,0.0,US-2025-105473
35.168,8.3524,0.2,US-2025-166282
9099.93,2365.9818,0.0,US-2025-107440
257.499,24.2352,0.15,US-2025-108735
18.624,6.2856,0.2,US-2025-149111
79.12,13.846,0.2,US-2025-159415
29.05,9.0055,0.0,US-2025-133508
36.792,4.1391,0.2,US-2025-149111
79.12,13.846,0.2,CA-2025-108735
344.372,-93.4724,0.3,US-2025-125087
127.88,-67.137,0.6,US-2025-125087
203.92,55.0584,0.0,US-2025-139381
6.99,2.0271,0.0,US-2025-144785
9.664,3.2616,0.2,US-2025-155551
1554.936,77.7468,0.2,US-2025-125087
230.376,-48.9549,0.2,US-2025-155551
6.84,1.8468,0.0,US-2025-144785
29.56,7.9812,0.0,US-2025-139381
205.176,-58.1332,0.4,US-2025-161396
5.46,1.5288,0.0,US-2025-115819
71.96,17.99,0.0,US-2025-109666
73.2,21.228,0.0,US-2025-115819
3.28,1.476,0.0,US-2025-109666
5.84,1.971,0.2,US-2025-115819
9.28,3.248,0.2,US-2025-109666
9.336,3.2676,0.2,US-2025-115819
419.4,146.79,0.2,US-2025-161396
22.72,10.224,0.0,US-2025-115819
459.88,13.7964,0.0,US-2025-109666
54.9,15.372,0.0,US-2025-109666
7.76,2.2504,0.0,US-2025-109666
39.96,12.987,0.2,US-2025-115819
25.98,0.7794,0.0,US-2025-109666
48.792,-126.8592,0.8,US-2025-103646
15.48,4.4892,0.0,US-2025-146423
44.848,-67.272,0.8,US-2025-103646
8.32,2.808,0.2,US-2025-151498
51.84,24.8832,0.0,US-2025-146423
102.336,-12.792,0.2,US-2025-103646
23.56,7.068,0.2,US-2025-109869
31.56,10.4148,0.0,US-2025-147578
86.62,8.662,0.0,US-2025-113061
1272.63,-814.4832,0.5,US-2025-109869
78.272,5.8704,0.2,US-2025-109869
32.13,8.3538,0.0,US-2025-101329
2.88,0.8064,0.0,US-2025-101329
28.485,-20.889,0.7,US-2025-109869
23.952,2.3952,0.2,US-2025-109057
185.376,-34.758,0.2,US-2025-109869
18.088,6.5569,0.2,US-2025-126270
251.52,81.744,0.2,US-2025-162138
71.97,35.985,0.0,US-2025-126270
108.336,37.9176,0.2,US-2025-124149
36.24,11.325,0.2,US-2025-130001
78.304,29.364,0.2,US-2025-124149
55.92,6.291,0.2,US-2025-124149
99.99,34.9965,0.0,US-2025-162138
1325.76,149.148,0.2,US-2025-149279
3.984,1.3944,0.2,US-2025-138933
3.108,-2.1756,0.7,US-2025-149279
15.552,5.4432,0.2,US-2025-149279
258.696,64.674,0.2,US-2025-168081
20.724,-13.816,0.7,US-2025-150147
4.896,-3.4272,0.7,US-2025-150147
82.8,-20.7,0.4,US-2025-150147
434.646,62.7822,0.1,US-2025-139556
41.568,2.598,0.2,US-2025-137204
30.344,-31.8612,0.6,US-2025-167605
15.712,5.6956,0.2,US-2025-161816
29.472,9.9468,0.2,US-2025-152814
369.576,41.5773,0.2,US-2025-161816
111.888,22.3776,0.2,US-2025-144792
22.608,-10.1736,0.6,US-2025-120460
7.712,2.7956,0.2,US-2025-154788
370.62,-142.071,0.4,US-2025-164784
11.16,4.3524,0.0,US-2025-101525
2.742,-2.0108,0.7,US-2025-164784
3.984,1.2948,0.2,US-2025-164784
109.92,53.8608,0.0,US-2025-101525
19.44,9.3312,0.0,US-2025-101525
187.056,11.691,0.2,US-2025-154060
366.744,-110.0232,0.3,US-2025-109400
12.56,4.0192,0.0,US-2025-158155
214.7,83.733,0.0,US-2025-158155
86.352,5.397,0.2,US-2025-148698
45.576,15.9516,0.2,US-2025-146836
90.48,33.93,0.2,US-2025-158155
5.04,1.764,0.2,US-2025-104311
13.08,6.0168,0.0,US-2025-158155
18.936,-3.7872,0.2,US-2025-104311
44.94,12.5832,0.0,US-2025-146836
12.672,-3.168,0.2,US-2025-104311
51.968,10.3936,0.2,US-2025-129280
26.406,-71.2962,0.8,US-2025-163398
27.384,2.7384,0.2,US-2025-163398
2.182,-3.6003,0.8,US-2025-163398
6.0,2.1,0.2,US-2025-129280
195.64,-44.019,0.2,US-2025-129280
431.976,-75.5958,0.2,US-2025-129280
132.52,34.7865,0.2,US-2025-129280
224.937,-164.9538,0.7,US-2025-129280
16.72,3.344,0.2,US-2025-147991
71.088,-1.7772,0.2,US-2025-126165
1685.88,320.3172,0.0,US-2025-102239
298.776,7.4694,0.2,US-2025-160500
5.728,2.0048,0.2,US-2025-102239
6.72,2.352,0.2,US-2025-160500
93.248,31.4712,0.2,US-2025-105662
79.14,36.4044,0.0,US-2025-145247
14.352,5.2026,0.2,US-2025-112676
5.98,1.0166,0.0,US-2025-137729
177.48,19.9665,0.2,US-2025-105662
246.168,21.5397,0.2,US-2025-137729
41.6,14.144,0.0,US-2025-137393
54.712,11.6263,0.2,US-2025-118052
54.48,15.2544,0.0,US-2025-146857
3.208,-5.2932,0.8,US-2025-139234
7.216,1.7138,0.2,US-2025-118052
49.568,15.49,0.2,US-2025-118052
26.176,-3.272,0.2,US-2025-139234
442.764,59.0352,0.1,US-2025-128818
63.68,28.0192,0.0,US-2025-128818
85.232,30.8966,0.2,US-2025-128818
44.4,22.2,0.0,US-2025-128818
199.95,21.9945,0.0,US-2025-128818
3999.95,1159.9855,0.0,US-2025-128818
37.68,16.96,0.0,CA-2025-169856
2.21,0.6,0.0,CA-2025-169856
6.48,3.11,0.0,CA-2025-169856
8.74,-6.12,0.7,CA-2025-169856
211.96,42.392,0.0,US-2025-164672
17.94,8.073,0.0,US-2025-111696
10.688,3.7408,0.2,US-2025-106530
10.368,3.6288,0.2,US-2025-106530
25.12,1.57,0.2,US-2025-106530
1006.056,88.0299,0.2,US-2025-106530
58.112,7.264,0.2,US-2025-106530
48.784,-131.7168,0.8,US-2025-144057
8.0,3.44,0.0,US-2025-161158
79.36,9.92,0.2,US-2025-109176
27.86,9.1938,0.0,US-2025-159765
18.528,-27.792,0.8,US-2025-144057
13.184,-20.4352,0.8,US-2025-144057
9.344,3.504,0.2,US-2025-109176
32.04,14.418,0.0,US-2025-159093
76.64,26.824,0.2,US-2025-144057
856.656,107.082,0.2,US-2025-144057
93.98,13.1572,0.0,US-2025-169166
19.136,1.9136,0.2,US-2025-112382
7.072,2.3868,0.2,US-2025-117625
11.96,5.8604,0.0,US-2025-161543
743.988,-123.998,0.4,US-2025-133816
5.98,2.691,0.0,US-2025-162733
10.02,4.4088,0.0,US-2025-100510
8.67,2.3409,0.0,US-2025-123610
10.96,2.9592,0.0,US-2025-109911
54.9,26.901,0.0,US-2025-167416
82.368,-19.5624,0.2,US-2025-101196
120.0,46.8,0.0,US-2025-123610
631.96,303.3408,0.0,US-2025-100510
30.192,8.3028,0.2,US-2025-148901
79.384,29.769,0.2,US-2025-141019
4.768,0.4172,0.2,US-2025-148901
57.582,-44.1462,0.7,US-2025-148901
13.392,-9.8208,0.7,US-2025-148901
10.38,-7.612,0.7,US-2025-148901
31.104,10.8864,0.2,US-2025-148901
185.528,48.7011,0.2,US-2025-108224
43.6,4.36,0.2,US-2025-148901
8.34,2.1684,0.0,US-2025-146570
91.96,25.7488,0.0,US-2025-146570
7.764,-5.176,0.7,US-2025-141180
511.84,240.5648,0.0,US-2025-146570
13.776,4.4772,0.2,US-2025-152408
15.232,5.5216,0.2,US-2025-165673
282.84,19.7988,0.0,US-2025-130638
27.72,13.3056,0.0,US-2025-130638
17.34,8.4966,0.0,US-2025-133144
552.56,0.0,0.0,US-2025-122133
173.24,17.324,0.0,US-2025-158435
22.608,-10.1736,0.6,US-2025-117037
27.018,-21.6144,0.7,US-2025-150567
2.89,-4.7685,0.8,US-2025-117037
2.952,-2.1648,0.7,US-2025-150567
7.896,2.4675,0.2,US-2025-117037
14.62,6.8714,0.0,US-2025-158435
30.528,9.54,0.2,US-2025-117037
65.17,18.8993,0.0,US-2025-158435
17.94,8.7906,0.0,US-2025-122728
104.28,26.07,0.0,US-2025-122728
641.96,179.7488,0.0,US-2025-157245
39.76,12.3256,0.0,US-2025-169943
35.92,15.0864,0.0,US-2025-169943
87.84,23.7168,0.0,US-2025-138282
242.9,70.441,0.0,US-2025-169943
21.4,6.206,0.0,US-2025-152835
47.744,14.92,0.2,US-2025-169943
9.584,3.3544,0.2,US-2025-126935
454.9,0.0,0.0,US-2025-169943
1049.2,272.792,0.0,US-2025-115917
40.635,-32.508,0.7,US-2025-146010
2.694,-2.245,0.7,US-2025-108567
15.424,5.0128,0.2,US-2025-115917
1363.96,85.2475,0.2,US-2025-105256
1.964,-3.2406,0.8,US-2025-114209
3.798,-5.8869,0.8,US-2025-125920
111.96,54.8604,0.0,US-2025-127642
82.656,30.996,0.2,US-2025-114209
66.26,27.1666,0.0,US-2025-139486
2396.4,179.73,0.2,US-2025-107202
55.176,-12.4146,0.2,US-2025-139486
174.286,-19.9184,0.3,US-2025-146934
662.84,172.3384,0.0,US-2025-146934
26.88,12.9024,0.0,US-2025-146934
14.73,7.2177,0.0,US-2025-159653
95.1,30.432,0.0,US-2025-146934
257.98,74.8142,0.0,US-2025-146934
222.384,22.2384,0.2,US-2025-154081
345.0,86.25,0.0,US-2025-146934
37.05,16.302,0.0,US-2025-142762
6.294,-4.196,0.7,US-2025-143714
10.368,3.6288,0.2,US-2025-143714
4.98,2.4402,0.0,US-2025-154403
8399.976,1119.9968,0.4,US-2025-143714
122.382,-24.4764,0.4,US-2025-143714
1979.928,148.4946,0.2,US-2025-133725
16.656,3.3312,0.2,US-2025-138583
191.6,91.968,0.0,US-2025-136126
69.5,20.155,0.0,US-2025-136126
24.96,6.24,0.0,US-2025-139269
19.36,9.2928,0.0,US-2025-139269
1267.65,152.118,0.0,US-2025-139269
388.43,-88.784,0.3,US-2025-119186
484.704,-84.8232,0.2,US-2025-148852
41.37,17.3754,0.0,US-2025-157266
26.94,11.3148,0.0,US-2025-149237
34.848,6.534,0.2,US-2025-132409
1.504,0.1692,0.2,US-2025-132409
9.64,4.4344,0.0,US-2025-157266
5.94,0.0,0.0,US-2025-148852
45.36,21.7728,0.0,US-2025-148852
19.44,9.3312,0.0,US-2025-157266
14.352,5.2026,0.2,US-2025-119186
10.368,3.6288,0.2,US-2025-119186
12.7,5.842,0.0,US-2025-157266
184.704,13.8528,0.2,US-2025-113236
63.992,-7.1991,0.2,US-2025-119186
47.92,11.98,0.2,US-2025-113236
371.976,116.2425,0.2,US-2025-148852
211.168,23.7564,0.2,US-2025-148852
3504.9,700.98,0.0,US-2025-122903
5.584,-1.6752,0.6,US-2025-101791
25.176,-33.3582,0.6,US-2025-101791
13.38,6.1548,0.0,US-2025-136994
314.55,150.984,0.0,US-2025-122903
144.12,69.1776,0.0,US-2025-122903
1297.368,97.3026,0.2,US-2025-101791
390.272,-24.392,0.2,US-2025-138695
262.24,78.672,0.0,US-2025-134803
185.88,50.1876,0.0,US-2025-113747
22.72,7.384,0.2,US-2025-134803
62.192,19.435,0.2,US-2025-138695
182.72,84.0512,0.0,US-2025-134803
54.9,15.372,0.0,US-2025-155565
131.6,7.896,0.0,US-2025-134803
558.4,41.88,0.2,US-2025-134803
286.4,25.06,0.2,US-2025-121377
44.76,14.547,0.2,US-2025-156573
4.448,0.3336,0.2,US-2025-156573
11.277,-8.6457,0.7,US-2025-156573
22.75,11.375,0.0,US-2025-168753
979.95,274.386,0.0,US-2025-168753
801.568,50.098,0.2,US-2025-105578
47.4,21.33,0.0,US-2025-152730
167.84,11.7488,0.0,US-2025-129728
2275.5,386.835,0.0,US-2025-113831
364.74,109.422,0.0,US-2025-152730
123.92,9.294,0.2,US-2025-158547
14.7,3.969,0.0,US-2025-152730
5.56,1.4456,0.0,US-2025-152730
2.376,-1.9008,0.7,US-2025-105578
3.282,-2.6256,0.7,US-2025-145499
14.952,-11.9616,0.7,US-2025-105578
22.62,-15.08,0.7,US-2025-105578
26.55,12.744,0.0,US-2025-166380
62.1,29.808,0.0,US-2025-113831
32.792,11.8871,0.2,US-2025-105578
629.1,301.968,0.0,US-2025-152730
38.88,18.6624,0.0,US-2025-147473
45.36,21.7728,0.0,US-2025-152730
49.76,13.9328,0.0,US-2025-152730
111.98,26.8752,0.0,US-2025-166380
223.96,11.198,0.2,US-2025-108210
1979.7,653.301,0.0,US-2025-113831
839.988,69.999,0.4,US-2025-153682
125.99,35.2772,0.0,US-2025-152730
79.96,7.996,0.2,US-2025-108210
191.079,-38.2158,0.3,US-2025-150483
32.064,-12.8256,0.6,US-2025-150483
7.152,2.3244,0.2,US-2025-168844
18.496,6.7048,0.2,US-2025-150483
10.368,3.6288,0.2,US-2025-150483
179.7,88.053,0.0,US-2025-168844
11.232,3.9312,0.2,US-2025-119046
51.648,18.7224,0.2,US-2025-119046
30.18,13.8828,0.0,US-2025-119046
64.784,-12.9568,0.2,US-2025-128293
71.088,-1.7772,0.2,US-2025-164889
136.784,5.1294,0.2,US-2025-165848
419.68,-356.728,0.6,US-2025-157749
4.044,-2.8308,0.6,US-2025-157749
61.12,20.7808,0.0,US-2025-165848
11.688,-4.6752,0.6,US-2025-157749
177.225,-120.513,0.5,US-2025-157749
7.408,1.2038,0.2,US-2025-157749
14.94,7.0218,0.0,US-2025-165848
75.88,35.6636,0.0,US-2025-119823
25.92,9.396,0.2,US-2025-157749
1349.85,364.4595,0.0,US-2025-165848
31.984,11.1944,0.2,US-2025-157749
58.24,15.7248,0.0,US-2025-110982
11.16,2.79,0.0,US-2025-165169
21.552,7.0044,0.2,US-2025-110982
14.94,6.8724,0.0,US-2025-165169
7.56,2.646,0.2,US-2025-134908
360.38,93.6988,0.0,US-2025-165169
124.608,-23.364,0.2,US-2025-134908
61.38,15.9588,0.0,US-2025-149671
466.32,34.974,0.2,US-2025-112830
82.64,0.0,0.2,US-2025-112830
11.67,5.6016,0.0,US-2025-167472
64.14,30.7872,0.0,US-2025-167472
22.05,10.584,0.0,US-2025-155971
59.94,28.1718,0.0,US-2025-167472
99.9,46.953,0.0,US-2025-155971
12.96,6.2208,0.0,US-2025-167472
105.52,48.5392,0.0,US-2025-108350
714.3,207.147,0.0,US-2025-127369
179.94,75.5748,0.0,US-2025-167472
26.96,3.7744,0.0,US-2025-160717
26.85,5.1015,0.0,US-2025-167472
323.37,129.348,0.0,US-2025-167472
328.224,28.7196,0.2,US-2025-125318
3023.928,226.7946,0.2,US-2025-160717
477.6,161.19,0.2,US-2025-160717
4.784,1.5548,0.2,US-2025-103163
9.648,3.4974,0.2,US-2025-107475
32.4,15.552,0.0,US-2025-120558
4.73,2.3177,0.0,US-2025-103163
122.352,13.7646,0.2,US-2025-122448
692.94,173.235,0.0,US-2025-154662
695.7,-27.828,0.5,US-2025-147368
177.48,19.9665,0.2,US-2025-139710
1335.68,-217.048,0.2,US-2025-113243
20.7,9.936,0.0,US-2025-113243
23.616,7.9704,0.2,US-2025-121993
32.4,15.552,0.0,US-2025-113243
12.544,-9.0944,0.6,US-2025-169922
902.712,33.8517,0.2,US-2025-118745
8.272,-13.6488,0.8,US-2025-169922
1.344,-2.1504,0.8,US-2025-169922
53.984,17.5448,0.2,US-2025-142405
14.62,6.8714,0.0,US-2025-142405
239.97,71.991,0.0,US-2025-127775
389.97,132.5898,0.0,US-2025-142405
379.372,-119.2312,0.3,US-2025-120824
6.984,-4.5396,0.6,US-2025-120824
47.04,18.3456,0.0,US-2025-103730
64.384,-160.96,0.8,US-2025-120824
208.16,56.2032,0.0,US-2025-127208
52.56,18.396,0.0,US-2025-139941
11.264,3.9424,0.2,US-2025-120824
1.524,-2.667,0.8,US-2025-120824
16.74,8.0352,0.0,US-2025-127208
30.84,13.878,0.0,US-2025-103730
115.02,51.759,0.0,US-2025-103730
14.62,6.8714,0.0,US-2025-138688
15.552,5.6376,0.2,US-2025-120824
92.94,41.823,0.0,US-2025-139941
185.88,83.646,0.0,US-2025-104633
313.488,113.6394,0.2,US-2025-147375
23.12,8.381,0.2,US-2025-164035
12.96,6.2208,0.0,US-2025-104633
226.56,63.4368,0.0,US-2025-103730
67.536,6.7536,0.2,US-2025-120824
1007.979,43.1991,0.3,US-2025-147375
68.04,19.7316,0.0,US-2025-103730
140.67,54.8613,0.0,CA-2025-121465
19.68,6.888,0.2,CA-2025-121465
70.464,22.9008,0.2,CA-2025-121465
310.12,80.6312,0.0,CA-2025-121465
33.568,11.7488,0.2,US-2025-126795
18.9,8.694,0.0,US-2025-136287
377.97,94.4925,0.0,US-2025-155005
599.165,35.245,0.15,US-2025-108497
8.73,4.1031,0.0,US-2025-107216
1293.488,80.843,0.2,US-2025-128223
337.176,-118.0116,0.4,US-2025-155747
1115.17,334.551,0.0,US-2025-132304
7.04,2.0416,0.0,US-2025-107216
8.64,2.5056,0.0,US-2025-107216
39.936,-26.624,0.7,US-2025-133872
18.464,2.308,0.2,US-2025-133872
29.29,9.6657,0.0,US-2025-107216
173.488,54.215,0.2,US-2025-152765
9.45,4.536,0.0,US-2025-137127
46.35,21.7845,0.0,US-2025-148593
91.475,-1.8295,0.5,US-2025-140977
239.666,14.098,0.15,US-2025-123512
319.41,7.098,0.1,US-2025-111682
483.136,54.3528,0.2,US-2025-107146
266.352,-13.3176,0.2,US-2025-107146
376.866,-213.5574,0.4,US-2025-129861
1.68,0.84,0.0,US-2025-111682
9.84,2.8536,0.0,US-2025-133613
48.48,16.362,0.2,US-2025-111682
7.96,3.7412,0.0,US-2025-133613
22.5,10.8,0.0,US-2025-123512
14.56,6.9888,0.0,US-2025-111682
111.96,54.8604,0.0,US-2025-159345
219.84,107.7216,0.0,US-2025-123512
32.4,15.552,0.0,US-2025-111682
40.74,0.4074,0.0,US-2025-145842
208.56,52.14,0.0,US-2025-111682
30.0,3.3,0.0,US-2025-111682
566.97,153.0819,0.0,US-2025-133613
453.6,90.72,0.2,US-2025-131744
4.626,-3.855,0.7,US-2025-131744
76.864,26.9024,0.2,US-2025-163461
6.848,2.14,0.2,US-2025-131744
14.0,-6.3,0.6,CA-2025-136547
17.12,8.0464,0.0,US-2025-105760
161.568,-8.0784,0.2,US-2025-141397
57.69,23.6529,0.0,US-2025-149965
447.696,33.5772,0.2,US-2025-140081
21.78,5.6628,0.0,US-2025-141397
5.16,1.3416,0.0,US-2025-152534
17.712,6.4206,0.2,US-2025-141397
29.718,-21.7932,0.7,US-2025-140081
10.368,3.6288,0.2,US-2025-108581
45.056,15.2064,0.2,US-2025-140081
38.88,18.6624,0.0,US-2025-152534
15.552,5.4432,0.2,US-2025-140081
46.76,22.4448,0.0,US-2025-141397
161.94,9.7164,0.0,US-2025-141397
95.968,26.3912,0.2,US-2025-108581
45.0,4.95,0.0,US-2025-169194
6.9,0.552,0.0,US-2025-149965
21.8,6.104,0.0,US-2025-169194
353.568,-44.196,0.2,US-2025-119865
36.56,12.796,0.2,US-2025-119865
186.144,60.4968,0.2,US-2025-119865
0.836,-1.3376,0.8,US-2025-168361
3.96,1.4652,0.0,US-2025-140501
18.45,8.6715,0.0,US-2025-140501
21.93,10.3071,0.0,US-2025-140382
122.12,56.1752,0.0,US-2025-140501
25.83,12.1401,0.0,US-2025-154256
19.98,9.3906,0.0,US-2025-140382
146.73,68.9631,0.0,US-2025-140501
324.9,38.988,0.0,US-2025-140501
93.68,25.2936,0.0,US-2025-140382
835.17,16.7034,0.0,US-2025-142685
862.344,97.0137,0.2,US-2025-140382
241.44,72.432,0.0,US-2025-100300
8.712,-19.602,0.8,US-2025-166240
104.85,50.328,0.0,US-2025-100300
4476.8,503.64,0.2,US-2025-100300
440.91,123.4548,0.0,US-2025-101987
38.24,-9.56,0.2,US-2025-130680
85.246,-6.089,0.3,US-2025-101693
422.058,-18.0882,0.3,US-2025-152051
32.712,-26.1696,0.6,US-2025-101693
60.81,17.0268,0.0,US-2025-118913
38.088,-27.9312,0.7,US-2025-152051
254.352,-50.8704,0.2,US-2025-152051
22.14,6.4206,0.0,US-2025-114951
37.74,12.8316,0.0,US-2025-102127
5.304,0.4641,0.2,US-2025-152331
14.7,6.615,0.0,US-2025-100790
8.02,3.7694,0.0,US-2025-118101
17.9,8.95,0.0,US-2025-144015
368.91,180.7659,0.0,US-2025-118101
12.48,5.616,0.0,US-2025-144015
14.9,1.043,0.0,US-2025-119445
704.25,84.51,0.0,US-2025-100790
171.04,44.4704,0.0,US-2025-118101
231.72,11.586,0.0,US-2025-144015
139.96,9.7972,0.0,US-2025-102127
20.97,9.0171,0.0,US-2025-102127
13.616,3.5742,0.2,US-2025-158708
135.95,39.4255,0.0,US-2025-160234
539.658,-7.7094,0.3,US-2025-153577
37.464,12.1758,0.2,US-2025-153577
201.584,12.599,0.2,US-2025-161928
121.96,20.7332,0.0,US-2025-154767
8.74,2.2724,0.0,US-2025-154767
275.24,121.1056,0.0,US-2025-154767
33.568,11.7488,0.2,US-2025-161095
7.96,3.7412,0.0,US-2025-154767
7.752,2.8101,0.2,US-2025-161095
61.96,27.882,0.0,US-2025-154767
359.976,35.9976,0.2,US-2025-110044
37.68,16.96,0.0,CA-2025-187423
191.88,19.188,0.0,US-2025-140543
1266.86,291.3778,0.0,US-2025-162355
35.97,9.7119,0.0,US-2025-162355
50.12,-0.6265,0.2,US-2025-135594
2.496,0.9048,0.2,US-2025-158680
14.2,6.532,0.0,US-2025-152163
58.34,28.0032,0.0,US-2025-152163
30.53,14.0438,0.0,US-2025-126431
12.96,6.2208,0.0,US-2025-152163
75.06,33.777,0.0,US-2025-126431
30.84,6.168,0.0,US-2025-126431
1499.95,449.985,0.0,US-2025-139997
528.43,0.0,0.3,US-2025-102813
195.184,19.5184,0.2,US-2025-149314
7.7,3.157,0.0,US-2025-101469
41.472,14.5152,0.2,US-2025-102813
706.86,197.9208,0.0,US-2025-168543
3.96,0.0792,0.0,US-2025-130029
123.92,38.725,0.2,US-2025-104983
12.96,6.2208,0.0,US-2025-130029
1279.165,225.735,0.15,US-2025-147137
25.4,8.636,0.0,US-2025-147137
25.4,8.636,0.0,US-2025-103107
43.96,20.6612,0.0,US-2025-147137
27.92,0.5584,0.0,US-2025-147137
177.48,19.9665,0.2,US-2025-103107
71.976,8.997,0.2,US-2025-103107
253.372,-14.4784,0.3,US-2025-159940
287.968,-3.5996,0.2,US-2025-135265
215.65,73.321,0.0,US-2025-100965
60.288,-27.1296,0.6,US-2025-159940
45.98,12.8744,0.0,US-2025-106397
9.42,-7.85,0.7,US-2025-129308
5.715,-4.7625,0.7,US-2025-129308
2.632,0.8225,0.2,US-2025-159940
10.08,3.276,0.2,US-2025-129308
23.688,7.6986,0.2,US-2025-159940
48.94,24.47,0.0,US-2025-135265
12.96,6.2208,0.0,US-2025-106397
45.584,5.1282,0.2,US-2025-114713
2799.96,944.9865,0.2,US-2025-135265
59.994,-12.9987,0.4,US-2025-129308
662.88,74.574,0.2,US-2025-112109
47.616,3.5712,0.2,US-2025-156685
8.736,-6.1152,0.7,US-2025-112109
19.968,-13.312,0.7,US-2025-112109
19.296,6.03,0.2,US-2025-155474
12.96,6.2208,0.0,US-2025-152520
15.984,4.995,0.2,US-2025-152471
33.488,-1.2558,0.2,US-2025-112109
107.984,9.4486,0.2,US-2025-155474
823.96,51.4975,0.2,US-2025-152471
863.64,107.955,0.2,US-2025-156685
47.616,3.5712,0.2,CA-2025-112109
863.64,107.955,0.2,CA-2025-112109
107.984,9.4486,0.2,CA-2025-112109
19.296,6.03,0.2,CA-2025-112109
408.006,72.5344,0.1,US-2025-136329
165.28,14.8752,0.0,US-2025-136329
154.24,17.352,0.2,US-2025-131149
44.856,-35.8848,0.7,US-2025-134222
338.04,-33.804,0.2,US-2025-131149
16.768,1.4672,0.2,US-2025-126613
341.991,-319.1916,0.7,US-2025-164924
95.76,7.182,0.2,US-2025-103891
579.136,21.7176,0.2,US-2025-137050
30.8,10.164,0.0,US-2025-109953
51.75,15.525,0.0,US-2025-157588
151.62,50.0346,0.0,US-2025-109953
41.86,10.465,0.0,US-2025-137050
8.544,2.8836,0.2,US-2025-137050
9.144,3.2004,0.2,US-2025-137050
36.4,17.108,0.0,US-2025-157588
14.16,5.133,0.2,US-2025-117282
29.61,13.3245,0.0,US-2025-169215
14.07,6.8943,0.0,US-2025-137050
219.84,79.692,0.2,US-2025-115483
11.21,3.363,0.0,US-2025-137050
11.632,1.0178,0.2,US-2025-120180
29.0,7.25,0.0,US-2025-101378
380.864,38.0864,0.2,US-2025-136924
419.944,52.493,0.2,US-2025-101966
110.376,12.4173,0.2,US-2025-109953
230.28,23.028,0.2,US-2025-168095
105.52,34.294,0.2,US-2025-168095
44.4,12.432,0.0,US-2025-122322
9.552,-3.8208,0.6,US-2025-130050
22.32,5.58,0.0,US-2025-157161
6.46,3.1654,0.0,US-2025-157161
24.1,11.086,0.0,US-2025-157161
10.2,4.794,0.0,US-2025-157161
60.12,28.8576,0.0,US-2025-157161
20.016,6.255,0.2,US-2025-157000
37.224,3.7224,0.2,US-2025-157000
5.84,0.73,0.2,US-2025-100720
75.98,18.2352,0.0,US-2025-157161
143.982,-28.7964,0.4,US-2025-100720
494.376,-115.3544,0.4,US-2025-100720
12.42,4.4712,0.0,US-2025-139087
24.75,10.89,0.0,US-2025-139087
45.96,13.788,0.0,US-2025-116603
162.64,45.5392,0.0,US-2025-131835
12.816,4.1652,0.2,US-2025-139087
87.71,41.2237,0.0,US-2025-139087
21.93,10.0878,0.0,US-2025-121671
7.64,3.7436,0.0,US-2025-121671
51.84,25.4016,0.0,US-2025-121671
55.48,26.6304,0.0,US-2025-131835
265.17,47.7306,0.0,US-2025-121671
69.52,17.38,0.0,US-2025-139087
242.94,4.8588,0.0,US-2025-121671
77.88,3.894,0.0,US-2025-101343
428.4,89.964,0.0,US-2025-139087
20.784,-4.6764,0.2,US-2025-139087
597.0,280.59,0.0,US-2025-131835
140.81,39.4268,0.0,US-2025-157763
854.352,10.6794,0.2,US-2025-114727
544.008,40.8006,0.2,US-2025-114727
11.264,1.2672,0.2,US-2025-102561
1.872,-1.4352,0.7,US-2025-114727
18.496,6.7048,0.2,US-2025-102561
338.04,-33.804,0.2,US-2025-114727
284.08,24.857,0.2,US-2025-102561
593.568,0.0,0.2,US-2025-114727
33.8,4.225,0.2,US-2025-161676
15.576,3.3099,0.2,US-2025-124681
55.992,3.4995,0.2,US-2025-162110
504.9,126.225,0.0,US-2025-163776
185.58,76.0878,0.0,US-2025-163776
8.6,4.042,0.0,US-2025-163776
77.56,35.6776,0.0,US-2025-163776
245.94,120.5106,0.0,US-2025-163776
87.92,0.8792,0.0,US-2025-163776
389.97,132.5898,0.0,US-2025-157217
35.984,4.498,0.2,US-2025-157217
89.95,43.176,0.0,US-2025-137939
363.92,0.0,0.2,US-2025-142895
18.656,1.3992,0.2,US-2025-141957
1.941,-1.294,0.7,US-2025-146521
11.088,-8.1312,0.7,US-2025-141957
419.9,197.353,0.0,US-2025-160941
6.264,2.0358,0.2,US-2025-142895
3.15,1.512,0.0,US-2025-160941
66.688,4.168,0.2,US-2025-141957
99.488,8.7052,0.2,US-2025-141957
27.42,9.3228,0.0,US-2025-114307
11.648,3.3488,0.2,US-2025-122392
37.68,10.5504,0.0,US-2025-114307
29.2,10.512,0.0,US-2025-111290
4.16,0.364,0.2,US-2025-122392
5.4,2.592,0.0,US-2025-114307
6.3,3.024,0.0,US-2025-144855
32.4,15.552,0.0,US-2025-111290
51.84,24.8832,0.0,US-2025-114307
965.85,135.219,0.0,US-2025-111290
86.2,24.998,0.0,US-2025-140613
109.95,36.2835,0.0,US-2025-111290
23.696,6.5164,0.2,US-2025-165316
4.448,0.3336,0.2,US-2025-112256
175.92,15.393,0.2,US-2025-112256
35.216,2.6412,0.2,US-2025-165316
11.416,-18.8364,0.8,US-2025-162404
4.752,-8.316,0.8,US-2025-112256
5.184,1.8144,0.2,US-2025-112256
13.344,1.0008,0.2,US-2025-112256
265.475,-111.4995,0.5,US-2025-165316
115.136,11.5136,0.2,US-2025-111318
253.764,31.0156,0.1,US-2025-162943
73.2,21.228,0.0,US-2025-102498
241.568,18.1176,0.2,US-2025-126158
403.56,96.8544,0.0,US-2025-115441
69.3,22.869,0.0,US-2025-126158
95.2,27.608,0.0,US-2025-115441
255.76,81.8432,0.0,US-2025-126158
2430.08,388.8128,0.0,US-2025-104157
243.88,27.4365,0.2,US-2025-115525
37.17,11.151,0.0,US-2025-149335
119.616,40.3704,0.2,US-2025-126158
10.44,4.8024,0.0,US-2025-149454
20.936,7.0659,0.2,US-2025-128307
21.48,10.74,0.0,US-2025-111115
15.712,5.6956,0.2,US-2025-103037
65.5,32.095,0.0,US-2025-104157
20.62,9.6914,0.0,US-2025-115441
7.89,0.3156,0.0,US-2025-104157
124.25,48.4575,0.0,US-2025-115441
1439.976,191.9968,0.4,US-2025-147417
297.55,83.314,0.0,US-2025-115441
177.45,-78.078,0.5,US-2025-107783
24.7,-9.88,0.6,US-2025-105452
302.72,-378.4,0.6,US-2025-105452
9.48,0.711,0.2,US-2025-107783
1369.764,-913.176,0.7,US-2025-107783
20.44,9.198,0.0,US-2025-143924
18.9,8.694,0.0,US-2025-140046
109.92,53.8608,0.0,US-2025-143924
2.214,-1.476,0.7,US-2025-131891
27.396,-20.0904,0.7,US-2025-164574
84.784,-16.9568,0.2,US-2025-116344
704.76,26.4285,0.2,US-2025-164574
715.64,178.91,0.0,US-2025-112585
9.264,-13.896,0.8,US-2025-112025
9.248,3.1212,0.2,US-2025-137743
1036.624,51.8312,0.2,US-2025-137743
272.94,30.0234,0.0,US-2025-133550
863.128,-32.3673,0.2,US-2025-144148
283.14,72.358,0.1,US-2025-133550
118.99,33.3172,0.0,US-2025-133550
635.96,165.3496,0.0,US-2025-133550
19.312,3.1382,0.2,US-2025-132990
45.96,13.788,0.0,US-2025-155978
19.648,6.6312,0.2,US-2025-144337
1039.728,90.9762,0.2,US-2025-155978
136.464,15.3522,0.2,US-2025-156265
12.544,4.704,0.2,US-2025-156265
333.576,33.3576,0.2,US-2025-156265
81.54,38.3238,0.0,US-2025-104150
167.28,23.4192,0.0,US-2025-104150
109.8,46.116,0.0,US-2025-110254
11.784,3.9771,0.2,US-2025-111913
3.98,-6.567,0.8,US-2025-128195
20.952,7.0713,0.2,US-2025-111913
9.82,4.8118,0.0,US-2025-110254
4.13,1.8998,0.0,US-2025-110254
35.06,10.518,0.0,US-2025-110254
302.384,30.2384,0.2,US-2025-111913
197.05,59.115,0.0,US-2025-102232
38.34,15.7194,0.0,US-2025-105263
70.88,33.3136,0.0,US-2025-158869
211.168,18.4772,0.2,US-2025-151092
179.97,86.3856,0.0,US-2025-148516
513.024,12.8256,0.2,US-2025-107328
487.92,136.6176,0.0,US-2025-107328
15.24,5.334,0.2,US-2025-107328
11.168,3.6296,0.2,US-2025-121034
23.34,0.2334,0.0,US-2025-169026
53.952,17.5344,0.2,US-2025-121034
10.56,4.752,0.0,US-2025-130078
113.92,33.04,0.0,CA-2025-129322
39.66,11.9,0.0,CA-2025-129322
447.86,210.49,0.0,CA-2025-129322
569.536,64.0728,0.2,US-2025-113649
4.338,-3.0366,0.7,US-2025-118934
11.88,-7.92,0.7,US-2025-118934
30.816,9.63,0.2,US-2025-113649
44.784,4.4784,0.2,US-2025-113649
77.56,35.6776,0.0,US-2025-128671
41.86,19.2556,0.0,US-2025-128671
32.4,15.552,0.0,US-2025-128671
145.764,-8.098,0.1,US-2025-143910
209.148,-66.2302,0.4,US-2025-105459
562.2925,-255.5875,0.45,US-2025-118073
37.312,2.7984,0.2,US-2025-144477
6.48,3.1104,0.0,US-2025-167584
1591.02,286.3836,0.0,US-2025-105459
1399.944,52.4979,0.2,US-2025-155845
241.96,24.196,0.0,US-2025-156251
17.34,4.6818,0.0,US-2025-156692
58.924,-153.2024,0.8,US-2025-141264
11.232,-8.2368,0.7,US-2025-155670
22.32,10.7136,0.0,US-2025-125843
8.52,4.1748,0.0,US-2025-156251
103.6,51.8,0.0,US-2025-125843
10.272,3.21,0.2,US-2025-155670
185.376,-34.758,0.2,US-2025-141264
71.98,15.1158,0.0,US-2025-156692
15.54,7.6146,0.0,US-2025-136021
15.552,5.4432,0.2,US-2025-119515
279.96,48.993,0.2,US-2025-136770
105.552,35.6238,0.2,US-2025-136021
247.188,-49.4376,0.4,US-2025-136770
259.896,-56.3108,0.4,US-2025-136770
225.296,22.5296,0.2,US-2025-154690
312.03,43.6842,0.0,US-2025-167241
122.328,12.2328,0.2,US-2025-123470
18.882,-13.8468,0.7,US-2025-123470
3.15,1.512,0.0,US-2025-166163
37.52,18.0096,0.0,US-2025-167241
17.94,3.0498,0.0,US-2025-167241
705.544,70.5544,0.2,US-2025-118626
165.6,10.35,0.2,US-2025-167241
71.976,7.1976,0.2,US-2025-166163
161.28,12.096,0.2,US-2025-148096
10.86,5.1042,0.0,US-2025-150343
32.4,15.552,0.0,US-2025-113117
15.712,5.6956,0.2,US-2025-157308
5.344,-2.1376,0.6,US-2025-128916
9.552,-3.8208,0.6,US-2025-128916
355.32,99.4896,0.0,US-2025-136133
2.068,-3.4122,0.8,US-2025-113551
83.84,30.392,0.2,US-2025-113551
39.99,11.5971,0.0,US-2025-153353
146.688,55.008,0.2,US-2025-101980
25.32,9.1785,0.2,US-2025-101980
276.784,89.9548,0.2,US-2025-101980
14.78,3.9906,0.0,US-2025-151141
573.174,63.686,0.1,US-2025-122581
815.292,-339.705,0.4,US-2025-146066
2887.056,180.441,0.2,US-2025-126452
33.44,11.704,0.2,US-2025-167983
12.672,4.752,0.2,US-2025-126452
9.216,3.3408,0.2,US-2025-123414
47.52,21.384,0.0,US-2025-126452
12.96,6.2208,0.0,US-2025-126452
28.048,3.506,0.2,US-2025-123414
254.97,91.7892,0.0,US-2025-126452
31.984,-7.996,0.2,US-2025-126452
91.96,-20.691,0.2,US-2025-126452
98.328,9.8328,0.2,US-2025-141880
113.552,8.5164,0.2,US-2025-137239
5.76,1.6704,0.0,US-2025-140256
26.352,-18.4464,0.7,US-2025-130484
3.318,-2.6544,0.7,US-2025-137239
4.312,-6.8992,0.8,US-2025-148334
134.288,45.3222,0.2,US-2025-137239
19.44,9.3312,0.0,US-2025-106313
532.704,-39.9528,0.2,US-2025-150350
22.608,-10.1736,0.6,US-2025-160528
43.1,11.206,0.0,US-2025-150350
1040.8,281.016,0.0,US-2025-158001
29.34,7.9218,0.0,US-2025-158001
21.3,8.733,0.0,US-2025-158001
135.9,63.873,0.0,US-2025-150350
25.2,11.592,0.0,US-2025-117793
37.59,17.6673,0.0,US-2025-117793
34.68,16.9932,0.0,US-2025-150350
14.97,4.1916,0.0,US-2025-117793
727.296,-172.7328,0.2,US-2025-160528
15.88,0.1588,0.0,US-2025-150350
666.4,-33.32,0.2,US-2025-160528
1.98,0.891,0.0,US-2025-117793
837.6,62.82,0.2,US-2025-150350
1603.136,100.196,0.2,US-2025-128594
1024.716,-29.2776,0.3,US-2025-152289
186.54,41.0388,0.0,US-2025-163174
447.84,98.5248,0.0,US-2025-114601
8.26,3.7996,0.0,US-2025-100405
8.64,2.5056,0.0,US-2025-114601
5.472,1.6416,0.2,US-2025-132094
146.688,45.84,0.2,US-2025-102141
10.23,4.9104,0.0,US-2025-105585
6.48,3.1104,0.0,US-2025-148201
11.56,5.6644,0.0,US-2025-114601
31.008,11.2404,0.2,US-2025-160598
154.9,69.705,0.0,US-2025-105585
47.984,13.1956,0.2,US-2025-132094
47.97,14.8707,0.0,US-2025-163538
249.95,87.4825,0.0,US-2025-127425
479.97,163.1898,0.0,US-2025-114601
159.984,43.9956,0.2,US-2025-152289
209.97,58.7916,0.0,US-2025-114601
33.0,8.25,0.0,US-2025-127425
244.615,20.967,0.3,US-2025-145982
29.0,13.92,0.0,US-2025-145982
11.68,5.256,0.0,US-2025-145982
9.216,3.3408,0.2,US-2025-116764
122.97,60.2553,0.0,US-2025-145982
3.528,1.1466,0.2,US-2025-146710
81.54,36.693,0.0,US-2025-145982
79.92,27.972,0.2,US-2025-117919
4.624,1.6762,0.2,US-2025-146710
14.16,1.062,0.2,US-2025-117919
55.168,6.2064,0.2,US-2025-146710
51.52,-10.948,0.2,US-2025-146710
59.97,28.7856,0.0,US-2025-145982
156.3728,-52.8908,0.32,US-2025-145303
13.14,-21.681,0.8,US-2025-145303
10.024,-16.5396,0.8,US-2025-145303
18.432,-12.288,0.7,US-2025-137652
15.48,5.6115,0.2,US-2025-144211
108.576,8.1432,0.2,US-2025-144211
163.88,-81.94,0.5,US-2025-159912
241.92,-56.448,0.4,US-2025-159912
3.486,-2.7888,0.7,US-2025-159912
1.788,-3.0396,0.8,US-2025-158568
10.584,-2.3814,0.2,US-2025-159912
64.624,22.6184,0.2,US-2025-158568
27.93,8.0997,0.0,US-2025-161207
95.976,-10.7973,0.2,US-2025-158568
22.0,5.5,0.0,US-2025-128727
786.744,-258.5016,0.3,US-2025-141544
47.04,15.9936,0.0,US-2025-165995
37.764,-27.6936,0.7,US-2025-141544
100.24,33.831,0.2,US-2025-141544
54.224,3.389,0.2,US-2025-141544
290.898,-67.8762,0.4,US-2025-141544
339.96,42.495,0.2,US-2025-165995
23.968,2.3968,0.2,US-2025-117408
191.82,61.3824,0.0,US-2025-151561
376.74,71.162,0.1,US-2025-116526
11.96,2.99,0.0,US-2025-116526
29.52,14.4648,0.0,US-2025-116526
26.4,12.672,0.0,US-2025-116526
3.048,1.0668,0.2,US-2025-129714
24.1,11.086,0.0,US-2025-116526
4355.168,1415.4296,0.2,US-2025-129714
21.88,10.94,0.0,US-2025-120859
12.78,5.751,0.0,US-2025-124583
16.688,5.4236,0.2,US-2025-155481
24.56,11.5432,0.0,US-2025-129714
49.12,23.0864,0.0,US-2025-129714
30.48,9.906,0.2,US-2025-155481
10.95,3.285,0.0,US-2025-151561
6.79,2.3086,0.0,US-2025-129714
468.9,206.316,0.0,US-2025-151561
72.48,30.4416,0.0,US-2025-151561
23.988,-4.7976,0.4,US-2025-155481
8.78,2.2828,0.0,US-2025-116526
215.976,-2.6997,0.2,US-2025-106278
84.272,-75.8448,0.6,US-2025-129847
94.68,31.2444,0.0,US-2025-126732
39.98,9.995,0.0,US-2025-130407
568.728,28.4364,0.2,US-2025-126732
472.518,-149.6307,0.4,US-2025-106950
309.456,34.8138,0.2,US-2025-106950
75.48,19.6248,0.0,US-2025-130407
19.456,3.4048,0.2,US-2025-106950
18.69,5.2332,0.0,US-2025-126732
22.911,-17.5651,0.7,US-2025-106950
8.608,-13.3424,0.8,US-2025-112739
7.312,2.5592,0.2,US-2025-126732
17.22,-12.628,0.7,US-2025-106950
8.26,3.8822,0.0,US-2025-116540
65.94,30.9918,0.0,US-2025-106278
1.81,0.6516,0.0,US-2025-116540
29.24,9.8685,0.2,US-2025-144764
23.67,0.9468,0.0,US-2025-126732
35.168,-8.3524,0.2,US-2025-144764
46.53,12.0978,0.0,US-2025-113096
159.56,33.9065,0.2,US-2025-112739
1012.68,303.804,0.2,US-2025-106950
999.98,449.991,0.0,US-2025-166429
1362.9,-19.47,0.3,US-2025-144764
1091.168,68.198,0.2,US-2025-126732
344.94,31.0446,0.0,US-2025-147711
198.744,0.0,0.3,US-2025-104815
14.76,4.2804,0.0,US-2025-147711
83.952,-90.2484,0.6,US-2025-100566
87.28,41.0216,0.0,US-2025-101616
1141.47,-760.98,0.7,US-2025-158099
12.76,5.8696,0.0,US-2025-147711
8.808,-14.9736,0.8,US-2025-159737
58.48,27.4856,0.0,US-2025-147711
30.96,11.223,0.2,US-2025-153185
48.16,22.1536,0.0,US-2025-132143
54.5,14.17,0.0,US-2025-163986
280.782,-46.797,0.4,US-2025-158099
24.27,8.7372,0.0,US-2025-129630
42.6,16.614,0.0,US-2025-131205
63.94,24.9366,0.0,US-2025-123120
87.168,8.7168,0.2,US-2025-149783
62.376,7.0173,0.2,US-2025-169971
3.912,1.0269,0.2,US-2025-169971
31.744,8.3328,0.2,US-2025-149783
5.28,2.5344,0.0,US-2025-131205
113.94,54.6912,0.0,US-2025-131205
60.6,20.4525,0.2,US-2025-123120
16.56,7.7832,0.0,US-2025-142524
239.5,114.96,0.0,US-2025-117604
12.192,4.1148,0.2,US-2025-149783
535.41,160.623,0.0,US-2025-168774
129.92,5.1968,0.0,US-2025-131205
22.72,6.5888,0.0,US-2025-123120
279.95,67.188,0.0,US-2025-142524
2799.96,944.9865,0.2,US-2025-129630
887.271,-63.3765,0.3,US-2025-158778
71.246,-19.3382,0.3,US-2025-158778
242.94,29.1528,0.0,US-2025-115756
347.802,-24.843,0.3,US-2025-148110
85.246,-1.2178,0.3,US-2025-162383
12.22,3.666,0.0,US-2025-115756
58.248,11.6496,0.2,US-2025-158778
21.204,-11.6622,0.6,US-2025-136595
82.8,10.35,0.2,US-2025-110366
1652.94,314.0586,0.0,US-2025-121013
62.79,-166.3935,0.8,US-2025-144540
7.872,0.5904,0.2,US-2025-158778
107.94,26.985,0.0,US-2025-140774
11.68,3.942,0.2,US-2025-151372
86.058,-63.1092,0.7,US-2025-136231
8.856,-6.4944,0.7,US-2025-162383
8.952,-7.46,0.7,US-2025-162383
9.555,-7.3255,0.7,US-2025-154536
23.472,7.6284,0.2,US-2025-136231
4.36,1.7876,0.0,US-2025-151372
15.808,5.3352,0.2,US-2025-149195
28.44,4.266,0.2,US-2025-144540
22.05,10.584,0.0,US-2025-115756
25.06,11.7782,0.0,US-2025-121013
10.272,3.21,0.2,US-2025-136231
192.16,92.2368,0.0,US-2025-133319
25.92,9.072,0.2,US-2025-149195
10.368,3.7584,0.2,US-2025-149195
91.36,42.0256,0.0,US-2025-115756
96.08,46.1184,0.0,US-2025-151372
9.248,3.3524,0.2,US-2025-164490
194.94,23.3928,0.0,US-2025-115756
70.95,20.5755,0.0,US-2025-115756
93.456,-17.523,0.2,US-2025-152373
116.0,29.0,0.0,US-2025-137673
108.784,6.799,0.2,US-2025-136231
278.4,80.736,0.0,US-2025-160815
43.6,12.208,0.0,US-2025-139409
722.352,90.294,0.2,US-2025-102981
77.88,22.5852,0.0,US-2025-149223
3.204,-2.4564,0.7,US-2025-133123
95.952,29.985,0.2,US-2025-133123
41.92,15.196,0.2,US-2025-123932
10.784,0.8088,0.2,US-2025-145240
31.86,11.151,0.0,US-2025-102981
329.584,37.0782,0.2,US-2025-123932
173.94,13.9152,0.0,US-2025-114174
2396.2656,-317.1528,0.32,US-2025-108987
43.13,14.6642,0.0,US-2025-110009
14.136,-7.7748,0.6,US-2025-115455
146.04,-12.7785,0.2,US-2025-153101
601.47,-300.735,0.5,US-2025-115455
207.48,62.244,0.0,US-2025-131499
70.368,6.1572,0.2,US-2025-108868
14.88,3.72,0.0,US-2025-103709
67.136,23.4976,0.2,US-2025-113516
33.024,11.5584,0.2,US-2025-113516
14.76,6.9372,0.0,US-2025-114174
64.704,23.4552,0.2,US-2025-155138
30.87,14.2002,0.0,US-2025-110009
34.24,15.408,0.0,US-2025-103709
131.136,-32.784,0.2,US-2025-108987
261.74,65.435,0.0,US-2025-103709
35.952,3.5952,0.2,US-2025-108987
57.584,0.7198,0.2,US-2025-108987
35.168,8.3524,0.2,US-2025-155138
59.96,21.7355,0.2,US-2025-108868
15.008,-12.0064,0.6,US-2025-137176
14.624,5.484,0.2,US-2025-110023
55.36,18.684,0.2,US-2025-112893
300.93,-34.392,0.3,US-2025-146206
67.56,8.445,0.2,US-2025-164350
276.784,89.9548,0.2,US-2025-126102
14.256,4.455,0.2,US-2025-165918
39.624,13.8684,0.2,US-2025-165918
7.38,3.4686,0.0,US-2025-165918
81.98,40.1702,0.0,US-2025-165918
6.69,3.0774,0.0,US-2025-118780
59.48,8.922,0.0,US-2025-118780
719.96,53.997,0.2,US-2025-146206
519.68,58.464,0.2,US-2025-112277
2.912,0.91,0.2,US-2025-143476
22.428,-17.9424,0.7,US-2025-164154
39.872,12.9584,0.2,US-2025-116561
1.908,-3.2436,0.8,US-2025-150007
99.568,33.6042,0.2,US-2025-130225
11.09,5.4341,0.0,US-2025-102162
6.0,2.1,0.2,US-2025-150007
8.448,2.64,0.2,US-2025-121223
9.568,2.99,0.2,US-2025-143476
20.736,7.2576,0.2,US-2025-143476
7.61,3.5767,0.0,US-2025-145625
37.52,3.752,0.2,US-2025-164154
332.94,6.6588,0.0,US-2025-116561
3347.37,636.0003,0.0,US-2025-145625
1599.92,751.9624,0.0,US-2025-102162
224.75,62.93,0.0,US-2025-153157
728.946,-157.9383,0.4,US-2025-121223
1059.12,307.1448,0.0,US-2025-123946
83.136,5.196,0.2,US-2025-151148
466.768,52.5114,0.2,US-2025-142902
15.232,1.7136,0.2,US-2025-142902
15.136,3.5948,0.2,US-2025-142902
40.48,14.5728,0.0,US-2025-113082
20.704,7.764,0.2,US-2025-128811
10.47,4.8162,0.0,US-2025-128811
11.34,5.2164,0.0,US-2025-123946
6.264,2.0358,0.2,US-2025-142902
11.07,5.2029,0.0,US-2025-128811
68.52,31.5192,0.0,US-2025-152457
67.9,0.679,0.0,US-2025-123946
20.7,1.656,0.0,US-2025-123946
146.952,9.1845,0.2,US-2025-151148
1336.44,387.5676,0.0,US-2025-105732
378.0,136.08,0.0,US-2025-105732
14.4,7.056,0.0,US-2025-105732
17.64,8.6436,0.0,US-2025-105732
17.61,8.4528,0.0,US-2025-105732
40.74,0.4074,0.0,US-2025-105732
373.08,100.7316,0.0,US-2025-105732
16.9,5.07,0.0,US-2025-105732
149.95,41.986,0.0,US-2025-105732
29.97,0.2997,0.0,US-2025-105732
673.568,252.588,0.2,US-2025-153178
25.92,12.4416,0.0,US-2025-155439
437.85,131.355,0.0,US-2025-153178
1128.39,259.5297,0.0,US-2025-116911
35.4,13.452,0.0,US-2025-160479
20.416,6.6352,0.2,US-2025-116911
48.664,15.8158,0.2,US-2025-128678
841.568,294.5488,0.2,US-2025-149797
21.4,10.058,0.0,US-2025-128678
5.344,1.8704,0.2,US-2025-149370
273.666,-12.8784,0.15,US-2025-123337
121.78,30.445,0.0,US-2025-162159
17.48,4.5448,0.0,US-2025-123337
12.96,6.3504,0.0,US-2025-134369
113.888,9.9652,0.2,US-2025-159730
14.82,6.2244,0.0,US-2025-152415
191.82,61.3824,0.0,US-2025-152415
109.48,33.9388,0.0,US-2025-164091
33.4,12.358,0.0,US-2025-105900
20.1,6.633,0.0,US-2025-109806
232.4,78.435,0.2,US-2025-111416
12.32,5.9136,0.0,US-2025-148957
6.48,3.1104,0.0,US-2025-109806
295.4,-62.7725,0.2,US-2025-131093
396.0,190.08,0.0,US-2025-134208
437.85,131.355,0.0,US-2025-164091
105.584,7.9188,0.2,US-2025-159730
73.584,8.2782,0.2,US-2025-109806
801.568,50.098,0.2,US-2025-133935
631.782,140.396,0.1,US-2025-120355
350.98,84.2352,0.0,US-2025-145905
99.372,-7.098,0.3,US-2025-157511
885.528,-99.6219,0.2,US-2025-133935
5.352,1.6056,0.2,US-2025-157511
60.72,26.1096,0.0,US-2025-120355
383.438,-167.3184,0.45,US-2025-140928
2.672,0.3674,0.2,US-2025-157511
4.616,1.731,0.2,US-2025-106075
3.0,1.05,0.2,US-2025-111409
368.91,180.7659,0.0,US-2025-133935
13.08,6.0168,0.0,US-2025-145905
900.08,117.0104,0.0,US-2025-145905
239.984,23.9984,0.2,US-2025-110086
701.372,-50.098,0.3,US-2025-156097
872.32,244.2496,0.0,US-2025-168354
25.632,3.8448,0.2,US-2025-120250
25.44,12.72,0.0,US-2025-102932
8.928,3.1248,0.2,US-2025-168557
11.952,4.1832,0.2,US-2025-114888
2.308,-3.462,0.8,US-2025-156097
49.53,23.7744,0.0,US-2025-168354
159.88,73.5448,0.0,US-2025-130267
17.04,7.668,0.0,US-2025-168354
69.52,17.38,0.0,US-2025-158610
1606.23,481.869,0.0,US-2025-168354
27.93,8.0997,0.0,US-2025-102932
6.24,1.872,0.0,US-2025-114888
5.04,0.1512,0.0,US-2025-142370
249.95,107.4785,0.0,US-2025-142370
163.88,40.97,0.0,US-2025-166772
98.392,-11.0691,0.2,US-2025-134516
17.088,1.068,0.2,US-2025-134516
393.25,129.7725,0.0,US-2025-145611
11.76,3.1752,0.0,US-2025-100244
48.64,15.808,0.2,US-2025-100244
271.984,88.3948,0.2,US-2025-100244
83.7,41.013,0.0,US-2025-126284
65.79,30.2634,0.0,US-2025-100244
77.52,37.9848,0.0,US-2025-100244
37.68,16.96,0.0,CA-2025-153738
68.432,8.554,0.2,US-2025-125724
18.96,7.584,0.0,US-2025-119641
13.28,6.3744,0.0,US-2025-155404
7.872,0.8856,0.2,US-2025-120257
40.776,4.5873,0.2,US-2025-109743
7.506,-6.0048,0.7,US-2025-116232
63.968,19.99,0.2,US-2025-166653
16.56,5.796,0.2,US-2025-116232
16.52,5.369,0.2,US-2025-151974
35.56,16.7132,0.0,US-2025-157728
35.88,16.146,0.0,US-2025-158617
128.34,37.2186,0.0,US-2025-135965
97.98,27.4344,0.0,US-2025-157728
63.936,5.5944,0.2,US-2025-109743
63.968,19.99,0.2,CA-2025-125724
368.97,81.1734,0.0,US-2025-149979
184.752,-20.7846,0.2,US-2025-159009
532.704,-26.6352,0.2,US-2025-129469
28.0,7.7,0.2,US-2025-124016
4.912,0.307,0.2,US-2025-129469
12.201,-9.7608,0.7,US-2025-124016
10.528,3.6848,0.2,US-2025-101742
13.216,4.4604,0.2,US-2025-159009
4.08,1.9176,0.0,US-2025-106656
18.9,8.694,0.0,US-2025-106656
11.952,4.0338,0.2,US-2025-124016
118.25,34.2925,0.0,US-2025-149979
13.68,3.6936,0.0,US-2025-110730
563.24,56.324,0.2,US-2025-100944
155.372,-13.3176,0.3,US-2025-134488
63.2,23.384,0.0,US-2025-147340
21.44,7.504,0.2,US-2025-108875
127.95,21.7515,0.0,US-2025-154235
6.38,2.9348,0.0,US-2025-141551
442.372,-729.9138,0.8,US-2025-132479
304.9,143.303,0.0,US-2025-100944
41.7,20.85,0.0,US-2025-155187
6.48,3.1104,0.0,US-2025-141551
41.96,2.9372,0.0,US-2025-155187
511.056,-95.823,0.2,US-2025-108875
477.666,84.294,0.15,US-2025-148747
483.136,60.392,0.2,US-2025-125402
201.96,50.49,0.0,US-2025-124163
68.64,17.16,0.0,US-2025-124163
393.165,-204.4458,0.5,US-2025-122245
286.256,17.891,0.2,US-2025-113978
3.04,1.0336,0.0,US-2025-124163
5.76,1.6704,0.0,US-2025-125402
16.56,6.9552,0.0,US-2025-101385
5.022,-3.5154,0.7,US-2025-140417
15.936,5.1792,0.2,US-2025-123722
4.98,2.2908,0.0,US-2025-125402
29.6,14.8,0.0,US-2025-125402
10.9,5.123,0.0,US-2025-125402
60.048,22.518,0.2,US-2025-140417
331.536,-82.884,0.2,US-2025-113978
24.224,-4.8448,0.2,US-2025-113978
499.95,174.9825,0.0,US-2025-124163
479.976,161.9919,0.2,US-2025-125402
44.736,4.4736,0.2,US-2025-125402
424.9575,19.998,0.15,US-2025-146794
454.965,-136.4895,0.3,US-2025-143406
747.558,-96.1146,0.3,US-2025-157945
236.88,66.3264,0.0,US-2025-169957
93.032,-251.1864,0.8,US-2025-143406
35.4,13.452,0.0,US-2025-145898
15.624,-24.9984,0.8,US-2025-149790
6.816,-11.5872,0.8,US-2025-132017
8.928,3.348,0.2,US-2025-157945
7.83,3.6018,0.0,US-2025-145898
29.9,13.455,0.0,US-2025-145898
9.99,4.4955,0.0,US-2025-157714
29.9,14.651,0.0,US-2025-169957
12.96,6.2208,0.0,US-2025-165820
51.45,13.8915,0.0,US-2025-145898
431.976,-75.5958,0.2,US-2025-109260
100.0,21.0,0.0,US-2025-169957
9.99,4.4955,0.0,CA-2025-192314
956.6648,-225.0976,0.32,US-2025-110170
13.89,4.5837,0.0,US-2025-123176
2.907,-2.0349,0.7,US-2025-163202
17.94,8.7906,0.0,US-2025-123176
1001.584,125.198,0.2,US-2025-140249
99.136,30.98,0.2,US-2025-134656
40.88,10.6288,0.0,US-2025-161781
25.92,7.776,0.0,US-2025-108616
10.496,1.1808,0.2,US-2025-106621
62.94,30.2112,0.0,US-2025-108616
27.24,9.534,0.2,US-2025-138037
15.936,5.1792,0.2,US-2025-134362
18.97,9.1056,0.0,US-2025-101497
209.97,71.3898,0.0,US-2025-108616
36.24,15.2208,0.0,US-2025-125794
859.2,75.18,0.2,US-2025-108056
523.92,-26.196,0.2,US-2025-106243
1.964,-3.2406,0.8,US-2025-108644
194.848,12.178,0.2,US-2025-157686
41.85,10.881,0.0,US-2025-155992
330.588,-115.7058,0.4,US-2025-139157
30.976,5.0336,0.2,US-2025-116918
5.388,-4.49,0.7,US-2025-116918
28.352,9.5688,0.2,US-2025-111794
79.512,20.8719,0.2,US-2025-111794
69.9,18.873,0.0,US-2025-155992
61.44,16.5888,0.0,US-2025-134376
33.96,9.5088,0.0,US-2025-118689
54.792,-40.1808,0.7,US-2025-118969
34.37,16.8413,0.0,US-2025-118689
735.98,331.191,0.0,US-2025-118689
32.48,4.872,0.0,US-2025-118689
17499.95,8399.976,0.0,US-2025-118689
599.292,93.2232,0.1,US-2025-144939
915.136,102.9528,0.2,US-2025-101672
38.08,-29.512,0.6,US-2025-103919
15.648,5.0856,0.2,US-2025-140634
6.16,2.9568,0.0,US-2025-101672
97.82,45.9754,0.0,US-2025-101672
8.56,3.852,0.0,US-2025-101672
11.568,2.6028,0.2,US-2025-145709
239.372,-23.9372,0.3,US-2025-131296
30.4,13.984,0.0,US-2025-140158
59.752,19.4194,0.2,US-2025-121601
119.1,34.539,0.0,US-2025-140158
5399.91,2591.9568,0.0,US-2025-140158
52.68,19.755,0.2,US-2025-145709
11.976,-9.1816,0.7,US-2025-157490
17.904,-14.92,0.7,US-2025-157490
28.85,14.425,0.0,US-2025-115952
67.96,0.8495,0.2,US-2025-157490
703.71,-938.28,0.7,US-2025-157490
27.264,8.8608,0.2,US-2025-162614
93.36,0.9336,0.0,US-2025-139808
4.928,1.7248,0.2,US-2025-163216
10.56,5.0688,0.0,US-2025-155033
837.6,62.82,0.2,US-2025-127649
51.712,-32.32,0.6,US-2025-126844
60.144,20.2986,0.2,US-2025-149685
61.96,27.882,0.0,US-2025-162026
387.72,-67.851,0.2,US-2025-135636
169.568,0.0,0.2,US-2025-114748
332.832,-24.9624,0.2,US-2025-128909
1.408,0.1584,0.2,US-2025-114748
19.136,5.98,0.2,US-2025-128909
23.976,-15.5844,0.4,US-2025-116974
90.882,-190.8522,0.7,US-2025-157707
120.784,13.5882,0.2,US-2025-157707
14.0,-6.3,0.6,US-2025-126627
16.392,-26.2272,0.8,US-2025-126627
4.095,-2.73,0.7,US-2025-150357
20.608,-4.3792,0.2,US-2025-150357
15.992,-2.9985,0.2,US-2025-157707
15.992,-2.9985,0.2,CA-2025-126627
120.784,13.5882,0.2,CA-2025-126627
27.72,3.465,0.2,US-2025-113390
5.344,0.668,0.2,US-2025-113390
24.96,4.368,0.2,US-2025-100839
43.12,20.6976,0.0,US-2025-145583
139.92,-150.414,0.6,US-2025-154018
82.26,33.7266,0.0,US-2025-101161
727.45,-465.568,0.5,US-2025-100839
11.52,3.456,0.0,US-2025-145583
34.7,12.492,0.0,US-2025-101161
15.872,1.1904,0.2,US-2025-154018
6.286,-11.0005,0.8,US-2025-154018
76.176,26.6616,0.2,US-2025-145583
4.02,1.9698,0.0,US-2025-145583
24.9,11.454,0.0,US-2025-101161
8.288,3.0044,0.2,US-2025-154018
37.94,18.2112,0.0,US-2025-101161
35.44,16.6568,0.0,US-2025-145583
20.04,9.6192,0.0,US-2025-145583
99.87,23.9688,0.0,US-2025-101161
65.88,18.4464,0.0,US-2025-145583
191.976,23.997,0.2,US-2025-154018
102.592,10.2592,0.2,US-2025-156503
35.008,13.128,0.2,US-2025-156503
111.96,54.8604,0.0,US-2025-113607
93.024,33.7212,0.2,US-2025-156503
39.152,14.682,0.2,US-2025-156503
12.768,1.4364,0.2,US-2025-156503
177.0,30.09,0.0,US-2025-108098
22.704,5.9598,0.2,US-2025-156503
1649.75,544.4175,0.0,US-2025-125220
1091.93,272.9825,0.0,US-2025-113607
43.26,14.2758,0.0,US-2025-142097
868.59,251.8911,0.0,US-2025-124352
121.6,55.936,0.0,US-2025-124352
41.72,13.0375,0.2,US-2025-125738
232.96,116.48,0.0,US-2025-142097
66.54,32.6046,0.0,US-2025-142097
29.46,14.4354,0.0,US-2025-124352
20.16,9.8784,0.0,US-2025-124352
45.68,21.0128,0.0,US-2025-125738
71.6,32.936,0.0,US-2025-125738
60.12,28.8576,0.0,US-2025-125738
12.96,6.2208,0.0,US-2025-124352
5.5,1.375,0.0,US-2025-124352
142.182,-37.9152,0.4,US-2025-132066
120.98,12.098,0.0,US-2025-152688
120.666,21.294,0.15,US-2025-163972
1927.59,751.7601,0.0,US-2025-147256
18.16,6.583,0.2,US-2025-141586
315.98,148.5106,0.0,US-2025-152688
449.97,220.4853,0.0,US-2025-147256
307.92,-34.641,0.2,US-2025-159856
6.48,3.11,0.0,CA-2025-174514
387.136,4.8392,0.2,US-2025-139549
56.686,-14.5764,0.3,US-2025-133697
61.1,18.33,0.0,US-2025-105753
7.152,0.7152,0.2,US-2025-106341
19.296,6.03,0.2,US-2025-168921
25.248,7.89,0.2,US-2025-133697
51.016,15.9425,0.2,US-2025-133697
20.86,1.4602,0.0,US-2025-160220
125.7,35.196,0.0,US-2025-160220
191.98,51.8346,0.0,US-2025-160220
1043.92,271.4192,0.0,US-2025-155516
242.136,12.1068,0.2,US-2025-161746
45.568,9.6832,0.2,US-2025-136322
19.96,5.5888,0.0,US-2025-161746
661.176,-231.4116,0.4,US-2025-125080
12.39,5.6994,0.0,US-2025-161746
113.22,29.4372,0.0,US-2025-138478
4535.976,1644.2913,0.2,US-2025-138478
23.2,10.44,0.0,US-2025-155516
7.92,3.564,0.0,US-2025-151169
28.752,-21.0848,0.7,US-2025-136322
35.88,17.5812,0.0,US-2025-138478
22.92,11.2308,0.0,US-2025-112340
104.79,29.3412,0.0,US-2025-155516
340.92,3.4092,0.0,US-2025-161746
154.44,1.5444,0.0,US-2025-144729
111.672,6.9795,0.2,US-2025-169334
7.36,0.1472,0.0,US-2025-155516
106.08,-9.282,0.2,US-2025-166373
98.16,9.816,0.0,US-2025-111493
235.152,-47.0304,0.4,US-2025-133669
31.4,10.048,0.0,US-2025-165148
101.94,30.582,0.0,US-2025-169887
39.92,11.1776,0.0,US-2025-116400
8.34,2.2518,0.0,US-2025-169887
6.68,3.2064,0.0,US-2025-169887
16.156,-12.117,0.6,US-2025-165484
17.05,8.184,0.0,US-2025-151323
379.4,178.318,0.0,US-2025-132661
54.816,17.8152,0.2,US-2025-165484
15.552,5.4432,0.2,US-2025-158925
450.0,162.0,0.0,US-2025-118311
199.99,85.9957,0.0,US-2025-166275
359.98,21.5988,0.0,US-2025-121748
100.0,21.0,0.0,US-2025-121748
239.976,17.9982,0.2,US-2025-121020
783.96,78.396,0.2,US-2025-153318
427.644,80.7772,0.1,US-2025-116596
290.98,75.6548,0.0,US-2025-120873
40.2,19.296,0.0,US-2025-152632
43.92,11.8584,0.0,US-2025-156811
25.032,7.8225,0.2,US-2025-156811
9.728,3.2832,0.2,US-2025-116596
67.136,25.176,0.2,US-2025-117387
40.67,12.6077,0.0,US-2025-116596
33.48,1.3392,0.0,US-2025-116596
47.952,13.7862,0.2,US-2025-144344
77.6,38.024,0.0,US-2025-142545
63.968,0.0,0.2,US-2025-144344
165.048,41.262,0.2,US-2025-144344
756.8,75.68,0.0,US-2025-120369
12.42,5.2164,0.0,US-2025-125815
38.19,-26.733,0.7,US-2025-140641
49.536,17.3376,0.2,US-2025-134775
14.28,6.5688,0.0,US-2025-142545
37.425,-29.94,0.7,US-2025-144344
17.616,-14.0928,0.7,US-2025-144393
32.4,15.552,0.0,US-2025-142545
56.91,27.3168,0.0,US-2025-142545
50.96,25.48,0.0,US-2025-134775
93.06,26.0568,0.0,US-2025-130162
1082.48,10.8248,0.0,US-2025-142545
302.376,22.6782,0.2,US-2025-130162
67.0,32.16,0.0,US-2025-146682
11.67,3.0342,0.0,US-2025-112389
11.744,3.8168,0.2,US-2025-131912
40.74,0.4074,0.0,US-2025-112389
11.68,3.504,0.0,US-2025-167290
114.95,32.186,0.0,US-2025-153836
28.752,10.0632,0.2,US-2025-153836
3.62,1.1946,0.0,US-2025-105291
492.835,-14.081,0.3,US-2025-119165
1403.92,70.196,0.2,US-2025-146913
368.97,81.1734,0.0,US-2025-140130
12.39,3.4692,0.0,US-2025-140130
32.064,11.2224,0.2,US-2025-142251
332.94,9.9882,0.0,US-2025-140130
1085.42,282.2092,0.0,US-2025-144218
21.96,6.1488,0.0,US-2025-140130
251.79,118.3413,0.0,US-2025-159212
111.672,6.9795,0.2,US-2025-100671
68.112,17.8794,0.2,US-2025-129196
21.8,6.104,0.0,US-2025-159212
217.584,-29.9178,0.2,US-2025-114972
470.155,-13.433,0.3,US-2025-134180
24.1,9.158,0.0,US-2025-168893
842.94,160.1586,0.0,US-2025-168893
43.32,14.2956,0.0,US-2025-109365
1101.48,429.5772,0.0,US-2025-114972
75.96,22.788,0.0,US-2025-128867
7.98,2.0748,0.0,US-2025-168893
8.82,2.3814,0.0,US-2025-127250
8.75,2.625,0.0,US-2025-168893
9.296,3.0212,0.2,US-2025-109365
4.158,-3.465,0.7,US-2025-159023
27.24,13.3476,0.0,US-2025-128867
43.584,15.7992,0.2,US-2025-109365
15.26,5.0358,0.0,US-2025-109365
20.0,9.6,0.0,US-2025-168893
87.71,41.2237,0.0,US-2025-114972
19.44,9.3312,0.0,US-2025-109365
116.28,56.9772,0.0,US-2025-109365
9.248,3.3524,0.2,US-2025-160136
314.55,150.984,0.0,US-2025-109365
82.95,29.0325,0.0,US-2025-114972
72.0,14.4,0.2,US-2025-134180
179.991,-251.9874,0.7,US-2025-159023
650.352,-97.5528,0.2,US-2025-163328
104.784,-14.4078,0.2,US-2025-163328
66.112,-84.2928,0.6,US-2025-111563
50.496,8.2056,0.2,US-2025-165827
11.376,-5.688,0.6,US-2025-111563
209.88,35.6796,0.0,US-2025-163755
38.29,16.4647,0.0,US-2025-166443
876.3,-292.1,0.4,US-2025-162236
192.8,55.912,0.0,US-2025-146766
4.176,1.305,0.2,US-2025-119018
7.712,2.7956,0.2,US-2025-119018
10.74,5.2626,0.0,US-2025-143308
629.184,228.0792,0.2,US-2025-163328
15.176,5.3116,0.2,US-2025-163328
38.88,18.6624,0.0,US-2025-119018
47.952,16.7832,0.2,US-2025-163328
45.248,3.9592,0.2,US-2025-162236
17.584,-4.1762,0.2,US-2025-163328
185.376,-34.758,0.2,US-2025-162236
686.4,77.22,0.2,US-2025-158260
956.6648,-225.0976,0.32,US-2025-131611
113.888,9.9652,0.2,US-2025-144092
756.8,75.68,0.0,US-2025-157280
273.96,71.2296,0.0,US-2025-157280
863.128,-160.2952,0.3,US-2025-131611
39.68,16.2688,0.0,US-2025-165078
12.588,-20.1408,0.8,US-2025-131611
104.9,50.352,0.0,US-2025-165078
53.248,19.968,0.2,US-2025-148908
29.12,9.828,0.2,US-2025-140207
3.564,-6.237,0.8,US-2025-131611
158.13,77.4837,0.0,US-2025-144092
51.75,24.84,0.0,US-2025-165078
11.84,4.44,0.2,US-2025-143441
89.97,18.8937,0.0,US-2025-157280
72.0,12.96,0.0,US-2025-144092
171.96,45.1395,0.2,US-2025-131611
479.72,52.7692,0.0,US-2025-125094
23.988,-15.992,0.4,US-2025-106677
207.984,-28.5978,0.2,US-2025-153815
81.424,-9.1602,0.2,US-2025-125969
238.56,26.2416,0.0,US-2025-125969
35.568,5.7798,0.2,US-2025-153815
36.112,12.6392,0.2,US-2025-153815
88.768,31.0688,0.2,US-2025-153815
84.84,22.9068,0.0,US-2025-109925
1603.136,100.196,0.2,US-2025-152247
44.46,-17.784,0.6,US-2025-116337
14.82,6.2244,0.0,US-2025-147585
37.44,11.7,0.2,US-2025-161669
57.584,20.1544,0.2,US-2025-116379
26.976,8.7672,0.2,US-2025-161669
27.68,9.688,0.2,US-2025-113817
276.784,89.9548,0.2,US-2025-132997
14.96,0.2992,0.0,US-2025-139388
14.62,6.8714,0.0,US-2025-161669
12.9,6.321,0.0,US-2025-164896
12.96,6.2208,0.0,US-2025-132997
314.088,19.6305,0.2,US-2025-116337
116.82,5.841,0.0,US-2025-132997
11.36,3.2944,0.0,US-2025-161669
119.976,22.4955,0.2,US-2025-144554
479.97,163.1898,0.0,US-2025-168830
263.96,71.2692,0.0,US-2025-132997
359.97,100.7916,0.0,US-2025-132997
261.96,41.9136,0.0,US-2025-152156
731.94,219.582,0.0,US-2025-152156
479.97,177.5889,0.0,US-2025-138233
341.96,54.7136,0.0,US-2025-140935
148.288,29.6576,0.2,US-2025-145177
467.46,191.6586,0.0,US-2025-158694
37.3,17.158,0.0,US-2025-119935
9.98,2.7944,0.0,US-2025-162348
129.92,38.976,0.0,US-2025-158694
334.88,29.302,0.2,US-2025-145177
14.7,3.969,0.0,US-2025-158694
41.86,10.465,0.0,US-2025-137736
20.368,7.3834,0.2,US-2025-125164
81.96,39.3408,0.0,US-2025-119935
69.888,-46.592,0.7,US-2025-145177
3.64,1.365,0.2,US-2025-127761
70.008,24.5028,0.2,US-2025-105494
49.848,16.8237,0.2,US-2025-125164
5.184,1.8144,0.2,US-2025-158694
13.216,4.4604,0.2,US-2025-163384
9.216,3.3408,0.2,US-2025-145177
4.624,1.6762,0.2,US-2025-145177
61.4,28.858,0.0,US-2025-158694
22.248,7.5087,0.2,US-2025-145177
67.71,32.5008,0.0,US-2025-158694
31.104,10.8864,0.2,US-2025-136581
32.4,15.552,0.0,US-2025-163384
89.568,32.4684,0.2,US-2025-145177
29.74,4.461,0.0,US-2025-152940
720.76,187.3976,0.0,US-2025-158694
38.976,-2.436,0.2,US-2025-115588
155.82,42.0714,0.0,US-2025-105494
14.72,-3.312,0.2,US-2025-115588
178.92,-29.0745,0.2,US-2025-145177
279.944,48.9902,0.2,US-2025-144547
41.958,-9.7902,0.4,US-2025-145177
221.98,62.1544,0.0,US-2025-140935
881.93,220.4825,0.0,US-2025-127761
245.646,8.1882,0.1,US-2025-145548
47.992,-2.0568,0.3,US-2025-124506
451.152,0.0,0.2,US-2025-116722
6.96,2.2272,0.0,US-2025-130799
41.96,10.9096,0.0,US-2025-116722
2678.94,241.1046,0.0,US-2025-164196
671.544,50.3658,0.2,US-2025-131968
92.94,25.0938,0.0,US-2025-145548
14.112,1.2348,0.2,US-2025-103128
55.008,17.19,0.2,US-2025-145548
31.504,11.0264,0.2,US-2025-116722
9.888,-6.9216,0.7,US-2025-131968
35.232,11.4504,0.2,US-2025-145548
83.36,20.84,0.0,US-2025-124667
28.14,7.8792,0.0,US-2025-145548
36.0,6.48,0.0,US-2025-145548
95.968,1.1996,0.2,US-2025-124506
59.97,14.9925,0.0,US-2025-124667
257.98,74.8142,0.0,US-2025-139878
1537.074,0.0,0.3,US-2025-124590
449.372,-12.8392,0.3,US-2025-124590
1474.802,-21.0686,0.3,US-2025-124590
22.752,-8.532,0.6,US-2025-149349
674.352,-8.4294,0.2,US-2025-164399
110.096,33.0288,0.2,US-2025-124590
37.68,10.5504,0.0,US-2025-152170
20.58,5.5566,0.0,US-2025-152170
17.38,8.69,0.0,US-2025-152170
6.27,-4.598,0.7,US-2025-134348
4.368,-3.3488,0.7,US-2025-134348
287.52,129.384,0.0,US-2025-152170
16.752,5.4444,0.2,US-2025-124590
19.98,8.991,0.0,US-2025-152170
31.984,1.999,0.2,US-2025-134348
203.976,25.497,0.2,US-2025-164399
30.36,13.0548,0.0,US-2025-128972
4.18,1.5048,0.0,US-2025-149461
19.54,7.2298,0.0,US-2025-147683
44.02,11.4452,0.0,US-2025-155488
140.75,39.41,0.0,US-2025-101336
3.136,-4.704,0.8,US-2025-162103
14.94,6.8724,0.0,US-2025-113677
217.056,78.6828,0.2,US-2025-118570
24.88,6.9664,0.0,US-2025-101336
77.55,20.163,0.0,US-2025-101336
36.63,9.8901,0.0,US-2025-101336
52.136,5.8653,0.2,US-2025-121958
2279.96,592.7896,0.0,US-2025-113677
380.058,-21.7176,0.3,US-2025-121370
408.006,72.5344,0.1,US-2025-118759
19.92,6.5736,0.0,US-2025-117541
48.576,9.7152,0.2,US-2025-121370
23.65,6.149,0.0,US-2025-166618
9.84,2.8536,0.0,US-2025-112970
2.296,-3.9032,0.8,US-2025-134691
8.26,3.8822,0.0,US-2025-131065
7.38,3.4686,0.0,US-2025-149482
16.45,7.567,0.0,US-2025-117541
5.28,2.376,0.0,US-2025-131065
40.44,10.5144,0.0,US-2025-118759
499.98,114.9954,0.0,US-2025-131065
1199.976,179.9964,0.4,US-2025-121370
89.97,25.1916,0.0,US-2025-144351
13.98,3.9144,0.0,US-2025-166618
630.024,-199.5076,0.4,US-2025-130820
38.136,13.3476,0.2,US-2025-146633
1016.792,381.297,0.2,US-2025-146633
99.39,40.7499,0.0,US-2025-105963
361.376,27.1032,0.2,US-2025-148740
8.32,2.808,0.2,US-2025-124527
28.4,13.348,0.0,US-2025-154508
10.776,3.3675,0.2,US-2025-150658
15.232,5.5216,0.2,US-2025-134110
49.5,13.365,0.0,US-2025-118500
67.176,6.7176,0.2,US-2025-134110
301.96,33.2156,0.0,US-2025-115378
255.108,-18.222,0.3,US-2025-119963
67.84,18.3168,0.0,US-2025-166226
103.968,16.8948,0.2,US-2025-158575
6.368,1.0348,0.2,US-2025-119963
61.12,22.156,0.2,US-2025-108630
48.848,15.8756,0.2,US-2025-119963
19.648,6.6312,0.2,US-2025-119963
1117.92,55.896,0.0,US-2025-136812
595.0,95.2,0.0,US-2025-103464
1319.96,527.984,0.0,US-2025-138408
61.192,6.1192,0.2,US-2025-166226
2.328,-0.7566,0.6,US-2025-110156
31.96,1.598,0.0,US-2025-126858
8.74,2.2724,0.0,US-2025-130778
54.96,15.9384,0.0,US-2025-111143
18.48,6.006,0.2,US-2025-157364
17.28,5.0112,0.0,US-2025-113138
17.712,6.4206,0.2,US-2025-113138
1.192,-2.0264,0.8,US-2025-110156
14.352,4.6644,0.2,US-2025-164511
10.78,-17.248,0.8,US-2025-110156
40.968,13.8267,0.2,US-2025-110156
58.368,21.888,0.2,US-2025-110156
44.75,20.585,0.0,US-2025-130778
10.368,3.6288,0.2,US-2025-110156
100.704,-16.3644,0.2,US-2025-110156
64.96,2.5984,0.0,US-2025-164511
68.6,18.522,0.0,US-2025-164511
71.96,25.186,0.2,US-2025-110156
289.568,10.8588,0.2,US-2025-113845
86.97,-48.7032,0.5,US-2025-110772
318.43,-77.333,0.3,US-2025-127971
7.068,-2.8272,0.6,US-2025-127971
39.0,11.31,0.0,US-2025-145492
4.91,2.3077,0.0,US-2025-100041
14.427,-10.5798,0.7,US-2025-109820
128.4,62.916,0.0,US-2025-121356
2.628,-1.9272,0.7,US-2025-109820
19.096,6.6836,0.2,US-2025-110772
14.62,6.8714,0.0,US-2025-114104
18.496,6.2424,0.2,US-2025-110772
314.55,150.984,0.0,US-2025-100041
15.696,5.1012,0.2,US-2025-109820
9.08,4.086,0.0,US-2025-100041
39.72,4.4685,0.2,US-2025-113845
255.984,54.3966,0.2,US-2025-110772
27.88,3.9032,0.0,US-2025-142615
122.92,46.095,0.2,US-2025-127971
244.768,24.4768,0.2,US-2025-113845
944.93,236.2325,0.0,US-2025-114104
151.192,13.2293,0.2,US-2025-107790
113.568,12.7764,0.2,US-2025-113425
127.554,-9.111,0.3,US-2025-140018
195.136,-12.196,0.2,US-2025-114293
77.952,15.5904,0.2,US-2025-140018
12.96,6.3504,0.0,US-2025-114895
38.432,13.4512,0.2,US-2025-146157
40.46,19.8254,0.0,US-2025-114482
32.4,15.552,0.0,US-2025-152646
21.568,1.6176,0.2,US-2025-146157
81.576,2.0394,0.2,US-2025-146157
30.345,-24.276,0.7,US-2025-140018
404.94,109.3338,0.0,US-2025-114482
39.88,11.1664,0.0,US-2025-154711
20.82,7.4952,0.0,US-2025-154711
23.616,2.6568,0.2,US-2025-132577
12.192,4.1148,0.2,US-2025-154711
134.272,46.9952,0.2,US-2025-164945
49.44,24.2256,0.0,US-2025-131576
4.488,-6.732,0.8,US-2025-132577
6.216,-9.6348,0.8,US-2025-132577
2.088,0.6786,0.2,US-2025-132577
24.032,-0.6008,0.2,US-2025-132577
14.368,3.9512,0.2,US-2025-160129
70.448,12.3284,0.2,US-2025-160129
15.8,2.37,0.2,US-2025-160129
339.92,8.498,0.2,US-2025-123533
1684.752,210.594,0.2,US-2025-163881
9.94,3.0814,0.0,US-2025-100468
207.76,85.1816,0.0,US-2025-123806
82.26,33.7266,0.0,US-2025-113726
42.384,4.2384,0.2,US-2025-123533
14.04,1.5795,0.2,US-2025-128531
17.216,6.0256,0.2,US-2025-124485
1219.96,381.2375,0.2,US-2025-163573
40.752,15.282,0.2,US-2025-125661
4.416,1.6008,0.2,US-2025-105284
4.344,0.8688,0.2,US-2025-128531
74.352,23.235,0.2,US-2025-128531
24.784,7.745,0.2,US-2025-100083
10.528,3.4216,0.2,US-2025-123533
6.48,3.1104,0.0,US-2025-124485
11.56,5.6644,0.0,US-2025-124485
41.92,3.668,0.2,US-2025-128531
25.35,7.605,0.0,US-2025-165561
559.92,190.3728,0.0,US-2025-163881
297.576,-7.4394,0.2,US-2025-128531
88.4,11.492,0.0,US-2025-124485
94.992,-2.3748,0.2,US-2025-128531
659.9,217.767,0.0,US-2025-163881
139.96,-22.7435,0.2,US-2025-125661
33.52,3.352,0.2,US-2025-100468
657.552,49.3164,0.2,US-2025-132731
194.352,19.4352,0.2,US-2025-113341
1568.61,329.4081,0.0,US-2025-169838
456.588,-304.392,0.7,US-2025-108196
17.3,8.304,0.0,US-2025-169838
5.08,1.651,0.2,US-2025-165470
563.4,67.608,0.0,US-2025-160535
73.36,19.8072,0.0,US-2025-132549
59.976,11.9952,0.2,US-2025-108196
160.0,62.4,0.0,US-2025-169838
4499.985,-6599.978,0.7,US-2025-108196
319.92,118.3704,0.0,US-2025-160535
59.98,17.994,0.0,US-2025-119298
3406.664,160.3136,0.15,US-2025-107104
595.38,297.69,0.0,US-2025-107104
313.176,-120.0508,0.4,US-2025-130288
64.96,19.488,0.0,US-2025-107104
17.856,4.2408,0.2,US-2025-106915
37.17,10.4076,0.0,US-2025-107104
3.744,-2.6208,0.7,US-2025-158309
91.68,45.84,0.0,US-2025-133711
7.312,2.5592,0.2,US-2025-129693
78.759,-57.7566,0.7,US-2025-158288
33.75,16.875,0.0,US-2025-133711
70.98,34.7802,0.0,US-2025-133711
13.36,6.4128,0.0,US-2025-145135
59.97,14.9925,0.0,US-2025-145135
3040.0,1459.2,0.0,US-2025-133711
494.982,-115.4958,0.4,US-2025-126893
31.56,10.4148,0.0,US-2025-159639
331.023,-114.3534,0.45,US-2025-104276
167.292,29.7408,0.1,US-2025-162313
34.65,9.702,0.0,US-2025-117583
152.0,69.92,0.0,US-2025-144911
79.95,38.376,0.0,US-2025-117583
204.95,100.4255,0.0,US-2025-117583
25.92,12.4416,0.0,US-2025-117583
39.808,3.9808,0.2,US-2025-114230
97.984,-24.496,0.2,US-2025-129686
62.4,19.5,0.2,US-2025-129686
34.95,15.378,0.0,US-2025-144911
116.76,14.595,0.2,US-2025-104276
271.992,23.7993,0.2,US-2025-152121
347.802,-24.843,0.3,US-2025-127243
182.67,52.9743,0.0,US-2025-163167
7.16,3.4368,0.0,US-2025-105018
7.434,-5.6994,0.7,US-2025-123617
6.888,-5.0512,0.7,US-2025-127243
12.672,2.6928,0.2,US-2025-127243
32.544,-7.7292,0.2,US-2025-127243
1263.3,315.825,0.0,US-2025-163167
1126.02,56.301,0.0,US-2025-163167
101.7,6.102,0.0,US-2025-163167
340.182,-73.7061,0.4,US-2025-127243
242.176,-302.72,0.6,US-2025-160241
58.416,16.7946,0.2,US-2025-131674
389.97,35.0973,0.0,US-2025-156748
33.36,16.68,0.0,US-2025-156748
13.76,6.3296,0.0,US-2025-156748
496.86,24.843,0.0,US-2025-156748
36.192,2.7144,0.2,US-2025-134761
172.5,51.75,0.0,US-2025-113621
248.43,-17.745,0.3,US-2025-130393
85.246,-1.2178,0.3,US-2025-130393
751.92,150.384,0.0,US-2025-157336
31.96,1.598,0.0,US-2025-155768
17.31,5.193,0.0,US-2025-136434
111.15,48.906,0.0,US-2025-142594
16.74,4.3524,0.0,US-2025-150035
366.009,-47.0583,0.3,US-2025-142594
901.95,297.6435,0.0,US-2025-142594
2104.55,694.5015,0.0,US-2025-143805
11.648,-30.8672,0.8,US-2025-130393
4.704,0.4116,0.2,US-2025-136483
23.04,6.912,0.0,US-2025-104689
88.08,40.5168,0.0,US-2025-157336
22.92,11.2308,0.0,US-2025-155768
47.9,22.992,0.0,US-2025-155768
23.92,11.7208,0.0,US-2025-129903
1112.94,222.588,0.0,US-2025-155768
40.7,11.803,0.0,US-2025-143805
137.94,35.8644,0.0,US-2025-142594
863.928,86.3928,0.2,US-2025-127698
179.97,44.9925,0.0,US-2025-113621
781.864,-137.976,0.32,US-2025-164770
14.52,5.6628,0.0,US-2025-113985
72.42,23.8986,0.0,US-2025-163804
59.7,26.865,0.0,US-2025-113985
104.184,33.8598,0.2,US-2025-113985
115.84,54.4448,0.0,US-2025-105354
24.704,9.264,0.2,US-2025-113985
35.232,11.4504,0.2,US-2025-155103
415.176,134.9322,0.2,US-2025-155103
54.96,26.9304,0.0,US-2025-155103
25.92,12.4416,0.0,US-2025-108455
40.46,19.8254,0.0,US-2025-108455
30.816,9.63,0.2,US-2025-164770
2079.4,582.232,0.0,US-2025-163804
33.87,8.8062,0.0,US-2025-108455
165.6,-6.21,0.2,US-2025-143154
629.95,176.386,0.0,US-2025-163804
58.36,-24.803,0.6,CA-2025-133541
39.96,-20.976,0.6,CA-2025-124574
16.464,2.4406,0.2,CA-2025-111254
205.666,-12.098,0.15,US-2025-149762
542.646,102.4998,0.1,US-2025-150861
29.98,8.0946,0.0,US-2025-122063
111.9,51.474,0.0,US-2025-153598
400.032,-153.3456,0.4,US-2025-150861
268.704,6.7176,0.2,US-2025-149762
581.96,104.7528,0.0,US-2025-122063
394.816,93.7688,0.2,US-2025-161683
21.92,5.9184,0.0,US-2025-149762
18.192,-14.5536,0.7,US-2025-161683
6.3,3.024,0.0,US-2025-150861
182.72,84.0512,0.0,US-2025-150861
48.72,7.308,0.0,US-2025-149762
772.68,108.1752,0.0,US-2025-161025
33.63,10.089,0.0,US-2025-150861
1649.95,659.98,0.0,US-2025-153598
113.79,20.4822,0.0,US-2025-126004
15.528,5.823,0.2,US-2025-105277
1.728,0.6048,0.2,US-2025-126004
104.85,50.328,0.0,US-2025-112060
40.56,19.8744,0.0,US-2025-126004
193.86,11.6316,0.0,US-2025-126004
182.94,3.6588,0.0,US-2025-126004
212.88,0.0,0.0,US-2025-139885
78.15,34.386,0.0,US-2025-126004
25.08,9.03,0.0,CA-2025-119508
16.9,6.25,0.0,CA-2025-119508
81.94,20.485,0.0,US-2025-143749
1951.84,585.552,0.0,US-2025-114489
13.4,6.432,0.0,US-2025-146374
191.82,74.8098,0.0,US-2025-124772
33.92,13.2288,0.0,US-2025-140564
3.536,0.3094,0.2,US-2025-163636
171.55,80.6285,0.0,US-2025-114489
407.976,132.5922,0.2,US-2025-161389
109.69,51.5543,0.0,US-2025-146374
11.952,3.8844,0.2,US-2025-145009
4.98,2.3406,0.0,US-2025-146374
584.82,70.1784,0.0,US-2025-109722
465.18,120.9468,0.0,US-2025-108434
384.45,103.8015,0.0,US-2025-114489
699.98,195.9944,0.0,US-2025-109722
149.97,5.9988,0.0,US-2025-114489
18.69,5.2332,0.0,US-2025-103674
47.208,15.3426,0.2,US-2025-169040
59.808,19.4376,0.2,US-2025-169040
222.352,77.8232,0.2,US-2025-162390
437.472,153.1152,0.2,US-2025-103674
13.376,4.6816,0.2,US-2025-103674
968.744,314.8418,0.2,US-2025-162390
35.89,16.1505,0.0,US-2025-169040
13.86,0.0,0.0,US-2025-103674
189.7,89.159,0.0,US-2025-169040
13.36,6.4128,0.0,US-2025-103674
248.08,116.5976,0.0,US-2025-169040
19.44,9.3312,0.0,US-2025-114776
479.984,89.997,0.2,US-2025-162390
156.792,13.7193,0.2,US-2025-169040
249.584,31.198,0.2,US-2025-103674
431.976,26.9985,0.2,US-2025-169040
271.96,27.196,0.2,US-2025-103674
405.86,32.4688,0.0,US-2025-160108
680.01,176.8026,0.0,US-2025-160108
190.92,-147.963,0.6,US-2025-117590
1421.664,-195.4788,0.2,US-2025-131289
8.56,2.4824,0.0,US-2025-131289
12.957,-9.5018,0.7,US-2025-124562
10.584,3.4398,0.2,US-2025-158302
45.36,21.7728,0.0,US-2025-131289
34.05,9.534,0.0,US-2025-115224
352.38,81.0474,0.0,US-2025-115224
68.112,17.8794,0.2,US-2025-113733
16.56,-2.484,0.2,US-2025-113733
249.584,31.198,0.2,US-2025-113733
114.95,2.299,0.0,US-2025-134425
1097.544,123.4737,0.2,US-2025-117590
79.974,-29.3238,0.4,US-2025-161844
1056.86,158.529,0.0,US-2025-102092
60.34,15.6884,0.0,US-2025-137330
61.929,23.3954,0.1,US-2025-133340
4.356,-11.7612,0.8,US-2025-131114
19.46,5.0596,0.0,US-2025-137330
9.328,0.8162,0.2,US-2025-128923
273.92,99.296,0.2,US-2025-149503
2.946,-2.0622,0.7,US-2025-161844
3.69,1.7343,0.0,US-2025-141082
122.12,56.1752,0.0,US-2025-141082
9.392,3.2872,0.2,US-2025-128923
20.568,1.5426,0.2,US-2025-131114
19.04,-1.428,0.2,US-2025-131114
59.98,25.1916,0.0,US-2025-133340
40.68,-9.153,0.2,US-2025-159989
10.9,3.052,0.0,US-2025-133340
79.974,-29.3238,0.4,CA-2025-141082
2.946,-2.0622,0.7,CA-2025-141082
321.568,28.1372,0.2,US-2025-154739
1424.9,356.225,0.0,US-2025-143448
35.1,12.285,0.0,US-2025-128412
65.34,22.869,0.0,US-2025-128412
153.552,51.8238,0.2,US-2025-128412
679.96,220.987,0.2,US-2025-144309
361.92,162.864,0.0,US-2025-146941
80.28,36.9288,0.0,US-2025-147123
62.82,29.5254,0.0,US-2025-127194
123.92,55.764,0.0,US-2025-128412
18.54,8.7138,0.0,US-2025-144309
6.48,3.1104,0.0,US-2025-100587
80.58,22.5624,0.0,US-2025-146941
44.75,8.5025,0.0,US-2025-128412
99.12,35.4144,0.0,CA-2025-124626
458.43,-137.529,0.3,US-2025-162187
363.92,-31.843,0.2,US-2025-165330
403.92,25.245,0.2,US-2025-143609
14.8,6.068,0.0,US-2025-160745
328.59,-147.8655,0.4,US-2025-162187
892.136,111.517,0.2,US-2025-165330
387.136,24.196,0.2,US-2025-162187
83.42,24.1918,0.0,US-2025-165330
73.536,9.192,0.2,US-2025-151260
23.32,6.0632,0.0,US-2025-165330
6.672,1.668,0.2,US-2025-132857
35.808,11.19,0.2,US-2025-165330
5.872,2.1286,0.2,US-2025-165330
122.688,39.8736,0.2,US-2025-165330
209.6,68.12,0.2,US-2025-165330
15.26,6.2566,0.0,US-2025-105816
30.98,13.941,0.0,US-2025-165330
50.22,2.0088,0.0,US-2025-165330
85.224,7.4571,0.2,US-2025-148803
64.96,-4.06,0.2,US-2025-162187
243.384,-51.7191,0.2,US-2025-135720
13.52,1.69,0.2,US-2025-162187
119.96,25.1916,0.0,US-2025-165330
316.0,31.6,0.0,US-2025-160745
119.8,29.95,0.2,US-2025-135720
300.768,30.0768,0.2,US-2025-135720
1029.95,298.6855,0.0,US-2025-105816
302.376,22.6782,0.2,US-2025-160745
33.48,8.7048,0.0,US-2025-139395
383.64,122.7648,0.0,US-2025-136686
60.35,19.9155,0.0,US-2025-169824
56.52,15.8256,0.0,US-2025-136686
11.2,4.816,0.0,US-2025-169824
13.9,3.614,0.0,US-2025-139395
18.693,-14.3313,0.7,US-2025-108777
49.12,23.0864,0.0,US-2025-169369
26.86,6.715,0.0,US-2025-139395
35.52,9.9456,0.0,US-2025-169824
249.95,19.996,0.0,US-2025-169369
383.952,76.7904,0.2,US-2025-108777
657.93,184.2204,0.0,US-2025-139395
2.21,0.6,0.0,CA-2025-155586
15.52,7.45,0.0,CA-2025-155586
36.44,16.4,0.0,CA-2025-155586
1114.272,41.7852,0.2,US-2025-142958
9.84,3.2472,0.0,US-2025-102792
6.096,2.2098,0.2,US-2025-142958
63.88,24.9132,0.0,US-2025-100153
81.424,-9.1602,0.2,US-2025-146325
133.38,58.6872,0.0,US-2025-146143
396.92,198.46,0.0,US-2025-129126
23.12,7.803,0.2,US-2025-129126
21.48,10.5252,0.0,US-2025-129126
5.76,2.8224,0.0,US-2025-129126
14.62,6.7252,0.0,US-2025-129126
134.8,35.048,0.0,US-2025-146325
17.15,4.6305,0.0,US-2025-129126
14.76,4.2804,0.0,US-2025-116442
1652.94,231.4116,0.0,US-2025-142335
564.195,-304.6653,0.5,US-2025-127334
87.168,8.7168,0.2,US-2025-127334
2.214,-1.476,0.7,US-2025-113600
19.44,9.3312,0.0,US-2025-100307
296.37,80.0199,0.0,US-2025-142335
68.46,20.538,0.0,CA-2025-135480
19.6,9.604,0.0,CA-2025-135480
563.92,7.049,0.2,US-2025-118332
34.944,3.0576,0.2,US-2025-130442
4.788,-7.9002,0.8,US-2025-100419
3.68,1.8032,0.0,US-2025-104794
21.21,4.4541,0.0,US-2025-155446
2003.52,-325.572,0.2,US-2025-155530
9892.74,4946.37,0.0,US-2025-117121
11.416,3.8529,0.2,US-2025-131639
13.488,4.3836,0.2,US-2025-131639
51.84,18.144,0.2,US-2025-147109
46.53,13.0284,0.0,US-2025-155383
165.6,-6.21,0.2,US-2025-147109
563.94,112.788,0.0,US-2025-138597
18.84,6.0288,0.0,US-2025-147067
39.92,11.1776,0.0,US-2025-133795
183.84,62.5056,0.0,US-2025-145919
377.45,-264.215,0.5,US-2025-145261
194.528,24.316,0.2,US-2025-112697
18.688,2.336,0.2,US-2025-145261
254.058,-169.372,0.7,US-2025-112697
1793.98,843.1706,0.0,US-2025-101546
45.24,-30.16,0.7,US-2025-145261
15.936,5.1792,0.2,US-2025-145261
11.648,3.7856,0.2,US-2025-145261
38.88,18.6624,0.0,US-2025-145919
900.08,117.0104,0.0,US-2025-150945
961.48,-204.3145,0.2,US-2025-112697
579.3,28.965,0.0,US-2025-145919
112.776,-8.4582,0.2,US-2025-145261
72.64,21.792,0.0,US-2025-133795
772.47,146.7693,0.0,US-2025-133795
66.976,6.6976,0.2,US-2025-139934
28.68,-7.17,0.2,US-2025-145261
303.92,-30.392,0.2,US-2025-118129
455.97,-218.8656,0.5,US-2025-134936
3.52,1.0208,0.0,US-2025-141523
10.44,-7.656,0.7,US-2025-134936
34.248,11.5587,0.2,US-2025-141523
1.8,-2.88,0.8,US-2025-108364
5.214,-4.1712,0.7,US-2025-134936
18.92,7.3788,0.0,US-2025-151155
15.42,6.939,0.0,US-2025-151155
33.9,15.594,0.0,US-2025-157840
66.3,8.619,0.0,US-2025-168536
842.72,202.2528,0.0,US-2025-114860
41.96,10.9096,0.0,US-2025-114860
11.84,3.108,0.2,US-2025-167507
22.784,4.8416,0.2,US-2025-167507
31.32,-25.056,0.7,US-2025-167507
55.36,19.376,0.2,US-2025-149916
25.584,8.9544,0.2,US-2025-103359
11.56,3.757,0.2,US-2025-149916
141.372,-14.1372,0.3,US-2025-115574
2.328,-0.7566,0.6,US-2025-132829
572.76,166.1004,0.0,US-2025-137043
286.38,83.0502,0.0,US-2025-137043
4.2,1.176,0.0,US-2025-135776
8.82,2.5578,0.0,US-2025-135776
5.553,-4.0722,0.7,US-2025-136049
61.96,30.3604,0.0,US-2025-135776
24.85,11.6795,0.0,US-2025-157868
45.36,14.742,0.2,US-2025-132829
7.968,2.6892,0.2,US-2025-114867
37.94,18.2112,0.0,US-2025-135776
47.9,22.992,0.0,US-2025-135776
227.28,2.2728,0.0,US-2025-135776
1117.92,55.896,0.0,US-2025-135776
1999.96,899.982,0.0,US-2025-157791
1499.97,-374.9925,0.4,US-2025-114867
287.88,35.985,0.2,US-2025-132829
453.576,39.6879,0.2,US-2025-132829
131.88,14.8365,0.2,US-2025-132829
43.96,18.4632,0.0,US-2025-101651
799.56,207.8856,0.0,US-2025-157259
27.882,-20.4468,0.7,US-2025-168620
39.76,18.6872,0.0,US-2025-101651
33.4,16.032,0.0,US-2025-123526
540.048,-47.2542,0.2,US-2025-168620
255.68,76.704,0.2,US-2025-168620
197.97,53.4519,0.0,US-2025-140438
698.352,52.3764,0.2,US-2025-105081
2563.056,313.2624,0.1,US-2025-169670
866.646,173.3292,0.1,US-2025-110975
47.968,4.1972,0.2,US-2025-109827
21.12,6.5472,0.0,US-2025-101168
343.85,137.54,0.0,US-2025-148684
1747.25,629.01,0.0,US-2025-105081
35.445,-24.1026,0.5,US-2025-109827
313.176,-120.0508,0.4,US-2025-110975
19.89,5.3703,0.0,US-2025-148684
33.568,11.7488,0.2,US-2025-111941
45.36,21.7728,0.0,US-2025-116729
106.32,49.9704,0.0,US-2025-148684
254.24,76.272,0.0,US-2025-116729
399.98,171.9914,0.0,US-2025-148684
45.12,-7.896,0.2,US-2025-109827
100.8,21.42,0.2,US-2025-109827
269.97,-386.957,0.7,US-2025-109827
2575.944,257.5944,0.2,US-2025-116729
146.352,-5.4882,0.2,US-2025-129868
212.94,25.5528,0.0,US-2025-155166
902.712,33.8517,0.2,US-2025-129868
18.72,3.51,0.2,US-2025-151512
26.49,7.4172,0.0,US-2025-155166
7.9,2.054,0.0,US-2025-129868
53.97,15.1116,0.0,US-2025-129868
11.328,2.5488,0.2,US-2025-114538
4.992,1.6848,0.2,US-2025-123015
33.9,15.594,0.0,US-2025-153129
17.76,4.9728,0.0,US-2025-129868
89.97,18.8937,0.0,US-2025-147536
302.384,30.2384,0.2,US-2025-129868
22.2,10.43,0.0,CA-2025-158792
845.488,-12.0784,0.3,US-2025-162852
17.184,6.2292,0.2,US-2025-102596
20.16,9.8784,0.0,US-2025-131058
2.61,1.2006,0.0,US-2025-111605
10.368,3.6288,0.2,US-2025-162726
23.68,7.4,0.2,US-2025-162726
40.0,0.5,0.2,US-2025-138667
754.45,60.356,0.0,US-2025-156300
70.56,23.9904,0.0,US-2025-122017
81.96,22.9488,0.0,US-2025-122017
11.232,3.9312,0.2,US-2025-163258
2.808,-1.9656,0.7,US-2025-139689
38.088,-27.9312,0.7,US-2025-139689
27.792,10.422,0.2,US-2025-157742
25.344,8.8704,0.2,US-2025-135209
186.048,67.4424,0.2,US-2025-124051
37.408,13.0928,0.2,US-2025-135209
14.03,4.0687,0.0,US-2025-112578
27.96,7.2696,0.0,US-2025-112578
170.786,0.0,0.3,US-2025-105746
16.52,1.652,0.2,US-2025-163951
6.384,2.1546,0.2,US-2025-111528
6.924,-10.386,0.8,US-2025-117226
5.904,1.9926,0.2,US-2025-117660
72.224,25.2784,0.2,US-2025-160486
481.32,125.1432,0.0,US-2025-111528
13.712,1.0284,0.2,US-2025-117660
47.616,3.5712,0.2,US-2025-165953
3.64,1.638,0.0,US-2025-160395
159.768,53.9217,0.2,US-2025-160395
38.376,13.4316,0.2,US-2025-156139
23.48,8.218,0.2,US-2025-165953
156.512,-35.2152,0.2,US-2025-105830
302.376,22.6782,0.2,US-2025-100202
310.744,-26.6352,0.3,US-2026-151750
474.43,199.2606,0.0,US-2026-144463
141.42,-187.3815,0.6,US-2026-151750
48.896,8.5568,0.2,US-2026-107503
15.224,-38.8212,0.8,US-2026-151750
12.736,2.2288,0.2,US-2026-151750
6.47,-9.705,0.8,US-2026-151750
13.748,-22.6842,0.8,US-2026-151750
3.6,1.728,0.0,US-2026-154466
454.56,-107.958,0.2,US-2026-151750
913.43,-169.637,0.3,US-2026-147207
5.432,-13.58,0.8,US-2026-147207
31.744,3.968,0.2,US-2026-147207
28.854,-21.1596,0.7,US-2026-113481
15.66,-12.528,0.7,US-2026-113481
372.144,27.9108,0.2,US-2026-147207
16.59,5.8065,0.0,US-2026-118668
695.7,-27.828,0.5,US-2026-113481
9.12,3.1008,0.0,US-2026-111738
2022.272,682.5168,0.2,US-2026-111738
38.88,18.6624,0.0,US-2026-114034
33.74,15.5204,0.0,US-2026-150931
2.808,-1.9656,0.7,US-2026-168690
7.89,3.5505,0.0,US-2026-123862
153.78,44.5962,0.0,US-2026-123862
61.02,0.6102,0.0,US-2026-123862
110.11,31.9319,0.0,US-2026-123862
3059.982,679.996,0.1,US-2026-159366
892.98,80.3682,0.0,US-2026-115154
274.491,-228.7425,0.7,US-2026-154760
37.68,15.8256,0.0,US-2026-158512
760.98,-1141.47,0.8,US-2026-148551
9.78,4.89,0.0,US-2026-108000
40.08,19.2384,0.0,US-2026-158512
212.94,53.235,0.0,US-2026-167402
209.94,54.5844,0.0,US-2026-167402
32.4,15.552,0.0,US-2026-167402
4164.05,83.281,0.0,US-2026-167402
18.96,8.532,0.0,US-2026-113278
5.97,-4.577,0.7,US-2026-127306
2.508,-1.8392,0.7,US-2026-127306
18.336,6.6468,0.2,US-2026-127306
21.744,7.3386,0.2,US-2026-138779
2.52,0.1008,0.0,US-2026-113278
36.288,12.7008,0.2,US-2026-127306
154.9,69.705,0.0,US-2026-149076
11.34,5.5566,0.0,US-2026-113278
67.4,17.524,0.0,US-2026-113278
18.76,5.2528,0.0,US-2026-113278
168.624,14.7546,0.2,US-2026-106131
12.12,2.5452,0.0,US-2026-113278
169.064,-14.7931,0.2,US-2026-106131
159.8,70.312,0.0,US-2026-113278
67.8,1.356,0.0,US-2026-113278
111.984,6.999,0.2,US-2026-127306
7.92,0.693,0.2,US-2026-138779
34.384,3.8682,0.2,US-2026-167752
1924.16,312.676,0.2,US-2026-167752
21.4,6.206,0.0,US-2026-160934
4.276,-6.6278,0.8,US-2026-104661
32.784,-52.4544,0.8,US-2026-104661
12.7,5.842,0.0,US-2026-152961
62.592,13.3008,0.2,US-2026-104661
47.984,14.3952,0.2,US-2026-104661
302.67,72.6408,0.0,US-2026-138289
27.92,8.0968,0.0,US-2026-125913
399.672,-14.9877,0.2,US-2026-125913
5443.96,2504.2216,0.0,US-2026-138289
56.07,25.2315,0.0,US-2026-138289
6.68,2.0,0.0,CA-2026-121451
887.271,-63.3765,0.3,US-2026-153045
31.968,6.3936,0.2,US-2026-153045
542.94,152.0232,0.0,US-2026-127292
2.04,0.9588,0.0,US-2026-127292
6.0,2.1,0.2,US-2026-154718
79.92,37.5624,0.0,US-2026-127292
12.28,5.7716,0.0,US-2026-127292
21.696,7.0512,0.2,US-2026-153045
429.6,-93.08,0.4,US-2026-153045
207.846,2.3094,0.1,US-2026-157252
3.52,1.0208,0.0,US-2026-120649
24.2,7.986,0.0,US-2026-144589
11.52,4.176,0.2,US-2026-152079
359.976,130.4913,0.2,US-2026-144589
160.776,10.0485,0.2,US-2026-161809
84.98,18.6956,0.0,US-2026-131954
18.72,6.552,0.2,US-2026-131954
14.4,7.056,0.0,US-2026-127026
89.52,42.0744,0.0,US-2026-127026
27.936,9.4284,0.2,US-2026-131954
99.696,33.6474,0.2,US-2026-131954
35.784,-28.6272,0.7,US-2026-160423
268.576,90.6444,0.2,US-2026-141782
242.94,9.7176,0.0,US-2026-131954
348.208,30.4682,0.2,US-2026-160423
619.95,111.591,0.0,US-2026-127026
179.97,86.3856,0.0,US-2026-131954
350.973,152.0883,0.1,US-2026-127026
164.99,49.497,0.0,US-2026-127026
24.3,10.45,0.0,CA-2026-115238
9.48,3.79,0.0,CA-2026-115238
31.4,13.19,0.0,CA-2026-115238
6.48,3.11,0.0,CA-2026-115238
209.5,58.66,0.0,CA-2026-115238
7.872,0.8856,0.2,US-2026-152499
15.12,4.914,0.2,US-2026-152499
11.96,5.382,0.0,US-2026-127432
1126.02,56.301,0.0,US-2026-127432
51.45,13.8915,0.0,US-2026-127432
2999.95,1379.977,0.0,US-2026-127432
210.98,21.098,0.0,US-2026-145142
19.68,6.888,0.2,US-2026-139080
4.938,-3.6212,0.7,US-2026-161893
6.48,3.1104,0.0,US-2026-139080
25.92,12.4416,0.0,US-2026-139080
95.984,11.998,0.2,US-2026-161893
86.352,8.6352,0.2,US-2026-139080
25.86,6.7236,0.0,US-2026-104619
276.784,89.9548,0.2,US-2026-104619
5.67,0.1134,0.0,US-2026-119669
110.352,8.2764,0.2,US-2026-104619
62.72,24.4608,0.0,US-2026-105935
15.47,4.1769,0.0,US-2026-134649
7.16,3.4368,0.0,US-2026-134649
11.84,5.6832,0.0,US-2026-150469
18.16,1.816,0.2,US-2026-164098
2939.93,764.3818,0.0,US-2026-105935
14.016,1.752,0.2,US-2026-117870
71.976,-8.997,0.2,US-2026-117870
137.94,35.8644,0.0,US-2026-104437
107.982,-26.9955,0.4,US-2026-117870
37.74,12.8316,0.0,US-2026-115994
279.9,137.151,0.0,US-2026-147984
239.97,26.3967,0.0,US-2026-115994
449.91,157.4685,0.0,US-2026-166037
14.91,4.6221,0.0,US-2026-160927
8.34,2.1684,0.0,US-2026-139304
4.768,0.4768,0.2,US-2026-145338
12.128,-20.6176,0.8,US-2026-127341
119.616,40.3704,0.2,US-2026-139304
5.22,2.4012,0.0,US-2026-131653
94.85,45.528,0.0,US-2026-160927
12.96,6.2208,0.0,US-2026-160927
13.48,3.5048,0.0,US-2026-160927
8.57,2.2282,0.0,US-2026-139304
120.784,-13.5882,0.2,US-2026-112725
419.136,-68.1096,0.2,US-2026-148999
34.58,14.5236,0.0,US-2026-104220
69.375,-47.175,0.5,US-2026-121790
8.82,2.3814,0.0,US-2026-112725
9.344,3.1536,0.2,US-2026-121790
12.74,5.733,0.0,US-2026-112725
40.3,10.881,0.0,US-2026-104220
32.35,16.175,0.0,US-2026-104220
18.28,9.14,0.0,US-2026-104220
7.71,3.4695,0.0,US-2026-104220
129.3,6.465,0.0,US-2026-164329
31.68,2.772,0.2,US-2026-121790
604.768,60.4768,0.2,US-2026-157273
2003.168,250.396,0.2,US-2026-121790
207.0,51.75,0.0,US-2026-104220
210.58,12.6348,0.0,US-2026-128076
86.26,29.3284,0.0,US-2026-161333
46.8,16.38,0.0,US-2026-161333
30.96,10.062,0.2,US-2026-128076
21.456,6.9732,0.2,US-2026-164147
78.304,29.364,0.2,US-2026-164147
139.04,38.9312,0.0,US-2026-161333
239.984,38.9974,0.2,US-2026-128076
59.97,-11.994,0.4,US-2026-164147
22.2,-26.085,0.6,US-2026-127474
3.882,-2.588,0.7,US-2026-126354
5.229,-4.1832,0.7,US-2026-167703
419.4,146.79,0.2,US-2026-127474
65.584,23.7742,0.2,US-2026-127474
5.184,1.8144,0.2,US-2026-127474
115.296,40.3536,0.2,US-2026-126354
285.552,35.694,0.2,US-2026-167703
32.67,8.4942,0.0,US-2026-169474
1640.7,459.396,0.0,US-2026-107517
7.12,0.712,0.2,US-2026-131282
243.992,-426.986,0.8,US-2026-131282
371.2,41.76,0.2,US-2026-107517
240.784,30.098,0.2,US-2026-115105
359.97,79.1934,0.0,US-2026-122994
46.24,15.606,0.2,US-2026-101840
29.9,13.455,0.0,US-2026-154102
227.46,65.9634,0.0,US-2026-101840
3.984,-2.6892,0.6,US-2026-118773
21.12,6.5472,0.0,US-2026-150602
12.992,-32.48,0.8,US-2026-118773
252.784,-417.0936,0.8,US-2026-118773
354.9,17.745,0.0,US-2026-145807
127.984,15.998,0.2,US-2026-118773
203.983,16.7986,0.15,US-2026-124086
23.12,11.3288,0.0,US-2026-123659
963.136,108.3528,0.2,US-2026-131828
147.568,-3.6892,0.2,US-2026-138156
21.336,7.7343,0.2,US-2026-116204
20.7,9.936,0.0,US-2026-118535
88.776,7.7679,0.2,US-2026-131828
107.53,21.506,0.0,US-2026-104801
90.64,38.9752,0.0,US-2026-154809
10.71,2.7846,0.0,US-2026-151176
6.63,1.7901,0.0,US-2026-104801
17.94,8.7906,0.0,US-2026-104906
25.02,6.5052,0.0,US-2026-151176
799.96,343.9828,0.0,US-2026-104801
600.558,-8.5794,0.3,US-2026-163265
7.692,-3.6537,0.6,US-2026-163265
28.032,3.504,0.2,US-2026-163265
18.368,6.1992,0.2,US-2026-163265
37.94,18.2112,0.0,US-2026-118521
50.352,-8.1822,0.2,US-2026-163265
579.51,81.1314,0.0,US-2026-120019
14.99,7.3451,0.0,US-2026-120019
89.0664,-17.0274,0.32,US-2026-159149
899.43,-12.849,0.3,US-2026-109085
30.144,8.2896,0.2,US-2026-109085
455.97,-106.393,0.4,US-2026-109085
480.96,-269.3376,0.5,US-2026-154039
175.44,52.632,0.2,US-2026-159149
5.715,-4.7625,0.7,US-2026-109085
11.76,5.7624,0.0,US-2026-132647
166.45,39.948,0.0,US-2026-132647
438.336,-87.6672,0.2,US-2026-159149
57.594,-11.5188,0.4,US-2026-109085
124.792,10.9193,0.2,US-2026-154039
29.16,8.4564,0.0,US-2026-163195
9.82,4.8118,0.0,US-2026-164707
109.53,47.0979,0.0,US-2026-164707
167.976,10.4985,0.2,US-2026-164707
44.67,12.0609,0.0,US-2026-134838
1245.86,361.2994,0.0,US-2026-122693
12.84,3.4668,0.0,US-2026-134838
11.22,0.2244,0.0,US-2026-166415
68.704,16.3172,0.2,US-2026-135937
22.23,7.3359,0.0,US-2026-105809
386.91,-185.7168,0.5,US-2026-135937
13.11,3.4086,0.0,US-2026-150525
6.56,1.9024,0.0,US-2026-150525
10.64,3.857,0.2,US-2026-135937
9.432,3.0654,0.2,US-2026-105445
51.168,-6.396,0.2,US-2026-135937
31.992,4.7988,0.2,US-2026-135937
215.968,18.8972,0.2,US-2026-105809
333.576,25.0182,0.2,US-2026-135937
47.904,-2.994,0.2,US-2026-124940
8.4,0.336,0.0,US-2026-136007
37.44,16.848,0.0,US-2026-104647
71.96,25.186,0.2,US-2026-136007
4.956,-3.7996,0.7,US-2026-111374
123.92,38.725,0.2,US-2026-127397
1319.8,214.4675,0.2,US-2026-127397
231.92,5.798,0.2,US-2026-134642
196.784,-22.1382,0.2,US-2026-134642
1.788,-3.0396,0.8,US-2026-125878
892.224,89.2224,0.2,US-2026-117212
91.96,15.6332,0.0,US-2026-121258
356.79,99.9012,0.0,US-2026-121706
81.92,22.1184,0.0,US-2026-117212
23.12,11.3288,0.0,US-2026-117212
223.92,109.7208,0.0,US-2026-117212
29.6,13.32,0.0,US-2026-121258
258.576,19.3932,0.2,US-2026-121258
889.536,66.7152,0.2,US-2026-117212
9.84,4.7232,0.0,US-2026-101959
7.78,3.501,0.0,US-2026-101959
441.96,101.6508,0.0,US-2026-104885
59.52,15.4752,0.0,US-2026-104885
18.528,-12.352,0.7,US-2026-152261
12.222,-20.1663,0.8,US-2026-146024
0.556,-0.9452,0.8,US-2026-124114
107.648,33.64,0.2,US-2026-155712
57.96,27.2412,0.0,US-2026-104885
68.04,33.3396,0.0,US-2026-104885
6.976,-1.3952,0.2,US-2026-146024
479.94,52.7934,0.0,US-2026-163902
196.776,14.7582,0.2,US-2026-163902
180.98,47.0548,0.0,US-2026-111815
170.352,-17.0352,0.2,US-2026-123085
399.672,-14.9877,0.2,US-2026-117513
72.8,19.656,0.0,US-2026-121804
26.88,9.744,0.2,US-2026-127621
1049.44,440.7648,0.0,US-2026-123085
99.98,42.9914,0.0,US-2026-111815
103.5,-77.625,0.6,US-2026-119816
9.32,2.7028,0.0,US-2026-110478
15.25,7.015,0.0,US-2026-110478
2.464,0.8624,0.2,US-2026-119816
89.568,32.4684,0.2,US-2026-142174
8.72,0.654,0.2,US-2026-119816
262.24,78.672,0.0,US-2026-161046
127.96,62.7004,0.0,US-2026-168123
18.69,9.1581,0.0,US-2026-168123
234.36,112.4928,0.0,US-2026-161046
42.68,19.6328,0.0,US-2026-161046
7.9,2.528,0.0,US-2026-168123
25.06,11.7782,0.0,US-2026-147753
221.16,57.5016,0.0,US-2026-168123
299.97,125.9874,0.0,US-2026-161046
71.97,16.5531,0.0,US-2026-168193
63.488,4.7616,0.2,US-2026-148642
23.88,8.1192,0.0,US-2026-167640
14.976,5.4288,0.2,US-2026-119039
4.928,1.7248,0.2,US-2026-148642
11.52,5.6448,0.0,US-2026-167640
286.93,140.5957,0.0,US-2026-167640
26.38,12.1348,0.0,US-2026-168193
67.78,16.945,0.0,US-2026-125101
206.384,23.2182,0.2,US-2026-167640
25.92,9.072,0.2,US-2026-110884
91.59,42.1314,0.0,US-2026-110884
49.08,4.908,0.0,US-2026-136672
647.84,168.4384,0.0,US-2026-155698
3.36,0.8736,0.0,US-2026-104080
171.2,64.2,0.2,US-2026-104080
20.7,9.936,0.0,US-2026-155698
30.84,9.6375,0.2,US-2026-147354
199.98,69.993,0.0,US-2026-102834
479.984,59.998,0.2,US-2026-147354
43.872,11.5164,0.2,US-2026-144638
6.696,0.5022,0.2,US-2026-144638
933.408,-173.3472,0.3,US-2026-132290
48.784,3.6588,0.2,US-2026-155824
5.248,0.5904,0.2,US-2026-144638
13.092,-10.0372,0.7,US-2026-155824
111.96,21.2724,0.0,US-2026-140494
35.91,-8.379,0.4,US-2026-144638
53.982,-10.7964,0.4,US-2026-130967
26.72,11.7568,0.0,US-2026-133081
154.764,-46.4292,0.4,US-2026-141558
12.294,-8.6058,0.7,US-2026-141558
895.92,421.0824,0.0,US-2026-147291
43.28,3.246,0.2,US-2026-141558
63.88,24.9132,0.0,US-2026-133081
776.85,-181.265,0.4,US-2026-141558
40.41,18.5886,0.0,US-2026-152786
242.94,9.7176,0.0,US-2026-116288
69.93,32.1678,0.0,US-2026-159352
89.768,-2.5648,0.3,US-2026-157966
465.16,120.9416,0.0,US-2026-153843
19.456,2.1888,0.2,US-2026-157966
29.76,1.86,0.2,US-2026-157966
174.3,81.921,0.0,US-2026-107713
30.88,15.44,0.0,US-2026-153843
45.36,21.7728,0.0,US-2026-106859
288.24,138.3552,0.0,US-2026-106859
15.552,5.6376,0.2,US-2026-157966
27.12,12.4752,0.0,US-2026-153843
314.55,150.984,0.0,US-2026-166296
90.8,25.424,0.0,US-2026-106859
1332.496,-299.8116,0.2,US-2026-105851
214.95,88.1295,0.0,US-2026-106859
959.984,335.9944,0.2,US-2026-157966
209.986,8.9994,0.3,US-2026-157966
34.36,-7.3015,0.2,US-2026-157966
299.9,74.975,0.0,US-2026-146906
140.736,49.2576,0.2,US-2026-106859
7.992,2.5974,0.2,US-2026-162474
915.14,102.95,0.2,CA-2026-139675
327.76,91.77,0.0,CA-2026-139675
49.616,4.9616,0.2,US-2026-114370
51.264,7.6896,0.2,US-2026-161172
140.67,54.8613,0.0,US-2026-129294
19.68,6.888,0.2,US-2026-129294
70.464,22.9008,0.2,US-2026-129294
5.193,-3.462,0.7,US-2026-161172
6.48,3.1104,0.0,US-2026-101539
54.224,3.389,0.2,US-2026-161172
310.12,80.6312,0.0,US-2026-129294
46.51,1.8604,0.0,US-2026-101539
159.984,43.9956,0.2,US-2026-161172
445.44,-81.664,0.4,US-2026-152135
659.976,49.4982,0.2,US-2026-101539
44.376,-7.396,0.4,US-2026-161172
140.67,54.8613,0.0,CA-2026-130494
19.68,6.888,0.2,CA-2026-130494
70.464,22.9008,0.2,CA-2026-130494
310.12,80.6312,0.0,CA-2026-130494
59.1,22.458,0.0,US-2026-140949
17.456,5.8914,0.2,US-2026-129567
9.144,3.0861,0.2,US-2026-140949
13.776,-22.0416,0.8,US-2026-142867
18.75,9.0,0.0,US-2026-140949
4.608,1.6704,0.2,US-2026-129224
7.31,3.4357,0.0,US-2026-140949
10.272,3.21,0.2,US-2026-142867
107.44,27.9344,0.0,US-2026-140949
46.53,12.0978,0.0,US-2026-140949
57.06,18.2592,0.0,US-2026-140949
71.6,13.604,0.0,US-2026-140949
119.7,31.122,0.0,US-2026-140949
82.524,-41.262,0.6,US-2026-119438
90.86,26.3494,0.0,US-2026-122007
2.688,-7.392,0.8,US-2026-119438
23.832,6.5538,0.2,US-2026-160087
13.9,3.753,0.0,US-2026-143084
46.2,21.252,0.0,US-2026-148145
182.994,-320.2395,0.8,US-2026-119438
19.4,9.312,0.0,US-2026-143084
27.816,4.5201,0.2,US-2026-119438
537.544,47.0351,0.2,US-2026-162075
30.93,12.6813,0.0,US-2026-124436
697.16,8.7145,0.2,US-2026-124436
381.36,106.7808,0.0,US-2026-140515
8.94,2.4138,0.0,US-2026-166499
27.496,9.2799,0.2,US-2026-124436
14.624,5.1184,0.2,US-2026-124436
19.824,6.6906,0.2,US-2026-105410
28.91,13.2986,0.0,US-2026-104955
99.54,10.9494,0.0,US-2026-105410
199.96,85.9828,0.0,US-2026-105410
657.504,-131.5008,0.2,US-2026-105410
72.294,-98.8018,0.7,CA-2026-115483
2.91,1.3677,0.0,US-2026-154214
56.704,19.1376,0.2,US-2026-122763
61.96,27.882,0.0,US-2026-143770
274.064,102.774,0.2,US-2026-122763
265.93,63.8232,0.0,US-2026-165491
238.0,38.08,0.0,US-2026-143770
1805.88,523.7052,0.0,US-2026-119452
22.14,6.4206,0.0,US-2026-111591
64.384,8.048,0.2,US-2026-156272
8.544,2.8836,0.2,US-2026-108539
10.896,3.9498,0.2,US-2026-108539
30.576,10.3194,0.2,US-2026-111591
8.856,2.8782,0.2,US-2026-117156
13.02,0.3906,0.0,US-2026-111591
277.4,133.152,0.0,US-2026-169285
5.78,2.8322,0.0,US-2026-169285
359.32,7.1864,0.0,US-2026-111591
725.84,210.4936,0.0,US-2026-108539
211.84,76.2624,0.0,US-2026-155985
34.76,11.297,0.2,US-2026-120719
25.68,11.556,0.0,US-2026-140074
20.04,9.6192,0.0,US-2026-140151
32.48,4.872,0.0,US-2026-140151
143.728,-32.3388,0.2,US-2026-135650
347.58,17.379,0.0,US-2026-136511
13999.96,6719.9808,0.0,US-2026-140151
271.764,60.392,0.1,US-2026-122308
207.846,2.3094,0.1,US-2026-166184
47.01,22.0947,0.0,US-2026-166184
221.92,106.5216,0.0,US-2026-167101
12.768,0.9576,0.2,US-2026-101637
26.0,11.7,0.0,US-2026-167101
469.99,136.2971,0.0,US-2026-166184
90.99,14.5584,0.0,US-2026-155880
368.97,40.5867,0.0,US-2026-155880
1526.56,427.4368,0.0,US-2026-155880
176.04,45.7704,0.0,US-2026-117534
23.1,6.93,0.0,US-2026-143651
11.05,2.9835,0.0,US-2026-105193
16.02,4.4856,0.0,US-2026-117534
185.92,62.748,0.2,US-2026-117534
6.848,2.14,0.2,US-2026-101077
479.984,59.998,0.2,US-2026-117534
211.168,15.8376,0.2,US-2026-117534
470.376,47.0376,0.2,US-2026-112039
257.568,-28.9764,0.2,US-2026-121251
60.84,23.1192,0.0,US-2026-113208
87.168,-226.6368,0.8,US-2026-141677
19.83,5.949,0.0,US-2026-147144
3.76,1.316,0.0,US-2026-162033
74.352,23.235,0.2,US-2026-141677
32.232,2.4174,0.2,US-2026-141677
143.96,1.7995,0.2,US-2026-141677
53.25,20.7675,0.0,US-2026-162033
2399.96,569.9905,0.2,US-2026-141677
119.96,33.5888,0.0,US-2026-121251
1023.332,-30.098,0.32,US-2026-144491
211.246,-66.3916,0.3,US-2026-144491
600.558,-8.5794,0.3,US-2026-144491
15.008,1.5008,0.2,US-2026-139416
292.1,58.42,0.0,US-2026-113705
17.76,8.88,0.0,US-2026-113705
8.26,3.7996,0.0,US-2026-113705
45.68,21.0128,0.0,US-2026-124716
11.94,5.97,0.0,US-2026-124716
110.96,53.2608,0.0,US-2026-124716
17.64,8.1144,0.0,US-2026-113705
332.94,9.9882,0.0,US-2026-113705
39.992,6.9986,0.2,US-2026-144491
206.1,55.647,0.0,US-2026-113705
26.48,10.0624,0.0,US-2026-147886
21.56,6.8992,0.0,US-2026-147886
68.742,-48.1194,0.7,US-2026-166611
12.96,6.3504,0.0,US-2026-147886
20.04,9.6192,0.0,US-2026-147886
26.72,12.8256,0.0,US-2026-147886
795.48,7.9548,0.0,US-2026-147886
532.72,53.272,0.2,US-2026-147886
81.4,21.164,0.0,US-2026-126550
94.2,39.564,0.0,US-2026-126634
6.08,2.0672,0.0,US-2026-120147
5.715,-4.7625,0.7,US-2026-154851
325.86,149.8956,0.0,US-2026-113474
59.76,16.7328,0.0,US-2026-129910
164.792,18.5391,0.2,US-2026-120147
205.3328,-36.2352,0.32,US-2026-154907
61.0,25.62,0.0,US-2026-159205
29.78,8.0406,0.0,US-2026-100524
33.62,-90.774,0.8,US-2026-144680
64.12,30.7776,0.0,US-2026-133263
34.54,17.27,0.0,US-2026-133263
13.468,-22.8956,0.8,US-2026-114524
75.04,36.0192,0.0,US-2026-100524
29.7,8.019,0.0,US-2026-160143
2999.95,1439.976,0.0,US-2026-133263
671.93,188.1404,0.0,US-2026-159205
84.95,22.087,0.0,US-2026-102771
677.58,176.1708,0.0,US-2026-100524
482.664,85.176,0.15,US-2026-149881
218.352,-19.1058,0.2,US-2026-134495
127.95,21.7515,0.0,US-2026-129028
20.808,1.8207,0.2,US-2026-134495
121.68,38.025,0.2,US-2026-147942
28.4,13.348,0.0,US-2026-145877
6.264,2.0358,0.2,US-2026-134495
5.78,2.7166,0.0,US-2026-147942
42.93,19.3185,0.0,US-2026-118360
94.2,23.55,0.0,US-2026-145877
4799.984,359.9988,0.2,US-2026-149881
23.976,-5.6943,0.2,US-2026-134495
25.11,6.5286,0.0,US-2026-123281
411.8,70.006,0.0,US-2026-121419
11.12,2.8912,0.0,US-2026-106355
14.94,6.8724,0.0,US-2026-145275
360.0,129.6,0.0,US-2026-121419
25.472,7.6416,0.2,US-2026-131156
7.056,2.205,0.2,US-2026-127264
7.04,2.0416,0.0,US-2026-140536
16.98,8.49,0.0,US-2026-109211
240.37,7.2111,0.0,US-2026-144848
119.02,33.3256,0.0,US-2026-144848
41.22,11.1294,0.0,US-2026-144848
383.84,47.98,0.2,US-2026-157903
8.1,-5.94,0.7,US-2026-161592
106.32,49.9704,0.0,US-2026-107265
258.072,0.0,0.2,US-2026-100930
233.86,-102.048,0.45,US-2026-100930
620.6145,-248.2458,0.45,US-2026-100930
16.256,1.2192,0.2,US-2026-165904
5.328,-3.552,0.7,US-2026-100930
617.976,-7.7247,0.2,US-2026-100930
219.184,19.1786,0.2,US-2026-165904
56.28,15.7584,0.0,US-2026-157854
306.9,79.794,0.0,US-2026-136721
273.96,71.2296,0.0,US-2026-136721
41.95,10.4875,0.0,US-2026-112333
2690.97,1264.7559,0.0,US-2026-157854
244.55,114.9385,0.0,US-2026-150987
195.76,97.88,0.0,US-2026-150987
2591.56,621.9744,0.0,US-2026-112333
35.97,9.7119,0.0,US-2026-135279
17.43,-13.363,0.7,US-2026-122154
478.24,219.9904,0.0,US-2026-112900
37.896,-29.0536,0.7,US-2026-169404
15.12,4.914,0.2,US-2026-122154
8.64,4.2336,0.0,US-2026-135279
9.82,4.8118,0.0,US-2026-135279
251.64,88.074,0.2,US-2026-122154
65.584,23.7742,0.2,US-2026-169404
191.6,91.968,0.0,US-2026-135279
12.96,6.2208,0.0,US-2026-135279
501.81,0.0,0.0,US-2026-135279
12.32,1.848,0.2,US-2026-115070
36.672,6.4176,0.2,US-2026-135069
195.104,21.9492,0.2,US-2026-135069
4.419,-3.0933,0.7,US-2026-115070
7.16,3.58,0.0,US-2026-161984
10.368,3.6288,0.2,US-2026-125115
7.61,3.5767,0.0,US-2026-161984
286.15,71.5375,0.0,US-2026-150623
95.736,20.3439,0.2,US-2026-125115
99.99,41.9958,0.0,US-2026-150623
20.992,2.3616,0.2,US-2026-130904
1.752,0.1533,0.2,US-2026-130904
41.86,14.2324,0.0,US-2026-166128
11.364,-17.046,0.8,US-2026-143028
16.768,1.4672,0.2,US-2026-100482
199.95,21.9945,0.0,US-2026-166128
27.12,-4.746,0.2,US-2026-100482
29.7,13.365,0.0,US-2026-122735
39.96,17.982,0.0,US-2026-122735
436.704,-38.2116,0.2,US-2026-135076
895.92,302.373,0.2,US-2026-155460
7.92,1.683,0.2,US-2026-141663
5.28,2.376,0.0,US-2026-155460
198.272,-32.2192,0.2,US-2026-126060
242.352,9.0882,0.2,US-2026-131233
74.45,20.1015,0.0,US-2026-127117
89.856,21.3408,0.2,US-2026-144932
14.592,2.5536,0.2,US-2026-144932
10.776,3.5022,0.2,US-2026-131233
8.76,4.2048,0.0,US-2026-159604
13.872,5.0286,0.2,US-2026-144932
196.45,70.722,0.0,US-2026-118857
4.89,2.0049,0.0,US-2026-126774
15.57,-11.937,0.7,US-2026-161851
20.736,7.2576,0.2,US-2026-141698
79.14,36.4044,0.0,US-2026-134635
15.552,5.4432,0.2,US-2026-114412
102.833,-6.049,0.15,US-2026-108070
40.74,12.222,0.0,US-2026-138086
16.52,2.065,0.2,US-2026-109946
26.046,-44.2782,0.8,US-2026-156356
2.896,-4.7784,0.8,US-2026-156356
13.71,-10.054,0.7,US-2026-136497
32.544,-7.7292,0.2,US-2026-156356
205.92,2.0592,0.0,US-2026-108070
477.24,9.5448,0.0,US-2026-122707
25.98,1.5588,0.0,US-2026-122707
218.352,-19.1058,0.2,US-2026-128965
60.312,5.2773,0.2,US-2026-119389
12.03,-9.223,0.7,US-2026-134845
21.594,-15.8356,0.7,US-2026-134845
8.964,-6.5736,0.7,US-2026-134845
10.9,3.597,0.0,US-2026-128965
7.38,3.4686,0.0,US-2026-128965
23.04,11.2896,0.0,US-2026-128965
20.736,7.2576,0.2,US-2026-134845
28.14,13.5072,0.0,US-2026-128965
195.136,-43.9056,0.2,US-2026-129203
274.89,46.7313,0.0,US-2026-128965
2549.985,-3399.98,0.7,US-2026-134845
257.5,24.24,0.2,CA-2026-108735
317.058,-18.1176,0.3,US-2026-100615
51.968,10.3936,0.2,US-2026-151484
14.56,-6.188,0.6,US-2026-100615
44.4,-52.17,0.6,US-2026-166849
42.408,9.5418,0.2,US-2026-151484
15.76,3.546,0.2,US-2026-100615
8.7,-6.38,0.7,US-2026-166324
36.56,18.28,0.0,US-2026-119655
146.86,70.4928,0.0,US-2026-119655
848.544,-21.2136,0.2,US-2026-166324
332.704,33.2704,0.2,US-2026-151484
51.336,5.7753,0.2,US-2026-151484
122.382,-24.4764,0.4,US-2026-166324
908.82,227.205,0.0,US-2026-128853
162.6,34.146,0.0,US-2026-166198
97.264,-243.16,0.8,US-2026-152366
2.934,-4.9878,0.8,US-2026-145863
2.694,-4.7145,0.8,US-2026-145863
20.736,7.2576,0.2,US-2026-140802
11.54,3.462,0.0,US-2026-166198
47.976,8.3958,0.2,US-2026-140802
18.28,6.2152,0.0,US-2026-135783
254.352,0.0,0.2,US-2026-169054
675.06,87.7578,0.0,US-2026-146192
387.136,-14.5176,0.2,US-2026-132031
77.952,-11.6928,0.2,US-2026-132031
11.664,3.3534,0.2,US-2026-101700
66.36,26.544,0.0,US-2026-136651
24.14,7.9662,0.0,US-2026-136651
121.94,35.3626,0.0,US-2026-108553
11.76,-7.84,0.7,US-2026-157112
92.88,30.186,0.2,US-2026-136651
18.688,7.008,0.2,US-2026-101700
3.0,1.05,0.2,US-2026-132031
5.344,1.8704,0.2,US-2026-157112
54.9,15.372,0.0,US-2026-104010
122.71,36.813,0.0,US-2026-108553
45.408,11.9196,0.2,US-2026-132031
155.34,55.9224,0.0,US-2026-146360
99.28,12.41,0.2,US-2026-149489
10.43,-18.2525,0.8,US-2026-125269
7.518,-5.7638,0.7,US-2026-149489
1.188,-0.99,0.7,US-2026-149489
1.81,0.6516,0.0,US-2026-166933
113.568,-21.294,0.2,US-2026-168102
72.784,-18.196,0.2,US-2026-125269
69.98,4.8986,0.0,US-2026-128832
552.0,34.5,0.2,US-2026-116953
344.981,28.4102,0.15,US-2026-159226
8.896,0.6672,0.2,US-2026-129707
67.92,6.792,0.2,US-2026-132213
42.048,5.256,0.2,US-2026-132213
73.344,27.504,0.2,US-2026-120222
13.904,4.5188,0.2,US-2026-151071
19.05,8.763,0.0,US-2026-120222
107.97,22.6737,0.0,US-2026-125381
1.988,-1.4413,0.6,US-2026-160045
39.28,19.2472,0.0,US-2026-143665
20.34,9.3564,0.0,US-2026-143665
220.2656,-42.1096,0.32,US-2026-135692
139.58,39.0824,0.0,US-2026-151281
12.39,5.6994,0.0,US-2026-168228
47.3,12.298,0.0,US-2026-168228
123.92,33.4584,0.0,US-2026-168228
33.12,11.592,0.2,US-2026-135692
28.08,5.265,0.2,US-2026-120894
6.848,0.7704,0.2,US-2026-160962
8.384,0.7336,0.2,US-2026-160962
751.984,84.5982,0.2,US-2026-137631
1048.35,-69.89,0.4,US-2026-164056
4.91,2.4059,0.0,US-2026-126718
64.96,21.4368,0.0,US-2026-137876
220.704,-8.2764,0.2,US-2026-108315
23.68,6.216,0.2,US-2026-108322
15.528,4.8525,0.2,US-2026-124597
9.78,4.0098,0.0,US-2026-154501
4.842,-3.5508,0.7,US-2026-108315
43.372,-69.3952,0.8,US-2026-144582
23.24,7.553,0.2,US-2026-150609
13.896,-9.264,0.7,US-2026-144526
30.56,14.9744,0.0,US-2026-137876
62.96,28.332,0.0,US-2026-151911
11.952,3.8844,0.2,US-2026-124597
4.608,1.6704,0.2,US-2026-124597
5.76,2.8224,0.0,US-2026-107636
163.96,80.3404,0.0,US-2026-136784
10.368,3.6288,0.2,US-2026-150847
2.376,0.7425,0.2,US-2026-108322
677.58,-158.102,0.4,US-2026-144526
314.352,-15.7176,0.2,US-2026-110198
2803.92,0.0,0.2,US-2026-102204
933.262,-458.1468,0.45,US-2026-102204
4.608,1.4976,0.2,US-2026-110198
3.328,0.416,0.2,US-2026-102204
48.9,18.093,0.0,US-2026-110212
129.93,12.993,0.0,US-2026-123134
59.52,15.4752,0.0,US-2026-147844
34.4,15.824,0.0,US-2026-147844
15.7,7.065,0.0,US-2026-147844
159.56,59.0372,0.0,US-2026-128398
32.448,7.3008,0.2,US-2026-132199
373.47,-112.041,0.4,US-2026-132199
22.96,6.6584,0.0,US-2026-163209
64.2,-44.94,0.7,US-2026-132199
26.388,-17.592,0.7,US-2026-132199
8.0,2.8,0.2,US-2026-132199
25.92,12.4416,0.0,US-2026-163209
763.44,45.8064,0.0,US-2026-132178
69.52,19.4656,0.0,US-2026-132178
300.904,11.2839,0.2,US-2026-162978
243.16,72.948,0.0,US-2026-119914
2.202,-1.5414,0.7,US-2026-133067
9.396,-7.5168,0.7,US-2026-133067
2.313,-1.9275,0.7,US-2026-168900
9.11,4.0995,0.0,US-2026-128755
17.61,8.4528,0.0,US-2026-162978
32.4,15.552,0.0,US-2026-128755
16.91,4.5657,0.0,US-2026-128755
571.44,165.7176,0.0,US-2026-128755
183.96,20.6955,0.2,US-2026-162978
89.991,-152.9847,0.7,US-2026-105991
9.552,-7.3232,0.7,US-2026-105991
34.5,15.525,0.0,US-2026-160724
21.24,7.434,0.2,US-2026-105991
23.16,11.58,0.0,US-2026-141943
6.68,3.2064,0.0,US-2026-107552
6.48,3.11,0.0,CA-2026-158740
623.4648,-119.1918,0.32,US-2026-133200
152.94,41.2938,0.0,US-2026-133487
54.66,18.0378,0.0,US-2026-156769
6.408,0.6408,0.2,US-2026-140242
11.06,-18.802,0.8,US-2026-133200
68.541,-52.5481,0.7,US-2026-144498
122.12,39.689,0.2,US-2026-144498
59.2,29.6,0.0,US-2026-167668
84.416,27.4352,0.2,US-2026-145779
772.68,-57.951,0.2,US-2026-133200
191.968,28.7952,0.2,US-2026-162124
408.744,76.6395,0.2,US-2026-140242
627.168,70.5564,0.2,US-2026-144498
476.8,119.2,0.0,US-2026-141733
26.64,7.4592,0.0,US-2026-141733
1458.65,423.0085,0.0,US-2026-141733
87.444,18.4604,0.1,US-2026-141733
79.99,28.7964,0.0,US-2026-159688
419.944,52.493,0.2,US-2026-102820
128.058,-23.7822,0.3,US-2026-156895
47.992,-2.0568,0.3,US-2026-149181
81.08,22.7024,0.0,US-2026-104451
41.472,14.5152,0.2,US-2026-107797
3359.952,1049.985,0.2,US-2026-133865
207.0,25.875,0.2,US-2026-134810
286.85,63.107,0.0,US-2026-118199
147.92,46.225,0.2,US-2026-118199
65.232,22.0158,0.2,US-2026-134810
104.28,26.07,0.0,US-2026-118199
66.96,2.6784,0.0,US-2026-118199
199.98,87.9912,0.0,US-2026-118199
209.979,-356.9643,0.7,US-2026-139647
7.996,-6.9965,0.6,US-2026-140298
5.248,0.5904,0.2,US-2026-140298
43.92,12.7368,0.0,US-2026-115322
26.032,9.4366,0.2,US-2026-133823
37.59,17.6673,0.0,US-2026-133823
37.44,16.848,0.0,US-2026-133823
6.848,2.14,0.2,US-2026-140298
74.416,-14.8832,0.2,US-2026-140298
42.85,15.426,0.0,US-2026-122175
285.48,-10.7055,0.2,US-2026-117632
7.77,2.0979,0.0,US-2026-117632
10.272,1.1556,0.2,US-2026-106796
19.168,6.4692,0.2,US-2026-117632
34.24,-53.072,0.8,US-2026-158218
5.904,1.9926,0.2,US-2026-152226
6.16,2.9568,0.0,US-2026-122175
87.6,42.048,0.0,US-2026-104577
127.92,-15.99,0.2,US-2026-158218
238.62,4.7724,0.0,US-2026-117632
17.0,4.42,0.0,US-2026-122175
87.4,34.96,0.0,US-2026-122175
458.43,-124.431,0.3,US-2026-137785
20.768,2.3364,0.2,US-2026-104318
299.52,149.76,0.0,US-2026-161655
914.97,411.7365,0.0,US-2026-149048
180.96,81.432,0.0,US-2026-149048
58.48,27.4856,0.0,US-2026-100748
14.94,7.3206,0.0,US-2026-149048
530.34,95.4612,0.0,US-2026-149048
587.97,158.7519,0.0,US-2026-149048
261.96,23.5764,0.0,US-2026-133361
899.43,-12.849,0.3,US-2026-161774
18.28,6.2152,0.0,US-2026-143686
46.2,5.775,0.2,US-2026-161774
3.76,1.0904,0.0,US-2026-133361
14.7,6.615,0.0,US-2026-133361
37.2,9.3,0.0,US-2026-133361
58.17,-46.536,0.7,US-2026-154872
48.69,23.8581,0.0,US-2026-133641
5.04,1.764,0.2,US-2026-154872
74.0,37.0,0.0,US-2026-133361
47.952,16.1838,0.2,US-2026-161774
24.784,7.745,0.2,US-2026-154872
76.864,26.9024,0.2,US-2026-161774
440.19,206.8893,0.0,US-2026-129357
22.58,5.8708,0.0,US-2026-115546
64.4,1.932,0.0,US-2026-129357
1399.93,601.9699,0.0,US-2026-143686
89.97,18.8937,0.0,US-2026-133361
539.97,134.9925,0.0,US-2026-115546
7.992,0.6993,0.2,US-2026-161774
42.624,4.2624,0.2,US-2026-110604
220.96,24.858,0.2,US-2026-110604
39.96,17.1828,0.0,US-2026-110604
4.752,-3.168,0.7,US-2026-102414
56.704,19.1376,0.2,US-2026-152569
15.552,5.6376,0.2,US-2026-102414
11.12,3.475,0.2,US-2026-152569
29.592,2.5893,0.2,US-2026-102414
221.024,-55.256,0.2,US-2026-166576
302.94,75.735,0.0,US-2026-159464
1.892,-0.9933,0.6,US-2026-155642
14.56,6.2608,0.0,US-2026-117863
22.608,-10.1736,0.6,US-2026-155642
706.86,197.9208,0.0,US-2026-117401
17.24,4.4824,0.0,US-2026-159464
113.94,54.6912,0.0,US-2026-159464
3.048,1.0287,0.2,US-2026-117863
43.19,20.7312,0.0,US-2026-117401
1.996,-3.2934,0.8,US-2026-112536
6.874,-10.6547,0.8,US-2026-112536
8.928,0.6696,0.2,US-2026-112536
36.048,-0.9012,0.2,US-2026-112865
34.75,15.6375,0.0,US-2026-159464
344.704,38.7792,0.2,US-2026-121643
55.98,15.6744,0.0,US-2026-159464
114.95,2.299,0.0,US-2026-117401
19.44,9.33,0.0,CA-2026-135471
1628.82,374.6286,0.0,US-2026-138975
314.352,-35.3646,0.2,US-2026-145702
681.408,42.588,0.2,US-2026-113530
281.34,109.7226,0.0,US-2026-100048
97.16,28.1764,0.0,US-2026-153787
5.58,1.395,0.0,US-2026-113530
3.52,1.0208,0.0,US-2026-113530
26.16,12.8184,0.0,US-2026-127803
133.12,49.92,0.2,US-2026-147998
13.216,4.2952,0.2,US-2026-122077
286.93,140.5957,0.0,US-2026-138975
27.888,10.1094,0.2,US-2026-145702
195.64,91.9508,0.0,US-2026-120607
38.016,13.7808,0.2,US-2026-108700
36.32,10.896,0.0,US-2026-113530
299.97,113.9886,0.0,US-2026-100048
67.8,4.068,0.0,US-2026-138975
307.98,89.3142,0.0,US-2026-100048
95.992,9.5992,0.2,US-2026-122077
377.97,98.2722,0.0,US-2026-138975
518.272,-97.176,0.2,US-2026-166695
6.98,3.3504,0.0,US-2026-166695
64.9,18.821,0.0,US-2026-166688
21.5,7.095,0.0,US-2026-111332
25.92,8.2944,0.0,US-2026-111332
131.94,35.6238,0.0,US-2026-111332
41.28,19.8144,0.0,US-2026-149468
8.288,3.0044,0.2,US-2026-166688
7.41,3.4827,0.0,US-2026-111332
704.76,162.0948,0.0,US-2026-111332
343.2,38.61,0.2,US-2026-166695
1123.128,70.1955,0.2,US-2026-166688
518.272,-97.176,0.2,CA-2026-166695
6.98,3.3504,0.0,CA-2026-166695
343.2,38.61,0.2,CA-2026-166695
520.05,72.807,0.0,US-2026-167899
17.97,5.2113,0.0,US-2026-167899
181.986,-54.5958,0.3,US-2026-150595
49.56,18.8328,0.0,US-2026-151127
9.84,2.8536,0.0,US-2026-130106
2.78,0.7228,0.0,US-2026-130106
1.592,-2.6268,0.8,US-2026-150595
22.344,2.5137,0.2,US-2026-150595
68.46,25.3302,0.0,US-2026-153080
171.288,-6.4233,0.2,US-2026-167003
18.32,-46.716,0.8,US-2026-164042
1.188,-1.9602,0.8,US-2026-164042
1.824,0.6156,0.2,US-2026-164042
48.816,-11.5938,0.2,US-2026-164042
18.84,6.0288,0.0,US-2026-120168
29.84,13.428,0.0,US-2026-161088
663.92,207.475,0.2,US-2026-120168
3.29,1.4805,0.0,US-2026-120168
50.136,-11.2806,0.2,US-2026-112473
120.0,13.2,0.0,US-2026-120168
208.44,62.532,0.0,US-2026-123687
12.96,6.2208,0.0,US-2026-107853
25.76,0.7728,0.0,US-2026-123687
23.08,6.924,0.0,US-2026-152968
477.3,138.417,0.0,US-2026-136882
35.0,14.7,0.0,US-2026-116897
31.44,7.86,0.0,US-2026-134152
58.34,28.0032,0.0,US-2026-132297
12.06,-10.05,0.7,US-2026-151855
25.92,9.072,0.2,US-2026-160458
477.15,28.629,0.0,US-2026-116897
27.192,0.3399,0.2,US-2026-151855
98.16,9.816,0.0,US-2026-134152
539.97,134.9925,0.0,US-2026-132297
302.376,22.6782,0.2,US-2026-116897
115.96,-64.9376,0.5,US-2026-161340
301.96,33.2156,0.0,US-2026-140088
106.869,-29.0073,0.3,US-2026-118556
247.44,101.4504,0.0,US-2026-141572
27.46,9.8856,0.0,US-2026-100055
125.13,36.2877,0.0,US-2026-100055
3.564,-6.237,0.8,US-2026-118556
15.552,5.4432,0.2,US-2026-145765
13.872,5.0286,0.2,US-2026-161340
271.968,54.3936,0.2,US-2026-145765
195.96,19.596,0.2,US-2026-145765
54.368,4.0776,0.2,US-2026-112613
65.424,-52.3392,0.6,US-2026-168739
6.24,2.6208,0.0,US-2026-121580
465.16,120.9416,0.0,US-2026-121580
43.41,19.9686,0.0,US-2026-121580
23.55,1.1775,0.0,US-2026-144568
25.92,9.396,0.2,US-2026-104745
7.98,3.99,0.0,US-2026-121580
53.424,4.6746,0.2,US-2026-104745
241.96,33.8744,0.0,US-2026-125472
204.6664,-6.0196,0.32,US-2026-142461
13.592,-0.3398,0.2,US-2026-121125
8.01,3.0438,0.0,US-2026-125472
35.1,10.179,0.0,US-2026-116498
3.89,1.8672,0.0,US-2026-125472
37.52,18.0096,0.0,US-2026-120614
35.36,-3.094,0.2,US-2026-121125
156.792,17.6391,0.2,US-2026-121125
1925.88,539.2464,0.0,US-2026-121559
17.48,1.311,0.2,US-2026-112928
2405.2,793.716,0.0,US-2026-121559
17.38,8.69,0.0,US-2026-121559
3.798,-2.6586,0.7,US-2026-106831
53.9,25.872,0.0,US-2026-146493
27.744,10.0572,0.2,US-2026-106831
324.744,-77.1267,0.2,US-2026-157413
39.89,14.7593,0.0,US-2026-121559
83.97,15.9543,0.0,US-2026-121559
158.376,-34.3148,0.4,US-2026-106831
43.92,15.921,0.2,US-2026-140760
10.688,3.7408,0.2,US-2026-143294
25.344,7.92,0.2,US-2026-140760
25.344,9.1872,0.2,US-2026-158883
27.44,2.401,0.2,US-2026-127705
2.97,-0.6435,0.4,US-2026-127705
241.568,0.0,0.2,US-2026-140872
35.168,9.6712,0.2,US-2026-126382
384.768,-115.4304,0.4,US-2026-113908
24.472,1.8354,0.2,US-2026-140872
5.2,0.585,0.2,US-2026-140872
3.912,1.2714,0.2,US-2026-145772
4.554,-3.4914,0.7,US-2026-140872
15.552,5.4432,0.2,US-2026-140872
11.96,5.382,0.0,US-2026-145772
45.36,22.2264,0.0,US-2026-113908
136.26,5.4504,0.0,US-2026-145506
110.4,-4.14,0.2,US-2026-140872
44.75,8.5025,0.0,US-2026-145772
205.992,-2.5749,0.2,US-2026-140872
1099.5,362.835,0.0,US-2026-150420
78.66,36.1836,0.0,US-2026-113908
503.96,50.396,0.2,US-2026-140872
31.984,1.999,0.2,US-2026-158407
30.336,-17.4432,0.6,US-2026-149720
8.64,2.5056,0.0,US-2026-158106
108.08,54.04,0.0,US-2026-133095
6.37,-9.555,0.8,US-2026-158953
9.54,4.3884,0.0,US-2026-133095
12.48,5.616,0.0,US-2026-100426
71.984,25.1944,0.2,US-2026-158407
20.736,7.2576,0.2,US-2026-141614
470.376,52.9173,0.2,US-2026-126788
4.95,2.178,0.0,US-2026-131849
26.4,0.0,0.0,US-2026-131849
1497.666,140.9568,0.15,US-2026-109316
1.624,-4.466,0.8,US-2026-155299
12.176,-18.8728,0.8,US-2026-106579
72.588,-48.392,0.7,US-2026-107979
10.36,5.0764,0.0,US-2026-117436
85.056,28.7064,0.2,US-2026-132682
35.168,-8.3524,0.2,US-2026-107979
23.76,2.079,0.2,US-2026-132682
89.544,12.3123,0.2,US-2026-107979
17.52,-3.504,0.2,US-2026-109316
381.576,28.6182,0.2,US-2026-132682
23.976,-14.3856,0.6,US-2026-106663
108.925,-71.8905,0.5,US-2026-106663
49.12,23.0864,0.0,US-2026-146822
36.352,11.36,0.2,US-2026-106663
720.76,54.057,0.2,US-2026-100951
514.165,-30.245,0.15,US-2026-140963
14.7,4.116,0.0,US-2026-137001
8.4,4.2,0.0,US-2026-167080
16.4,4.756,0.0,US-2026-143343
14.13,0.7065,0.0,US-2026-112172
29.6,14.8,0.0,US-2026-140963
11.56,5.4332,0.0,US-2026-158071
40.032,15.012,0.2,US-2026-131583
15.58,3.895,0.0,US-2026-158071
1347.52,84.22,0.2,US-2026-107167
132.52,54.3332,0.0,US-2026-106103
279.96,17.4975,0.2,US-2026-140963
88.776,7.7679,0.2,US-2026-158071
174.42,41.8608,0.0,US-2026-134565
280.792,35.099,0.2,US-2026-120418
61.44,16.5888,0.0,US-2026-141481
3.76,1.0904,0.0,US-2026-102554
15.872,1.984,0.2,US-2026-120418
88.04,6.603,0.2,US-2026-120418
4.572,-3.81,0.7,US-2026-133928
18.288,6.6294,0.2,US-2026-134565
122.97,60.2553,0.0,US-2026-152002
37.94,18.2112,0.0,US-2026-134565
215.592,-48.5082,0.2,US-2026-120418
68.448,7.7004,0.2,US-2026-120418
102.96,1.0296,0.0,US-2026-134565
385.8,130.2075,0.2,US-2026-134565
858.24,143.04,0.1,US-2026-108441
17.088,1.068,0.2,US-2026-143861
8.856,-6.8634,0.6,US-2026-124191
452.94,67.941,0.0,US-2026-148474
64.14,16.6764,0.0,US-2026-108441
13.128,4.2666,0.2,US-2026-108441
91.2,41.952,0.0,US-2026-148474
19.04,9.3296,0.0,US-2026-108441
19.44,9.3312,0.0,US-2026-119424
63.92,19.176,0.2,US-2026-117821
71.976,8.997,0.2,US-2026-119424
291.136,-25.4744,0.2,US-2026-104850
470.302,-87.3418,0.3,US-2026-102337
181.86,50.9208,0.0,US-2026-122056
164.736,-39.1248,0.2,US-2026-102337
47.984,5.998,0.2,US-2026-102337
77.728,-3.8864,0.2,US-2026-126914
698.352,52.3764,0.2,US-2026-126914
31.168,9.3504,0.2,US-2026-119284
120.96,-28.224,0.4,US-2026-119284
76.608,6.7032,0.2,US-2026-119284
19.56,1.7115,0.2,US-2026-111178
4.26,1.7466,0.0,US-2026-135167
44.4,22.2,0.0,US-2026-169691
91.36,29.692,0.2,US-2026-119284
17.94,8.7906,0.0,US-2026-169691
84.55,22.8285,0.0,US-2026-169691
142.776,17.847,0.2,US-2026-119284
2239.936,223.9936,0.2,US-2026-119284
239.976,26.9973,0.2,US-2026-119284
119.96,7.4975,0.2,US-2026-118864
47.976,4.7976,0.2,US-2026-169901
1212.96,90.972,0.2,US-2026-105214
301.96,90.588,0.0,US-2026-129462
180.66,50.5848,0.0,US-2026-129462
23.92,1.794,0.2,US-2026-111269
14.016,4.7304,0.2,US-2026-136826
5.936,-8.904,0.8,US-2026-132206
19.44,9.3312,0.0,US-2026-155873
18.54,8.7138,0.0,US-2026-105214
192.16,92.2368,0.0,US-2026-155873
16.68,4.3368,0.0,US-2026-155873
479.952,107.9892,0.2,US-2026-111269
191.98,51.8346,0.0,US-2026-129462
65.99,17.1574,0.0,US-2026-129462
155.25,46.575,0.0,US-2026-118437
2.304,-3.5712,0.8,US-2026-131618
9.36,-16.38,0.8,US-2026-131618
51.312,17.9592,0.2,US-2026-157833
12.224,4.4312,0.2,US-2026-131618
146.352,-32.9292,0.2,US-2026-146346
14.03,4.0687,0.0,US-2026-118437
101.34,8.1072,0.0,US-2026-165323
3404.5,1668.205,0.0,US-2026-165323
917.9235,75.5937,0.15,US-2026-112753
74.352,23.235,0.2,US-2026-162712
38.88,19.0512,0.0,US-2026-112753
74.352,23.235,0.2,CA-2026-184712
760.116,-43.4352,0.3,US-2026-128944
50.32,21.1344,0.0,US-2026-138870
38.784,7.272,0.2,US-2026-128944
457.485,-84.9615,0.3,US-2026-154011
0.444,-1.11,0.8,US-2026-102288
2.264,-5.2072,0.8,US-2026-102288
6.888,-11.0208,0.8,US-2026-154011
11.568,3.7596,0.2,US-2026-169999
146.176,47.5072,0.2,US-2026-102288
97.82,45.9754,0.0,US-2026-140844
24.56,11.5432,0.0,US-2026-138870
129.3,6.465,0.0,US-2026-169999
153.584,-32.6366,0.2,US-2026-141992
11.184,0.8388,0.2,US-2026-141992
103.12,10.312,0.0,US-2026-140844
122.328,1.5291,0.2,US-2026-128944
5.248,0.5904,0.2,US-2026-106852
51.312,18.6006,0.2,US-2026-132934
9.82,4.8118,0.0,US-2026-101434
32.4,15.552,0.0,US-2026-135986
31.104,10.8864,0.2,US-2026-106852
4.464,0.3348,0.2,US-2026-151218
149.95,14.995,0.0,US-2026-132934
239.97,71.991,0.0,US-2026-101434
503.96,125.99,0.0,US-2026-135986
17.92,2.464,0.2,US-2026-101049
6.24,3.0576,0.0,US-2026-124744
41.256,-34.38,0.7,US-2026-101049
82.4,40.376,0.0,US-2026-124744
447.84,219.4416,0.0,US-2026-124744
487.96,146.388,0.0,US-2026-105823
3.036,-5.0094,0.8,US-2026-155936
10.332,-7.5768,0.7,US-2026-165757
31.155,-23.8855,0.7,US-2026-165757
37.608,12.6927,0.2,US-2026-133781
8.928,0.6696,0.2,US-2026-165757
172.764,32.6332,0.1,US-2026-136350
276.69,49.8042,0.0,US-2026-136350
385.6,111.824,0.0,US-2026-100384
35.82,11.8206,0.0,US-2026-100384
95.92,25.8984,0.0,US-2026-122105
102.93,48.3771,0.0,US-2026-132955
182.994,-320.2395,0.8,US-2026-151316
2.88,1.3536,0.0,US-2026-159107
10.272,3.21,0.2,US-2026-151316
21.744,6.795,0.2,US-2026-105074
400.784,-5.0098,0.2,US-2026-116127
871.4,148.138,0.0,US-2026-124821
5.344,0.7348,0.2,US-2026-133648
11.304,-2.1195,0.2,US-2026-133648
71.04,26.64,0.2,US-2026-133648
148.48,16.704,0.2,US-2026-134796
273.552,-13.6776,0.2,US-2026-148810
526.45,31.587,0.0,US-2026-157091
15.92,5.4128,0.0,US-2026-133256
102.368,37.1084,0.2,US-2026-107132
13.872,4.6818,0.2,US-2026-148810
4.54,2.043,0.0,US-2026-133256
68.52,31.5192,0.0,US-2026-107132
713.88,214.164,0.0,US-2026-107132
83.76,1.6752,0.0,US-2026-115364
272.94,0.0,0.0,US-2026-100636
28.4,8.236,0.0,US-2026-107132
431.928,64.7892,0.2,US-2026-138310
545.916,72.7888,0.4,US-2026-161410
239.97,67.1916,0.0,US-2026-163531
358.2,41.79,0.4,US-2026-161410
543.92,135.98,0.0,US-2026-133256
191.646,31.941,0.1,US-2026-123638
126.3,40.416,0.0,US-2026-116988
20.07,9.2322,0.0,US-2026-151190
19.44,9.3312,0.0,US-2026-116988
1287.45,244.6155,0.0,US-2026-116988
409.9992,-96.4704,0.32,US-2026-137449
638.82,185.2578,0.0,US-2026-143574
25.16,8.5544,0.0,US-2026-143574
307.314,-39.5118,0.3,US-2026-137449
21.392,-54.5496,0.8,US-2026-137449
362.94,90.735,0.0,US-2026-147039
11.68,3.0368,0.0,US-2026-138149
312.552,101.5794,0.2,US-2026-137085
895.92,302.373,0.2,US-2026-138149
11.54,5.77,0.0,US-2026-147039
5.184,1.8144,0.2,US-2026-126081
1295.78,310.9872,0.0,US-2026-100650
130.71,39.213,0.0,US-2026-138149
30.69,7.9794,0.0,US-2026-143574
62.31,22.4316,0.0,US-2026-138149
435.999,5.1294,0.15,US-2026-109393
569.058,-178.8468,0.3,US-2026-163006
19.52,5.368,0.2,US-2026-125745
22.23,9.7812,0.0,US-2026-131695
14.224,-10.3124,0.6,US-2026-163006
1044.63,-295.9785,0.4,US-2026-102890
75.792,25.5798,0.2,US-2026-102946
204.95,100.4255,0.0,US-2026-113201
248.57,67.1139,0.0,US-2026-131695
1085.42,282.2092,0.0,US-2026-164112
1001.584,125.198,0.2,US-2026-163006
169.99,78.1954,0.0,US-2026-148362
25.92,12.4416,0.0,US-2026-148362
443.92,13.3176,0.0,US-2026-148362
5.232,-8.1096,0.8,US-2026-107958
163.96,59.4355,0.2,US-2026-107958
129.39,54.3438,0.0,US-2026-169124
23.99,5.5177,0.0,US-2026-126179
545.85,114.6285,0.0,US-2026-140053
102.3,26.598,0.0,US-2026-106747
215.148,-103.9882,0.4,US-2026-111024
9.552,1.5522,0.2,US-2026-124828
32.896,11.1024,0.2,US-2026-111024
273.896,92.4399,0.2,US-2026-121503
24.56,11.5432,0.0,US-2026-129777
30.96,11.223,0.2,US-2026-111024
87.92,0.8792,0.0,US-2026-139437
1687.8,742.632,0.0,US-2026-168109
24.0,-2.7,0.2,US-2026-166233
258.9,93.204,0.0,US-2026-129777
59.98,26.3912,0.0,US-2026-168109
2395.2,209.58,0.2,US-2026-168109
597.132,49.761,0.4,US-2026-121503
7.992,2.6973,0.2,US-2026-168109
287.97,77.7519,0.0,US-2026-126179
167.968,62.988,0.2,US-2026-111647
332.028,-348.6294,0.6,US-2026-100223
11.394,-17.6607,0.8,US-2026-100223
6.316,-10.4214,0.8,US-2026-100223
15.552,5.6376,0.2,US-2026-100223
31.104,11.2752,0.2,US-2026-100223
79.96,22.3888,0.0,US-2026-104388
239.24,23.924,0.2,US-2026-152492
122.136,-13.7403,0.2,US-2026-101784
2.946,-2.2586,0.7,US-2026-124303
16.056,5.8203,0.2,US-2026-124303
87.21,-45.3492,0.5,US-2026-169551
17.472,6.3336,0.2,US-2026-105053
5.94,0.1188,0.0,US-2026-106824
15.552,5.4432,0.2,US-2026-169551
13.392,1.0044,0.2,US-2026-169551
16.776,4.8231,0.2,US-2026-169551
527.92,85.787,0.2,US-2026-169551
252.0,93.24,0.0,US-2026-155152
683.988,-113.998,0.4,US-2026-169551
39.98,9.1954,0.0,US-2026-140480
145.9,62.737,0.0,US-2026-133249
198.46,99.23,0.0,US-2026-108560
15.84,4.9104,0.0,US-2026-138464
83.92,5.8744,0.0,US-2026-140480
12.96,4.1472,0.0,US-2026-134306
28.91,8.673,0.0,US-2026-140480
18.24,6.2016,0.0,US-2026-138464
174.95,45.487,0.0,US-2026-140480
7.56,3.0996,0.0,US-2026-134306
13.12,4.3296,0.0,US-2026-138464
23.168,7.8192,0.2,US-2026-108560
86.376,30.2316,0.2,US-2026-138464
75.18,35.3346,0.0,US-2026-150189
786.48,385.3752,0.0,US-2026-108560
24.56,11.5432,0.0,US-2026-134306
52.76,24.2696,0.0,US-2026-111759
141.9,58.179,0.0,US-2026-140480
50.0,10.5,0.0,US-2026-108560
662.88,74.57,0.2,CA-2026-112109
8.74,-6.12,0.7,CA-2026-112109
19.97,-13.31,0.7,CA-2026-112109
33.49,-1.26,0.2,CA-2026-112109
526.45,31.587,0.0,US-2026-145128
58.464,-146.16,0.8,US-2026-115651
8.84,2.9835,0.2,US-2026-115651
119.04,48.8064,0.0,US-2026-121083
1.08,-0.792,0.7,US-2026-100209
274.8,134.652,0.0,US-2026-121083
195.64,3.9128,0.0,US-2026-121083
228.92,14.3075,0.2,US-2026-132122
257.98,74.8142,0.0,US-2026-121083
18.84,7.9128,0.0,US-2026-128629
41.91,10.8966,0.0,US-2026-169012
298.464,26.1156,0.2,US-2026-127460
168.1,43.706,0.0,US-2026-162015
30.32,11.8248,0.0,US-2026-127656
29.8,9.3125,0.2,US-2026-136623
8.67,4.0749,0.0,US-2026-164959
132.6,17.238,0.0,US-2026-156818
1287.45,244.6155,0.0,US-2026-162015
71.952,5.3964,0.2,US-2026-136623
3.816,1.1925,0.2,US-2026-106047
91.008,19.3392,0.2,US-2026-136364
13.56,6.2376,0.0,US-2026-102155
360.38,93.6988,0.0,US-2026-102155
39.594,-7.2589,0.4,US-2026-136364
396.92,148.845,0.2,US-2026-161935
18.84,7.9128,0.0,US-2026-121048
276.69,49.8042,0.0,US-2026-121048
71.92,20.8568,0.0,US-2026-121048
13.12,2.132,0.2,US-2026-161935
4.448,1.4456,0.2,US-2026-121048
4.96,2.3312,0.0,US-2026-121048
9.248,3.3524,0.2,US-2026-161935
239.456,17.9592,0.2,US-2026-161935
62.04,4.653,0.2,US-2026-161935
140.97,19.7358,0.0,US-2026-121048
1889.946,-377.9892,0.4,US-2026-161935
470.376,52.9173,0.2,US-2026-121048
664.146,88.5528,0.1,US-2026-164378
872.94,157.1292,0.0,US-2026-128951
310.443,-48.7839,0.3,US-2026-166142
179.94,50.3832,0.0,US-2026-128951
6.56,1.9024,0.0,US-2026-164378
26.55,13.0095,0.0,US-2026-166142
7.83,3.6018,0.0,US-2026-164378
12.96,6.2208,0.0,US-2026-128951
8.96,4.3904,0.0,US-2026-164378
41.9,8.799,0.0,US-2026-164378
71.372,-1.0196,0.3,US-2026-156909
242.352,15.147,0.2,US-2026-152842
2.912,0.91,0.2,US-2026-109778
1194.165,210.735,0.15,US-2026-142342
7.904,2.1736,0.2,US-2026-139948
39.08,14.4596,0.0,US-2026-105046
57.9,28.95,0.0,US-2026-142342
99.9,47.952,0.0,US-2026-105046
32.4,15.552,0.0,US-2026-142342
10.56,0.0,0.0,US-2026-142342
479.984,89.997,0.2,US-2026-126662
269.98,67.495,0.0,US-2026-105046
311.976,-42.8967,0.2,US-2026-142573
198.744,-14.196,0.3,US-2026-165358
161.568,10.098,0.2,US-2026-142573
801.6,-448.896,0.5,US-2026-142573
7.656,-6.1248,0.7,US-2026-142573
16.096,5.2312,0.2,US-2026-142573
9.184,1.148,0.2,US-2026-165358
599.97,69.9965,0.4,US-2026-165358
163.764,25.4744,0.1,US-2026-108343
182.94,27.441,0.0,US-2026-122035
183.92,31.2664,0.0,US-2026-108343
8.792,-5.7148,0.6,US-2026-118640
416.32,112.4064,0.0,US-2026-122035
43.0,20.21,0.0,US-2026-122035
60.83,30.415,0.0,US-2026-122035
735.98,331.191,0.0,US-2026-150497
14.62,6.8714,0.0,US-2026-122035
13.36,6.4128,0.0,US-2026-108343
69.712,8.714,0.2,US-2026-118640
389.97,132.5898,0.0,US-2026-122035
302.94,69.6762,0.0,US-2026-104731
225.296,22.5296,0.2,US-2026-145429
8.8,3.872,0.0,US-2026-104731
124.404,-21.3264,0.3,US-2026-123834
17.48,4.5448,0.0,US-2026-123204
25.99,7.5371,0.0,US-2026-158505
3.52,1.6896,0.0,US-2026-118724
101.94,29.5626,0.0,US-2026-104731
19.68,5.7072,0.0,US-2026-104731
2.112,-3.3792,0.8,US-2026-145093
50.352,17.6232,0.2,US-2026-145429
33.93,-22.62,0.7,US-2026-160465
2.864,-4.5824,0.8,US-2026-103478
14.94,7.1712,0.0,US-2026-104731
94.192,-164.836,0.8,US-2026-103478
6.48,3.1752,0.0,US-2026-127719
16.34,7.6798,0.0,US-2026-145429
222.32,25.011,0.2,US-2026-160465
231.72,11.586,0.0,US-2026-104731
1626.192,121.9644,0.2,US-2026-118724
271.96,67.99,0.0,US-2026-104731
71.928,6.2937,0.2,US-2026-158505
210.564,-52.641,0.4,US-2026-160465
526.344,-75.192,0.3,US-2026-106551
29.97,14.0859,0.0,US-2026-109750
121.536,15.192,0.2,US-2026-110940
11.68,5.4896,0.0,US-2026-169320
13.128,4.2666,0.2,US-2026-117240
13.92,4.35,0.2,US-2026-125367
15.192,5.5071,0.2,US-2026-133718
41.4,19.872,0.0,US-2026-103506
58.32,27.9936,0.0,US-2026-133718
63.312,20.5764,0.2,US-2026-101721
399.95,143.982,0.0,US-2026-118346
159.75,11.1825,0.0,US-2026-169320
2399.96,839.986,0.2,US-2026-135013
20.096,3.0144,0.2,US-2026-121293
138.588,-34.647,0.4,US-2026-121293
298.116,-4.2588,0.3,US-2026-167549
20.23,9.5081,0.0,US-2026-169810
3.304,1.0738,0.2,US-2026-125640
20.736,7.2576,0.2,US-2026-121293
259.92,-25.992,0.2,US-2026-121293
37.752,4.2471,0.2,US-2026-121293
362.352,45.294,0.2,US-2026-167318
1649.95,659.98,0.0,US-2026-167318
194.848,12.178,0.2,US-2026-107209
91.032,-2.2758,0.2,US-2026-123239
23.88,10.5072,0.0,US-2026-133046
14.89,4.0203,0.0,US-2026-108791
12.96,6.2208,0.0,US-2026-133046
26.2,12.052,0.0,US-2026-133046
234.95,32.893,0.0,US-2026-133046
543.92,135.98,0.0,US-2026-108791
9.984,3.6192,0.2,US-2026-130841
14.98,4.1944,0.0,US-2026-130841
1145.6,100.24,0.2,US-2026-130841
115.96,25.5112,0.0,US-2026-115301
302.67,72.6408,0.0,US-2026-130953
34.848,6.534,0.2,US-2026-101483
137.62,60.5528,0.0,US-2026-130953
60.12,22.2444,0.0,US-2026-146031
4.368,0.3822,0.2,US-2026-101483
33.48,16.4052,0.0,US-2026-130953
2.896,0.4706,0.2,US-2026-130771
90.57,11.7741,0.0,US-2026-113852
124.792,15.599,0.2,US-2026-130771
461.97,133.9713,0.0,US-2026-130953
22.0,1.375,0.2,US-2026-101483
76.776,-53.7432,0.7,US-2026-155740
26.25,12.6,0.0,US-2026-167913
330.4,85.904,0.0,US-2026-167913
89.95,43.176,0.0,US-2026-141103
36.96,11.4576,0.0,US-2026-161102
155.88,54.558,0.0,US-2026-165869
11.01,5.3949,0.0,US-2026-147032
17.52,8.4096,0.0,US-2026-165869
849.95,390.977,0.0,US-2026-147032
11.54,5.5392,0.0,US-2026-147032
54.816,17.8152,0.2,US-2026-121909
56.56,15.2712,0.0,US-2026-161102
41.424,8.2848,0.2,US-2026-125752
285.576,-57.1152,0.4,US-2026-126144
36.792,4.1391,0.2,US-2026-115805
54.896,18.5274,0.2,US-2026-124576
36.288,12.7008,0.2,US-2026-162691
186.54,50.3658,0.0,US-2026-168942
1439.982,-263.9967,0.4,US-2026-162691
271.96,16.9975,0.2,US-2026-133235
95.984,5.999,0.2,US-2026-135034
183.372,-36.6744,0.3,US-2026-165386
123.96,11.1564,0.0,US-2026-168396
51.75,24.84,0.0,US-2026-168396
16.52,5.369,0.2,US-2026-163566
99.87,23.9688,0.0,US-2026-143175
16.06,4.1756,0.0,US-2026-141747
39.816,7.4655,0.2,US-2026-140781
3.318,-5.6406,0.8,US-2026-146367
8.784,3.1842,0.2,US-2026-132738
7.968,2.8884,0.2,US-2026-132738
125.88,60.4224,0.0,US-2026-128328
133.2,66.6,0.0,US-2026-128328
13.76,6.3296,0.0,US-2026-117695
151.056,7.5528,0.2,US-2026-154676
79.78,29.5186,0.0,US-2026-128328
145.74,23.3184,0.0,US-2026-161200
15.4,7.392,0.0,US-2026-161200
227.88,68.364,0.0,US-2026-151981
24.64,11.8272,0.0,US-2026-151981
115.296,40.3536,0.2,US-2026-136609
70.12,21.036,0.0,US-2026-168172
824.95,247.485,0.0,US-2026-151981
207.184,25.898,0.2,US-2026-156776
51.75,15.525,0.0,US-2026-156776
1473.1,412.468,0.0,US-2026-156776
11.68,5.4896,0.0,US-2026-117023
104.8,26.2,0.0,US-2026-117023
31.128,11.673,0.2,US-2026-156776
13.76,4.644,0.2,US-2026-155999
11.952,4.1832,0.2,US-2026-156776
244.55,114.9385,0.0,US-2026-115175
24.56,11.5432,0.0,US-2026-156776
118.16,-25.109,0.2,US-2026-110821
119.448,-13.4379,0.2,US-2026-110821
63.96,19.8276,0.0,US-2026-158344
79.992,21.9978,0.2,US-2026-163321
55.76,7.8064,0.0,US-2026-156776
159.96,17.9955,0.2,US-2026-155999
707.88,44.2425,0.2,US-2026-156776
113.92,33.04,0.0,CA-2026-129322
39.66,11.9,0.0,CA-2026-129322
447.86,210.49,0.0,CA-2026-129322
121.3,25.473,0.0,US-2026-143063
70.08,35.04,0.0,US-2026-143063
177.2,83.284,0.0,US-2026-145443
1454.49,378.1674,0.0,US-2026-143063
9.184,2.87,0.2,US-2026-139311
477.51,219.6546,0.0,US-2026-160899
12.864,-22.512,0.8,US-2026-139311
29.664,10.0116,0.2,US-2026-139311
25.92,12.4416,0.0,US-2026-100433
153.584,13.4386,0.2,US-2026-139311
1779.9,373.779,0.0,US-2026-118941
54.92,19.7712,0.0,US-2026-158169
542.94,152.0232,0.0,US-2026-158169
219.9,59.373,0.0,US-2026-118941
17.52,5.256,0.0,US-2026-118941
100.704,37.764,0.2,US-2026-152310
20.736,7.2576,0.2,US-2026-106537
192.16,92.2368,0.0,US-2026-152310
46.74,11.685,0.0,US-2026-152310
174.95,12.2465,0.0,US-2026-152310
299.99,89.997,0.0,US-2026-152310
242.624,27.2952,0.2,US-2026-152310
423.648,47.6604,0.2,US-2026-128363
31.984,0.0,0.2,US-2026-128363
272.048,30.6054,0.2,US-2026-128363
83.79,22.6233,0.0,US-2026-103828
59.52,15.4752,0.0,US-2026-103828
36.024,11.7078,0.2,US-2026-100580
1614.582,-1237.8462,0.7,US-2026-128363
14.76,4.797,0.2,US-2026-128363
24.32,9.12,0.2,US-2026-128363
17.544,5.9211,0.2,US-2026-167542
31.44,8.4888,0.0,US-2026-103828
31.92,9.2568,0.0,US-2026-103828
1.584,0.4752,0.2,US-2026-128363
418.296,5.2287,0.2,US-2026-105921
16.68,4.3368,0.0,US-2026-169264
5.76,2.8224,0.0,US-2026-169264
97.84,25.4384,0.0,US-2026-138548
50.4,23.184,0.0,US-2026-144883
1801.632,-337.806,0.2,US-2026-117723
13.428,-11.19,0.7,US-2026-122987
67.136,-0.8392,0.2,US-2026-122987
74.592,-2.1312,0.3,US-2026-133102
4416.174,-630.882,0.3,US-2026-118892
462.564,97.6524,0.1,US-2026-111423
16.784,-22.2388,0.6,US-2026-133102
2518.29,654.7554,0.0,US-2026-166093
38.864,-99.1032,0.8,US-2026-133102
8.016,1.002,0.2,US-2026-133102
13.92,4.872,0.2,US-2026-166093
102.93,48.3771,0.0,US-2026-151211
895.92,302.373,0.2,US-2026-111423
221.056,77.3696,0.2,US-2026-166093
23.36,11.68,0.0,US-2026-166093
8.56,3.852,0.0,US-2026-166093
540.57,140.5482,0.0,US-2026-166093
5.552,-1.041,0.2,US-2026-133102
98.16,9.816,0.0,US-2026-151211
71.976,8.997,0.2,US-2026-166093
9.94,3.0814,0.0,US-2026-117947
88.02,27.2862,0.0,US-2026-117947
65.94,22.4196,0.0,US-2026-119809
40.48,15.7872,0.0,US-2026-117947
9.912,1.239,0.2,US-2026-163069
21.38,-33.139,0.8,US-2026-112809
6.744,-11.4648,0.8,US-2026-112809
107.424,33.57,0.2,US-2026-117947
2793.528,942.8157,0.2,US-2026-119809
10.782,-7.9068,0.7,US-2026-122028
323.1,61.389,0.0,US-2026-151358
200.064,12.504,0.2,US-2026-112809
1000.02,290.0058,0.0,US-2026-119809
843.9,371.316,0.0,US-2026-121027
1496.16,224.424,0.0,US-2026-121027
23.18,7.6494,0.0,US-2026-162936
37.91,10.9939,0.0,US-2026-117947
102.72,37.236,0.2,US-2026-100398
2.296,-3.9032,0.8,US-2026-101728
387.99,182.3553,0.0,US-2026-132339
19.44,9.3312,0.0,US-2026-115777
19.44,9.3312,0.0,CA-2026-132339
387.99,182.3553,0.0,CA-2026-115777
239.12,77.714,0.2,US-2026-111241
25.92,12.4416,0.0,US-2026-105326
40.29,10.4754,0.0,US-2026-137344
226.56,63.4368,0.0,US-2026-119011
17.22,5.166,0.0,US-2026-119011
107.88,10.788,0.2,US-2026-119011
35.96,3.596,0.2,US-2026-114356
866.4,225.264,0.0,US-2026-155705
388.704,38.8704,0.2,US-2026-121489
129.92,10.3936,0.0,US-2026-109253
22.752,7.11,0.2,US-2026-117646
25.16,8.5544,0.0,US-2026-112956
91.92,31.2528,0.0,US-2026-112956
568.728,28.4364,0.2,US-2026-109253
203.52,54.9504,0.0,US-2026-109253
17.12,4.9648,0.0,US-2026-109253
117.144,42.4647,0.2,US-2026-109253
4305.552,1453.1238,0.2,US-2026-102183
32.088,11.2308,0.2,US-2026-102183
15.28,7.4872,0.0,US-2026-126956
35.0,16.8,0.0,US-2026-126956
51.75,24.84,0.0,US-2026-109253
277.4,133.152,0.0,US-2026-112956
6.672,2.085,0.2,US-2026-117646
83.88,29.358,0.2,US-2026-144750
572.58,34.3548,0.0,US-2026-121489
237.096,20.7459,0.2,US-2026-117646
37.24,10.7996,0.0,US-2026-126956
33.18,11.613,0.0,US-2026-121489
431.968,37.7972,0.2,US-2026-109253
210.008,2.6251,0.2,US-2026-131037
314.532,-83.8752,0.4,US-2026-132381
2.784,0.4176,0.2,US-2026-129021
161.376,12.1032,0.2,US-2026-129021
8.72,2.943,0.2,US-2026-129021
49.568,15.49,0.2,US-2026-129021
4367.896,327.5922,0.2,US-2026-129021
646.272,64.6272,0.2,US-2026-139717
3.744,1.3104,0.2,US-2026-123043
24.672,7.71,0.2,US-2026-123043
10.368,3.7584,0.2,US-2026-139717
130.98,-89.0664,0.5,US-2026-159793
9.728,1.7024,0.2,US-2026-101210
3.424,1.07,0.2,US-2026-101210
192.16,67.256,0.2,US-2026-114636
25.696,1.9272,0.2,US-2026-105697
64.96,-43.848,0.6,US-2026-157350
53.72,13.9672,0.0,US-2026-132584
71.98,15.1158,0.0,US-2026-128475
230.28,23.028,0.2,US-2026-161956
198.46,99.23,0.0,US-2026-161956
120.576,33.1584,0.2,US-2026-163097
1488.424,-297.6848,0.3,US-2026-134481
14.336,0.896,0.2,US-2026-101273
321.92,96.576,0.0,US-2026-161956
5.952,0.372,0.2,US-2026-155047
841.568,294.5488,0.2,US-2026-161956
37.008,11.565,0.2,US-2026-139465
2.896,0.9774,0.2,US-2026-162208
12.672,3.96,0.2,US-2026-130036
116.28,56.9772,0.0,US-2026-161956
5.184,1.8144,0.2,US-2026-133501
354.9,17.745,0.0,US-2026-161956
63.84,16.5984,0.0,US-2026-139465
28.4,8.236,0.0,US-2026-161956
1119.888,209.979,0.2,US-2026-130036
879.984,329.994,0.2,US-2026-161956
347.97,100.9113,0.0,US-2026-139465
1137.75,250.305,0.0,US-2026-126067
91.6,26.564,0.0,US-2026-169502
5.56,1.4456,0.0,US-2026-126067
99.68,32.396,0.2,US-2026-126067
26.72,9.352,0.2,US-2026-146920
25.344,7.92,0.2,US-2026-146920
21.81,5.8887,0.0,US-2026-169502
35.168,11.4296,0.2,US-2026-126067
148.02,41.4456,0.0,US-2026-101014
9.408,0.7056,0.2,US-2026-104024
3.24,-5.184,0.8,US-2026-144064
47.36,17.76,0.2,US-2026-144064
27.44,2.401,0.2,US-2026-144064
569.568,7.1196,0.2,US-2026-154074
638.73,166.0698,0.0,US-2026-133004
6.672,2.1684,0.2,US-2026-107321
8.376,2.7222,0.2,US-2026-159884
229.544,83.2097,0.2,US-2026-135062
10.744,0.8058,0.2,US-2026-159884
193.95,9.6975,0.0,US-2026-132619
149.73,43.4217,0.0,US-2026-154074
6.208,0.6984,0.2,US-2026-127712
659.9,217.767,0.0,US-2026-117198
689.408,77.5584,0.2,US-2026-107321
498.26,134.5302,0.0,US-2026-145653
114.9,39.066,0.0,US-2026-131625
283.56,45.3696,0.0,US-2026-128041
314.6,103.818,0.0,US-2026-128041
7.58,2.9562,0.0,US-2026-135230
22.92,8.022,0.2,US-2026-107909
19.99,6.7966,0.0,US-2026-107909
215.976,-2.6997,0.2,US-2026-111388
1282.41,213.735,0.1,US-2026-157987
11.54,3.462,0.0,US-2026-157987
15.072,4.1448,0.2,US-2026-114552
511.5,132.99,0.0,US-2026-169327
254.526,-93.3262,0.4,US-2026-157987
236.528,-2.9566,0.2,US-2026-163657
12.98,3.7642,0.0,US-2026-157987
43.1,11.206,0.0,US-2026-169327
5.588,-15.0876,0.8,US-2026-111220
6.57,1.7739,0.0,US-2026-110380
23.1,6.468,0.0,US-2026-157987
9.4,2.726,0.0,US-2026-123001
4.92,2.214,0.0,US-2026-157987
18.72,6.552,0.2,US-2026-163657
1577.94,757.4112,0.0,US-2026-146983
147.92,46.225,0.2,US-2026-169327
26.432,8.9208,0.2,US-2026-157987
16.0,5.6,0.2,US-2026-111220
18.9,9.072,0.0,US-2026-157987
11.696,3.9474,0.2,US-2026-102218
74.0,37.0,0.0,US-2026-123001
79.92,37.5624,0.0,US-2026-145037
12.192,4.1148,0.2,US-2026-114216
146.82,73.41,0.0,US-2026-145037
17.12,7.704,0.0,US-2026-157987
10.9,2.834,0.0,US-2026-145037
352.38,81.0474,0.0,US-2026-137596
235.92,-44.235,0.2,US-2026-111220
167.97,40.3128,0.0,US-2026-157987
238.0,38.08,0.0,US-2026-157987
40.68,-7.119,0.2,US-2026-113075
1928.78,829.3754,0.0,US-2026-137596
1199.8,323.946,0.0,US-2026-137596
201.584,12.599,0.2,US-2026-123001
197.97,57.4113,0.0,US-2026-157987
239.666,14.098,0.15,US-2026-153255
90.801,14.1246,0.1,US-2026-161067
181.764,-8.0784,0.1,US-2026-161067
108.4,-105.69,0.6,US-2026-161557
5.96,1.6688,0.0,US-2026-161823
5.56,2.224,0.0,US-2026-161067
82.56,28.896,0.2,US-2026-123022
42.616,-68.1856,0.8,US-2026-122637
24.448,8.8624,0.2,US-2026-146136
419.4,201.312,0.0,US-2026-161067
8.904,3.339,0.2,US-2026-167626
284.97,85.491,0.0,US-2026-123022
100.8,21.42,0.2,US-2026-167626
825.174,-117.882,0.3,US-2026-140326
97.184,6.074,0.2,US-2026-117450
1322.352,-99.1764,0.2,US-2026-102750
1478.272,92.392,0.2,US-2026-116680
30.384,3.798,0.2,US-2026-100783
6.912,0.864,0.2,US-2026-140326
13.12,3.772,0.2,US-2026-152485
8.256,0.6192,0.2,US-2026-109757
10.192,3.185,0.2,US-2026-152485
4.368,-3.0576,0.7,US-2026-109757
11.808,4.1328,0.2,US-2026-137582
88.074,-58.716,0.7,US-2026-147655
25.56,-20.448,0.7,US-2026-109757
13.344,4.3368,0.2,US-2026-116680
487.984,152.495,0.2,US-2026-141929
14.82,6.9654,0.0,US-2026-166394
11.52,3.744,0.2,US-2026-109757
10.368,3.6288,0.2,US-2026-117450
12.96,6.2208,0.0,US-2026-101182
17.76,5.55,0.2,US-2026-140326
54.32,0.5432,0.0,US-2026-117261
217.85,65.355,0.0,US-2026-141929
421.1,105.275,0.0,US-2026-147410
16.784,-0.2098,0.2,US-2026-152485
91.96,39.5428,0.0,US-2026-120761
19.04,-1.428,0.2,US-2026-117394
5.56,1.7375,0.2,US-2026-141929
43.176,15.1116,0.2,US-2026-101182
71.96,7.196,0.2,US-2026-102736
2.78,0.7228,0.0,US-2026-107293
15.552,5.4432,0.2,US-2026-102736
147.184,-29.4368,0.2,US-2026-120705
89.568,-1.1196,0.2,US-2026-102736
161.568,-28.2744,0.2,US-2026-150070
47.94,2.397,0.0,US-2026-129441
25.16,10.5672,0.0,US-2026-151008
19.76,8.2992,0.0,US-2026-107244
135.3,37.884,0.0,US-2026-128783
80.96,34.8128,0.0,US-2026-130687
81.568,7.1372,0.2,US-2026-128769
25.98,7.2744,0.0,US-2026-130687
7.857,-6.0237,0.7,US-2026-163692
1577.94,757.4112,0.0,US-2026-103877
4.896,1.6524,0.2,US-2026-100160
29.24,9.8685,0.2,US-2026-100160
39.96,18.7812,0.0,US-2026-169488
73.008,26.4654,0.2,US-2026-100335
16.9,7.774,0.0,US-2026-169488
15.552,5.4432,0.2,US-2026-100160
37.68,2.355,0.2,US-2026-124401
478.08,133.8624,0.0,US-2026-148929
13.48,1.8872,0.0,US-2026-104094
113.52,46.5432,0.0,US-2026-128783
279.944,80.4839,0.2,US-2026-124401
455.712,34.1784,0.2,US-2026-130687
126.56,47.46,0.2,US-2026-151008
213.43,-39.637,0.3,US-2026-124779
21.184,-11.6512,0.6,US-2026-124779
765.625,-566.5625,0.5,US-2026-124968
42.616,-68.1856,0.8,US-2026-124779
45.92,15.498,0.2,US-2026-124779
20.736,7.2576,0.2,US-2026-124779
65.12,16.9312,0.0,US-2026-132437
61.68,5.397,0.2,US-2026-144456
9.096,1.7055,0.2,US-2026-158036
85.2,20.235,0.2,US-2026-126396
116.832,33.5892,0.2,US-2026-152856
319.984,107.9946,0.2,US-2026-124779
158.376,13.8579,0.2,US-2026-144456
258.528,-47.3968,0.4,US-2026-149895
243.92,-15.245,0.2,US-2026-137498
141.372,-48.4704,0.3,US-2026-118087
14.136,4.2408,0.2,US-2026-147228
66.112,-9.0904,0.2,US-2026-169439
17.024,1.7024,0.2,US-2026-118087
11.176,0.8382,0.2,US-2026-168403
25.92,3.888,0.2,US-2026-169439
4.672,1.5768,0.2,US-2026-118087
6.56,1.9024,0.0,US-2026-137498
4.503,-3.6024,0.7,US-2026-118087
6.258,-5.215,0.7,US-2026-152198
3.036,-2.3276,0.7,US-2026-118087
4.86,-3.564,0.7,US-2026-152198
17.48,8.2156,0.0,US-2026-159562
9.856,3.4496,0.2,US-2026-139444
17.712,5.9778,0.2,US-2026-152198
47.52,22.8096,0.0,US-2026-137498
177.536,62.1376,0.2,US-2026-147228
6.368,2.388,0.2,US-2026-155929
31.104,11.2752,0.2,US-2026-168403
258.48,-3.231,0.2,US-2026-147228
628.81,12.5762,0.0,US-2026-147361
56.45,14.677,0.0,US-2026-147361
99.87,23.9688,0.0,US-2026-100825
8.832,-1.9872,0.2,US-2026-147228
159.96,51.1872,0.0,US-2026-146213
258.696,64.674,0.2,US-2026-118087
95.88,28.764,0.2,US-2026-118087
1931.958,-386.3916,0.4,US-2026-118087
362.352,27.1764,0.2,US-2026-128370
24.18,7.254,0.0,US-2026-110905
33.99,14.6157,0.0,US-2026-110905
14.88,3.72,0.0,US-2026-126438
13.71,6.5808,0.0,US-2026-110905
762.594,-1143.891,0.8,US-2026-152093
16.2,7.776,0.0,US-2026-110905
7.184,2.245,0.2,US-2026-128370
2.78,1.3622,0.0,US-2026-159954
24.9,11.703,0.0,US-2026-110905
85.056,28.7064,0.2,US-2026-147403
18.76,9.0048,0.0,US-2026-122280
286.29,17.1774,0.0,US-2026-110905
112.8,6.768,0.0,US-2026-110905
296.85,53.433,0.0,US-2026-110905
37.056,8.8008,0.2,US-2026-123036
259.896,-56.3108,0.4,US-2026-123036
147.168,16.5564,0.2,US-2026-120999
2.78,1.3622,0.0,CA-2026-126438
2054.272,256.784,0.2,US-2026-149559
177.568,8.8784,0.2,US-2026-142188
32.36,11.6496,0.0,US-2026-144484
34.504,6.0382,0.2,US-2026-112774
512.19,-65.853,0.3,US-2026-160836
67.9,20.37,0.0,US-2026-152898
1.556,-4.2012,0.8,US-2026-160836
195.68,50.8768,0.0,US-2026-127726
406.6,113.848,0.0,US-2026-144484
1471.96,459.9875,0.2,US-2026-142188
22.18,10.8682,0.0,US-2026-149559
10.528,3.29,0.2,US-2026-117044
14.2,6.674,0.0,US-2026-127726
19.44,9.3312,0.0,US-2026-142188
19.44,9.3312,0.0,US-2026-166898
12.96,6.2208,0.0,US-2026-149559
184.66,84.9436,0.0,US-2026-124898
20.544,6.42,0.2,US-2026-117044
71.28,34.2144,0.0,US-2026-142188
10.272,3.21,0.2,US-2026-160836
79.96,-17.991,0.2,US-2026-142188
143.952,17.994,0.2,US-2026-166898
8.36,3.0096,0.0,US-2026-103611
90.86,26.3494,0.0,US-2026-140676
45.78,22.89,0.0,US-2026-108749
45.36,21.7728,0.0,US-2026-108749
166.44,79.8912,0.0,US-2026-109582
39.9,19.95,0.0,US-2026-140676
94.85,45.528,0.0,US-2026-140676
15.92,2.786,0.2,US-2026-139493
113.372,-29.1528,0.3,US-2026-156237
589.41,-6.549,0.1,US-2026-152975
127.936,4.7976,0.2,US-2026-156237
942.784,94.2784,0.2,US-2026-115882
70.95,18.447,0.0,US-2026-147725
29.95,8.6855,0.0,US-2026-152975
3.882,-2.588,0.7,US-2026-156237
18.312,-12.208,0.7,US-2026-156237
56.7,26.082,0.0,US-2026-157224
74.352,23.235,0.2,US-2026-115882
8.56,3.852,0.0,US-2026-108931
11.56,5.6644,0.0,US-2026-108931
19.05,8.763,0.0,US-2026-114440
70.98,3.549,0.0,US-2026-152975
895.944,190.3881,0.2,US-2026-130302
241.17,-168.819,0.7,US-2026-156237
12.585,-18.0385,0.7,US-2026-156237
1079.85,323.955,0.0,US-2026-152975
782.94,203.5644,0.0,US-2026-121888
218.352,0.0,0.2,US-2026-116652
184.752,-20.7846,0.2,US-2026-163300
512.96,143.6288,0.0,US-2026-124205
35.56,12.0904,0.0,US-2026-163020
529.9,105.98,0.0,US-2026-116652
47.4,18.96,0.0,US-2026-124205
300.904,11.2839,0.2,US-2026-127096
108.96,30.5088,0.0,US-2026-116652
99.3,41.706,0.0,US-2026-116652
31.744,8.3328,0.2,US-2026-146185
16.28,6.512,0.0,US-2026-121888
12.42,5.2164,0.0,US-2026-134418
242.48,116.3904,0.0,US-2026-121888
295.056,106.9578,0.2,US-2026-165008
2357.488,884.058,0.2,US-2026-163300
2.688,0.84,0.2,US-2026-116652
163.96,59.4355,0.2,US-2026-145737
31.872,11.5536,0.2,US-2026-130043
81.96,0.0,0.0,US-2026-124205
38.62,10.8136,0.0,US-2026-139822
59.98,10.7964,0.0,US-2026-139822
39.99,11.5971,0.0,US-2026-121888
369.544,32.3351,0.2,US-2026-163300
395.94,102.9444,0.0,US-2026-124205
323.976,20.2485,0.2,US-2026-132353
22.512,2.2512,0.2,US-2026-136448
5.98,1.5548,0.0,US-2026-118136
538.194,-412.6154,0.7,US-2026-136448
3.444,-2.7552,0.7,US-2026-136448
17.568,6.3684,0.2,US-2026-144113
17.9,8.771,0.0,US-2026-130715
8.82,4.0572,0.0,US-2026-118136
20.544,6.42,0.2,US-2026-112984
20.736,7.2576,0.2,US-2026-134173
71.976,19.7934,0.2,US-2026-136448
18.0,3.24,0.0,US-2026-141446
47.984,14.3952,0.2,US-2026-136448
55.992,5.5992,0.2,US-2026-144113
1292.94,77.5764,0.0,US-2026-112515
723.92,188.2192,0.0,US-2026-157931
318.43,-77.333,0.3,US-2026-105669
9.912,3.2214,0.2,US-2026-105669
10.776,3.5022,0.2,US-2026-112515
5.8,-10.15,0.8,US-2026-105669
11.784,4.2717,0.2,US-2026-112515
25.584,8.9544,0.2,US-2026-112515
14.4,7.056,0.0,US-2026-112515
164.88,80.7912,0.0,US-2026-112515
106.32,49.9704,0.0,US-2026-157931
12.96,6.3504,0.0,US-2026-137470
34.05,9.534,0.0,US-2026-126928
261.74,65.435,0.0,US-2026-112515
89.97,37.7874,0.0,US-2026-142293
480.0,225.6,0.0,US-2026-126928
1415.76,88.485,0.2,US-2026-105669
9.82,3.2406,0.0,US-2026-148068
20.32,6.9088,0.0,US-2026-164756
8.928,0.558,0.2,US-2026-131016
113.94,34.182,0.0,US-2026-164756
8.82,2.3814,0.0,US-2026-106180
10.08,3.528,0.2,US-2026-166856
114.848,35.89,0.2,US-2026-140508
10.86,5.1042,0.0,US-2026-106180
50.96,24.4608,0.0,US-2026-164756
19.44,9.3312,0.0,US-2026-148068
22.72,10.224,0.0,US-2026-133333
244.55,114.9385,0.0,US-2026-164756
25.92,12.4416,0.0,US-2026-164756
15.96,7.98,0.0,US-2026-134439
143.7,68.976,0.0,US-2026-106180
47.584,-2.974,0.2,US-2026-131016
34.48,9.9992,0.0,US-2026-164756
101.34,8.1072,0.0,US-2026-166856
95.68,26.7904,0.0,US-2026-164756
411.98,119.4742,0.0,US-2026-164756
72.588,-128.2388,0.7,US-2026-143378
409.216,61.3824,0.2,US-2026-143378
23.32,6.0632,0.0,US-2026-102974
23.832,6.5538,0.2,US-2026-143378
35.4,13.452,0.0,US-2026-139787
16.74,4.8546,0.0,US-2026-102974
4.842,-3.3894,0.7,US-2026-160801
18.18,-13.938,0.7,US-2026-153822
32.4,15.552,0.0,US-2026-148866
12.624,-2.5248,0.2,US-2026-153822
95.616,9.5616,0.2,US-2026-139619
149.95,31.4895,0.0,US-2026-102974
89.584,4.4792,0.2,US-2026-153822
191.976,19.1976,0.2,US-2026-143378
471.92,29.495,0.2,US-2026-153822
2254.41,375.735,0.1,US-2026-100111
80.991,8.0991,0.1,US-2026-100111
272.646,18.1764,0.1,US-2026-100111
2888.127,609.7157,0.1,US-2026-100111
11.784,3.9771,0.2,US-2026-100111
4.36,1.7876,0.0,US-2026-100111
38.52,18.1044,0.0,US-2026-100111
13.76,6.3296,0.0,US-2026-100111
45.4,12.712,0.0,US-2026-100111
72.64,21.792,0.0,US-2026-100111
59.97,20.3898,0.0,US-2026-100111
212.8,95.76,0.0,US-2026-100111
104.85,28.3095,0.0,US-2026-100111
1299.66,350.9082,0.0,US-2026-100111
37.68,16.96,0.0,CA-2026-153738
80.48,24.144,0.0,US-2026-123351
20.16,9.8784,0.0,US-2026-151428
12.294,-8.6058,0.7,US-2026-146878
1.908,-1.5264,0.7,US-2026-169817
55.86,27.93,0.0,US-2026-133074
15.51,3.8775,0.0,US-2026-165155
71.98,15.1158,0.0,US-2026-132262
79.98,26.3934,0.0,US-2026-132262
241.96,41.1332,0.0,US-2026-167381
12.07,3.9831,0.0,US-2026-162789
17.94,6.4584,0.0,US-2026-161970
11.228,-18.5262,0.8,US-2026-108245
5.607,-4.2987,0.7,US-2026-158379
33.04,15.5288,0.0,US-2026-166317
691.96,318.3016,0.0,US-2026-161053
40.176,14.5638,0.2,US-2026-136000
13.392,5.022,0.2,US-2026-108245
27.72,13.3056,0.0,US-2026-167381
27.18,12.231,0.0,US-2026-103226
12.96,6.2208,0.0,US-2026-161970
219.84,107.7216,0.0,US-2026-166317
67.4,17.524,0.0,US-2026-102967
21.96,6.1488,0.0,US-2026-117009
4663.736,-1049.3406,0.2,US-2026-158379
1071.0,171.36,0.0,US-2026-162789
79.984,22.9954,0.2,US-2026-158379
98.16,9.816,0.0,US-2026-166317
34.95,15.378,0.0,US-2026-161053
86.97,25.2213,0.0,US-2026-166317
391.98,113.6742,0.0,US-2026-122196
68.43,8.55,0.2,CA-2026-125724
180.588,-240.784,0.7,US-2026-132059
594.816,59.4816,0.2,US-2026-121853
29.328,3.666,0.2,US-2026-121412
73.176,-197.5752,0.8,US-2026-125647
160.96,48.288,0.0,US-2026-123778
119.96,33.5888,0.0,US-2026-132521
6.88,2.322,0.2,US-2026-132521
25.824,9.0384,0.2,US-2026-123778
72.96,23.712,0.2,US-2026-121853
14.352,5.2026,0.2,US-2026-138422
9.248,3.3524,0.2,US-2026-103520
12.96,6.2208,0.0,US-2026-102309
251.64,88.074,0.2,US-2026-121314
211.04,97.0784,0.0,US-2026-121853
20.736,7.2576,0.2,US-2026-125647
31.44,8.4888,0.0,US-2026-132521
199.95,63.984,0.0,US-2026-102309
47.984,0.5998,0.2,US-2026-132059
291.96,102.186,0.0,US-2026-117485
39.984,-8.9964,0.2,US-2026-125647
603.92,181.176,0.0,US-2026-142034
520.464,-14.8704,0.3,US-2026-148411
103.056,24.4758,0.2,US-2026-108910
199.8,71.928,0.0,US-2026-142391
12.72,4.9608,0.0,US-2026-132675
14.28,3.7128,0.0,US-2026-132675
38.71,17.8066,0.0,US-2026-163335
15.57,-11.418,0.7,US-2026-134096
15.75,7.56,0.0,US-2026-132675
235.944,85.5297,0.2,US-2026-144694
31.08,15.2292,0.0,US-2026-130148
11.424,3.7128,0.2,US-2026-148411
40.29,10.0725,0.0,US-2026-163335
15.51,3.8775,0.0,US-2026-132675
7.3,2.19,0.0,US-2026-130148
655.9,275.478,0.0,US-2026-142034
72.0,12.96,0.0,US-2026-142034
17.88,2.4585,0.2,US-2026-144694
506.28,177.198,0.2,US-2026-122364
383.96,38.396,0.2,US-2026-134096
391.98,109.7544,0.0,US-2026-160325
859.2,75.18,0.2,US-2026-122364
437.85,131.355,0.0,US-2026-160325
1169.694,-253.4337,0.4,US-2026-121839
89.9,25.172,0.0,US-2026-132675
40.29,10.0725,0.0,CA-2026-160325
38.71,17.8066,0.0,CA-2026-160325
488.646,86.8704,0.1,US-2026-144904
269.97,51.2943,0.0,US-2026-162481
47.12,20.7328,0.0,US-2026-144904
10.608,0.9282,0.2,US-2026-162572
5.56,1.4456,0.0,US-2026-144904
8.26,3.8822,0.0,US-2026-162481
8.595,-6.303,0.7,US-2026-112004
24.448,8.8624,0.2,US-2026-122112
20.7,9.936,0.0,US-2026-144904
177.55,47.9385,0.0,US-2026-116939
39.9,10.374,0.0,US-2026-169929
190.896,-42.9516,0.2,US-2026-112004
119.96,35.988,0.2,US-2026-162572
419.136,-57.6312,0.2,US-2026-129490
9.24,2.9568,0.0,US-2026-106145
2.224,0.556,0.2,US-2026-156391
17.04,5.538,0.2,US-2026-106145
931.176,314.2719,0.2,US-2026-106145
71.88,33.0648,0.0,US-2026-106145
35.88,16.146,0.0,US-2026-106145
9.99,4.4955,0.0,CA-2026-192314
9.24,4.4352,0.0,US-2026-101574
32.776,3.2776,0.2,US-2026-125717
209.792,26.224,0.2,US-2026-125717
76.776,-58.8616,0.7,US-2026-125717
2.655,-1.8585,0.7,US-2026-152205
10.368,3.6288,0.2,US-2026-160017
14.352,5.2026,0.2,US-2026-125717
147.184,-29.4368,0.2,US-2026-125717
1.744,-0.3488,0.2,US-2026-139955
54.384,1.3596,0.2,US-2026-125717
72.784,0.0,0.2,US-2026-140186
63.686,-15.4666,0.3,US-2026-121300
21.248,7.4368,0.2,US-2026-121300
51.75,15.525,0.0,US-2026-140186
344.22,-189.321,0.4,US-2026-121300
97.84,25.4384,0.0,US-2026-140186
99.2,25.792,0.0,US-2026-141509
46.672,16.3352,0.2,US-2026-140186
27.968,9.4392,0.2,US-2026-100314
23.34,10.9698,0.0,US-2026-128335
7.98,3.9102,0.0,US-2026-126676
35.0,16.8,0.0,US-2026-140186
7.968,2.5896,0.2,US-2026-100314
8.448,2.64,0.2,US-2026-121300
15.552,5.4432,0.2,US-2026-121300
51.55,24.2285,0.0,US-2026-128335
51.168,-6.396,0.2,US-2026-148138
243.92,-54.882,0.2,US-2026-118402
97.3,28.217,0.0,US-2026-137918
239.976,65.9934,0.2,US-2026-121300
336.51,44.868,0.4,US-2026-100314
3.89,1.0114,0.0,US-2026-147452
11.646,-17.469,0.8,US-2026-130603
20.664,6.9741,0.2,US-2026-120908
164.88,80.7912,0.0,US-2026-144225
11.76,5.7624,0.0,US-2026-147452
167.94,82.2906,0.0,US-2026-147452
159.98,47.994,0.0,US-2026-123029
108.608,9.5032,0.2,US-2026-129378
451.152,0.0,0.2,US-2026-156951
241.96,60.49,0.0,US-2026-129378
6.672,0.5004,0.2,US-2026-152275
81.088,27.3672,0.2,US-2026-156951
61.776,20.8494,0.2,US-2026-129378
1.44,0.504,0.2,US-2026-129378
104.85,50.328,0.0,US-2026-117807
19.44,9.3312,0.0,US-2026-156951
91.84,45.0016,0.0,US-2026-156951
104.75,21.9975,0.0,US-2026-139577
1704.89,767.2005,0.0,US-2026-113418
217.764,-384.7164,0.7,US-2026-141117
17.46,5.9364,0.0,US-2026-137414
11.808,1.3284,0.2,US-2026-162558
10.16,3.4544,0.0,US-2026-116113
157.74,56.7864,0.0,US-2026-126074
19.76,5.928,0.2,US-2026-162558
9.656,1.5691,0.2,US-2026-162558
2314.116,-1002.7836,0.4,US-2026-162558
21.984,-56.0592,0.8,US-2026-152926
15.224,-38.8212,0.8,US-2026-152926
56.98,22.792,0.0,US-2026-126074
95.144,10.7037,0.2,US-2026-141117
2.88,1.4112,0.0,US-2026-126074
27.36,-21.888,0.7,US-2026-162558
112.12,42.045,0.2,US-2026-105914
58.05,26.703,0.0,US-2026-126074
22.638,-16.6012,0.7,US-2026-141117
34.236,-26.2476,0.7,US-2026-162558
8.94,4.1124,0.0,US-2026-101308
20.736,7.2576,0.2,US-2026-162558
49.12,23.0864,0.0,US-2026-147564
1575.14,204.7682,0.0,US-2026-105914
39.072,4.3956,0.2,US-2026-141117
369.16,32.3015,0.2,US-2026-137414
65.99,17.1574,0.0,US-2026-123981
84.784,-20.1362,0.2,US-2026-101308
83.92,21.8192,0.0,US-2026-143035
171.288,-6.4233,0.2,US-2026-101749
17.92,1.12,0.2,US-2026-149853
6.63,3.1161,0.0,US-2026-143035
20.64,2.322,0.2,US-2026-144820
1793.98,843.1706,0.0,US-2026-141789
15.552,5.4432,0.2,US-2026-149853
22.58,5.8708,0.0,US-2026-134607
371.97,66.9546,0.0,US-2026-143035
19.98,8.5914,0.0,US-2026-163818
435.168,-59.8356,0.2,US-2026-131807
221.382,2.4598,0.1,US-2026-143112
72.9,26.973,0.0,US-2026-131807
206.352,5.1588,0.2,US-2026-131807
15.8,4.108,0.0,US-2026-131807
19.936,7.2268,0.2,US-2026-167661
39.92,13.473,0.2,US-2026-167661
75.792,25.5798,0.2,US-2026-103247
14.9,6.854,0.0,US-2026-131807
61.96,27.882,0.0,US-2026-167661
63.824,13.5626,0.2,US-2026-157672
5199.96,1351.9896,0.0,US-2026-143112
7.992,2.6973,0.2,US-2026-131807
87.8,43.9,0.0,US-2026-143112
160.93,3.2186,0.0,US-2026-103247
221.382,2.4598,0.1,CA-2026-131807
39.92,13.473,0.2,CA-2026-131807
61.96,27.882,0.0,CA-2026-131807
63.824,13.5626,0.2,CA-2026-131807
5199.96,1351.9896,0.0,CA-2026-131807
19.936,7.2268,0.2,CA-2026-131807
41.96,2.9372,0.0,US-2026-148054
227.84,66.0736,0.0,US-2026-148054
9.344,1.8688,0.2,US-2026-137421
19.152,1.197,0.2,US-2026-146269
40.99,20.0851,0.0,US-2026-109099
37.94,18.2112,0.0,US-2026-148054
143.7,68.976,0.0,US-2026-118577
17.04,7.668,0.0,US-2026-136868
6.48,3.1104,0.0,US-2026-118577
344.91,10.3473,0.0,US-2026-136868
290.336,32.6628,0.2,US-2026-146269
319.96,115.1856,0.0,US-2026-136868
307.666,-14.4784,0.15,US-2026-104003
154.764,-36.1116,0.4,US-2026-148404
4.24,-6.36,0.8,US-2026-128426
50.454,-33.636,0.7,US-2026-148404
18.936,5.9175,0.2,US-2026-148404
85.52,22.2352,0.0,US-2026-152709
580.672,65.3256,0.2,US-2026-148404
1115.91,200.8638,0.0,US-2026-108574
79.92,26.973,0.2,US-2026-108574
128.744,-28.9674,0.2,US-2026-108574
222.384,16.6788,0.2,US-2026-148404
145.764,3.2392,0.1,US-2026-168613
42.76,11.1176,0.0,US-2026-151596
40.68,0.4068,0.0,US-2026-105487
36.0,6.48,0.0,US-2026-105487
239.96,115.1808,0.0,US-2026-105487
103.192,11.6091,0.2,US-2026-105487
314.352,-15.7176,0.2,US-2026-141873
254.058,-32.6646,0.3,US-2026-163125
45.888,9.1776,0.2,US-2026-132430
66.645,-42.6528,0.5,US-2026-117247
652.45,-430.617,0.5,US-2026-117247
67.144,5.8751,0.2,US-2026-163125
12.816,4.3254,0.2,US-2026-141873
18.24,6.156,0.2,US-2026-141873
18.98,8.9206,0.0,US-2026-141873
35.2,16.544,0.0,US-2026-115595
10.816,3.5152,0.2,US-2026-162635
239.358,-47.8716,0.3,US-2026-111717
14.0,-6.3,0.6,CA-2026-126627
16.39,-26.23,0.8,CA-2026-126627
2154.9,129.294,0.0,US-2026-150091
254.604,-18.186,0.3,US-2026-152702
40.48,17.4064,0.0,US-2026-150091
673.344,-76.9536,0.3,US-2026-130505
5.88,1.5876,0.0,US-2026-112431
101.84,36.917,0.2,US-2026-126536
79.872,29.952,0.2,US-2026-168655
17.9,8.771,0.0,US-2026-150091
9.96,4.6812,0.0,US-2026-169607
10.368,3.7584,0.2,US-2026-152933
7.968,2.6892,0.2,US-2026-149146
39.984,-1.4994,0.2,US-2026-169362
435.84,130.752,0.0,US-2026-112431
45.0,4.95,0.0,US-2026-150091
595.0,95.2,0.0,US-2026-168655
791.88,128.6805,0.2,US-2026-152933
0.99,0.4356,0.0,US-2026-126536
369.544,27.7158,0.2,US-2026-152933
10.476,-6.8094,0.6,US-2026-163160
1504.52,346.0396,0.0,US-2026-103212
904.9,253.372,0.0,US-2026-116519
96.784,-145.176,0.8,US-2026-163160
5083.96,1906.485,0.2,US-2026-135909
11.07,5.2029,0.0,US-2026-103212
24.84,8.694,0.2,US-2026-132976
11.648,4.0768,0.2,US-2026-132976
63.312,20.5764,0.2,US-2026-163160
25.92,12.4416,0.0,US-2026-103212
18.176,5.9072,0.2,US-2026-132976
59.712,5.9712,0.2,US-2026-132976
348.56,104.568,0.0,US-2026-148831
209.94,39.8886,0.0,US-2026-135909
31.984,-7.996,0.2,US-2026-135909
9.46,3.6894,0.0,US-2026-168837
27.396,-42.4638,0.8,US-2026-126123
37.66,18.4534,0.0,US-2026-150707
13.456,-23.548,0.8,US-2026-126123
46.36,15.2988,0.0,US-2026-151183
22.72,9.3152,0.0,US-2026-142643
510.24,6.378,0.2,US-2026-113670
11.68,4.2048,0.0,US-2026-100237
87.92,26.376,0.0,US-2026-106033
13.05,6.003,0.0,US-2026-164819
14.73,7.2177,0.0,US-2026-154949
152.65,70.219,0.0,US-2026-142643
204.95,100.4255,0.0,US-2026-113670
547.3,175.136,0.0,US-2026-132234
1875.258,-968.8833,0.4,US-2026-159100
124.75,57.385,0.0,US-2026-158386
307.776,111.5688,0.2,US-2026-111577
18.528,4.4004,0.2,US-2026-159100
599.985,-479.988,0.7,US-2026-159282
10.64,2.7664,0.0,US-2026-123246
12.96,6.2208,0.0,US-2026-165603
49.96,9.4924,0.0,US-2026-165603
52.792,4.6193,0.2,US-2026-114804
328.3992,-91.7586,0.32,US-2026-106432
30.56,10.3904,0.0,US-2026-131492
56.56,14.7056,0.0,US-2026-125388
91.275,-67.5435,0.5,US-2026-117653
24.368,-3.3506,0.2,US-2026-131492
123.256,9.2442,0.2,US-2026-125199
2.072,-3.5224,0.8,US-2026-106432
39.624,13.8684,0.2,US-2026-125990
1633.188,-1306.5504,0.7,US-2026-120390
8.96,4.3008,0.0,US-2026-131492
31.5,15.12,0.0,US-2026-131492
29.472,9.9468,0.2,US-2026-107727
23.68,7.4,0.2,US-2026-125199
32.7,8.502,0.0,US-2026-125388
309.576,-56.7556,0.4,US-2026-125199
16.68,5.2125,0.2,US-2026-159457
24.368,-3.3506,0.2,CA-2026-125388
16.68,5.2125,0.2,CA-2026-125388
19.44,9.33,0.0,CA-2026-107004
43.936,6.0412,0.2,US-2026-103065
284.364,-75.8304,0.4,US-2026-147277
13.36,4.1416,0.0,US-2026-158743
4.448,1.112,0.2,US-2026-103065
20.928,7.5864,0.2,US-2026-146416
145.85,70.008,0.0,US-2026-158743
24.55,12.0295,0.0,US-2026-104822
3.75,1.8,0.0,US-2026-146416
45.528,15.9348,0.2,US-2026-158722
6.672,2.502,0.2,US-2026-103065
39.96,18.7812,0.0,US-2026-158743
14.352,4.485,0.2,US-2026-115252
665.408,66.5408,0.2,US-2026-147277
4.768,-0.7748,0.2,US-2026-103065
15.984,1.3986,0.2,US-2026-115252
478.48,47.848,0.2,US-2026-167094
683.952,42.747,0.2,US-2026-113558
45.696,5.1408,0.2,US-2026-113558
262.11,62.9064,0.0,US-2026-145884
161.568,16.1568,0.2,US-2026-117422
23.992,-62.3792,0.8,US-2026-100356
17.856,2.0088,0.2,US-2026-148166
38.82,19.41,0.0,US-2026-142125
6.216,-4.9728,0.7,US-2026-117422
21.9,10.512,0.0,US-2026-142125
8.559,-6.5619,0.7,US-2026-117331
4.064,1.3716,0.2,US-2026-117422
5.184,1.8144,0.2,US-2026-167094
71.376,-4.461,0.2,US-2026-113453
909.12,9.0912,0.0,US-2026-154410
28.4,6.745,0.2,US-2026-167094
1439.92,374.3792,0.0,US-2026-145884
329.988,-76.9972,0.4,US-2026-113453
579.136,-28.9568,0.2,US-2026-130141
177.225,-120.513,0.5,US-2026-101581
248.98,54.7756,0.0,US-2026-130211
36.44,12.0252,0.0,US-2026-111920
3.168,-2.5344,0.7,US-2026-130141
63.9,28.755,0.0,US-2026-127180
31.68,11.088,0.2,US-2026-156363
333.09,23.3163,0.0,US-2026-130211
11199.968,3919.9888,0.2,US-2026-127180
2399.6,647.892,0.0,US-2026-127180
52.99,0.5299,0.0,US-2026-127180
32.7,-6.54,0.4,US-2026-156363
210.68,50.5632,0.0,US-2026-125451
69.08,29.0136,0.0,US-2026-139913
35.0,14.7,0.0,US-2026-125451
240.744,-13.7568,0.3,US-2026-125451
637.896,-127.5792,0.3,US-2026-125451
2.22,0.666,0.0,US-2026-125451
10.272,0.8988,0.2,US-2026-105389
9.762,-15.1311,0.8,US-2026-106068
3.564,-6.237,0.8,US-2026-105389
26.4,11.88,0.0,US-2026-139913
43.44,21.2856,0.0,US-2026-125451
11.56,5.6644,0.0,US-2026-139913
259.136,-58.3056,0.2,US-2026-106068
13.72,1.2005,0.2,US-2026-106068
55.2,-2.07,0.2,US-2026-106068
35.88,10.0464,0.0,US-2026-139913
823.96,51.4975,0.2,US-2026-105389
863.88,107.985,0.2,US-2026-117079
517.405,-81.3065,0.3,US-2026-141705
11.68,5.256,0.0,US-2026-144365
356.85,60.6645,0.0,US-2026-162173
81.438,-65.1504,0.7,US-2026-115119
33.282,-27.735,0.7,US-2026-110646
251.58,113.211,0.0,US-2026-162173
6.16,2.9568,0.0,US-2026-155558
14.76,4.9815,0.2,US-2026-110646
55.616,5.5616,0.2,US-2026-102729
19.99,6.7966,0.0,US-2026-155558
61.542,-13.3341,0.4,US-2026-115119
118.65,19.775,0.4,US-2026-110646
556.665,6.549,0.15,US-2026-130764
189.576,9.4788,0.2,US-2026-151225
6.576,0.5754,0.2,US-2026-110310
7.056,2.205,0.2,US-2026-110373
5.607,-3.9249,0.7,US-2026-110310
15.84,5.544,0.2,US-2026-127922
8.448,2.64,0.2,US-2026-127922
56.784,20.5842,0.2,US-2026-110310
44.784,16.2342,0.2,US-2026-134880
27.184,2.0388,0.2,US-2026-110373
95.84,34.742,0.2,US-2026-130764
71.96,7.196,0.2,US-2026-151225
77.952,15.5904,0.2,US-2026-139353
47.98,23.99,0.0,US-2026-118367
21.93,10.3071,0.0,US-2026-160661
47.952,16.1838,0.2,US-2026-139353
15.552,5.4432,0.2,US-2026-111262
147.184,-29.4368,0.2,US-2026-139353
24.0,-2.7,0.2,US-2026-111262
26.176,-3.272,0.2,US-2026-111262
46.96,22.5408,0.0,US-2026-160983
199.98,37.9962,0.0,US-2026-142622
33.94,9.1638,0.0,US-2026-155292
71.992,-0.8999,0.2,US-2026-123491
97.568,-6.098,0.2,US-2026-142622
614.272,-23.0352,0.2,US-2026-142622
9.64,3.6632,0.0,US-2026-139661
16.192,-8.5008,0.6,US-2026-152583
7.168,0.9856,0.2,US-2026-152807
251.006,-68.1302,0.3,US-2026-152583
1702.12,510.636,0.0,US-2026-123491
19.9,6.567,0.0,US-2026-123491
13.904,5.214,0.2,US-2026-127285
88.752,27.735,0.2,US-2026-127285
30.0,14.4,0.0,US-2026-155292
43.86,20.6142,0.0,US-2026-123491
7.42,3.71,0.0,US-2026-123491
20.736,7.2576,0.2,US-2026-152807
54.192,4.0644,0.2,US-2026-152583
11.168,-2.5128,0.2,US-2026-152807
105.98,4.2392,0.0,US-2026-155292
35.06,10.518,0.0,US-2026-155292
442.4,-55.3,0.2,US-2026-152807
148.48,16.704,0.2,US-2026-123491
5.248,0.5904,0.2,US-2026-131632
9.912,3.2214,0.2,US-2026-117114
508.768,38.1576,0.2,US-2026-117114
2665.62,239.9058,0.0,US-2026-123967
25.12,7.85,0.2,US-2026-123967
40.99,20.0851,0.0,US-2026-104136
189.7,91.056,0.0,US-2026-104136
975.92,292.776,0.0,US-2026-143567
155.372,-35.5136,0.3,US-2026-120061
3.312,0.6624,0.2,US-2026-127782
25.02,10.5084,0.0,US-2026-163790
20.136,1.2585,0.2,US-2026-127782
83.9,20.975,0.0,US-2026-167227
168.1,43.706,0.0,US-2026-115609
5.56,1.4456,0.0,US-2026-169005
54.336,5.4336,0.2,US-2026-145597
8.8,4.224,0.0,US-2026-163790
27.78,9.1674,0.0,US-2026-116358
590.352,206.6232,0.2,US-2026-163790
76.58,38.29,0.0,US-2026-163790
8.856,2.8782,0.2,US-2026-127782
5.32,2.6068,0.0,US-2026-143567
18.24,9.12,0.0,US-2026-116358
5.58,0.1674,0.0,US-2026-163790
23.85,10.7325,0.0,US-2026-164049
19.44,9.3312,0.0,US-2026-168179
11.76,5.7624,0.0,US-2026-167227
452.55,22.6275,0.0,US-2026-163790
59.92,16.7776,0.0,US-2026-143567
384.592,-81.7258,0.2,US-2026-141425
2249.91,517.4793,0.0,US-2026-143567
859.2,-186.16,0.4,US-2026-127782
307.136,26.8744,0.2,US-2026-142636
41.37,17.3754,0.0,US-2026-143329
15.992,0.9995,0.2,US-2026-153339
486.368,36.4776,0.2,US-2026-135419
1673.184,20.9148,0.2,US-2026-105998
55.984,4.1988,0.2,US-2026-100622
11.673,-7.782,0.7,US-2026-110429
18.368,5.9696,0.2,US-2026-168802
4.086,-2.9964,0.7,US-2026-100622
14.94,6.8724,0.0,US-2026-121615
12.39,5.6994,0.0,US-2026-126046
139.86,65.7342,0.0,US-2026-142636
8.56,3.852,0.0,US-2026-121615
26.4,11.88,0.0,US-2026-103009
10.688,3.7408,0.2,US-2026-100622
35.88,17.5812,0.0,US-2026-148320
16.272,5.2884,0.2,US-2026-130834
52.4,14.148,0.0,US-2026-121615
40.776,0.5097,0.2,US-2026-101518
43.5,10.875,0.0,US-2026-110989
199.75,87.89,0.0,US-2026-105998
959.984,311.9948,0.2,US-2026-100622
361.376,27.1032,0.2,US-2026-161130
523.764,-192.0468,0.4,US-2026-147760
167.44,14.651,0.2,US-2026-168116
4.3,1.419,0.0,US-2026-159135
7.536,-13.188,0.8,US-2026-121160
1.408,-2.3232,0.8,US-2026-121160
4.144,-6.4232,0.8,US-2026-121160
3.564,-2.97,0.7,US-2026-102610
4.928,1.7248,0.2,US-2026-102610
23.68,8.88,0.2,US-2026-105144
9.664,3.2616,0.2,US-2026-156083
194.352,-43.7292,0.2,US-2026-122672
52.752,-12.5286,0.2,US-2026-121160
95.976,15.5961,0.2,US-2026-102610
70.72,-6.188,0.2,US-2026-122672
7999.98,-3839.9904,0.5,US-2026-168116
143.928,-32.3838,0.2,US-2026-102610
1359.96,118.9965,0.2,US-2026-147760
128.124,24.2012,0.1,US-2026-102925
101.4,38.532,0.0,US-2026-102925
166.5,-66.6,0.4,US-2026-102925
16.03,-25.648,0.8,US-2026-154732
11.424,3.7128,0.2,US-2026-102925
164.688,55.5822,0.2,US-2026-102925
2.388,-1.8308,0.7,US-2026-107272
167.94,82.2906,0.0,US-2026-118213
12.96,6.2208,0.0,US-2026-102925
4.41,2.0286,0.0,US-2026-118213
12.96,6.2208,0.0,US-2026-157196
67.8,31.188,0.0,US-2026-118213
110.96,53.2608,0.0,US-2026-102925
243.992,30.499,0.2,US-2026-107272
390.75,171.93,0.0,US-2026-116225
159.99,54.3966,0.0,US-2026-111745
99.98,3.9992,0.0,US-2026-102925
492.768,55.4364,0.2,US-2026-114258
449.568,-73.0548,0.2,US-2026-107174
127.372,-30.9332,0.3,US-2026-154109
8.73,2.9682,0.0,US-2026-100013
30.56,-19.864,0.6,US-2026-119319
28.272,6.3612,0.2,US-2026-167941
2036.86,366.6348,0.0,US-2026-107174
499.584,43.7136,0.2,US-2026-167941
5.68,1.7608,0.0,US-2026-100013
13.9,3.614,0.0,US-2026-125290
1.248,-1.9344,0.8,US-2026-106691
13.272,-10.6176,0.7,US-2026-167941
5.682,-3.788,0.7,US-2026-109484
15.28,7.4872,0.0,US-2026-100013
41.4,19.872,0.0,US-2026-153948
26.4,12.672,0.0,US-2026-153948
47.952,16.1838,0.2,US-2026-154109
59.94,28.1718,0.0,US-2026-153948
31.104,10.8864,0.2,US-2026-167941
45.36,22.2264,0.0,US-2026-153948
26.38,12.1348,0.0,US-2026-125290
318.96,149.9112,0.0,US-2026-144596
5.78,2.8322,0.0,US-2026-154816
18.16,1.816,0.2,US-2026-150504
259.136,-51.8272,0.2,US-2026-167941
46.26,12.0276,0.0,US-2026-107720
108.96,32.688,0.0,US-2026-107174
16.95,1.017,0.0,US-2026-153948
272.97,43.6752,0.0,US-2026-113460
350.352,-140.1408,0.4,US-2026-149888
100.94,33.3102,0.0,US-2026-132346
38.16,19.08,0.0,US-2026-163188
21.792,7.6272,0.2,US-2026-152737
7.88,2.5216,0.0,US-2026-113572
59.97,13.7931,0.0,US-2026-122504
439.8,145.134,0.0,US-2026-152737
761.544,66.6351,0.2,US-2026-122504
359.97,-71.994,0.4,US-2026-149888
274.2,112.422,0.0,US-2026-155621
109.9,32.97,0.0,US-2026-143658
215.976,-2.6997,0.2,US-2026-158246
523.392,52.3392,0.2,US-2026-119494
47.12,20.7328,0.0,US-2026-141852
96.53,40.5426,0.0,US-2026-161018
9.64,4.4344,0.0,US-2026-152912
63.56,3.178,0.0,US-2026-159597
1633.14,473.6106,0.0,US-2026-152912
544.38,157.8702,0.0,US-2026-152912
191.976,38.3952,0.2,US-2026-159667
99.99,43.9956,0.0,US-2026-159597
826.62,355.4466,0.0,US-2026-152912
499.168,31.198,0.2,US-2026-159667
241.424,-36.2136,0.2,US-2026-137624
899.136,-146.1096,0.2,US-2026-155425
341.96,-427.45,0.6,US-2026-161739
400.8,112.224,0.0,US-2026-128447
7.8,2.106,0.0,US-2026-162096
26.352,9.5526,0.2,US-2026-163874
38.388,-25.592,0.7,US-2026-155425
28.792,10.0772,0.2,US-2026-128447
931.176,314.2719,0.2,US-2026-104640
11.52,-7.68,0.7,US-2026-142671
239.952,-35.9928,0.2,US-2026-155425
111.79,43.5981,0.0,US-2026-141138
95.994,-63.996,0.7,US-2026-155425
430.88,124.9552,0.0,US-2026-104640
201.584,15.1188,0.2,US-2026-155425
34.92,11.8728,0.0,US-2026-148985
88.92,14.4495,0.2,US-2026-115448
1158.12,130.2885,0.2,US-2026-158561
10.89,2.8314,0.0,US-2026-110842
181.86,50.9208,0.0,US-2026-157483
121.6,39.52,0.2,US-2026-110842
18.336,-32.088,0.8,US-2026-150959
18.24,8.5728,0.0,US-2026-143217
45.92,21.5824,0.0,US-2026-120327
10.44,3.393,0.2,US-2026-150959
19.44,9.3312,0.0,US-2026-110842
10.368,3.6288,0.2,US-2026-143455
35.48,0.0,0.0,US-2026-154137
25.5,6.63,0.0,US-2026-167976
35.184,12.3144,0.2,US-2026-116491
113.888,9.9652,0.2,US-2026-134915
113.568,-5.6784,0.2,US-2026-134915
22.848,-17.7072,0.6,US-2026-164168
76.12,22.0748,0.0,US-2026-149944
9.21,2.3025,0.0,US-2026-164364
30.56,-45.84,0.8,US-2026-164168
15.92,5.373,0.2,US-2026-134978
14.016,4.9056,0.2,US-2026-136707
12.224,4.4312,0.2,US-2026-164168
18.24,9.12,0.0,US-2026-149944
9.96,4.5816,0.0,US-2026-164364
11.56,5.6644,0.0,US-2026-125808
23.12,8.381,0.2,US-2026-134915
10.56,4.752,0.0,US-2026-160514
16.056,5.8203,0.2,US-2026-130386
26.72,9.352,0.2,US-2026-154088
10.848,3.5256,0.2,US-2026-122644
223.056,69.705,0.2,US-2026-130386
221.024,-55.256,0.2,US-2026-166835
77.952,-15.5904,0.2,US-2026-164168
540.048,-47.2542,0.2,US-2026-130386
27.93,8.0997,0.0,US-2026-164364
41.6,13.0,0.2,US-2026-134915
18.544,3.0134,0.2,US-2026-122644
62.352,-10.9116,0.2,US-2026-132220
44.784,-0.5598,0.2,US-2026-164168
7.92,0.693,0.2,US-2026-134915
671.984,50.3988,0.2,US-2026-134915
370.782,-92.6955,0.4,US-2026-116659
67.992,8.499,0.2,US-2026-164168
205.9992,-27.2646,0.32,US-2026-113873
2404.704,150.294,0.2,US-2026-122490
154.95,30.99,0.0,US-2026-112844
9.324,-24.7086,0.8,US-2026-124926
2.064,0.1548,0.2,US-2026-153633
563.024,190.0206,0.2,US-2026-122490
11.22,-7.48,0.7,US-2026-165344
8.64,4.2336,0.0,US-2026-122490
8.904,3.339,0.2,US-2026-165204
61.792,6.1792,0.2,US-2026-113873
344.91,10.3473,0.0,US-2026-122490
230.376,-48.9549,0.2,US-2026-119662
720.064,-63.0056,0.2,US-2026-165204
11.21,3.363,0.0,US-2026-133620
82.95,29.0325,0.0,US-2026-123624
239.92,23.992,0.0,US-2026-102904
60.864,9.1296,0.2,US-2026-165344
163.96,70.5028,0.0,US-2026-160416
652.995,-935.9595,0.7,US-2026-165344
22.0,1.375,0.2,US-2026-140312
43.6,12.208,0.0,US-2026-112844
629.95,163.787,0.0,US-2026-159156
321.568,28.1372,0.2,US-2026-152142
34.24,9.9296,0.0,US-2026-124261
45.04,4.504,0.2,US-2026-136679
3.648,-2.7968,0.7,US-2026-138611
8.64,3.024,0.2,US-2026-106943
21.99,-32.985,0.8,US-2026-142489
15.28,7.4872,0.0,US-2026-118157
96.36,25.0536,0.0,US-2026-137323
167.952,-27.2922,0.2,US-2026-136679
119.94,15.992,0.4,US-2026-138611
6.68,2.0,0.0,CA-2026-154121
339.136,0.0,0.2,US-2026-108112
220.064,55.016,0.2,US-2026-108112
17.31,5.193,0.0,US-2026-122945
12.42,4.4712,0.0,US-2026-157448
119.94,23.988,0.0,US-2026-157448
139.92,23.7864,0.0,US-2026-107888
23.36,6.0736,0.0,US-2026-108091
86.352,5.397,0.2,US-2026-160633
1.824,-1.3984,0.7,US-2026-121678
73.68,34.6296,0.0,US-2026-107888
146.82,73.41,0.0,US-2026-157896
811.28,24.3384,0.0,US-2026-137022
48.86,0.9772,0.0,US-2026-100601
33.29,7.9896,0.0,US-2026-107888
139.96,-1.7495,0.2,US-2026-160633
899.982,74.9985,0.4,US-2026-160633
1919.976,215.9973,0.2,US-2026-136308
52.44,24.1224,0.0,US-2026-114657
119.94,5.997,0.0,US-2026-118598
107.88,10.788,0.2,US-2026-107888
327.7328,-14.4588,0.32,US-2026-124674
187.76,76.9816,0.0,US-2026-155866
35.04,12.264,0.0,US-2026-165687
50.94,14.2632,0.0,US-2026-138163
43.8,20.586,0.0,US-2026-116505
13.904,4.5188,0.2,US-2026-118122
4.158,-3.465,0.7,US-2026-158120
268.24,93.884,0.2,US-2026-100902
19.608,6.6177,0.2,US-2026-158120
38.88,18.6624,0.0,US-2026-155866
1247.64,349.3392,0.0,US-2026-128265
79.99,28.7964,0.0,US-2026-163629
431.16,107.79,0.2,US-2026-100902
239.96,83.986,0.2,US-2026-141719
10499.97,5039.9856,0.0,US-2026-166709
206.1,55.647,0.0,US-2026-163629
127.386,-25.4772,0.3,US-2026-160122
5.82,2.7354,0.0,US-2026-107825
19.76,8.2992,0.0,US-2026-143434
389.056,48.632,0.2,US-2026-104864
38.864,7.7728,0.2,US-2026-158946
8.448,2.9568,0.2,US-2026-132444
20.232,-16.1856,0.7,US-2026-104864
55.584,20.844,0.2,US-2026-160122
2.96,1.4208,0.0,US-2026-132444
7.38,3.4686,0.0,US-2026-107825
44.384,15.5344,0.2,US-2026-167871
41.472,14.5152,0.2,US-2026-104864
20.736,7.2576,0.2,US-2026-104864
95.94,9.594,0.0,US-2026-132444
37.76,10.5728,0.0,US-2026-107825
92.52,24.9804,0.0,US-2026-107825
81.36,-19.323,0.2,US-2026-104864
169.68,45.8136,0.0,US-2026-132444
2.944,-0.6624,0.2,US-2026-167871
132.52,54.3332,0.0,US-2026-132444
74.95,36.7255,0.0,US-2026-104913
233.058,-53.2704,0.3,US-2026-139969
191.058,-46.3998,0.3,US-2026-131254
305.312,-8.7232,0.3,US-2026-137491
15.992,-13.993,0.6,US-2026-158876
18.7,7.106,0.0,US-2026-126242
821.88,213.6888,0.0,US-2026-101042
79.974,-29.3238,0.4,US-2026-143021
219.075,-131.445,0.5,US-2026-152380
718.116,-71.8116,0.3,US-2026-112529
2504.74,626.185,0.0,US-2026-168858
22.96,6.6584,0.0,US-2026-146458
31.776,8.7384,0.2,US-2026-112529
99.136,8.6744,0.2,US-2026-158876
13.04,3.912,0.2,US-2026-131254
21.96,10.7604,0.0,US-2026-101042
41.28,13.932,0.2,US-2026-162929
58.408,18.2525,0.2,US-2026-143021
1525.188,-2287.782,0.8,US-2026-131254
59.913,-45.9333,0.7,US-2026-108014
16.74,8.37,0.0,US-2026-168858
25.06,12.53,0.0,US-2026-110926
16.896,5.28,0.2,US-2026-158876
13.36,6.4128,0.0,US-2026-162929
305.01,76.2525,0.0,US-2026-126242
6.672,0.5004,0.2,US-2026-158876
31.968,2.3976,0.2,US-2026-121468
183.968,-25.2956,0.2,US-2026-111556
209.568,-23.5764,0.2,US-2026-103499
283.92,-46.137,0.2,US-2026-110996
4.656,1.5714,0.2,US-2026-161193
27.58,11.5836,0.0,US-2026-154123
50.97,9.1746,0.0,US-2026-120404
77.6,28.13,0.2,US-2026-161193
42.6,16.614,0.0,US-2026-118731
23.968,2.6964,0.2,US-2026-121818
22.0,9.68,0.0,US-2026-146724
68.97,19.3116,0.0,US-2026-111556
28.728,1.7955,0.2,US-2026-121818
84.056,27.3182,0.2,US-2026-118731
46.76,22.4448,0.0,US-2026-111556
2.97,1.3365,0.0,US-2026-120404
569.99,170.997,0.0,US-2026-120404
1259.97,327.5922,0.0,US-2026-111556
27.42,11.2422,0.0,US-2026-107874
70.98,20.5842,0.0,US-2026-142888
8.62,2.2412,0.0,US-2026-103380
11.76,3.1752,0.0,US-2026-105130
5.56,1.4456,0.0,US-2026-103380
40.736,14.7668,0.2,US-2026-105130
150.8,56.55,0.2,US-2026-110443
9.02,3.5178,0.0,US-2026-103380
8.448,2.64,0.2,US-2026-100811
51.84,24.8832,0.0,US-2026-110443
39.296,3.9296,0.2,US-2026-100811
56.56,15.2712,0.0,US-2026-103380
1039.992,103.9992,0.2,US-2026-110443
55.176,-12.4146,0.2,US-2026-157420
659.976,49.4982,0.2,US-2026-103380
35.712,2.232,0.2,US-2026-144036
24.048,7.2144,0.2,US-2026-103156
28.4,11.076,0.0,US-2026-149160
6.464,-4.04,0.6,US-2026-119746
127.785,-31.0335,0.3,US-2026-156622
3.304,1.0738,0.2,US-2026-119004
287.92,138.2016,0.0,US-2026-149160
7.476,-5.9808,0.7,US-2026-107832
6.104,-9.156,0.8,US-2026-156622
11.52,4.176,0.2,US-2026-119746
36.288,12.7008,0.2,US-2026-156622
78.304,29.364,0.2,US-2026-156622
10.688,3.7408,0.2,US-2026-148992
4.36,0.1744,0.0,US-2026-167017
74.112,17.6016,0.2,US-2026-119004
195.96,19.596,0.2,US-2026-166919
27.992,2.0994,0.2,US-2026-119004
222.384,16.6788,0.2,US-2026-119746
321.568,-16.0784,0.2,US-2026-168641
977.292,173.7408,0.1,US-2026-166436
364.08,9.102,0.2,US-2026-137505
71.088,-1.7772,0.2,US-2026-137505
13.762,-24.7716,0.8,US-2026-103765
27.76,9.9936,0.0,US-2026-123701
16.38,7.371,0.0,US-2026-168641
11.673,-7.782,0.7,US-2026-128118
2.88,1.4112,0.0,US-2026-146535
327.84,157.3632,0.0,US-2026-128300
20.724,-15.1976,0.7,US-2026-169894
19.008,-12.672,0.7,US-2026-153654
167.96,78.9412,0.0,US-2026-168641
64.848,24.318,0.2,US-2026-128118
10.824,2.5707,0.2,US-2026-101945
229.544,83.2097,0.2,US-2026-131366
5.88,2.8812,0.0,US-2026-166436
12.96,6.2208,0.0,US-2026-168641
7.78,3.501,0.0,US-2026-162250
415.872,-41.5872,0.2,US-2026-169894
1443.96,375.4296,0.0,US-2026-146535
33.29,7.9896,0.0,US-2026-105543
223.58,87.1962,0.0,US-2026-164028
79.1,39.55,0.0,US-2026-128300
89.988,-14.998,0.4,US-2026-131366
359.499,-29.6058,0.15,US-2026-133312
723.92,-81.441,0.2,US-2026-124765
701.96,168.4704,0.0,US-2026-109610
853.93,-24.398,0.3,US-2026-150266
67.84,-179.776,0.8,US-2026-150266
18.688,3.7376,0.2,US-2026-150266
5.16,1.3416,0.0,US-2026-101665
34.08,15.336,0.0,US-2026-161459
48.87,23.9463,0.0,US-2026-155159
501.81,0.0,0.0,US-2026-129000
10.48,2.8296,0.0,US-2026-133312
299.96,37.495,0.2,US-2026-150266
39.96,3.4965,0.2,US-2026-161459
828.6,240.294,0.0,US-2026-141439
126.3,40.416,0.0,US-2026-135307
27.46,9.8856,0.0,US-2026-141439
135.3,37.884,0.0,US-2026-100097
257.94,67.0644,0.0,US-2026-141439
58.73,14.6825,0.0,US-2026-155607
52.272,9.801,0.2,US-2026-155957
213.136,23.9778,0.2,US-2026-155957
12.84,3.7236,0.0,US-2026-165029
33.568,-53.7088,0.8,US-2026-130526
93.344,32.6704,0.2,US-2026-155607
38.04,12.1728,0.0,US-2026-135307
89.98,43.1904,0.0,US-2026-141439
979.95,264.5865,0.0,US-2026-100097
1879.96,545.1884,0.0,US-2026-141439
220.752,-40.4712,0.4,US-2026-122700
18.84,6.0288,0.0,US-2026-107125
46.94,19.2454,0.0,US-2026-102519
43.584,4.3584,0.2,US-2026-132185
8.76,0.7665,0.2,US-2026-132185
6.99,2.0271,0.0,US-2026-103352
107.424,36.2556,0.2,US-2026-103352
117.488,41.1208,0.2,US-2026-107125
497.94,224.073,0.0,US-2026-159506
244.55,114.9385,0.0,US-2026-101245
158.28,72.8088,0.0,US-2026-159506
166.16,59.8176,0.0,US-2026-101245
143.73,56.0547,0.0,US-2026-102519
57.568,5.7568,0.2,US-2026-133207
1007.232,75.5424,0.2,US-2026-110576
1049.2,272.792,0.0,US-2026-117702
516.488,-12.9122,0.2,US-2026-110576
20.9,7.524,0.0,US-2026-117702
2065.32,-619.596,0.4,US-2026-110576
1.64,0.738,0.0,US-2026-117702
79.96,35.982,0.0,US-2026-123372
62.65,29.4455,0.0,US-2026-131303
15.552,5.4432,0.2,US-2026-110576
25.344,7.92,0.2,US-2026-110576
88.768,31.0688,0.2,US-2026-121538
1979.89,494.9725,0.0,US-2026-123372
390.368,48.796,0.2,US-2026-108035
101.52,19.035,0.2,US-2026-108035
1079.316,-15.4188,0.3,US-2026-165456
1242.9,262.39,0.1,US-2026-111689
25.83,9.5571,0.0,US-2026-107314
1781.682,-653.2834,0.4,US-2026-142090
663.936,82.992,0.2,US-2026-120089
155.94,45.2226,0.0,US-2026-116645
68.472,23.1093,0.2,US-2026-111689
2.368,0.8288,0.2,US-2026-102267
173.8,43.45,0.0,US-2026-119305
269.49,5.3898,0.0,US-2026-105333
83.56,1.6712,0.0,US-2026-105333
95.976,-10.7973,0.2,US-2026-137365
383.976,81.5949,0.2,US-2026-142090
546.06,163.818,0.0,US-2026-105333
71.976,8.997,0.2,US-2026-148768
141.96,41.1684,0.0,US-2026-166926
897.15,251.202,0.0,US-2026-143245
317.058,-18.1176,0.3,US-2026-113355
398.972,-28.498,0.3,US-2026-122539
70.68,31.0992,0.0,US-2026-101805
7.712,1.7352,0.2,US-2026-145660
629.64,107.0388,0.0,US-2026-103968
79.12,13.846,0.2,US-2026-127313
31.152,3.5046,0.2,US-2026-145233
8.001,-5.6007,0.7,US-2026-122539
15.92,5.373,0.2,US-2026-101805
6.783,-4.7481,0.7,US-2026-145233
15.92,7.4824,0.0,US-2026-135860
10.128,3.6714,0.2,US-2026-118542
17.52,6.132,0.2,US-2026-163139
104.68,35.3295,0.2,US-2026-144862
52.29,16.2099,0.0,US-2026-135860
15.936,5.1792,0.2,US-2026-122539
10.368,3.6288,0.2,US-2026-138618
41.86,18.837,0.0,US-2026-166926
19.44,9.3312,0.0,US-2026-143245
45.36,21.7728,0.0,US-2026-118542
83.92,5.8744,0.0,US-2026-135860
37.392,2.337,0.2,US-2026-127313
91.99,3.6796,0.0,US-2026-135860
541.24,5.4124,0.0,US-2026-101805
221.55,6.6465,0.0,US-2026-163139
20.37,6.9258,0.0,US-2026-163139
105.584,9.2386,0.2,US-2026-145233
62.958,9.4437,0.4,US-2026-144862
406.368,30.4776,0.2,US-2026-145233
131.98,35.6346,0.0,US-2026-135860
219.8,24.7275,0.2,US-2026-113355
470.376,52.9173,0.2,US-2026-145233
242.352,-363.528,0.7,US-2026-112347
701.96,168.4704,0.0,US-2026-143756
906.68,68.001,0.2,US-2026-112347
1159.056,43.4646,0.2,US-2026-102379
508.704,0.0,0.2,US-2026-112347
8.752,-3.7196,0.6,US-2026-147221
286.86,80.3208,0.0,US-2026-167395
294.62,-766.012,0.8,US-2026-147221
79.47,22.2516,0.0,US-2026-109701
12.16,2.128,0.2,US-2026-104108
34.65,10.395,0.0,US-2026-108063
19.728,1.7262,0.2,US-2026-157469
10.08,5.04,0.0,US-2026-109701
32.776,2.4582,0.2,US-2026-165715
179.9,44.975,0.0,US-2026-102379
47.96,4.1965,0.2,US-2026-164917
69.456,22.5732,0.2,US-2026-109701
67.86,-45.24,0.7,US-2026-147767
45.66,-33.484,0.7,US-2026-155089
631.176,-462.8624,0.7,US-2026-155075
36.624,-24.416,0.7,US-2026-112347
9.024,3.1584,0.2,US-2026-109701
10.86,5.3214,0.0,US-2026-109701
8.56,3.852,0.0,US-2026-116715
109.92,53.8608,0.0,US-2026-116715
114.288,12.8574,0.2,US-2026-112347
559.62,151.0974,0.0,US-2026-116715
4.36,0.1744,0.0,US-2026-167395
49.616,4.9616,0.2,US-2026-112347
39.992,-7.9984,0.2,US-2026-102379
2479.96,743.988,0.0,US-2026-160885
151.188,-25.198,0.4,US-2026-157469
57.36,-14.34,0.2,US-2026-112347
979.95,284.1855,0.0,US-2026-167395
58.36,-24.803,0.6,CA-2026-105471
39.96,-20.976,0.6,CA-2026-106541
16.464,2.4406,0.2,CA-2026-145612
13.592,-14.2716,0.6,US-2026-103415
16.192,4.6552,0.2,US-2026-118017
16.72,3.344,0.2,US-2026-118017
23.376,7.0128,0.2,US-2026-118017
521.96,88.7332,0.0,US-2026-143126
45.216,4.5216,0.2,US-2026-149510
13.344,1.0008,0.2,US-2026-118017
83.92,29.372,0.2,US-2026-148691
14.624,5.1184,0.2,US-2026-148691
28.782,-21.1068,0.7,US-2026-149510
3.15,1.512,0.0,US-2026-148691
166.44,79.8912,0.0,US-2026-136875
24.448,8.8624,0.2,US-2026-149510
10.32,3.741,0.2,US-2026-118017
10.368,3.6288,0.2,US-2026-123071
47.32,5.915,0.2,US-2026-118017
47.992,7.1988,0.2,US-2026-128699
76.752,10.5534,0.2,US-2026-118017
102.336,14.0712,0.2,US-2026-118017
136.99,36.9873,0.0,US-2026-148691
188.552,-2.6936,0.3,US-2026-139773
182.22,45.555,0.0,US-2026-118003
239.96,-10.284,0.3,US-2026-117667
302.94,18.1764,0.0,US-2026-118003
11.352,2.6961,0.2,US-2026-147550
12.99,1.5588,0.0,US-2026-118003
54.768,6.846,0.2,US-2026-117667
13.392,3.1806,0.2,US-2026-117667
8.8,2.552,0.0,US-2026-107384
5.346,-4.455,0.7,US-2026-156412
74.352,23.235,0.2,US-2026-160031
11.76,5.7624,0.0,US-2026-153227
23.92,8.671,0.2,US-2026-117667
61.568,4.6176,0.2,US-2026-152660
255.968,-28.7964,0.2,US-2026-117667
399.95,143.982,0.0,US-2026-107384
142.8,29.988,0.0,US-2026-107384
649.0,-272.58,0.5,US-2026-109183
25.08,9.03,0.0,CA-2026-119508
16.9,6.25,0.0,CA-2026-119508
58.68,18.1908,0.0,US-2026-105235
20.94,6.0726,0.0,US-2026-105235
41.96,10.9096,0.0,US-2026-126053
199.9,39.98,0.0,US-2026-156958
254.9,68.823,0.0,US-2026-105235
61.44,16.5888,0.0,US-2026-130351
14.976,5.4288,0.2,US-2026-131212
83.92,29.372,0.2,US-2026-156958
172.752,60.4632,0.2,US-2026-156958
24.816,8.3754,0.2,US-2026-131212
9.296,3.0212,0.2,US-2026-156958
11.07,5.2029,0.0,US-2026-117128
9.45,4.536,0.0,US-2026-126053
21.6,9.936,0.0,US-2026-117128
38.9,17.505,0.0,US-2026-130351
92.94,41.823,0.0,US-2026-126865
205.03,67.6599,0.0,US-2026-104066
99.39,40.7499,0.0,US-2026-130351
31.176,-7.0146,0.2,US-2026-156958
10.68,2.8836,0.0,US-2026-149006
82.38,25.5378,0.0,US-2026-136189
320.64,89.7792,0.0,US-2026-135587
1889.99,-2929.4845,0.8,US-2026-122714
3.552,1.2432,0.2,US-2026-134285
15.552,5.4432,0.2,US-2026-134285
50.04,25.02,0.0,US-2026-142328
52.0,23.4,0.0,US-2026-135587
127.984,25.5968,0.2,US-2026-157980
374.376,46.797,0.2,US-2026-137099
1336.829,31.4548,0.15,US-2026-117457
459.92,41.3928,0.0,US-2026-117324
215.544,-58.5048,0.3,US-2026-167570
113.568,-18.4548,0.2,US-2026-117457
128.9,15.468,0.0,US-2026-148264
109.48,33.9388,0.0,US-2026-145226
1004.024,-112.9527,0.2,US-2026-117457
69.48,20.844,0.0,US-2026-117926
1089.75,305.13,0.0,US-2026-117324
13.248,3.6432,0.2,US-2026-131961
90.48,33.93,0.2,US-2026-108854
22.424,8.409,0.2,US-2026-108854
61.06,28.0876,0.0,US-2026-117324
28.35,13.608,0.0,US-2026-117457
55.98,27.4302,0.0,US-2026-117457
27.52,12.6592,0.0,US-2026-117324
9.68,4.6464,0.0,US-2026-117457
87.92,40.4432,0.0,US-2026-108854
19.44,9.3312,0.0,US-2026-145226
60.12,28.8576,0.0,US-2026-148264
27.15,13.3035,0.0,US-2026-117457
592.74,160.0398,0.0,US-2026-152436
42.76,11.1176,0.0,US-2026-108854
31.92,8.2992,0.0,US-2026-145226
29.79,8.6391,0.0,US-2026-148264
272.94,0.0,0.0,US-2026-145226
179.95,37.7895,0.0,US-2026-117457
178.11,32.0598,0.0,US-2026-117324
1199.976,434.9913,0.2,US-2026-117457
83.988,-20.997,0.4,US-2026-131961
148.257,15.6978,0.15,US-2026-141201
872.94,226.9644,0.0,US-2026-139199
9.708,-5.8248,0.6,US-2026-118038
896.328,22.4082,0.2,US-2026-102407
214.9,62.321,0.0,US-2026-167920
189.0,68.04,0.0,US-2026-102407
11.16,2.79,0.0,US-2026-102407
34.7,12.492,0.0,US-2026-109960
2.624,0.4264,0.2,US-2026-148012
54.9,26.901,0.0,US-2026-102659
13.005,-9.9705,0.7,US-2026-139402
11.088,-8.1312,0.7,US-2026-132927
33.72,15.5112,0.0,US-2026-109960
15.92,7.4824,0.0,US-2026-167920
41.54,19.5238,0.0,US-2026-139199
1.248,-1.9344,0.8,US-2026-118038
10.4,5.096,0.0,US-2026-129833
29.36,13.5056,0.0,US-2026-167920
57.576,21.591,0.2,US-2026-145366
5.76,2.6496,0.0,US-2026-167920
14.94,7.0218,0.0,US-2026-109960
33.45,15.387,0.0,US-2026-129833
143.856,48.5514,0.2,US-2026-103814
12.96,6.2208,0.0,US-2026-139199
419.4,146.79,0.2,US-2026-139402
15.984,4.995,0.2,US-2026-109715
27.24,2.724,0.2,US-2026-118038
37.208,-7.4416,0.2,US-2026-145366
15.14,0.6056,0.0,US-2026-167920
146.45,48.3285,0.0,US-2026-167920
104.88,41.952,0.0,US-2026-109960
1399.98,629.991,0.0,US-2026-167920
444.768,44.4768,0.2,US-2026-108329
3.69,1.73,0.0,CA-2026-141082
122.12,56.18,0.0,CA-2026-141082
87.92,15.386,0.2,US-2026-110149
19.104,5.7312,0.2,US-2026-158967
14.76,4.2804,0.0,US-2026-135503
310.88,23.316,0.2,US-2026-143798
1669.6,116.872,0.0,US-2026-148446
426.79,123.7691,0.0,US-2026-152695
18.24,5.2896,0.0,US-2026-140907
3.273,-2.5093,0.7,US-2026-110149
19.936,7.2268,0.2,US-2026-167150
65.568,22.9488,0.2,US-2026-167150
45.84,22.0032,0.0,US-2026-148922
34.5,15.525,0.0,US-2026-108294
10.86,5.1042,0.0,US-2026-152695
10.368,3.6288,0.2,US-2026-143798
12.96,6.2208,0.0,US-2026-107748
324.9,38.988,0.0,US-2026-140907
599.97,257.9871,0.0,US-2026-148922
14.2,3.3725,0.2,US-2026-157651
49.08,4.908,0.0,US-2026-140907
38.97,0.7794,0.0,US-2026-148922
95.84,34.742,0.2,US-2026-107748
99.12,35.4144,0.0,CA-2026-124626
64.784,-12.147,0.2,US-2026-168389
63.686,-9.098,0.3,US-2026-160759
520.464,-14.8704,0.3,US-2026-162565
77.72,-66.062,0.6,US-2026-162565
721.875,-420.0,0.45,US-2026-168389
1.392,-3.7584,0.8,US-2026-165099
22.75,6.5975,0.0,US-2026-153871
13.584,1.3584,0.2,US-2026-168389
23.36,7.884,0.2,US-2026-101798
5.4,2.592,0.0,US-2026-142776
14.952,5.0463,0.2,US-2026-100230
40.2,18.09,0.0,US-2026-153871
735.98,331.191,0.0,US-2026-153871
7.28,3.4944,0.0,US-2026-142776
6.54,2.1582,0.0,US-2026-125213
10.368,3.6288,0.2,US-2026-162565
17.94,8.073,0.0,US-2026-100230
116.312,23.2624,0.2,US-2026-149706
39.98,13.5932,0.0,US-2026-101798
128.85,3.8655,0.0,US-2026-129581
73.568,-16.5528,0.2,US-2026-168389
116.98,29.245,0.0,US-2026-100230
287.976,7.1994,0.2,US-2026-135377
201.04,54.2808,0.0,US-2026-122770
8.64,4.2336,0.0,US-2026-122770
12.96,6.3504,0.0,US-2026-122770
38.88,18.6624,0.0,US-2026-122770
31.44,8.4888,0.0,US-2026-107986
266.352,-292.9872,0.6,US-2026-107629
2.032,-1.3208,0.6,US-2026-122595
56.328,-26.7558,0.6,US-2026-107629
26.25,11.025,0.0,US-2026-169859
974.988,-97.4988,0.3,US-2026-113992
526.582,-52.6582,0.3,US-2026-151799
95.232,24.9984,0.2,US-2026-107629
64.96,22.736,0.2,US-2026-169859
43.7,20.539,0.0,US-2026-169859
17.28,8.1216,0.0,US-2026-151799
73.85,2.2155,0.0,US-2026-151799
25.71,6.6846,0.0,US-2026-151799
227.976,28.497,0.2,US-2026-122595
44.75,8.5025,0.0,US-2026-147333
159.8,70.312,0.0,US-2026-147333
39.264,-4.908,0.2,US-2026-107629
1199.98,467.9922,0.0,US-2026-151799
52.68,19.755,0.2,US-2026-122595
43.7,20.539,0.0,CA-2026-151799
64.96,22.736,0.2,CA-2026-151799
526.582,-52.6582,0.3,CA-2026-151799
26.25,11.025,0.0,CA-2026-151799
17.28,8.1216,0.0,CA-2026-151799
22.77,9.7911,0.0,US-2026-119564
54.32,16.296,0.0,US-2026-154116
10.192,1.0192,0.2,US-2026-136063
22.83,10.7301,0.0,US-2026-154116
196.776,14.7582,0.2,US-2026-154116
68.46,20.538,0.0,CA-2026-135480
19.6,9.604,0.0,CA-2026-135480
81.568,9.1764,0.2,US-2026-137428
97.184,6.074,0.2,US-2026-137428
18.96,7.584,0.0,US-2026-137428
29.95,8.6855,0.0,US-2026-137463
33.376,10.43,0.2,US-2026-104381
24.32,8.208,0.2,US-2026-137428
5.984,2.244,0.2,US-2026-137463
10.8,5.184,0.0,US-2026-111808
44.4,22.2,0.0,US-2026-137463
13.36,6.4128,0.0,US-2026-161578
158.9,7.945,0.0,US-2026-161578
149.95,31.4895,0.0,US-2026-137463
189.95,45.588,0.0,US-2026-137463
504.9,80.784,0.0,US-2026-116855
124.36,27.3592,0.0,US-2026-103443
66.284,-178.9668,0.8,US-2026-116701
11.808,4.2804,0.2,US-2026-106964
15.24,5.1435,0.2,US-2026-133431
24.816,8.3754,0.2,US-2026-103443
28.16,13.2352,0.0,US-2026-107342
13.23,6.0858,0.0,US-2026-133431
32.56,8.4656,0.0,US-2026-155362
481.32,125.1432,0.0,US-2026-120936
166.72,41.68,0.0,US-2026-103443
544.38,157.8702,0.0,US-2026-130309
13.98,3.6348,0.0,US-2026-120936
119.833,-12.6882,0.15,US-2026-140585
1141.938,139.5702,0.1,US-2026-115602
18.96,8.532,0.0,US-2026-105886
99.95,22.9885,0.0,US-2026-143252
1704.56,511.368,0.0,US-2026-115602
130.112,13.0112,0.2,US-2026-156664
3.2,1.376,0.0,US-2026-115602
12.672,1.4256,0.2,US-2026-108287
38.82,17.469,0.0,US-2026-115602
5.76,1.6704,0.0,US-2026-158736
18.704,2.338,0.2,US-2026-164000
6.63,1.7901,0.0,US-2026-102099
46.672,16.3352,0.2,US-2026-140585
7.236,-6.03,0.7,US-2026-156664
4.824,1.7487,0.2,US-2026-156664
32.4,15.552,0.0,US-2026-102099
91.36,29.692,0.2,US-2026-156664
12.96,6.2208,0.0,US-2026-102099
29.34,10.8558,0.0,US-2026-143252
119.98,57.5904,0.0,US-2026-140585
102.018,-183.6324,0.7,US-2026-116946
13.36,4.008,0.2,US-2026-116946
36.672,11.46,0.2,US-2026-128160
78.256,-17.6076,0.2,US-2026-116946
1665.62,33.3124,0.0,US-2026-158729
50.352,17.6232,0.2,US-2026-102197
6.984,2.3571,0.2,US-2026-105480
279.9,137.151,0.0,US-2026-102197
6.48,3.1104,0.0,US-2026-105480
34.02,16.6698,0.0,US-2026-102197
6.984,2.3571,0.2,CA-2026-126634
15.92,7.0048,0.0,US-2026-137456
5.88,1.7052,0.0,US-2026-163405
6.63,1.7901,0.0,US-2026-163405
23.88,11.2236,0.0,US-2026-107461
166.44,79.8912,0.0,US-2026-165841
1000.02,290.0058,0.0,US-2026-138380
124.36,33.5772,0.0,US-2026-144827
375.34,18.767,0.0,US-2026-106782
69.5,20.155,0.0,US-2026-165841
71.0,27.69,0.0,US-2026-109589
281.97,78.9516,0.0,US-2026-165841
220.98,50.8254,0.0,US-2026-119578
1586.69,412.5394,0.0,US-2026-120376
141.96,35.49,0.0,US-2026-100412
934.956,-249.3216,0.4,US-2026-150910
182.55,-135.087,0.5,US-2026-142909
411.8,70.006,0.0,US-2026-120376
607.52,97.2032,0.0,US-2026-146164
839.43,218.2518,0.0,US-2026-155376
59.24,16.291,0.2,US-2026-150910
4.17,1.0842,0.0,US-2026-115931
23.128,2.891,0.2,US-2026-150910
1.641,-1.3128,0.7,US-2026-119193
6.33,-9.8115,0.8,US-2026-104927
7.824,2.934,0.2,US-2026-145310
18.45,8.6715,0.0,US-2026-115931
25.92,9.072,0.2,US-2026-104927
75.88,26.558,0.2,US-2026-104927
37.32,10.4496,0.0,US-2026-115931
26.16,1.962,0.2,US-2026-150910
31.16,7.79,0.0,US-2026-146164
695.16,34.758,0.0,US-2026-119578
474.95,142.485,0.0,US-2026-149699
84.99,30.5964,0.0,US-2026-120376
46.864,7.6154,0.2,US-2026-150910
199.95,63.984,0.0,US-2026-120376
67.04,6.704,0.2,US-2026-115931
629.958,94.4937,0.4,US-2026-119193
72.704,19.0848,0.2,US-2026-140627
27.46,9.8856,0.0,US-2026-110625
181.95,38.2095,0.0,US-2026-127929
29.312,-74.7456,0.8,US-2026-121216
12.264,1.0731,0.2,US-2026-140627
13.48,5.9312,0.0,US-2026-123463
13.84,-22.144,0.8,US-2026-117443
182.94,85.9818,0.0,US-2026-162670
44.96,20.6816,0.0,US-2026-162670
175.872,63.7536,0.2,US-2026-117443
28.672,10.3936,0.2,US-2026-121216
62.04,17.3712,0.0,US-2026-162670
367.96,14.7184,0.0,US-2026-162670
218.352,-54.588,0.2,US-2026-140627
494.97,148.491,0.0,US-2026-162670
842.376,105.297,0.2,US-2026-128734
232.88,60.5488,0.0,US-2026-124296
271.764,48.3136,0.1,US-2026-169978
37.93,6.8274,0.0,US-2026-169411
8.544,1.9224,0.2,US-2026-128734
35.91,9.6957,0.0,US-2026-117933
12.3,6.15,0.0,US-2026-148355
90.48,33.93,0.2,US-2026-145219
21.312,7.992,0.2,US-2026-163671
14.376,4.8519,0.2,US-2026-169978
17.88,5.5875,0.2,US-2026-154935
19.44,9.3312,0.0,US-2026-148355
264.32,19.824,0.2,US-2026-121195
1003.62,0.0,0.0,US-2026-147956
2879.952,1007.9832,0.2,US-2026-145219
479.97,239.985,0.0,US-2026-124296
191.984,4.7996,0.2,US-2026-161480
304.45,76.1125,0.0,US-2026-163510
41.96,10.9096,0.0,US-2026-146780
21.0,5.775,0.2,US-2026-105620
273.06,-104.673,0.4,US-2026-147669
31.744,2.3808,0.2,US-2026-134194
13.023,-10.4184,0.7,US-2026-147669
3.168,-5.0688,0.8,US-2026-134194
40.98,-65.568,0.8,US-2026-134194
153.552,51.8238,0.2,US-2026-121398
3.856,1.3978,0.2,US-2026-162880
39.582,-59.373,0.8,US-2026-134194
39.312,12.7764,0.2,US-2026-147669
3.62,1.1946,0.0,US-2026-114055
629.1,301.968,0.0,US-2026-114055
96.08,46.1184,0.0,US-2026-114055
95.94,9.594,0.0,US-2026-163510
270.62,2.7062,0.0,US-2026-121398
44.688,5.0274,0.2,US-2026-134194
158.928,41.7186,0.2,US-2026-147669
31.8,13.674,0.0,US-2026-108756
120.0,-7.2,0.5,US-2026-105620
90.48,23.5248,0.0,US-2026-114055
3.132,-2.61,0.7,US-2026-112487
44.75,20.585,0.0,US-2026-106705
16.032,5.6112,0.2,US-2026-136238
750.68,37.534,0.0,US-2026-121741
13.248,3.6432,0.2,US-2026-134404
164.388,-35.6174,0.4,US-2026-134404
78.8528,-11.596,0.32,US-2026-136539
340.704,-34.0704,0.2,US-2026-101322
113.372,-3.2392,0.3,US-2026-163860
7.4,3.034,0.0,US-2026-129805
2.96,-1.406,0.6,US-2026-163860
7.968,-2.3904,0.6,US-2026-163860
27.168,2.7168,0.2,US-2026-136539
2.48,0.868,0.0,US-2026-135111
33.264,11.2266,0.2,US-2026-164826
1.188,-0.99,0.7,US-2026-162068
1.68,-2.688,0.8,US-2026-163860
25.9,12.691,0.0,US-2026-135111
13.96,6.4216,0.0,US-2026-164826
72.45,34.776,0.0,US-2026-164826
4.28,1.926,0.0,US-2026-122798
64.784,-12.9568,0.2,US-2026-127516
118.25,34.2925,0.0,US-2026-122798
725.84,210.4936,0.0,US-2026-163979
14.85,4.0095,0.0,US-2026-164826
258.75,77.625,0.0,US-2026-158526
1207.84,314.0384,0.0,US-2026-158526
393.568,-44.2764,0.2,US-2026-118885
300.98,87.2842,0.0,US-2026-158526
101.12,37.4144,0.0,US-2026-146626
68.46,20.538,0.0,US-2026-130631
34.58,10.0282,0.0,US-2026-158526
12.53,5.8891,0.0,US-2026-158526
19.6,9.604,0.0,US-2026-130631
6.03,2.9547,0.0,US-2026-102638
209.7,100.656,0.0,US-2026-158673
302.376,22.6782,0.2,US-2026-118885
99.12,35.4144,0.0,CA-2026-146626
68.46,20.538,0.0,CA-2026-141531
19.6,9.604,0.0,CA-2026-141531
323.136,12.1176,0.2,US-2026-143259
209.3,56.511,0.0,US-2026-126221
13.904,4.5188,0.2,US-2026-115427
52.776,19.791,0.2,US-2026-143259
20.72,6.475,0.2,US-2026-115427
3.024,-0.6048,0.2,US-2026-156720
90.93,2.7279,0.0,US-2026-143259
3.024,-0.6048,0.2,CA-2026-143500
