PostalCode,Region,Country,State,City
94110,West,United States,California,San Francisco
13021,East,United States,New York,Auburn
12180,East,United States,New York,Troy
77036,Central,United States,Texas,Houston
33614,South,United States,Florida,Tampa
98103,West,United States,Washington,Seattle
21215,East,United States,Maryland,Baltimore
95123,West,United States,California,San Jose
5408,East,United States,Vermont,Burlington
75220,Central,United States,Texas,Dallas
53081,Central,United States,Wisconsin,Sheboygan
47201,Central,United States,Indiana,Columbus
38109,South,United States,Tennessee,Memphis
10024,East,United States,New York,New York City
53711,Central,United States,Wisconsin,Madison
93101,West,United States,California,Santa Barbara
77095,Central,United States,Texas,Houston
43615,East,United States,Ohio,Toledo
48227,Central,United States,Michigan,Detroit
85023,West,United States,Arizona,Phoenix
30076,South,United States,Georgia,Roswell
33012,South,United States,Florida,Hialeah
95661,West,United States,California,Roseville
19134,East,United States,Pennsylvania,Philadelphia
98105,West,United States,Washington,Seattle
49201,Central,United States,Michigan,Jackson
40214,South,United States,Kentucky,Louisville
77095,Central,United States,Texas,Houston
30318,South,United States,Georgia,Atlanta
19120,East,United States,Pennsylvania,Philadelphia
48183,Central,United States,Michigan,Trenton
40475,South,United States,Kentucky,Richmond
90049,West,United States,California,Los Angeles
76706,Central,United States,Texas,Waco
78664,Central,United States,Texas,Round Rock
94110,West,United States,California,San Francisco
22153,South,United States,Virginia,Springfield
98105,West,United States,Washington,Seattle
85301,West,United States,Arizona,Glendale
78539,Central,United States,Texas,Edinburg
47201,Central,United States,Indiana,Columbus
77095,Central,United States,Texas,Houston
2920,East,United States,Rhode Island,Cranston
98115,West,United States,Washington,Seattle
27217,South,United States,North Carolina,Burlington
92105,West,United States,California,San Diego
77095,Central,United States,Texas,Houston
58103,Central,United States,North Dakota,Fargo
95928,West,United States,California,Chico
10035,East,United States,New York,New York City
33068,South,United States,Florida,Pompano Beach
60610,Central,United States,Illinois,Chicago
94601,West,United States,California,Oakland
21215,East,United States,Maryland,Baltimore
10009,East,United States,New York,New York City
76017,Central,United States,Texas,Arlington
1453,East,United States,Massachusetts,Leominster
95661,West,United States,California,Roseville
57103,Central,United States,South Dakota,Sioux Falls
97301,West,United States,Oregon,Salem
77095,Central,United States,Texas,Houston
10035,East,United States,New York,New York City
10009,East,United States,New York,New York City
60505,Central,United States,Illinois,Aurora
10009,East,United States,New York,New York City
19711,East,United States,Delaware,Newark
94521,West,United States,California,Concord
73505,Central,United States,Oklahoma,Lawton
10009,East,United States,New York,New York City
32216,South,United States,Florida,Jacksonville
10011,East,United States,New York,New York City
94122,West,United States,California,San Francisco
10009,East,United States,New York,New York City
94110,West,United States,California,San Francisco
53132,Central,United States,Wisconsin,Franklin
97206,West,United States,Oregon,Portland
80013,West,United States,Colorado,Aurora
10009,East,United States,New York,New York City
19013,East,United States,Pennsylvania,Chester
33458,South,United States,Florida,Jupiter
33614,South,United States,Florida,Tampa
55122,Central,United States,Minnesota,Eagan
95695,West,United States,California,Woodland
32216,South,United States,Florida,Jacksonville
37042,South,United States,Tennessee,Clarksville
31907,South,United States,Georgia,Columbus
1841,East,United States,Massachusetts,Lawrence
46203,Central,United States,Indiana,Indianapolis
33180,South,United States,Florida,Miami
23602,South,United States,Virginia,Newport News
10009,East,United States,New York,New York City
6010,East,United States,Connecticut,Bristol
30318,South,United States,Georgia,Atlanta
89502,West,United States,Nevada,Reno
60098,Central,United States,Illinois,Woodstock
85023,West,United States,Arizona,Phoenix
54601,Central,United States,Wisconsin,La Crosse
10024,East,United States,New York,New York City
32216,South,United States,Florida,Jacksonville
70506,South,United States,Louisiana,Lafayette
85023,West,United States,Arizona,Phoenix
95661,West,United States,California,Roseville
94110,West,United States,California,San Francisco
14215,East,United States,New York,Buffalo
98115,West,United States,Washington,Seattle
94109,West,United States,California,San Francisco
13440,East,United States,New York,Rome
78521,Central,United States,Texas,Brownsville
10024,East,United States,New York,New York City
92646,West,United States,California,Huntington Beach
90805,West,United States,California,Long Beach
92037,West,United States,California,San Diego
19140,East,United States,Pennsylvania,Philadelphia
77041,Central,United States,Texas,Houston
60623,Central,United States,Illinois,Chicago
19143,East,United States,Pennsylvania,Philadelphia
90036,West,United States,California,Los Angeles
80538,West,United States,Colorado,Loveland
19140,East,United States,Pennsylvania,Philadelphia
83704,West,United States,Idaho,Boise
45231,East,United States,Ohio,Cincinnati
19143,East,United States,Pennsylvania,Philadelphia
32114,South,United States,Florida,Daytona Beach
23434,South,United States,Virginia,Suffolk
28205,South,United States,North Carolina,Charlotte
19134,East,United States,Pennsylvania,Philadelphia
32216,South,United States,Florida,Jacksonville
10009,East,United States,New York,New York City
75150,Central,United States,Texas,Mesquite
43229,East,United States,Ohio,Columbus
80219,West,United States,Colorado,Denver
78207,Central,United States,Texas,San Antonio
30076,South,United States,Georgia,Roswell
37211,South,United States,Tennessee,Nashville
48227,Central,United States,Michigan,Detroit
43302,East,United States,Ohio,Marion
77036,Central,United States,Texas,Houston
94110,West,United States,California,San Francisco
87105,West,United States,New Mexico,Albuquerque
38301,South,United States,Tennessee,Jackson
19120,East,United States,Pennsylvania,Philadelphia
92024,West,United States,California,San Diego
32303,South,United States,Florida,Tallahassee
49201,Central,United States,Michigan,Jackson
48640,Central,United States,Michigan,Midland
46142,Central,United States,Indiana,Greenwood
75220,Central,United States,Texas,Dallas
93309,West,United States,California,Bakersfield
90049,West,United States,California,Los Angeles
47374,Central,United States,Indiana,Richmond
35810,South,United States,Alabama,Huntsville
93405,West,United States,California,San Luis Obispo
60610,Central,United States,Illinois,Chicago
78745,Central,United States,Texas,Austin
10024,East,United States,New York,New York City
10035,East,United States,New York,New York City
23464,South,United States,Virginia,Virginia Beach
43229,East,United States,Ohio,Columbus
98208,West,United States,Washington,Everett
77041,Central,United States,Texas,Houston
77340,Central,United States,Texas,Huntsville
98105,West,United States,Washington,Seattle
10009,East,United States,New York,New York City
92804,West,United States,California,Anaheim
10009,East,United States,New York,New York City
48227,Central,United States,Michigan,Detroit
94109,West,United States,California,San Francisco
6708,East,United States,Connecticut,Waterbury
10035,East,United States,New York,New York City
37064,South,United States,Tennessee,Franklin
7050,East,United States,New Jersey,Orange
90036,West,United States,California,Los Angeles
81001,West,United States,Colorado,Pueblo
94122,West,United States,California,San Francisco
35630,South,United States,Alabama,Florence
75220,Central,United States,Texas,Dallas
6450,East,United States,Connecticut,Meriden
77070,Central,United States,Texas,Houston
60653,Central,United States,Illinois,Chicago
90278,West,United States,California,Redondo Beach
10035,East,United States,New York,New York City
80027,West,United States,Colorado,Louisville
92503,West,United States,California,Riverside
10035,East,United States,New York,New York City
92024,West,United States,California,San Diego
47201,Central,United States,Indiana,Columbus
10024,East,United States,New York,New York City
49201,Central,United States,Michigan,Jackson
20735,East,United States,Maryland,Clinton
45014,East,United States,Ohio,Fairfield
84041,West,United States,Utah,Layton
92683,West,United States,California,Westminster
98105,West,United States,Washington,Seattle
19711,East,United States,Delaware,Newark
90036,West,United States,California,Los Angeles
19140,East,United States,Pennsylvania,Philadelphia
10009,East,United States,New York,New York City
8701,East,United States,New Jersey,Lakewood
36830,South,United States,Alabama,Auburn
21215,East,United States,Maryland,Baltimore
43229,East,United States,Ohio,Columbus
98002,West,United States,Washington,Auburn
43130,East,United States,Ohio,Lancaster
38109,South,United States,Tennessee,Memphis
90805,West,United States,California,Long Beach
44107,East,United States,Ohio,Lakewood
10009,East,United States,New York,New York City
42420,South,United States,Kentucky,Henderson
94122,West,United States,California,San Francisco
19134,East,United States,Pennsylvania,Philadelphia
40324,South,United States,Kentucky,Georgetown
28027,South,United States,North Carolina,Concord
94122,West,United States,California,San Francisco
75217,Central,United States,Texas,Dallas
75220,Central,United States,Texas,Dallas
93727,West,United States,California,Fresno
21044,East,United States,Maryland,Columbia
52601,Central,United States,Iowa,Burlington
19143,East,United States,Pennsylvania,Philadelphia
92646,West,United States,California,Huntington Beach
10011,East,United States,New York,New York City
48227,Central,United States,Michigan,Detroit
90004,West,United States,California,Los Angeles
75217,Central,United States,Texas,Dallas
98103,West,United States,Washington,Seattle
77036,Central,United States,Texas,Houston
72762,South,United States,Arkansas,Springdale
10009,East,United States,New York,New York City
22204,South,United States,Virginia,Arlington
77041,Central,United States,Texas,Houston
44107,East,United States,Ohio,Lakewood
60653,Central,United States,Illinois,Chicago
94110,West,United States,California,San Francisco
98105,West,United States,Washington,Seattle
30318,South,United States,Georgia,Atlanta
32216,South,United States,Florida,Jacksonville
78745,Central,United States,Texas,Austin
77573,Central,United States,Texas,League City
71111,South,United States,Louisiana,Bossier City
30062,South,United States,Georgia,Marietta
33433,South,United States,Florida,Boca Raton
33437,South,United States,Florida,Boynton Beach
94109,West,United States,California,San Francisco
32216,South,United States,Florida,Jacksonville
6040,East,United States,Connecticut,Manchester
10011,East,United States,New York,New York City
27604,South,United States,North Carolina,Raleigh
77041,Central,United States,Texas,Houston
94110,West,United States,California,San Francisco
37918,South,United States,Tennessee,Knoxville
7050,East,United States,New Jersey,Orange
40475,South,United States,Kentucky,Richmond
47905,Central,United States,Indiana,Lafayette
75220,Central,United States,Texas,Dallas
27604,South,United States,North Carolina,Raleigh
45503,East,United States,Ohio,Springfield
43615,East,United States,Ohio,Toledo
94109,West,United States,California,San Francisco
80219,West,United States,Colorado,Denver
90008,West,United States,California,Los Angeles
33614,South,United States,Florida,Tampa
10035,East,United States,New York,New York City
77041,Central,United States,Texas,Houston
92683,West,United States,California,Westminster
98103,West,United States,Washington,Seattle
98103,West,United States,Washington,Seattle
48234,Central,United States,Michigan,Detroit
90032,West,United States,California,Los Angeles
94110,West,United States,California,San Francisco
90004,West,United States,California,Los Angeles
43229,East,United States,Ohio,Columbus
10035,East,United States,New York,New York City
43229,East,United States,Ohio,Columbus
10024,East,United States,New York,New York City
77041,Central,United States,Texas,Houston
77041,Central,United States,Texas,Houston
53209,Central,United States,Wisconsin,Milwaukee
43055,East,United States,Ohio,Newark
88220,West,United States,New Mexico,Carlsbad
19134,East,United States,Pennsylvania,Philadelphia
19143,East,United States,Pennsylvania,Philadelphia
19120,East,United States,Pennsylvania,Philadelphia
91730,West,United States,California,Rancho Cucamonga
40475,South,United States,Kentucky,Richmond
33065,South,United States,Florida,Coral Springs
48205,Central,United States,Michigan,Detroit
45503,East,United States,Ohio,Springfield
77095,Central,United States,Texas,Houston
90045,West,United States,California,Los Angeles
33180,South,United States,Florida,Miami
33178,South,United States,Florida,Miami
77041,Central,United States,Texas,Houston
72701,South,United States,Arkansas,Fayetteville
26003,East,United States,West Virginia,Wheeling
2151,East,United States,Massachusetts,Revere
77070,Central,United States,Texas,Houston
42420,South,United States,Kentucky,Henderson
77070,Central,United States,Texas,Houston
47150,Central,United States,Indiana,New Albany
55901,Central,United States,Minnesota,Rochester
10024,East,United States,New York,New York City
55901,Central,United States,Minnesota,Rochester
98115,West,United States,Washington,Seattle
8360,East,United States,New Jersey,Vineland
92630,West,United States,California,Lake Forest
19143,East,United States,Pennsylvania,Philadelphia
75217,Central,United States,Texas,Dallas
37421,South,United States,Tennessee,Chattanooga
75220,Central,United States,Texas,Dallas
77095,Central,United States,Texas,Houston
85281,West,United States,Arizona,Tempe
48911,Central,United States,Michigan,Lansing
77041,Central,United States,Texas,Houston
44035,East,United States,Ohio,Elyria
60623,Central,United States,Illinois,Chicago
93309,West,United States,California,Bakersfield
99301,West,United States,Washington,Pasco
19134,East,United States,Pennsylvania,Philadelphia
94109,West,United States,California,San Francisco
50315,Central,United States,Iowa,Des Moines
19134,East,United States,Pennsylvania,Philadelphia
11572,East,United States,New York,Oceanside
94110,West,United States,California,San Francisco
19143,East,United States,Pennsylvania,Philadelphia
85023,West,United States,Arizona,Phoenix
44105,East,United States,Ohio,Cleveland
75061,Central,United States,Texas,Irving
28205,South,United States,North Carolina,Charlotte
90045,West,United States,California,Los Angeles
93727,West,United States,California,Fresno
80906,West,United States,Colorado,Colorado Springs
29203,South,United States,South Carolina,Columbia
28540,South,United States,North Carolina,Jacksonville
7060,East,United States,New Jersey,Plainfield
90045,West,United States,California,Los Angeles
78550,Central,United States,Texas,Harlingen
75217,Central,United States,Texas,Dallas
80219,West,United States,Colorado,Denver
10024,East,United States,New York,New York City
7090,East,United States,New Jersey,Westfield
85705,West,United States,Arizona,Tucson
32216,South,United States,Florida,Jacksonville
94122,West,United States,California,San Francisco
10035,East,United States,New York,New York City
94122,West,United States,California,San Francisco
19120,East,United States,Pennsylvania,Philadelphia
60653,Central,United States,Illinois,Chicago
90004,West,United States,California,Los Angeles
90049,West,United States,California,Los Angeles
90036,West,United States,California,Los Angeles
50315,Central,United States,Iowa,Des Moines
90045,West,United States,California,Los Angeles
10035,East,United States,New York,New York City
98103,West,United States,Washington,Seattle
98105,West,United States,Washington,Seattle
14609,East,United States,New York,Rochester
10009,East,United States,New York,New York City
68104,Central,United States,Nebraska,Omaha
19140,East,United States,Pennsylvania,Philadelphia
90032,West,United States,California,Los Angeles
89031,West,United States,Nevada,North Las Vegas
74012,Central,United States,Oklahoma,Broken Arrow
30076,South,United States,Georgia,Roswell
98103,West,United States,Washington,Seattle
7109,East,United States,New Jersey,Belleville
1841,East,United States,Massachusetts,Lawrence
10024,East,United States,New York,New York City
90045,West,United States,California,Los Angeles
60623,Central,United States,Illinois,Chicago
97477,West,United States,Oregon,Springfield
75150,Central,United States,Texas,Mesquite
37064,South,United States,Tennessee,Franklin
77642,Central,United States,Texas,Port Arthur
78501,Central,United States,Texas,Mcallen
60610,Central,United States,Illinois,Chicago
90036,West,United States,California,Los Angeles
85023,West,United States,Arizona,Phoenix
28540,South,United States,North Carolina,Jacksonville
7060,East,United States,New Jersey,Plainfield
32216,South,United States,Florida,Jacksonville
76106,Central,United States,Texas,Fort Worth
19143,East,United States,Pennsylvania,Philadelphia
78207,Central,United States,Texas,San Antonio
74012,Central,United States,Oklahoma,Broken Arrow
90045,West,United States,California,Los Angeles
10035,East,United States,New York,New York City
98105,West,United States,Washington,Seattle
19140,East,United States,Pennsylvania,Philadelphia
43229,East,United States,Ohio,Columbus
75217,Central,United States,Texas,Dallas
75217,Central,United States,Texas,Dallas
75217,Central,United States,Texas,Dallas
76017,Central,United States,Texas,Arlington
10009,East,United States,New York,New York City
19120,East,United States,Pennsylvania,Philadelphia
42420,South,United States,Kentucky,Henderson
19120,East,United States,Pennsylvania,Philadelphia
75220,Central,United States,Texas,Dallas
2038,East,United States,Massachusetts,Franklin
94110,West,United States,California,San Francisco
90805,West,United States,California,Long Beach
8901,East,United States,New Jersey,New Brunswick
33030,South,United States,Florida,Homestead
60653,Central,United States,Illinois,Chicago
10011,East,United States,New York,New York City
44052,East,United States,Ohio,Lorain
10009,East,United States,New York,New York City
47201,Central,United States,Indiana,Columbus
98105,West,United States,Washington,Seattle
33801,South,United States,Florida,Lakeland
77036,Central,United States,Texas,Houston
80538,West,United States,Colorado,Loveland
90712,West,United States,California,Lakewood
90805,West,United States,California,Long Beach
90036,West,United States,California,Los Angeles
80013,West,United States,Colorado,Aurora
77070,Central,United States,Texas,Houston
32503,South,United States,Florida,Pensacola
44221,East,United States,Ohio,Cuyahoga Falls
10011,East,United States,New York,New York City
94122,West,United States,California,San Francisco
6824,East,United States,Connecticut,Fairfield
35244,South,United States,Alabama,Hoover
31204,South,United States,Georgia,Macon
89015,West,United States,Nevada,Henderson
68104,Central,United States,Nebraska,Omaha
77803,Central,United States,Texas,Bryan
10035,East,United States,New York,New York City
94086,West,United States,California,Sunnyvale
92804,West,United States,California,Anaheim
19140,East,United States,Pennsylvania,Philadelphia
43229,East,United States,Ohio,Columbus
98006,West,United States,Washington,Bellevue
37604,South,United States,Tennessee,Johnson City
80906,West,United States,Colorado,Colorado Springs
19120,East,United States,Pennsylvania,Philadelphia
20852,East,United States,Maryland,Rockville
78501,Central,United States,Texas,Mcallen
43017,East,United States,Ohio,Dublin
92374,West,United States,California,Redlands
52601,Central,United States,Iowa,Burlington
18103,East,United States,Pennsylvania,Allentown
93905,West,United States,California,Salinas
94122,West,United States,California,San Francisco
90004,West,United States,California,Los Angeles
19140,East,United States,Pennsylvania,Philadelphia
21215,East,United States,Maryland,Baltimore
57103,Central,United States,South Dakota,Sioux Falls
19711,East,United States,Delaware,Newark
90049,West,United States,California,Los Angeles
10011,East,United States,New York,New York City
10024,East,United States,New York,New York City
72701,South,United States,Arkansas,Fayetteville
19140,East,United States,Pennsylvania,Philadelphia
90049,West,United States,California,Los Angeles
75150,Central,United States,Texas,Mesquite
90503,West,United States,California,Torrance
59405,West,United States,Montana,Great Falls
19134,East,United States,Pennsylvania,Philadelphia
65807,Central,United States,Missouri,Springfield
90278,West,United States,California,Redondo Beach
76248,Central,United States,Texas,Keller
60653,Central,United States,Illinois,Chicago
49423,Central,United States,Michigan,Holland
43055,East,United States,Ohio,Newark
98105,West,United States,Washington,Seattle
94110,West,United States,California,San Francisco
76017,Central,United States,Texas,Arlington
43229,East,United States,Ohio,Columbus
45231,East,United States,Ohio,Cincinnati
90008,West,United States,California,Los Angeles
85234,West,United States,Arizona,Gilbert
98026,West,United States,Washington,Edmonds
53209,Central,United States,Wisconsin,Milwaukee
19134,East,United States,Pennsylvania,Philadelphia
60653,Central,United States,Illinois,Chicago
90045,West,United States,California,Los Angeles
19805,East,United States,Delaware,Wilmington
58103,Central,United States,North Dakota,Fargo
90049,West,United States,California,Los Angeles
31907,South,United States,Georgia,Columbus
98105,West,United States,Washington,Seattle
98103,West,United States,Washington,Seattle
44312,East,United States,Ohio,Akron
85301,West,United States,Arizona,Glendale
36830,South,United States,Alabama,Auburn
10011,East,United States,New York,New York City
40475,South,United States,Kentucky,Richmond
28540,South,United States,North Carolina,Jacksonville
37918,South,United States,Tennessee,Knoxville
47201,Central,United States,Indiana,Columbus
42420,South,United States,Kentucky,Henderson
40475,South,United States,Kentucky,Richmond
67846,Central,United States,Kansas,Garden City
10024,East,United States,New York,New York City
90036,West,United States,California,Los Angeles
37130,South,United States,Tennessee,Murfreesboro
67846,Central,United States,Kansas,Garden City
92037,West,United States,California,San Diego
8901,East,United States,New Jersey,New Brunswick
19134,East,United States,Pennsylvania,Philadelphia
14609,East,United States,New York,Rochester
10011,East,United States,New York,New York City
11550,East,United States,New York,Hempstead
19143,East,United States,Pennsylvania,Philadelphia
94110,West,United States,California,San Francisco
90049,West,United States,California,Los Angeles
90805,West,United States,California,Long Beach
10009,East,United States,New York,New York City
91104,West,United States,California,Pasadena
98105,West,United States,Washington,Seattle
37211,South,United States,Tennessee,Nashville
75217,Central,United States,Texas,Dallas
22153,South,United States,Virginia,Springfield
78501,Central,United States,Texas,Mcallen
54880,Central,United States,Wisconsin,Superior
22153,South,United States,Virginia,Springfield
33710,South,United States,Florida,Saint Petersburg
73120,Central,United States,Oklahoma,Oklahoma City
33180,South,United States,Florida,Miami
10009,East,United States,New York,New York City
90004,West,United States,California,Los Angeles
32216,South,United States,Florida,Jacksonville
90049,West,United States,California,Los Angeles
94109,West,United States,California,San Francisco
48066,Central,United States,Michigan,Roseville
18103,East,United States,Pennsylvania,Allentown
1852,East,United States,Massachusetts,Lowell
39212,South,United States,Mississippi,Jackson
92037,West,United States,California,San Diego
28314,South,United States,North Carolina,Fayetteville
28205,South,United States,North Carolina,Charlotte
77070,Central,United States,Texas,Houston
10011,East,United States,New York,New York City
85023,West,United States,Arizona,Phoenix
94110,West,United States,California,San Francisco
98105,West,United States,Washington,Seattle
60653,Central,United States,Illinois,Chicago
7501,East,United States,New Jersey,Paterson
6708,East,United States,Connecticut,Waterbury
80004,West,United States,Colorado,Arvada
22153,South,United States,Virginia,Springfield
92374,West,United States,California,Redlands
32216,South,United States,Florida,Jacksonville
10024,East,United States,New York,New York City
28027,South,United States,North Carolina,Concord
21215,East,United States,Maryland,Baltimore
77041,Central,United States,Texas,Houston
90032,West,United States,California,Los Angeles
76106,Central,United States,Texas,Fort Worth
45503,East,United States,Ohio,Springfield
50315,Central,United States,Iowa,Des Moines
92105,West,United States,California,San Diego
92553,West,United States,California,Moreno Valley
48066,Central,United States,Michigan,Roseville
19134,East,United States,Pennsylvania,Philadelphia
80134,West,United States,Colorado,Parker
94109,West,United States,California,San Francisco
6457,East,United States,Connecticut,Middletown
37130,South,United States,Tennessee,Murfreesboro
19134,East,United States,Pennsylvania,Philadelphia
2908,East,United States,Rhode Island,Providence
10024,East,United States,New York,New York City
94122,West,United States,California,San Francisco
19120,East,United States,Pennsylvania,Philadelphia
37918,South,United States,Tennessee,Knoxville
90049,West,United States,California,Los Angeles
37211,South,United States,Tennessee,Nashville
10035,East,United States,New York,New York City
90805,West,United States,California,Long Beach
53214,Central,United States,Wisconsin,West Allis
19120,East,United States,Pennsylvania,Philadelphia
37604,South,United States,Tennessee,Johnson City
10024,East,United States,New York,New York City
32216,South,United States,Florida,Jacksonville
19711,East,United States,Delaware,Newark
98103,West,United States,Washington,Seattle
61604,Central,United States,Illinois,Peoria
94109,West,United States,California,San Francisco
61604,Central,United States,Illinois,Peoria
92024,West,United States,California,Encinitas
55901,Central,United States,Minnesota,Rochester
30318,South,United States,Georgia,Atlanta
53711,Central,United States,Wisconsin,Madison
4240,East,United States,Maine,Lewiston
94109,West,United States,California,San Francisco
7501,East,United States,New Jersey,Paterson
43055,East,United States,Ohio,Newark
19134,East,United States,Pennsylvania,Philadelphia
61107,Central,United States,Illinois,Rockford
43402,East,United States,Ohio,Bowling Green
10011,East,United States,New York,New York City
92374,West,United States,California,Redlands
30318,South,United States,Georgia,Atlanta
98103,West,United States,Washington,Seattle
94122,West,United States,California,San Francisco
19120,East,United States,Pennsylvania,Philadelphia
90301,West,United States,California,Inglewood
93277,West,United States,California,Visalia
45011,East,United States,Ohio,Hamilton
1852,East,United States,Massachusetts,Lowell
10035,East,United States,New York,New York City
90045,West,United States,California,Los Angeles
90045,West,United States,California,Los Angeles
23223,South,United States,Virginia,Richmond
76117,Central,United States,Texas,Haltom City
10009,East,United States,New York,New York City
6450,East,United States,Connecticut,Meriden
60623,Central,United States,Illinois,Chicago
94110,West,United States,California,San Francisco
19134,East,United States,Pennsylvania,Philadelphia
43229,East,United States,Ohio,Columbus
19134,East,United States,Pennsylvania,Philadelphia
22204,South,United States,Virginia,Arlington
94109,West,United States,California,San Francisco
45231,East,United States,Ohio,Cincinnati
65807,Central,United States,Missouri,Springfield
98105,West,United States,Washington,Seattle
39401,South,United States,Mississippi,Hattiesburg
75220,Central,United States,Texas,Dallas
10024,East,United States,New York,New York City
10024,East,United States,New York,New York City
93101,West,United States,California,Santa Barbara
22980,South,United States,Virginia,Waynesboro
94526,West,United States,California,Danville
33180,South,United States,Florida,Miami
80027,West,United States,Colorado,Louisville
90004,West,United States,California,Los Angeles
11561,East,United States,New York,Long Beach
79907,Central,United States,Texas,El Paso
85254,West,United States,Arizona,Scottsdale
75104,Central,United States,Texas,Cedar Hill
45014,East,United States,Ohio,Fairfield
97477,West,United States,Oregon,Springfield
76106,Central,United States,Texas,Fort Worth
33024,South,United States,Florida,Pembroke Pines
60623,Central,United States,Illinois,Chicago
98103,West,United States,Washington,Seattle
94122,West,United States,California,San Francisco
14609,East,United States,New York,Rochester
19134,East,United States,Pennsylvania,Philadelphia
74403,Central,United States,Oklahoma,Muskogee
40475,South,United States,Kentucky,Richmond
10024,East,United States,New York,New York City
90004,West,United States,California,Los Angeles
94110,West,United States,California,San Francisco
32216,South,United States,Florida,Jacksonville
19013,East,United States,Pennsylvania,Chester
44134,East,United States,Ohio,Parma
97301,West,United States,Oregon,Salem
78745,Central,United States,Texas,Austin
75217,Central,United States,Texas,Dallas
94110,West,United States,California,San Francisco
1841,East,United States,Massachusetts,Lawrence
60610,Central,United States,Illinois,Chicago
60623,Central,United States,Illinois,Chicago
60610,Central,United States,Illinois,Chicago
33012,South,United States,Florida,Hialeah
94122,West,United States,California,San Francisco
55122,Central,United States,Minnesota,Eagan
92630,West,United States,California,Lake Forest
94513,West,United States,California,Brentwood
92024,West,United States,California,San Diego
10024,East,United States,New York,New York City
75081,Central,United States,Texas,Dallas
78745,Central,United States,Texas,Austin
78415,Central,United States,Texas,Corpus Christi
19134,East,United States,Pennsylvania,Philadelphia
89502,West,United States,Nevada,Reno
94110,West,United States,California,San Francisco
38109,South,United States,Tennessee,Memphis
98105,West,United States,Washington,Seattle
93727,West,United States,California,Fresno
90036,West,United States,California,Los Angeles
90301,West,United States,California,Inglewood
32174,South,United States,Florida,Ormond Beach
37620,South,United States,Tennessee,Bristol
97477,West,United States,Oregon,Springfield
94122,West,United States,California,San Francisco
88001,West,United States,New Mexico,Las Cruces
90004,West,United States,California,Los Angeles
94601,West,United States,California,Oakland
90032,West,United States,California,Los Angeles
60610,Central,United States,Illinois,Chicago
60623,Central,United States,Illinois,Chicago
75217,Central,United States,Texas,Dallas
98105,West,United States,Washington,Seattle
10011,East,United States,New York,New York City
90004,West,United States,California,Los Angeles
84084,West,United States,Utah,West Jordan
68104,Central,United States,Nebraska,Omaha
98105,West,United States,Washington,Seattle
90049,West,United States,California,Los Angeles
72401,South,United States,Arkansas,Jonesboro
98105,West,United States,Washington,Seattle
90008,West,United States,California,Los Angeles
60653,Central,United States,Illinois,Chicago
10011,East,United States,New York,New York City
60610,Central,United States,Illinois,Chicago
60653,Central,United States,Illinois,Chicago
90036,West,United States,California,Los Angeles
31907,South,United States,Georgia,Columbus
10035,East,United States,New York,New York City
94110,West,United States,California,San Francisco
32127,South,United States,Florida,Port Orange
60623,Central,United States,Illinois,Chicago
42420,South,United States,Kentucky,Henderson
10024,East,United States,New York,New York City
19711,East,United States,Delaware,Newark
19134,East,United States,Pennsylvania,Philadelphia
94122,West,United States,California,San Francisco
10011,East,United States,New York,New York City
60610,Central,United States,Illinois,Chicago
23464,South,United States,Virginia,Virginia Beach
90004,West,United States,California,Los Angeles
24153,South,United States,Virginia,Salem
34952,South,United States,Florida,Port Saint Lucie
90004,West,United States,California,Los Angeles
90049,West,United States,California,Los Angeles
90008,West,United States,California,Los Angeles
43130,East,United States,Ohio,Lancaster
90032,West,United States,California,Los Angeles
10550,East,United States,New York,Mount Vernon
10011,East,United States,New York,New York City
10009,East,United States,New York,New York City
90004,West,United States,California,Los Angeles
70506,South,United States,Louisiana,Lafayette
33317,South,United States,Florida,Plantation
10009,East,United States,New York,New York City
47201,Central,United States,Indiana,Columbus
72701,South,United States,Arkansas,Fayetteville
7501,East,United States,New Jersey,Paterson
94122,West,United States,California,San Francisco
10035,East,United States,New York,New York City
37167,South,United States,Tennessee,Smyrna
7109,East,United States,New Jersey,Belleville
10011,East,United States,New York,New York City
23434,South,United States,Virginia,Suffolk
37064,South,United States,Tennessee,Franklin
38109,South,United States,Tennessee,Memphis
90045,West,United States,California,Los Angeles
31907,South,United States,Georgia,Columbus
19143,East,United States,Pennsylvania,Philadelphia
10009,East,United States,New York,New York City
23602,South,United States,Virginia,Newport News
94110,West,United States,California,San Francisco
90032,West,United States,California,Los Angeles
77041,Central,United States,Texas,Houston
19140,East,United States,Pennsylvania,Philadelphia
44134,East,United States,Ohio,Parma
80538,West,United States,Colorado,Loveland
19120,East,United States,Pennsylvania,Philadelphia
30318,South,United States,Georgia,Atlanta
90049,West,United States,California,Los Angeles
90805,West,United States,California,Long Beach
19120,East,United States,Pennsylvania,Philadelphia
80013,West,United States,Colorado,Aurora
98103,West,United States,Washington,Seattle
94110,West,United States,California,San Francisco
10801,East,United States,New York,New Rochelle
6457,East,United States,Connecticut,Middletown
32712,South,United States,Florida,Apopka
30328,South,United States,Georgia,Sandy Springs
76051,Central,United States,Texas,Grapevine
43229,East,United States,Ohio,Columbus
10009,East,United States,New York,New York City
60623,Central,United States,Illinois,Chicago
86442,West,United States,Arizona,Bullhead City
79605,Central,United States,Texas,Abilene
43229,East,United States,Ohio,Columbus
72401,South,United States,Arkansas,Jonesboro
60653,Central,United States,Illinois,Chicago
40475,South,United States,Kentucky,Richmond
19134,East,United States,Pennsylvania,Philadelphia
19120,East,United States,Pennsylvania,Philadelphia
62301,Central,United States,Illinois,Quincy
75081,Central,United States,Texas,Dallas
20016,East,United States,District of Columbia,Washington
21044,East,United States,Maryland,Columbia
27604,South,United States,North Carolina,Raleigh
65203,Central,United States,Missouri,Columbia
19143,East,United States,Pennsylvania,Philadelphia
10024,East,United States,New York,New York City
67846,Central,United States,Kansas,Garden City
10035,East,United States,New York,New York City
28110,South,United States,North Carolina,Monroe
19143,East,United States,Pennsylvania,Philadelphia
10024,East,United States,New York,New York City
6360,East,United States,Connecticut,Norwich
80906,West,United States,Colorado,Colorado Springs
78041,Central,United States,Texas,Laredo
89115,West,United States,Nevada,Las Vegas
78501,Central,United States,Texas,Mcallen
98105,West,United States,Washington,Seattle
95928,West,United States,California,Chico
7501,East,United States,New Jersey,Paterson
46203,Central,United States,Indiana,Indianapolis
5408,East,United States,Vermont,Burlington
35630,South,United States,Alabama,Florence
90032,West,United States,California,Los Angeles
95123,West,United States,California,San Jose
92105,West,United States,California,San Diego
77506,Central,United States,Texas,Pasadena
90036,West,United States,California,Los Angeles
10024,East,United States,New York,New York City
19134,East,United States,Pennsylvania,Philadelphia
92105,West,United States,California,San Diego
90036,West,United States,California,Los Angeles
55901,Central,United States,Minnesota,Rochester
94110,West,United States,California,San Francisco
77506,Central,United States,Texas,Pasadena
90036,West,United States,California,Los Angeles
98115,West,United States,Washington,Seattle
19805,East,United States,Delaware,Wilmington
2920,East,United States,Rhode Island,Cranston
10035,East,United States,New York,New York City
60505,Central,United States,Illinois,Aurora
29203,South,United States,South Carolina,Columbia
94526,West,United States,California,Danville
85023,West,United States,Arizona,Phoenix
60653,Central,United States,Illinois,Chicago
40214,South,United States,Kentucky,Louisville
78539,Central,United States,Texas,Edinburg
60623,Central,United States,Illinois,Chicago
98105,West,United States,Washington,Seattle
90032,West,United States,California,Los Angeles
60653,Central,United States,Illinois,Chicago
52240,Central,United States,Iowa,Iowa City
91104,West,United States,California,Pasadena
44052,East,United States,Ohio,Lorain
97301,West,United States,Oregon,Salem
10035,East,United States,New York,New York City
77070,Central,United States,Texas,Houston
95661,West,United States,California,Roseville
98115,West,United States,Washington,Seattle
90032,West,United States,California,Los Angeles
90004,West,United States,California,Los Angeles
28052,South,United States,North Carolina,Gastonia
32216,South,United States,Florida,Jacksonville
37130,South,United States,Tennessee,Murfreesboro
92105,West,United States,California,San Diego
30080,South,United States,Georgia,Smyrna
94110,West,United States,California,San Francisco
38109,South,United States,Tennessee,Memphis
60623,Central,United States,Illinois,Chicago
90008,West,United States,California,Los Angeles
62521,Central,United States,Illinois,Decatur
75220,Central,United States,Texas,Dallas
46226,Central,United States,Indiana,Lawrence
76706,Central,United States,Texas,Waco
59102,West,United States,Montana,Billings
6450,East,United States,Connecticut,Meriden
94109,West,United States,California,San Francisco
19140,East,United States,Pennsylvania,Philadelphia
80538,West,United States,Colorado,Loveland
85281,West,United States,Arizona,Tempe
10035,East,United States,New York,New York City
10024,East,United States,New York,New York City
19805,East,United States,Delaware,Wilmington
10035,East,United States,New York,New York City
74133,Central,United States,Oklahoma,Tulsa
22204,South,United States,Virginia,Arlington
10024,East,United States,New York,New York City
90045,West,United States,California,Los Angeles
98103,West,United States,Washington,Seattle
85281,West,United States,Arizona,Tempe
27511,South,United States,North Carolina,Cary
45373,East,United States,Ohio,Troy
23602,South,United States,Virginia,Newport News
27360,South,United States,North Carolina,Thomasville
57701,Central,United States,South Dakota,Rapid City
10009,East,United States,New York,New York City
90045,West,United States,California,Los Angeles
19711,East,United States,Delaware,Newark
94122,West,United States,California,San Francisco
1841,East,United States,Massachusetts,Lawrence
77095,Central,United States,Texas,Houston
92503,West,United States,California,Riverside
80525,West,United States,Colorado,Fort Collins
27707,South,United States,North Carolina,Durham
33614,South,United States,Florida,Tampa
43229,East,United States,Ohio,Columbus
45040,East,United States,Ohio,Mason
94122,West,United States,California,San Francisco
6824,East,United States,Connecticut,Fairfield
94110,West,United States,California,San Francisco
33317,South,United States,Florida,Plantation
77070,Central,United States,Texas,Houston
94109,West,United States,California,San Francisco
90004,West,United States,California,Los Angeles
42420,South,United States,Kentucky,Henderson
90045,West,United States,California,Los Angeles
37064,South,United States,Tennessee,Franklin
60623,Central,United States,Illinois,Chicago
60505,Central,United States,Illinois,Aurora
55407,Central,United States,Minnesota,Minneapolis
90008,West,United States,California,Los Angeles
94601,West,United States,California,Oakland
32303,South,United States,Florida,Tallahassee
90805,West,United States,California,Long Beach
60653,Central,United States,Illinois,Chicago
19143,East,United States,Pennsylvania,Philadelphia
6360,East,United States,Connecticut,Norwich
47374,Central,United States,Indiana,Richmond
10009,East,United States,New York,New York City
47374,Central,United States,Indiana,Richmond
94122,West,United States,California,San Francisco
1453,East,United States,Massachusetts,Leominster
95051,West,United States,California,Santa Clara
19143,East,United States,Pennsylvania,Philadelphia
92646,West,United States,California,Huntington Beach
19143,East,United States,Pennsylvania,Philadelphia
44060,East,United States,Ohio,Mentor
85705,West,United States,Arizona,Tucson
73120,Central,United States,Oklahoma,Oklahoma City
75081,Central,United States,Texas,Dallas
48234,Central,United States,Michigan,Detroit
63301,Central,United States,Missouri,Saint Charles
60653,Central,United States,Illinois,Chicago
90049,West,United States,California,Los Angeles
19140,East,United States,Pennsylvania,Philadelphia
90045,West,United States,California,Los Angeles
90004,West,United States,California,Los Angeles
33710,South,United States,Florida,Saint Petersburg
60610,Central,United States,Illinois,Chicago
90032,West,United States,California,Los Angeles
77095,Central,United States,Texas,Houston
98103,West,United States,Washington,Seattle
70506,South,United States,Louisiana,Lafayette
10024,East,United States,New York,New York City
60076,Central,United States,Illinois,Skokie
48640,Central,United States,Michigan,Midland
37211,South,United States,Tennessee,Nashville
45503,East,United States,Ohio,Springfield
27834,South,United States,North Carolina,Greenville
13501,East,United States,New York,Utica
94109,West,United States,California,San Francisco
33021,South,United States,Florida,Hollywood
10035,East,United States,New York,New York City
14609,East,United States,New York,Rochester
92105,West,United States,California,San Diego
48234,Central,United States,Michigan,Detroit
63301,Central,United States,Missouri,Saint Charles
10024,East,United States,New York,New York City
90032,West,United States,California,Los Angeles
75217,Central,United States,Texas,Dallas
60653,Central,United States,Illinois,Chicago
43229,East,United States,Ohio,Columbus
79424,Central,United States,Texas,Lubbock
65807,Central,United States,Missouri,Springfield
42420,South,United States,Kentucky,Henderson
20735,East,United States,Maryland,Clinton
95661,West,United States,California,Roseville
30076,South,United States,Georgia,Roswell
19134,East,United States,Pennsylvania,Philadelphia
28403,South,United States,North Carolina,Wilmington
20735,East,United States,Maryland,Clinton
92704,West,United States,California,Santa Ana
47905,Central,United States,Indiana,Lafayette
10009,East,United States,New York,New York City
78041,Central,United States,Texas,Laredo
43055,East,United States,Ohio,Newark
33319,South,United States,Florida,Tamarac
93727,West,United States,California,Fresno
43229,East,United States,Ohio,Columbus
98661,West,United States,Washington,Vancouver
85023,West,United States,Arizona,Phoenix
43302,East,United States,Ohio,Marion
19140,East,United States,Pennsylvania,Philadelphia
19601,East,United States,Pennsylvania,Reading
14609,East,United States,New York,Rochester
85281,West,United States,Arizona,Tempe
8861,East,United States,New Jersey,Perth Amboy
98103,West,United States,Washington,Seattle
63116,Central,United States,Missouri,Saint Louis
90032,West,United States,California,Los Angeles
90045,West,United States,California,Los Angeles
21215,East,United States,Maryland,Baltimore
32303,South,United States,Florida,Tallahassee
19805,East,United States,Delaware,Wilmington
46226,Central,United States,Indiana,Lawrence
94110,West,United States,California,San Francisco
71111,South,United States,Louisiana,Bossier City
31907,South,United States,Georgia,Columbus
10009,East,United States,New York,New York City
43229,East,United States,Ohio,Columbus
10035,East,United States,New York,New York City
60653,Central,United States,Illinois,Chicago
10011,East,United States,New York,New York City
39212,South,United States,Mississippi,Jackson
93030,West,United States,California,Oxnard
37211,South,United States,Tennessee,Nashville
90049,West,United States,California,Los Angeles
72209,South,United States,Arkansas,Little Rock
94109,West,United States,California,San Francisco
94110,West,United States,California,San Francisco
19143,East,United States,Pennsylvania,Philadelphia
98105,West,United States,Washington,Seattle
77506,Central,United States,Texas,Pasadena
90045,West,United States,California,Los Angeles
94122,West,United States,California,San Francisco
90004,West,United States,California,Los Angeles
98105,West,United States,Washington,Seattle
92503,West,United States,California,Riverside
33180,South,United States,Florida,Miami
76106,Central,United States,Texas,Fort Worth
27604,South,United States,North Carolina,Raleigh
21215,East,United States,Maryland,Baltimore
97301,West,United States,Oregon,Salem
28205,South,United States,North Carolina,Charlotte
90049,West,United States,California,Los Angeles
22153,South,United States,Virginia,Springfield
42420,South,United States,Kentucky,Henderson
90004,West,United States,California,Los Angeles
98103,West,United States,Washington,Seattle
60623,Central,United States,Illinois,Chicago
10009,East,United States,New York,New York City
10011,East,United States,New York,New York City
94122,West,United States,California,San Francisco
55124,Central,United States,Minnesota,Apple Valley
1841,East,United States,Massachusetts,Lawrence
48234,Central,United States,Michigan,Detroit
19711,East,United States,Delaware,Newark
92105,West,United States,California,San Diego
2740,East,United States,Massachusetts,New Bedford
19120,East,United States,Pennsylvania,Philadelphia
94109,West,United States,California,San Francisco
78207,Central,United States,Texas,San Antonio
30318,South,United States,Georgia,Atlanta
39212,South,United States,Mississippi,Jackson
94109,West,United States,California,San Francisco
75007,Central,United States,Texas,Carrollton
19140,East,United States,Pennsylvania,Philadelphia
36608,South,United States,Alabama,Mobile
11561,East,United States,New York,Long Beach
90049,West,United States,California,Los Angeles
46514,Central,United States,Indiana,Elkhart
60505,Central,United States,Illinois,Aurora
19013,East,United States,Pennsylvania,Chester
19143,East,United States,Pennsylvania,Philadelphia
77041,Central,United States,Texas,Houston
60653,Central,United States,Illinois,Chicago
98105,West,United States,Washington,Seattle
13021,East,United States,New York,Auburn
45011,East,United States,Ohio,Hamilton
60610,Central,United States,Illinois,Chicago
87505,West,United States,New Mexico,Santa Fe
90049,West,United States,California,Los Angeles
60610,Central,United States,Illinois,Chicago
90049,West,United States,California,Los Angeles
94109,West,United States,California,San Francisco
83501,West,United States,Idaho,Lewiston
19134,East,United States,Pennsylvania,Philadelphia
55901,Central,United States,Minnesota,Rochester
19120,East,United States,Pennsylvania,Philadelphia
80027,West,United States,Colorado,Louisville
75217,Central,United States,Texas,Dallas
98103,West,United States,Washington,Seattle
94109,West,United States,California,San Francisco
19120,East,United States,Pennsylvania,Philadelphia
90049,West,United States,California,Los Angeles
98115,West,United States,Washington,Seattle
94109,West,United States,California,San Francisco
80219,West,United States,Colorado,Denver
10011,East,United States,New York,New York City
10035,East,United States,New York,New York City
76021,Central,United States,Texas,Bedford
92691,West,United States,California,Mission Viejo
94109,West,United States,California,San Francisco
73120,Central,United States,Oklahoma,Oklahoma City
48640,Central,United States,Michigan,Midland
76106,Central,United States,Texas,Fort Worth
33142,South,United States,Florida,Miami
94110,West,United States,California,San Francisco
80027,West,United States,Colorado,Louisville
91104,West,United States,California,Pasadena
10009,East,United States,New York,New York City
38401,South,United States,Tennessee,Columbia
60126,Central,United States,Illinois,Elmhurst
77041,Central,United States,Texas,Houston
98052,West,United States,Washington,Redmond
75023,Central,United States,Texas,Plano
76706,Central,United States,Texas,Waco
92404,West,United States,California,San Bernardino
2169,East,United States,Massachusetts,Quincy
39212,South,United States,Mississippi,Jackson
92037,West,United States,California,San Diego
97477,West,United States,Oregon,Springfield
43055,East,United States,Ohio,Newark
97206,West,United States,Oregon,Portland
19143,East,United States,Pennsylvania,Philadelphia
94122,West,United States,California,San Francisco
98270,West,United States,Washington,Marysville
94110,West,United States,California,San Francisco
43123,East,United States,Ohio,Grove City
93905,West,United States,California,Salinas
10011,East,United States,New York,New York City
90008,West,United States,California,Los Angeles
43017,East,United States,Ohio,Dublin
7501,East,United States,New Jersey,Paterson
11561,East,United States,New York,Long Beach
33065,South,United States,Florida,Coral Springs
55407,Central,United States,Minnesota,Minneapolis
33024,South,United States,Florida,Pembroke Pines
19140,East,United States,Pennsylvania,Philadelphia
11572,East,United States,New York,Oceanside
48227,Central,United States,Michigan,Detroit
5408,East,United States,Vermont,Burlington
19134,East,United States,Pennsylvania,Philadelphia
33614,South,United States,Florida,Tampa
8701,East,United States,New Jersey,Lakewood
22204,South,United States,Virginia,Arlington
74012,Central,United States,Oklahoma,Broken Arrow
37421,South,United States,Tennessee,Chattanooga
92037,West,United States,California,San Diego
10035,East,United States,New York,New York City
33180,South,United States,Florida,Miami
90049,West,United States,California,Los Angeles
88101,West,United States,New Mexico,Clovis
54401,Central,United States,Wisconsin,Wausau
12180,East,United States,New York,Troy
42420,South,United States,Kentucky,Henderson
59405,West,United States,Montana,Great Falls
90036,West,United States,California,Los Angeles
85234,West,United States,Arizona,Gilbert
85023,West,United States,Arizona,Phoenix
92054,West,United States,California,Oceanside
80229,West,United States,Colorado,Thornton
10035,East,United States,New York,New York City
1852,East,United States,Massachusetts,Lowell
43615,East,United States,Ohio,Toledo
92503,West,United States,California,Riverside
77095,Central,United States,Texas,Houston
33180,South,United States,Florida,Miami
60653,Central,United States,Illinois,Chicago
98115,West,United States,Washington,Seattle
22304,South,United States,Virginia,Alexandria
70506,South,United States,Louisiana,Lafayette
94533,West,United States,California,Fairfield
10035,East,United States,New York,New York City
22153,South,United States,Virginia,Springfield
92677,West,United States,California,Laguna Niguel
10011,East,United States,New York,New York City
39212,South,United States,Mississippi,Jackson
94122,West,United States,California,San Francisco
77070,Central,United States,Texas,Houston
43130,East,United States,Ohio,Lancaster
75081,Central,United States,Texas,Dallas
90045,West,United States,California,Los Angeles
22153,South,United States,Virginia,Springfield
19711,East,United States,Delaware,Newark
85224,West,United States,Arizona,Chandler
40214,South,United States,Kentucky,Louisville
77070,Central,United States,Texas,Houston
8701,East,United States,New Jersey,Lakewood
93309,West,United States,California,Bakersfield
37130,South,United States,Tennessee,Murfreesboro
30318,South,United States,Georgia,Atlanta
20735,East,United States,Maryland,Clinton
90045,West,United States,California,Los Angeles
46203,Central,United States,Indiana,Indianapolis
90045,West,United States,California,Los Angeles
33445,South,United States,Florida,Delray Beach
77036,Central,United States,Texas,Houston
60610,Central,United States,Illinois,Chicago
92037,West,United States,California,San Diego
43229,East,United States,Ohio,Columbus
36116,South,United States,Alabama,Montgomery
55407,Central,United States,Minnesota,Minneapolis
2886,East,United States,Rhode Island,Warwick
14609,East,United States,New York,Rochester
71203,South,United States,Louisiana,Monroe
90032,West,United States,California,Los Angeles
92503,West,United States,California,Riverside
10011,East,United States,New York,New York City
48234,Central,United States,Michigan,Detroit
31907,South,United States,Georgia,Columbus
10035,East,United States,New York,New York City
73120,Central,United States,Oklahoma,Oklahoma City
74133,Central,United States,Oklahoma,Tulsa
98115,West,United States,Washington,Seattle
90008,West,United States,California,Los Angeles
90805,West,United States,California,Long Beach
92307,West,United States,California,Apple Valley
90049,West,United States,California,Los Angeles
29203,South,United States,South Carolina,Columbia
95207,West,United States,California,Stockton
10035,East,United States,New York,New York City
94110,West,United States,California,San Francisco
93309,West,United States,California,Bakersfield
48073,Central,United States,Michigan,Royal Oak
72209,South,United States,Arkansas,Little Rock
98105,West,United States,Washington,Seattle
94109,West,United States,California,San Francisco
98006,West,United States,Washington,Bellevue
90004,West,United States,California,Los Angeles
94110,West,United States,California,San Francisco
30080,South,United States,Georgia,Smyrna
92105,West,United States,California,San Diego
2908,East,United States,Rhode Island,Providence
23434,South,United States,Virginia,Suffolk
14609,East,United States,New York,Rochester
98115,West,United States,Washington,Seattle
91104,West,United States,California,Pasadena
90049,West,United States,California,Los Angeles
84057,West,United States,Utah,Orem
71603,South,United States,Arkansas,Pine Bluff
92054,West,United States,California,Oceanside
10024,East,United States,New York,New York City
92503,West,United States,California,Riverside
52302,Central,United States,Iowa,Marion
97301,West,United States,Oregon,Salem
27511,South,United States,North Carolina,Cary
77041,Central,United States,Texas,Houston
76106,Central,United States,Texas,Fort Worth
44105,East,United States,Ohio,Cleveland
19140,East,United States,Pennsylvania,Philadelphia
77095,Central,United States,Texas,Houston
75007,Central,United States,Texas,Carrollton
33311,South,United States,Florida,Fort Lauderdale
37211,South,United States,Tennessee,Nashville
45503,East,United States,Ohio,Springfield
60440,Central,United States,Illinois,Bolingbrook
75217,Central,United States,Texas,Dallas
43229,East,United States,Ohio,Columbus
78745,Central,United States,Texas,Austin
97301,West,United States,Oregon,Salem
33180,South,United States,Florida,Miami
77520,Central,United States,Texas,Baytown
60505,Central,United States,Illinois,Aurora
77642,Central,United States,Texas,Port Arthur
77041,Central,United States,Texas,Houston
79907,Central,United States,Texas,El Paso
32216,South,United States,Florida,Jacksonville
19120,East,United States,Pennsylvania,Philadelphia
78207,Central,United States,Texas,San Antonio
33437,South,United States,Florida,Boynton Beach
75023,Central,United States,Texas,Plano
19134,East,United States,Pennsylvania,Philadelphia
78666,Central,United States,Texas,San Marcos
62521,Central,United States,Illinois,Decatur
28314,South,United States,North Carolina,Fayetteville
19140,East,United States,Pennsylvania,Philadelphia
10009,East,United States,New York,New York City
85234,West,United States,Arizona,Gilbert
19120,East,United States,Pennsylvania,Philadelphia
90036,West,United States,California,Los Angeles
98103,West,United States,Washington,Seattle
27893,South,United States,North Carolina,Wilson
10009,East,United States,New York,New York City
72209,South,United States,Arkansas,Little Rock
94109,West,United States,California,San Francisco
27405,South,United States,North Carolina,Greensboro
14609,East,United States,New York,Rochester
10009,East,United States,New York,New York City
90032,West,United States,California,Los Angeles
20016,East,United States,District of Columbia,Washington
2169,East,United States,Massachusetts,Quincy
10011,East,United States,New York,New York City
19901,East,United States,Delaware,Dover
90045,West,United States,California,Los Angeles
35630,South,United States,Alabama,Florence
90036,West,United States,California,Los Angeles
60610,Central,United States,Illinois,Chicago
90008,West,United States,California,Los Angeles
98115,West,United States,Washington,Seattle
48911,Central,United States,Michigan,Lansing
21215,East,United States,Maryland,Baltimore
11572,East,United States,New York,Oceanside
40214,South,United States,Kentucky,Louisville
77095,Central,United States,Texas,Houston
7060,East,United States,New Jersey,Plainfield
98115,West,United States,Washington,Seattle
46060,Central,United States,Indiana,Noblesville
33801,South,United States,Florida,Lakeland
75007,Central,United States,Texas,Carrollton
19134,East,United States,Pennsylvania,Philadelphia
98115,West,United States,Washington,Seattle
19140,East,United States,Pennsylvania,Philadelphia
98105,West,United States,Washington,Seattle
76017,Central,United States,Texas,Arlington
10701,East,United States,New York,Yonkers
90045,West,United States,California,Los Angeles
10035,East,United States,New York,New York City
94110,West,United States,California,San Francisco
90004,West,United States,California,Los Angeles
22153,South,United States,Virginia,Springfield
90036,West,United States,California,Los Angeles
6484,East,United States,Connecticut,Shelton
10009,East,United States,New York,New York City
90032,West,United States,California,Los Angeles
44105,East,United States,Ohio,Cleveland
28314,South,United States,North Carolina,Fayetteville
78521,Central,United States,Texas,Brownsville
77070,Central,United States,Texas,Houston
60623,Central,United States,Illinois,Chicago
32839,South,United States,Florida,Orlando
19711,East,United States,Delaware,Newark
48180,Central,United States,Michigan,Taylor
13021,East,United States,New York,Auburn
19140,East,United States,Pennsylvania,Philadelphia
28806,South,United States,North Carolina,Asheville
90049,West,United States,California,Los Angeles
6708,East,United States,Connecticut,Waterbury
60623,Central,United States,Illinois,Chicago
94109,West,United States,California,San Francisco
19901,East,United States,Delaware,Dover
78501,Central,United States,Texas,Mcallen
94110,West,United States,California,San Francisco
75019,Central,United States,Texas,Coppell
32216,South,United States,Florida,Jacksonville
60610,Central,United States,Illinois,Chicago
77095,Central,United States,Texas,Houston
19143,East,United States,Pennsylvania,Philadelphia
92646,West,United States,California,Huntington Beach
11520,East,United States,New York,Freeport
6824,East,United States,Connecticut,Fairfield
75043,Central,United States,Texas,Garland
94122,West,United States,California,San Francisco
94122,West,United States,California,San Francisco
48640,Central,United States,Michigan,Midland
28540,South,United States,North Carolina,Jacksonville
77095,Central,United States,Texas,Houston
37604,South,United States,Tennessee,Johnson City
62521,Central,United States,Illinois,Decatur
77070,Central,United States,Texas,Houston
19134,East,United States,Pennsylvania,Philadelphia
75081,Central,United States,Texas,Dallas
36830,South,United States,Alabama,Auburn
10009,East,United States,New York,New York City
32839,South,United States,Florida,Orlando
77041,Central,United States,Texas,Houston
10024,East,United States,New York,New York City
10024,East,United States,New York,New York City
44221,East,United States,Ohio,Cuyahoga Falls
33012,South,United States,Florida,Hialeah
65807,Central,United States,Missouri,Springfield
94122,West,United States,California,San Francisco
43229,East,United States,Ohio,Columbus
10009,East,United States,New York,New York City
92024,West,United States,California,San Diego
19711,East,United States,Delaware,Newark
95823,West,United States,California,Sacramento
90049,West,United States,California,Los Angeles
10009,East,United States,New York,New York City
98103,West,United States,Washington,Seattle
78207,Central,United States,Texas,San Antonio
6040,East,United States,Connecticut,Manchester
94122,West,United States,California,San Francisco
94122,West,United States,California,San Francisco
78745,Central,United States,Texas,Austin
90045,West,United States,California,Los Angeles
28540,South,United States,North Carolina,Jacksonville
85301,West,United States,Arizona,Glendale
19134,East,United States,Pennsylvania,Philadelphia
19143,East,United States,Pennsylvania,Philadelphia
60623,Central,United States,Illinois,Chicago
85281,West,United States,Arizona,Tempe
7960,East,United States,New Jersey,Morristown
11561,East,United States,New York,Long Beach
60623,Central,United States,Illinois,Chicago
10011,East,United States,New York,New York City
10035,East,United States,New York,New York City
84604,West,United States,Utah,Provo
10024,East,United States,New York,New York City
19134,East,United States,Pennsylvania,Philadelphia
77041,Central,United States,Texas,Houston
60540,Central,United States,Illinois,Naperville
90045,West,United States,California,Los Angeles
98115,West,United States,Washington,Seattle
30188,South,United States,Georgia,Woodstock
10011,East,United States,New York,New York City
28403,South,United States,North Carolina,Wilmington
10035,East,United States,New York,New York City
93534,West,United States,California,Lancaster
90008,West,United States,California,Los Angeles
77070,Central,United States,Texas,Houston
66212,Central,United States,Kansas,Overland Park
43229,East,United States,Ohio,Columbus
19120,East,United States,Pennsylvania,Philadelphia
7601,East,United States,New Jersey,Hackensack
84604,West,United States,Utah,Provo
49201,Central,United States,Michigan,Jackson
60035,Central,United States,Illinois,Highland Park
10009,East,United States,New York,New York City
68104,Central,United States,Nebraska,Omaha
90004,West,United States,California,Los Angeles
60610,Central,United States,Illinois,Chicago
60653,Central,United States,Illinois,Chicago
7002,East,United States,New Jersey,Bayonne
37075,South,United States,Tennessee,Hendersonville
43017,East,United States,Ohio,Dublin
10009,East,United States,New York,New York City
77340,Central,United States,Texas,Huntsville
60188,Central,United States,Illinois,Carol Stream
78041,Central,United States,Texas,Laredo
77041,Central,United States,Texas,Houston
88220,West,United States,New Mexico,Carlsbad
78415,Central,United States,Texas,Corpus Christi
90049,West,United States,California,Los Angeles
44312,East,United States,Ohio,Akron
40475,South,United States,Kentucky,Richmond
10035,East,United States,New York,New York City
48227,Central,United States,Michigan,Detroit
60505,Central,United States,Illinois,Aurora
98115,West,United States,Washington,Seattle
77095,Central,United States,Texas,Houston
85224,West,United States,Arizona,Chandler
84057,West,United States,Utah,Orem
19805,East,United States,Delaware,Wilmington
62301,Central,United States,Illinois,Quincy
77070,Central,United States,Texas,Houston
23223,South,United States,Virginia,Richmond
60653,Central,United States,Illinois,Chicago
30605,South,United States,Georgia,Athens
32216,South,United States,Florida,Jacksonville
93010,West,United States,California,Camarillo
92037,West,United States,California,San Diego
60540,Central,United States,Illinois,Naperville
84604,West,United States,Utah,Provo
28205,South,United States,North Carolina,Charlotte
47374,Central,United States,Indiana,Richmond
40324,South,United States,Kentucky,Georgetown
90045,West,United States,California,Los Angeles
10035,East,United States,New York,New York City
10024,East,United States,New York,New York City
75081,Central,United States,Texas,Dallas
30605,South,United States,Georgia,Athens
94109,West,United States,California,San Francisco
10009,East,United States,New York,New York City
88220,West,United States,New Mexico,Carlsbad
92374,West,United States,California,Redlands
12180,East,United States,New York,Troy
19140,East,United States,Pennsylvania,Philadelphia
75023,Central,United States,Texas,Plano
39212,South,United States,Mississippi,Jackson
47201,Central,United States,Indiana,Columbus
85345,West,United States,Arizona,Peoria
78745,Central,United States,Texas,Austin
97123,West,United States,Oregon,Hillsboro
97206,West,United States,Oregon,Portland
44312,East,United States,Ohio,Akron
6824,East,United States,Connecticut,Fairfield
60653,Central,United States,Illinois,Chicago
60653,Central,United States,Illinois,Chicago
94122,West,United States,California,San Francisco
19143,East,United States,Pennsylvania,Philadelphia
60653,Central,United States,Illinois,Chicago
94591,West,United States,California,Vallejo
10035,East,United States,New York,New York City
10011,East,United States,New York,New York City
94110,West,United States,California,San Francisco
29203,South,United States,South Carolina,Columbia
93905,West,United States,California,Salinas
77095,Central,United States,Texas,Houston
90008,West,United States,California,Los Angeles
94601,West,United States,California,Oakland
68104,Central,United States,Nebraska,Omaha
7109,East,United States,New Jersey,Belleville
10024,East,United States,New York,New York City
60623,Central,United States,Illinois,Chicago
85204,West,United States,Arizona,Mesa
77036,Central,United States,Texas,Houston
90278,West,United States,California,Redondo Beach
29203,South,United States,South Carolina,Columbia
90008,West,United States,California,Los Angeles
90036,West,United States,California,Los Angeles
73034,Central,United States,Oklahoma,Edmond
39212,South,United States,Mississippi,Jackson
90036,West,United States,California,Los Angeles
92404,West,United States,California,San Bernardino
59715,West,United States,Montana,Bozeman
57103,Central,United States,South Dakota,Sioux Falls
77642,Central,United States,Texas,Port Arthur
6708,East,United States,Connecticut,Waterbury
98103,West,United States,Washington,Seattle
33142,South,United States,Florida,Miami
90008,West,United States,California,Los Angeles
80525,West,United States,Colorado,Fort Collins
30328,South,United States,Georgia,Sandy Springs
94109,West,United States,California,San Francisco
24153,South,United States,Virginia,Salem
94109,West,United States,California,San Francisco
92105,West,United States,California,San Diego
92683,West,United States,California,Westminster
22153,South,United States,Virginia,Springfield
97301,West,United States,Oregon,Salem
44312,East,United States,Ohio,Akron
55044,Central,United States,Minnesota,Lakeville
30076,South,United States,Georgia,Roswell
90045,West,United States,California,Los Angeles
95336,West,United States,California,Manteca
48640,Central,United States,Michigan,Midland
55407,Central,United States,Minnesota,Minneapolis
60076,Central,United States,Illinois,Skokie
75081,Central,United States,Texas,Dallas
28540,South,United States,North Carolina,Jacksonville
61701,Central,United States,Illinois,Bloomington
94513,West,United States,California,Brentwood
23320,South,United States,Virginia,Chesapeake
90045,West,United States,California,Los Angeles
37064,South,United States,Tennessee,Franklin
98115,West,United States,Washington,Seattle
1453,East,United States,Massachusetts,Leominster
16602,East,United States,Pennsylvania,Altoona
95823,West,United States,California,Sacramento
10035,East,United States,New York,New York City
60653,Central,United States,Illinois,Chicago
60016,Central,United States,Illinois,Des Plaines
10035,East,United States,New York,New York City
2148,East,United States,Massachusetts,Malden
33801,South,United States,Florida,Lakeland
90004,West,United States,California,Los Angeles
60035,Central,United States,Illinois,Highland Park
90032,West,United States,California,Los Angeles
10009,East,United States,New York,New York City
10009,East,United States,New York,New York City
1810,East,United States,Massachusetts,Andover
49201,Central,United States,Michigan,Jackson
3060,East,United States,New Hampshire,Nashua
85345,West,United States,Arizona,Peoria
98103,West,United States,Washington,Seattle
97301,West,United States,Oregon,Salem
92037,West,United States,California,San Diego
10011,East,United States,New York,New York City
10035,East,United States,New York,New York City
2169,East,United States,Massachusetts,Quincy
10035,East,United States,New York,New York City
74133,Central,United States,Oklahoma,Tulsa
48234,Central,United States,Michigan,Detroit
10009,East,United States,New York,New York City
40475,South,United States,Kentucky,Richmond
10011,East,United States,New York,New York City
2908,East,United States,Rhode Island,Providence
93727,West,United States,California,Fresno
33021,South,United States,Florida,Hollywood
43130,East,United States,Ohio,Lancaster
28314,South,United States,North Carolina,Fayetteville
85023,West,United States,Arizona,Phoenix
60623,Central,United States,Illinois,Chicago
90004,West,United States,California,Los Angeles
85254,West,United States,Arizona,Scottsdale
48227,Central,United States,Michigan,Detroit
77041,Central,United States,Texas,Houston
77070,Central,United States,Texas,Houston
90045,West,United States,California,Los Angeles
10035,East,United States,New York,New York City
21215,East,United States,Maryland,Baltimore
90008,West,United States,California,Los Angeles
22304,South,United States,Virginia,Alexandria
98105,West,United States,Washington,Seattle
90049,West,United States,California,Los Angeles
23223,South,United States,Virginia,Richmond
11572,East,United States,New York,Oceanside
98105,West,United States,Washington,Seattle
68801,Central,United States,Nebraska,Grand Island
49201,Central,United States,Michigan,Jackson
28806,South,United States,North Carolina,Asheville
97123,West,United States,Oregon,Hillsboro
27217,South,United States,North Carolina,Burlington
23464,South,United States,Virginia,Virginia Beach
70506,South,United States,Louisiana,Lafayette
92553,West,United States,California,Moreno Valley
90049,West,United States,California,Los Angeles
94601,West,United States,California,Oakland
38301,South,United States,Tennessee,Jackson
43229,East,United States,Ohio,Columbus
19134,East,United States,Pennsylvania,Philadelphia
33024,South,United States,Florida,Pembroke Pines
84062,West,United States,Utah,Pleasant Grove
60653,Central,United States,Illinois,Chicago
23223,South,United States,Virginia,Richmond
95928,West,United States,California,Chico
29730,South,United States,South Carolina,Rock Hill
90036,West,United States,California,Los Angeles
95661,West,United States,California,Roseville
98115,West,United States,Washington,Seattle
90036,West,United States,California,Los Angeles
77095,Central,United States,Texas,Houston
6450,East,United States,Connecticut,Meriden
10024,East,United States,New York,New York City
33437,South,United States,Florida,Boynton Beach
55122,Central,United States,Minnesota,Eagan
19711,East,United States,Delaware,Newark
89031,West,United States,Nevada,North Las Vegas
10011,East,United States,New York,New York City
60610,Central,United States,Illinois,Chicago
65203,Central,United States,Missouri,Columbia
35601,South,United States,Alabama,Decatur
95928,West,United States,California,Chico
19140,East,United States,Pennsylvania,Philadelphia
10009,East,United States,New York,New York City
37918,South,United States,Tennessee,Knoxville
30328,South,United States,Georgia,Sandy Springs
10009,East,United States,New York,New York City
98103,West,United States,Washington,Seattle
10024,East,United States,New York,New York City
90004,West,United States,California,Los Angeles
21215,East,United States,Maryland,Baltimore
37918,South,United States,Tennessee,Knoxville
10035,East,United States,New York,New York City
11572,East,United States,New York,Oceanside
19134,East,United States,Pennsylvania,Philadelphia
72209,South,United States,Arkansas,Little Rock
85281,West,United States,Arizona,Tempe
78041,Central,United States,Texas,Laredo
48310,Central,United States,Michigan,Sterling Heights
28540,South,United States,North Carolina,Jacksonville
43615,East,United States,Ohio,Toledo
10035,East,United States,New York,New York City
84057,West,United States,Utah,Orem
30328,South,United States,Georgia,Sandy Springs
85224,West,United States,Arizona,Chandler
6450,East,United States,Connecticut,Meriden
8360,East,United States,New Jersey,Vineland
19120,East,United States,Pennsylvania,Philadelphia
13501,East,United States,New York,Utica
1841,East,United States,Massachusetts,Lawrence
90045,West,United States,California,Los Angeles
11572,East,United States,New York,Oceanside
75081,Central,United States,Texas,Dallas
94109,West,United States,California,San Francisco
10035,East,United States,New York,New York City
77070,Central,United States,Texas,Houston
19140,East,United States,Pennsylvania,Philadelphia
78501,Central,United States,Texas,Mcallen
6824,East,United States,Connecticut,Fairfield
2038,East,United States,Massachusetts,Franklin
31907,South,United States,Georgia,Columbus
78041,Central,United States,Texas,Laredo
98105,West,United States,Washington,Seattle
98026,West,United States,Washington,Edmonds
94122,West,United States,California,San Francisco
10024,East,United States,New York,New York City
10011,East,United States,New York,New York City
18103,East,United States,Pennsylvania,Allentown
80013,West,United States,Colorado,Aurora
80634,West,United States,Colorado,Greeley
94601,West,United States,California,Oakland
85705,West,United States,Arizona,Tucson
39212,South,United States,Mississippi,Jackson
19134,East,United States,Pennsylvania,Philadelphia
19013,East,United States,Pennsylvania,Chester
80013,West,United States,Colorado,Aurora
22304,South,United States,Virginia,Alexandria
98105,West,United States,Washington,Seattle
76017,Central,United States,Texas,Arlington
77581,Central,United States,Texas,Pearland
10011,East,United States,New York,New York City
19711,East,United States,Delaware,Newark
90004,West,United States,California,Los Angeles
75081,Central,United States,Texas,Dallas
52001,Central,United States,Iowa,Dubuque
28601,South,United States,North Carolina,Hickory
33317,South,United States,Florida,Plantation
32771,South,United States,Florida,Sanford
84062,West,United States,Utah,Pleasant Grove
14609,East,United States,New York,Rochester
33801,South,United States,Florida,Lakeland
62301,Central,United States,Illinois,Quincy
10011,East,United States,New York,New York City
10024,East,United States,New York,New York City
43615,East,United States,Ohio,Toledo
65807,Central,United States,Missouri,Springfield
48601,Central,United States,Michigan,Saginaw
30318,South,United States,Georgia,Atlanta
40475,South,United States,Kentucky,Richmond
20735,East,United States,Maryland,Clinton
75023,Central,United States,Texas,Plano
19134,East,United States,Pennsylvania,Philadelphia
39212,South,United States,Mississippi,Jackson
19143,East,United States,Pennsylvania,Philadelphia
10011,East,United States,New York,New York City
10024,East,United States,New York,New York City
32216,South,United States,Florida,Jacksonville
60610,Central,United States,Illinois,Chicago
95823,West,United States,California,Sacramento
76106,Central,United States,Texas,Fort Worth
97301,West,United States,Oregon,Salem
97224,West,United States,Oregon,Tigard
90032,West,United States,California,Los Angeles
10009,East,United States,New York,New York City
48227,Central,United States,Michigan,Detroit
19143,East,United States,Pennsylvania,Philadelphia
10009,East,United States,New York,New York City
85705,West,United States,Arizona,Tucson
94122,West,United States,California,San Francisco
95123,West,United States,California,San Jose
94122,West,United States,California,San Francisco
90036,West,United States,California,Los Angeles
94110,West,United States,California,San Francisco
1752,East,United States,Massachusetts,Marlborough
90032,West,United States,California,Los Angeles
90049,West,United States,California,Los Angeles
8302,East,United States,New Jersey,Bridgeton
60623,Central,United States,Illinois,Chicago
90049,West,United States,California,Los Angeles
98105,West,United States,Washington,Seattle
95123,West,United States,California,San Jose
43229,East,United States,Ohio,Columbus
14609,East,United States,New York,Rochester
98103,West,United States,Washington,Seattle
19134,East,United States,Pennsylvania,Philadelphia
92024,West,United States,California,San Diego
90049,West,United States,California,Los Angeles
43229,East,United States,Ohio,Columbus
60076,Central,United States,Illinois,Skokie
46350,Central,United States,Indiana,La Porte
46203,Central,United States,Indiana,Indianapolis
98115,West,United States,Washington,Seattle
90032,West,United States,California,Los Angeles
19134,East,United States,Pennsylvania,Philadelphia
35601,South,United States,Alabama,Decatur
48640,Central,United States,Michigan,Midland
30605,South,United States,Georgia,Athens
19120,East,United States,Pennsylvania,Philadelphia
98661,West,United States,Washington,Vancouver
97756,West,United States,Oregon,Redmond
60623,Central,United States,Illinois,Chicago
19134,East,United States,Pennsylvania,Philadelphia
94122,West,United States,California,San Francisco
98115,West,United States,Washington,Seattle
43229,East,United States,Ohio,Columbus
18018,East,United States,Pennsylvania,Bethlehem
19805,East,United States,Delaware,Wilmington
65807,Central,United States,Missouri,Springfield
80906,West,United States,Colorado,Colorado Springs
98115,West,United States,Washington,Seattle
29203,South,United States,South Carolina,Columbia
1852,East,United States,Massachusetts,Lowell
32725,South,United States,Florida,Deltona
43615,East,United States,Ohio,Toledo
65807,Central,United States,Missouri,Springfield
90036,West,United States,California,Los Angeles
48227,Central,United States,Michigan,Detroit
19711,East,United States,Delaware,Newark
43615,East,United States,Ohio,Toledo
44105,East,United States,Ohio,Cleveland
10035,East,United States,New York,New York City
95123,West,United States,California,San Jose
19134,East,United States,Pennsylvania,Philadelphia
10009,East,United States,New York,New York City
10035,East,United States,New York,New York City
98103,West,United States,Washington,Seattle
33614,South,United States,Florida,Tampa
23223,South,United States,Virginia,Richmond
19711,East,United States,Delaware,Newark
75150,Central,United States,Texas,Mesquite
68025,Central,United States,Nebraska,Fremont
10009,East,United States,New York,New York City
10011,East,United States,New York,New York City
3820,East,United States,New Hampshire,Dover
74133,Central,United States,Oklahoma,Tulsa
75023,Central,United States,Texas,Plano
10009,East,United States,New York,New York City
98115,West,United States,Washington,Seattle
98105,West,United States,Washington,Seattle
90036,West,United States,California,Los Angeles
33021,South,United States,Florida,Hollywood
75007,Central,United States,Texas,Carrollton
98105,West,United States,Washington,Seattle
33134,South,United States,Florida,Coral Gables
48227,Central,United States,Michigan,Detroit
43229,East,United States,Ohio,Columbus
49201,Central,United States,Michigan,Jackson
68104,Central,United States,Nebraska,Omaha
83201,West,United States,Idaho,Pocatello
10024,East,United States,New York,New York City
94122,West,United States,California,San Francisco
10035,East,United States,New York,New York City
60540,Central,United States,Illinois,Naperville
10009,East,United States,New York,New York City
89031,West,United States,Nevada,North Las Vegas
60543,Central,United States,Illinois,Oswego
10024,East,United States,New York,New York City
94513,West,United States,California,Brentwood
94110,West,United States,California,San Francisco
88220,West,United States,New Mexico,Carlsbad
90036,West,United States,California,Los Angeles
53209,Central,United States,Wisconsin,Milwaukee
92105,West,United States,California,San Diego
30318,South,United States,Georgia,Atlanta
31907,South,United States,Georgia,Columbus
45503,East,United States,Ohio,Springfield
28314,South,United States,North Carolina,Fayetteville
85345,West,United States,Arizona,Peoria
66212,Central,United States,Kansas,Overland Park
98632,West,United States,Washington,Longview
2908,East,United States,Rhode Island,Providence
77095,Central,United States,Texas,Houston
8701,East,United States,New Jersey,Lakewood
94110,West,United States,California,San Francisco
32712,South,United States,Florida,Apopka
50315,Central,United States,Iowa,Des Moines
10024,East,United States,New York,New York City
94110,West,United States,California,San Francisco
10035,East,United States,New York,New York City
55369,Central,United States,Minnesota,Maple Grove
30076,South,United States,Georgia,Roswell
1841,East,United States,Massachusetts,Lawrence
10009,East,United States,New York,New York City
30318,South,United States,Georgia,Atlanta
1810,East,United States,Massachusetts,Andover
98115,West,United States,Washington,Seattle
76106,Central,United States,Texas,Fort Worth
37130,South,United States,Tennessee,Murfreesboro
80525,West,United States,Colorado,Fort Collins
80013,West,United States,Colorado,Aurora
94109,West,United States,California,San Francisco
68104,Central,United States,Nebraska,Omaha
77095,Central,United States,Texas,Houston
1841,East,United States,Massachusetts,Lawrence
60302,Central,United States,Illinois,Oak Park
33180,South,United States,Florida,Miami
10009,East,United States,New York,New York City
72209,South,United States,Arkansas,Little Rock
55122,Central,United States,Minnesota,Eagan
33317,South,United States,Florida,Plantation
23320,South,United States,Virginia,Chesapeake
30080,South,United States,Georgia,Smyrna
90004,West,United States,California,Los Angeles
42420,South,United States,Kentucky,Henderson
48066,Central,United States,Michigan,Roseville
10009,East,United States,New York,New York City
60623,Central,United States,Illinois,Chicago
27514,South,United States,North Carolina,Chapel Hill
41042,South,United States,Kentucky,Florence
77070,Central,United States,Texas,Houston
65807,Central,United States,Missouri,Springfield
10035,East,United States,New York,New York City
30318,South,United States,Georgia,Atlanta
48127,Central,United States,Michigan,Dearborn Heights
90049,West,United States,California,Los Angeles
92503,West,United States,California,Riverside
85364,West,United States,Arizona,Yuma
30080,South,United States,Georgia,Smyrna
70601,South,United States,Louisiana,Lake Charles
94110,West,United States,California,San Francisco
19711,East,United States,Delaware,Newark
90008,West,United States,California,Los Angeles
75019,Central,United States,Texas,Coppell
80134,West,United States,Colorado,Parker
33614,South,United States,Florida,Tampa
2908,East,United States,Rhode Island,Providence
10035,East,United States,New York,New York City
90045,West,United States,California,Los Angeles
78207,Central,United States,Texas,San Antonio
28205,South,United States,North Carolina,Charlotte
85705,West,United States,Arizona,Tucson
85023,West,United States,Arizona,Phoenix
94533,West,United States,California,Fairfield
90049,West,United States,California,Los Angeles
98103,West,United States,Washington,Seattle
10801,East,United States,New York,New Rochelle
90045,West,United States,California,Los Angeles
45231,East,United States,Ohio,Cincinnati
68701,Central,United States,Nebraska,Norfolk
10009,East,United States,New York,New York City
90036,West,United States,California,Los Angeles
92374,West,United States,California,Redlands
33161,South,United States,Florida,North Miami
8701,East,United States,New Jersey,Lakewood
97206,West,United States,Oregon,Portland
75051,Central,United States,Texas,Grand Prairie
43229,East,United States,Ohio,Columbus
10009,East,United States,New York,New York City
93727,West,United States,California,Fresno
11572,East,United States,New York,Oceanside
10024,East,United States,New York,New York City
23223,South,United States,Virginia,Richmond
32303,South,United States,Florida,Tallahassee
55901,Central,United States,Minnesota,Rochester
98105,West,United States,Washington,Seattle
94109,West,United States,California,San Francisco
98006,West,United States,Washington,Bellevue
10011,East,United States,New York,New York City
47374,Central,United States,Indiana,Richmond
43229,East,United States,Ohio,Columbus
33161,South,United States,Florida,North Miami
43055,East,United States,Ohio,Newark
94109,West,United States,California,San Francisco
19140,East,United States,Pennsylvania,Philadelphia
43402,East,United States,Ohio,Bowling Green
94122,West,United States,California,San Francisco
77036,Central,United States,Texas,Houston
53209,Central,United States,Wisconsin,Milwaukee
98115,West,United States,Washington,Seattle
45231,East,United States,Ohio,Cincinnati
60610,Central,United States,Illinois,Chicago
90045,West,United States,California,Los Angeles
10024,East,United States,New York,New York City
94110,West,United States,California,San Francisco
10035,East,United States,New York,New York City
72209,South,United States,Arkansas,Little Rock
74403,Central,United States,Oklahoma,Muskogee
10009,East,United States,New York,New York City
78745,Central,United States,Texas,Austin
13021,East,United States,New York,Auburn
10035,East,United States,New York,New York City
45503,East,United States,Ohio,Springfield
75056,Central,United States,Texas,The Colony
7060,East,United States,New Jersey,Plainfield
90032,West,United States,California,Los Angeles
10011,East,United States,New York,New York City
94110,West,United States,California,San Francisco
91767,West,United States,California,Pomona
10024,East,United States,New York,New York City
2149,East,United States,Massachusetts,Everett
46368,Central,United States,Indiana,Portage
60440,Central,United States,Illinois,Bolingbrook
10009,East,United States,New York,New York City
88220,West,United States,New Mexico,Carlsbad
19134,East,United States,Pennsylvania,Philadelphia
19134,East,United States,Pennsylvania,Philadelphia
78207,Central,United States,Texas,San Antonio
77036,Central,United States,Texas,Houston
60653,Central,United States,Illinois,Chicago
98026,West,United States,Washington,Edmonds
60653,Central,United States,Illinois,Chicago
94122,West,United States,California,San Francisco
98198,West,United States,Washington,Des Moines
13601,East,United States,New York,Watertown
49201,Central,United States,Michigan,Jackson
94109,West,United States,California,San Francisco
10009,East,United States,New York,New York City
90008,West,United States,California,Los Angeles
97405,West,United States,Oregon,Eugene
10011,East,United States,New York,New York City
90004,West,United States,California,Los Angeles
92037,West,United States,California,San Diego
10035,East,United States,New York,New York City
75217,Central,United States,Texas,Dallas
27707,South,United States,North Carolina,Durham
80112,West,United States,Colorado,Englewood
94109,West,United States,California,San Francisco
94109,West,United States,California,San Francisco
48185,Central,United States,Michigan,Westland
77041,Central,United States,Texas,Houston
33012,South,United States,Florida,Hialeah
78207,Central,United States,Texas,San Antonio
90045,West,United States,California,Los Angeles
60610,Central,United States,Illinois,Chicago
2920,East,United States,Rhode Island,Cranston
77095,Central,United States,Texas,Houston
38401,South,United States,Tennessee,Columbia
19134,East,United States,Pennsylvania,Philadelphia
10035,East,United States,New York,New York City
90036,West,United States,California,Los Angeles
49505,Central,United States,Michigan,Grand Rapids
85023,West,United States,Arizona,Phoenix
33021,South,United States,Florida,Hollywood
75220,Central,United States,Texas,Dallas
60610,Central,United States,Illinois,Chicago
77095,Central,United States,Texas,Houston
77070,Central,United States,Texas,Houston
48185,Central,United States,Michigan,Westland
94109,West,United States,California,San Francisco
85281,West,United States,Arizona,Tempe
85301,West,United States,Arizona,Glendale
98502,West,United States,Washington,Olympia
95823,West,United States,California,Sacramento
38109,South,United States,Tennessee,Memphis
77070,Central,United States,Texas,Houston
52302,Central,United States,Iowa,Marion
19140,East,United States,Pennsylvania,Philadelphia
98115,West,United States,Washington,Seattle
80229,West,United States,Colorado,Thornton
28314,South,United States,North Carolina,Fayetteville
98026,West,United States,Washington,Edmonds
19140,East,United States,Pennsylvania,Philadelphia
19120,East,United States,Pennsylvania,Philadelphia
75217,Central,United States,Texas,Dallas
77070,Central,United States,Texas,Houston
98105,West,United States,Washington,Seattle
77095,Central,United States,Texas,Houston
75023,Central,United States,Texas,Plano
10035,East,United States,New York,New York City
33178,South,United States,Florida,Miami
76017,Central,United States,Texas,Arlington
10035,East,United States,New York,New York City
90036,West,United States,California,Los Angeles
10024,East,United States,New York,New York City
10035,East,United States,New York,New York City
31907,South,United States,Georgia,Columbus
90049,West,United States,California,Los Angeles
48310,Central,United States,Michigan,Sterling Heights
75701,Central,United States,Texas,Tyler
90008,West,United States,California,Los Angeles
94122,West,United States,California,San Francisco
48185,Central,United States,Michigan,Westland
98105,West,United States,Washington,Seattle
39212,South,United States,Mississippi,Jackson
10024,East,United States,New York,New York City
94509,West,United States,California,Antioch
10035,East,United States,New York,New York City
20016,East,United States,District of Columbia,Washington
90004,West,United States,California,Los Angeles
22304,South,United States,Virginia,Alexandria
88220,West,United States,New Mexico,Carlsbad
90036,West,United States,California,Los Angeles
2151,East,United States,Massachusetts,Revere
10035,East,United States,New York,New York City
90036,West,United States,California,Los Angeles
11561,East,United States,New York,Long Beach
90045,West,United States,California,Los Angeles
90049,West,United States,California,Los Angeles
6824,East,United States,Connecticut,Fairfield
70506,South,United States,Louisiana,Lafayette
90049,West,United States,California,Los Angeles
92105,West,United States,California,San Diego
84106,West,United States,Utah,Salt Lake City
10024,East,United States,New York,New York City
10024,East,United States,New York,New York City
72209,South,United States,Arkansas,Little Rock
90049,West,United States,California,Los Angeles
98105,West,United States,Washington,Seattle
1841,East,United States,Massachusetts,Lawrence
90036,West,United States,California,Los Angeles
92553,West,United States,California,Moreno Valley
98105,West,United States,Washington,Seattle
20852,East,United States,Maryland,Rockville
72701,South,United States,Arkansas,Fayetteville
98105,West,United States,Washington,Seattle
2740,East,United States,Massachusetts,New Bedford
92704,West,United States,California,Santa Ana
98031,West,United States,Washington,Kent
95661,West,United States,California,Roseville
49201,Central,United States,Michigan,Jackson
28027,South,United States,North Carolina,Concord
33710,South,United States,Florida,Saint Petersburg
19143,East,United States,Pennsylvania,Philadelphia
19120,East,United States,Pennsylvania,Philadelphia
19120,East,United States,Pennsylvania,Philadelphia
45503,East,United States,Ohio,Springfield
33065,South,United States,Florida,Coral Springs
97224,West,United States,Oregon,Tigard
77095,Central,United States,Texas,Houston
33437,South,United States,Florida,Boynton Beach
19120,East,United States,Pennsylvania,Philadelphia
75023,Central,United States,Texas,Plano
19140,East,United States,Pennsylvania,Philadelphia
78207,Central,United States,Texas,San Antonio
19134,East,United States,Pennsylvania,Philadelphia
33012,South,United States,Florida,Hialeah
44060,East,United States,Ohio,Mentor
80906,West,United States,Colorado,Colorado Springs
75217,Central,United States,Texas,Dallas
75220,Central,United States,Texas,Dallas
77041,Central,United States,Texas,Houston
19120,East,United States,Pennsylvania,Philadelphia
33024,South,United States,Florida,Pembroke Pines
77095,Central,United States,Texas,Houston
80219,West,United States,Colorado,Denver
37211,South,United States,Tennessee,Nashville
77041,Central,United States,Texas,Houston
37918,South,United States,Tennessee,Knoxville
85023,West,United States,Arizona,Phoenix
45373,East,United States,Ohio,Troy
78501,Central,United States,Texas,Mcallen
60623,Central,United States,Illinois,Chicago
77095,Central,United States,Texas,Houston
49201,Central,United States,Michigan,Jackson
90008,West,United States,California,Los Angeles
90805,West,United States,California,Long Beach
44312,East,United States,Ohio,Akron
92105,West,United States,California,San Diego
67212,Central,United States,Kansas,Wichita
92037,West,United States,California,San Diego
10011,East,United States,New York,New York City
90032,West,United States,California,Los Angeles
92105,West,United States,California,San Diego
10035,East,United States,New York,New York City
32216,South,United States,Florida,Jacksonville
43229,East,United States,Ohio,Columbus
60623,Central,United States,Illinois,Chicago
19134,East,United States,Pennsylvania,Philadelphia
60623,Central,United States,Illinois,Chicago
90049,West,United States,California,Los Angeles
19120,East,United States,Pennsylvania,Philadelphia
78745,Central,United States,Texas,Austin
55901,Central,United States,Minnesota,Rochester
73120,Central,United States,Oklahoma,Oklahoma City
92704,West,United States,California,Santa Ana
27707,South,United States,North Carolina,Durham
19134,East,United States,Pennsylvania,Philadelphia
55407,Central,United States,Minnesota,Minneapolis
49201,Central,United States,Michigan,Jackson
49201,Central,United States,Michigan,Jackson
90032,West,United States,California,Los Angeles
90032,West,United States,California,Los Angeles
10035,East,United States,New York,New York City
52302,Central,United States,Iowa,Marion
75081,Central,United States,Texas,Dallas
43229,East,United States,Ohio,Columbus
44312,East,United States,Ohio,Akron
35601,South,United States,Alabama,Decatur
60543,Central,United States,Illinois,Oswego
92037,West,United States,California,San Diego
97206,West,United States,Oregon,Portland
43229,East,United States,Ohio,Columbus
92804,West,United States,California,Anaheim
75220,Central,United States,Texas,Dallas
60653,Central,United States,Illinois,Chicago
92105,West,United States,California,San Diego
61604,Central,United States,Illinois,Peoria
42420,South,United States,Kentucky,Henderson
60653,Central,United States,Illinois,Chicago
60623,Central,United States,Illinois,Chicago
94591,West,United States,California,Vallejo
19140,East,United States,Pennsylvania,Philadelphia
86442,West,United States,Arizona,Bullhead City
85635,West,United States,Arizona,Sierra Vista
95661,West,United States,California,Roseville
90032,West,United States,California,Los Angeles
19711,East,United States,Delaware,Newark
94533,West,United States,California,Fairfield
98115,West,United States,Washington,Seattle
79762,Central,United States,Texas,Odessa
77573,Central,United States,Texas,League City
11520,East,United States,New York,Freeport
11572,East,United States,New York,Oceanside
47374,Central,United States,Indiana,Richmond
33317,South,United States,Florida,Plantation
60653,Central,United States,Illinois,Chicago
32216,South,United States,Florida,Jacksonville
77070,Central,United States,Texas,Houston
17602,East,United States,Pennsylvania,Lancaster
19120,East,United States,Pennsylvania,Philadelphia
45373,East,United States,Ohio,Troy
2920,East,United States,Rhode Island,Cranston
37918,South,United States,Tennessee,Knoxville
90004,West,United States,California,Los Angeles
21215,East,United States,Maryland,Baltimore
29406,South,United States,South Carolina,North Charleston
53142,Central,United States,Wisconsin,Kenosha
19120,East,United States,Pennsylvania,Philadelphia
60610,Central,United States,Illinois,Chicago
48227,Central,United States,Michigan,Detroit
77340,Central,United States,Texas,Huntsville
48911,Central,United States,Michigan,Lansing
61604,Central,United States,Illinois,Peoria
37604,South,United States,Tennessee,Johnson City
19140,East,United States,Pennsylvania,Philadelphia
10024,East,United States,New York,New York City
98105,West,United States,Washington,Seattle
48227,Central,United States,Michigan,Detroit
75002,Central,United States,Texas,Allen
92307,West,United States,California,Apple Valley
77095,Central,United States,Texas,Houston
30328,South,United States,Georgia,Sandy Springs
77803,Central,United States,Texas,Bryan
19901,East,United States,Delaware,Dover
90049,West,United States,California,Los Angeles
91360,West,United States,California,Thousand Oaks
92374,West,United States,California,Redlands
94109,West,United States,California,San Francisco
45231,East,United States,Ohio,Cincinnati
76017,Central,United States,Texas,Arlington
60610,Central,United States,Illinois,Chicago
80906,West,United States,Colorado,Colorado Springs
77036,Central,United States,Texas,Houston
10011,East,United States,New York,New York City
10024,East,United States,New York,New York City
19134,East,United States,Pennsylvania,Philadelphia
37167,South,United States,Tennessee,Smyrna
90712,West,United States,California,Lakewood
33437,South,United States,Florida,Boynton Beach
77036,Central,United States,Texas,Houston
36116,South,United States,Alabama,Montgomery
19140,East,United States,Pennsylvania,Philadelphia
57103,Central,United States,South Dakota,Sioux Falls
94122,West,United States,California,San Francisco
90036,West,United States,California,Los Angeles
54880,Central,United States,Wisconsin,Superior
90032,West,United States,California,Los Angeles
20735,East,United States,Maryland,Clinton
19140,East,United States,Pennsylvania,Philadelphia
75061,Central,United States,Texas,Irving
97301,West,United States,Oregon,Salem
19140,East,United States,Pennsylvania,Philadelphia
62521,Central,United States,Illinois,Decatur
31907,South,United States,Georgia,Columbus
10009,East,United States,New York,New York City
90045,West,United States,California,Los Angeles
10035,East,United States,New York,New York City
33024,South,United States,Florida,Pembroke Pines
13021,East,United States,New York,Auburn
10024,East,United States,New York,New York City
94110,West,United States,California,San Francisco
53081,Central,United States,Wisconsin,Sheboygan
90032,West,United States,California,Los Angeles
94110,West,United States,California,San Francisco
48205,Central,United States,Michigan,Detroit
33801,South,United States,Florida,Lakeland
38401,South,United States,Tennessee,Columbia
19120,East,United States,Pennsylvania,Philadelphia
68104,Central,United States,Nebraska,Omaha
10024,East,United States,New York,New York City
85023,West,United States,Arizona,Phoenix
23666,South,United States,Virginia,Hampton
85204,West,United States,Arizona,Mesa
10701,East,United States,New York,Yonkers
75217,Central,United States,Texas,Dallas
95051,West,United States,California,Santa Clara
19134,East,United States,Pennsylvania,Philadelphia
77095,Central,United States,Texas,Houston
78745,Central,United States,Texas,Austin
23223,South,United States,Virginia,Richmond
31907,South,United States,Georgia,Columbus
92683,West,United States,California,Westminster
44105,East,United States,Ohio,Cleveland
53209,Central,United States,Wisconsin,Milwaukee
37211,South,United States,Tennessee,Nashville
98115,West,United States,Washington,Seattle
94110,West,United States,California,San Francisco
90008,West,United States,California,Los Angeles
13601,East,United States,New York,Watertown
10011,East,United States,New York,New York City
44312,East,United States,Ohio,Akron
48858,Central,United States,Michigan,Mount Pleasant
97301,West,United States,Oregon,Salem
37130,South,United States,Tennessee,Murfreesboro
98115,West,United States,Washington,Seattle
28403,South,United States,North Carolina,Wilmington
43229,East,United States,Ohio,Columbus
33407,South,United States,Florida,West Palm Beach
46350,Central,United States,Indiana,La Porte
90036,West,United States,California,Los Angeles
32216,South,United States,Florida,Jacksonville
60623,Central,United States,Illinois,Chicago
10035,East,United States,New York,New York City
6460,East,United States,Connecticut,Milford
98103,West,United States,Washington,Seattle
77041,Central,United States,Texas,Houston
90045,West,United States,California,Los Angeles
32839,South,United States,Florida,Orlando
94110,West,United States,California,San Francisco
60201,Central,United States,Illinois,Evanston
43229,East,United States,Ohio,Columbus
90004,West,United States,California,Los Angeles
11561,East,United States,New York,Long Beach
42420,South,United States,Kentucky,Henderson
92037,West,United States,California,San Diego
98103,West,United States,Washington,Seattle
19134,East,United States,Pennsylvania,Philadelphia
85023,West,United States,Arizona,Phoenix
45014,East,United States,Ohio,Fairfield
1841,East,United States,Massachusetts,Lawrence
93277,West,United States,California,Visalia
94110,West,United States,California,San Francisco
94110,West,United States,California,San Francisco
44107,East,United States,Ohio,Lakewood
10035,East,United States,New York,New York City
37075,South,United States,Tennessee,Hendersonville
78745,Central,United States,Texas,Austin
92404,West,United States,California,San Bernardino
42420,South,United States,Kentucky,Henderson
11520,East,United States,New York,Freeport
77041,Central,United States,Texas,Houston
92025,West,United States,California,Escondido
78501,Central,United States,Texas,Mcallen
14609,East,United States,New York,Rochester
54915,Central,United States,Wisconsin,Appleton
90008,West,United States,California,Los Angeles
77705,Central,United States,Texas,Beaumont
10009,East,United States,New York,New York City
43229,East,United States,Ohio,Columbus
77095,Central,United States,Texas,Houston
90008,West,United States,California,Los Angeles
19134,East,United States,Pennsylvania,Philadelphia
49423,Central,United States,Michigan,Holland
28205,South,United States,North Carolina,Charlotte
23223,South,United States,Virginia,Richmond
19140,East,United States,Pennsylvania,Philadelphia
92037,West,United States,California,San Diego
6010,East,United States,Connecticut,Bristol
79907,Central,United States,Texas,El Paso
91104,West,United States,California,Pasadena
14304,East,United States,New York,Niagara Falls
35244,South,United States,Alabama,Hoover
44134,East,United States,Ohio,Parma
90805,West,United States,California,Long Beach
27893,South,United States,North Carolina,Wilson
13501,East,United States,New York,Utica
28540,South,United States,North Carolina,Jacksonville
98105,West,United States,Washington,Seattle
33012,South,United States,Florida,Hialeah
62521,Central,United States,Illinois,Decatur
90004,West,United States,California,Los Angeles
36116,South,United States,Alabama,Montgomery
92054,West,United States,California,Oceanside
43615,East,United States,Ohio,Toledo
54302,Central,United States,Wisconsin,Green Bay
53209,Central,United States,Wisconsin,Milwaukee
10009,East,United States,New York,New York City
20735,East,United States,Maryland,Clinton
7501,East,United States,New Jersey,Paterson
10009,East,United States,New York,New York City
48601,Central,United States,Michigan,Saginaw
90004,West,United States,California,Los Angeles
48227,Central,United States,Michigan,Detroit
90036,West,United States,California,Los Angeles
77095,Central,United States,Texas,Houston
21215,East,United States,Maryland,Baltimore
43615,East,United States,Ohio,Toledo
30080,South,United States,Georgia,Smyrna
40214,South,United States,Kentucky,Louisville
94109,West,United States,California,San Francisco
83201,West,United States,Idaho,Pocatello
10035,East,United States,New York,New York City
90004,West,United States,California,Los Angeles
14609,East,United States,New York,Rochester
94109,West,United States,California,San Francisco
77070,Central,United States,Texas,Houston
80219,West,United States,Colorado,Denver
90278,West,United States,California,Redondo Beach
92672,West,United States,California,San Clemente
93727,West,United States,California,Fresno
94591,West,United States,California,Vallejo
31907,South,United States,Georgia,Columbus
80229,West,United States,Colorado,Thornton
10011,East,United States,New York,New York City
39212,South,United States,Mississippi,Jackson
80004,West,United States,Colorado,Arvada
93534,West,United States,California,Lancaster
94122,West,United States,California,San Francisco
10009,East,United States,New York,New York City
94122,West,United States,California,San Francisco
94122,West,United States,California,San Francisco
22204,South,United States,Virginia,Arlington
53209,Central,United States,Wisconsin,Milwaukee
90049,West,United States,California,Los Angeles
19120,East,United States,Pennsylvania,Philadelphia
22153,South,United States,Virginia,Springfield
94122,West,United States,California,San Francisco
19140,East,United States,Pennsylvania,Philadelphia
75007,Central,United States,Texas,Carrollton
94110,West,United States,California,San Francisco
28205,South,United States,North Carolina,Charlotte
10024,East,United States,New York,New York City
19120,East,United States,Pennsylvania,Philadelphia
94109,West,United States,California,San Francisco
2149,East,United States,Massachusetts,Everett
90045,West,United States,California,Los Angeles
30328,South,United States,Georgia,Sandy Springs
48073,Central,United States,Michigan,Royal Oak
77036,Central,United States,Texas,Houston
90032,West,United States,California,Los Angeles
48205,Central,United States,Michigan,Detroit
28403,South,United States,North Carolina,Wilmington
61701,Central,United States,Illinois,Bloomington
98103,West,United States,Washington,Seattle
10024,East,United States,New York,New York City
45014,East,United States,Ohio,Fairfield
8401,East,United States,New Jersey,Atlantic City
94513,West,United States,California,Brentwood
80634,West,United States,Colorado,Greeley
30080,South,United States,Georgia,Smyrna
98103,West,United States,Washington,Seattle
92503,West,United States,California,Riverside
37604,South,United States,Tennessee,Johnson City
10009,East,United States,New York,New York City
93030,West,United States,California,Oxnard
76106,Central,United States,Texas,Fort Worth
95928,West,United States,California,Chico
33614,South,United States,Florida,Tampa
19805,East,United States,Delaware,Wilmington
90045,West,United States,California,Los Angeles
90008,West,United States,California,Los Angeles
43615,East,United States,Ohio,Toledo
19140,East,United States,Pennsylvania,Philadelphia
90008,West,United States,California,Los Angeles
1841,East,United States,Massachusetts,Lawrence
30318,South,United States,Georgia,Atlanta
90049,West,United States,California,Los Angeles
92024,West,United States,California,San Diego
90036,West,United States,California,Los Angeles
20735,East,United States,Maryland,Clinton
85204,West,United States,Arizona,Mesa
19140,East,United States,Pennsylvania,Philadelphia
62521,Central,United States,Illinois,Decatur
43229,East,United States,Ohio,Columbus
60126,Central,United States,Illinois,Elmhurst
60610,Central,United States,Illinois,Chicago
80219,West,United States,Colorado,Denver
77705,Central,United States,Texas,Beaumont
77041,Central,United States,Texas,Houston
90049,West,United States,California,Los Angeles
68104,Central,United States,Nebraska,Omaha
43229,East,United States,Ohio,Columbus
65807,Central,United States,Missouri,Springfield
10011,East,United States,New York,New York City
98105,West,United States,Washington,Seattle
60623,Central,United States,Illinois,Chicago
90032,West,United States,California,Los Angeles
3301,East,United States,New Hampshire,Concord
19140,East,United States,Pennsylvania,Philadelphia
10035,East,United States,New York,New York City
19120,East,United States,Pennsylvania,Philadelphia
80906,West,United States,Colorado,Colorado Springs
10035,East,United States,New York,New York City
43615,East,United States,Ohio,Toledo
98115,West,United States,Washington,Seattle
94109,West,United States,California,San Francisco
92024,West,United States,California,San Diego
90032,West,United States,California,Los Angeles
94122,West,United States,California,San Francisco
92704,West,United States,California,Santa Ana
65807,Central,United States,Missouri,Springfield
10024,East,United States,New York,New York City
84604,West,United States,Utah,Provo
94122,West,United States,California,San Francisco
90301,West,United States,California,Inglewood
19134,East,United States,Pennsylvania,Philadelphia
47374,Central,United States,Indiana,Richmond
95661,West,United States,California,Roseville
85301,West,United States,Arizona,Glendale
10035,East,United States,New York,New York City
2138,East,United States,Massachusetts,Cambridge
84062,West,United States,Utah,Pleasant Grove
47374,Central,United States,Indiana,Richmond
94601,West,United States,California,Oakland
54880,Central,United States,Wisconsin,Superior
2138,East,United States,Massachusetts,Cambridge
98115,West,United States,Washington,Seattle
90049,West,United States,California,Los Angeles
98105,West,United States,Washington,Seattle
62521,Central,United States,Illinois,Decatur
55901,Central,United States,Minnesota,Rochester
94110,West,United States,California,San Francisco
29203,South,United States,South Carolina,Columbia
35601,South,United States,Alabama,Decatur
60653,Central,United States,Illinois,Chicago
80013,West,United States,Colorado,Aurora
85323,West,United States,Arizona,Avondale
60653,Central,United States,Illinois,Chicago
90032,West,United States,California,Los Angeles
19140,East,United States,Pennsylvania,Philadelphia
60653,Central,United States,Illinois,Chicago
32216,South,United States,Florida,Jacksonville
43229,East,United States,Ohio,Columbus
44240,East,United States,Ohio,Kent
21044,East,United States,Maryland,Columbia
75217,Central,United States,Texas,Dallas
19140,East,United States,Pennsylvania,Philadelphia
14304,East,United States,New York,Niagara Falls
77036,Central,United States,Texas,Houston
10024,East,United States,New York,New York City
98103,West,United States,Washington,Seattle
10009,East,United States,New York,New York City
55044,Central,United States,Minnesota,Lakeville
28540,South,United States,North Carolina,Jacksonville
27604,South,United States,North Carolina,Raleigh
80229,West,United States,Colorado,Thornton
94109,West,United States,California,San Francisco
88220,West,United States,New Mexico,Carlsbad
78501,Central,United States,Texas,Mcallen
23602,South,United States,Virginia,Newport News
98006,West,United States,Washington,Bellevue
72401,South,United States,Arkansas,Jonesboro
10550,East,United States,New York,Mount Vernon
94122,West,United States,California,San Francisco
54302,Central,United States,Wisconsin,Green Bay
19120,East,United States,Pennsylvania,Philadelphia
98103,West,United States,Washington,Seattle
33614,South,United States,Florida,Tampa
43229,East,United States,Ohio,Columbus
38109,South,United States,Tennessee,Memphis
10024,East,United States,New York,New York City
19140,East,United States,Pennsylvania,Philadelphia
80906,West,United States,Colorado,Colorado Springs
75217,Central,United States,Texas,Dallas
77036,Central,United States,Texas,Houston
28540,South,United States,North Carolina,Jacksonville
94122,West,United States,California,San Francisco
87401,West,United States,New Mexico,Farmington
19143,East,United States,Pennsylvania,Philadelphia
54302,Central,United States,Wisconsin,Green Bay
90049,West,United States,California,Los Angeles
1453,East,United States,Massachusetts,Leominster
78745,Central,United States,Texas,Austin
10011,East,United States,New York,New York City
10024,East,United States,New York,New York City
22304,South,United States,Virginia,Alexandria
10035,East,United States,New York,New York City
10009,East,United States,New York,New York City
19140,East,United States,Pennsylvania,Philadelphia
90049,West,United States,California,Los Angeles
8360,East,United States,New Jersey,Vineland
11561,East,United States,New York,Long Beach
98105,West,United States,Washington,Seattle
43615,East,United States,Ohio,Toledo
48205,Central,United States,Michigan,Detroit
60610,Central,United States,Illinois,Chicago
29203,South,United States,South Carolina,Columbia
70065,South,United States,Louisiana,Kenner
11561,East,United States,New York,Long Beach
43229,East,United States,Ohio,Columbus
60610,Central,United States,Illinois,Chicago
93309,West,United States,California,Bakersfield
94122,West,United States,California,San Francisco
92037,West,United States,California,San Diego
90032,West,United States,California,Los Angeles
94110,West,United States,California,San Francisco
7050,East,United States,New Jersey,Orange
90032,West,United States,California,Los Angeles
43229,East,United States,Ohio,Columbus
53209,Central,United States,Wisconsin,Milwaukee
75007,Central,United States,Texas,Carrollton
33614,South,United States,Florida,Tampa
44107,East,United States,Ohio,Lakewood
30328,South,United States,Georgia,Sandy Springs
13021,East,United States,New York,Auburn
6040,East,United States,Connecticut,Manchester
10035,East,United States,New York,New York City
90004,West,United States,California,Los Angeles
98103,West,United States,Washington,Seattle
27893,South,United States,North Carolina,Wilson
90032,West,United States,California,Los Angeles
55407,Central,United States,Minnesota,Minneapolis
90045,West,United States,California,Los Angeles
10009,East,United States,New York,New York City
3301,East,United States,New Hampshire,Concord
94122,West,United States,California,San Francisco
60004,Central,United States,Illinois,Arlington Heights
98103,West,United States,Washington,Seattle
27511,South,United States,North Carolina,Cary
10024,East,United States,New York,New York City
95123,West,United States,California,San Jose
61701,Central,United States,Illinois,Bloomington
33311,South,United States,Florida,Fort Lauderdale
98103,West,United States,Washington,Seattle
98105,West,United States,Washington,Seattle
98103,West,United States,Washington,Seattle
19134,East,United States,Pennsylvania,Philadelphia
19120,East,United States,Pennsylvania,Philadelphia
98115,West,United States,Washington,Seattle
10011,East,United States,New York,New York City
97123,West,United States,Oregon,Hillsboro
29203,South,United States,South Carolina,Columbia
48227,Central,United States,Michigan,Detroit
28314,South,United States,North Carolina,Fayetteville
33180,South,United States,Florida,Miami
1852,East,United States,Massachusetts,Lowell
10009,East,United States,New York,New York City
2169,East,United States,Massachusetts,Quincy
77506,Central,United States,Texas,Pasadena
40475,South,United States,Kentucky,Richmond
79109,Central,United States,Texas,Amarillo
10035,East,United States,New York,New York City
92683,West,United States,California,Westminster
94109,West,United States,California,San Francisco
32216,South,United States,Florida,Jacksonville
28205,South,United States,North Carolina,Charlotte
94110,West,United States,California,San Francisco
78501,Central,United States,Texas,Mcallen
77041,Central,United States,Texas,Houston
6360,East,United States,Connecticut,Norwich
72209,South,United States,Arkansas,Little Rock
77041,Central,United States,Texas,Houston
98105,West,United States,Washington,Seattle
32137,South,United States,Florida,Palm Coast
94110,West,United States,California,San Francisco
28806,South,United States,North Carolina,Asheville
10024,East,United States,New York,New York City
19143,East,United States,Pennsylvania,Philadelphia
33065,South,United States,Florida,Coral Springs
43302,East,United States,Ohio,Marion
10009,East,United States,New York,New York City
67212,Central,United States,Kansas,Wichita
49505,Central,United States,Michigan,Grand Rapids
90008,West,United States,California,Los Angeles
55901,Central,United States,Minnesota,Rochester
98052,West,United States,Washington,Redmond
10035,East,United States,New York,New York City
85705,West,United States,Arizona,Tucson
65807,Central,United States,Missouri,Springfield
10024,East,United States,New York,New York City
77070,Central,United States,Texas,Houston
50315,Central,United States,Iowa,Des Moines
58103,Central,United States,North Dakota,Fargo
71901,South,United States,Arkansas,Hot Springs
33063,South,United States,Florida,Margate
10701,East,United States,New York,Yonkers
36116,South,United States,Alabama,Montgomery
43229,East,United States,Ohio,Columbus
90049,West,United States,California,Los Angeles
98105,West,United States,Washington,Seattle
90049,West,United States,California,Los Angeles
98103,West,United States,Washington,Seattle
19143,East,United States,Pennsylvania,Philadelphia
53209,Central,United States,Wisconsin,Milwaukee
21215,East,United States,Maryland,Baltimore
23320,South,United States,Virginia,Chesapeake
10009,East,United States,New York,New York City
22153,South,United States,Virginia,Springfield
83642,West,United States,Idaho,Meridian
10009,East,United States,New York,New York City
19120,East,United States,Pennsylvania,Philadelphia
10035,East,United States,New York,New York City
94122,West,United States,California,San Francisco
94109,West,United States,California,San Francisco
95695,West,United States,California,Woodland
77036,Central,United States,Texas,Houston
35810,South,United States,Alabama,Huntsville
19711,East,United States,Delaware,Newark
1852,East,United States,Massachusetts,Lowell
89031,West,United States,Nevada,North Las Vegas
94513,West,United States,California,Brentwood
33311,South,United States,Florida,Fort Lauderdale
77036,Central,United States,Texas,Houston
98115,West,United States,Washington,Seattle
77070,Central,United States,Texas,Houston
37421,South,United States,Tennessee,Chattanooga
21215,East,United States,Maryland,Baltimore
80229,West,United States,Colorado,Thornton
62301,Central,United States,Illinois,Quincy
91360,West,United States,California,Thousand Oaks
28110,South,United States,North Carolina,Monroe
98103,West,United States,Washington,Seattle
8701,East,United States,New Jersey,Lakewood
6010,East,United States,Connecticut,Bristol
11572,East,United States,New York,Oceanside
47374,Central,United States,Indiana,Richmond
31907,South,United States,Georgia,Columbus
10024,East,United States,New York,New York City
97477,West,United States,Oregon,Springfield
19140,East,United States,Pennsylvania,Philadelphia
34952,South,United States,Florida,Port Saint Lucie
10009,East,United States,New York,New York City
10024,East,United States,New York,New York City
44312,East,United States,Ohio,Akron
7960,East,United States,New Jersey,Morristown
10009,East,United States,New York,New York City
90036,West,United States,California,Los Angeles
90032,West,United States,California,Los Angeles
19120,East,United States,Pennsylvania,Philadelphia
76106,Central,United States,Texas,Fort Worth
90036,West,United States,California,Los Angeles
55044,Central,United States,Minnesota,Lakeville
98103,West,United States,Washington,Seattle
94122,West,United States,California,San Francisco
10009,East,United States,New York,New York City
29203,South,United States,South Carolina,Columbia
63116,Central,United States,Missouri,Saint Louis
46203,Central,United States,Indiana,Indianapolis
30076,South,United States,Georgia,Roswell
90036,West,United States,California,Los Angeles
83605,West,United States,Idaho,Caldwell
98103,West,United States,Washington,Seattle
31907,South,United States,Georgia,Columbus
48205,Central,United States,Michigan,Detroit
10024,East,United States,New York,New York City
94122,West,United States,California,San Francisco
89115,West,United States,Nevada,Las Vegas
90036,West,United States,California,Los Angeles
10035,East,United States,New York,New York City
70506,South,United States,Louisiana,Lafayette
10009,East,United States,New York,New York City
7017,East,United States,New Jersey,East Orange
97301,West,United States,Oregon,Salem
19140,East,United States,Pennsylvania,Philadelphia
19134,East,United States,Pennsylvania,Philadelphia
32839,South,United States,Florida,Orlando
19134,East,United States,Pennsylvania,Philadelphia
80027,West,United States,Colorado,Louisville
19143,East,United States,Pennsylvania,Philadelphia
77506,Central,United States,Texas,Pasadena
44105,East,United States,Ohio,Cleveland
37918,South,United States,Tennessee,Knoxville
60653,Central,United States,Illinois,Chicago
77041,Central,United States,Texas,Houston
76017,Central,United States,Texas,Arlington
37167,South,United States,Tennessee,Smyrna
19143,East,United States,Pennsylvania,Philadelphia
85023,West,United States,Arizona,Phoenix
77070,Central,United States,Texas,Houston
33023,South,United States,Florida,Miramar
32839,South,United States,Florida,Orlando
27405,South,United States,North Carolina,Greensboro
47374,Central,United States,Indiana,Richmond
19601,East,United States,Pennsylvania,Reading
19120,East,United States,Pennsylvania,Philadelphia
90049,West,United States,California,Los Angeles
33024,South,United States,Florida,Pembroke Pines
80004,West,United States,Colorado,Arvada
19805,East,United States,Delaware,Wilmington
60174,Central,United States,Illinois,Saint Charles
94110,West,United States,California,San Francisco
19140,East,United States,Pennsylvania,Philadelphia
60623,Central,United States,Illinois,Chicago
53081,Central,United States,Wisconsin,Sheboygan
79907,Central,United States,Texas,El Paso
92691,West,United States,California,Mission Viejo
90004,West,United States,California,Los Angeles
19140,East,United States,Pennsylvania,Philadelphia
10011,East,United States,New York,New York City
10035,East,United States,New York,New York City
19120,East,United States,Pennsylvania,Philadelphia
90045,West,United States,California,Los Angeles
6457,East,United States,Connecticut,Middletown
10011,East,United States,New York,New York City
21215,East,United States,Maryland,Baltimore
94122,West,United States,California,San Francisco
48227,Central,United States,Michigan,Detroit
90008,West,United States,California,Los Angeles
75051,Central,United States,Texas,Grand Prairie
85023,West,United States,Arizona,Phoenix
19140,East,United States,Pennsylvania,Philadelphia
60610,Central,United States,Illinois,Chicago
83301,West,United States,Idaho,Twin Falls
94122,West,United States,California,San Francisco
19143,East,United States,Pennsylvania,Philadelphia
75220,Central,United States,Texas,Dallas
6040,East,United States,Connecticut,Manchester
22204,South,United States,Virginia,Arlington
80027,West,United States,Colorado,Louisville
44060,East,United States,Ohio,Mentor
16602,East,United States,Pennsylvania,Altoona
37918,South,United States,Tennessee,Knoxville
94110,West,United States,California,San Francisco
77095,Central,United States,Texas,Houston
1841,East,United States,Massachusetts,Lawrence
2908,East,United States,Rhode Island,Providence
10035,East,United States,New York,New York City
98105,West,United States,Washington,Seattle
90032,West,United States,California,Los Angeles
77041,Central,United States,Texas,Houston
20016,East,United States,District of Columbia,Washington
85705,West,United States,Arizona,Tucson
85023,West,United States,Arizona,Phoenix
95823,West,United States,California,Sacramento
98105,West,United States,Washington,Seattle
85345,West,United States,Arizona,Peoria
50322,Central,United States,Iowa,Urbandale
94533,West,United States,California,Fairfield
32216,South,United States,Florida,Jacksonville
65807,Central,United States,Missouri,Springfield
97224,West,United States,Oregon,Tigard
10024,East,United States,New York,New York City
80013,West,United States,Colorado,Aurora
55044,Central,United States,Minnesota,Lakeville
24153,South,United States,Virginia,Salem
7055,East,United States,New Jersey,Passaic
94109,West,United States,California,San Francisco
37421,South,United States,Tennessee,Chattanooga
35810,South,United States,Alabama,Huntsville
74133,Central,United States,Oklahoma,Tulsa
77095,Central,United States,Texas,Houston
97030,West,United States,Oregon,Gresham
94122,West,United States,California,San Francisco
10024,East,United States,New York,New York City
60623,Central,United States,Illinois,Chicago
19143,East,United States,Pennsylvania,Philadelphia
19134,East,United States,Pennsylvania,Philadelphia
77070,Central,United States,Texas,Houston
38401,South,United States,Tennessee,Columbia
98115,West,United States,Washington,Seattle
76021,Central,United States,Texas,Bedford
10024,East,United States,New York,New York City
65807,Central,United States,Missouri,Springfield
98105,West,United States,Washington,Seattle
90049,West,United States,California,Los Angeles
32137,South,United States,Florida,Palm Coast
38109,South,United States,Tennessee,Memphis
94122,West,United States,California,San Francisco
94533,West,United States,California,Fairfield
10701,East,United States,New York,Yonkers
55407,Central,United States,Minnesota,Minneapolis
10011,East,United States,New York,New York City
32303,South,United States,Florida,Tallahassee
85023,West,United States,Arizona,Phoenix
75220,Central,United States,Texas,Dallas
10009,East,United States,New York,New York City
10009,East,United States,New York,New York City
90032,West,United States,California,Los Angeles
90045,West,United States,California,Los Angeles
68025,Central,United States,Nebraska,Fremont
90008,West,United States,California,Los Angeles
58103,Central,United States,North Dakota,Fargo
28540,South,United States,North Carolina,Jacksonville
13021,East,United States,New York,Auburn
48911,Central,United States,Michigan,Lansing
90045,West,United States,California,Los Angeles
74133,Central,United States,Oklahoma,Tulsa
94513,West,United States,California,Brentwood
60610,Central,United States,Illinois,Chicago
43017,East,United States,Ohio,Dublin
43229,East,United States,Ohio,Columbus
94122,West,United States,California,San Francisco
98103,West,United States,Washington,Seattle
60610,Central,United States,Illinois,Chicago
94526,West,United States,California,Danville
33801,South,United States,Florida,Lakeland
43229,East,United States,Ohio,Columbus
72701,South,United States,Arkansas,Fayetteville
46614,Central,United States,Indiana,South Bend
14609,East,United States,New York,Rochester
77070,Central,United States,Texas,Houston
92553,West,United States,California,Moreno Valley
40475,South,United States,Kentucky,Richmond
40475,South,United States,Kentucky,Richmond
95051,West,United States,California,Santa Clara
90045,West,United States,California,Los Angeles
90045,West,United States,California,Los Angeles
3060,East,United States,New Hampshire,Nashua
27707,South,United States,North Carolina,Durham
84020,West,United States,Utah,Draper
85323,West,United States,Arizona,Avondale
46226,Central,United States,Indiana,Lawrence
90008,West,United States,California,Los Angeles
6824,East,United States,Connecticut,Fairfield
19140,East,United States,Pennsylvania,Philadelphia
19143,East,United States,Pennsylvania,Philadelphia
8701,East,United States,New Jersey,Lakewood
94533,West,United States,California,Fairfield
10011,East,United States,New York,New York City
85254,West,United States,Arizona,Scottsdale
78041,Central,United States,Texas,Laredo
94122,West,United States,California,San Francisco
20735,East,United States,Maryland,Clinton
13021,East,United States,New York,Auburn
60610,Central,United States,Illinois,Chicago
85301,West,United States,Arizona,Glendale
22153,South,United States,Virginia,Springfield
45503,East,United States,Ohio,Springfield
94110,West,United States,California,San Francisco
93030,West,United States,California,Oxnard
41042,South,United States,Kentucky,Florence
19901,East,United States,Delaware,Dover
91360,West,United States,California,Thousand Oaks
90045,West,United States,California,Los Angeles
90045,West,United States,California,Los Angeles
94591,West,United States,California,Vallejo
90805,West,United States,California,Long Beach
44256,East,United States,Ohio,Medina
75051,Central,United States,Texas,Grand Prairie
77036,Central,United States,Texas,Houston
60653,Central,United States,Illinois,Chicago
47401,Central,United States,Indiana,Bloomington
80020,West,United States,Colorado,Broomfield
53711,Central,United States,Wisconsin,Madison
10011,East,United States,New York,New York City
40214,South,United States,Kentucky,Louisville
19140,East,United States,Pennsylvania,Philadelphia
10035,East,United States,New York,New York City
10024,East,United States,New York,New York City
90004,West,United States,California,Los Angeles
78207,Central,United States,Texas,San Antonio
92105,West,United States,California,San Diego
98052,West,United States,Washington,Redmond
19013,East,United States,Pennsylvania,Chester
47201,Central,United States,Indiana,Columbus
42420,South,United States,Kentucky,Henderson
42420,South,United States,Kentucky,Henderson
87105,West,United States,New Mexico,Albuquerque
44312,East,United States,Ohio,Akron
77070,Central,United States,Texas,Houston
2138,East,United States,Massachusetts,Cambridge
37130,South,United States,Tennessee,Murfreesboro
78745,Central,United States,Texas,Austin
60610,Central,United States,Illinois,Chicago
46350,Central,United States,Indiana,La Porte
78415,Central,United States,Texas,Corpus Christi
73120,Central,United States,Oklahoma,Oklahoma City
32216,South,United States,Florida,Jacksonville
88220,West,United States,New Mexico,Carlsbad
65807,Central,United States,Missouri,Springfield
48205,Central,United States,Michigan,Detroit
48227,Central,United States,Michigan,Detroit
44105,East,United States,Ohio,Cleveland
2169,East,United States,Massachusetts,Quincy
93309,West,United States,California,Bakersfield
97504,West,United States,Oregon,Medford
84043,West,United States,Utah,Lehi
59715,West,United States,Montana,Bozeman
85301,West,United States,Arizona,Glendale
90008,West,United States,California,Los Angeles
94122,West,United States,California,San Francisco
85023,West,United States,Arizona,Phoenix
76017,Central,United States,Texas,Arlington
94122,West,United States,California,San Francisco
43229,East,United States,Ohio,Columbus
6450,East,United States,Connecticut,Meriden
47905,Central,United States,Indiana,Lafayette
90008,West,United States,California,Los Angeles
90036,West,United States,California,Los Angeles
94122,West,United States,California,San Francisco
38109,South,United States,Tennessee,Memphis
80219,West,United States,Colorado,Denver
92024,West,United States,California,San Diego
33012,South,United States,Florida,Hialeah
98042,West,United States,Washington,Covington
19134,East,United States,Pennsylvania,Philadelphia
3820,East,United States,New Hampshire,Dover
85345,West,United States,Arizona,Peoria
75220,Central,United States,Texas,Dallas
32216,South,United States,Florida,Jacksonville
85204,West,United States,Arizona,Mesa
43130,East,United States,Ohio,Lancaster
10011,East,United States,New York,New York City
19134,East,United States,Pennsylvania,Philadelphia
94109,West,United States,California,San Francisco
90004,West,United States,California,Los Angeles
63122,Central,United States,Missouri,Kirkwood
75081,Central,United States,Texas,Dallas
98031,West,United States,Washington,Kent
43130,East,United States,Ohio,Lancaster
22304,South,United States,Virginia,Alexandria
33180,South,United States,Florida,Miami
92024,West,United States,California,San Diego
10009,East,United States,New York,New York City
45503,East,United States,Ohio,Springfield
6824,East,United States,Connecticut,Fairfield
95123,West,United States,California,San Jose
43130,East,United States,Ohio,Lancaster
44105,East,United States,Ohio,Cleveland
10009,East,United States,New York,New York City
98115,West,United States,Washington,Seattle
94110,West,United States,California,San Francisco
19711,East,United States,Delaware,Newark
39212,South,United States,Mississippi,Jackson
2740,East,United States,Massachusetts,New Bedford
43229,East,United States,Ohio,Columbus
94122,West,United States,California,San Francisco
77041,Central,United States,Texas,Houston
80027,West,United States,Colorado,Louisville
94110,West,United States,California,San Francisco
94109,West,United States,California,San Francisco
32137,South,United States,Florida,Palm Coast
92105,West,United States,California,San Diego
28314,South,United States,North Carolina,Fayetteville
44107,East,United States,Ohio,Lakewood
11561,East,United States,New York,Long Beach
43229,East,United States,Ohio,Columbus
10035,East,United States,New York,New York City
84321,West,United States,Utah,Logan
40475,South,United States,Kentucky,Richmond
71901,South,United States,Arkansas,Hot Springs
10024,East,United States,New York,New York City
48227,Central,United States,Michigan,Detroit
53209,Central,United States,Wisconsin,Milwaukee
60610,Central,United States,Illinois,Chicago
80027,West,United States,Colorado,Louisville
19140,East,United States,Pennsylvania,Philadelphia
39503,South,United States,Mississippi,Gulfport
90032,West,United States,California,Los Angeles
19901,East,United States,Delaware,Dover
24153,South,United States,Virginia,Salem
60610,Central,United States,Illinois,Chicago
94109,West,United States,California,San Francisco
98105,West,United States,Washington,Seattle
98105,West,United States,Washington,Seattle
90045,West,United States,California,Los Angeles
98105,West,United States,Washington,Seattle
19140,East,United States,Pennsylvania,Philadelphia
94109,West,United States,California,San Francisco
74133,Central,United States,Oklahoma,Tulsa
92704,West,United States,California,Santa Ana
60610,Central,United States,Illinois,Chicago
98105,West,United States,Washington,Seattle
75061,Central,United States,Texas,Irving
10024,East,United States,New York,New York City
37604,South,United States,Tennessee,Johnson City
33178,South,United States,Florida,Miami
32725,South,United States,Florida,Deltona
94110,West,United States,California,San Francisco
77095,Central,United States,Texas,Houston
40475,South,United States,Kentucky,Richmond
10009,East,United States,New York,New York City
85023,West,United States,Arizona,Phoenix
77095,Central,United States,Texas,Houston
53209,Central,United States,Wisconsin,Milwaukee
77489,Central,United States,Texas,Missouri City
94122,West,United States,California,San Francisco
78745,Central,United States,Texas,Austin
77036,Central,United States,Texas,Houston
60505,Central,United States,Illinois,Aurora
42420,South,United States,Kentucky,Henderson
95037,West,United States,California,Morgan Hill
75043,Central,United States,Texas,Garland
60623,Central,United States,Illinois,Chicago
60016,Central,United States,Illinois,Des Plaines
33710,South,United States,Florida,Saint Petersburg
27405,South,United States,North Carolina,Greensboro
28540,South,United States,North Carolina,Jacksonville
90712,West,United States,California,Lakewood
46203,Central,United States,Indiana,Indianapolis
28403,South,United States,North Carolina,Wilmington
28205,South,United States,North Carolina,Charlotte
43229,East,United States,Ohio,Columbus
98115,West,United States,Washington,Seattle
92054,West,United States,California,Oceanside
91104,West,United States,California,Pasadena
60610,Central,United States,Illinois,Chicago
90004,West,United States,California,Los Angeles
10011,East,United States,New York,New York City
33180,South,United States,Florida,Miami
10024,East,United States,New York,New York City
19120,East,United States,Pennsylvania,Philadelphia
77095,Central,United States,Texas,Houston
10035,East,United States,New York,New York City
10009,East,United States,New York,New York City
19140,East,United States,Pennsylvania,Philadelphia
98103,West,United States,Washington,Seattle
7501,East,United States,New Jersey,Paterson
93101,West,United States,California,Santa Barbara
19140,East,United States,Pennsylvania,Philadelphia
7060,East,United States,New Jersey,Plainfield
33433,South,United States,Florida,Boca Raton
22801,South,United States,Virginia,Harrisonburg
28540,South,United States,North Carolina,Jacksonville
43615,East,United States,Ohio,Toledo
98103,West,United States,Washington,Seattle
91104,West,United States,California,Pasadena
19140,East,United States,Pennsylvania,Philadelphia
50315,Central,United States,Iowa,Des Moines
77340,Central,United States,Texas,Huntsville
10035,East,United States,New York,New York City
19601,East,United States,Pennsylvania,Reading
19120,East,United States,Pennsylvania,Philadelphia
94122,West,United States,California,San Francisco
94109,West,United States,California,San Francisco
78666,Central,United States,Texas,San Marcos
92627,West,United States,California,Costa Mesa
19120,East,United States,Pennsylvania,Philadelphia
77642,Central,United States,Texas,Port Arthur
13021,East,United States,New York,Auburn
10024,East,United States,New York,New York City
98115,West,United States,Washington,Seattle
72401,South,United States,Arkansas,Jonesboro
22304,South,United States,Virginia,Alexandria
22153,South,United States,Virginia,Springfield
94122,West,United States,California,San Francisco
2908,East,United States,Rhode Island,Providence
48185,Central,United States,Michigan,Westland
77070,Central,United States,Texas,Houston
75220,Central,United States,Texas,Dallas
97301,West,United States,Oregon,Salem
60610,Central,United States,Illinois,Chicago
55113,Central,United States,Minnesota,Roseville
92627,West,United States,California,Costa Mesa
80229,West,United States,Colorado,Thornton
19134,East,United States,Pennsylvania,Philadelphia
94110,West,United States,California,San Francisco
11561,East,United States,New York,Long Beach
4240,East,United States,Maine,Lewiston
31907,South,United States,Georgia,Columbus
43130,East,United States,Ohio,Lancaster
2908,East,United States,Rhode Island,Providence
79424,Central,United States,Texas,Lubbock
94533,West,United States,California,Fairfield
19140,East,United States,Pennsylvania,Philadelphia
98006,West,United States,Washington,Bellevue
10009,East,United States,New York,New York City
92374,West,United States,California,Redlands
94109,West,United States,California,San Francisco
23434,South,United States,Virginia,Suffolk
30318,South,United States,Georgia,Atlanta
90004,West,United States,California,Los Angeles
19140,East,United States,Pennsylvania,Philadelphia
10009,East,United States,New York,New York City
33178,South,United States,Florida,Miami
92404,West,United States,California,San Bernardino
97301,West,United States,Oregon,Salem
98115,West,United States,Washington,Seattle
43229,East,United States,Ohio,Columbus
10009,East,United States,New York,New York City
60653,Central,United States,Illinois,Chicago
43229,East,United States,Ohio,Columbus
85023,West,United States,Arizona,Phoenix
19120,East,United States,Pennsylvania,Philadelphia
23602,South,United States,Virginia,Newport News
10024,East,United States,New York,New York City
19134,East,United States,Pennsylvania,Philadelphia
60610,Central,United States,Illinois,Chicago
78550,Central,United States,Texas,Harlingen
89115,West,United States,Nevada,Las Vegas
19711,East,United States,Delaware,Newark
98103,West,United States,Washington,Seattle
97504,West,United States,Oregon,Medford
31907,South,United States,Georgia,Columbus
22153,South,United States,Virginia,Springfield
21044,East,United States,Maryland,Columbia
6460,East,United States,Connecticut,Milford
84604,West,United States,Utah,Provo
10024,East,United States,New York,New York City
10035,East,United States,New York,New York City
10009,East,United States,New York,New York City
94122,West,United States,California,San Francisco
98103,West,United States,Washington,Seattle
19140,East,United States,Pennsylvania,Philadelphia
74133,Central,United States,Oklahoma,Tulsa
32137,South,United States,Florida,Palm Coast
90049,West,United States,California,Los Angeles
48227,Central,United States,Michigan,Detroit
78415,Central,United States,Texas,Corpus Christi
94110,West,United States,California,San Francisco
14609,East,United States,New York,Rochester
10035,East,United States,New York,New York City
54401,Central,United States,Wisconsin,Wausau
10035,East,United States,New York,New York City
75220,Central,United States,Texas,Dallas
29203,South,United States,South Carolina,Columbia
19140,East,United States,Pennsylvania,Philadelphia
28540,South,United States,North Carolina,Jacksonville
92024,West,United States,California,San Diego
94109,West,United States,California,San Francisco
98103,West,United States,Washington,Seattle
38109,South,United States,Tennessee,Memphis
94122,West,United States,California,San Francisco
3301,East,United States,New Hampshire,Concord
77041,Central,United States,Texas,Houston
98105,West,United States,Washington,Seattle
33012,South,United States,Florida,Hialeah
55407,Central,United States,Minnesota,Minneapolis
32712,South,United States,Florida,Apopka
55125,Central,United States,Minnesota,Woodbury
85301,West,United States,Arizona,Glendale
19120,East,United States,Pennsylvania,Philadelphia
14609,East,United States,New York,Rochester
10035,East,United States,New York,New York City
12180,East,United States,New York,Troy
7109,East,United States,New Jersey,Belleville
90045,West,United States,California,Los Angeles
98105,West,United States,Washington,Seattle
90036,West,United States,California,Los Angeles
94122,West,United States,California,San Francisco
23602,South,United States,Virginia,Newport News
90008,West,United States,California,Los Angeles
71203,South,United States,Louisiana,Monroe
10035,East,United States,New York,New York City
38401,South,United States,Tennessee,Columbia
35601,South,United States,Alabama,Decatur
38109,South,United States,Tennessee,Memphis
55407,Central,United States,Minnesota,Minneapolis
48185,Central,United States,Michigan,Westland
77095,Central,United States,Texas,Houston
77070,Central,United States,Texas,Houston
92307,West,United States,California,Apple Valley
22204,South,United States,Virginia,Arlington
92105,West,United States,California,San Diego
77095,Central,United States,Texas,Houston
10011,East,United States,New York,New York City
65807,Central,United States,Missouri,Springfield
98105,West,United States,Washington,Seattle
95616,West,United States,California,Davis
79109,Central,United States,Texas,Amarillo
74133,Central,United States,Oklahoma,Tulsa
23320,South,United States,Virginia,Chesapeake
19143,East,United States,Pennsylvania,Philadelphia
47401,Central,United States,Indiana,Bloomington
90049,West,United States,California,Los Angeles
94122,West,United States,California,San Francisco
23223,South,United States,Virginia,Richmond
97206,West,United States,Oregon,Portland
36608,South,United States,Alabama,Mobile
80027,West,United States,Colorado,Louisville
19120,East,United States,Pennsylvania,Philadelphia
19140,East,United States,Pennsylvania,Philadelphia
65807,Central,United States,Missouri,Springfield
78207,Central,United States,Texas,San Antonio
19805,East,United States,Delaware,Wilmington
10024,East,United States,New York,New York City
22153,South,United States,Virginia,Springfield
80013,West,United States,Colorado,Aurora
75019,Central,United States,Texas,Coppell
19134,East,United States,Pennsylvania,Philadelphia
44105,East,United States,Ohio,Cleveland
92804,West,United States,California,Anaheim
97504,West,United States,Oregon,Medford
44105,East,United States,Ohio,Cleveland
11550,East,United States,New York,Hempstead
77041,Central,United States,Texas,Houston
73120,Central,United States,Oklahoma,Oklahoma City
19143,East,United States,Pennsylvania,Philadelphia
37604,South,United States,Tennessee,Johnson City
10009,East,United States,New York,New York City
75081,Central,United States,Texas,Dallas
98632,West,United States,Washington,Longview
22204,South,United States,Virginia,Arlington
33614,South,United States,Florida,Tampa
19140,East,United States,Pennsylvania,Philadelphia
98105,West,United States,Washington,Seattle
94122,West,United States,California,San Francisco
92804,West,United States,California,Anaheim
3301,East,United States,New Hampshire,Concord
10024,East,United States,New York,New York City
47362,Central,United States,Indiana,New Castle
77036,Central,United States,Texas,Houston
90032,West,United States,California,Los Angeles
92804,West,United States,California,Anaheim
43055,East,United States,Ohio,Newark
60610,Central,United States,Illinois,Chicago
30318,South,United States,Georgia,Atlanta
19120,East,United States,Pennsylvania,Philadelphia
98226,West,United States,Washington,Bellingham
55122,Central,United States,Minnesota,Eagan
75220,Central,United States,Texas,Dallas
10024,East,United States,New York,New York City
97477,West,United States,Oregon,Springfield
61032,Central,United States,Illinois,Freeport
92025,West,United States,California,Escondido
78041,Central,United States,Texas,Laredo
73120,Central,United States,Oklahoma,Oklahoma City
77536,Central,United States,Texas,Deer Park
48187,Central,United States,Michigan,Canton
68104,Central,United States,Nebraska,Omaha
47201,Central,United States,Indiana,Columbus
10009,East,United States,New York,New York City
77041,Central,United States,Texas,Houston
75051,Central,United States,Texas,Grand Prairie
29501,South,United States,South Carolina,Florence
77095,Central,United States,Texas,Houston
90036,West,United States,California,Los Angeles
98103,West,United States,Washington,Seattle
94109,West,United States,California,San Francisco
60623,Central,United States,Illinois,Chicago
32303,South,United States,Florida,Tallahassee
77095,Central,United States,Texas,Houston
97477,West,United States,Oregon,Springfield
10024,East,United States,New York,New York City
19143,East,United States,Pennsylvania,Philadelphia
99207,West,United States,Washington,Spokane
19120,East,United States,Pennsylvania,Philadelphia
85204,West,United States,Arizona,Mesa
60623,Central,United States,Illinois,Chicago
47401,Central,United States,Indiana,Bloomington
33068,South,United States,Florida,Pompano Beach
10035,East,United States,New York,New York City
53209,Central,United States,Wisconsin,Milwaukee
10009,East,United States,New York,New York City
78501,Central,United States,Texas,Mcallen
47905,Central,United States,Indiana,Lafayette
6457,East,United States,Connecticut,Middletown
47374,Central,United States,Indiana,Richmond
6810,East,United States,Connecticut,Danbury
20707,East,United States,Maryland,Laurel
90036,West,United States,California,Los Angeles
58103,Central,United States,North Dakota,Fargo
55016,Central,United States,Minnesota,Cottage Grove
22304,South,United States,Virginia,Alexandria
47201,Central,United States,Indiana,Columbus
91360,West,United States,California,Thousand Oaks
94122,West,United States,California,San Francisco
98105,West,United States,Washington,Seattle
43017,East,United States,Ohio,Dublin
94109,West,United States,California,San Francisco
94110,West,United States,California,San Francisco
98006,West,United States,Washington,Bellevue
94110,West,United States,California,San Francisco
37918,South,United States,Tennessee,Knoxville
19143,East,United States,Pennsylvania,Philadelphia
35601,South,United States,Alabama,Decatur
62301,Central,United States,Illinois,Quincy
19140,East,United States,Pennsylvania,Philadelphia
45373,East,United States,Ohio,Troy
75081,Central,United States,Texas,Dallas
10011,East,United States,New York,New York City
18103,East,United States,Pennsylvania,Allentown
97756,West,United States,Oregon,Redmond
60623,Central,United States,Illinois,Chicago
75217,Central,United States,Texas,Dallas
32216,South,United States,Florida,Jacksonville
22204,South,United States,Virginia,Arlington
98115,West,United States,Washington,Seattle
44107,East,United States,Ohio,Lakewood
80906,West,United States,Colorado,Colorado Springs
77506,Central,United States,Texas,Pasadena
43615,East,United States,Ohio,Toledo
21215,East,United States,Maryland,Baltimore
46203,Central,United States,Indiana,Indianapolis
19143,East,United States,Pennsylvania,Philadelphia
94110,West,United States,California,San Francisco
32114,South,United States,Florida,Daytona Beach
85705,West,United States,Arizona,Tucson
30344,South,United States,Georgia,East Point
21044,East,United States,Maryland,Columbia
65203,Central,United States,Missouri,Columbia
7017,East,United States,New Jersey,East Orange
36608,South,United States,Alabama,Mobile
92024,West,United States,California,San Diego
55044,Central,United States,Minnesota,Lakeville
93309,West,United States,California,Bakersfield
22204,South,United States,Virginia,Arlington
75220,Central,United States,Texas,Dallas
90036,West,United States,California,Los Angeles
48234,Central,United States,Michigan,Detroit
98105,West,United States,Washington,Seattle
1841,East,United States,Massachusetts,Lawrence
93727,West,United States,California,Fresno
35401,South,United States,Alabama,Tuscaloosa
10035,East,United States,New York,New York City
93727,West,United States,California,Fresno
11572,East,United States,New York,Oceanside
80906,West,United States,Colorado,Colorado Springs
28027,South,United States,North Carolina,Concord
77840,Central,United States,Texas,College Station
48234,Central,United States,Michigan,Detroit
94109,West,United States,California,San Francisco
89031,West,United States,Nevada,North Las Vegas
98105,West,United States,Washington,Seattle
68025,Central,United States,Nebraska,Fremont
77036,Central,United States,Texas,Houston
77506,Central,United States,Texas,Pasadena
77041,Central,United States,Texas,Houston
17602,East,United States,Pennsylvania,Lancaster
71203,South,United States,Louisiana,Monroe
77573,Central,United States,Texas,League City
90049,West,United States,California,Los Angeles
2920,East,United States,Rhode Island,Cranston
77041,Central,United States,Texas,Houston
68104,Central,United States,Nebraska,Omaha
37064,South,United States,Tennessee,Franklin
48146,Central,United States,Michigan,Lincoln Park
84107,West,United States,Utah,Murray
10009,East,United States,New York,New York City
31907,South,United States,Georgia,Columbus
90045,West,United States,California,Los Angeles
10024,East,United States,New York,New York City
53209,Central,United States,Wisconsin,Milwaukee
28205,South,United States,North Carolina,Charlotte
50701,Central,United States,Iowa,Waterloo
98115,West,United States,Washington,Seattle
94122,West,United States,California,San Francisco
21215,East,United States,Maryland,Baltimore
77506,Central,United States,Texas,Pasadena
10035,East,United States,New York,New York City
90049,West,United States,California,Los Angeles
90008,West,United States,California,Los Angeles
23223,South,United States,Virginia,Richmond
66212,Central,United States,Kansas,Overland Park
85281,West,United States,Arizona,Tempe
27217,South,United States,North Carolina,Burlington
90032,West,United States,California,Los Angeles
55044,Central,United States,Minnesota,Lakeville
24153,South,United States,Virginia,Salem
48185,Central,United States,Michigan,Westland
44107,East,United States,Ohio,Lakewood
10011,East,United States,New York,New York City
45503,East,United States,Ohio,Springfield
98026,West,United States,Washington,Edmonds
99301,West,United States,Washington,Pasco
31907,South,United States,Georgia,Columbus
44107,East,United States,Ohio,Lakewood
92677,West,United States,California,Laguna Niguel
95661,West,United States,California,Roseville
22204,South,United States,Virginia,Arlington
79109,Central,United States,Texas,Amarillo
19134,East,United States,Pennsylvania,Philadelphia
40475,South,United States,Kentucky,Richmond
10024,East,United States,New York,New York City
97301,West,United States,Oregon,Salem
93277,West,United States,California,Visalia
75217,Central,United States,Texas,Dallas
49505,Central,United States,Michigan,Grand Rapids
42301,South,United States,Kentucky,Owensboro
57401,Central,United States,South Dakota,Aberdeen
19140,East,United States,Pennsylvania,Philadelphia
10009,East,United States,New York,New York City
23223,South,United States,Virginia,Richmond
2151,East,United States,Massachusetts,Revere
60653,Central,United States,Illinois,Chicago
68104,Central,United States,Nebraska,Omaha
77041,Central,United States,Texas,Houston
31907,South,United States,Georgia,Columbus
19901,East,United States,Delaware,Dover
32216,South,United States,Florida,Jacksonville
80219,West,United States,Colorado,Denver
94122,West,United States,California,San Francisco
33178,South,United States,Florida,Miami
79907,Central,United States,Texas,El Paso
11561,East,United States,New York,Long Beach
60610,Central,United States,Illinois,Chicago
1841,East,United States,Massachusetts,Lawrence
27834,South,United States,North Carolina,Greenville
22153,South,United States,Virginia,Springfield
92105,West,United States,California,San Diego
8360,East,United States,New Jersey,Vineland
73120,Central,United States,Oklahoma,Oklahoma City
30328,South,United States,Georgia,Sandy Springs
30318,South,United States,Georgia,Atlanta
95123,West,United States,California,San Jose
48234,Central,United States,Michigan,Detroit
33021,South,United States,Florida,Hollywood
77095,Central,United States,Texas,Houston
21044,East,United States,Maryland,Columbia
81001,West,United States,Colorado,Pueblo
43055,East,United States,Ohio,Newark
19134,East,United States,Pennsylvania,Philadelphia
48127,Central,United States,Michigan,Dearborn Heights
31907,South,United States,Georgia,Columbus
95123,West,United States,California,San Jose
22153,South,United States,Virginia,Springfield
60440,Central,United States,Illinois,Bolingbrook
92592,West,United States,California,Temecula
19134,East,United States,Pennsylvania,Philadelphia
60623,Central,United States,Illinois,Chicago
65807,Central,United States,Missouri,Springfield
48183,Central,United States,Michigan,Trenton
75051,Central,United States,Texas,Grand Prairie
53209,Central,United States,Wisconsin,Milwaukee
19143,East,United States,Pennsylvania,Philadelphia
92683,West,United States,California,Westminster
38109,South,United States,Tennessee,Memphis
28540,South,United States,North Carolina,Jacksonville
76106,Central,United States,Texas,Fort Worth
90004,West,United States,California,Los Angeles
90004,West,United States,California,Los Angeles
55901,Central,United States,Minnesota,Rochester
90008,West,United States,California,Los Angeles
77095,Central,United States,Texas,Houston
80219,West,United States,Colorado,Denver
75217,Central,United States,Texas,Dallas
66212,Central,United States,Kansas,Overland Park
72701,South,United States,Arkansas,Fayetteville
71203,South,United States,Louisiana,Monroe
43229,East,United States,Ohio,Columbus
94122,West,United States,California,San Francisco
43055,East,United States,Ohio,Newark
76021,Central,United States,Texas,Bedford
28540,South,United States,North Carolina,Jacksonville
83642,West,United States,Idaho,Meridian
10035,East,United States,New York,New York City
98103,West,United States,Washington,Seattle
90008,West,United States,California,Los Angeles
98103,West,United States,Washington,Seattle
10009,East,United States,New York,New York City
10024,East,United States,New York,New York City
8701,East,United States,New Jersey,Lakewood
43130,East,United States,Ohio,Lancaster
3820,East,United States,New Hampshire,Dover
94109,West,United States,California,San Francisco
46226,Central,United States,Indiana,Lawrence
43130,East,United States,Ohio,Lancaster
45231,East,United States,Ohio,Cincinnati
60623,Central,United States,Illinois,Chicago
22153,South,United States,Virginia,Springfield
98105,West,United States,Washington,Seattle
33142,South,United States,Florida,Miami
77036,Central,United States,Texas,Houston
37075,South,United States,Tennessee,Hendersonville
33178,South,United States,Florida,Miami
90008,West,United States,California,Los Angeles
90032,West,United States,California,Los Angeles
75220,Central,United States,Texas,Dallas
97206,West,United States,Oregon,Portland
3301,East,United States,New Hampshire,Concord
7050,East,United States,New Jersey,Orange
98115,West,United States,Washington,Seattle
60653,Central,United States,Illinois,Chicago
33311,South,United States,Florida,Fort Lauderdale
90049,West,United States,California,Los Angeles
60610,Central,United States,Illinois,Chicago
37211,South,United States,Tennessee,Nashville
98103,West,United States,Washington,Seattle
53081,Central,United States,Wisconsin,Sheboygan
19134,East,United States,Pennsylvania,Philadelphia
21215,East,United States,Maryland,Baltimore
55125,Central,United States,Minnesota,Woodbury
94109,West,United States,California,San Francisco
60610,Central,United States,Illinois,Chicago
95051,West,United States,California,Santa Clara
98115,West,United States,Washington,Seattle
95928,West,United States,California,Chico
68104,Central,United States,Nebraska,Omaha
50315,Central,United States,Iowa,Des Moines
31204,South,United States,Georgia,Macon
90045,West,United States,California,Los Angeles
28806,South,United States,North Carolina,Asheville
65807,Central,United States,Missouri,Springfield
49201,Central,United States,Michigan,Jackson
10024,East,United States,New York,New York City
90301,West,United States,California,Inglewood
10009,East,United States,New York,New York City
94110,West,United States,California,San Francisco
42420,South,United States,Kentucky,Henderson
90049,West,United States,California,Los Angeles
93905,West,United States,California,Salinas
90032,West,United States,California,Los Angeles
31204,South,United States,Georgia,Macon
91730,West,United States,California,Rancho Cucamonga
90004,West,United States,California,Los Angeles
90049,West,United States,California,Los Angeles
10011,East,United States,New York,New York City
19805,East,United States,Delaware,Wilmington
7501,East,United States,New Jersey,Paterson
94122,West,United States,California,San Francisco
97206,West,United States,Oregon,Portland
44134,East,United States,Ohio,Parma
19143,East,United States,Pennsylvania,Philadelphia
28314,South,United States,North Carolina,Fayetteville
77036,Central,United States,Texas,Houston
85204,West,United States,Arizona,Mesa
32216,South,United States,Florida,Jacksonville
80219,West,United States,Colorado,Denver
33180,South,United States,Florida,Miami
45373,East,United States,Ohio,Troy
19711,East,United States,Delaware,Newark
38301,South,United States,Tennessee,Jackson
47150,Central,United States,Indiana,New Albany
98105,West,United States,Washington,Seattle
10011,East,United States,New York,New York City
19143,East,United States,Pennsylvania,Philadelphia
37130,South,United States,Tennessee,Murfreesboro
43130,East,United States,Ohio,Lancaster
83201,West,United States,Idaho,Pocatello
2920,East,United States,Rhode Island,Cranston
77571,Central,United States,Texas,La Porte
90032,West,United States,California,Los Angeles
77070,Central,United States,Texas,Houston
10035,East,United States,New York,New York City
80906,West,United States,Colorado,Colorado Springs
10035,East,United States,New York,New York City
45014,East,United States,Ohio,Fairfield
19120,East,United States,Pennsylvania,Philadelphia
60610,Central,United States,Illinois,Chicago
92404,West,United States,California,San Bernardino
94110,West,United States,California,San Francisco
93905,West,United States,California,Salinas
10009,East,United States,New York,New York City
92105,West,United States,California,San Diego
60610,Central,United States,Illinois,Chicago
19140,East,United States,Pennsylvania,Philadelphia
22304,South,United States,Virginia,Alexandria
90008,West,United States,California,Los Angeles
98103,West,United States,Washington,Seattle
80013,West,United States,Colorado,Aurora
19134,East,United States,Pennsylvania,Philadelphia
60623,Central,United States,Illinois,Chicago
28540,South,United States,North Carolina,Jacksonville
94568,West,United States,California,Dublin
94122,West,United States,California,San Francisco
50315,Central,United States,Iowa,Des Moines
76117,Central,United States,Texas,Haltom City
94122,West,United States,California,San Francisco
80013,West,United States,Colorado,Aurora
48227,Central,United States,Michigan,Detroit
60540,Central,United States,Illinois,Naperville
60653,Central,United States,Illinois,Chicago
10024,East,United States,New York,New York City
95823,West,United States,California,Sacramento
76117,Central,United States,Texas,Haltom City
20016,East,United States,District of Columbia,Washington
70506,South,United States,Louisiana,Lafayette
48104,Central,United States,Michigan,Ann Arbor
10035,East,United States,New York,New York City
60610,Central,United States,Illinois,Chicago
94110,West,United States,California,San Francisco
94110,West,United States,California,San Francisco
1841,East,United States,Massachusetts,Lawrence
77803,Central,United States,Texas,Bryan
94109,West,United States,California,San Francisco
60653,Central,United States,Illinois,Chicago
95123,West,United States,California,San Jose
60610,Central,United States,Illinois,Chicago
94122,West,United States,California,San Francisco
10011,East,United States,New York,New York City
20016,East,United States,District of Columbia,Washington
33021,South,United States,Florida,Hollywood
2149,East,United States,Massachusetts,Everett
89115,West,United States,Nevada,Las Vegas
90004,West,United States,California,Los Angeles
19140,East,United States,Pennsylvania,Philadelphia
10035,East,United States,New York,New York City
19120,East,United States,Pennsylvania,Philadelphia
92105,West,United States,California,San Diego
33142,South,United States,Florida,Miami
19140,East,United States,Pennsylvania,Philadelphia
31907,South,United States,Georgia,Columbus
12180,East,United States,New York,Troy
80134,West,United States,Colorado,Parker
22153,South,United States,Virginia,Springfield
10009,East,United States,New York,New York City
2149,East,United States,Massachusetts,Everett
19140,East,United States,Pennsylvania,Philadelphia
23666,South,United States,Virginia,Hampton
94109,West,United States,California,San Francisco
77095,Central,United States,Texas,Houston
10024,East,United States,New York,New York City
19120,East,United States,Pennsylvania,Philadelphia
60653,Central,United States,Illinois,Chicago
92592,West,United States,California,Temecula
90045,West,United States,California,Los Angeles
90008,West,United States,California,Los Angeles
90049,West,United States,California,Los Angeles
77041,Central,United States,Texas,Houston
44105,East,United States,Ohio,Cleveland
47201,Central,United States,Indiana,Columbus
95123,West,United States,California,San Jose
48183,Central,United States,Michigan,Trenton
19134,East,United States,Pennsylvania,Philadelphia
94122,West,United States,California,San Francisco
7090,East,United States,New Jersey,Westfield
91767,West,United States,California,Pomona
33180,South,United States,Florida,Miami
76106,Central,United States,Texas,Fort Worth
90301,West,United States,California,Inglewood
77095,Central,United States,Texas,Houston
81001,West,United States,Colorado,Pueblo
10035,East,United States,New York,New York City
72209,South,United States,Arkansas,Little Rock
2908,East,United States,Rhode Island,Providence
94109,West,United States,California,San Francisco
28314,South,United States,North Carolina,Fayetteville
77036,Central,United States,Texas,Houston
90008,West,United States,California,Los Angeles
92105,West,United States,California,San Diego
80027,West,United States,Colorado,Louisville
94086,West,United States,California,Sunnyvale
10035,East,United States,New York,New York City
27217,South,United States,North Carolina,Burlington
92037,West,United States,California,San Diego
10009,East,United States,New York,New York City
10009,East,United States,New York,New York City
48227,Central,United States,Michigan,Detroit
47201,Central,United States,Indiana,Columbus
10035,East,United States,New York,New York City
90049,West,United States,California,Los Angeles
78041,Central,United States,Texas,Laredo
93534,West,United States,California,Lancaster
48183,Central,United States,Michigan,Trenton
92037,West,United States,California,San Diego
55122,Central,United States,Minnesota,Eagan
76106,Central,United States,Texas,Fort Worth
94122,West,United States,California,San Francisco
94122,West,United States,California,San Francisco
11561,East,United States,New York,Long Beach
60505,Central,United States,Illinois,Aurora
98115,West,United States,Washington,Seattle
76706,Central,United States,Texas,Waco
23320,South,United States,Virginia,Chesapeake
44105,East,United States,Ohio,Cleveland
76017,Central,United States,Texas,Arlington
97477,West,United States,Oregon,Springfield
75081,Central,United States,Texas,Dallas
92374,West,United States,California,Redlands
90004,West,United States,California,Los Angeles
85635,West,United States,Arizona,Sierra Vista
98115,West,United States,Washington,Seattle
10011,East,United States,New York,New York City
72209,South,United States,Arkansas,Little Rock
90045,West,United States,California,Los Angeles
75002,Central,United States,Texas,Allen
71203,South,United States,Louisiana,Monroe
35810,South,United States,Alabama,Huntsville
85323,West,United States,Arizona,Avondale
48227,Central,United States,Michigan,Detroit
97405,West,United States,Oregon,Eugene
19140,East,United States,Pennsylvania,Philadelphia
43130,East,United States,Ohio,Lancaster
97504,West,United States,Oregon,Medford
43130,East,United States,Ohio,Lancaster
32216,South,United States,Florida,Jacksonville
45503,East,United States,Ohio,Springfield
37211,South,United States,Tennessee,Nashville
90032,West,United States,California,Los Angeles
10035,East,United States,New York,New York City
10024,East,United States,New York,New York City
72756,South,United States,Arkansas,Rogers
94122,West,United States,California,San Francisco
20016,East,United States,District of Columbia,Washington
90036,West,United States,California,Los Angeles
45373,East,United States,Ohio,Troy
19134,East,United States,Pennsylvania,Philadelphia
11561,East,United States,New York,Long Beach
28540,South,United States,North Carolina,Jacksonville
47374,Central,United States,Indiana,Richmond
32216,South,United States,Florida,Jacksonville
75220,Central,United States,Texas,Dallas
60090,Central,United States,Illinois,Wheeling
92037,West,United States,California,San Diego
98103,West,United States,Washington,Seattle
28314,South,United States,North Carolina,Fayetteville
76017,Central,United States,Texas,Arlington
84321,West,United States,Utah,Logan
11550,East,United States,New York,Hempstead
92374,West,United States,California,Redlands
31907,South,United States,Georgia,Columbus
98105,West,United States,Washington,Seattle
85705,West,United States,Arizona,Tucson
23223,South,United States,Virginia,Richmond
77070,Central,United States,Texas,Houston
43130,East,United States,Ohio,Lancaster
60610,Central,United States,Illinois,Chicago
2908,East,United States,Rhode Island,Providence
10024,East,United States,New York,New York City
10035,East,United States,New York,New York City
19143,East,United States,Pennsylvania,Philadelphia
55407,Central,United States,Minnesota,Minneapolis
48234,Central,United States,Michigan,Detroit
90004,West,United States,California,Los Angeles
44105,East,United States,Ohio,Cleveland
10024,East,United States,New York,New York City
27405,South,United States,North Carolina,Greensboro
48127,Central,United States,Michigan,Dearborn Heights
7060,East,United States,New Jersey,Plainfield
43017,East,United States,Ohio,Dublin
2920,East,United States,Rhode Island,Cranston
78207,Central,United States,Texas,San Antonio
10009,East,United States,New York,New York City
98105,West,United States,Washington,Seattle
55369,Central,United States,Minnesota,Maple Grove
92037,West,United States,California,San Diego
90049,West,United States,California,Los Angeles
94086,West,United States,California,Sunnyvale
77095,Central,United States,Texas,Houston
48234,Central,United States,Michigan,Detroit
10024,East,United States,New York,New York City
78415,Central,United States,Texas,Corpus Christi
20735,East,United States,Maryland,Clinton
10024,East,United States,New York,New York City
79907,Central,United States,Texas,El Paso
68104,Central,United States,Nebraska,Omaha
75002,Central,United States,Texas,Allen
19711,East,United States,Delaware,Newark
95661,West,United States,California,Roseville
65807,Central,United States,Missouri,Springfield
43229,East,United States,Ohio,Columbus
22153,South,United States,Virginia,Springfield
33065,South,United States,Florida,Coral Springs
98103,West,United States,Washington,Seattle
13021,East,United States,New York,Auburn
90008,West,United States,California,Los Angeles
60098,Central,United States,Illinois,Woodstock
90049,West,United States,California,Los Angeles
10035,East,United States,New York,New York City
74133,Central,United States,Oklahoma,Tulsa
10024,East,United States,New York,New York City
33024,South,United States,Florida,Pembroke Pines
94122,West,United States,California,San Francisco
89115,West,United States,Nevada,Las Vegas
74133,Central,United States,Oklahoma,Tulsa
28540,South,United States,North Carolina,Jacksonville
10035,East,United States,New York,New York City
90045,West,United States,California,Los Angeles
32216,South,United States,Florida,Jacksonville
6460,East,United States,Connecticut,Milford
31907,South,United States,Georgia,Columbus
75061,Central,United States,Texas,Irving
90036,West,United States,California,Los Angeles
33614,South,United States,Florida,Tampa
6824,East,United States,Connecticut,Fairfield
24153,South,United States,Virginia,Salem
98103,West,United States,Washington,Seattle
57103,Central,United States,South Dakota,Sioux Falls
98105,West,United States,Washington,Seattle
28403,South,United States,North Carolina,Wilmington
60610,Central,United States,Illinois,Chicago
75081,Central,United States,Texas,Dallas
90004,West,United States,California,Los Angeles
77070,Central,United States,Texas,Houston
2895,East,United States,Rhode Island,Woonsocket
90036,West,United States,California,Los Angeles
10011,East,United States,New York,New York City
43402,East,United States,Ohio,Bowling Green
14609,East,United States,New York,Rochester
98105,West,United States,Washington,Seattle
94122,West,United States,California,San Francisco
94122,West,United States,California,San Francisco
98103,West,United States,Washington,Seattle
12180,East,United States,New York,Troy
62521,Central,United States,Illinois,Decatur
85023,West,United States,Arizona,Phoenix
98105,West,United States,Washington,Seattle
77095,Central,United States,Texas,Houston
75217,Central,United States,Texas,Dallas
78207,Central,United States,Texas,San Antonio
38671,South,United States,Mississippi,Southaven
90045,West,United States,California,Los Angeles
77070,Central,United States,Texas,Houston
8701,East,United States,New Jersey,Lakewood
39212,South,United States,Mississippi,Jackson
27604,South,United States,North Carolina,Raleigh
28540,South,United States,North Carolina,Jacksonville
78207,Central,United States,Texas,San Antonio
60623,Central,United States,Illinois,Chicago
91730,West,United States,California,Rancho Cucamonga
94122,West,United States,California,San Francisco
10011,East,United States,New York,New York City
10035,East,United States,New York,New York City
77070,Central,United States,Texas,Houston
92553,West,United States,California,Moreno Valley
60623,Central,United States,Illinois,Chicago
19143,East,United States,Pennsylvania,Philadelphia
92024,West,United States,California,San Diego
93101,West,United States,California,Santa Barbara
89031,West,United States,Nevada,North Las Vegas
98026,West,United States,Washington,Edmonds
32216,South,United States,Florida,Jacksonville
21740,East,United States,Maryland,Hagerstown
77041,Central,United States,Texas,Houston
94122,West,United States,California,San Francisco
60623,Central,United States,Illinois,Chicago
80027,West,United States,Colorado,Louisville
10024,East,United States,New York,New York City
94110,West,United States,California,San Francisco
19120,East,United States,Pennsylvania,Philadelphia
29203,South,United States,South Carolina,Columbia
10035,East,United States,New York,New York City
75701,Central,United States,Texas,Tyler
94109,West,United States,California,San Francisco
55901,Central,United States,Minnesota,Rochester
19805,East,United States,Delaware,Wilmington
23320,South,United States,Virginia,Chesapeake
46226,Central,United States,Indiana,Lawrence
37918,South,United States,Tennessee,Knoxville
77095,Central,United States,Texas,Houston
95240,West,United States,California,Lodi
10009,East,United States,New York,New York City
47201,Central,United States,Indiana,Columbus
45014,East,United States,Ohio,Fairfield
60653,Central,United States,Illinois,Chicago
60610,Central,United States,Illinois,Chicago
98105,West,United States,Washington,Seattle
10009,East,United States,New York,New York City
32216,South,United States,Florida,Jacksonville
90008,West,United States,California,Los Angeles
11572,East,United States,New York,Oceanside
90008,West,United States,California,Los Angeles
22204,South,United States,Virginia,Arlington
44105,East,United States,Ohio,Cleveland
98103,West,United States,Washington,Seattle
90049,West,United States,California,Los Angeles
87105,West,United States,New Mexico,Albuquerque
94110,West,United States,California,San Francisco
42420,South,United States,Kentucky,Henderson
90008,West,United States,California,Los Angeles
14609,East,United States,New York,Rochester
94109,West,United States,California,San Francisco
2895,East,United States,Rhode Island,Woonsocket
92704,West,United States,California,Santa Ana
54880,Central,United States,Wisconsin,Superior
78745,Central,United States,Texas,Austin
43229,East,United States,Ohio,Columbus
77340,Central,United States,Texas,Huntsville
37604,South,United States,Tennessee,Johnson City
77041,Central,United States,Texas,Houston
77036,Central,United States,Texas,Houston
75220,Central,United States,Texas,Dallas
85345,West,United States,Arizona,Peoria
55044,Central,United States,Minnesota,Lakeville
10011,East,United States,New York,New York City
10035,East,United States,New York,New York City
91104,West,United States,California,Pasadena
90004,West,United States,California,Los Angeles
92105,West,United States,California,San Diego
60441,Central,United States,Illinois,Romeoville
98105,West,United States,Washington,Seattle
43615,East,United States,Ohio,Toledo
10009,East,United States,New York,New York City
43229,East,United States,Ohio,Columbus
10011,East,United States,New York,New York City
44105,East,United States,Ohio,Cleveland
13440,East,United States,New York,Rome
60610,Central,United States,Illinois,Chicago
10024,East,United States,New York,New York City
10011,East,United States,New York,New York City
39212,South,United States,Mississippi,Jackson
28314,South,United States,North Carolina,Fayetteville
55044,Central,United States,Minnesota,Lakeville
3820,East,United States,New Hampshire,Dover
90640,West,United States,California,Montebello
10035,East,United States,New York,New York City
20016,East,United States,District of Columbia,Washington
88001,West,United States,New Mexico,Las Cruces
91767,West,United States,California,Pomona
53209,Central,United States,Wisconsin,Milwaukee
94109,West,United States,California,San Francisco
92024,West,United States,California,San Diego
54703,Central,United States,Wisconsin,Eau Claire
52601,Central,United States,Iowa,Burlington
21215,East,United States,Maryland,Baltimore
11561,East,United States,New York,Long Beach
77070,Central,United States,Texas,Houston
48104,Central,United States,Michigan,Ann Arbor
43229,East,United States,Ohio,Columbus
14609,East,United States,New York,Rochester
39212,South,United States,Mississippi,Jackson
1841,East,United States,Massachusetts,Lawrence
33801,South,United States,Florida,Lakeland
38301,South,United States,Tennessee,Jackson
78501,Central,United States,Texas,Mcallen
61107,Central,United States,Illinois,Rockford
60610,Central,United States,Illinois,Chicago
22901,South,United States,Virginia,Charlottesville
72209,South,United States,Arkansas,Little Rock
90049,West,United States,California,Los Angeles
91104,West,United States,California,Pasadena
10035,East,United States,New York,New York City
33178,South,United States,Florida,Miami
43055,East,United States,Ohio,Newark
92037,West,United States,California,San Diego
90032,West,United States,California,Los Angeles
50322,Central,United States,Iowa,Urbandale
92037,West,United States,California,San Diego
74133,Central,United States,Oklahoma,Tulsa
13021,East,United States,New York,Auburn
35244,South,United States,Alabama,Hoover
78666,Central,United States,Texas,San Marcos
47905,Central,United States,Indiana,Lafayette
43017,East,United States,Ohio,Dublin
78664,Central,United States,Texas,Round Rock
10011,East,United States,New York,New York City
90045,West,United States,California,Los Angeles
98103,West,United States,Washington,Seattle
28540,South,United States,North Carolina,Jacksonville
31907,South,United States,Georgia,Columbus
11550,East,United States,New York,Hempstead
94110,West,United States,California,San Francisco
7960,East,United States,New Jersey,Morristown
77041,Central,United States,Texas,Houston
62521,Central,United States,Illinois,Decatur
60653,Central,United States,Illinois,Chicago
23434,South,United States,Virginia,Suffolk
40475,South,United States,Kentucky,Richmond
27834,South,United States,North Carolina,Greenville
94109,West,United States,California,San Francisco
94601,West,United States,California,Oakland
40214,South,United States,Kentucky,Louisville
8701,East,United States,New Jersey,Lakewood
90045,West,United States,California,Los Angeles
10801,East,United States,New York,New Rochelle
92804,West,United States,California,Anaheim
38401,South,United States,Tennessee,Columbia
13440,East,United States,New York,Rome
77095,Central,United States,Texas,Houston
60653,Central,United States,Illinois,Chicago
84106,West,United States,Utah,Salt Lake City
98502,West,United States,Washington,Olympia
42301,South,United States,Kentucky,Owensboro
6450,East,United States,Connecticut,Meriden
93727,West,United States,California,Fresno
39212,South,United States,Mississippi,Jackson
79907,Central,United States,Texas,El Paso
10009,East,United States,New York,New York City
76017,Central,United States,Texas,Arlington
92404,West,United States,California,San Bernardino
78207,Central,United States,Texas,San Antonio
10009,East,United States,New York,New York City
10011,East,United States,New York,New York City
75217,Central,United States,Texas,Dallas
78207,Central,United States,Texas,San Antonio
90004,West,United States,California,Los Angeles
10035,East,United States,New York,New York City
49201,Central,United States,Michigan,Jackson
40475,South,United States,Kentucky,Richmond
90049,West,United States,California,Los Angeles
28540,South,United States,North Carolina,Jacksonville
97477,West,United States,Oregon,Springfield
85023,West,United States,Arizona,Phoenix
19711,East,United States,Delaware,Newark
39503,South,United States,Mississippi,Gulfport
78745,Central,United States,Texas,Austin
40214,South,United States,Kentucky,Louisville
98103,West,United States,Washington,Seattle
93030,West,United States,California,Oxnard
92627,West,United States,California,Costa Mesa
10035,East,United States,New York,New York City
28205,South,United States,North Carolina,Charlotte
10035,East,United States,New York,New York City
33178,South,United States,Florida,Miami
92037,West,United States,California,San Diego
30318,South,United States,Georgia,Atlanta
60610,Central,United States,Illinois,Chicago
94109,West,United States,California,San Francisco
37042,South,United States,Tennessee,Clarksville
98115,West,United States,Washington,Seattle
94110,West,United States,California,San Francisco
7017,East,United States,New Jersey,East Orange
23464,South,United States,Virginia,Virginia Beach
60610,Central,United States,Illinois,Chicago
40214,South,United States,Kentucky,Louisville
27405,South,United States,North Carolina,Greensboro
60653,Central,United States,Illinois,Chicago
45231,East,United States,Ohio,Cincinnati
90036,West,United States,California,Los Angeles
94122,West,United States,California,San Francisco
19143,East,United States,Pennsylvania,Philadelphia
46614,Central,United States,Indiana,South Bend
44052,East,United States,Ohio,Lorain
62301,Central,United States,Illinois,Quincy
94122,West,United States,California,San Francisco
43055,East,United States,Ohio,Newark
46203,Central,United States,Indiana,Indianapolis
60610,Central,United States,Illinois,Chicago
19134,East,United States,Pennsylvania,Philadelphia
44107,East,United States,Ohio,Lakewood
84107,West,United States,Utah,Murray
23223,South,United States,Virginia,Richmond
10035,East,United States,New York,New York City
94110,West,United States,California,San Francisco
48205,Central,United States,Michigan,Detroit
45373,East,United States,Ohio,Troy
11550,East,United States,New York,Hempstead
90032,West,United States,California,Los Angeles
78207,Central,United States,Texas,San Antonio
94110,West,United States,California,San Francisco
60035,Central,United States,Illinois,Highland Park
22980,South,United States,Virginia,Waynesboro
87105,West,United States,New Mexico,Albuquerque
98103,West,United States,Washington,Seattle
67846,Central,United States,Kansas,Garden City
77095,Central,United States,Texas,Houston
68104,Central,United States,Nebraska,Omaha
22204,South,United States,Virginia,Arlington
98115,West,United States,Washington,Seattle
94109,West,United States,California,San Francisco
10024,East,United States,New York,New York City
45503,East,United States,Ohio,Springfield
98105,West,United States,Washington,Seattle
71111,South,United States,Louisiana,Bossier City
44105,East,United States,Ohio,Cleveland
94109,West,United States,California,San Francisco
95123,West,United States,California,San Jose
37064,South,United States,Tennessee,Franklin
43615,East,United States,Ohio,Toledo
94110,West,United States,California,San Francisco
98105,West,United States,Washington,Seattle
43229,East,United States,Ohio,Columbus
22801,South,United States,Virginia,Harrisonburg
10009,East,United States,New York,New York City
19140,East,United States,Pennsylvania,Philadelphia
10701,East,United States,New York,Yonkers
10009,East,United States,New York,New York City
19711,East,United States,Delaware,Newark
80027,West,United States,Colorado,Louisville
90036,West,United States,California,Los Angeles
49201,Central,United States,Michigan,Jackson
60076,Central,United States,Illinois,Skokie
41042,South,United States,Kentucky,Florence
2908,East,United States,Rhode Island,Providence
98026,West,United States,Washington,Edmonds
94122,West,United States,California,San Francisco
23666,South,United States,Virginia,Hampton
14609,East,United States,New York,Rochester
64118,Central,United States,Missouri,Gladstone
28205,South,United States,North Carolina,Charlotte
68104,Central,United States,Nebraska,Omaha
94122,West,United States,California,San Francisco
93727,West,United States,California,Fresno
13501,East,United States,New York,Utica
94109,West,United States,California,San Francisco
33012,South,United States,Florida,Hialeah
94122,West,United States,California,San Francisco
94110,West,United States,California,San Francisco
90008,West,United States,California,Los Angeles
40324,South,United States,Kentucky,Georgetown
13021,East,United States,New York,Auburn
6457,East,United States,Connecticut,Middletown
94122,West,United States,California,San Francisco
10009,East,United States,New York,New York City
88001,West,United States,New Mexico,Las Cruces
10011,East,United States,New York,New York City
31907,South,United States,Georgia,Columbus
10011,East,United States,New York,New York City
90045,West,United States,California,Los Angeles
24153,South,United States,Virginia,Salem
54880,Central,United States,Wisconsin,Superior
90004,West,United States,California,Los Angeles
75051,Central,United States,Texas,Grand Prairie
75220,Central,United States,Texas,Dallas
55122,Central,United States,Minnesota,Eagan
19134,East,United States,Pennsylvania,Philadelphia
10024,East,United States,New York,New York City
13601,East,United States,New York,Watertown
10011,East,United States,New York,New York City
30328,South,United States,Georgia,Sandy Springs
10009,East,United States,New York,New York City
37918,South,United States,Tennessee,Knoxville
10009,East,United States,New York,New York City
10009,East,United States,New York,New York City
92054,West,United States,California,Oceanside
94122,West,United States,California,San Francisco
65807,Central,United States,Missouri,Springfield
55044,Central,United States,Minnesota,Lakeville
60440,Central,United States,Illinois,Bolingbrook
94110,West,United States,California,San Francisco
31907,South,United States,Georgia,Columbus
22980,South,United States,Virginia,Waynesboro
77041,Central,United States,Texas,Houston
45014,East,United States,Ohio,Fairfield
92024,West,United States,California,San Diego
75081,Central,United States,Texas,Dallas
78207,Central,United States,Texas,San Antonio
3820,East,United States,New Hampshire,Dover
75043,Central,United States,Texas,Garland
12180,East,United States,New York,Troy
43229,East,United States,Ohio,Columbus
77095,Central,United States,Texas,Houston
28540,South,United States,North Carolina,Jacksonville
75217,Central,United States,Texas,Dallas
42420,South,United States,Kentucky,Henderson
10011,East,United States,New York,New York City
54401,Central,United States,Wisconsin,Wausau
10024,East,United States,New York,New York City
97301,West,United States,Oregon,Salem
90045,West,United States,California,Los Angeles
28110,South,United States,North Carolina,Monroe
37211,South,United States,Tennessee,Nashville
98115,West,United States,Washington,Seattle
92503,West,United States,California,Riverside
27405,South,United States,North Carolina,Greensboro
88220,West,United States,New Mexico,Carlsbad
94109,West,United States,California,San Francisco
94601,West,United States,California,Oakland
46226,Central,United States,Indiana,Lawrence
94122,West,United States,California,San Francisco
80134,West,United States,Colorado,Parker
44312,East,United States,Ohio,Akron
95123,West,United States,California,San Jose
10011,East,United States,New York,New York City
27217,South,United States,North Carolina,Burlington
92404,West,United States,California,San Bernardino
10035,East,United States,New York,New York City
53209,Central,United States,Wisconsin,Milwaukee
98059,West,United States,Washington,Renton
21044,East,United States,Maryland,Columbia
6460,East,United States,Connecticut,Milford
19140,East,United States,Pennsylvania,Philadelphia
33023,South,United States,Florida,Miramar
77340,Central,United States,Texas,Huntsville
76063,Central,United States,Texas,Mansfield
90049,West,United States,California,Los Angeles
33021,South,United States,Florida,Hollywood
71901,South,United States,Arkansas,Hot Springs
85023,West,United States,Arizona,Phoenix
40475,South,United States,Kentucky,Richmond
75220,Central,United States,Texas,Dallas
60076,Central,United States,Illinois,Skokie
72401,South,United States,Arkansas,Jonesboro
33317,South,United States,Florida,Plantation
46350,Central,United States,Indiana,La Porte
21044,East,United States,Maryland,Columbia
85635,West,United States,Arizona,Sierra Vista
77041,Central,United States,Texas,Houston
97477,West,United States,Oregon,Springfield
53209,Central,United States,Wisconsin,Milwaukee
85234,West,United States,Arizona,Gilbert
55113,Central,United States,Minnesota,Roseville
79762,Central,United States,Texas,Odessa
10550,East,United States,New York,Mount Vernon
42420,South,United States,Kentucky,Henderson
19134,East,United States,Pennsylvania,Philadelphia
10035,East,United States,New York,New York City
94109,West,United States,California,San Francisco
29501,South,United States,South Carolina,Florence
90049,West,United States,California,Los Angeles
8360,East,United States,New Jersey,Vineland
10011,East,United States,New York,New York City
44107,East,United States,Ohio,Lakewood
93309,West,United States,California,Bakersfield
33180,South,United States,Florida,Miami
65203,Central,United States,Missouri,Columbia
19140,East,United States,Pennsylvania,Philadelphia
92105,West,United States,California,San Diego
78207,Central,United States,Texas,San Antonio
66062,Central,United States,Kansas,Olathe
28540,South,United States,North Carolina,Jacksonville
47905,Central,United States,Indiana,Lafayette
98115,West,United States,Washington,Seattle
91104,West,United States,California,Pasadena
76051,Central,United States,Texas,Grapevine
80219,West,United States,Colorado,Denver
90004,West,United States,California,Los Angeles
53209,Central,United States,Wisconsin,Milwaukee
94110,West,United States,California,San Francisco
7090,East,United States,New Jersey,Westfield
77095,Central,United States,Texas,Houston
94061,West,United States,California,Redwood City
90049,West,United States,California,Los Angeles
1841,East,United States,Massachusetts,Lawrence
79907,Central,United States,Texas,El Paso
90049,West,United States,California,Los Angeles
6708,East,United States,Connecticut,Waterbury
77041,Central,United States,Texas,Houston
19140,East,United States,Pennsylvania,Philadelphia
21215,East,United States,Maryland,Baltimore
60610,Central,United States,Illinois,Chicago
94109,West,United States,California,San Francisco
98115,West,United States,Washington,Seattle
75220,Central,United States,Texas,Dallas
85204,West,United States,Arizona,Mesa
98105,West,United States,Washington,Seattle
49505,Central,United States,Michigan,Grand Rapids
68025,Central,United States,Nebraska,Fremont
77041,Central,United States,Texas,Houston
77705,Central,United States,Texas,Beaumont
10024,East,United States,New York,New York City
10024,East,United States,New York,New York City
60653,Central,United States,Illinois,Chicago
10011,East,United States,New York,New York City
19134,East,United States,Pennsylvania,Philadelphia
92307,West,United States,California,Apple Valley
90049,West,United States,California,Los Angeles
8701,East,United States,New Jersey,Lakewood
43130,East,United States,Ohio,Lancaster
28540,South,United States,North Carolina,Jacksonville
92253,West,United States,California,La Quinta
45503,East,United States,Ohio,Springfield
60610,Central,United States,Illinois,Chicago
55044,Central,United States,Minnesota,Lakeville
94110,West,United States,California,San Francisco
28540,South,United States,North Carolina,Jacksonville
19134,East,United States,Pennsylvania,Philadelphia
77095,Central,United States,Texas,Houston
10701,East,United States,New York,Yonkers
2149,East,United States,Massachusetts,Everett
10035,East,United States,New York,New York City
60653,Central,United States,Illinois,Chicago
79424,Central,United States,Texas,Lubbock
54601,Central,United States,Wisconsin,La Crosse
19711,East,United States,Delaware,Newark
8701,East,United States,New Jersey,Lakewood
98103,West,United States,Washington,Seattle
32216,South,United States,Florida,Jacksonville
1810,East,United States,Massachusetts,Andover
90004,West,United States,California,Los Angeles
38109,South,United States,Tennessee,Memphis
98103,West,United States,Washington,Seattle
94109,West,United States,California,San Francisco
75034,Central,United States,Texas,Frisco
94110,West,United States,California,San Francisco
85204,West,United States,Arizona,Mesa
85301,West,United States,Arizona,Glendale
39401,South,United States,Mississippi,Hattiesburg
60610,Central,United States,Illinois,Chicago
84106,West,United States,Utah,Salt Lake City
90004,West,United States,California,Los Angeles
77340,Central,United States,Texas,Huntsville
19805,East,United States,Delaware,Wilmington
10024,East,United States,New York,New York City
2740,East,United States,Massachusetts,New Bedford
10009,East,United States,New York,New York City
92037,West,United States,California,San Diego
94110,West,United States,California,San Francisco
23223,South,United States,Virginia,Richmond
92037,West,United States,California,San Diego
31907,South,United States,Georgia,Columbus
19140,East,United States,Pennsylvania,Philadelphia
11561,East,United States,New York,Long Beach
31907,South,United States,Georgia,Columbus
11757,East,United States,New York,Lindenhurst
10035,East,United States,New York,New York City
8861,East,United States,New Jersey,Perth Amboy
90049,West,United States,California,Los Angeles
33030,South,United States,Florida,Homestead
23223,South,United States,Virginia,Richmond
94122,West,United States,California,San Francisco
60440,Central,United States,Illinois,Bolingbrook
60505,Central,United States,Illinois,Aurora
90045,West,United States,California,Los Angeles
92307,West,United States,California,Apple Valley
94110,West,United States,California,San Francisco
22153,South,United States,Virginia,Springfield
77095,Central,United States,Texas,Houston
19134,East,United States,Pennsylvania,Philadelphia
90049,West,United States,California,Los Angeles
78207,Central,United States,Texas,San Antonio
33710,South,United States,Florida,Saint Petersburg
75220,Central,United States,Texas,Dallas
89115,West,United States,Nevada,Las Vegas
33142,South,United States,Florida,Miami
98103,West,United States,Washington,Seattle
44105,East,United States,Ohio,Cleveland
45231,East,United States,Ohio,Cincinnati
76017,Central,United States,Texas,Arlington
85234,West,United States,Arizona,Gilbert
94109,West,United States,California,San Francisco
93727,West,United States,California,Fresno
80013,West,United States,Colorado,Aurora
43055,East,United States,Ohio,Newark
28403,South,United States,North Carolina,Wilmington
2148,East,United States,Massachusetts,Malden
75081,Central,United States,Texas,Dallas
90036,West,United States,California,Los Angeles
50315,Central,United States,Iowa,Des Moines
60610,Central,United States,Illinois,Chicago
77095,Central,United States,Texas,Houston
80013,West,United States,Colorado,Aurora
92105,West,United States,California,San Diego
10011,East,United States,New York,New York City
77036,Central,United States,Texas,Houston
59601,West,United States,Montana,Helena
94110,West,United States,California,San Francisco
11550,East,United States,New York,Hempstead
92683,West,United States,California,Westminster
85301,West,United States,Arizona,Glendale
7109,East,United States,New Jersey,Belleville
60653,Central,United States,Illinois,Chicago
19120,East,United States,Pennsylvania,Philadelphia
33614,South,United States,Florida,Tampa
10035,East,United States,New York,New York City
19013,East,United States,Pennsylvania,Chester
62301,Central,United States,Illinois,Quincy
90036,West,United States,California,Los Angeles
10024,East,United States,New York,New York City
40214,South,United States,Kentucky,Louisville
68104,Central,United States,Nebraska,Omaha
87105,West,United States,New Mexico,Albuquerque
32216,South,United States,Florida,Jacksonville
94122,West,United States,California,San Francisco
98105,West,United States,Washington,Seattle
14609,East,United States,New York,Rochester
97301,West,United States,Oregon,Salem
94109,West,United States,California,San Francisco
77581,Central,United States,Texas,Pearland
10035,East,United States,New York,New York City
90049,West,United States,California,Los Angeles
92105,West,United States,California,San Diego
32216,South,United States,Florida,Jacksonville
2038,East,United States,Massachusetts,Franklin
77070,Central,United States,Texas,Houston
28205,South,United States,North Carolina,Charlotte
19120,East,United States,Pennsylvania,Philadelphia
76106,Central,United States,Texas,Fort Worth
45503,East,United States,Ohio,Springfield
94110,West,United States,California,San Francisco
33178,South,United States,Florida,Miami
10009,East,United States,New York,New York City
95123,West,United States,California,San Jose
85204,West,United States,Arizona,Mesa
28110,South,United States,North Carolina,Monroe
10024,East,United States,New York,New York City
75007,Central,United States,Texas,Carrollton
33710,South,United States,Florida,Saint Petersburg
10009,East,United States,New York,New York City
48227,Central,United States,Michigan,Detroit
90045,West,United States,California,Los Angeles
37064,South,United States,Tennessee,Franklin
37211,South,United States,Tennessee,Nashville
77095,Central,United States,Texas,Houston
31907,South,United States,Georgia,Columbus
47201,Central,United States,Indiana,Columbus
61107,Central,United States,Illinois,Rockford
19143,East,United States,Pennsylvania,Philadelphia
1852,East,United States,Massachusetts,Lowell
98105,West,United States,Washington,Seattle
27405,South,United States,North Carolina,Greensboro
90004,West,United States,California,Los Angeles
30062,South,United States,Georgia,Marietta
90045,West,United States,California,Los Angeles
92024,West,United States,California,Encinitas
40214,South,United States,Kentucky,Louisville
29203,South,United States,South Carolina,Columbia
93309,West,United States,California,Bakersfield
93030,West,United States,California,Oxnard
98115,West,United States,Washington,Seattle
57103,Central,United States,South Dakota,Sioux Falls
90045,West,United States,California,Los Angeles
76017,Central,United States,Texas,Arlington
10024,East,United States,New York,New York City
19134,East,United States,Pennsylvania,Philadelphia
19140,East,United States,Pennsylvania,Philadelphia
19143,East,United States,Pennsylvania,Philadelphia
1453,East,United States,Massachusetts,Leominster
2920,East,United States,Rhode Island,Cranston
10009,East,United States,New York,New York City
33710,South,United States,Florida,Saint Petersburg
90045,West,United States,California,Los Angeles
77041,Central,United States,Texas,Houston
19140,East,United States,Pennsylvania,Philadelphia
10024,East,United States,New York,New York City
22153,South,United States,Virginia,Springfield
48104,Central,United States,Michigan,Ann Arbor
19711,East,United States,Delaware,Newark
45231,East,United States,Ohio,Cincinnati
90049,West,United States,California,Los Angeles
19134,East,United States,Pennsylvania,Philadelphia
19140,East,United States,Pennsylvania,Philadelphia
19711,East,United States,Delaware,Newark
32216,South,United States,Florida,Jacksonville
71854,South,United States,Arkansas,Texarkana
42420,South,United States,Kentucky,Henderson
49201,Central,United States,Michigan,Jackson
94109,West,United States,California,San Francisco
44221,East,United States,Ohio,Cuyahoga Falls
10035,East,United States,New York,New York City
46350,Central,United States,Indiana,La Porte
75217,Central,United States,Texas,Dallas
94110,West,United States,California,San Francisco
94109,West,United States,California,San Francisco
21215,East,United States,Maryland,Baltimore
48640,Central,United States,Michigan,Midland
31907,South,United States,Georgia,Columbus
19120,East,United States,Pennsylvania,Philadelphia
90008,West,United States,California,Los Angeles
77095,Central,United States,Texas,Houston
60076,Central,United States,Illinois,Skokie
10035,East,United States,New York,New York City
10024,East,United States,New York,New York City
94110,West,United States,California,San Francisco
92553,West,United States,California,Moreno Valley
94110,West,United States,California,San Francisco
28205,South,United States,North Carolina,Charlotte
44107,East,United States,Ohio,Lakewood
14609,East,United States,New York,Rochester
77340,Central,United States,Texas,Huntsville
97405,West,United States,Oregon,Eugene
45503,East,United States,Ohio,Springfield
48185,Central,United States,Michigan,Westland
10024,East,United States,New York,New York City
2169,East,United States,Massachusetts,Quincy
19711,East,United States,Delaware,Newark
60477,Central,United States,Illinois,Tinley Park
48183,Central,United States,Michigan,Trenton
84106,West,United States,Utah,Salt Lake City
90301,West,United States,California,Inglewood
10011,East,United States,New York,New York City
29203,South,United States,South Carolina,Columbia
60623,Central,United States,Illinois,Chicago
48183,Central,United States,Michigan,Trenton
22204,South,United States,Virginia,Arlington
94122,West,United States,California,San Francisco
65203,Central,United States,Missouri,Columbia
14215,East,United States,New York,Buffalo
10011,East,United States,New York,New York City
10009,East,United States,New York,New York City
31088,South,United States,Georgia,Warner Robins
7060,East,United States,New Jersey,Plainfield
94110,West,United States,California,San Francisco
43055,East,United States,Ohio,Newark
39212,South,United States,Mississippi,Jackson
22204,South,United States,Virginia,Arlington
98103,West,United States,Washington,Seattle
79907,Central,United States,Texas,El Paso
94109,West,United States,California,San Francisco
2920,East,United States,Rhode Island,Cranston
42420,South,United States,Kentucky,Henderson
43229,East,United States,Ohio,Columbus
33710,South,United States,Florida,Saint Petersburg
28806,South,United States,North Carolina,Asheville
31204,South,United States,Georgia,Macon
27834,South,United States,North Carolina,Greenville
94110,West,United States,California,San Francisco
72209,South,United States,Arkansas,Little Rock
94122,West,United States,California,San Francisco
2149,East,United States,Massachusetts,Everett
2138,East,United States,Massachusetts,Cambridge
28540,South,United States,North Carolina,Jacksonville
19143,East,United States,Pennsylvania,Philadelphia
77041,Central,United States,Texas,Houston
28314,South,United States,North Carolina,Fayetteville
77041,Central,United States,Texas,Houston
98105,West,United States,Washington,Seattle
98115,West,United States,Washington,Seattle
43130,East,United States,Ohio,Lancaster
94109,West,United States,California,San Francisco
27534,South,United States,North Carolina,Goldsboro
19140,East,United States,Pennsylvania,Philadelphia
43229,East,United States,Ohio,Columbus
98105,West,United States,Washington,Seattle
90008,West,United States,California,Los Angeles
84604,West,United States,Utah,Provo
38109,South,United States,Tennessee,Memphis
85023,West,United States,Arizona,Phoenix
92503,West,United States,California,Riverside
28205,South,United States,North Carolina,Charlotte
22304,South,United States,Virginia,Alexandria
75007,Central,United States,Texas,Carrollton
90004,West,United States,California,Los Angeles
94122,West,United States,California,San Francisco
95123,West,United States,California,San Jose
12180,East,United States,New York,Troy
85023,West,United States,Arizona,Phoenix
10011,East,United States,New York,New York City
92503,West,United States,California,Riverside
10024,East,United States,New York,New York City
77070,Central,United States,Texas,Houston
94109,West,United States,California,San Francisco
10011,East,United States,New York,New York City
19013,East,United States,Pennsylvania,Chester
19134,East,United States,Pennsylvania,Philadelphia
90032,West,United States,California,Los Angeles
94109,West,United States,California,San Francisco
28205,South,United States,North Carolina,Charlotte
94110,West,United States,California,San Francisco
22153,South,United States,Virginia,Springfield
61701,Central,United States,Illinois,Bloomington
19013,East,United States,Pennsylvania,Chester
77041,Central,United States,Texas,Houston
10024,East,United States,New York,New York City
90045,West,United States,California,Los Angeles
77036,Central,United States,Texas,Houston
35601,South,United States,Alabama,Decatur
28205,South,United States,North Carolina,Charlotte
75081,Central,United States,Texas,Dallas
94122,West,United States,California,San Francisco
32712,South,United States,Florida,Apopka
92105,West,United States,California,San Diego
23464,South,United States,Virginia,Virginia Beach
19143,East,United States,Pennsylvania,Philadelphia
90036,West,United States,California,Los Angeles
11561,East,United States,New York,Long Beach
97477,West,United States,Oregon,Springfield
33614,South,United States,Florida,Tampa
98661,West,United States,Washington,Vancouver
90045,West,United States,California,Los Angeles
92804,West,United States,California,Anaheim
98105,West,United States,Washington,Seattle
19140,East,United States,Pennsylvania,Philadelphia
27604,South,United States,North Carolina,Raleigh
14609,East,United States,New York,Rochester
60653,Central,United States,Illinois,Chicago
10035,East,United States,New York,New York City
43302,East,United States,Ohio,Marion
98115,West,United States,Washington,Seattle
10801,East,United States,New York,New Rochelle
44256,East,United States,Ohio,Medina
36608,South,United States,Alabama,Mobile
6824,East,United States,Connecticut,Fairfield
80013,West,United States,Colorado,Aurora
77036,Central,United States,Texas,Houston
10009,East,United States,New York,New York City
92024,West,United States,California,San Diego
92105,West,United States,California,San Diego
60653,Central,United States,Illinois,Chicago
42420,South,United States,Kentucky,Henderson
19134,East,United States,Pennsylvania,Philadelphia
75081,Central,United States,Texas,Dallas
78577,Central,United States,Texas,Pharr
60653,Central,United States,Illinois,Chicago
60653,Central,United States,Illinois,Chicago
19134,East,United States,Pennsylvania,Philadelphia
19134,East,United States,Pennsylvania,Philadelphia
10011,East,United States,New York,New York City
81001,West,United States,Colorado,Pueblo
38401,South,United States,Tennessee,Columbia
94122,West,United States,California,San Francisco
10024,East,United States,New York,New York City
95123,West,United States,California,San Jose
2895,East,United States,Rhode Island,Woonsocket
76017,Central,United States,Texas,Arlington
98105,West,United States,Washington,Seattle
19120,East,United States,Pennsylvania,Philadelphia
77036,Central,United States,Texas,Houston
10701,East,United States,New York,Yonkers
60653,Central,United States,Illinois,Chicago
97301,West,United States,Oregon,Salem
33134,South,United States,Florida,Coral Gables
98115,West,United States,Washington,Seattle
90805,West,United States,California,Long Beach
53711,Central,United States,Wisconsin,Madison
77506,Central,United States,Texas,Pasadena
10009,East,United States,New York,New York City
10035,East,United States,New York,New York City
77070,Central,United States,Texas,Houston
10550,East,United States,New York,Mount Vernon
94122,West,United States,California,San Francisco
61604,Central,United States,Illinois,Peoria
44052,East,United States,Ohio,Lorain
10011,East,United States,New York,New York City
10035,East,United States,New York,New York City
22801,South,United States,Virginia,Harrisonburg
19120,East,United States,Pennsylvania,Philadelphia
53132,Central,United States,Wisconsin,Franklin
48180,Central,United States,Michigan,Taylor
10024,East,United States,New York,New York City
94122,West,United States,California,San Francisco
60505,Central,United States,Illinois,Aurora
84057,West,United States,Utah,Orem
33311,South,United States,Florida,Fort Lauderdale
78501,Central,United States,Texas,Mcallen
20735,East,United States,Maryland,Clinton
10011,East,United States,New York,New York City
92037,West,United States,California,San Diego
23320,South,United States,Virginia,Chesapeake
22153,South,United States,Virginia,Springfield
80020,West,United States,Colorado,Broomfield
94109,West,United States,California,San Francisco
10024,East,United States,New York,New York City
30318,South,United States,Georgia,Atlanta
94122,West,United States,California,San Francisco
72209,South,United States,Arkansas,Little Rock
39212,South,United States,Mississippi,Jackson
11520,East,United States,New York,Freeport
97477,West,United States,Oregon,Springfield
28601,South,United States,North Carolina,Hickory
77070,Central,United States,Texas,Houston
37042,South,United States,Tennessee,Clarksville
98115,West,United States,Washington,Seattle
75051,Central,United States,Texas,Grand Prairie
19143,East,United States,Pennsylvania,Philadelphia
90032,West,United States,California,Los Angeles
10035,East,United States,New York,New York City
98105,West,United States,Washington,Seattle
21044,East,United States,Maryland,Columbia
78041,Central,United States,Texas,Laredo
19143,East,United States,Pennsylvania,Philadelphia
78745,Central,United States,Texas,Austin
43017,East,United States,Ohio,Dublin
78745,Central,United States,Texas,Austin
76017,Central,United States,Texas,Arlington
98042,West,United States,Washington,Covington
43615,East,United States,Ohio,Toledo
1841,East,United States,Massachusetts,Lawrence
77070,Central,United States,Texas,Houston
10035,East,United States,New York,New York City
94110,West,United States,California,San Francisco
19134,East,United States,Pennsylvania,Philadelphia
22153,South,United States,Virginia,Springfield
20735,East,United States,Maryland,Clinton
77095,Central,United States,Texas,Houston
74133,Central,United States,Oklahoma,Tulsa
27604,South,United States,North Carolina,Raleigh
73120,Central,United States,Oklahoma,Oklahoma City
79109,Central,United States,Texas,Amarillo
53711,Central,United States,Wisconsin,Madison
90004,West,United States,California,Los Angeles
94110,West,United States,California,San Francisco
90036,West,United States,California,Los Angeles
7501,East,United States,New Jersey,Paterson
98103,West,United States,Washington,Seattle
6457,East,United States,Connecticut,Middletown
44052,East,United States,Ohio,Lorain
32303,South,United States,Florida,Tallahassee
18103,East,United States,Pennsylvania,Allentown
90008,West,United States,California,Los Angeles
11561,East,United States,New York,Long Beach
33437,South,United States,Florida,Boynton Beach
48183,Central,United States,Michigan,Trenton
92374,West,United States,California,Redlands
92037,West,United States,California,San Diego
7090,East,United States,New Jersey,Westfield
2149,East,United States,Massachusetts,Everett
90049,West,United States,California,Los Angeles
10011,East,United States,New York,New York City
94122,West,United States,California,San Francisco
60505,Central,United States,Illinois,Aurora
19134,East,United States,Pennsylvania,Philadelphia
19134,East,United States,Pennsylvania,Philadelphia
90045,West,United States,California,Los Angeles
47374,Central,United States,Indiana,Richmond
77506,Central,United States,Texas,Pasadena
10801,East,United States,New York,New Rochelle
10024,East,United States,New York,New York City
10011,East,United States,New York,New York City
97477,West,United States,Oregon,Springfield
90032,West,United States,California,Los Angeles
19711,East,United States,Delaware,Newark
60623,Central,United States,Illinois,Chicago
80020,West,United States,Colorado,Broomfield
75220,Central,United States,Texas,Dallas
49201,Central,United States,Michigan,Jackson
27604,South,United States,North Carolina,Raleigh
19140,East,United States,Pennsylvania,Philadelphia
75081,Central,United States,Texas,Dallas
48911,Central,United States,Michigan,Lansing
98198,West,United States,Washington,Des Moines
33012,South,United States,Florida,Hialeah
19711,East,United States,Delaware,Newark
90008,West,United States,California,Los Angeles
90045,West,United States,California,Los Angeles
77036,Central,United States,Texas,Houston
77070,Central,United States,Texas,Houston
47201,Central,United States,Indiana,Columbus
10035,East,United States,New York,New York City
30318,South,United States,Georgia,Atlanta
19120,East,United States,Pennsylvania,Philadelphia
98103,West,United States,Washington,Seattle
47201,Central,United States,Indiana,Columbus
77095,Central,United States,Texas,Houston
22153,South,United States,Virginia,Springfield
10024,East,United States,New York,New York City
92630,West,United States,California,Lake Forest
90036,West,United States,California,Los Angeles
32839,South,United States,Florida,Orlando
77041,Central,United States,Texas,Houston
97206,West,United States,Oregon,Portland
10035,East,United States,New York,New York City
78207,Central,United States,Texas,San Antonio
85345,West,United States,Arizona,Peoria
19143,East,United States,Pennsylvania,Philadelphia
76021,Central,United States,Texas,Bedford
42420,South,United States,Kentucky,Henderson
10009,East,United States,New York,New York City
94122,West,United States,California,San Francisco
48227,Central,United States,Michigan,Detroit
90036,West,United States,California,Los Angeles
10009,East,United States,New York,New York City
77095,Central,United States,Texas,Houston
54880,Central,United States,Wisconsin,Superior
85023,West,United States,Arizona,Phoenix
97301,West,United States,Oregon,Salem
10035,East,United States,New York,New York City
33311,South,United States,Florida,Fort Lauderdale
85204,West,United States,Arizona,Mesa
10035,East,United States,New York,New York City
33445,South,United States,Florida,Delray Beach
78664,Central,United States,Texas,Round Rock
61107,Central,United States,Illinois,Rockford
98115,West,United States,Washington,Seattle
45231,East,United States,Ohio,Cincinnati
19120,East,United States,Pennsylvania,Philadelphia
92672,West,United States,California,San Clemente
19711,East,United States,Delaware,Newark
98103,West,United States,Washington,Seattle
48601,Central,United States,Michigan,Saginaw
94122,West,United States,California,San Francisco
97301,West,United States,Oregon,Salem
37167,South,United States,Tennessee,Smyrna
90045,West,United States,California,Los Angeles
32303,South,United States,Florida,Tallahassee
36608,South,United States,Alabama,Mobile
93309,West,United States,California,Bakersfield
31907,South,United States,Georgia,Columbus
92683,West,United States,California,Westminster
98105,West,United States,Washington,Seattle
72701,South,United States,Arkansas,Fayetteville
90036,West,United States,California,Los Angeles
32114,South,United States,Florida,Daytona Beach
60623,Central,United States,Illinois,Chicago
3301,East,United States,New Hampshire,Concord
93905,West,United States,California,Salinas
75081,Central,United States,Texas,Dallas
33023,South,United States,Florida,Miramar
77340,Central,United States,Texas,Huntsville
90805,West,United States,California,Long Beach
98103,West,United States,Washington,Seattle
85254,West,United States,Arizona,Scottsdale
92677,West,United States,California,Laguna Niguel
77041,Central,United States,Texas,Houston
79424,Central,United States,Texas,Lubbock
38109,South,United States,Tennessee,Memphis
46142,Central,United States,Indiana,Greenwood
22204,South,United States,Virginia,Arlington
19134,East,United States,Pennsylvania,Philadelphia
10011,East,United States,New York,New York City
95207,West,United States,California,Stockton
2149,East,United States,Massachusetts,Everett
77041,Central,United States,Texas,Houston
44107,East,United States,Ohio,Lakewood
33614,South,United States,Florida,Tampa
77041,Central,United States,Texas,Houston
37211,South,United States,Tennessee,Nashville
55407,Central,United States,Minnesota,Minneapolis
63116,Central,United States,Missouri,Saint Louis
92105,West,United States,California,San Diego
19140,East,United States,Pennsylvania,Philadelphia
22204,South,United States,Virginia,Arlington
19140,East,United States,Pennsylvania,Philadelphia
10009,East,United States,New York,New York City
93309,West,United States,California,Bakersfield
21215,East,United States,Maryland,Baltimore
37918,South,United States,Tennessee,Knoxville
90049,West,United States,California,Los Angeles
10009,East,United States,New York,New York City
48066,Central,United States,Michigan,Roseville
60610,Central,United States,Illinois,Chicago
19134,East,United States,Pennsylvania,Philadelphia
85204,West,United States,Arizona,Mesa
60623,Central,United States,Illinois,Chicago
60610,Central,United States,Illinois,Chicago
20735,East,United States,Maryland,Clinton
38109,South,United States,Tennessee,Memphis
98105,West,United States,Washington,Seattle
22204,South,United States,Virginia,Arlington
77070,Central,United States,Texas,Houston
60610,Central,United States,Illinois,Chicago
80906,West,United States,Colorado,Colorado Springs
37130,South,United States,Tennessee,Murfreesboro
92105,West,United States,California,San Diego
19134,East,United States,Pennsylvania,Philadelphia
94122,West,United States,California,San Francisco
80027,West,United States,Colorado,Louisville
97224,West,United States,Oregon,Tigard
43229,East,United States,Ohio,Columbus
59405,West,United States,Montana,Great Falls
2895,East,United States,Rhode Island,Woonsocket
92374,West,United States,California,Redlands
92553,West,United States,California,Moreno Valley
10024,East,United States,New York,New York City
94109,West,United States,California,San Francisco
60653,Central,United States,Illinois,Chicago
77041,Central,United States,Texas,Houston
77095,Central,United States,Texas,Houston
92399,West,United States,California,Yucaipa
10024,East,United States,New York,New York City
80134,West,United States,Colorado,Parker
60610,Central,United States,Illinois,Chicago
47201,Central,United States,Indiana,Columbus
48126,Central,United States,Michigan,Dearborn
1852,East,United States,Massachusetts,Lowell
10011,East,United States,New York,New York City
60610,Central,United States,Illinois,Chicago
92804,West,United States,California,Anaheim
12180,East,United States,New York,Troy
77041,Central,United States,Texas,Houston
32216,South,United States,Florida,Jacksonville
11572,East,United States,New York,Oceanside
19140,East,United States,Pennsylvania,Philadelphia
10035,East,United States,New York,New York City
90301,West,United States,California,Inglewood
94122,West,United States,California,San Francisco
33012,South,United States,Florida,Hialeah
42420,South,United States,Kentucky,Henderson
10024,East,United States,New York,New York City
39212,South,United States,Mississippi,Jackson
98115,West,United States,Washington,Seattle
11561,East,United States,New York,Long Beach
75081,Central,United States,Texas,Dallas
75217,Central,United States,Texas,Dallas
55122,Central,United States,Minnesota,Eagan
31907,South,United States,Georgia,Columbus
19140,East,United States,Pennsylvania,Philadelphia
94526,West,United States,California,Danville
92025,West,United States,California,Escondido
92037,West,United States,California,San Diego
60653,Central,United States,Illinois,Chicago
77095,Central,United States,Texas,Houston
98103,West,United States,Washington,Seattle
62521,Central,United States,Illinois,Decatur
60623,Central,United States,Illinois,Chicago
90036,West,United States,California,Los Angeles
19140,East,United States,Pennsylvania,Philadelphia
97224,West,United States,Oregon,Tigard
30318,South,United States,Georgia,Atlanta
79762,Central,United States,Texas,Odessa
49201,Central,United States,Michigan,Jackson
19134,East,United States,Pennsylvania,Philadelphia
94110,West,United States,California,San Francisco
98105,West,United States,Washington,Seattle
84106,West,United States,Utah,Salt Lake City
85301,West,United States,Arizona,Glendale
94122,West,United States,California,San Francisco
10011,East,United States,New York,New York City
94109,West,United States,California,San Francisco
90004,West,United States,California,Los Angeles
80219,West,United States,Colorado,Denver
19134,East,United States,Pennsylvania,Philadelphia
94521,West,United States,California,Concord
19134,East,United States,Pennsylvania,Philadelphia
73071,Central,United States,Oklahoma,Norman
2138,East,United States,Massachusetts,Cambridge
70601,South,United States,Louisiana,Lake Charles
90045,West,United States,California,Los Angeles
94521,West,United States,California,Concord
10011,East,United States,New York,New York City
10011,East,United States,New York,New York City
46203,Central,United States,Indiana,Indianapolis
10024,East,United States,New York,New York City
90004,West,United States,California,Los Angeles
83642,West,United States,Idaho,Meridian
77095,Central,United States,Texas,Houston
18018,East,United States,Pennsylvania,Bethlehem
98103,West,United States,Washington,Seattle
90032,West,United States,California,Los Angeles
97477,West,United States,Oregon,Springfield
65807,Central,United States,Missouri,Springfield
28806,South,United States,North Carolina,Asheville
77070,Central,United States,Texas,Houston
97477,West,United States,Oregon,Springfield
32216,South,United States,Florida,Jacksonville
98031,West,United States,Washington,Kent
19134,East,United States,Pennsylvania,Philadelphia
89031,West,United States,Nevada,North Las Vegas
77095,Central,United States,Texas,Houston
38301,South,United States,Tennessee,Jackson
44105,East,United States,Ohio,Cleveland
11561,East,United States,New York,Long Beach
31907,South,United States,Georgia,Columbus
98031,West,United States,Washington,Kent
43130,East,United States,Ohio,Lancaster
90045,West,United States,California,Los Angeles
10035,East,United States,New York,New York City
10011,East,United States,New York,New York City
10035,East,United States,New York,New York City
42420,South,United States,Kentucky,Henderson
94122,West,United States,California,San Francisco
10011,East,United States,New York,New York City
32216,South,United States,Florida,Jacksonville
60653,Central,United States,Illinois,Chicago
29483,South,United States,South Carolina,Summerville
45373,East,United States,Ohio,Troy
7109,East,United States,New Jersey,Belleville
90004,West,United States,California,Los Angeles
10035,East,United States,New York,New York City
77070,Central,United States,Texas,Houston
98105,West,United States,Washington,Seattle
75081,Central,United States,Texas,Dallas
38401,South,United States,Tennessee,Columbia
48234,Central,United States,Michigan,Detroit
91104,West,United States,California,Pasadena
2038,East,United States,Massachusetts,Franklin
94110,West,United States,California,San Francisco
47150,Central,United States,Indiana,New Albany
94403,West,United States,California,San Mateo
10011,East,United States,New York,New York City
78207,Central,United States,Texas,San Antonio
47374,Central,United States,Indiana,Richmond
90049,West,United States,California,Los Angeles
90008,West,United States,California,Los Angeles
10801,East,United States,New York,New Rochelle
19134,East,United States,Pennsylvania,Philadelphia
90004,West,United States,California,Los Angeles
95823,West,United States,California,Sacramento
11572,East,United States,New York,Oceanside
19140,East,United States,Pennsylvania,Philadelphia
19901,East,United States,Delaware,Dover
8701,East,United States,New Jersey,Lakewood
94122,West,United States,California,San Francisco
14609,East,United States,New York,Rochester
10011,East,United States,New York,New York City
10011,East,United States,New York,New York City
33614,South,United States,Florida,Tampa
10035,East,United States,New York,New York City
22153,South,United States,Virginia,Springfield
47201,Central,United States,Indiana,Columbus
79424,Central,United States,Texas,Lubbock
29203,South,United States,South Carolina,Columbia
90805,West,United States,California,Long Beach
19120,East,United States,Pennsylvania,Philadelphia
19140,East,United States,Pennsylvania,Philadelphia
92105,West,United States,California,San Diego
95123,West,United States,California,San Jose
77095,Central,United States,Texas,Houston
19140,East,United States,Pennsylvania,Philadelphia
80013,West,United States,Colorado,Aurora
28314,South,United States,North Carolina,Fayetteville
30328,South,United States,Georgia,Sandy Springs
53186,Central,United States,Wisconsin,Waukesha
8302,East,United States,New Jersey,Bridgeton
10024,East,United States,New York,New York City
75056,Central,United States,Texas,The Colony
68104,Central,United States,Nebraska,Omaha
60623,Central,United States,Illinois,Chicago
98103,West,United States,Washington,Seattle
10035,East,United States,New York,New York City
44052,East,United States,Ohio,Lorain
43615,East,United States,Ohio,Toledo
45040,East,United States,Ohio,Mason
84057,West,United States,Utah,Orem
98105,West,United States,Washington,Seattle
55113,Central,United States,Minnesota,Roseville
77041,Central,United States,Texas,Houston
10009,East,United States,New York,New York City
33012,South,United States,Florida,Hialeah
2886,East,United States,Rhode Island,Warwick
28205,South,United States,North Carolina,Charlotte
10011,East,United States,New York,New York City
30076,South,United States,Georgia,Roswell
19120,East,United States,Pennsylvania,Philadelphia
38109,South,United States,Tennessee,Memphis
71203,South,United States,Louisiana,Monroe
92704,West,United States,California,Santa Ana
77506,Central,United States,Texas,Pasadena
39212,South,United States,Mississippi,Jackson
90032,West,United States,California,Los Angeles
75220,Central,United States,Texas,Dallas
33801,South,United States,Florida,Lakeland
33614,South,United States,Florida,Tampa
75081,Central,United States,Texas,Dallas
77095,Central,United States,Texas,Houston
94109,West,United States,California,San Francisco
10024,East,United States,New York,New York City
91104,West,United States,California,Pasadena
43615,East,United States,Ohio,Toledo
28314,South,United States,North Carolina,Fayetteville
32216,South,United States,Florida,Jacksonville
98103,West,United States,Washington,Seattle
95123,West,United States,California,San Jose
92553,West,United States,California,Moreno Valley
94122,West,United States,California,San Francisco
10035,East,United States,New York,New York City
28110,South,United States,North Carolina,Monroe
10035,East,United States,New York,New York City
10009,East,United States,New York,New York City
91104,West,United States,California,Pasadena
94110,West,United States,California,San Francisco
61032,Central,United States,Illinois,Freeport
28205,South,United States,North Carolina,Charlotte
19120,East,United States,Pennsylvania,Philadelphia
33801,South,United States,Florida,Lakeland
22204,South,United States,Virginia,Arlington
95823,West,United States,California,Sacramento
80229,West,United States,Colorado,Thornton
43615,East,United States,Ohio,Toledo
19140,East,United States,Pennsylvania,Philadelphia
95037,West,United States,California,Morgan Hill
94110,West,United States,California,San Francisco
75217,Central,United States,Texas,Dallas
77036,Central,United States,Texas,Houston
94109,West,United States,California,San Francisco
47401,Central,United States,Indiana,Bloomington
7017,East,United States,New Jersey,East Orange
85705,West,United States,Arizona,Tucson
19120,East,United States,Pennsylvania,Philadelphia
43055,East,United States,Ohio,Newark
10011,East,United States,New York,New York City
10009,East,United States,New York,New York City
53209,Central,United States,Wisconsin,Milwaukee
19134,East,United States,Pennsylvania,Philadelphia
75217,Central,United States,Texas,Dallas
19143,East,United States,Pennsylvania,Philadelphia
10011,East,United States,New York,New York City
60610,Central,United States,Illinois,Chicago
27604,South,United States,North Carolina,Raleigh
10024,East,United States,New York,New York City
60623,Central,United States,Illinois,Chicago
98103,West,United States,Washington,Seattle
77041,Central,United States,Texas,Houston
29501,South,United States,South Carolina,Florence
22204,South,United States,Virginia,Arlington
10035,East,United States,New York,New York City
90004,West,United States,California,Los Angeles
92037,West,United States,California,San Diego
94109,West,United States,California,San Francisco
10009,East,United States,New York,New York City
60610,Central,United States,Illinois,Chicago
17403,East,United States,Pennsylvania,York
98026,West,United States,Washington,Edmonds
77041,Central,United States,Texas,Houston
1841,East,United States,Massachusetts,Lawrence
84321,West,United States,Utah,Logan
39401,South,United States,Mississippi,Hattiesburg
74133,Central,United States,Oklahoma,Tulsa
81001,West,United States,Colorado,Pueblo
94122,West,United States,California,San Francisco
72401,South,United States,Arkansas,Jonesboro
60653,Central,United States,Illinois,Chicago
60610,Central,United States,Illinois,Chicago
26003,East,United States,West Virginia,Wheeling
10011,East,United States,New York,New York City
20735,East,United States,Maryland,Clinton
60610,Central,United States,Illinois,Chicago
92024,West,United States,California,San Diego
59601,West,United States,Montana,Helena
33180,South,United States,Florida,Miami
44240,East,United States,Ohio,Kent
6450,East,United States,Connecticut,Meriden
5408,East,United States,Vermont,Burlington
98105,West,United States,Washington,Seattle
43229,East,United States,Ohio,Columbus
10011,East,United States,New York,New York City
95051,West,United States,California,Santa Clara
76903,Central,United States,Texas,San Angelo
65807,Central,United States,Missouri,Springfield
19143,East,United States,Pennsylvania,Philadelphia
77571,Central,United States,Texas,La Porte
92037,West,United States,California,San Diego
49505,Central,United States,Michigan,Grand Rapids
97477,West,United States,Oregon,Springfield
45503,East,United States,Ohio,Springfield
40214,South,United States,Kentucky,Louisville
61032,Central,United States,Illinois,Freeport
89031,West,United States,Nevada,North Las Vegas
90049,West,United States,California,Los Angeles
60623,Central,United States,Illinois,Chicago
32303,South,United States,Florida,Tallahassee
22204,South,United States,Virginia,Arlington
11561,East,United States,New York,Long Beach
60623,Central,United States,Illinois,Chicago
92037,West,United States,California,San Diego
89115,West,United States,Nevada,Las Vegas
38301,South,United States,Tennessee,Jackson
31907,South,United States,Georgia,Columbus
44052,East,United States,Ohio,Lorain
90008,West,United States,California,Los Angeles
31907,South,United States,Georgia,Columbus
42420,South,United States,Kentucky,Henderson
94122,West,United States,California,San Francisco
28540,South,United States,North Carolina,Jacksonville
74133,Central,United States,Oklahoma,Tulsa
28540,South,United States,North Carolina,Jacksonville
98103,West,United States,Washington,Seattle
42104,South,United States,Kentucky,Bowling Green
90805,West,United States,California,Long Beach
85023,West,United States,Arizona,Phoenix
71203,South,United States,Louisiana,Monroe
98103,West,United States,Washington,Seattle
60610,Central,United States,Illinois,Chicago
60623,Central,United States,Illinois,Chicago
85301,West,United States,Arizona,Glendale
94110,West,United States,California,San Francisco
43229,East,United States,Ohio,Columbus
19134,East,United States,Pennsylvania,Philadelphia
94122,West,United States,California,San Francisco
19143,East,United States,Pennsylvania,Philadelphia
78207,Central,United States,Texas,San Antonio
93534,West,United States,California,Lancaster
33180,South,United States,Florida,Miami
33180,South,United States,Florida,Miami
10024,East,United States,New York,New York City
85023,West,United States,Arizona,Phoenix
90049,West,United States,California,Los Angeles
10035,East,United States,New York,New York City
80906,West,United States,Colorado,Colorado Springs
14215,East,United States,New York,Buffalo
10035,East,United States,New York,New York City
44134,East,United States,Ohio,Parma
19134,East,United States,Pennsylvania,Philadelphia
10024,East,United States,New York,New York City
13021,East,United States,New York,Auburn
76017,Central,United States,Texas,Arlington
94122,West,United States,California,San Francisco
94109,West,United States,California,San Francisco
32216,South,United States,Florida,Jacksonville
90049,West,United States,California,Los Angeles
19711,East,United States,Delaware,Newark
10009,East,United States,New York,New York City
92105,West,United States,California,San Diego
10701,East,United States,New York,Yonkers
10009,East,United States,New York,New York City
10035,East,United States,New York,New York City
94110,West,United States,California,San Francisco
7002,East,United States,New Jersey,Bayonne
56560,Central,United States,Minnesota,Moorhead
20735,East,United States,Maryland,Clinton
98103,West,United States,Washington,Seattle
60076,Central,United States,Illinois,Skokie
19013,East,United States,Pennsylvania,Chester
47362,Central,United States,Indiana,New Castle
85323,West,United States,Arizona,Avondale
97477,West,United States,Oregon,Springfield
94513,West,United States,California,Brentwood
98115,West,United States,Washington,Seattle
45231,East,United States,Ohio,Cincinnati
98105,West,United States,Washington,Seattle
68025,Central,United States,Nebraska,Fremont
80219,West,United States,Colorado,Denver
60623,Central,United States,Illinois,Chicago
72209,South,United States,Arkansas,Little Rock
78207,Central,United States,Texas,San Antonio
84084,West,United States,Utah,West Jordan
94513,West,United States,California,Brentwood
43302,East,United States,Ohio,Marion
97030,West,United States,Oregon,Gresham
2169,East,United States,Massachusetts,Quincy
47201,Central,United States,Indiana,Columbus
10024,East,United States,New York,New York City
90036,West,United States,California,Los Angeles
90049,West,United States,California,Los Angeles
62521,Central,United States,Illinois,Decatur
10011,East,United States,New York,New York City
6484,East,United States,Connecticut,Shelton
23320,South,United States,Virginia,Chesapeake
90032,West,United States,California,Los Angeles
27604,South,United States,North Carolina,Raleigh
10035,East,United States,New York,New York City
10009,East,United States,New York,New York City
75081,Central,United States,Texas,Dallas
10024,East,United States,New York,New York City
31907,South,United States,Georgia,Columbus
90045,West,United States,California,Los Angeles
7501,East,United States,New Jersey,Paterson
60653,Central,United States,Illinois,Chicago
98105,West,United States,Washington,Seattle
77070,Central,United States,Texas,Houston
90045,West,United States,California,Los Angeles
94122,West,United States,California,San Francisco
90004,West,United States,California,Los Angeles
84084,West,United States,Utah,West Jordan
90032,West,United States,California,Los Angeles
2149,East,United States,Massachusetts,Everett
60610,Central,United States,Illinois,Chicago
78207,Central,United States,Texas,San Antonio
98115,West,United States,Washington,Seattle
2038,East,United States,Massachusetts,Franklin
65807,Central,United States,Missouri,Springfield
29203,South,United States,South Carolina,Columbia
92037,West,United States,California,San Diego
19120,East,United States,Pennsylvania,Philadelphia
65203,Central,United States,Missouri,Columbia
19140,East,United States,Pennsylvania,Philadelphia
60174,Central,United States,Illinois,Saint Charles
43229,East,United States,Ohio,Columbus
36608,South,United States,Alabama,Mobile
54703,Central,United States,Wisconsin,Eau Claire
90032,West,United States,California,Los Angeles
2151,East,United States,Massachusetts,Revere
62521,Central,United States,Illinois,Decatur
43229,East,United States,Ohio,Columbus
95928,West,United States,California,Chico
19120,East,United States,Pennsylvania,Philadelphia
44312,East,United States,Ohio,Akron
19140,East,United States,Pennsylvania,Philadelphia
43229,East,United States,Ohio,Columbus
89115,West,United States,Nevada,Las Vegas
98026,West,United States,Washington,Edmonds
94513,West,United States,California,Brentwood
75220,Central,United States,Texas,Dallas
71203,South,United States,Louisiana,Monroe
85204,West,United States,Arizona,Mesa
90036,West,United States,California,Los Angeles
27360,South,United States,North Carolina,Thomasville
6708,East,United States,Connecticut,Waterbury
78745,Central,United States,Texas,Austin
92627,West,United States,California,Costa Mesa
90032,West,United States,California,Los Angeles
10035,East,United States,New York,New York City
98105,West,United States,Washington,Seattle
90008,West,United States,California,Los Angeles
66062,Central,United States,Kansas,Olathe
60610,Central,United States,Illinois,Chicago
94110,West,United States,California,San Francisco
67212,Central,United States,Kansas,Wichita
19134,East,United States,Pennsylvania,Philadelphia
21215,East,United States,Maryland,Baltimore
11561,East,United States,New York,Long Beach
77041,Central,United States,Texas,Houston
98115,West,United States,Washington,Seattle
19711,East,United States,Delaware,Newark
47374,Central,United States,Indiana,Richmond
28110,South,United States,North Carolina,Monroe
20735,East,United States,Maryland,Clinton
98105,West,United States,Washington,Seattle
19140,East,United States,Pennsylvania,Philadelphia
90032,West,United States,California,Los Angeles
90045,West,United States,California,Los Angeles
10011,East,United States,New York,New York City
33407,South,United States,Florida,West Palm Beach
94109,West,United States,California,San Francisco
10024,East,United States,New York,New York City
43229,East,United States,Ohio,Columbus
80525,West,United States,Colorado,Fort Collins
19140,East,United States,Pennsylvania,Philadelphia
77041,Central,United States,Texas,Houston
95661,West,United States,California,Roseville
49201,Central,United States,Michigan,Jackson
10035,East,United States,New York,New York City
90008,West,United States,California,Los Angeles
94109,West,United States,California,San Francisco
28205,South,United States,North Carolina,Charlotte
23223,South,United States,Virginia,Richmond
6824,East,United States,Connecticut,Fairfield
90032,West,United States,California,Los Angeles
90049,West,United States,California,Los Angeles
75034,Central,United States,Texas,Frisco
43130,East,United States,Ohio,Lancaster
60623,Central,United States,Illinois,Chicago
92024,West,United States,California,San Diego
93727,West,United States,California,Fresno
98026,West,United States,Washington,Edmonds
19134,East,United States,Pennsylvania,Philadelphia
38109,South,United States,Tennessee,Memphis
92683,West,United States,California,Westminster
43130,East,United States,Ohio,Lancaster
94601,West,United States,California,Oakland
60653,Central,United States,Illinois,Chicago
98115,West,United States,Washington,Seattle
95351,West,United States,California,Modesto
62521,Central,United States,Illinois,Decatur
10024,East,United States,New York,New York City
92804,West,United States,California,Anaheim
10009,East,United States,New York,New York City
60610,Central,United States,Illinois,Chicago
19805,East,United States,Delaware,Wilmington
28205,South,United States,North Carolina,Charlotte
39503,South,United States,Mississippi,Gulfport
13501,East,United States,New York,Utica
60201,Central,United States,Illinois,Evanston
2908,East,United States,Rhode Island,Providence
10024,East,United States,New York,New York City
98105,West,United States,Washington,Seattle
40214,South,United States,Kentucky,Louisville
32712,South,United States,Florida,Apopka
94109,West,United States,California,San Francisco
19120,East,United States,Pennsylvania,Philadelphia
90049,West,United States,California,Los Angeles
78550,Central,United States,Texas,Harlingen
97477,West,United States,Oregon,Springfield
41042,South,United States,Kentucky,Florence
10035,East,United States,New York,New York City
10011,East,United States,New York,New York City
61701,Central,United States,Illinois,Bloomington
30318,South,United States,Georgia,Atlanta
89115,West,United States,Nevada,Las Vegas
43229,East,United States,Ohio,Columbus
28205,South,United States,North Carolina,Charlotte
43130,East,United States,Ohio,Lancaster
75220,Central,United States,Texas,Dallas
75220,Central,United States,Texas,Dallas
60653,Central,United States,Illinois,Chicago
47374,Central,United States,Indiana,Richmond
49201,Central,United States,Michigan,Jackson
10011,East,United States,New York,New York City
77070,Central,United States,Texas,Houston
6708,East,United States,Connecticut,Waterbury
19143,East,United States,Pennsylvania,Philadelphia
36116,South,United States,Alabama,Montgomery
60623,Central,United States,Illinois,Chicago
31907,South,United States,Georgia,Columbus
45503,East,United States,Ohio,Springfield
37918,South,United States,Tennessee,Knoxville
77070,Central,United States,Texas,Houston
90036,West,United States,California,Los Angeles
10024,East,United States,New York,New York City
33614,South,United States,Florida,Tampa
78745,Central,United States,Texas,Austin
94110,West,United States,California,San Francisco
21215,East,United States,Maryland,Baltimore
8701,East,United States,New Jersey,Lakewood
77095,Central,United States,Texas,Houston
52302,Central,United States,Iowa,Marion
48227,Central,United States,Michigan,Detroit
83605,West,United States,Idaho,Caldwell
7501,East,United States,New Jersey,Paterson
23602,South,United States,Virginia,Newport News
19143,East,United States,Pennsylvania,Philadelphia
85023,West,United States,Arizona,Phoenix
10035,East,United States,New York,New York City
43055,East,United States,Ohio,Newark
19901,East,United States,Delaware,Dover
95123,West,United States,California,San Jose
95661,West,United States,California,Roseville
90008,West,United States,California,Los Angeles
79907,Central,United States,Texas,El Paso
30318,South,United States,Georgia,Atlanta
77036,Central,United States,Texas,Houston
80027,West,United States,Colorado,Louisville
45231,East,United States,Ohio,Cincinnati
43130,East,United States,Ohio,Lancaster
85023,West,United States,Arizona,Phoenix
90045,West,United States,California,Los Angeles
10035,East,United States,New York,New York City
77036,Central,United States,Texas,Houston
78745,Central,United States,Texas,Austin
79907,Central,United States,Texas,El Paso
37064,South,United States,Tennessee,Franklin
33311,South,United States,Florida,Fort Lauderdale
60623,Central,United States,Illinois,Chicago
3301,East,United States,New Hampshire,Concord
47374,Central,United States,Indiana,Richmond
28314,South,United States,North Carolina,Fayetteville
7601,East,United States,New Jersey,Hackensack
10035,East,United States,New York,New York City
87105,West,United States,New Mexico,Albuquerque
35810,South,United States,Alabama,Huntsville
90278,West,United States,California,Redondo Beach
47201,Central,United States,Indiana,Columbus
77041,Central,United States,Texas,Houston
60423,Central,United States,Illinois,Frankfort
90004,West,United States,California,Los Angeles
28540,South,United States,North Carolina,Jacksonville
60610,Central,United States,Illinois,Chicago
43229,East,United States,Ohio,Columbus
60623,Central,United States,Illinois,Chicago
90004,West,United States,California,Los Angeles
40475,South,United States,Kentucky,Richmond
75217,Central,United States,Texas,Dallas
10024,East,United States,New York,New York City
75217,Central,United States,Texas,Dallas
42420,South,United States,Kentucky,Henderson
89115,West,United States,Nevada,Las Vegas
10011,East,United States,New York,New York City
60610,Central,United States,Illinois,Chicago
27834,South,United States,North Carolina,Greenville
10009,East,United States,New York,New York City
46203,Central,United States,Indiana,Indianapolis
80219,West,United States,Colorado,Denver
77070,Central,United States,Texas,Houston
10024,East,United States,New York,New York City
55407,Central,United States,Minnesota,Minneapolis
48227,Central,United States,Michigan,Detroit
10035,East,United States,New York,New York City
85705,West,United States,Arizona,Tucson
94110,West,United States,California,San Francisco
10024,East,United States,New York,New York City
78745,Central,United States,Texas,Austin
99207,West,United States,Washington,Spokane
11572,East,United States,New York,Oceanside
75217,Central,United States,Texas,Dallas
75043,Central,United States,Texas,Garland
10011,East,United States,New York,New York City
76017,Central,United States,Texas,Arlington
48185,Central,United States,Michigan,Westland
75220,Central,United States,Texas,Dallas
60505,Central,United States,Illinois,Aurora
94109,West,United States,California,San Francisco
19143,East,United States,Pennsylvania,Philadelphia
43229,East,United States,Ohio,Columbus
90045,West,United States,California,Los Angeles
94110,West,United States,California,San Francisco
75217,Central,United States,Texas,Dallas
76106,Central,United States,Texas,Fort Worth
44105,East,United States,Ohio,Cleveland
92037,West,United States,California,San Diego
10035,East,United States,New York,New York City
75007,Central,United States,Texas,Carrollton
47374,Central,United States,Indiana,Richmond
48640,Central,United States,Michigan,Midland
46350,Central,United States,Indiana,La Porte
92683,West,United States,California,Westminster
43229,East,United States,Ohio,Columbus
92024,West,United States,California,San Diego
84084,West,United States,Utah,West Jordan
11561,East,United States,New York,Long Beach
94122,West,United States,California,San Francisco
33142,South,United States,Florida,Miami
75217,Central,United States,Texas,Dallas
85705,West,United States,Arizona,Tucson
78415,Central,United States,Texas,Corpus Christi
77070,Central,United States,Texas,Houston
45014,East,United States,Ohio,Fairfield
27604,South,United States,North Carolina,Raleigh
90036,West,United States,California,Los Angeles
90004,West,United States,California,Los Angeles
13501,East,United States,New York,Utica
30605,South,United States,Georgia,Athens
94601,West,United States,California,Oakland
10011,East,United States,New York,New York City
84057,West,United States,Utah,Orem
54601,Central,United States,Wisconsin,La Crosse
19120,East,United States,Pennsylvania,Philadelphia
75081,Central,United States,Texas,Dallas
55407,Central,United States,Minnesota,Minneapolis
10035,East,United States,New York,New York City
98115,West,United States,Washington,Seattle
45503,East,United States,Ohio,Springfield
45503,East,United States,Ohio,Springfield
43229,East,United States,Ohio,Columbus
19143,East,United States,Pennsylvania,Philadelphia
43229,East,United States,Ohio,Columbus
33407,South,United States,Florida,West Palm Beach
32839,South,United States,Florida,Orlando
48227,Central,United States,Michigan,Detroit
22153,South,United States,Virginia,Springfield
37211,South,United States,Tennessee,Nashville
90036,West,United States,California,Los Angeles
92105,West,United States,California,San Diego
89115,West,United States,Nevada,Las Vegas
10035,East,United States,New York,New York City
46614,Central,United States,Indiana,South Bend
92630,West,United States,California,Lake Forest
10701,East,United States,New York,Yonkers
97477,West,United States,Oregon,Springfield
13440,East,United States,New York,Rome
77041,Central,United States,Texas,Houston
90049,West,United States,California,Los Angeles
70506,South,United States,Louisiana,Lafayette
32216,South,United States,Florida,Jacksonville
98103,West,United States,Washington,Seattle
98105,West,United States,Washington,Seattle
2908,East,United States,Rhode Island,Providence
90008,West,United States,California,Los Angeles
19143,East,United States,Pennsylvania,Philadelphia
12180,East,United States,New York,Troy
83704,West,United States,Idaho,Boise
85234,West,United States,Arizona,Gilbert
45040,East,United States,Ohio,Mason
11561,East,United States,New York,Long Beach
8360,East,United States,New Jersey,Vineland
95051,West,United States,California,Santa Clara
10024,East,United States,New York,New York City
7002,East,United States,New Jersey,Bayonne
90008,West,United States,California,Los Angeles
92037,West,United States,California,San Diego
85023,West,United States,Arizona,Phoenix
7050,East,United States,New Jersey,Orange
90004,West,United States,California,Los Angeles
28205,South,United States,North Carolina,Charlotte
60076,Central,United States,Illinois,Skokie
90036,West,United States,California,Los Angeles
90045,West,United States,California,Los Angeles
85023,West,United States,Arizona,Phoenix
94122,West,United States,California,San Francisco
4240,East,United States,Maine,Lewiston
19134,East,United States,Pennsylvania,Philadelphia
80013,West,United States,Colorado,Aurora
42071,South,United States,Kentucky,Murray
27511,South,United States,North Carolina,Cary
48234,Central,United States,Michigan,Detroit
50322,Central,United States,Iowa,Urbandale
33801,South,United States,Florida,Lakeland
14215,East,United States,New York,Buffalo
78539,Central,United States,Texas,Edinburg
60623,Central,United States,Illinois,Chicago
19143,East,United States,Pennsylvania,Philadelphia
35810,South,United States,Alabama,Huntsville
98103,West,United States,Washington,Seattle
77340,Central,United States,Texas,Huntsville
43017,East,United States,Ohio,Dublin
37075,South,United States,Tennessee,Hendersonville
91941,West,United States,California,La Mesa
31204,South,United States,Georgia,Macon
98105,West,United States,Washington,Seattle
97301,West,United States,Oregon,Salem
19140,East,United States,Pennsylvania,Philadelphia
72701,South,United States,Arkansas,Fayetteville
90032,West,United States,California,Los Angeles
94122,West,United States,California,San Francisco
19140,East,United States,Pennsylvania,Philadelphia
92024,West,United States,California,San Diego
43229,East,United States,Ohio,Columbus
90032,West,United States,California,Los Angeles
93030,West,United States,California,Oxnard
10035,East,United States,New York,New York City
32216,South,United States,Florida,Jacksonville
7060,East,United States,New Jersey,Plainfield
48227,Central,United States,Michigan,Detroit
72401,South,United States,Arkansas,Jonesboro
92024,West,United States,California,San Diego
98632,West,United States,Washington,Longview
77340,Central,United States,Texas,Huntsville
7050,East,United States,New Jersey,Orange
77041,Central,United States,Texas,Houston
43302,East,United States,Ohio,Marion
10009,East,United States,New York,New York City
7960,East,United States,New Jersey,Morristown
77041,Central,United States,Texas,Houston
60653,Central,United States,Illinois,Chicago
48227,Central,United States,Michigan,Detroit
43229,East,United States,Ohio,Columbus
75220,Central,United States,Texas,Dallas
68025,Central,United States,Nebraska,Fremont
94109,West,United States,California,San Francisco
92105,West,United States,California,San Diego
85224,West,United States,Arizona,Chandler
92037,West,United States,California,San Diego
46226,Central,United States,Indiana,Lawrence
10009,East,United States,New York,New York City
98115,West,United States,Washington,Seattle
40214,South,United States,Kentucky,Louisville
2920,East,United States,Rhode Island,Cranston
10009,East,United States,New York,New York City
43229,East,United States,Ohio,Columbus
85345,West,United States,Arizona,Peoria
90712,West,United States,California,Lakewood
10011,East,United States,New York,New York City
43229,East,United States,Ohio,Columbus
85204,West,United States,Arizona,Mesa
77095,Central,United States,Texas,Houston
85204,West,United States,Arizona,Mesa
19120,East,United States,Pennsylvania,Philadelphia
19140,East,United States,Pennsylvania,Philadelphia
19140,East,United States,Pennsylvania,Philadelphia
19143,East,United States,Pennsylvania,Philadelphia
90008,West,United States,California,Los Angeles
90032,West,United States,California,Los Angeles
10024,East,United States,New York,New York City
55106,Central,United States,Minnesota,Saint Paul
77041,Central,United States,Texas,Houston
10011,East,United States,New York,New York City
27604,South,United States,North Carolina,Raleigh
48205,Central,United States,Michigan,Detroit
89431,West,United States,Nevada,Sparks
77041,Central,United States,Texas,Houston
75220,Central,United States,Texas,Dallas
22901,South,United States,Virginia,Charlottesville
48234,Central,United States,Michigan,Detroit
19805,East,United States,Delaware,Wilmington
6040,East,United States,Connecticut,Manchester
10024,East,United States,New York,New York City
10009,East,United States,New York,New York City
92236,West,United States,California,Coachella
85254,West,United States,Arizona,Scottsdale
94110,West,United States,California,San Francisco
94122,West,United States,California,San Francisco
49423,Central,United States,Michigan,Holland
72209,South,United States,Arkansas,Little Rock
92024,West,United States,California,San Diego
98115,West,United States,Washington,Seattle
53132,Central,United States,Wisconsin,Franklin
33012,South,United States,Florida,Hialeah
33068,South,United States,Florida,Pompano Beach
31907,South,United States,Georgia,Columbus
30076,South,United States,Georgia,Roswell
42420,South,United States,Kentucky,Henderson
72701,South,United States,Arkansas,Fayetteville
73120,Central,United States,Oklahoma,Oklahoma City
52302,Central,United States,Iowa,Marion
75081,Central,United States,Texas,Dallas
80906,West,United States,Colorado,Colorado Springs
44312,East,United States,Ohio,Akron
44105,East,United States,Ohio,Cleveland
97756,West,United States,Oregon,Redmond
80906,West,United States,Colorado,Colorado Springs
28205,South,United States,North Carolina,Charlotte
23666,South,United States,Virginia,Hampton
44105,East,United States,Ohio,Cleveland
90049,West,United States,California,Los Angeles
94109,West,United States,California,San Francisco
10009,East,United States,New York,New York City
98105,West,United States,Washington,Seattle
27405,South,United States,North Carolina,Greensboro
98115,West,United States,Washington,Seattle
94110,West,United States,California,San Francisco
23223,South,United States,Virginia,Richmond
77036,Central,United States,Texas,Houston
31907,South,United States,Georgia,Columbus
98103,West,United States,Washington,Seattle
70065,South,United States,Louisiana,Kenner
90045,West,United States,California,Los Angeles
19120,East,United States,Pennsylvania,Philadelphia
27707,South,United States,North Carolina,Durham
60610,Central,United States,Illinois,Chicago
95123,West,United States,California,San Jose
1852,East,United States,Massachusetts,Lowell
23464,South,United States,Virginia,Virginia Beach
92037,West,United States,California,San Diego
90036,West,United States,California,Los Angeles
85705,West,United States,Arizona,Tucson
48127,Central,United States,Michigan,Dearborn Heights
70506,South,United States,Louisiana,Lafayette
5408,East,United States,Vermont,Burlington
19134,East,United States,Pennsylvania,Philadelphia
30344,South,United States,Georgia,East Point
92024,West,United States,California,San Diego
45503,East,United States,Ohio,Springfield
2886,East,United States,Rhode Island,Warwick
77041,Central,United States,Texas,Houston
28027,South,United States,North Carolina,Concord
10009,East,United States,New York,New York City
80219,West,United States,Colorado,Denver
27893,South,United States,North Carolina,Wilson
2149,East,United States,Massachusetts,Everett
55044,Central,United States,Minnesota,Lakeville
90032,West,United States,California,Los Angeles
6450,East,United States,Connecticut,Meriden
33614,South,United States,Florida,Tampa
78745,Central,United States,Texas,Austin
10011,East,United States,New York,New York City
43229,East,United States,Ohio,Columbus
21215,East,United States,Maryland,Baltimore
90004,West,United States,California,Los Angeles
92105,West,United States,California,San Diego
29203,South,United States,South Carolina,Columbia
43302,East,United States,Ohio,Marion
85234,West,United States,Arizona,Gilbert
68025,Central,United States,Nebraska,Fremont
94122,West,United States,California,San Francisco
8701,East,United States,New Jersey,Lakewood
19120,East,United States,Pennsylvania,Philadelphia
22204,South,United States,Virginia,Arlington
46614,Central,United States,Indiana,South Bend
45231,East,United States,Ohio,Cincinnati
97123,West,United States,Oregon,Hillsboro
39212,South,United States,Mississippi,Jackson
90036,West,United States,California,Los Angeles
90004,West,United States,California,Los Angeles
10035,East,United States,New York,New York City
93727,West,United States,California,Fresno
10024,East,United States,New York,New York City
80219,West,United States,Colorado,Denver
32216,South,United States,Florida,Jacksonville
28540,South,United States,North Carolina,Jacksonville
29203,South,United States,South Carolina,Columbia
37042,South,United States,Tennessee,Clarksville
6708,East,United States,Connecticut,Waterbury
28540,South,United States,North Carolina,Jacksonville
10011,East,United States,New York,New York City
19143,East,United States,Pennsylvania,Philadelphia
10024,East,United States,New York,New York City
33065,South,United States,Florida,Coral Springs
19140,East,United States,Pennsylvania,Philadelphia
19711,East,United States,Delaware,Newark
77803,Central,United States,Texas,Bryan
75217,Central,United States,Texas,Dallas
33614,South,United States,Florida,Tampa
37167,South,United States,Tennessee,Smyrna
94110,West,United States,California,San Francisco
28314,South,United States,North Carolina,Fayetteville
97477,West,United States,Oregon,Springfield
19134,East,United States,Pennsylvania,Philadelphia
60623,Central,United States,Illinois,Chicago
62521,Central,United States,Illinois,Decatur
47201,Central,United States,Indiana,Columbus
90008,West,United States,California,Los Angeles
79109,Central,United States,Texas,Amarillo
77036,Central,United States,Texas,Houston
48310,Central,United States,Michigan,Sterling Heights
75220,Central,United States,Texas,Dallas
40475,South,United States,Kentucky,Richmond
77070,Central,United States,Texas,Houston
67212,Central,United States,Kansas,Wichita
98103,West,United States,Washington,Seattle
56301,Central,United States,Minnesota,Saint Cloud
95123,West,United States,California,San Jose
37620,South,United States,Tennessee,Bristol
32216,South,United States,Florida,Jacksonville
92804,West,United States,California,Anaheim
30328,South,United States,Georgia,Sandy Springs
40324,South,United States,Kentucky,Georgetown
21215,East,United States,Maryland,Baltimore
85301,West,United States,Arizona,Glendale
90301,West,United States,California,Inglewood
28540,South,United States,North Carolina,Jacksonville
68104,Central,United States,Nebraska,Omaha
90049,West,United States,California,Los Angeles
33801,South,United States,Florida,Lakeland
90049,West,United States,California,Los Angeles
94122,West,United States,California,San Francisco
75081,Central,United States,Texas,Dallas
85023,West,United States,Arizona,Phoenix
28205,South,United States,North Carolina,Charlotte
90036,West,United States,California,Los Angeles
7011,East,United States,New Jersey,Clifton
95123,West,United States,California,San Jose
80020,West,United States,Colorado,Broomfield
10024,East,United States,New York,New York City
36608,South,United States,Alabama,Mobile
47905,Central,United States,Indiana,Lafayette
40214,South,United States,Kentucky,Louisville
44256,East,United States,Ohio,Medina
94110,West,United States,California,San Francisco
90049,West,United States,California,Los Angeles
88220,West,United States,New Mexico,Carlsbad
92236,West,United States,California,Coachella
77095,Central,United States,Texas,Houston
90805,West,United States,California,Long Beach
90045,West,United States,California,Los Angeles
19711,East,United States,Delaware,Newark
75056,Central,United States,Texas,The Colony
37918,South,United States,Tennessee,Knoxville
21044,East,United States,Maryland,Columbia
10009,East,United States,New York,New York City
90049,West,United States,California,Los Angeles
98105,West,United States,Washington,Seattle
10011,East,United States,New York,New York City
85345,West,United States,Arizona,Peoria
77070,Central,United States,Texas,Houston
77095,Central,United States,Texas,Houston
60610,Central,United States,Illinois,Chicago
98115,West,United States,Washington,Seattle
90045,West,United States,California,Los Angeles
19134,East,United States,Pennsylvania,Philadelphia
80219,West,United States,Colorado,Denver
94110,West,United States,California,San Francisco
95207,West,United States,California,Stockton
75019,Central,United States,Texas,Coppell
37211,South,United States,Tennessee,Nashville
94122,West,United States,California,San Francisco
89431,West,United States,Nevada,Sparks
46226,Central,United States,Indiana,Lawrence
77573,Central,United States,Texas,League City
61701,Central,United States,Illinois,Bloomington
43229,East,United States,Ohio,Columbus
52302,Central,United States,Iowa,Marion
77070,Central,United States,Texas,Houston
2038,East,United States,Massachusetts,Franklin
94110,West,United States,California,San Francisco
41042,South,United States,Kentucky,Florence
33614,South,United States,Florida,Tampa
90008,West,United States,California,Los Angeles
85224,West,United States,Arizona,Chandler
92105,West,United States,California,San Diego
72209,South,United States,Arkansas,Little Rock
48227,Central,United States,Michigan,Detroit
98105,West,United States,Washington,Seattle
37211,South,United States,Tennessee,Nashville
43229,East,United States,Ohio,Columbus
33021,South,United States,Florida,Hollywood
90036,West,United States,California,Los Angeles
55369,Central,United States,Minnesota,Maple Grove
28540,South,United States,North Carolina,Jacksonville
53209,Central,United States,Wisconsin,Milwaukee
32303,South,United States,Florida,Tallahassee
29203,South,United States,South Carolina,Columbia
92105,West,United States,California,San Diego
94109,West,United States,California,San Francisco
10009,East,United States,New York,New York City
60174,Central,United States,Illinois,Saint Charles
23464,South,United States,Virginia,Virginia Beach
75220,Central,United States,Texas,Dallas
2038,East,United States,Massachusetts,Franklin
10024,East,United States,New York,New York City
90032,West,United States,California,Los Angeles
19140,East,United States,Pennsylvania,Philadelphia
65203,Central,United States,Missouri,Columbia
43229,East,United States,Ohio,Columbus
28314,South,United States,North Carolina,Fayetteville
10035,East,United States,New York,New York City
92024,West,United States,California,Encinitas
90045,West,United States,California,Los Angeles
98103,West,United States,Washington,Seattle
75220,Central,United States,Texas,Dallas
10011,East,United States,New York,New York City
43055,East,United States,Ohio,Newark
60188,Central,United States,Illinois,Carol Stream
91104,West,United States,California,Pasadena
59405,West,United States,Montana,Great Falls
80013,West,United States,Colorado,Aurora
60623,Central,United States,Illinois,Chicago
98105,West,United States,Washington,Seattle
30080,South,United States,Georgia,Smyrna
90004,West,United States,California,Los Angeles
2169,East,United States,Massachusetts,Quincy
29203,South,United States,South Carolina,Columbia
22153,South,United States,Virginia,Springfield
43229,East,United States,Ohio,Columbus
77095,Central,United States,Texas,Houston
98103,West,United States,Washington,Seattle
10035,East,United States,New York,New York City
10035,East,United States,New York,New York City
10024,East,United States,New York,New York City
63116,Central,United States,Missouri,Saint Louis
48234,Central,United States,Michigan,Detroit
98103,West,United States,Washington,Seattle
33180,South,United States,Florida,Miami
98103,West,United States,Washington,Seattle
94513,West,United States,California,Brentwood
98031,West,United States,Washington,Kent
92105,West,United States,California,San Diego
2038,East,United States,Massachusetts,Franklin
84084,West,United States,Utah,West Jordan
19805,East,United States,Delaware,Wilmington
19711,East,United States,Delaware,Newark
48234,Central,United States,Michigan,Detroit
90036,West,United States,California,Los Angeles
19140,East,United States,Pennsylvania,Philadelphia
38671,South,United States,Mississippi,Southaven
70506,South,United States,Louisiana,Lafayette
23434,South,United States,Virginia,Suffolk
92804,West,United States,California,Anaheim
94110,West,United States,California,San Francisco
30318,South,United States,Georgia,Atlanta
94110,West,United States,California,San Francisco
10035,East,United States,New York,New York City
2038,East,United States,Massachusetts,Franklin
22153,South,United States,Virginia,Springfield
98115,West,United States,Washington,Seattle
78415,Central,United States,Texas,Corpus Christi
33437,South,United States,Florida,Boynton Beach
85705,West,United States,Arizona,Tucson
48205,Central,United States,Michigan,Detroit
90008,West,United States,California,Los Angeles
46544,Central,United States,Indiana,Mishawaka
77340,Central,United States,Texas,Huntsville
75081,Central,United States,Texas,Dallas
2151,East,United States,Massachusetts,Revere
98105,West,United States,Washington,Seattle
45503,East,United States,Ohio,Springfield
28205,South,United States,North Carolina,Charlotte
21215,East,United States,Maryland,Baltimore
90032,West,United States,California,Los Angeles
78207,Central,United States,Texas,San Antonio
30080,South,United States,Georgia,Smyrna
94591,West,United States,California,Vallejo
80906,West,United States,Colorado,Colorado Springs
29203,South,United States,South Carolina,Columbia
7055,East,United States,New Jersey,Passaic
90036,West,United States,California,Los Angeles
20735,East,United States,Maryland,Clinton
30328,South,United States,Georgia,Sandy Springs
90032,West,United States,California,Los Angeles
37918,South,United States,Tennessee,Knoxville
94601,West,United States,California,Oakland
19140,East,United States,Pennsylvania,Philadelphia
21215,East,United States,Maryland,Baltimore
94110,West,United States,California,San Francisco
33614,South,United States,Florida,Tampa
71203,South,United States,Louisiana,Monroe
77070,Central,United States,Texas,Houston
28314,South,United States,North Carolina,Fayetteville
91767,West,United States,California,Pomona
92345,West,United States,California,Hesperia
53209,Central,United States,Wisconsin,Milwaukee
77095,Central,United States,Texas,Houston
2908,East,United States,Rhode Island,Providence
10024,East,United States,New York,New York City
10024,East,United States,New York,New York City
55901,Central,United States,Minnesota,Rochester
10009,East,United States,New York,New York City
38401,South,United States,Tennessee,Columbia
19120,East,United States,Pennsylvania,Philadelphia
77803,Central,United States,Texas,Bryan
28540,South,United States,North Carolina,Jacksonville
90036,West,United States,California,Los Angeles
19134,East,United States,Pennsylvania,Philadelphia
94110,West,United States,California,San Francisco
87105,West,United States,New Mexico,Albuquerque
46203,Central,United States,Indiana,Indianapolis
19143,East,United States,Pennsylvania,Philadelphia
19711,East,United States,Delaware,Newark
77070,Central,United States,Texas,Houston
33178,South,United States,Florida,Miami
84106,West,United States,Utah,Salt Lake City
84107,West,United States,Utah,Murray
60623,Central,United States,Illinois,Chicago
73120,Central,United States,Oklahoma,Oklahoma City
7036,East,United States,New Jersey,Linden
13601,East,United States,New York,Watertown
27604,South,United States,North Carolina,Raleigh
1841,East,United States,Massachusetts,Lawrence
10009,East,United States,New York,New York City
19013,East,United States,Pennsylvania,Chester
92037,West,United States,California,San Diego
77041,Central,United States,Texas,Houston
27360,South,United States,North Carolina,Thomasville
60610,Central,United States,Illinois,Chicago
40475,South,United States,Kentucky,Richmond
17403,East,United States,Pennsylvania,York
37620,South,United States,Tennessee,Bristol
98115,West,United States,Washington,Seattle
80229,West,United States,Colorado,Thornton
39212,South,United States,Mississippi,Jackson
98115,West,United States,Washington,Seattle
19143,East,United States,Pennsylvania,Philadelphia
77070,Central,United States,Texas,Houston
30318,South,United States,Georgia,Atlanta
10035,East,United States,New York,New York City
47374,Central,United States,Indiana,Richmond
94110,West,United States,California,San Francisco
92105,West,United States,California,San Diego
33433,South,United States,Florida,Boca Raton
46203,Central,United States,Indiana,Indianapolis
17403,East,United States,Pennsylvania,York
35810,South,United States,Alabama,Huntsville
20852,East,United States,Maryland,Rockville
63301,Central,United States,Missouri,Saint Charles
90032,West,United States,California,Los Angeles
44256,East,United States,Ohio,Medina
81001,West,United States,Colorado,Pueblo
19134,East,United States,Pennsylvania,Philadelphia
19711,East,United States,Delaware,Newark
10035,East,United States,New York,New York City
10035,East,United States,New York,New York City
19120,East,United States,Pennsylvania,Philadelphia
22153,South,United States,Virginia,Springfield
98105,West,United States,Washington,Seattle
33437,South,United States,Florida,Boynton Beach
40475,South,United States,Kentucky,Richmond
10035,East,United States,New York,New York City
94110,West,United States,California,San Francisco
98115,West,United States,Washington,Seattle
53209,Central,United States,Wisconsin,Milwaukee
98115,West,United States,Washington,Seattle
10024,East,United States,New York,New York City
19711,East,United States,Delaware,Newark
90032,West,United States,California,Los Angeles
77095,Central,United States,Texas,Houston
53209,Central,United States,Wisconsin,Milwaukee
75051,Central,United States,Texas,Grand Prairie
19711,East,United States,Delaware,Newark
67212,Central,United States,Kansas,Wichita
10011,East,United States,New York,New York City
78501,Central,United States,Texas,Mcallen
38401,South,United States,Tennessee,Columbia
46203,Central,United States,Indiana,Indianapolis
98105,West,United States,Washington,Seattle
90004,West,United States,California,Los Angeles
10011,East,United States,New York,New York City
62301,Central,United States,Illinois,Quincy
63116,Central,United States,Missouri,Saint Louis
95351,West,United States,California,Modesto
42420,South,United States,Kentucky,Henderson
94109,West,United States,California,San Francisco
98103,West,United States,Washington,Seattle
43615,East,United States,Ohio,Toledo
31907,South,United States,Georgia,Columbus
98115,West,United States,Washington,Seattle
48234,Central,United States,Michigan,Detroit
75051,Central,United States,Texas,Grand Prairie
22304,South,United States,Virginia,Alexandria
43229,East,United States,Ohio,Columbus
14609,East,United States,New York,Rochester
85023,West,United States,Arizona,Phoenix
95240,West,United States,California,Lodi
45373,East,United States,Ohio,Troy
28540,South,United States,North Carolina,Jacksonville
10009,East,United States,New York,New York City
33801,South,United States,Florida,Lakeland
74133,Central,United States,Oklahoma,Tulsa
10011,East,United States,New York,New York City
10011,East,United States,New York,New York City
19143,East,United States,Pennsylvania,Philadelphia
94122,West,United States,California,San Francisco
19140,East,United States,Pennsylvania,Philadelphia
19143,East,United States,Pennsylvania,Philadelphia
19140,East,United States,Pennsylvania,Philadelphia
75007,Central,United States,Texas,Carrollton
20735,East,United States,Maryland,Clinton
60623,Central,United States,Illinois,Chicago
37211,South,United States,Tennessee,Nashville
90045,West,United States,California,Los Angeles
92646,West,United States,California,Huntington Beach
90036,West,United States,California,Los Angeles
53142,Central,United States,Wisconsin,Kenosha
32725,South,United States,Florida,Deltona
6040,East,United States,Connecticut,Manchester
60076,Central,United States,Illinois,Skokie
77041,Central,United States,Texas,Houston
77095,Central,United States,Texas,Houston
95123,West,United States,California,San Jose
43130,East,United States,Ohio,Lancaster
49505,Central,United States,Michigan,Grand Rapids
65807,Central,United States,Missouri,Springfield
2169,East,United States,Massachusetts,Quincy
10024,East,United States,New York,New York City
44312,East,United States,Ohio,Akron
21215,East,United States,Maryland,Baltimore
23464,South,United States,Virginia,Virginia Beach
68104,Central,United States,Nebraska,Omaha
10011,East,United States,New York,New York City
76106,Central,United States,Texas,Fort Worth
97206,West,United States,Oregon,Portland
77095,Central,United States,Texas,Houston
13601,East,United States,New York,Watertown
98105,West,United States,Washington,Seattle
78207,Central,United States,Texas,San Antonio
1841,East,United States,Massachusetts,Lawrence
19140,East,United States,Pennsylvania,Philadelphia
80219,West,United States,Colorado,Denver
10009,East,United States,New York,New York City
92404,West,United States,California,San Bernardino
55016,Central,United States,Minnesota,Cottage Grove
43229,East,United States,Ohio,Columbus
77041,Central,United States,Texas,Houston
7601,East,United States,New Jersey,Hackensack
85254,West,United States,Arizona,Scottsdale
98105,West,United States,Washington,Seattle
48234,Central,United States,Michigan,Detroit
24153,South,United States,Virginia,Salem
19140,East,United States,Pennsylvania,Philadelphia
92054,West,United States,California,Oceanside
85023,West,United States,Arizona,Phoenix
7060,East,United States,New Jersey,Plainfield
93309,West,United States,California,Bakersfield
75007,Central,United States,Texas,Carrollton
19140,East,United States,Pennsylvania,Philadelphia
98115,West,United States,Washington,Seattle
19143,East,United States,Pennsylvania,Philadelphia
19120,East,United States,Pennsylvania,Philadelphia
93309,West,United States,California,Bakersfield
10024,East,United States,New York,New York City
94109,West,United States,California,San Francisco
90008,West,United States,California,Los Angeles
90049,West,United States,California,Los Angeles
47150,Central,United States,Indiana,New Albany
10035,East,United States,New York,New York City
94122,West,United States,California,San Francisco
40214,South,United States,Kentucky,Louisville
19120,East,United States,Pennsylvania,Philadelphia
80906,West,United States,Colorado,Colorado Springs
92691,West,United States,California,Mission Viejo
85281,West,United States,Arizona,Tempe
60653,Central,United States,Illinois,Chicago
19134,East,United States,Pennsylvania,Philadelphia
94122,West,United States,California,San Francisco
93030,West,United States,California,Oxnard
90036,West,United States,California,Los Angeles
98103,West,United States,Washington,Seattle
90045,West,United States,California,Los Angeles
10009,East,United States,New York,New York City
20735,East,United States,Maryland,Clinton
6450,East,United States,Connecticut,Meriden
94110,West,United States,California,San Francisco
77036,Central,United States,Texas,Houston
85281,West,United States,Arizona,Tempe
90032,West,United States,California,Los Angeles
75051,Central,United States,Texas,Grand Prairie
48185,Central,United States,Michigan,Westland
60423,Central,United States,Illinois,Frankfort
10011,East,United States,New York,New York City
80219,West,United States,Colorado,Denver
10011,East,United States,New York,New York City
90049,West,United States,California,Los Angeles
90004,West,United States,California,Los Angeles
98198,West,United States,Washington,Des Moines
90008,West,United States,California,Los Angeles
87505,West,United States,New Mexico,Santa Fe
21215,East,United States,Maryland,Baltimore
98105,West,United States,Washington,Seattle
37211,South,United States,Tennessee,Nashville
4401,East,United States,Maine,Bangor
37918,South,United States,Tennessee,Knoxville
6010,East,United States,Connecticut,Bristol
94601,West,United States,California,Oakland
39212,South,United States,Mississippi,Jackson
94122,West,United States,California,San Francisco
10024,East,United States,New York,New York City
92105,West,United States,California,San Diego
7109,East,United States,New Jersey,Belleville
23223,South,United States,Virginia,Richmond
33614,South,United States,Florida,Tampa
17602,East,United States,Pennsylvania,Lancaster
28540,South,United States,North Carolina,Jacksonville
33024,South,United States,Florida,Pembroke Pines
48205,Central,United States,Michigan,Detroit
75104,Central,United States,Texas,Cedar Hill
49201,Central,United States,Michigan,Jackson
10035,East,United States,New York,New York City
95610,West,United States,California,Citrus Heights
1915,East,United States,Massachusetts,Beverly
12180,East,United States,New York,Troy
44105,East,United States,Ohio,Cleveland
6010,East,United States,Connecticut,Bristol
78745,Central,United States,Texas,Austin
97301,West,United States,Oregon,Salem
6040,East,United States,Connecticut,Manchester
90045,West,United States,California,Los Angeles
10035,East,United States,New York,New York City
4401,East,United States,Maine,Bangor
44105,East,United States,Ohio,Cleveland
10035,East,United States,New York,New York City
3301,East,United States,New Hampshire,Concord
13440,East,United States,New York,Rome
53209,Central,United States,Wisconsin,Milwaukee
10009,East,United States,New York,New York City
19143,East,United States,Pennsylvania,Philadelphia
72209,South,United States,Arkansas,Little Rock
90036,West,United States,California,Los Angeles
10024,East,United States,New York,New York City
90004,West,United States,California,Los Angeles
90008,West,United States,California,Los Angeles
90049,West,United States,California,Los Angeles
75220,Central,United States,Texas,Dallas
94601,West,United States,California,Oakland
84321,West,United States,Utah,Logan
32839,South,United States,Florida,Orlando
98105,West,United States,Washington,Seattle
90045,West,United States,California,Los Angeles
60505,Central,United States,Illinois,Aurora
92037,West,United States,California,San Diego
90049,West,United States,California,Los Angeles
92627,West,United States,California,Costa Mesa
90045,West,United States,California,Los Angeles
48234,Central,United States,Michigan,Detroit
92105,West,United States,California,San Diego
78207,Central,United States,Texas,San Antonio
48104,Central,United States,Michigan,Ann Arbor
75081,Central,United States,Texas,Dallas
53209,Central,United States,Wisconsin,Milwaukee
92804,West,United States,California,Anaheim
30080,South,United States,Georgia,Smyrna
74133,Central,United States,Oklahoma,Tulsa
10035,East,United States,New York,New York City
19140,East,United States,Pennsylvania,Philadelphia
85705,West,United States,Arizona,Tucson
10035,East,United States,New York,New York City
77095,Central,United States,Texas,Houston
94109,West,United States,California,San Francisco
77095,Central,United States,Texas,Houston
10035,East,United States,New York,New York City
43130,East,United States,Ohio,Lancaster
10035,East,United States,New York,New York City
32216,South,United States,Florida,Jacksonville
78501,Central,United States,Texas,Mcallen
53209,Central,United States,Wisconsin,Milwaukee
94110,West,United States,California,San Francisco
6010,East,United States,Connecticut,Bristol
73120,Central,United States,Oklahoma,Oklahoma City
44134,East,United States,Ohio,Parma
48234,Central,United States,Michigan,Detroit
10035,East,United States,New York,New York City
84020,West,United States,Utah,Draper
85301,West,United States,Arizona,Glendale
90008,West,United States,California,Los Angeles
44256,East,United States,Ohio,Medina
90004,West,United States,California,Los Angeles
98103,West,United States,Washington,Seattle
19120,East,United States,Pennsylvania,Philadelphia
37211,South,United States,Tennessee,Nashville
94122,West,United States,California,San Francisco
84321,West,United States,Utah,Logan
90004,West,United States,California,Los Angeles
33030,South,United States,Florida,Homestead
10009,East,United States,New York,New York City
94110,West,United States,California,San Francisco
35630,South,United States,Alabama,Florence
77041,Central,United States,Texas,Houston
80027,West,United States,Colorado,Louisville
65109,Central,United States,Missouri,Jefferson City
77041,Central,United States,Texas,Houston
48601,Central,United States,Michigan,Saginaw
19711,East,United States,Delaware,Newark
90805,West,United States,California,Long Beach
48307,Central,United States,Michigan,Rochester Hills
98105,West,United States,Washington,Seattle
94110,West,United States,California,San Francisco
98105,West,United States,Washington,Seattle
94122,West,United States,California,San Francisco
37918,South,United States,Tennessee,Knoxville
97477,West,United States,Oregon,Springfield
43055,East,United States,Ohio,Newark
10009,East,United States,New York,New York City
37087,South,United States,Tennessee,Lebanon
11561,East,United States,New York,Long Beach
94122,West,United States,California,San Francisco
90049,West,United States,California,Los Angeles
98115,West,United States,Washington,Seattle
38134,South,United States,Tennessee,Bartlett
75220,Central,United States,Texas,Dallas
22153,South,United States,Virginia,Springfield
98042,West,United States,Washington,Covington
90032,West,United States,California,Los Angeles
10024,East,United States,New York,New York City
60623,Central,United States,Illinois,Chicago
19134,East,United States,Pennsylvania,Philadelphia
84020,West,United States,Utah,Draper
33614,South,United States,Florida,Tampa
44060,East,United States,Ohio,Mentor
92627,West,United States,California,Costa Mesa
94109,West,United States,California,San Francisco
30080,South,United States,Georgia,Smyrna
19134,East,United States,Pennsylvania,Philadelphia
77095,Central,United States,Texas,Houston
85023,West,United States,Arizona,Phoenix
60623,Central,United States,Illinois,Chicago
77036,Central,United States,Texas,Houston
10011,East,United States,New York,New York City
60610,Central,United States,Illinois,Chicago
19143,East,United States,Pennsylvania,Philadelphia
3820,East,United States,New Hampshire,Dover
1453,East,United States,Massachusetts,Leominster
31907,South,United States,Georgia,Columbus
85023,West,United States,Arizona,Phoenix
98115,West,United States,Washington,Seattle
78666,Central,United States,Texas,San Marcos
37421,South,United States,Tennessee,Chattanooga
90032,West,United States,California,Los Angeles
43229,East,United States,Ohio,Columbus
30076,South,United States,Georgia,Roswell
98031,West,United States,Washington,Kent
95123,West,United States,California,San Jose
85364,West,United States,Arizona,Yuma
29203,South,United States,South Carolina,Columbia
39212,South,United States,Mississippi,Jackson
19120,East,United States,Pennsylvania,Philadelphia
33178,South,United States,Florida,Miami
98115,West,United States,Washington,Seattle
17602,East,United States,Pennsylvania,Lancaster
1841,East,United States,Massachusetts,Lawrence
77070,Central,United States,Texas,Houston
66062,Central,United States,Kansas,Olathe
43402,East,United States,Ohio,Bowling Green
44240,East,United States,Ohio,Kent
10011,East,United States,New York,New York City
43055,East,United States,Ohio,Newark
77036,Central,United States,Texas,Houston
98105,West,United States,Washington,Seattle
98103,West,United States,Washington,Seattle
75061,Central,United States,Texas,Irving
90008,West,United States,California,Los Angeles
19143,East,United States,Pennsylvania,Philadelphia
7501,East,United States,New Jersey,Paterson
85345,West,United States,Arizona,Peoria
28110,South,United States,North Carolina,Monroe
10011,East,United States,New York,New York City
8701,East,United States,New Jersey,Lakewood
98103,West,United States,Washington,Seattle
90805,West,United States,California,Long Beach
90036,West,United States,California,Los Angeles
66212,Central,United States,Kansas,Overland Park
92105,West,United States,California,San Diego
91360,West,United States,California,Thousand Oaks
28205,South,United States,North Carolina,Charlotte
37421,South,United States,Tennessee,Chattanooga
98105,West,United States,Washington,Seattle
45014,East,United States,Ohio,Fairfield
94110,West,United States,California,San Francisco
10011,East,United States,New York,New York City
20735,East,United States,Maryland,Clinton
92804,West,United States,California,Anaheim
94122,West,United States,California,San Francisco
60076,Central,United States,Illinois,Skokie
37211,South,United States,Tennessee,Nashville
78415,Central,United States,Texas,Corpus Christi
90660,West,United States,California,Pico Rivera
94122,West,United States,California,San Francisco
77095,Central,United States,Texas,Houston
95123,West,United States,California,San Jose
43302,East,United States,Ohio,Marion
10009,East,United States,New York,New York City
85345,West,United States,Arizona,Peoria
10035,East,United States,New York,New York City
77041,Central,United States,Texas,Houston
75081,Central,United States,Texas,Dallas
94122,West,United States,California,San Francisco
94110,West,United States,California,San Francisco
31907,South,United States,Georgia,Columbus
78207,Central,United States,Texas,San Antonio
19711,East,United States,Delaware,Newark
89031,West,United States,Nevada,North Las Vegas
77036,Central,United States,Texas,Houston
31907,South,United States,Georgia,Columbus
87105,West,United States,New Mexico,Albuquerque
30076,South,United States,Georgia,Roswell
45231,East,United States,Ohio,Cincinnati
90008,West,United States,California,Los Angeles
85705,West,United States,Arizona,Tucson
77070,Central,United States,Texas,Houston
98103,West,United States,Washington,Seattle
33614,South,United States,Florida,Tampa
84604,West,United States,Utah,Provo
21215,East,United States,Maryland,Baltimore
97477,West,United States,Oregon,Springfield
94109,West,United States,California,San Francisco
28205,South,United States,North Carolina,Charlotte
97477,West,United States,Oregon,Springfield
92105,West,United States,California,San Diego
2908,East,United States,Rhode Island,Providence
10035,East,United States,New York,New York City
33614,South,United States,Florida,Tampa
33024,South,United States,Florida,Pembroke Pines
44256,East,United States,Ohio,Medina
85023,West,United States,Arizona,Phoenix
22204,South,United States,Virginia,Arlington
95123,West,United States,California,San Jose
90036,West,United States,California,Los Angeles
2149,East,United States,Massachusetts,Everett
22204,South,United States,Virginia,Arlington
19134,East,United States,Pennsylvania,Philadelphia
19143,East,United States,Pennsylvania,Philadelphia
78745,Central,United States,Texas,Austin
19143,East,United States,Pennsylvania,Philadelphia
90049,West,United States,California,Los Angeles
94109,West,United States,California,San Francisco
60174,Central,United States,Illinois,Saint Charles
93454,West,United States,California,Santa Maria
47201,Central,United States,Indiana,Columbus
19134,East,United States,Pennsylvania,Philadelphia
37130,South,United States,Tennessee,Murfreesboro
98105,West,United States,Washington,Seattle
10009,East,United States,New York,New York City
98103,West,United States,Washington,Seattle
11561,East,United States,New York,Long Beach
46142,Central,United States,Indiana,Greenwood
48205,Central,United States,Michigan,Detroit
10009,East,United States,New York,New York City
90032,West,United States,California,Los Angeles
90045,West,United States,California,Los Angeles
64118,Central,United States,Missouri,Gladstone
98105,West,United States,Washington,Seattle
10024,East,United States,New York,New York City
98105,West,United States,Washington,Seattle
32935,South,United States,Florida,Melbourne
30318,South,United States,Georgia,Atlanta
95207,West,United States,California,Stockton
77041,Central,United States,Texas,Houston
98105,West,United States,Washington,Seattle
40214,South,United States,Kentucky,Louisville
19140,East,United States,Pennsylvania,Philadelphia
6010,East,United States,Connecticut,Bristol
98105,West,United States,Washington,Seattle
10009,East,United States,New York,New York City
60653,Central,United States,Illinois,Chicago
28540,South,United States,North Carolina,Jacksonville
75023,Central,United States,Texas,Plano
43229,East,United States,Ohio,Columbus
43130,East,United States,Ohio,Lancaster
76903,Central,United States,Texas,San Angelo
37211,South,United States,Tennessee,Nashville
92105,West,United States,California,San Diego
7501,East,United States,New Jersey,Paterson
1852,East,United States,Massachusetts,Lowell
92024,West,United States,California,San Diego
19711,East,United States,Delaware,Newark
90036,West,United States,California,Los Angeles
84106,West,United States,Utah,Salt Lake City
10024,East,United States,New York,New York City
2038,East,United States,Massachusetts,Franklin
97477,West,United States,Oregon,Springfield
98115,West,United States,Washington,Seattle
19143,East,United States,Pennsylvania,Philadelphia
22980,South,United States,Virginia,Waynesboro
92105,West,United States,California,San Diego
39401,South,United States,Mississippi,Hattiesburg
90004,West,United States,California,Los Angeles
90032,West,United States,California,Los Angeles
19120,East,United States,Pennsylvania,Philadelphia
44240,East,United States,Ohio,Kent
61107,Central,United States,Illinois,Rockford
10009,East,United States,New York,New York City
77041,Central,United States,Texas,Houston
19134,East,United States,Pennsylvania,Philadelphia
60505,Central,United States,Illinois,Aurora
85204,West,United States,Arizona,Mesa
53209,Central,United States,Wisconsin,Milwaukee
10035,East,United States,New York,New York City
90049,West,United States,California,Los Angeles
98105,West,United States,Washington,Seattle
10009,East,United States,New York,New York City
94601,West,United States,California,Oakland
80229,West,United States,Colorado,Thornton
48601,Central,United States,Michigan,Saginaw
53209,Central,United States,Wisconsin,Milwaukee
21215,East,United States,Maryland,Baltimore
98103,West,United States,Washington,Seattle
40214,South,United States,Kentucky,Louisville
93010,West,United States,California,Camarillo
80525,West,United States,Colorado,Fort Collins
27707,South,United States,North Carolina,Durham
10011,East,United States,New York,New York City
90008,West,United States,California,Los Angeles
94110,West,United States,California,San Francisco
20707,East,United States,Maryland,Laurel
43229,East,United States,Ohio,Columbus
94110,West,United States,California,San Francisco
30080,South,United States,Georgia,Smyrna
10035,East,United States,New York,New York City
10009,East,United States,New York,New York City
78745,Central,United States,Texas,Austin
90049,West,United States,California,Los Angeles
22980,South,United States,Virginia,Waynesboro
72701,South,United States,Arkansas,Fayetteville
47374,Central,United States,Indiana,Richmond
85254,West,United States,Arizona,Scottsdale
60610,Central,United States,Illinois,Chicago
37042,South,United States,Tennessee,Clarksville
31204,South,United States,Georgia,Macon
80013,West,United States,Colorado,Aurora
43229,East,United States,Ohio,Columbus
60653,Central,United States,Illinois,Chicago
32216,South,United States,Florida,Jacksonville
78664,Central,United States,Texas,Round Rock
98103,West,United States,Washington,Seattle
90045,West,United States,California,Los Angeles
19143,East,United States,Pennsylvania,Philadelphia
75007,Central,United States,Texas,Carrollton
48183,Central,United States,Michigan,Trenton
19134,East,United States,Pennsylvania,Philadelphia
90004,West,United States,California,Los Angeles
92037,West,United States,California,San Diego
46203,Central,United States,Indiana,Indianapolis
94109,West,United States,California,San Francisco
37918,South,United States,Tennessee,Knoxville
33317,South,United States,Florida,Plantation
54880,Central,United States,Wisconsin,Superior
92627,West,United States,California,Costa Mesa
43055,East,United States,Ohio,Newark
53132,Central,United States,Wisconsin,Franklin
27405,South,United States,North Carolina,Greensboro
94122,West,United States,California,San Francisco
98103,West,United States,Washington,Seattle
90036,West,United States,California,Los Angeles
38109,South,United States,Tennessee,Memphis
60610,Central,United States,Illinois,Chicago
78745,Central,United States,Texas,Austin
92054,West,United States,California,Oceanside
33437,South,United States,Florida,Boynton Beach
10035,East,United States,New York,New York City
30344,South,United States,Georgia,East Point
77070,Central,United States,Texas,Houston
31907,South,United States,Georgia,Columbus
87105,West,United States,New Mexico,Albuquerque
90049,West,United States,California,Los Angeles
92105,West,United States,California,San Diego
10011,East,United States,New York,New York City
10009,East,United States,New York,New York City
19140,East,United States,Pennsylvania,Philadelphia
46203,Central,United States,Indiana,Indianapolis
78501,Central,United States,Texas,Mcallen
10011,East,United States,New York,New York City
94109,West,United States,California,San Francisco
10011,East,United States,New York,New York City
22153,South,United States,Virginia,Springfield
10035,East,United States,New York,New York City
76106,Central,United States,Texas,Fort Worth
60610,Central,United States,Illinois,Chicago
28540,South,United States,North Carolina,Jacksonville
10035,East,United States,New York,New York City
21044,East,United States,Maryland,Columbia
98270,West,United States,Washington,Marysville
10035,East,United States,New York,New York City
60067,Central,United States,Illinois,Palatine
19140,East,United States,Pennsylvania,Philadelphia
88101,West,United States,New Mexico,Clovis
10024,East,United States,New York,New York City
37421,South,United States,Tennessee,Chattanooga
10024,East,United States,New York,New York City
32216,South,United States,Florida,Jacksonville
19134,East,United States,Pennsylvania,Philadelphia
10701,East,United States,New York,Yonkers
75081,Central,United States,Texas,Dallas
98115,West,United States,Washington,Seattle
94110,West,United States,California,San Francisco
98026,West,United States,Washington,Edmonds
97206,West,United States,Oregon,Portland
7601,East,United States,New Jersey,Hackensack
47374,Central,United States,Indiana,Richmond
98059,West,United States,Washington,Renton
48205,Central,United States,Michigan,Detroit
76106,Central,United States,Texas,Fort Worth
92804,West,United States,California,Anaheim
60623,Central,United States,Illinois,Chicago
19143,East,United States,Pennsylvania,Philadelphia
43302,East,United States,Ohio,Marion
60623,Central,United States,Illinois,Chicago
85023,West,United States,Arizona,Phoenix
53209,Central,United States,Wisconsin,Milwaukee
60068,Central,United States,Illinois,Park Ridge
37211,South,United States,Tennessee,Nashville
2908,East,United States,Rhode Island,Providence
30062,South,United States,Georgia,Marietta
11520,East,United States,New York,Freeport
47201,Central,United States,Indiana,Columbus
38109,South,United States,Tennessee,Memphis
90008,West,United States,California,Los Angeles
19143,East,United States,Pennsylvania,Philadelphia
80134,West,United States,Colorado,Parker
90049,West,United States,California,Los Angeles
10024,East,United States,New York,New York City
77041,Central,United States,Texas,Houston
19120,East,United States,Pennsylvania,Philadelphia
58103,Central,United States,North Dakota,Fargo
48601,Central,United States,Michigan,Saginaw
48234,Central,United States,Michigan,Detroit
80219,West,United States,Colorado,Denver
85345,West,United States,Arizona,Peoria
59405,West,United States,Montana,Great Falls
28540,South,United States,North Carolina,Jacksonville
30318,South,United States,Georgia,Atlanta
60610,Central,United States,Illinois,Chicago
91505,West,United States,California,Burbank
75217,Central,United States,Texas,Dallas
91911,West,United States,California,Chula Vista
72209,South,United States,Arkansas,Little Rock
75217,Central,United States,Texas,Dallas
2038,East,United States,Massachusetts,Franklin
10009,East,United States,New York,New York City
94109,West,United States,California,San Francisco
98103,West,United States,Washington,Seattle
47401,Central,United States,Indiana,Bloomington
94521,West,United States,California,Concord
75217,Central,United States,Texas,Dallas
63301,Central,United States,Missouri,Saint Charles
10009,East,United States,New York,New York City
94601,West,United States,California,Oakland
19711,East,United States,Delaware,Newark
43055,East,United States,Ohio,Newark
19120,East,United States,Pennsylvania,Philadelphia
49201,Central,United States,Michigan,Jackson
19711,East,United States,Delaware,Newark
19143,East,United States,Pennsylvania,Philadelphia
98103,West,United States,Washington,Seattle
60653,Central,United States,Illinois,Chicago
43055,East,United States,Ohio,Newark
89031,West,United States,Nevada,North Las Vegas
94110,West,United States,California,San Francisco
27604,South,United States,North Carolina,Raleigh
98103,West,United States,Washington,Seattle
98105,West,United States,Washington,Seattle
94122,West,United States,California,San Francisco
19013,East,United States,Pennsylvania,Chester
90008,West,United States,California,Los Angeles
8701,East,United States,New Jersey,Lakewood
40475,South,United States,Kentucky,Richmond
85301,West,United States,Arizona,Glendale
19134,East,United States,Pennsylvania,Philadelphia
79907,Central,United States,Texas,El Paso
30080,South,United States,Georgia,Smyrna
98105,West,United States,Washington,Seattle
21215,East,United States,Maryland,Baltimore
2149,East,United States,Massachusetts,Everett
11572,East,United States,New York,Oceanside
90004,West,United States,California,Los Angeles
92553,West,United States,California,Moreno Valley
77095,Central,United States,Texas,Houston
30318,South,United States,Georgia,Atlanta
19134,East,United States,Pennsylvania,Philadelphia
97477,West,United States,Oregon,Springfield
29203,South,United States,South Carolina,Columbia
75220,Central,United States,Texas,Dallas
90032,West,United States,California,Los Angeles
77095,Central,United States,Texas,Houston
75081,Central,United States,Texas,Dallas
68104,Central,United States,Nebraska,Omaha
11561,East,United States,New York,Long Beach
95123,West,United States,California,San Jose
98031,West,United States,Washington,Kent
90301,West,United States,California,Inglewood
10009,East,United States,New York,New York City
10024,East,United States,New York,New York City
93727,West,United States,California,Fresno
46226,Central,United States,Indiana,Lawrence
92503,West,United States,California,Riverside
47201,Central,United States,Indiana,Columbus
48234,Central,United States,Michigan,Detroit
10011,East,United States,New York,New York City
23602,South,United States,Virginia,Newport News
31907,South,United States,Georgia,Columbus
10024,East,United States,New York,New York City
3301,East,United States,New Hampshire,Concord
92037,West,United States,California,San Diego
88220,West,United States,New Mexico,Carlsbad
10011,East,United States,New York,New York City
98103,West,United States,Washington,Seattle
28540,South,United States,North Carolina,Jacksonville
10009,East,United States,New York,New York City
77041,Central,United States,Texas,Houston
90045,West,United States,California,Los Angeles
90008,West,United States,California,Los Angeles
23434,South,United States,Virginia,Suffolk
49201,Central,United States,Michigan,Jackson
80112,West,United States,Colorado,Englewood
46060,Central,United States,Indiana,Noblesville
10009,East,United States,New York,New York City
98105,West,United States,Washington,Seattle
90049,West,United States,California,Los Angeles
98105,West,United States,Washington,Seattle
33023,South,United States,Florida,Miramar
85023,West,United States,Arizona,Phoenix
89115,West,United States,Nevada,Las Vegas
77036,Central,United States,Texas,Houston
10009,East,United States,New York,New York City
98105,West,United States,Washington,Seattle
10024,East,United States,New York,New York City
89031,West,United States,Nevada,North Las Vegas
48183,Central,United States,Michigan,Trenton
38109,South,United States,Tennessee,Memphis
12180,East,United States,New York,Troy
7501,East,United States,New Jersey,Paterson
53209,Central,United States,Wisconsin,Milwaukee
10011,East,United States,New York,New York City
90045,West,United States,California,Los Angeles
42104,South,United States,Kentucky,Bowling Green
90008,West,United States,California,Los Angeles
97206,West,United States,Oregon,Portland
90045,West,United States,California,Los Angeles
80219,West,United States,Colorado,Denver
62521,Central,United States,Illinois,Decatur
94122,West,United States,California,San Francisco
43615,East,United States,Ohio,Toledo
98105,West,United States,Washington,Seattle
90008,West,United States,California,Los Angeles
98105,West,United States,Washington,Seattle
32216,South,United States,Florida,Jacksonville
90008,West,United States,California,Los Angeles
19140,East,United States,Pennsylvania,Philadelphia
40475,South,United States,Kentucky,Richmond
13021,East,United States,New York,Auburn
77041,Central,United States,Texas,Houston
60623,Central,United States,Illinois,Chicago
19140,East,United States,Pennsylvania,Philadelphia
85234,West,United States,Arizona,Gilbert
98103,West,United States,Washington,Seattle
85204,West,United States,Arizona,Mesa
35601,South,United States,Alabama,Decatur
37604,South,United States,Tennessee,Johnson City
90049,West,United States,California,Los Angeles
10035,East,United States,New York,New York City
2038,East,United States,Massachusetts,Franklin
95123,West,United States,California,San Jose
33311,South,United States,Florida,Fort Lauderdale
90032,West,United States,California,Los Angeles
98103,West,United States,Washington,Seattle
57701,Central,United States,South Dakota,Rapid City
91104,West,United States,California,Pasadena
97477,West,United States,Oregon,Springfield
10024,East,United States,New York,New York City
43615,East,United States,Ohio,Toledo
98103,West,United States,Washington,Seattle
14701,East,United States,New York,Jamestown
3820,East,United States,New Hampshire,Dover
90008,West,United States,California,Los Angeles
75007,Central,United States,Texas,Carrollton
94122,West,United States,California,San Francisco
43055,East,United States,Ohio,Newark
23320,South,United States,Virginia,Chesapeake
48234,Central,United States,Michigan,Detroit
46614,Central,United States,Indiana,South Bend
90049,West,United States,California,Los Angeles
19134,East,United States,Pennsylvania,Philadelphia
10035,East,United States,New York,New York City
77041,Central,United States,Texas,Houston
98115,West,United States,Washington,Seattle
93010,West,United States,California,Camarillo
14609,East,United States,New York,Rochester
54703,Central,United States,Wisconsin,Eau Claire
30318,South,United States,Georgia,Atlanta
2908,East,United States,Rhode Island,Providence
60623,Central,United States,Illinois,Chicago
48205,Central,United States,Michigan,Detroit
85301,West,United States,Arizona,Glendale
98103,West,United States,Washington,Seattle
95123,West,United States,California,San Jose
10024,East,United States,New York,New York City
43123,East,United States,Ohio,Grove City
77840,Central,United States,Texas,College Station
72209,South,United States,Arkansas,Little Rock
90045,West,United States,California,Los Angeles
37087,South,United States,Tennessee,Lebanon
77036,Central,United States,Texas,Houston
90045,West,United States,California,Los Angeles
7017,East,United States,New Jersey,East Orange
77301,Central,United States,Texas,Conroe
38301,South,United States,Tennessee,Jackson
90008,West,United States,California,Los Angeles
44105,East,United States,Ohio,Cleveland
98105,West,United States,Washington,Seattle
97301,West,United States,Oregon,Salem
98105,West,United States,Washington,Seattle
2908,East,United States,Rhode Island,Providence
94109,West,United States,California,San Francisco
94109,West,United States,California,San Francisco
48227,Central,United States,Michigan,Detroit
85234,West,United States,Arizona,Gilbert
75023,Central,United States,Texas,Plano
37604,South,United States,Tennessee,Johnson City
19140,East,United States,Pennsylvania,Philadelphia
17602,East,United States,Pennsylvania,Lancaster
43229,East,United States,Ohio,Columbus
87401,West,United States,New Mexico,Farmington
94110,West,United States,California,San Francisco
89502,West,United States,Nevada,Reno
44105,East,United States,Ohio,Cleveland
80219,West,United States,Colorado,Denver
65807,Central,United States,Missouri,Springfield
62301,Central,United States,Illinois,Quincy
77041,Central,United States,Texas,Houston
80013,West,United States,Colorado,Aurora
33142,South,United States,Florida,Miami
47401,Central,United States,Indiana,Bloomington
29501,South,United States,South Carolina,Florence
93030,West,United States,California,Oxnard
99207,West,United States,Washington,Spokane
94109,West,United States,California,San Francisco
49201,Central,United States,Michigan,Jackson
60090,Central,United States,Illinois,Wheeling
43229,East,United States,Ohio,Columbus
18018,East,United States,Pennsylvania,Bethlehem
10024,East,United States,New York,New York City
35401,South,United States,Alabama,Tuscaloosa
75081,Central,United States,Texas,Dallas
90049,West,United States,California,Los Angeles
60610,Central,United States,Illinois,Chicago
85301,West,United States,Arizona,Glendale
79907,Central,United States,Texas,El Paso
10009,East,United States,New York,New York City
33178,South,United States,Florida,Miami
92804,West,United States,California,Anaheim
32216,South,United States,Florida,Jacksonville
21215,East,United States,Maryland,Baltimore
80219,West,United States,Colorado,Denver
94109,West,United States,California,San Francisco
71203,South,United States,Louisiana,Monroe
68104,Central,United States,Nebraska,Omaha
77036,Central,United States,Texas,Houston
77095,Central,United States,Texas,Houston
45014,East,United States,Ohio,Fairfield
85023,West,United States,Arizona,Phoenix
90036,West,United States,California,Los Angeles
95336,West,United States,California,Manteca
94109,West,United States,California,San Francisco
40475,South,United States,Kentucky,Richmond
98502,West,United States,Washington,Olympia
19140,East,United States,Pennsylvania,Philadelphia
90032,West,United States,California,Los Angeles
60610,Central,United States,Illinois,Chicago
19140,East,United States,Pennsylvania,Philadelphia
95123,West,United States,California,San Jose
8861,East,United States,New Jersey,Perth Amboy
98115,West,United States,Washington,Seattle
49505,Central,United States,Michigan,Grand Rapids
92804,West,United States,California,Anaheim
10024,East,United States,New York,New York City
19134,East,United States,Pennsylvania,Philadelphia
90805,West,United States,California,Long Beach
78745,Central,United States,Texas,Austin
98115,West,United States,Washington,Seattle
60505,Central,United States,Illinois,Aurora
37064,South,United States,Tennessee,Franklin
10011,East,United States,New York,New York City
78207,Central,United States,Texas,San Antonio
23666,South,United States,Virginia,Hampton
27405,South,United States,North Carolina,Greensboro
19711,East,United States,Delaware,Newark
53209,Central,United States,Wisconsin,Milwaukee
39401,South,United States,Mississippi,Hattiesburg
21044,East,United States,Maryland,Columbia
80013,West,United States,Colorado,Aurora
94122,West,United States,California,San Francisco
80013,West,United States,Colorado,Aurora
19711,East,United States,Delaware,Newark
90049,West,United States,California,Los Angeles
10011,East,United States,New York,New York City
60653,Central,United States,Illinois,Chicago
45014,East,United States,Ohio,Fairfield
19805,East,United States,Delaware,Wilmington
76017,Central,United States,Texas,Arlington
78207,Central,United States,Texas,San Antonio
14609,East,United States,New York,Rochester
42420,South,United States,Kentucky,Henderson
91730,West,United States,California,Rancho Cucamonga
97206,West,United States,Oregon,Portland
10024,East,United States,New York,New York City
92037,West,United States,California,San Diego
6460,East,United States,Connecticut,Milford
77070,Central,United States,Texas,Houston
90049,West,United States,California,Los Angeles
98105,West,United States,Washington,Seattle
10011,East,United States,New York,New York City
53209,Central,United States,Wisconsin,Milwaukee
90045,West,United States,California,Los Angeles
61107,Central,United States,Illinois,Rockford
60623,Central,United States,Illinois,Chicago
98115,West,United States,Washington,Seattle
90032,West,United States,California,Los Angeles
55106,Central,United States,Minnesota,Saint Paul
65807,Central,United States,Missouri,Springfield
90004,West,United States,California,Los Angeles
75220,Central,United States,Texas,Dallas
94122,West,United States,California,San Francisco
92105,West,United States,California,San Diego
10009,East,United States,New York,New York City
61832,Central,United States,Illinois,Danville
94122,West,United States,California,San Francisco
94122,West,United States,California,San Francisco
55407,Central,United States,Minnesota,Minneapolis
55901,Central,United States,Minnesota,Rochester
85345,West,United States,Arizona,Peoria
90004,West,United States,California,Los Angeles
7501,East,United States,New Jersey,Paterson
33180,South,United States,Florida,Miami
21044,East,United States,Maryland,Columbia
53142,Central,United States,Wisconsin,Kenosha
33178,South,United States,Florida,Miami
90301,West,United States,California,Inglewood
60653,Central,United States,Illinois,Chicago
94122,West,United States,California,San Francisco
60653,Central,United States,Illinois,Chicago
27604,South,United States,North Carolina,Raleigh
48205,Central,United States,Michigan,Detroit
13501,East,United States,New York,Utica
90036,West,United States,California,Los Angeles
94110,West,United States,California,San Francisco
94109,West,United States,California,San Francisco
19120,East,United States,Pennsylvania,Philadelphia
90036,West,United States,California,Los Angeles
10801,East,United States,New York,New Rochelle
33024,South,United States,Florida,Pembroke Pines
30605,South,United States,Georgia,Athens
94109,West,United States,California,San Francisco
45011,East,United States,Ohio,Hamilton
48126,Central,United States,Michigan,Dearborn
60623,Central,United States,Illinois,Chicago
19140,East,United States,Pennsylvania,Philadelphia
78207,Central,United States,Texas,San Antonio
10009,East,United States,New York,New York City
60623,Central,United States,Illinois,Chicago
10009,East,United States,New York,New York City
38401,South,United States,Tennessee,Columbia
80013,West,United States,Colorado,Aurora
22980,South,United States,Virginia,Waynesboro
10009,East,United States,New York,New York City
22153,South,United States,Virginia,Springfield
49201,Central,United States,Michigan,Jackson
10035,East,United States,New York,New York City
77590,Central,United States,Texas,Texas City
61107,Central,United States,Illinois,Rockford
2908,East,United States,Rhode Island,Providence
10035,East,United States,New York,New York City
77506,Central,United States,Texas,Pasadena
43229,East,United States,Ohio,Columbus
98103,West,United States,Washington,Seattle
45503,East,United States,Ohio,Springfield
22153,South,United States,Virginia,Springfield
60505,Central,United States,Illinois,Aurora
10024,East,United States,New York,New York City
74133,Central,United States,Oklahoma,Tulsa
61604,Central,United States,Illinois,Peoria
32216,South,United States,Florida,Jacksonville
32712,South,United States,Florida,Apopka
55044,Central,United States,Minnesota,Lakeville
7090,East,United States,New Jersey,Westfield
30318,South,United States,Georgia,Atlanta
98103,West,United States,Washington,Seattle
42071,South,United States,Kentucky,Murray
10035,East,United States,New York,New York City
33801,South,United States,Florida,Lakeland
14304,East,United States,New York,Niagara Falls
77041,Central,United States,Texas,Houston
77041,Central,United States,Texas,Houston
8861,East,United States,New Jersey,Perth Amboy
43229,East,United States,Ohio,Columbus
19805,East,United States,Delaware,Wilmington
45014,East,United States,Ohio,Fairfield
33180,South,United States,Florida,Miami
94109,West,United States,California,San Francisco
28540,South,United States,North Carolina,Jacksonville
19711,East,United States,Delaware,Newark
42420,South,United States,Kentucky,Henderson
77095,Central,United States,Texas,Houston
77070,Central,United States,Texas,Houston
97756,West,United States,Oregon,Redmond
90032,West,United States,California,Los Angeles
94086,West,United States,California,Sunnyvale
78207,Central,United States,Texas,San Antonio
60505,Central,United States,Illinois,Aurora
45503,East,United States,Ohio,Springfield
37167,South,United States,Tennessee,Smyrna
85323,West,United States,Arizona,Avondale
43055,East,United States,Ohio,Newark
90008,West,United States,California,Los Angeles
77041,Central,United States,Texas,Houston
19120,East,United States,Pennsylvania,Philadelphia
97405,West,United States,Oregon,Eugene
98115,West,United States,Washington,Seattle
85301,West,United States,Arizona,Glendale
77036,Central,United States,Texas,Houston
60653,Central,United States,Illinois,Chicago
33710,South,United States,Florida,Saint Petersburg
94601,West,United States,California,Oakland
71111,South,United States,Louisiana,Bossier City
23320,South,United States,Virginia,Chesapeake
23320,South,United States,Virginia,Chesapeake
85224,West,United States,Arizona,Chandler
75081,Central,United States,Texas,Dallas
77036,Central,United States,Texas,Houston
20852,East,United States,Maryland,Rockville
43055,East,United States,Ohio,Newark
90004,West,United States,California,Los Angeles
85204,West,United States,Arizona,Mesa
85301,West,United States,Arizona,Glendale
28205,South,United States,North Carolina,Charlotte
90032,West,United States,California,Los Angeles
92683,West,United States,California,Westminster
97301,West,United States,Oregon,Salem
10011,East,United States,New York,New York City
75150,Central,United States,Texas,Mesquite
90032,West,United States,California,Los Angeles
85204,West,United States,Arizona,Mesa
38671,South,United States,Mississippi,Southaven
80013,West,United States,Colorado,Aurora
97301,West,United States,Oregon,Salem
60623,Central,United States,Illinois,Chicago
70506,South,United States,Louisiana,Lafayette
10011,East,United States,New York,New York City
22801,South,United States,Virginia,Harrisonburg
60623,Central,United States,Illinois,Chicago
21215,East,United States,Maryland,Baltimore
62521,Central,United States,Illinois,Decatur
77041,Central,United States,Texas,Houston
94109,West,United States,California,San Francisco
55124,Central,United States,Minnesota,Apple Valley
10035,East,United States,New York,New York City
98105,West,United States,Washington,Seattle
37130,South,United States,Tennessee,Murfreesboro
37918,South,United States,Tennessee,Knoxville
22304,South,United States,Virginia,Alexandria
19140,East,United States,Pennsylvania,Philadelphia
93727,West,United States,California,Fresno
22204,South,United States,Virginia,Arlington
90004,West,United States,California,Los Angeles
75701,Central,United States,Texas,Tyler
33437,South,United States,Florida,Boynton Beach
98105,West,United States,Washington,Seattle
14215,East,United States,New York,Buffalo
98103,West,United States,Washington,Seattle
77041,Central,United States,Texas,Houston
90036,West,United States,California,Los Angeles
90049,West,United States,California,Los Angeles
76017,Central,United States,Texas,Arlington
92037,West,United States,California,San Diego
85301,West,United States,Arizona,Glendale
72401,South,United States,Arkansas,Jonesboro
40324,South,United States,Kentucky,Georgetown
92105,West,United States,California,San Diego
28205,South,United States,North Carolina,Charlotte
10024,East,United States,New York,New York City
33614,South,United States,Florida,Tampa
37211,South,United States,Tennessee,Nashville
2908,East,United States,Rhode Island,Providence
10009,East,United States,New York,New York City
2740,East,United States,Massachusetts,New Bedford
55044,Central,United States,Minnesota,Lakeville
10009,East,United States,New York,New York City
39401,South,United States,Mississippi,Hattiesburg
10011,East,United States,New York,New York City
77070,Central,United States,Texas,Houston
89015,West,United States,Nevada,Henderson
92704,West,United States,California,Santa Ana
2149,East,United States,Massachusetts,Everett
59405,West,United States,Montana,Great Falls
12180,East,United States,New York,Troy
8861,East,United States,New Jersey,Perth Amboy
48066,Central,United States,Michigan,Roseville
87105,West,United States,New Mexico,Albuquerque
77036,Central,United States,Texas,Houston
47401,Central,United States,Indiana,Bloomington
95123,West,United States,California,San Jose
33012,South,United States,Florida,Hialeah
98103,West,United States,Washington,Seattle
90036,West,United States,California,Los Angeles
94110,West,United States,California,San Francisco
10009,East,United States,New York,New York City
77095,Central,United States,Texas,Houston
33710,South,United States,Florida,Saint Petersburg
94122,West,United States,California,San Francisco
98115,West,United States,Washington,Seattle
71901,South,United States,Arkansas,Hot Springs
27707,South,United States,North Carolina,Durham
98103,West,United States,Washington,Seattle
43615,East,United States,Ohio,Toledo
77036,Central,United States,Texas,Houston
78550,Central,United States,Texas,Harlingen
19711,East,United States,Delaware,Newark
40214,South,United States,Kentucky,Louisville
19134,East,United States,Pennsylvania,Philadelphia
23434,South,United States,Virginia,Suffolk
23223,South,United States,Virginia,Richmond
94109,West,United States,California,San Francisco
95123,West,United States,California,San Jose
94110,West,United States,California,San Francisco
31907,South,United States,Georgia,Columbus
30062,South,United States,Georgia,Marietta
33317,South,United States,Florida,Plantation
23464,South,United States,Virginia,Virginia Beach
91767,West,United States,California,Pomona
97477,West,United States,Oregon,Springfield
94110,West,United States,California,San Francisco
41042,South,United States,Kentucky,Florence
10035,East,United States,New York,New York City
93727,West,United States,California,Fresno
48183,Central,United States,Michigan,Trenton
90032,West,United States,California,Los Angeles
39212,South,United States,Mississippi,Jackson
10011,East,United States,New York,New York City
77340,Central,United States,Texas,Huntsville
1752,East,United States,Massachusetts,Marlborough
75701,Central,United States,Texas,Tyler
44107,East,United States,Ohio,Lakewood
60540,Central,United States,Illinois,Naperville
44105,East,United States,Ohio,Cleveland
99207,West,United States,Washington,Spokane
48227,Central,United States,Michigan,Detroit
22153,South,United States,Virginia,Springfield
10009,East,United States,New York,New York City
23320,South,United States,Virginia,Chesapeake
98105,West,United States,Washington,Seattle
23464,South,United States,Virginia,Virginia Beach
77340,Central,United States,Texas,Huntsville
83201,West,United States,Idaho,Pocatello
10035,East,United States,New York,New York City
94122,West,United States,California,San Francisco
77095,Central,United States,Texas,Houston
60610,Central,United States,Illinois,Chicago
60440,Central,United States,Illinois,Bolingbrook
94110,West,United States,California,San Francisco
92374,West,United States,California,Redlands
92024,West,United States,California,Encinitas
98103,West,United States,Washington,Seattle
19120,East,United States,Pennsylvania,Philadelphia
93905,West,United States,California,Salinas
80219,West,United States,Colorado,Denver
75081,Central,United States,Texas,Dallas
24153,South,United States,Virginia,Salem
19120,East,United States,Pennsylvania,Philadelphia
19120,East,United States,Pennsylvania,Philadelphia
94109,West,United States,California,San Francisco
48127,Central,United States,Michigan,Dearborn Heights
39401,South,United States,Mississippi,Hattiesburg
94110,West,United States,California,San Francisco
78207,Central,United States,Texas,San Antonio
32216,South,United States,Florida,Jacksonville
94601,West,United States,California,Oakland
10801,East,United States,New York,New Rochelle
78207,Central,United States,Texas,San Antonio
43229,East,United States,Ohio,Columbus
20852,East,United States,Maryland,Rockville
44240,East,United States,Ohio,Kent
90805,West,United States,California,Long Beach
19120,East,United States,Pennsylvania,Philadelphia
4401,East,United States,Maine,Bangor
33021,South,United States,Florida,Hollywood
47374,Central,United States,Indiana,Richmond
22304,South,United States,Virginia,Alexandria
77041,Central,United States,Texas,Houston
94122,West,United States,California,San Francisco
43229,East,United States,Ohio,Columbus
80013,West,United States,Colorado,Aurora
43229,East,United States,Ohio,Columbus
20877,East,United States,Maryland,Gaithersburg
39212,South,United States,Mississippi,Jackson
60653,Central,United States,Illinois,Chicago
90008,West,United States,California,Los Angeles
48227,Central,United States,Michigan,Detroit
71603,South,United States,Arkansas,Pine Bluff
85204,West,United States,Arizona,Mesa
94109,West,United States,California,San Francisco
92037,West,United States,California,San Diego
85705,West,United States,Arizona,Tucson
94122,West,United States,California,San Francisco
78521,Central,United States,Texas,Brownsville
19120,East,United States,Pennsylvania,Philadelphia
43229,East,United States,Ohio,Columbus
7501,East,United States,New Jersey,Paterson
85364,West,United States,Arizona,Yuma
75081,Central,United States,Texas,Dallas
91911,West,United States,California,Chula Vista
60623,Central,United States,Illinois,Chicago
78207,Central,United States,Texas,San Antonio
77095,Central,United States,Texas,Houston
77070,Central,United States,Texas,Houston
5408,East,United States,Vermont,Burlington
48146,Central,United States,Michigan,Lincoln Park
80027,West,United States,Colorado,Louisville
35810,South,United States,Alabama,Huntsville
77041,Central,United States,Texas,Houston
23223,South,United States,Virginia,Richmond
77095,Central,United States,Texas,Houston
28540,South,United States,North Carolina,Jacksonville
77705,Central,United States,Texas,Beaumont
27707,South,United States,North Carolina,Durham
19013,East,United States,Pennsylvania,Chester
10009,East,United States,New York,New York City
23464,South,United States,Virginia,Virginia Beach
19143,East,United States,Pennsylvania,Philadelphia
2149,East,United States,Massachusetts,Everett
36608,South,United States,Alabama,Mobile
95823,West,United States,California,Sacramento
97224,West,United States,Oregon,Tigard
90036,West,United States,California,Los Angeles
48227,Central,United States,Michigan,Detroit
10011,East,United States,New York,New York City
40214,South,United States,Kentucky,Louisville
41042,South,United States,Kentucky,Florence
76021,Central,United States,Texas,Bedford
60035,Central,United States,Illinois,Highland Park
48183,Central,United States,Michigan,Trenton
6040,East,United States,Connecticut,Manchester
7501,East,United States,New Jersey,Paterson
75061,Central,United States,Texas,Irving
85254,West,United States,Arizona,Scottsdale
80027,West,United States,Colorado,Louisville
7601,East,United States,New Jersey,Hackensack
10009,East,United States,New York,New York City
90036,West,United States,California,Los Angeles
10035,East,United States,New York,New York City
80906,West,United States,Colorado,Colorado Springs
33801,South,United States,Florida,Lakeland
92804,West,United States,California,Anaheim
43402,East,United States,Ohio,Bowling Green
92105,West,United States,California,San Diego
94110,West,United States,California,San Francisco
77070,Central,United States,Texas,Houston
95123,West,United States,California,San Jose
23320,South,United States,Virginia,Chesapeake
31907,South,United States,Georgia,Columbus
94110,West,United States,California,San Francisco
19140,East,United States,Pennsylvania,Philadelphia
10009,East,United States,New York,New York City
27893,South,United States,North Carolina,Wilson
30076,South,United States,Georgia,Roswell
67212,Central,United States,Kansas,Wichita
10009,East,United States,New York,New York City
98105,West,United States,Washington,Seattle
75081,Central,United States,Texas,Dallas
44105,East,United States,Ohio,Cleveland
87105,West,United States,New Mexico,Albuquerque
77070,Central,United States,Texas,Houston
94513,West,United States,California,Brentwood
6457,East,United States,Connecticut,Middletown
75081,Central,United States,Texas,Dallas
60505,Central,United States,Illinois,Aurora
98105,West,United States,Washington,Seattle
23434,South,United States,Virginia,Suffolk
74133,Central,United States,Oklahoma,Tulsa
77041,Central,United States,Texas,Houston
53132,Central,United States,Wisconsin,Franklin
22153,South,United States,Virginia,Springfield
98103,West,United States,Washington,Seattle
47905,Central,United States,Indiana,Lafayette
21044,East,United States,Maryland,Columbia
85705,West,United States,Arizona,Tucson
94086,West,United States,California,Sunnyvale
77095,Central,United States,Texas,Houston
10009,East,United States,New York,New York City
77095,Central,United States,Texas,Houston
60025,Central,United States,Illinois,Glenview
33012,South,United States,Florida,Hialeah
11550,East,United States,New York,Hempstead
94122,West,United States,California,San Francisco
40324,South,United States,Kentucky,Georgetown
95123,West,United States,California,San Jose
10011,East,United States,New York,New York City
48640,Central,United States,Michigan,Midland
44107,East,United States,Ohio,Lakewood
44312,East,United States,Ohio,Akron
23666,South,United States,Virginia,Hampton
30605,South,United States,Georgia,Athens
90049,West,United States,California,Los Angeles
10024,East,United States,New York,New York City
90049,West,United States,California,Los Angeles
78577,Central,United States,Texas,Pharr
40214,South,United States,Kentucky,Louisville
10035,East,United States,New York,New York City
80219,West,United States,Colorado,Denver
3301,East,United States,New Hampshire,Concord
53711,Central,United States,Wisconsin,Madison
43229,East,United States,Ohio,Columbus
90036,West,United States,California,Los Angeles
28314,South,United States,North Carolina,Fayetteville
30318,South,United States,Georgia,Atlanta
17602,East,United States,Pennsylvania,Lancaster
94109,West,United States,California,San Francisco
43615,East,United States,Ohio,Toledo
19140,East,United States,Pennsylvania,Philadelphia
17602,East,United States,Pennsylvania,Lancaster
94122,West,United States,California,San Francisco
97756,West,United States,Oregon,Redmond
19120,East,United States,Pennsylvania,Philadelphia
44105,East,United States,Ohio,Cleveland
98115,West,United States,Washington,Seattle
2149,East,United States,Massachusetts,Everett
94110,West,United States,California,San Francisco
19134,East,United States,Pennsylvania,Philadelphia
60623,Central,United States,Illinois,Chicago
27511,South,United States,North Carolina,Cary
94110,West,United States,California,San Francisco
46514,Central,United States,Indiana,Elkhart
94601,West,United States,California,Oakland
85705,West,United States,Arizona,Tucson
23320,South,United States,Virginia,Chesapeake
37604,South,United States,Tennessee,Johnson City
90045,West,United States,California,Los Angeles
37211,South,United States,Tennessee,Nashville
47374,Central,United States,Indiana,Richmond
32303,South,United States,Florida,Tallahassee
90049,West,United States,California,Los Angeles
90049,West,United States,California,Los Angeles
77041,Central,United States,Texas,Houston
48187,Central,United States,Michigan,Canton
19711,East,United States,Delaware,Newark
87105,West,United States,New Mexico,Albuquerque
76106,Central,United States,Texas,Fort Worth
10035,East,United States,New York,New York City
77041,Central,United States,Texas,Houston
37421,South,United States,Tennessee,Chattanooga
40475,South,United States,Kentucky,Richmond
33180,South,United States,Florida,Miami
23223,South,United States,Virginia,Richmond
30605,South,United States,Georgia,Athens
4401,East,United States,Maine,Bangor
30062,South,United States,Georgia,Marietta
90045,West,United States,California,Los Angeles
32216,South,United States,Florida,Jacksonville
1841,East,United States,Massachusetts,Lawrence
84062,West,United States,Utah,Pleasant Grove
90036,West,United States,California,Los Angeles
10035,East,United States,New York,New York City
48234,Central,United States,Michigan,Detroit
94122,West,United States,California,San Francisco
77041,Central,United States,Texas,Houston
43229,East,United States,Ohio,Columbus
92054,West,United States,California,Oceanside
90045,West,United States,California,Los Angeles
85023,West,United States,Arizona,Phoenix
54601,Central,United States,Wisconsin,La Crosse
90008,West,United States,California,Los Angeles
98105,West,United States,Washington,Seattle
19140,East,United States,Pennsylvania,Philadelphia
60505,Central,United States,Illinois,Aurora
10009,East,United States,New York,New York City
90004,West,United States,California,Los Angeles
98026,West,United States,Washington,Edmonds
35601,South,United States,Alabama,Decatur
10035,East,United States,New York,New York City
13021,East,United States,New York,Auburn
91104,West,United States,California,Pasadena
55407,Central,United States,Minnesota,Minneapolis
79907,Central,United States,Texas,El Paso
27893,South,United States,North Carolina,Wilson
90004,West,United States,California,Los Angeles
40475,South,United States,Kentucky,Richmond
10009,East,United States,New York,New York City
47201,Central,United States,Indiana,Columbus
27217,South,United States,North Carolina,Burlington
60623,Central,United States,Illinois,Chicago
30080,South,United States,Georgia,Smyrna
60623,Central,United States,Illinois,Chicago
92037,West,United States,California,San Diego
98103,West,United States,Washington,Seattle
10011,East,United States,New York,New York City
2151,East,United States,Massachusetts,Revere
78745,Central,United States,Texas,Austin
80219,West,United States,Colorado,Denver
94109,West,United States,California,San Francisco
90008,West,United States,California,Los Angeles
98103,West,United States,Washington,Seattle
32216,South,United States,Florida,Jacksonville
90032,West,United States,California,Los Angeles
94521,West,United States,California,Concord
10011,East,United States,New York,New York City
80013,West,United States,Colorado,Aurora
77095,Central,United States,Texas,Houston
10035,East,United States,New York,New York City
10009,East,United States,New York,New York City
48185,Central,United States,Michigan,Westland
7501,East,United States,New Jersey,Paterson
19134,East,United States,Pennsylvania,Philadelphia
50315,Central,United States,Iowa,Des Moines
19134,East,United States,Pennsylvania,Philadelphia
90004,West,United States,California,Los Angeles
22304,South,United States,Virginia,Alexandria
65807,Central,United States,Missouri,Springfield
48234,Central,United States,Michigan,Detroit
77041,Central,United States,Texas,Houston
57103,Central,United States,South Dakota,Sioux Falls
90049,West,United States,California,Los Angeles
60623,Central,United States,Illinois,Chicago
10035,East,United States,New York,New York City
6708,East,United States,Connecticut,Waterbury
60540,Central,United States,Illinois,Naperville
33710,South,United States,Florida,Saint Petersburg
90032,West,United States,California,Los Angeles
90045,West,United States,California,Los Angeles
12180,East,United States,New York,Troy
85705,West,United States,Arizona,Tucson
94122,West,United States,California,San Francisco
90045,West,United States,California,Los Angeles
90045,West,United States,California,Los Angeles
98103,West,United States,Washington,Seattle
27604,South,United States,North Carolina,Raleigh
32303,South,United States,Florida,Tallahassee
10011,East,United States,New York,New York City
90045,West,United States,California,Los Angeles
10024,East,United States,New York,New York City
46350,Central,United States,Indiana,La Porte
19143,East,United States,Pennsylvania,Philadelphia
2886,East,United States,Rhode Island,Warwick
49201,Central,United States,Michigan,Jackson
75220,Central,United States,Texas,Dallas
60623,Central,United States,Illinois,Chicago
92704,West,United States,California,Santa Ana
94122,West,United States,California,San Francisco
92037,West,United States,California,San Diego
49201,Central,United States,Michigan,Jackson
10009,East,United States,New York,New York City
3301,East,United States,New Hampshire,Concord
65807,Central,United States,Missouri,Springfield
13601,East,United States,New York,Watertown
37620,South,United States,Tennessee,Bristol
73120,Central,United States,Oklahoma,Oklahoma City
14215,East,United States,New York,Buffalo
98115,West,United States,Washington,Seattle
85705,West,United States,Arizona,Tucson
2148,East,United States,Massachusetts,Malden
60653,Central,United States,Illinois,Chicago
10035,East,United States,New York,New York City
2920,East,United States,Rhode Island,Cranston
10024,East,United States,New York,New York City
78501,Central,United States,Texas,Mcallen
21044,East,United States,Maryland,Columbia
93727,West,United States,California,Fresno
10024,East,United States,New York,New York City
90049,West,United States,California,Los Angeles
83642,West,United States,Idaho,Meridian
21215,East,United States,Maryland,Baltimore
67212,Central,United States,Kansas,Wichita
33614,South,United States,Florida,Tampa
60610,Central,United States,Illinois,Chicago
20735,East,United States,Maryland,Clinton
98115,West,United States,Washington,Seattle
10035,East,United States,New York,New York City
98103,West,United States,Washington,Seattle
44105,East,United States,Ohio,Cleveland
19805,East,United States,Delaware,Wilmington
94109,West,United States,California,San Francisco
31907,South,United States,Georgia,Columbus
60653,Central,United States,Illinois,Chicago
7090,East,United States,New Jersey,Westfield
90004,West,United States,California,Los Angeles
48146,Central,United States,Michigan,Lincoln Park
32216,South,United States,Florida,Jacksonville
94109,West,United States,California,San Francisco
95336,West,United States,California,Manteca
47201,Central,United States,Indiana,Columbus
90049,West,United States,California,Los Angeles
48205,Central,United States,Michigan,Detroit
32216,South,United States,Florida,Jacksonville
33178,South,United States,Florida,Miami
55901,Central,United States,Minnesota,Rochester
55433,Central,United States,Minnesota,Coon Rapids
78521,Central,United States,Texas,Brownsville
77036,Central,United States,Texas,Houston
20877,East,United States,Maryland,Gaithersburg
22153,South,United States,Virginia,Springfield
33023,South,United States,Florida,Miramar
2169,East,United States,Massachusetts,Quincy
19140,East,United States,Pennsylvania,Philadelphia
77095,Central,United States,Texas,Houston
60610,Central,United States,Illinois,Chicago
78207,Central,United States,Texas,San Antonio
33710,South,United States,Florida,Saint Petersburg
23666,South,United States,Virginia,Hampton
8861,East,United States,New Jersey,Perth Amboy
94122,West,United States,California,San Francisco
54703,Central,United States,Wisconsin,Eau Claire
7109,East,United States,New Jersey,Belleville
10035,East,United States,New York,New York City
78041,Central,United States,Texas,Laredo
90004,West,United States,California,Los Angeles
43302,East,United States,Ohio,Marion
43229,East,United States,Ohio,Columbus
98105,West,United States,Washington,Seattle
94109,West,United States,California,San Francisco
92037,West,United States,California,San Diego
10011,East,United States,New York,New York City
28540,South,United States,North Carolina,Jacksonville
19901,East,United States,Delaware,Dover
85023,West,United States,Arizona,Phoenix
91104,West,United States,California,Pasadena
92345,West,United States,California,Hesperia
95823,West,United States,California,Sacramento
2908,East,United States,Rhode Island,Providence
97206,West,United States,Oregon,Portland
38671,South,United States,Mississippi,Southaven
92683,West,United States,California,Westminster
33319,South,United States,Florida,Tamarac
75220,Central,United States,Texas,Dallas
29483,South,United States,South Carolina,Summerville
98042,West,United States,Washington,Covington
17602,East,United States,Pennsylvania,Lancaster
33445,South,United States,Florida,Delray Beach
90032,West,United States,California,Los Angeles
80122,West,United States,Colorado,Littleton
77041,Central,United States,Texas,Houston
97756,West,United States,Oregon,Redmond
48227,Central,United States,Michigan,Detroit
2149,East,United States,Massachusetts,Everett
76117,Central,United States,Texas,Haltom City
10550,East,United States,New York,Mount Vernon
76017,Central,United States,Texas,Arlington
80501,West,United States,Colorado,Longmont
78207,Central,United States,Texas,San Antonio
70506,South,United States,Louisiana,Lafayette
32725,South,United States,Florida,Deltona
10011,East,United States,New York,New York City
39212,South,United States,Mississippi,Jackson
29501,South,United States,South Carolina,Florence
10009,East,United States,New York,New York City
19120,East,United States,Pennsylvania,Philadelphia
30076,South,United States,Georgia,Roswell
10024,East,United States,New York,New York City
94110,West,United States,California,San Francisco
97477,West,United States,Oregon,Springfield
90008,West,United States,California,Los Angeles
19143,East,United States,Pennsylvania,Philadelphia
19143,East,United States,Pennsylvania,Philadelphia
43229,East,United States,Ohio,Columbus
92627,West,United States,California,Costa Mesa
38671,South,United States,Mississippi,Southaven
44060,East,United States,Ohio,Mentor
98103,West,United States,Washington,Seattle
60505,Central,United States,Illinois,Aurora
40214,South,United States,Kentucky,Louisville
28205,South,United States,North Carolina,Charlotte
30188,South,United States,Georgia,Woodstock
95207,West,United States,California,Stockton
19013,East,United States,Pennsylvania,Chester
90032,West,United States,California,Los Angeles
20735,East,United States,Maryland,Clinton
92105,West,United States,California,San Diego
85023,West,United States,Arizona,Phoenix
27405,South,United States,North Carolina,Greensboro
60623,Central,United States,Illinois,Chicago
90004,West,United States,California,Los Angeles
73120,Central,United States,Oklahoma,Oklahoma City
77340,Central,United States,Texas,Huntsville
37421,South,United States,Tennessee,Chattanooga
75220,Central,United States,Texas,Dallas
85023,West,United States,Arizona,Phoenix
44107,East,United States,Ohio,Lakewood
33311,South,United States,Florida,Fort Lauderdale
80013,West,United States,Colorado,Aurora
19143,East,United States,Pennsylvania,Philadelphia
28314,South,United States,North Carolina,Fayetteville
10035,East,United States,New York,New York City
54401,Central,United States,Wisconsin,Wausau
1841,East,United States,Massachusetts,Lawrence
90032,West,United States,California,Los Angeles
53209,Central,United States,Wisconsin,Milwaukee
91104,West,United States,California,Pasadena
90036,West,United States,California,Los Angeles
30080,South,United States,Georgia,Smyrna
60505,Central,United States,Illinois,Aurora
91104,West,United States,California,Pasadena
10009,East,United States,New York,New York City
90049,West,United States,California,Los Angeles
7011,East,United States,New Jersey,Clifton
92024,West,United States,California,San Diego
90045,West,United States,California,Los Angeles
90036,West,United States,California,Los Angeles
63122,Central,United States,Missouri,Kirkwood
98502,West,United States,Washington,Olympia
28205,South,United States,North Carolina,Charlotte
10024,East,United States,New York,New York City
80022,West,United States,Colorado,Commerce City
46203,Central,United States,Indiana,Indianapolis
78745,Central,United States,Texas,Austin
10011,East,United States,New York,New York City
90032,West,United States,California,Los Angeles
78745,Central,United States,Texas,Austin
60653,Central,United States,Illinois,Chicago
44105,East,United States,Ohio,Cleveland
19013,East,United States,Pennsylvania,Chester
90049,West,United States,California,Los Angeles
77095,Central,United States,Texas,Houston
28110,South,United States,North Carolina,Monroe
40214,South,United States,Kentucky,Louisville
28540,South,United States,North Carolina,Jacksonville
92683,West,United States,California,Westminster
90008,West,United States,California,Los Angeles
75023,Central,United States,Texas,Plano
80027,West,United States,Colorado,Louisville
10024,East,United States,New York,New York City
30080,South,United States,Georgia,Smyrna
77041,Central,United States,Texas,Houston
95123,West,United States,California,San Jose
90045,West,United States,California,Los Angeles
77036,Central,United States,Texas,Houston
90301,West,United States,California,Inglewood
60623,Central,United States,Illinois,Chicago
10024,East,United States,New York,New York City
78745,Central,United States,Texas,Austin
92804,West,United States,California,Anaheim
18103,East,United States,Pennsylvania,Allentown
66062,Central,United States,Kansas,Olathe
94122,West,United States,California,San Francisco
27604,South,United States,North Carolina,Raleigh
19140,East,United States,Pennsylvania,Philadelphia
7055,East,United States,New Jersey,Passaic
48234,Central,United States,Michigan,Detroit
6040,East,United States,Connecticut,Manchester
94109,West,United States,California,San Francisco
67846,Central,United States,Kansas,Garden City
97477,West,United States,Oregon,Springfield
90004,West,United States,California,Los Angeles
38671,South,United States,Mississippi,Southaven
60623,Central,United States,Illinois,Chicago
80013,West,United States,Colorado,Aurora
94122,West,United States,California,San Francisco
80013,West,United States,Colorado,Aurora
47201,Central,United States,Indiana,Columbus
33317,South,United States,Florida,Plantation
40475,South,United States,Kentucky,Richmond
94109,West,United States,California,San Francisco
19143,East,United States,Pennsylvania,Philadelphia
23602,South,United States,Virginia,Newport News
10550,East,United States,New York,Mount Vernon
60653,Central,United States,Illinois,Chicago
10011,East,United States,New York,New York City
92024,West,United States,California,San Diego
23666,South,United States,Virginia,Hampton
75220,Central,United States,Texas,Dallas
85705,West,United States,Arizona,Tucson
10009,East,United States,New York,New York City
14609,East,United States,New York,Rochester
90049,West,United States,California,Los Angeles
95123,West,United States,California,San Jose
92677,West,United States,California,Laguna Niguel
30080,South,United States,Georgia,Smyrna
10035,East,United States,New York,New York City
8360,East,United States,New Jersey,Vineland
91104,West,United States,California,Pasadena
90008,West,United States,California,Los Angeles
52001,Central,United States,Iowa,Dubuque
92704,West,United States,California,Santa Ana
75220,Central,United States,Texas,Dallas
85254,West,United States,Arizona,Scottsdale
84106,West,United States,Utah,Salt Lake City
90004,West,United States,California,Los Angeles
92105,West,United States,California,San Diego
48066,Central,United States,Michigan,Roseville
43302,East,United States,Ohio,Marion
93309,West,United States,California,Bakersfield
94109,West,United States,California,San Francisco
43229,East,United States,Ohio,Columbus
74133,Central,United States,Oklahoma,Tulsa
19134,East,United States,Pennsylvania,Philadelphia
38401,South,United States,Tennessee,Columbia
10035,East,United States,New York,New York City
95351,West,United States,California,Modesto
48234,Central,United States,Michigan,Detroit
90049,West,United States,California,Los Angeles
47374,Central,United States,Indiana,Richmond
19143,East,United States,Pennsylvania,Philadelphia
28205,South,United States,North Carolina,Charlotte
77095,Central,United States,Texas,Houston
45503,East,United States,Ohio,Springfield
10035,East,United States,New York,New York City
44134,East,United States,Ohio,Parma
19143,East,United States,Pennsylvania,Philadelphia
10009,East,United States,New York,New York City
7109,East,United States,New Jersey,Belleville
44105,East,United States,Ohio,Cleveland
6040,East,United States,Connecticut,Manchester
43130,East,United States,Ohio,Lancaster
97206,West,United States,Oregon,Portland
92037,West,United States,California,San Diego
91776,West,United States,California,San Gabriel
13021,East,United States,New York,Auburn
76106,Central,United States,Texas,Fort Worth
46060,Central,United States,Indiana,Noblesville
43017,East,United States,Ohio,Dublin
14609,East,United States,New York,Rochester
90032,West,United States,California,Los Angeles
1852,East,United States,Massachusetts,Lowell
43055,East,United States,Ohio,Newark
94122,West,United States,California,San Francisco
72209,South,United States,Arkansas,Little Rock
77070,Central,United States,Texas,Houston
19134,East,United States,Pennsylvania,Philadelphia
7055,East,United States,New Jersey,Passaic
73505,Central,United States,Oklahoma,Lawton
90045,West,United States,California,Los Angeles
77070,Central,United States,Texas,Houston
75051,Central,United States,Texas,Grand Prairie
77506,Central,United States,Texas,Pasadena
45503,East,United States,Ohio,Springfield
93727,West,United States,California,Fresno
90008,West,United States,California,Los Angeles
33180,South,United States,Florida,Miami
39212,South,United States,Mississippi,Jackson
61701,Central,United States,Illinois,Bloomington
90036,West,United States,California,Los Angeles
10024,East,United States,New York,New York City
98103,West,United States,Washington,Seattle
53209,Central,United States,Wisconsin,Milwaukee
85254,West,United States,Arizona,Scottsdale
84604,West,United States,Utah,Provo
93277,West,United States,California,Visalia
10011,East,United States,New York,New York City
42420,South,United States,Kentucky,Henderson
92105,West,United States,California,San Diego
68104,Central,United States,Nebraska,Omaha
32137,South,United States,Florida,Palm Coast
48205,Central,United States,Michigan,Detroit
44105,East,United States,Ohio,Cleveland
6824,East,United States,Connecticut,Fairfield
94109,West,United States,California,San Francisco
52402,Central,United States,Iowa,Cedar Rapids
92105,West,United States,California,San Diego
19134,East,United States,Pennsylvania,Philadelphia
19143,East,United States,Pennsylvania,Philadelphia
10011,East,United States,New York,New York City
78041,Central,United States,Texas,Laredo
90805,West,United States,California,Long Beach
60610,Central,United States,Illinois,Chicago
11561,East,United States,New York,Long Beach
49201,Central,United States,Michigan,Jackson
10024,East,United States,New York,New York City
74403,Central,United States,Oklahoma,Muskogee
98103,West,United States,Washington,Seattle
28540,South,United States,North Carolina,Jacksonville
97206,West,United States,Oregon,Portland
91941,West,United States,California,La Mesa
60653,Central,United States,Illinois,Chicago
77095,Central,United States,Texas,Houston
60623,Central,United States,Illinois,Chicago
10009,East,United States,New York,New York City
94122,West,United States,California,San Francisco
6457,East,United States,Connecticut,Middletown
92105,West,United States,California,San Diego
43055,East,United States,Ohio,Newark
32216,South,United States,Florida,Jacksonville
90049,West,United States,California,Los Angeles
44105,East,United States,Ohio,Cleveland
97477,West,United States,Oregon,Springfield
48911,Central,United States,Michigan,Lansing
60610,Central,United States,Illinois,Chicago
92105,West,United States,California,San Diego
10024,East,United States,New York,New York City
19140,East,United States,Pennsylvania,Philadelphia
95928,West,United States,California,Chico
7060,East,United States,New Jersey,Plainfield
13501,East,United States,New York,Utica
19805,East,United States,Delaware,Wilmington
43229,East,United States,Ohio,Columbus
28403,South,United States,North Carolina,Wilmington
98115,West,United States,Washington,Seattle
98115,West,United States,Washington,Seattle
13440,East,United States,New York,Rome
48237,Central,United States,Michigan,Oak Park
23464,South,United States,Virginia,Virginia Beach
90008,West,United States,California,Los Angeles
28314,South,United States,North Carolina,Fayetteville
92024,West,United States,California,San Diego
19134,East,United States,Pennsylvania,Philadelphia
90004,West,United States,California,Los Angeles
7501,East,United States,New Jersey,Paterson
55433,Central,United States,Minnesota,Coon Rapids
22153,South,United States,Virginia,Springfield
48185,Central,United States,Michigan,Westland
94109,West,United States,California,San Francisco
60653,Central,United States,Illinois,Chicago
95123,West,United States,California,San Jose
24153,South,United States,Virginia,Salem
90049,West,United States,California,Los Angeles
30318,South,United States,Georgia,Atlanta
60610,Central,United States,Illinois,Chicago
60623,Central,United States,Illinois,Chicago
10035,East,United States,New York,New York City
90036,West,United States,California,Los Angeles
98103,West,United States,Washington,Seattle
8701,East,United States,New Jersey,Lakewood
90049,West,United States,California,Los Angeles
90045,West,United States,California,Los Angeles
98115,West,United States,Washington,Seattle
10024,East,United States,New York,New York City
10035,East,United States,New York,New York City
1841,East,United States,Massachusetts,Lawrence
28205,South,United States,North Carolina,Charlotte
60610,Central,United States,Illinois,Chicago
60623,Central,United States,Illinois,Chicago
31907,South,United States,Georgia,Columbus
72701,South,United States,Arkansas,Fayetteville
77041,Central,United States,Texas,Houston
1852,East,United States,Massachusetts,Lowell
90049,West,United States,California,Los Angeles
90301,West,United States,California,Inglewood
94122,West,United States,California,San Francisco
97206,West,United States,Oregon,Portland
97030,West,United States,Oregon,Gresham
94122,West,United States,California,San Francisco
10009,East,United States,New York,New York City
85023,West,United States,Arizona,Phoenix
94110,West,United States,California,San Francisco
77590,Central,United States,Texas,Texas City
45503,East,United States,Ohio,Springfield
70506,South,United States,Louisiana,Lafayette
33024,South,United States,Florida,Pembroke Pines
75081,Central,United States,Texas,Dallas
93309,West,United States,California,Bakersfield
10035,East,United States,New York,New York City
98103,West,United States,Washington,Seattle
40214,South,United States,Kentucky,Louisville
80906,West,United States,Colorado,Colorado Springs
87124,West,United States,New Mexico,Rio Rancho
31907,South,United States,Georgia,Columbus
31907,South,United States,Georgia,Columbus
85281,West,United States,Arizona,Tempe
75217,Central,United States,Texas,Dallas
10024,East,United States,New York,New York City
22980,South,United States,Virginia,Waynesboro
98103,West,United States,Washington,Seattle
48205,Central,United States,Michigan,Detroit
85281,West,United States,Arizona,Tempe
90004,West,United States,California,Los Angeles
41042,South,United States,Kentucky,Florence
10024,East,United States,New York,New York City
10011,East,United States,New York,New York City
76017,Central,United States,Texas,Arlington
75061,Central,United States,Texas,Irving
94110,West,United States,California,San Francisco
8861,East,United States,New Jersey,Perth Amboy
90004,West,United States,California,Los Angeles
45011,East,United States,Ohio,Hamilton
99301,West,United States,Washington,Pasco
65807,Central,United States,Missouri,Springfield
77041,Central,United States,Texas,Houston
10035,East,United States,New York,New York City
42420,South,United States,Kentucky,Henderson
75023,Central,United States,Texas,Plano
19134,East,United States,Pennsylvania,Philadelphia
60610,Central,United States,Illinois,Chicago
37211,South,United States,Tennessee,Nashville
10024,East,United States,New York,New York City
80906,West,United States,Colorado,Colorado Springs
85023,West,United States,Arizona,Phoenix
99207,West,United States,Washington,Spokane
92627,West,United States,California,Costa Mesa
92105,West,United States,California,San Diego
40214,South,United States,Kentucky,Louisville
48227,Central,United States,Michigan,Detroit
75217,Central,United States,Texas,Dallas
53209,Central,United States,Wisconsin,Milwaukee
48126,Central,United States,Michigan,Dearborn
60610,Central,United States,Illinois,Chicago
6708,East,United States,Connecticut,Waterbury
77070,Central,United States,Texas,Houston
10009,East,United States,New York,New York City
43055,East,United States,Ohio,Newark
33142,South,United States,Florida,Miami
23666,South,United States,Virginia,Hampton
98103,West,United States,Washington,Seattle
90036,West,United States,California,Los Angeles
19711,East,United States,Delaware,Newark
40214,South,United States,Kentucky,Louisville
48227,Central,United States,Michigan,Detroit
35601,South,United States,Alabama,Decatur
48183,Central,United States,Michigan,Trenton
48227,Central,United States,Michigan,Detroit
94109,West,United States,California,San Francisco
95695,West,United States,California,Woodland
48205,Central,United States,Michigan,Detroit
11572,East,United States,New York,Oceanside
78521,Central,United States,Texas,Brownsville
80027,West,United States,Colorado,Louisville
43615,East,United States,Ohio,Toledo
10035,East,United States,New York,New York City
65807,Central,United States,Missouri,Springfield
90036,West,United States,California,Los Angeles
72209,South,United States,Arkansas,Little Rock
94109,West,United States,California,San Francisco
85023,West,United States,Arizona,Phoenix
53214,Central,United States,Wisconsin,West Allis
94110,West,United States,California,San Francisco
95037,West,United States,California,Morgan Hill
19140,East,United States,Pennsylvania,Philadelphia
78207,Central,United States,Texas,San Antonio
10035,East,United States,New York,New York City
78745,Central,United States,Texas,Austin
94122,West,United States,California,San Francisco
2138,East,United States,Massachusetts,Cambridge
33801,South,United States,Florida,Lakeland
27834,South,United States,North Carolina,Greenville
90032,West,United States,California,Los Angeles
98198,West,United States,Washington,Des Moines
10550,East,United States,New York,Mount Vernon
10024,East,United States,New York,New York City
10035,East,United States,New York,New York City
19805,East,United States,Delaware,Wilmington
55901,Central,United States,Minnesota,Rochester
94086,West,United States,California,Sunnyvale
98198,West,United States,Washington,Des Moines
98103,West,United States,Washington,Seattle
10009,East,United States,New York,New York City
19120,East,United States,Pennsylvania,Philadelphia
98103,West,United States,Washington,Seattle
8701,East,United States,New Jersey,Lakewood
27834,South,United States,North Carolina,Greenville
10035,East,United States,New York,New York City
42420,South,United States,Kentucky,Henderson
60623,Central,United States,Illinois,Chicago
19140,East,United States,Pennsylvania,Philadelphia
85023,West,United States,Arizona,Phoenix
24153,South,United States,Virginia,Salem
28205,South,United States,North Carolina,Charlotte
90036,West,United States,California,Los Angeles
75061,Central,United States,Texas,Irving
32839,South,United States,Florida,Orlando
78501,Central,United States,Texas,Mcallen
79109,Central,United States,Texas,Amarillo
43302,East,United States,Ohio,Marion
92592,West,United States,California,Temecula
43229,East,United States,Ohio,Columbus
60653,Central,United States,Illinois,Chicago
80906,West,United States,Colorado,Colorado Springs
19134,East,United States,Pennsylvania,Philadelphia
37087,South,United States,Tennessee,Lebanon
77340,Central,United States,Texas,Huntsville
19143,East,United States,Pennsylvania,Philadelphia
45373,East,United States,Ohio,Troy
33178,South,United States,Florida,Miami
48227,Central,United States,Michigan,Detroit
78521,Central,United States,Texas,Brownsville
95661,West,United States,California,Roseville
75051,Central,United States,Texas,Grand Prairie
92105,West,United States,California,San Diego
10035,East,United States,New York,New York City
48234,Central,United States,Michigan,Detroit
70506,South,United States,Louisiana,Lafayette
92627,West,United States,California,Costa Mesa
90049,West,United States,California,Los Angeles
11572,East,United States,New York,Oceanside
2169,East,United States,Massachusetts,Quincy
14609,East,United States,New York,Rochester
77036,Central,United States,Texas,Houston
98105,West,United States,Washington,Seattle
32216,South,United States,Florida,Jacksonville
77705,Central,United States,Texas,Beaumont
90004,West,United States,California,Los Angeles
27511,South,United States,North Carolina,Cary
95123,West,United States,California,San Jose
43229,East,United States,Ohio,Columbus
48227,Central,United States,Michigan,Detroit
10011,East,United States,New York,New York City
98103,West,United States,Washington,Seattle
77070,Central,United States,Texas,Houston
90301,West,United States,California,Inglewood
94521,West,United States,California,Concord
90045,West,United States,California,Los Angeles
6360,East,United States,Connecticut,Norwich
10024,East,United States,New York,New York City
77095,Central,United States,Texas,Houston
34952,South,United States,Florida,Port Saint Lucie
27834,South,United States,North Carolina,Greenville
19134,East,United States,Pennsylvania,Philadelphia
75217,Central,United States,Texas,Dallas
10011,East,United States,New York,New York City
92683,West,United States,California,Westminster
48237,Central,United States,Michigan,Oak Park
90036,West,United States,California,Los Angeles
77041,Central,United States,Texas,Houston
30328,South,United States,Georgia,Sandy Springs
28205,South,United States,North Carolina,Charlotte
94513,West,United States,California,Brentwood
72701,South,United States,Arkansas,Fayetteville
19134,East,United States,Pennsylvania,Philadelphia
90008,West,United States,California,Los Angeles
46226,Central,United States,Indiana,Lawrence
60610,Central,United States,Illinois,Chicago
40214,South,United States,Kentucky,Louisville
84062,West,United States,Utah,Pleasant Grove
26003,East,United States,West Virginia,Wheeling
19711,East,United States,Delaware,Newark
1841,East,United States,Massachusetts,Lawrence
90049,West,United States,California,Los Angeles
94122,West,United States,California,San Francisco
31907,South,United States,Georgia,Columbus
32771,South,United States,Florida,Sanford
77070,Central,United States,Texas,Houston
62521,Central,United States,Illinois,Decatur
20735,East,United States,Maryland,Clinton
37918,South,United States,Tennessee,Knoxville
19120,East,United States,Pennsylvania,Philadelphia
65203,Central,United States,Missouri,Columbia
94122,West,United States,California,San Francisco
98115,West,United States,Washington,Seattle
90032,West,United States,California,Los Angeles
76106,Central,United States,Texas,Fort Worth
31907,South,United States,Georgia,Columbus
73120,Central,United States,Oklahoma,Oklahoma City
49201,Central,United States,Michigan,Jackson
90045,West,United States,California,Los Angeles
10024,East,United States,New York,New York City
31907,South,United States,Georgia,Columbus
43229,East,United States,Ohio,Columbus
28314,South,United States,North Carolina,Fayetteville
90036,West,United States,California,Los Angeles
93905,West,United States,California,Salinas
39401,South,United States,Mississippi,Hattiesburg
19134,East,United States,Pennsylvania,Philadelphia
77036,Central,United States,Texas,Houston
93727,West,United States,California,Fresno
44312,East,United States,Ohio,Akron
1841,East,United States,Massachusetts,Lawrence
10024,East,United States,New York,New York City
38301,South,United States,Tennessee,Jackson
10009,East,United States,New York,New York City
98115,West,United States,Washington,Seattle
10035,East,United States,New York,New York City
94122,West,United States,California,San Francisco
75220,Central,United States,Texas,Dallas
24153,South,United States,Virginia,Salem
10024,East,United States,New York,New York City
90712,West,United States,California,Lakewood
98103,West,United States,Washington,Seattle
23223,South,United States,Virginia,Richmond
94122,West,United States,California,San Francisco
19013,East,United States,Pennsylvania,Chester
98103,West,United States,Washington,Seattle
98115,West,United States,Washington,Seattle
60653,Central,United States,Illinois,Chicago
92024,West,United States,California,San Diego
95928,West,United States,California,Chico
93727,West,United States,California,Fresno
44105,East,United States,Ohio,Cleveland
60653,Central,United States,Illinois,Chicago
32216,South,United States,Florida,Jacksonville
10011,East,United States,New York,New York City
19805,East,United States,Delaware,Wilmington
28052,South,United States,North Carolina,Gastonia
1841,East,United States,Massachusetts,Lawrence
77095,Central,United States,Texas,Houston
10011,East,United States,New York,New York City
32216,South,United States,Florida,Jacksonville
90008,West,United States,California,Los Angeles
10009,East,United States,New York,New York City
65807,Central,United States,Missouri,Springfield
98103,West,United States,Washington,Seattle
43130,East,United States,Ohio,Lancaster
98103,West,United States,Washington,Seattle
21215,East,United States,Maryland,Baltimore
60653,Central,United States,Illinois,Chicago
90036,West,United States,California,Los Angeles
92627,West,United States,California,Costa Mesa
78207,Central,United States,Texas,San Antonio
90049,West,United States,California,Los Angeles
91776,West,United States,California,San Gabriel
11572,East,United States,New York,Oceanside
43055,East,United States,Ohio,Newark
70506,South,United States,Louisiana,Lafayette
85204,West,United States,Arizona,Mesa
38109,South,United States,Tennessee,Memphis
77036,Central,United States,Texas,Houston
79109,Central,United States,Texas,Amarillo
1040,East,United States,Massachusetts,Holyoke
33024,South,United States,Florida,Pembroke Pines
60623,Central,United States,Illinois,Chicago
68104,Central,United States,Nebraska,Omaha
61032,Central,United States,Illinois,Freeport
48205,Central,United States,Michigan,Detroit
48185,Central,United States,Michigan,Westland
80906,West,United States,Colorado,Colorado Springs
93727,West,United States,California,Fresno
19711,East,United States,Delaware,Newark
80027,West,United States,Colorado,Louisville
65807,Central,United States,Missouri,Springfield
40214,South,United States,Kentucky,Louisville
97301,West,United States,Oregon,Salem
92691,West,United States,California,Mission Viejo
43402,East,United States,Ohio,Bowling Green
90036,West,United States,California,Los Angeles
75220,Central,United States,Texas,Dallas
90032,West,United States,California,Los Angeles
80027,West,United States,Colorado,Louisville
60623,Central,United States,Illinois,Chicago
75220,Central,United States,Texas,Dallas
94122,West,United States,California,San Francisco
85345,West,United States,Arizona,Peoria
19120,East,United States,Pennsylvania,Philadelphia
10024,East,United States,New York,New York City
90032,West,United States,California,Los Angeles
77070,Central,United States,Texas,Houston
60653,Central,United States,Illinois,Chicago
43229,East,United States,Ohio,Columbus
85254,West,United States,Arizona,Scottsdale
30076,South,United States,Georgia,Roswell
45231,East,United States,Ohio,Cincinnati
19134,East,United States,Pennsylvania,Philadelphia
36830,South,United States,Alabama,Auburn
48234,Central,United States,Michigan,Detroit
75220,Central,United States,Texas,Dallas
90049,West,United States,California,Los Angeles
77041,Central,United States,Texas,Houston
20735,East,United States,Maryland,Clinton
23223,South,United States,Virginia,Richmond
85301,West,United States,Arizona,Glendale
76017,Central,United States,Texas,Arlington
19134,East,United States,Pennsylvania,Philadelphia
3301,East,United States,New Hampshire,Concord
78207,Central,United States,Texas,San Antonio
77041,Central,United States,Texas,Houston
19140,East,United States,Pennsylvania,Philadelphia
19134,East,United States,Pennsylvania,Philadelphia
7960,East,United States,New Jersey,Morristown
48205,Central,United States,Michigan,Detroit
10035,East,United States,New York,New York City
2920,East,United States,Rhode Island,Cranston
28205,South,United States,North Carolina,Charlotte
54880,Central,United States,Wisconsin,Superior
78550,Central,United States,Texas,Harlingen
18018,East,United States,Pennsylvania,Bethlehem
98103,West,United States,Washington,Seattle
20735,East,United States,Maryland,Clinton
92704,West,United States,California,Santa Ana
10024,East,United States,New York,New York City
55901,Central,United States,Minnesota,Rochester
53142,Central,United States,Wisconsin,Kenosha
72032,South,United States,Arkansas,Conway
90045,West,United States,California,Los Angeles
77340,Central,United States,Texas,Huntsville
93101,West,United States,California,Santa Barbara
57103,Central,United States,South Dakota,Sioux Falls
98103,West,United States,Washington,Seattle
94110,West,United States,California,San Francisco
10701,East,United States,New York,Yonkers
94122,West,United States,California,San Francisco
60623,Central,United States,Illinois,Chicago
70601,South,United States,Louisiana,Lake Charles
33614,South,United States,Florida,Tampa
3301,East,United States,New Hampshire,Concord
11520,East,United States,New York,Freeport
48205,Central,United States,Michigan,Detroit
90004,West,United States,California,Los Angeles
7055,East,United States,New Jersey,Passaic
60505,Central,United States,Illinois,Aurora
90004,West,United States,California,Los Angeles
14609,East,United States,New York,Rochester
19140,East,United States,Pennsylvania,Philadelphia
78501,Central,United States,Texas,Mcallen
94521,West,United States,California,Concord
90045,West,United States,California,Los Angeles
91104,West,United States,California,Pasadena
43229,East,United States,Ohio,Columbus
60068,Central,United States,Illinois,Park Ridge
84057,West,United States,Utah,Orem
90045,West,United States,California,Los Angeles
98105,West,United States,Washington,Seattle
38401,South,United States,Tennessee,Columbia
94122,West,United States,California,San Francisco
95037,West,United States,California,Morgan Hill
76106,Central,United States,Texas,Fort Worth
90045,West,United States,California,Los Angeles
77070,Central,United States,Texas,Houston
54302,Central,United States,Wisconsin,Green Bay
10011,East,United States,New York,New York City
60505,Central,United States,Illinois,Aurora
83201,West,United States,Idaho,Pocatello
66502,Central,United States,Kansas,Manhattan
98103,West,United States,Washington,Seattle
90045,West,United States,California,Los Angeles
44105,East,United States,Ohio,Cleveland
90045,West,United States,California,Los Angeles
21215,East,United States,Maryland,Baltimore
43229,East,United States,Ohio,Columbus
90008,West,United States,California,Los Angeles
2908,East,United States,Rhode Island,Providence
90045,West,United States,California,Los Angeles
10035,East,United States,New York,New York City
85345,West,United States,Arizona,Peoria
29406,South,United States,South Carolina,North Charleston
10011,East,United States,New York,New York City
28403,South,United States,North Carolina,Wilmington
94122,West,United States,California,San Francisco
36116,South,United States,Alabama,Montgomery
77036,Central,United States,Texas,Houston
80013,West,United States,Colorado,Aurora
76903,Central,United States,Texas,San Angelo
92530,West,United States,California,Lake Elsinore
31907,South,United States,Georgia,Columbus
1810,East,United States,Massachusetts,Andover
32216,South,United States,Florida,Jacksonville
6010,East,United States,Connecticut,Bristol
19711,East,United States,Delaware,Newark
66212,Central,United States,Kansas,Overland Park
95123,West,United States,California,San Jose
36830,South,United States,Alabama,Auburn
43615,East,United States,Ohio,Toledo
60505,Central,United States,Illinois,Aurora
90008,West,United States,California,Los Angeles
32114,South,United States,Florida,Daytona Beach
22153,South,United States,Virginia,Springfield
90004,West,United States,California,Los Angeles
10024,East,United States,New York,New York City
44105,East,United States,Ohio,Cleveland
29203,South,United States,South Carolina,Columbia
48180,Central,United States,Michigan,Taylor
65807,Central,United States,Missouri,Springfield
19134,East,United States,Pennsylvania,Philadelphia
80013,West,United States,Colorado,Aurora
60653,Central,United States,Illinois,Chicago
39212,South,United States,Mississippi,Jackson
49201,Central,United States,Michigan,Jackson
19120,East,United States,Pennsylvania,Philadelphia
94110,West,United States,California,San Francisco
60462,Central,United States,Illinois,Orland Park
55407,Central,United States,Minnesota,Minneapolis
95823,West,United States,California,Sacramento
90004,West,United States,California,Los Angeles
55407,Central,United States,Minnesota,Minneapolis
60505,Central,United States,Illinois,Aurora
68104,Central,United States,Nebraska,Omaha
43229,East,United States,Ohio,Columbus
85023,West,United States,Arizona,Phoenix
60610,Central,United States,Illinois,Chicago
61107,Central,United States,Illinois,Rockford
10035,East,United States,New York,New York City
10035,East,United States,New York,New York City
37075,South,United States,Tennessee,Hendersonville
92105,West,United States,California,San Diego
77506,Central,United States,Texas,Pasadena
10009,East,United States,New York,New York City
37620,South,United States,Tennessee,Bristol
91767,West,United States,California,Pomona
10009,East,United States,New York,New York City
92374,West,United States,California,Redlands
47201,Central,United States,Indiana,Columbus
90045,West,United States,California,Los Angeles
19140,East,United States,Pennsylvania,Philadelphia
90008,West,United States,California,Los Angeles
28205,South,United States,North Carolina,Charlotte
80219,West,United States,Colorado,Denver
77642,Central,United States,Texas,Port Arthur
48183,Central,United States,Michigan,Trenton
55113,Central,United States,Minnesota,Roseville
90036,West,United States,California,Los Angeles
8360,East,United States,New Jersey,Vineland
75002,Central,United States,Texas,Allen
10024,East,United States,New York,New York City
19134,East,United States,Pennsylvania,Philadelphia
98103,West,United States,Washington,Seattle
90036,West,United States,California,Los Angeles
85705,West,United States,Arizona,Tucson
44312,East,United States,Ohio,Akron
60505,Central,United States,Illinois,Aurora
90036,West,United States,California,Los Angeles
17602,East,United States,Pennsylvania,Lancaster
79109,Central,United States,Texas,Amarillo
60610,Central,United States,Illinois,Chicago
90008,West,United States,California,Los Angeles
77070,Central,United States,Texas,Houston
19805,East,United States,Delaware,Wilmington
42420,South,United States,Kentucky,Henderson
43615,East,United States,Ohio,Toledo
2151,East,United States,Massachusetts,Revere
32839,South,United States,Florida,Orlando
90049,West,United States,California,Los Angeles
60623,Central,United States,Illinois,Chicago
60126,Central,United States,Illinois,Elmhurst
65203,Central,United States,Missouri,Columbia
80501,West,United States,Colorado,Longmont
90032,West,United States,California,Los Angeles
98661,West,United States,Washington,Vancouver
90049,West,United States,California,Los Angeles
92804,West,United States,California,Anaheim
30318,South,United States,Georgia,Atlanta
83201,West,United States,Idaho,Pocatello
87105,West,United States,New Mexico,Albuquerque
60653,Central,United States,Illinois,Chicago
10024,East,United States,New York,New York City
98105,West,United States,Washington,Seattle
53132,Central,United States,Wisconsin,Franklin
22204,South,United States,Virginia,Arlington
90008,West,United States,California,Los Angeles
10024,East,United States,New York,New York City
80219,West,United States,Colorado,Denver
83704,West,United States,Idaho,Boise
43229,East,United States,Ohio,Columbus
1841,East,United States,Massachusetts,Lawrence
42420,South,United States,Kentucky,Henderson
19711,East,United States,Delaware,Newark
49201,Central,United States,Michigan,Jackson
43615,East,United States,Ohio,Toledo
97206,West,United States,Oregon,Portland
94513,West,United States,California,Brentwood
28027,South,United States,North Carolina,Concord
90032,West,United States,California,Los Angeles
98661,West,United States,Washington,Vancouver
31907,South,United States,Georgia,Columbus
85345,West,United States,Arizona,Peoria
7501,East,United States,New Jersey,Paterson
85705,West,United States,Arizona,Tucson
19134,East,United States,Pennsylvania,Philadelphia
94110,West,United States,California,San Francisco
38109,South,United States,Tennessee,Memphis
33178,South,United States,Florida,Miami
85705,West,United States,Arizona,Tucson
80134,West,United States,Colorado,Parker
10009,East,United States,New York,New York City
98103,West,United States,Washington,Seattle
19143,East,United States,Pennsylvania,Philadelphia
77840,Central,United States,Texas,College Station
98115,West,United States,Washington,Seattle
10009,East,United States,New York,New York City
95123,West,United States,California,San Jose
77573,Central,United States,Texas,League City
10024,East,United States,New York,New York City
33180,South,United States,Florida,Miami
60505,Central,United States,Illinois,Aurora
92691,West,United States,California,Mission Viejo
73120,Central,United States,Oklahoma,Oklahoma City
60623,Central,United States,Illinois,Chicago
33710,South,United States,Florida,Saint Petersburg
19140,East,United States,Pennsylvania,Philadelphia
31907,South,United States,Georgia,Columbus
74133,Central,United States,Oklahoma,Tulsa
94110,West,United States,California,San Francisco
99301,West,United States,Washington,Pasco
94109,West,United States,California,San Francisco
94109,West,United States,California,San Francisco
10009,East,United States,New York,New York City
78041,Central,United States,Texas,Laredo
10011,East,United States,New York,New York City
53142,Central,United States,Wisconsin,Kenosha
92024,West,United States,California,Encinitas
90045,West,United States,California,Los Angeles
77506,Central,United States,Texas,Pasadena
10009,East,United States,New York,New York City
31907,South,United States,Georgia,Columbus
75217,Central,United States,Texas,Dallas
10009,East,United States,New York,New York City
94110,West,United States,California,San Francisco
8701,East,United States,New Jersey,Lakewood
94109,West,United States,California,San Francisco
94110,West,United States,California,San Francisco
11550,East,United States,New York,Hempstead
43229,East,United States,Ohio,Columbus
43229,East,United States,Ohio,Columbus
33180,South,United States,Florida,Miami
75220,Central,United States,Texas,Dallas
94122,West,United States,California,San Francisco
80013,West,United States,Colorado,Aurora
90045,West,United States,California,Los Angeles
50315,Central,United States,Iowa,Des Moines
33801,South,United States,Florida,Lakeland
94122,West,United States,California,San Francisco
23464,South,United States,Virginia,Virginia Beach
44312,East,United States,Ohio,Akron
85023,West,United States,Arizona,Phoenix
90008,West,United States,California,Los Angeles
59601,West,United States,Montana,Helena
31907,South,United States,Georgia,Columbus
90045,West,United States,California,Los Angeles
60610,Central,United States,Illinois,Chicago
97756,West,United States,Oregon,Redmond
19120,East,United States,Pennsylvania,Philadelphia
38109,South,United States,Tennessee,Memphis
92105,West,United States,California,San Diego
19120,East,United States,Pennsylvania,Philadelphia
60610,Central,United States,Illinois,Chicago
10009,East,United States,New York,New York City
78041,Central,United States,Texas,Laredo
90032,West,United States,California,Los Angeles
19134,East,United States,Pennsylvania,Philadelphia
48234,Central,United States,Michigan,Detroit
90712,West,United States,California,Lakewood
10009,East,United States,New York,New York City
19143,East,United States,Pennsylvania,Philadelphia
75217,Central,United States,Texas,Dallas
10701,East,United States,New York,Yonkers
94601,West,United States,California,Oakland
33180,South,United States,Florida,Miami
27217,South,United States,North Carolina,Burlington
92374,West,United States,California,Redlands
6824,East,United States,Connecticut,Fairfield
60653,Central,United States,Illinois,Chicago
57103,Central,United States,South Dakota,Sioux Falls
37604,South,United States,Tennessee,Johnson City
75217,Central,United States,Texas,Dallas
90712,West,United States,California,Lakewood
3301,East,United States,New Hampshire,Concord
92024,West,United States,California,San Diego
10009,East,United States,New York,New York City
75217,Central,United States,Texas,Dallas
90049,West,United States,California,Los Angeles
17403,East,United States,Pennsylvania,York
48227,Central,United States,Michigan,Detroit
45503,East,United States,Ohio,Springfield
10035,East,United States,New York,New York City
97206,West,United States,Oregon,Portland
85705,West,United States,Arizona,Tucson
19134,East,United States,Pennsylvania,Philadelphia
10024,East,United States,New York,New York City
97206,West,United States,Oregon,Portland
78207,Central,United States,Texas,San Antonio
38671,South,United States,Mississippi,Southaven
4401,East,United States,Maine,Bangor
1841,East,United States,Massachusetts,Lawrence
11561,East,United States,New York,Long Beach
53209,Central,United States,Wisconsin,Milwaukee
44052,East,United States,Ohio,Lorain
19143,East,United States,Pennsylvania,Philadelphia
90045,West,United States,California,Los Angeles
96003,West,United States,California,Redding
85234,West,United States,Arizona,Gilbert
23223,South,United States,Virginia,Richmond
73505,Central,United States,Oklahoma,Lawton
27707,South,United States,North Carolina,Durham
28314,South,United States,North Carolina,Fayetteville
10009,East,United States,New York,New York City
12180,East,United States,New York,Troy
95687,West,United States,California,Vacaville
35601,South,United States,Alabama,Decatur
75217,Central,United States,Texas,Dallas
77070,Central,United States,Texas,Houston
10009,East,United States,New York,New York City
21215,East,United States,Maryland,Baltimore
92105,West,United States,California,San Diego
76903,Central,United States,Texas,San Angelo
93534,West,United States,California,Lancaster
92704,West,United States,California,Santa Ana
73505,Central,United States,Oklahoma,Lawton
45503,East,United States,Ohio,Springfield
44312,East,United States,Ohio,Akron
8861,East,United States,New Jersey,Perth Amboy
19143,East,United States,Pennsylvania,Philadelphia
93101,West,United States,California,Santa Barbara
90008,West,United States,California,Los Angeles
77036,Central,United States,Texas,Houston
98103,West,United States,Washington,Seattle
39212,South,United States,Mississippi,Jackson
48234,Central,United States,Michigan,Detroit
94122,West,United States,California,San Francisco
90036,West,United States,California,Los Angeles
78745,Central,United States,Texas,Austin
47374,Central,United States,Indiana,Richmond
60623,Central,United States,Illinois,Chicago
85204,West,United States,Arizona,Mesa
28205,South,United States,North Carolina,Charlotte
79424,Central,United States,Texas,Lubbock
90805,West,United States,California,Long Beach
74133,Central,United States,Oklahoma,Tulsa
98103,West,United States,Washington,Seattle
90004,West,United States,California,Los Angeles
43130,East,United States,Ohio,Lancaster
75217,Central,United States,Texas,Dallas
36116,South,United States,Alabama,Montgomery
85204,West,United States,Arizona,Mesa
10011,East,United States,New York,New York City
33021,South,United States,Florida,Hollywood
94110,West,United States,California,San Francisco
77642,Central,United States,Texas,Port Arthur
74133,Central,United States,Oklahoma,Tulsa
23223,South,United States,Virginia,Richmond
28205,South,United States,North Carolina,Charlotte
60610,Central,United States,Illinois,Chicago
54601,Central,United States,Wisconsin,La Crosse
95123,West,United States,California,San Jose
90278,West,United States,California,Redondo Beach
21044,East,United States,Maryland,Columbia
33180,South,United States,Florida,Miami
40475,South,United States,Kentucky,Richmond
35810,South,United States,Alabama,Huntsville
54880,Central,United States,Wisconsin,Superior
90008,West,United States,California,Los Angeles
19143,East,United States,Pennsylvania,Philadelphia
22204,South,United States,Virginia,Arlington
75217,Central,United States,Texas,Dallas
73120,Central,United States,Oklahoma,Oklahoma City
53209,Central,United States,Wisconsin,Milwaukee
60201,Central,United States,Illinois,Evanston
10024,East,United States,New York,New York City
10024,East,United States,New York,New York City
77340,Central,United States,Texas,Huntsville
90008,West,United States,California,Los Angeles
77041,Central,United States,Texas,Houston
90503,West,United States,California,Torrance
10024,East,United States,New York,New York City
91761,West,United States,California,Ontario
10024,East,United States,New York,New York City
94109,West,United States,California,San Francisco
33065,South,United States,Florida,Coral Springs
10011,East,United States,New York,New York City
33012,South,United States,Florida,Hialeah
62521,Central,United States,Illinois,Decatur
28052,South,United States,North Carolina,Gastonia
60623,Central,United States,Illinois,Chicago
46203,Central,United States,Indiana,Indianapolis
90008,West,United States,California,Los Angeles
19134,East,United States,Pennsylvania,Philadelphia
10035,East,United States,New York,New York City
11572,East,United States,New York,Oceanside
83605,West,United States,Idaho,Caldwell
92024,West,United States,California,San Diego
33178,South,United States,Florida,Miami
61821,Central,United States,Illinois,Champaign
19601,East,United States,Pennsylvania,Reading
10035,East,United States,New York,New York City
98103,West,United States,Washington,Seattle
31907,South,United States,Georgia,Columbus
90008,West,United States,California,Los Angeles
78207,Central,United States,Texas,San Antonio
28052,South,United States,North Carolina,Gastonia
90004,West,United States,California,Los Angeles
75051,Central,United States,Texas,Grand Prairie
77095,Central,United States,Texas,Houston
60653,Central,United States,Illinois,Chicago
77095,Central,United States,Texas,Houston
60610,Central,United States,Illinois,Chicago
10035,East,United States,New York,New York City
10009,East,United States,New York,New York City
59801,West,United States,Montana,Missoula
90004,West,United States,California,Los Angeles
90008,West,United States,California,Los Angeles
42420,South,United States,Kentucky,Henderson
60016,Central,United States,Illinois,Des Plaines
33614,South,United States,Florida,Tampa
78207,Central,United States,Texas,San Antonio
98103,West,United States,Washington,Seattle
94109,West,United States,California,San Francisco
29203,South,United States,South Carolina,Columbia
90301,West,United States,California,Inglewood
90032,West,United States,California,Los Angeles
90049,West,United States,California,Los Angeles
77340,Central,United States,Texas,Huntsville
78207,Central,United States,Texas,San Antonio
90045,West,United States,California,Los Angeles
94110,West,United States,California,San Francisco
60540,Central,United States,Illinois,Naperville
85204,West,United States,Arizona,Mesa
90045,West,United States,California,Los Angeles
10035,East,United States,New York,New York City
40214,South,United States,Kentucky,Louisville
90032,West,United States,California,Los Angeles
98105,West,United States,Washington,Seattle
74133,Central,United States,Oklahoma,Tulsa
75080,Central,United States,Texas,Richardson
33023,South,United States,Florida,Miramar
94122,West,United States,California,San Francisco
19711,East,United States,Delaware,Newark
77036,Central,United States,Texas,Houston
33023,South,United States,Florida,Miramar
37421,South,United States,Tennessee,Chattanooga
48227,Central,United States,Michigan,Detroit
19134,East,United States,Pennsylvania,Philadelphia
48227,Central,United States,Michigan,Detroit
31907,South,United States,Georgia,Columbus
75081,Central,United States,Texas,Dallas
39212,South,United States,Mississippi,Jackson
78521,Central,United States,Texas,Brownsville
85281,West,United States,Arizona,Tempe
19134,East,United States,Pennsylvania,Philadelphia
85705,West,United States,Arizona,Tucson
92105,West,United States,California,San Diego
10011,East,United States,New York,New York City
47201,Central,United States,Indiana,Columbus
6824,East,United States,Connecticut,Fairfield
77041,Central,United States,Texas,Houston
10024,East,United States,New York,New York City
19711,East,United States,Delaware,Newark
79907,Central,United States,Texas,El Paso
90004,West,United States,California,Los Angeles
98105,West,United States,Washington,Seattle
33021,South,United States,Florida,Hollywood
73120,Central,United States,Oklahoma,Oklahoma City
38401,South,United States,Tennessee,Columbia
72209,South,United States,Arkansas,Little Rock
22153,South,United States,Virginia,Springfield
90049,West,United States,California,Los Angeles
75220,Central,United States,Texas,Dallas
10011,East,United States,New York,New York City
97477,West,United States,Oregon,Springfield
10009,East,United States,New York,New York City
6824,East,United States,Connecticut,Fairfield
48234,Central,United States,Michigan,Detroit
92037,West,United States,California,San Diego
31088,South,United States,Georgia,Warner Robins
85705,West,United States,Arizona,Tucson
37918,South,United States,Tennessee,Knoxville
53132,Central,United States,Wisconsin,Franklin
79762,Central,United States,Texas,Odessa
98115,West,United States,Washington,Seattle
19711,East,United States,Delaware,Newark
60623,Central,United States,Illinois,Chicago
66062,Central,United States,Kansas,Olathe
10024,East,United States,New York,New York City
17602,East,United States,Pennsylvania,Lancaster
90036,West,United States,California,Los Angeles
92105,West,United States,California,San Diego
98105,West,United States,Washington,Seattle
75081,Central,United States,Texas,Dallas
53209,Central,United States,Wisconsin,Milwaukee
72209,South,United States,Arkansas,Little Rock
37211,South,United States,Tennessee,Nashville
29203,South,United States,South Carolina,Columbia
60623,Central,United States,Illinois,Chicago
10035,East,United States,New York,New York City
48227,Central,United States,Michigan,Detroit
48227,Central,United States,Michigan,Detroit
85023,West,United States,Arizona,Phoenix
22801,South,United States,Virginia,Harrisonburg
90008,West,United States,California,Los Angeles
23666,South,United States,Virginia,Hampton
90049,West,United States,California,Los Angeles
3820,East,United States,New Hampshire,Dover
31907,South,United States,Georgia,Columbus
92804,West,United States,California,Anaheim
90032,West,United States,California,Los Angeles
11550,East,United States,New York,Hempstead
10035,East,United States,New York,New York City
47905,Central,United States,Indiana,Lafayette
48234,Central,United States,Michigan,Detroit
90004,West,United States,California,Los Angeles
19143,East,United States,Pennsylvania,Philadelphia
45503,East,United States,Ohio,Springfield
80229,West,United States,Colorado,Thornton
33317,South,United States,Florida,Plantation
19143,East,United States,Pennsylvania,Philadelphia
30080,South,United States,Georgia,Smyrna
19805,East,United States,Delaware,Wilmington
44312,East,United States,Ohio,Akron
10009,East,United States,New York,New York City
79907,Central,United States,Texas,El Paso
70506,South,United States,Louisiana,Lafayette
19134,East,United States,Pennsylvania,Philadelphia
33065,South,United States,Florida,Coral Springs
43229,East,United States,Ohio,Columbus
48205,Central,United States,Michigan,Detroit
28027,South,United States,North Carolina,Concord
92105,West,United States,California,San Diego
60623,Central,United States,Illinois,Chicago
13601,East,United States,New York,Watertown
84062,West,United States,Utah,Pleasant Grove
77070,Central,United States,Texas,Houston
65807,Central,United States,Missouri,Springfield
19120,East,United States,Pennsylvania,Philadelphia
77041,Central,United States,Texas,Houston
80219,West,United States,Colorado,Denver
77036,Central,United States,Texas,Houston
91104,West,United States,California,Pasadena
21215,East,United States,Maryland,Baltimore
8701,East,United States,New Jersey,Lakewood
90036,West,United States,California,Los Angeles
20735,East,United States,Maryland,Clinton
80219,West,United States,Colorado,Denver
75081,Central,United States,Texas,Dallas
10009,East,United States,New York,New York City
90004,West,United States,California,Los Angeles
43017,East,United States,Ohio,Dublin
10011,East,United States,New York,New York City
78745,Central,United States,Texas,Austin
19140,East,United States,Pennsylvania,Philadelphia
71203,South,United States,Louisiana,Monroe
98103,West,United States,Washington,Seattle
54703,Central,United States,Wisconsin,Eau Claire
72701,South,United States,Arkansas,Fayetteville
90805,West,United States,California,Long Beach
14609,East,United States,New York,Rochester
48640,Central,United States,Michigan,Midland
92503,West,United States,California,Riverside
55125,Central,United States,Minnesota,Woodbury
80219,West,United States,Colorado,Denver
38109,South,United States,Tennessee,Memphis
48126,Central,United States,Michigan,Dearborn
33614,South,United States,Florida,Tampa
45014,East,United States,Ohio,Fairfield
10011,East,United States,New York,New York City
23223,South,United States,Virginia,Richmond
97030,West,United States,Oregon,Gresham
90008,West,United States,California,Los Angeles
39401,South,United States,Mississippi,Hattiesburg
97206,West,United States,Oregon,Portland
11561,East,United States,New York,Long Beach
19120,East,United States,Pennsylvania,Philadelphia
56301,Central,United States,Minnesota,Saint Cloud
80219,West,United States,Colorado,Denver
60089,Central,United States,Illinois,Buffalo Grove
94109,West,United States,California,San Francisco
10011,East,United States,New York,New York City
10011,East,United States,New York,New York City
92020,West,United States,California,El Cajon
48227,Central,United States,Michigan,Detroit
10009,East,United States,New York,New York City
94526,West,United States,California,Danville
10011,East,United States,New York,New York City
90805,West,United States,California,Long Beach
90004,West,United States,California,Los Angeles
31907,South,United States,Georgia,Columbus
30318,South,United States,Georgia,Atlanta
10011,East,United States,New York,New York City
31907,South,United States,Georgia,Columbus
21044,East,United States,Maryland,Columbia
22204,South,United States,Virginia,Arlington
60188,Central,United States,Illinois,Carol Stream
43402,East,United States,Ohio,Bowling Green
71111,South,United States,Louisiana,Bossier City
55407,Central,United States,Minnesota,Minneapolis
60610,Central,United States,Illinois,Chicago
94122,West,United States,California,San Francisco
94110,West,United States,California,San Francisco
43055,East,United States,Ohio,Newark
62521,Central,United States,Illinois,Decatur
48911,Central,United States,Michigan,Lansing
90036,West,United States,California,Los Angeles
33801,South,United States,Florida,Lakeland
11550,East,United States,New York,Hempstead
92024,West,United States,California,San Diego
90045,West,United States,California,Los Angeles
19143,East,United States,Pennsylvania,Philadelphia
30318,South,United States,Georgia,Atlanta
92630,West,United States,California,Lake Forest
5408,East,United States,Vermont,Burlington
22204,South,United States,Virginia,Arlington
10009,East,United States,New York,New York City
19134,East,United States,Pennsylvania,Philadelphia
85204,West,United States,Arizona,Mesa
92563,West,United States,California,Murrieta
48126,Central,United States,Michigan,Dearborn
94110,West,United States,California,San Francisco
10024,East,United States,New York,New York City
90049,West,United States,California,Los Angeles
80013,West,United States,Colorado,Aurora
10035,East,United States,New York,New York City
94601,West,United States,California,Oakland
61604,Central,United States,Illinois,Peoria
77095,Central,United States,Texas,Houston
92804,West,United States,California,Anaheim
77036,Central,United States,Texas,Houston
94110,West,United States,California,San Francisco
22980,South,United States,Virginia,Waynesboro
77041,Central,United States,Texas,Houston
10011,East,United States,New York,New York City
10035,East,United States,New York,New York City
56560,Central,United States,Minnesota,Moorhead
19143,East,United States,Pennsylvania,Philadelphia
98115,West,United States,Washington,Seattle
10035,East,United States,New York,New York City
78664,Central,United States,Texas,Round Rock
90278,West,United States,California,Redondo Beach
97756,West,United States,Oregon,Redmond
98105,West,United States,Washington,Seattle
94513,West,United States,California,Brentwood
33614,South,United States,Florida,Tampa
90036,West,United States,California,Los Angeles
90604,West,United States,California,Whittier
77095,Central,United States,Texas,Houston
98031,West,United States,Washington,Kent
97405,West,United States,Oregon,Eugene
85234,West,United States,Arizona,Gilbert
37042,South,United States,Tennessee,Clarksville
2149,East,United States,Massachusetts,Everett
19134,East,United States,Pennsylvania,Philadelphia
21215,East,United States,Maryland,Baltimore
10009,East,United States,New York,New York City
19120,East,United States,Pennsylvania,Philadelphia
98115,West,United States,Washington,Seattle
10009,East,United States,New York,New York City
43229,East,United States,Ohio,Columbus
10035,East,United States,New York,New York City
55369,Central,United States,Minnesota,Maple Grove
47905,Central,United States,Indiana,Lafayette
7060,East,United States,New Jersey,Plainfield
92345,West,United States,California,Hesperia
44312,East,United States,Ohio,Akron
40214,South,United States,Kentucky,Louisville
10035,East,United States,New York,New York City
98105,West,United States,Washington,Seattle
23602,South,United States,Virginia,Newport News
92374,West,United States,California,Redlands
10024,East,United States,New York,New York City
98115,West,United States,Washington,Seattle
22153,South,United States,Virginia,Springfield
19143,East,United States,Pennsylvania,Philadelphia
10024,East,United States,New York,New York City
19143,East,United States,Pennsylvania,Philadelphia
10035,East,United States,New York,New York City
48227,Central,United States,Michigan,Detroit
10701,East,United States,New York,Yonkers
43055,East,United States,Ohio,Newark
94122,West,United States,California,San Francisco
38401,South,United States,Tennessee,Columbia
19140,East,United States,Pennsylvania,Philadelphia
48205,Central,United States,Michigan,Detroit
22153,South,United States,Virginia,Springfield
90032,West,United States,California,Los Angeles
2038,East,United States,Massachusetts,Franklin
10024,East,United States,New York,New York City
98105,West,United States,Washington,Seattle
19140,East,United States,Pennsylvania,Philadelphia
6708,East,United States,Connecticut,Waterbury
77041,Central,United States,Texas,Houston
19120,East,United States,Pennsylvania,Philadelphia
80004,West,United States,Colorado,Arvada
77036,Central,United States,Texas,Houston
60188,Central,United States,Illinois,Carol Stream
60653,Central,United States,Illinois,Chicago
44105,East,United States,Ohio,Cleveland
90008,West,United States,California,Los Angeles
90004,West,United States,California,Los Angeles
19134,East,United States,Pennsylvania,Philadelphia
32303,South,United States,Florida,Tallahassee
98103,West,United States,Washington,Seattle
53142,Central,United States,Wisconsin,Kenosha
92037,West,United States,California,San Diego
92105,West,United States,California,San Diego
94122,West,United States,California,San Francisco
89502,West,United States,Nevada,Reno
93101,West,United States,California,Santa Barbara
77041,Central,United States,Texas,Houston
41042,South,United States,Kentucky,Florence
19711,East,United States,Delaware,Newark
80219,West,United States,Colorado,Denver
77581,Central,United States,Texas,Pearland
92683,West,United States,California,Westminster
53711,Central,United States,Wisconsin,Madison
60653,Central,United States,Illinois,Chicago
77036,Central,United States,Texas,Houston
93727,West,United States,California,Fresno
10035,East,United States,New York,New York City
90008,West,United States,California,Los Angeles
76706,Central,United States,Texas,Waco
94122,West,United States,California,San Francisco
11561,East,United States,New York,Long Beach
80525,West,United States,Colorado,Fort Collins
22980,South,United States,Virginia,Waynesboro
98026,West,United States,Washington,Edmonds
19140,East,United States,Pennsylvania,Philadelphia
56301,Central,United States,Minnesota,Saint Cloud
90805,West,United States,California,Long Beach
40475,South,United States,Kentucky,Richmond
78207,Central,United States,Texas,San Antonio
33319,South,United States,Florida,Tamarac
94122,West,United States,California,San Francisco
90004,West,United States,California,Los Angeles
75217,Central,United States,Texas,Dallas
23320,South,United States,Virginia,Chesapeake
98105,West,United States,Washington,Seattle
90045,West,United States,California,Los Angeles
60610,Central,United States,Illinois,Chicago
98103,West,United States,Washington,Seattle
19140,East,United States,Pennsylvania,Philadelphia
10024,East,United States,New York,New York City
80501,West,United States,Colorado,Longmont
47201,Central,United States,Indiana,Columbus
94526,West,United States,California,Danville
46203,Central,United States,Indiana,Indianapolis
97477,West,United States,Oregon,Springfield
92020,West,United States,California,El Cajon
60623,Central,United States,Illinois,Chicago
90032,West,United States,California,Los Angeles
87401,West,United States,New Mexico,Farmington
45014,East,United States,Ohio,Fairfield
19120,East,United States,Pennsylvania,Philadelphia
97206,West,United States,Oregon,Portland
2920,East,United States,Rhode Island,Cranston
10011,East,United States,New York,New York City
10024,East,United States,New York,New York City
98115,West,United States,Washington,Seattle
47201,Central,United States,Indiana,Columbus
33614,South,United States,Florida,Tampa
92105,West,United States,California,San Diego
90049,West,United States,California,Los Angeles
75081,Central,United States,Texas,Dallas
19140,East,United States,Pennsylvania,Philadelphia
77070,Central,United States,Texas,Houston
90049,West,United States,California,Los Angeles
90045,West,United States,California,Los Angeles
14609,East,United States,New York,Rochester
17403,East,United States,Pennsylvania,York
11572,East,United States,New York,Oceanside
14609,East,United States,New York,Rochester
90032,West,United States,California,Los Angeles
10011,East,United States,New York,New York City
90036,West,United States,California,Los Angeles
71203,South,United States,Louisiana,Monroe
10035,East,United States,New York,New York City
19120,East,United States,Pennsylvania,Philadelphia
2149,East,United States,Massachusetts,Everett
27604,South,United States,North Carolina,Raleigh
85023,West,United States,Arizona,Phoenix
23464,South,United States,Virginia,Virginia Beach
92592,West,United States,California,Temecula
10011,East,United States,New York,New York City
33311,South,United States,Florida,Fort Lauderdale
2149,East,United States,Massachusetts,Everett
10035,East,United States,New York,New York City
10024,East,United States,New York,New York City
97477,West,United States,Oregon,Springfield
2920,East,United States,Rhode Island,Cranston
13021,East,United States,New York,Auburn
77590,Central,United States,Texas,Texas City
10035,East,United States,New York,New York City
83201,West,United States,Idaho,Pocatello
60016,Central,United States,Illinois,Des Plaines
93309,West,United States,California,Bakersfield
85204,West,United States,Arizona,Mesa
77041,Central,United States,Texas,Houston
98105,West,United States,Washington,Seattle
48640,Central,United States,Michigan,Midland
68104,Central,United States,Nebraska,Omaha
94110,West,United States,California,San Francisco
6460,East,United States,Connecticut,Milford
29203,South,United States,South Carolina,Columbia
2908,East,United States,Rhode Island,Providence
33024,South,United States,Florida,Pembroke Pines
90008,West,United States,California,Los Angeles
60016,Central,United States,Illinois,Des Plaines
2908,East,United States,Rhode Island,Providence
10011,East,United States,New York,New York City
19140,East,United States,Pennsylvania,Philadelphia
28205,South,United States,North Carolina,Charlotte
28314,South,United States,North Carolina,Fayetteville
98105,West,United States,Washington,Seattle
10009,East,United States,New York,New York City
10024,East,United States,New York,New York City
85204,West,United States,Arizona,Mesa
78207,Central,United States,Texas,San Antonio
98105,West,United States,Washington,Seattle
29464,South,United States,South Carolina,Mount Pleasant
13601,East,United States,New York,Watertown
19805,East,United States,Delaware,Wilmington
71854,South,United States,Arkansas,Texarkana
33311,South,United States,Florida,Fort Lauderdale
28540,South,United States,North Carolina,Jacksonville
39212,South,United States,Mississippi,Jackson
44134,East,United States,Ohio,Parma
22204,South,United States,Virginia,Arlington
10024,East,United States,New York,New York City
60174,Central,United States,Illinois,Saint Charles
90045,West,United States,California,Los Angeles
43055,East,United States,Ohio,Newark
29203,South,United States,South Carolina,Columbia
10009,East,United States,New York,New York City
97477,West,United States,Oregon,Springfield
90049,West,United States,California,Los Angeles
43229,East,United States,Ohio,Columbus
72401,South,United States,Arkansas,Jonesboro
99301,West,United States,Washington,Pasco
60016,Central,United States,Illinois,Des Plaines
35244,South,United States,Alabama,Hoover
45503,East,United States,Ohio,Springfield
93010,West,United States,California,Camarillo
32216,South,United States,Florida,Jacksonville
48205,Central,United States,Michigan,Detroit
60610,Central,United States,Illinois,Chicago
92105,West,United States,California,San Diego
21044,East,United States,Maryland,Columbia
48227,Central,United States,Michigan,Detroit
10011,East,United States,New York,New York City
98105,West,United States,Washington,Seattle
10024,East,United States,New York,New York City
46226,Central,United States,Indiana,Lawrence
19143,East,United States,Pennsylvania,Philadelphia
49201,Central,United States,Michigan,Jackson
60653,Central,United States,Illinois,Chicago
45503,East,United States,Ohio,Springfield
48227,Central,United States,Michigan,Detroit
36116,South,United States,Alabama,Montgomery
60188,Central,United States,Illinois,Carol Stream
92345,West,United States,California,Hesperia
23666,South,United States,Virginia,Hampton
98103,West,United States,Washington,Seattle
43229,East,United States,Ohio,Columbus
37918,South,United States,Tennessee,Knoxville
33023,South,United States,Florida,Miramar
61761,Central,United States,Illinois,Normal
79109,Central,United States,Texas,Amarillo
47374,Central,United States,Indiana,Richmond
76106,Central,United States,Texas,Fort Worth
60505,Central,United States,Illinois,Aurora
23602,South,United States,Virginia,Newport News
31907,South,United States,Georgia,Columbus
78207,Central,United States,Texas,San Antonio
94533,West,United States,California,Fairfield
94110,West,United States,California,San Francisco
77095,Central,United States,Texas,Houston
19120,East,United States,Pennsylvania,Philadelphia
42420,South,United States,Kentucky,Henderson
60610,Central,United States,Illinois,Chicago
19134,East,United States,Pennsylvania,Philadelphia
48227,Central,United States,Michigan,Detroit
33142,South,United States,Florida,Miami
22304,South,United States,Virginia,Alexandria
19120,East,United States,Pennsylvania,Philadelphia
7055,East,United States,New Jersey,Passaic
77041,Central,United States,Texas,Houston
19134,East,United States,Pennsylvania,Philadelphia
10801,East,United States,New York,New Rochelle
10011,East,United States,New York,New York City
38109,South,United States,Tennessee,Memphis
90004,West,United States,California,Los Angeles
78745,Central,United States,Texas,Austin
46350,Central,United States,Indiana,La Porte
47905,Central,United States,Indiana,Lafayette
98103,West,United States,Washington,Seattle
95928,West,United States,California,Chico
10011,East,United States,New York,New York City
7060,East,United States,New Jersey,Plainfield
10035,East,United States,New York,New York City
19140,East,United States,Pennsylvania,Philadelphia
6824,East,United States,Connecticut,Fairfield
94122,West,United States,California,San Francisco
77070,Central,United States,Texas,Houston
91104,West,United States,California,Pasadena
10009,East,United States,New York,New York City
87105,West,United States,New Mexico,Albuquerque
92105,West,United States,California,San Diego
90036,West,United States,California,Los Angeles
10011,East,United States,New York,New York City
10011,East,United States,New York,New York City
10011,East,United States,New York,New York City
55407,Central,United States,Minnesota,Minneapolis
48187,Central,United States,Michigan,Canton
60174,Central,United States,Illinois,Saint Charles
38301,South,United States,Tennessee,Jackson
85254,West,United States,Arizona,Scottsdale
43229,East,United States,Ohio,Columbus
94110,West,United States,California,San Francisco
80219,West,United States,Colorado,Denver
54703,Central,United States,Wisconsin,Eau Claire
47201,Central,United States,Indiana,Columbus
75701,Central,United States,Texas,Tyler
62521,Central,United States,Illinois,Decatur
19140,East,United States,Pennsylvania,Philadelphia
90045,West,United States,California,Los Angeles
22153,South,United States,Virginia,Springfield
32725,South,United States,Florida,Deltona
94122,West,United States,California,San Francisco
19120,East,United States,Pennsylvania,Philadelphia
10011,East,United States,New York,New York City
80027,West,United States,Colorado,Louisville
53142,Central,United States,Wisconsin,Kenosha
40324,South,United States,Kentucky,Georgetown
28314,South,United States,North Carolina,Fayetteville
10035,East,United States,New York,New York City
19120,East,United States,Pennsylvania,Philadelphia
75220,Central,United States,Texas,Dallas
19143,East,United States,Pennsylvania,Philadelphia
90049,West,United States,California,Los Angeles
1852,East,United States,Massachusetts,Lowell
47374,Central,United States,Indiana,Richmond
32303,South,United States,Florida,Tallahassee
43055,East,United States,Ohio,Newark
30076,South,United States,Georgia,Roswell
49201,Central,United States,Michigan,Jackson
48104,Central,United States,Michigan,Ann Arbor
80219,West,United States,Colorado,Denver
65807,Central,United States,Missouri,Springfield
10035,East,United States,New York,New York City
85705,West,United States,Arizona,Tucson
10035,East,United States,New York,New York City
55901,Central,United States,Minnesota,Rochester
90008,West,United States,California,Los Angeles
60035,Central,United States,Illinois,Highland Park
42420,South,United States,Kentucky,Henderson
10035,East,United States,New York,New York City
98115,West,United States,Washington,Seattle
92105,West,United States,California,San Diego
38109,South,United States,Tennessee,Memphis
92037,West,United States,California,San Diego
40324,South,United States,Kentucky,Georgetown
94110,West,United States,California,San Francisco
28205,South,United States,North Carolina,Charlotte
90045,West,United States,California,Los Angeles
90004,West,United States,California,Los Angeles
75023,Central,United States,Texas,Plano
98105,West,United States,Washington,Seattle
85204,West,United States,Arizona,Mesa
72401,South,United States,Arkansas,Jonesboro
90004,West,United States,California,Los Angeles
28314,South,United States,North Carolina,Fayetteville
55407,Central,United States,Minnesota,Minneapolis
98115,West,United States,Washington,Seattle
2908,East,United States,Rhode Island,Providence
95207,West,United States,California,Stockton
98105,West,United States,Washington,Seattle
19805,East,United States,Delaware,Wilmington
19140,East,United States,Pennsylvania,Philadelphia
97206,West,United States,Oregon,Portland
33710,South,United States,Florida,Saint Petersburg
97224,West,United States,Oregon,Tigard
77041,Central,United States,Texas,Houston
77573,Central,United States,Texas,League City
44107,East,United States,Ohio,Lakewood
94601,West,United States,California,Oakland
60623,Central,United States,Illinois,Chicago
77340,Central,United States,Texas,Huntsville
80027,West,United States,Colorado,Louisville
19120,East,United States,Pennsylvania,Philadelphia
19134,East,United States,Pennsylvania,Philadelphia
33024,South,United States,Florida,Pembroke Pines
45014,East,United States,Ohio,Fairfield
44105,East,United States,Ohio,Cleveland
79907,Central,United States,Texas,El Paso
90036,West,United States,California,Los Angeles
24153,South,United States,Virginia,Salem
40214,South,United States,Kentucky,Louisville
98115,West,United States,Washington,Seattle
44060,East,United States,Ohio,Mentor
77070,Central,United States,Texas,Houston
19140,East,United States,Pennsylvania,Philadelphia
60505,Central,United States,Illinois,Aurora
90036,West,United States,California,Los Angeles
60623,Central,United States,Illinois,Chicago
43615,East,United States,Ohio,Toledo
30076,South,United States,Georgia,Roswell
73120,Central,United States,Oklahoma,Oklahoma City
98105,West,United States,Washington,Seattle
10024,East,United States,New York,New York City
83704,West,United States,Idaho,Boise
94601,West,United States,California,Oakland
5408,East,United States,Vermont,Burlington
92024,West,United States,California,San Diego
48911,Central,United States,Michigan,Lansing
55113,Central,United States,Minnesota,Roseville
94122,West,United States,California,San Francisco
60610,Central,United States,Illinois,Chicago
71111,South,United States,Louisiana,Bossier City
98115,West,United States,Washington,Seattle
97206,West,United States,Oregon,Portland
60089,Central,United States,Illinois,Buffalo Grove
94601,West,United States,California,Oakland
90036,West,United States,California,Los Angeles
92037,West,United States,California,San Diego
75081,Central,United States,Texas,Dallas
53209,Central,United States,Wisconsin,Milwaukee
98115,West,United States,Washington,Seattle
44105,East,United States,Ohio,Cleveland
92105,West,United States,California,San Diego
33801,South,United States,Florida,Lakeland
19143,East,United States,Pennsylvania,Philadelphia
58103,Central,United States,North Dakota,Fargo
94122,West,United States,California,San Francisco
98105,West,United States,Washington,Seattle
90045,West,United States,California,Los Angeles
60505,Central,United States,Illinois,Aurora
53142,Central,United States,Wisconsin,Kenosha
78207,Central,United States,Texas,San Antonio
10011,East,United States,New York,New York City
90301,West,United States,California,Inglewood
60035,Central,United States,Illinois,Highland Park
77041,Central,United States,Texas,Houston
10024,East,United States,New York,New York City
77041,Central,United States,Texas,Houston
46203,Central,United States,Indiana,Indianapolis
10024,East,United States,New York,New York City
98198,West,United States,Washington,Des Moines
90301,West,United States,California,Inglewood
10011,East,United States,New York,New York City
43229,East,United States,Ohio,Columbus
94110,West,United States,California,San Francisco
90004,West,United States,California,Los Angeles
10011,East,United States,New York,New York City
90032,West,United States,California,Los Angeles
32216,South,United States,Florida,Jacksonville
63376,Central,United States,Missouri,Saint Peters
92037,West,United States,California,San Diego
42420,South,United States,Kentucky,Henderson
94122,West,United States,California,San Francisco
6457,East,United States,Connecticut,Middletown
11572,East,United States,New York,Oceanside
19140,East,United States,Pennsylvania,Philadelphia
90049,West,United States,California,Los Angeles
28205,South,United States,North Carolina,Charlotte
92307,West,United States,California,Apple Valley
10009,East,United States,New York,New York City
78207,Central,United States,Texas,San Antonio
60653,Central,United States,Illinois,Chicago
92037,West,United States,California,San Diego
98502,West,United States,Washington,Olympia
91911,West,United States,California,Chula Vista
60076,Central,United States,Illinois,Skokie
45014,East,United States,Ohio,Fairfield
19120,East,United States,Pennsylvania,Philadelphia
33311,South,United States,Florida,Fort Lauderdale
45373,East,United States,Ohio,Troy
99207,West,United States,Washington,Spokane
77340,Central,United States,Texas,Huntsville
19143,East,United States,Pennsylvania,Philadelphia
90036,West,United States,California,Los Angeles
60653,Central,United States,Illinois,Chicago
10009,East,United States,New York,New York City
32216,South,United States,Florida,Jacksonville
60068,Central,United States,Illinois,Park Ridge
85023,West,United States,Arizona,Phoenix
19134,East,United States,Pennsylvania,Philadelphia
90036,West,United States,California,Los Angeles
92704,West,United States,California,Santa Ana
10009,East,United States,New York,New York City
85234,West,United States,Arizona,Gilbert
98105,West,United States,Washington,Seattle
1852,East,United States,Massachusetts,Lowell
43302,East,United States,Ohio,Marion
85234,West,United States,Arizona,Gilbert
10024,East,United States,New York,New York City
3301,East,United States,New Hampshire,Concord
77070,Central,United States,Texas,Houston
1841,East,United States,Massachusetts,Lawrence
77041,Central,United States,Texas,Houston
10035,East,United States,New York,New York City
2149,East,United States,Massachusetts,Everett
43615,East,United States,Ohio,Toledo
43130,East,United States,Ohio,Lancaster
19140,East,United States,Pennsylvania,Philadelphia
90032,West,United States,California,Los Angeles
90049,West,United States,California,Los Angeles
35601,South,United States,Alabama,Decatur
60623,Central,United States,Illinois,Chicago
37167,South,United States,Tennessee,Smyrna
28205,South,United States,North Carolina,Charlotte
78745,Central,United States,Texas,Austin
31907,South,United States,Georgia,Columbus
47374,Central,United States,Indiana,Richmond
80020,West,United States,Colorado,Broomfield
38401,South,United States,Tennessee,Columbia
14609,East,United States,New York,Rochester
94122,West,United States,California,San Francisco
60623,Central,United States,Illinois,Chicago
77041,Central,United States,Texas,Houston
90049,West,United States,California,Los Angeles
10035,East,United States,New York,New York City
94122,West,United States,California,San Francisco
13601,East,United States,New York,Watertown
98105,West,United States,Washington,Seattle
90049,West,United States,California,Los Angeles
80219,West,United States,Colorado,Denver
90008,West,United States,California,Los Angeles
92105,West,United States,California,San Diego
43229,East,United States,Ohio,Columbus
33317,South,United States,Florida,Plantation
10024,East,United States,New York,New York City
10035,East,United States,New York,New York City
85204,West,United States,Arizona,Mesa
85023,West,United States,Arizona,Phoenix
20735,East,United States,Maryland,Clinton
90045,West,United States,California,Los Angeles
76063,Central,United States,Texas,Mansfield
44312,East,United States,Ohio,Akron
6824,East,United States,Connecticut,Fairfield
90045,West,United States,California,Los Angeles
49201,Central,United States,Michigan,Jackson
36608,South,United States,Alabama,Mobile
10011,East,United States,New York,New York City
90036,West,United States,California,Los Angeles
6824,East,United States,Connecticut,Fairfield
60653,Central,United States,Illinois,Chicago
97477,West,United States,Oregon,Springfield
21044,East,United States,Maryland,Columbia
2038,East,United States,Massachusetts,Franklin
48234,Central,United States,Michigan,Detroit
10011,East,United States,New York,New York City
80219,West,United States,Colorado,Denver
80013,West,United States,Colorado,Aurora
46203,Central,United States,Indiana,Indianapolis
80525,West,United States,Colorado,Fort Collins
42420,South,United States,Kentucky,Henderson
74133,Central,United States,Oklahoma,Tulsa
74012,Central,United States,Oklahoma,Broken Arrow
75081,Central,United States,Texas,Dallas
90008,West,United States,California,Los Angeles
77041,Central,United States,Texas,Houston
62521,Central,United States,Illinois,Decatur
77070,Central,United States,Texas,Houston
92037,West,United States,California,San Diego
19120,East,United States,Pennsylvania,Philadelphia
60610,Central,United States,Illinois,Chicago
19134,East,United States,Pennsylvania,Philadelphia
10011,East,United States,New York,New York City
98105,West,United States,Washington,Seattle
91104,West,United States,California,Pasadena
40214,South,United States,Kentucky,Louisville
80219,West,United States,Colorado,Denver
94110,West,United States,California,San Francisco
10035,East,United States,New York,New York City
65807,Central,United States,Missouri,Springfield
80906,West,United States,Colorado,Colorado Springs
46544,Central,United States,Indiana,Mishawaka
90712,West,United States,California,Lakewood
19140,East,United States,Pennsylvania,Philadelphia
19143,East,United States,Pennsylvania,Philadelphia
94110,West,United States,California,San Francisco
29501,South,United States,South Carolina,Florence
73120,Central,United States,Oklahoma,Oklahoma City
10024,East,United States,New York,New York City
94109,West,United States,California,San Francisco
10024,East,United States,New York,New York City
10024,East,United States,New York,New York City
1915,East,United States,Massachusetts,Beverly
79762,Central,United States,Texas,Odessa
64055,Central,United States,Missouri,Independence
32712,South,United States,Florida,Apopka
94122,West,United States,California,San Francisco
85301,West,United States,Arizona,Glendale
98103,West,United States,Washington,Seattle
28205,South,United States,North Carolina,Charlotte
90045,West,United States,California,Los Angeles
60610,Central,United States,Illinois,Chicago
90049,West,United States,California,Los Angeles
90008,West,United States,California,Los Angeles
92037,West,United States,California,San Diego
33614,South,United States,Florida,Tampa
19143,East,United States,Pennsylvania,Philadelphia
2908,East,United States,Rhode Island,Providence
1841,East,United States,Massachusetts,Lawrence
78207,Central,United States,Texas,San Antonio
77041,Central,United States,Texas,Houston
10035,East,United States,New York,New York City
19134,East,United States,Pennsylvania,Philadelphia
32303,South,United States,Florida,Tallahassee
98105,West,United States,Washington,Seattle
90049,West,United States,California,Los Angeles
30318,South,United States,Georgia,Atlanta
77095,Central,United States,Texas,Houston
20735,East,United States,Maryland,Clinton
75023,Central,United States,Texas,Plano
98115,West,United States,Washington,Seattle
90045,West,United States,California,Los Angeles
94109,West,United States,California,San Francisco
10035,East,United States,New York,New York City
53209,Central,United States,Wisconsin,Milwaukee
92553,West,United States,California,Moreno Valley
93010,West,United States,California,Camarillo
39212,South,United States,Mississippi,Jackson
40475,South,United States,Kentucky,Richmond
45503,East,United States,Ohio,Springfield
7601,East,United States,New Jersey,Hackensack
33801,South,United States,Florida,Lakeland
97301,West,United States,Oregon,Salem
94122,West,United States,California,San Francisco
92804,West,United States,California,Anaheim
6824,East,United States,Connecticut,Fairfield
43229,East,United States,Ohio,Columbus
48234,Central,United States,Michigan,Detroit
98115,West,United States,Washington,Seattle
28110,South,United States,North Carolina,Monroe
19140,East,United States,Pennsylvania,Philadelphia
44256,East,United States,Ohio,Medina
77340,Central,United States,Texas,Huntsville
32839,South,United States,Florida,Orlando
98115,West,United States,Washington,Seattle
92037,West,United States,California,San Diego
10009,East,United States,New York,New York City
60653,Central,United States,Illinois,Chicago
91104,West,United States,California,Pasadena
55113,Central,United States,Minnesota,Roseville
80219,West,United States,Colorado,Denver
53711,Central,United States,Wisconsin,Madison
72209,South,United States,Arkansas,Little Rock
90049,West,United States,California,Los Angeles
11550,East,United States,New York,Hempstead
98115,West,United States,Washington,Seattle
60610,Central,United States,Illinois,Chicago
19134,East,United States,Pennsylvania,Philadelphia
85023,West,United States,Arizona,Phoenix
85323,West,United States,Arizona,Avondale
2908,East,United States,Rhode Island,Providence
19143,East,United States,Pennsylvania,Philadelphia
10009,East,United States,New York,New York City
75081,Central,United States,Texas,Dallas
92683,West,United States,California,Westminster
90049,West,United States,California,Los Angeles
10035,East,United States,New York,New York City
77095,Central,United States,Texas,Houston
75217,Central,United States,Texas,Dallas
34741,South,United States,Florida,Kissimmee
93727,West,United States,California,Fresno
48127,Central,United States,Michigan,Dearborn Heights
94109,West,United States,California,San Francisco
77070,Central,United States,Texas,Houston
90036,West,United States,California,Los Angeles
90004,West,United States,California,Los Angeles
76706,Central,United States,Texas,Waco
53142,Central,United States,Wisconsin,Kenosha
77803,Central,United States,Texas,Bryan
90004,West,United States,California,Los Angeles
90032,West,United States,California,Los Angeles
85705,West,United States,Arizona,Tucson
28205,South,United States,North Carolina,Charlotte
75220,Central,United States,Texas,Dallas
77095,Central,United States,Texas,Houston
14609,East,United States,New York,Rochester
23464,South,United States,Virginia,Virginia Beach
77506,Central,United States,Texas,Pasadena
21215,East,United States,Maryland,Baltimore
42420,South,United States,Kentucky,Henderson
92024,West,United States,California,San Diego
77070,Central,United States,Texas,Houston
42420,South,United States,Kentucky,Henderson
93727,West,United States,California,Fresno
10011,East,United States,New York,New York City
77340,Central,United States,Texas,Huntsville
19134,East,United States,Pennsylvania,Philadelphia
10024,East,United States,New York,New York City
77070,Central,United States,Texas,Houston
94109,West,United States,California,San Francisco
53209,Central,United States,Wisconsin,Milwaukee
94513,West,United States,California,Brentwood
1852,East,United States,Massachusetts,Lowell
44256,East,United States,Ohio,Medina
90049,West,United States,California,Los Angeles
78577,Central,United States,Texas,Pharr
45503,East,United States,Ohio,Springfield
36116,South,United States,Alabama,Montgomery
10024,East,United States,New York,New York City
33180,South,United States,Florida,Miami
46614,Central,United States,Indiana,South Bend
73034,Central,United States,Oklahoma,Edmond
90049,West,United States,California,Los Angeles
28205,South,United States,North Carolina,Charlotte
10011,East,United States,New York,New York City
94601,West,United States,California,Oakland
98103,West,United States,Washington,Seattle
68025,Central,United States,Nebraska,Fremont
10035,East,United States,New York,New York City
10009,East,United States,New York,New York City
94122,West,United States,California,San Francisco
27405,South,United States,North Carolina,Greensboro
19143,East,United States,Pennsylvania,Philadelphia
23434,South,United States,Virginia,Suffolk
94122,West,United States,California,San Francisco
90045,West,United States,California,Los Angeles
90004,West,United States,California,Los Angeles
21044,East,United States,Maryland,Columbia
92105,West,United States,California,San Diego
77340,Central,United States,Texas,Huntsville
98115,West,United States,Washington,Seattle
28540,South,United States,North Carolina,Jacksonville
32303,South,United States,Florida,Tallahassee
92404,West,United States,California,San Bernardino
33012,South,United States,Florida,Hialeah
10024,East,United States,New York,New York City
20016,East,United States,District of Columbia,Washington
1841,East,United States,Massachusetts,Lawrence
10011,East,United States,New York,New York City
10035,East,United States,New York,New York City
45014,East,United States,Ohio,Fairfield
98226,West,United States,Washington,Bellingham
10024,East,United States,New York,New York City
85224,West,United States,Arizona,Chandler
77070,Central,United States,Texas,Houston
94122,West,United States,California,San Francisco
76106,Central,United States,Texas,Fort Worth
60653,Central,United States,Illinois,Chicago
97405,West,United States,Oregon,Eugene
78745,Central,United States,Texas,Austin
26003,East,United States,West Virginia,Wheeling
60653,Central,United States,Illinois,Chicago
36608,South,United States,Alabama,Mobile
60505,Central,United States,Illinois,Aurora
80134,West,United States,Colorado,Parker
94122,West,United States,California,San Francisco
92105,West,United States,California,San Diego
60653,Central,United States,Illinois,Chicago
19143,East,United States,Pennsylvania,Philadelphia
75217,Central,United States,Texas,Dallas
22153,South,United States,Virginia,Springfield
76017,Central,United States,Texas,Arlington
32216,South,United States,Florida,Jacksonville
10035,East,United States,New York,New York City
94122,West,United States,California,San Francisco
30605,South,United States,Georgia,Athens
10035,East,United States,New York,New York City
10024,East,United States,New York,New York City
14609,East,United States,New York,Rochester
43130,East,United States,Ohio,Lancaster
81001,West,United States,Colorado,Pueblo
94110,West,United States,California,San Francisco
92024,West,United States,California,San Diego
94109,West,United States,California,San Francisco
78207,Central,United States,Texas,San Antonio
2920,East,United States,Rhode Island,Cranston
60540,Central,United States,Illinois,Naperville
10024,East,United States,New York,New York City
90045,West,United States,California,Los Angeles
78664,Central,United States,Texas,Round Rock
53209,Central,United States,Wisconsin,Milwaukee
45231,East,United States,Ohio,Cincinnati
40475,South,United States,Kentucky,Richmond
32216,South,United States,Florida,Jacksonville
78207,Central,United States,Texas,San Antonio
6040,East,United States,Connecticut,Manchester
19601,East,United States,Pennsylvania,Reading
2038,East,United States,Massachusetts,Franklin
98105,West,United States,Washington,Seattle
99207,West,United States,Washington,Spokane
60610,Central,United States,Illinois,Chicago
94591,West,United States,California,Vallejo
21215,East,United States,Maryland,Baltimore
27604,South,United States,North Carolina,Raleigh
92804,West,United States,California,Anaheim
98103,West,United States,Washington,Seattle
36830,South,United States,Alabama,Auburn
10009,East,United States,New York,New York City
38109,South,United States,Tennessee,Memphis
37064,South,United States,Tennessee,Franklin
89031,West,United States,Nevada,North Las Vegas
90008,West,United States,California,Los Angeles
97477,West,United States,Oregon,Springfield
85234,West,United States,Arizona,Gilbert
87124,West,United States,New Mexico,Rio Rancho
84062,West,United States,Utah,Pleasant Grove
53711,Central,United States,Wisconsin,Madison
38401,South,United States,Tennessee,Columbia
79907,Central,United States,Texas,El Paso
10035,East,United States,New York,New York City
92105,West,United States,California,San Diego
94533,West,United States,California,Fairfield
94110,West,United States,California,San Francisco
78207,Central,United States,Texas,San Antonio
19805,East,United States,Delaware,Wilmington
35810,South,United States,Alabama,Huntsville
45503,East,United States,Ohio,Springfield
84604,West,United States,Utah,Provo
77070,Central,United States,Texas,Houston
92704,West,United States,California,Santa Ana
10011,East,United States,New York,New York City
89031,West,United States,Nevada,North Las Vegas
19120,East,United States,Pennsylvania,Philadelphia
92105,West,United States,California,San Diego
90036,West,United States,California,Los Angeles
90036,West,United States,California,Los Angeles
90045,West,United States,California,Los Angeles
10550,East,United States,New York,Mount Vernon
10009,East,United States,New York,New York City
43055,East,United States,Ohio,Newark
10035,East,United States,New York,New York City
84057,West,United States,Utah,Orem
33311,South,United States,Florida,Fort Lauderdale
28540,South,United States,North Carolina,Jacksonville
60126,Central,United States,Illinois,Elmhurst
91767,West,United States,California,Pomona
65807,Central,United States,Missouri,Springfield
10011,East,United States,New York,New York City
95928,West,United States,California,Chico
92630,West,United States,California,Lake Forest
98115,West,United States,Washington,Seattle
53209,Central,United States,Wisconsin,Milwaukee
19134,East,United States,Pennsylvania,Philadelphia
90032,West,United States,California,Los Angeles
33801,South,United States,Florida,Lakeland
14215,East,United States,New York,Buffalo
10009,East,United States,New York,New York City
19140,East,United States,Pennsylvania,Philadelphia
64055,Central,United States,Missouri,Independence
42420,South,United States,Kentucky,Henderson
90032,West,United States,California,Los Angeles
75007,Central,United States,Texas,Carrollton
90036,West,United States,California,Los Angeles
43402,East,United States,Ohio,Bowling Green
94110,West,United States,California,San Francisco
77041,Central,United States,Texas,Houston
77095,Central,United States,Texas,Houston
85301,West,United States,Arizona,Glendale
42420,South,United States,Kentucky,Henderson
18103,East,United States,Pennsylvania,Allentown
27217,South,United States,North Carolina,Burlington
2038,East,United States,Massachusetts,Franklin
48185,Central,United States,Michigan,Westland
76106,Central,United States,Texas,Fort Worth
19143,East,United States,Pennsylvania,Philadelphia
97224,West,United States,Oregon,Tigard
32216,South,United States,Florida,Jacksonville
6450,East,United States,Connecticut,Meriden
80219,West,United States,Colorado,Denver
98105,West,United States,Washington,Seattle
60543,Central,United States,Illinois,Oswego
77070,Central,United States,Texas,Houston
28205,South,United States,North Carolina,Charlotte
33178,South,United States,Florida,Miami
90032,West,United States,California,Los Angeles
90032,West,United States,California,Los Angeles
62521,Central,United States,Illinois,Decatur
72401,South,United States,Arkansas,Jonesboro
80219,West,United States,Colorado,Denver
85705,West,United States,Arizona,Tucson
11572,East,United States,New York,Oceanside
23602,South,United States,Virginia,Newport News
27604,South,United States,North Carolina,Raleigh
19013,East,United States,Pennsylvania,Chester
99301,West,United States,Washington,Pasco
98105,West,United States,Washington,Seattle
78207,Central,United States,Texas,San Antonio
60653,Central,United States,Illinois,Chicago
23320,South,United States,Virginia,Chesapeake
60098,Central,United States,Illinois,Woodstock
45373,East,United States,Ohio,Troy
76017,Central,United States,Texas,Arlington
11561,East,United States,New York,Long Beach
77070,Central,United States,Texas,Houston
43017,East,United States,Ohio,Dublin
91505,West,United States,California,Burbank
19134,East,United States,Pennsylvania,Philadelphia
28205,South,United States,North Carolina,Charlotte
97477,West,United States,Oregon,Springfield
83301,West,United States,Idaho,Twin Falls
90004,West,United States,California,Los Angeles
90049,West,United States,California,Los Angeles
33614,South,United States,Florida,Tampa
44105,East,United States,Ohio,Cleveland
29203,South,United States,South Carolina,Columbia
90004,West,United States,California,Los Angeles
76017,Central,United States,Texas,Arlington
49201,Central,United States,Michigan,Jackson
60653,Central,United States,Illinois,Chicago
98103,West,United States,Washington,Seattle
77070,Central,United States,Texas,Houston
60653,Central,United States,Illinois,Chicago
19140,East,United States,Pennsylvania,Philadelphia
97477,West,United States,Oregon,Springfield
30076,South,United States,Georgia,Roswell
19143,East,United States,Pennsylvania,Philadelphia
98105,West,United States,Washington,Seattle
93030,West,United States,California,Oxnard
44107,East,United States,Ohio,Lakewood
40214,South,United States,Kentucky,Louisville
94122,West,United States,California,San Francisco
98115,West,United States,Washington,Seattle
10011,East,United States,New York,New York City
22153,South,United States,Virginia,Springfield
10035,East,United States,New York,New York City
35601,South,United States,Alabama,Decatur
46203,Central,United States,Indiana,Indianapolis
78577,Central,United States,Texas,Pharr
60090,Central,United States,Illinois,Wheeling
22153,South,United States,Virginia,Springfield
19120,East,United States,Pennsylvania,Philadelphia
19140,East,United States,Pennsylvania,Philadelphia
77041,Central,United States,Texas,Houston
45373,East,United States,Ohio,Troy
33012,South,United States,Florida,Hialeah
90045,West,United States,California,Los Angeles
19140,East,United States,Pennsylvania,Philadelphia
44105,East,United States,Ohio,Cleveland
77036,Central,United States,Texas,Houston
37211,South,United States,Tennessee,Nashville
19134,East,United States,Pennsylvania,Philadelphia
19120,East,United States,Pennsylvania,Philadelphia
20735,East,United States,Maryland,Clinton
98103,West,United States,Washington,Seattle
10035,East,United States,New York,New York City
19140,East,United States,Pennsylvania,Philadelphia
90008,West,United States,California,Los Angeles
98059,West,United States,Washington,Renton
92037,West,United States,California,San Diego
10035,East,United States,New York,New York City
90004,West,United States,California,Los Angeles
73120,Central,United States,Oklahoma,Oklahoma City
60653,Central,United States,Illinois,Chicago
98105,West,United States,Washington,Seattle
2908,East,United States,Rhode Island,Providence
38109,South,United States,Tennessee,Memphis
30062,South,United States,Georgia,Marietta
44105,East,United States,Ohio,Cleveland
10035,East,United States,New York,New York City
92503,West,United States,California,Riverside
68104,Central,United States,Nebraska,Omaha
19134,East,United States,Pennsylvania,Philadelphia
19140,East,United States,Pennsylvania,Philadelphia
20016,East,United States,District of Columbia,Washington
19143,East,United States,Pennsylvania,Philadelphia
55407,Central,United States,Minnesota,Minneapolis
7960,East,United States,New Jersey,Morristown
72701,South,United States,Arkansas,Fayetteville
19134,East,United States,Pennsylvania,Philadelphia
60201,Central,United States,Illinois,Evanston
19140,East,United States,Pennsylvania,Philadelphia
5408,East,United States,Vermont,Burlington
19134,East,United States,Pennsylvania,Philadelphia
43229,East,United States,Ohio,Columbus
60623,Central,United States,Illinois,Chicago
60035,Central,United States,Illinois,Highland Park
8701,East,United States,New Jersey,Lakewood
92804,West,United States,California,Anaheim
75080,Central,United States,Texas,Richardson
92037,West,United States,California,San Diego
30328,South,United States,Georgia,Sandy Springs
10024,East,United States,New York,New York City
77036,Central,United States,Texas,Houston
90278,West,United States,California,Redondo Beach
92307,West,United States,California,Apple Valley
92804,West,United States,California,Anaheim
33801,South,United States,Florida,Lakeland
60623,Central,United States,Illinois,Chicago
48227,Central,United States,Michigan,Detroit
92105,West,United States,California,San Diego
10035,East,United States,New York,New York City
90004,West,United States,California,Los Angeles
98026,West,United States,Washington,Edmonds
94109,West,United States,California,San Francisco
90045,West,United States,California,Los Angeles
90036,West,United States,California,Los Angeles
10035,East,United States,New York,New York City
27604,South,United States,North Carolina,Raleigh
85234,West,United States,Arizona,Gilbert
10009,East,United States,New York,New York City
19805,East,United States,Delaware,Wilmington
98105,West,United States,Washington,Seattle
55044,Central,United States,Minnesota,Lakeville
98105,West,United States,Washington,Seattle
85023,West,United States,Arizona,Phoenix
52001,Central,United States,Iowa,Dubuque
75081,Central,United States,Texas,Dallas
19134,East,United States,Pennsylvania,Philadelphia
98103,West,United States,Washington,Seattle
90036,West,United States,California,Los Angeles
77036,Central,United States,Texas,Houston
10009,East,United States,New York,New York City
61701,Central,United States,Illinois,Bloomington
33614,South,United States,Florida,Tampa
94122,West,United States,California,San Francisco
33311,South,United States,Florida,Fort Lauderdale
36116,South,United States,Alabama,Montgomery
10011,East,United States,New York,New York City
32216,South,United States,Florida,Jacksonville
48234,Central,United States,Michigan,Detroit
76017,Central,United States,Texas,Arlington
73071,Central,United States,Oklahoma,Norman
90049,West,United States,California,Los Angeles
98105,West,United States,Washington,Seattle
75023,Central,United States,Texas,Plano
19143,East,United States,Pennsylvania,Philadelphia
85705,West,United States,Arizona,Tucson
19140,East,United States,Pennsylvania,Philadelphia
94110,West,United States,California,San Francisco
84043,West,United States,Utah,Lehi
89115,West,United States,Nevada,Las Vegas
94109,West,United States,California,San Francisco
77070,Central,United States,Texas,Houston
77506,Central,United States,Texas,Pasadena
77036,Central,United States,Texas,Houston
92683,West,United States,California,Westminster
73120,Central,United States,Oklahoma,Oklahoma City
10009,East,United States,New York,New York City
98103,West,United States,Washington,Seattle
90032,West,United States,California,Los Angeles
74403,Central,United States,Oklahoma,Muskogee
40475,South,United States,Kentucky,Richmond
10009,East,United States,New York,New York City
46142,Central,United States,Indiana,Greenwood
59405,West,United States,Montana,Great Falls
30062,South,United States,Georgia,Marietta
7109,East,United States,New Jersey,Belleville
75023,Central,United States,Texas,Plano
90503,West,United States,California,Torrance
47201,Central,United States,Indiana,Columbus
53209,Central,United States,Wisconsin,Milwaukee
22980,South,United States,Virginia,Waynesboro
50315,Central,United States,Iowa,Des Moines
85364,West,United States,Arizona,Yuma
19143,East,United States,Pennsylvania,Philadelphia
60505,Central,United States,Illinois,Aurora
79907,Central,United States,Texas,El Paso
1852,East,United States,Massachusetts,Lowell
94109,West,United States,California,San Francisco
89031,West,United States,Nevada,North Las Vegas
19134,East,United States,Pennsylvania,Philadelphia
19140,East,United States,Pennsylvania,Philadelphia
19134,East,United States,Pennsylvania,Philadelphia
98198,West,United States,Washington,Des Moines
53209,Central,United States,Wisconsin,Milwaukee
49201,Central,United States,Michigan,Jackson
2886,East,United States,Rhode Island,Warwick
10701,East,United States,New York,Yonkers
19134,East,United States,Pennsylvania,Philadelphia
54915,Central,United States,Wisconsin,Appleton
90008,West,United States,California,Los Angeles
75217,Central,United States,Texas,Dallas
98103,West,United States,Washington,Seattle
31907,South,United States,Georgia,Columbus
94601,West,United States,California,Oakland
94110,West,United States,California,San Francisco
43017,East,United States,Ohio,Dublin
98115,West,United States,Washington,Seattle
94110,West,United States,California,San Francisco
75217,Central,United States,Texas,Dallas
94122,West,United States,California,San Francisco
47201,Central,United States,Indiana,Columbus
2920,East,United States,Rhode Island,Cranston
2908,East,United States,Rhode Island,Providence
94110,West,United States,California,San Francisco
32216,South,United States,Florida,Jacksonville
92374,West,United States,California,Redlands
19143,East,United States,Pennsylvania,Philadelphia
5408,East,United States,Vermont,Burlington
3820,East,United States,New Hampshire,Dover
70506,South,United States,Louisiana,Lafayette
53132,Central,United States,Wisconsin,Franklin
21044,East,United States,Maryland,Columbia
61107,Central,United States,Illinois,Rockford
33319,South,United States,Florida,Tamarac
28205,South,United States,North Carolina,Charlotte
61107,Central,United States,Illinois,Rockford
48227,Central,United States,Michigan,Detroit
19143,East,United States,Pennsylvania,Philadelphia
30318,South,United States,Georgia,Atlanta
65203,Central,United States,Missouri,Columbia
80906,West,United States,Colorado,Colorado Springs
92024,West,United States,California,San Diego
23320,South,United States,Virginia,Chesapeake
90004,West,United States,California,Los Angeles
90008,West,United States,California,Los Angeles
90503,West,United States,California,Torrance
77340,Central,United States,Texas,Huntsville
77036,Central,United States,Texas,Houston
38301,South,United States,Tennessee,Jackson
94122,West,United States,California,San Francisco
80013,West,United States,Colorado,Aurora
10009,East,United States,New York,New York City
22801,South,United States,Virginia,Harrisonburg
77041,Central,United States,Texas,Houston
60623,Central,United States,Illinois,Chicago
10035,East,United States,New York,New York City
92804,West,United States,California,Anaheim
84604,West,United States,Utah,Provo
19140,East,United States,Pennsylvania,Philadelphia
1915,East,United States,Massachusetts,Beverly
49201,Central,United States,Michigan,Jackson
11561,East,United States,New York,Long Beach
27405,South,United States,North Carolina,Greensboro
74012,Central,United States,Oklahoma,Broken Arrow
28540,South,United States,North Carolina,Jacksonville
43229,East,United States,Ohio,Columbus
85023,West,United States,Arizona,Phoenix
30318,South,United States,Georgia,Atlanta
10035,East,United States,New York,New York City
43229,East,United States,Ohio,Columbus
98103,West,United States,Washington,Seattle
32216,South,United States,Florida,Jacksonville
77070,Central,United States,Texas,Houston
84057,West,United States,Utah,Orem
29203,South,United States,South Carolina,Columbia
94110,West,United States,California,San Francisco
21044,East,United States,Maryland,Columbia
98115,West,United States,Washington,Seattle
98105,West,United States,Washington,Seattle
28806,South,United States,North Carolina,Asheville
33142,South,United States,Florida,Miami
45373,East,United States,Ohio,Troy
74133,Central,United States,Oklahoma,Tulsa
77340,Central,United States,Texas,Huntsville
61107,Central,United States,Illinois,Rockford
92037,West,United States,California,San Diego
10024,East,United States,New York,New York City
94110,West,United States,California,San Francisco
33801,South,United States,Florida,Lakeland
95123,West,United States,California,San Jose
22204,South,United States,Virginia,Arlington
60505,Central,United States,Illinois,Aurora
22153,South,United States,Virginia,Springfield
77036,Central,United States,Texas,Houston
60610,Central,United States,Illinois,Chicago
95823,West,United States,California,Sacramento
94109,West,United States,California,San Francisco
47374,Central,United States,Indiana,Richmond
91776,West,United States,California,San Gabriel
97030,West,United States,Oregon,Gresham
11561,East,United States,New York,Long Beach
23320,South,United States,Virginia,Chesapeake
94110,West,United States,California,San Francisco
76017,Central,United States,Texas,Arlington
10011,East,United States,New York,New York City
33311,South,United States,Florida,Fort Lauderdale
75007,Central,United States,Texas,Carrollton
94122,West,United States,California,San Francisco
14215,East,United States,New York,Buffalo
90049,West,United States,California,Los Angeles
89015,West,United States,Nevada,Henderson
53132,Central,United States,Wisconsin,Franklin
2149,East,United States,Massachusetts,Everett
90036,West,United States,California,Los Angeles
76106,Central,United States,Texas,Fort Worth
13601,East,United States,New York,Watertown
80906,West,United States,Colorado,Colorado Springs
10024,East,United States,New York,New York City
60623,Central,United States,Illinois,Chicago
94122,West,United States,California,San Francisco
46203,Central,United States,Indiana,Indianapolis
10011,East,United States,New York,New York City
32216,South,United States,Florida,Jacksonville
21044,East,United States,Maryland,Columbia
23223,South,United States,Virginia,Richmond
98103,West,United States,Washington,Seattle
43055,East,United States,Ohio,Newark
55044,Central,United States,Minnesota,Lakeville
48205,Central,United States,Michigan,Detroit
90036,West,United States,California,Los Angeles
43130,East,United States,Ohio,Lancaster
30076,South,United States,Georgia,Roswell
14215,East,United States,New York,Buffalo
10009,East,United States,New York,New York City
23464,South,United States,Virginia,Virginia Beach
90049,West,United States,California,Los Angeles
90036,West,United States,California,Los Angeles
77070,Central,United States,Texas,Houston
10035,East,United States,New York,New York City
44134,East,United States,Ohio,Parma
2908,East,United States,Rhode Island,Providence
92037,West,United States,California,San Diego
82001,West,United States,Wyoming,Cheyenne
94521,West,United States,California,Concord
98105,West,United States,Washington,Seattle
91505,West,United States,California,Burbank
10009,East,United States,New York,New York City
44134,East,United States,Ohio,Parma
10024,East,United States,New York,New York City
89031,West,United States,Nevada,North Las Vegas
90045,West,United States,California,Los Angeles
94122,West,United States,California,San Francisco
30318,South,United States,Georgia,Atlanta
19134,East,United States,Pennsylvania,Philadelphia
92646,West,United States,California,Huntington Beach
94122,West,United States,California,San Francisco
76106,Central,United States,Texas,Fort Worth
36608,South,United States,Alabama,Mobile
45503,East,United States,Ohio,Springfield
11561,East,United States,New York,Long Beach
10035,East,United States,New York,New York City
19134,East,United States,Pennsylvania,Philadelphia
46203,Central,United States,Indiana,Indianapolis
94110,West,United States,California,San Francisco
59405,West,United States,Montana,Great Falls
90032,West,United States,California,Los Angeles
10024,East,United States,New York,New York City
70506,South,United States,Louisiana,Lafayette
80219,West,United States,Colorado,Denver
85023,West,United States,Arizona,Phoenix
81001,West,United States,Colorado,Pueblo
78207,Central,United States,Texas,San Antonio
92037,West,United States,California,San Diego
35630,South,United States,Alabama,Florence
41042,South,United States,Kentucky,Florence
85023,West,United States,Arizona,Phoenix
98115,West,United States,Washington,Seattle
98105,West,United States,Washington,Seattle
10011,East,United States,New York,New York City
78745,Central,United States,Texas,Austin
90049,West,United States,California,Los Angeles
94122,West,United States,California,San Francisco
42420,South,United States,Kentucky,Henderson
3820,East,United States,New Hampshire,Dover
19120,East,United States,Pennsylvania,Philadelphia
80219,West,United States,Colorado,Denver
68104,Central,United States,Nebraska,Omaha
10024,East,United States,New York,New York City
22801,South,United States,Virginia,Harrisonburg
10024,East,United States,New York,New York City
43615,East,United States,Ohio,Toledo
60505,Central,United States,Illinois,Aurora
78207,Central,United States,Texas,San Antonio
10024,East,United States,New York,New York City
2038,East,United States,Massachusetts,Franklin
75217,Central,United States,Texas,Dallas
55407,Central,United States,Minnesota,Minneapolis
90805,West,United States,California,Long Beach
42420,South,United States,Kentucky,Henderson
77070,Central,United States,Texas,Houston
60623,Central,United States,Illinois,Chicago
98103,West,United States,Washington,Seattle
90045,West,United States,California,Los Angeles
94122,West,United States,California,San Francisco
94513,West,United States,California,Brentwood
90049,West,United States,California,Los Angeles
27834,South,United States,North Carolina,Greenville
19143,East,United States,Pennsylvania,Philadelphia
10011,East,United States,New York,New York City
10035,East,United States,New York,New York City
98105,West,United States,Washington,Seattle
22153,South,United States,Virginia,Springfield
7960,East,United States,New Jersey,Morristown
75217,Central,United States,Texas,Dallas
19143,East,United States,Pennsylvania,Philadelphia
60653,Central,United States,Illinois,Chicago
48640,Central,United States,Michigan,Midland
10009,East,United States,New York,New York City
60623,Central,United States,Illinois,Chicago
98115,West,United States,Washington,Seattle
7060,East,United States,New Jersey,Plainfield
10024,East,United States,New York,New York City
43302,East,United States,Ohio,Marion
37211,South,United States,Tennessee,Nashville
8701,East,United States,New Jersey,Lakewood
10024,East,United States,New York,New York City
10035,East,United States,New York,New York City
39212,South,United States,Mississippi,Jackson
10011,East,United States,New York,New York City
85023,West,United States,Arizona,Phoenix
53711,Central,United States,Wisconsin,Madison
44256,East,United States,Ohio,Medina
19120,East,United States,Pennsylvania,Philadelphia
19134,East,United States,Pennsylvania,Philadelphia
32216,South,United States,Florida,Jacksonville
19711,East,United States,Delaware,Newark
44052,East,United States,Ohio,Lorain
31907,South,United States,Georgia,Columbus
98105,West,United States,Washington,Seattle
98105,West,United States,Washington,Seattle
89431,West,United States,Nevada,Sparks
10009,East,United States,New York,New York City
98103,West,United States,Washington,Seattle
90049,West,United States,California,Los Angeles
43229,East,United States,Ohio,Columbus
10035,East,United States,New York,New York City
37211,South,United States,Tennessee,Nashville
18018,East,United States,Pennsylvania,Bethlehem
90032,West,United States,California,Los Angeles
19134,East,United States,Pennsylvania,Philadelphia
90049,West,United States,California,Los Angeles
94122,West,United States,California,San Francisco
33142,South,United States,Florida,Miami
77095,Central,United States,Texas,Houston
48205,Central,United States,Michigan,Detroit
60610,Central,United States,Illinois,Chicago
92037,West,United States,California,San Diego
10024,East,United States,New York,New York City
98226,West,United States,Washington,Bellingham
27217,South,United States,North Carolina,Burlington
46060,Central,United States,Indiana,Noblesville
10701,East,United States,New York,Yonkers
22153,South,United States,Virginia,Springfield
65807,Central,United States,Missouri,Springfield
90045,West,United States,California,Los Angeles
37042,South,United States,Tennessee,Clarksville
19120,East,United States,Pennsylvania,Philadelphia
90004,West,United States,California,Los Angeles
92037,West,United States,California,San Diego
77036,Central,United States,Texas,Houston
77036,Central,United States,Texas,Houston
98103,West,United States,Washington,Seattle
93101,West,United States,California,Santa Barbara
79109,Central,United States,Texas,Amarillo
48205,Central,United States,Michigan,Detroit
32216,South,United States,Florida,Jacksonville
90036,West,United States,California,Los Angeles
2908,East,United States,Rhode Island,Providence
10009,East,United States,New York,New York City
38401,South,United States,Tennessee,Columbia
38109,South,United States,Tennessee,Memphis
10035,East,United States,New York,New York City
89031,West,United States,Nevada,North Las Vegas
77041,Central,United States,Texas,Houston
27217,South,United States,North Carolina,Burlington
49201,Central,United States,Michigan,Jackson
10009,East,United States,New York,New York City
90045,West,United States,California,Los Angeles
30318,South,United States,Georgia,Atlanta
95823,West,United States,California,Sacramento
90045,West,United States,California,Los Angeles
37918,South,United States,Tennessee,Knoxville
14701,East,United States,New York,Jamestown
10035,East,United States,New York,New York City
5408,East,United States,Vermont,Burlington
93727,West,United States,California,Fresno
77036,Central,United States,Texas,Houston
28205,South,United States,North Carolina,Charlotte
90008,West,United States,California,Los Angeles
77095,Central,United States,Texas,Houston
10035,East,United States,New York,New York City
92037,West,United States,California,San Diego
32303,South,United States,Florida,Tallahassee
14215,East,United States,New York,Buffalo
10035,East,United States,New York,New York City
22304,South,United States,Virginia,Alexandria
65807,Central,United States,Missouri,Springfield
94110,West,United States,California,San Francisco
43055,East,United States,Ohio,Newark
78664,Central,United States,Texas,Round Rock
94109,West,United States,California,San Francisco
19140,East,United States,Pennsylvania,Philadelphia
10024,East,United States,New York,New York City
55407,Central,United States,Minnesota,Minneapolis
60653,Central,United States,Illinois,Chicago
48205,Central,United States,Michigan,Detroit
19134,East,United States,Pennsylvania,Philadelphia
19711,East,United States,Delaware,Newark
19134,East,United States,Pennsylvania,Philadelphia
78207,Central,United States,Texas,San Antonio
80027,West,United States,Colorado,Louisville
22204,South,United States,Virginia,Arlington
28027,South,United States,North Carolina,Concord
8701,East,United States,New Jersey,Lakewood
19120,East,United States,Pennsylvania,Philadelphia
98115,West,United States,Washington,Seattle
10024,East,United States,New York,New York City
94122,West,United States,California,San Francisco
47905,Central,United States,Indiana,Lafayette
78207,Central,United States,Texas,San Antonio
43130,East,United States,Ohio,Lancaster
27217,South,United States,North Carolina,Burlington
32216,South,United States,Florida,Jacksonville
